gene_id,gene_name,n_gpr_rxns,n_changed,b_wt,b_ko,delta_b,y_essential,kV,L1,solve_src
b0870,ltaE,5,108,0.3983895354016796,0.3983871463701811,2.3890314984620358e-06,0,1.9532045350779303e-05,738.4087371408489,highs_pfba
b2551,glyA,6,407,0.3983895354016796,0.3876146476187584,0.0107748877829211,0,5.780924737125584,742.2748016990948,highs_pfba
b3368,cysG,3,413,0.3983895354016796,-0.0,0.3983895354016796,1,3824.197602714796,398.2978723404256,highs_pfba
b2436,hemF,1,212,0.3983895354016796,0.3983808642389008,8.671162778806085e-06,0,0.1867409271820747,738.4110476148701,highs_pfba
b3500,gor,1,10,0.3983895354016796,0.3983895354016795,1.1102230246251563e-16,0,0.1722528860658745,738.4130785798711,highs_pfba
b0945,pyrD,2,13,0.3983895354016796,0.3983895354016804,-7.771561172376097e-16,0,0.0833181227859407,738.5448638462432,highs_pfba
b4467,glcF,3,14,0.3983895354016796,0.3983895354016795,5.551115123125783e-17,0,1.2342212613191557,738.4130785798884,highs_pfba
b2979,glcD,3,14,0.3983895354016796,0.3983895354016795,5.551115123125783e-17,0,1.2342212613191557,738.4130785798884,highs_pfba
b4468,glcE,3,14,0.3983895354016796,0.3983895354016795,5.551115123125783e-17,0,1.2342212613191557,738.4130785798884,highs_pfba
b3916,pfkA,3,410,0.3983895354016796,0.3928783931583307,0.0055111422433488,0,61.49768382106984,738.6980634727363,highs_pfba
b1260,trpA,3,413,0.3983895354016796,-0.0,0.3983895354016796,1,3824.197602714801,398.2978723404253,highs_pfba
b1261,trpB,3,413,0.3983895354016796,-0.0,0.3983895354016796,1,3824.197602714801,398.2978723404253,highs_pfba
b3426,glpD,1,0,0.3983895354016796,0.3983895354016795,5.551115123125783e-17,0,0.0,738.4130785798884,highs_pfba
b2243,glpC,3,16,0.3983895354016796,0.3983895354016796,-5.551115123125783e-17,0,1.5507356279173288,738.4130785798893,highs_pfba
b2242,glpB,3,16,0.3983895354016796,0.3983895354016796,-5.551115123125783e-17,0,1.5507356279173288,738.4130785798893,highs_pfba
b2241,glpA,3,16,0.3983895354016796,0.3983895354016796,-5.551115123125783e-17,0,1.5507356279173288,738.4130785798893,highs_pfba
b3770,ilvE,5,413,0.3983895354016796,-0.0,0.3983895354016796,1,3824.197602714796,398.29787234042544,highs_pfba
b4054,tyrB,4,413,0.3983895354016796,-0.0,0.3983895354016796,1,3824.197602714796,398.2978723404255,highs_pfba
b3281,aroE,1,413,0.3983895354016796,-0.0,0.3983895354016796,1,3824.197602714795,398.2978723404256,highs_pfba
b1692,ydiB,3,413,0.3983895354016796,-0.0,0.3983895354016796,1,3824.1976027147975,398.2978723404256,highs_pfba
b0243,proA,1,413,0.3983895354016796,-0.0,0.3983895354016796,1,3824.197602714801,398.2978723404253,highs_pfba
b1613,manA,1,10,0.3983895354016796,0.3983895354016796,-5.551115123125783e-17,0,0.0006691908109242,738.4130785798834,highs_pfba
b0414,ribD,2,413,0.3983895354016796,-0.0,0.3983895354016796,1,3824.197602714799,398.29787234042544,highs_pfba
b3041,ribB,1,413,0.3983895354016796,-0.0,0.3983895354016796,1,3824.1976027147975,398.2978723404255,highs_pfba
b0025,ribF,2,413,0.3983895354016796,-0.0,0.3983895354016796,1,3824.197602714804,398.2978723404251,highs_pfba
b0446,cof,4,12,0.3983895354016796,0.3983895354016796,0.0,0,0.187034195045027,738.413078579892,highs_pfba
b3812,yigB,2,413,0.3983895354016796,-0.0,0.3983895354016796,1,3824.197602714796,398.2978723404255,highs_pfba
b0844,ybjI,2,413,0.3983895354016796,-0.0,0.3983895354016796,1,3824.197602714796,398.2978723404255,highs_pfba
b1662,ribC,1,413,0.3983895354016796,-0.0,0.3983895354016796,1,3824.197602714795,398.2978723404256,highs_pfba
b0421,ispA,2,413,0.3983895354016796,-0.0,0.3983895354016796,1,3824.197602714801,398.2978723404253,highs_pfba
b3804,hemD,1,413,0.3983895354016796,-0.0,0.3983895354016796,1,3824.197602714808,398.297872340425,highs_pfba
b3997,hemE,1,413,0.3983895354016796,-0.0,0.3983895354016796,1,3824.1976027147953,398.2978723404256,highs_pfba
b4382,deoA,2,10,0.3983895354016796,0.3983895354016794,2.220446049250313e-16,0,0.8400162036377975,738.4130785798856,highs_pfba
b0126,|can|,1,413,0.3983895354016796,-0.0,0.3983895354016796,1,3824.197602714797,398.29787234042544,highs_pfba
b0339,cynT,1,413,0.3983895354016796,-0.0,0.3983895354016796,1,3824.197602714797,398.29787234042544,highs_pfba
b4006,purH,2,413,0.3983895354016796,-0.0,0.3983895354016796,1,3824.1976027147975,398.29787234042544,highs_pfba
b2508,guaB,1,349,0.3983895354016796,0.3968513476751804,0.0015381877264991,0,0.0892553793218969,738.843650207542,highs_pfba
b3846,fadB,19,439,0.3983895354016796,0.39150302314181,0.0068865122598695,0,6.657516986743561,738.3021694953043,highs_pfba
b2341,fadJ,16,437,0.3983895354016796,0.3915030231418114,0.0068865122598681,0,6.658106055271496,738.3021694953234,highs_pfba
b2400,gltX,1,413,0.3983895354016796,-0.0,0.3983895354016796,1,3824.197602714808,398.297872340425,highs_pfba
b3993,thiE,1,413,0.3983895354016796,-0.0,0.3983895354016796,1,3824.19760271481,398.2978723404249,highs_pfba
b2066,udk,4,4,0.3983895354016796,0.3983895354016795,5.551115123125783e-17,0,1.7199558674696097e-05,738.4130785798883,highs_pfba
b0238,gpt,3,4,0.3983895354016796,0.3983895354016796,0.0,0,1.7199558672213427e-05,738.4130785798603,highs_pfba
b0125,hpt,2,10,0.3983895354016796,0.3983895354016796,-5.551115123125783e-17,0,0.1722528860658422,738.4130785798903,highs_pfba
b2518,ndk,8,4,0.3983895354016796,0.3983895354016794,2.220446049250313e-16,0,1.7199558674452978e-05,738.4130785798847,highs_pfba
b0474,adk,13,88,0.3983895354016796,0.3983873991197071,2.13628197243132e-06,0,5.463036514520352,740.8057845185189,highs_pfba
b1062,pyrC,1,413,0.3983895354016796,-0.0,0.3983895354016796,1,3824.1976027148,398.2978723404253,highs_pfba
b1281,pyrF,1,413,0.3983895354016796,-0.0,0.3983895354016796,1,3824.197602714801,398.2978723404252,highs_pfba
b0720,gltA,1,412,0.3983895354016796,-0.0,0.3983895354016796,1,3741.612909278128,409.090909090909,highs_pfba
b1136,icd,1,412,0.3983895354016796,-0.0,0.3983895354016796,1,3741.6129092781234,409.09090909090935,highs_pfba
b0351,mhpF,1,0,0.3983895354016796,0.3983895354016795,5.551115123125783e-17,0,0.0,738.4130785798709,highs_pfba
b1241,adhE,3,0,0.3983895354016796,0.3983895354016801,-4.996003610813204e-16,0,0.0,738.4130785798784,highs_pfba
b4069,acs,2,10,0.3983895354016796,0.3983895354016796,-5.551115123125783e-17,0,0.1722528860659178,738.4130785798604,highs_pfba
b4226,ppa,1,413,0.3983895354016796,-0.0,0.3983895354016796,1,3824.1976027147934,398.2978723404256,highs_pfba
b2502,ppx,2,413,0.3983895354016796,-0.0,0.3983895354016796,1,3824.197602714795,398.2978723404256,highs_pfba
b2744,umpG,14,413,0.3983895354016796,-0.0,0.3983895354016796,1,3824.197602714799,398.29787234042544,highs_pfba
b3403,pck,1,0,0.3983895354016796,0.3983895354016796,0.0,0,0.0,738.413078579873,highs_pfba
b1479,maeA,1,0,0.3983895354016796,0.3983895354016796,0.0,0,0.0,738.4130785798603,highs_pfba
b1190,dadX,1,413,0.3983895354016796,-0.0,0.3983895354016796,1,3824.197602714785,398.2978723404259,highs_pfba
b4053,alr,1,413,0.3983895354016796,-0.0,0.3983895354016796,1,3824.197602714785,398.2978723404259,highs_pfba
b2379,alaC,1,3,0.3983895354016796,0.3983895354016795,5.551115123125783e-17,0,0.1611945000120068,738.6448791406953,highs_pfba
b2290,alaA,1,3,0.3983895354016796,0.3983895354016795,5.551115123125783e-17,0,0.1611945000120068,738.6448791406953,highs_pfba
b3564,xylB,2,0,0.3983895354016796,0.3983895354016796,0.0,0,0.0,738.4130785798601,highs_pfba
b0063,araB,3,0,0.3983895354016796,0.3983895354016796,0.0,0,0.0,738.4130785798601,highs_pfba
b3752,rbsK,1,0,0.3983895354016796,0.3983895354016795,5.551115123125783e-17,0,0.0,738.4130785798591,highs_pfba
b3926,glpK,1,0,0.3983895354016796,0.3983895354016795,5.551115123125783e-17,0,0.0,738.4130785798718,highs_pfba
b4383,deoB,2,88,0.3983895354016796,0.3983873991197075,2.1362819720427417e-06,0,0.1722777364087719,738.4131407123398,highs_pfba
b0928,aspC,4,413,0.3983895354016796,-0.0,0.3983895354016796,1,3824.1976027147903,398.29787234042567,highs_pfba
b3925,glpX,1,0,0.3983895354016796,0.3983895354016796,0.0,0,0.0,738.4130785798917,highs_pfba
b2930,yggF,1,0,0.3983895354016796,0.3983895354016796,0.0,0,0.0,738.4130785798917,highs_pfba
b4232,fbp,1,0,0.3983895354016796,0.3983895354016796,0.0,0,0.0,738.4130785798917,highs_pfba
b3697,yidA,6,0,0.3983895354016796,0.3983895354016796,0.0,0,0.0,738.4130785798918,highs_pfba
b3430,glgC,1,0,0.3983895354016796,0.3983895354016804,-8.326672684688674e-16,0,0.0,738.4130785798823,highs_pfba
b1676,pykF,1,0,0.3983895354016796,0.3983895354016796,0.0,0,0.0,738.41307857989,highs_pfba
b1854,pykA,5,16,0.3983895354016796,0.3983895354016802,-6.106226635438361e-16,0,1.550735627917306,738.4130785798991,highs_pfba
b3197,kdsD,1,413,0.3983895354016796,-0.0,0.3983895354016796,1,3824.197602714789,398.2978723404258,highs_pfba
b2708,gutQ,1,413,0.3983895354016796,-0.0,0.3983895354016796,1,3824.197602714789,398.2978723404258,highs_pfba
b0072,leuC,2,413,0.3983895354016796,-0.0,0.3983895354016796,1,3824.197602714794,398.29787234042544,highs_pfba
b0071,leuD,2,413,0.3983895354016796,-0.0,0.3983895354016796,1,3824.197602714794,398.29787234042544,highs_pfba
b3671,ilvB,2,413,0.3983895354016796,-0.0,0.3983895354016796,1,3824.197602714796,398.2978723404256,highs_pfba
b3670,ilvN,2,413,0.3983895354016796,-0.0,0.3983895354016796,1,3824.197602714796,398.2978723404256,highs_pfba
b0078,ilvH,2,413,0.3983895354016796,-0.0,0.3983895354016796,1,3824.197602714796,398.2978723404256,highs_pfba
b0077,ilvI,2,413,0.3983895354016796,-0.0,0.3983895354016796,1,3824.197602714796,398.2978723404256,highs_pfba
b0908,aroA,1,413,0.3983895354016796,-0.0,0.3983895354016796,1,3824.197602714795,398.2978723404256,highs_pfba
b1264,trpE,1,413,0.3983895354016796,-0.0,0.3983895354016796,1,3824.1976027148,398.29787234042544,highs_pfba
b1263,trpD,2,413,0.3983895354016796,-0.0,0.3983895354016796,1,3824.1976027148,398.29787234042544,highs_pfba
b2599,pheA,2,413,0.3983895354016796,-0.0,0.3983895354016796,1,3824.1976027148057,398.297872340425,highs_pfba
b2600,tyrA,2,413,0.3983895354016796,-0.0,0.3983895354016796,1,3824.1976027148057,398.297872340425,highs_pfba
b2329,aroC,1,413,0.3983895354016796,-0.0,0.3983895354016796,1,3824.197602714795,398.2978723404256,highs_pfba
b1262,trpC,2,413,0.3983895354016796,-0.0,0.3983895354016796,1,3824.1976027148,398.29787234042544,highs_pfba
b2779,eno,1,426,0.3983895354016796,0.2269370199018385,0.171452515499841,0,2280.135994729957,720.715510988525,highs_pfba
b2097,fbaB,1,15,0.3983895354016796,0.3983895354016796,0.0,0,36.604345843609,740.8438631464021,highs_pfba
b2925,fbaA,2,410,0.3983895354016796,0.392878393158331,0.0055111422433485,0,61.49768382106906,738.6980634727383,highs_pfba
b0963,mgsA,1,10,0.3983895354016796,0.3983895354016799,-3.3306690738754696e-16,0,1.2342040617606478,738.4130785798619,highs_pfba
b1702,ppsA,1,10,0.3983895354016796,0.3983895354016796,0.0,0,1.234204061760627,738.4130785798607,highs_pfba
b4025,pgi,1,403,0.3983895354016796,0.3810617436099104,0.0173277917917691,0,454.0066991581359,749.0983198182835,highs_pfba
b2926,pgk,1,429,0.3983895354016796,0.142654556622403,0.2557349787792765,0,3273.939669459972,692.5874852746415,highs_pfba
b1850,eda,2,10,0.3983895354016796,0.3983895354016796,0.0,0,1.2342040617605043,738.4130785798853,highs_pfba
b0767,pgl,1,380,0.3983895354016796,0.3939247349057719,0.0044648004959076,0,20.120913770936205,742.3103353557981,highs_pfba
b3386,rpe,1,367,0.3983895354016796,0.3954350507177431,0.0029544846839364,0,8.915575857660313,740.2829178526321,highs_pfba
b2464,talA,1,10,0.3983895354016796,0.3983895354016794,2.220446049250313e-16,0,1.2342040617606544,738.4130785798575,highs_pfba
b0008,talB,1,10,0.3983895354016796,0.3983895354016794,2.220446049250313e-16,0,1.2342040617606544,738.4130785798575,highs_pfba
b2465,tktB,2,413,0.3983895354016796,-0.0,0.3983895354016796,1,3824.197602714793,398.29787234042567,highs_pfba
b2935,tktA,2,413,0.3983895354016796,-0.0,0.3983895354016796,1,3824.197602714793,398.29787234042567,highs_pfba
b0678,nagB,1,10,0.3983895354016796,0.3983895354016799,-3.3306690738754696e-16,0,1.2342040617605956,738.413078579872,highs_pfba
b1478,adhP,2,6,0.3983895354016796,0.3983895354016796,0.0,0,0.1722356865071457,738.4130785798982,highs_pfba
b3011,yqhD,3,10,0.3983895354016796,0.3983895354016796,0.0,0,1.234204061760554,738.4130785798745,highs_pfba
b3003,yghA,1,10,0.3983895354016796,0.3983895354016796,0.0,0,1.234204061760554,738.4130785798745,highs_pfba
b4269,ahr,2,10,0.3983895354016796,0.3983895354016796,0.0,0,1.234204061760554,738.4130785798745,highs_pfba
b0493,ybbO,1,10,0.3983895354016796,0.3983895354016796,0.0,0,1.234204061760554,738.4130785798745,highs_pfba
b3588,aldB,2,10,0.3983895354016796,0.3983895354016796,0.0,0,1.234204061760554,738.4130785798745,highs_pfba
b3903,rhaA,2,0,0.3983895354016796,0.3983895354016796,0.0,0,0.0,738.4130785798668,highs_pfba
b3996,nudC,1,10,0.3983895354016796,0.3983895354016796,0.0,0,1.2342040617605523,738.4130785798798,highs_pfba
b2411,ligA,1,10,0.3983895354016796,0.3983895354016796,0.0,0,1.2342040617605523,738.4130785798798,highs_pfba
b0639,nadD,2,413,0.3983895354016796,-0.0,0.3983895354016796,1,3824.197602714797,398.29787234042544,highs_pfba
b4390,nadR,1,10,0.3983895354016796,0.3983895354016795,5.551115123125783e-17,0,1.2342040617606287,738.4130785798635,highs_pfba
b2103,thiD,2,413,0.3983895354016796,-0.0,0.3983895354016796,1,3824.197602714795,398.2978723404256,highs_pfba
b2418,pdxK,4,0,0.3983895354016796,0.3983895354016795,5.551115123125783e-17,0,0.0,738.4130785798601,highs_pfba
b3831,udp,1,10,0.3983895354016796,0.3983895354016792,3.3306690738754696e-16,0,1.234204061760578,738.4130785798657,highs_pfba
b4384,deoD,7,86,0.3983895354016796,0.3983873991197088,2.1362819708214964e-06,0,1.7533699633734474e-05,738.4131407123466,highs_pfba
b3073,patA,1,4,0.3983895354016796,0.3983895354016801,-4.996003610813204e-16,0,1.7199558673546873e-05,738.413078579873,highs_pfba
b3008,metC,2,413,0.3983895354016796,-0.0,0.3983895354016796,1,3824.1976027148,398.2978723404253,highs_pfba
b3708,tnaA,3,299,0.3983895354016796,0.3981641182067771,0.0002254171949024,0,1.4638461558709088,738.3947385769213,highs_pfba
b1134,nudJ,3,12,0.3983895354016796,0.3983895354016787,8.881784197001252e-16,0,0.8071209930908124,738.4130785798716,highs_pfba
b3614,yibQ,3,16,0.3983895354016796,0.3983895354016795,5.551115123125783e-17,0,1.5507356279175264,738.4130785798595,highs_pfba
b3642,pyrE,1,413,0.3983895354016796,-0.0,0.3983895354016796,1,3824.197602714801,398.2978723404252,highs_pfba
b0415,ribE,1,413,0.3983895354016796,-0.0,0.3983895354016796,1,3824.197602714795,398.2978723404256,highs_pfba
b3771,ilvD,2,413,0.3983895354016796,-0.0,0.3983895354016796,1,3824.197602714796,398.2978723404256,highs_pfba
b3885,yihX,1,10,0.3983895354016796,0.3983895354016796,0.0,0,1.234204061760554,738.413078579872,highs_pfba
b2293,yfbT,8,0,0.3983895354016796,0.3983895354016796,0.0,0,0.0,738.4130785798807,highs_pfba
b3114,tdcE,2,4,0.3983895354016796,0.3983895354016795,5.551115123125783e-17,0,1.7199558673414245e-05,738.4130785798712,highs_pfba
b3951,pflD,1,10,0.3983895354016796,0.3983895354016795,5.551115123125783e-17,0,1.2342040617604706,738.41307857989,highs_pfba
b3952,pflC,1,10,0.3983895354016796,0.3983895354016795,5.551115123125783e-17,0,1.2342040617604706,738.41307857989,highs_pfba
b0902,pflA,2,4,0.3983895354016796,0.3983895354016795,5.551115123125783e-17,0,1.7199558673414245e-05,738.4130785798712,highs_pfba
b0903,pflB,2,4,0.3983895354016796,0.3983895354016795,5.551115123125783e-17,0,1.7199558673414245e-05,738.4130785798712,highs_pfba
b2579,grcA,2,4,0.3983895354016796,0.3983895354016795,5.551115123125783e-17,0,1.7199558673414245e-05,738.4130785798712,highs_pfba
b4154,frdA,2,10,0.3983895354016796,0.3983895354016796,0.0,0,0.0312160534945373,738.4130785798881,highs_pfba
b4151,frdD,2,10,0.3983895354016796,0.3983895354016796,0.0,0,0.0312160534945373,738.4130785798881,highs_pfba
b4153,frdB,2,10,0.3983895354016796,0.3983895354016796,0.0,0,0.0312160534945373,738.4130785798881,highs_pfba
b4152,frdC,2,10,0.3983895354016796,0.3983895354016796,0.0,0,0.0312160534945373,738.4130785798881,highs_pfba
b0871,poxB,1,10,0.3983895354016796,0.3983895354016795,5.551115123125783e-17,0,1.234204061760495,738.4130785798887,highs_pfba
b2458,eutD,1,417,0.3983895354016796,0.305199964099007,0.0931895713026725,0,1231.670379388489,716.4752621021089,highs_pfba
b2297,pta,2,415,0.3983895354016796,0.305199964099007,0.0931895713026725,0,1230.215813707453,716.4752621021421,highs_pfba
b3115,tdcD,2,415,0.3983895354016796,0.305199964099007,0.0931895713026725,0,1230.215813707453,716.4752621021421,highs_pfba
b2296,ackA,1,417,0.3983895354016796,0.305199964099007,0.0931895713026725,0,1231.670379388489,716.4752621021089,highs_pfba
b1849,purT,2,415,0.3983895354016796,0.305199964099007,0.0931895713026725,0,1230.2158137074312,716.47526210214,highs_pfba
b3633,waaA,2,413,0.3983895354016796,-0.0,0.3983895354016796,1,3824.197602714795,398.29787234042567,highs_pfba
b0174,ispU,1,413,0.3983895354016796,-0.0,0.3983895354016796,1,3824.1976027148057,398.297872340425,highs_pfba
b0524,lpxH,1,413,0.3983895354016796,-0.0,0.3983895354016796,1,3824.197602714795,398.29787234042567,highs_pfba
b0182,lpxB,1,413,0.3983895354016796,-0.0,0.3983895354016796,1,3824.197602714795,398.29787234042567,highs_pfba
b0915,lpxK,1,413,0.3983895354016796,-0.0,0.3983895354016796,1,3824.197602714795,398.29787234042567,highs_pfba
b0099,mutT,3,413,0.3983895354016796,-0.0,0.3983895354016796,1,3824.1976027148016,398.29787234042544,highs_pfba
b2781,mazG,8,10,0.3983895354016796,0.3983895354016796,-5.551115123125783e-17,0,0.5943595396892812,738.4130785798901,highs_pfba
b0160,dgt,2,6,0.3983895354016796,0.3983895354016786,9.43689570931383e-16,0,0.031198853935899,738.4130785798527,highs_pfba
b1800,dmlA,2,413,0.3983895354016796,-0.0,0.3983895354016796,1,3824.197602714794,398.29787234042544,highs_pfba
b0073,leuB,1,413,0.3983895354016796,-0.0,0.3983895354016796,1,3824.197602714794,398.29787234042544,highs_pfba
b0523,purE,1,413,0.3983895354016796,-0.0,0.3983895354016796,1,3824.1976027147975,398.29787234042544,highs_pfba
b1131,purB,2,413,0.3983895354016796,-0.0,0.3983895354016796,1,3824.197602714819,398.2978723404244,highs_pfba
b2407,xapA,5,0,0.3983895354016796,0.3983895354016795,5.551115123125783e-17,0,0.0,738.4130785798773,highs_pfba
b2234,nrdA,4,12,0.3983895354016796,0.3983895354016795,5.551115123125783e-17,0,0.807120993090816,738.4130785798711,highs_pfba
b2235,nrdB,4,12,0.3983895354016796,0.3983895354016795,5.551115123125783e-17,0,0.807120993090816,738.4130785798711,highs_pfba
b3781,trxA,10,5,0.3983895354016796,0.3983895354016795,5.551115123125783e-17,0,0.0486041198202201,738.5116728188589,highs_pfba
b2582,trxC,10,5,0.3983895354016796,0.3983895354016795,5.551115123125783e-17,0,0.0486041198202201,738.5116728188589,highs_pfba
b2827,thyA,1,413,0.3983895354016796,-0.0,0.3983895354016796,1,3824.197602714801,398.2978723404253,highs_pfba
b1238,tdk,2,8,0.3983895354016796,0.3983895354016792,3.3306690738754696e-16,0,0.62124122771953,738.4130785798658,highs_pfba
b3639,dfp,2,413,0.3983895354016796,-0.0,0.3983895354016796,1,3824.197602714801,398.2978723404253,highs_pfba
b1232,purU,1,10,0.3983895354016796,0.3983895354016796,0.0,0,1.2342040617605523,738.4130785798798,highs_pfba
b1851,edd,1,0,0.3983895354016796,0.3983895354016795,5.551115123125783e-17,0,0.0,738.413078579859,highs_pfba
b1693,aroD,1,413,0.3983895354016796,-0.0,0.3983895354016796,1,3824.197602714795,398.2978723404256,highs_pfba
b4146,epmB,1,0,0.3983895354016796,0.3983895354016796,0.0,0,0.0,738.4130785798601,highs_pfba
b1109,ndh,3,4,0.3983895354016796,0.3983895354016795,5.551115123125783e-17,0,1.7199558671948217e-05,738.4130785798588,highs_pfba
b1004,wrbA,3,4,0.3983895354016796,0.3983895354016795,5.551115123125783e-17,0,1.7199558671948217e-05,738.4130785798588,highs_pfba
b0046,kefF,3,4,0.3983895354016796,0.3983895354016795,5.551115123125783e-17,0,1.7199558671948217e-05,738.4130785798588,highs_pfba
b3713,yieF,3,4,0.3983895354016796,0.3983895354016795,5.551115123125783e-17,0,1.7199558671948217e-05,738.4130785798588,highs_pfba
b3236,mdh,1,408,0.3983895354016796,0.3837328646302962,0.0146566707713833,0,24.207652700627225,732.6980741062075,highs_pfba
b4122,fumB,2,421,0.3983895354016796,0.3687869171550317,0.0296026182466478,0,446.2423690456363,737.1567703734546,highs_pfba
b1611,fumC,1,421,0.3983895354016796,0.3687869171550317,0.0296026182466478,0,446.24236904566703,737.1567703734554,highs_pfba
b1612,fumA,1,421,0.3983895354016796,0.3687869171550317,0.0296026182466478,0,446.24236904566703,737.1567703734554,highs_pfba
b1638,pdxH,2,4,0.3983895354016796,0.3983895354016804,-7.771561172376097e-16,0,1.7199558672773356e-05,738.4130785798638,highs_pfba
b0907,serC,3,413,0.3983895354016796,-0.0,0.3983895354016796,1,3824.197602714792,398.29787234042567,highs_pfba
b1210,hemA,1,413,0.3983895354016796,-0.0,0.3983895354016796,1,3824.197602714808,398.297872340425,highs_pfba
b3429,glgA,1,0,0.3983895354016796,0.3983895354016804,-8.326672684688674e-16,0,0.0,738.4130785798823,highs_pfba
b3417,malP,5,12,0.3983895354016796,0.3983895354016795,5.551115123125783e-17,0,1.1931930560035071,738.4130785798599,highs_pfba
b3428,glgP,2,12,0.3983895354016796,0.3983895354016804,-8.326672684688674e-16,0,0.1870341950450386,738.4130785798918,highs_pfba
b0428,cyoE,1,0,0.3983895354016796,0.3983895354016796,0.0,0,0.0,738.4130785798601,highs_pfba
b0120,speD,1,4,0.3983895354016796,0.3983895354016796,0.0,0,1.7199558673539484e-05,738.4130785798728,highs_pfba
b2937,speB,1,4,0.3983895354016796,0.3983895354016797,-1.6653345369377348e-16,0,1.7199558674865548e-05,738.4130785798906,highs_pfba
b4117,adiA,1,0,0.3983895354016796,0.3983895354016796,0.0,0,0.0,738.4130785798977,highs_pfba
b3172,argG,1,413,0.3983895354016796,-0.0,0.3983895354016796,1,3824.1976027148135,398.2978723404247,highs_pfba
b3958,argC,1,413,0.3983895354016796,-0.0,0.3983895354016796,1,3824.1976027147743,398.29787234042647,highs_pfba
b0121,speE,2,4,0.3983895354016796,0.3983895354016796,0.0,0,1.7199558672213427e-05,738.4130785798604,highs_pfba
b0154,hemL,1,413,0.3983895354016796,-0.0,0.3983895354016796,1,3824.197602714808,398.297872340425,highs_pfba
b0918,kdsB,1,413,0.3983895354016796,-0.0,0.3983895354016796,1,3824.197602714789,398.2978723404258,highs_pfba
b4322,uxuA,1,10,0.3983895354016796,0.3983895354016796,0.0,0,1.2342040617605576,738.4130785798727,highs_pfba
b3091,uxaA,1,4,0.3983895354016796,0.3983895354016796,0.0,0,1.7199558674850803e-05,738.4130785798901,highs_pfba
b3092,uxaC,2,4,0.3983895354016796,0.3983895354016796,0.0,0,1.7199558672110292e-05,738.4130785798595,highs_pfba
b3176,glmM,1,413,0.3983895354016796,-0.0,0.3983895354016796,1,3824.197602714795,398.2978723404256,highs_pfba
b3730,glmU,2,413,0.3983895354016796,-0.0,0.3983895354016796,1,3824.197602714795,398.2978723404256,highs_pfba
b3189,murA,1,413,0.3983895354016796,-0.0,0.3983895354016796,1,3824.197602714801,398.2978723404253,highs_pfba
b3967,murI,1,413,0.3983895354016796,-0.0,0.3983895354016796,1,3824.197602714792,398.29787234042567,highs_pfba
b3786,wecB,1,4,0.3983895354016796,0.3983895354016797,-1.1102230246251563e-16,0,1.719955867474031e-05,738.4130785798889,highs_pfba
b2323,fabB,13,413,0.3983895354016796,-0.0,0.3983895354016796,1,3824.197602714793,398.2978723404256,highs_pfba
b2232,ubiG,2,4,0.3983895354016796,0.3983895354016796,0.0,0,1.7199558674850803e-05,738.4130785798902,highs_pfba
b0593,entC,1,0,0.3983895354016796,0.3983895354016796,0.0,0,0.0,738.4130785798601,highs_pfba
b0142,folK,1,413,0.3983895354016796,-0.0,0.3983895354016796,1,3824.197602714789,398.2978723404258,highs_pfba
b3634,coaD,1,413,0.3983895354016796,-0.0,0.3983895354016796,1,3824.197602714801,398.2978723404253,highs_pfba
b0394,mak,1,10,0.3983895354016796,0.3983895354016804,-7.771561172376097e-16,0,1.2342040617605503,738.4130785798816,highs_pfba
b0173,dxr,1,413,0.3983895354016796,-0.0,0.3983895354016796,1,3824.197602714796,398.29787234042544,highs_pfba
b3843,ubiD,1,413,0.3983895354016796,-0.0,0.3983895354016796,1,3824.197602714789,398.297872340426,highs_pfba
b0477,gsk,2,10,0.3983895354016796,0.3983895354016796,0.0,0,0.1722528860659153,738.41307857986,highs_pfba
b1302,puuE,3,413,0.3983895354016796,-0.0,0.3983895354016796,1,3824.1976027147975,398.29787234042544,highs_pfba
b2662,gabT,3,413,0.3983895354016796,-0.0,0.3983895354016796,1,3824.1976027147975,398.29787234042544,highs_pfba
b1525,sad,2,6,0.3983895354016796,0.3983895354016796,-5.551115123125783e-17,0,0.1722356865071734,738.4130785798889,highs_pfba
b4139,aspA,1,10,0.3983895354016796,0.3983895354016796,0.0,0,1.234204061760634,738.4130785798604,highs_pfba
b3117,tdcB,2,413,0.3983895354016796,-0.0,0.3983895354016796,1,3824.1976027147857,398.2978723404259,highs_pfba
b2797,sdaB,1,10,0.3983895354016796,0.3983895354016795,5.551115123125783e-17,0,1.2342040617606511,738.4130785798601,highs_pfba
b1814,sdaA,1,10,0.3983895354016796,0.3983895354016795,5.551115123125783e-17,0,1.2342040617606511,738.4130785798601,highs_pfba
b4471,tdcG,1,10,0.3983895354016796,0.3983895354016795,5.551115123125783e-17,0,1.2342040617606511,738.4130785798601,highs_pfba
b3616,tdh,1,10,0.3983895354016796,0.3983895354016795,5.551115123125783e-17,0,1.234204061760481,738.4130785798884,highs_pfba
b3589,yiaY,1,10,0.3983895354016796,0.3983895354016795,5.551115123125783e-17,0,1.234204061760481,738.4130785798884,highs_pfba
b3774,ilvC,3,413,0.3983895354016796,-0.0,0.3983895354016796,1,3824.197602714796,398.2978723404256,highs_pfba
b0185,accA,1,413,0.3983895354016796,-0.0,0.3983895354016796,1,3824.197602714808,398.297872340425,highs_pfba
b3256,accC,1,413,0.3983895354016796,-0.0,0.3983895354016796,1,3824.197602714808,398.297872340425,highs_pfba
b3255,accB,1,413,0.3983895354016796,-0.0,0.3983895354016796,1,3824.197602714808,398.297872340425,highs_pfba
b2316,accD,1,413,0.3983895354016796,-0.0,0.3983895354016796,1,3824.197602714808,398.297872340425,highs_pfba
b2615,nadK,1,413,0.3983895354016796,-0.0,0.3983895354016796,1,3824.1976027147953,398.2978723404256,highs_pfba
b2265,menF,1,10,0.3983895354016796,0.3983895354016799,-2.7755575615628914e-16,0,1.234204061760645,738.4130785798621,highs_pfba
b2261,menC,1,10,0.3983895354016796,0.3983895354016797,-1.1102230246251563e-16,0,0.594359539689227,738.4130785799096,highs_pfba
b0596,entA,1,10,0.3983895354016796,0.3983895354016796,0.0,0,1.234204061760658,738.4130785798595,highs_pfba
b0595,entB,1,10,0.3983895354016796,0.3983895354016796,0.0,0,1.234204061760658,738.4130785798595,highs_pfba
b4198,ulaF,1,6,0.3983895354016796,0.3983895354016796,0.0,0,0.1722356865072384,738.41307857986,highs_pfba
b0061,araD,1,6,0.3983895354016796,0.3983895354016796,0.0,0,0.1722356865072384,738.41307857986,highs_pfba
b3583,sgbE,1,6,0.3983895354016796,0.3983895354016796,0.0,0,0.1722356865072384,738.41307857986,highs_pfba
b4374,yjjG,3,10,0.3983895354016796,0.3983895354016795,5.551115123125783e-17,0,0.3219687626189974,738.4130785798595,highs_pfba
b0675,umpH,7,4,0.3983895354016796,0.3983895354016794,2.220446049250313e-16,0,1.7199558671985046e-05,738.4130785798591,highs_pfba
b2291,yfbR,6,4,0.3983895354016796,0.3983895354016795,5.551115123125783e-17,0,1.7199558673384775e-05,738.4130785798714,highs_pfba
b2361,yfdR,8,4,0.3983895354016796,0.3983895354016794,1.6653345369377348e-16,0,1.7199558671977677e-05,738.413078579859,highs_pfba
b1651,gloA,1,4,0.3983895354016796,0.3983895354016796,0.0,0,1.7199558672213427e-05,738.4130785798604,highs_pfba
b0766,ybhA,2,10,0.3983895354016796,0.3983895354016795,5.551115123125783e-17,0,0.0312160534945623,738.4130785798591,highs_pfba
b3826,yigL,6,4,0.3983895354016796,0.3983895354016796,0.0,0,1.7199558673539484e-05,738.4130785798728,highs_pfba
b0758,galT,1,16,0.3983895354016796,0.3983895354016796,0.0,0,1.5507356279172102,738.4130785799107,highs_pfba
b0420,dxs,1,413,0.3983895354016796,-0.0,0.3983895354016796,1,3824.197602714808,398.297872340425,highs_pfba
b1208,ispE,1,413,0.3983895354016796,-0.0,0.3983895354016796,1,3824.197602714796,398.29787234042544,highs_pfba
b2746,ispF,1,413,0.3983895354016796,-0.0,0.3983895354016796,1,3824.197602714796,398.29787234042544,highs_pfba
b3526,kdgK,1,10,0.3983895354016796,0.3983895354016796,0.0,0,0.0006691908109263,738.4130785798618,highs_pfba
b3565,xylA,2,10,0.3983895354016796,0.3983895354016795,1.1102230246251563e-16,0,1.2342040617606371,738.4130785798603,highs_pfba
b2048,cpsG,1,10,0.3983895354016796,0.3983895354016804,-7.771561172376097e-16,0,1.2342040617604642,738.4130785799028,highs_pfba
b4015,aceA,1,0,0.3983895354016796,0.3983895354016799,-3.3306690738754696e-16,0,0.0,738.4130785798927,highs_pfba
b0116,lpd,3,416,0.3983895354016796,0.3256482470526846,0.0727412883489949,0,1667.4338576004188,722.53760466383,highs_pfba
b2903,gcvP,1,291,0.3983895354016796,0.3982605222958947,0.0001290131057848,0,1.343828969565869,738.4060362961723,highs_pfba
b2904,gcvH,1,291,0.3983895354016796,0.3982605222958947,0.0001290131057848,0,1.343828969565869,738.4060362961723,highs_pfba
b2905,gcvT,1,291,0.3983895354016796,0.3982605222958947,0.0001290131057848,0,1.343828969565869,738.4060362961723,highs_pfba
b0261,mmuM,2,10,0.3983895354016796,0.3983895354016789,7.2164496600635185e-16,0,1.2342040617605892,738.4130785798643,highs_pfba
b0759,galE,1,16,0.3983895354016796,0.3983895354016796,0.0,0,1.5507356279173137,738.4130785798927,highs_pfba
b0344,lacZ,1,4,0.3983895354016796,0.3983895354016796,0.0,0,1.7199558673539484e-05,738.4130785798728,highs_pfba
b4239,treC,1,10,0.3983895354016796,0.3983895354016796,-5.551115123125783e-17,0,1.234204061760502,738.413078579887,highs_pfba
b3956,ppc,1,365,0.3983895354016796,0.3960541587546605,0.0023353766470191,0,26.91186864275699,737.1913521201916,highs_pfba
b0822,ybiV,7,0,0.3983895354016796,0.3983895354016796,0.0,0,0.0,738.413078579873,highs_pfba
b2540,hcaC,2,0,0.3983895354016796,0.3983895354016796,0.0,0,0.0,738.4130785798601,highs_pfba
b2542,hcaD,2,0,0.3983895354016796,0.3983895354016796,0.0,0,0.0,738.4130785798601,highs_pfba
b2539,hcaF,2,0,0.3983895354016796,0.3983895354016796,0.0,0,0.0,738.4130785798601,highs_pfba
b2538,hcaE,2,0,0.3983895354016796,0.3983895354016796,0.0,0,0.0,738.4130785798601,highs_pfba
b2541,hcaB,2,0,0.3983895354016796,0.3983895354016796,0.0,0,0.0,738.413078579873,highs_pfba
b0616,citE,1,10,0.3983895354016796,0.3983895354016795,5.551115123125783e-17,0,1.2342040617605434,738.4130785798725,highs_pfba
b0617,citD,1,10,0.3983895354016796,0.3983895354016795,5.551115123125783e-17,0,1.2342040617605434,738.4130785798725,highs_pfba
b0614,citX,1,10,0.3983895354016796,0.3983895354016795,5.551115123125783e-17,0,1.2342040617605434,738.4130785798725,highs_pfba
b0615,citF,1,10,0.3983895354016796,0.3983895354016795,5.551115123125783e-17,0,1.2342040617605434,738.4130785798725,highs_pfba
b2052,fcl,2,0,0.3983895354016796,0.3983895354016796,0.0,0,0.0,738.4130785798601,highs_pfba
b1636,pdxY,1,10,0.3983895354016796,0.3983895354016796,0.0,0,1.234204061760662,738.4130785798601,highs_pfba
b1277,ribA,1,413,0.3983895354016796,-0.0,0.3983895354016796,1,3824.197602714795,398.2978723404256,highs_pfba
b2751,cysN,1,413,0.3983895354016796,-0.0,0.3983895354016796,1,3824.1976027148,398.2978723404253,highs_pfba
b2752,cysD,1,413,0.3983895354016796,-0.0,0.3983895354016796,1,3824.1976027148,398.2978723404253,highs_pfba
b2799,fucO,1,10,0.3983895354016796,0.3983895354016796,-5.551115123125783e-17,0,1.234204061760516,738.4130785798882,highs_pfba
b3902,rhaD,1,0,0.3983895354016796,0.3983895354016796,0.0,0,0.0,738.4130785798668,highs_pfba
b2705,srlD,1,0,0.3983895354016796,0.3983895354016796,0.0,0,0.0,738.4130785798601,highs_pfba
b2091,gatD,1,0,0.3983895354016796,0.3983895354016796,0.0,0,0.0,738.4130785798601,highs_pfba
b3137,kbaY,1,0,0.3983895354016796,0.3983895354016796,0.0,0,0.0,738.4130785798601,highs_pfba
b3132,kbaZ,1,0,0.3983895354016796,0.3983895354016796,0.0,0,0.0,738.4130785798601,highs_pfba
b2096,gatY,1,0,0.3983895354016796,0.3983895354016796,0.0,0,0.0,738.4130785798601,highs_pfba
b2095,gatZ,1,0,0.3983895354016796,0.3983895354016796,0.0,0,0.0,738.4130785798601,highs_pfba
b4323,uxuB,1,10,0.3983895354016796,0.3983895354016796,0.0,0,1.2342040617606371,738.4130785798595,highs_pfba
b1521,uxaB,1,4,0.3983895354016796,0.3983895354016796,0.0,0,1.7199558674850803e-05,738.4130785798901,highs_pfba
b3385,gph,1,0,0.3983895354016796,0.3983895354016796,0.0,0,0.0,738.4130785798601,highs_pfba
b0507,gcl,1,10,0.3983895354016796,0.3983895354016796,0.0,0,1.2342040617606511,738.4130785798601,highs_pfba
b3061,ttdA,1,0,0.3983895354016796,0.3983895354016796,0.0,0,0.0,738.4130785798601,highs_pfba
b3062,ttdB,1,0,0.3983895354016796,0.3983895354016796,0.0,0,0.0,738.4130785798601,highs_pfba
b3126,garL,1,0,0.3983895354016796,0.3983895354016796,0.0,0,0.0,738.4130785798601,highs_pfba
b1095,fabF,9,413,0.3983895354016796,-0.0,0.3983895354016796,1,3824.197602714783,398.29787234042607,highs_pfba
b1054,lpxL,1,10,0.3983895354016796,0.3983895354016794,1.6653345369377348e-16,0,1.234204061760501,738.413078579882,highs_pfba
b1855,lpxM,2,4,0.3983895354016796,0.3983895354016798,-2.220446049250313e-16,0,1.7199558673627897e-05,738.4130785798745,highs_pfba
b2378,lpxP,1,4,0.3983895354016796,0.3983895354016795,5.551115123125783e-17,0,1.719955867194085e-05,738.4130785798591,highs_pfba
b0109,nadC,1,413,0.3983895354016796,-0.0,0.3983895354016796,1,3824.197602714801,398.2978723404253,highs_pfba
b1094,acpP,26,413,0.3983895354016796,-0.0,0.3983895354016796,1,3824.1976027147743,398.29787234042647,highs_pfba
b2836,aas,23,439,0.3983895354016796,0.3915030231418106,0.0068865122598689,0,6.657516986744592,738.3021694952927,highs_pfba
b2472,dapE,1,413,0.3983895354016796,-0.0,0.3983895354016796,1,3824.1976027147984,398.29787234042544,highs_pfba
b1589,ynfG,3,0,0.3983895354016796,0.3983895354016796,0.0,0,0.0,738.4130785798601,highs_pfba
b1588,ynfF,3,0,0.3983895354016796,0.3983895354016796,0.0,0,0.0,738.4130785798601,highs_pfba
b1587,ynfE,3,0,0.3983895354016796,0.3983895354016796,0.0,0,0.0,738.4130785798601,highs_pfba
b1590,ynfH,3,0,0.3983895354016796,0.3983895354016796,0.0,0,0.0,738.4130785798601,highs_pfba
b0894,dmsA,4,0,0.3983895354016796,0.3983895354016796,0.0,0,0.0,738.4130785798601,highs_pfba
b0895,dmsB,4,0,0.3983895354016796,0.3983895354016796,0.0,0,0.0,738.4130785798601,highs_pfba
b0896,dmsC,4,0,0.3983895354016796,0.3983895354016796,0.0,0,0.0,738.4130785798601,highs_pfba
b3553,ghrB,10,6,0.3983895354016796,0.3983895354016795,5.551115123125783e-17,0,0.1722356865072408,738.4130785798598,highs_pfba
b0638,cobC,1,0,0.3983895354016796,0.3983895354016796,0.0,0,0.0,738.4130785798601,highs_pfba
b3399,yrfG,5,4,0.3983895354016796,0.3983895354016802,-6.661338147750939e-16,0,1.7199558675624364e-05,738.4130785799002,highs_pfba
b0469,apt,1,10,0.3983895354016796,0.3983895354016795,5.551115123125783e-17,0,1.2342040617604706,738.41307857989,highs_pfba
b3187,ispB,1,413,0.3983895354016796,-0.0,0.3983895354016796,1,3824.197602714796,398.2978723404256,highs_pfba
b3222,nanK,1,0,0.3983895354016796,0.3983895354016796,0.0,0,0.0,738.4130785798601,highs_pfba
b3225,nanA,1,0,0.3983895354016796,0.3983895354016796,0.0,0,0.0,738.4130785798601,highs_pfba
b1732,katE,1,10,0.3983895354016796,0.3983895354016804,-7.771561172376097e-16,0,1.2342040617605612,738.4130785798818,highs_pfba
b3942,katG,1,10,0.3983895354016796,0.3983895354016804,-7.771561172376097e-16,0,1.2342040617605612,738.4130785798818,highs_pfba
b0586,entF,1,10,0.3983895354016796,0.3983895354016796,0.0,0,1.234204061760634,738.4130785798603,highs_pfba
b3794,rffM,1,4,0.3983895354016796,0.3983895354016797,-1.1102230246251563e-16,0,1.719955867493185e-05,738.413078579891,highs_pfba
b3693,dgoK,1,0,0.3983895354016796,0.3983895354016796,0.0,0,0.0,738.4130785798601,highs_pfba
b2901,bglA,1,0,0.3983895354016796,0.3983895354016796,0.0,0,0.0,738.4130785798601,highs_pfba
b3721,bglB,2,0,0.3983895354016796,0.3983895354016796,0.0,0,0.0,738.4130785798601,highs_pfba
b2716,ascB,2,0,0.3983895354016796,0.3983895354016796,0.0,0,0.0,738.4130785798601,highs_pfba
b3416,malQ,4,8,0.3983895354016796,0.3983895354016796,0.0,0,0.1870169954863494,738.4130785798909,highs_pfba
b1398,paaK,1,12,0.3983895354016796,0.3983895354016796,0.0,0,1.550718428358538,738.4130785799109,highs_pfba
b0049,apaH,3,4,0.3983895354016796,0.3983895354016796,-5.551115123125783e-17,0,1.719955867470347e-05,738.4130785798886,highs_pfba
b3784,rfe,1,4,0.3983895354016796,0.3983895354016797,-1.1102230246251563e-16,0,1.719955867493185e-05,738.413078579891,highs_pfba
b4481,rffT,1,4,0.3983895354016796,0.3983895354016797,-1.1102230246251563e-16,0,1.719955867222817e-05,738.4130785798606,highs_pfba
b3052,rfaE,2,0,0.3983895354016796,0.3983895354016799,-3.3306690738754696e-16,0,0.0,738.4130785798923,highs_pfba
b1896,otsA,1,10,0.3983895354016796,0.3983895354016802,-6.661338147750939e-16,0,1.2342040617604575,738.4130785799016,highs_pfba
b0841,ybjG,2,413,0.3983895354016796,-0.0,0.3983895354016796,1,3824.1976027147743,398.29787234042647,highs_pfba
b1278,pgpB,30,413,0.3983895354016796,-0.0,0.3983895354016796,1,3824.197602714801,398.2978723404252,highs_pfba
b3057,bacA,2,413,0.3983895354016796,-0.0,0.3983895354016796,1,3824.1976027147743,398.29787234042647,highs_pfba
b3519,treF,1,0,0.3983895354016796,0.3983895354016796,0.0,0,0.0,738.4130785798601,highs_pfba
b0910,cmk,3,413,0.3983895354016796,-0.0,0.3983895354016796,1,3824.197602714802,398.2978723404251,highs_pfba
b3648,gmk,2,413,0.3983895354016796,-0.0,0.3983895354016796,1,3824.1976027147966,398.2978723404255,highs_pfba
b1694,ydiF,1,0,0.3983895354016796,0.3983895354016796,0.0,0,0.0,738.4130785798601,highs_pfba
b2221,atoD,3,0,0.3983895354016796,0.3983895354016786,9.992007221626409e-16,0,0.0,738.4130785798452,highs_pfba
b2222,atoA,3,0,0.3983895354016796,0.3983895354016786,9.992007221626409e-16,0,0.0,738.4130785798452,highs_pfba
b2039,rfbA,1,10,0.3983895354016796,0.3983895354016796,-5.551115123125783e-17,0,1.234204061760589,738.4130785798714,highs_pfba
b3789,rffH,1,10,0.3983895354016796,0.3983895354016796,-5.551115123125783e-17,0,1.234204061760589,738.4130785798714,highs_pfba
b2041,rfbB,1,10,0.3983895354016796,0.3983895354016796,-5.551115123125783e-17,0,1.234204061760589,738.4130785798714,highs_pfba
b3788,rffG,1,10,0.3983895354016796,0.3983895354016796,-5.551115123125783e-17,0,1.234204061760589,738.4130785798714,highs_pfba
b2036,glf,1,0,0.3983895354016796,0.3983895354016796,0.0,0,0.0,738.4130785798601,highs_pfba
b2038,rfbC,1,4,0.3983895354016796,0.3983895354016796,-5.551115123125783e-17,0,1.7199558674806608e-05,738.41307857989,highs_pfba
b2040,rfbD,1,4,0.3983895354016796,0.3983895354016796,-5.551115123125783e-17,0,1.719955867482134e-05,738.4130785798903,highs_pfba
b0512,allB,1,4,0.3983895354016796,0.3983895354016796,-5.551115123125783e-17,0,1.7199558674732936e-05,738.4130785798889,highs_pfba
b3972,murB,1,413,0.3983895354016796,-0.0,0.3983895354016796,1,3824.197602714801,398.2978723404253,highs_pfba
s0001,,45,413,0.3983895354016796,0.0,0.3983895354016796,1,19942.205127239395,0.0,infeasible
b3617,kbl,1,10,0.3983895354016796,0.3983895354016796,0.0,0,1.2342040617605716,738.4130785798714,highs_pfba
b0030,rihC,5,4,0.3983895354016796,0.3983895354016796,0.0,0,1.719955867227973e-05,738.4130785798607,highs_pfba
b0200,gmhB,1,0,0.3983895354016796,0.3983895354016799,-3.3306690738754696e-16,0,0.0,738.4130785798923,highs_pfba
b0222,lpcA,1,0,0.3983895354016796,0.3983895354016799,-3.3306690738754696e-16,0,0.0,738.4130785798923,highs_pfba
b0038,caiB,2,10,0.3983895354016796,0.3983895354016796,0.0,0,1.2342040617606167,738.4130785798613,highs_pfba
b0036,caiD,2,4,0.3983895354016796,0.3983895354016796,0.0,0,1.719955867218396e-05,738.4130785798602,highs_pfba
b3844,fre,6,350,0.3983895354016796,0.3966623965199413,0.0017271388817383,0,5.096909466835623,737.509544978969,highs_pfba
b2784,relA,2,0,0.3983895354016796,0.3983895354016794,2.220446049250313e-16,0,0.0,738.4130785798765,highs_pfba
b2431,yfeX,1,413,0.3983895354016796,-0.0,0.3983895354016796,1,3824.197602714808,398.297872340425,highs_pfba
b1019,efeB,1,413,0.3983895354016796,-0.0,0.3983895354016796,1,3824.197602714808,398.297872340425,highs_pfba
b0475,hemH,1,413,0.3983895354016796,-0.0,0.3983895354016796,1,3824.197602714808,398.297872340425,highs_pfba
b4040,ubiA,1,413,0.3983895354016796,-0.0,0.3983895354016796,1,3824.197602714789,398.297872340426,highs_pfba
b3974,coaA,1,413,0.3983895354016796,-0.0,0.3983895354016796,1,3824.197602714801,398.2978723404253,highs_pfba
b0103,coaE,1,413,0.3983895354016796,-0.0,0.3983895354016796,1,3824.197602714801,398.2978723404253,highs_pfba
b2104,thiM,1,0,0.3983895354016796,0.3983895354016796,0.0,0,0.0,738.4130785798601,highs_pfba
b1215,kdsA,1,413,0.3983895354016796,-0.0,0.3983895354016796,1,3824.197602714789,398.2978723404258,highs_pfba
b3198,kdsC,1,413,0.3983895354016796,-0.0,0.3983895354016796,1,3824.197602714789,398.2978723404258,highs_pfba
b1747,astA,1,4,0.3983895354016796,0.3983895354016796,-5.551115123125783e-17,0,1.7199558675594874e-05,738.4130785799002,highs_pfba
b1744,astE,1,4,0.3983895354016796,0.3983895354016796,-5.551115123125783e-17,0,1.7199558675594874e-05,738.4130785799002,highs_pfba
b0340,cynS,1,0,0.3983895354016796,0.3983895354016796,0.0,0,0.0,738.4130785798601,highs_pfba
b2988,gss,2,8,0.3983895354016796,0.3983895354016796,0.0,0,0.6212412277195216,738.413078579873,highs_pfba
b2883,guaD,1,8,0.3983895354016796,0.3983895354016796,-5.551115123125783e-17,0,0.6212412277194796,738.4130785798906,highs_pfba
b1098,tmk,1,413,0.3983895354016796,-0.0,0.3983895354016796,1,3824.1976027147934,398.2978723404256,highs_pfba
b0888,trxB,1,13,0.3983895354016796,0.3983895354016796,0.0,0,0.6698453475397521,738.511672818867,highs_pfba
b2690,yqaB,7,0,0.3983895354016796,0.3983895354016796,-5.551115123125783e-17,0,0.0,738.4130785798607,highs_pfba
b0688,pgm,1,8,0.3983895354016796,0.3983895354016794,2.220446049250313e-16,0,0.6212412277195768,738.4130785798592,highs_pfba
b1317,ycjU,1,8,0.3983895354016796,0.3983895354016794,2.220446049250313e-16,0,0.6212412277195768,738.4130785798592,highs_pfba
b2168,fruK,1,4,0.3983895354016796,0.3983895354016796,0.0,0,1.7199558671999784e-05,738.4130785798591,highs_pfba
b2687,luxS,1,413,0.3983895354016796,-0.0,0.3983895354016796,1,3824.1976027148135,398.2978723404248,highs_pfba
b3581,sgbH,1,0,0.3983895354016796,0.3983895354016796,0.0,0,0.0,738.4130785798601,highs_pfba
b4196,ulaD,1,0,0.3983895354016796,0.3983895354016796,0.0,0,0.0,738.4130785798601,highs_pfba
b3582,sgbU,1,0,0.3983895354016796,0.3983895354016796,0.0,0,0.0,738.4130785798601,highs_pfba
b4197,ulaE,1,0,0.3983895354016796,0.3983895354016796,0.0,0,0.0,738.4130785798601,highs_pfba
b3575,yiaK,1,0,0.3983895354016796,0.3983895354016796,0.0,0,0.0,738.4130785798601,highs_pfba
b0312,betB,2,0,0.3983895354016796,0.3983895354016796,0.0,0,0.0,738.4130785798901,highs_pfba
b0403,malZ,5,6,0.3983895354016796,0.3983895354016796,0.0,0,0.1722356865072408,738.413078579861,highs_pfba
b0207,dkgB,2,4,0.3983895354016796,0.3983895354016796,-5.551115123125783e-17,0,1.719955867485081e-05,738.4130785798907,highs_pfba
b3012,dkgA,2,4,0.3983895354016796,0.3983895354016796,-5.551115123125783e-17,0,1.719955867485081e-05,738.4130785798907,highs_pfba
b3962,sthA,1,8,0.3983895354016796,0.3983895354016796,0.0,0,0.62124122771951,738.4130785798718,highs_pfba
b2764,cysJ,4,413,0.3983895354016796,-0.0,0.3983895354016796,1,3824.197602714793,398.2978723404256,highs_pfba
b2763,cysI,4,413,0.3983895354016796,-0.0,0.3983895354016796,1,3824.197602714793,398.2978723404256,highs_pfba
b0937,ssuE,2,4,0.3983895354016796,0.3983895354016796,-5.551115123125783e-17,0,1.7199558675012884e-05,738.413078579892,highs_pfba
b2563,acpS,1,0,0.3983895354016796,0.3983895354016796,0.0,0,0.0,738.4130785798601,highs_pfba
b3475,acpT,1,0,0.3983895354016796,0.3983895354016796,0.0,0,0.0,738.4130785798601,highs_pfba
b2507,guaA,2,413,0.3983895354016796,-0.0,0.3983895354016796,1,3824.197602714799,398.29787234042544,highs_pfba
b1982,amn,1,8,0.3983895354016796,0.3983895354016796,-5.551115123125783e-17,0,0.6212412277194842,738.4130785798887,highs_pfba
b3360,pabA,1,413,0.3983895354016796,-0.0,0.3983895354016796,1,3824.1976027147903,398.29787234042567,highs_pfba
b1812,pabB,1,413,0.3983895354016796,-0.0,0.3983895354016796,1,3824.1976027147903,398.29787234042567,highs_pfba
b1096,pabC,2,413,0.3983895354016796,-0.0,0.3983895354016796,1,3824.1976027147866,398.2978723404258,highs_pfba
b4039,ubiC,2,413,0.3983895354016796,-0.0,0.3983895354016796,1,3824.1976027147866,398.2978723404258,highs_pfba
b2416,ptsI,21,408,0.3983895354016796,0.3784700586315955,0.019919476770084,0,802.596729198033,760.0287516861185,highs_pfba
b1200,dhaK,1,8,0.3983895354016796,0.3983895354016804,-7.771561172376097e-16,0,161.99878280353582,744.2407912485835,highs_pfba
b2415,ptsH,21,408,0.3983895354016796,0.3784700586315955,0.019919476770084,0,802.596729198033,760.0287516861185,highs_pfba
b1199,dhaL,1,8,0.3983895354016796,0.3983895354016804,-7.771561172376097e-16,0,161.99878280353582,744.2407912485835,highs_pfba
b1198,dhaM,1,8,0.3983895354016796,0.3983895354016804,-7.771561172376097e-16,0,161.99878280353582,744.2407912485835,highs_pfba
b0171,pyrH,1,413,0.3983895354016796,-0.0,0.3983895354016796,1,3824.197602714796,398.2978723404255,highs_pfba
b4477,dgoA,1,0,0.3983895354016796,0.3983895354016796,0.0,0,0.0,738.4130785798601,highs_pfba
b2498,upp,1,8,0.3983895354016796,0.3983895354016804,-7.771561172376097e-16,0,0.6212412277195034,738.4130785798859,highs_pfba
b2780,pyrG,1,413,0.3983895354016796,-0.0,0.3983895354016796,1,3824.197602714792,398.29787234042567,highs_pfba
b0087,mraY,1,413,0.3983895354016796,-0.0,0.3983895354016796,1,3824.197602714795,398.2978723404256,highs_pfba
b0090,murG,1,413,0.3983895354016796,-0.0,0.3983895354016796,1,3824.197602714795,398.2978723404256,highs_pfba
b3946,fsaB,1,8,0.3983895354016796,0.3983895354016796,0.0,0,161.99878280352823,744.240791248543,highs_pfba
b0825,fsaA,1,8,0.3983895354016796,0.3983895354016796,0.0,0,161.99878280352823,744.240791248543,highs_pfba
b3619,rfaD,1,0,0.3983895354016796,0.3983895354016799,-3.3306690738754696e-16,0,0.0,738.4130785798923,highs_pfba
b4267,idnD,2,0,0.3983895354016796,0.3983895354016804,-7.771561172376097e-16,0,0.0,738.4130785798807,highs_pfba
b1033,ghrA,4,12,0.3983895354016796,0.3983895354016795,5.551115123125783e-17,0,1.193193056003347,738.4130785798891,highs_pfba
b3957,argE,1,413,0.3983895354016796,-0.0,0.3983895354016796,1,3824.1976027147743,398.29787234042647,highs_pfba
b1623,add,2,10,0.3983895354016796,0.3983895354016795,5.551115123125783e-17,0,0.0312160534945478,738.4130785798712,highs_pfba
b3665,adeD,1,0,0.3983895354016796,0.3983895354016796,-5.551115123125783e-17,0,0.0,738.4130785798906,highs_pfba
b4177,purA,1,413,0.3983895354016796,-0.0,0.3983895354016796,1,3824.197602714796,398.2978723404256,highs_pfba
b0677,nagA,1,0,0.3983895354016796,0.3983895354016802,-6.106226635438361e-16,0,0.0,738.413078579898,highs_pfba
b0828,iaaA,1,0,0.3983895354016796,0.3983895354016796,-5.551115123125783e-17,0,0.0,738.4130785798895,highs_pfba
b1767,ansA,1,0,0.3983895354016796,0.3983895354016796,-5.551115123125783e-17,0,0.0,738.4130785798895,highs_pfba
b0674,asnB,2,413,0.3983895354016796,-0.0,0.3983895354016796,1,3824.197602714797,398.29787234042544,highs_pfba
b3744,asnA,1,312,0.3983895354016796,0.3976258251062671,0.0007637102954125,0,0.0312602379892084,738.4352906371441,highs_pfba
b4245,pyrB,1,413,0.3983895354016796,-0.0,0.3983895354016796,1,3824.1976027148,398.2978723404253,highs_pfba
b4244,pyrI,1,413,0.3983895354016796,-0.0,0.3983895354016796,1,3824.1976027148,398.2978723404253,highs_pfba
b0029,ispH,2,413,0.3983895354016796,-0.0,0.3983895354016796,1,3824.197602714799,398.29787234042544,highs_pfba
b1092,fabD,1,413,0.3983895354016796,-0.0,0.3983895354016796,1,3824.197602714792,398.29787234042567,highs_pfba
b3809,dapF,1,413,0.3983895354016796,-0.0,0.3983895354016796,1,3824.1976027147984,398.29787234042544,highs_pfba
b0031,dapB,1,413,0.3983895354016796,-0.0,0.3983895354016796,1,3824.1976027147984,398.29787234042544,highs_pfba
b0003,thrB,2,413,0.3983895354016796,-0.0,0.3983895354016796,1,3824.197602714799,398.29787234042544,highs_pfba
b1748,astC,3,413,0.3983895354016796,-0.0,0.3983895354016796,1,3824.197602714803,398.2978723404252,highs_pfba
b3359,argD,2,413,0.3983895354016796,-0.0,0.3983895354016796,1,3824.197602714796,398.2978723404256,highs_pfba
b0004,thrC,1,413,0.3983895354016796,-0.0,0.3983895354016796,1,3824.197602714789,398.2978723404258,highs_pfba
b4013,metA,1,413,0.3983895354016796,-0.0,0.3983895354016796,1,3824.197602714793,398.2978723404256,highs_pfba
b1704,aroH,1,413,0.3983895354016796,-0.0,0.3983895354016796,1,3824.197602714788,398.29787234042607,highs_pfba
b2601,aroF,1,413,0.3983895354016796,-0.0,0.3983895354016796,1,3824.197602714788,398.29787234042607,highs_pfba
b0754,aroG,1,413,0.3983895354016796,-0.0,0.3983895354016796,1,3824.197602714788,398.29787234042607,highs_pfba
b2700,pncC,1,10,0.3983895354016796,0.3983895354016796,-5.551115123125783e-17,0,0.0312160534945646,738.4130785798602,highs_pfba
b1768,pncA,1,4,0.3983895354016796,0.3983895354016804,-7.771561172376097e-16,0,1.7199558672773356e-05,738.413078579864,highs_pfba
b1014,putA,2,0,0.3983895354016796,0.3983895354016795,5.551115123125783e-17,0,0.0,738.4130785798887,highs_pfba
b1584,speG,2,0,0.3983895354016796,0.3983895354016796,0.0,0,0.0,738.4130785798601,highs_pfba
b3790,rffC,1,4,0.3983895354016796,0.3983895354016797,-1.1102230246251563e-16,0,1.719955867493185e-05,738.413078579891,highs_pfba
b4014,aceB,1,0,0.3983895354016796,0.3983895354016796,0.0,0,0.0,738.4130785798604,highs_pfba
b2976,glcB,1,0,0.3983895354016796,0.3983895354016796,0.0,0,0.0,738.4130785798604,highs_pfba
b1897,otsB,1,0,0.3983895354016796,0.3983895354016796,0.0,0,0.0,738.4130785798901,highs_pfba
b3034,nudF,1,10,0.3983895354016796,0.3983895354016796,0.0,0,1.2342040617605878,738.4130785798668,highs_pfba
b3397,nudE,1,10,0.3983895354016796,0.3983895354016796,0.0,0,1.2342040617605878,738.4130785798668,highs_pfba
b0062,araA,1,6,0.3983895354016796,0.3983895354016796,0.0,0,0.1722356865072384,738.41307857986,highs_pfba
b3600,mtlD,1,0,0.3983895354016796,0.3983895354016796,0.0,0,0.0,738.4130785798601,highs_pfba
b3608,gpsA,1,298,0.3983895354016796,0.3980588243468961,0.0003307110547834,0,0.0255450040847111,738.5942552120611,highs_pfba
b4119,melA,1,0,0.3983895354016796,0.3983895354016796,0.0,0,0.0,738.4130785798601,highs_pfba
b2802,fucI,2,0,0.3983895354016796,0.3983895354016796,0.0,0,0.0,738.4130785798601,highs_pfba
b2803,fucK,1,0,0.3983895354016796,0.3983895354016796,0.0,0,0.0,738.4130785798601,highs_pfba
b2800,fucA,1,0,0.3983895354016796,0.3983895354016796,0.0,0,0.0,738.4130785798601,highs_pfba
b2738,ygbL,1,0,0.3983895354016796,0.3983895354016796,0.0,0,0.0,738.4130785798601,highs_pfba
b0335,prpE,1,0,0.3983895354016796,0.3983895354016796,-5.551115123125783e-17,0,0.0,738.4130785798903,highs_pfba
b1236,galU,1,0,0.3983895354016796,0.3983895354016793,2.7755575615628914e-16,0,0.0,738.4130785798859,highs_pfba
b0179,lpxD,1,413,0.3983895354016796,-0.0,0.3983895354016796,1,3824.197602714801,398.2978723404253,highs_pfba
b0085,murE,1,413,0.3983895354016796,-0.0,0.3983895354016796,1,3824.197602714792,398.29787234042567,highs_pfba
b0091,murC,1,413,0.3983895354016796,-0.0,0.3983895354016796,1,3824.197602714792,398.29787234042567,highs_pfba
b0088,murD,1,413,0.3983895354016796,-0.0,0.3983895354016796,1,3824.197602714792,398.29787234042567,highs_pfba
b0505,allA,1,0,0.3983895354016796,0.3983895354016796,0.0,0,0.0,738.413078579872,highs_pfba
b0350,mhpD,1,0,0.3983895354016796,0.3983895354016796,0.0,0,0.0,738.413078579873,highs_pfba
b0352,mhpE,1,0,0.3983895354016796,0.3983895354016796,0.0,0,0.0,738.4130785798601,highs_pfba
b0347,mhpA,2,0,0.3983895354016796,0.3983895354016796,0.0,0,0.0,738.4130785798601,highs_pfba
b0726,sucA,1,411,0.3983895354016796,0.3908406194987671,0.0075489159029125,0,26.06721074498755,738.7255989947645,highs_pfba
b0727,sucB,1,411,0.3983895354016796,0.3908406194987671,0.0075489159029125,0,26.06721074498755,738.7255989947645,highs_pfba
b3945,gldA,4,4,0.3983895354016796,0.3983895354016795,5.551115123125783e-17,0,1.7199558673384775e-05,738.4130785798714,highs_pfba
b0131,panD,1,413,0.3983895354016796,-0.0,0.3983895354016796,1,3824.197602714801,398.2978723404253,highs_pfba
b0086,murF,1,413,0.3983895354016796,-0.0,0.3983895354016796,1,3824.197602714795,398.2978723404256,highs_pfba
b0096,lpxC,1,413,0.3983895354016796,-0.0,0.3983895354016796,1,3824.1976027147857,398.297872340426,highs_pfba
b0181,lpxA,1,413,0.3983895354016796,-0.0,0.3983895354016796,1,3824.1976027147857,398.297872340426,highs_pfba
b2019,hisG,1,413,0.3983895354016796,-0.0,0.3983895354016796,1,3824.197602714802,398.2978723404251,highs_pfba
b2020,hisD,1,413,0.3983895354016796,-0.0,0.3983895354016796,1,3824.1976027147984,398.29787234042544,highs_pfba
b2022,hisB,2,413,0.3983895354016796,-0.0,0.3983895354016796,1,3824.1976027147984,398.29787234042544,highs_pfba
b1207,prs,1,5,0.3983895354016796,0.3983895354016794,1.6653345369377348e-16,0,0.6903078230967646,738.7846449462631,highs_pfba
b2026,hisI,2,413,0.3983895354016796,-0.0,0.3983895354016796,1,3824.1976027147984,398.29787234042544,highs_pfba
b2024,hisA,1,413,0.3983895354016796,-0.0,0.3983895354016796,1,3824.1976027147984,398.29787234042544,highs_pfba
b3607,cysE,1,413,0.3983895354016796,-0.0,0.3983895354016796,1,3824.1976027147903,398.29787234042567,highs_pfba
b2421,cysM,1,413,0.3983895354016796,-0.0,0.3983895354016796,1,3824.197602714796,398.29787234042544,highs_pfba
b2414,cysK,1,413,0.3983895354016796,-0.0,0.3983895354016796,1,3824.197602714796,398.29787234042544,highs_pfba
b4214,cysQ,1,413,0.3983895354016796,-0.0,0.3983895354016796,1,3824.197602714791,398.29787234042567,highs_pfba
b2762,cysH,2,413,0.3983895354016796,-0.0,0.3983895354016796,1,3824.1976027147934,398.29787234042567,highs_pfba
b4024,lysC,1,413,0.3983895354016796,-0.0,0.3983895354016796,1,3824.197602714794,398.2978723404258,highs_pfba
b0002,thrA,2,413,0.3983895354016796,-0.0,0.3983895354016796,1,3824.1976027148135,398.2978723404247,highs_pfba
b3940,metL,2,413,0.3983895354016796,-0.0,0.3983895354016796,1,3824.1976027148135,398.2978723404247,highs_pfba
b3433,asd,1,413,0.3983895354016796,-0.0,0.3983895354016796,1,3824.1976027147903,398.2978723404257,highs_pfba
b2838,lysA,1,413,0.3983895354016796,-0.0,0.3983895354016796,1,3824.1976027148057,398.297872340425,highs_pfba
b2942,metK,1,413,0.3983895354016796,-0.0,0.3983895354016796,1,3824.1976027148057,398.297872340425,highs_pfba
b4192,ulaG,1,0,0.3983895354016796,0.3983895354016796,0.0,0,0.0,738.4130785798601,highs_pfba
b1993,cobU,2,0,0.3983895354016796,0.3983895354016796,0.0,0,0.0,738.4130785798601,highs_pfba
b1992,cobS,1,0,0.3983895354016796,0.3983895354016796,0.0,0,0.0,738.4130785798601,highs_pfba
b0417,thiL,1,413,0.3983895354016796,-0.0,0.3983895354016796,1,3824.197602714795,398.2978723404253,highs_pfba
b0348,mhpB,2,0,0.3983895354016796,0.3983895354016796,0.0,0,0.0,738.4130785798601,highs_pfba
b0349,mhpC,2,0,0.3983895354016796,0.3983895354016796,0.0,0,0.0,738.4130785798601,highs_pfba
b3124,garK,1,0,0.3983895354016796,0.3983895354016796,0.0,0,0.0,738.413078579873,highs_pfba
b0583,entD,1,10,0.3983895354016796,0.3983895354016796,0.0,0,1.2342040617606096,738.4130785798613,highs_pfba
b0732,mngB,1,0,0.3983895354016796,0.3983895354016796,0.0,0,0.0,738.4130785798601,highs_pfba
b0517,allD,1,0,0.3983895354016796,0.3983895354016804,-7.771561172376097e-16,0,0.0,738.4130785799011,highs_pfba
b0521,ybcF,1,374,0.3983895354016796,0.3944509317433441,0.0039386036583354,0,0.3450300114811521,738.5276305121998,highs_pfba
b3223,nanE,1,0,0.3983895354016796,0.3983895354016796,0.0,0,0.0,738.4130785798601,highs_pfba
b2428,murQ,1,4,0.3983895354016796,0.3983895354016802,-6.106226635438361e-16,0,1.7199558675351785e-05,738.4130785798972,highs_pfba
b2162,rihB,2,10,0.3983895354016796,0.3983895354016804,-8.326672684688674e-16,0,0.0312160534945472,738.4130785798814,highs_pfba
b0651,rihA,2,10,0.3983895354016796,0.3983895354016804,-8.326672684688674e-16,0,0.0312160534945472,738.4130785798814,highs_pfba
b0522,purK,1,413,0.3983895354016796,-0.0,0.3983895354016796,1,3824.197602714795,398.29787234042567,highs_pfba
b1779,gapA,6,436,0.3983895354016796,0.1426539947619022,0.2557355406397774,0,3273.817664098932,692.5878553108598,highs_pfba
b2388,glk,1,0,0.3983895354016796,0.3983895354016802,-6.661338147750939e-16,0,0.0,738.4130785799013,highs_pfba
b2029,gnd,1,382,0.3983895354016796,0.3939247349057719,0.0044648004959076,0,20.120536463158157,742.3103353557985,highs_pfba
b0368,tauD,1,0,0.3983895354016796,0.3983895354016796,0.0,0,0.0,738.4130785798601,highs_pfba
b2463,maeB,1,0,0.3983895354016796,0.3983895354016796,-5.551115123125783e-17,0,0.0,738.4130785798906,highs_pfba
b3960,argH,1,413,0.3983895354016796,-0.0,0.3983895354016796,1,3824.1976027147743,398.29787234042647,highs_pfba
b0032,carA,1,0,0.3983895354016796,0.3983895354016802,-6.661338147750939e-16,0,0.0,738.41307857989,highs_pfba
b0033,carB,1,0,0.3983895354016796,0.3983895354016802,-6.661338147750939e-16,0,0.0,738.41307857989,highs_pfba
b0242,proB,1,413,0.3983895354016796,-0.0,0.3983895354016796,1,3824.197602714801,398.2978723404253,highs_pfba
b0074,leuA,1,413,0.3983895354016796,-0.0,0.3983895354016796,1,3824.197602714794,398.29787234042544,highs_pfba
b1091,fabH,3,413,0.3983895354016796,-0.0,0.3983895354016796,1,3824.197602714784,398.297872340426,highs_pfba
b3908,sodA,1,0,0.3983895354016796,0.3983895354016797,-1.6653345369377348e-16,0,0.0,738.4130785798912,highs_pfba
b1656,sodB,1,0,0.3983895354016796,0.3983895354016797,-1.6653345369377348e-16,0,0.0,738.4130785798912,highs_pfba
b0159,mtn,3,413,0.3983895354016796,-0.0,0.3983895354016796,1,3824.1976027147903,398.297872340426,highs_pfba
b1106,thiK,1,0,0.3983895354016796,0.3983895354016796,0.0,0,0.0,738.4130785798601,highs_pfba
b1759,nudG,2,10,0.3983895354016796,0.3983895354016796,0.0,0,0.0312160534945494,738.4130785798711,highs_pfba
b2251,nudI,3,21,0.3983895354016796,0.3983895354016796,0.0,0,0.0022819693828883,738.4860484039436,highs_pfba
b0905,ycaO,1,0,0.3983895354016796,0.3983895354016796,0.0,0,0.0,738.4130785798609,highs_pfba
b3248,yhdE,2,10,0.3983895354016796,0.3983895354016795,1.1102230246251563e-16,0,0.0312160534945614,738.4130785798595,highs_pfba
b0386,proC,1,413,0.3983895354016796,-0.0,0.3983895354016796,1,3824.1976027147975,398.29787234042544,highs_pfba
b3425,glpE,1,0,0.3983895354016796,0.3983895354016796,0.0,0,0.0,738.4130785798601,highs_pfba
b2668,ygaP,1,0,0.3983895354016796,0.3983895354016796,0.0,0,0.0,738.4130785798601,highs_pfba
b2521,sseA,2,0,0.3983895354016796,0.3983895354016796,0.0,0,0.0,738.4130785798601,highs_pfba
b2053,gmd,1,0,0.3983895354016796,0.3983895354016796,0.0,0,0.0,738.4130785798601,highs_pfba
b2920,scpC,1,4,0.3983895354016796,0.3983895354016796,-5.551115123125783e-17,0,1.71995586721987e-05,738.4130785798606,highs_pfba
b2143,cdd,2,4,0.3983895354016796,0.3983895354016796,0.0,0,1.7199558673539484e-05,738.413078579873,highs_pfba
b0778,bioD,1,413,0.3983895354016796,-0.0,0.3983895354016796,1,3824.197602714796,398.2978723404256,highs_pfba
b2065,dcd,1,0,0.3983895354016796,0.3983895354016804,-7.771561172376097e-16,0,0.0,738.4130785799032,highs_pfba
b2478,dapA,1,413,0.3983895354016796,-0.0,0.3983895354016796,1,3824.1976027147984,398.29787234042544,highs_pfba
b0337,codA,1,0,0.3983895354016796,0.3983895354016796,-5.551115123125783e-17,0,0.0,738.4130785798901,highs_pfba
b3729,glmS,1,413,0.3983895354016796,-0.0,0.3983895354016796,1,3824.197602714804,398.2978723404252,highs_pfba
b2688,gshA,1,0,0.3983895354016796,0.3983895354016796,0.0,0,0.0,738.4130785798606,highs_pfba
b0485,ybaS,1,0,0.3983895354016796,0.3983895354016796,0.0,0,0.0,738.4130785798885,highs_pfba
b1524,yneH,1,0,0.3983895354016796,0.3983895354016796,0.0,0,0.0,738.4130785798885,highs_pfba
b2312,purF,1,413,0.3983895354016796,-0.0,0.3983895354016796,1,3824.197602714789,398.2978723404258,highs_pfba
b0104,guaC,1,0,0.3983895354016796,0.3983895354016795,5.551115123125783e-17,0,0.0,738.4130785798883,highs_pfba
b1740,nadE,1,413,0.3983895354016796,-0.0,0.3983895354016796,1,3824.197602714797,398.29787234042544,highs_pfba
b3366,nirD,1,0,0.3983895354016796,0.3983895354016796,0.0,0,0.0,738.4130785798604,highs_pfba
b3365,nirB,1,0,0.3983895354016796,0.3983895354016796,0.0,0,0.0,738.4130785798604,highs_pfba
b4254,argI,1,413,0.3983895354016796,-0.0,0.3983895354016796,1,3824.1976027147743,398.29787234042647,highs_pfba
b0273,argF,1,413,0.3983895354016796,-0.0,0.3983895354016796,1,3824.1976027147743,398.29787234042647,highs_pfba
b2500,purN,1,316,0.3983895354016796,0.3971938792613863,0.0011956561402932,0,0.1061947738644914,738.4370878815631,highs_pfba
b3449,ugpQ,5,10,0.3983895354016796,0.3983895354016796,0.0,0,0.0312160534945625,738.4130785798602,highs_pfba
b0331,prpB,1,4,0.3983895354016796,0.3983895354016796,0.0,0,1.7199558673539484e-05,738.4130785798728,highs_pfba
b2210,mqo,2,10,0.3983895354016796,0.3983895354016796,0.0,0,0.0312160534945335,738.4130785798908,highs_pfba
b1746,astD,1,4,0.3983895354016796,0.3983895354016796,-5.551115123125783e-17,0,1.7199558675594874e-05,738.4130785799002,highs_pfba
b0052,pdxA,1,413,0.3983895354016796,-0.0,0.3983895354016796,1,3824.1976027147984,398.2978723404255,highs_pfba
b2564,pdxJ,1,413,0.3983895354016796,-0.0,0.3983895354016796,1,3824.1976027147984,398.2978723404255,highs_pfba
b0369,hemB,1,413,0.3983895354016796,-0.0,0.3983895354016796,1,3824.197602714808,398.297872340425,highs_pfba
b4005,purD,1,413,0.3983895354016796,-0.0,0.3983895354016796,1,3824.197602714789,398.2978723404258,highs_pfba
b2557,purL,1,413,0.3983895354016796,-0.0,0.3983895354016796,1,3824.197602714789,398.2978723404258,highs_pfba
b2441,eutB,1,0,0.3983895354016796,0.3983895354016796,0.0,0,0.0,738.4130785798903,highs_pfba
b2440,eutC,1,0,0.3983895354016796,0.3983895354016796,0.0,0,0.0,738.4130785798903,highs_pfba
b2049,cpsB,1,0,0.3983895354016796,0.3983895354016804,-7.771561172376097e-16,0,0.0,738.4130785798932,highs_pfba
b3806,cyaA,1,4,0.3983895354016796,0.3983895354016796,0.0,0,1.7199558672132393e-05,738.4130785798601,highs_pfba
b2533,suhB,2,10,0.3983895354016796,0.3983895354016796,0.0,0,0.1722528860659131,738.4130785798612,highs_pfba
b0333,prpC,1,4,0.3983895354016796,0.3983895354016796,0.0,0,1.7199558673539484e-05,738.4130785798728,highs_pfba
b3590,selB,1,0,0.3983895354016796,0.3983895354016796,0.0,0,0.0,738.4130785798594,highs_pfba
b2173,yeiR,1,0,0.3983895354016796,0.3983895354016796,0.0,0,0.0,738.4130785798594,highs_pfba
b2918,argK,1,0,0.3983895354016796,0.3983895354016796,0.0,0,0.0,738.4130785798594,highs_pfba
b2727,hypB,1,0,0.3983895354016796,0.3983895354016796,0.0,0,0.0,738.4130785798594,highs_pfba
b4173,hflX,1,0,0.3983895354016796,0.3983895354016796,0.0,0,0.0,738.4130785798594,highs_pfba
b4352,yjiA,1,0,0.3983895354016796,0.3983895354016796,0.0,0,0.0,738.4130785798594,highs_pfba
b4161,rsgA,4,4,0.3983895354016796,0.3983895354016796,0.0,0,1.7199558672132393e-05,738.4130785798602,highs_pfba
b1852,zwf,1,380,0.3983895354016796,0.3939247349057719,0.0044648004959076,0,20.120913770936205,742.3103353557981,highs_pfba
b0134,panB,1,413,0.3983895354016796,-0.0,0.3983895354016796,1,3824.197602714801,398.2978723404253,highs_pfba
b2028,ugd,1,6,0.3983895354016796,0.3983895354016801,-4.996003610813204e-16,0,0.0311988539358596,738.4130785798969,highs_pfba
b2787,gudD,1,0,0.3983895354016796,0.3983895354016796,0.0,0,0.0,738.4130785798601,highs_pfba
b2788,gudX,1,0,0.3983895354016796,0.3983895354016796,0.0,0,0.0,738.4130785798601,highs_pfba
b3791,rffA,1,4,0.3983895354016796,0.3983895354016797,-1.1102230246251563e-16,0,1.719955867493185e-05,738.413078579891,highs_pfba
b3787,wecC,1,4,0.3983895354016796,0.3983895354016797,-1.1102230246251563e-16,0,1.719955867493185e-05,738.413078579891,highs_pfba
b1415,aldA,2,4,0.3983895354016796,0.3983895354016796,0.0,0,1.719955867218396e-05,738.41307857986,highs_pfba
b1493,gadB,1,0,0.3983895354016796,0.3983895354016804,-7.771561172376097e-16,0,0.0,738.4130785798667,highs_pfba
b3517,gadA,1,0,0.3983895354016796,0.3983895354016804,-7.771561172376097e-16,0,0.0,738.4130785798667,highs_pfba
b3551,bisC,3,4,0.3983895354016796,0.3983895354016796,-5.551115123125783e-17,0,1.719955867482134e-05,738.4130785798903,highs_pfba
b2750,cysC,1,413,0.3983895354016796,-0.0,0.3983895354016796,1,3824.1976027148,398.2978723404253,highs_pfba
b1622,malY,1,413,0.3983895354016796,-0.0,0.3983895354016796,1,3824.197602714793,398.2978723404256,highs_pfba
b3939,metB,1,413,0.3983895354016796,-0.0,0.3983895354016796,1,3824.197602714793,398.2978723404256,highs_pfba
b2661,gabD,1,4,0.3983895354016796,0.3983895354016797,-1.1102230246251563e-16,0,1.7199558671940858e-05,738.4130785798586,highs_pfba
b0241,phoE,283,413,0.3983895354016796,0.0,0.3983895354016796,1,19942.205127239395,0.0,infeasible
b2215,ompC,285,413,0.3983895354016796,0.0,0.3983895354016796,1,19942.205127239395,0.0,infeasible
b0929,ompF,285,413,0.3983895354016796,0.0,0.3983895354016796,1,19942.205127239395,0.0,infeasible
b1377,ompN,284,413,0.3983895354016796,0.0,0.3983895354016796,1,19942.205127239395,0.0,infeasible
b0411,tsx,7,12,0.3983895354016796,0.3983895354016795,5.551115123125783e-17,0,1.1931930560033503,738.4130785798895,highs_pfba
b1319,ompG,1,422,0.3983895354016796,0.1436253097289763,0.2547642256727032,0,20604.87543768448,903.366511242777,highs_pfba
b3875,ompL,3,422,0.3983895354016796,0.1436253097289763,0.2547642256727032,0,20604.87543768448,903.366511242777,highs_pfba
b0957,ompA,1,422,0.3983895354016796,0.1436253097289763,0.2547642256727032,0,20604.87543768448,903.366511242777,highs_pfba
b1805,fadD,10,4,0.3983895354016796,0.3983895354016789,7.2164496600635185e-16,0,1.719955867121149e-05,738.4130785798543,highs_pfba
b1701,fadK,10,4,0.3983895354016796,0.3983895354016789,7.2164496600635185e-16,0,1.719955867121149e-05,738.4130785798543,highs_pfba
b1646,sodC,1,0,0.3983895354016796,0.3983895354016796,0.0,0,0.0,738.4130785798601,highs_pfba
b2203,napB,2,0,0.3983895354016796,0.3983895354016796,0.0,0,0.0,738.4130785798606,highs_pfba
b2202,napC,2,0,0.3983895354016796,0.3983895354016796,0.0,0,0.0,738.4130785798606,highs_pfba
b2206,napA,2,0,0.3983895354016796,0.3983895354016796,0.0,0,0.0,738.4130785798606,highs_pfba
b2205,napG,1,0,0.3983895354016796,0.3983895354016796,0.0,0,0.0,738.4130785798604,highs_pfba
b2204,napH,1,0,0.3983895354016796,0.3983895354016796,0.0,0,0.0,738.4130785798604,highs_pfba
b0980,appA,2,0,0.3983895354016796,0.3983895354016796,0.0,0,0.0,738.41307857986,highs_pfba
b0383,phoA,15,12,0.3983895354016796,0.3983895354016796,-5.551115123125783e-17,0,0.1870341950450294,738.4130785798895,highs_pfba
b1468,narZ,2,10,0.3983895354016796,0.3983895354016796,0.0,0,0.0312160534945335,738.4130785798909,highs_pfba
b1224,narG,2,10,0.3983895354016796,0.3983895354016796,0.0,0,0.0312160534945335,738.4130785798909,highs_pfba
b1225,narH,2,10,0.3983895354016796,0.3983895354016796,0.0,0,0.0312160534945335,738.4130785798909,highs_pfba
b1226,narJ,2,10,0.3983895354016796,0.3983895354016796,0.0,0,0.0312160534945335,738.4130785798909,highs_pfba
b1227,narI,2,10,0.3983895354016796,0.3983895354016796,0.0,0,0.0312160534945335,738.4130785798909,highs_pfba
b1466,narW,2,10,0.3983895354016796,0.3983895354016796,0.0,0,0.0312160534945335,738.4130785798909,highs_pfba
b1467,narY,2,10,0.3983895354016796,0.3983895354016796,0.0,0,0.0312160534945335,738.4130785798909,highs_pfba
b1465,narV,2,10,0.3983895354016796,0.3983895354016796,0.0,0,0.0312160534945335,738.4130785798909,highs_pfba
b1602,pntB,1,0,0.3983895354016796,0.3983895354016796,0.0,0,0.0,738.4130785798604,highs_pfba
b1603,pntA,1,0,0.3983895354016796,0.3983895354016796,0.0,0,0.0,738.4130785798604,highs_pfba
b0997,torA,2,10,0.3983895354016796,0.3983895354016796,0.0,0,1.234204061760634,738.4130785798604,highs_pfba
b0996,torC,2,10,0.3983895354016796,0.3983895354016796,0.0,0,1.234204061760634,738.4130785798604,highs_pfba
b1873,torY,4,0,0.3983895354016796,0.3983895354016796,0.0,0,0.0,738.4130785798684,highs_pfba
b1872,torZ,4,0,0.3983895354016796,0.3983895354016796,0.0,0,0.0,738.4130785798684,highs_pfba
b3845,fadA,8,440,0.3983895354016796,0.3915030231418114,0.0068865122598681,0,8.385765260008293,738.3021694953196,highs_pfba
b2342,fadI,8,440,0.3983895354016796,0.3915030231418114,0.0068865122598681,0,8.385765260008293,738.3021694953196,highs_pfba
b4388,serB,1,407,0.3983895354016796,0.3818205324789346,0.0165690029227449,0,13.460825781954972,745.6788681535036,highs_pfba
b0010,satP,2,417,0.3983895354016796,0.3036382132470858,0.0947513221545937,0,1268.9437898165577,716.8421945667744,highs_pfba
b3528,dctA,6,4,0.3983895354016796,0.3983895354016796,0.0,0,1.719955867218396e-05,738.4130785798602,highs_pfba
b4123,dcuB,9,4,0.3983895354016796,0.3983895354016796,-5.551115123125783e-17,0,1.7199558674732936e-05,738.413078579889,highs_pfba
b0621,dcuC,4,4,0.3983895354016796,0.3983895354016795,5.551115123125783e-17,0,1.7199558674607694e-05,738.4130785798873,highs_pfba
b4138,dcuA,7,4,0.3983895354016796,0.3983895354016796,0.0,0,1.7199558674777134e-05,738.4130785798893,highs_pfba
b2417,crr,6,407,0.3983895354016796,0.3784700586315957,0.0199194767700838,0,386.44981177061743,751.1448185222498,highs_pfba
b2429,murP,2,0,0.3983895354016796,0.3983895354016796,0.0,0,0.0,738.4130785798601,highs_pfba
b2423,cysW,5,413,0.3983895354016796,-0.0,0.3983895354016796,1,3824.197602714804,398.2978723404251,highs_pfba
b2422,cysA,5,413,0.3983895354016796,-0.0,0.3983895354016796,1,3824.197602714804,398.2978723404251,highs_pfba
b0764,modB,3,413,0.3983895354016796,-0.0,0.3983895354016796,1,3824.197602714804,398.2978723404251,highs_pfba
b0765,modC,3,413,0.3983895354016796,-0.0,0.3983895354016796,1,3824.197602714804,398.2978723404251,highs_pfba
b0763,modA,3,413,0.3983895354016796,-0.0,0.3983895354016796,1,3824.197602714804,398.2978723404251,highs_pfba
b2425,cysP,5,413,0.3983895354016796,-0.0,0.3983895354016796,1,3824.197602714804,398.2978723404251,highs_pfba
b2424,cysU,5,413,0.3983895354016796,-0.0,0.3983895354016796,1,3824.197602714804,398.2978723404251,highs_pfba
b3917,sbp,5,413,0.3983895354016796,-0.0,0.3983895354016796,1,3824.197602714804,398.2978723404251,highs_pfba
b3063,ttdT,1,0,0.3983895354016796,0.3983895354016796,0.0,0,0.0,738.4130785798601,highs_pfba
b2913,serA,3,411,0.3983895354016796,0.3818205324789345,0.0165690029227451,0,15.634709549315096,745.6788681535025,highs_pfba
b0366,tauB,3,0,0.3983895354016796,0.3983895354016796,0.0,0,0.0,738.4130785798601,highs_pfba
b0367,tauC,3,0,0.3983895354016796,0.3983895354016796,0.0,0,0.0,738.4130785798601,highs_pfba
b0365,tauA,3,0,0.3983895354016796,0.3983895354016796,0.0,0,0.0,738.4130785798601,highs_pfba
b2964,nupG,11,4,0.3983895354016796,0.3983895354016796,0.0,0,1.7199558672213427e-05,738.4130785798604,highs_pfba
b2393,nupC,8,10,0.3983895354016796,0.3983895354016796,-5.551115123125783e-17,0,0.1722528860658434,738.4130785798895,highs_pfba
b1291,sapD,1,311,0.3983895354016796,0.3979253782376473,0.0004641571640322,0,0.0139952844331011,738.3877421892569,highs_pfba
b1250,kch,1,311,0.3983895354016796,0.3979253782376473,0.0004641571640322,0,0.0139952844331011,738.3877421892569,highs_pfba
b1363,trkG,1,311,0.3983895354016796,0.3979253782376473,0.0004641571640322,0,0.0139952844331011,738.3877421892569,highs_pfba
b3290,trkA,1,311,0.3983895354016796,0.3979253782376473,0.0004641571640322,0,0.0139952844331011,738.3877421892569,highs_pfba
b3747,kup,1,311,0.3983895354016796,0.3979253782376473,0.0004641571640322,0,0.0139952844331011,738.3877421892569,highs_pfba
b3849,trkH,1,311,0.3983895354016796,0.3979253782376473,0.0004641571640322,0,0.0139952844331011,738.3877421892569,highs_pfba
b2587,kgtP,1,0,0.3983895354016796,0.3983895354016796,0.0,0,0.0,738.4130785798727,highs_pfba
b4031,xylE,1,0,0.3983895354016796,0.3983895354016796,0.0,0,0.0,738.4130785798601,highs_pfba
b0067,thiP,1,0,0.3983895354016796,0.3983895354016796,0.0,0,0.0,738.4130785798601,highs_pfba
b0066,thiQ,1,0,0.3983895354016796,0.3983895354016796,0.0,0,0.0,738.4130785798601,highs_pfba
b0068,tbpA,1,0,0.3983895354016796,0.3983895354016796,0.0,0,0.0,738.4130785798601,highs_pfba
b2406,xapB,6,10,0.3983895354016796,0.3983895354016796,0.0,0,0.1722528860659094,738.4130785798604,highs_pfba
b3460,livJ,5,4,0.3983895354016796,0.3983895354016796,0.0,0,1.7199558673473178e-05,738.413078579872,highs_pfba
b3455,livG,5,4,0.3983895354016796,0.3983895354016796,0.0,0,1.7199558673473178e-05,738.413078579872,highs_pfba
b3454,livF,5,4,0.3983895354016796,0.3983895354016796,0.0,0,1.7199558673473178e-05,738.413078579872,highs_pfba
b3457,livH,5,4,0.3983895354016796,0.3983895354016796,0.0,0,1.7199558673473178e-05,738.413078579872,highs_pfba
b3456,livM,5,4,0.3983895354016796,0.3983895354016796,0.0,0,1.7199558673473178e-05,738.413078579872,highs_pfba
b4240,treB,1,14,0.3983895354016796,0.3983895354016796,0.0,0,1.2342212613192447,738.4130785798714,highs_pfba
b3161,mtr,2,14,0.3983895354016796,0.3983895354016796,0.0,0,1.234221261319327,738.41307857986,highs_pfba
b3709,tnaB,1,14,0.3983895354016796,0.3983895354016796,0.0,0,1.2342212613191732,738.4130785798881,highs_pfba
b0112,aroP,4,12,0.3983895354016796,0.3983895354016797,-1.1102230246251563e-16,0,1.550718428358662,738.4130785798892,highs_pfba
b1907,tyrP,1,14,0.3983895354016796,0.3983895354016796,0.0,0,1.2342212613193304,738.4130785798601,highs_pfba
b3567,xylG,1,0,0.3983895354016796,0.3983895354016796,0.0,0,0.0,738.4130785798601,highs_pfba
b3566,xylF,1,0,0.3983895354016796,0.3983895354016796,0.0,0,0.0,738.4130785798601,highs_pfba
b3568,xylH,1,0,0.3983895354016796,0.3983895354016796,0.0,0,0.0,738.4130785798601,highs_pfba
b3577,yiaM,2,0,0.3983895354016796,0.3983895354016796,0.0,0,0.0,738.4130785798601,highs_pfba
b3578,yiaN,2,0,0.3983895354016796,0.3983895354016796,0.0,0,0.0,738.4130785798601,highs_pfba
b3579,yiaO,2,0,0.3983895354016796,0.3983895354016796,0.0,0,0.0,738.4130785798601,highs_pfba
b3089,sstT,2,0,0.3983895354016796,0.3983895354016796,0.0,0,0.0,738.4130785798604,highs_pfba
b2153,folE,1,413,0.3983895354016796,-0.0,0.3983895354016796,1,3824.197602714789,398.2978723404258,highs_pfba
b0935,ssuD,5,0,0.3983895354016796,0.3983895354016796,0.0,0,0.0,738.4130785798601,highs_pfba
b0151,fhuC,5,16,0.3983895354016796,0.3983895354016796,-5.551115123125783e-17,0,1.5507356279173488,738.4130785798872,highs_pfba
b0153,fhuB,5,16,0.3983895354016796,0.3983895354016796,-5.551115123125783e-17,0,1.5507356279173488,738.4130785798872,highs_pfba
b0152,fhuD,5,16,0.3983895354016796,0.3983895354016796,-5.551115123125783e-17,0,1.5507356279173488,738.4130785798872,highs_pfba
b0158,btuF,3,0,0.3983895354016796,0.3983895354016796,0.0,0,0.0,738.4130785798601,highs_pfba
b1709,btuD,3,0,0.3983895354016796,0.3983895354016796,0.0,0,0.0,738.4130785798601,highs_pfba
b1711,btuC,3,0,0.3983895354016796,0.3983895354016796,0.0,0,0.0,738.4130785798601,highs_pfba
b2223,atoE,3,0,0.3983895354016796,0.3983895354016796,0.0,0,0.0,738.4130785798884,highs_pfba
b1101,ptsG,2,406,0.3983895354016796,0.3784700586315957,0.0199194767700838,0,385.6962085136745,751.1448185222403,highs_pfba
b0679,nagE,1,0,0.3983895354016796,0.3983895354016796,0.0,0,0.0,738.4130785798604,highs_pfba
b1817,manX,6,408,0.3983895354016796,0.3784700586315957,0.0199194767700838,0,513.6572779735283,751.1448185222404,highs_pfba
b1819,manZ,6,408,0.3983895354016796,0.3784700586315957,0.0199194767700838,0,513.6572779735283,751.1448185222404,highs_pfba
b1818,manY,6,408,0.3983895354016796,0.3784700586315957,0.0199194767700838,0,513.6572779735283,751.1448185222404,highs_pfba
b3224,nanT,1,0,0.3983895354016796,0.3983895354016796,0.0,0,0.0,738.4130785798601,highs_pfba
b0311,betA,1,0,0.3983895354016796,0.3983895354016796,0.0,0,0.0,738.4130785798604,highs_pfba
b4381,deoC,1,0,0.3983895354016796,0.3983895354016796,-5.551115123125783e-17,0,0.0,738.4130785798906,highs_pfba
b0592,fepB,2,4,0.3983895354016796,0.3983895354016796,-5.551115123125783e-17,0,1.7199558672257635e-05,738.4130785798607,highs_pfba
b0590,fepD,2,4,0.3983895354016796,0.3983895354016796,-5.551115123125783e-17,0,1.7199558672257635e-05,738.4130785798607,highs_pfba
b0588,fepC,2,4,0.3983895354016796,0.3983895354016796,-5.551115123125783e-17,0,1.7199558672257635e-05,738.4130785798607,highs_pfba
b0589,fepG,2,4,0.3983895354016796,0.3983895354016796,-5.551115123125783e-17,0,1.7199558672257635e-05,738.4130785798607,highs_pfba
b2841,araE,1,0,0.3983895354016796,0.3983895354016802,-6.106226635438361e-16,0,0.0,738.4130785798975,highs_pfba
b2310,argT,3,4,0.3983895354016796,0.3983895354016795,1.1102230246251563e-16,0,1.7199558672043986e-05,738.4130785798598,highs_pfba
b2306,hisP,4,10,0.3983895354016796,0.3983895354016796,-5.551115123125783e-17,0,0.0312160534945355,738.4130785798895,highs_pfba
b2307,hisM,4,10,0.3983895354016796,0.3983895354016796,-5.551115123125783e-17,0,0.0312160534945355,738.4130785798895,highs_pfba
b2308,hisQ,4,10,0.3983895354016796,0.3983895354016796,-5.551115123125783e-17,0,0.0312160534945355,738.4130785798895,highs_pfba
b0864,artP,1,0,0.3983895354016796,0.3983895354016802,-6.661338147750939e-16,0,0.0,738.4130785798652,highs_pfba
b0861,artM,1,0,0.3983895354016796,0.3983895354016802,-6.661338147750939e-16,0,0.0,738.4130785798652,highs_pfba
b0860,artJ,1,0,0.3983895354016796,0.3983895354016802,-6.661338147750939e-16,0,0.0,738.4130785798652,highs_pfba
b0863,artI,1,0,0.3983895354016796,0.3983895354016802,-6.661338147750939e-16,0,0.0,738.4130785798652,highs_pfba
b0862,artQ,1,0,0.3983895354016796,0.3983895354016802,-6.661338147750939e-16,0,0.0,738.4130785798652,highs_pfba
b4115,adiC,1,4,0.3983895354016796,0.3983895354016799,-2.7755575615628914e-16,0,1.7199558673789975e-05,738.4130785798766,highs_pfba
b4193,ulaA,1,0,0.3983895354016796,0.3983895354016796,0.0,0,0.0,738.4130785798601,highs_pfba
b4195,ulaC,1,0,0.3983895354016796,0.3983895354016796,0.0,0,0.0,738.4130785798601,highs_pfba
b4194,ulaB,1,0,0.3983895354016796,0.3983895354016796,0.0,0,0.0,738.4130785798601,highs_pfba
b1453,ansP,1,4,0.3983895354016796,0.3983895354016795,5.551115123125783e-17,0,1.7199558674725564e-05,738.4130785798886,highs_pfba
b0654,gltJ,2,10,0.3983895354016796,0.3983895354016796,0.0,0,0.0312160534945527,738.4130785798678,highs_pfba
b0655,gltI,2,10,0.3983895354016796,0.3983895354016796,0.0,0,0.0312160534945527,738.4130785798678,highs_pfba
b0652,gltL,2,10,0.3983895354016796,0.3983895354016796,0.0,0,0.0312160534945527,738.4130785798678,highs_pfba
b0653,gltK,2,10,0.3983895354016796,0.3983895354016796,0.0,0,0.0312160534945527,738.4130785798678,highs_pfba
b4077,gltP,2,10,0.3983895354016796,0.3983895354016802,-6.661338147750939e-16,0,0.0312160534945349,738.4130785798964,highs_pfba
b0480,ushA,17,10,0.3983895354016796,0.3983895354016796,0.0,0,0.1722528860659131,738.4130785798611,highs_pfba
b4055,aphA,17,10,0.3983895354016796,0.3983895354016796,0.0,0,0.172252886065913,738.4130785798606,highs_pfba
b3127,garP,3,4,0.3983895354016796,0.3983895354016796,0.0,0,1.719955867364262e-05,738.4130785798742,highs_pfba
b2789,gudP,3,4,0.3983895354016796,0.3983895354016796,0.0,0,1.719955867364262e-05,738.4130785798742,highs_pfba
b2943,galP,2,10,0.3983895354016796,0.3983895354016796,-5.551115123125783e-17,0,0.031216053494537,738.4130785798893,highs_pfba
b2663,gabP,1,0,0.3983895354016796,0.3983895354016796,0.0,0,0.0,738.413078579873,highs_pfba
b1918,yecS,1,0,0.3983895354016796,0.3983895354016804,-7.771561172376097e-16,0,0.0,738.4130785799013,highs_pfba
b1917,yecC,1,0,0.3983895354016796,0.3983895354016804,-7.771561172376097e-16,0,0.0,738.4130785799013,highs_pfba
b1920,fliY,1,0,0.3983895354016796,0.3983895354016804,-7.771561172376097e-16,0,0.0,738.4130785799013,highs_pfba
b2704,srlB,2,0,0.3983895354016796,0.3983895354016796,0.0,0,0.0,738.4130785798601,highs_pfba
b2702,srlA,2,0,0.3983895354016796,0.3983895354016796,0.0,0,0.0,738.4130785798601,highs_pfba
b2703,srlE,2,0,0.3983895354016796,0.3983895354016796,0.0,0,0.0,738.4130785798601,highs_pfba
b1197,treA,1,0,0.3983895354016796,0.3983895354016796,0.0,0,0.0,738.4130785798601,highs_pfba
b4515,cydX,1,0,0.3983895354016796,0.3983895354016796,0.0,0,0.0,738.4130785798602,highs_pfba
b0733,cydA,1,0,0.3983895354016796,0.3983895354016796,0.0,0,0.0,738.4130785798602,highs_pfba
b0734,cydB,1,0,0.3983895354016796,0.3983895354016796,0.0,0,0.0,738.4130785798602,highs_pfba
b0979,appB,2,10,0.3983895354016796,0.3983895354016796,0.0,0,0.0312160534945634,738.4130785798593,highs_pfba
b0978,appC,2,10,0.3983895354016796,0.3983895354016796,0.0,0,0.0312160534945634,738.4130785798593,highs_pfba
b3734,atpA,1,413,0.3983895354016796,0.0,0.3983895354016796,1,19942.205127239395,0.0,infeasible
b3735,atpH,1,413,0.3983895354016796,0.0,0.3983895354016796,1,19942.205127239395,0.0,infeasible
b3736,atpF,1,413,0.3983895354016796,0.0,0.3983895354016796,1,19942.205127239395,0.0,infeasible
b3737,atpE,1,413,0.3983895354016796,0.0,0.3983895354016796,1,19942.205127239395,0.0,infeasible
b3731,atpC,1,413,0.3983895354016796,0.0,0.3983895354016796,1,19942.205127239395,0.0,infeasible
b3732,atpD,1,413,0.3983895354016796,0.0,0.3983895354016796,1,19942.205127239395,0.0,infeasible
b3733,atpG,1,413,0.3983895354016796,0.0,0.3983895354016796,1,19942.205127239395,0.0,infeasible
b3738,atpB,1,413,0.3983895354016796,0.0,0.3983895354016796,1,19942.205127239395,0.0,infeasible
b3739,atpI,1,413,0.3983895354016796,0.0,0.3983895354016796,1,19942.205127239395,0.0,infeasible
b4067,actP,2,4,0.3983895354016796,0.3983895354016798,-2.220446049250313e-16,0,1.7199558675071824e-05,738.4130785798935,highs_pfba
b3714,adeP,1,4,0.3983895354016796,0.3983895354016796,-5.551115123125783e-17,0,1.7199558674813974e-05,738.4130785798898,highs_pfba
b3654,xanP,3,4,0.3983895354016796,0.3983895354016813,-1.7208456881689926e-15,0,1.7199558676714722e-05,738.4130785799146,highs_pfba
b3664,adeQ,1,4,0.3983895354016796,0.3983895354016796,-5.551115123125783e-17,0,1.7199558674813974e-05,738.4130785798898,highs_pfba
b4088,alsB,2,0,0.3983895354016796,0.3983895354016796,0.0,0,0.0,738.4130785798601,highs_pfba
b4087,alsA,2,0,0.3983895354016796,0.3983895354016796,0.0,0,0.0,738.4130785798601,highs_pfba
b4086,alsC,2,0,0.3983895354016796,0.3983895354016796,0.0,0,0.0,738.4130785798601,highs_pfba
b0511,ybbW,1,4,0.3983895354016796,0.3983895354016796,-5.551115123125783e-17,0,1.7199558671948224e-05,738.4130785798591,highs_pfba
b1901,araF,1,4,0.3983895354016796,0.3983895354016796,-5.551115123125783e-17,0,1.7199558674813974e-05,738.4130785798901,highs_pfba
b1900,araG,1,4,0.3983895354016796,0.3983895354016796,-5.551115123125783e-17,0,1.7199558674813974e-05,738.4130785798901,highs_pfba
b4460,araH,1,4,0.3983895354016796,0.3983895354016796,-5.551115123125783e-17,0,1.7199558674813974e-05,738.4130785798901,highs_pfba
b0124,gcd,1,14,0.3983895354016796,0.3983895354016796,0.0,0,1.2342212613193233,738.41307857986,highs_pfba
b0837,yliI,1,14,0.3983895354016796,0.3983895354016796,0.0,0,1.2342212613193233,738.41307857986,highs_pfba
b4464,ghxQ,2,4,0.3983895354016796,0.3983895354016798,-2.220446049250313e-16,0,1.7199558674592972e-05,738.4130785798866,highs_pfba
b4064,ghxP,2,4,0.3983895354016796,0.3983895354016798,-2.220446049250313e-16,0,1.7199558674592972e-05,738.4130785798866,highs_pfba
b0974,hyaC,3,10,0.3983895354016796,0.3983895354016796,0.0,0,1.234204061760645,738.41307857986,highs_pfba
b0973,hyaB,3,10,0.3983895354016796,0.3983895354016796,0.0,0,1.234204061760645,738.41307857986,highs_pfba
b0972,hyaA,3,10,0.3983895354016796,0.3983895354016796,0.0,0,1.234204061760645,738.41307857986,highs_pfba
b2997,hybO,3,10,0.3983895354016796,0.3983895354016796,0.0,0,1.234204061760645,738.41307857986,highs_pfba
b2996,hybA,3,10,0.3983895354016796,0.3983895354016796,0.0,0,1.234204061760645,738.41307857986,highs_pfba
b2995,hybB,3,10,0.3983895354016796,0.3983895354016796,0.0,0,1.234204061760645,738.41307857986,highs_pfba
b2994,hybC,3,10,0.3983895354016796,0.3983895354016796,0.0,0,1.234204061760645,738.41307857986,highs_pfba
b4289,fecC,1,4,0.3983895354016796,0.3983895354016786,9.43689570931383e-16,0,1.7199558672463867e-05,738.4130785798623,highs_pfba
b4288,fecD,1,4,0.3983895354016796,0.3983895354016786,9.43689570931383e-16,0,1.7199558672463867e-05,738.4130785798623,highs_pfba
b4290,fecB,1,4,0.3983895354016796,0.3983895354016786,9.43689570931383e-16,0,1.7199558672463867e-05,738.4130785798623,highs_pfba
b4287,fecE,1,4,0.3983895354016796,0.3983895354016786,9.43689570931383e-16,0,1.7199558672463867e-05,738.4130785798623,highs_pfba
b1102,fhuE,1,4,0.3983895354016796,0.3983895354016796,-5.551115123125783e-17,0,1.719955867485081e-05,738.4130785798905,highs_pfba
b3006,exbB,10,16,0.3983895354016796,0.3983895354016796,-5.551115123125783e-17,0,1.5507356279173372,738.4130785798895,highs_pfba
b3005,exbD,10,16,0.3983895354016796,0.3983895354016796,-5.551115123125783e-17,0,1.5507356279173372,738.4130785798895,highs_pfba
b1252,tonB,10,16,0.3983895354016796,0.3983895354016796,-5.551115123125783e-17,0,1.5507356279173372,738.4130785798895,highs_pfba
b2315,folC,1,413,0.3983895354016796,-0.0,0.3983895354016796,1,3824.197602714789,398.2978723404258,highs_pfba
b0612,citT,1,0,0.3983895354016796,0.3983895354016796,0.0,0,0.0,738.4130785798884,highs_pfba
b0040,caiT,2,4,0.3983895354016796,0.3983895354016796,0.0,0,1.719955867497604e-05,738.4130785798918,highs_pfba
b2131,osmF,2,6,0.3983895354016796,0.3983895354016795,5.551115123125783e-17,0,0.031198853935858,738.4130785798902,highs_pfba
b2130,yehY,2,6,0.3983895354016796,0.3983895354016795,5.551115123125783e-17,0,0.031198853935858,738.4130785798902,highs_pfba
b2128,yehW,2,6,0.3983895354016796,0.3983895354016795,5.551115123125783e-17,0,0.031198853935858,738.4130785798902,highs_pfba
b2129,yehX,2,6,0.3983895354016796,0.3983895354016795,5.551115123125783e-17,0,0.031198853935858,738.4130785798902,highs_pfba
b3409,feoB,1,4,0.3983895354016796,0.3983895354016796,0.0,0,1.719955867218396e-05,738.4130785798602,highs_pfba
b2167,fruA,1,4,0.3983895354016796,0.3983895354016796,0.0,0,1.719955867218396e-05,738.4130785798602,highs_pfba
b2169,fruB,1,4,0.3983895354016796,0.3983895354016796,0.0,0,1.719955867218396e-05,738.4130785798602,highs_pfba
b2801,fucP,1,0,0.3983895354016796,0.3983895354016796,0.0,0,0.0,738.4130785798601,highs_pfba
b0584,fepA,1,4,0.3983895354016796,0.3983895354016796,-5.551115123125783e-17,0,1.7199558672257635e-05,738.4130785798607,highs_pfba
b0336,codB,1,0,0.3983895354016796,0.3983895354016796,0.0,0,0.0,738.4130785798601,highs_pfba
b0341,cynX,1,0,0.3983895354016796,0.3983895354016796,0.0,0,0.0,738.4130785798601,highs_pfba
b3909,kdgT,2,4,0.3983895354016796,0.3983895354016796,0.0,0,1.7199558673539484e-05,738.4130785798728,highs_pfba
b4036,lamB,7,2,0.3983895354016796,0.3983895354016795,5.551115123125783e-17,0,200.0,738.4130785798883,highs_pfba
b4291,fecA,1,4,0.3983895354016796,0.3983895354016786,9.43689570931383e-16,0,1.7199558672463867e-05,738.4130785798623,highs_pfba
b1119,nagK,1,4,0.3983895354016796,0.3983895354016802,-6.106226635438361e-16,0,1.7199558675012904e-05,738.4130785798914,highs_pfba
b3829,metE,1,413,0.3983895354016796,-0.0,0.3983895354016796,1,3824.197602714797,398.29787234042544,highs_pfba
b4019,metH,1,413,0.3983895354016796,-0.0,0.3983895354016796,1,3824.197602714797,398.29787234042544,highs_pfba
b0887,cydD,2,4,0.3983895354016796,0.3983895354016796,0.0,0,1.719955867490237e-05,738.4130785798908,highs_pfba
b0886,cydC,2,4,0.3983895354016796,0.3983895354016796,0.0,0,1.719955867490237e-05,738.4130785798908,highs_pfba
b2476,purC,1,413,0.3983895354016796,-0.0,0.3983895354016796,1,3824.197602714795,398.29787234042567,highs_pfba
b3125,garR,1,4,0.3983895354016796,0.3983895354016796,0.0,0,1.719955867222816e-05,738.4130785798606,highs_pfba
b0509,glxR,1,4,0.3983895354016796,0.3983895354016796,0.0,0,1.719955867222816e-05,738.4130785798606,highs_pfba
b2501,ppk,2,6,0.3983895354016796,0.3983895354016796,0.0,0,0.0311988539358596,738.4130785798893,highs_pfba
b3941,metF,1,413,0.3983895354016796,-0.0,0.3983895354016796,1,3824.197602714797,398.29787234042544,highs_pfba
b2574,nadB,4,413,0.3983895354016796,-0.0,0.3983895354016796,1,3824.197602714797,398.29787234042544,highs_pfba
b3177,folP,1,413,0.3983895354016796,-0.0,0.3983895354016796,1,3824.197602714789,398.2978723404258,highs_pfba
b0529,folD,2,410,0.3983895354016796,0.3893945383564886,0.008994997045191,0,5.651284309631151,741.3703980484438,highs_pfba
b4132,cadB,1,0,0.3983895354016796,0.3983895354016801,-4.996003610813204e-16,0,0.0,738.4130785798777,highs_pfba
b0750,nadA,1,413,0.3983895354016796,-0.0,0.3983895354016796,1,3824.197602714801,398.2978723404253,highs_pfba
b3605,lldD,2,6,0.3983895354016796,0.3983895354016795,5.551115123125783e-17,0,0.031198853935857,738.4130785798884,highs_pfba
b0306,ykgE,2,6,0.3983895354016796,0.3983895354016795,5.551115123125783e-17,0,0.031198853935857,738.4130785798884,highs_pfba
b0307,ykgF,2,6,0.3983895354016796,0.3983895354016795,5.551115123125783e-17,0,0.031198853935857,738.4130785798884,highs_pfba
b0308,ykgG,2,6,0.3983895354016796,0.3983895354016795,5.551115123125783e-17,0,0.031198853935857,738.4130785798884,highs_pfba
b0904,focA,2,4,0.3983895354016796,0.3983895354016796,0.0,0,1.719955867364262e-05,738.4130785798742,highs_pfba
b2492,focB,2,4,0.3983895354016796,0.3983895354016796,0.0,0,1.719955867364262e-05,738.4130785798742,highs_pfba
b3631,waaG,1,4,0.3983895354016796,0.3983895354016796,-5.551115123125783e-17,0,1.719955867482134e-05,738.4130785798903,highs_pfba
b0914,msbA,32,413,0.3983895354016796,-0.0,0.3983895354016796,1,3824.1976027148057,398.297872340425,highs_pfba
b1300,puuC,2,4,0.3983895354016796,0.3983895354016796,-5.551115123125783e-17,0,1.7199558674777138e-05,738.4130785798892,highs_pfba
b1967,hchA,1,4,0.3983895354016796,0.3983895354016796,0.0,0,1.7199558672213427e-05,738.4130785798604,highs_pfba
b0933,ssuB,5,0,0.3983895354016796,0.3983895354016796,0.0,0,0.0,738.4130785798601,highs_pfba
b0936,ssuA,5,0,0.3983895354016796,0.3983895354016796,0.0,0,0.0,738.4130785798601,highs_pfba
b0934,ssuC,5,0,0.3983895354016796,0.3983895354016796,0.0,0,0.0,738.4130785798601,highs_pfba
b2032,wbbK,1,0,0.3983895354016796,0.3983895354016796,0.0,0,0.0,738.4130785798601,highs_pfba
b2027,wzzB,3,0,0.3983895354016796,0.3983895354016796,0.0,0,0.0,738.4130785798601,highs_pfba
b2035,wbbH,3,0,0.3983895354016796,0.3983895354016796,0.0,0,0.0,738.4130785798601,highs_pfba
b3622,waaL,2,4,0.3983895354016796,0.3983895354016797,-1.1102230246251563e-16,0,1.719955867493185e-05,738.413078579891,highs_pfba
b0459,maa,2,0,0.3983895354016796,0.3983895354016796,0.0,0,0.0,738.4130785798601,highs_pfba
b0585,fes,2,4,0.3983895354016796,0.3983895354016796,0.0,0,1.719955867427618e-05,738.4130785798818,highs_pfba
b1326,mpaA,1,4,0.3983895354016796,0.3983895354016797,-1.6653345369377348e-16,0,1.7199558674961317e-05,738.413078579892,highs_pfba
b1325,ycjG,1,4,0.3983895354016796,0.3983895354016797,-1.6653345369377348e-16,0,1.7199558674961317e-05,738.413078579892,highs_pfba
b0591,entS,1,0,0.3983895354016796,0.3983895354016796,-5.551115123125783e-17,0,0.0,738.4130785798916,highs_pfba
b3035,tolC,9,0,0.3983895354016796,0.3983895354016796,-5.551115123125783e-17,0,0.0,738.4130785798903,highs_pfba
b0692,potE,2,6,0.3983895354016796,0.3983895354016796,0.0,0,0.0311988539358632,738.413078579883,highs_pfba
b2014,plaP,1,4,0.3983895354016796,0.3983895354016796,0.0,0,1.719955867352475e-05,738.4130785798731,highs_pfba
b1296,puuP,1,4,0.3983895354016796,0.3983895354016796,0.0,0,1.719955867352475e-05,738.4130785798731,highs_pfba
b1298,puuD,1,4,0.3983895354016796,0.3983895354016796,-5.551115123125783e-17,0,1.7199558674777138e-05,738.4130785798892,highs_pfba
b3374,frlD,1,0,0.3983895354016796,0.3983895354016796,0.0,0,0.0,738.4130785798601,highs_pfba
b1308,pspE,1,0,0.3983895354016796,0.3983895354016796,0.0,0,0.0,738.4130785798601,highs_pfba
b2197,ccmE,1,4,0.3983895354016796,0.3983895354016796,0.0,0,1.7199558674865537e-05,738.4130785798898,highs_pfba
b2201,ccmA,1,4,0.3983895354016796,0.3983895354016796,0.0,0,1.7199558674865537e-05,738.4130785798898,highs_pfba
b2200,ccmB,1,4,0.3983895354016796,0.3983895354016796,0.0,0,1.7199558674865537e-05,738.4130785798898,highs_pfba
b2199,ccmC,1,4,0.3983895354016796,0.3983895354016796,0.0,0,1.7199558674865537e-05,738.4130785798898,highs_pfba
b2198,ccmD,1,4,0.3983895354016796,0.3983895354016796,0.0,0,1.7199558674865537e-05,738.4130785798898,highs_pfba
b0622,pagP,2,14,0.3983895354016796,0.3983895354016796,0.0,0,0.3219859621775524,738.4130785798917,highs_pfba
b3785,wzzE,3,4,0.3983895354016796,0.3983895354016797,-1.1102230246251563e-16,0,1.719955867493185e-05,738.413078579891,highs_pfba
b3793,wzyE,3,4,0.3983895354016796,0.3983895354016797,-1.1102230246251563e-16,0,1.719955867493185e-05,738.413078579891,highs_pfba
b2552,hmp,2,6,0.3983895354016796,0.3983895354016796,0.0,0,0.0311988539358909,738.4130785798598,highs_pfba
b0756,galM,1,0,0.3983895354016796,0.3983895354016796,0.0,0,0.0,738.4130785798601,highs_pfba
b0484,copA,1,4,0.3983895354016796,0.3983895354016796,0.0,0,1.7199558672110292e-05,738.4130785798593,highs_pfba
b3469,zntA,6,12,0.3983895354016796,0.3983895354016796,0.0,0,1.193193056003494,738.4130785798604,highs_pfba
b3626,waaJ,1,4,0.3983895354016796,0.3983895354016796,-5.551115123125783e-17,0,1.719955867482134e-05,738.4130785798903,highs_pfba
b3623,waaU,1,4,0.3983895354016796,0.3983895354016796,-5.551115123125783e-17,0,1.719955867482134e-05,738.4130785798903,highs_pfba
b2257,arnT,1,6,0.3983895354016796,0.3983895354016801,-4.996003610813204e-16,0,0.031198853935875,738.4130785798784,highs_pfba
b2711,norW,1,4,0.3983895354016796,0.3983895354016796,0.0,0,1.7199558672125023e-05,738.4130785798598,highs_pfba
b2710,norV,1,4,0.3983895354016796,0.3983895354016796,0.0,0,1.7199558672125023e-05,738.4130785798598,highs_pfba
b4111,proP,5,4,0.3983895354016796,0.3983895354016795,5.551115123125783e-17,0,1.7199558674696097e-05,738.4130785798883,highs_pfba
b1386,tynA,3,0,0.3983895354016796,0.3983895354016796,0.0,0,0.0,738.4130785798601,highs_pfba
b4072,nrfC,2,6,0.3983895354016796,0.3983895354016796,0.0,0,0.0311988539358909,738.4130785798598,highs_pfba
b4073,nrfD,2,6,0.3983895354016796,0.3983895354016796,0.0,0,0.0311988539358909,738.4130785798598,highs_pfba
b4070,nrfA,2,6,0.3983895354016796,0.3983895354016796,0.0,0,0.0311988539358909,738.4130785798598,highs_pfba
b4071,nrfB,2,6,0.3983895354016796,0.3983895354016796,0.0,0,0.0311988539358909,738.4130785798598,highs_pfba
b3679,yidK,1,0,0.3983895354016796,0.3983895354016796,0.0,0,0.0,738.4130785798601,highs_pfba
b0110,ampD,4,0,0.3983895354016796,0.3983895354016796,0.0,0,0.0,738.4130785798731,highs_pfba
b1463,nhoA,1,0,0.3983895354016796,0.3983895354016796,0.0,0,0.0,738.4130785798601,highs_pfba
b4219,msrA,1,4,0.3983895354016796,0.3983895354016796,-5.551115123125783e-17,0,1.719955867482134e-05,738.4130785798903,highs_pfba
b1832,msrC,1,4,0.3983895354016796,0.3983895354016796,-5.551115123125783e-17,0,1.719955867482134e-05,738.4130785798903,highs_pfba
b1778,msrB,1,4,0.3983895354016796,0.3983895354016796,-5.551115123125783e-17,0,1.719955867482134e-05,738.4130785798903,highs_pfba
b2871,ygeX,1,0,0.3983895354016796,0.3983895354016796,0.0,0,0.0,738.4130785798601,highs_pfba
b0932,pepN,2,4,0.3983895354016796,0.3983895354016787,8.326672684688674e-16,0,1.7199558671152548e-05,738.4130785798543,highs_pfba
b4260,pepA,2,4,0.3983895354016796,0.3983895354016787,8.326672684688674e-16,0,1.7199558671152548e-05,738.4130785798543,highs_pfba
b2523,pepB,2,4,0.3983895354016796,0.3983895354016787,8.326672684688674e-16,0,1.7199558671152548e-05,738.4130785798543,highs_pfba
b0237,pepD,3,10,0.3983895354016796,0.3983895354016784,1.2212453270876722e-15,0,0.1722528860658564,738.4130785798733,highs_pfba
b2132,bglX,1,4,0.3983895354016796,0.3983895354016796,0.0,0,1.7199558673539484e-05,738.4130785798728,highs_pfba
b2239,glpQ,5,4,0.3983895354016796,0.3983895354016802,-6.661338147750939e-16,0,1.7199558675550696e-05,738.4130785798991,highs_pfba
b2435,amiA,2,10,0.3983895354016796,0.3983895354016796,0.0,0,0.0312160534945349,738.4130785798893,highs_pfba
b0867,amiD,2,10,0.3983895354016796,0.3983895354016796,0.0,0,0.0312160534945349,738.4130785798893,highs_pfba
b2817,amiC,2,10,0.3983895354016796,0.3983895354016796,0.0,0,0.0312160534945349,738.4130785798893,highs_pfba
b4169,amiB,2,10,0.3983895354016796,0.3983895354016796,0.0,0,0.0312160534945349,738.4130785798893,highs_pfba
b3610,grxC,6,10,0.3983895354016796,0.3983895354016795,5.551115123125783e-17,0,0.0006691908109242,738.4130785798884,highs_pfba
b2676,nrdF,4,0,0.3983895354016796,0.3983895354016802,-6.106226635438361e-16,0,0.0,738.413078579899,highs_pfba
b1064,grxB,7,10,0.3983895354016796,0.3983895354016795,5.551115123125783e-17,0,0.0006691908109242,738.4130785798884,highs_pfba
b2675,nrdE,4,0,0.3983895354016796,0.3983895354016802,-6.106226635438361e-16,0,0.0,738.413078579899,highs_pfba
b0849,grxA,6,10,0.3983895354016796,0.3983895354016795,5.551115123125783e-17,0,0.0006691908109242,738.4130785798884,highs_pfba
b1654,grxD,6,10,0.3983895354016796,0.3983895354016795,5.551115123125783e-17,0,0.0006691908109242,738.4130785798884,highs_pfba
b3336,bfr,1,4,0.3983895354016796,0.3983895354016796,0.0,0,1.7199558674777134e-05,738.4130785798893,highs_pfba
b0123,cueO,2,4,0.3983895354016796,0.3983895354016796,0.0,0,1.719955867497604e-05,738.4130785798911,highs_pfba
b1192,ldcA,4,0,0.3983895354016796,0.3983895354016796,-5.551115123125783e-17,0,0.0,738.4130785798892,highs_pfba
b1270,btuR,2,0,0.3983895354016796,0.3983895354016796,0.0,0,0.0,738.4130785798601,highs_pfba
b1246,oppD,2,6,0.3983895354016796,0.3983895354016796,0.0,0,0.0311988539358703,738.4130785798798,highs_pfba
b1247,oppF,2,6,0.3983895354016796,0.3983895354016796,0.0,0,0.0311988539358703,738.4130785798798,highs_pfba
b1244,oppB,2,6,0.3983895354016796,0.3983895354016796,0.0,0,0.0311988539358703,738.4130785798798,highs_pfba
b1245,oppC,2,6,0.3983895354016796,0.3983895354016796,0.0,0,0.0311988539358703,738.4130785798798,highs_pfba
b1243,oppA,2,6,0.3983895354016796,0.3983895354016796,0.0,0,0.0311988539358703,738.4130785798798,highs_pfba
b2180,yejF,2,6,0.3983895354016796,0.3983895354016796,0.0,0,0.0311988539358703,738.4130785798798,highs_pfba
b2179,yejE,2,6,0.3983895354016796,0.3983895354016796,0.0,0,0.0311988539358703,738.4130785798798,highs_pfba
b1329,mppA,1,4,0.3983895354016796,0.3983895354016796,0.0,0,1.7199558674850803e-05,738.4130785798901,highs_pfba
b2177,yejA,2,6,0.3983895354016796,0.3983895354016796,0.0,0,0.0311988539358703,738.4130785798798,highs_pfba
b2178,yejB,2,6,0.3983895354016796,0.3983895354016796,0.0,0,0.0311988539358703,738.4130785798798,highs_pfba
b0433,ampG,3,10,0.3983895354016796,0.3983895354016802,-6.106226635438361e-16,0,1.2342040617605647,738.4130785798794,highs_pfba
b4367,fhuF,3,0,0.3983895354016796,0.3983895354016796,0.0,0,0.0,738.4130785798609,highs_pfba
b0573,cusF,2,4,0.3983895354016796,0.3983895354016796,0.0,0,1.7199558672110292e-05,738.4130785798593,highs_pfba
b0572,cusC,2,4,0.3983895354016796,0.3983895354016796,0.0,0,1.7199558672110292e-05,738.4130785798593,highs_pfba
b0575,cusA,2,4,0.3983895354016796,0.3983895354016796,0.0,0,1.7199558672110292e-05,738.4130785798593,highs_pfba
b0574,cusB,2,4,0.3983895354016796,0.3983895354016796,0.0,0,1.7199558672110292e-05,738.4130785798593,highs_pfba
b3915,fieF,7,4,0.3983895354016796,0.3983895354016798,-2.220446049250313e-16,0,1.7199558673863643e-05,738.4130785798773,highs_pfba
b0752,zitB,5,14,0.3983895354016796,0.3983895354016804,-7.771561172376097e-16,0,1.5036939000846707,738.4130785799005,highs_pfba
b1859,znuB,1,4,0.3983895354016796,0.3983895354016796,0.0,0,1.719955867364262e-05,738.4130785798743,highs_pfba
b1858,znuC,1,4,0.3983895354016796,0.3983895354016796,0.0,0,1.719955867364262e-05,738.4130785798743,highs_pfba
b1857,znuA,1,4,0.3983895354016796,0.3983895354016796,0.0,0,1.719955867364262e-05,738.4130785798743,highs_pfba
b1981,shiA,1,0,0.3983895354016796,0.3983895354016796,0.0,0,0.0,738.4130785798601,highs_pfba
b2392,mntH,2,4,0.3983895354016796,0.3983895354016796,0.0,0,1.7199558673067995e-05,738.4130785798666,highs_pfba
b0452,tesB,10,439,0.3983895354016796,0.3915030231418106,0.0068865122598689,0,6.927311779422618,738.3021694952998,highs_pfba
b1927,amyA,1,0,0.3983895354016796,0.3983895354016796,0.0,0,0.0,738.4130785798601,highs_pfba
b3571,malS,1,0,0.3983895354016796,0.3983895354016796,0.0,0,0.0,738.4130785798601,highs_pfba
b3650,spoT,3,0,0.3983895354016796,0.3983895354016794,2.220446049250313e-16,0,0.0,738.4130785798765,highs_pfba
b2344,fadL,7,0,0.3983895354016796,0.3983895354016796,0.0,0,0.0,738.4130785798638,highs_pfba
b4213,cpdB,8,4,0.3983895354016796,0.3983895354016796,0.0,0,1.7199558672213427e-05,738.4130785798604,highs_pfba
b1059,solA,2,0,0.3983895354016796,0.3983895354016796,0.0,0,0.0,738.4130785798601,highs_pfba
b1727,yniC,4,0,0.3983895354016796,0.3983895354016798,-2.220446049250313e-16,0,0.0,738.4130785798959,highs_pfba
b3580,lyxK,2,0,0.3983895354016796,0.3983895354016796,0.0,0,0.0,738.4130785798601,highs_pfba
b2051,gmm,1,4,0.3983895354016796,0.3983895354016804,-7.771561172376097e-16,0,1.7199558672751255e-05,738.4130785798634,highs_pfba
b4265,idnT,3,4,0.3983895354016796,0.3983895354016796,-5.551115123125783e-17,0,1.71995586721987e-05,738.4130785798606,highs_pfba
b3266,acrF,1,0,0.3983895354016796,0.3983895354016795,5.551115123125783e-17,0,0.0,738.4130785798886,highs_pfba
b3265,acrE,1,0,0.3983895354016796,0.3983895354016795,5.551115123125783e-17,0,0.0,738.4130785798886,highs_pfba
b3907,rhaT,2,0,0.3983895354016796,0.3983895354016796,0.0,0,0.0,738.4130785798601,highs_pfba
b3477,nikB,1,4,0.3983895354016796,0.3983895354016796,0.0,0,1.7199558672132393e-05,738.4130785798601,highs_pfba
b3476,nikA,1,4,0.3983895354016796,0.3983895354016796,0.0,0,1.7199558672132393e-05,738.4130785798601,highs_pfba
b3480,nikE,1,4,0.3983895354016796,0.3983895354016796,0.0,0,1.7199558672132393e-05,738.4130785798601,highs_pfba
b3478,nikC,1,4,0.3983895354016796,0.3983895354016796,0.0,0,1.7199558672132393e-05,738.4130785798601,highs_pfba
b3479,nikD,1,4,0.3983895354016796,0.3983895354016796,0.0,0,1.7199558672132393e-05,738.4130785798601,highs_pfba
b4242,mgtA,2,6,0.3983895354016796,0.3983895354016795,5.551115123125783e-17,0,0.031198853935858,738.4130785798884,highs_pfba
b4094,phnN,1,4,0.3983895354016796,0.3983895354016795,5.551115123125783e-17,0,1.71995586747403e-05,738.4130785798884,highs_pfba
b0698,kdpA,1,0,0.3983895354016796,0.3983895354016796,0.0,0,0.0,738.4130785798595,highs_pfba
b0696,kdpC,1,0,0.3983895354016796,0.3983895354016796,0.0,0,0.0,738.4130785798595,highs_pfba
b0697,kdpB,1,0,0.3983895354016796,0.3983895354016796,0.0,0,0.0,738.4130785798595,highs_pfba
b4513,kdpF,1,0,0.3983895354016796,0.3983895354016796,0.0,0,0.0,738.4130785798595,highs_pfba
b3458,livK,1,4,0.3983895354016796,0.3983895354016796,0.0,0,1.719955867222816e-05,738.4130785798607,highs_pfba
b2975,glcA,3,0,0.3983895354016796,0.3983895354016795,5.551115123125783e-17,0,0.0,738.4130785798721,highs_pfba
b3603,lldP,3,0,0.3983895354016796,0.3983895354016795,5.551115123125783e-17,0,0.0,738.4130785798721,highs_pfba
b4034,malE,6,0,0.3983895354016796,0.3983895354016796,0.0,0,0.0,738.4130785798601,highs_pfba
b4035,malK,6,0,0.3983895354016796,0.3983895354016796,0.0,0,0.0,738.4130785798601,highs_pfba
b4032,malG,6,0,0.3983895354016796,0.3983895354016796,0.0,0,0.0,738.4130785798601,highs_pfba
b4033,malF,6,0,0.3983895354016796,0.3983895354016796,0.0,0,0.0,738.4130785798601,highs_pfba
b3666,uhpT,4,0,0.3983895354016796,0.3983895354016796,0.0,0,0.0,738.4130785798601,highs_pfba
b0731,mngA,1,0,0.3983895354016796,0.3983895354016796,0.0,0,0.0,738.4130785798601,highs_pfba
b4120,melB,1,4,0.3983895354016796,0.3983895354016796,0.0,0,1.7199558672301833e-05,738.4130785798609,highs_pfba
b0343,lacY,2,4,0.3983895354016796,0.3983895354016796,0.0,0,1.719955867344371e-05,738.413078579872,highs_pfba
b0197,metQ,2,4,0.3983895354016796,0.3983895354016795,5.551115123125783e-17,0,1.7199558671999784e-05,738.4130785798594,highs_pfba
b0199,metN,2,4,0.3983895354016796,0.3983895354016795,5.551115123125783e-17,0,1.7199558671999784e-05,738.4130785798594,highs_pfba
b0198,metI,2,4,0.3983895354016796,0.3983895354016795,5.551115123125783e-17,0,1.7199558671999784e-05,738.4130785798594,highs_pfba
b1297,puuA,1,4,0.3983895354016796,0.3983895354016796,-5.551115123125783e-17,0,1.7199558674777138e-05,738.4130785798892,highs_pfba
b2933,cmtA,1,0,0.3983895354016796,0.3983895354016796,0.0,0,0.0,738.4130785798601,highs_pfba
b2934,cmtB,1,0,0.3983895354016796,0.3983895354016796,0.0,0,0.0,738.4130785798601,highs_pfba
b3599,mtlA,1,0,0.3983895354016796,0.3983895354016796,0.0,0,0.0,738.4130785798601,highs_pfba
b1186,nhaB,1,4,0.3983895354016796,0.3983895354016796,0.0,0,1.7199558673539484e-05,738.413078579873,highs_pfba
b0019,nhaA,1,4,0.3983895354016796,0.3983895354016795,5.551115123125783e-17,0,1.71995586747403e-05,738.4130785798884,highs_pfba
b0451,amtB,1,413,0.3983895354016796,-0.0,0.3983895354016796,1,3824.1976027147966,398.29787234042544,highs_pfba
b0751,pnuC,1,0,0.3983895354016796,0.3983895354016796,0.0,0,0.0,738.4130785798601,highs_pfba
b1223,narK,2,6,0.3983895354016796,0.3983895354016796,0.0,0,0.0311988539358904,738.4130785798594,highs_pfba
b3367,nirC,1,4,0.3983895354016796,0.3983895354016796,0.0,0,1.719955867218396e-05,738.4130785798601,highs_pfba
b1469,narU,1,4,0.3983895354016796,0.3983895354016796,0.0,0,1.7199558673480547e-05,738.413078579872,highs_pfba
b3728,pstS,1,4,0.3983895354016796,0.3983895354016796,-5.551115123125783e-17,0,1.719955867485081e-05,738.4130785798905,highs_pfba
b3727,pstC,1,4,0.3983895354016796,0.3983895354016796,-5.551115123125783e-17,0,1.719955867485081e-05,738.4130785798905,highs_pfba
b3726,pstA,1,4,0.3983895354016796,0.3983895354016796,-5.551115123125783e-17,0,1.719955867485081e-05,738.4130785798905,highs_pfba
b3725,pstB,1,4,0.3983895354016796,0.3983895354016796,-5.551115123125783e-17,0,1.719955867485081e-05,738.4130785798905,highs_pfba
b3258,panF,1,0,0.3983895354016796,0.3983895354016796,0.0,0,0.0,738.4130785798601,highs_pfba
b3371,frlB,1,0,0.3983895354016796,0.3983895354016796,0.0,0,0.0,738.4130785798601,highs_pfba
b2677,proV,5,4,0.3983895354016796,0.3983895354016802,-6.106226635438361e-16,0,1.7199558675572796e-05,738.4130785798994,highs_pfba
b2678,proW,5,4,0.3983895354016796,0.3983895354016802,-6.106226635438361e-16,0,1.7199558675572796e-05,738.4130785798994,highs_pfba
b2679,proX,5,4,0.3983895354016796,0.3983895354016802,-6.106226635438361e-16,0,1.7199558675572796e-05,738.4130785798994,highs_pfba
b0402,proY,1,4,0.3983895354016796,0.3983895354016796,-5.551115123125783e-17,0,1.719955867202926e-05,738.4130785798595,highs_pfba
b1015,putP,2,4,0.3983895354016796,0.3983895354016796,-5.551115123125783e-17,0,1.7199558673495286e-05,738.4130785798732,highs_pfba
b0854,potF,1,4,0.3983895354016796,0.3983895354016796,0.0,0,1.7199558672198695e-05,738.4130785798606,highs_pfba
b0855,potG,1,4,0.3983895354016796,0.3983895354016796,0.0,0,1.7199558672198695e-05,738.4130785798606,highs_pfba
b0856,potH,1,4,0.3983895354016796,0.3983895354016796,0.0,0,1.7199558672198695e-05,738.4130785798606,highs_pfba
b0857,potI,1,4,0.3983895354016796,0.3983895354016796,0.0,0,1.7199558672198695e-05,738.4130785798606,highs_pfba
b1440,ydcS,2,0,0.3983895354016796,0.3983895354016795,5.551115123125783e-17,0,0.0,738.4130785798599,highs_pfba
b1441,ydcT,2,0,0.3983895354016796,0.3983895354016795,5.551115123125783e-17,0,0.0,738.4130785798599,highs_pfba
b1442,ydcU,2,0,0.3983895354016796,0.3983895354016795,5.551115123125783e-17,0,0.0,738.4130785798599,highs_pfba
b1443,ydcV,2,0,0.3983895354016796,0.3983895354016795,5.551115123125783e-17,0,0.0,738.4130785798599,highs_pfba
b1126,potA,2,0,0.3983895354016796,0.3983895354016795,5.551115123125783e-17,0,0.0,738.4130785798599,highs_pfba
b1125,potB,2,0,0.3983895354016796,0.3983895354016795,5.551115123125783e-17,0,0.0,738.4130785798599,highs_pfba
b1124,potC,2,0,0.3983895354016796,0.3983895354016795,5.551115123125783e-17,0,0.0,738.4130785798599,highs_pfba
b1123,potD,2,0,0.3983895354016796,0.3983895354016795,5.551115123125783e-17,0,0.0,738.4130785798599,highs_pfba
b2957,ansB,2,0,0.3983895354016796,0.3983895354016795,5.551115123125783e-17,0,0.0,738.4130785798884,highs_pfba
b0150,fhuA,3,4,0.3983895354016796,0.3983895354016802,-6.106226635438361e-16,0,1.7199558672758614e-05,738.4130785798636,highs_pfba
b1865,nudB,2,413,0.3983895354016796,-0.0,0.3983895354016796,1,3824.1976027148,398.2978723404253,highs_pfba
b2954,rdgB,3,4,0.3983895354016796,0.3983895354016796,0.0,0,1.719955867283962e-05,738.4130785798642,highs_pfba
b1002,agp,2,0,0.3983895354016796,0.3983895354016796,0.0,0,0.0,738.4130785798734,highs_pfba
b2938,speA,1,0,0.3983895354016796,0.3983895354016796,0.0,0,0.0,738.4130785798901,highs_pfba
b4090,rpiB,2,413,0.3983895354016796,0.2242989087467231,0.1740906266549564,0,898.9509610468727,737.0586325349611,highs_pfba
b4084,alsK,1,0,0.3983895354016796,0.3983895354016796,0.0,0,0.0,738.4130785798601,highs_pfba
b4085,alsE,1,0,0.3983895354016796,0.3983895354016796,0.0,0,0.0,738.4130785798601,highs_pfba
b4230,ytfT,2,4,0.3983895354016796,0.3983895354016796,0.0,0,1.7199558672198695e-05,738.4130785798606,highs_pfba
b4231,yjfF,2,4,0.3983895354016796,0.3983895354016796,0.0,0,1.7199558672198695e-05,738.4130785798606,highs_pfba
b4485,ytfR,2,4,0.3983895354016796,0.3983895354016796,0.0,0,1.7199558672198695e-05,738.4130785798606,highs_pfba
b4227,ytfQ,2,4,0.3983895354016796,0.3983895354016796,0.0,0,1.7199558672198695e-05,738.4130785798606,highs_pfba
b3750,rbsC,1,0,0.3983895354016796,0.3983895354016796,0.0,0,0.0,738.4130785798601,highs_pfba
b3751,rbsB,1,0,0.3983895354016796,0.3983895354016796,0.0,0,0.0,738.4130785798601,highs_pfba
b3749,rbsA,1,0,0.3983895354016796,0.3983895354016796,0.0,0,0.0,738.4130785798601,highs_pfba
b3748,rbsD,1,0,0.3983895354016796,0.3983895354016796,0.0,0,0.0,738.4130785798601,highs_pfba
b0260,mmuP,1,0,0.3983895354016796,0.3983895354016796,0.0,0,0.0,738.4130785798601,highs_pfba
b0810,glnP,1,14,0.3983895354016796,0.3983895354016796,0.0,0,1.2342212613192276,738.4130785798742,highs_pfba
b0811,glnH,1,14,0.3983895354016796,0.3983895354016796,0.0,0,1.2342212613192276,738.4130785798742,highs_pfba
b0809,glnQ,1,14,0.3983895354016796,0.3983895354016796,0.0,0,1.2342212613192276,738.4130785798742,highs_pfba
b1492,gadC,1,4,0.3983895354016796,0.3983895354016796,0.0,0,1.7199558674983407e-05,738.4130785798925,highs_pfba
b3653,gltS,1,4,0.3983895354016796,0.3983895354016804,-7.771561172376097e-16,0,1.7199558674349888e-05,738.4130785798836,highs_pfba
b3927,glpF,4,4,0.3983895354016796,0.3983895354016795,5.551115123125783e-17,0,1.71995586747403e-05,738.4130785798884,highs_pfba
b3959,argB,1,413,0.3983895354016796,-0.0,0.3983895354016796,1,3824.1976027147743,398.29787234042647,highs_pfba
b1528,ydeA,3,6,0.3983895354016796,0.3983895354016801,-4.996003610813204e-16,0,0.031198853935875,738.4130785798784,highs_pfba
b2170,setB,1,0,0.3983895354016796,0.3983895354016796,0.0,0,0.0,738.4130785798725,highs_pfba
b0070,setA,1,0,0.3983895354016796,0.3983895354016796,0.0,0,0.0,738.4130785798725,highs_pfba
b2303,folX,1,0,0.3983895354016796,0.3983895354016796,0.0,0,0.0,738.4130785798601,highs_pfba
b3028,mdaB,3,4,0.3983895354016796,0.3983895354016799,-2.7755575615628914e-16,0,1.7199558675123398e-05,738.4130785798939,highs_pfba
b3432,glgB,1,10,0.3983895354016796,0.3983895354016804,-7.771561172376097e-16,0,0.1722528860658767,738.4130785798841,highs_pfba
b3503,arsC,1,0,0.3983895354016796,0.3983895354016796,0.0,0,0.0,738.4130785798601,highs_pfba
b4321,gntP,2,0,0.3983895354016796,0.3983895354016802,-6.661338147750939e-16,0,0.0,738.4130785798826,highs_pfba
b3792,wzxE,1,4,0.3983895354016796,0.3983895354016797,-1.1102230246251563e-16,0,1.719955867493185e-05,738.413078579891,highs_pfba
b2033,wbbJ,1,0,0.3983895354016796,0.3983895354016796,0.0,0,0.0,738.4130785798601,highs_pfba
b2034,wbbI,1,0,0.3983895354016796,0.3983895354016796,0.0,0,0.0,738.4130785798601,highs_pfba
b2037,rfbX,1,0,0.3983895354016796,0.3983895354016796,0.0,0,0.0,738.4130785798601,highs_pfba
b2175,mepS,6,10,0.3983895354016796,0.3983895354016795,5.551115123125783e-17,0,0.5943595396893296,738.413078579865,highs_pfba
b0356,frmA,1,0,0.3983895354016796,0.3983895354016796,0.0,0,0.0,738.4130785798601,highs_pfba
b2240,glpT,1,4,0.3983895354016796,0.3983895354016796,0.0,0,1.7199558673539484e-05,738.4130785798728,highs_pfba
b0875,aqpZ,1,424,0.3983895354016796,0.1436253097289667,0.2547642256727128,0,20604.89248622157,903.3665112426552,highs_pfba
b0353,mhpT,2,0,0.3983895354016796,0.3983895354016796,0.0,0,0.0,738.4130785798601,highs_pfba
b2309,hisJ,1,10,0.3983895354016796,0.3983895354016795,5.551115123125783e-17,0,1.2342040617606442,738.4130785798596,highs_pfba
b0325,yahK,2,0,0.3983895354016796,0.3983895354016796,0.0,0,0.0,738.4130785798902,highs_pfba
b2092,gatC,1,0,0.3983895354016796,0.3983895354016796,0.0,0,0.0,738.4130785798601,highs_pfba
b2093,gatB,1,0,0.3983895354016796,0.3983895354016796,0.0,0,0.0,738.4130785798601,highs_pfba
b2094,gatA,1,0,0.3983895354016796,0.3983895354016796,0.0,0,0.0,738.4130785798601,highs_pfba
b3093,exuT,2,12,0.3983895354016796,0.3983895354016796,0.0,0,0.3011911306815282,738.4130785798907,highs_pfba
b4476,gntU,1,0,0.3983895354016796,0.3983895354016802,-6.661338147750939e-16,0,0.0,738.413078579897,highs_pfba
b3415,gntT,1,0,0.3983895354016796,0.3983895354016802,-6.661338147750939e-16,0,0.0,738.413078579897,highs_pfba
b1621,malX,2,408,0.3983895354016796,0.3784700586315957,0.0199194767700838,0,513.6572779735286,751.1448185222391,highs_pfba
b2021,hisC,1,413,0.3983895354016796,-0.0,0.3983895354016796,1,3824.1976027147984,398.29787234042544,highs_pfba
b0166,dapD,1,413,0.3983895354016796,-0.0,0.3983895354016796,1,3824.1976027147984,398.29787234042544,highs_pfba
b1519,tam,1,0,0.3983895354016796,0.3983895354016796,0.0,0,0.0,738.4130785798601,highs_pfba
b4268,idnK,1,4,0.3983895354016796,0.3983895354016796,0.0,0,1.719955867352475e-05,738.4130785798725,highs_pfba
b3437,gntK,1,4,0.3983895354016796,0.3983895354016796,0.0,0,1.719955867352475e-05,738.4130785798725,highs_pfba
b3805,hemC,1,413,0.3983895354016796,-0.0,0.3983895354016796,1,3824.197602714808,398.297872340425,highs_pfba
b3904,rhaB,1,0,0.3983895354016796,0.3983895354016796,0.0,0,0.0,738.4130785798601,highs_pfba
b2486,hyfF,1,0,0.3983895354016796,0.3983895354016796,0.0,0,0.0,738.4130785798601,highs_pfba
b2490,hyfJ,1,0,0.3983895354016796,0.3983895354016796,0.0,0,0.0,738.4130785798601,highs_pfba
b2724,hycB,2,4,0.3983895354016796,0.3983895354016796,0.0,0,1.7199558673473178e-05,738.413078579872,highs_pfba
b2719,hycG,2,4,0.3983895354016796,0.3983895354016796,0.0,0,1.7199558673473178e-05,738.413078579872,highs_pfba
b2720,hycF,2,4,0.3983895354016796,0.3983895354016796,0.0,0,1.7199558673473178e-05,738.413078579872,highs_pfba
b2721,hycE,2,4,0.3983895354016796,0.3983895354016796,0.0,0,1.7199558673473178e-05,738.413078579872,highs_pfba
b2722,hycD,2,4,0.3983895354016796,0.3983895354016796,0.0,0,1.7199558673473178e-05,738.413078579872,highs_pfba
b2723,hycC,2,4,0.3983895354016796,0.3983895354016796,0.0,0,1.7199558673473178e-05,738.413078579872,highs_pfba
b2485,hyfE,1,0,0.3983895354016796,0.3983895354016796,0.0,0,0.0,738.4130785798601,highs_pfba
b2484,hyfD,1,0,0.3983895354016796,0.3983895354016796,0.0,0,0.0,738.4130785798601,highs_pfba
b2487,hyfG,1,0,0.3983895354016796,0.3983895354016796,0.0,0,0.0,738.4130785798601,highs_pfba
b4079,fdhF,1,0,0.3983895354016796,0.3983895354016796,0.0,0,0.0,738.4130785798601,highs_pfba
b2481,hyfA,1,0,0.3983895354016796,0.3983895354016796,0.0,0,0.0,738.4130785798601,highs_pfba
b2483,hyfC,1,0,0.3983895354016796,0.3983895354016796,0.0,0,0.0,738.4130785798601,highs_pfba
b2482,hyfB,1,0,0.3983895354016796,0.3983895354016796,0.0,0,0.0,738.4130785798601,highs_pfba
b2489,hyfI,1,0,0.3983895354016796,0.3983895354016796,0.0,0,0.0,738.4130785798601,highs_pfba
b2488,hyfH,1,0,0.3983895354016796,0.3983895354016796,0.0,0,0.0,738.4130785798601,highs_pfba
b2747,ispD,1,413,0.3983895354016796,-0.0,0.3983895354016796,1,3824.197602714796,398.29787234042544,highs_pfba
b3213,gltD,2,413,0.3983895354016796,-0.0,0.3983895354016796,1,3824.1976027147794,398.29787234042624,highs_pfba
b1761,gdhA,1,403,0.3983895354016796,0.373014393096071,0.0253751423056086,0,35.692186187569256,739.1409891453884,highs_pfba
b3212,gltB,2,413,0.3983895354016796,-0.0,0.3983895354016796,1,3824.1976027147794,398.29787234042624,highs_pfba
b0186,ldcC,1,0,0.3983895354016796,0.3983895354016801,-4.996003610813204e-16,0,0.0,738.4130785798777,highs_pfba
b4131,cadA,1,0,0.3983895354016796,0.3983895354016801,-4.996003610813204e-16,0,0.0,738.4130785798777,highs_pfba
b1189,dadA,1,4,0.3983895354016796,0.3983895354016801,-4.996003610813204e-16,0,1.719955867272914e-05,738.4130785798638,highs_pfba
b2888,uacT,2,0,0.3983895354016796,0.3983895354016795,5.551115123125783e-17,0,0.0,738.4130785798884,highs_pfba
b2882,xanQ,1,0,0.3983895354016796,0.3983895354016795,5.551115123125783e-17,0,0.0,738.4130785798884,highs_pfba
b3451,ugpE,7,0,0.3983895354016796,0.3983895354016786,9.992007221626409e-16,0,0.0,738.4130785798594,highs_pfba
b3450,ugpC,7,0,0.3983895354016796,0.3983895354016786,9.992007221626409e-16,0,0.0,738.4130785798594,highs_pfba
b3453,ugpB,7,0,0.3983895354016796,0.3983895354016786,9.992007221626409e-16,0,0.0,738.4130785798594,highs_pfba
b3452,ugpA,7,0,0.3983895354016796,0.3983895354016786,9.992007221626409e-16,0,0.0,738.4130785798594,highs_pfba
b2536,hcaT,1,0,0.3983895354016796,0.3983895354016796,0.0,0,0.0,738.4130785798601,highs_pfba
b0212,gloB,1,4,0.3983895354016796,0.3983895354016796,0.0,0,1.7199558672213427e-05,738.4130785798604,highs_pfba
b3779,gpp,1,4,0.3983895354016796,0.3983895354016794,2.220446049250313e-16,0,1.7199558674452978e-05,738.4130785798843,highs_pfba
b2868,xdhC,2,10,0.3983895354016796,0.3983895354016804,-7.771561172376097e-16,0,0.0312160534945612,738.413078579864,highs_pfba
b2867,xdhB,2,10,0.3983895354016796,0.3983895354016804,-7.771561172376097e-16,0,0.0312160534945612,738.413078579864,highs_pfba
b2866,xdhA,2,10,0.3983895354016796,0.3983895354016804,-7.771561172376097e-16,0,0.0312160534945612,738.413078579864,highs_pfba
b4311,nanC,1,0,0.3983895354016796,0.3983895354016796,0.0,0,0.0,738.4130785798601,highs_pfba
b1991,cobT,1,0,0.3983895354016796,0.3983895354016796,0.0,0,0.0,738.4130785798601,highs_pfba
b3502,arsB,1,0,0.3983895354016796,0.3983895354016796,0.0,0,0.0,738.4130785798601,highs_pfba
b1444,patD,1,4,0.3983895354016796,0.3983895354016801,-4.996003610813204e-16,0,1.7199558673546873e-05,738.413078579873,highs_pfba
b2927,epd,1,81,0.3983895354016796,0.3983879427108303,1.5926908493169023e-06,0,1.1317710129847035e-06,738.4098289193696,highs_pfba
b2025,hisF,1,413,0.3983895354016796,-0.0,0.3983895354016796,1,3824.1976027147984,398.29787234042544,highs_pfba
b2023,hisH,1,413,0.3983895354016796,-0.0,0.3983895354016796,1,3824.1976027147984,398.29787234042544,highs_pfba
b3640,dut,1,25,0.3983895354016796,0.3983895354016795,5.551115123125783e-17,0,0.0022991689415593,738.4860484039624,highs_pfba
b0425,panE,1,413,0.3983895354016796,-0.0,0.3983895354016796,1,3824.197602714801,398.2978723404253,highs_pfba
b3772,ilvA,1,413,0.3983895354016796,-0.0,0.3983895354016796,1,3824.1976027147984,398.29787234042544,highs_pfba
b0931,pncB,1,4,0.3983895354016796,0.3983895354016804,-7.771561172376097e-16,0,1.7199558672773356e-05,738.413078579864,highs_pfba
b1764,selD,1,0,0.3983895354016796,0.3983895354016796,0.0,0,0.0,738.4130785798601,highs_pfba
b2150,mglB,2,4,0.3983895354016796,0.3983895354016801,-4.996003610813204e-16,0,1.7199558675211808e-05,738.4130785798948,highs_pfba
b2148,mglC,2,4,0.3983895354016796,0.3983895354016801,-4.996003610813204e-16,0,1.7199558675211808e-05,738.4130785798948,highs_pfba
b2149,mglA,2,4,0.3983895354016796,0.3983895354016801,-4.996003610813204e-16,0,1.7199558675211808e-05,738.4130785798948,highs_pfba
b1640,anmK,1,4,0.3983895354016796,0.3983895354016802,-6.106226635438361e-16,0,1.7199558675351785e-05,738.4130785798972,highs_pfba
b1606,folM,2,413,0.3983895354016796,-0.0,0.3983895354016796,1,3824.1976027147934,398.2978723404256,highs_pfba
b0048,folA,1,413,0.3983895354016796,-0.0,0.3983895354016796,1,3824.1976027147934,398.2978723404256,highs_pfba
b3390,aroK,1,413,0.3983895354016796,-0.0,0.3983895354016796,1,3824.197602714795,398.2978723404256,highs_pfba
b0388,aroL,1,413,0.3983895354016796,-0.0,0.3983895354016796,1,3824.197602714795,398.2978723404256,highs_pfba
b1745,astB,1,4,0.3983895354016796,0.3983895354016796,-5.551115123125783e-17,0,1.7199558675594874e-05,738.4130785799002,highs_pfba
b0115,aceF,1,412,0.3983895354016796,0.3456785318270858,0.0527110035745937,0,2378.978377382952,766.927920265668,highs_pfba
b0114,aceE,1,412,0.3983895354016796,0.3456785318270858,0.0527110035745937,0,2378.978377382952,766.927920265668,highs_pfba
b3128,garD,1,0,0.3983895354016796,0.3983895354016796,0.0,0,0.0,738.4130785798601,highs_pfba
b2255,arnA,2,6,0.3983895354016796,0.3983895354016801,-4.996003610813204e-16,0,0.0311988539358596,738.4130785798969,highs_pfba
b0774,bioA,1,413,0.3983895354016796,-0.0,0.3983895354016796,1,3824.197602714796,398.2978723404256,highs_pfba
b1605,ydgI,1,4,0.3983895354016796,0.3983895354016796,0.0,0,1.7199558674732933e-05,738.4130785798885,highs_pfba
b2818,argA,1,413,0.3983895354016796,-0.0,0.3983895354016796,1,3824.1976027147743,398.29787234042647,highs_pfba
b1489,dosP,3,4,0.3983895354016796,0.3983895354016796,0.0,0,1.719955867364262e-05,738.4130785798743,highs_pfba
b3032,cpdA,1,4,0.3983895354016796,0.3983895354016796,0.0,0,1.7199558672132393e-05,738.4130785798601,highs_pfba
b0334,prpD,1,4,0.3983895354016796,0.3983895354016796,0.0,0,1.7199558673539484e-05,738.4130785798728,highs_pfba
b0092,ddlB,1,413,0.3983895354016796,-0.0,0.3983895354016796,1,3824.197602714795,398.2978723404255,highs_pfba
b0381,ddlA,1,413,0.3983895354016796,-0.0,0.3983895354016796,1,3824.197602714795,398.2978723404255,highs_pfba
b2715,ascF,2,0,0.3983895354016796,0.3983895354016796,0.0,0,0.0,738.4130785798601,highs_pfba
b1738,chbB,2,0,0.3983895354016796,0.3983895354016796,0.0,0,0.0,738.4130785798601,highs_pfba
b1736,chbA,2,0,0.3983895354016796,0.3983895354016796,0.0,0,0.0,738.4130785798601,highs_pfba
b1737,chbC,2,0,0.3983895354016796,0.3983895354016796,0.0,0,0.0,738.4130785798601,highs_pfba
b2224,atoB,1,437,0.3983895354016796,0.3915030231418114,0.0068865122598681,0,6.658106055271599,738.3021694953175,highs_pfba
b0842,mdfA,2,4,0.3983895354016796,0.3983895354016795,5.551115123125783e-17,0,1.7199558671881915e-05,738.4130785798584,highs_pfba
b0047,kefC,1,0,0.3983895354016796,0.3983895354016786,9.992007221626409e-16,0,0.0,738.4130785798634,highs_pfba
b3350,kefB,1,0,0.3983895354016796,0.3983895354016786,9.992007221626409e-16,0,0.0,738.4130785798634,highs_pfba
b1216,chaA,3,4,0.3983895354016796,0.3983895354016802,-6.106226635438361e-16,0,1.71995586732522e-05,738.4130785798686,highs_pfba
b0728,sucC,1,413,0.3983895354016796,0.3923500015530786,0.006039533848601,0,23.452814260333177,737.9869189960125,highs_pfba
b0729,sucD,1,413,0.3983895354016796,0.3923500015530786,0.006039533848601,0,23.452814260333177,737.9869189960125,highs_pfba
b0650,hscC,1,4,0.3983895354016796,0.3983895354016796,0.0,0,1.7199558672021885e-05,738.4130785798593,highs_pfba
b0757,galK,1,16,0.3983895354016796,0.3983895354016796,0.0,0,1.5507356279173137,738.4130785798927,highs_pfba
b0133,panC,1,413,0.3983895354016796,-0.0,0.3983895354016796,1,3824.197602714801,398.2978723404253,highs_pfba
b2165,psuG,1,0,0.3983895354016796,0.3983895354016796,0.0,0,0.0,738.4130785798601,highs_pfba
b3389,aroB,1,413,0.3983895354016796,-0.0,0.3983895354016796,1,3824.197602714788,398.29787234042607,highs_pfba
b2366,dsdA,1,4,0.3983895354016796,0.3983895354016796,0.0,0,1.7199558673067995e-05,738.4130785798665,highs_pfba
b1723,pfkB,1,19,0.3983895354016796,0.3983895354016786,9.43689570931383e-16,0,36.60436304316729,740.8438631463918,highs_pfba
b3612,gpmM,1,426,0.3983895354016796,0.2500866613671671,0.1483028740345124,0,1476.1875666904675,721.7248749837875,highs_pfba
b0755,gpmA,1,426,0.3983895354016796,0.2500866613671671,0.1483028740345124,0,1476.1875666904675,721.7248749837875,highs_pfba
b3919,tpiA,1,421,0.3983895354016796,0.3224326332519072,0.0759569021497723,0,983.073897208619,702.1497995963971,highs_pfba
b2914,rpiA,1,413,0.3983895354016796,0.2242989087467231,0.1740906266549564,0,898.9509610473463,737.0586325348656,highs_pfba
b2320,pdxB,1,81,0.3983895354016796,0.3983879427108303,1.5926908493169023e-06,0,1.1317710117087196e-06,738.4098289193878,highs_pfba
b1107,nagZ,3,12,0.3983895354016796,0.3983895354016802,-6.106226635438361e-16,0,0.187034195045025,738.4130785798991,highs_pfba
b1539,ydfG,4,4,0.3983895354016796,0.3983895354016796,-5.551115123125783e-17,0,1.719955867482134e-05,738.4130785798903,highs_pfba
b3823,rhtC,1,4,0.3983895354016796,0.3983895354016803,-7.2164496600635185e-16,0,1.7199558675558065e-05,738.4130785798994,highs_pfba
b0813,rhtA,2,0,0.3983895354016796,0.3983895354016796,0.0,0,0.0,738.4130785798902,highs_pfba
b2919,scpB,1,4,0.3983895354016796,0.3983895354016796,0.0,0,1.7199558672132393e-05,738.4130785798601,highs_pfba
b3870,glnA,1,413,0.3983895354016796,-0.0,0.3983895354016796,1,3824.197602714795,398.2978723404256,highs_pfba
b2947,gshB,1,0,0.3983895354016796,0.3983895354016796,0.0,0,0.0,738.4130785798606,highs_pfba
b2253,arnB,1,6,0.3983895354016796,0.3983895354016801,-4.996003610813204e-16,0,0.031198853935875,738.4130785798784,highs_pfba
b2254,arnC,1,6,0.3983895354016796,0.3983895354016801,-4.996003610813204e-16,0,0.0311988539358596,738.4130785798969,highs_pfba
b2256,arnD,1,6,0.3983895354016796,0.3983895354016801,-4.996003610813204e-16,0,0.0311988539358596,738.4130785798969,highs_pfba
b2258,arnF,1,6,0.3983895354016796,0.3983895354016801,-4.996003610813204e-16,0,0.0311988539358596,738.4130785798969,highs_pfba
b4544,arnE,1,6,0.3983895354016796,0.3983895354016801,-4.996003610813204e-16,0,0.0311988539358596,738.4130785798969,highs_pfba
b3621,waaC,1,4,0.3983895354016796,0.3983895354016796,-5.551115123125783e-17,0,1.719955867482134e-05,738.4130785798903,highs_pfba
b3001,yghZ,1,4,0.3983895354016796,0.3983895354016796,-5.551115123125783e-17,0,1.719955867485081e-05,738.4130785798907,highs_pfba
b1781,yeaE,1,4,0.3983895354016796,0.3983895354016796,-5.551115123125783e-17,0,1.719955867485081e-05,738.4130785798907,highs_pfba
b3620,waaF,1,4,0.3983895354016796,0.3983895354016796,-5.551115123125783e-17,0,1.719955867482134e-05,738.4130785798903,highs_pfba
b3624,waaZ,1,4,0.3983895354016796,0.3983895354016796,-5.551115123125783e-17,0,1.719955867482134e-05,738.4130785798903,highs_pfba
b3629,waaS,1,4,0.3983895354016796,0.3983895354016796,-5.551115123125783e-17,0,1.719955867482134e-05,738.4130785798903,highs_pfba
b3628,waaB,1,4,0.3983895354016796,0.3983895354016796,-5.551115123125783e-17,0,1.719955867482134e-05,738.4130785798903,highs_pfba
b3627,waaO,1,4,0.3983895354016796,0.3983895354016796,-5.551115123125783e-17,0,1.719955867482134e-05,738.4130785798903,highs_pfba
b3850,hemG,2,413,0.3983895354016796,-0.0,0.3983895354016796,1,3824.197602714796,398.2978723404256,highs_pfba
b3630,waaP,1,4,0.3983895354016796,0.3983895354016796,-5.551115123125783e-17,0,1.719955867482134e-05,738.4130785798903,highs_pfba
b3632,waaQ,1,4,0.3983895354016796,0.3983895354016796,-5.551115123125783e-17,0,1.719955867482134e-05,738.4130785798903,highs_pfba
b3625,waaY,1,4,0.3983895354016796,0.3983895354016796,-5.551115123125783e-17,0,1.719955867482134e-05,738.4130785798903,highs_pfba
b2810,csdA,1,0,0.3983895354016796,0.3983895354016796,0.0,0,0.0,738.4130785798601,highs_pfba
b1680,sufS,5,16,0.3983895354016796,0.3983895354016795,5.551115123125783e-17,0,1.5507356279175228,738.4130785798602,highs_pfba
b3867,hemN,1,4,0.3983895354016796,0.3983895354016804,-8.326672684688674e-16,0,1.7199558675543337e-05,738.4130785798994,highs_pfba
b3824,rhtB,1,4,0.3983895354016796,0.3983895354016786,9.43689570931383e-16,0,1.7199558672345997e-05,738.4130785798615,highs_pfba
b2133,dld,1,4,0.3983895354016796,0.3983895354016786,9.43689570931383e-16,0,1.7199558671005205e-05,738.4130785798533,highs_pfba
b2260,menE,1,12,0.3983895354016796,0.3983895354016797,-1.1102230246251563e-16,0,1.5507184283586892,738.413078579885,highs_pfba
b1919,dcyD,1,0,0.3983895354016796,0.3983895354016796,0.0,0,0.0,738.4130785798601,highs_pfba
b2578,eamB,2,4,0.3983895354016796,0.3983895354016795,5.551115123125783e-17,0,1.7199558673473178e-05,738.4130785798725,highs_pfba
b1533,eamA,3,0,0.3983895354016796,0.3983895354016796,0.0,0,0.0,738.4130785798728,highs_pfba
b4394,yjjX,3,10,0.3983895354016796,0.3983895354016796,0.0,0,1.2342040617604813,738.4130785798916,highs_pfba
b2499,purM,1,413,0.3983895354016796,-0.0,0.3983895354016796,1,3824.197602714789,398.2978723404258,highs_pfba
b3825,pldB,35,10,0.3983895354016796,0.3983895354016795,5.551115123125783e-17,0,0.0006691908109263,738.41307857986,highs_pfba
b2835,lplT,21,12,0.3983895354016796,0.3983895354016804,-8.326672684688674e-16,0,0.037881567263639,738.413078579882,highs_pfba
b3029,ygiN,2,12,0.3983895354016796,0.3983895354016797,-1.6653345369377348e-16,0,0.187034195045031,738.4130785798941,highs_pfba
b2889,idi,1,4,0.3983895354016796,0.3983895354016796,-5.551115123125783e-17,0,1.7199558675572773e-05,738.4130785798998,highs_pfba
b3821,pldA,42,4,0.3983895354016796,0.3983895354016804,-8.326672684688674e-16,0,1.7199558675108687e-05,738.4130785798936,highs_pfba
b2146,preT,1,0,0.3983895354016796,0.3983895354016796,0.0,0,0.0,738.4130785798601,highs_pfba
b2147,preA,1,0,0.3983895354016796,0.3983895354016796,0.0,0,0.0,738.4130785798601,highs_pfba
b4478,dgoD,1,0,0.3983895354016796,0.3983895354016796,0.0,0,0.0,738.4130785798601,highs_pfba
b1380,ldhA,1,4,0.3983895354016796,0.3983895354016789,7.2164496600635185e-16,0,1.7199558671373566e-05,738.4130785798557,highs_pfba
b0693,speF,1,4,0.3983895354016796,0.3983895354016786,9.43689570931383e-16,0,1.7199558672449132e-05,738.4130785798623,highs_pfba
b2965,speC,1,4,0.3983895354016796,0.3983895354016786,9.43689570931383e-16,0,1.7199558672449132e-05,738.4130785798623,highs_pfba
b0954,fabA,13,16,0.3983895354016796,0.39838953540168,-3.8857805861880484e-16,0,1.550735627917338,738.4130785798968,highs_pfba
b1288,fabI,26,413,0.3983895354016796,-0.0,0.3983895354016796,1,3824.197602714789,398.2978723404258,highs_pfba
b0175,cdsA,7,413,0.3983895354016796,-0.0,0.3983895354016796,1,3824.197602714798,398.29787234042544,highs_pfba
b3918,cdh,7,4,0.3983895354016796,0.3983895354016795,5.551115123125783e-17,0,1.7199558671985053e-05,738.4130785798588,highs_pfba
b1912,pgsA,7,4,0.3983895354016796,0.3983895354016796,-5.551115123125783e-17,0,1.719955867485081e-05,738.4130785798906,highs_pfba
b2585,pssA,7,413,0.3983895354016796,-0.0,0.3983895354016796,1,3824.197602714783,398.29787234042544,highs_pfba
b1093,fabG,14,413,0.3983895354016796,-0.0,0.3983895354016796,1,3824.1976027147794,398.29787234042624,highs_pfba
b1661,cfa,4,0,0.3983895354016796,0.3983895354016796,0.0,0,0.0,738.4130785798601,highs_pfba
b2497,uraA,1,4,0.3983895354016796,0.3983895354016801,-4.996003610813204e-16,0,1.719955867253023e-05,738.4130785798625,highs_pfba
b1006,rutG,1,4,0.3983895354016796,0.3983895354016801,-4.996003610813204e-16,0,1.719955867253023e-05,738.4130785798625,highs_pfba
b1488,ddpX,1,0,0.3983895354016796,0.39838953540168,-4.440892098500626e-16,0,0.0,738.4130785798784,highs_pfba
b3543,dppB,3,12,0.3983895354016796,0.3983895354016796,-5.551115123125783e-17,0,0.1870341950450356,738.4130785798884,highs_pfba
b3542,dppC,3,12,0.3983895354016796,0.3983895354016796,-5.551115123125783e-17,0,0.1870341950450356,738.4130785798884,highs_pfba
b3541,dppD,3,12,0.3983895354016796,0.3983895354016796,-5.551115123125783e-17,0,0.1870341950450356,738.4130785798884,highs_pfba
b3540,dppF,3,12,0.3983895354016796,0.3983895354016796,-5.551115123125783e-17,0,0.1870341950450356,738.4130785798884,highs_pfba
b3544,dppA,3,12,0.3983895354016796,0.3983895354016796,-5.551115123125783e-17,0,0.1870341950450356,738.4130785798884,highs_pfba
b1484,ddpD,1,4,0.3983895354016796,0.3983895354016797,-1.6653345369377348e-16,0,1.7199558673819435e-05,738.4130785798767,highs_pfba
b1485,ddpC,1,4,0.3983895354016796,0.3983895354016797,-1.6653345369377348e-16,0,1.7199558673819435e-05,738.4130785798767,highs_pfba
b1486,ddpB,1,4,0.3983895354016796,0.3983895354016797,-1.6653345369377348e-16,0,1.7199558673819435e-05,738.4130785798767,highs_pfba
b1487,ddpA,1,4,0.3983895354016796,0.3983895354016797,-1.6653345369377348e-16,0,1.7199558673819435e-05,738.4130785798767,highs_pfba
b1483,ddpF,1,4,0.3983895354016796,0.3983895354016797,-1.6653345369377348e-16,0,1.7199558673819435e-05,738.4130785798767,highs_pfba
b0829,gsiA,1,4,0.3983895354016796,0.3983895354016796,0.0,0,1.7199558673539484e-05,738.4130785798728,highs_pfba
b0832,gsiD,1,4,0.3983895354016796,0.3983895354016796,0.0,0,1.7199558673539484e-05,738.4130785798728,highs_pfba
b0830,gsiB,1,4,0.3983895354016796,0.3983895354016796,0.0,0,1.7199558673539484e-05,738.4130785798728,highs_pfba
b0831,gsiC,1,4,0.3983895354016796,0.3983895354016796,0.0,0,1.7199558673539484e-05,738.4130785798728,highs_pfba
b0789,clsB,7,0,0.3983895354016796,0.3983895354016796,-5.551115123125783e-17,0,0.0,738.4130785798907,highs_pfba
b1249,clsA,7,0,0.3983895354016796,0.3983895354016796,-5.551115123125783e-17,0,0.0,738.4130785798907,highs_pfba
b1677,lpp,2,0,0.3983895354016796,0.3983895354016796,0.0,0,0.0,738.4130785798601,highs_pfba
b0657,lnt,2,0,0.3983895354016796,0.3983895354016796,0.0,0,0.0,738.4130785798601,highs_pfba
b0418,pgpA,14,4,0.3983895354016796,0.3983895354016796,-5.551115123125783e-17,0,1.719955867485081e-05,738.4130785798905,highs_pfba
b0508,hyi,1,0,0.3983895354016796,0.3983895354016796,0.0,0,0.0,738.4130785798668,highs_pfba
b0613,citG,1,0,0.3983895354016796,0.3983895354016796,0.0,0,0.0,738.4130785798601,highs_pfba
b1301,puuB,1,4,0.3983895354016796,0.3983895354016796,-5.551115123125783e-17,0,1.7199558674777138e-05,738.4130785798892,highs_pfba
b0805,fiu,1,0,0.3983895354016796,0.3983895354016796,0.0,0,0.0,738.4130785798601,highs_pfba
b2155,cirA,1,0,0.3983895354016796,0.3983895354016796,0.0,0,0.0,738.4130785798601,highs_pfba
b0576,pheP,1,8,0.3983895354016796,0.3983895354016797,-1.6653345369377348e-16,0,0.8071037935320922,738.4130785798902,highs_pfba
b0594,entE,1,10,0.3983895354016796,0.3983895354016796,0.0,0,1.2342040617606096,738.4130785798613,highs_pfba
b3182,dacB,9,14,0.3983895354016796,0.3983895354016795,5.551115123125783e-17,0,0.8400334031965061,738.4130785798785,highs_pfba
b2010,dacD,5,6,0.3983895354016796,0.3983895354016796,-5.551115123125783e-17,0,0.0311988539358607,738.4130785798895,highs_pfba
b0839,dacC,5,6,0.3983895354016796,0.3983895354016796,-5.551115123125783e-17,0,0.0311988539358607,738.4130785798895,highs_pfba
b2430,yfeW,5,6,0.3983895354016796,0.3983895354016796,-5.551115123125783e-17,0,0.0311988539358607,738.4130785798895,highs_pfba
b0632,dacA,5,6,0.3983895354016796,0.3983895354016796,-5.551115123125783e-17,0,0.0311988539358607,738.4130785798895,highs_pfba
b0376,ampH,9,14,0.3983895354016796,0.3983895354016795,5.551115123125783e-17,0,0.8400334031965061,738.4130785798785,highs_pfba
b3833,ubiE,2,0,0.3983895354016796,0.3983895354016796,0.0,0,0.0,738.4130785798607,highs_pfba
b0514,glxK,1,4,0.3983895354016796,0.3983895354016796,-5.551115123125783e-17,0,1.7199558674732936e-05,738.4130785798884,highs_pfba
b2519,pbpC,2,413,0.3983895354016796,-0.0,0.3983895354016796,1,3824.197602714802,398.2978723404251,highs_pfba
b3396,mrcA,4,413,0.3983895354016796,-0.0,0.3983895354016796,1,3824.197602714795,398.2978723404256,highs_pfba
b1069,murJ,2,413,0.3983895354016796,-0.0,0.3983895354016796,1,3824.197602714802,398.2978723404251,highs_pfba
b0089,ftsW,2,413,0.3983895354016796,-0.0,0.3983895354016796,1,3824.197602714802,398.2978723404251,highs_pfba
b3208,mtgA,2,413,0.3983895354016796,-0.0,0.3983895354016796,1,3824.197602714802,398.2978723404251,highs_pfba
b0149,mrcB,4,413,0.3983895354016796,-0.0,0.3983895354016796,1,3824.197602714795,398.2978723404256,highs_pfba
b0084,ftsI,2,413,0.3983895354016796,-0.0,0.3983895354016796,1,3824.197602714795,398.29787234042567,highs_pfba
b0635,mrdA,2,413,0.3983895354016796,-0.0,0.3983895354016796,1,3824.197602714795,398.29787234042567,highs_pfba
b0925,ldtD,6,10,0.3983895354016796,0.3983895354016795,5.551115123125783e-17,0,0.594359539689318,738.4130785798711,highs_pfba
b1678,ldtE,6,10,0.3983895354016796,0.3983895354016795,5.551115123125783e-17,0,0.594359539689318,738.4130785798711,highs_pfba
b0355,frmB,1,0,0.3983895354016796,0.3983895354016796,0.0,0,0.0,738.4130785798666,highs_pfba
b2154,yeiG,1,0,0.3983895354016796,0.3983895354016796,0.0,0,0.0,738.4130785798666,highs_pfba
b2893,dsbC,2,0,0.3983895354016796,0.3983895354016796,0.0,0,0.0,738.4130785798601,highs_pfba
b0604,dsbG,2,0,0.3983895354016796,0.3983895354016796,0.0,0,0.0,738.4130785798601,highs_pfba
b3930,menA,1,12,0.3983895354016796,0.3983895354016797,-1.1102230246251563e-16,0,1.5507184283586892,738.413078579885,highs_pfba
b3994,thiC,1,413,0.3983895354016796,-0.0,0.3983895354016796,1,3824.197602714788,398.2978723404258,highs_pfba
b1710,btuE,2,4,0.3983895354016796,0.3983895354016796,0.0,0,1.7199558674755034e-05,738.4130785798885,highs_pfba
b2480,bcp,1,4,0.3983895354016796,0.3983895354016796,-5.551115123125783e-17,0,1.719955867208083e-05,738.4130785798595,highs_pfba
b0429,cyoD,1,416,0.3983895354016796,0.2390406521746114,0.1593488832270681,0,3718.9591017683874,703.0441900898081,highs_pfba
b0432,cyoA,1,416,0.3983895354016796,0.2390406521746114,0.1593488832270681,0,3718.9591017683874,703.0441900898081,highs_pfba
b0430,cyoC,1,416,0.3983895354016796,0.2390406521746114,0.1593488832270681,0,3718.9591017683874,703.0441900898081,highs_pfba
b0431,cyoB,1,416,0.3983895354016796,0.2390406521746114,0.1593488832270681,0,3718.9591017683874,703.0441900898081,highs_pfba
b4041,plsB,7,10,0.3983895354016796,0.3983895354016796,0.0,0,0.0046497688655024,738.468465880218,highs_pfba
b0180,fabZ,14,413,0.3983895354016796,-0.0,0.3983895354016796,1,3824.197602714796,398.29787234042544,highs_pfba
b2413,cysZ,1,311,0.3983895354016796,0.3977909249822137,0.0005986104194659,0,0.0233249687107241,738.3804029506236,highs_pfba
b3018,plsC,7,413,0.3983895354016796,-0.0,0.3983895354016796,1,3824.197602714795,398.29787234042567,highs_pfba
b4042,dgkA,7,4,0.3983895354016796,0.3983895354016815,-1.887379141862766e-15,0,1.7199558675536015e-05,738.4130785798991,highs_pfba
b4160,psd,7,413,0.3983895354016796,-0.0,0.3983895354016796,1,3824.197602714781,398.2978723404262,highs_pfba
b0722,sdhD,1,415,0.3983895354016796,0.3782402345664366,0.0201493008352429,0,356.7951841516124,737.543675813583,highs_pfba
b0723,sdhA,1,415,0.3983895354016796,0.3782402345664366,0.0201493008352429,0,356.7951841516124,737.543675813583,highs_pfba
b0721,sdhC,1,415,0.3983895354016796,0.3782402345664366,0.0201493008352429,0,356.7951841516124,737.543675813583,highs_pfba
b0724,sdhB,1,415,0.3983895354016796,0.3782402345664366,0.0201493008352429,0,356.7951841516124,737.543675813583,highs_pfba
b0494,tesA,21,4,0.3983895354016796,0.3983895354016796,0.0,0,1.7199558674850803e-05,738.4130785798901,highs_pfba
b0118,acnB,3,412,0.3983895354016796,-0.0,0.3983895354016796,1,3741.612909278128,409.090909090909,highs_pfba
b1276,acnA,2,412,0.3983895354016796,-0.0,0.3983895354016796,1,3741.612909278127,409.0909090909091,highs_pfba
b3447,ggt,1,0,0.3983895354016796,0.3983895354016796,0.0,0,0.0,738.4130785798606,highs_pfba
b1990,ldtA,5,10,0.3983895354016796,0.3983895354016796,0.0,0,0.5943595396893204,738.4130785798731,highs_pfba
b0819,ldtB,5,10,0.3983895354016796,0.3983895354016796,0.0,0,0.5943595396893204,738.4130785798731,highs_pfba
b1113,ldtC,5,10,0.3983895354016796,0.3983895354016796,0.0,0,0.5943595396893204,738.4130785798731,highs_pfba
b1097,yceG,4,0,0.3983895354016796,0.3983895354016804,-7.771561172376097e-16,0,0.0,738.4130785798932,highs_pfba
b2813,mltA,4,0,0.3983895354016796,0.3983895354016804,-7.771561172376097e-16,0,0.0,738.4130785798932,highs_pfba
b2701,mltB,4,0,0.3983895354016796,0.3983895354016804,-7.771561172376097e-16,0,0.0,738.4130785798932,highs_pfba
b0211,mltD,4,0,0.3983895354016796,0.3983895354016804,-7.771561172376097e-16,0,0.0,738.4130785798932,highs_pfba
b4392,slt,4,0,0.3983895354016796,0.3983895354016804,-7.771561172376097e-16,0,0.0,738.4130785798932,highs_pfba
b2558,mltF,4,0,0.3983895354016796,0.3983895354016804,-7.771561172376097e-16,0,0.0,738.4130785798932,highs_pfba
b1193,emtA,4,0,0.3983895354016796,0.3983895354016804,-7.771561172376097e-16,0,0.0,738.4130785798932,highs_pfba
b2963,mltC,4,0,0.3983895354016796,0.3983895354016804,-7.771561172376097e-16,0,0.0,738.4130785798932,highs_pfba
b3546,eptB,2,6,0.3983895354016796,0.3983895354016804,-7.771561172376097e-16,0,0.1722356865072409,738.4130785798638,highs_pfba
b2328,mepA,6,4,0.3983895354016796,0.3983895354016796,-5.551115123125783e-17,0,1.7199558674865544e-05,738.4130785798901,highs_pfba
b2134,pbpG,4,0,0.3983895354016796,0.3983895354016799,-2.7755575615628914e-16,0,0.0,738.4130785798766,highs_pfba
b1655,mepH,4,0,0.3983895354016796,0.3983895354016799,-2.7755575615628914e-16,0,0.0,738.4130785798766,highs_pfba
b1856,mepM,4,0,0.3983895354016796,0.3983895354016799,-2.7755575615628914e-16,0,0.0,738.4130785798766,highs_pfba
b3860,dsbA,2,0,0.3983895354016796,0.3983895354016796,0.0,0,0.0,738.4130785798601,highs_pfba
b1185,dsbB,2,0,0.3983895354016796,0.3983895354016796,0.0,0,0.0,738.4130785798601,highs_pfba
b4136,dsbD,3,0,0.3983895354016796,0.3983895354016796,0.0,0,0.0,738.4130785798601,highs_pfba
b0605,ahpC,1,4,0.3983895354016796,0.3983895354016801,-4.996003610813204e-16,0,1.7199558674069926e-05,738.4130785798802,highs_pfba
b0606,ahpF,1,4,0.3983895354016796,0.3983895354016801,-4.996003610813204e-16,0,1.7199558674069926e-05,738.4130785798802,highs_pfba
b0221,fadE,8,437,0.3983895354016796,0.3915030231418115,0.006886512259868,0,6.65810605527199,738.302169495307,highs_pfba
b2283,nuoG,3,418,0.3983895354016796,0.2012231953789692,0.1971663400227103,0,4110.890069808617,693.3654634200111,highs_pfba
b2282,nuoH,3,418,0.3983895354016796,0.2012231953789692,0.1971663400227103,0,4110.890069808617,693.3654634200111,highs_pfba
b2281,nuoI,3,418,0.3983895354016796,0.2012231953789692,0.1971663400227103,0,4110.890069808617,693.3654634200111,highs_pfba
b2288,nuoA,3,418,0.3983895354016796,0.2012231953789692,0.1971663400227103,0,4110.890069808617,693.3654634200111,highs_pfba
b2276,nuoN,3,418,0.3983895354016796,0.2012231953789692,0.1971663400227103,0,4110.890069808617,693.3654634200111,highs_pfba
b2277,nuoM,3,418,0.3983895354016796,0.2012231953789692,0.1971663400227103,0,4110.890069808617,693.3654634200111,highs_pfba
b2285,nuoE,3,418,0.3983895354016796,0.2012231953789692,0.1971663400227103,0,4110.890069808617,693.3654634200111,highs_pfba
b2284,nuoF,3,418,0.3983895354016796,0.2012231953789692,0.1971663400227103,0,4110.890069808617,693.3654634200111,highs_pfba
b2278,nuoL,3,418,0.3983895354016796,0.2012231953789692,0.1971663400227103,0,4110.890069808617,693.3654634200111,highs_pfba
b2279,nuoK,3,418,0.3983895354016796,0.2012231953789692,0.1971663400227103,0,4110.890069808617,693.3654634200111,highs_pfba
b2280,nuoJ,3,418,0.3983895354016796,0.2012231953789692,0.1971663400227103,0,4110.890069808617,693.3654634200111,highs_pfba
b2287,nuoB,3,418,0.3983895354016796,0.2012231953789692,0.1971663400227103,0,4110.890069808617,693.3654634200111,highs_pfba
b2286,nuoC,3,418,0.3983895354016796,0.2012231953789692,0.1971663400227103,0,4110.890069808617,693.3654634200111,highs_pfba
b1801,yeaV,3,4,0.3983895354016796,0.3983895354016804,-7.771561172376097e-16,0,1.7199558673023834e-05,738.4130785798664,highs_pfba
b4208,cycA,5,280,0.3983895354016796,0.3983233911234023,6.614427827728031e-05,0,0.0006515298199286,738.4271778181059,highs_pfba
b0007,yaaJ,2,0,0.3983895354016796,0.3983895354016796,0.0,0,0.0,738.4130785798706,highs_pfba
b2923,argO,2,0,0.3983895354016796,0.3983895354016797,-1.6653345369377348e-16,0,0.0,738.41307857986,highs_pfba
b0874,lysO,1,4,0.3983895354016796,0.3983895354016799,-2.7755575615628914e-16,0,1.719955867529284e-05,738.4130785798966,highs_pfba
b0037,caiC,3,10,0.3983895354016796,0.3983895354016796,0.0,0,0.0312160534945635,738.41307857986,highs_pfba
b1734,chbF,2,0,0.3983895354016796,0.3983895354016796,0.0,0,0.0,738.4130785798601,highs_pfba
b2467,nudK,1,4,0.3983895354016796,0.3983895354016804,-7.771561172376097e-16,0,1.719955867442356e-05,738.4130785798841,highs_pfba
b0404,acpH,7,4,0.3983895354016796,0.3983895354016796,0.0,0,1.7199558672213427e-05,738.4130785798604,highs_pfba
b0314,betT,1,4,0.3983895354016796,0.3983895354016796,-5.551115123125783e-17,0,1.7199558674806608e-05,738.4130785798895,highs_pfba
b4474,frlC,1,0,0.3983895354016796,0.3983895354016796,0.0,0,0.0,738.4130785798601,highs_pfba
b3370,frlA,2,0,0.3983895354016796,0.3983895354016796,0.0,0,0.0,738.4130785798601,highs_pfba
b3040,zupT,6,413,0.3983895354016796,-0.0,0.3983895354016796,1,3824.197602714795,398.2978723404256,highs_pfba
b3816,corA,3,413,0.3983895354016796,-0.0,0.3983895354016796,1,3824.1976027147953,398.2978723404256,highs_pfba
b2373,oxc,1,0,0.3983895354016796,0.3983895354016796,0.0,0,0.0,738.4130785798601,highs_pfba
b4233,mpl,2,0,0.3983895354016796,0.3983895354016795,1.1102230246251563e-16,0,0.0,738.4130785798588,highs_pfba
b3196,yrbG,1,413,0.3983895354016796,-0.0,0.3983895354016796,1,3824.1976027147975,398.29787234042544,highs_pfba
b3691,dgoT,1,0,0.3983895354016796,0.3983895354016796,0.0,0,0.0,738.4130785798601,highs_pfba
b2843,kduI,1,0,0.3983895354016796,0.3983895354016796,0.0,0,0.0,738.4130785798601,highs_pfba
b2156,lysP,1,4,0.3983895354016796,0.3983895354016796,0.0,0,1.7199558673539484e-05,738.4130785798728,highs_pfba
b4130,dtpC,3,4,0.3983895354016796,0.3983895354016796,0.0,0,1.7199558672301833e-05,738.4130785798609,highs_pfba
b4356,lgoT,1,0,0.3983895354016796,0.3983895354016796,0.0,0,0.0,738.4130785798601,highs_pfba
b4358,lgoD,1,0,0.3983895354016796,0.3983895354016796,0.0,0,0.0,738.4130785798601,highs_pfba
b3431,glgX,1,0,0.3983895354016796,0.3983895354016796,0.0,0,0.0,738.4130785798601,highs_pfba
b0155,clcA,1,84,0.3983895354016796,0.3983874701435732,2.065258106365153e-06,0,2.2477559920212543e-05,738.4136570483661,highs_pfba
b1378,ydbK,1,281,0.3983895354016796,0.3983032492681898,8.628613348976577e-05,0,0.0099162947646862,738.4112564134833,highs_pfba
b0684,fldA,7,413,0.3983895354016796,-0.0,0.3983895354016796,1,3824.1976027148007,398.2978723404253,highs_pfba
b2895,fldB,7,413,0.3983895354016796,-0.0,0.3983895354016796,1,3824.1976027148007,398.2978723404253,highs_pfba
b0777,bioC,1,413,0.3983895354016796,-0.0,0.3983895354016796,1,3824.197602714796,398.2978723404256,highs_pfba
b3199,lptC,9,413,0.3983895354016796,-0.0,0.3983895354016796,1,3824.1976027147966,398.29787234042544,highs_pfba
b0641,lptE,9,413,0.3983895354016796,-0.0,0.3983895354016796,1,3824.1976027147966,398.29787234042544,highs_pfba
b3200,lptA,9,413,0.3983895354016796,-0.0,0.3983895354016796,1,3824.1976027147966,398.29787234042544,highs_pfba
b3201,lptB,9,413,0.3983895354016796,-0.0,0.3983895354016796,1,3824.1976027147966,398.29787234042544,highs_pfba
b0054,lptD,9,413,0.3983895354016796,-0.0,0.3983895354016796,1,3824.1976027147966,398.29787234042544,highs_pfba
b4262,lptG,9,413,0.3983895354016796,-0.0,0.3983895354016796,1,3824.1976027147966,398.29787234042544,highs_pfba
b4261,lptF,9,413,0.3983895354016796,-0.0,0.3983895354016796,1,3824.1976027147966,398.29787234042544,highs_pfba
b1535,dgcZ,1,4,0.3983895354016796,0.3983895354016796,0.0,0,1.7199558674850803e-05,738.4130785798901,highs_pfba
b1490,dosC,1,4,0.3983895354016796,0.3983895354016796,0.0,0,1.7199558674850803e-05,738.4130785798901,highs_pfba
b1794,yeaP,1,4,0.3983895354016796,0.3983895354016796,0.0,0,1.7199558674850803e-05,738.4130785798901,highs_pfba
b1341,ydaM,1,4,0.3983895354016796,0.3983895354016796,0.0,0,1.7199558674850803e-05,738.4130785798901,highs_pfba
b1025,ycdT,1,4,0.3983895354016796,0.3983895354016796,0.0,0,1.7199558674850803e-05,738.4130785798901,highs_pfba
b1285,gmr,2,4,0.3983895354016796,0.3983895354016796,0.0,0,1.7199558674850803e-05,738.4130785798901,highs_pfba
b3525,yhjH,1,4,0.3983895354016796,0.3983895354016796,0.0,0,1.7199558674850803e-05,738.4130785798901,highs_pfba
b0315,yahA,1,4,0.3983895354016796,0.3983895354016796,0.0,0,1.7199558674850803e-05,738.4130785798901,highs_pfba
b2503,yfgF,1,4,0.3983895354016796,0.3983895354016796,0.0,0,1.7199558674850803e-05,738.4130785798901,highs_pfba
b0009,mog,1,0,0.3983895354016796,0.3983895354016796,0.0,0,0.0,738.4130785798629,highs_pfba
b0784,moaD,2,0,0.3983895354016796,0.3983895354016796,0.0,0,0.0,738.4130785798601,highs_pfba
b2530,iscS,6,413,0.3983895354016796,-0.0,0.3983895354016796,1,3824.197602714792,398.29787234042567,highs_pfba
b2470,acrD,7,4,0.3983895354016796,0.3983895354016796,0.0,0,1.7199558672198695e-05,738.4130785798604,highs_pfba
b0463,acrA,7,4,0.3983895354016796,0.3983895354016796,0.0,0,1.7199558672198695e-05,738.4130785798604,highs_pfba
b0462,acrB,7,4,0.3983895354016796,0.3983895354016796,0.0,0,1.7199558672198695e-05,738.4130785798604,highs_pfba
b1394,paaG,2,12,0.3983895354016796,0.3983895354016796,0.0,0,0.1870341950450281,738.4130785798901,highs_pfba
b1090,plsX,7,4,0.3983895354016796,0.39838953540168,-3.8857805861880484e-16,0,1.719955867539598e-05,738.4130785798977,highs_pfba
b3059,ygiH,7,4,0.3983895354016796,0.3983895354016815,-1.887379141862766e-15,0,1.719955867547708e-05,738.4130785798984,highs_pfba
b2529,iscU,6,95,0.3983895354016796,0.3983877959014027,1.7395002768760826e-06,0,1.5507945455360606,738.412910855695,highs_pfba
b1684,sufA,2,16,0.3983895354016796,0.3983895354016795,5.551115123125783e-17,0,1.5507356279174078,738.413078579873,highs_pfba
b1682,sufC,6,16,0.3983895354016796,0.3983895354016795,5.551115123125783e-17,0,1.550735627917337,738.4130785798914,highs_pfba
b1683,sufB,6,16,0.3983895354016796,0.3983895354016795,5.551115123125783e-17,0,1.550735627917337,738.4130785798914,highs_pfba
b1681,sufD,6,16,0.3983895354016796,0.3983895354016795,5.551115123125783e-17,0,1.550735627917337,738.4130785798914,highs_pfba
b0827,moeA,4,0,0.3983895354016796,0.3983895354016796,0.0,0,0.0,738.4130785798601,highs_pfba
b3857,mobA,5,0,0.3983895354016796,0.3983895354016796,0.0,0,0.0,738.4130785798601,highs_pfba
b3856,mobB,5,0,0.3983895354016796,0.3983895354016796,0.0,0,0.0,738.4130785798601,highs_pfba
b3058,folB,2,413,0.3983895354016796,-0.0,0.3983895354016796,1,3824.1976027148057,398.297872340425,highs_pfba
b0709,dtpD,2,0,0.3983895354016796,0.3983895354016796,0.0,0,0.0,738.4130785798601,highs_pfba
b3496,dtpB,2,0,0.3983895354016796,0.3983895354016796,0.0,0,0.0,738.4130785798601,highs_pfba
b1634,dtpA,2,0,0.3983895354016796,0.3983895354016796,0.0,0,0.0,738.4130785798601,highs_pfba
b2528,iscA,2,95,0.3983895354016796,0.3983877959014027,1.7395002768760826e-06,0,1.5507945455361312,738.412910855677,highs_pfba
b1679,sufE,4,16,0.3983895354016796,0.3983895354016795,5.551115123125783e-17,0,1.5507356279175228,738.4130785798602,highs_pfba
b0775,bioB,1,413,0.3983895354016796,-0.0,0.3983895354016796,1,3824.197602714796,398.2978723404256,highs_pfba
b1009,rutD,1,4,0.3983895354016796,0.3983895354016795,5.551115123125783e-17,0,1.7199558673384775e-05,738.4130785798714,highs_pfba
b0444,queC,1,0,0.3983895354016796,0.3983895354016796,0.0,0,0.0,738.4130785798601,highs_pfba
b2794,queF,1,0,0.3983895354016796,0.3983895354016796,0.0,0,0.0,738.4130785798601,highs_pfba
b1008,rutE,1,4,0.3983895354016796,0.3983895354016795,5.551115123125783e-17,0,1.7199558673384775e-05,738.4130785798714,highs_pfba
b2765,queD,1,0,0.3983895354016796,0.3983895354016796,0.0,0,0.0,738.4130785798601,highs_pfba
b2263,menH,1,12,0.3983895354016796,0.3983895354016797,-1.1102230246251563e-16,0,1.5507184283586892,738.413078579885,highs_pfba
b1011,rutB,1,4,0.3983895354016796,0.3983895354016795,5.551115123125783e-17,0,1.7199558673384775e-05,738.4130785798714,highs_pfba
b1010,rutC,1,4,0.3983895354016796,0.3983895354016795,5.551115123125783e-17,0,1.7199558673384775e-05,738.4130785798714,highs_pfba
b0968,yccX,7,10,0.3983895354016796,0.39838953540168,-3.8857805861880484e-16,0,0.5943595396893185,738.4130785798791,highs_pfba
b2264,menD,1,12,0.3983895354016796,0.3983895354016797,-1.1102230246251563e-16,0,1.5507184283586892,738.413078579885,highs_pfba
b2262,menB,1,12,0.3983895354016796,0.3983895354016797,-1.1102230246251563e-16,0,1.5507184283586892,738.413078579885,highs_pfba
b1686,menI,1,12,0.3983895354016796,0.3983895354016797,-1.1102230246251563e-16,0,1.5507184283586892,738.413078579885,highs_pfba
b3991,thiG,1,413,0.3983895354016796,-0.0,0.3983895354016796,1,3824.197602714796,398.2978723404254,highs_pfba
b4407,thiS,1,413,0.3983895354016796,-0.0,0.3983895354016796,1,3824.19760271481,398.2978723404249,highs_pfba
b3990,thiH,1,413,0.3983895354016796,-0.0,0.3983895354016796,1,3824.19760271481,398.2978723404249,highs_pfba
b0423,thiI,1,413,0.3983895354016796,-0.0,0.3983895354016796,1,3824.19760271481,398.2978723404249,highs_pfba
b3992,thiF,1,413,0.3983895354016796,-0.0,0.3983895354016796,1,3824.19760271481,398.2978723404249,highs_pfba
b2877,mocA,1,0,0.3983895354016796,0.3983895354016796,0.0,0,0.0,738.4130785798601,highs_pfba
b2374,frc,1,0,0.3983895354016796,0.3983895354016796,0.0,0,0.0,738.4130785798601,highs_pfba
b1389,paaB,1,12,0.3983895354016796,0.3983895354016796,0.0,0,0.1870341950450281,738.4130785798901,highs_pfba
b1388,paaA,1,12,0.3983895354016796,0.3983895354016796,0.0,0,0.1870341950450281,738.4130785798901,highs_pfba
b1390,paaC,1,12,0.3983895354016796,0.3983895354016796,0.0,0,0.1870341950450281,738.4130785798901,highs_pfba
b1391,paaD,1,12,0.3983895354016796,0.3983895354016796,0.0,0,0.1870341950450281,738.4130785798901,highs_pfba
b1392,paaE,1,12,0.3983895354016796,0.3983895354016796,0.0,0,0.1870341950450281,738.4130785798901,highs_pfba
b1397,paaJ,2,12,0.3983895354016796,0.3983895354016796,0.0,0,0.1870341950450281,738.4130785798901,highs_pfba
b1395,paaH,1,12,0.3983895354016796,0.3983895354016796,0.0,0,0.1870341950450281,738.4130785798901,highs_pfba
b1012,rutA,1,4,0.3983895354016796,0.3983895354016795,5.551115123125783e-17,0,1.7199558673384775e-05,738.4130785798714,highs_pfba
b1007,rutF,1,4,0.3983895354016796,0.3983895354016795,5.551115123125783e-17,0,1.7199558673384775e-05,738.4130785798714,highs_pfba
b0785,moaE,1,0,0.3983895354016796,0.3983895354016796,0.0,0,0.0,738.4130785798601,highs_pfba
b3893,fdoH,2,0,0.3983895354016796,0.3983895354016796,0.0,0,0.0,738.4130785798733,highs_pfba
b3892,fdoI,2,0,0.3983895354016796,0.3983895354016796,0.0,0,0.0,738.4130785798733,highs_pfba
b3894,fdoG,2,0,0.3983895354016796,0.3983895354016796,0.0,0,0.0,738.4130785798733,highs_pfba
b1475,fdnH,2,0,0.3983895354016796,0.3983895354016796,0.0,0,0.0,738.4130785798733,highs_pfba
b1474,fdnG,2,0,0.3983895354016796,0.3983895354016796,0.0,0,0.0,738.4130785798733,highs_pfba
b1476,fdnI,2,0,0.3983895354016796,0.3983895354016796,0.0,0,0.0,738.4130785798733,highs_pfba
b0776,bioF,1,413,0.3983895354016796,-0.0,0.3983895354016796,1,3824.197602714796,398.2978723404256,highs_pfba
b3412,bioH,1,413,0.3983895354016796,-0.0,0.3983895354016796,1,3824.197602714796,398.2978723404256,highs_pfba
b2515,ispG,1,413,0.3983895354016796,-0.0,0.3983895354016796,1,3824.197602714796,398.29787234042544,highs_pfba
b4238,nrdD,4,285,0.3983895354016796,0.3983051442974443,8.439110423530405e-05,0,0.0154398714325149,738.4217184845808,highs_pfba
b3924,fpr,5,288,0.3983895354016796,0.3983051442974451,8.439110423447138e-05,0,0.0154495124287457,738.4217184846096,highs_pfba
b4237,nrdG,4,285,0.3983895354016796,0.3983051442974443,8.439110423530405e-05,0,0.0154398714325149,738.4217184845808,highs_pfba
b4209,ytfE,1,0,0.3983895354016796,0.3983895354016796,0.0,0,0.0,738.4130785798643,highs_pfba
b1387,paaZ,1,12,0.3983895354016796,0.3983895354016796,0.0,0,0.1870341950450281,738.4130785798901,highs_pfba
b1393,paaF,1,12,0.3983895354016796,0.3983895354016796,0.0,0,0.1870341950450281,738.4130785798901,highs_pfba
b2912,fau,1,0,0.3983895354016796,0.3983895354016796,0.0,0,0.0,738.4130785798601,highs_pfba
b2174,lpxT,1,4,0.3983895354016796,0.3983895354016796,0.0,0,1.719955867352475e-05,738.4130785798731,highs_pfba
b0826,moeB,1,0,0.3983895354016796,0.3983895354016796,0.0,0,0.0,738.4130785798601,highs_pfba
b0781,moaA,1,0,0.3983895354016796,0.3983895354016796,0.0,0,0.0,738.4130785798601,highs_pfba
b0783,moaC,1,0,0.3983895354016796,0.3983895354016796,0.0,0,0.0,738.4130785798601,highs_pfba
b0630,lipB,1,0,0.3983895354016796,0.3983895354016796,0.0,0,0.0,738.4130785798601,highs_pfba
b0628,lipA,1,0,0.3983895354016796,0.3983895354016796,0.0,0,0.0,738.4130785798601,highs_pfba
b4386,lplA,3,0,0.3983895354016796,0.3983895354016796,0.0,0,0.0,738.4130785798601,highs_pfba
b1385,feaB,1,4,0.3983895354016796,0.3983895354016796,0.0,0,1.7199558673539484e-05,738.413078579873,highs_pfba
b2917,scpA,1,4,0.3983895354016796,0.3983895354016796,0.0,0,1.7199558672132393e-05,738.4130785798601,highs_pfba
b3572,avtA,1,4,0.3983895354016796,0.3983895354016796,-5.551115123125783e-17,0,1.7199558671948224e-05,738.4130785798588,highs_pfba
b4129,lysU,1,4,0.3983895354016796,0.3983895354016796,-5.551115123125783e-17,0,1.719955867470347e-05,738.4130785798886,highs_pfba
b3722,bglF,1,0,0.3983895354016796,0.3983895354016796,0.0,0,0.0,738.4130785798601,highs_pfba
b0681,chiP,1,0,0.3983895354016796,0.3983895354016796,0.0,0,0.0,738.4130785798601,highs_pfba
b1473,yddG,3,0,0.3983895354016796,0.3983895354016796,0.0,0,0.0,738.413078579873,highs_pfba
b3882,yihU,2,0,0.3983895354016796,0.3983895354016796,0.0,0,0.0,738.4130785798601,highs_pfba
b1600,mdtJ,1,0,0.3983895354016796,0.3983895354016804,-7.771561172376097e-16,0,0.0,738.413078579903,highs_pfba
b1599,mdtI,1,0,0.3983895354016796,0.3983895354016804,-7.771561172376097e-16,0,0.0,738.413078579903,highs_pfba
b2660,lhgO,1,0,0.3983895354016796,0.3983895354016804,-7.771561172376097e-16,0,0.0,738.4130785798816,highs_pfba
b4167,yjeF,4,4,0.3983895354016796,0.3983895354016796,0.0,0,1.7199558672213427e-05,738.4130785798604,highs_pfba
b2670,alaE,1,0,0.3983895354016796,0.3983895354016796,0.0,0,0.0,738.4130785798609,highs_pfba
b3070,yqjH,3,4,0.3983895354016796,0.3983895354016796,0.0,0,1.719955867218396e-05,738.4130785798601,highs_pfba
b4297,yjhG,1,0,0.3983895354016796,0.3983895354016795,5.551115123125783e-17,0,0.0,738.413078579859,highs_pfba
b0269,yagF,1,0,0.3983895354016796,0.3983895354016795,5.551115123125783e-17,0,0.0,738.413078579859,highs_pfba
b4298,yjhH,1,0,0.3983895354016796,0.3983895354016795,5.551115123125783e-17,0,0.0,738.413078579859,highs_pfba
b0268,yagE,1,0,0.3983895354016796,0.3983895354016795,5.551115123125783e-17,0,0.0,738.413078579859,highs_pfba
b3715,yieH,1,4,0.3983895354016796,0.3983895354016796,0.0,0,1.719955867218396e-05,738.4130785798602,highs_pfba
b0516,allC,1,4,0.3983895354016796,0.3983895354016796,-5.551115123125783e-17,0,1.719955867485081e-05,738.4130785798907,highs_pfba
b0515,allE,1,4,0.3983895354016796,0.3983895354016796,-5.551115123125783e-17,0,1.719955867485081e-05,738.4130785798907,highs_pfba
b1617,uidA,1,0,0.3983895354016796,0.3983895354016796,0.0,0,0.0,738.4130785798601,highs_pfba
b1695,ydiO,1,439,0.3983895354016796,0.3915030231418116,0.0068865122598679,0,6.657516986743647,738.3021694953061,highs_pfba
b1771,ydjG,1,4,0.3983895354016796,0.3983895354016796,0.0,0,1.7199558672029254e-05,738.4130785798593,highs_pfba
b2907,ubiH,1,4,0.3983895354016796,0.3983895354016796,0.0,0,1.7199558672213427e-05,738.4130785798607,highs_pfba
b0543,emrE,2,0,0.3983895354016796,0.3983895354016795,5.551115123125783e-17,0,0.0,738.4130785798718,highs_pfba
b1601,tqsA,1,0,0.3983895354016796,0.3983895354016796,0.0,0,0.0,738.4130785798739,highs_pfba
b0624,crcB,1,0,0.3983895354016796,0.3983895354016796,0.0,0,0.0,738.4130785798601,highs_pfba
b3880,yihS,1,0,0.3983895354016796,0.3983895354016796,0.0,0,0.0,738.4130785798601,highs_pfba
b3881,yihT,1,0,0.3983895354016796,0.3983895354016796,0.0,0,0.0,738.4130785798668,highs_pfba
b3877,yihP,1,0,0.3983895354016796,0.3983895354016796,0.0,0,0.0,738.4130785798601,highs_pfba
b3876,yihO,1,0,0.3983895354016796,0.3983895354016796,0.0,0,0.0,738.4130785798601,highs_pfba
b1511,lsrK,1,187,0.3983895354016796,0.3983849136971547,4.621704524865322e-06,0,2.006828613653071e-05,738.409161584153,highs_pfba
b2371,yfdE,1,0,0.3983895354016796,0.3983895354016796,0.0,0,0.0,738.4130785798601,highs_pfba
b2302,yfcG,1,0,0.3983895354016796,0.3983895354016796,0.0,0,0.0,738.4130785798601,highs_pfba
b2989,yghU,1,0,0.3983895354016796,0.3983895354016796,0.0,0,0.0,738.4130785798601,highs_pfba
b1619,hdhA,1,0,0.3983895354016796,0.3983895354016796,0.0,0,0.0,738.4130785798601,highs_pfba
b4337,mdtM,1,0,0.3983895354016796,0.3983895354016796,0.0,0,0.0,738.4130785798601,highs_pfba
b1337,abgB,1,4,0.3983895354016796,0.39838953540167954,5.551115123125783e-17,0,1.719955867194085e-05,738.413078579859,highs_pfba
b1338,abgA,1,4,0.3983895354016796,0.39838953540167954,5.551115123125783e-17,0,1.719955867194085e-05,738.413078579859,highs_pfba
b1336,abgT,1,4,0.3983895354016796,0.39838953540167965,-5.551115123125783e-17,0,1.7199558674806608e-05,738.4130785798901,highs_pfba
b2873,hyuA,1,0,0.3983895354016796,0.3983895354016796,0.0,0,0.0,738.4130785798601,highs_pfba
b1430,tehB,1,0,0.3983895354016796,0.3983895354016796,0.0,0,0.0,738.4130785798601,highs_pfba
b1396,paaI,2,12,0.3983895354016796,0.3983895354016796,0.0,0,1.550718428358538,738.4130785799109,highs_pfba
b3943,yijE,1,0,0.3983895354016796,0.3983895354016796,0.0,0,0.0,738.4130785798601,highs_pfba
b0578,nfsB,2,0,0.3983895354016796,0.3983895354016796,0.0,0,0.0,738.4130785798601,highs_pfba
b3253,yhdH,1,0,0.3983895354016796,0.3983895354016796,0.0,0,0.0,738.4130785798601,highs_pfba
b1022,pgaC,2,0,0.3983895354016796,0.3983895354016796,0.0,0,0.0,738.4130785798601,highs_pfba
b1021,pgaD,2,0,0.3983895354016796,0.3983895354016796,0.0,0,0.0,738.4130785798601,highs_pfba
b1733,chbG,1,0,0.3983895354016796,0.3983895354016796,0.0,0,0.0,738.4130785798601,highs_pfba
b4266,idnO,2,0,0.3983895354016796,0.3983895354016796,0.0,0,0.0,738.4130785798603,highs_pfba
b3493,pitA,1,363,0.3983895354016796,0.39610624667936395,0.002283288722315646,0,0.3404124624800002,738.2884434358175,highs_pfba
b2987,pitB,1,363,0.3983895354016796,0.39610624667936395,0.002283288722315646,0,0.3404124624800002,738.2884434358175,highs_pfba
b0401,brnQ,3,12,0.3983895354016796,0.39838953540167954,5.551115123125783e-17,0,1.193193056003347,738.4130785798895,highs_pfba
b4141,yjeH,4,12,0.3983895354016796,0.3983895354016796,0.0,0,1.1931930560034305,738.413078579872,highs_pfba
b1798,leuE,2,4,0.3983895354016796,0.39838953540168054,-9.43689570931383e-16,0,1.719955867594116e-05,738.4130785799042,highs_pfba
b3662,nepI,2,4,0.3983895354016796,0.3983895354016796,0.0,0,1.719955867218396e-05,738.4130785798602,highs_pfba
b1592,clcB,1,4,0.3983895354016796,0.39838953540167954,5.551115123125783e-17,0,1.719955867488027e-05,738.4130785798911,highs_pfba
b2842,kduD,1,4,0.3983895354016796,0.3983895354016796,0.0,0,1.7199558673539484e-05,738.4130785798728,highs_pfba
b4020,yjbB,1,4,0.3983895354016796,0.3983895354016796,0.0,0,1.7199558672051355e-05,738.4130785798593,highs_pfba
b1985,yeeO,2,0,0.3983895354016796,0.39838953540167965,-5.551115123125783e-17,0,0.0,738.4130785798588,highs_pfba
b1516,lsrB,1,4,0.3983895354016796,0.3983895354016796,0.0,0,1.7199558673701555e-05,738.4130785798748,highs_pfba
b1514,lsrC,1,4,0.3983895354016796,0.3983895354016796,0.0,0,1.7199558673701555e-05,738.4130785798748,highs_pfba
b1515,lsrD,1,4,0.3983895354016796,0.3983895354016796,0.0,0,1.7199558673701555e-05,738.4130785798748,highs_pfba
b1513,lsrA,1,4,0.3983895354016796,0.3983895354016796,0.0,0,1.7199558673701555e-05,738.4130785798748,highs_pfba
b1518,lsrG,1,187,0.3983895354016796,0.39838491369715473,4.621704524865322e-06,0,2.006828613653071e-05,738.409161584153,highs_pfba
b3240,aaeB,1,0,0.3983895354016796,0.3983895354016796,0.0,0,0.0,738.4130785798601,highs_pfba
b3241,aaeA,1,0,0.3983895354016796,0.3983895354016796,0.0,0,0.0,738.4130785798601,highs_pfba
b1449,curA,2,0,0.3983895354016796,0.3983895354016796,0.0,0,0.0,738.4130785798601,highs_pfba
b2245,yfaU,1,0,0.3983895354016796,0.3983895354016796,0.0,0,0.0,738.4130785798601,highs_pfba
b1448,mnaT,1,0,0.3983895354016796,0.3983895354016796,0.0,0,0.0,738.4130785798601,highs_pfba
b3656,yicI,1,0,0.3983895354016796,0.3983895354016796,0.0,0,0.0,738.4130785798601,highs_pfba
b3883,yihV,1,0,0.3983895354016796,0.3983895354016796,0.0,0,0.0,738.4130785798668,highs_pfba
b3966,btuB,3,0,0.3983895354016796,0.3983895354016796,0.0,0,0.0,738.4130785798601,highs_pfba
b4098,phnJ,1,0,0.3983895354016796,0.3983895354016796,0.0,0,0.0,738.4130785798601,highs_pfba
b3488,yhiJ,1,0,0.3983895354016796,0.3983895354016796,0.0,0,0.0,738.4130785798606,highs_pfba
b1813,nudL,1,0,0.3983895354016796,0.3983895354016796,0.0,0,0.0,738.4130785798601,highs_pfba
b2166,psuK,1,0,0.3983895354016796,0.3983895354016796,0.0,0,0.0,738.4130785798601,highs_pfba
b1103,hinT,1,0,0.3983895354016796,0.3983895354016796,0.0,0,0.0,738.4130785798601,highs_pfba
b4096,phnL,1,0,0.3983895354016796,0.3983895354016796,0.0,0,0.0,738.4130785798601,highs_pfba
b4101,phnG,1,0,0.3983895354016796,0.3983895354016796,0.0,0,0.0,738.4130785798601,highs_pfba
b4100,phnH,1,0,0.3983895354016796,0.3983895354016796,0.0,0,0.0,738.4130785798601,highs_pfba
b4099,phnI,1,0,0.3983895354016796,0.3983895354016796,0.0,0,0.0,738.4130785798601,highs_pfba
b4095,phnM,1,0,0.3983895354016796,0.3983895354016796,0.0,0,0.0,738.4130785798601,highs_pfba
b4092,phnP,1,0,0.3983895354016796,0.3983895354016796,0.0,0,0.0,738.4130785798601,highs_pfba
b2047,wcaJ,1,0,0.3983895354016796,0.3983895354016796,0.0,0,0.0,738.4130785798601,highs_pfba
b4106,phnC,1,0,0.3983895354016796,0.3983895354016796,0.0,0,0.0,738.4130785798601,highs_pfba
b4104,phnE_1,1,0,0.3983895354016796,0.3983895354016796,0.0,0,0.0,738.4130785798601,highs_pfba
b4105,phnD,1,0,0.3983895354016796,0.3983895354016796,0.0,0,0.0,738.4130785798601,highs_pfba
b0662,ubiF,1,4,0.3983895354016796,0.39838953540167865,9.43689570931383e-16,0,1.7199558672412296e-05,738.413078579862,highs_pfba
b2906,ubiI,1,4,0.3983895354016796,0.39838953540167954,5.551115123125783e-17,0,1.71995586747403e-05,738.4130785798884,highs_pfba
b1400,paaY,1,0,0.3983895354016796,0.3983895354016796,0.0,0,0.0,738.4130785798601,highs_pfba
b2683,ygaH,1,4,0.3983895354016796,0.3983895354016798,-2.220446049250313e-16,0,1.7199558672478653e-05,738.4130785798625,highs_pfba
b2682,ygaZ,1,4,0.3983895354016796,0.3983895354016798,-2.220446049250313e-16,0,1.7199558672478653e-05,738.4130785798625,highs_pfba
b1821,mntP,1,4,0.3983895354016796,0.3983895354016804,-7.771561172376096e-16,0,1.7199558674114145e-05,738.4130785798808,highs_pfba
b2164,psuT,1,0,0.3983895354016796,0.3983895354016796,0.0,0,0.0,738.4130785798601,highs_pfba
b1616,uidB,1,0,0.3983895354016796,0.3983895354016796,0.0,0,0.0,738.4130785798601,highs_pfba
b1517,lsrF,1,187,0.3983895354016796,0.39838491369715473,4.621704524865322e-06,0,2.006828613653071e-05,738.409161584153,highs_pfba
b0577,ybdG,1,0,0.3983895354016796,0.3983895354016796,0.0,0,0.0,738.4130785798601,highs_pfba
b2924,mscS,1,0,0.3983895354016796,0.3983895354016796,0.0,0,0.0,738.4130785798601,highs_pfba
b1330,ynaI,1,0,0.3983895354016796,0.3983895354016796,0.0,0,0.0,738.4130785798601,highs_pfba
b0808,ybiO,1,0,0.3983895354016796,0.3983895354016796,0.0,0,0.0,738.4130785798601,highs_pfba
b0465,mscK,1,0,0.3983895354016796,0.3983895354016796,0.0,0,0.0,738.4130785798601,highs_pfba
b3291,mscL,1,0,0.3983895354016796,0.3983895354016796,0.0,0,0.0,738.4130785798601,highs_pfba
b4159,mscM,1,0,0.3983895354016796,0.3983895354016796,0.0,0,0.0,738.4130785798601,highs_pfba
b2247,yfaW,1,0,0.3983895354016796,0.3983895354016796,0.0,0,0.0,738.4130785798601,highs_pfba
b0597,entH,1,0,0.3983895354016796,0.3983895354016796,0.0,0,0.0,738.4130785798601,highs_pfba
b1870,cmoA,1,0,0.3983895354016796,0.3983895354016796,0.0,0,0.0,738.4130785798601,highs_pfba
b3116,tdcC,2,4,0.3983895354016796,0.3983895354016796,0.0,0,1.719955867218396e-05,738.4130785798602,highs_pfba
b2796,sdaC,1,4,0.3983895354016796,0.39838953540167954,5.551115123125783e-17,0,1.7199558673414245e-05,738.4130785798712,highs_pfba
b4093,phnO,1,0,0.3983895354016796,0.3983895354016796,0.0,0,0.0,738.4130785798601,highs_pfba
b3878,yihQ,1,0,0.3983895354016796,0.3983895354016796,0.0,0,0.0,738.4130785798601,highs_pfba
b1206,dauA,3,14,0.3983895354016796,0.39838953540168026,-6.661338147750939e-16,0,1.234221261319136,738.4130785799005,highs_pfba
