o2_bound,gene_id,n_gpr_rxns,n_changed,b_wt,b_ko,delta_b,y_essential,kV
-5.0,b0870,5,159,0.35343632816628134,0.35343290096722035,3.4271990609902048e-06,0,1.5406344022416985e-06
-5.0,b2551,6,407,0.35343632816628134,0.34703075776807857,0.006405570398202776,0,9.01550520222003
-5.0,b3368,3,411,0.35343632816628134,0.0,0.35343632816628134,1,1419.9908538243892
-5.0,b2436,1,191,0.35343632816628134,0.353431073154903,5.2550113783245145e-06,0,1.2183423473188618e-06
-5.0,b3500,1,0,0.35343632816628134,0.35343632816626885,1.2490009027033011e-14,0,0.0
-5.0,b0945,2,0,0.35343632816628134,0.3534363281662801,1.2212453270876722e-15,0,0.0
-5.0,b4467,3,0,0.35343632816628134,0.3534363281662801,1.2212453270876722e-15,0,0.0
-5.0,b2979,3,0,0.35343632816628134,0.3534363281662801,1.2212453270876722e-15,0,0.0
-5.0,b4468,3,0,0.35343632816628134,0.3534363281662801,1.2212453270876722e-15,0,0.0
-5.0,b3916,3,408,0.35343632816628134,0.3481468898590601,0.005289438307221228,0,458.19564391780193
-5.0,b1260,3,418,0.35343632816628134,8.057038832921943e-16,0.3534363281662805,1,1829.8126684600884
-5.0,b1261,3,418,0.35343632816628134,0.0,0.35343632816628134,1,1829.8126684601157
-5.0,b3426,1,8,0.35343632816628134,0.35343632816627174,9.603429163007604e-15,0,362.68787129360584
-5.0,b2243,3,8,0.35343632816628134,0.3534363281662847,-3.3306690738754696e-15,0,362.6878712936079
-5.0,b2242,3,8,0.35343632816628134,0.3534363281662847,-3.3306690738754696e-15,0,362.6878712936079
-5.0,b2241,3,8,0.35343632816628134,0.3534363281662847,-3.3306690738754696e-15,0,362.6878712936079
-5.0,b3770,5,415,0.35343632816628134,-3.1233606634106214e-15,0.35343632816628445,1,1814.0171902183693
-5.0,b4054,4,415,0.35343632816628134,0.0,0.35343632816628134,1,1814.0171902183295
-5.0,b3281,1,415,0.35343632816628134,0.0,0.35343632816628134,1,1814.0171902183295
-5.0,b1692,3,415,0.35343632816628134,1.7150367572396955e-31,0.35343632816628134,1,1814.017190218328
-5.0,b0243,1,415,0.35343632816628134,1.7150367572396955e-31,0.35343632816628134,1,1814.017190218328
-5.0,b1613,1,8,0.35343632816628134,0.3534363281662801,1.2212453270876722e-15,0,362.68787129360686
-5.0,b0414,2,415,0.35343632816628134,4.599608783902121e-22,0.35343632816628134,1,1814.0171902183447
-5.0,b3041,1,415,0.35343632816628134,0.0,0.35343632816628134,1,1814.0171902183215
-5.0,b0025,2,415,0.35343632816628134,0.0,0.35343632816628134,1,1814.017190218321
-5.0,b0446,4,8,0.35343632816628134,0.3534363281662836,-2.275957200481571e-15,0,362.6878712936074
-5.0,b3812,2,415,0.35343632816628134,-6.654613382150238e-15,0.353436328166288,1,1814.0171902183743
-5.0,b0844,2,415,0.35343632816628134,0.0,0.35343632816628134,1,1814.0171902183288
-5.0,b1662,1,415,0.35343632816628134,0.0,0.35343632816628134,1,1814.0171902183288
-5.0,b0421,2,415,0.35343632816628134,0.0,0.35343632816628134,1,1814.0171902183245
-5.0,b3804,1,415,0.35343632816628134,0.0,0.35343632816628134,1,1814.0171902183242
-5.0,b3997,1,415,0.35343632816628134,0.0,0.35343632816628134,1,1814.0171902183245
-5.0,b4382,2,8,0.35343632816628134,0.35343632816627746,3.885780586188048e-15,0,362.6878712936066
-5.0,b0126,1,429,0.35343632816628134,1.641755907963789e-14,0.3534363281662649,1,1674.0618560979092
-5.0,b0339,1,429,0.35343632816628134,-4.138091687399785e-14,0.3534363281663227,1,1674.0618560981322
-5.0,b4006,2,429,0.35343632816628134,-4.0342548142029506e-14,0.3534363281663217,1,1674.0618560981275
-5.0,b2508,1,343,0.35343632816628134,0.3519473827000617,0.0014889454662196377,0,362.9402552351185
-5.0,b3846,19,444,0.35343632816628134,0.3450592976368758,0.008377030529405527,0,367.99727107188835
-5.0,b2341,16,444,0.35343632816628134,0.3450592976368701,0.008377030529411245,0,367.99727107188636
-5.0,b2400,1,441,0.35343632816628134,-4.530480064524533e-16,0.3534363281662818,1,1709.4383880726805
-5.0,b3993,1,441,0.35343632816628134,0.0,0.35343632816628134,1,1709.4383880726864
-5.0,b2066,4,8,0.35343632816628134,0.3534363281662826,-1.27675647831893e-15,0,362.68787129360715
-5.0,b0238,3,8,0.35343632816628134,0.3534363281662782,3.164135620181696e-15,0,362.6878712936067
-5.0,b0125,2,8,0.35343632816628134,0.3534363281662782,3.164135620181696e-15,0,362.6878712936067
-5.0,b2518,8,16,0.35343632816628134,0.3534363281662782,3.164135620181696e-15,0,357.0864718535725
-5.0,b0474,13,93,0.35343632816628134,0.35343425954400015,2.0686222811927557e-06,0,358.8728440476976
-5.0,b1062,1,418,0.35343632816628134,-1.7052955209381114e-15,0.35343632816628306,1,1800.0954675696464
-5.0,b1281,1,418,0.35343632816628134,-5.7916953977782396e-30,0.35343632816628134,1,1800.0954675696453
-5.0,b0720,1,418,0.35343632816628134,-7.707109444976458e-31,0.35343632816628134,1,1800.0954675696355
-5.0,b1136,1,418,0.35343632816628134,-8.329830494782117e-30,0.35343632816628134,1,1800.095467569637
-5.0,b0351,1,415,0.35343632816628134,0.34304688422432783,0.010389443941953513,0,428.01510298623873
-5.0,b1241,3,415,0.35343632816628134,0.34304688422432805,0.010389443941953291,0,428.0151029862376
-5.0,b4069,2,27,0.35343632816628134,0.3534363281662706,1.0769163338864018e-14,0,359.04247640274554
-5.0,b4226,1,418,0.35343632816628134,-8.73434420673672e-15,0.35343632816629006,1,1830.2610973921512
-5.0,b2502,2,418,0.35343632816628134,-6.782634688141644e-15,0.3534363281662881,1,1830.261097392161
-5.0,b2744,14,418,0.35343632816628134,-6.782634688141644e-15,0.3534363281662881,1,1830.261097392161
-5.0,b3403,1,46,0.35343632816628134,0.3534363281662784,2.942091015256665e-15,0,359.04640211964414
-5.0,b1479,1,46,0.35343632816628134,0.3534363281662808,5.551115123125783e-16,0,359.04640211964454
-5.0,b1190,1,418,0.35343632816628134,0.0,0.35343632816628134,1,1800.0954675696357
-5.0,b4053,1,418,0.35343632816628134,0.0,0.35343632816628134,1,1800.0954675696262
-5.0,b2379,1,46,0.35343632816628134,0.35343632816628007,1.27675647831893e-15,0,359.10616615971287
-5.0,b2290,1,46,0.35343632816628134,0.3534363281662671,1.426636586643326e-14,0,359.1061661597122
-5.0,b3564,2,46,0.35343632816628134,0.3534363281662671,1.426636586643326e-14,0,359.1061661597122
-5.0,b0063,3,46,0.35343632816628134,0.3534363281662671,1.426636586643326e-14,0,359.1061661597122
-5.0,b3752,1,46,0.35343632816628134,0.3534363281662671,1.426636586643326e-14,0,359.1061661597122
-5.0,b3926,1,46,0.35343632816628134,0.3534363281662671,1.426636586643326e-14,0,359.1061661597122
-5.0,b4383,2,112,0.35343632816628134,0.35343425954399865,2.068622282691557e-06,0,357.86450662189645
-5.0,b0928,4,417,0.35343632816628134,-9.229269238984704e-14,0.35343632816637366,1,1799.6979116061611
-5.0,b3925,1,46,0.35343632816628134,0.3534363281662826,-1.27675647831893e-15,0,357.86385337929545
-5.0,b2930,1,46,0.35343632816628134,0.35343632816627163,9.71445146547012e-15,0,357.8638533792944
-5.0,b4232,1,46,0.35343632816628134,0.35343632816627163,9.71445146547012e-15,0,357.8638533792944
-5.0,b3697,6,46,0.35343632816628134,0.35343632816627163,9.71445146547012e-15,0,357.8638533792944
-5.0,b3430,1,46,0.35343632816628134,0.35343632816627163,9.71445146547012e-15,0,357.8638533792944
-5.0,b1676,1,46,0.35343632816628134,0.35343632816627163,9.71445146547012e-15,0,357.8638533792944
-5.0,b1854,5,22,0.35343632816628134,0.35343632816627163,9.71445146547012e-15,0,363.46132904712414
-5.0,b3197,1,418,0.35343632816628134,-3.199975629609509e-16,0.3534363281662817,1,1598.9644213635202
-5.0,b2708,1,418,0.35343632816628134,0.0,0.35343632816628134,1,1598.9644213635129
-5.0,b0072,2,418,0.35343632816628134,0.0,0.35343632816628134,1,1598.9644213635129
-5.0,b0071,2,418,0.35343632816628134,0.0,0.35343632816628134,1,1598.9644213635227
-5.0,b3671,2,418,0.35343632816628134,0.0,0.35343632816628134,1,1598.9644213635227
-5.0,b3670,2,418,0.35343632816628134,0.0,0.35343632816628134,1,1598.9644213635288
-5.0,b0078,2,418,0.35343632816628134,0.0,0.35343632816628134,1,1598.9644213635288
-5.0,b0077,2,418,0.35343632816628134,0.0,0.35343632816628134,1,1598.9644213635288
-5.0,b0908,1,418,0.35343632816628134,4.828240824245343e-15,0.3534363281662765,1,1598.9644213635124
-5.0,b1264,1,418,0.35343632816628134,2.0791951300403698e-16,0.3534363281662811,1,1598.9644213635238
-5.0,b1263,2,418,0.35343632816628134,0.0,0.35343632816628134,1,1598.9644213635243
-5.0,b2599,2,418,0.35343632816628134,0.0,0.35343632816628134,1,1598.9644213635243
-5.0,b2600,2,418,0.35343632816628134,0.0,0.35343632816628134,1,1598.9644213635277
-5.0,b2329,1,418,0.35343632816628134,4.82824082424535e-15,0.3534363281662765,1,1598.964421363512
-5.0,b1262,2,418,0.35343632816628134,1.2249607038678948e-16,0.35343632816628123,1,1598.9644213635224
-5.0,b2779,1,432,0.35343632816628134,0.16332754053159138,0.19010878763468997,0,2933.1383791611306
-5.0,b2097,1,22,0.35343632816628134,0.35343632816628157,-2.220446049250313e-16,0,363.46132904712493
-5.0,b2925,2,412,0.35343632816628134,0.3481468898590699,0.005289438307211458,0,458.9523024871403
-5.0,b0963,1,22,0.35343632816628134,0.35343632816628495,-3.608224830031759e-15,0,363.4613290471258
-5.0,b1702,1,22,0.35343632816628134,0.3534363281662744,6.938893903907228e-15,0,363.46132904712425
-5.0,b4025,1,416,0.35343632816628134,0.33170249402265584,0.021733834143625508,0,884.4999243787466
-5.0,b2926,1,434,0.35343632816628134,0.1080554206431229,0.24538090752315844,0,5527.418736169864
-5.0,b1850,2,16,0.35343632816628134,0.35343632816628445,-3.1086244689504383e-15,0,363.334457742586
-5.0,b0767,1,16,0.35343632816628134,0.35343632816627824,3.1086244689504383e-15,0,363.3344577425851
-5.0,b3386,1,337,0.35343632816628134,0.35197804439946223,0.0014582837668191129,0,363.6018046252371
-5.0,b2464,1,325,0.35343632816628134,0.3527048284228968,0.0007314997433845449,0,260.97427581218125
-5.0,b0008,1,325,0.35343632816628134,0.3527048284228835,0.0007314997433978676,0,260.9742758121775
-5.0,b2465,2,420,0.35343632816628134,4.357680339604193e-15,0.35343632816627696,1,1776.511578584771
-5.0,b2935,2,420,0.35343632816628134,4.83106922999991e-15,0.3534363281662765,1,1776.5115785848081
-5.0,b0678,1,13,0.35343632816628134,0.3534363281662843,-2.942091015256665e-15,0,261.48106429768694
-5.0,b1478,2,409,0.35343632816628134,0.3430468842243497,0.010389443941931642,0,334.07518970372456
-5.0,b3011,3,13,0.35343632816628134,0.35343632816627363,7.716050021144838e-15,0,261.4810642976838
-5.0,b3003,1,13,0.35343632816628134,0.3534363281662998,-1.84297022087776e-14,0,261.48106429769155
-5.0,b4269,2,13,0.35343632816628134,0.3534363281662998,-1.84297022087776e-14,0,261.48106429769155
-5.0,b0493,1,13,0.35343632816628134,0.3534363281662998,-1.84297022087776e-14,0,261.48106429769155
-5.0,b3588,2,13,0.35343632816628134,0.3534363281662998,-1.84297022087776e-14,0,261.48106429769155
-5.0,b3903,2,13,0.35343632816628134,0.3534363281662998,-1.84297022087776e-14,0,261.48106429769155
-5.0,b3996,1,13,0.35343632816628134,0.3534363281662998,-1.84297022087776e-14,0,261.48106429769155
-5.0,b2411,1,13,0.35343632816628134,0.3534363281662998,-1.84297022087776e-14,0,261.48106429769155
-5.0,b0639,2,413,0.35343632816628134,2.3597926575561506e-12,0.35343632816392156,1,1783.3097240528282
-5.0,b4390,1,13,0.35343632816628134,0.3534363281661869,9.442446824436956e-14,0,261.4810642976918
-5.0,b2103,2,413,0.35343632816628134,-6.376614140040738e-16,0.35343632816628195,1,1783.309724065412
-5.0,b2418,4,13,0.35343632816628134,0.3534363281662811,2.220446049250313e-16,0,261.4810642976866
-5.0,b3831,1,13,0.35343632816628134,0.35343632816628207,-7.216449660063518e-16,0,261.4810642976872
-5.0,b4384,7,84,0.35343632816628134,0.3534342595440093,2.0686222720334158e-06,0,261.48241716680286
-5.0,b3073,1,13,0.35343632816628134,0.3534363281662805,8.326672684688674e-16,0,261.48106429768586
-5.0,b3008,2,413,0.35343632816628134,-3.049020097725851e-17,0.3534363281662814,1,1783.3097240653906
-5.0,b3708,3,302,0.35343632816628134,0.35317444052574715,0.00026188764053419744,0,260.43776559719043
-5.0,b1134,3,13,0.35343632816628134,0.3534363281662803,1.0547118733938987e-15,0,261.4810642976858
-5.0,b3614,3,13,0.35343632816628134,0.35343632816627724,4.107825191113079e-15,0,261.4810642976849
-5.0,b3642,1,413,0.35343632816628134,6.207428566611167e-16,0.35343632816628073,1,1783.309724065372
-5.0,b0415,1,413,0.35343632816628134,0.0,0.35343632816628134,1,1783.3097240653942
-5.0,b3771,2,413,0.35343632816628134,-2.187071578537681e-15,0.3534363281662835,1,1783.3097240654056
-5.0,b3885,1,13,0.35343632816628134,0.3534363281662786,2.7200464103316335e-15,0,261.48106429768484
-5.0,b2293,8,13,0.35343632816628134,0.35343632816628207,-7.216449660063518e-16,0,261.4810642976872
-5.0,b3114,2,415,0.35343632816628134,0.3172810341238138,0.036155294042467534,0,2809.996390189154
-5.0,b3951,1,415,0.35343632816628134,0.3172810341237624,0.03615529404251894,0,2809.9963901893398
-5.0,b3952,1,415,0.35343632816628134,0.3172810341237624,0.03615529404251894,0,2809.9963901893398
-5.0,b0902,2,415,0.35343632816628134,0.3172810341237624,0.03615529404251894,0,2809.9963901893398
-5.0,b0903,2,415,0.35343632816628134,0.3172810341237624,0.03615529404251894,0,2809.9963901893398
-5.0,b2579,2,415,0.35343632816628134,0.3172810341237624,0.03615529404251894,0,2809.9963901893398
-5.0,b4154,2,13,0.35343632816628134,0.353436328166282,-6.661338147750939e-16,0,261.48106429768563
-5.0,b4151,2,13,0.35343632816628134,0.3534363281662744,6.938893903907228e-15,0,261.4810642976855
-5.0,b4153,2,13,0.35343632816628134,0.3534363281662744,6.938893903907228e-15,0,261.4810642976855
-5.0,b4152,2,13,0.35343632816628134,0.3534363281662744,6.938893903907228e-15,0,261.4810642976855
-5.0,b0871,1,13,0.35343632816628134,0.3534363281662744,6.938893903907228e-15,0,261.4810642976855
-5.0,b2458,1,416,0.35343632816628134,0.2966536787800356,0.05678264938624572,0,5061.178755707247
-5.0,b2297,2,416,0.35343632816628134,0.296653678780172,0.05678264938610933,0,5061.178755708566
-5.0,b3115,2,416,0.35343632816628134,0.296653678780172,0.05678264938610933,0,5061.178755708566
-5.0,b2296,1,416,0.35343632816628134,0.296653678780172,0.05678264938610933,0,5061.178755708566
-5.0,b1849,2,416,0.35343632816628134,0.296653678780172,0.05678264938610933,0,5061.178755708566
-5.0,b3633,2,428,0.35343632816628134,-9.328760934906291e-17,0.35343632816628145,1,8164.935274011935
-5.0,b0174,1,428,0.35343632816628134,0.0,0.35343632816628134,1,8164.935274011907
-5.0,b0524,1,428,0.35343632816628134,0.0,0.35343632816628134,1,8164.935274011892
-5.0,b0182,1,428,0.35343632816628134,0.0,0.35343632816628134,1,8164.935274011885
-5.0,b0915,1,428,0.35343632816628134,0.0,0.35343632816628134,1,8164.9352740118975
-5.0,b0099,3,428,0.35343632816628134,-2.467352937930494e-27,0.35343632816628134,1,8164.93527401189
-5.0,b2781,8,13,0.35343632816628134,0.35343632816628406,-2.7200464103316335e-15,0,261.481064297686
-5.0,b0160,2,13,0.35343632816628134,0.35343632816628356,-2.220446049250313e-15,0,261.4810642976871
-5.0,b1800,2,419,0.35343632816628134,-2.4257884605116366e-16,0.35343632816628157,1,1896.0515650098207
-5.0,b0073,1,419,0.35343632816628134,0.0,0.35343632816628134,1,1896.0515650098164
-5.0,b0523,1,419,0.35343632816628134,-7.765036456145798e-15,0.3534363281662891,1,1896.051565009865
-5.0,b1131,2,419,0.35343632816628134,1.0709184609356001e-13,0.35343632816617426,1,1896.0515650091843
-5.0,b2407,5,13,0.35343632816628134,0.3534363281662791,2.220446049250313e-15,0,261.4810642976859
-5.0,b2234,4,13,0.35343632816628134,0.3534363281663064,-2.503552920529728e-14,0,261.48106429769456
-5.0,b2235,4,13,0.35343632816628134,0.3534363281663064,-2.503552920529728e-14,0,261.48106429769456
-5.0,b3781,10,18,0.35343632816628134,0.3534363281663064,-2.503552920529728e-14,0,261.5193185406559
-5.0,b2582,10,18,0.35343632816628134,0.3534363281662695,1.1823875212257917e-14,0,261.51931854064526
-5.0,b2827,1,413,0.35343632816628134,1.8069783774186622e-17,0.35343632816628134,1,1783.3097240653806
-5.0,b1238,2,18,0.35343632816628134,0.35343632816628306,-1.7208456881689926e-15,0,261.5193185406477
-5.0,b3639,2,413,0.35343632816628134,1.3060509757233965e-12,0.3534363281649753,1,1783.3097240583672
-5.0,b1232,1,18,0.35343632816628134,0.3534363281662863,-4.9404924595819466e-15,0,261.5193185406486
-5.0,b1851,1,18,0.35343632816628134,0.35343632816628523,-3.885780586188048e-15,0,261.51931854064935
-5.0,b1693,1,413,0.35343632816628134,4.366419228921014e-15,0.35343632816627696,1,1783.309724065366
-5.0,b4146,1,18,0.35343632816628134,0.3534363281662802,1.1657341758564144e-15,0,261.51931854064776
-5.0,b1109,3,18,0.35343632816628134,0.3534363281662853,-3.941291737419306e-15,0,261.5193185406493
-5.0,b1004,3,18,0.35343632816628134,0.3534363281662853,-3.941291737419306e-15,0,261.5193185406493
-5.0,b0046,3,18,0.35343632816628134,0.3534363281662853,-3.941291737419306e-15,0,261.5193185406493
-5.0,b3713,3,18,0.35343632816628134,0.3534363281662853,-3.941291737419306e-15,0,261.5193185406493
-5.0,b3236,1,354,0.35343632816628134,0.3518409210262104,0.001595407140070948,0,242.10553926800623
-5.0,b4122,2,376,0.35343632816628134,0.3510486065288677,0.002387721637413631,0,246.1548321225493
-5.0,b1611,1,376,0.35343632816628134,0.3510486065288848,0.0023877216373965338,0,246.15483212255583
-5.0,b1612,1,376,0.35343632816628134,0.3510486065288848,0.0023877216373965338,0,246.15483212255583
-5.0,b1638,2,18,0.35343632816628134,0.35343632816627796,3.3861802251067274e-15,0,261.519318540646
-5.0,b0907,3,413,0.35343632816628134,1.5999878148047566e-16,0.3534363281662812,1,1783.3097240653915
-5.0,b1210,1,413,0.35343632816628134,0.0,0.35343632816628134,1,1783.309724065393
-5.0,b3429,1,18,0.35343632816628134,0.35343632816627635,4.9960036108132044e-15,0,261.5193185406457
-5.0,b3417,5,18,0.35343632816628134,0.3534363281662789,2.4424906541753444e-15,0,261.51931854064696
-5.0,b3428,2,18,0.35343632816628134,0.3534363281662789,2.4424906541753444e-15,0,261.51931854064696
-5.0,b0428,1,18,0.35343632816628134,0.3534363281662789,2.4424906541753444e-15,0,261.51931854064696
-5.0,b0120,1,18,0.35343632816628134,0.3534363281662789,2.4424906541753444e-15,0,261.51931854064696
-5.0,b2937,1,18,0.35343632816628134,0.3534363281662789,2.4424906541753444e-15,0,261.51931854064696
-5.0,b4117,1,18,0.35343632816628134,0.3534363281662789,2.4424906541753444e-15,0,261.51931854064696
-5.0,b3172,1,413,0.35343632816628134,-6.376614140040741e-16,0.35343632816628195,1,1783.309724065391
-5.0,b3958,1,413,0.35343632816628134,0.0,0.35343632816628134,1,1783.3097240653956
-5.0,b0121,2,18,0.35343632816628134,0.35343632816627724,4.107825191113079e-15,0,261.51931854064577
-5.0,b0154,1,413,0.35343632816628134,2.1255380466802465e-16,0.3534363281662811,1,1783.3097240653647
-5.0,b0918,1,416,0.35343632816628134,3.1177601902067995e-14,0.35343632816625015,1,1546.6215569255478
-5.0,b4322,1,18,0.35343632816628134,0.35343632816627946,1.887379141862766e-15,0,261.5193185406471
-5.0,b3091,1,18,0.35343632816628134,0.35343632816627424,7.105427357601002e-15,0,261.5193185406459
-5.0,b3092,2,18,0.35343632816628134,0.35343632816627424,7.105427357601002e-15,0,261.5193185406459
-5.0,b3176,1,416,0.35343632816628134,5.885523984883564e-16,0.35343632816628073,1,1546.6215569256701
-5.0,b3730,2,416,0.35343632816628134,0.0,0.35343632816628134,1,1546.6215569256597
-5.0,b3189,1,416,0.35343632816628134,0.0,0.35343632816628134,1,1546.6215569256597
-5.0,b3967,1,416,0.35343632816628134,0.0,0.35343632816628134,1,1546.6215569256387
-5.0,b3786,1,18,0.35343632816628134,0.3534363281662692,1.2156942119645464e-14,0,261.51931854064264
-5.0,b2323,13,416,0.35343632816628134,1.6903367336756887e-16,0.3534363281662812,1,1546.6215569256306
-5.0,b2232,2,18,0.35343632816628134,0.35343632816627724,4.107825191113079e-15,0,261.519318540646
-5.0,b0593,1,18,0.35343632816628134,0.35343632816627424,7.105427357601002e-15,0,261.5193185406459
-5.0,b0142,1,419,0.35343632816628134,-8.770060129671958e-16,0.35343632816628223,1,1896.0515650097698
-5.0,b3634,1,419,0.35343632816628134,-8.381063509219885e-12,0.3534363281746624,1,1896.0515650673083
-5.0,b0394,1,18,0.35343632816628134,0.3534363281665655,-2.841615831528088e-13,0,261.51931854060086
-5.0,b0173,1,413,0.35343632816628134,6.158258110250331e-12,0.3534363281601231,1,1783.3097240325762
-5.0,b3843,1,413,0.35343632816628134,8.246895143460783e-12,0.35343632815803444,1,1783.3097240214413
-5.0,b0477,2,18,0.35343632816628134,0.3534363281662789,2.4424906541753444e-15,0,261.51931854064634
-5.0,b1302,3,413,0.35343632816628134,2.2905471896615793e-16,0.3534363281662811,1,1783.3097240653863
-5.0,b2662,3,413,0.35343632816628134,0.0,0.35343632816628134,1,1783.3097240653901
-5.0,b1525,2,18,0.35343632816628134,0.3534363281662791,2.220446049250313e-15,0,261.5193185406465
-5.0,b4139,1,18,0.35343632816628134,0.3534363281662675,1.3822276656583199e-14,0,261.51931854064355
-5.0,b3117,2,413,0.35343632816628134,4.2510760933604916e-16,0.3534363281662809,1,1783.3097240653724
-5.0,b2797,1,18,0.35343632816628134,0.35343632816627424,7.105427357601002e-15,0,261.5193185406443
-5.0,b1814,1,18,0.35343632816628134,0.35343632816627907,2.275957200481571e-15,0,261.51931854064713
-5.0,b4471,1,18,0.35343632816628134,0.35343632816627907,2.275957200481571e-15,0,261.51931854064713
-5.0,b3616,1,18,0.35343632816628134,0.35343632816627907,2.275957200481571e-15,0,261.51931854064713
-5.0,b3589,1,18,0.35343632816628134,0.35343632816627907,2.275957200481571e-15,0,261.51931854064713
-5.0,b3774,3,413,0.35343632816628134,1.5402093391977548e-15,0.3534363281662798,1,1783.3097240653806
-5.0,b0185,1,419,0.35343632816628134,3.1277062704471504e-29,0.35343632816628134,1,1559.470571237663
-5.0,b3256,1,419,0.35343632816628134,0.0,0.35343632816628134,1,1559.4705712376708
-5.0,b3255,1,419,0.35343632816628134,0.0,0.35343632816628134,1,1559.4705712376708
-5.0,b2316,1,419,0.35343632816628134,0.0,0.35343632816628134,1,1559.4705712376708
-5.0,b2615,1,419,0.35343632816628134,6.435353166625823e-13,0.3534363281656378,1,1559.4705712355906
-5.0,b2265,1,18,0.35343632816628134,0.3534363281662806,7.216449660063518e-16,0,261.5193185406469
-5.0,b2261,1,18,0.35343632816628134,0.3534363281662859,-4.551914400963142e-15,0,261.5193185406498
-5.0,b0596,1,18,0.35343632816628134,0.3534363281662859,-4.551914400963142e-15,0,261.5193185406498
-5.0,b0595,1,18,0.35343632816628134,0.3534363281662859,-4.551914400963142e-15,0,261.5193185406498
-5.0,b4198,1,18,0.35343632816628134,0.3534363281662859,-4.551914400963142e-15,0,261.5193185406498
-5.0,b0061,1,18,0.35343632816628134,0.3534363281662859,-4.551914400963142e-15,0,261.5193185406498
-5.0,b3583,1,18,0.35343632816628134,0.3534363281662859,-4.551914400963142e-15,0,261.5193185406498
-5.0,b4374,3,18,0.35343632816628134,0.3534363281662859,-4.551914400963142e-15,0,261.5193185406498
-5.0,b0675,7,18,0.35343632816628134,0.3534363281662859,-4.551914400963142e-15,0,261.5193185406498
-5.0,b2291,6,18,0.35343632816628134,0.3534363281662859,-4.551914400963142e-15,0,261.5193185406498
-5.0,b2361,8,18,0.35343632816628134,0.3534363281662859,-4.551914400963142e-15,0,261.5193185406498
-5.0,b1651,1,18,0.35343632816628134,0.3534363281662859,-4.551914400963142e-15,0,261.5193185406498
-5.0,b0766,2,18,0.35343632816628134,0.3534363281662859,-4.551914400963142e-15,0,261.5193185406498
-5.0,b3826,6,18,0.35343632816628134,0.3534363281662859,-4.551914400963142e-15,0,261.5193185406498
-5.0,b0758,1,18,0.35343632816628134,0.3534363281662859,-4.551914400963142e-15,0,261.5193185406498
-5.0,b0420,1,413,0.35343632816628134,5.190026388468017e-12,0.35343632816109133,1,1783.3097240377492
-5.0,b1208,1,413,0.35343632816628134,6.158418139779799e-12,0.35343632816012294,1,1783.3097240325703
-5.0,b2746,1,413,0.35343632816628134,6.158418139779675e-12,0.35343632816012294,1,1783.3097240325642
-5.0,b3526,1,18,0.35343632816628134,0.3534363281662842,-2.831068712794149e-15,0,261.51931854064827
-5.0,b3565,2,18,0.35343632816628134,0.3534363281662818,-4.440892098500626e-16,0,261.51931854064793
-5.0,b2048,1,18,0.35343632816628134,0.3534363281662818,-4.440892098500626e-16,0,261.51931854064793
-5.0,b4015,1,18,0.35343632816628134,0.3534363281662818,-4.440892098500626e-16,0,261.51931854064793
-5.0,b0116,3,248,0.35343632816628134,0.3534191400746737,1.718809160766721e-05,0,261.4147626103834
-5.0,b2903,1,18,0.35343632816628134,0.35343632816627235,8.992806499463768e-15,0,261.51931854064355
-5.0,b2904,1,18,0.35343632816628134,0.3534363281662867,-5.329070518200751e-15,0,261.5193185406512
-5.0,b2905,1,18,0.35343632816628134,0.3534363281662867,-5.329070518200751e-15,0,261.5193185406512
-5.0,b0261,2,18,0.35343632816628134,0.3534363281662867,-5.329070518200751e-15,0,261.5193185406512
-5.0,b0759,1,18,0.35343632816628134,0.3534363281662867,-5.329070518200751e-15,0,261.5193185406512
-5.0,b0344,1,18,0.35343632816628134,0.3534363281662867,-5.329070518200751e-15,0,261.5193185406512
-5.0,b4239,1,18,0.35343632816628134,0.3534363281662867,-5.329070518200751e-15,0,261.5193185406512
-5.0,b3956,1,414,0.35343632816628134,0.33208713620149133,0.021349191964790015,0,402.09660217550817
-5.0,b0822,7,18,0.35343632816628134,0.3534363281662747,6.661338147750939e-15,0,261.5193185406459
-5.0,b2540,2,18,0.35343632816628134,0.3534363281662764,4.9404924595819466e-15,0,261.51931854064577
-5.0,b2542,2,18,0.35343632816628134,0.3534363281662764,4.9404924595819466e-15,0,261.51931854064577
-5.0,b2539,2,18,0.35343632816628134,0.3534363281662764,4.9404924595819466e-15,0,261.51931854064577
-5.0,b2538,2,18,0.35343632816628134,0.3534363281662764,4.9404924595819466e-15,0,261.51931854064577
-5.0,b2541,2,18,0.35343632816628134,0.3534363281662764,4.9404924595819466e-15,0,261.51931854064577
-5.0,b0616,1,18,0.35343632816628134,0.3534363281662764,4.9404924595819466e-15,0,261.51931854064577
-5.0,b0617,1,18,0.35343632816628134,0.3534363281662764,4.9404924595819466e-15,0,261.51931854064577
-5.0,b0614,1,18,0.35343632816628134,0.3534363281662764,4.9404924595819466e-15,0,261.51931854064577
-5.0,b0615,1,18,0.35343632816628134,0.3534363281662764,4.9404924595819466e-15,0,261.51931854064577
-5.0,b2052,2,18,0.35343632816628134,0.3534363281662764,4.9404924595819466e-15,0,261.51931854064577
-5.0,b1636,1,18,0.35343632816628134,0.3534363281662764,4.9404924595819466e-15,0,261.51931854064577
-5.0,b1277,1,413,0.35343632816628134,3.1999781752134665e-16,0.353436328166281,1,1783.3097240653906
-5.0,b2751,1,413,0.35343632816628134,6.664719646113043e-30,0.35343632816628134,1,1783.3097240653847
-5.0,b2752,1,413,0.35343632816628134,0.0,0.35343632816628134,1,1783.3097240653763
-5.0,b2799,1,18,0.35343632816628134,0.35343632816621623,6.511458039426543e-14,0,261.519318540649
-5.0,b3902,1,18,0.35343632816628134,0.3534363281662715,9.825473767932635e-15,0,261.5193185406454
-5.0,b2705,1,18,0.35343632816628134,0.3534363281662715,9.825473767932635e-15,0,261.5193185406454
-5.0,b2091,1,18,0.35343632816628134,0.3534363281662715,9.825473767932635e-15,0,261.5193185406454
-5.0,b3137,1,18,0.35343632816628134,0.3534363281662715,9.825473767932635e-15,0,261.5193185406454
-5.0,b3132,1,18,0.35343632816628134,0.3534363281662715,9.825473767932635e-15,0,261.5193185406454
-5.0,b2096,1,18,0.35343632816628134,0.3534363281662715,9.825473767932635e-15,0,261.5193185406454
-5.0,b2095,1,18,0.35343632816628134,0.3534363281662715,9.825473767932635e-15,0,261.5193185406454
-5.0,b4323,1,18,0.35343632816628134,0.3534363281662715,9.825473767932635e-15,0,261.5193185406454
-5.0,b1521,1,18,0.35343632816628134,0.3534363281662715,9.825473767932635e-15,0,261.5193185406454
-5.0,b3385,1,18,0.35343632816628134,0.3534363281662715,9.825473767932635e-15,0,261.5193185406454
-5.0,b0507,1,18,0.35343632816628134,0.3534363281662715,9.825473767932635e-15,0,261.5193185406454
-5.0,b3061,1,18,0.35343632816628134,0.3534363281662715,9.825473767932635e-15,0,261.5193185406454
-5.0,b3062,1,18,0.35343632816628134,0.3534363281662715,9.825473767932635e-15,0,261.5193185406454
-5.0,b3126,1,18,0.35343632816628134,0.3534363281662715,9.825473767932635e-15,0,261.5193185406454
-5.0,b1095,9,416,0.35343632816628134,-8.899705382358152e-16,0.35343632816628223,1,1546.621556925665
-5.0,b1054,1,18,0.35343632816628134,0.35343632816628334,-1.9984014443252818e-15,0,261.5193185406476
-5.0,b1855,2,18,0.35343632816628134,0.3534363281662854,-4.052314039881821e-15,0,261.5193185406492
-5.0,b2378,1,18,0.35343632816628134,0.3534363281662854,-4.052314039881821e-15,0,261.5193185406492
-5.0,b0109,1,419,0.35343632816628134,3.604912527169698e-12,0.35343632816267645,1,1896.0515649870513
-5.0,b1094,26,416,0.35343632816628134,-6.38897107387045e-15,0.3534363281662877,1,1546.6215569256592
-5.0,b2836,23,449,0.35343632816628134,0.34505929763685395,0.008377030529427398,0,269.3072725751392
-5.0,b2472,1,440,0.35343632816628134,-4.0180755061891923e-16,0.35343632816628173,1,1686.9330064638089
-5.0,b1589,3,21,0.35343632816628134,0.35343632816627774,3.608224830031759e-15,0,261.5208446145441
-5.0,b1588,3,21,0.35343632816628134,0.3534363281662794,1.942890293094024e-15,0,261.5208446145453
-5.0,b1587,3,21,0.35343632816628134,0.3534363281662794,1.942890293094024e-15,0,261.5208446145453
-5.0,b1590,3,21,0.35343632816628134,0.3534363281662794,1.942890293094024e-15,0,261.5208446145453
-5.0,b0894,4,21,0.35343632816628134,0.3534363281662794,1.942890293094024e-15,0,261.5208446145453
-5.0,b0895,4,21,0.35343632816628134,0.35343632816627857,2.7755575615628914e-15,0,261.5208446145449
-5.0,b0896,4,21,0.35343632816628134,0.35343632816627857,2.7755575615628914e-15,0,261.5208446145449
-5.0,b3553,10,21,0.35343632816628134,0.35343632816627857,2.7755575615628914e-15,0,261.5208446145449
-5.0,b0638,1,21,0.35343632816628134,0.35343632816627857,2.7755575615628914e-15,0,261.5208446145449
-5.0,b3399,5,21,0.35343632816628134,0.35343632816627857,2.7755575615628914e-15,0,261.5208446145449
-5.0,b0469,1,21,0.35343632816628134,0.35343632816627857,2.7755575615628914e-15,0,261.5208446145449
-5.0,b3187,1,413,0.35343632816628134,8.247008612128771e-12,0.35343632815803433,1,1783.3097240214374
-5.0,b3222,1,21,0.35343632816628134,0.3534363281662734,7.93809462606987e-15,0,261.5208446145419
-5.0,b3225,1,21,0.35343632816628134,0.35343632816628257,-1.2212453270876722e-15,0,261.5208446145455
-5.0,b1732,1,21,0.35343632816628134,0.35343632816628257,-1.2212453270876722e-15,0,261.5208446145455
-5.0,b3942,1,21,0.35343632816628134,0.35343632816628257,-1.2212453270876722e-15,0,261.5208446145455
-5.0,b0586,1,21,0.35343632816628134,0.35343632816628257,-1.2212453270876722e-15,0,261.5208446145455
-5.0,b3794,1,21,0.35343632816628134,0.35343632816628257,-1.2212453270876722e-15,0,261.5208446145455
-5.0,b3693,1,21,0.35343632816628134,0.35343632816628257,-1.2212453270876722e-15,0,261.5208446145455
-5.0,b2901,1,21,0.35343632816628134,0.35343632816628257,-1.2212453270876722e-15,0,261.5208446145455
-5.0,b3721,2,21,0.35343632816628134,0.35343632816628257,-1.2212453270876722e-15,0,261.5208446145455
-5.0,b2716,2,21,0.35343632816628134,0.35343632816628257,-1.2212453270876722e-15,0,261.5208446145455
-5.0,b3416,4,21,0.35343632816628134,0.35343632816628257,-1.2212453270876722e-15,0,261.5208446145455
-5.0,b1398,1,21,0.35343632816628134,0.35343632816628257,-1.2212453270876722e-15,0,261.5208446145455
-5.0,b0049,3,21,0.35343632816628134,0.35343632816628257,-1.2212453270876722e-15,0,261.5208446145455
-5.0,b3784,1,21,0.35343632816628134,0.35343632816628257,-1.2212453270876722e-15,0,261.5208446145455
-5.0,b4481,1,21,0.35343632816628134,0.35343632816628257,-1.2212453270876722e-15,0,261.5208446145455
-5.0,b3052,2,21,0.35343632816628134,0.35343632816628257,-1.2212453270876722e-15,0,261.5208446145455
-5.0,b1896,1,21,0.35343632816628134,0.35343632816628257,-1.2212453270876722e-15,0,261.5208446145455
-5.0,b0841,2,413,0.35343632816628134,9.569810582538225e-16,0.3534363281662804,1,1783.3097240654085
-5.0,b1278,30,413,0.35343632816628134,0.0,0.35343632816628134,1,1783.3097240653924
-5.0,b3057,2,413,0.35343632816628134,0.0,0.35343632816628134,1,1783.3097240653924
-5.0,b3519,1,21,0.35343632816628134,0.3534363281662772,4.163336342344337e-15,0,261.5208446145436
-5.0,b0910,3,416,0.35343632816628134,7.569820710883986e-17,0.3534363281662813,1,1546.621556925645
-5.0,b3648,2,420,0.35343632816628134,-6.861254791853033e-16,0.353436328166282,1,1633.9369063568556
-5.0,b1694,1,39,0.35343632816628134,0.3534363281662802,1.1657341758564144e-15,0,261.5223840785966
-5.0,b2221,3,39,0.35343632816628134,0.353436328166269,1.2323475573339238e-14,0,261.52238407859494
-5.0,b2222,3,39,0.35343632816628134,0.353436328166269,1.2323475573339238e-14,0,261.52238407859494
-5.0,b2039,1,39,0.35343632816628134,0.353436328166269,1.2323475573339238e-14,0,261.52238407859494
-5.0,b3789,1,39,0.35343632816628134,0.353436328166269,1.2323475573339238e-14,0,261.52238407859494
-5.0,b2041,1,39,0.35343632816628134,0.353436328166269,1.2323475573339238e-14,0,261.52238407859494
-5.0,b3788,1,39,0.35343632816628134,0.353436328166269,1.2323475573339238e-14,0,261.52238407859494
-5.0,b2036,1,39,0.35343632816628134,0.353436328166269,1.2323475573339238e-14,0,261.52238407859494
-5.0,b2038,1,39,0.35343632816628134,0.353436328166269,1.2323475573339238e-14,0,261.52238407859494
-5.0,b2040,1,39,0.35343632816628134,0.353436328166269,1.2323475573339238e-14,0,261.52238407859494
-5.0,b0512,1,39,0.35343632816628134,0.353436328166269,1.2323475573339238e-14,0,261.52238407859494
-5.0,b3972,1,413,0.35343632816628134,1.2753228280081476e-15,0.35343632816628007,1,1783.3097240652762
-5.0,s0001,45,427,0.35343632816628134,6.07188256606193e-15,0.3534363281662753,1,1632.1803894746886
-5.0,b3617,1,39,0.35343632816628134,0.35343632816627646,4.884981308350689e-15,0,261.4891582785401
-5.0,b0030,5,39,0.35343632816628134,0.3534363281662825,-1.1657341758564144e-15,0,261.4891582785468
-5.0,b0200,1,39,0.35343632816628134,0.3534363281662825,-1.1657341758564144e-15,0,261.4891582785468
-5.0,b0222,1,39,0.35343632816628134,0.3534363281662825,-1.1657341758564144e-15,0,261.4891582785468
-5.0,b0038,2,39,0.35343632816628134,0.3534363281662825,-1.1657341758564144e-15,0,261.4891582785468
-5.0,b0036,2,39,0.35343632816628134,0.3534363281662825,-1.1657341758564144e-15,0,261.4891582785468
-5.0,b3844,6,387,0.35343632816628134,0.35010851854677494,0.0033278096195064055,0,266.74360391783733
-5.0,b2784,2,39,0.35343632816628134,0.35343632816629117,-9.825473767932635e-15,0,261.4891582785487
-5.0,b2431,1,413,0.35343632816628134,-4.757720216598071e-16,0.35343632816628184,1,1783.3097240653913
-5.0,b1019,1,413,0.35343632816628134,0.0,0.35343632816628134,1,1783.3097240653913
-5.0,b0475,1,413,0.35343632816628134,0.0,0.35343632816628134,1,1783.3097240653913
-5.0,b4040,1,413,0.35343632816628134,8.246895143460791e-12,0.35343632815803444,1,1783.3097240214383
-5.0,b3974,1,413,0.35343632816628134,1.3916957162305468e-24,0.35343632816628134,1,1783.309724065391
-5.0,b0103,1,413,0.35343632816628134,-1.155825316189014e-12,0.35343632816743714,1,1783.3097240715445
-5.0,b2104,1,39,0.35343632816628134,0.3534363281662857,-4.3298697960381105e-15,0,261.4891582785474
-5.0,b1215,1,416,0.35343632816628134,-6.289754247960815e-16,0.35343632816628195,1,1546.6215569256565
-5.0,b3198,1,416,0.35343632816628134,0.0,0.35343632816628134,1,1546.6215569256615
-5.0,b1747,1,39,0.35343632816628134,0.3534363281662739,7.438494264988549e-15,0,261.4891582785419
-5.0,b1744,1,39,0.35343632816628134,0.3534363281662852,-3.83026943495679e-15,0,261.48915827854717
-5.0,b0340,1,39,0.35343632816628134,0.3534363281662852,-3.83026943495679e-15,0,261.48915827854717
-5.0,b2988,2,39,0.35343632816628134,0.3534363281662852,-3.83026943495679e-15,0,261.48915827854717
-5.0,b2883,1,39,0.35343632816628134,0.3534363281662852,-3.83026943495679e-15,0,261.48915827854717
-5.0,b1098,1,419,0.35343632816628134,-5.287165746035122e-16,0.3534363281662819,1,1896.0515650098232
-5.0,b0888,1,44,0.35343632816628134,0.3534363281662793,2.0539125955565396e-15,0,261.5274125215063
-5.0,b2690,7,44,0.35343632816628134,0.35343632816628767,-6.328271240363392e-15,0,261.5274125215111
-5.0,b0688,1,44,0.35343632816628134,0.35343632816628767,-6.328271240363392e-15,0,261.5274125215111
-5.0,b1317,1,44,0.35343632816628134,0.35343632816628767,-6.328271240363392e-15,0,261.5274125215111
-5.0,b2168,1,44,0.35343632816628134,0.35343632816628767,-6.328271240363392e-15,0,261.5274125215111
-5.0,b2687,1,413,0.35343632816628134,1.2316667635363835e-11,0.3534363281539647,1,1783.3097239997603
-5.0,b3581,1,44,0.35343632816628134,0.3534363281662825,-1.1657341758564144e-15,0,261.52741252150764
-5.0,b4196,1,44,0.35343632816628134,0.35343632816628867,-7.327471962526033e-15,0,261.52741252150963
-5.0,b3582,1,44,0.35343632816628134,0.35343632816628867,-7.327471962526033e-15,0,261.52741252150963
-5.0,b4197,1,44,0.35343632816628134,0.35343632816628867,-7.327471962526033e-15,0,261.52741252150963
-5.0,b3575,1,44,0.35343632816628134,0.35343632816628867,-7.327471962526033e-15,0,261.52741252150963
-5.0,b0312,2,44,0.35343632816628134,0.35343632816628867,-7.327471962526033e-15,0,261.52741252150963
-5.0,b0403,5,44,0.35343632816628134,0.35343632816628867,-7.327471962526033e-15,0,261.52741252150963
-5.0,b0207,2,44,0.35343632816628134,0.35343632816628867,-7.327471962526033e-15,0,261.52741252150963
-5.0,b3012,2,44,0.35343632816628134,0.35343632816628867,-7.327471962526033e-15,0,261.52741252150963
-5.0,b3962,1,44,0.35343632816628134,0.35343632816628867,-7.327471962526033e-15,0,261.52741252150963
-5.0,b2764,4,413,0.35343632816628134,3.330406549722684e-15,0.353436328166278,1,1783.3097240653738
-5.0,b2763,4,413,0.35343632816628134,0.0,0.35343632816628134,1,1783.3097240653915
-5.0,b0937,2,44,0.35343632816628134,0.35343632816628123,1.1102230246251565e-16,0,261.5274125215076
-5.0,b2563,1,44,0.35343632816628134,0.35343632816624976,3.1585845050585704e-14,0,261.5274125214987
-5.0,b3475,1,44,0.35343632816628134,0.35343632816624976,3.1585845050585704e-14,0,261.5274125214987
-5.0,b2507,2,413,0.35343632816628134,4.48164701715434e-15,0.35343632816627685,1,1783.3097240653035
-5.0,b1982,1,44,0.35343632816628134,0.3534363281662804,9.43689570931383e-16,0,261.5274125215067
-5.0,b3360,1,413,0.35343632816628134,1.776313137452396e-21,0.35343632816628134,1,1783.3097240653865
-5.0,b1812,1,413,0.35343632816628134,-8.239213215024408e-29,0.35343632816628134,1,1783.309724065399
-5.0,b1096,2,413,0.35343632816628134,8.246895143458226e-12,0.35343632815803444,1,1783.3097240214474
-5.0,b4039,2,413,0.35343632816628134,8.246895143459218e-12,0.35343632815803444,1,1783.3097240214402
-5.0,b2416,21,425,0.35343632816628134,0.33169442805751914,0.021741900108762202,0,612.2184659060899
-5.0,b1200,1,39,0.35343632816628134,0.3534363281662669,1.4432899320127035e-14,0,0.6929346727992336
-5.0,b2415,21,425,0.35343632816628134,0.3316944280576139,0.021741900108667445,0,612.218465906091
-5.0,b1199,1,39,0.35343632816628134,0.3534363281662669,1.4432899320127035e-14,0,0.6929346727992336
-5.0,b1198,1,39,0.35343632816628134,0.3534363281662686,1.27675647831893e-14,0,0.6929346727992115
-5.0,b0171,1,414,0.35343632816628134,1.090108694441628e-15,0.35343632816628023,1,1224.1267029888006
-5.0,b4477,1,39,0.35343632816628134,0.3534363281662748,6.5503158452884236e-15,0,0.6929346727991947
-5.0,b2498,1,39,0.35343632816628134,0.35343632816628273,-1.3877787807814457e-15,0,0.6929346727991191
-5.0,b2780,1,417,0.35343632816628134,8.371244922646213e-16,0.3534363281662805,1,1515.844487354891
-5.0,b0087,1,417,0.35343632816628134,0.0,0.35343632816628134,1,1515.8444873548804
-5.0,b0090,1,417,0.35343632816628134,0.0,0.35343632816628134,1,1515.8444873548954
-5.0,b3946,1,39,0.35343632816628134,0.3534363281662779,3.4416913763379853e-15,0,0.6929346727991679
-5.0,b0825,1,39,0.35343632816628134,0.35343632816627163,9.71445146547012e-15,0,0.6929346727992166
-5.0,b3619,1,39,0.35343632816628134,0.35343632816627163,9.71445146547012e-15,0,0.6929346727992166
-5.0,b4267,2,39,0.35343632816628134,0.35343632816627163,9.71445146547012e-15,0,0.6929346727992166
-5.0,b1033,4,39,0.35343632816628134,0.35343632816627163,9.71445146547012e-15,0,0.6929346727992166
-5.0,b3957,1,411,0.35343632816628134,-3.566405191326884e-16,0.3534363281662817,1,1419.9908538243465
-5.0,b1623,2,39,0.35343632816628134,0.3534363281662805,8.326672684688674e-16,0,0.6929346727991424
-5.0,b3665,1,39,0.35343632816628134,0.3534363281662713,1.0047518372857667e-14,0,0.6929346727992205
-5.0,b4177,1,411,0.35343632816628134,-2.156755239576654e-13,0.353436328166497,1,1419.9908538254797
-5.0,b0677,1,39,0.35343632816628134,0.3534363281662753,6.050715484207103e-15,0,0.6929346727991866
-5.0,b0828,1,39,0.35343632816628134,0.35343632816627163,9.71445146547012e-15,0,0.6929346727992166
-5.0,b1767,1,39,0.35343632816628134,0.35343632816627163,9.71445146547012e-15,0,0.6929346727992166
-5.0,b0674,2,411,0.35343632816628134,7.132810382653768e-16,0.3534363281662806,1,1419.990853824344
-5.0,b3744,1,333,0.35343632816628134,0.35269693519580647,0.0007393929704748725,0,0.7152998297168569
-5.0,b4245,1,411,0.35343632816628134,-2.0078076413437888e-16,0.35343632816628157,1,1419.990853824351
-5.0,b4244,1,411,0.35343632816628134,0.0,0.35343632816628134,1,1419.9908538243703
-5.0,b0029,2,411,0.35343632816628134,6.158418139779803e-12,0.35343632816012294,1,1419.990853791745
-5.0,b1092,1,414,0.35343632816628134,7.543000896166756e-15,0.3534363281662738,1,1224.1267029887622
-5.0,b3809,1,414,0.35343632816628134,0.0,0.35343632816628134,1,1224.1267029887938
-5.0,b0031,1,414,0.35343632816628134,0.0,0.35343632816628134,1,1224.1267029887997
-5.0,b0003,2,414,0.35343632816628134,0.0,0.35343632816628134,1,1224.1267029887997
-5.0,b1748,3,414,0.35343632816628134,0.0,0.35343632816628134,1,1224.1267029887895
-5.0,b3359,2,414,0.35343632816628134,0.0,0.35343632816628134,1,1224.1267029887833
-5.0,b0004,1,414,0.35343632816628134,0.0,0.35343632816628134,1,1224.1267029887833
-5.0,b4013,1,414,0.35343632816628134,0.0,0.35343632816628134,1,1224.1267029887895
-5.0,b1704,1,414,0.35343632816628134,4.82824082424534e-15,0.3534363281662765,1,1224.1267029887777
-5.0,b2601,1,414,0.35343632816628134,4.938839916081674e-15,0.3534363281662764,1,1224.1267029887676
-5.0,b0754,1,414,0.35343632816628134,4.938839916081674e-15,0.3534363281662764,1,1224.1267029887676
-5.0,b2700,1,42,0.35343632816628134,0.3534363281662829,-1.5543122344752192e-15,0,0.6929363428130553
-5.0,b1768,1,42,0.35343632816628134,0.3534363281662788,2.55351295663786e-15,0,0.6929363428130911
-5.0,b1014,2,42,0.35343632816628134,0.3534363281662788,2.55351295663786e-15,0,0.6929363428130911
-5.0,b1584,2,42,0.35343632816628134,0.3534363281662788,2.55351295663786e-15,0,0.6929363428130911
-5.0,b3790,1,42,0.35343632816628134,0.3534363281662788,2.55351295663786e-15,0,0.6929363428130911
-5.0,b4014,1,42,0.35343632816628134,0.3534363281662788,2.55351295663786e-15,0,0.6929363428130911
-5.0,b2976,1,42,0.35343632816628134,0.3534363281662788,2.55351295663786e-15,0,0.6929363428130911
-5.0,b1897,1,42,0.35343632816628134,0.3534363281662788,2.55351295663786e-15,0,0.6929363428130911
-5.0,b3034,1,42,0.35343632816628134,0.3534363281662788,2.55351295663786e-15,0,0.6929363428130911
-5.0,b3397,1,42,0.35343632816628134,0.3534363281662788,2.55351295663786e-15,0,0.6929363428130911
-5.0,b0062,1,42,0.35343632816628134,0.3534363281662788,2.55351295663786e-15,0,0.6929363428130911
-5.0,b3600,1,42,0.35343632816628134,0.3534363281662788,2.55351295663786e-15,0,0.6929363428130911
-5.0,b3608,1,322,0.35343632816628134,0.3532227885383159,0.00021353962796544224,0,0.7079810794569132
-5.0,b4119,1,42,0.35343632816628134,0.3534363281662957,-1.4377388168895777e-14,0,0.69293634281295
-5.0,b2802,2,42,0.35343632816628134,0.35343632816626636,1.4988010832439613e-14,0,0.6929363428131928
-5.0,b2803,1,42,0.35343632816628134,0.35343632816626636,1.4988010832439613e-14,0,0.6929363428131928
-5.0,b2800,1,42,0.35343632816628134,0.35343632816626636,1.4988010832439613e-14,0,0.6929363428131928
-5.0,b2738,1,42,0.35343632816628134,0.35343632816626636,1.4988010832439613e-14,0,0.6929363428131928
-5.0,b0335,1,45,0.35343632816628134,0.35343632816626636,1.4988010832439613e-14,0,0.7962107581508547
-5.0,b1236,1,45,0.35343632816628134,0.3534363281662785,2.831068712794149e-15,0,0.7962107581507539
-5.0,b0179,1,414,0.35343632816628134,1.35200692424939e-16,0.35343632816628123,1,1224.1267029887927
-5.0,b0085,1,414,0.35343632816628134,0.0,0.35343632816628134,1,1224.126702988786
-5.0,b0091,1,414,0.35343632816628134,0.0,0.35343632816628134,1,1224.1267029887945
-5.0,b0088,1,414,0.35343632816628134,0.0,0.35343632816628134,1,1224.12670298879
-5.0,b0505,1,45,0.35343632816628134,0.3534363281662787,2.6645352591003757e-15,0,0.7962107581507561
-5.0,b0350,1,45,0.35343632816628134,0.35343632816633863,-5.728750807065808e-14,0,0.7962107581502479
-5.0,b0352,1,45,0.35343632816628134,0.35343632816633863,-5.728750807065808e-14,0,0.7962107581502479
-5.0,b0347,2,45,0.35343632816628134,0.35343632816633863,-5.728750807065808e-14,0,0.7962107581502479
-5.0,b0726,1,45,0.35343632816628134,0.35343632816633863,-5.728750807065808e-14,0,0.7962107581502479
-5.0,b0727,1,45,0.35343632816628134,0.35343632816633863,-5.728750807065808e-14,0,0.7962107581502479
-5.0,b3945,4,45,0.35343632816628134,0.35343632816633863,-5.728750807065808e-14,0,0.7962107581502479
-5.0,b0131,1,417,0.35343632816628134,1.2046574573987097e-12,0.3534363281650767,1,1515.8444873476894
-5.0,b0086,1,417,0.35343632816628134,0.0,0.35343632816628134,1,1515.8444873548851
-5.0,b0096,1,414,0.35343632816628134,-7.349009306442411e-15,0.35343632816628867,1,1224.1267029887879
-5.0,b0181,1,414,0.35343632816628134,0.0,0.35343632816628134,1,1224.1267029887913
-5.0,b2019,1,414,0.35343632816628134,0.0,0.35343632816628134,1,1224.1267029887913
-5.0,b2020,1,414,0.35343632816628134,0.0,0.35343632816628134,1,1224.1267029887917
-5.0,b2022,2,414,0.35343632816628134,0.0,0.35343632816628134,1,1224.1267029887997
-5.0,b1207,1,40,0.35343632816628134,0.35343632816627785,3.497202527569243e-15,0,0.25289872450997497
-5.0,b2026,2,411,0.35343632816628134,8.718222507366235e-16,0.35343632816628046,1,1419.990853824374
-5.0,b2024,1,411,0.35343632816628134,0.0,0.35343632816628134,1,1419.9908538243596
-5.0,b3607,1,411,0.35343632816628134,3.788487853199288e-30,0.35343632816628134,1,1419.9908538243626
-5.0,b2421,1,411,0.35343632816628134,0.0,0.35343632816628134,1,1419.990853824361
-5.0,b2414,1,411,0.35343632816628134,0.0,0.35343632816628134,1,1419.990853824361
-5.0,b4214,1,411,0.35343632816628134,0.0,0.35343632816628134,1,1419.9908538243703
-5.0,b2762,2,411,0.35343632816628134,0.0,0.35343632816628134,1,1419.9908538243774
-5.0,b4024,1,411,0.35343632816628134,-1.3508738110364945e-15,0.3534363281662827,1,1419.9908538243774
-5.0,b0002,2,411,0.35343632816628134,0.0,0.35343632816628134,1,1419.9908538243717
-5.0,b3940,2,411,0.35343632816628134,0.0,0.35343632816628134,1,1419.9908538243717
-5.0,b3433,1,411,0.35343632816628134,0.0,0.35343632816628134,1,1419.9908538243717
-5.0,b2838,1,411,0.35343632816628134,0.0,0.35343632816628134,1,1419.9908538243717
-5.0,b2942,1,411,0.35343632816628134,8.246895143459947e-12,0.35343632815803444,1,1419.990853780767
-5.0,b4192,1,40,0.35343632816628134,0.35343632816628284,-1.4988010832439613e-15,0,0.252898724509979
-5.0,b1993,2,40,0.35343632816628134,0.353436328166283,-1.6653345369377348e-15,0,0.2528987245099781
-5.0,b1992,1,40,0.35343632816628134,0.353436328166283,-1.6653345369377348e-15,0,0.2528987245099781
-5.0,b0417,1,411,0.35343632816628134,7.680464533546676e-16,0.35343632816628057,1,1419.990853824368
-5.0,b0348,2,40,0.35343632816628134,0.35343632816628673,-5.384581669432009e-15,0,0.2528987245099816
-5.0,b0349,2,40,0.35343632816628134,0.35343632816628046,8.881784197001252e-16,0,0.2528987245099768
-5.0,b3124,1,40,0.35343632816628134,0.35343632816628046,8.881784197001252e-16,0,0.2528987245099768
-5.0,b0583,1,40,0.35343632816628134,0.35343632816628046,8.881784197001252e-16,0,0.2528987245099768
-5.0,b0732,1,40,0.35343632816628134,0.35343632816628046,8.881784197001252e-16,0,0.2528987245099768
-5.0,b0517,1,40,0.35343632816628134,0.35343632816628046,8.881784197001252e-16,0,0.2528987245099768
-5.0,b0521,1,393,0.35343632816628134,0.34962591144073724,0.003810416725544108,0,0.5194203119800825
-5.0,b3223,1,40,0.35343632816628134,0.35343632816627735,3.9968028886505635e-15,0,0.2528987245099743
-5.0,b2428,1,40,0.35343632816628134,0.35343632816628046,8.881784197001252e-16,0,0.2528987245099768
-5.0,b2162,2,40,0.35343632816628134,0.35343632816628046,8.881784197001252e-16,0,0.2528987245099768
-5.0,b0651,2,40,0.35343632816628134,0.35343632816628046,8.881784197001252e-16,0,0.2528987245099768
-5.0,b0522,1,411,0.35343632816628134,-2.5599805036876095e-14,0.35343632816630693,1,1419.9908538244997
-5.0,b1779,6,450,0.35343632816628134,0.10805486584672425,0.2453814623195571,0,5120.234935566035
-5.0,b2388,1,46,0.35343632816628134,0.3534363281662809,4.440892098500626e-16,0,362.9405798104004
-5.0,b2029,1,46,0.35343632816628134,0.35343632816627396,7.382983113757291e-15,0,362.9405798104015
-5.0,b0368,1,46,0.35343632816628134,0.35343632816627396,7.382983113757291e-15,0,362.9405798104015
-5.0,b2463,1,46,0.35343632816628134,0.35343632816627396,7.382983113757291e-15,0,362.9405798104015
-5.0,b3960,1,415,0.35343632816628134,2.364142783338305e-16,0.3534363281662811,1,1814.0171902183097
-5.0,b0032,1,46,0.35343632816628134,0.3534363281662776,3.7192471324942744e-15,0,362.9405798104018
-5.0,b0033,1,46,0.35343632816628134,0.3534363281662825,-1.1657341758564144e-15,0,362.9405798104023
-5.0,b0242,1,415,0.35343632816628134,-9.462275888604989e-17,0.35343632816628145,1,1814.017190218331
-5.0,b0074,1,415,0.35343632816628134,0.0,0.35343632816628134,1,1814.017190218331
-5.0,b1091,3,415,0.35343632816628134,0.0,0.35343632816628134,1,1814.0171902183292
-5.0,b3908,1,46,0.35343632816628134,0.3534363281662775,3.83026943495679e-15,0,362.9405798104016
-5.0,b1656,1,46,0.35343632816628134,0.3534363281662838,-2.4424906541753444e-15,0,362.94057981040254
-5.0,b0159,3,415,0.35343632816628134,1.2314862540317214e-11,0.3534363281539665,1,1814.0171901535332
-5.0,b1106,1,46,0.35343632816628134,0.3534363281662815,-1.6653345369377348e-16,0,362.9405798104023
-5.0,b1759,2,46,0.35343632816628134,0.3534363281662845,-3.164135620181696e-15,0,362.94057981040265
-5.0,b2251,3,46,0.35343632816628134,0.3534363281662845,-3.164135620181696e-15,0,362.94057981040265
-5.0,b0905,1,46,0.35343632816628134,0.3534363281662845,-3.164135620181696e-15,0,362.94057981040265
-5.0,b3248,2,46,0.35343632816628134,0.3534363281662845,-3.164135620181696e-15,0,362.94057981040265
-5.0,b0386,1,415,0.35343632816628134,-1.868400444175887e-16,0.3534363281662815,1,1814.0171902183445
-5.0,b3425,1,46,0.35343632816628134,0.35343632816627263,8.715250743307479e-15,0,362.9405798104009
-5.0,b2668,1,46,0.35343632816628134,0.35343632816628184,-4.996003610813204e-16,0,362.94057981040254
-5.0,b2521,2,46,0.35343632816628134,0.35343632816628184,-4.996003610813204e-16,0,362.94057981040254
-5.0,b2053,1,46,0.35343632816628134,0.35343632816628184,-4.996003610813204e-16,0,362.94057981040254
-5.0,b2920,1,46,0.35343632816628134,0.35343632816628184,-4.996003610813204e-16,0,362.94057981040254
-5.0,b2143,2,46,0.35343632816628134,0.35343632816628184,-4.996003610813204e-16,0,362.94057981040254
-5.0,b0778,1,427,0.35343632816628134,0.0,0.35343632816628134,1,6559.819759063093
-5.0,b2065,1,46,0.35343632816628134,0.3534363281662871,-5.773159728050814e-15,0,362.9405798104033
-5.0,b2478,1,415,0.35343632816628134,0.0,0.35343632816628134,1,1814.0171902183417
-5.0,b0337,1,46,0.35343632816628134,0.3534363281662835,-2.1649348980190553e-15,0,362.9405798104026
-5.0,b3729,1,417,0.35343632816628134,0.0,0.35343632816628134,1,1598.6077450454154
-5.0,b2688,1,46,0.35343632816628134,0.35343632816627263,8.715250743307479e-15,0,362.9405798104009
-5.0,b0485,1,46,0.35343632816628134,0.3534363281662792,2.1649348980190553e-15,0,362.9405798104014
-5.0,b1524,1,46,0.35343632816628134,0.3534363281662792,2.1649348980190553e-15,0,362.9405798104014
-5.0,b2312,1,415,0.35343632816628134,-2.610932454682611e-14,0.35343632816630743,1,1814.0171902184534
-5.0,b0104,1,46,0.35343632816628134,0.35343632816627696,4.385380947269368e-15,0,362.94057981040163
-5.0,b1740,1,415,0.35343632816628134,3.05289377084459e-13,0.35343632816597603,1,1814.0171902167078
-5.0,b3366,1,46,0.35343632816628134,0.3534363281662878,-6.439293542825908e-15,0,362.94057981040305
-5.0,b3365,1,46,0.35343632816628134,0.3534363281662803,1.0547118733938987e-15,0,362.9405798104022
-5.0,b4254,1,415,0.35343632816628134,-6.207428566611177e-16,0.35343632816628195,1,1814.0171902183304
-5.0,b0273,1,415,0.35343632816628134,0.0,0.35343632816628134,1,1814.0171902183188
-5.0,b2500,1,339,0.35343632816628134,0.3524030519146216,0.0010332762516597205,0,363.11485653080365
-5.0,b3449,5,46,0.35343632816628134,0.353436328166277,4.3298697960381105e-15,0,362.9405798104015
-5.0,b0331,1,46,0.35343632816628134,0.35343632816627196,9.381384558082573e-15,0,362.9405798104012
-5.0,b2210,2,46,0.35343632816628134,0.35343632816627196,9.381384558082573e-15,0,362.9405798104012
-5.0,b1746,1,46,0.35343632816628134,0.35343632816627196,9.381384558082573e-15,0,362.9405798104012
-5.0,b0052,1,415,0.35343632816628134,-2.513317121042426e-22,0.35343632816628134,1,1814.0171902183083
-5.0,b2564,1,415,0.35343632816628134,0.0,0.35343632816628134,1,1814.017190218323
-5.0,b0369,1,415,0.35343632816628134,0.0,0.35343632816628134,1,1814.017190218323
-5.0,b4005,1,415,0.35343632816628134,-1.830901675700014e-14,0.35343632816629966,1,1814.0171902184218
-5.0,b2557,1,415,0.35343632816628134,1.8221801212632408e-13,0.3534363281660991,1,1814.0171902174038
-5.0,b2441,1,46,0.35343632816628134,0.353436328166286,-4.6629367034256575e-15,0,362.9405798104021
-5.0,b2440,1,46,0.35343632816628134,0.35343632816627707,4.274358644806853e-15,0,362.9405798104018
-5.0,b2049,1,46,0.35343632816628134,0.35343632816627707,4.274358644806853e-15,0,362.9405798104018
-5.0,b3806,1,46,0.35343632816628134,0.35343632816627707,4.274358644806853e-15,0,362.9405798104018
-5.0,b2533,2,46,0.35343632816628134,0.35343632816627707,4.274358644806853e-15,0,362.9405798104018
-5.0,b0333,1,46,0.35343632816628134,0.35343632816627707,4.274358644806853e-15,0,362.9405798104018
-5.0,b3590,1,46,0.35343632816628134,0.35343632816627707,4.274358644806853e-15,0,362.9405798104018
-5.0,b2173,1,46,0.35343632816628134,0.35343632816627707,4.274358644806853e-15,0,362.9405798104018
-5.0,b2918,1,46,0.35343632816628134,0.35343632816627707,4.274358644806853e-15,0,362.9405798104018
-5.0,b2727,1,46,0.35343632816628134,0.35343632816627707,4.274358644806853e-15,0,362.9405798104018
-5.0,b4173,1,46,0.35343632816628134,0.35343632816627707,4.274358644806853e-15,0,362.9405798104018
-5.0,b4352,1,46,0.35343632816628134,0.35343632816627707,4.274358644806853e-15,0,362.9405798104018
-5.0,b4161,4,46,0.35343632816628134,0.35343632816627707,4.274358644806853e-15,0,362.9405798104018
-5.0,b1852,1,46,0.35343632816628134,0.35343632816627707,4.274358644806853e-15,0,362.9405798104018
-5.0,b0134,1,415,0.35343632816628134,6.539611921523514e-13,0.35343632816562737,1,1814.0171902148859
-5.0,b2028,1,46,0.35343632816628134,0.35343632816628345,-2.1094237467877974e-15,0,362.9405798104175
-5.0,b2787,1,46,0.35343632816628134,0.35343632816628157,-2.220446049250313e-16,0,362.94057981040197
-5.0,b2788,1,46,0.35343632816628134,0.35343632816628157,-2.220446049250313e-16,0,362.94057981040197
-5.0,b3791,1,46,0.35343632816628134,0.35343632816628157,-2.220446049250313e-16,0,362.94057981040197
-5.0,b3787,1,46,0.35343632816628134,0.35343632816628157,-2.220446049250313e-16,0,362.94057981040197
-5.0,b1415,2,46,0.35343632816628134,0.35343632816628157,-2.220446049250313e-16,0,362.94057981040197
-5.0,b1493,1,46,0.35343632816628134,0.35343632816628157,-2.220446049250313e-16,0,362.94057981040197
-5.0,b3517,1,46,0.35343632816628134,0.35343632816628157,-2.220446049250313e-16,0,362.94057981040197
-5.0,b3551,3,46,0.35343632816628134,0.35343632816628157,-2.220446049250313e-16,0,362.94057981040197
-5.0,b2750,1,415,0.35343632816628134,4.006025426325778e-15,0.35343632816627735,1,1814.01719021833
-5.0,b1622,1,415,0.35343632816628134,1.5158918148860559e-15,0.35343632816627985,1,1814.0171902183192
-5.0,b3939,1,415,0.35343632816628134,0.0,0.35343632816628134,1,1814.0171902183374
-5.0,b2661,1,46,0.35343632816628134,0.3534363281662807,6.661338147750939e-16,0,362.9405798104021
-5.0,b0241,283,417,0.35343632816628134,0.0,0.35343632816628134,1,6651.227146980931
-5.0,b2215,285,417,0.35343632816628134,0.0,0.35343632816628134,1,6651.227146980931
-5.0,b0929,285,417,0.35343632816628134,0.0,0.35343632816628134,1,6651.227146980931
-5.0,b1377,284,417,0.35343632816628134,0.0,0.35343632816628134,1,6651.227146980931
-5.0,b0411,7,14,0.35343632816628134,0.35343632816627235,8.992806499463768e-15,0,260.9031109123926
-5.0,b1319,1,429,0.35343632816628134,0.2675534386543183,0.08588288951196305,0,1575.546449766289
-5.0,b3875,3,429,0.35343632816628134,0.26755343865432674,0.08588288951195461,0,1575.5464497662474
-5.0,b0957,1,429,0.35343632816628134,0.26755343865432674,0.08588288951195461,0,1575.5464497662474
-5.0,b1805,10,14,0.35343632816628134,0.3534363281662825,-1.1657341758564144e-15,0,260.9031109123969
-5.0,b1701,10,14,0.35343632816628134,0.35343632816626575,1.559863349598345e-14,0,260.90311091239226
-5.0,b1646,1,14,0.35343632816628134,0.35343632816626575,1.559863349598345e-14,0,260.90311091239226
-5.0,b2203,2,14,0.35343632816628134,0.35343632816626575,1.559863349598345e-14,0,260.90311091239226
-5.0,b2202,2,14,0.35343632816628134,0.35343632816626575,1.559863349598345e-14,0,260.90311091239226
-5.0,b2206,2,14,0.35343632816628134,0.35343632816626575,1.559863349598345e-14,0,260.90311091239226
-5.0,b2205,1,14,0.35343632816628134,0.35343632816626575,1.559863349598345e-14,0,260.90311091239226
-5.0,b2204,1,14,0.35343632816628134,0.35343632816626575,1.559863349598345e-14,0,260.90311091239226
-5.0,b0980,2,14,0.35343632816628134,0.35343632816626575,1.559863349598345e-14,0,260.90311091239226
-5.0,b0383,15,14,0.35343632816628134,0.35343632816626575,1.559863349598345e-14,0,260.90311091239226
-5.0,b1468,2,14,0.35343632816628134,0.35343632816626575,1.559863349598345e-14,0,260.90311091239226
-5.0,b1224,2,14,0.35343632816628134,0.35343632816626575,1.559863349598345e-14,0,260.90311091239226
-5.0,b1225,2,14,0.35343632816628134,0.35343632816626575,1.559863349598345e-14,0,260.90311091239226
-5.0,b1226,2,14,0.35343632816628134,0.35343632816626575,1.559863349598345e-14,0,260.90311091239226
-5.0,b1227,2,14,0.35343632816628134,0.35343632816626575,1.559863349598345e-14,0,260.90311091239226
-5.0,b1466,2,14,0.35343632816628134,0.35343632816626575,1.559863349598345e-14,0,260.90311091239226
-5.0,b1467,2,14,0.35343632816628134,0.35343632816626575,1.559863349598345e-14,0,260.90311091239226
-5.0,b1465,2,14,0.35343632816628134,0.35343632816626575,1.559863349598345e-14,0,260.90311091239226
-5.0,b1602,1,415,0.35343632816628134,0.34579726391559656,0.0076390642506847795,0,372.2607686317337
-5.0,b1603,1,415,0.35343632816628134,0.3457972639156022,0.007639064250679117,0,372.26076863173023
-5.0,b0997,2,19,0.35343632816628134,0.3534363281662854,-4.052314039881821e-15,0,260.94430845086737
-5.0,b0996,2,19,0.35343632816628134,0.3534363281662857,-4.3298697960381105e-15,0,260.9443084508675
-5.0,b1873,4,19,0.35343632816628134,0.3534363281662857,-4.3298697960381105e-15,0,260.9443084508675
-5.0,b1872,4,19,0.35343632816628134,0.3534363281662857,-4.3298697960381105e-15,0,260.9443084508675
-5.0,b3845,8,447,0.35343632816628134,0.34505929763687815,0.008377030529403195,0,268.8127218988865
-5.0,b2342,8,447,0.35343632816628134,0.3450592976368641,0.00837703052941724,0,268.8127218988782
-5.0,b4388,1,413,0.35343632816628134,0.34349744501217006,0.009938883154111289,0,287.4922594967206
-5.0,b0010,2,427,0.35343632816628134,0.2927410110659871,0.060695317100294244,0,3639.94781303172
-5.0,b3528,6,22,0.35343632816628134,0.35343632816628795,-6.6058269965196814e-15,0,261.04758286620427
-5.0,b4123,9,22,0.35343632816628134,0.35343632816628195,-6.106226635438361e-16,0,261.04758286620455
-5.0,b0621,4,22,0.35343632816628134,0.35343632816628195,-6.106226635438361e-16,0,261.04758286620455
-5.0,b4138,7,22,0.35343632816628134,0.35343632816628195,-6.106226635438361e-16,0,261.04758286620455
-5.0,b2417,6,416,0.35343632816628134,0.3316944280576278,0.021741900108653567,0,884.9920406172953
-5.0,b2429,2,22,0.35343632816628134,0.3534363281662622,1.915134717478395e-14,0,261.0475828661973
-5.0,b2423,5,413,0.35343632816628134,-4.251076093360493e-16,0.3534363281662818,1,1783.3097240653892
-5.0,b2422,5,413,0.35343632816628134,0.0,0.35343632816628134,1,1783.309724065391
-5.0,b0764,3,413,0.35343632816628134,0.0,0.35343632816628134,1,1783.309724065391
-5.0,b0765,3,413,0.35343632816628134,0.0,0.35343632816628134,1,1783.309724065391
-5.0,b0763,3,413,0.35343632816628134,0.0,0.35343632816628134,1,1783.309724065391
-5.0,b2425,5,413,0.35343632816628134,0.0,0.35343632816628134,1,1783.309724065391
-5.0,b2424,5,413,0.35343632816628134,0.0,0.35343632816628134,1,1783.309724065391
-5.0,b3917,5,413,0.35343632816628134,0.0,0.35343632816628134,1,1783.309724065391
-5.0,b3063,1,22,0.35343632816628134,0.35343632816628445,-3.1086244689504383e-15,0,261.047582866204
-5.0,b2913,3,414,0.35343632816628134,0.3434974450121878,0.009938883154093525,0,287.5935705893502
-5.0,b0366,3,22,0.35343632816628134,0.3534363281662789,2.4424906541753444e-15,0,261.0475828662007
-5.0,b0367,3,22,0.35343632816628134,0.35343632816628107,2.7755575615628914e-16,0,261.0475828662023
-5.0,b0365,3,22,0.35343632816628134,0.35343632816628107,2.7755575615628914e-16,0,261.0475828662023
-5.0,b2964,11,22,0.35343632816628134,0.35343632816628107,2.7755575615628914e-16,0,261.0475828662023
-5.0,b2393,8,22,0.35343632816628134,0.35343632816628107,2.7755575615628914e-16,0,261.0475828662023
-5.0,b1291,1,323,0.35343632816628134,0.3529869193356919,0.00044940883058947056,0,261.2510690164893
-5.0,b1250,1,323,0.35343632816628134,0.3529869193356794,0.0004494088306019606,0,261.25106901648456
-5.0,b1363,1,323,0.35343632816628134,0.3529869193356794,0.0004494088306019606,0,261.25106901648456
-5.0,b3290,1,323,0.35343632816628134,0.3529869193356794,0.0004494088306019606,0,261.25106901648456
-5.0,b3747,1,323,0.35343632816628134,0.3529869193356794,0.0004494088306019606,0,261.25106901648456
-5.0,b3849,1,323,0.35343632816628134,0.3529869193356794,0.0004494088306019606,0,261.25106901648456
-5.0,b2587,1,22,0.35343632816628134,0.3534363281662683,1.304512053934559e-14,0,261.04758286619784
-5.0,b4031,1,22,0.35343632816628134,0.35343632816628107,2.7755575615628914e-16,0,261.0475828662023
-5.0,b0067,1,22,0.35343632816628134,0.35343632816628107,2.7755575615628914e-16,0,261.0475828662023
-5.0,b0066,1,22,0.35343632816628134,0.35343632816628107,2.7755575615628914e-16,0,261.0475828662023
-5.0,b0068,1,22,0.35343632816628134,0.35343632816628107,2.7755575615628914e-16,0,261.0475828662023
-5.0,b2406,6,22,0.35343632816628134,0.35343632816628107,2.7755575615628914e-16,0,261.0475828662023
-5.0,b3460,5,22,0.35343632816628134,0.35343632816628107,2.7755575615628914e-16,0,261.0475828662023
-5.0,b3455,5,22,0.35343632816628134,0.35343632816628107,2.7755575615628914e-16,0,261.0475828662023
-5.0,b3454,5,22,0.35343632816628134,0.35343632816628107,2.7755575615628914e-16,0,261.0475828662023
-5.0,b3457,5,22,0.35343632816628134,0.35343632816628107,2.7755575615628914e-16,0,261.0475828662023
-5.0,b3456,5,22,0.35343632816628134,0.35343632816628107,2.7755575615628914e-16,0,261.0475828662023
-5.0,b4240,1,22,0.35343632816628134,0.35343632816628107,2.7755575615628914e-16,0,261.0475828662023
-5.0,b3161,2,22,0.35343632816628134,0.35343632816628107,2.7755575615628914e-16,0,261.0475828662023
-5.0,b3709,1,22,0.35343632816628134,0.35343632816628107,2.7755575615628914e-16,0,261.0475828662023
-5.0,b0112,4,22,0.35343632816628134,0.35343632816628107,2.7755575615628914e-16,0,261.0475828662023
-5.0,b1907,1,22,0.35343632816628134,0.35343632816628107,2.7755575615628914e-16,0,261.0475828662023
-5.0,b3567,1,22,0.35343632816628134,0.35343632816628107,2.7755575615628914e-16,0,261.0475828662023
-5.0,b3566,1,22,0.35343632816628134,0.35343632816628107,2.7755575615628914e-16,0,261.0475828662023
-5.0,b3568,1,22,0.35343632816628134,0.35343632816628107,2.7755575615628914e-16,0,261.0475828662023
-5.0,b3577,2,22,0.35343632816628134,0.35343632816628107,2.7755575615628914e-16,0,261.0475828662023
-5.0,b3578,2,22,0.35343632816628134,0.35343632816628107,2.7755575615628914e-16,0,261.0475828662023
-5.0,b3579,2,22,0.35343632816628134,0.35343632816628107,2.7755575615628914e-16,0,261.0475828662023
-5.0,b3089,2,22,0.35343632816628134,0.35343632816628107,2.7755575615628914e-16,0,261.0475828662023
-5.0,b2153,1,413,0.35343632816628134,2.1744254217538924e-13,0.3534363281660639,1,1783.3097240642273
-5.0,b0935,5,22,0.35343632816628134,0.3534363281662914,-1.0047518372857667e-14,0,261.0475828662067
-5.0,b0151,5,22,0.35343632816628134,0.3534363281662746,6.716849298982197e-15,0,261.0475828662009
-5.0,b0153,5,22,0.35343632816628134,0.3534363281662746,6.716849298982197e-15,0,261.0475828662009
-5.0,b0152,5,22,0.35343632816628134,0.3534363281662746,6.716849298982197e-15,0,261.0475828662009
-5.0,b0158,3,22,0.35343632816628134,0.3534363281662746,6.716849298982197e-15,0,261.0475828662009
-5.0,b1709,3,22,0.35343632816628134,0.3534363281662746,6.716849298982197e-15,0,261.0475828662009
-5.0,b1711,3,22,0.35343632816628134,0.3534363281662746,6.716849298982197e-15,0,261.0475828662009
-5.0,b2223,3,22,0.35343632816628134,0.3534363281662746,6.716849298982197e-15,0,261.0475828662009
-5.0,b1101,2,416,0.35343632816628134,0.33169442805762395,0.021741900108657397,0,884.9920406172935
-5.0,b0679,1,22,0.35343632816628134,0.3534363281662784,2.942091015256665e-15,0,261.0475828662018
-5.0,b1817,6,415,0.35343632816628134,0.33169442805763183,0.021741900108649515,0,885.0593646475302
-5.0,b1819,6,415,0.35343632816628134,0.33169442805762495,0.021741900108656398,0,885.0593646475272
-5.0,b1818,6,415,0.35343632816628134,0.33169442805762495,0.021741900108656398,0,885.0593646475272
-5.0,b3224,1,25,0.35343632816628134,0.35343632816627996,1.3877787807814457e-15,0,362.90097631110217
-5.0,b0311,1,25,0.35343632816628134,0.3534363281662715,9.825473767932635e-15,0,362.90097631110103
-5.0,b4381,1,25,0.35343632816628134,0.3534363281662715,9.825473767932635e-15,0,362.90097631110103
-5.0,b0592,2,25,0.35343632816628134,0.3534363281662715,9.825473767932635e-15,0,362.90097631110103
-5.0,b0590,2,25,0.35343632816628134,0.3534363281662715,9.825473767932635e-15,0,362.90097631110103
-5.0,b0588,2,25,0.35343632816628134,0.3534363281662715,9.825473767932635e-15,0,362.90097631110103
-5.0,b0589,2,25,0.35343632816628134,0.3534363281662715,9.825473767932635e-15,0,362.90097631110103
-5.0,b2841,1,25,0.35343632816628134,0.3534363281662715,9.825473767932635e-15,0,362.90097631110103
-5.0,b2310,3,25,0.35343632816628134,0.3534363281662715,9.825473767932635e-15,0,362.90097631110103
-5.0,b2306,4,25,0.35343632816628134,0.3534363281662715,9.825473767932635e-15,0,362.90097631110103
-5.0,b2307,4,25,0.35343632816628134,0.3534363281662715,9.825473767932635e-15,0,362.90097631110103
-5.0,b2308,4,25,0.35343632816628134,0.3534363281662715,9.825473767932635e-15,0,362.90097631110103
-5.0,b0864,1,25,0.35343632816628134,0.3534363281662715,9.825473767932635e-15,0,362.90097631110103
-5.0,b0861,1,25,0.35343632816628134,0.3534363281662715,9.825473767932635e-15,0,362.90097631110103
-5.0,b0860,1,25,0.35343632816628134,0.3534363281662715,9.825473767932635e-15,0,362.90097631110103
-5.0,b0863,1,25,0.35343632816628134,0.3534363281662715,9.825473767932635e-15,0,362.90097631110103
-5.0,b0862,1,25,0.35343632816628134,0.3534363281662715,9.825473767932635e-15,0,362.90097631110103
-5.0,b4115,1,25,0.35343632816628134,0.3534363281662715,9.825473767932635e-15,0,362.90097631110103
-5.0,b4193,1,25,0.35343632816628134,0.3534363281662715,9.825473767932635e-15,0,362.90097631110103
-5.0,b4195,1,25,0.35343632816628134,0.3534363281662715,9.825473767932635e-15,0,362.90097631110103
-5.0,b4194,1,25,0.35343632816628134,0.3534363281662715,9.825473767932635e-15,0,362.90097631110103
-5.0,b1453,1,25,0.35343632816628134,0.3534363281662715,9.825473767932635e-15,0,362.90097631110103
-5.0,b0654,2,25,0.35343632816628134,0.3534363281662715,9.825473767932635e-15,0,362.90097631110103
-5.0,b0655,2,25,0.35343632816628134,0.3534363281662715,9.825473767932635e-15,0,362.90097631110103
-5.0,b0652,2,25,0.35343632816628134,0.3534363281662715,9.825473767932635e-15,0,362.90097631110103
-5.0,b0653,2,25,0.35343632816628134,0.3534363281662715,9.825473767932635e-15,0,362.90097631110103
-5.0,b4077,2,25,0.35343632816628134,0.3534363281662715,9.825473767932635e-15,0,362.90097631110103
-5.0,b0480,17,25,0.35343632816628134,0.3534363281662715,9.825473767932635e-15,0,362.90097631110103
-5.0,b4055,17,25,0.35343632816628134,0.3534363281662715,9.825473767932635e-15,0,362.90097631110103
-5.0,b3127,3,25,0.35343632816628134,0.3534363281662715,9.825473767932635e-15,0,362.90097631110103
-5.0,b2789,3,25,0.35343632816628134,0.3534363281662715,9.825473767932635e-15,0,362.90097631110103
-5.0,b2943,2,25,0.35343632816628134,0.3534363281662715,9.825473767932635e-15,0,362.90097631110103
-5.0,b2663,1,25,0.35343632816628134,0.3534363281662715,9.825473767932635e-15,0,362.90097631110103
-5.0,b1918,1,25,0.35343632816628134,0.3534363281662715,9.825473767932635e-15,0,362.90097631110103
-5.0,b1917,1,25,0.35343632816628134,0.3534363281662715,9.825473767932635e-15,0,362.90097631110103
-5.0,b1920,1,25,0.35343632816628134,0.3534363281662715,9.825473767932635e-15,0,362.90097631110103
-5.0,b2704,2,25,0.35343632816628134,0.3534363281662715,9.825473767932635e-15,0,362.90097631110103
-5.0,b2702,2,25,0.35343632816628134,0.3534363281662715,9.825473767932635e-15,0,362.90097631110103
-5.0,b2703,2,25,0.35343632816628134,0.3534363281662715,9.825473767932635e-15,0,362.90097631110103
-5.0,b1197,1,25,0.35343632816628134,0.3534363281662715,9.825473767932635e-15,0,362.90097631110103
-5.0,b4515,1,25,0.35343632816628134,0.3534363281662715,9.825473767932635e-15,0,362.90097631110103
-5.0,b0733,1,25,0.35343632816628134,0.3534363281662715,9.825473767932635e-15,0,362.90097631110103
-5.0,b0734,1,25,0.35343632816628134,0.3534363281662715,9.825473767932635e-15,0,362.90097631110103
-5.0,b0979,2,25,0.35343632816628134,0.3534363281662715,9.825473767932635e-15,0,362.90097631110103
-5.0,b0978,2,25,0.35343632816628134,0.3534363281662715,9.825473767932635e-15,0,362.90097631110103
-5.0,b3734,1,422,0.35343632816628134,0.25887858919374257,0.09455773897253877,0,620.8886072962005
-5.0,b3735,1,422,0.35343632816628134,0.25887858919374745,0.09455773897253389,0,620.8886072962076
-5.0,b3736,1,422,0.35343632816628134,0.25887858919374745,0.09455773897253389,0,620.8886072962076
-5.0,b3737,1,422,0.35343632816628134,0.25887858919374745,0.09455773897253389,0,620.8886072962076
-5.0,b3731,1,422,0.35343632816628134,0.25887858919374745,0.09455773897253389,0,620.8886072962076
-5.0,b3732,1,422,0.35343632816628134,0.25887858919374745,0.09455773897253389,0,620.8886072962076
-5.0,b3733,1,422,0.35343632816628134,0.25887858919374745,0.09455773897253389,0,620.8886072962076
-5.0,b3738,1,422,0.35343632816628134,0.25887858919374745,0.09455773897253389,0,620.8886072962076
-5.0,b3739,1,422,0.35343632816628134,0.25887858919374745,0.09455773897253389,0,620.8886072962076
-5.0,b4067,2,23,0.35343632816628134,0.3534363281662781,3.219646771412954e-15,0,362.9007861033869
-5.0,b3714,1,23,0.35343632816628134,0.3534363281662807,6.661338147750939e-16,0,362.90078610338753
-5.0,b3654,3,23,0.35343632816628134,0.3534363281662807,6.661338147750939e-16,0,362.90078610338753
-5.0,b3664,1,23,0.35343632816628134,0.3534363281662807,6.661338147750939e-16,0,362.90078610338753
-5.0,b4088,2,23,0.35343632816628134,0.3534363281662807,6.661338147750939e-16,0,362.90078610338753
-5.0,b4087,2,23,0.35343632816628134,0.3534363281662807,6.661338147750939e-16,0,362.90078610338753
-5.0,b4086,2,23,0.35343632816628134,0.3534363281662807,6.661338147750939e-16,0,362.90078610338753
-5.0,b0511,1,23,0.35343632816628134,0.3534363281662807,6.661338147750939e-16,0,362.90078610338753
-5.0,b1901,1,23,0.35343632816628134,0.3534363281662807,6.661338147750939e-16,0,362.90078610338753
-5.0,b1900,1,23,0.35343632816628134,0.3534363281662807,6.661338147750939e-16,0,362.90078610338753
-5.0,b4460,1,23,0.35343632816628134,0.3534363281662807,6.661338147750939e-16,0,362.90078610338753
-5.0,b0124,1,23,0.35343632816628134,0.3534363281662807,6.661338147750939e-16,0,362.90078610338753
-5.0,b0837,1,23,0.35343632816628134,0.3534363281662807,6.661338147750939e-16,0,362.90078610338753
-5.0,b4464,2,23,0.35343632816628134,0.3534363281662807,6.661338147750939e-16,0,362.90078610338753
-5.0,b4064,2,23,0.35343632816628134,0.3534363281662807,6.661338147750939e-16,0,362.90078610338753
-5.0,b0974,3,23,0.35343632816628134,0.3534363281662807,6.661338147750939e-16,0,362.90078610338753
-5.0,b0973,3,23,0.35343632816628134,0.3534363281662807,6.661338147750939e-16,0,362.90078610338753
-5.0,b0972,3,23,0.35343632816628134,0.3534363281662807,6.661338147750939e-16,0,362.90078610338753
-5.0,b2997,3,23,0.35343632816628134,0.3534363281662807,6.661338147750939e-16,0,362.90078610338753
-5.0,b2996,3,23,0.35343632816628134,0.3534363281662807,6.661338147750939e-16,0,362.90078610338753
-5.0,b2995,3,23,0.35343632816628134,0.3534363281662807,6.661338147750939e-16,0,362.90078610338753
-5.0,b2994,3,23,0.35343632816628134,0.3534363281662807,6.661338147750939e-16,0,362.90078610338753
-5.0,b4289,1,23,0.35343632816628134,0.3534363281662807,6.661338147750939e-16,0,362.90078610338753
-5.0,b4288,1,23,0.35343632816628134,0.3534363281662807,6.661338147750939e-16,0,362.90078610338753
-5.0,b4290,1,23,0.35343632816628134,0.3534363281662807,6.661338147750939e-16,0,362.90078610338753
-5.0,b4287,1,23,0.35343632816628134,0.3534363281662807,6.661338147750939e-16,0,362.90078610338753
-5.0,b1102,1,23,0.35343632816628134,0.3534363281662807,6.661338147750939e-16,0,362.90078610338753
-5.0,b3006,10,23,0.35343632816628134,0.3534363281662807,6.661338147750939e-16,0,362.90078610338753
-5.0,b3005,10,23,0.35343632816628134,0.3534363281662807,6.661338147750939e-16,0,362.90078610338753
-5.0,b1252,10,23,0.35343632816628134,0.3534363281662807,6.661338147750939e-16,0,362.90078610338753
-5.0,b2315,1,415,0.35343632816628134,-1.1150303581373288e-16,0.35343632816628145,1,1814.0171902183379
-5.0,b0612,1,23,0.35343632816628134,0.35343632816627407,7.271960811294775e-15,0,362.9007861033863
-5.0,b0040,2,23,0.35343632816628134,0.353436328166282,-6.661338147750939e-16,0,362.9007861033873
-5.0,b2131,2,23,0.35343632816628134,0.353436328166282,-6.661338147750939e-16,0,362.9007861033873
-5.0,b2130,2,23,0.35343632816628134,0.353436328166282,-6.661338147750939e-16,0,362.9007861033873
-5.0,b2128,2,23,0.35343632816628134,0.353436328166282,-6.661338147750939e-16,0,362.9007861033873
-5.0,b2129,2,23,0.35343632816628134,0.353436328166282,-6.661338147750939e-16,0,362.9007861033873
-5.0,b3409,1,23,0.35343632816628134,0.353436328166282,-6.661338147750939e-16,0,362.9007861033873
-5.0,b2167,1,23,0.35343632816628134,0.353436328166282,-6.661338147750939e-16,0,362.9007861033873
-5.0,b2169,1,23,0.35343632816628134,0.353436328166282,-6.661338147750939e-16,0,362.9007861033873
-5.0,b2801,1,23,0.35343632816628134,0.353436328166282,-6.661338147750939e-16,0,362.9007861033873
-5.0,b0584,1,23,0.35343632816628134,0.353436328166282,-6.661338147750939e-16,0,362.9007861033873
-5.0,b0336,1,23,0.35343632816628134,0.353436328166282,-6.661338147750939e-16,0,362.9007861033873
-5.0,b0341,1,23,0.35343632816628134,0.353436328166282,-6.661338147750939e-16,0,362.9007861033873
-5.0,b3909,2,23,0.35343632816628134,0.353436328166282,-6.661338147750939e-16,0,362.9007861033873
-5.0,b4036,7,25,0.35343632816628134,0.353436328166282,-6.661338147750939e-16,0,562.9007861033872
-5.0,b4291,1,25,0.35343632816628134,0.3534363281662766,4.718447854656915e-15,0,562.9007861033865
-5.0,b1119,1,25,0.35343632816628134,0.3534363281662766,4.718447854656915e-15,0,562.9007861033865
-5.0,b3829,1,417,0.35343632816628134,3.546250850671398e-14,0.35343632816624587,1,2014.0171902181514
-5.0,b4019,1,417,0.35343632816628134,3.574247598763445e-14,0.3534363281662456,1,2014.0171902181469
-5.0,b0887,2,25,0.35343632816628134,0.3534363281662848,-3.4416913763379853e-15,0,562.9007861033879
-5.0,b0886,2,25,0.35343632816628134,0.35343632816627574,5.6066262743570405e-15,0,562.9007861033865
-5.0,b2476,1,417,0.35343632816628134,-2.496831749615904e-14,0.3534363281663063,1,2014.0171902184586
-5.0,b3125,1,25,0.35343632816628134,0.35343632816628273,-1.3877787807814457e-15,0,562.9007861033875
-5.0,b0509,1,25,0.35343632816628134,0.3534363281662766,4.718447854656915e-15,0,562.9007861033865
-5.0,b2501,2,25,0.35343632816628134,0.3534363281662766,4.718447854656915e-15,0,562.9007861033865
-5.0,b3941,1,417,0.35343632816628134,3.546250850671398e-14,0.35343632816624587,1,2014.0171902181519
-5.0,b2574,4,417,0.35343632816628134,-7.485437270383321e-13,0.3534363281670299,1,2014.017190222275
-5.0,b3177,1,417,0.35343632816628134,-1.0369292626306456e-15,0.3534363281662824,1,2014.017190218339
-5.0,b0529,2,417,0.35343632816628134,0.3481093316031694,0.005326996563111919,0,569.9495495746512
-5.0,b4132,1,25,0.35343632816628134,0.3534363281662918,-1.0436096431476471e-14,0,562.9007861033888
-5.0,b0750,1,417,0.35343632816628134,-3.334948763596181e-12,0.3534363281696163,1,2014.0171902358873
-5.0,b3605,2,25,0.35343632816628134,0.35343632816564524,6.361022819589834e-13,0,562.9007861033652
-5.0,b0306,2,25,0.35343632816628134,0.3534363281662842,-2.831068712794149e-15,0,562.9007861033878
-5.0,b0307,2,25,0.35343632816628134,0.3534363281662842,-2.831068712794149e-15,0,562.9007861033878
-5.0,b0308,2,25,0.35343632816628134,0.3534363281662842,-2.831068712794149e-15,0,562.9007861033878
-5.0,b0904,2,421,0.35343632816628134,0.3175108730946267,0.03592545507165462,0,3091.5709525830625
-5.0,b2492,2,421,0.35343632816628134,0.31751087309461584,0.0359254550716655,0,3091.5709525830625
-5.0,b3631,1,24,0.35343632816628134,0.3534363281662687,1.2656542480726785e-14,0,561.9882045991599
-5.0,b0914,32,419,0.35343632816628134,-1.7674827802157817e-16,0.3534363281662815,1,1854.7205187465975
-5.0,b1300,2,24,0.35343632816628134,0.35343632816628534,-3.9968028886505635e-15,0,561.9882045991621
-5.0,b1967,1,24,0.35343632816628134,0.3534363281662671,1.426636586643326e-14,0,561.9882045991593
-5.0,b0933,5,24,0.35343632816628134,0.3534363281662671,1.426636586643326e-14,0,561.9882045991593
-5.0,b0936,5,24,0.35343632816628134,0.3534363281662671,1.426636586643326e-14,0,561.9882045991593
-5.0,b0934,5,24,0.35343632816628134,0.3534363281662671,1.426636586643326e-14,0,561.9882045991593
-5.0,b2032,1,24,0.35343632816628134,0.3534363281662671,1.426636586643326e-14,0,561.9882045991593
-5.0,b2027,3,24,0.35343632816628134,0.3534363281662671,1.426636586643326e-14,0,561.9882045991593
-5.0,b2035,3,24,0.35343632816628134,0.3534363281662671,1.426636586643326e-14,0,561.9882045991593
-5.0,b3622,2,24,0.35343632816628134,0.3534363281662671,1.426636586643326e-14,0,561.9882045991593
-5.0,b0459,2,24,0.35343632816628134,0.3534363281662671,1.426636586643326e-14,0,561.9882045991593
-5.0,b0585,2,24,0.35343632816628134,0.3534363281662671,1.426636586643326e-14,0,561.9882045991593
-5.0,b1326,1,24,0.35343632816628134,0.3534363281662671,1.426636586643326e-14,0,561.9882045991593
-5.0,b1325,1,24,0.35343632816628134,0.3534363281662671,1.426636586643326e-14,0,561.9882045991593
-5.0,b0591,1,24,0.35343632816628134,0.3534363281662671,1.426636586643326e-14,0,561.9882045991593
-5.0,b3035,9,24,0.35343632816628134,0.3534363281662671,1.426636586643326e-14,0,561.9882045991593
-5.0,b0692,2,24,0.35343632816628134,0.3534363281662671,1.426636586643326e-14,0,561.9882045991593
-5.0,b2014,1,24,0.35343632816628134,0.3534363281662671,1.426636586643326e-14,0,561.9882045991593
-5.0,b1296,1,24,0.35343632816628134,0.3534363281662671,1.426636586643326e-14,0,561.9882045991593
-5.0,b1298,1,24,0.35343632816628134,0.3534363281662671,1.426636586643326e-14,0,561.9882045991593
-5.0,b3374,1,24,0.35343632816628134,0.3534363281662671,1.426636586643326e-14,0,561.9882045991593
-5.0,b1308,1,24,0.35343632816628134,0.3534363281662671,1.426636586643326e-14,0,561.9882045991593
-5.0,b2197,1,24,0.35343632816628134,0.3534363281662671,1.426636586643326e-14,0,561.9882045991593
-5.0,b2201,1,24,0.35343632816628134,0.3534363281662671,1.426636586643326e-14,0,561.9882045991593
-5.0,b2200,1,24,0.35343632816628134,0.3534363281662671,1.426636586643326e-14,0,561.9882045991593
-5.0,b2199,1,24,0.35343632816628134,0.3534363281662671,1.426636586643326e-14,0,561.9882045991593
-5.0,b2198,1,24,0.35343632816628134,0.3534363281662671,1.426636586643326e-14,0,561.9882045991593
-5.0,b0622,2,24,0.35343632816628134,0.3534363281662671,1.426636586643326e-14,0,561.9882045991593
-5.0,b3785,3,24,0.35343632816628134,0.3534363281662671,1.426636586643326e-14,0,561.9882045991593
-5.0,b3793,3,24,0.35343632816628134,0.3534363281662671,1.426636586643326e-14,0,561.9882045991593
-5.0,b2552,2,24,0.35343632816628134,0.3534363281662671,1.426636586643326e-14,0,561.9882045991593
-5.0,b0756,1,24,0.35343632816628134,0.3534363281662671,1.426636586643326e-14,0,561.9882045991593
-5.0,b0484,1,24,0.35343632816628134,0.3534363281662671,1.426636586643326e-14,0,561.9882045991593
-5.0,b3469,6,24,0.35343632816628134,0.3534363281662671,1.426636586643326e-14,0,561.9882045991593
-5.0,b3626,1,24,0.35343632816628134,0.3534363281662671,1.426636586643326e-14,0,561.9882045991593
-5.0,b3623,1,24,0.35343632816628134,0.3534363281662671,1.426636586643326e-14,0,561.9882045991593
-5.0,b2257,1,24,0.35343632816628134,0.3534363281662671,1.426636586643326e-14,0,561.9882045991593
-5.0,b2711,1,24,0.35343632816628134,0.3534363281662671,1.426636586643326e-14,0,561.9882045991593
-5.0,b2710,1,24,0.35343632816628134,0.3534363281662671,1.426636586643326e-14,0,561.9882045991593
-5.0,b4111,5,28,0.35343632816628134,0.3534363281662671,1.426636586643326e-14,0,561.988218136203
-5.0,b1386,3,28,0.35343632816628134,0.35343632816626885,1.2490009027033011e-14,0,561.9882181362036
-5.0,b4072,2,28,0.35343632816628134,0.35343632816626885,1.2490009027033011e-14,0,561.9882181362036
-5.0,b4073,2,28,0.35343632816628134,0.35343632816626885,1.2490009027033011e-14,0,561.9882181362036
-5.0,b4070,2,28,0.35343632816628134,0.35343632816626885,1.2490009027033011e-14,0,561.9882181362036
-5.0,b4071,2,28,0.35343632816628134,0.35343632816626885,1.2490009027033011e-14,0,561.9882181362036
-5.0,b3679,1,28,0.35343632816628134,0.35343632816626885,1.2490009027033011e-14,0,561.9882181362036
-5.0,b0110,4,28,0.35343632816628134,0.35343632816626885,1.2490009027033011e-14,0,561.9882181362036
-5.0,b1463,1,28,0.35343632816628134,0.35343632816626885,1.2490009027033011e-14,0,561.9882181362036
-5.0,b4219,1,28,0.35343632816628134,0.35343632816626885,1.2490009027033011e-14,0,561.9882181362036
-5.0,b1832,1,28,0.35343632816628134,0.35343632816626885,1.2490009027033011e-14,0,561.9882181362036
-5.0,b1778,1,28,0.35343632816628134,0.35343632816626885,1.2490009027033011e-14,0,561.9882181362036
-5.0,b2871,1,28,0.35343632816628134,0.35343632816626885,1.2490009027033011e-14,0,561.9882181362036
-5.0,b0932,2,28,0.35343632816628134,0.35343632816626885,1.2490009027033011e-14,0,561.9882181362036
-5.0,b4260,2,28,0.35343632816628134,0.35343632816626885,1.2490009027033011e-14,0,561.9882181362036
-5.0,b2523,2,28,0.35343632816628134,0.35343632816626885,1.2490009027033011e-14,0,561.9882181362036
-5.0,b0237,3,28,0.35343632816628134,0.35343632816626885,1.2490009027033011e-14,0,561.9882181362036
-5.0,b2132,1,28,0.35343632816628134,0.35343632816626885,1.2490009027033011e-14,0,561.9882181362036
-5.0,b2239,5,28,0.35343632816628134,0.35343632816626885,1.2490009027033011e-14,0,561.9882181362036
-5.0,b2435,2,28,0.35343632816628134,0.35343632816626885,1.2490009027033011e-14,0,561.9882181362036
-5.0,b0867,2,28,0.35343632816628134,0.35343632816626885,1.2490009027033011e-14,0,561.9882181362036
-5.0,b2817,2,28,0.35343632816628134,0.35343632816626885,1.2490009027033011e-14,0,561.9882181362036
-5.0,b4169,2,28,0.35343632816628134,0.35343632816626885,1.2490009027033011e-14,0,561.9882181362036
-5.0,b3610,6,28,0.35343632816628134,0.35343632816626885,1.2490009027033011e-14,0,561.9882181362036
-5.0,b2676,4,28,0.35343632816628134,0.35343632816626885,1.2490009027033011e-14,0,561.9882181362036
-5.0,b1064,7,28,0.35343632816628134,0.35343632816626885,1.2490009027033011e-14,0,561.9882181362036
-5.0,b2675,4,28,0.35343632816628134,0.35343632816626885,1.2490009027033011e-14,0,561.9882181362036
-5.0,b0849,6,28,0.35343632816628134,0.35343632816626885,1.2490009027033011e-14,0,561.9882181362036
-5.0,b1654,6,28,0.35343632816628134,0.35343632816626885,1.2490009027033011e-14,0,561.9882181362036
-5.0,b3336,1,28,0.35343632816628134,0.35343632816626885,1.2490009027033011e-14,0,561.9882181362036
-5.0,b0123,2,28,0.35343632816628134,0.35343632816626885,1.2490009027033011e-14,0,561.9882181362036
-5.0,b1192,4,28,0.35343632816628134,0.35343632816626885,1.2490009027033011e-14,0,561.9882181362036
-5.0,b1270,2,28,0.35343632816628134,0.35343632816626885,1.2490009027033011e-14,0,561.9882181362036
-5.0,b1246,2,28,0.35343632816628134,0.35343632816626885,1.2490009027033011e-14,0,561.9882181362036
-5.0,b1247,2,28,0.35343632816628134,0.35343632816626885,1.2490009027033011e-14,0,561.9882181362036
-5.0,b1244,2,28,0.35343632816628134,0.35343632816626885,1.2490009027033011e-14,0,561.9882181362036
-5.0,b1245,2,28,0.35343632816628134,0.35343632816626885,1.2490009027033011e-14,0,561.9882181362036
-5.0,b1243,2,28,0.35343632816628134,0.35343632816626885,1.2490009027033011e-14,0,561.9882181362036
-5.0,b2180,2,28,0.35343632816628134,0.35343632816626885,1.2490009027033011e-14,0,561.9882181362036
-5.0,b2179,2,28,0.35343632816628134,0.35343632816626885,1.2490009027033011e-14,0,561.9882181362036
-5.0,b1329,1,28,0.35343632816628134,0.35343632816626885,1.2490009027033011e-14,0,561.9882181362036
-5.0,b2177,2,28,0.35343632816628134,0.35343632816626885,1.2490009027033011e-14,0,561.9882181362036
-5.0,b2178,2,28,0.35343632816628134,0.35343632816626885,1.2490009027033011e-14,0,561.9882181362036
-5.0,b0433,3,28,0.35343632816628134,0.35343632816626885,1.2490009027033011e-14,0,561.9882181362036
-5.0,b4367,3,28,0.35343632816628134,0.35343632816626885,1.2490009027033011e-14,0,561.9882181362036
-5.0,b0573,2,28,0.35343632816628134,0.35343632816626885,1.2490009027033011e-14,0,561.9882181362036
-5.0,b0572,2,28,0.35343632816628134,0.35343632816626885,1.2490009027033011e-14,0,561.9882181362036
-5.0,b0575,2,28,0.35343632816628134,0.35343632816626885,1.2490009027033011e-14,0,561.9882181362036
-5.0,b0574,2,28,0.35343632816628134,0.35343632816626885,1.2490009027033011e-14,0,561.9882181362036
-5.0,b3915,7,28,0.35343632816628134,0.35343632816626885,1.2490009027033011e-14,0,561.9882181362036
-5.0,b0752,5,28,0.35343632816628134,0.35343632816626885,1.2490009027033011e-14,0,561.9882181362036
-5.0,b1859,1,28,0.35343632816628134,0.35343632816626885,1.2490009027033011e-14,0,561.9882181362036
-5.0,b1858,1,28,0.35343632816628134,0.35343632816626885,1.2490009027033011e-14,0,561.9882181362036
-5.0,b1857,1,28,0.35343632816628134,0.35343632816626885,1.2490009027033011e-14,0,561.9882181362036
-5.0,b1981,1,28,0.35343632816628134,0.35343632816626885,1.2490009027033011e-14,0,561.9882181362036
-5.0,b2392,2,28,0.35343632816628134,0.35343632816626885,1.2490009027033011e-14,0,561.9882181362036
-5.0,b0452,10,452,0.35343632816628134,0.3450592976368636,0.00837703052941774,0,567.2742297106979
-5.0,b1927,1,28,0.35343632816628134,0.35343632816628245,-1.1102230246251565e-15,0,561.9882181362052
-5.0,b3571,1,28,0.35343632816628134,0.353436328166287,-5.662137425588298e-15,0,561.9882181362063
-5.0,b3650,3,28,0.35343632816628134,0.353436328166287,-5.662137425588298e-15,0,561.9882181362063
-5.0,b2344,7,28,0.35343632816628134,0.353436328166287,-5.662137425588298e-15,0,561.9882181362063
-5.0,b4213,8,28,0.35343632816628134,0.353436328166287,-5.662137425588298e-15,0,561.9882181362063
-5.0,b1059,2,28,0.35343632816628134,0.353436328166287,-5.662137425588298e-15,0,561.9882181362063
-5.0,b1727,4,28,0.35343632816628134,0.353436328166287,-5.662137425588298e-15,0,561.9882181362063
-5.0,b3580,2,28,0.35343632816628134,0.353436328166287,-5.662137425588298e-15,0,561.9882181362063
-5.0,b2051,1,28,0.35343632816628134,0.353436328166287,-5.662137425588298e-15,0,561.9882181362063
-5.0,b4265,3,28,0.35343632816628134,0.353436328166287,-5.662137425588298e-15,0,561.9882181362063
-5.0,b3266,1,28,0.35343632816628134,0.353436328166287,-5.662137425588298e-15,0,561.9882181362063
-5.0,b3265,1,28,0.35343632816628134,0.353436328166287,-5.662137425588298e-15,0,561.9882181362063
-5.0,b3907,2,28,0.35343632816628134,0.353436328166287,-5.662137425588298e-15,0,561.9882181362063
-5.0,b3477,1,28,0.35343632816628134,0.353436328166287,-5.662137425588298e-15,0,561.9882181362063
-5.0,b3476,1,28,0.35343632816628134,0.353436328166287,-5.662137425588298e-15,0,561.9882181362063
-5.0,b3480,1,28,0.35343632816628134,0.353436328166287,-5.662137425588298e-15,0,561.9882181362063
-5.0,b3478,1,28,0.35343632816628134,0.353436328166287,-5.662137425588298e-15,0,561.9882181362063
-5.0,b3479,1,28,0.35343632816628134,0.353436328166287,-5.662137425588298e-15,0,561.9882181362063
-5.0,b4242,2,28,0.35343632816628134,0.353436328166287,-5.662137425588298e-15,0,561.9882181362063
-5.0,b4094,1,33,0.35343632816628134,0.353436328166287,-5.662137425588298e-15,0,562.5315301698471
-5.0,b0698,1,33,0.35343632816628134,0.35343632816627074,1.0602629885170245e-14,0,562.5315301698446
-5.0,b0696,1,33,0.35343632816628134,0.35343632816627074,1.0602629885170245e-14,0,562.5315301698446
-5.0,b0697,1,33,0.35343632816628134,0.35343632816627074,1.0602629885170245e-14,0,562.5315301698446
-5.0,b4513,1,33,0.35343632816628134,0.35343632816627074,1.0602629885170245e-14,0,562.5315301698446
-5.0,b3458,1,33,0.35343632816628134,0.35343632816627074,1.0602629885170245e-14,0,562.5315301698446
-5.0,b2975,3,33,0.35343632816628134,0.35343632816627074,1.0602629885170245e-14,0,562.5315301698446
-5.0,b3603,3,33,0.35343632816628134,0.35343632816627074,1.0602629885170245e-14,0,562.5315301698446
-5.0,b4034,6,33,0.35343632816628134,0.35343632816627074,1.0602629885170245e-14,0,562.5315301698446
-5.0,b4035,6,33,0.35343632816628134,0.35343632816627074,1.0602629885170245e-14,0,562.5315301698446
-5.0,b4032,6,33,0.35343632816628134,0.35343632816627074,1.0602629885170245e-14,0,562.5315301698446
-5.0,b4033,6,33,0.35343632816628134,0.35343632816627074,1.0602629885170245e-14,0,562.5315301698446
-5.0,b3666,4,33,0.35343632816628134,0.35343632816627074,1.0602629885170245e-14,0,562.5315301698446
-5.0,b0731,1,33,0.35343632816628134,0.35343632816627074,1.0602629885170245e-14,0,562.5315301698446
-5.0,b4120,1,33,0.35343632816628134,0.35343632816627074,1.0602629885170245e-14,0,562.5315301698446
-5.0,b0343,2,33,0.35343632816628134,0.35343632816627074,1.0602629885170245e-14,0,562.5315301698446
-5.0,b0197,2,33,0.35343632816628134,0.35343632816627074,1.0602629885170245e-14,0,562.5315301698446
-5.0,b0199,2,33,0.35343632816628134,0.35343632816627074,1.0602629885170245e-14,0,562.5315301698446
-5.0,b0198,2,33,0.35343632816628134,0.35343632816627074,1.0602629885170245e-14,0,562.5315301698446
-5.0,b1297,1,33,0.35343632816628134,0.35343632816627074,1.0602629885170245e-14,0,562.5315301698446
-5.0,b2933,1,33,0.35343632816628134,0.35343632816627074,1.0602629885170245e-14,0,562.5315301698446
-5.0,b2934,1,33,0.35343632816628134,0.35343632816627074,1.0602629885170245e-14,0,562.5315301698446
-5.0,b3599,1,33,0.35343632816628134,0.35343632816627074,1.0602629885170245e-14,0,562.5315301698446
-5.0,b1186,1,33,0.35343632816628134,0.35343632816627074,1.0602629885170245e-14,0,562.5315301698446
-5.0,b0019,1,33,0.35343632816628134,0.35343632816627074,1.0602629885170245e-14,0,562.5315301698446
-5.0,b0451,1,424,0.35343632816628134,5.180612936045498e-15,0.3534363281662762,1,1676.614985857311
-5.0,b0751,1,30,0.35343632816628134,0.3534363281668342,-5.528355551120967e-13,0,561.9623103550302
-5.0,b1223,2,30,0.35343632816628134,0.3534363281662874,-6.050715484207103e-15,0,561.9623103548969
-5.0,b3367,1,30,0.35343632816628134,0.3534363281662874,-6.050715484207103e-15,0,561.9623103548969
-5.0,b1469,1,30,0.35343632816628134,0.3534363281662874,-6.050715484207103e-15,0,561.9623103548969
-5.0,b3728,1,30,0.35343632816628134,0.3534363281662874,-6.050715484207103e-15,0,561.9623103548969
-5.0,b3727,1,30,0.35343632816628134,0.3534363281662874,-6.050715484207103e-15,0,561.9623103548969
-5.0,b3726,1,30,0.35343632816628134,0.3534363281662874,-6.050715484207103e-15,0,561.9623103548969
-5.0,b3725,1,30,0.35343632816628134,0.3534363281662874,-6.050715484207103e-15,0,561.9623103548969
-5.0,b3258,1,30,0.35343632816628134,0.3534363281662874,-6.050715484207103e-15,0,561.9623103548969
-5.0,b3371,1,30,0.35343632816628134,0.3534363281662874,-6.050715484207103e-15,0,561.9623103548969
-5.0,b2677,5,30,0.35343632816628134,0.3534363281662874,-6.050715484207103e-15,0,561.9623103548969
-5.0,b2678,5,30,0.35343632816628134,0.3534363281662874,-6.050715484207103e-15,0,561.9623103548969
-5.0,b2679,5,30,0.35343632816628134,0.3534363281662874,-6.050715484207103e-15,0,561.9623103548969
-5.0,b0402,1,30,0.35343632816628134,0.3534363281662874,-6.050715484207103e-15,0,561.9623103548969
-5.0,b1015,2,30,0.35343632816628134,0.3534363281662874,-6.050715484207103e-15,0,561.9623103548969
-5.0,b0854,1,30,0.35343632816628134,0.3534363281662874,-6.050715484207103e-15,0,561.9623103548969
-5.0,b0855,1,30,0.35343632816628134,0.3534363281662874,-6.050715484207103e-15,0,561.9623103548969
-5.0,b0856,1,30,0.35343632816628134,0.3534363281662874,-6.050715484207103e-15,0,561.9623103548969
-5.0,b0857,1,30,0.35343632816628134,0.3534363281662874,-6.050715484207103e-15,0,561.9623103548969
-5.0,b1440,2,30,0.35343632816628134,0.3534363281662874,-6.050715484207103e-15,0,561.9623103548969
-5.0,b1441,2,30,0.35343632816628134,0.3534363281662874,-6.050715484207103e-15,0,561.9623103548969
-5.0,b1442,2,30,0.35343632816628134,0.3534363281662874,-6.050715484207103e-15,0,561.9623103548969
-5.0,b1443,2,30,0.35343632816628134,0.3534363281662874,-6.050715484207103e-15,0,561.9623103548969
-5.0,b1126,2,30,0.35343632816628134,0.3534363281662874,-6.050715484207103e-15,0,561.9623103548969
-5.0,b1125,2,30,0.35343632816628134,0.3534363281662874,-6.050715484207103e-15,0,561.9623103548969
-5.0,b1124,2,30,0.35343632816628134,0.3534363281662874,-6.050715484207103e-15,0,561.9623103548969
-5.0,b1123,2,30,0.35343632816628134,0.3534363281662874,-6.050715484207103e-15,0,561.9623103548969
-5.0,b2957,2,30,0.35343632816628134,0.3534363281662874,-6.050715484207103e-15,0,561.9623103548969
-5.0,b0150,3,30,0.35343632816628134,0.3534363281662874,-6.050715484207103e-15,0,561.9623103548969
-5.0,b1865,2,424,0.35343632816628134,0.0,0.35343632816628134,1,2112.7357521316317
-5.0,b2954,3,30,0.35343632816628134,0.3534363281662868,-5.440092820663267e-15,0,561.9623103548969
-5.0,b1002,2,30,0.35343632816628134,0.3534363281662737,7.66053886991358e-15,0,561.9623103548946
-5.0,b2938,1,30,0.35343632816628134,0.3534363281662737,7.66053886991358e-15,0,561.9623103548946
-5.0,b4090,2,423,0.35343632816628134,0.22641371011268982,0.12702261805359152,0,1670.3246135809827
-5.0,b4084,1,30,0.35343632816628134,0.3534363281662848,-3.4416913763379853e-15,0,561.9623103548965
-5.0,b4085,1,30,0.35343632816628134,0.3534363281662669,1.4432899320127035e-14,0,561.9623103548939
-5.0,b4230,2,30,0.35343632816628134,0.3534363281662669,1.4432899320127035e-14,0,561.9623103548939
-5.0,b4231,2,30,0.35343632816628134,0.3534363281662669,1.4432899320127035e-14,0,561.9623103548939
-5.0,b4485,2,30,0.35343632816628134,0.3534363281662669,1.4432899320127035e-14,0,561.9623103548939
-5.0,b4227,2,30,0.35343632816628134,0.3534363281662669,1.4432899320127035e-14,0,561.9623103548939
-5.0,b3750,1,30,0.35343632816628134,0.3534363281662669,1.4432899320127035e-14,0,561.9623103548939
-5.0,b3751,1,30,0.35343632816628134,0.3534363281662669,1.4432899320127035e-14,0,561.9623103548939
-5.0,b3749,1,30,0.35343632816628134,0.3534363281662669,1.4432899320127035e-14,0,561.9623103548939
-5.0,b3748,1,30,0.35343632816628134,0.3534363281662669,1.4432899320127035e-14,0,561.9623103548939
-5.0,b0260,1,30,0.35343632816628134,0.3534363281662669,1.4432899320127035e-14,0,561.9623103548939
-5.0,b0810,1,30,0.35343632816628134,0.3534363281662669,1.4432899320127035e-14,0,561.9623103548939
-5.0,b0811,1,30,0.35343632816628134,0.3534363281662669,1.4432899320127035e-14,0,561.9623103548939
-5.0,b0809,1,30,0.35343632816628134,0.3534363281662669,1.4432899320127035e-14,0,561.9623103548939
-5.0,b1492,1,30,0.35343632816628134,0.3534363281662669,1.4432899320127035e-14,0,561.9623103548939
-5.0,b3653,1,30,0.35343632816628134,0.3534363281662669,1.4432899320127035e-14,0,561.9623103548939
-5.0,b3927,4,30,0.35343632816628134,0.3534363281662669,1.4432899320127035e-14,0,561.9623103548939
-5.0,b3959,1,418,0.35343632816628134,4.530480064524536e-16,0.3534363281662809,1,2006.5007989616993
-5.0,b1528,3,30,0.35343632816628134,0.3534363281662784,2.942091015256665e-15,0,561.9623103548957
-5.0,b2170,1,30,0.35343632816628134,0.35343632816629134,-9.992007221626409e-15,0,561.9623103548976
-5.0,b0070,1,30,0.35343632816628134,0.35343632816629134,-9.992007221626409e-15,0,561.9623103548976
-5.0,b2303,1,30,0.35343632816628134,0.35343632816629134,-9.992007221626409e-15,0,561.9623103548976
-5.0,b3028,3,30,0.35343632816628134,0.35343632816629134,-9.992007221626409e-15,0,561.9623103548976
-5.0,b3432,1,30,0.35343632816628134,0.35343632816629134,-9.992007221626409e-15,0,561.9623103548976
-5.0,b3503,1,30,0.35343632816628134,0.35343632816629134,-9.992007221626409e-15,0,561.9623103548976
-5.0,b4321,2,30,0.35343632816628134,0.35343632816629134,-9.992007221626409e-15,0,561.9623103548976
-5.0,b3792,1,30,0.35343632816628134,0.35343632816629134,-9.992007221626409e-15,0,561.9623103548976
-5.0,b2033,1,30,0.35343632816628134,0.35343632816629134,-9.992007221626409e-15,0,561.9623103548976
-5.0,b2034,1,30,0.35343632816628134,0.35343632816629134,-9.992007221626409e-15,0,561.9623103548976
-5.0,b2037,1,30,0.35343632816628134,0.35343632816629134,-9.992007221626409e-15,0,561.9623103548976
-5.0,b2175,6,30,0.35343632816628134,0.35343632816629134,-9.992007221626409e-15,0,561.9623103548976
-5.0,b0356,1,30,0.35343632816628134,0.35343632816629134,-9.992007221626409e-15,0,561.9623103548976
-5.0,b2240,1,30,0.35343632816628134,0.35343632816629134,-9.992007221626409e-15,0,561.9623103548976
-5.0,b0875,1,437,0.35343632816628134,0.2675534386543357,0.08588288951194567,0,1792.5287913569728
-5.0,b0353,2,27,0.35343632816628134,0.3534363281662854,-4.052314039881821e-15,0,457.3085997238128
-5.0,b2309,1,27,0.35343632816628134,0.35343632816627735,3.9968028886505635e-15,0,457.30859972381177
-5.0,b0325,2,27,0.35343632816628134,0.35343632816627735,3.9968028886505635e-15,0,457.30859972381177
-5.0,b2092,1,27,0.35343632816628134,0.35343632816627735,3.9968028886505635e-15,0,457.30859972381177
-5.0,b2093,1,27,0.35343632816628134,0.35343632816627735,3.9968028886505635e-15,0,457.30859972381177
-5.0,b2094,1,27,0.35343632816628134,0.35343632816627735,3.9968028886505635e-15,0,457.30859972381177
-5.0,b3093,2,27,0.35343632816628134,0.35343632816627735,3.9968028886505635e-15,0,457.30859972381177
-5.0,b4476,1,27,0.35343632816628134,0.35343632816627735,3.9968028886505635e-15,0,457.30859972381177
-5.0,b3415,1,27,0.35343632816628134,0.35343632816627735,3.9968028886505635e-15,0,457.30859972381177
-5.0,b1621,2,420,0.35343632816628134,0.3316944280576106,0.02174190010867072,0,1084.9656648746468
-5.0,b2021,1,422,0.35343632816628134,-1.5770459814341646e-16,0.3534363281662815,1,2323.511434044668
-5.0,b0166,1,422,0.35343632816628134,0.0,0.35343632816628134,1,2323.511434044673
-5.0,b1519,1,30,0.35343632816628134,0.3534363281662744,6.938893903907228e-15,0,457.3757050435872
-5.0,b4268,1,30,0.35343632816628134,0.3534363281662667,1.4654943925052066e-14,0,457.37570504358536
-5.0,b3437,1,30,0.35343632816628134,0.3534363281662667,1.4654943925052066e-14,0,457.37570504358536
-5.0,b3805,1,416,0.35343632816628134,-4.2510760933604926e-16,0.3534363281662818,1,1965.2899721133101
-5.0,b3904,1,30,0.35343632816628134,0.3534363281662781,3.219646771412954e-15,0,457.3757050435892
-5.0,b2486,1,30,0.35343632816628134,0.3534363281662828,-1.4432899320127035e-15,0,457.3757050435917
-5.0,b2490,1,30,0.35343632816628134,0.3534363281662828,-1.4432899320127035e-15,0,457.3757050435917
-5.0,b2724,2,30,0.35343632816628134,0.3534363281662828,-1.4432899320127035e-15,0,457.3757050435917
-5.0,b2719,2,30,0.35343632816628134,0.3534363281662828,-1.4432899320127035e-15,0,457.3757050435917
-5.0,b2720,2,30,0.35343632816628134,0.3534363281662828,-1.4432899320127035e-15,0,457.3757050435917
-5.0,b2721,2,30,0.35343632816628134,0.3534363281662828,-1.4432899320127035e-15,0,457.3757050435917
-5.0,b2722,2,30,0.35343632816628134,0.3534363281662828,-1.4432899320127035e-15,0,457.3757050435917
-5.0,b2723,2,30,0.35343632816628134,0.3534363281662828,-1.4432899320127035e-15,0,457.3757050435917
-5.0,b2485,1,30,0.35343632816628134,0.3534363281662828,-1.4432899320127035e-15,0,457.3757050435917
-5.0,b2484,1,30,0.35343632816628134,0.3534363281662828,-1.4432899320127035e-15,0,457.3757050435917
-5.0,b2487,1,30,0.35343632816628134,0.3534363281662828,-1.4432899320127035e-15,0,457.3757050435917
-5.0,b4079,1,30,0.35343632816628134,0.3534363281662828,-1.4432899320127035e-15,0,457.3757050435917
-5.0,b2481,1,30,0.35343632816628134,0.3534363281662828,-1.4432899320127035e-15,0,457.3757050435917
-5.0,b2483,1,30,0.35343632816628134,0.3534363281662828,-1.4432899320127035e-15,0,457.3757050435917
-5.0,b2482,1,30,0.35343632816628134,0.3534363281662828,-1.4432899320127035e-15,0,457.3757050435917
-5.0,b2489,1,30,0.35343632816628134,0.3534363281662828,-1.4432899320127035e-15,0,457.3757050435917
-5.0,b2488,1,30,0.35343632816628134,0.3534363281662828,-1.4432899320127035e-15,0,457.3757050435917
-5.0,b2747,1,416,0.35343632816628134,6.158696559309197e-12,0.35343632816012266,1,1965.289972081193
-5.0,b3213,2,416,0.35343632816628134,-1.3903697102865357e-14,0.3534363281662952,1,1965.2899721133979
-5.0,b1761,1,414,0.35343632816628134,0.32911553022502515,0.02432079794125619,0,495.7121181081224
-5.0,b3212,2,416,0.35343632816628134,-1.9247326514474236e-14,0.3534363281663006,1,1965.2899721134186
-5.0,b0186,1,28,0.35343632816628134,0.3534363281662864,-5.051514762044462e-15,0,457.37551483587566
-5.0,b4131,1,28,0.35343632816628134,0.35343632816627996,1.3877787807814457e-15,0,457.3755148358749
-5.0,b1189,1,28,0.35343632816628134,0.35343632816627996,1.3877787807814457e-15,0,457.3755148358749
-5.0,b2888,2,28,0.35343632816628134,0.35343632816627996,1.3877787807814457e-15,0,457.3755148358749
-5.0,b2882,1,28,0.35343632816628134,0.35343632816627996,1.3877787807814457e-15,0,457.3755148358749
-5.0,b3451,7,28,0.35343632816628134,0.35343632816627996,1.3877787807814457e-15,0,457.3755148358749
-5.0,b3450,7,28,0.35343632816628134,0.35343632816627996,1.3877787807814457e-15,0,457.3755148358749
-5.0,b3453,7,28,0.35343632816628134,0.35343632816627996,1.3877787807814457e-15,0,457.3755148358749
-5.0,b3452,7,28,0.35343632816628134,0.35343632816627996,1.3877787807814457e-15,0,457.3755148358749
-5.0,b2536,1,28,0.35343632816628134,0.35343632816627996,1.3877787807814457e-15,0,457.3755148358749
-5.0,b0212,1,28,0.35343632816628134,0.35343632816627996,1.3877787807814457e-15,0,457.3755148358749
-5.0,b3779,1,28,0.35343632816628134,0.35343632816627996,1.3877787807814457e-15,0,457.3755148358749
-5.0,b2868,2,28,0.35343632816628134,0.35343632816627996,1.3877787807814457e-15,0,457.3755148358749
-5.0,b2867,2,28,0.35343632816628134,0.35343632816627996,1.3877787807814457e-15,0,457.3755148358749
-5.0,b2866,2,28,0.35343632816628134,0.35343632816627996,1.3877787807814457e-15,0,457.3755148358749
-5.0,b4311,1,28,0.35343632816628134,0.35343632816627996,1.3877787807814457e-15,0,457.3755148358749
-5.0,b1991,1,28,0.35343632816628134,0.35343632816627996,1.3877787807814457e-15,0,457.3755148358749
-5.0,b3502,1,28,0.35343632816628134,0.35343632816627996,1.3877787807814457e-15,0,457.3755148358749
-5.0,b1444,1,28,0.35343632816628134,0.35343632816627996,1.3877787807814457e-15,0,457.3755148358749
-5.0,b2927,1,125,0.35343632816628134,0.35343404335952067,2.284806760677327e-06,0,457.3750042305854
-5.0,b2025,1,416,0.35343632816628134,2.1255380466802465e-16,0.3534363281662811,1,1965.2899721133126
-5.0,b2023,1,416,0.35343632816628134,0.0,0.35343632816628134,1,1965.2899721133322
-5.0,b3640,1,46,0.35343632816628134,0.3534363281662815,-1.6653345369377348e-16,0,457.37705429992866
-5.0,b0425,1,416,0.35343632816628134,1.3084680905318695e-12,0.3534363281649729,1,1965.289972106513
-5.0,b3772,1,416,0.35343632816628134,0.0,0.35343632816628134,1,1965.2899721133315
-5.0,b0931,1,46,0.35343632816628134,0.3534363281662767,4.6629367034256575e-15,0,457.37705429992786
-5.0,b1764,1,46,0.35343632816628134,0.35343632816628273,-1.3877787807814457e-15,0,457.37705429993025
-5.0,b2150,2,46,0.35343632816628134,0.35343632816628273,-1.3877787807814457e-15,0,457.37705429993025
-5.0,b2148,2,46,0.35343632816628134,0.35343632816628273,-1.3877787807814457e-15,0,457.37705429993025
-5.0,b2149,2,46,0.35343632816628134,0.35343632816628273,-1.3877787807814457e-15,0,457.37705429993025
-5.0,b1640,1,46,0.35343632816628134,0.35343632816628273,-1.3877787807814457e-15,0,457.37705429993025
-5.0,b1606,2,416,0.35343632816628134,1.505815314515485e-17,0.35343632816628134,1,1965.2899721133413
-5.0,b0048,1,416,0.35343632816628134,0.0,0.35343632816628134,1,1965.2899721133367
-5.0,b3390,1,416,0.35343632816628134,4.828240824245348e-15,0.3534363281662765,1,1965.28997211331
-5.0,b0388,1,416,0.35343632816628134,4.82824082424535e-15,0.3534363281662765,1,1965.2899721133026
-5.0,b1745,1,46,0.35343632816628134,0.3534363281662818,-4.440892098500626e-16,0,457.3770542999288
-5.0,b0115,1,269,0.35343632816628134,0.35341914007466785,1.718809161349588e-05,0,457.273628373479
-5.0,b0114,1,269,0.35343632816628134,0.35341914007466546,1.718809161588286e-05,0,457.27362837347863
-5.0,b3128,1,46,0.35343632816628134,0.3534363281662743,7.049916206369744e-15,0,457.3770542999267
-5.0,b2255,2,46,0.35343632816628134,0.3534363281662808,5.551115123125783e-16,0,457.37705429992866
-5.0,b0774,1,416,0.35343632816628134,-2.7356465558044805e-16,0.3534363281662816,1,1965.2899721133365
-5.0,b1605,1,46,0.35343632816628134,0.35343632816628107,2.7755575615628914e-16,0,457.3770542999281
-5.0,b2818,1,416,0.35343632816628134,-1.1109565784762361e-15,0.35343632816628245,1,1965.289972113345
-5.0,b1489,3,46,0.35343632816628134,0.3534363281662767,4.6629367034256575e-15,0,457.37705429992786
-5.0,b3032,1,46,0.35343632816628134,0.3534363281662808,5.551115123125783e-16,0,457.37705429992866
-5.0,b0334,1,46,0.35343632816628134,0.3534363281662808,5.551115123125783e-16,0,457.37705429992866
-5.0,b0092,1,416,0.35343632816628134,2.888846204023847e-17,0.3534363281662813,1,1965.2899721133358
-5.0,b0381,1,416,0.35343632816628134,0.0,0.35343632816628134,1,1965.2899721133344
-5.0,b2715,2,46,0.35343632816628134,0.35343632816627524,6.106226635438361e-15,0,457.3770542999266
-5.0,b1738,2,46,0.35343632816628134,0.35343632816627857,2.7755575615628914e-15,0,457.37705429992843
-5.0,b1736,2,46,0.35343632816628134,0.35343632816627857,2.7755575615628914e-15,0,457.37705429992843
-5.0,b1737,2,46,0.35343632816628134,0.35343632816627857,2.7755575615628914e-15,0,457.37705429992843
-5.0,b2224,1,461,0.35343632816628134,0.34505929763687293,0.008377030529408414,0,465.3022698520945
-5.0,b0842,2,46,0.35343632816628134,0.3534363281662646,1.6764367671839864e-14,0,457.3770542999234
-5.0,b0047,1,46,0.35343632816628134,0.35343632816628817,-6.827871601444713e-15,0,457.3770542999313
-5.0,b3350,1,46,0.35343632816628134,0.35343632816628817,-6.827871601444713e-15,0,457.3770542999313
-5.0,b1216,3,46,0.35343632816628134,0.35343632816628817,-6.827871601444713e-15,0,457.3770542999313
-5.0,b0728,1,25,0.35343632816628134,0.3534363281662881,-6.772360450213455e-15,0,457.27224042054013
-5.0,b0729,1,25,0.35343632816628134,0.35343632816627546,5.88418203051333e-15,0,457.27224042053615
-5.0,b0650,1,25,0.35343632816628134,0.35343632816627546,5.88418203051333e-15,0,457.27224042053615
-5.0,b0757,1,25,0.35343632816628134,0.35343632816627546,5.88418203051333e-15,0,457.27224042053615
-5.0,b0133,1,416,0.35343632816628134,1.309753894982994e-12,0.3534363281649716,1,1965.2899721064896
-5.0,b2165,1,25,0.35343632816628134,0.35343632816628234,-9.992007221626409e-16,0,457.2722404205382
-5.0,b3389,1,416,0.35343632816628134,5.194855238430503e-15,0.3534363281662761,1,1965.2899721132953
-5.0,b2366,1,25,0.35343632816628134,0.3534363281662795,1.8318679906315083e-15,0,457.27224042053734
-5.0,b1723,1,28,0.35343632816628134,0.35343632816628545,-4.107825191113079e-15,0,561.9259510516217
-5.0,b3612,1,436,0.35343632816628134,0.1969467444333946,0.15648958373288674,0,2113.9695795071875
-5.0,b0755,1,436,0.35343632816628134,0.19694674443341154,0.1564895837328698,0,2113.9695795072485
-5.0,b3919,1,434,0.35343632816628134,0.27963959924024734,0.073796728926034,0,1613.9899788632613
-5.0,b2914,1,427,0.35343632816628134,0.2264137101127284,0.12702261805355294,0,1335.3646993110206
-5.0,b2320,1,136,0.35343632816628134,0.35343404335952816,2.2848067531833216e-06,0,200.11119300758375
-5.0,b1107,3,36,0.35343632816628134,0.35343632816628656,-5.218048215738236e-15,0,200.11119339553983
-5.0,b1539,4,36,0.35343632816628134,0.35343632816629816,-1.6819878823071122e-14,0,200.11119339553983
-5.0,b3823,1,36,0.35343632816628134,0.35343632816629816,-1.6819878823071122e-14,0,200.11119339553983
-5.0,b0813,2,36,0.35343632816628134,0.35343632816629816,-1.6819878823071122e-14,0,200.11119339553983
-5.0,b2919,1,36,0.35343632816628134,0.35343632816629816,-1.6819878823071122e-14,0,200.11119339553983
-5.0,b3870,1,420,0.35343632816628134,1.2899613013287478e-13,0.35343632816615234,1,1503.6442119299095
-5.0,b2947,1,36,0.35343632816628134,0.3534363281663239,-4.2577052994374753e-14,0,200.11119339553983
-5.0,b2253,1,36,0.35343632816628134,0.3534363281662753,6.050715484207103e-15,0,200.11119339553983
-5.0,b2254,1,36,0.35343632816628134,0.3534363281662753,6.050715484207103e-15,0,200.11119339553983
-5.0,b2256,1,36,0.35343632816628134,0.3534363281662753,6.050715484207103e-15,0,200.11119339553983
-5.0,b2258,1,36,0.35343632816628134,0.3534363281662753,6.050715484207103e-15,0,200.11119339553983
-5.0,b4544,1,36,0.35343632816628134,0.3534363281662753,6.050715484207103e-15,0,200.11119339553983
-5.0,b3621,1,36,0.35343632816628134,0.3534363281662753,6.050715484207103e-15,0,200.11119339553983
-5.0,b3001,1,36,0.35343632816628134,0.3534363281662753,6.050715484207103e-15,0,200.11119339553983
-5.0,b1781,1,36,0.35343632816628134,0.3534363281662753,6.050715484207103e-15,0,200.11119339553983
-5.0,b3620,1,36,0.35343632816628134,0.3534363281662753,6.050715484207103e-15,0,200.11119339553983
-5.0,b3624,1,36,0.35343632816628134,0.3534363281662753,6.050715484207103e-15,0,200.11119339553983
-5.0,b3629,1,36,0.35343632816628134,0.3534363281662753,6.050715484207103e-15,0,200.11119339553983
-5.0,b3628,1,36,0.35343632816628134,0.3534363281662753,6.050715484207103e-15,0,200.11119339553983
-5.0,b3627,1,36,0.35343632816628134,0.3534363281662753,6.050715484207103e-15,0,200.11119339553983
-5.0,b3850,2,413,0.35343632816628134,-4.530468824464312e-16,0.3534363281662818,1,1619.9908538243485
-5.0,b3630,1,36,0.35343632816628134,0.35343632816628046,8.881784197001252e-16,0,200.11119339553983
-5.0,b3632,1,36,0.35343632816628134,0.35343632816628434,-2.9976021664879227e-15,0,200.11119339553983
-5.0,b3625,1,36,0.35343632816628134,0.35343632816628434,-2.9976021664879227e-15,0,200.11119339553983
-5.0,b2810,1,36,0.35343632816628134,0.35343632816628434,-2.9976021664879227e-15,0,200.11119339553983
-5.0,b1680,5,36,0.35343632816628134,0.35343632816628434,-2.9976021664879227e-15,0,200.11119339553983
-5.0,b3867,1,36,0.35343632816628134,0.35343632816628434,-2.9976021664879227e-15,0,200.11119339553983
-5.0,b3824,1,36,0.35343632816628134,0.35343632816628434,-2.9976021664879227e-15,0,200.11119339553983
-5.0,b2133,1,36,0.35343632816628134,0.35343632816628434,-2.9976021664879227e-15,0,200.11119339553983
-5.0,b2260,1,36,0.35343632816628134,0.35343632816628434,-2.9976021664879227e-15,0,200.11119339553983
-5.0,b1919,1,36,0.35343632816628134,0.35343632816628434,-2.9976021664879227e-15,0,200.11119339553983
-5.0,b2578,2,36,0.35343632816628134,0.35343632816628434,-2.9976021664879227e-15,0,200.11119339553983
-5.0,b1533,3,36,0.35343632816628134,0.35343632816628434,-2.9976021664879227e-15,0,200.11119339553983
-5.0,b4394,3,36,0.35343632816628134,0.35343632816628434,-2.9976021664879227e-15,0,200.11119339553983
-5.0,b2499,1,413,0.35343632816628134,2.186369705620837e-14,0.3534363281662595,1,1619.990853824256
-5.0,b3825,35,36,0.35343632816628134,0.35343632816628723,-5.88418203051333e-15,0,200.11119339553983
-5.0,b2835,21,36,0.35343632816628134,0.35343632816628556,-4.218847493575595e-15,0,200.11119339553983
-5.0,b3029,2,36,0.35343632816628134,0.35343632816628556,-4.218847493575595e-15,0,200.11119339553983
-5.0,b2889,1,33,0.35343632816628134,0.35343632816628556,-4.218847493575595e-15,0,200.11119172552594
-5.0,b3821,42,33,0.35343632816628134,0.35343632816628334,-1.9984014443252818e-15,0,200.11119172552594
-5.0,b2146,1,33,0.35343632816628134,0.35343632816628334,-1.9984014443252818e-15,0,200.11119172552594
-5.0,b2147,1,33,0.35343632816628134,0.35343632816628334,-1.9984014443252818e-15,0,200.11119172552594
-5.0,b4478,1,33,0.35343632816628134,0.35343632816628334,-1.9984014443252818e-15,0,200.11119172552594
-5.0,b1380,1,33,0.35343632816628134,0.35343632816628334,-1.9984014443252818e-15,0,200.11119172552594
-5.0,b0693,1,33,0.35343632816628134,0.35343632816628334,-1.9984014443252818e-15,0,200.11119172552594
-5.0,b2965,1,33,0.35343632816628134,0.35343632816628334,-1.9984014443252818e-15,0,200.11119172552594
-5.0,b0954,13,33,0.35343632816628134,0.35343632816628334,-1.9984014443252818e-15,0,200.11119172552594
-5.0,b1288,26,413,0.35343632816628134,-1.7032096599488983e-16,0.3534363281662815,1,1619.9908538243724
-5.0,b0175,7,413,0.35343632816628134,0.0,0.35343632816628134,1,1619.9908538243735
-5.0,b3918,7,33,0.35343632816628134,0.35343632816628495,-3.608224830031759e-15,0,200.11119172552594
-5.0,b1912,7,33,0.35343632816628134,0.353436328166282,-6.661338147750939e-16,0,200.11119172552594
-5.0,b2585,7,413,0.35343632816628134,-2.0434507488564412e-16,0.35343632816628157,1,1619.9908538243683
-5.0,b1093,14,418,0.35343632816628134,0.0,0.35343632816628134,1,1434.2869599157873
-5.0,b1661,4,33,0.35343632816628134,0.35343632816627346,7.882583474838611e-15,0,200.11119172552594
-5.0,b2497,1,33,0.35343632816628134,0.35343632816628046,8.881784197001252e-16,0,200.11119172552594
-5.0,b1006,1,33,0.35343632816628134,0.35343632816628046,8.881784197001252e-16,0,200.11119172552594
-5.0,b1488,1,33,0.35343632816628134,0.35343632816628046,8.881784197001252e-16,0,200.11119172552594
-5.0,b3543,3,33,0.35343632816628134,0.35343632816628046,8.881784197001252e-16,0,200.11119172552594
-5.0,b3542,3,33,0.35343632816628134,0.35343632816628046,8.881784197001252e-16,0,200.11119172552594
-5.0,b3541,3,33,0.35343632816628134,0.35343632816628046,8.881784197001252e-16,0,200.11119172552594
-5.0,b3540,3,33,0.35343632816628134,0.35343632816628046,8.881784197001252e-16,0,200.11119172552594
-5.0,b3544,3,33,0.35343632816628134,0.35343632816628046,8.881784197001252e-16,0,200.11119172552594
-5.0,b1484,1,33,0.35343632816628134,0.35343632816628046,8.881784197001252e-16,0,200.11119172552594
-5.0,b1485,1,33,0.35343632816628134,0.35343632816628046,8.881784197001252e-16,0,200.11119172552594
-5.0,b1486,1,33,0.35343632816628134,0.35343632816628046,8.881784197001252e-16,0,200.11119172552594
-5.0,b1487,1,33,0.35343632816628134,0.35343632816628046,8.881784197001252e-16,0,200.11119172552594
-5.0,b1483,1,33,0.35343632816628134,0.35343632816628046,8.881784197001252e-16,0,200.11119172552594
-5.0,b0829,1,33,0.35343632816628134,0.35343632816628046,8.881784197001252e-16,0,200.11119172552594
-5.0,b0832,1,33,0.35343632816628134,0.35343632816628046,8.881784197001252e-16,0,200.11119172552594
-5.0,b0830,1,33,0.35343632816628134,0.35343632816628046,8.881784197001252e-16,0,200.11119172552594
-5.0,b0831,1,33,0.35343632816628134,0.35343632816628046,8.881784197001252e-16,0,200.11119172552594
-5.0,b0789,7,33,0.35343632816628134,0.35343632816628046,8.881784197001252e-16,0,200.11119172552594
-5.0,b1249,7,33,0.35343632816628134,0.35343632816628046,8.881784197001252e-16,0,200.11119172552594
-5.0,b1677,2,33,0.35343632816628134,0.35343632816628046,8.881784197001252e-16,0,200.11119172552594
-5.0,b0657,2,33,0.35343632816628134,0.35343632816628046,8.881784197001252e-16,0,200.11119172552594
-5.0,b0418,14,33,0.35343632816628134,0.35343632816628046,8.881784197001252e-16,0,200.11119172552594
-5.0,b0508,1,33,0.35343632816628134,0.35343632816628046,8.881784197001252e-16,0,200.11119172552594
-5.0,b0613,1,33,0.35343632816628134,0.35343632816628046,8.881784197001252e-16,0,200.11119172552594
-5.0,b1301,1,33,0.35343632816628134,0.35343632816628046,8.881784197001252e-16,0,200.11119172552594
-5.0,b0805,1,33,0.35343632816628134,0.35343632816628046,8.881784197001252e-16,0,200.11119172552594
-5.0,b2155,1,33,0.35343632816628134,0.35343632816628046,8.881784197001252e-16,0,200.11119172552594
-5.0,b0576,1,33,0.35343632816628134,0.35343632816628046,8.881784197001252e-16,0,200.11119172552594
-5.0,b0594,1,33,0.35343632816628134,0.35343632816628046,8.881784197001252e-16,0,200.11119172552594
-5.0,b3182,9,33,0.35343632816628134,0.35343632816628046,8.881784197001252e-16,0,200.11119172552594
-5.0,b2010,5,33,0.35343632816628134,0.35343632816628046,8.881784197001252e-16,0,200.11119172552594
-5.0,b0839,5,33,0.35343632816628134,0.35343632816628046,8.881784197001252e-16,0,200.11119172552594
-5.0,b2430,5,33,0.35343632816628134,0.35343632816628046,8.881784197001252e-16,0,200.11119172552594
-5.0,b0632,5,33,0.35343632816628134,0.35343632816628046,8.881784197001252e-16,0,200.11119172552594
-5.0,b0376,9,33,0.35343632816628134,0.35343632816628046,8.881784197001252e-16,0,200.11119172552594
-5.0,b3833,2,33,0.35343632816628134,0.35343632816628046,8.881784197001252e-16,0,200.11119172552594
-5.0,b0514,1,33,0.35343632816628134,0.35343632816628046,8.881784197001252e-16,0,200.11119172552594
-5.0,b2519,2,413,0.35343632816628134,2.9879457109761996e-16,0.35343632816628107,1,1619.9908538243528
-5.0,b3396,4,413,0.35343632816628134,0.0,0.35343632816628134,1,1619.9908538243617
-5.0,b1069,2,413,0.35343632816628134,0.0,0.35343632816628134,1,1619.9908538243617
-5.0,b0089,2,413,0.35343632816628134,0.0,0.35343632816628134,1,1619.9908538243617
-5.0,b3208,2,413,0.35343632816628134,0.0,0.35343632816628134,1,1619.9908538243617
-5.0,b0149,4,413,0.35343632816628134,0.0,0.35343632816628134,1,1619.9908538243617
-5.0,b0084,2,413,0.35343632816628134,0.0,0.35343632816628134,1,1619.9908538243617
-5.0,b0635,2,413,0.35343632816628134,0.0,0.35343632816628134,1,1619.9908538243526
-5.0,b0925,6,33,0.35343632816628134,0.35343632816627324,8.104628079763643e-15,0,200.11119172552594
-5.0,b1678,6,33,0.35343632816628134,0.3534363281662717,9.658940314238862e-15,0,200.11119172552594
-5.0,b0355,1,33,0.35343632816628134,0.3534363281662717,9.658940314238862e-15,0,200.11119172552594
-5.0,b2154,1,33,0.35343632816628134,0.3534363281662717,9.658940314238862e-15,0,200.11119172552594
-5.0,b2893,2,33,0.35343632816628134,0.3534363281662717,9.658940314238862e-15,0,200.11119172552594
-5.0,b0604,2,33,0.35343632816628134,0.3534363281662717,9.658940314238862e-15,0,200.11119172552594
-5.0,b3930,1,33,0.35343632816628134,0.3534363281662717,9.658940314238862e-15,0,200.11119172552594
-5.0,b3994,1,413,0.35343632816628134,6.918300061382036e-16,0.3534363281662807,1,1619.99085382436
-5.0,b1710,2,33,0.35343632816628134,0.3534363281662749,6.439293542825908e-15,0,200.11119172552594
-5.0,b2480,1,33,0.35343632816628134,0.35343632816628606,-4.718447854656915e-15,0,200.11119172552594
-5.0,b0429,1,429,0.35343632816628134,0.309955759986382,0.04348056817989937,0,430.6957855706344
-5.0,b0432,1,429,0.35343632816628134,0.30995575998640645,0.04348056817987489,0,430.6957855706473
-5.0,b0430,1,429,0.35343632816628134,0.30995575998640645,0.04348056817987489,0,430.6957855706473
-5.0,b0431,1,429,0.35343632816628134,0.30995575998640645,0.04348056817987489,0,430.6957855706473
-5.0,b4041,7,30,0.35343632816628134,0.3534363281662815,-1.6653345369377348e-16,0,200.07077834595933
-5.0,b0180,14,421,0.35343632816628134,0.0,0.35343632816628134,1,1414.0501531996913
-5.0,b2413,1,321,0.35343632816628134,0.35285675615044515,0.0005795720158361939,0,200.08732476972065
-5.0,b3018,7,413,0.35343632816628134,0.0,0.35343632816628134,1,1619.9908538243576
-5.0,b4042,7,12,0.35343632816628134,0.35343632816628795,-6.6058269965196814e-15,0,200.06923888190582
-5.0,b4160,7,413,0.35343632816628134,6.285359419213836e-34,0.35343632816628134,1,1619.990853824332
-5.0,b0722,1,87,0.35343632816628134,0.3534350118373408,1.3163289405704326e-06,0,200.11048429937065
-5.0,b0723,1,87,0.35343632816628134,0.3534350118373422,1.3163289391271427e-06,0,200.11048429937065
-5.0,b0721,1,87,0.35343632816628134,0.3534350118373422,1.3163289391271427e-06,0,200.11048429937065
-5.0,b0724,1,87,0.35343632816628134,0.3534350118373422,1.3163289391271427e-06,0,200.11048429937065
-5.0,b0494,21,17,0.35343632816628134,0.35343632816627774,3.608224830031759e-15,0,200.11043642037436
-5.0,b0118,3,413,0.35343632816628134,-1.4995699473965396e-16,0.3534363281662815,1,1619.9908538243508
-5.0,b1276,2,413,0.35343632816628134,7.676113268494466e-31,0.35343632816628134,1,1619.990853824361
-5.0,b3447,1,17,0.35343632816628134,0.3534363281662753,6.050715484207103e-15,0,200.11043642037436
-5.0,b1990,5,17,0.35343632816628134,0.35343632816627835,2.9976021664879227e-15,0,200.11043642037436
-5.0,b0819,5,17,0.35343632816628134,0.35343632816627835,2.9976021664879227e-15,0,200.11043642037436
-5.0,b1113,5,17,0.35343632816628134,0.35343632816627835,2.9976021664879227e-15,0,200.11043642037436
-5.0,b1097,4,17,0.35343632816628134,0.35343632816627835,2.9976021664879227e-15,0,200.11043642037436
-5.0,b2813,4,17,0.35343632816628134,0.35343632816627835,2.9976021664879227e-15,0,200.11043642037436
-5.0,b2701,4,17,0.35343632816628134,0.35343632816627835,2.9976021664879227e-15,0,200.11043642037436
-5.0,b0211,4,17,0.35343632816628134,0.35343632816627835,2.9976021664879227e-15,0,200.11043642037436
-5.0,b4392,4,17,0.35343632816628134,0.35343632816627835,2.9976021664879227e-15,0,200.11043642037436
-5.0,b2558,4,17,0.35343632816628134,0.35343632816627835,2.9976021664879227e-15,0,200.11043642037436
-5.0,b1193,4,17,0.35343632816628134,0.35343632816627835,2.9976021664879227e-15,0,200.11043642037436
-5.0,b2963,4,17,0.35343632816628134,0.35343632816627835,2.9976021664879227e-15,0,200.11043642037436
-5.0,b3546,2,17,0.35343632816628134,0.35343632816627835,2.9976021664879227e-15,0,200.11043642037436
-5.0,b2328,6,17,0.35343632816628134,0.35343632816627835,2.9976021664879227e-15,0,200.11043642037436
-5.0,b2134,4,17,0.35343632816628134,0.35343632816627835,2.9976021664879227e-15,0,200.11043642037436
-5.0,b1655,4,17,0.35343632816628134,0.35343632816627835,2.9976021664879227e-15,0,200.11043642037436
-5.0,b1856,4,17,0.35343632816628134,0.35343632816627835,2.9976021664879227e-15,0,200.11043642037436
-5.0,b3860,2,17,0.35343632816628134,0.35343632816627835,2.9976021664879227e-15,0,200.11043642037436
-5.0,b1185,2,17,0.35343632816628134,0.35343632816627835,2.9976021664879227e-15,0,200.11043642037436
-5.0,b4136,3,17,0.35343632816628134,0.35343632816627835,2.9976021664879227e-15,0,200.11043642037436
-5.0,b0605,1,17,0.35343632816628134,0.35343632816627835,2.9976021664879227e-15,0,200.11043642037436
-5.0,b0606,1,17,0.35343632816628134,0.35343632816627835,2.9976021664879227e-15,0,200.11043642037436
-5.0,b0221,8,448,0.35343632816628134,0.34505929763687243,0.008377030529408913,0,204.37494342830033
-5.0,b2283,3,422,0.35343632816628134,0.2888611651433375,0.06457516302294386,0,1374.4091437402592
-5.0,b2282,3,422,0.35343632816628134,0.28886116514335475,0.0645751630229266,0,1374.4091437402758
-5.0,b2281,3,422,0.35343632816628134,0.28886116514335475,0.0645751630229266,0,1374.4091437402758
-5.0,b2288,3,422,0.35343632816628134,0.28886116514335475,0.0645751630229266,0,1374.4091437402758
-5.0,b2276,3,422,0.35343632816628134,0.28886116514335475,0.0645751630229266,0,1374.4091437402758
-5.0,b2277,3,422,0.35343632816628134,0.28886116514335475,0.0645751630229266,0,1374.4091437402758
-5.0,b2285,3,422,0.35343632816628134,0.28886116514335475,0.0645751630229266,0,1374.4091437402758
-5.0,b2284,3,422,0.35343632816628134,0.28886116514335475,0.0645751630229266,0,1374.4091437402758
-5.0,b2278,3,422,0.35343632816628134,0.28886116514335475,0.0645751630229266,0,1374.4091437402758
-5.0,b2279,3,422,0.35343632816628134,0.28886116514335475,0.0645751630229266,0,1374.4091437402758
-5.0,b2280,3,422,0.35343632816628134,0.28886116514335475,0.0645751630229266,0,1374.4091437402758
-5.0,b2287,3,422,0.35343632816628134,0.28886116514335475,0.0645751630229266,0,1374.4091437402758
-5.0,b2286,3,422,0.35343632816628134,0.28886116514335475,0.0645751630229266,0,1374.4091437402758
-5.0,b1801,3,17,0.35343632816628134,0.3534363281662945,-1.3156142841808105e-14,0,200.11043642037436
-5.0,b4208,5,265,0.35343632816628134,0.3534043010470814,3.202711919991774e-05,0,200.1123660535458
-5.0,b0007,2,17,0.35343632816628134,0.3534363281662802,1.1657341758564144e-15,0,200.11043642037436
-5.0,b2923,2,17,0.35343632816628134,0.35343632816627674,4.6074255521944e-15,0,200.11043642037436
-5.0,b0874,1,17,0.35343632816628134,0.35343632816627674,4.6074255521944e-15,0,200.11043642037436
-5.0,b0037,3,17,0.35343632816628134,0.35343632816627674,4.6074255521944e-15,0,200.11043642037436
-5.0,b1734,2,17,0.35343632816628134,0.35343632816627674,4.6074255521944e-15,0,200.11043642037436
-5.0,b2467,1,17,0.35343632816628134,0.35343632816627674,4.6074255521944e-15,0,200.11043642037436
-5.0,b0404,7,17,0.35343632816628134,0.35343632816627674,4.6074255521944e-15,0,200.11043642037436
-5.0,b0314,1,17,0.35343632816628134,0.35343632816627674,4.6074255521944e-15,0,200.11043642037436
-5.0,b4474,1,17,0.35343632816628134,0.35343632816627674,4.6074255521944e-15,0,200.11043642037436
-5.0,b3370,2,17,0.35343632816628134,0.35343632816627674,4.6074255521944e-15,0,200.11043642037436
-5.0,b3040,6,413,0.35343632816628134,-2.9325408983610057e-15,0.3534363281662843,1,1619.9908538243326
-5.0,b3816,3,413,0.35343632816628134,0.0,0.35343632816628134,1,1619.9908538243735
-5.0,b2373,1,17,0.35343632816628134,0.3534363281662814,-5.551115123125783e-17,0,200.11043642037436
-5.0,b4233,2,17,0.35343632816628134,0.35343632816628057,7.771561172376096e-16,0,200.11043642037436
-5.0,b3196,1,413,0.35343632816628134,0.0,0.35343632816628134,1,1619.990853824352
-5.0,b3691,1,17,0.35343632816628134,0.3534363281662734,7.93809462606987e-15,0,200.11043642037436
-5.0,b2843,1,17,0.35343632816628134,0.35343632816628145,-1.1102230246251565e-16,0,200.11043642037436
-5.0,b2156,1,17,0.35343632816628134,0.35343632816628145,-1.1102230246251565e-16,0,200.11043642037436
-5.0,b4130,3,17,0.35343632816628134,0.35343632816628145,-1.1102230246251565e-16,0,200.11043642037436
-5.0,b4356,1,17,0.35343632816628134,0.35343632816628145,-1.1102230246251565e-16,0,200.11043642037436
-5.0,b4358,1,17,0.35343632816628134,0.35343632816628145,-1.1102230246251565e-16,0,200.11043642037436
-5.0,b3431,1,17,0.35343632816628134,0.35343632816628145,-1.1102230246251565e-16,0,200.11043642037436
-5.0,b0155,1,94,0.35343632816628134,0.35343432831839394,1.9998478874017067e-06,0,200.11043974964883
-5.0,b1378,1,310,0.35343632816628134,0.35326926428056954,0.00016706388571180453,0,200.11785115567912
-5.0,b0684,7,413,0.35343632816628134,6.15850929788495e-12,0.3534363281601228,1,1619.9908537917804
-5.0,b2895,7,413,0.35343632816628134,6.1584181397801674e-12,0.35343632816012294,1,1619.9908537918095
-5.0,b0777,1,413,0.35343632816628134,0.0,0.35343632816628134,1,1619.9908538243722
-5.0,b3199,9,415,0.35343632816628134,1.5267277525050569e-15,0.3534363281662798,1,1423.7700266706534
-5.0,b0641,9,415,0.35343632816628134,0.0,0.35343632816628134,1,1423.7700266706524
-5.0,b3200,9,415,0.35343632816628134,0.0,0.35343632816628134,1,1423.7700266706524
-5.0,b3201,9,415,0.35343632816628134,0.0,0.35343632816628134,1,1423.7700266706524
-5.0,b0054,9,415,0.35343632816628134,0.0,0.35343632816628134,1,1423.7700266706524
-5.0,b4262,9,415,0.35343632816628134,0.0,0.35343632816628134,1,1423.7700266706524
-5.0,b4261,9,415,0.35343632816628134,0.0,0.35343632816628134,1,1423.7700266706524
-5.0,b1535,1,17,0.35343632816628134,0.3534363281662833,-1.942890293094024e-15,0,200.11043642037436
-5.0,b1490,1,17,0.35343632816628134,0.35343632816627724,4.107825191113079e-15,0,200.11043642037436
-5.0,b1794,1,17,0.35343632816628134,0.35343632816627724,4.107825191113079e-15,0,200.11043642037436
-5.0,b1341,1,17,0.35343632816628134,0.35343632816627724,4.107825191113079e-15,0,200.11043642037436
-5.0,b1025,1,17,0.35343632816628134,0.35343632816627724,4.107825191113079e-15,0,200.11043642037436
-5.0,b1285,2,17,0.35343632816628134,0.35343632816627724,4.107825191113079e-15,0,200.11043642037436
-5.0,b3525,1,17,0.35343632816628134,0.35343632816627724,4.107825191113079e-15,0,200.11043642037436
-5.0,b0315,1,17,0.35343632816628134,0.35343632816627724,4.107825191113079e-15,0,200.11043642037436
-5.0,b2503,1,17,0.35343632816628134,0.35343632816627724,4.107825191113079e-15,0,200.11043642037436
-5.0,b0009,1,17,0.35343632816628134,0.35343632816627724,4.107825191113079e-15,0,200.11043642037436
-5.0,b0784,2,17,0.35343632816628134,0.35343632816627724,4.107825191113079e-15,0,200.11043642037436
-5.0,b2530,6,419,0.35343632816628134,0.0,0.35343632816628134,1,1731.8046452432634
-5.0,b2470,7,17,0.35343632816628134,0.3534363281662807,6.661338147750939e-16,0,200.11043642037436
-5.0,b0463,7,17,0.35343632816628134,0.3534363281662806,7.216449660063518e-16,0,200.11043642037436
-5.0,b0462,7,17,0.35343632816628134,0.3534363281662806,7.216449660063518e-16,0,200.11043642037436
-5.0,b1394,2,17,0.35343632816628134,0.3534363281662806,7.216449660063518e-16,0,200.11043642037436
-5.0,b1090,7,17,0.35343632816628134,0.3534363281662806,7.216449660063518e-16,0,200.10984246918727
-5.0,b3059,7,17,0.35343632816628134,0.3534363281663033,-2.19824158875781e-14,0,200.1098424691873
-5.0,b2529,6,96,0.35343632816628134,0.35343464375881484,1.6844074665067765e-06,0,200.10984204662265
-5.0,b1684,2,17,0.35343632816628134,0.35343632816629045,-9.103828801926284e-15,0,200.10984246918727
-5.0,b1682,6,17,0.35343632816628134,0.3534363281663033,-2.19824158875781e-14,0,200.1098424691873
-5.0,b1683,6,17,0.35343632816628134,0.3534363281663033,-2.19824158875781e-14,0,200.1098424691873
-5.0,b1681,6,17,0.35343632816628134,0.3534363281663033,-2.19824158875781e-14,0,200.1098424691873
-5.0,b0827,4,17,0.35343632816628134,0.3534363281663033,-2.19824158875781e-14,0,200.1098424691873
-5.0,b3857,5,17,0.35343632816628134,0.3534363281663033,-2.19824158875781e-14,0,200.1098424691873
-5.0,b3856,5,17,0.35343632816628134,0.3534363281663033,-2.19824158875781e-14,0,200.1098424691873
-5.0,b3058,2,413,0.35343632816628134,-1.4478492460821872e-15,0.3534363281662828,1,1619.9908538244258
-5.0,b0709,2,17,0.35343632816628134,0.3534363281662781,3.219646771412954e-15,0,200.10984246918727
-5.0,b3496,2,17,0.35343632816628134,0.35343632816627496,6.38378239159465e-15,0,200.10984246918727
-5.0,b1634,2,17,0.35343632816628134,0.35343632816627496,6.38378239159465e-15,0,200.10984246918727
-5.0,b2528,2,96,0.35343632816628134,0.3534346437587889,1.6844074924304842e-06,0,200.10984204662262
-5.0,b1679,4,17,0.35343632816628134,0.35343632816628245,-1.1102230246251565e-15,0,200.10984246918727
-5.0,b0775,1,413,0.35343632816628134,-6.104924159858348e-16,0.35343632816628195,1,1619.9908538243608
-5.0,b1009,1,17,0.35343632816628134,0.3534363281662743,7.049916206369744e-15,0,200.10984246918727
-5.0,b0444,1,17,0.35343632816628134,0.35343632816629517,-1.3822276656583199e-14,0,200.10984246918727
-5.0,b2794,1,17,0.35343632816628134,0.35343632816629517,-1.3822276656583199e-14,0,200.10984246918727
-5.0,b1008,1,17,0.35343632816628134,0.35343632816629517,-1.3822276656583199e-14,0,200.10984246918727
-5.0,b2765,1,17,0.35343632816628134,0.35343632816629517,-1.3822276656583199e-14,0,200.10984246918727
-5.0,b2263,1,17,0.35343632816628134,0.35343632816629517,-1.3822276656583199e-14,0,200.10984246918727
-5.0,b1011,1,17,0.35343632816628134,0.35343632816629517,-1.3822276656583199e-14,0,200.10984246918727
-5.0,b1010,1,17,0.35343632816628134,0.35343632816629517,-1.3822276656583199e-14,0,200.10984246918727
-5.0,b0968,7,17,0.35343632816628134,0.35343632816629517,-1.3822276656583199e-14,0,200.10984246918727
-5.0,b2264,1,17,0.35343632816628134,0.35343632816629517,-1.3822276656583199e-14,0,200.10984246918727
-5.0,b2262,1,17,0.35343632816628134,0.35343632816629517,-1.3822276656583199e-14,0,200.10984246918727
-5.0,b1686,1,17,0.35343632816628134,0.35343632816629517,-1.3822276656583199e-14,0,200.10984246918727
-5.0,b3991,1,413,0.35343632816628134,-2.2277076024709483e-15,0.35343632816628356,1,1619.9908538243903
-5.0,b4407,1,413,0.35343632816628134,0.0,0.35343632816628134,1,1619.99085382437
-5.0,b3990,1,413,0.35343632816628134,0.0,0.35343632816628134,1,1619.9908538243676
-5.0,b0423,1,413,0.35343632816628134,0.0,0.35343632816628134,1,1619.9908538243676
-5.0,b3992,1,413,0.35343632816628134,0.0,0.35343632816628134,1,1619.9908538243676
-5.0,b2877,1,17,0.35343632816628134,0.35343632816627946,1.887379141862766e-15,0,200.10984246918727
-5.0,b2374,1,17,0.35343632816628134,0.35343632816627496,6.38378239159465e-15,0,200.10984246918727
-5.0,b1389,1,17,0.35343632816628134,0.35343632816627496,6.38378239159465e-15,0,200.10984246918727
-5.0,b1388,1,17,0.35343632816628134,0.35343632816627496,6.38378239159465e-15,0,200.10984246918727
-5.0,b1390,1,17,0.35343632816628134,0.35343632816627496,6.38378239159465e-15,0,200.10984246918727
-5.0,b1391,1,17,0.35343632816628134,0.35343632816627496,6.38378239159465e-15,0,200.10984246918727
-5.0,b1392,1,17,0.35343632816628134,0.35343632816627496,6.38378239159465e-15,0,200.10984246918727
-5.0,b1397,2,17,0.35343632816628134,0.35343632816627496,6.38378239159465e-15,0,200.10984246918727
-5.0,b1395,1,17,0.35343632816628134,0.35343632816627496,6.38378239159465e-15,0,200.10984246918727
-5.0,b1012,1,17,0.35343632816628134,0.35343632816627496,6.38378239159465e-15,0,200.10984246918727
-5.0,b1007,1,17,0.35343632816628134,0.35343632816627496,6.38378239159465e-15,0,200.10984246918727
-5.0,b0785,1,17,0.35343632816628134,0.35343632816627496,6.38378239159465e-15,0,200.10984246918727
-5.0,b3893,2,17,0.35343632816628134,0.35343632816627496,6.38378239159465e-15,0,200.10984246918727
-5.0,b3892,2,17,0.35343632816628134,0.35343632816627496,6.38378239159465e-15,0,200.10984246918727
-5.0,b3894,2,17,0.35343632816628134,0.35343632816627496,6.38378239159465e-15,0,200.10984246918727
-5.0,b1475,2,17,0.35343632816628134,0.35343632816627496,6.38378239159465e-15,0,200.10984246918727
-5.0,b1474,2,17,0.35343632816628134,0.35343632816627496,6.38378239159465e-15,0,200.10984246918727
-5.0,b1476,2,17,0.35343632816628134,0.35343632816627496,6.38378239159465e-15,0,200.10984246918727
-5.0,b0776,1,413,0.35343632816628134,0.0,0.35343632816628134,1,1619.9908538243546
-5.0,b3412,1,421,0.35343632816628134,1.0963259803029091e-16,0.35343632816628123,1,1414.0501531996888
-5.0,b2515,1,421,0.35343632816628134,6.991652092148214e-12,0.3534363281592897,1,1414.0501531510315
-5.0,b4238,4,308,0.35343632816628134,0.3532729324439702,0.00016339572231116595,0,200.11705262975164
-5.0,b3924,5,308,0.35343632816628134,0.35327293244398333,0.0001633957222980098,0,200.11705262975167
-5.0,b4237,4,308,0.35343632816628134,0.35327293244398333,0.0001633957222980098,0,200.11705262975167
-5.0,b4209,1,17,0.35343632816628134,0.3534363281662943,-1.2934098236883074e-14,0,200.10984246918727
-5.0,b1387,1,17,0.35343632816628134,0.3534363281662756,5.717648576819556e-15,0,200.10984246918727
-5.0,b1393,1,17,0.35343632816628134,0.3534363281662756,5.717648576819556e-15,0,200.10984246918727
-5.0,b2912,1,17,0.35343632816628134,0.3534363281662756,5.717648576819556e-15,0,200.10984246918727
-5.0,b2174,1,17,0.35343632816628134,0.3534363281662756,5.717648576819556e-15,0,200.10984246918727
-5.0,b0826,1,17,0.35343632816628134,0.3534363281662756,5.717648576819556e-15,0,200.10984246918727
-5.0,b0781,1,17,0.35343632816628134,0.3534363281662756,5.717648576819556e-15,0,200.10984246918727
-5.0,b0783,1,17,0.35343632816628134,0.3534363281662756,5.717648576819556e-15,0,200.10984246918727
-5.0,b0630,1,17,0.35343632816628134,0.3534363281662756,5.717648576819556e-15,0,200.10984246918727
-5.0,b0628,1,17,0.35343632816628134,0.3534363281662756,5.717648576819556e-15,0,200.10984246918727
-5.0,b4386,3,17,0.35343632816628134,0.3534363281662756,5.717648576819556e-15,0,200.10984246918727
-5.0,b1385,1,17,0.35343632816628134,0.3534363281662756,5.717648576819556e-15,0,200.10984246918727
-5.0,b2917,1,17,0.35343632816628134,0.3534363281662756,5.717648576819556e-15,0,200.10984246918727
-5.0,b3572,1,14,0.35343632816628134,0.3534363281662756,5.717648576819556e-15,0,200.04273714940967
-5.0,b4129,1,14,0.35343632816628134,0.3534363281662623,1.9040324872321435e-14,0,200.04273714940967
-5.0,b3722,1,14,0.35343632816628134,0.3534363281662623,1.9040324872321435e-14,0,200.04273714940967
-5.0,b0681,1,14,0.35343632816628134,0.3534363281662623,1.9040324872321435e-14,0,200.04273714940967
-5.0,b1473,3,14,0.35343632816628134,0.3534363281662623,1.9040324872321435e-14,0,200.04273714940967
-5.0,b3882,2,14,0.35343632816628134,0.3534363281662623,1.9040324872321435e-14,0,200.04273714940967
-5.0,b1600,1,14,0.35343632816628134,0.3534363281662623,1.9040324872321435e-14,0,200.04273714940967
-5.0,b1599,1,14,0.35343632816628134,0.3534363281662623,1.9040324872321435e-14,0,200.04273714940967
-5.0,b2660,1,14,0.35343632816628134,0.3534363281662623,1.9040324872321435e-14,0,200.04273714940967
-5.0,b4167,4,14,0.35343632816628134,0.3534363281662623,1.9040324872321435e-14,0,200.04273714940967
-5.0,b2670,1,14,0.35343632816628134,0.3534363281662623,1.9040324872321435e-14,0,200.04273714940967
-5.0,b3070,3,14,0.35343632816628134,0.3534363281662623,1.9040324872321435e-14,0,200.04273714940967
-5.0,b4297,1,14,0.35343632816628134,0.3534363281662623,1.9040324872321435e-14,0,200.04273714940967
-5.0,b0269,1,14,0.35343632816628134,0.3534363281662623,1.9040324872321435e-14,0,200.04273714940967
-5.0,b4298,1,14,0.35343632816628134,0.3534363281662623,1.9040324872321435e-14,0,200.04273714940967
-5.0,b0268,1,14,0.35343632816628134,0.3534363281662623,1.9040324872321435e-14,0,200.04273714940967
-5.0,b3715,1,14,0.35343632816628134,0.3534363281662623,1.9040324872321435e-14,0,200.04273714940967
-5.0,b0516,1,14,0.35343632816628134,0.3534363281662623,1.9040324872321435e-14,0,200.04273714940967
-5.0,b0515,1,14,0.35343632816628134,0.3534363281662623,1.9040324872321435e-14,0,200.04273714940967
-5.0,b1617,1,14,0.35343632816628134,0.3534363281662623,1.9040324872321435e-14,0,200.04273714940967
-5.0,b1695,1,446,0.35343632816628134,0.3450592976368571,0.008377030529424234,0,204.3108178701637
-5.0,b1771,1,14,0.35343632816628134,0.35343632816628684,-5.495603971894525e-15,0,200.04273714940967
-5.0,b2907,1,14,0.35343632816628134,0.3534363281662776,3.7192471324942744e-15,0,200.04273714940967
-5.0,b0543,2,14,0.35343632816628134,0.3534363281662776,3.7192471324942744e-15,0,200.04273714940967
-5.0,b1601,1,14,0.35343632816628134,0.3534363281662776,3.7192471324942744e-15,0,200.04273714940967
-5.0,b0624,1,14,0.35343632816628134,0.3534363281662776,3.7192471324942744e-15,0,200.04273714940967
-5.0,b3880,1,14,0.35343632816628134,0.3534363281662776,3.7192471324942744e-15,0,200.04273714940967
-5.0,b3881,1,14,0.35343632816628134,0.3534363281662776,3.7192471324942744e-15,0,200.04273714940967
-5.0,b3877,1,14,0.35343632816628134,0.3534363281662776,3.7192471324942744e-15,0,200.04273714940967
-5.0,b3876,1,14,0.35343632816628134,0.3534363281662776,3.7192471324942744e-15,0,200.04273714940967
-5.0,b1511,1,154,0.35343632816628134,0.35343322985249453,3.098313786809026e-06,0,200.04273698018756
-5.0,b2371,1,14,0.35343632816628134,0.3534363281662794,1.942890293094024e-15,0,200.04273714940967
-5.0,b2302,1,14,0.35343632816628134,0.3534363281662776,3.7192471324942744e-15,0,200.04273714940967
-5.0,b2989,1,14,0.35343632816628134,0.3534363281662776,3.7192471324942744e-15,0,200.04273714940967
-5.0,b1619,1,14,0.35343632816628134,0.3534363281662776,3.7192471324942744e-15,0,200.04273714940967
-5.0,b4337,1,14,0.35343632816628134,0.3534363281662776,3.7192471324942744e-15,0,200.04273714940967
-5.0,b1337,1,14,0.35343632816628134,0.3534363281662776,3.7192471324942744e-15,0,200.04273714940967
-5.0,b1338,1,14,0.35343632816628134,0.3534363281662776,3.7192471324942744e-15,0,200.04273714940967
-5.0,b1336,1,14,0.35343632816628134,0.3534363281662776,3.7192471324942744e-15,0,200.04273714940967
-5.0,b2873,1,14,0.35343632816628134,0.3534363281662776,3.7192471324942744e-15,0,200.04273714940967
-5.0,b1430,1,14,0.35343632816628134,0.3534363281662776,3.7192471324942744e-15,0,200.04273714940967
-5.0,b1396,2,14,0.35343632816628134,0.3534363281662776,3.7192471324942744e-15,0,200.04273714940967
-5.0,b3943,1,14,0.35343632816628134,0.3534363281662776,3.7192471324942744e-15,0,200.04273714940967
-5.0,b0578,2,14,0.35343632816628134,0.3534363281662776,3.7192471324942744e-15,0,200.04273714940967
-5.0,b3253,1,14,0.35343632816628134,0.3534363281662776,3.7192471324942744e-15,0,200.04273714940967
-5.0,b1022,2,14,0.35343632816628134,0.3534363281662776,3.7192471324942744e-15,0,200.04273714940967
-5.0,b1021,2,14,0.35343632816628134,0.3534363281662776,3.7192471324942744e-15,0,200.04273714940967
-5.0,b1733,1,14,0.35343632816628134,0.3534363281662776,3.7192471324942744e-15,0,200.04273714940967
-5.0,b4266,2,14,0.35343632816628134,0.3534363281662776,3.7192471324942744e-15,0,200.04273714940967
-5.0,b3493,1,353,0.35343632816628134,0.35122651273748756,0.002209815428793782,0,200.31004861498215
-5.0,b2987,1,353,0.35343632816628134,0.35122651273746436,0.0022098154288169858,0,200.31004861498178
-5.0,b0401,3,14,0.35343632816628134,0.353436328166257,2.4369395390522186e-14,0,200.04273714940967
-5.0,b4141,4,14,0.35343632816628134,0.3534363281662776,3.7192471324942744e-15,0,200.04273714940967
-5.0,b1798,2,14,0.35343632816628134,0.3534363281662776,3.7192471324942744e-15,0,200.04273714940967
-5.0,b3662,2,14,0.35343632816628134,0.3534363281662776,3.7192471324942744e-15,0,200.04273714940967
-5.0,b1592,1,14,0.35343632816628134,0.3534363281662776,3.7192471324942744e-15,0,200.04273714940967
-5.0,b2842,1,14,0.35343632816628134,0.3534363281662776,3.7192471324942744e-15,0,200.04273714940967
-5.0,b4020,1,14,0.35343632816628134,0.3534363281662776,3.7192471324942744e-15,0,200.04273714940967
-5.0,b1985,2,14,0.35343632816628134,0.3534363281662776,3.7192471324942744e-15,0,200.04273714940967
-5.0,b1516,1,14,0.35343632816628134,0.3534363281662776,3.7192471324942744e-15,0,200.04273714940967
-5.0,b1514,1,14,0.35343632816628134,0.3534363281662776,3.7192471324942744e-15,0,200.04273714940967
-5.0,b1515,1,14,0.35343632816628134,0.3534363281662776,3.7192471324942744e-15,0,200.04273714940967
-5.0,b1513,1,14,0.35343632816628134,0.3534363281662776,3.7192471324942744e-15,0,200.04273714940967
-5.0,b1518,1,154,0.35343632816628134,0.35343322985249453,3.098313786809026e-06,0,200.04273698018756
-5.0,b3240,1,14,0.35343632816628134,0.35343632816627185,9.492406860545088e-15,0,200.04273714940967
-5.0,b3241,1,14,0.35343632816628134,0.3534363281662776,3.7192471324942744e-15,0,200.04273714940967
-5.0,b1449,2,14,0.35343632816628134,0.3534363281662776,3.7192471324942744e-15,0,200.04273714940967
-5.0,b2245,1,14,0.35343632816628134,0.3534363281662776,3.7192471324942744e-15,0,200.04273714940967
-5.0,b1448,1,14,0.35343632816628134,0.3534363281662776,3.7192471324942744e-15,0,200.04273714940967
-5.0,b3656,1,14,0.35343632816628134,0.3534363281662776,3.7192471324942744e-15,0,200.04273714940967
-5.0,b3883,1,14,0.35343632816628134,0.3534363281662776,3.7192471324942744e-15,0,200.04273714940967
-5.0,b3966,3,14,0.35343632816628134,0.3534363281662776,3.7192471324942744e-15,0,200.04273714940967
-5.0,b4098,1,14,0.35343632816628134,0.3534363281662776,3.7192471324942744e-15,0,200.04273714940967
-5.0,b3488,1,14,0.35343632816628134,0.3534363281662776,3.7192471324942744e-15,0,200.04273714940967
-5.0,b1813,1,14,0.35343632816628134,0.3534363281662776,3.7192471324942744e-15,0,200.04273714940967
-5.0,b2166,1,14,0.35343632816628134,0.3534363281662776,3.7192471324942744e-15,0,200.04273714940967
-5.0,b1103,1,14,0.35343632816628134,0.3534363281662776,3.7192471324942744e-15,0,200.04273714940967
-5.0,b4096,1,14,0.35343632816628134,0.3534363281662776,3.7192471324942744e-15,0,200.04273714940967
-5.0,b4101,1,14,0.35343632816628134,0.3534363281662776,3.7192471324942744e-15,0,200.04273714940967
-5.0,b4100,1,14,0.35343632816628134,0.3534363281662776,3.7192471324942744e-15,0,200.04273714940967
-5.0,b4099,1,14,0.35343632816628134,0.3534363281662776,3.7192471324942744e-15,0,200.04273714940967
-5.0,b4095,1,14,0.35343632816628134,0.3534363281662776,3.7192471324942744e-15,0,200.04273714940967
-5.0,b4092,1,14,0.35343632816628134,0.3534363281662776,3.7192471324942744e-15,0,200.04273714940967
-5.0,b2047,1,14,0.35343632816628134,0.3534363281662776,3.7192471324942744e-15,0,200.04273714940967
-5.0,b4106,1,14,0.35343632816628134,0.3534363281662776,3.7192471324942744e-15,0,200.04273714940967
-5.0,b4104,1,14,0.35343632816628134,0.3534363281662776,3.7192471324942744e-15,0,200.04273714940967
-5.0,b4105,1,14,0.35343632816628134,0.3534363281662776,3.7192471324942744e-15,0,200.04273714940967
-5.0,b0662,1,14,0.35343632816628134,0.3534363281662776,3.7192471324942744e-15,0,200.04273714940967
-5.0,b2906,1,14,0.35343632816628134,0.3534363281662776,3.7192471324942744e-15,0,200.04273714940967
-5.0,b1400,1,14,0.35343632816628134,0.3534363281662776,3.7192471324942744e-15,0,200.04273714940967
-5.0,b2683,1,14,0.35343632816628134,0.3534363281662776,3.7192471324942744e-15,0,200.04273714940967
-5.0,b2682,1,14,0.35343632816628134,0.3534363281662776,3.7192471324942744e-15,0,200.04273714940967
-5.0,b1821,1,14,0.35343632816628134,0.3534363281662776,3.7192471324942744e-15,0,200.04273714940967
-5.0,b2164,1,14,0.35343632816628134,0.3534363281662776,3.7192471324942744e-15,0,200.04273714940967
-5.0,b1616,1,14,0.35343632816628134,0.3534363281662776,3.7192471324942744e-15,0,200.04273714940967
-5.0,b1517,1,154,0.35343632816628134,0.35343322985249453,3.098313786809026e-06,0,200.04273698018756
-5.0,b0577,1,14,0.35343632816628134,0.35343632816627185,9.492406860545088e-15,0,200.04273714940967
-5.0,b2924,1,14,0.35343632816628134,0.3534363281662776,3.7192471324942744e-15,0,200.04273714940967
-5.0,b1330,1,14,0.35343632816628134,0.3534363281662776,3.7192471324942744e-15,0,200.04273714940967
-5.0,b0808,1,14,0.35343632816628134,0.3534363281662776,3.7192471324942744e-15,0,200.04273714940967
-5.0,b0465,1,14,0.35343632816628134,0.3534363281662776,3.7192471324942744e-15,0,200.04273714940967
-5.0,b3291,1,14,0.35343632816628134,0.3534363281662776,3.7192471324942744e-15,0,200.04273714940967
-5.0,b4159,1,14,0.35343632816628134,0.3534363281662776,3.7192471324942744e-15,0,200.04273714940967
-5.0,b2247,1,14,0.35343632816628134,0.3534363281662776,3.7192471324942744e-15,0,200.04273714940967
-5.0,b0597,1,14,0.35343632816628134,0.3534363281662776,3.7192471324942744e-15,0,200.04273714940967
-5.0,b1870,1,14,0.35343632816628134,0.3534363281662776,3.7192471324942744e-15,0,200.04273714940967
-5.0,b3116,2,14,0.35343632816628134,0.3534363281662776,3.7192471324942744e-15,0,200.04273714940967
-5.0,b2796,1,14,0.35343632816628134,0.3534363281662776,3.7192471324942744e-15,0,200.04273714940967
-5.0,b4093,1,14,0.35343632816628134,0.3534363281662776,3.7192471324942744e-15,0,200.04273714940967
-5.0,b3878,1,14,0.35343632816628134,0.3534363281662776,3.7192471324942744e-15,0,200.04273714940967
-5.0,b1206,3,14,0.35343632816628134,0.3534363281662776,3.7192471324942744e-15,0,200.04273714940967
0.0,b0870,5,95,0.13410915918519603,0.13410770936117467,1.44982402136562e-06,0,2.3069701357501473e-07
0.0,b2551,6,352,0.13410915918519603,0.13196498029553658,0.002144178889659454,0,1.3512727238310178
0.0,b3368,3,408,0.13410915918519603,-8.668706727385516e-16,0.1341091591851969,1,365.80303718192766
0.0,b2436,1,0,0.13410915918519603,0.13410915918519306,2.9698465908722937e-15,0,0.0
0.0,b3500,1,0,0.13410915918519603,0.13410915918519847,-2.4424906541753444e-15,0,0.0
0.0,b0945,2,0,0.13410915918519603,0.13410915918519847,-2.4424906541753444e-15,0,0.0
0.0,b4467,3,0,0.13410915918519603,0.13410915918519847,-2.4424906541753444e-15,0,0.0
0.0,b2979,3,0,0.13410915918519603,0.13410915918519847,-2.4424906541753444e-15,0,0.0
0.0,b4468,3,0,0.13410915918519603,0.13410915918519847,-2.4424906541753444e-15,0,0.0
0.0,b3916,3,376,0.13410915918519603,0.13164961551513837,0.0024595436700576567,0,473.7374458827949
0.0,b1260,3,410,0.13410915918519603,0.0,0.13410915918519603,1,837.2578785097742
0.0,b1261,3,410,0.13410915918519603,0.0,0.13410915918519603,1,837.2578785096675
0.0,b3426,1,55,0.13410915918519603,0.1341091591851905,5.523359547510154e-15,0,394.8652260262536
0.0,b2243,3,55,0.13410915918519603,0.13410915918518676,9.270362255620057e-15,0,394.86522602625274
0.0,b2242,3,55,0.13410915918519603,0.13410915918518676,9.270362255620057e-15,0,394.86522602625274
0.0,b2241,3,55,0.13410915918519603,0.13410915918518676,9.270362255620057e-15,0,394.86522602625274
0.0,b3770,5,410,0.13410915918519603,-7.272651797288353e-16,0.13410915918519675,1,837.2578785096404
0.0,b4054,4,410,0.13410915918519603,0.0,0.13410915918519603,1,837.2578785097332
0.0,b3281,1,410,0.13410915918519603,0.0,0.13410915918519603,1,837.2578785097332
0.0,b1692,3,410,0.13410915918519603,-5.042797549329568e-30,0.13410915918519603,1,837.2578785097382
0.0,b0243,1,410,0.13410915918519603,-5.042797549329568e-30,0.13410915918519603,1,837.2578785097382
0.0,b1613,1,55,0.13410915918519603,0.13410915918519414,1.887379141862766e-15,0,394.8652260262583
0.0,b0414,2,410,0.13410915918519603,1.4545303594576707e-15,0.1341091591851946,1,837.2578785096334
0.0,b3041,1,410,0.13410915918519603,0.0,0.13410915918519603,1,837.2578785096888
0.0,b0025,2,410,0.13410915918519603,0.0,0.13410915918519603,1,837.257878509628
0.0,b0446,4,55,0.13410915918519603,0.1341091591851939,2.1371793224034263e-15,0,394.86522602625695
0.0,b3812,2,410,0.13410915918519603,4.441573035113987e-15,0.1341091591851916,1,837.2578785100291
0.0,b0844,2,410,0.13410915918519603,0.0,0.13410915918519603,1,837.2578785096969
0.0,b1662,1,410,0.13410915918519603,0.0,0.13410915918519603,1,837.2578785096969
0.0,b0421,2,410,0.13410915918519603,0.0,0.13410915918519603,1,837.2578785096898
0.0,b3804,1,410,0.13410915918519603,0.0,0.13410915918519603,1,837.2578785097212
0.0,b3997,1,410,0.13410915918519603,0.0,0.13410915918519603,1,837.2578785096987
0.0,b4382,2,55,0.13410915918519603,0.1341091591851883,7.743805596760467e-15,0,394.8652260262516
0.0,b0126,1,410,0.13410915918519603,-9.527173854447744e-14,0.13410915918529132,1,837.2578785101994
0.0,b0339,1,410,0.13410915918519603,-2.8183582238345927e-14,0.1341091591852242,1,837.2578785098508
0.0,b4006,2,410,0.13410915918519603,-2.7129434838031045e-14,0.13410915918522315,1,837.2578785098451
0.0,b2508,1,325,0.13410915918519603,0.1334466159805799,0.0006625432046161173,0,395.30153392755744
0.0,b3846,19,420,0.13410915918519603,0.13039414861087034,0.003715010574325689,0,2540.3264056259945
0.0,b2341,16,420,0.13410915918519603,0.13039414861087373,0.0037150105743223027,0,2540.326405626127
0.0,b2400,1,413,0.13410915918519603,2.1710398307511248e-16,0.1341091591851958,1,6908.618816117996
0.0,b3993,1,413,0.13410915918519603,0.0,0.13410915918519603,1,6908.618816118519
0.0,b2066,4,39,0.13410915918519603,0.13410915918519284,3.191891195797325e-15,0,2449.572949562456
0.0,b0238,3,39,0.13410915918519603,0.13410915918519578,2.498001805406602e-16,0,2449.5729495625856
0.0,b0125,2,39,0.13410915918519603,0.13410915918519578,2.498001805406602e-16,0,2449.5729495625856
0.0,b2518,8,47,0.13410915918519603,0.13410915918519598,5.551115123125783e-17,0,2436.309290150382
0.0,b0474,13,97,0.13410915918519603,0.13410762758064576,1.531604550270016e-06,0,2436.6018888840417
0.0,b1062,1,413,0.13410915918519603,2.472508912463645e-16,0.13410915918519578,1,6908.6188161172795
0.0,b1281,1,413,0.13410915918519603,0.0,0.13410915918519603,1,6908.618816118298
0.0,b0720,1,413,0.13410915918519603,0.0,0.13410915918519603,1,6908.618816118282
0.0,b1136,1,413,0.13410915918519603,9.297886686250444e-31,0.13410915918519603,1,6908.618816118206
0.0,b0351,1,416,0.13410915918519603,0.11800801125388753,0.0161011479313085,0,564.6843468126217
0.0,b1241,3,416,0.13410915918519603,0.11800801125389584,0.016101147931300186,0,564.6843468126165
0.0,b4069,2,73,0.13410915918519603,0.13410915918519653,-4.996003610813204e-16,0,381.7379718334607
0.0,b4226,1,410,0.13410915918519603,-2.2545220571593887e-14,0.13410915918521857,1,837.2578785097611
0.0,b2502,2,410,0.13410915918519603,1.8545323878460573e-15,0.13410915918519417,1,837.257878509707
0.0,b2744,14,410,0.13410915918519603,1.8545323878460573e-15,0.13410915918519417,1,837.257878509707
0.0,b3403,1,89,0.13410915918519603,0.13410915918519734,-1.304512053934559e-15,0,381.73853676821545
0.0,b1479,1,89,0.13410915918519603,0.13410915918519298,3.0531133177191805e-15,0,381.7385367682102
0.0,b1190,1,410,0.13410915918519603,-7.420826163802451e-16,0.13410915918519678,1,837.2578785096454
0.0,b4053,1,410,0.13410915918519603,0.0,0.13410915918519603,1,837.2578785096681
0.0,b2379,1,89,0.13410915918519603,0.1341091591851943,1.7208456881689926e-15,0,381.74764371932554
0.0,b2290,1,89,0.13410915918519603,0.13410915918519298,3.0531133177191805e-15,0,381.74764371932446
0.0,b3564,2,89,0.13410915918519603,0.13410915918519298,3.0531133177191805e-15,0,381.74764371932446
0.0,b0063,3,89,0.13410915918519603,0.13410915918519298,3.0531133177191805e-15,0,381.74764371932446
0.0,b3752,1,89,0.13410915918519603,0.13410915918519298,3.0531133177191805e-15,0,381.74764371932446
0.0,b3926,1,89,0.13410915918519603,0.13410915918519298,3.0531133177191805e-15,0,381.74764371932446
0.0,b4383,2,120,0.13410915918519603,0.1341076275806675,1.5316045285374003e-06,0,357.8945010298464
0.0,b0928,4,410,0.13410915918519603,7.223420067672024e-14,0.13410915918512378,1,837.25787850949
0.0,b3925,1,90,0.13410915918519603,0.1341091591851958,2.220446049250313e-16,0,357.902886067889
0.0,b2930,1,90,0.13410915918519603,0.13410915918519165,4.385380947269368e-15,0,357.9028860678827
0.0,b4232,1,90,0.13410915918519603,0.13410915918519165,4.385380947269368e-15,0,357.9028860678827
0.0,b3697,6,90,0.13410915918519603,0.13410915918519165,4.385380947269368e-15,0,357.9028860678827
0.0,b3430,1,90,0.13410915918519603,0.13410915918519165,4.385380947269368e-15,0,357.9028860678827
0.0,b1676,1,90,0.13410915918519603,0.13410915918519165,4.385380947269368e-15,0,357.9028860678827
0.0,b1854,5,63,0.13410915918519603,0.13410915918519165,4.385380947269368e-15,0,395.0529875554797
0.0,b3197,1,410,0.13410915918519603,5.780746664339048e-16,0.13410915918519545,1,837.2578785098988
0.0,b2708,1,410,0.13410915918519603,0.0,0.13410915918519603,1,837.2578785097073
0.0,b0072,2,410,0.13410915918519603,-5.295087679712028e-29,0.13410915918519603,1,837.257878509713
0.0,b0071,2,410,0.13410915918519603,0.0,0.13410915918519603,1,837.2578785097107
0.0,b3671,2,410,0.13410915918519603,-6.106355886857936e-30,0.13410915918519603,1,837.25787850974
0.0,b3670,2,410,0.13410915918519603,-2.539489767168987e-15,0.13410915918519856,1,837.257878509669
0.0,b0078,2,410,0.13410915918519603,-2.539489767168987e-15,0.13410915918519856,1,837.257878509669
0.0,b0077,2,410,0.13410915918519603,-2.539489767168987e-15,0.13410915918519856,1,837.257878509669
0.0,b0908,1,410,0.13410915918519603,-2.5394897671689685e-15,0.13410915918519856,1,837.2578785096555
0.0,b1264,1,410,0.13410915918519603,2.0250991985303117e-29,0.13410915918519603,1,837.2578785096568
0.0,b1263,2,410,0.13410915918519603,0.0,0.13410915918519603,1,837.2578785096407
0.0,b2599,2,410,0.13410915918519603,0.0,0.13410915918519603,1,837.2578785096407
0.0,b2600,2,410,0.13410915918519603,0.0,0.13410915918519603,1,837.2578785097202
0.0,b2329,1,410,0.13410915918519603,0.0,0.13410915918519603,1,837.2578785097202
0.0,b1262,2,410,0.13410915918519603,1.2088111321772417e-30,0.13410915918519603,1,837.257878509774
0.0,b2779,1,412,0.13410915918519603,0.0,0.13410915918519603,1,5753.131930299671
0.0,b2097,1,54,0.13410915918519603,0.13410915918519126,4.773959005888173e-15,0,894.3227887938464
0.0,b2925,2,377,0.13410915918519603,0.13164961551515672,0.0024595436700393103,0,473.89380568367835
0.0,b0963,1,51,0.13410915918519603,0.13410915918519578,2.498001805406602e-16,0,395.0305914928075
0.0,b1702,1,51,0.13410915918519603,0.13410915918519872,-2.6922908347160046e-15,0,395.0305914928085
0.0,b4025,1,415,0.13410915918519603,0.10859371793991936,0.025515441245276674,0,906.7466215058753
0.0,b2926,1,412,0.13410915918519603,0.0,0.13410915918519603,1,5753.131930299671
0.0,b1850,2,51,0.13410915918519603,0.13410915918519625,-2.220446049250313e-16,0,693.213651237586
0.0,b0767,1,51,0.13410915918519603,0.13410915918519442,1.609823385706477e-15,0,693.2136512375803
0.0,b3386,1,325,0.13410915918519603,0.1335802135935155,0.0005289455916805408,0,693.028653130194
0.0,b2464,1,309,0.13410915918519603,0.13383918518836407,0.000269973996831957,0,693.0204337812193
0.0,b0008,1,309,0.13410915918519603,0.13383918518835863,0.0002699739968373971,0,693.0204337811971
0.0,b2465,2,412,0.13410915918519603,2.534597553012888e-16,0.13410915918519578,1,1469.1176164662318
0.0,b2935,2,412,0.13410915918519603,8.305060739233277e-30,0.13410915918519603,1,1469.117616466278
0.0,b0678,1,51,0.13410915918519603,0.1341091591851939,2.1371793224034263e-15,0,693.2136512375776
0.0,b1478,2,411,0.13410915918519603,0.11800801125389179,0.01610114793130424,0,576.5925983715749
0.0,b3011,3,58,0.13410915918519603,0.13410915918520114,-5.10702591327572e-15,0,395.01956124858316
0.0,b3003,1,58,0.13410915918519603,0.13410915918519525,7.771561172376096e-16,0,395.0195612485794
0.0,b4269,2,58,0.13410915918519603,0.13410915918519525,7.771561172376096e-16,0,395.0195612485794
0.0,b0493,1,58,0.13410915918519603,0.13410915918519525,7.771561172376096e-16,0,395.0195612485794
0.0,b3588,2,58,0.13410915918519603,0.13410915918519525,7.771561172376096e-16,0,395.0195612485794
0.0,b3903,2,58,0.13410915918519603,0.13410915918519525,7.771561172376096e-16,0,395.0195612485794
0.0,b3996,1,58,0.13410915918519603,0.13410915918519525,7.771561172376096e-16,0,395.0195612485794
0.0,b2411,1,58,0.13410915918519603,0.13410915918519525,7.771561172376096e-16,0,395.0195612485794
0.0,b0639,2,410,0.13410915918519603,0.0,0.13410915918519603,1,837.2578785096703
0.0,b4390,1,58,0.13410915918519603,0.13410915918519728,-1.2490009027033011e-15,0,395.01956124858305
0.0,b2103,2,410,0.13410915918519603,0.0,0.13410915918519603,1,837.2578785096599
0.0,b2418,4,58,0.13410915918519603,0.134109159185199,-2.9698465908722937e-15,0,395.0195612485832
0.0,b3831,1,58,0.13410915918519603,0.13410915918519525,7.771561172376096e-16,0,395.0195612485794
0.0,b4384,7,94,0.13410915918519603,0.1341076275806709,1.5316045251234645e-06,0,395.0205377666237
0.0,b3073,1,58,0.13410915918519603,0.13410915918518082,1.5210055437364645e-14,0,395.01956124856906
0.0,b3008,2,410,0.13410915918519603,3.384280643510732e-15,0.13410915918519264,1,837.2578785099845
0.0,b3708,3,294,0.13410915918519603,0.13399255557569245,0.0001166036095035794,0,394.552785921189
0.0,b1134,3,58,0.13410915918519603,0.13410915918519764,-1.609823385706477e-15,0,395.0195612485812
0.0,b3614,3,58,0.13410915918519603,0.13410915918522004,-2.400857290751901e-14,0,395.0195612486002
0.0,b3642,1,410,0.13410915918519603,1.639663493195092e-15,0.1341091591851944,1,837.2578785099859
0.0,b0415,1,410,0.13410915918519603,0.0,0.13410915918519603,1,837.257878509728
0.0,b3771,2,410,0.13410915918519603,0.0,0.13410915918519603,1,837.2578785096294
0.0,b3885,1,58,0.13410915918519603,0.13410915918519623,-1.942890293094024e-16,0,395.0195612485809
0.0,b2293,8,58,0.13410915918519603,0.13410915918522004,-2.400857290751901e-14,0,395.0195612486002
0.0,b3114,2,417,0.13410915918519603,0.1158793002898538,0.018229858895342232,0,5761.11672396462
0.0,b3951,1,417,0.13410915918519603,0.11587930028984095,0.018229858895355083,0,5761.116723964427
0.0,b3952,1,417,0.13410915918519603,0.11587930028984095,0.018229858895355083,0,5761.116723964427
0.0,b0902,2,417,0.13410915918519603,0.11587930028984095,0.018229858895355083,0,5761.116723964427
0.0,b0903,2,417,0.13410915918519603,0.11587930028984095,0.018229858895355083,0,5761.116723964427
0.0,b2579,2,417,0.13410915918519603,0.11587930028984095,0.018229858895355083,0,5761.116723964427
0.0,b4154,2,63,0.13410915918519603,0.13410915918519226,3.774758283725532e-15,0,2535.155362156106
0.0,b4151,2,63,0.13410915918519603,0.13410915918519523,8.049116928532385e-16,0,2535.155362156275
0.0,b4153,2,63,0.13410915918519603,0.13410915918519523,8.049116928532385e-16,0,2535.155362156275
0.0,b4152,2,63,0.13410915918519603,0.13410915918519523,8.049116928532385e-16,0,2535.155362156275
0.0,b0871,1,63,0.13410915918519603,0.13410915918519523,8.049116928532385e-16,0,2535.155362156275
0.0,b2458,1,419,0.13410915918519603,0.11931962573687462,0.014789533448321415,0,5233.697956177339
0.0,b2297,2,419,0.13410915918519603,0.11931962573687449,0.01478953344832154,0,5233.697956177308
0.0,b3115,2,419,0.13410915918519603,0.11931962573687449,0.01478953344832154,0,5233.697956177308
0.0,b2296,1,419,0.13410915918519603,0.11931962573687449,0.01478953344832154,0,5233.697956177308
0.0,b1849,2,420,0.13410915918519603,0.11931962573687449,0.01478953344832154,0,5233.6983926517005
0.0,b3633,2,413,0.13410915918519603,-4.794772982601413e-16,0.1341091591851965,1,6908.618816118304
0.0,b0174,1,413,0.13410915918519603,0.0,0.13410915918519603,1,6908.6188161183545
0.0,b0524,1,413,0.13410915918519603,0.0,0.13410915918519603,1,6908.618816118179
0.0,b0182,1,413,0.13410915918519603,0.0,0.13410915918519603,1,6908.6188161183545
0.0,b0915,1,413,0.13410915918519603,0.0,0.13410915918519603,1,6908.6188161183545
0.0,b0099,3,413,0.13410915918519603,0.0,0.13410915918519603,1,6908.6188161183845
0.0,b2781,8,66,0.13410915918519603,0.13410915918519628,-2.498001805406602e-16,0,2535.1560253894586
0.0,b0160,2,66,0.13410915918519603,0.13410915918518748,8.548717289613705e-15,0,2535.1560253891257
0.0,b1800,2,413,0.13410915918519603,5.580463415725327e-16,0.13410915918519548,1,6908.618816118242
0.0,b0073,1,413,0.13410915918519603,0.0,0.13410915918519603,1,6908.6188161180435
0.0,b0523,1,413,0.13410915918519603,-4.2409045260488656e-14,0.13410915918523844,1,6908.618816119842
0.0,b1131,2,413,0.13410915918519603,-1.397445149951752e-14,0.13410915918521,1,6908.618816118846
0.0,b2407,5,66,0.13410915918519603,0.13410915918519395,2.0816681711721685e-15,0,2535.156025389363
0.0,b2234,4,66,0.13410915918519603,0.13410915918518748,8.548717289613705e-15,0,2535.1560253891257
0.0,b2235,4,66,0.13410915918519603,0.13410915918518748,8.548717289613705e-15,0,2535.1560253891257
0.0,b3781,10,71,0.13410915918519603,0.13410915918518768,8.354428260304303e-15,0,2535.1615331378407
0.0,b2582,10,71,0.13410915918519603,0.13410915918519709,-1.0547118733938987e-15,0,2535.1615331382122
0.0,b2827,1,413,0.13410915918519603,-1.2749509087329786e-16,0.13410915918519617,1,6908.618816118456
0.0,b1238,2,71,0.13410915918519603,0.13410915918519556,4.718447854656915e-16,0,2535.1615331381445
0.0,b3639,2,413,0.13410915918519603,-1.2749457901181112e-16,0.13410915918519617,1,6908.618816118456
0.0,b1232,1,71,0.13410915918519603,0.13410915918519373,2.3037127760972e-15,0,2535.16153313807
0.0,b1851,1,71,0.13410915918519603,0.13410915918519709,-1.0547118733938987e-15,0,2535.1615331382122
0.0,b1693,1,413,0.13410915918519603,-1.0683923876814144e-16,0.13410915918519614,1,6908.618816118456
0.0,b4146,1,71,0.13410915918519603,0.13410915918519553,4.996003610813204e-16,0,2535.1615331381536
0.0,b1109,3,71,0.13410915918519603,0.13410915918519709,-1.0547118733938987e-15,0,2535.1615331382122
0.0,b1004,3,71,0.13410915918519603,0.13410915918519709,-1.0547118733938987e-15,0,2535.1615331382122
0.0,b0046,3,71,0.13410915918519603,0.13410915918519709,-1.0547118733938987e-15,0,2535.1615331382122
0.0,b3713,3,71,0.13410915918519603,0.13410915918519709,-1.0547118733938987e-15,0,2535.1615331382122
0.0,b3236,1,66,0.13410915918519603,0.13410915918519709,-1.0547118733938987e-15,0,2451.4737902534744
0.0,b4122,2,66,0.13410915918519603,0.13410915918519528,7.494005416219807e-16,0,2451.4737902533634
0.0,b1611,1,66,0.13410915918519603,0.13410915918519528,7.494005416219807e-16,0,2451.4737902533634
0.0,b1612,1,66,0.13410915918519603,0.13410915918519528,7.494005416219807e-16,0,2451.4737902533634
0.0,b1638,2,66,0.13410915918519603,0.13410915918519528,7.494005416219807e-16,0,2451.4737902533634
0.0,b0907,3,413,0.13410915918519603,-4.0332558657819857e-16,0.13410915918519645,1,6908.618816118165
0.0,b1210,1,413,0.13410915918519603,0.0,0.13410915918519603,1,6908.61881611798
0.0,b3429,1,66,0.13410915918519603,0.13410915918519492,1.1102230246251565e-15,0,2451.47379025337
0.0,b3417,5,66,0.13410915918519603,0.13410915918519528,7.494005416219807e-16,0,2451.4737902533634
0.0,b3428,2,66,0.13410915918519603,0.13410915918519528,7.494005416219807e-16,0,2451.4737902533634
0.0,b0428,1,66,0.13410915918519603,0.13410915918519528,7.494005416219807e-16,0,2451.4737902533634
0.0,b0120,1,66,0.13410915918519603,0.13410915918519528,7.494005416219807e-16,0,2451.4737902533634
0.0,b2937,1,66,0.13410915918519603,0.13410915918519528,7.494005416219807e-16,0,2451.4737902533634
0.0,b4117,1,66,0.13410915918519603,0.13410915918519528,7.494005416219807e-16,0,2451.4737902533634
0.0,b3172,1,413,0.13410915918519603,-3.6512492306509e-16,0.1341091591851964,1,6908.618816118176
0.0,b3958,1,413,0.13410915918519603,0.0,0.13410915918519603,1,6908.618816118391
0.0,b0121,2,66,0.13410915918519603,0.1341091591851979,-1.8596235662471372e-15,0,2451.4737902535007
0.0,b0154,1,413,0.13410915918519603,5.5745474778406e-16,0.13410915918519548,1,6908.618816118131
0.0,b0918,1,413,0.13410915918519603,0.0,0.13410915918519603,1,6908.618816118382
0.0,b4322,1,66,0.13410915918519603,0.13410915918519437,1.6653345369377348e-15,0,2451.4737902533375
0.0,b3091,1,66,0.13410915918519603,0.13410915918519528,7.494005416219807e-16,0,2451.4737902533634
0.0,b3092,2,66,0.13410915918519603,0.13410915918519528,7.494005416219807e-16,0,2451.4737902533634
0.0,b3176,1,413,0.13410915918519603,-4.0236769944324563e-16,0.13410915918519642,1,6908.618816118178
0.0,b3730,2,413,0.13410915918519603,0.0,0.13410915918519603,1,6908.618816118538
0.0,b3189,1,413,0.13410915918519603,0.0,0.13410915918519603,1,6908.618816117287
0.0,b3967,1,413,0.13410915918519603,0.0,0.13410915918519603,1,6908.618816118286
0.0,b3786,1,66,0.13410915918519603,0.1341091591851985,-2.4702462297909733e-15,0,2451.4737902535353
0.0,b2323,13,413,0.13410915918519603,-3.6864776255570585e-16,0.1341091591851964,1,6908.618816118173
0.0,b2232,2,66,0.13410915918519603,0.13410915918519237,3.6637359812630166e-15,0,2451.473790253265
0.0,b0593,1,66,0.13410915918519603,0.13410915918519306,2.9698465908722937e-15,0,2451.473790253284
0.0,b0142,1,413,0.13410915918519603,-3.170176816869359e-16,0.13410915918519634,1,6908.618816117885
0.0,b3634,1,413,0.13410915918519603,5.8359149782048786e-27,0.13410915918519603,1,6908.61881611784
0.0,b0394,1,66,0.13410915918519603,0.13410915918519847,-2.4424906541753444e-15,0,2451.4737902535303
0.0,b0173,1,413,0.13410915918519603,2.1156036156542403e-16,0.1341091591851958,1,6908.618816117873
0.0,b3843,1,413,0.13410915918519603,0.0,0.13410915918519603,1,6908.618816118249
0.0,b0477,2,66,0.13410915918519603,0.13410915918519348,2.55351295663786e-15,0,2451.4737902532943
0.0,b1302,3,413,0.13410915918519603,3.8769880953376756e-16,0.13410915918519564,1,6908.618816117863
0.0,b2662,3,413,0.13410915918519603,0.0,0.13410915918519603,1,6908.618816118467
0.0,b1525,2,66,0.13410915918519603,0.1341091591851968,-7.771561172376096e-16,0,2451.4737902534252
0.0,b4139,1,66,0.13410915918519603,0.13410915918519306,2.9698465908722937e-15,0,2451.473790253284
0.0,b3117,2,413,0.13410915918519603,3.0481012813689897e-16,0.13410915918519573,1,6908.618816117869
0.0,b2797,1,66,0.13410915918519603,0.1341091591851951,9.43689570931383e-16,0,2451.473790253378
0.0,b1814,1,66,0.13410915918519603,0.13410915918519306,2.9698465908722937e-15,0,2451.473790253284
0.0,b4471,1,66,0.13410915918519603,0.13410915918519306,2.9698465908722937e-15,0,2451.473790253284
0.0,b3616,1,66,0.13410915918519603,0.13410915918519306,2.9698465908722937e-15,0,2451.473790253284
0.0,b3589,1,66,0.13410915918519603,0.13410915918519306,2.9698465908722937e-15,0,2451.473790253284
0.0,b3774,3,413,0.13410915918519603,2.3228253191464054e-16,0.1341091591851958,1,6908.6188161178725
0.0,b0185,1,413,0.13410915918519603,0.0,0.13410915918519603,1,6908.618816118282
0.0,b3256,1,413,0.13410915918519603,0.0,0.13410915918519603,1,6908.618816117291
0.0,b3255,1,413,0.13410915918519603,0.0,0.13410915918519603,1,6908.618816117291
0.0,b2316,1,413,0.13410915918519603,0.0,0.13410915918519603,1,6908.618816117291
0.0,b2615,1,413,0.13410915918519603,4.266614356201254e-12,0.13410915918092942,1,6908.618815931475
0.0,b2265,1,66,0.13410915918519603,0.1341091591851917,4.3298697960381105e-15,0,2451.473790253213
0.0,b2261,1,66,0.13410915918519603,0.13410915918519306,2.9698465908722937e-15,0,2451.473790253284
0.0,b0596,1,66,0.13410915918519603,0.13410915918519306,2.9698465908722937e-15,0,2451.473790253284
0.0,b0595,1,66,0.13410915918519603,0.13410915918519306,2.9698465908722937e-15,0,2451.473790253284
0.0,b4198,1,66,0.13410915918519603,0.13410915918519306,2.9698465908722937e-15,0,2451.473790253284
0.0,b0061,1,66,0.13410915918519603,0.13410915918519306,2.9698465908722937e-15,0,2451.473790253284
0.0,b3583,1,66,0.13410915918519603,0.13410915918519306,2.9698465908722937e-15,0,2451.473790253284
0.0,b4374,3,66,0.13410915918519603,0.13410915918519306,2.9698465908722937e-15,0,2451.473790253284
0.0,b0675,7,66,0.13410915918519603,0.13410915918519306,2.9698465908722937e-15,0,2451.473790253284
0.0,b2291,6,66,0.13410915918519603,0.13410915918519306,2.9698465908722937e-15,0,2451.473790253284
0.0,b2361,8,66,0.13410915918519603,0.13410915918519306,2.9698465908722937e-15,0,2451.473790253284
0.0,b1651,1,66,0.13410915918519603,0.13410915918519306,2.9698465908722937e-15,0,2451.473790253284
0.0,b0766,2,66,0.13410915918519603,0.13410915918519306,2.9698465908722937e-15,0,2451.473790253284
0.0,b3826,6,66,0.13410915918519603,0.13410915918519306,2.9698465908722937e-15,0,2451.473790253284
0.0,b0758,1,66,0.13410915918519603,0.13410915918519306,2.9698465908722937e-15,0,2451.473790253284
0.0,b0420,1,413,0.13410915918519603,-8.248735545900788e-16,0.13410915918519686,1,6908.618816117894
0.0,b1208,1,413,0.13410915918519603,0.0,0.13410915918519603,1,6908.618816118336
0.0,b2746,1,413,0.13410915918519603,0.0,0.13410915918519603,1,6908.618816118271
0.0,b3526,1,66,0.13410915918519603,0.13410915918519684,-8.049116928532385e-16,0,2451.4737902534575
0.0,b3565,2,66,0.13410915918519603,0.13410915918519306,2.9698465908722937e-15,0,2451.473790253284
0.0,b2048,1,66,0.13410915918519603,0.13410915918519306,2.9698465908722937e-15,0,2451.473790253284
0.0,b4015,1,66,0.13410915918519603,0.13410915918519306,2.9698465908722937e-15,0,2451.473790253284
0.0,b0116,3,307,0.13410915918519603,0.13394183558885134,0.00016732359634469285,0,394.6755293085355
0.0,b2903,1,59,0.13410915918519603,0.13410915918522492,-2.88935542158697e-14,0,395.0272750117011
0.0,b2904,1,59,0.13410915918519603,0.1341091591851856,1.0436096431476471e-14,0,395.0272750116756
0.0,b2905,1,59,0.13410915918519603,0.1341091591851856,1.0436096431476471e-14,0,395.0272750116756
0.0,b0261,2,59,0.13410915918519603,0.1341091591851856,1.0436096431476471e-14,0,395.0272750116756
0.0,b0759,1,59,0.13410915918519603,0.1341091591851856,1.0436096431476471e-14,0,395.0272750116756
0.0,b0344,1,59,0.13410915918519603,0.1341091591851856,1.0436096431476471e-14,0,395.0272750116756
0.0,b4239,1,59,0.13410915918519603,0.1341091591851856,1.0436096431476471e-14,0,395.0272750116756
0.0,b3956,1,418,0.13410915918519603,0.10036774386807273,0.0337414153171233,0,358.05835240857306
0.0,b0822,7,59,0.13410915918519603,0.1341091591852062,-1.0158540675320182e-14,0,395.02727501169255
0.0,b2540,2,59,0.13410915918519603,0.13410915918519645,-4.163336342344337e-16,0,395.02727501168425
0.0,b2542,2,59,0.13410915918519603,0.13410915918519645,-4.163336342344337e-16,0,395.02727501168425
0.0,b2539,2,59,0.13410915918519603,0.13410915918519645,-4.163336342344337e-16,0,395.02727501168425
0.0,b2538,2,59,0.13410915918519603,0.13410915918519645,-4.163336342344337e-16,0,395.02727501168425
0.0,b2541,2,59,0.13410915918519603,0.13410915918519645,-4.163336342344337e-16,0,395.02727501168425
0.0,b0616,1,59,0.13410915918519603,0.13410915918519645,-4.163336342344337e-16,0,395.02727501168425
0.0,b0617,1,59,0.13410915918519603,0.13410915918519645,-4.163336342344337e-16,0,395.02727501168425
0.0,b0614,1,59,0.13410915918519603,0.13410915918519645,-4.163336342344337e-16,0,395.02727501168425
0.0,b0615,1,59,0.13410915918519603,0.13410915918519645,-4.163336342344337e-16,0,395.02727501168425
0.0,b2052,2,59,0.13410915918519603,0.13410915918519645,-4.163336342344337e-16,0,395.02727501168425
0.0,b1636,1,59,0.13410915918519603,0.13410915918519645,-4.163336342344337e-16,0,395.02727501168425
0.0,b1277,1,410,0.13410915918519603,3.8734946520600967e-16,0.13410915918519564,1,837.2578785097114
0.0,b2751,1,410,0.13410915918519603,0.0,0.13410915918519603,1,837.2578785097248
0.0,b2752,1,410,0.13410915918519603,0.0,0.13410915918519603,1,837.2578785097394
0.0,b2799,1,59,0.13410915918519603,0.1341091591851974,-1.3600232051658168e-15,0,395.02727501168505
0.0,b3902,1,59,0.13410915918519603,0.13410915918519645,-4.163336342344337e-16,0,395.02727501168425
0.0,b2705,1,59,0.13410915918519603,0.13410915918519645,-4.163336342344337e-16,0,395.02727501168425
0.0,b2091,1,59,0.13410915918519603,0.13410915918519645,-4.163336342344337e-16,0,395.02727501168425
0.0,b3137,1,59,0.13410915918519603,0.13410915918519645,-4.163336342344337e-16,0,395.02727501168425
0.0,b3132,1,59,0.13410915918519603,0.13410915918519645,-4.163336342344337e-16,0,395.02727501168425
0.0,b2096,1,59,0.13410915918519603,0.13410915918519645,-4.163336342344337e-16,0,395.02727501168425
0.0,b2095,1,59,0.13410915918519603,0.13410915918519645,-4.163336342344337e-16,0,395.02727501168425
0.0,b4323,1,59,0.13410915918519603,0.13410915918519645,-4.163336342344337e-16,0,395.02727501168425
0.0,b1521,1,59,0.13410915918519603,0.13410915918519645,-4.163336342344337e-16,0,395.02727501168425
0.0,b3385,1,59,0.13410915918519603,0.13410915918519645,-4.163336342344337e-16,0,395.02727501168425
0.0,b0507,1,59,0.13410915918519603,0.13410915918519645,-4.163336342344337e-16,0,395.02727501168425
0.0,b3061,1,59,0.13410915918519603,0.13410915918519645,-4.163336342344337e-16,0,395.02727501168425
0.0,b3062,1,59,0.13410915918519603,0.13410915918519645,-4.163336342344337e-16,0,395.02727501168425
0.0,b3126,1,59,0.13410915918519603,0.13410915918519645,-4.163336342344337e-16,0,395.02727501168425
0.0,b1095,9,410,0.13410915918519603,3.8734946520600967e-16,0.13410915918519564,1,837.2578785097108
0.0,b1054,1,59,0.13410915918519603,0.13410915918519292,3.1086244689504383e-15,0,395.0272750116815
0.0,b1855,2,59,0.13410915918519603,0.13410915918519645,-4.163336342344337e-16,0,395.02727501168425
0.0,b2378,1,59,0.13410915918519603,0.13410915918519645,-4.163336342344337e-16,0,395.02727501168425
0.0,b0109,1,410,0.13410915918519603,-9.400971520549852e-13,0.13410915918613614,1,837.2578785153164
0.0,b1094,26,410,0.13410915918519603,0.0,0.13410915918519603,1,837.2578785097148
0.0,b2836,23,426,0.13410915918519603,0.1303941486108759,0.003715010574320138,0,397.81041196577326
0.0,b2472,1,410,0.13410915918519603,-4.704263349450978e-16,0.1341091591851965,1,837.2578785098915
0.0,b1589,3,59,0.13410915918519603,0.1341091591851937,2.3314683517128287e-15,0,395.0272750116825
0.0,b1588,3,59,0.13410915918519603,0.134109159185196,2.7755575615628914e-17,0,395.0272750116845
0.0,b1587,3,59,0.13410915918519603,0.134109159185196,2.7755575615628914e-17,0,395.0272750116845
0.0,b1590,3,59,0.13410915918519603,0.134109159185196,2.7755575615628914e-17,0,395.0272750116845
0.0,b0894,4,59,0.13410915918519603,0.134109159185196,2.7755575615628914e-17,0,395.0272750116845
0.0,b0895,4,59,0.13410915918519603,0.134109159185196,2.7755575615628914e-17,0,395.0272750116845
0.0,b0896,4,59,0.13410915918519603,0.134109159185196,2.7755575615628914e-17,0,395.0272750116845
0.0,b3553,10,59,0.13410915918519603,0.134109159185196,2.7755575615628914e-17,0,395.0272750116845
0.0,b0638,1,59,0.13410915918519603,0.134109159185196,2.7755575615628914e-17,0,395.0272750116845
0.0,b3399,5,59,0.13410915918519603,0.134109159185196,2.7755575615628914e-17,0,395.0272750116845
0.0,b0469,1,59,0.13410915918519603,0.134109159185196,2.7755575615628914e-17,0,395.0272750116845
0.0,b3187,1,410,0.13410915918519603,-2.4385506144343658e-17,0.13410915918519606,1,837.2578785097386
0.0,b3222,1,59,0.13410915918519603,0.13410915918519428,1.7486012637846216e-15,0,395.02727501168215
0.0,b3225,1,59,0.13410915918519603,0.134109159185196,2.7755575615628914e-17,0,395.0272750116845
0.0,b1732,1,59,0.13410915918519603,0.134109159185196,2.7755575615628914e-17,0,395.0272750116845
0.0,b3942,1,59,0.13410915918519603,0.134109159185196,2.7755575615628914e-17,0,395.0272750116845
0.0,b0586,1,59,0.13410915918519603,0.134109159185196,2.7755575615628914e-17,0,395.0272750116845
0.0,b3794,1,59,0.13410915918519603,0.134109159185196,2.7755575615628914e-17,0,395.0272750116845
0.0,b3693,1,59,0.13410915918519603,0.134109159185196,2.7755575615628914e-17,0,395.0272750116845
0.0,b2901,1,59,0.13410915918519603,0.134109159185196,2.7755575615628914e-17,0,395.0272750116845
0.0,b3721,2,59,0.13410915918519603,0.134109159185196,2.7755575615628914e-17,0,395.0272750116845
0.0,b2716,2,59,0.13410915918519603,0.134109159185196,2.7755575615628914e-17,0,395.0272750116845
0.0,b3416,4,59,0.13410915918519603,0.134109159185196,2.7755575615628914e-17,0,395.0272750116845
0.0,b1398,1,59,0.13410915918519603,0.134109159185196,2.7755575615628914e-17,0,395.0272750116845
0.0,b0049,3,59,0.13410915918519603,0.134109159185196,2.7755575615628914e-17,0,395.0272750116845
0.0,b3784,1,59,0.13410915918519603,0.134109159185196,2.7755575615628914e-17,0,395.0272750116845
0.0,b4481,1,59,0.13410915918519603,0.134109159185196,2.7755575615628914e-17,0,395.0272750116845
0.0,b3052,2,59,0.13410915918519603,0.134109159185196,2.7755575615628914e-17,0,395.0272750116845
0.0,b1896,1,59,0.13410915918519603,0.134109159185196,2.7755575615628914e-17,0,395.0272750116845
0.0,b0841,2,410,0.13410915918519603,4.1455360445384225e-16,0.13410915918519561,1,837.2578785097352
0.0,b1278,30,410,0.13410915918519603,0.0,0.13410915918519603,1,837.2578785096787
0.0,b3057,2,410,0.13410915918519603,0.0,0.13410915918519603,1,837.2578785096787
0.0,b3519,1,59,0.13410915918519603,0.13410915918519214,3.885780586188048e-15,0,395.02727501168084
0.0,b0910,3,410,0.13410915918519603,-4.8771012288687316e-17,0.1341091591851961,1,837.2578785097369
0.0,b3648,2,410,0.13410915918519603,0.0,0.13410915918519603,1,837.2578785096521
0.0,b1694,1,75,0.13410915918519603,0.1341091591851964,-3.608224830031759e-16,0,395.0306803270337
0.0,b2221,3,75,0.13410915918519603,0.1341091591851948,1.2212453270876722e-15,0,395.0306803270323
0.0,b2222,3,75,0.13410915918519603,0.1341091591851948,1.2212453270876722e-15,0,395.0306803270323
0.0,b2039,1,75,0.13410915918519603,0.1341091591851948,1.2212453270876722e-15,0,395.0306803270323
0.0,b3789,1,75,0.13410915918519603,0.1341091591851948,1.2212453270876722e-15,0,395.0306803270323
0.0,b2041,1,75,0.13410915918519603,0.1341091591851948,1.2212453270876722e-15,0,395.0306803270323
0.0,b3788,1,75,0.13410915918519603,0.1341091591851948,1.2212453270876722e-15,0,395.0306803270323
0.0,b2036,1,75,0.13410915918519603,0.1341091591851948,1.2212453270876722e-15,0,395.0306803270323
0.0,b2038,1,75,0.13410915918519603,0.1341091591851948,1.2212453270876722e-15,0,395.0306803270323
0.0,b2040,1,75,0.13410915918519603,0.1341091591851948,1.2212453270876722e-15,0,395.0306803270323
0.0,b0512,1,75,0.13410915918519603,0.1341091591851948,1.2212453270876722e-15,0,395.0306803270323
0.0,b3972,1,410,0.13410915918519603,0.0,0.13410915918519603,1,837.2578785096937
0.0,s0001,45,410,0.13410915918519603,-1.866248261056015e-14,0.13410915918521468,1,837.2578785097603
0.0,b3617,1,65,0.13410915918519603,0.13410915918519378,2.248201624865942e-15,0,395.0345191651338
0.0,b0030,5,65,0.13410915918519603,0.13410915918518987,6.161737786669619e-15,0,395.0345191651278
0.0,b0200,1,65,0.13410915918519603,0.13410915918518987,6.161737786669619e-15,0,395.0345191651278
0.0,b0222,1,65,0.13410915918519603,0.13410915918518987,6.161737786669619e-15,0,395.0345191651278
0.0,b0038,2,65,0.13410915918519603,0.13410915918518987,6.161737786669619e-15,0,395.0345191651278
0.0,b0036,2,65,0.13410915918519603,0.13410915918518987,6.161737786669619e-15,0,395.0345191651278
0.0,b3844,6,341,0.13410915918519603,0.13262970275981759,0.0014794564253784448,0,2486.6445230974623
0.0,b2784,2,54,0.13410915918519603,0.1341091591851976,-1.582067810090848e-15,0,2449.778632693763
0.0,b2431,1,413,0.13410915918519603,-1.6215966708858154e-16,0.1341091591851962,1,6908.618816118225
0.0,b1019,1,413,0.13410915918519603,0.0,0.13410915918519603,1,6908.6188161179925
0.0,b0475,1,413,0.13410915918519603,0.0,0.13410915918519603,1,6908.6188161179925
0.0,b4040,1,413,0.13410915918519603,0.0,0.13410915918519603,1,6908.6188161179925
0.0,b3974,1,413,0.13410915918519603,0.0,0.13410915918519603,1,6908.618816118347
0.0,b0103,1,413,0.13410915918519603,0.0,0.13410915918519603,1,6908.6188161183345
0.0,b2104,1,63,0.13410915918519603,0.1341091591851954,6.38378239159465e-16,0,2451.4731270202383
0.0,b1215,1,413,0.13410915918519603,-3.7122605213108746e-16,0.1341091591851964,1,6908.618816118058
0.0,b3198,1,413,0.13410915918519603,0.0,0.13410915918519603,1,6908.618816118438
0.0,b1747,1,63,0.13410915918519603,0.13410915918519678,-7.494005416219807e-16,0,2451.4731270203088
0.0,b1744,1,63,0.13410915918519603,0.13410915918519317,2.858824288409778e-15,0,2451.473127020118
0.0,b0340,1,63,0.13410915918519603,0.13410915918519317,2.858824288409778e-15,0,2451.473127020118
0.0,b2988,2,63,0.13410915918519603,0.13410915918519317,2.858824288409778e-15,0,2451.473127020118
0.0,b2883,1,63,0.13410915918519603,0.13410915918519317,2.858824288409778e-15,0,2451.473127020118
0.0,b1098,1,413,0.13410915918519603,-7.3056435970707e-17,0.13410915918519611,1,6908.618816118091
0.0,b0888,1,63,0.13410915918519603,0.13410915918519056,5.467848396278896e-15,0,2451.473127020009
0.0,b2690,7,63,0.13410915918519603,0.13410915918519317,2.858824288409778e-15,0,2451.473127020118
0.0,b0688,1,63,0.13410915918519603,0.13410915918519317,2.858824288409778e-15,0,2451.473127020118
0.0,b1317,1,63,0.13410915918519603,0.13410915918519317,2.858824288409778e-15,0,2451.473127020118
0.0,b2168,1,63,0.13410915918519603,0.13410915918519317,2.858824288409778e-15,0,2451.473127020118
0.0,b2687,1,413,0.13410915918519603,-7.3056435970707e-17,0.13410915918519611,1,6908.618816118091
0.0,b3581,1,63,0.13410915918519603,0.13410915918519256,3.469446951953614e-15,0,2451.473127020106
0.0,b4196,1,63,0.13410915918519603,0.1341091591851987,-2.6645352591003757e-15,0,2451.4731270204124
0.0,b3582,1,63,0.13410915918519603,0.1341091591851987,-2.6645352591003757e-15,0,2451.4731270204124
0.0,b4197,1,63,0.13410915918519603,0.1341091591851987,-2.6645352591003757e-15,0,2451.4731270204124
0.0,b3575,1,63,0.13410915918519603,0.1341091591851987,-2.6645352591003757e-15,0,2451.4731270204124
0.0,b0312,2,63,0.13410915918519603,0.1341091591851987,-2.6645352591003757e-15,0,2451.4731270204124
0.0,b0403,5,63,0.13410915918519603,0.1341091591851987,-2.6645352591003757e-15,0,2451.4731270204124
0.0,b0207,2,63,0.13410915918519603,0.1341091591851987,-2.6645352591003757e-15,0,2451.4731270204124
0.0,b3012,2,63,0.13410915918519603,0.1341091591851987,-2.6645352591003757e-15,0,2451.4731270204124
0.0,b3962,1,63,0.13410915918519603,0.1341091591851987,-2.6645352591003757e-15,0,2451.4731270204124
0.0,b2764,4,413,0.13410915918519603,1.2235711967619497e-15,0.1341091591851948,1,6908.618816118632
0.0,b2763,4,413,0.13410915918519603,0.0,0.13410915918519603,1,6908.618816118452
0.0,b0937,2,63,0.13410915918519603,0.13410915918519598,5.551115123125783e-17,0,2451.473127020269
0.0,b2563,1,63,0.13410915918519603,0.1341091591851987,-2.6645352591003757e-15,0,2451.4731270204124
0.0,b3475,1,63,0.13410915918519603,0.1341091591851987,-2.6645352591003757e-15,0,2451.4731270204124
0.0,b2507,2,413,0.13410915918519603,1.1927671482250463e-16,0.13410915918519592,1,6908.618816118664
0.0,b1982,1,63,0.13410915918519603,0.13410915918519545,5.828670879282072e-16,0,2451.4731270202315
0.0,b3360,1,413,0.13410915918519603,1.4101354640223142e-16,0.1341091591851959,1,6908.618816118687
0.0,b1812,1,413,0.13410915918519603,2.7547291195775908e-27,0.13410915918519603,1,6908.618816118218
0.0,b1096,2,413,0.13410915918519603,2.7547291195775908e-27,0.13410915918519603,1,6908.618816118218
0.0,b4039,2,413,0.13410915918519603,0.0,0.13410915918519603,1,6908.6188161183345
0.0,b2416,21,419,0.13410915918519603,0.10859371793998455,0.025515441245211476,0,3271.7853556872665
0.0,b1200,1,58,0.13410915918519603,0.13410915918519883,-2.8033131371785203e-15,0,2063.7264131222455
0.0,b2415,21,419,0.13410915918519603,0.1085937179399164,0.02551544124527963,0,3271.7853556882733
0.0,b1199,1,58,0.13410915918519603,0.13410915918519883,-2.8033131371785203e-15,0,2063.7264131222455
0.0,b1198,1,58,0.13410915918519603,0.13410915918519814,-2.1094237467877974e-15,0,2063.7264131222564
0.0,b0171,1,411,0.13410915918519603,-6.7158981922538865e-16,0.1341091591851967,1,6437.163974790919
0.0,b4477,1,75,0.13410915918519603,0.13410915918519173,4.3021142204224816e-15,0,2063.728226603685
0.0,b2498,1,75,0.13410915918519603,0.13410915918519412,1.915134717478395e-15,0,2063.7282266038274
0.0,b2780,1,411,0.13410915918519603,6.106340218273188e-17,0.13410915918519598,1,6437.1639747903955
0.0,b0087,1,411,0.13410915918519603,0.0,0.13410915918519603,1,6437.1639747902045
0.0,b0090,1,411,0.13410915918519603,0.0,0.13410915918519603,1,6437.163974790226
0.0,b3946,1,75,0.13410915918519603,0.13410915918519326,2.7755575615628914e-15,0,2063.7282266037396
0.0,b0825,1,75,0.13410915918519603,0.13410915918519412,1.915134717478395e-15,0,2063.7282266038274
0.0,b3619,1,75,0.13410915918519603,0.13410915918519412,1.915134717478395e-15,0,2063.7282266038274
0.0,b4267,2,75,0.13410915918519603,0.13410915918519412,1.915134717478395e-15,0,2063.7282266038274
0.0,b1033,4,75,0.13410915918519603,0.13410915918519412,1.915134717478395e-15,0,2063.7282266038274
0.0,b3957,1,411,0.13410915918519603,3.6815906311377246e-16,0.13410915918519567,1,6437.163974790374
0.0,b1623,2,75,0.13410915918519603,0.13410915918519048,5.551115123125783e-15,0,2063.7282266036163
0.0,b3665,1,75,0.13410915918519603,0.13410915918519412,1.915134717478395e-15,0,2063.7282266038274
0.0,b4177,1,411,0.13410915918519603,-2.1312683889793338e-14,0.13410915918521735,1,6437.163974791299
0.0,b0677,1,75,0.13410915918519603,0.13410915918519753,-1.4988010832439613e-15,0,2063.728226603968
0.0,b0828,1,75,0.13410915918519603,0.13410915918519412,1.915134717478395e-15,0,2063.7282266038274
0.0,b1767,1,75,0.13410915918519603,0.13410915918519412,1.915134717478395e-15,0,2063.7282266038274
0.0,b0674,2,411,0.13410915918519603,-3.557300034763164e-19,0.13410915918519603,1,6437.163974790398
0.0,b3744,1,324,0.13410915918519603,0.13378002689064836,0.0003291322945476738,0,2071.0863811458926
0.0,b4245,1,411,0.13410915918519603,-5.1991910137283494e-17,0.1341091591851961,1,6437.163974790383
0.0,b4244,1,411,0.13410915918519603,0.0,0.13410915918519603,1,6437.163974790372
0.0,b0029,2,411,0.13410915918519603,0.0,0.13410915918519603,1,6437.163974790372
0.0,b1092,1,411,0.13410915918519603,0.0,0.13410915918519603,1,6437.163974789984
0.0,b3809,1,411,0.13410915918519603,0.0,0.13410915918519603,1,6437.163974789541
0.0,b0031,1,411,0.13410915918519603,0.0,0.13410915918519603,1,6437.1639747901
0.0,b0003,2,411,0.13410915918519603,0.0,0.13410915918519603,1,6437.163974790445
0.0,b1748,3,411,0.13410915918519603,0.0,0.13410915918519603,1,6437.163974789808
0.0,b3359,2,411,0.13410915918519603,0.0,0.13410915918519603,1,6437.16397479033
0.0,b0004,1,411,0.13410915918519603,0.0,0.13410915918519603,1,6437.16397479033
0.0,b4013,1,411,0.13410915918519603,0.0,0.13410915918519603,1,6437.163974789808
0.0,b1704,1,411,0.13410915918519603,0.0,0.13410915918519603,1,6437.1639747909285
0.0,b2601,1,411,0.13410915918519603,9.382497836765905e-30,0.13410915918519603,1,6437.1639747900535
0.0,b0754,1,411,0.13410915918519603,9.382497836765905e-30,0.13410915918519603,1,6437.1639747900535
0.0,b2700,1,78,0.13410915918519603,0.1341091591851926,3.4416913763379853e-15,0,2063.728226844173
0.0,b1768,1,78,0.13410915918519603,0.13410915918519084,5.190292640122607e-15,0,2063.7282268440867
0.0,b1014,2,78,0.13410915918519603,0.13410915918519084,5.190292640122607e-15,0,2063.7282268440867
0.0,b1584,2,78,0.13410915918519603,0.13410915918519084,5.190292640122607e-15,0,2063.7282268440867
0.0,b3790,1,78,0.13410915918519603,0.13410915918519084,5.190292640122607e-15,0,2063.7282268440867
0.0,b4014,1,78,0.13410915918519603,0.13410915918519084,5.190292640122607e-15,0,2063.7282268440867
0.0,b2976,1,78,0.13410915918519603,0.13410915918519084,5.190292640122607e-15,0,2063.7282268440867
0.0,b1897,1,78,0.13410915918519603,0.13410915918519084,5.190292640122607e-15,0,2063.7282268440867
0.0,b3034,1,78,0.13410915918519603,0.13410915918519084,5.190292640122607e-15,0,2063.7282268440867
0.0,b3397,1,78,0.13410915918519603,0.13410915918519084,5.190292640122607e-15,0,2063.7282268440867
0.0,b0062,1,78,0.13410915918519603,0.13410915918519084,5.190292640122607e-15,0,2063.7282268440867
0.0,b3600,1,78,0.13410915918519603,0.13410915918519084,5.190292640122607e-15,0,2063.7282268440867
0.0,b3608,1,311,0.13410915918519603,0.13401407992736092,9.507925783511229e-05,0,2065.9024986584213
0.0,b4119,1,78,0.13410915918519603,0.13410915918519575,2.7755575615628914e-16,0,2063.72822684432
0.0,b2802,2,78,0.13410915918519603,0.1341091591851919,4.135580766728708e-15,0,2063.728226844143
0.0,b2803,1,78,0.13410915918519603,0.1341091591851919,4.135580766728708e-15,0,2063.728226844143
0.0,b2800,1,78,0.13410915918519603,0.1341091591851919,4.135580766728708e-15,0,2063.728226844143
0.0,b2738,1,78,0.13410915918519603,0.1341091591851919,4.135580766728708e-15,0,2063.728226844143
0.0,b0335,1,81,0.13410915918519603,0.1341091591851919,4.135580766728708e-15,0,2063.7430960320894
0.0,b1236,1,81,0.13410915918519603,0.13410915918519384,2.192690473634684e-15,0,2063.743096032173
0.0,b0179,1,411,0.13410915918519603,2.595795721361094e-16,0.13410915918519578,1,6437.163974790382
0.0,b0085,1,411,0.13410915918519603,0.0,0.13410915918519603,1,6437.16397479062
0.0,b0091,1,411,0.13410915918519603,0.0,0.13410915918519603,1,6437.163974789801
0.0,b0088,1,411,0.13410915918519603,0.0,0.13410915918519603,1,6437.163974790215
0.0,b0505,1,81,0.13410915918519603,0.13410915918519217,3.858025010572419e-15,0,2063.743096032094
0.0,b0350,1,81,0.13410915918519603,0.13410915918519384,2.192690473634684e-15,0,2063.743096032173
0.0,b0352,1,81,0.13410915918519603,0.13410915918519384,2.192690473634684e-15,0,2063.743096032173
0.0,b0347,2,81,0.13410915918519603,0.13410915918519384,2.192690473634684e-15,0,2063.743096032173
0.0,b0726,1,81,0.13410915918519603,0.13410915918519384,2.192690473634684e-15,0,2063.743096032173
0.0,b0727,1,81,0.13410915918519603,0.13410915918519384,2.192690473634684e-15,0,2063.743096032173
0.0,b3945,4,81,0.13410915918519603,0.13410915918519384,2.192690473634684e-15,0,2063.743096032173
0.0,b0131,1,411,0.13410915918519603,2.595795721361094e-16,0.13410915918519578,1,6437.163974790379
0.0,b0086,1,411,0.13410915918519603,0.0,0.13410915918519603,1,6437.163974790472
0.0,b0096,1,411,0.13410915918519603,0.0,0.13410915918519603,1,6437.16397479027
0.0,b0181,1,411,0.13410915918519603,0.0,0.13410915918519603,1,6437.163974790219
0.0,b2019,1,411,0.13410915918519603,0.0,0.13410915918519603,1,6437.163974790219
0.0,b2020,1,411,0.13410915918519603,0.0,0.13410915918519603,1,6437.163974789513
0.0,b2022,2,411,0.13410915918519603,0.0,0.13410915918519603,1,6437.163974790663
0.0,b1207,1,81,0.13410915918519603,0.13410915918519586,1.6653345369377348e-16,0,2063.7430960322604
0.0,b2026,2,411,0.13410915918519603,1.9146735087917472e-16,0.13410915918519584,1,6437.163974789932
0.0,b2024,1,411,0.13410915918519603,0.0,0.13410915918519603,1,6437.16397479065
0.0,b3607,1,411,0.13410915918519603,0.0,0.13410915918519603,1,6437.163974790043
0.0,b2421,1,411,0.13410915918519603,0.0,0.13410915918519603,1,6437.163974790577
0.0,b2414,1,411,0.13410915918519603,0.0,0.13410915918519603,1,6437.163974790577
0.0,b4214,1,411,0.13410915918519603,0.0,0.13410915918519603,1,6437.163974790577
0.0,b2762,2,411,0.13410915918519603,0.0,0.13410915918519603,1,6437.16397479058
0.0,b4024,1,411,0.13410915918519603,0.0,0.13410915918519603,1,6437.16397479016
0.0,b0002,2,411,0.13410915918519603,0.0,0.13410915918519603,1,6437.163974791809
0.0,b3940,2,411,0.13410915918519603,0.0,0.13410915918519603,1,6437.163974791809
0.0,b3433,1,411,0.13410915918519603,0.0,0.13410915918519603,1,6437.163974791809
0.0,b2838,1,411,0.13410915918519603,0.0,0.13410915918519603,1,6437.163974791809
0.0,b2942,1,411,0.13410915918519603,0.0,0.13410915918519603,1,6437.1639747900335
0.0,b4192,1,81,0.13410915918519603,0.13410915918519145,4.579669976578771e-15,0,2063.7430960320603
0.0,b1993,2,81,0.13410915918519603,0.13410915918519273,3.3029134982598407e-15,0,2063.7430960320917
0.0,b1992,1,81,0.13410915918519603,0.13410915918519273,3.3029134982598407e-15,0,2063.7430960320917
0.0,b0417,1,411,0.13410915918519603,5.340594620846105e-16,0.1341091591851955,1,6437.163974789915
0.0,b0348,2,81,0.13410915918519603,0.13410915918519734,-1.304512053934559e-15,0,2063.7430960323386
0.0,b0349,2,81,0.13410915918519603,0.13410915918519392,2.1094237467877974e-15,0,2063.7430960321617
0.0,b3124,1,81,0.13410915918519603,0.13410915918519392,2.1094237467877974e-15,0,2063.7430960321617
0.0,b0583,1,81,0.13410915918519603,0.13410915918519392,2.1094237467877974e-15,0,2063.7430960321617
0.0,b0732,1,81,0.13410915918519603,0.13410915918519392,2.1094237467877974e-15,0,2063.7430960321617
0.0,b0517,1,81,0.13410915918519603,0.13410915918519392,2.1094237467877974e-15,0,2063.7430960321617
0.0,b0521,1,375,0.13410915918519603,0.1324155490811031,0.0016936101040929408,0,2101.7719705848144
0.0,b3223,1,81,0.13410915918519603,0.1341091591852013,-5.2735593669694936e-15,0,2063.7430960325078
0.0,b2428,1,81,0.13410915918519603,0.13410915918519392,2.1094237467877974e-15,0,2063.7430960321617
0.0,b2162,2,81,0.13410915918519603,0.13410915918519392,2.1094237467877974e-15,0,2063.7430960321617
0.0,b0651,2,81,0.13410915918519603,0.13410915918519392,2.1094237467877974e-15,0,2063.7430960321617
0.0,b0522,1,411,0.13410915918519603,-9.63390570374404e-14,0.13410915918529237,1,6437.163974793992
0.0,b1779,6,412,0.13410915918519603,0.0,0.13410915918519603,1,5753.131930299671
0.0,b2388,1,57,0.13410915918519603,0.13410915918519487,1.1657341758564144e-15,0,395.03597345820356
0.0,b2029,1,57,0.13410915918519603,0.13410915918520153,-5.495603971894525e-15,0,395.0359734582067
0.0,b0368,1,57,0.13410915918519603,0.13410915918520153,-5.495603971894525e-15,0,395.0359734582067
0.0,b2463,1,57,0.13410915918519603,0.13410915918520153,-5.495603971894525e-15,0,395.0359734582067
0.0,b3960,1,410,0.13410915918519603,0.0,0.13410915918519603,1,837.2578785097519
0.0,b0032,1,57,0.13410915918519603,0.1341091591851925,3.524958103184872e-15,0,395.0359734581998
0.0,b0033,1,57,0.13410915918519603,0.13410915918520153,-5.495603971894525e-15,0,395.0359734582067
0.0,b0242,1,410,0.13410915918519603,1.7603226100468766e-15,0.13410915918519428,1,837.2578785097534
0.0,b0074,1,410,0.13410915918519603,0.0,0.13410915918519603,1,837.257878509657
0.0,b1091,3,410,0.13410915918519603,0.0,0.13410915918519603,1,837.2578785097044
0.0,b3908,1,57,0.13410915918519603,0.13410915918519015,5.88418203051333e-15,0,395.03597345819924
0.0,b1656,1,57,0.13410915918519603,0.13410915918520153,-5.495603971894525e-15,0,395.0359734582067
0.0,b0159,3,410,0.13410915918519603,0.0,0.13410915918519603,1,837.2578785097592
0.0,b1106,1,57,0.13410915918519603,0.13410915918519306,2.9698465908722937e-15,0,395.0359734582015
0.0,b1759,2,57,0.13410915918519603,0.13410915918520153,-5.495603971894525e-15,0,395.0359734582067
0.0,b2251,3,74,0.13410915918519603,0.13410915918520153,-5.495603971894525e-15,0,395.03778693994286
0.0,b0905,1,74,0.13410915918519603,0.13410915918519917,-3.1363800445660672e-15,0,395.0377869399422
0.0,b3248,2,74,0.13410915918519603,0.13410915918519917,-3.1363800445660672e-15,0,395.0377869399422
0.0,b0386,1,410,0.13410915918519603,1.3315509907074474e-15,0.1341091591851947,1,837.2578785097319
0.0,b3425,1,74,0.13410915918519603,0.13410915918519745,-1.4155343563970746e-15,0,395.03778693994064
0.0,b2668,1,74,0.13410915918519603,0.13410915918519917,-3.1363800445660672e-15,0,395.0377869399422
0.0,b2521,2,74,0.13410915918519603,0.13410915918519917,-3.1363800445660672e-15,0,395.0377869399422
0.0,b2053,1,74,0.13410915918519603,0.13410915918519917,-3.1363800445660672e-15,0,395.0377869399422
0.0,b2920,1,74,0.13410915918519603,0.13410915918519917,-3.1363800445660672e-15,0,395.0377869399422
0.0,b2143,2,74,0.13410915918519603,0.13410915918519917,-3.1363800445660672e-15,0,395.0377869399422
0.0,b0778,1,410,0.13410915918519603,0.0,0.13410915918519603,1,837.2578785097433
0.0,b2065,1,74,0.13410915918519603,0.13410915918519206,3.969047313034935e-15,0,395.0377869399367
0.0,b2478,1,410,0.13410915918519603,-2.428072679722871e-16,0.13410915918519628,1,837.2578785096937
0.0,b0337,1,74,0.13410915918519603,0.13410915918519406,1.970645868709653e-15,0,395.0377869399333
0.0,b3729,1,410,0.13410915918519603,1.8167423448645592e-16,0.13410915918519584,1,837.257878509689
0.0,b2688,1,74,0.13410915918519603,0.13410915918519592,1.1102230246251565e-16,0,395.0377869399402
0.0,b0485,1,74,0.13410915918519603,0.13410915918519556,4.718447854656915e-16,0,395.0377869399396
0.0,b1524,1,74,0.13410915918519603,0.13410915918519556,4.718447854656915e-16,0,395.0377869399396
0.0,b2312,1,410,0.13410915918519603,-2.6693790643511012e-14,0.13410915918522273,1,837.2578785098526
0.0,b0104,1,74,0.13410915918519603,0.13410915918519675,-7.216449660063518e-16,0,395.03778693994116
0.0,b1740,1,410,0.13410915918519603,-4.889417987019415e-16,0.13410915918519653,1,837.2578785096919
0.0,b3366,1,74,0.13410915918519603,0.13410915918519584,1.942890293094024e-16,0,395.0377869399401
0.0,b3365,1,74,0.13410915918519603,0.13410915918519561,4.163336342344337e-16,0,395.03778693994144
0.0,b4254,1,410,0.13410915918519603,1.3569137503077444e-15,0.13410915918519467,1,837.2578785097198
0.0,b0273,1,410,0.13410915918519603,0.0,0.13410915918519603,1,837.2578785097077
0.0,b2500,1,335,0.13410915918519603,0.13364927446580352,0.0004598847193925115,0,395.3383517765303
0.0,b3449,5,74,0.13410915918519603,0.1341091591852033,-7.271960811294775e-15,0,395.03778693994707
0.0,b0331,1,74,0.13410915918519603,0.13410915918519561,4.163336342344337e-16,0,395.03778693994144
0.0,b2210,2,74,0.13410915918519603,0.13410915918519561,4.163336342344337e-16,0,395.03778693994144
0.0,b1746,1,74,0.13410915918519603,0.13410915918519561,4.163336342344337e-16,0,395.03778693994144
0.0,b0052,1,410,0.13410915918519603,2.913460940120761e-15,0.13410915918519312,1,837.2578785097326
0.0,b2564,1,410,0.13410915918519603,0.0,0.13410915918519603,1,837.2578785096837
0.0,b0369,1,410,0.13410915918519603,0.0,0.13410915918519603,1,837.2578785096837
0.0,b4005,1,410,0.13410915918519603,8.971601571389457e-14,0.13410915918510632,1,837.2578785092458
0.0,b2557,1,410,0.13410915918519603,1.7245252999608525e-14,0.1341091591851788,1,837.2578785096249
0.0,b2441,1,74,0.13410915918519603,0.1341091591851343,6.17284001691587e-14,0,395.0377869398936
0.0,b2440,1,74,0.13410915918519603,0.13410915918519917,-3.1363800445660672e-15,0,395.0377869399422
0.0,b2049,1,74,0.13410915918519603,0.13410915918519917,-3.1363800445660672e-15,0,395.0377869399422
0.0,b3806,1,74,0.13410915918519603,0.13410915918519917,-3.1363800445660672e-15,0,395.0377869399422
0.0,b2533,2,74,0.13410915918519603,0.13410915918519917,-3.1363800445660672e-15,0,395.0377869399422
0.0,b0333,1,74,0.13410915918519603,0.13410915918519917,-3.1363800445660672e-15,0,395.0377869399422
0.0,b3590,1,74,0.13410915918519603,0.13410915918519917,-3.1363800445660672e-15,0,395.0377869399422
0.0,b2173,1,74,0.13410915918519603,0.13410915918519917,-3.1363800445660672e-15,0,395.0377869399422
0.0,b2918,1,74,0.13410915918519603,0.13410915918519917,-3.1363800445660672e-15,0,395.0377869399422
0.0,b2727,1,74,0.13410915918519603,0.13410915918519917,-3.1363800445660672e-15,0,395.0377869399422
0.0,b4173,1,74,0.13410915918519603,0.13410915918519917,-3.1363800445660672e-15,0,395.0377869399422
0.0,b4352,1,74,0.13410915918519603,0.13410915918519917,-3.1363800445660672e-15,0,395.0377869399422
0.0,b4161,4,74,0.13410915918519603,0.13410915918519917,-3.1363800445660672e-15,0,395.0377869399422
0.0,b1852,1,74,0.13410915918519603,0.13410915918519917,-3.1363800445660672e-15,0,395.0377869399422
0.0,b0134,1,410,0.13410915918519603,-1.0214694492758046e-46,0.13410915918519603,1,837.2578785097403
0.0,b2028,1,74,0.13410915918519603,0.13410915918519697,-9.43689570931383e-16,0,395.037786939943
0.0,b2787,1,74,0.13410915918519603,0.13410915918519917,-3.1363800445660672e-15,0,395.0377869399422
0.0,b2788,1,74,0.13410915918519603,0.13410915918519917,-3.1363800445660672e-15,0,395.0377869399422
0.0,b3791,1,74,0.13410915918519603,0.13410915918519917,-3.1363800445660672e-15,0,395.0377869399422
0.0,b3787,1,74,0.13410915918519603,0.13410915918519917,-3.1363800445660672e-15,0,395.0377869399422
0.0,b1415,2,74,0.13410915918519603,0.13410915918519917,-3.1363800445660672e-15,0,395.0377869399422
0.0,b1493,1,74,0.13410915918519603,0.13410915918519917,-3.1363800445660672e-15,0,395.0377869399422
0.0,b3517,1,74,0.13410915918519603,0.13410915918519917,-3.1363800445660672e-15,0,395.0377869399422
0.0,b3551,3,74,0.13410915918519603,0.13410915918519917,-3.1363800445660672e-15,0,395.0377869399422
0.0,b2750,1,410,0.13410915918519603,-1.3315509907074474e-15,0.13410915918519736,1,837.2578785097501
0.0,b1622,1,410,0.13410915918519603,0.0,0.13410915918519603,1,837.2578785096342
0.0,b3939,1,410,0.13410915918519603,0.0,0.13410915918519603,1,837.2578785096941
0.0,b2661,1,74,0.13410915918519603,0.1341091591851964,-3.608224830031759e-16,0,395.0377869399402
0.0,b0241,283,412,0.13410915918519603,0.0,0.13410915918519603,1,5753.131930299671
0.0,b2215,285,412,0.13410915918519603,0.0,0.13410915918519603,1,5753.131930299671
0.0,b0929,285,412,0.13410915918519603,0.0,0.13410915918519603,1,5753.131930299671
0.0,b1377,284,412,0.13410915918519603,0.0,0.13410915918519603,1,5753.131930299671
0.0,b0411,7,85,0.13410915918519603,0.13410915918520014,-4.107825191113079e-15,0,595.0456943265539
0.0,b1319,1,85,0.13410915918519603,0.13410915918518382,1.2212453270876722e-14,0,595.0456943265392
0.0,b3875,3,85,0.13410915918519603,0.13410915918518382,1.2212453270876722e-14,0,595.0456943265392
0.0,b0957,1,85,0.13410915918519603,0.13410915918518382,1.2212453270876722e-14,0,595.0456943265392
0.0,b1805,10,85,0.13410915918519603,0.13410915918518382,1.2212453270876722e-14,0,595.0456943265392
0.0,b1701,10,85,0.13410915918519603,0.13410915918518382,1.2212453270876722e-14,0,595.0456943265392
0.0,b1646,1,85,0.13410915918519603,0.13410915918518382,1.2212453270876722e-14,0,595.0456943265392
0.0,b2203,2,85,0.13410915918519603,0.13410915918518382,1.2212453270876722e-14,0,595.0456943265392
0.0,b2202,2,85,0.13410915918519603,0.13410915918518382,1.2212453270876722e-14,0,595.0456943265392
0.0,b2206,2,85,0.13410915918519603,0.13410915918518382,1.2212453270876722e-14,0,595.0456943265392
0.0,b2205,1,85,0.13410915918519603,0.13410915918518382,1.2212453270876722e-14,0,595.0456943265392
0.0,b2204,1,85,0.13410915918519603,0.13410915918518382,1.2212453270876722e-14,0,595.0456943265392
0.0,b0980,2,85,0.13410915918519603,0.13410915918518382,1.2212453270876722e-14,0,595.0456943265392
0.0,b0383,15,85,0.13410915918519603,0.13410915918518382,1.2212453270876722e-14,0,595.0456943265392
0.0,b1468,2,85,0.13410915918519603,0.13410915918518382,1.2212453270876722e-14,0,595.0456943265392
0.0,b1224,2,85,0.13410915918519603,0.13410915918518382,1.2212453270876722e-14,0,595.0456943265392
0.0,b1225,2,85,0.13410915918519603,0.13410915918518382,1.2212453270876722e-14,0,595.0456943265392
0.0,b1226,2,85,0.13410915918519603,0.13410915918518382,1.2212453270876722e-14,0,595.0456943265392
0.0,b1227,2,85,0.13410915918519603,0.13410915918518382,1.2212453270876722e-14,0,595.0456943265392
0.0,b1466,2,85,0.13410915918519603,0.13410915918518382,1.2212453270876722e-14,0,595.0456943265392
0.0,b1467,2,85,0.13410915918519603,0.13410915918518382,1.2212453270876722e-14,0,595.0456943265392
0.0,b1465,2,85,0.13410915918519603,0.13410915918518382,1.2212453270876722e-14,0,595.0456943265392
0.0,b1602,1,385,0.13410915918519603,0.13137540143404158,0.0027337577511544475,0,595.8583638895549
0.0,b1603,1,385,0.13410915918519603,0.1313754014340574,0.002733757751138627,0,595.8583638895752
0.0,b0997,2,62,0.13410915918519603,0.13410915918519842,-2.3869795029440866e-15,0,587.961647475346
0.0,b0996,2,62,0.13410915918519603,0.13410915918519756,-1.5265566588595902e-15,0,587.9616474753454
0.0,b1873,4,62,0.13410915918519603,0.13410915918519756,-1.5265566588595902e-15,0,587.9616474753454
0.0,b1872,4,62,0.13410915918519603,0.13410915918519756,-1.5265566588595902e-15,0,587.9616474753454
0.0,b3845,8,436,0.13410915918519603,0.13039414861087456,0.00371501057432147,0,910.0250107074562
0.0,b2342,8,436,0.13410915918519603,0.13039414861086765,0.0037150105743283812,0,910.0250107074309
0.0,b4388,1,396,0.13410915918519603,0.13077837892365948,0.003330780261536548,0,906.9337120686869
0.0,b0010,2,435,0.13410915918519603,0.11900505834556088,0.015104100839635148,0,5510.960110502648
0.0,b3528,6,93,0.13410915918519603,0.13410915918519223,3.802513859341161e-15,0,2735.1776417478077
0.0,b4123,9,94,0.13410915918519603,0.1341091591852036,-7.577272143066693e-15,0,2735.2006694874667
0.0,b0621,4,94,0.13410915918519603,0.13410915918519745,-1.4155343563970746e-15,0,2735.2006694872734
0.0,b4138,7,94,0.13410915918519603,0.13410915918519745,-1.4155343563970746e-15,0,2735.2006694872734
0.0,b2417,6,435,0.13410915918519603,0.10859371793991639,0.025515441245279644,0,3830.47373389767
0.0,b2429,2,97,0.13410915918519603,0.134109159185195,1.0269562977782698e-15,0,2774.984473489001
0.0,b2423,5,415,0.13410915918519603,2.062877620857967e-16,0.13410915918519584,1,7108.618816118345
0.0,b2422,5,415,0.13410915918519603,0.0,0.13410915918519603,1,7108.618816118231
0.0,b0764,3,415,0.13410915918519603,0.0,0.13410915918519603,1,7108.618816118231
0.0,b0765,3,415,0.13410915918519603,0.0,0.13410915918519603,1,7108.618816118231
0.0,b0763,3,415,0.13410915918519603,0.0,0.13410915918519603,1,7108.618816118231
0.0,b2425,5,415,0.13410915918519603,0.0,0.13410915918519603,1,7108.618816118231
0.0,b2424,5,415,0.13410915918519603,0.0,0.13410915918519603,1,7108.618816118231
0.0,b3917,5,415,0.13410915918519603,0.0,0.13410915918519603,1,7108.618816118231
0.0,b3063,1,97,0.13410915918519603,0.13410915918519487,1.1657341758564144e-15,0,2774.984473489004
0.0,b2913,3,403,0.13410915918519603,0.1307783789236728,0.003330780261523225,0,2704.1035618919336
0.0,b0366,3,97,0.13410915918519603,0.1341091591851895,6.522560269672795e-15,0,2774.984473488801
0.0,b0367,3,97,0.13410915918519603,0.13410915918519425,1.7763568394002505e-15,0,2774.984473488973
0.0,b0365,3,97,0.13410915918519603,0.13410915918519425,1.7763568394002505e-15,0,2774.984473488973
0.0,b2964,11,97,0.13410915918519603,0.13410915918519425,1.7763568394002505e-15,0,2774.984473488973
0.0,b2393,8,97,0.13410915918519603,0.13410915918519425,1.7763568394002505e-15,0,2774.984473488973
0.0,b1291,1,333,0.13410915918519603,0.13390908152125638,0.0002000776639396462,0,2779.5131158005365
0.0,b1250,1,333,0.13410915918519603,0.1339090815212561,0.00020007766393992377,0,2779.5131158005242
0.0,b1363,1,333,0.13410915918519603,0.1339090815212561,0.00020007766393992377,0,2779.5131158005242
0.0,b3290,1,333,0.13410915918519603,0.1339090815212561,0.00020007766393992377,0,2779.5131158005242
0.0,b3747,1,333,0.13410915918519603,0.1339090815212561,0.00020007766393992377,0,2779.5131158005242
0.0,b3849,1,333,0.13410915918519603,0.1339090815212561,0.00020007766393992377,0,2779.5131158005242
0.0,b2587,1,97,0.13410915918519603,0.1341091591851939,2.1371793224034263e-15,0,2774.9844734889593
0.0,b4031,1,97,0.13410915918519603,0.13410915918519425,1.7763568394002505e-15,0,2774.984473488973
0.0,b0067,1,97,0.13410915918519603,0.13410915918519425,1.7763568394002505e-15,0,2774.984473488973
0.0,b0066,1,97,0.13410915918519603,0.13410915918519425,1.7763568394002505e-15,0,2774.984473488973
0.0,b0068,1,97,0.13410915918519603,0.13410915918519425,1.7763568394002505e-15,0,2774.984473488973
0.0,b2406,6,97,0.13410915918519603,0.13410915918519425,1.7763568394002505e-15,0,2774.984473488973
0.0,b3460,5,97,0.13410915918519603,0.13410915918519425,1.7763568394002505e-15,0,2774.984473488973
0.0,b3455,5,97,0.13410915918519603,0.13410915918519425,1.7763568394002505e-15,0,2774.984473488973
0.0,b3454,5,97,0.13410915918519603,0.13410915918519425,1.7763568394002505e-15,0,2774.984473488973
0.0,b3457,5,97,0.13410915918519603,0.13410915918519425,1.7763568394002505e-15,0,2774.984473488973
0.0,b3456,5,97,0.13410915918519603,0.13410915918519425,1.7763568394002505e-15,0,2774.984473488973
0.0,b4240,1,97,0.13410915918519603,0.13410915918519425,1.7763568394002505e-15,0,2774.984473488973
0.0,b3161,2,97,0.13410915918519603,0.13410915918519425,1.7763568394002505e-15,0,2774.984473488973
0.0,b3709,1,97,0.13410915918519603,0.13410915918519425,1.7763568394002505e-15,0,2774.984473488973
0.0,b0112,4,97,0.13410915918519603,0.13410915918519425,1.7763568394002505e-15,0,2774.984473488973
0.0,b1907,1,97,0.13410915918519603,0.13410915918519425,1.7763568394002505e-15,0,2774.984473488973
0.0,b3567,1,97,0.13410915918519603,0.13410915918519425,1.7763568394002505e-15,0,2774.984473488973
0.0,b3566,1,97,0.13410915918519603,0.13410915918519425,1.7763568394002505e-15,0,2774.984473488973
0.0,b3568,1,97,0.13410915918519603,0.13410915918519425,1.7763568394002505e-15,0,2774.984473488973
0.0,b3577,2,97,0.13410915918519603,0.13410915918519425,1.7763568394002505e-15,0,2774.984473488973
0.0,b3578,2,97,0.13410915918519603,0.13410915918519425,1.7763568394002505e-15,0,2774.984473488973
0.0,b3579,2,97,0.13410915918519603,0.13410915918519425,1.7763568394002505e-15,0,2774.984473488973
0.0,b3089,2,97,0.13410915918519603,0.13410915918519425,1.7763568394002505e-15,0,2774.984473488973
0.0,b2153,1,415,0.13410915918519603,0.0,0.13410915918519603,1,7108.618816118156
0.0,b0935,5,97,0.13410915918519603,0.13410915918518845,7.577272143066693e-15,0,2774.9844734887506
0.0,b0151,5,97,0.13410915918519603,0.13410915918520372,-7.688294445529209e-15,0,2774.9844734890958
0.0,b0153,5,97,0.13410915918519603,0.13410915918520372,-7.688294445529209e-15,0,2774.9844734890958
0.0,b0152,5,97,0.13410915918519603,0.13410915918520372,-7.688294445529209e-15,0,2774.9844734890958
0.0,b0158,3,97,0.13410915918519603,0.13410915918520372,-7.688294445529209e-15,0,2774.9844734890958
0.0,b1709,3,97,0.13410915918519603,0.13410915918520372,-7.688294445529209e-15,0,2774.9844734890958
0.0,b1711,3,97,0.13410915918519603,0.13410915918520372,-7.688294445529209e-15,0,2774.9844734890958
0.0,b2223,3,97,0.13410915918519603,0.13410915918520372,-7.688294445529209e-15,0,2774.9844734890958
0.0,b1101,2,435,0.13410915918519603,0.10859371793991615,0.02551544124527988,0,3758.9541430315408
0.0,b0679,1,94,0.13410915918519603,0.13410915918519725,-1.2212453270876722e-15,0,2695.287783206723
0.0,b1817,6,435,0.13410915918519603,0.10859371793991682,0.025515441245279213,0,3758.954143031505
0.0,b1819,6,435,0.13410915918519603,0.108593717939916,0.025515441245280032,0,3758.9541430314384
0.0,b1818,6,435,0.13410915918519603,0.108593717939916,0.025515441245280032,0,3758.9541430314384
0.0,b3224,1,94,0.13410915918519603,0.13410915918519725,-1.2212453270876722e-15,0,2695.287783206723
0.0,b0311,1,94,0.13410915918519603,0.13410915918519806,-2.0261570199409107e-15,0,2695.2877832067734
0.0,b4381,1,94,0.13410915918519603,0.13410915918519806,-2.0261570199409107e-15,0,2695.2877832067734
0.0,b0592,2,94,0.13410915918519603,0.13410915918519806,-2.0261570199409107e-15,0,2695.2877832067734
0.0,b0590,2,94,0.13410915918519603,0.13410915918519806,-2.0261570199409107e-15,0,2695.2877832067734
0.0,b0588,2,94,0.13410915918519603,0.13410915918519806,-2.0261570199409107e-15,0,2695.2877832067734
0.0,b0589,2,94,0.13410915918519603,0.13410915918519806,-2.0261570199409107e-15,0,2695.2877832067734
0.0,b2841,1,94,0.13410915918519603,0.13410915918519806,-2.0261570199409107e-15,0,2695.2877832067734
0.0,b2310,3,94,0.13410915918519603,0.13410915918519806,-2.0261570199409107e-15,0,2695.2877832067734
0.0,b2306,4,94,0.13410915918519603,0.13410915918519806,-2.0261570199409107e-15,0,2695.2877832067734
0.0,b2307,4,94,0.13410915918519603,0.13410915918519806,-2.0261570199409107e-15,0,2695.2877832067734
0.0,b2308,4,94,0.13410915918519603,0.13410915918519806,-2.0261570199409107e-15,0,2695.2877832067734
0.0,b0864,1,94,0.13410915918519603,0.13410915918519806,-2.0261570199409107e-15,0,2695.2877832067734
0.0,b0861,1,94,0.13410915918519603,0.13410915918519806,-2.0261570199409107e-15,0,2695.2877832067734
0.0,b0860,1,94,0.13410915918519603,0.13410915918519806,-2.0261570199409107e-15,0,2695.2877832067734
0.0,b0863,1,94,0.13410915918519603,0.13410915918519806,-2.0261570199409107e-15,0,2695.2877832067734
0.0,b0862,1,94,0.13410915918519603,0.13410915918519806,-2.0261570199409107e-15,0,2695.2877832067734
0.0,b4115,1,94,0.13410915918519603,0.13410915918519806,-2.0261570199409107e-15,0,2695.2877832067734
0.0,b4193,1,94,0.13410915918519603,0.13410915918519806,-2.0261570199409107e-15,0,2695.2877832067734
0.0,b4195,1,94,0.13410915918519603,0.13410915918519806,-2.0261570199409107e-15,0,2695.2877832067734
0.0,b4194,1,94,0.13410915918519603,0.13410915918519806,-2.0261570199409107e-15,0,2695.2877832067734
0.0,b1453,1,94,0.13410915918519603,0.13410915918519806,-2.0261570199409107e-15,0,2695.2877832067734
0.0,b0654,2,94,0.13410915918519603,0.13410915918519806,-2.0261570199409107e-15,0,2695.2877832067734
0.0,b0655,2,94,0.13410915918519603,0.13410915918519806,-2.0261570199409107e-15,0,2695.2877832067734
0.0,b0652,2,94,0.13410915918519603,0.13410915918519806,-2.0261570199409107e-15,0,2695.2877832067734
0.0,b0653,2,94,0.13410915918519603,0.13410915918519806,-2.0261570199409107e-15,0,2695.2877832067734
0.0,b4077,2,94,0.13410915918519603,0.13410915918519806,-2.0261570199409107e-15,0,2695.2877832067734
0.0,b0480,17,94,0.13410915918519603,0.13410915918519806,-2.0261570199409107e-15,0,2695.2877832067734
0.0,b4055,17,94,0.13410915918519603,0.13410915918519806,-2.0261570199409107e-15,0,2695.2877832067734
0.0,b3127,3,94,0.13410915918519603,0.13410915918519806,-2.0261570199409107e-15,0,2695.2877832067734
0.0,b2789,3,94,0.13410915918519603,0.13410915918519806,-2.0261570199409107e-15,0,2695.2877832067734
0.0,b2943,2,94,0.13410915918519603,0.13410915918519806,-2.0261570199409107e-15,0,2695.2877832067734
0.0,b2663,1,94,0.13410915918519603,0.13410915918519806,-2.0261570199409107e-15,0,2695.2877832067734
0.0,b1918,1,94,0.13410915918519603,0.13410915918519806,-2.0261570199409107e-15,0,2695.2877832067734
0.0,b1917,1,94,0.13410915918519603,0.13410915918519806,-2.0261570199409107e-15,0,2695.2877832067734
0.0,b1920,1,94,0.13410915918519603,0.13410915918519806,-2.0261570199409107e-15,0,2695.2877832067734
0.0,b2704,2,94,0.13410915918519603,0.13410915918519806,-2.0261570199409107e-15,0,2695.2877832067734
0.0,b2702,2,94,0.13410915918519603,0.13410915918519806,-2.0261570199409107e-15,0,2695.2877832067734
0.0,b2703,2,94,0.13410915918519603,0.13410915918519806,-2.0261570199409107e-15,0,2695.2877832067734
0.0,b1197,1,94,0.13410915918519603,0.13410915918519806,-2.0261570199409107e-15,0,2695.2877832067734
0.0,b4515,1,94,0.13410915918519603,0.13410915918519806,-2.0261570199409107e-15,0,2695.2877832067734
0.0,b0733,1,94,0.13410915918519603,0.13410915918519806,-2.0261570199409107e-15,0,2695.2877832067734
0.0,b0734,1,94,0.13410915918519603,0.13410915918519806,-2.0261570199409107e-15,0,2695.2877832067734
0.0,b0979,2,94,0.13410915918519603,0.13410915918519806,-2.0261570199409107e-15,0,2695.2877832067734
0.0,b0978,2,94,0.13410915918519603,0.13410915918519806,-2.0261570199409107e-15,0,2695.2877832067734
0.0,b3734,1,441,0.13410915918519603,0.11212765482623038,0.021981504358965648,0,5336.189700522361
0.0,b3735,1,441,0.13410915918519603,0.11212765482622483,0.0219815043589712,0,5336.189700522342
0.0,b3736,1,441,0.13410915918519603,0.11212765482622483,0.0219815043589712,0,5336.189700522342
0.0,b3737,1,441,0.13410915918519603,0.11212765482622483,0.0219815043589712,0,5336.189700522342
0.0,b3731,1,441,0.13410915918519603,0.11212765482622483,0.0219815043589712,0,5336.189700522342
0.0,b3732,1,441,0.13410915918519603,0.11212765482622483,0.0219815043589712,0,5336.189700522342
0.0,b3733,1,441,0.13410915918519603,0.11212765482622483,0.0219815043589712,0,5336.189700522342
0.0,b3738,1,441,0.13410915918519603,0.11212765482622483,0.0219815043589712,0,5336.189700522342
0.0,b3739,1,441,0.13410915918519603,0.11212765482622483,0.0219815043589712,0,5336.189700522342
0.0,b4067,2,97,0.13410915918519603,0.1341091591851923,3.7192471324942744e-15,0,2774.984473488961
0.0,b3714,1,97,0.13410915918519603,0.13410915918519414,1.887379141862766e-15,0,2774.984473488969
0.0,b3654,3,97,0.13410915918519603,0.13410915918519414,1.887379141862766e-15,0,2774.984473488969
0.0,b3664,1,97,0.13410915918519603,0.13410915918519414,1.887379141862766e-15,0,2774.984473488969
0.0,b4088,2,97,0.13410915918519603,0.13410915918519414,1.887379141862766e-15,0,2774.984473488969
0.0,b4087,2,97,0.13410915918519603,0.13410915918519414,1.887379141862766e-15,0,2774.984473488969
0.0,b4086,2,97,0.13410915918519603,0.13410915918519414,1.887379141862766e-15,0,2774.984473488969
0.0,b0511,1,97,0.13410915918519603,0.13410915918519414,1.887379141862766e-15,0,2774.984473488969
0.0,b1901,1,97,0.13410915918519603,0.13410915918519414,1.887379141862766e-15,0,2774.984473488969
0.0,b1900,1,97,0.13410915918519603,0.13410915918519414,1.887379141862766e-15,0,2774.984473488969
0.0,b4460,1,97,0.13410915918519603,0.13410915918519414,1.887379141862766e-15,0,2774.984473488969
0.0,b0124,1,97,0.13410915918519603,0.13410915918519414,1.887379141862766e-15,0,2774.984473488969
0.0,b0837,1,97,0.13410915918519603,0.13410915918519414,1.887379141862766e-15,0,2774.984473488969
0.0,b4464,2,97,0.13410915918519603,0.13410915918519414,1.887379141862766e-15,0,2774.984473488969
0.0,b4064,2,97,0.13410915918519603,0.13410915918519414,1.887379141862766e-15,0,2774.984473488969
0.0,b0974,3,97,0.13410915918519603,0.13410915918519414,1.887379141862766e-15,0,2774.984473488969
0.0,b0973,3,97,0.13410915918519603,0.13410915918519414,1.887379141862766e-15,0,2774.984473488969
0.0,b0972,3,97,0.13410915918519603,0.13410915918519414,1.887379141862766e-15,0,2774.984473488969
0.0,b2997,3,97,0.13410915918519603,0.13410915918519414,1.887379141862766e-15,0,2774.984473488969
0.0,b2996,3,97,0.13410915918519603,0.13410915918519414,1.887379141862766e-15,0,2774.984473488969
0.0,b2995,3,97,0.13410915918519603,0.13410915918519414,1.887379141862766e-15,0,2774.984473488969
0.0,b2994,3,97,0.13410915918519603,0.13410915918519414,1.887379141862766e-15,0,2774.984473488969
0.0,b4289,1,97,0.13410915918519603,0.13410915918519414,1.887379141862766e-15,0,2774.984473488969
0.0,b4288,1,97,0.13410915918519603,0.13410915918519414,1.887379141862766e-15,0,2774.984473488969
0.0,b4290,1,97,0.13410915918519603,0.13410915918519414,1.887379141862766e-15,0,2774.984473488969
0.0,b4287,1,97,0.13410915918519603,0.13410915918519414,1.887379141862766e-15,0,2774.984473488969
0.0,b1102,1,97,0.13410915918519603,0.13410915918519414,1.887379141862766e-15,0,2774.984473488969
0.0,b3006,10,97,0.13410915918519603,0.13410915918519414,1.887379141862766e-15,0,2774.984473488969
0.0,b3005,10,97,0.13410915918519603,0.13410915918519414,1.887379141862766e-15,0,2774.984473488969
0.0,b1252,10,97,0.13410915918519603,0.13410915918519414,1.887379141862766e-15,0,2774.984473488969
0.0,b2315,1,415,0.13410915918519603,0.0,0.13410915918519603,1,7108.6188161181635
0.0,b0612,1,97,0.13410915918519603,0.13410915918519944,-3.4139358007223564e-15,0,2774.984473489176
0.0,b0040,2,97,0.13410915918519603,0.1341091591852039,-7.882583474838611e-15,0,2774.9844734891703
0.0,b2131,2,97,0.13410915918519603,0.1341091591852039,-7.882583474838611e-15,0,2774.9844734891703
0.0,b2130,2,97,0.13410915918519603,0.1341091591852039,-7.882583474838611e-15,0,2774.9844734891703
0.0,b2128,2,97,0.13410915918519603,0.1341091591852039,-7.882583474838611e-15,0,2774.9844734891703
0.0,b2129,2,97,0.13410915918519603,0.1341091591852039,-7.882583474838611e-15,0,2774.9844734891703
0.0,b3409,1,97,0.13410915918519603,0.1341091591852039,-7.882583474838611e-15,0,2774.9844734891703
0.0,b2167,1,97,0.13410915918519603,0.1341091591852039,-7.882583474838611e-15,0,2774.9844734891703
0.0,b2169,1,97,0.13410915918519603,0.1341091591852039,-7.882583474838611e-15,0,2774.9844734891703
0.0,b2801,1,97,0.13410915918519603,0.1341091591852039,-7.882583474838611e-15,0,2774.9844734891703
0.0,b0584,1,97,0.13410915918519603,0.1341091591852039,-7.882583474838611e-15,0,2774.9844734891703
0.0,b0336,1,97,0.13410915918519603,0.1341091591852039,-7.882583474838611e-15,0,2774.9844734891703
0.0,b0341,1,97,0.13410915918519603,0.1341091591852039,-7.882583474838611e-15,0,2774.9844734891703
0.0,b3909,2,97,0.13410915918519603,0.1341091591852039,-7.882583474838611e-15,0,2774.9844734891703
0.0,b4036,7,95,0.13410915918519603,0.1341091591852039,-7.882583474838611e-15,0,2574.9844734891713
0.0,b4291,1,95,0.13410915918519603,0.13410915918520558,-9.547918011776346e-15,0,2574.984473489195
0.0,b1119,1,95,0.13410915918519603,0.13410915918520558,-9.547918011776346e-15,0,2574.984473489195
0.0,b3829,1,413,0.13410915918519603,-1.7036380715097153e-15,0.13410915918519772,1,6908.618816118975
0.0,b4019,1,413,0.13410915918519603,0.0,0.13410915918519603,1,6908.618816118142
0.0,b0887,2,95,0.13410915918519603,0.1341091591851975,-1.4710455076283324e-15,0,2574.984473489094
0.0,b0886,2,95,0.13410915918519603,0.13410915918520558,-9.547918011776346e-15,0,2574.984473489195
0.0,b2476,1,413,0.13410915918519603,1.0903283657662178e-13,0.134109159185087,1,6908.618816114213
0.0,b3125,1,95,0.13410915918519603,0.13410915918519611,-8.326672684688674e-17,0,2574.9844734890503
0.0,b0509,1,95,0.13410915918519603,0.13410915918520558,-9.547918011776346e-15,0,2574.984473489195
0.0,b2501,2,95,0.13410915918519603,0.13410915918520558,-9.547918011776346e-15,0,2574.984473489195
0.0,b3941,1,413,0.13410915918519603,-1.7036380715097153e-15,0.13410915918519772,1,6908.61881611894
0.0,b2574,4,413,0.13410915918519603,5.49327545446844e-13,0.1341091591846467,1,6908.61881609497
0.0,b3177,1,413,0.13410915918519603,-2.577142662877222e-28,0.13410915918519603,1,6908.618816118162
0.0,b0529,2,379,0.13410915918519603,0.1323266330721487,0.001782526113047328,0,2536.0633863001663
0.0,b4132,1,95,0.13410915918519603,0.1341091591851964,-3.608224830031759e-16,0,2574.984473489053
0.0,b0750,1,413,0.13410915918519603,-3.898923516680119e-12,0.13410915918909497,1,6908.6188162826365
0.0,b3605,2,95,0.13410915918519603,0.1341091591851947,1.3322676295501878e-15,0,2574.9844734889994
0.0,b0306,2,95,0.13410915918519603,0.13410915918520558,-9.547918011776346e-15,0,2574.984473489195
0.0,b0307,2,95,0.13410915918519603,0.13410915918520558,-9.547918011776346e-15,0,2574.984473489195
0.0,b0308,2,95,0.13410915918519603,0.13410915918520558,-9.547918011776346e-15,0,2574.984473489195
0.0,b0904,2,433,0.13410915918519603,0.11604572902207752,0.01806343016311851,0,6084.84703087997
0.0,b2492,2,433,0.13410915918519603,0.11604572902207416,0.01806343016312187,0,6084.847030879955
0.0,b3631,1,95,0.13410915918519603,0.13410915918519514,8.881784197001252e-16,0,2574.984473489016
0.0,b0914,32,413,0.13410915918519603,-4.0290388800106425e-17,0.13410915918519606,1,6908.618816118138
0.0,b1300,2,95,0.13410915918519603,0.13410915918518923,6.800116025829084e-15,0,2574.9844734888025
0.0,b1967,1,95,0.13410915918519603,0.13410915918519445,1.582067810090848e-15,0,2574.984473488986
0.0,b0933,5,95,0.13410915918519603,0.13410915918519445,1.582067810090848e-15,0,2574.984473488986
0.0,b0936,5,95,0.13410915918519603,0.13410915918519445,1.582067810090848e-15,0,2574.984473488986
0.0,b0934,5,95,0.13410915918519603,0.13410915918519445,1.582067810090848e-15,0,2574.984473488986
0.0,b2032,1,95,0.13410915918519603,0.13410915918519445,1.582067810090848e-15,0,2574.984473488986
0.0,b2027,3,95,0.13410915918519603,0.13410915918519445,1.582067810090848e-15,0,2574.984473488986
0.0,b2035,3,95,0.13410915918519603,0.13410915918519445,1.582067810090848e-15,0,2574.984473488986
0.0,b3622,2,95,0.13410915918519603,0.13410915918519445,1.582067810090848e-15,0,2574.984473488986
0.0,b0459,2,95,0.13410915918519603,0.13410915918519445,1.582067810090848e-15,0,2574.984473488986
0.0,b0585,2,95,0.13410915918519603,0.13410915918519445,1.582067810090848e-15,0,2574.984473488986
0.0,b1326,1,95,0.13410915918519603,0.13410915918519445,1.582067810090848e-15,0,2574.984473488986
0.0,b1325,1,95,0.13410915918519603,0.13410915918519445,1.582067810090848e-15,0,2574.984473488986
0.0,b0591,1,95,0.13410915918519603,0.13410915918519445,1.582067810090848e-15,0,2574.984473488986
0.0,b3035,9,95,0.13410915918519603,0.13410915918519445,1.582067810090848e-15,0,2574.984473488986
0.0,b0692,2,95,0.13410915918519603,0.13410915918519445,1.582067810090848e-15,0,2574.984473488986
0.0,b2014,1,95,0.13410915918519603,0.13410915918519445,1.582067810090848e-15,0,2574.984473488986
0.0,b1296,1,95,0.13410915918519603,0.13410915918519445,1.582067810090848e-15,0,2574.984473488986
0.0,b1298,1,95,0.13410915918519603,0.13410915918519445,1.582067810090848e-15,0,2574.984473488986
0.0,b3374,1,95,0.13410915918519603,0.13410915918519445,1.582067810090848e-15,0,2574.984473488986
0.0,b1308,1,95,0.13410915918519603,0.13410915918519445,1.582067810090848e-15,0,2574.984473488986
0.0,b2197,1,95,0.13410915918519603,0.13410915918519445,1.582067810090848e-15,0,2574.984473488986
0.0,b2201,1,95,0.13410915918519603,0.13410915918519445,1.582067810090848e-15,0,2574.984473488986
0.0,b2200,1,95,0.13410915918519603,0.13410915918519445,1.582067810090848e-15,0,2574.984473488986
0.0,b2199,1,95,0.13410915918519603,0.13410915918519445,1.582067810090848e-15,0,2574.984473488986
0.0,b2198,1,95,0.13410915918519603,0.13410915918519445,1.582067810090848e-15,0,2574.984473488986
0.0,b0622,2,95,0.13410915918519603,0.13410915918519445,1.582067810090848e-15,0,2574.984473488986
0.0,b3785,3,95,0.13410915918519603,0.13410915918519445,1.582067810090848e-15,0,2574.984473488986
0.0,b3793,3,95,0.13410915918519603,0.13410915918519445,1.582067810090848e-15,0,2574.984473488986
0.0,b2552,2,95,0.13410915918519603,0.13410915918519445,1.582067810090848e-15,0,2574.984473488986
0.0,b0756,1,95,0.13410915918519603,0.13410915918519445,1.582067810090848e-15,0,2574.984473488986
0.0,b0484,1,95,0.13410915918519603,0.13410915918519445,1.582067810090848e-15,0,2574.984473488986
0.0,b3469,6,95,0.13410915918519603,0.13410915918519445,1.582067810090848e-15,0,2574.984473488986
0.0,b3626,1,95,0.13410915918519603,0.13410915918519445,1.582067810090848e-15,0,2574.984473488986
0.0,b3623,1,95,0.13410915918519603,0.13410915918519445,1.582067810090848e-15,0,2574.984473488986
0.0,b2257,1,95,0.13410915918519603,0.13410915918519445,1.582067810090848e-15,0,2574.984473488986
0.0,b2711,1,95,0.13410915918519603,0.13410915918519445,1.582067810090848e-15,0,2574.984473488986
0.0,b2710,1,95,0.13410915918519603,0.13410915918519445,1.582067810090848e-15,0,2574.984473488986
0.0,b4111,5,92,0.13410915918519603,0.13410915918519445,1.582067810090848e-15,0,2574.9806883612846
0.0,b1386,3,92,0.13410915918519603,0.13410915918519145,4.579669976578771e-15,0,2574.980688361175
0.0,b4072,2,92,0.13410915918519603,0.13410915918519145,4.579669976578771e-15,0,2574.980688361175
0.0,b4073,2,92,0.13410915918519603,0.13410915918519145,4.579669976578771e-15,0,2574.980688361175
0.0,b4070,2,92,0.13410915918519603,0.13410915918519145,4.579669976578771e-15,0,2574.980688361175
0.0,b4071,2,92,0.13410915918519603,0.13410915918519145,4.579669976578771e-15,0,2574.980688361175
0.0,b3679,1,92,0.13410915918519603,0.13410915918519145,4.579669976578771e-15,0,2574.980688361175
0.0,b0110,4,92,0.13410915918519603,0.13410915918519145,4.579669976578771e-15,0,2574.980688361175
0.0,b1463,1,92,0.13410915918519603,0.13410915918519145,4.579669976578771e-15,0,2574.980688361175
0.0,b4219,1,92,0.13410915918519603,0.13410915918519145,4.579669976578771e-15,0,2574.980688361175
0.0,b1832,1,92,0.13410915918519603,0.13410915918519145,4.579669976578771e-15,0,2574.980688361175
0.0,b1778,1,92,0.13410915918519603,0.13410915918519145,4.579669976578771e-15,0,2574.980688361175
0.0,b2871,1,92,0.13410915918519603,0.13410915918519145,4.579669976578771e-15,0,2574.980688361175
0.0,b0932,2,92,0.13410915918519603,0.13410915918519145,4.579669976578771e-15,0,2574.980688361175
0.0,b4260,2,92,0.13410915918519603,0.13410915918519145,4.579669976578771e-15,0,2574.980688361175
0.0,b2523,2,92,0.13410915918519603,0.13410915918519145,4.579669976578771e-15,0,2574.980688361175
0.0,b0237,3,92,0.13410915918519603,0.13410915918519145,4.579669976578771e-15,0,2574.980688361175
0.0,b2132,1,92,0.13410915918519603,0.13410915918519145,4.579669976578771e-15,0,2574.980688361175
0.0,b2239,5,92,0.13410915918519603,0.13410915918519145,4.579669976578771e-15,0,2574.980688361175
0.0,b2435,2,92,0.13410915918519603,0.13410915918519145,4.579669976578771e-15,0,2574.980688361175
0.0,b0867,2,92,0.13410915918519603,0.13410915918519145,4.579669976578771e-15,0,2574.980688361175
0.0,b2817,2,92,0.13410915918519603,0.13410915918519145,4.579669976578771e-15,0,2574.980688361175
0.0,b4169,2,92,0.13410915918519603,0.13410915918519145,4.579669976578771e-15,0,2574.980688361175
0.0,b3610,6,92,0.13410915918519603,0.13410915918519145,4.579669976578771e-15,0,2574.980688361175
0.0,b2676,4,92,0.13410915918519603,0.13410915918519145,4.579669976578771e-15,0,2574.980688361175
0.0,b1064,7,92,0.13410915918519603,0.13410915918519145,4.579669976578771e-15,0,2574.980688361175
0.0,b2675,4,92,0.13410915918519603,0.13410915918519145,4.579669976578771e-15,0,2574.980688361175
0.0,b0849,6,92,0.13410915918519603,0.13410915918519145,4.579669976578771e-15,0,2574.980688361175
0.0,b1654,6,92,0.13410915918519603,0.13410915918519145,4.579669976578771e-15,0,2574.980688361175
0.0,b3336,1,92,0.13410915918519603,0.13410915918519145,4.579669976578771e-15,0,2574.980688361175
0.0,b0123,2,92,0.13410915918519603,0.13410915918519145,4.579669976578771e-15,0,2574.980688361175
0.0,b1192,4,92,0.13410915918519603,0.13410915918519145,4.579669976578771e-15,0,2574.980688361175
0.0,b1270,2,92,0.13410915918519603,0.13410915918519145,4.579669976578771e-15,0,2574.980688361175
0.0,b1246,2,92,0.13410915918519603,0.13410915918519145,4.579669976578771e-15,0,2574.980688361175
0.0,b1247,2,92,0.13410915918519603,0.13410915918519145,4.579669976578771e-15,0,2574.980688361175
0.0,b1244,2,92,0.13410915918519603,0.13410915918519145,4.579669976578771e-15,0,2574.980688361175
0.0,b1245,2,92,0.13410915918519603,0.13410915918519145,4.579669976578771e-15,0,2574.980688361175
0.0,b1243,2,92,0.13410915918519603,0.13410915918519145,4.579669976578771e-15,0,2574.980688361175
0.0,b2180,2,92,0.13410915918519603,0.13410915918519145,4.579669976578771e-15,0,2574.980688361175
0.0,b2179,2,92,0.13410915918519603,0.13410915918519145,4.579669976578771e-15,0,2574.980688361175
0.0,b1329,1,92,0.13410915918519603,0.13410915918519145,4.579669976578771e-15,0,2574.980688361175
0.0,b2177,2,92,0.13410915918519603,0.13410915918519145,4.579669976578771e-15,0,2574.980688361175
0.0,b2178,2,92,0.13410915918519603,0.13410915918519145,4.579669976578771e-15,0,2574.980688361175
0.0,b0433,3,92,0.13410915918519603,0.13410915918519145,4.579669976578771e-15,0,2574.980688361175
0.0,b4367,3,92,0.13410915918519603,0.13410915918519145,4.579669976578771e-15,0,2574.980688361175
0.0,b0573,2,92,0.13410915918519603,0.13410915918519145,4.579669976578771e-15,0,2574.980688361175
0.0,b0572,2,92,0.13410915918519603,0.13410915918519145,4.579669976578771e-15,0,2574.980688361175
0.0,b0575,2,92,0.13410915918519603,0.13410915918519145,4.579669976578771e-15,0,2574.980688361175
0.0,b0574,2,92,0.13410915918519603,0.13410915918519145,4.579669976578771e-15,0,2574.980688361175
0.0,b3915,7,92,0.13410915918519603,0.13410915918519145,4.579669976578771e-15,0,2574.980688361175
0.0,b0752,5,92,0.13410915918519603,0.13410915918519145,4.579669976578771e-15,0,2574.980688361175
0.0,b1859,1,92,0.13410915918519603,0.13410915918519145,4.579669976578771e-15,0,2574.980688361175
0.0,b1858,1,92,0.13410915918519603,0.13410915918519145,4.579669976578771e-15,0,2574.980688361175
0.0,b1857,1,92,0.13410915918519603,0.13410915918519145,4.579669976578771e-15,0,2574.980688361175
0.0,b1981,1,92,0.13410915918519603,0.13410915918519145,4.579669976578771e-15,0,2574.980688361175
0.0,b2392,2,92,0.13410915918519603,0.13410915918519145,4.579669976578771e-15,0,2574.980688361175
0.0,b0452,10,441,0.13410915918519603,0.1303941486108712,0.0037150105743248285,0,2663.856046141049
0.0,b1927,1,92,0.13410915918519603,0.13410915918519573,3.0531133177191805e-16,0,2574.9806883613333
0.0,b3571,1,92,0.13410915918519603,0.1341091591851939,2.1371793224034263e-15,0,2574.980688361263
0.0,b3650,3,92,0.13410915918519603,0.1341091591851939,2.1371793224034263e-15,0,2574.980688361263
0.0,b2344,7,92,0.13410915918519603,0.1341091591851939,2.1371793224034263e-15,0,2574.980688361263
0.0,b4213,8,92,0.13410915918519603,0.1341091591851939,2.1371793224034263e-15,0,2574.980688361263
0.0,b1059,2,92,0.13410915918519603,0.1341091591851939,2.1371793224034263e-15,0,2574.980688361263
0.0,b1727,4,92,0.13410915918519603,0.1341091591851939,2.1371793224034263e-15,0,2574.980688361263
0.0,b3580,2,92,0.13410915918519603,0.1341091591851939,2.1371793224034263e-15,0,2574.980688361263
0.0,b2051,1,92,0.13410915918519603,0.1341091591851939,2.1371793224034263e-15,0,2574.980688361263
0.0,b4265,3,92,0.13410915918519603,0.1341091591851939,2.1371793224034263e-15,0,2574.980688361263
0.0,b3266,1,92,0.13410915918519603,0.1341091591851939,2.1371793224034263e-15,0,2574.980688361263
0.0,b3265,1,92,0.13410915918519603,0.1341091591851939,2.1371793224034263e-15,0,2574.980688361263
0.0,b3907,2,92,0.13410915918519603,0.1341091591851939,2.1371793224034263e-15,0,2574.980688361263
0.0,b3477,1,92,0.13410915918519603,0.1341091591851939,2.1371793224034263e-15,0,2574.980688361263
0.0,b3476,1,92,0.13410915918519603,0.1341091591851939,2.1371793224034263e-15,0,2574.980688361263
0.0,b3480,1,92,0.13410915918519603,0.1341091591851939,2.1371793224034263e-15,0,2574.980688361263
0.0,b3478,1,92,0.13410915918519603,0.1341091591851939,2.1371793224034263e-15,0,2574.980688361263
0.0,b3479,1,92,0.13410915918519603,0.1341091591851939,2.1371793224034263e-15,0,2574.980688361263
0.0,b4242,2,92,0.13410915918519603,0.1341091591851939,2.1371793224034263e-15,0,2574.980688361263
0.0,b4094,1,96,0.13410915918519603,0.1341091591851939,2.1371793224034263e-15,0,2575.1897935169673
0.0,b0698,1,96,0.13410915918519603,0.13410915918519162,4.413136522884997e-15,0,2575.189793516895
0.0,b0696,1,96,0.13410915918519603,0.13410915918519162,4.413136522884997e-15,0,2575.189793516895
0.0,b0697,1,96,0.13410915918519603,0.13410915918519162,4.413136522884997e-15,0,2575.189793516895
0.0,b4513,1,96,0.13410915918519603,0.13410915918519162,4.413136522884997e-15,0,2575.189793516895
0.0,b3458,1,96,0.13410915918519603,0.13410915918519162,4.413136522884997e-15,0,2575.189793516895
0.0,b2975,3,96,0.13410915918519603,0.13410915918519162,4.413136522884997e-15,0,2575.189793516895
0.0,b3603,3,96,0.13410915918519603,0.13410915918519162,4.413136522884997e-15,0,2575.189793516895
0.0,b4034,6,96,0.13410915918519603,0.13410915918519162,4.413136522884997e-15,0,2575.189793516895
0.0,b4035,6,96,0.13410915918519603,0.13410915918519162,4.413136522884997e-15,0,2575.189793516895
0.0,b4032,6,96,0.13410915918519603,0.13410915918519162,4.413136522884997e-15,0,2575.189793516895
0.0,b4033,6,96,0.13410915918519603,0.13410915918519162,4.413136522884997e-15,0,2575.189793516895
0.0,b3666,4,96,0.13410915918519603,0.13410915918519162,4.413136522884997e-15,0,2575.189793516895
0.0,b0731,1,96,0.13410915918519603,0.13410915918519162,4.413136522884997e-15,0,2575.189793516895
0.0,b4120,1,96,0.13410915918519603,0.13410915918519162,4.413136522884997e-15,0,2575.189793516895
0.0,b0343,2,96,0.13410915918519603,0.13410915918519162,4.413136522884997e-15,0,2575.189793516895
0.0,b0197,2,96,0.13410915918519603,0.13410915918519162,4.413136522884997e-15,0,2575.189793516895
0.0,b0199,2,96,0.13410915918519603,0.13410915918519162,4.413136522884997e-15,0,2575.189793516895
0.0,b0198,2,96,0.13410915918519603,0.13410915918519162,4.413136522884997e-15,0,2575.189793516895
0.0,b1297,1,96,0.13410915918519603,0.13410915918519162,4.413136522884997e-15,0,2575.189793516895
0.0,b2933,1,96,0.13410915918519603,0.13410915918519162,4.413136522884997e-15,0,2575.189793516895
0.0,b2934,1,96,0.13410915918519603,0.13410915918519162,4.413136522884997e-15,0,2575.189793516895
0.0,b3599,1,96,0.13410915918519603,0.13410915918519162,4.413136522884997e-15,0,2575.189793516895
0.0,b1186,1,96,0.13410915918519603,0.13410915918519162,4.413136522884997e-15,0,2575.189793516895
0.0,b0019,1,96,0.13410915918519603,0.13410915918519162,4.413136522884997e-15,0,2575.189793516895
0.0,b0451,1,413,0.13410915918519603,-1.5393352959213588e-14,0.13410915918521144,1,6908.618816118511
0.0,b0751,1,96,0.13410915918519603,0.13410915918519403,1.9984014443252818e-15,0,2575.1897935169845
0.0,b1223,2,96,0.13410915918519603,0.13410915918518054,1.5487611193520934e-14,0,2575.1897935165484
0.0,b3367,1,96,0.13410915918519603,0.13410915918518054,1.5487611193520934e-14,0,2575.1897935165484
0.0,b1469,1,96,0.13410915918519603,0.13410915918518054,1.5487611193520934e-14,0,2575.1897935165484
0.0,b3728,1,96,0.13410915918519603,0.13410915918518054,1.5487611193520934e-14,0,2575.1897935165484
0.0,b3727,1,96,0.13410915918519603,0.13410915918518054,1.5487611193520934e-14,0,2575.1897935165484
0.0,b3726,1,96,0.13410915918519603,0.13410915918518054,1.5487611193520934e-14,0,2575.1897935165484
0.0,b3725,1,96,0.13410915918519603,0.13410915918518054,1.5487611193520934e-14,0,2575.1897935165484
0.0,b3258,1,96,0.13410915918519603,0.13410915918518054,1.5487611193520934e-14,0,2575.1897935165484
0.0,b3371,1,96,0.13410915918519603,0.13410915918518054,1.5487611193520934e-14,0,2575.1897935165484
0.0,b2677,5,96,0.13410915918519603,0.13410915918518054,1.5487611193520934e-14,0,2575.1897935165484
0.0,b2678,5,96,0.13410915918519603,0.13410915918518054,1.5487611193520934e-14,0,2575.1897935165484
0.0,b2679,5,96,0.13410915918519603,0.13410915918518054,1.5487611193520934e-14,0,2575.1897935165484
0.0,b0402,1,96,0.13410915918519603,0.13410915918518054,1.5487611193520934e-14,0,2575.1897935165484
0.0,b1015,2,96,0.13410915918519603,0.13410915918518054,1.5487611193520934e-14,0,2575.1897935165484
0.0,b0854,1,96,0.13410915918519603,0.13410915918518054,1.5487611193520934e-14,0,2575.1897935165484
0.0,b0855,1,96,0.13410915918519603,0.13410915918518054,1.5487611193520934e-14,0,2575.1897935165484
0.0,b0856,1,96,0.13410915918519603,0.13410915918518054,1.5487611193520934e-14,0,2575.1897935165484
0.0,b0857,1,96,0.13410915918519603,0.13410915918518054,1.5487611193520934e-14,0,2575.1897935165484
0.0,b1440,2,96,0.13410915918519603,0.13410915918518054,1.5487611193520934e-14,0,2575.1897935165484
0.0,b1441,2,96,0.13410915918519603,0.13410915918518054,1.5487611193520934e-14,0,2575.1897935165484
0.0,b1442,2,96,0.13410915918519603,0.13410915918518054,1.5487611193520934e-14,0,2575.1897935165484
0.0,b1443,2,96,0.13410915918519603,0.13410915918518054,1.5487611193520934e-14,0,2575.1897935165484
0.0,b1126,2,96,0.13410915918519603,0.13410915918518054,1.5487611193520934e-14,0,2575.1897935165484
0.0,b1125,2,96,0.13410915918519603,0.13410915918518054,1.5487611193520934e-14,0,2575.1897935165484
0.0,b1124,2,96,0.13410915918519603,0.13410915918518054,1.5487611193520934e-14,0,2575.1897935165484
0.0,b1123,2,96,0.13410915918519603,0.13410915918518054,1.5487611193520934e-14,0,2575.1897935165484
0.0,b2957,2,96,0.13410915918519603,0.13410915918518054,1.5487611193520934e-14,0,2575.1897935165484
0.0,b0150,3,96,0.13410915918519603,0.13410915918518054,1.5487611193520934e-14,0,2575.1897935165484
0.0,b1865,2,413,0.13410915918519603,-1.9934922166827795e-15,0.13410915918519803,1,6908.618816116801
0.0,b2954,3,96,0.13410915918519603,0.13410915918519511,9.159339953157541e-16,0,2575.189793517023
0.0,b1002,2,96,0.13410915918519603,0.13410915918519414,1.887379141862766e-15,0,2575.1897935169736
0.0,b2938,1,96,0.13410915918519603,0.13410915918519414,1.887379141862766e-15,0,2575.1897935169736
0.0,b4090,2,436,0.13410915918519603,0.09890483928467983,0.0352043199005162,0,557.274469506543
0.0,b4084,1,96,0.13410915918519603,0.13410915918519445,1.582067810090848e-15,0,2575.189793516992
0.0,b4085,1,96,0.13410915918519603,0.1341091591851969,-8.604228440844963e-16,0,2575.1897935170296
0.0,b4230,2,96,0.13410915918519603,0.1341091591851969,-8.604228440844963e-16,0,2575.1897935170296
0.0,b4231,2,96,0.13410915918519603,0.1341091591851969,-8.604228440844963e-16,0,2575.1897935170296
0.0,b4485,2,96,0.13410915918519603,0.1341091591851969,-8.604228440844963e-16,0,2575.1897935170296
0.0,b4227,2,96,0.13410915918519603,0.1341091591851969,-8.604228440844963e-16,0,2575.1897935170296
0.0,b3750,1,96,0.13410915918519603,0.1341091591851969,-8.604228440844963e-16,0,2575.1897935170296
0.0,b3751,1,96,0.13410915918519603,0.1341091591851969,-8.604228440844963e-16,0,2575.1897935170296
0.0,b3749,1,96,0.13410915918519603,0.1341091591851969,-8.604228440844963e-16,0,2575.1897935170296
0.0,b3748,1,96,0.13410915918519603,0.1341091591851969,-8.604228440844963e-16,0,2575.1897935170296
0.0,b0260,1,96,0.13410915918519603,0.1341091591851969,-8.604228440844963e-16,0,2575.1897935170296
0.0,b0810,1,96,0.13410915918519603,0.1341091591851969,-8.604228440844963e-16,0,2575.1897935170296
0.0,b0811,1,96,0.13410915918519603,0.1341091591851969,-8.604228440844963e-16,0,2575.1897935170296
0.0,b0809,1,96,0.13410915918519603,0.1341091591851969,-8.604228440844963e-16,0,2575.1897935170296
0.0,b1492,1,96,0.13410915918519603,0.1341091591851969,-8.604228440844963e-16,0,2575.1897935170296
0.0,b3653,1,96,0.13410915918519603,0.1341091591851969,-8.604228440844963e-16,0,2575.1897935170296
0.0,b3927,4,96,0.13410915918519603,0.1341091591851969,-8.604228440844963e-16,0,2575.1897935170296
0.0,b3959,1,413,0.13410915918519603,7.416780918382935e-18,0.13410915918519603,1,6908.618816118453
0.0,b1528,3,96,0.13410915918519603,0.13410915918519528,7.494005416219807e-16,0,2575.189793517022
0.0,b2170,1,96,0.13410915918519603,0.1341091591851969,-8.604228440844963e-16,0,2575.1897935170296
0.0,b0070,1,96,0.13410915918519603,0.1341091591851969,-8.604228440844963e-16,0,2575.1897935170296
0.0,b2303,1,96,0.13410915918519603,0.1341091591851969,-8.604228440844963e-16,0,2575.1897935170296
0.0,b3028,3,96,0.13410915918519603,0.1341091591851969,-8.604228440844963e-16,0,2575.1897935170296
0.0,b3432,1,96,0.13410915918519603,0.1341091591851969,-8.604228440844963e-16,0,2575.1897935170296
0.0,b3503,1,96,0.13410915918519603,0.1341091591851969,-8.604228440844963e-16,0,2575.1897935170296
0.0,b4321,2,96,0.13410915918519603,0.1341091591851969,-8.604228440844963e-16,0,2575.1897935170296
0.0,b3792,1,96,0.13410915918519603,0.1341091591851969,-8.604228440844963e-16,0,2575.1897935170296
0.0,b2033,1,96,0.13410915918519603,0.1341091591851969,-8.604228440844963e-16,0,2575.1897935170296
0.0,b2034,1,96,0.13410915918519603,0.1341091591851969,-8.604228440844963e-16,0,2575.1897935170296
0.0,b2037,1,96,0.13410915918519603,0.1341091591851969,-8.604228440844963e-16,0,2575.1897935170296
0.0,b2175,6,96,0.13410915918519603,0.1341091591851969,-8.604228440844963e-16,0,2575.1897935170296
0.0,b0356,1,96,0.13410915918519603,0.1341091591851969,-8.604228440844963e-16,0,2575.1897935170296
0.0,b2240,1,96,0.13410915918519603,0.1341091591851969,-8.604228440844963e-16,0,2575.1897935170296
0.0,b0875,1,96,0.13410915918519603,0.1341091591851969,-8.604228440844963e-16,0,2575.1897935170296
0.0,b0353,2,96,0.13410915918519603,0.1341091591851969,-8.604228440844963e-16,0,2575.1897935170296
0.0,b2309,1,96,0.13410915918519603,0.1341091591851969,-8.604228440844963e-16,0,2575.1897935170296
0.0,b0325,2,96,0.13410915918519603,0.1341091591851969,-8.604228440844963e-16,0,2575.1897935170296
0.0,b2092,1,96,0.13410915918519603,0.1341091591851969,-8.604228440844963e-16,0,2575.1897935170296
0.0,b2093,1,96,0.13410915918519603,0.1341091591851969,-8.604228440844963e-16,0,2575.1897935170296
0.0,b2094,1,96,0.13410915918519603,0.1341091591851969,-8.604228440844963e-16,0,2575.1897935170296
0.0,b3093,2,96,0.13410915918519603,0.1341091591851969,-8.604228440844963e-16,0,2575.1897935170296
0.0,b4476,1,96,0.13410915918519603,0.1341091591851969,-8.604228440844963e-16,0,2575.1897935170296
0.0,b3415,1,96,0.13410915918519603,0.1341091591851969,-8.604228440844963e-16,0,2575.1897935170296
0.0,b1621,2,432,0.13410915918519603,0.1085937179399163,0.025515441245279727,0,3630.6173831478145
0.0,b2021,1,418,0.13410915918519603,5.621173381732962e-17,0.13410915918519598,1,7250.606700157047
0.0,b0166,1,418,0.13410915918519603,0.0,0.13410915918519603,1,7250.606700156934
0.0,b1519,1,93,0.13410915918519603,0.13410915918519478,1.2490009027033011e-15,0,2535.4059895151627
0.0,b4268,1,93,0.13410915918519603,0.13410915918518954,6.494804694057166e-15,0,2535.4059895150044
0.0,b3437,1,93,0.13410915918519603,0.13410915918518954,6.494804694057166e-15,0,2535.4059895150044
0.0,b3805,1,413,0.13410915918519603,-3.820838811605515e-16,0.13410915918519642,1,6908.618816117323
0.0,b3904,1,93,0.13410915918519603,0.13410915918520652,-1.049160758270773e-14,0,2535.4059895156124
0.0,b2486,1,93,0.13410915918519603,0.13410915918519623,-1.942890293094024e-16,0,2535.405989515236
0.0,b2490,1,93,0.13410915918519603,0.13410915918519623,-1.942890293094024e-16,0,2535.405989515236
0.0,b2724,2,93,0.13410915918519603,0.13410915918519623,-1.942890293094024e-16,0,2535.405989515236
0.0,b2719,2,93,0.13410915918519603,0.13410915918519623,-1.942890293094024e-16,0,2535.405989515236
0.0,b2720,2,93,0.13410915918519603,0.13410915918519623,-1.942890293094024e-16,0,2535.405989515236
0.0,b2721,2,93,0.13410915918519603,0.13410915918519623,-1.942890293094024e-16,0,2535.405989515236
0.0,b2722,2,93,0.13410915918519603,0.13410915918519623,-1.942890293094024e-16,0,2535.405989515236
0.0,b2723,2,93,0.13410915918519603,0.13410915918519623,-1.942890293094024e-16,0,2535.405989515236
0.0,b2485,1,93,0.13410915918519603,0.13410915918519623,-1.942890293094024e-16,0,2535.405989515236
0.0,b2484,1,93,0.13410915918519603,0.13410915918519623,-1.942890293094024e-16,0,2535.405989515236
0.0,b2487,1,93,0.13410915918519603,0.13410915918519623,-1.942890293094024e-16,0,2535.405989515236
0.0,b4079,1,93,0.13410915918519603,0.13410915918519623,-1.942890293094024e-16,0,2535.405989515236
0.0,b2481,1,93,0.13410915918519603,0.13410915918519623,-1.942890293094024e-16,0,2535.405989515236
0.0,b2483,1,93,0.13410915918519603,0.13410915918519623,-1.942890293094024e-16,0,2535.405989515236
0.0,b2482,1,93,0.13410915918519603,0.13410915918519623,-1.942890293094024e-16,0,2535.405989515236
0.0,b2489,1,93,0.13410915918519603,0.13410915918519623,-1.942890293094024e-16,0,2535.405989515236
0.0,b2488,1,93,0.13410915918519603,0.13410915918519623,-1.942890293094024e-16,0,2535.405989515236
0.0,b2747,1,413,0.13410915918519603,2.353574770376628e-17,0.134109159185196,1,6908.618816118401
0.0,b3213,2,413,0.13410915918519603,-4.234655226463295e-17,0.1341091591851961,1,6908.618816118327
0.0,b1761,1,427,0.13410915918519603,0.12340692247335891,0.010702236711837121,0,2789.612438021664
0.0,b3212,2,413,0.13410915918519603,-1.0597158675293415e-14,0.13410915918520663,1,6908.618816118405
0.0,b0186,1,93,0.13410915918519603,0.13410915918523902,-4.299338662860919e-14,0,2535.405989519908
0.0,b4131,1,93,0.13410915918519603,0.13410915918518967,6.356026815979021e-15,0,2535.4059895150153
0.0,b1189,1,93,0.13410915918519603,0.13410915918518967,6.356026815979021e-15,0,2535.4059895150153
0.0,b2888,2,93,0.13410915918519603,0.13410915918518967,6.356026815979021e-15,0,2535.4059895150153
0.0,b2882,1,93,0.13410915918519603,0.13410915918518967,6.356026815979021e-15,0,2535.4059895150153
0.0,b3451,7,93,0.13410915918519603,0.13410915918518967,6.356026815979021e-15,0,2535.4059895150153
0.0,b3450,7,93,0.13410915918519603,0.13410915918518967,6.356026815979021e-15,0,2535.4059895150153
0.0,b3453,7,93,0.13410915918519603,0.13410915918518967,6.356026815979021e-15,0,2535.4059895150153
0.0,b3452,7,93,0.13410915918519603,0.13410915918518967,6.356026815979021e-15,0,2535.4059895150153
0.0,b2536,1,93,0.13410915918519603,0.13410915918518967,6.356026815979021e-15,0,2535.4059895150153
0.0,b0212,1,93,0.13410915918519603,0.13410915918518967,6.356026815979021e-15,0,2535.4059895150153
0.0,b3779,1,93,0.13410915918519603,0.13410915918518967,6.356026815979021e-15,0,2535.4059895150153
0.0,b2868,2,93,0.13410915918519603,0.13410915918518967,6.356026815979021e-15,0,2535.4059895150153
0.0,b2867,2,93,0.13410915918519603,0.13410915918518967,6.356026815979021e-15,0,2535.4059895150153
0.0,b2866,2,93,0.13410915918519603,0.13410915918518967,6.356026815979021e-15,0,2535.4059895150153
0.0,b4311,1,93,0.13410915918519603,0.13410915918518967,6.356026815979021e-15,0,2535.4059895150153
0.0,b1991,1,93,0.13410915918519603,0.13410915918518967,6.356026815979021e-15,0,2535.4059895150153
0.0,b3502,1,93,0.13410915918519603,0.13410915918518967,6.356026815979021e-15,0,2535.4059895150153
0.0,b1444,1,93,0.13410915918519603,0.13410915918518967,6.356026815979021e-15,0,2535.4059895150153
0.0,b2927,1,128,0.13410915918519603,0.13410819263235907,9.66552836961787e-07,0,2535.4271398791548
0.0,b2025,1,413,0.13410915918519603,-9.100923538924266e-16,0.13410915918519695,1,6908.6188161182545
0.0,b2023,1,413,0.13410915918519603,0.0,0.13410915918519603,1,6908.6188161174705
0.0,b3640,1,93,0.13410915918519603,0.1341091591851883,7.743805596760467e-15,0,2535.405989514929
0.0,b0425,1,413,0.13410915918519603,5.14446560389854e-13,0.13410915918468158,1,6908.618816096064
0.0,b3772,1,413,0.13410915918519603,0.0,0.13410915918519603,1,6908.618816118291
0.0,b0931,1,93,0.13410915918519603,0.1341091591851855,1.0519363158323358e-14,0,2535.405989514838
0.0,b1764,1,93,0.13410915918519603,0.13410915918518967,6.356026815979021e-15,0,2535.4059895150153
0.0,b2150,2,93,0.13410915918519603,0.13410915918518967,6.356026815979021e-15,0,2535.4059895150153
0.0,b2148,2,93,0.13410915918519603,0.13410915918518967,6.356026815979021e-15,0,2535.4059895150153
0.0,b2149,2,93,0.13410915918519603,0.13410915918518967,6.356026815979021e-15,0,2535.4059895150153
0.0,b1640,1,93,0.13410915918519603,0.13410915918518967,6.356026815979021e-15,0,2535.4059895150153
0.0,b1606,2,413,0.13410915918519603,3.59776728487867e-16,0.13410915918519567,1,6908.618816117883
0.0,b0048,1,413,0.13410915918519603,-5.294628707123233e-30,0.13410915918519603,1,6908.618816118482
0.0,b3390,1,413,0.13410915918519603,-5.294628707123233e-30,0.13410915918519603,1,6908.618816118482
0.0,b0388,1,413,0.13410915918519603,-1.8334371869701797e-30,0.13410915918519603,1,6908.6188161184355
0.0,b1745,1,93,0.13410915918519603,0.13410915918519678,-7.494005416219807e-16,0,2535.405989515253
0.0,b0115,1,321,0.13410915918519603,0.1339418355888472,0.00016732359634882843,0,394.9195159200055
0.0,b0114,1,321,0.13410915918519603,0.1339418355888532,0.00016732359634283323,0,394.91951592001084
0.0,b3128,1,81,0.13410915918519603,0.13410915918519414,1.887379141862766e-15,0,395.2717313887469
0.0,b2255,2,81,0.13410915918519603,0.13410915918519636,-3.3306690738754696e-16,0,395.2717313887474
0.0,b0774,1,410,0.13410915918519603,-9.427068314284103e-18,0.13410915918519603,1,837.25787850969
0.0,b1605,1,81,0.13410915918519603,0.1341091591851941,1.942890293094024e-15,0,395.2717313887442
0.0,b2818,1,410,0.13410915918519603,9.157301145097265e-16,0.13410915918519511,1,837.257878509691
0.0,b1489,3,81,0.13410915918519603,0.13410915918518693,9.103828801926284e-15,0,395.2717313887393
0.0,b3032,1,81,0.13410915918519603,0.13410915918519636,-3.3306690738754696e-16,0,395.2717313887474
0.0,b0334,1,81,0.13410915918519603,0.13410915918519636,-3.3306690738754696e-16,0,395.2717313887474
0.0,b0092,1,410,0.13410915918519603,7.875425077944761e-16,0.13410915918519525,1,837.257878509691
0.0,b0381,1,410,0.13410915918519603,0.0,0.13410915918519603,1,837.2578785097104
0.0,b2715,2,81,0.13410915918519603,0.1341091591851948,1.2212453270876722e-15,0,395.27173138874497
0.0,b1738,2,81,0.13410915918519603,0.13410915918519664,-6.106226635438361e-16,0,395.27173138874787
0.0,b1736,2,81,0.13410915918519603,0.13410915918519664,-6.106226635438361e-16,0,395.27173138874787
0.0,b1737,2,81,0.13410915918519603,0.13410915918519664,-6.106226635438361e-16,0,395.27173138874787
0.0,b2224,1,439,0.13410915918519603,0.13039414861087678,0.0037150105743192496,0,2540.7333768582553
0.0,b0842,2,81,0.13410915918519603,0.13410915918519672,-6.938893903907228e-16,0,2450.05939691904
0.0,b0047,1,81,0.13410915918519603,0.13410915918518942,6.6058269965196814e-15,0,2450.059396918693
0.0,b3350,1,81,0.13410915918519603,0.13410915918518942,6.6058269965196814e-15,0,2450.059396918693
0.0,b1216,3,81,0.13410915918519603,0.13410915918518942,6.6058269965196814e-15,0,2450.059396918693
0.0,b0728,1,78,0.13410915918519603,0.13410915918518942,6.6058269965196814e-15,0,2450.044527730748
0.0,b0729,1,78,0.13410915918519603,0.13410915918519503,9.992007221626409e-16,0,2450.0445277310005
0.0,b0650,1,78,0.13410915918519603,0.13410915918519503,9.992007221626409e-16,0,2450.0445277310005
0.0,b0757,1,78,0.13410915918519603,0.13410915918519503,9.992007221626409e-16,0,2450.0445277310005
0.0,b0133,1,413,0.13410915918519603,-3.226075744487041e-16,0.13410915918519636,1,6908.618816118629
0.0,b2165,1,87,0.13410915918519603,0.1341091591851967,-6.661338147750939e-16,0,2451.739022057664
0.0,b3389,1,413,0.13410915918519603,5.639610423255778e-16,0.13410915918519548,1,6908.618816118127
0.0,b2366,1,87,0.13410915918519603,0.13410915918519734,-1.304512053934559e-15,0,2451.7390220576835
0.0,b1723,1,90,0.13410915918519603,0.1341091591851958,2.220446049250313e-16,0,2495.4783668180917
0.0,b3612,1,412,0.13410915918519603,0.0,0.13410915918519603,1,5753.131930299671
0.0,b0755,1,412,0.13410915918519603,0.0,0.13410915918519603,1,5753.131930299671
0.0,b3919,1,441,0.13410915918519603,0.05129749267930688,0.08281166650588914,0,1524.1361639958254
0.0,b2914,1,421,0.13410915918519603,0.09890483928467174,0.03520431990052429,0,71.06521455571114
0.0,b2320,1,107,0.13410915918519603,0.13410819263236562,9.665528304114712e-07,0,0.7846419778471427
0.0,b1107,3,69,0.13410915918519603,0.13410915918519387,2.1649348980190553e-15,0,0.784677950212064
0.0,b1539,4,69,0.13410915918519603,0.13410915918518865,7.382983113757291e-15,0,0.7846779502110349
0.0,b3823,1,69,0.13410915918519603,0.13410915918518865,7.382983113757291e-15,0,0.7846779502110349
0.0,b0813,2,69,0.13410915918519603,0.13410915918518865,7.382983113757291e-15,0,0.7846779502110349
0.0,b2919,1,69,0.13410915918519603,0.13410915918518865,7.382983113757291e-15,0,0.7846779502110349
0.0,b3870,1,408,0.13410915918519603,-9.421808363679247e-14,0.13410915918529026,1,365.80303718234654
0.0,b2947,1,69,0.13410915918519603,0.13410915918519578,2.498001805406602e-16,0,0.7846779502121566
0.0,b2253,1,69,0.13410915918519603,0.13410915918518865,7.382983113757291e-15,0,0.7846779502110349
0.0,b2254,1,69,0.13410915918519603,0.13410915918518865,7.382983113757291e-15,0,0.7846779502110349
0.0,b2256,1,69,0.13410915918519603,0.13410915918518865,7.382983113757291e-15,0,0.7846779502110349
0.0,b2258,1,69,0.13410915918519603,0.13410915918518865,7.382983113757291e-15,0,0.7846779502110349
0.0,b4544,1,69,0.13410915918519603,0.13410915918518865,7.382983113757291e-15,0,0.7846779502110349
0.0,b3621,1,69,0.13410915918519603,0.13410915918518865,7.382983113757291e-15,0,0.7846779502110349
0.0,b3001,1,69,0.13410915918519603,0.13410915918518865,7.382983113757291e-15,0,0.7846779502110349
0.0,b1781,1,69,0.13410915918519603,0.13410915918518865,7.382983113757291e-15,0,0.7846779502110349
0.0,b3620,1,69,0.13410915918519603,0.13410915918518865,7.382983113757291e-15,0,0.7846779502110349
0.0,b3624,1,69,0.13410915918519603,0.13410915918518865,7.382983113757291e-15,0,0.7846779502110349
0.0,b3629,1,69,0.13410915918519603,0.13410915918518865,7.382983113757291e-15,0,0.7846779502110349
0.0,b3628,1,69,0.13410915918519603,0.13410915918518865,7.382983113757291e-15,0,0.7846779502110349
0.0,b3627,1,69,0.13410915918519603,0.13410915918518865,7.382983113757291e-15,0,0.7846779502110349
0.0,b3850,2,408,0.13410915918519603,1.455692477618381e-15,0.1341091591851946,1,365.80303718183353
0.0,b3630,1,69,0.13410915918519603,0.13410915918519634,-3.0531133177191805e-16,0,0.7846779502122315
0.0,b3632,1,69,0.13410915918519603,0.1341091591851921,3.941291737419306e-15,0,0.784677950211482
0.0,b3625,1,69,0.13410915918519603,0.1341091591851921,3.941291737419306e-15,0,0.784677950211482
0.0,b2810,1,69,0.13410915918519603,0.1341091591851921,3.941291737419306e-15,0,0.784677950211482
0.0,b1680,5,69,0.13410915918519603,0.1341091591851921,3.941291737419306e-15,0,0.784677950211482
0.0,b3867,1,408,0.13410915918519603,0.0,0.13410915918519603,1,365.8030371818851
0.0,b3824,1,69,0.13410915918519603,0.1341091591851972,-1.1657341758564144e-15,0,0.784677950212355
0.0,b2133,1,69,0.13410915918519603,0.1341091591851921,3.941291737419306e-15,0,0.784677950211482
0.0,b2260,1,69,0.13410915918519603,0.1341091591851921,3.941291737419306e-15,0,0.784677950211482
0.0,b1919,1,69,0.13410915918519603,0.1341091591851921,3.941291737419306e-15,0,0.784677950211482
0.0,b2578,2,69,0.13410915918519603,0.1341091591851921,3.941291737419306e-15,0,0.784677950211482
0.0,b1533,3,69,0.13410915918519603,0.1341091591851921,3.941291737419306e-15,0,0.784677950211482
0.0,b4394,3,69,0.13410915918519603,0.1341091591851921,3.941291737419306e-15,0,0.784677950211482
0.0,b2499,1,408,0.13410915918519603,-6.743446581573637e-14,0.13410915918526348,1,365.8030371822456
0.0,b3825,35,69,0.13410915918519603,0.13410915918519511,9.159339953157541e-16,0,0.7846779502116358
0.0,b2835,21,69,0.13410915918519603,0.1341091591851921,3.941291737419306e-15,0,0.784677950211482
0.0,b3029,2,69,0.13410915918519603,0.1341091591851921,3.941291737419306e-15,0,0.784677950211482
0.0,b2889,1,66,0.13410915918519603,0.1341091591851921,3.941291737419306e-15,0,0.7846777097671187
0.0,b3821,42,66,0.13410915918519603,0.1341091591851921,3.941291737419306e-15,0,0.7846777097671187
0.0,b2146,1,66,0.13410915918519603,0.1341091591851921,3.941291737419306e-15,0,0.7846777097671187
0.0,b2147,1,66,0.13410915918519603,0.1341091591851921,3.941291737419306e-15,0,0.7846777097671187
0.0,b4478,1,66,0.13410915918519603,0.1341091591851921,3.941291737419306e-15,0,0.7846777097671187
0.0,b1380,1,66,0.13410915918519603,0.1341091591851921,3.941291737419306e-15,0,0.7846777097671187
0.0,b0693,1,66,0.13410915918519603,0.1341091591851921,3.941291737419306e-15,0,0.7846777097671187
0.0,b2965,1,66,0.13410915918519603,0.1341091591851921,3.941291737419306e-15,0,0.7846777097671187
0.0,b0954,13,66,0.13410915918519603,0.1341091591851921,3.941291737419306e-15,0,0.7846777097671187
0.0,b1288,26,408,0.13410915918519603,-3.990205077854224e-16,0.13410915918519642,1,365.8030371818856
0.0,b0175,7,408,0.13410915918519603,0.0,0.13410915918519603,1,365.80303718187855
0.0,b3918,7,66,0.13410915918519603,0.13410915918519467,1.3600232051658168e-15,0,0.7846777097675205
0.0,b1912,7,66,0.13410915918519603,0.13410915918519142,4.6074255521944e-15,0,0.7846777097670563
0.0,b2585,7,408,0.13410915918519603,0.0,0.13410915918519603,1,365.8030371818801
0.0,b1093,14,408,0.13410915918519603,0.0,0.13410915918519603,1,365.8030371819141
0.0,b1661,4,66,0.13410915918519603,0.1341091591851899,6.13398221105399e-15,0,0.7846777097668725
0.0,b2497,1,66,0.13410915918519603,0.1341091591851999,-3.858025010572419e-15,0,0.7846777097683817
0.0,b1006,1,66,0.13410915918519603,0.1341091591851999,-3.858025010572419e-15,0,0.7846777097683817
0.0,b1488,1,66,0.13410915918519603,0.1341091591851999,-3.858025010572419e-15,0,0.7846777097683817
0.0,b3543,3,66,0.13410915918519603,0.1341091591851999,-3.858025010572419e-15,0,0.7846777097683817
0.0,b3542,3,66,0.13410915918519603,0.1341091591851999,-3.858025010572419e-15,0,0.7846777097683817
0.0,b3541,3,66,0.13410915918519603,0.1341091591851999,-3.858025010572419e-15,0,0.7846777097683817
0.0,b3540,3,66,0.13410915918519603,0.1341091591851999,-3.858025010572419e-15,0,0.7846777097683817
0.0,b3544,3,66,0.13410915918519603,0.1341091591851999,-3.858025010572419e-15,0,0.7846777097683817
0.0,b1484,1,66,0.13410915918519603,0.1341091591851999,-3.858025010572419e-15,0,0.7846777097683817
0.0,b1485,1,66,0.13410915918519603,0.1341091591851999,-3.858025010572419e-15,0,0.7846777097683817
0.0,b1486,1,66,0.13410915918519603,0.1341091591851999,-3.858025010572419e-15,0,0.7846777097683817
0.0,b1487,1,66,0.13410915918519603,0.1341091591851999,-3.858025010572419e-15,0,0.7846777097683817
0.0,b1483,1,66,0.13410915918519603,0.1341091591851999,-3.858025010572419e-15,0,0.7846777097683817
0.0,b0829,1,66,0.13410915918519603,0.1341091591851999,-3.858025010572419e-15,0,0.7846777097683817
0.0,b0832,1,66,0.13410915918519603,0.1341091591851999,-3.858025010572419e-15,0,0.7846777097683817
0.0,b0830,1,66,0.13410915918519603,0.1341091591851999,-3.858025010572419e-15,0,0.7846777097683817
0.0,b0831,1,66,0.13410915918519603,0.1341091591851999,-3.858025010572419e-15,0,0.7846777097683817
0.0,b0789,7,66,0.13410915918519603,0.1341091591851999,-3.858025010572419e-15,0,0.7846777097683817
0.0,b1249,7,66,0.13410915918519603,0.1341091591851999,-3.858025010572419e-15,0,0.7846777097683817
0.0,b1677,2,66,0.13410915918519603,0.1341091591851999,-3.858025010572419e-15,0,0.7846777097683817
0.0,b0657,2,66,0.13410915918519603,0.1341091591851999,-3.858025010572419e-15,0,0.7846777097683817
0.0,b0418,14,66,0.13410915918519603,0.1341091591851999,-3.858025010572419e-15,0,0.7846777097683817
0.0,b0508,1,66,0.13410915918519603,0.1341091591851999,-3.858025010572419e-15,0,0.7846777097683817
0.0,b0613,1,66,0.13410915918519603,0.1341091591851999,-3.858025010572419e-15,0,0.7846777097683817
0.0,b1301,1,66,0.13410915918519603,0.1341091591851999,-3.858025010572419e-15,0,0.7846777097683817
0.0,b0805,1,66,0.13410915918519603,0.1341091591851999,-3.858025010572419e-15,0,0.7846777097683817
0.0,b2155,1,66,0.13410915918519603,0.1341091591851999,-3.858025010572419e-15,0,0.7846777097683817
0.0,b0576,1,66,0.13410915918519603,0.1341091591851999,-3.858025010572419e-15,0,0.7846777097683817
0.0,b0594,1,66,0.13410915918519603,0.1341091591851999,-3.858025010572419e-15,0,0.7846777097683817
0.0,b3182,9,66,0.13410915918519603,0.1341091591851999,-3.858025010572419e-15,0,0.7846777097683817
0.0,b2010,5,66,0.13410915918519603,0.1341091591851999,-3.858025010572419e-15,0,0.7846777097683817
0.0,b0839,5,66,0.13410915918519603,0.1341091591851999,-3.858025010572419e-15,0,0.7846777097683817
0.0,b2430,5,66,0.13410915918519603,0.1341091591851999,-3.858025010572419e-15,0,0.7846777097683817
0.0,b0632,5,66,0.13410915918519603,0.1341091591851999,-3.858025010572419e-15,0,0.7846777097683817
0.0,b0376,9,66,0.13410915918519603,0.1341091591851999,-3.858025010572419e-15,0,0.7846777097683817
0.0,b3833,2,66,0.13410915918519603,0.1341091591851999,-3.858025010572419e-15,0,0.7846777097683817
0.0,b0514,1,66,0.13410915918519603,0.1341091591851999,-3.858025010572419e-15,0,0.7846777097683817
0.0,b2519,2,408,0.13410915918519603,-1.9824282756563596e-15,0.134109159185198,1,365.8030371819494
0.0,b3396,4,408,0.13410915918519603,0.0,0.13410915918519603,1,365.8030371818973
0.0,b1069,2,408,0.13410915918519603,0.0,0.13410915918519603,1,365.8030371818973
0.0,b0089,2,408,0.13410915918519603,0.0,0.13410915918519603,1,365.8030371818973
0.0,b3208,2,408,0.13410915918519603,0.0,0.13410915918519603,1,365.8030371818973
0.0,b0149,4,408,0.13410915918519603,0.0,0.13410915918519603,1,365.8030371818973
0.0,b0084,2,408,0.13410915918519603,0.0,0.13410915918519603,1,365.8030371818973
0.0,b0635,2,408,0.13410915918519603,0.0,0.13410915918519603,1,365.8030371819073
0.0,b0925,6,66,0.13410915918519603,0.13410915918519303,2.9976021664879227e-15,0,0.7846777097673097
0.0,b1678,6,66,0.13410915918519603,0.1341091591851999,-3.858025010572419e-15,0,0.7846777097683817
0.0,b0355,1,66,0.13410915918519603,0.1341091591851999,-3.858025010572419e-15,0,0.7846777097683817
0.0,b2154,1,66,0.13410915918519603,0.1341091591851999,-3.858025010572419e-15,0,0.7846777097683817
0.0,b2893,2,66,0.13410915918519603,0.1341091591851999,-3.858025010572419e-15,0,0.7846777097683817
0.0,b0604,2,66,0.13410915918519603,0.1341091591851999,-3.858025010572419e-15,0,0.7846777097683817
0.0,b3930,1,66,0.13410915918519603,0.1341091591851999,-3.858025010572419e-15,0,0.7846777097683817
0.0,b3994,1,408,0.13410915918519603,1.9824282756563596e-15,0.13410915918519406,1,365.80303718194256
0.0,b1710,2,66,0.13410915918519603,0.13410915918519242,3.608224830031759e-15,0,0.7846777097671764
0.0,b2480,1,66,0.13410915918519603,0.13410915918516983,2.6201263381153694e-14,0,0.7846777097638177
0.0,b0429,1,66,0.13410915918519603,0.13410915918516983,2.6201263381153694e-14,0,0.7846777097638177
0.0,b0432,1,66,0.13410915918519603,0.13410915918516983,2.6201263381153694e-14,0,0.7846777097638177
0.0,b0430,1,66,0.13410915918519603,0.13410915918516983,2.6201263381153694e-14,0,0.7846777097638177
0.0,b0431,1,66,0.13410915918519603,0.13410915918516983,2.6201263381153694e-14,0,0.7846777097638177
0.0,b4041,7,69,0.13410915918519603,0.13410915918516983,2.6201263381153694e-14,0,0.7849829455894418
0.0,b0180,14,69,0.13410915918519603,0.13410915918519228,3.747002708109903e-15,0,0.7849829455925673
0.0,b2413,1,312,0.13410915918519603,0.1338511491123436,0.0002580100728524215,0,0.8081898153972149
0.0,b3018,7,408,0.13410915918519603,-3.6560239476967646e-17,0.13410915918519606,1,365.8030371819559
0.0,b4042,7,69,0.13410915918519603,0.13410915918519195,4.08006961549745e-15,0,0.7849829455927031
0.0,b4160,7,408,0.13410915918519603,3.4139489184581754e-16,0.1341091591851957,1,365.80303718189697
0.0,b0722,1,69,0.13410915918519603,0.134109159185197,-9.71445146547012e-16,0,0.7849829455935882
0.0,b0723,1,69,0.13410915918519603,0.1341091591851883,7.743805596760467e-15,0,0.7849829455922602
0.0,b0721,1,69,0.13410915918519603,0.1341091591851883,7.743805596760467e-15,0,0.7849829455922602
0.0,b0724,1,69,0.13410915918519603,0.1341091591851883,7.743805596760467e-15,0,0.7849829455922602
0.0,b0494,21,69,0.13410915918519603,0.1341091591851883,7.743805596760467e-15,0,0.7849829455922602
0.0,b0118,3,408,0.13410915918519603,7.316702516063286e-17,0.13410915918519595,1,365.8030371818485
0.0,b1276,2,408,0.13410915918519603,4.615389655818482e-30,0.13410915918519603,1,365.8030371818822
0.0,b3447,1,69,0.13410915918519603,0.13410915918519253,3.497202527569243e-15,0,0.7849829455928491
0.0,b1990,5,69,0.13410915918519603,0.1341091591851883,7.743805596760467e-15,0,0.7849829455922602
0.0,b0819,5,69,0.13410915918519603,0.1341091591851883,7.743805596760467e-15,0,0.7849829455922602
0.0,b1113,5,69,0.13410915918519603,0.1341091591851883,7.743805596760467e-15,0,0.7849829455922602
0.0,b1097,4,69,0.13410915918519603,0.1341091591851883,7.743805596760467e-15,0,0.7849829455922602
0.0,b2813,4,69,0.13410915918519603,0.1341091591851883,7.743805596760467e-15,0,0.7849829455922602
0.0,b2701,4,69,0.13410915918519603,0.1341091591851883,7.743805596760467e-15,0,0.7849829455922602
0.0,b0211,4,69,0.13410915918519603,0.1341091591851883,7.743805596760467e-15,0,0.7849829455922602
0.0,b4392,4,69,0.13410915918519603,0.1341091591851883,7.743805596760467e-15,0,0.7849829455922602
0.0,b2558,4,69,0.13410915918519603,0.1341091591851883,7.743805596760467e-15,0,0.7849829455922602
0.0,b1193,4,69,0.13410915918519603,0.1341091591851883,7.743805596760467e-15,0,0.7849829455922602
0.0,b2963,4,69,0.13410915918519603,0.1341091591851883,7.743805596760467e-15,0,0.7849829455922602
0.0,b3546,2,69,0.13410915918519603,0.1341091591851883,7.743805596760467e-15,0,0.7849829455922602
0.0,b2328,6,69,0.13410915918519603,0.1341091591851883,7.743805596760467e-15,0,0.7849829455922602
0.0,b2134,4,69,0.13410915918519603,0.1341091591851883,7.743805596760467e-15,0,0.7849829455922602
0.0,b1655,4,69,0.13410915918519603,0.1341091591851883,7.743805596760467e-15,0,0.7849829455922602
0.0,b1856,4,69,0.13410915918519603,0.1341091591851883,7.743805596760467e-15,0,0.7849829455922602
0.0,b3860,2,69,0.13410915918519603,0.1341091591851883,7.743805596760467e-15,0,0.7849829455922602
0.0,b1185,2,69,0.13410915918519603,0.1341091591851883,7.743805596760467e-15,0,0.7849829455922602
0.0,b4136,3,69,0.13410915918519603,0.1341091591851883,7.743805596760467e-15,0,0.7849829455922602
0.0,b0605,1,69,0.13410915918519603,0.1341091591851883,7.743805596760467e-15,0,0.7849829455922602
0.0,b0606,1,69,0.13410915918519603,0.1341091591851883,7.743805596760467e-15,0,0.7849829455922602
0.0,b0221,8,431,0.13410915918519603,0.1303941486108788,0.0037150105743172235,0,1129.8072683109172
0.0,b2283,3,64,0.13410915918519603,0.1341091591851997,-3.6637359812630166e-15,0,1115.9477020871664
0.0,b2282,3,64,0.13410915918519603,0.13410915918520497,-8.93729534823251e-15,0,1115.9477020873483
0.0,b2281,3,64,0.13410915918519603,0.13410915918520497,-8.93729534823251e-15,0,1115.9477020873483
0.0,b2288,3,64,0.13410915918519603,0.13410915918520497,-8.93729534823251e-15,0,1115.9477020873483
0.0,b2276,3,64,0.13410915918519603,0.13410915918520497,-8.93729534823251e-15,0,1115.9477020873483
0.0,b2277,3,64,0.13410915918519603,0.13410915918520497,-8.93729534823251e-15,0,1115.9477020873483
0.0,b2285,3,64,0.13410915918519603,0.13410915918520497,-8.93729534823251e-15,0,1115.9477020873483
0.0,b2284,3,64,0.13410915918519603,0.13410915918520497,-8.93729534823251e-15,0,1115.9477020873483
0.0,b2278,3,64,0.13410915918519603,0.13410915918520497,-8.93729534823251e-15,0,1115.9477020873483
0.0,b2279,3,64,0.13410915918519603,0.13410915918520497,-8.93729534823251e-15,0,1115.9477020873483
0.0,b2280,3,64,0.13410915918519603,0.13410915918520497,-8.93729534823251e-15,0,1115.9477020873483
0.0,b2287,3,64,0.13410915918519603,0.13410915918520497,-8.93729534823251e-15,0,1115.9477020873483
0.0,b2286,3,64,0.13410915918519603,0.13410915918520497,-8.93729534823251e-15,0,1115.9477020873483
0.0,b1801,3,64,0.13410915918519603,0.13410915918520497,-8.93729534823251e-15,0,1115.9477020873483
0.0,b4208,5,64,0.13410915918519603,0.13410915918520497,-8.93729534823251e-15,0,1115.9477020873483
0.0,b0007,2,64,0.13410915918519603,0.13410915918520497,-8.93729534823251e-15,0,1115.9477020873483
0.0,b2923,2,64,0.13410915918519603,0.13410915918520497,-8.93729534823251e-15,0,1115.9477020873483
0.0,b0874,1,64,0.13410915918519603,0.13410915918520497,-8.93729534823251e-15,0,1115.9477020873483
0.0,b0037,3,64,0.13410915918519603,0.13410915918520497,-8.93729534823251e-15,0,1115.9477020873483
0.0,b1734,2,64,0.13410915918519603,0.13410915918520497,-8.93729534823251e-15,0,1115.9477020873483
0.0,b2467,1,64,0.13410915918519603,0.13410915918520497,-8.93729534823251e-15,0,1115.9477020873483
0.0,b0404,7,64,0.13410915918519603,0.13410915918520497,-8.93729534823251e-15,0,1115.9477020873483
0.0,b0314,1,64,0.13410915918519603,0.13410915918520497,-8.93729534823251e-15,0,1115.9477020873483
0.0,b4474,1,64,0.13410915918519603,0.13410915918520497,-8.93729534823251e-15,0,1115.9477020873483
0.0,b3370,2,64,0.13410915918519603,0.13410915918520497,-8.93729534823251e-15,0,1115.9477020873483
0.0,b3040,6,412,0.13410915918519603,0.0,0.13410915918519603,1,3683.746533118683
0.0,b3816,3,412,0.13410915918519603,0.0,0.13410915918519603,1,3683.746533117823
0.0,b2373,1,64,0.13410915918519603,0.1341091591851982,-2.1649348980190553e-15,0,1115.94770208714
0.0,b4233,2,64,0.13410915918519603,0.13410915918517813,1.790234627208065e-14,0,1115.9477020867066
0.0,b3196,1,412,0.13410915918519603,1.5096506187941721e-15,0.13410915918519453,1,3683.746533117201
0.0,b3691,1,64,0.13410915918519603,0.13410915918519425,1.7763568394002505e-15,0,1115.947702087064
0.0,b2843,1,64,0.13410915918519603,0.13410915918517813,1.790234627208065e-14,0,1115.9477020867066
0.0,b2156,1,64,0.13410915918519603,0.13410915918517813,1.790234627208065e-14,0,1115.9477020867066
0.0,b4130,3,64,0.13410915918519603,0.13410915918517813,1.790234627208065e-14,0,1115.9477020867066
0.0,b4356,1,64,0.13410915918519603,0.13410915918517813,1.790234627208065e-14,0,1115.9477020867066
0.0,b4358,1,64,0.13410915918519603,0.13410915918517813,1.790234627208065e-14,0,1115.9477020867066
0.0,b3431,1,64,0.13410915918519603,0.13410915918517813,1.790234627208065e-14,0,1115.9477020867066
0.0,b0155,1,81,0.13410915918519603,0.13410826865349015,8.905317058771622e-07,0,1115.9581304707956
0.0,b1378,1,308,0.13410915918519603,0.13403477171480163,7.438747039439919e-05,0,1116.8145763743687
0.0,b0684,7,412,0.13410915918519603,-4.620687397229619e-16,0.1341091591851965,1,3683.7465331182966
0.0,b2895,7,412,0.13410915918519603,0.0,0.13410915918519603,1,3683.7465331180506
0.0,b0777,1,412,0.13410915918519603,0.0,0.13410915918519603,1,3683.7465331180506
0.0,b3199,9,412,0.13410915918519603,0.0,0.13410915918519603,1,3683.7465331179646
0.0,b0641,9,412,0.13410915918519603,0.0,0.13410915918519603,1,3683.7465331179937
0.0,b3200,9,412,0.13410915918519603,0.0,0.13410915918519603,1,3683.7465331179937
0.0,b3201,9,412,0.13410915918519603,0.0,0.13410915918519603,1,3683.7465331179937
0.0,b0054,9,412,0.13410915918519603,0.0,0.13410915918519603,1,3683.7465331179937
0.0,b4262,9,412,0.13410915918519603,0.0,0.13410915918519603,1,3683.7465331179937
0.0,b4261,9,412,0.13410915918519603,0.0,0.13410915918519603,1,3683.7465331179937
0.0,b1535,1,64,0.13410915918519603,0.13410915918519636,-3.3306690738754696e-16,0,1115.9477020871032
0.0,b1490,1,64,0.13410915918519603,0.13410915918517813,1.790234627208065e-14,0,1115.9477020867066
0.0,b1794,1,64,0.13410915918519603,0.13410915918517813,1.790234627208065e-14,0,1115.9477020867066
0.0,b1341,1,64,0.13410915918519603,0.13410915918517813,1.790234627208065e-14,0,1115.9477020867066
0.0,b1025,1,64,0.13410915918519603,0.13410915918517813,1.790234627208065e-14,0,1115.9477020867066
0.0,b1285,2,64,0.13410915918519603,0.13410915918517813,1.790234627208065e-14,0,1115.9477020867066
0.0,b3525,1,64,0.13410915918519603,0.13410915918517813,1.790234627208065e-14,0,1115.9477020867066
0.0,b0315,1,64,0.13410915918519603,0.13410915918517813,1.790234627208065e-14,0,1115.9477020867066
0.0,b2503,1,64,0.13410915918519603,0.13410915918517813,1.790234627208065e-14,0,1115.9477020867066
0.0,b0009,1,64,0.13410915918519603,0.13410915918517813,1.790234627208065e-14,0,1115.9477020867066
0.0,b0784,2,64,0.13410915918519603,0.13410915918517813,1.790234627208065e-14,0,1115.9477020867066
0.0,b2530,6,412,0.13410915918519603,3.657024110139936e-16,0.13410915918519567,1,3683.746533117199
0.0,b2470,7,64,0.13410915918519603,0.13410915918519475,1.27675647831893e-15,0,1115.9477020870715
0.0,b0463,7,64,0.13410915918519603,0.13410915918521868,-2.2648549702353193e-14,0,1115.947702087683
0.0,b0462,7,64,0.13410915918519603,0.13410915918521868,-2.2648549702353193e-14,0,1115.947702087683
0.0,b1394,2,64,0.13410915918519603,0.13410915918521868,-2.2648549702353193e-14,0,1115.947702087683
0.0,b1090,7,58,0.13410915918519603,0.13410915918521868,-2.2648549702353193e-14,0,1115.9471771316148
0.0,b3059,7,58,0.13410915918519603,0.1341091591851969,-8.604228440844963e-16,0,1115.947177131043
0.0,b2529,6,85,0.13410915918519603,0.13410840911891278,7.500662832504723e-07,0,1115.9563442121987
0.0,b1684,2,58,0.13410915918519603,0.13410915918519098,5.051514762044462e-15,0,1115.9471771309197
0.0,b1682,6,58,0.13410915918519603,0.1341091591851969,-8.604228440844963e-16,0,1115.947177131043
0.0,b1683,6,58,0.13410915918519603,0.1341091591851969,-8.604228440844963e-16,0,1115.947177131043
0.0,b1681,6,58,0.13410915918519603,0.1341091591851969,-8.604228440844963e-16,0,1115.947177131043
0.0,b0827,4,58,0.13410915918519603,0.1341091591851969,-8.604228440844963e-16,0,1115.947177131043
0.0,b3857,5,58,0.13410915918519603,0.1341091591851969,-8.604228440844963e-16,0,1115.947177131043
0.0,b3856,5,58,0.13410915918519603,0.1341091591851969,-8.604228440844963e-16,0,1115.947177131043
0.0,b3058,2,412,0.13410915918519603,3.6503499062142407e-16,0.13410915918519567,1,3683.746533118015
0.0,b0709,2,58,0.13410915918519603,0.1341091591851964,-3.608224830031759e-16,0,1115.9471771310373
0.0,b3496,2,58,0.13410915918519603,0.1341091591851969,-8.604228440844963e-16,0,1115.947177131043
0.0,b1634,2,58,0.13410915918519603,0.1341091591851969,-8.604228440844963e-16,0,1115.947177131043
0.0,b2528,2,85,0.13410915918519603,0.13410840911891278,7.500662832504723e-07,0,1115.9563442121987
0.0,b1679,4,58,0.13410915918519603,0.13410915918518426,1.176836406102666e-14,0,1115.9471771307929
0.0,b0775,1,412,0.13410915918519603,-5.676570633823423e-16,0.13410915918519659,1,3683.746533118039
0.0,b1009,1,58,0.13410915918519603,0.13410915918519561,4.163336342344337e-16,0,1115.9471771310132
0.0,b0444,1,58,0.13410915918519603,0.13410915918519414,1.887379141862766e-15,0,1115.9471771310516
0.0,b2794,1,58,0.13410915918519603,0.13410915918519414,1.887379141862766e-15,0,1115.9471771310516
0.0,b1008,1,58,0.13410915918519603,0.13410915918519414,1.887379141862766e-15,0,1115.9471771310516
0.0,b2765,1,58,0.13410915918519603,0.13410915918519414,1.887379141862766e-15,0,1115.9471771310516
0.0,b2263,1,58,0.13410915918519603,0.13410915918519414,1.887379141862766e-15,0,1115.9471771310516
0.0,b1011,1,58,0.13410915918519603,0.13410915918519414,1.887379141862766e-15,0,1115.9471771310516
0.0,b1010,1,58,0.13410915918519603,0.13410915918519414,1.887379141862766e-15,0,1115.9471771310516
0.0,b0968,7,58,0.13410915918519603,0.13410915918519414,1.887379141862766e-15,0,1115.9471771310516
0.0,b2264,1,58,0.13410915918519603,0.13410915918519414,1.887379141862766e-15,0,1115.9471771310516
0.0,b2262,1,58,0.13410915918519603,0.13410915918519414,1.887379141862766e-15,0,1115.9471771310516
0.0,b1686,1,58,0.13410915918519603,0.13410915918519414,1.887379141862766e-15,0,1115.9471771310516
0.0,b3991,1,412,0.13410915918519603,3.8109712159043646e-15,0.13410915918519223,1,3683.746533117826
0.0,b4407,1,412,0.13410915918519603,0.0,0.13410915918519603,1,3683.7465331180283
0.0,b3990,1,412,0.13410915918519603,0.0,0.13410915918519603,1,3683.7465331180283
0.0,b0423,1,412,0.13410915918519603,0.0,0.13410915918519603,1,3683.7465331180283
0.0,b3992,1,412,0.13410915918519603,0.0,0.13410915918519603,1,3683.7465331180283
0.0,b2877,1,58,0.13410915918519603,0.13410915918519584,1.942890293094024e-16,0,1115.9471771310252
0.0,b2374,1,58,0.13410915918519603,0.13410915918520752,-1.149080830487037e-14,0,1115.9471771312617
0.0,b1389,1,58,0.13410915918519603,0.13410915918520752,-1.149080830487037e-14,0,1115.9471771312617
0.0,b1388,1,58,0.13410915918519603,0.13410915918520752,-1.149080830487037e-14,0,1115.9471771312617
0.0,b1390,1,58,0.13410915918519603,0.13410915918520752,-1.149080830487037e-14,0,1115.9471771312617
0.0,b1391,1,58,0.13410915918519603,0.13410915918520752,-1.149080830487037e-14,0,1115.9471771312617
0.0,b1392,1,58,0.13410915918519603,0.13410915918520752,-1.149080830487037e-14,0,1115.9471771312617
0.0,b1397,2,58,0.13410915918519603,0.13410915918520752,-1.149080830487037e-14,0,1115.9471771312617
0.0,b1395,1,58,0.13410915918519603,0.13410915918520752,-1.149080830487037e-14,0,1115.9471771312617
0.0,b1012,1,58,0.13410915918519603,0.13410915918520752,-1.149080830487037e-14,0,1115.9471771312617
0.0,b1007,1,58,0.13410915918519603,0.13410915918520752,-1.149080830487037e-14,0,1115.9471771312617
0.0,b0785,1,58,0.13410915918519603,0.13410915918520752,-1.149080830487037e-14,0,1115.9471771312617
0.0,b3893,2,58,0.13410915918519603,0.13410915918520752,-1.149080830487037e-14,0,1115.9471771312617
0.0,b3892,2,58,0.13410915918519603,0.13410915918520752,-1.149080830487037e-14,0,1115.9471771312617
0.0,b3894,2,58,0.13410915918519603,0.13410915918520752,-1.149080830487037e-14,0,1115.9471771312617
0.0,b1475,2,58,0.13410915918519603,0.13410915918520752,-1.149080830487037e-14,0,1115.9471771312617
0.0,b1474,2,58,0.13410915918519603,0.13410915918520752,-1.149080830487037e-14,0,1115.9471771312617
0.0,b1476,2,58,0.13410915918519603,0.13410915918520752,-1.149080830487037e-14,0,1115.9471771312617
0.0,b0776,1,412,0.13410915918519603,0.0,0.13410915918519603,1,3683.7465331189605
0.0,b3412,1,412,0.13410915918519603,0.0,0.13410915918519603,1,3683.7465331179437
0.0,b2515,1,412,0.13410915918519603,0.0,0.13410915918519603,1,3683.746533117905
0.0,b4238,4,303,0.13410915918519603,0.13403640488345295,7.275430174308317e-05,0,1116.7949508983043
0.0,b3924,5,303,0.13410915918519603,0.13403640488345803,7.27543017380039e-05,0,1116.7949508984045
0.0,b4237,4,303,0.13410915918519603,0.13403640488345803,7.27543017380039e-05,0,1116.7949508984045
0.0,b4209,1,58,0.13410915918519603,0.13410915918520033,-4.3021142204224816e-15,0,1115.9471771311012
0.0,b1387,1,58,0.13410915918519603,0.13410915918520117,-5.134781488891349e-15,0,1115.9471771311576
0.0,b1393,1,58,0.13410915918519603,0.13410915918520117,-5.134781488891349e-15,0,1115.9471771311576
0.0,b2912,1,58,0.13410915918519603,0.13410915918520117,-5.134781488891349e-15,0,1115.9471771311576
0.0,b2174,1,58,0.13410915918519603,0.13410915918520117,-5.134781488891349e-15,0,1115.9471771311576
0.0,b0826,1,58,0.13410915918519603,0.13410915918520117,-5.134781488891349e-15,0,1115.9471771311576
0.0,b0781,1,58,0.13410915918519603,0.13410915918520117,-5.134781488891349e-15,0,1115.9471771311576
0.0,b0783,1,58,0.13410915918519603,0.13410915918520117,-5.134781488891349e-15,0,1115.9471771311576
0.0,b0630,1,58,0.13410915918519603,0.13410915918520117,-5.134781488891349e-15,0,1115.9471771311576
0.0,b0628,1,58,0.13410915918519603,0.13410915918520117,-5.134781488891349e-15,0,1115.9471771311576
0.0,b4386,3,58,0.13410915918519603,0.13410915918520117,-5.134781488891349e-15,0,1115.9471771311576
0.0,b1385,1,58,0.13410915918519603,0.13410915918520117,-5.134781488891349e-15,0,1115.9471771311576
0.0,b2917,1,58,0.13410915918519603,0.13410915918520117,-5.134781488891349e-15,0,1115.9471771311576
0.0,b3572,1,55,0.13410915918519603,0.13410915918520117,-5.134781488891349e-15,0,1115.937515477701
0.0,b4129,1,55,0.13410915918519603,0.13410915918520117,-5.134781488891349e-15,0,1115.937515477701
0.0,b3722,1,55,0.13410915918519603,0.13410915918520117,-5.134781488891349e-15,0,1115.937515477701
0.0,b0681,1,55,0.13410915918519603,0.13410915918520117,-5.134781488891349e-15,0,1115.937515477701
0.0,b1473,3,55,0.13410915918519603,0.13410915918520117,-5.134781488891349e-15,0,1115.937515477701
0.0,b3882,2,55,0.13410915918519603,0.13410915918520117,-5.134781488891349e-15,0,1115.937515477701
0.0,b1600,1,55,0.13410915918519603,0.13410915918520117,-5.134781488891349e-15,0,1115.937515477701
0.0,b1599,1,55,0.13410915918519603,0.13410915918520117,-5.134781488891349e-15,0,1115.937515477701
0.0,b2660,1,55,0.13410915918519603,0.13410915918520117,-5.134781488891349e-15,0,1115.937515477701
0.0,b4167,4,55,0.13410915918519603,0.13410915918520117,-5.134781488891349e-15,0,1115.937515477701
0.0,b2670,1,55,0.13410915918519603,0.13410915918520117,-5.134781488891349e-15,0,1115.937515477701
0.0,b3070,3,55,0.13410915918519603,0.13410915918520117,-5.134781488891349e-15,0,1115.937515477701
0.0,b4297,1,55,0.13410915918519603,0.13410915918520117,-5.134781488891349e-15,0,1115.937515477701
0.0,b0269,1,55,0.13410915918519603,0.13410915918520117,-5.134781488891349e-15,0,1115.937515477701
0.0,b4298,1,55,0.13410915918519603,0.13410915918520117,-5.134781488891349e-15,0,1115.937515477701
0.0,b0268,1,55,0.13410915918519603,0.13410915918520117,-5.134781488891349e-15,0,1115.937515477701
0.0,b3715,1,55,0.13410915918519603,0.13410915918520117,-5.134781488891349e-15,0,1115.937515477701
0.0,b0516,1,55,0.13410915918519603,0.13410915918520117,-5.134781488891349e-15,0,1115.937515477701
0.0,b0515,1,55,0.13410915918519603,0.13410915918520117,-5.134781488891349e-15,0,1115.937515477701
0.0,b1617,1,55,0.13410915918519603,0.13410915918520117,-5.134781488891349e-15,0,1115.937515477701
0.0,b1695,1,426,0.13410915918519603,0.13039414861087983,0.0037150105743161965,0,1166.5154398248328
0.0,b1771,1,55,0.13410915918519603,0.1341091591851869,9.131584377541913e-15,0,1115.937515477366
0.0,b2907,1,55,0.13410915918519603,0.13410915918520108,-5.051514762044462e-15,0,1115.9375154776728
0.0,b0543,2,55,0.13410915918519603,0.13410915918520108,-5.051514762044462e-15,0,1115.9375154776728
0.0,b1601,1,55,0.13410915918519603,0.13410915918520108,-5.051514762044462e-15,0,1115.9375154776728
0.0,b0624,1,55,0.13410915918519603,0.13410915918520108,-5.051514762044462e-15,0,1115.9375154776728
0.0,b3880,1,55,0.13410915918519603,0.13410915918520108,-5.051514762044462e-15,0,1115.9375154776728
0.0,b3881,1,55,0.13410915918519603,0.13410915918520108,-5.051514762044462e-15,0,1115.9375154776728
0.0,b3877,1,55,0.13410915918519603,0.13410915918520108,-5.051514762044462e-15,0,1115.9375154776728
0.0,b3876,1,55,0.13410915918519603,0.13410915918520108,-5.051514762044462e-15,0,1115.9375154776728
0.0,b1511,1,95,0.13410915918519603,0.13410793280380984,1.2263813861934647e-06,0,1115.951523409306
0.0,b2371,1,55,0.13410915918519603,0.13410915918520733,-1.1296519275560968e-14,0,1115.937515477828
0.0,b2302,1,55,0.13410915918519603,0.13410915918520108,-5.051514762044462e-15,0,1115.9375154776728
0.0,b2989,1,55,0.13410915918519603,0.13410915918520108,-5.051514762044462e-15,0,1115.9375154776728
0.0,b1619,1,55,0.13410915918519603,0.13410915918520108,-5.051514762044462e-15,0,1115.9375154776728
0.0,b4337,1,55,0.13410915918519603,0.13410915918520108,-5.051514762044462e-15,0,1115.9375154776728
0.0,b1337,1,55,0.13410915918519603,0.13410915918520108,-5.051514762044462e-15,0,1115.9375154776728
0.0,b1338,1,55,0.13410915918519603,0.13410915918520108,-5.051514762044462e-15,0,1115.9375154776728
0.0,b1336,1,55,0.13410915918519603,0.13410915918520108,-5.051514762044462e-15,0,1115.9375154776728
0.0,b2873,1,55,0.13410915918519603,0.13410915918520108,-5.051514762044462e-15,0,1115.9375154776728
0.0,b1430,1,55,0.13410915918519603,0.13410915918520108,-5.051514762044462e-15,0,1115.9375154776728
0.0,b1396,2,55,0.13410915918519603,0.13410915918520108,-5.051514762044462e-15,0,1115.9375154776728
0.0,b3943,1,55,0.13410915918519603,0.13410915918520108,-5.051514762044462e-15,0,1115.9375154776728
0.0,b0578,2,55,0.13410915918519603,0.13410915918520108,-5.051514762044462e-15,0,1115.9375154776728
0.0,b3253,1,55,0.13410915918519603,0.13410915918520108,-5.051514762044462e-15,0,1115.9375154776728
0.0,b1022,2,55,0.13410915918519603,0.13410915918520108,-5.051514762044462e-15,0,1115.9375154776728
0.0,b1021,2,55,0.13410915918519603,0.13410915918520108,-5.051514762044462e-15,0,1115.9375154776728
0.0,b1733,1,55,0.13410915918519603,0.13410915918520108,-5.051514762044462e-15,0,1115.9375154776728
0.0,b4266,2,55,0.13410915918519603,0.13410915918520108,-5.051514762044462e-15,0,1115.9375154776728
0.0,b3493,1,331,0.13410915918519603,0.13312619472671108,0.0009829644584849473,0,1128.1951788612175
0.0,b2987,1,331,0.13410915918519603,0.13312619472670878,0.000982964458487251,0,1128.1951788611577
0.0,b0401,3,55,0.13410915918519603,0.1341091591851985,-2.4702462297909733e-15,0,1115.937515477615
0.0,b4141,4,55,0.13410915918519603,0.13410915918520108,-5.051514762044462e-15,0,1115.9375154776728
0.0,b1798,2,55,0.13410915918519603,0.13410915918520108,-5.051514762044462e-15,0,1115.9375154776728
0.0,b3662,2,55,0.13410915918519603,0.13410915918520108,-5.051514762044462e-15,0,1115.9375154776728
0.0,b1592,1,55,0.13410915918519603,0.13410915918520108,-5.051514762044462e-15,0,1115.9375154776728
0.0,b2842,1,55,0.13410915918519603,0.13410915918520108,-5.051514762044462e-15,0,1115.9375154776728
0.0,b4020,1,55,0.13410915918519603,0.13410915918520108,-5.051514762044462e-15,0,1115.9375154776728
0.0,b1985,2,55,0.13410915918519603,0.13410915918520108,-5.051514762044462e-15,0,1115.9375154776728
0.0,b1516,1,55,0.13410915918519603,0.13410915918520108,-5.051514762044462e-15,0,1115.9375154776728
0.0,b1514,1,55,0.13410915918519603,0.13410915918520108,-5.051514762044462e-15,0,1115.9375154776728
0.0,b1515,1,55,0.13410915918519603,0.13410915918520108,-5.051514762044462e-15,0,1115.9375154776728
0.0,b1513,1,55,0.13410915918519603,0.13410915918520108,-5.051514762044462e-15,0,1115.9375154776728
0.0,b1518,1,95,0.13410915918519603,0.13410793280380984,1.2263813861934647e-06,0,1115.951523409306
0.0,b3240,1,55,0.13410915918519603,0.1341091591852057,-9.658940314238862e-15,0,1115.9375154777651
0.0,b3241,1,55,0.13410915918519603,0.13410915918520108,-5.051514762044462e-15,0,1115.9375154776728
0.0,b1449,2,55,0.13410915918519603,0.13410915918520108,-5.051514762044462e-15,0,1115.9375154776728
0.0,b2245,1,55,0.13410915918519603,0.13410915918520108,-5.051514762044462e-15,0,1115.9375154776728
0.0,b1448,1,55,0.13410915918519603,0.13410915918520108,-5.051514762044462e-15,0,1115.9375154776728
0.0,b3656,1,55,0.13410915918519603,0.13410915918520108,-5.051514762044462e-15,0,1115.9375154776728
0.0,b3883,1,55,0.13410915918519603,0.13410915918520108,-5.051514762044462e-15,0,1115.9375154776728
0.0,b3966,3,55,0.13410915918519603,0.13410915918520108,-5.051514762044462e-15,0,1115.9375154776728
0.0,b4098,1,55,0.13410915918519603,0.13410915918520108,-5.051514762044462e-15,0,1115.9375154776728
0.0,b3488,1,55,0.13410915918519603,0.13410915918520108,-5.051514762044462e-15,0,1115.9375154776728
0.0,b1813,1,55,0.13410915918519603,0.13410915918520108,-5.051514762044462e-15,0,1115.9375154776728
0.0,b2166,1,55,0.13410915918519603,0.13410915918520108,-5.051514762044462e-15,0,1115.9375154776728
0.0,b1103,1,55,0.13410915918519603,0.13410915918520108,-5.051514762044462e-15,0,1115.9375154776728
0.0,b4096,1,55,0.13410915918519603,0.13410915918520108,-5.051514762044462e-15,0,1115.9375154776728
0.0,b4101,1,55,0.13410915918519603,0.13410915918520108,-5.051514762044462e-15,0,1115.9375154776728
0.0,b4100,1,55,0.13410915918519603,0.13410915918520108,-5.051514762044462e-15,0,1115.9375154776728
0.0,b4099,1,55,0.13410915918519603,0.13410915918520108,-5.051514762044462e-15,0,1115.9375154776728
0.0,b4095,1,55,0.13410915918519603,0.13410915918520108,-5.051514762044462e-15,0,1115.9375154776728
0.0,b4092,1,55,0.13410915918519603,0.13410915918520108,-5.051514762044462e-15,0,1115.9375154776728
0.0,b2047,1,55,0.13410915918519603,0.13410915918520108,-5.051514762044462e-15,0,1115.9375154776728
0.0,b4106,1,55,0.13410915918519603,0.13410915918520108,-5.051514762044462e-15,0,1115.9375154776728
0.0,b4104,1,55,0.13410915918519603,0.13410915918520108,-5.051514762044462e-15,0,1115.9375154776728
0.0,b4105,1,55,0.13410915918519603,0.13410915918520108,-5.051514762044462e-15,0,1115.9375154776728
0.0,b0662,1,55,0.13410915918519603,0.13410915918520108,-5.051514762044462e-15,0,1115.9375154776728
0.0,b2906,1,55,0.13410915918519603,0.13410915918520108,-5.051514762044462e-15,0,1115.9375154776728
0.0,b1400,1,55,0.13410915918519603,0.13410915918520108,-5.051514762044462e-15,0,1115.9375154776728
0.0,b2683,1,55,0.13410915918519603,0.13410915918520108,-5.051514762044462e-15,0,1115.9375154776728
0.0,b2682,1,55,0.13410915918519603,0.13410915918520108,-5.051514762044462e-15,0,1115.9375154776728
0.0,b1821,1,55,0.13410915918519603,0.13410915918520108,-5.051514762044462e-15,0,1115.9375154776728
0.0,b2164,1,55,0.13410915918519603,0.13410915918520108,-5.051514762044462e-15,0,1115.9375154776728
0.0,b1616,1,55,0.13410915918519603,0.13410915918520108,-5.051514762044462e-15,0,1115.9375154776728
0.0,b1517,1,95,0.13410915918519603,0.13410793280380984,1.2263813861934647e-06,0,1115.951523409306
0.0,b0577,1,55,0.13410915918519603,0.1341091591852057,-9.658940314238862e-15,0,1115.9375154777656
0.0,b2924,1,55,0.13410915918519603,0.13410915918520108,-5.051514762044462e-15,0,1115.9375154776728
0.0,b1330,1,55,0.13410915918519603,0.13410915918520108,-5.051514762044462e-15,0,1115.9375154776728
0.0,b0808,1,55,0.13410915918519603,0.13410915918520108,-5.051514762044462e-15,0,1115.9375154776728
0.0,b0465,1,55,0.13410915918519603,0.13410915918520108,-5.051514762044462e-15,0,1115.9375154776728
0.0,b3291,1,55,0.13410915918519603,0.13410915918520108,-5.051514762044462e-15,0,1115.9375154776728
0.0,b4159,1,55,0.13410915918519603,0.13410915918520108,-5.051514762044462e-15,0,1115.9375154776728
0.0,b2247,1,55,0.13410915918519603,0.13410915918520108,-5.051514762044462e-15,0,1115.9375154776728
0.0,b0597,1,55,0.13410915918519603,0.13410915918520108,-5.051514762044462e-15,0,1115.9375154776728
0.0,b1870,1,55,0.13410915918519603,0.13410915918520108,-5.051514762044462e-15,0,1115.9375154776728
0.0,b3116,2,55,0.13410915918519603,0.13410915918520108,-5.051514762044462e-15,0,1115.9375154776728
0.0,b2796,1,55,0.13410915918519603,0.13410915918520108,-5.051514762044462e-15,0,1115.9375154776728
0.0,b4093,1,55,0.13410915918519603,0.13410915918520108,-5.051514762044462e-15,0,1115.9375154776728
0.0,b3878,1,55,0.13410915918519603,0.13410915918520108,-5.051514762044462e-15,0,1115.9375154776728
0.0,b1206,3,295,0.13410915918519603,0.1339950881766966,0.00011407100849944452,0,1117.2758677345842
