gene_id,n_gpr_rxns,n_changed,b_wt,b_ko,delta_b,y_essential,kV
b0870,5,8,0.2591731753689938,0.25917317536901335,-1.9539925233402755e-14,0,0.3415809512302288
b2551,6,67,0.2591731753689938,0.25917317536904144,-4.7628567756419216e-14,0,3.908864187925748
b3368,3,414,0.2591731753689938,0.0,0.2591731753689938,1,1587.092010739812
b2436,1,54,0.2591731753689938,0.25917317536903123,-3.7414515929867775e-14,0,6.051348188282586e-07
b3500,1,6,0.2591731753689938,0.2591731753691185,-1.2467804566540508e-13,0,0.013203920351016099
b0945,2,3,0.2591731753689938,0.2591731753690342,-4.04121180963557e-14,0,0.02205053988373237
b4467,3,68,0.2591731753689938,0.25917317536904294,-4.912736883966318e-14,0,0.34184847221985964
b2979,3,68,0.2591731753689938,0.25917317536904294,-4.912736883966318e-14,0,0.34184847221985964
b4468,3,68,0.2591731753689938,0.25917317536904294,-4.912736883966318e-14,0,0.34184847221985964
b3916,3,55,0.2591731753689938,0.2591731753689921,1.7208456881689926e-15,0,24.436010128135603
b1260,3,414,0.2591731753689938,0.0,0.2591731753689938,1,1587.092010739809
b1261,3,414,0.2591731753689938,0.0,0.2591731753689938,1,1587.0920107398094
b3426,1,10,0.2591731753689938,0.2591731753690538,-6.000755448098971e-14,0,0.013204040602913537
b2243,3,6,0.2591731753689938,0.2591731753690791,-8.526512829121202e-14,0,0.2515364486268923
b2242,3,6,0.2591731753689938,0.2591731753690791,-8.526512829121202e-14,0,0.2515364486268923
b2241,3,6,0.2591731753689938,0.2591731753690791,-8.526512829121202e-14,0,0.2515364486268923
b3770,5,414,0.2591731753689938,0.0,0.2591731753689938,1,1587.0920107398094
b4054,4,414,0.2591731753689938,0.0,0.2591731753689938,1,1587.0920107398097
b3281,1,414,0.2591731753689938,0.0,0.2591731753689938,1,1587.0920107398083
b1692,3,414,0.2591731753689938,0.0,0.2591731753689938,1,1587.0920107398101
b0243,1,414,0.2591731753689938,0.0,0.2591731753689938,1,1587.0920107398094
b1613,1,4,0.2591731753689938,0.2591731753690513,-5.750955267558311e-14,0,7.103643748732615e-07
b0414,2,414,0.2591731753689938,0.0,0.2591731753689938,1,1587.0920107398094
b3041,1,414,0.2591731753689938,0.0,0.2591731753689938,1,1587.0920107398117
b0025,2,414,0.2591731753689938,0.0,0.2591731753689938,1,1587.0920107398108
b0446,4,14,0.2591731753689938,0.25917317536898665,7.16093850883226e-15,0,0.3555107899682846
b3812,2,414,0.2591731753689938,0.0,0.2591731753689938,1,1587.0920107398094
b0844,2,414,0.2591731753689938,0.0,0.2591731753689938,1,1587.092010739809
b1662,1,414,0.2591731753689938,0.0,0.2591731753689938,1,1587.0920107398092
b0421,2,414,0.2591731753689938,0.0,0.2591731753689938,1,1587.0920107398092
b3804,1,414,0.2591731753689938,0.0,0.2591731753689938,1,1587.0920107398113
b3997,1,414,0.2591731753689938,0.0,0.2591731753689938,1,1587.0920107398092
b4382,2,10,0.2591731753689938,0.2591731753689985,-4.6629367034256575e-15,0,0.00027605476492095787
b0126,1,414,0.2591731753689938,0.0,0.2591731753689938,1,1587.0920107398128
b0339,1,414,0.2591731753689938,0.0,0.2591731753689938,1,1587.0920107398053
b4006,2,414,0.2591731753689938,0.0,0.2591731753689938,1,1587.0920107398092
b2508,1,57,0.2591731753689938,0.2591731753690237,-2.986499936241671e-14,0,0.06028291311950348
b3846,19,132,0.2591731753689938,0.25917317536898216,1.1657341758564144e-14,0,3.7645560140673116
b2341,16,132,0.2591731753689938,0.2591731753690354,-4.157785227221211e-14,0,3.764556014080271
b2400,1,414,0.2591731753689938,0.0,0.2591731753689938,1,1587.092010739808
b3993,1,414,0.2591731753689938,0.0,0.2591731753689938,1,1587.0920107398122
b2066,4,6,0.2591731753689938,0.2591731753690602,-6.639133687258436e-14,0,0.0002759345129232171
b0238,3,10,0.2591731753689938,0.2591731753690063,-1.2490009027033011e-14,0,0.013204630715292749
b0125,2,10,0.2591731753689938,0.25917317536899126,2.55351295663786e-15,0,0.013204630715285087
b2518,8,16,0.2591731753689938,0.2591731753689891,4.718447854656915e-15,0,0.6562928503508411
b0474,13,61,0.2591731753689938,0.2591731753690793,-8.548717289613705e-14,0,2.968348394589962
b1062,1,414,0.2591731753689938,0.0,0.2591731753689938,1,1587.092010739811
b1281,1,414,0.2591731753689938,0.0,0.2591731753689938,1,1587.0920107398085
b0720,1,415,0.2591731753689938,0.0,0.2591731753689938,1,1735.0063796858026
b1136,1,415,0.2591731753689938,0.0,0.2591731753689938,1,1735.0063796858074
b0351,1,0,0.2591731753689938,0.25917317536906964,-7.582823258189819e-14,0,0.0
b1241,3,6,0.2591731753689938,0.2591731753691039,-1.1007861289158427e-13,0,0.013203920351008607
b4069,2,10,0.2591731753689938,0.2591731753690106,-1.6764367671839864e-14,0,0.13626301484780737
b4226,1,414,0.2591731753689938,0.0,0.2591731753689938,1,1587.09201073981
b2502,2,414,0.2591731753689938,0.0,0.2591731753689938,1,1587.0920107398097
b2744,14,414,0.2591731753689938,0.0,0.2591731753689938,1,1587.0920107398106
b3403,1,0,0.2591731753689938,0.2591731753689901,3.7192471324942744e-15,0,0.0
b1479,1,0,0.2591731753689938,0.2591731753689938,0.0,0,0.0
b1190,1,414,0.2591731753689938,0.0,0.2591731753689938,1,1587.092010739812
b4053,1,414,0.2591731753689938,0.0,0.2591731753689938,1,1587.0920107398108
b2379,1,7,0.2591731753689938,0.25917317536892,7.382983113757291e-14,0,0.06822114383073169
b2290,1,11,0.2591731753689938,0.2591731753689757,1.8096635301390052e-14,0,0.19568269879463032
b3564,2,0,0.2591731753689938,0.25917317536899975,-5.9396931817445875e-15,0,0.0
b0063,3,8,0.2591731753689938,0.25917317536900075,-6.938893903907228e-15,0,0.12746226532825128
b3752,1,0,0.2591731753689938,0.2591731753689938,0.0,0,0.0
b3926,1,10,0.2591731753689938,0.2591731753690359,-4.207745263329343e-14,0,0.6363832283091714
b4383,2,55,0.2591731753689938,0.2591731753689674,2.6423307986078726e-14,0,0.3415739026075632
b0928,4,414,0.2591731753689938,0.0,0.2591731753689938,1,1587.0920107398088
b3925,1,0,0.2591731753689938,0.2591731753690205,-2.6700863742235015e-14,0,0.0
b2930,1,0,0.2591731753689938,0.2591731753689938,0.0,0,0.0
b4232,1,0,0.2591731753689938,0.2591731753689938,0.0,0,0.0
b3697,6,6,0.2591731753689938,0.2591731753690346,-4.08006961549745e-14,0,0.013203920350960286
b3430,1,0,0.2591731753689938,0.2591731753689938,0.0,0,0.0
b1676,1,10,0.2591731753689938,0.2591731753690056,-1.176836406102666e-14,0,0.013204630715298945
b1854,5,0,0.2591731753689938,0.25917317536903706,-4.324318680914985e-14,0,0.0
b3197,1,414,0.2591731753689938,0.0,0.2591731753689938,1,1587.092010739811
b2708,1,414,0.2591731753689938,0.0,0.2591731753689938,1,1587.0920107398144
b0072,2,414,0.2591731753689938,0.0,0.2591731753689938,1,1587.0920107398097
b0071,2,414,0.2591731753689938,0.0,0.2591731753689938,1,1587.092010739812
b3671,2,414,0.2591731753689938,0.0,0.2591731753689938,1,1587.092010739812
b3670,2,414,0.2591731753689938,0.0,0.2591731753689938,1,1587.0920107398103
b0078,2,414,0.2591731753689938,0.0,0.2591731753689938,1,1587.0920107398103
b0077,2,414,0.2591731753689938,0.0,0.2591731753689938,1,1587.0920107398092
b0908,1,414,0.2591731753689938,0.0,0.2591731753689938,1,1587.0920107398147
b1264,1,414,0.2591731753689938,0.0,0.2591731753689938,1,1587.0920107398106
b1263,2,414,0.2591731753689938,0.0,0.2591731753689938,1,1587.0920107398063
b2599,2,414,0.2591731753689938,0.0,0.2591731753689938,1,1587.0920107398106
b2600,2,414,0.2591731753689938,0.0,0.2591731753689938,1,1587.0920107398088
b2329,1,414,0.2591731753689938,0.0,0.2591731753689938,1,1587.0920107398151
b1262,2,414,0.2591731753689938,0.0,0.2591731753689938,1,1587.0920107398135
b2779,1,84,0.2591731753689938,0.25917317536897627,1.7541523789077473e-14,0,274.82436776744737
b2097,1,48,0.2591731753689938,0.2591731753690627,-6.888933867799096e-14,0,15.349238676630385
b2925,2,50,0.2591731753689938,0.25917317536901896,-2.5146551507759796e-14,0,21.311880827802426
b0963,1,10,0.2591731753689938,0.2591731753690028,-8.992806499463768e-15,0,0.6363832283088181
b1702,1,0,0.2591731753689938,0.2591731753689938,0.0,0,0.0
b4025,1,75,0.2591731753689938,0.25917317536897955,1.426636586643326e-14,0,48.16274384311034
b2926,1,95,0.2591731753689938,0.2591731753691043,-1.1046719095020308e-13,0,520.5935747397077
b1850,2,10,0.2591731753689938,0.259173175369018,-2.4202861936828413e-14,0,0.013204630715300678
b0767,1,63,0.2591731753689938,0.25917313984912316,3.5519870655864594e-08,0,2.2709793233661895
b3386,1,48,0.2591731753689938,0.25917317536902884,-3.502753642692369e-14,0,1.286201369049344
b2464,1,14,0.2591731753689938,0.25917317536902396,-3.0142555118573e-14,0,0.6363839386732466
b0008,1,14,0.2591731753689938,0.25917317536902396,-3.0142555118573e-14,0,0.6363839386732466
b2465,2,414,0.2591731753689938,0.0,0.2591731753689938,1,1587.0920107398088
b2935,2,414,0.2591731753689938,0.0,0.2591731753689938,1,1587.0920107398085
b0678,1,4,0.2591731753689938,0.2591731753690672,-7.338574192772285e-14,0,7.103643748680192e-07
b1478,2,6,0.2591731753689938,0.25917317536910406,-1.1024514634527804e-13,0,0.01320392035100865
b3011,3,6,0.2591731753689938,0.25917317536900975,-1.5931700403370996e-14,0,0.25153644862650937
b3003,1,10,0.2591731753689938,0.2591731753690057,-1.1879386363489175e-14,0,0.35551007960393227
b4269,2,10,0.2591731753689938,0.2591731753690313,-3.7470027081099033e-14,0,0.3555100796042396
b0493,1,10,0.2591731753689938,0.2591731753690057,-1.1879386363489175e-14,0,0.35551007960393227
b3588,2,10,0.2591731753689938,0.2591731753690313,-3.7470027081099033e-14,0,0.3555100796042396
b3903,2,6,0.2591731753689938,0.25917317536896917,2.4646951146678475e-14,0,0.013203920350872396
b3996,1,10,0.2591731753689938,0.2591731753690465,-5.268008251846368e-14,0,0.636383228309066
b2411,1,10,0.2591731753689938,0.2591731753690465,-5.268008251846368e-14,0,0.636383228309066
b0639,2,414,0.2591731753689938,0.0,0.2591731753689938,1,1587.0920107398083
b4390,1,6,0.2591731753689938,0.25917317536900913,-1.532107773982716e-14,0,0.00027593451291555555
b2103,2,414,0.2591731753689938,0.0,0.2591731753689938,1,1587.0920107398097
b2418,4,10,0.2591731753689938,0.25917317536899187,1.942890293094024e-15,0,0.00027664487728720733
b3831,1,6,0.2591731753689938,0.25917317536902185,-2.8033131371785203e-14,0,0.2515364486266821
b4384,7,57,0.2591731753689938,0.2591731753690737,-7.988054662178001e-14,0,0.6363729754701959
b3073,1,0,0.2591731753689938,0.25917317536897433,1.9484414082171497e-14,0,0.0
b3008,2,414,0.2591731753689938,0.0,0.2591731753689938,1,1587.0920107398085
b3708,3,55,0.2591731753689938,0.2591731753688388,1.5498713423767185e-13,0,0.0038562651428903846
b1134,3,6,0.2591731753689938,0.2591731753691386,-1.4477308241112041e-13,0,0.01320392035103186
b3614,3,0,0.2591731753689938,0.2591731753689938,0.0,0,0.0
b3642,1,414,0.2591731753689938,0.0,0.2591731753689938,1,1587.0920107398065
b0415,1,414,0.2591731753689938,0.0,0.2591731753689938,1,1587.0920107398124
b3771,2,414,0.2591731753689938,0.0,0.2591731753689938,1,1587.0920107398072
b3885,1,6,0.2591731753689938,0.25917317536906825,-7.444045380111675e-14,0,0.0002759345129249546
b2293,8,16,0.2591731753689938,0.2591731753690823,-8.848477506262498e-14,0,0.6562928503519969
b3114,2,6,0.2591731753689938,0.2591731753690364,-4.2577052994374753e-14,0,0.013203920350954534
b3951,1,8,0.2591731753689938,0.25917317536902756,-3.375077994860476e-14,0,0.3415809512301179
b3952,1,8,0.2591731753689938,0.25917317536902756,-3.375077994860476e-14,0,0.3415809512301179
b0902,2,6,0.2591731753689938,0.2591731753690364,-4.2577052994374753e-14,0,0.013203920350954534
b0903,2,6,0.2591731753689938,0.2591731753690364,-4.2577052994374753e-14,0,0.013203920350954534
b2579,2,6,0.2591731753689938,0.2591731753690364,-4.2577052994374753e-14,0,0.013203920350954534
b4154,2,8,0.2591731753689938,0.25917317536904694,-5.312417172831374e-14,0,0.341580951230414
b4151,2,8,0.2591731753689938,0.25917317536904694,-5.312417172831374e-14,0,0.341580951230414
b4153,2,8,0.2591731753689938,0.25917317536904694,-5.312417172831374e-14,0,0.341580951230414
b4152,2,8,0.2591731753689938,0.25917317536904694,-5.312417172831374e-14,0,0.341580951230414
b0871,1,0,0.2591731753689938,0.2591731753689938,0.0,0,0.0
b2458,1,6,0.2591731753689938,0.2591731753690453,-5.1514348342607263e-14,0,0.01320392035094657
b2297,2,8,0.2591731753689938,0.2591731753690524,-5.856426454897701e-14,0,0.3415809512305853
b3115,2,16,0.2591731753689938,0.25917317536905754,-6.372680161348399e-14,0,0.6363837666538869
b2296,1,4,0.2591731753689938,0.2591731753689955,-1.6653345369377348e-15,0,7.103643748858831e-07
b1849,2,62,0.2591731753689938,0.25917317536900003,-6.217248937900877e-15,0,0.3561689296806734
b3633,2,414,0.2591731753689938,0.0,0.2591731753689938,1,1587.0920107398094
b0174,1,414,0.2591731753689938,0.0,0.2591731753689938,1,1587.0920107398003
b0524,1,414,0.2591731753689938,0.0,0.2591731753689938,1,1587.0920107398113
b0182,1,414,0.2591731753689938,0.0,0.2591731753689938,1,1587.0920107398124
b0915,1,414,0.2591731753689938,0.0,0.2591731753689938,1,1587.092010739812
b0099,3,414,0.2591731753689938,0.0,0.2591731753689938,1,1587.0920107398144
b2781,8,6,0.2591731753689938,0.25917317536898066,1.3156142841808105e-14,0,0.0002759345129142263
b0160,2,0,0.2591731753689938,0.25917317536900253,-8.715250743307479e-15,0,0.0
b1800,2,414,0.2591731753689938,0.0,0.2591731753689938,1,1587.0920107398085
b0073,1,414,0.2591731753689938,0.0,0.2591731753689938,1,1587.0920107398085
b0523,1,414,0.2591731753689938,0.0,0.2591731753689938,1,1587.0920107398106
b1131,2,414,0.2591731753689938,0.0,0.2591731753689938,1,1587.0920107398085
b2407,5,10,0.2591731753689938,0.25917317536902473,-3.091971123581061e-14,0,0.013204630715306935
b2234,4,8,0.2591731753689938,0.2591731753690461,-5.229150445984487e-14,0,0.1274622653284092
b2235,4,8,0.2591731753689938,0.2591731753690461,-5.229150445984487e-14,0,0.1274622653284092
b3781,10,13,0.2591731753689938,0.25917317536901757,-2.375877272697835e-14,0,0.36215109551019914
b2582,10,13,0.2591731753689938,0.25917317536901757,-2.375877272697835e-14,0,0.36215109551019914
b2827,1,414,0.2591731753689938,0.0,0.2591731753689938,1,1587.092010739811
b1238,2,12,0.2591731753689938,0.2591731753690058,-1.199040866595169e-14,0,0.3415816615943703
b3639,2,414,0.2591731753689938,0.0,0.2591731753689938,1,1587.092010739806
b1232,1,12,0.2591731753689938,0.25917317536915424,-1.6042722705833512e-13,0,0.016025596930590635
b1851,1,16,0.2591731753689938,0.25917317536896967,2.4147350785597155e-14,0,0.6562928503505736
b1693,1,414,0.2591731753689938,0.0,0.2591731753689938,1,1587.0920107398101
b4146,1,6,0.2591731753689938,0.2591731753690009,-7.105427357601002e-15,0,0.25153644862652025
b1109,3,0,0.2591731753689938,0.2591731753689938,0.0,0,0.0
b1004,3,0,0.2591731753689938,0.2591731753689938,0.0,0,0.0
b0046,3,0,0.2591731753689938,0.2591731753689938,0.0,0,0.0
b3713,3,0,0.2591731753689938,0.2591731753689938,0.0,0,0.0
b3236,1,64,0.2591731753689938,0.2591731753689583,3.552713678800501e-14,0,19.85887901729157
b4122,2,76,0.2591731753689938,0.25917317536897033,2.348121697082206e-14,0,220.3627875798614
b1611,1,80,0.2591731753689938,0.25917317536904816,-5.434541705540141e-14,0,220.32999563024094
b1612,1,80,0.2591731753689938,0.25917317536904816,-5.434541705540141e-14,0,220.32999563024094
b1638,2,10,0.2591731753689938,0.25917317536903367,-3.985700658404312e-14,0,0.013204630715336507
b0907,3,414,0.2591731753689938,0.0,0.2591731753689938,1,1587.092010739811
b1210,1,414,0.2591731753689938,0.0,0.2591731753689938,1,1587.0920107398088
b3429,1,6,0.2591731753689938,0.259173175369043,-4.9182879990894435e-14,0,0.00027593451292000663
b3417,5,6,0.2591731753689938,0.25917317536899276,1.0547118733938987e-15,0,0.01320392035090269
b3428,2,6,0.2591731753689938,0.25917317536902973,-3.5915714846623814e-14,0,0.013203920350943314
b0428,1,0,0.2591731753689938,0.2591731753690586,-6.478151348687788e-14,0,0.0
b0120,1,12,0.2591731753689938,0.2591731753690288,-3.497202527569243e-14,0,0.3415816615945088
b2937,1,10,0.2591731753689938,0.25917317536897494,1.887379141862766e-14,0,0.1362630148476612
b4117,1,8,0.2591731753689938,0.25917317536901396,-2.015054789694659e-14,0,0.34158095123015353
b3172,1,414,0.2591731753689938,0.0,0.2591731753689938,1,1587.092010739809
b3958,1,414,0.2591731753689938,0.0,0.2591731753689938,1,1587.092010739811
b0121,2,4,0.2591731753689938,0.2591731753690273,-3.347322419244847e-14,0,7.103643748742492e-07
b0154,1,414,0.2591731753689938,0.0,0.2591731753689938,1,1587.0920107398101
b0918,1,414,0.2591731753689938,0.0,0.2591731753689938,1,1587.0920107398115
b4322,1,10,0.2591731753689938,0.2591731753689754,1.84297022087776e-14,0,0.00027664487728815926
b3091,1,6,0.2591731753689938,0.25917317536902384,-3.0031532816110484e-14,0,0.2515364486266718
b3092,2,16,0.2591731753689938,0.25917317536814555,8.482659019648509e-13,0,0.6562928503426755
b3176,1,414,0.2591731753689938,0.0,0.2591731753689938,1,1587.0920107398078
b3730,2,414,0.2591731753689938,0.0,0.2591731753689938,1,1587.0920107398097
b3189,1,414,0.2591731753689938,0.0,0.2591731753689938,1,1587.092010739802
b3967,1,414,0.2591731753689938,0.0,0.2591731753689938,1,1587.09201073981
b3786,1,6,0.2591731753689938,0.25917317536906564,-7.183142969324763e-14,0,0.01320392035096462
b2323,13,414,0.2591731753689938,0.0,0.2591731753689938,1,1587.0920107398072
b2232,2,12,0.2591731753689938,0.2591731753689981,-4.274358644806853e-15,0,0.016025596930438167
b0593,1,0,0.2591731753689938,0.2591731753689938,0.0,0,0.0
b0142,1,414,0.2591731753689938,0.0,0.2591731753689938,1,1587.0920107398092
b3634,1,414,0.2591731753689938,0.0,0.2591731753689938,1,1587.09201073981
b0394,1,6,0.2591731753689938,0.25917317536897344,2.0372592501871623e-14,0,0.0002759345129131426
b0173,1,414,0.2591731753689938,0.0,0.2591731753689938,1,1587.092010739807
b3843,1,414,0.2591731753689938,0.0,0.2591731753689938,1,1587.0920107398074
b0477,2,6,0.2591731753689938,0.25917317536897266,2.1149748619109232e-14,0,0.00027593451291298875
b1302,3,414,0.2591731753689938,0.0,0.2591731753689938,1,1587.0920107398085
b2662,3,414,0.2591731753689938,0.0,0.2591731753689938,1,1587.0920107398208
b1525,2,6,0.2591731753689938,0.2591731753690025,-8.659739592076221e-15,0,0.2515364486265948
b4139,1,6,0.2591731753689938,0.25917317536904083,-4.701794509287538e-14,0,0.013203920350961146
b3117,2,414,0.2591731753689938,0.0,0.2591731753689938,1,1587.0920107398106
b2797,1,4,0.2591731753689938,0.25917317536901147,-1.765254609153999e-14,0,7.103643748745338e-07
b1814,1,0,0.2591731753689938,0.259173175369032,-3.8191672047105385e-14,0,0.0
b4471,1,0,0.2591731753689938,0.259173175369032,-3.8191672047105385e-14,0,0.0
b3616,1,0,0.2591731753689938,0.25917317536902046,-2.6645352591003757e-14,0,0.0
b3589,1,0,0.2591731753689938,0.25917317536902046,-2.6645352591003757e-14,0,0.0
b3774,3,414,0.2591731753689938,0.0,0.2591731753689938,1,1587.0920107398103
b0185,1,414,0.2591731753689938,0.0,0.2591731753689938,1,1587.0920107398078
b3256,1,414,0.2591731753689938,0.0,0.2591731753689938,1,1587.0920107398088
b3255,1,414,0.2591731753689938,0.0,0.2591731753689938,1,1587.0920107398092
b2316,1,414,0.2591731753689938,0.0,0.2591731753689938,1,1587.0920107398074
b2615,1,414,0.2591731753689938,0.0,0.2591731753689938,1,1587.0920107398117
b2265,1,12,0.2591731753689938,0.2591731753690313,-3.7470027081099033e-14,0,0.3415816615946141
b2261,1,10,0.2591731753689938,0.25917317536899676,-2.942091015256665e-15,0,0.25153715899078444
b0596,1,0,0.2591731753689938,0.259173175369006,-1.2212453270876722e-14,0,0.0
b0595,1,0,0.2591731753689938,0.259173175369006,-1.2212453270876722e-14,0,0.0
b4198,1,6,0.2591731753689938,0.2591731753690269,-3.3084646133829665e-14,0,0.013203920350932036
b0061,1,6,0.2591731753689938,0.2591731753690269,-3.3084646133829665e-14,0,0.013203920350932036
b3583,1,6,0.2591731753689938,0.2591731753690269,-3.3084646133829665e-14,0,0.013203920350932036
b4374,3,8,0.2591731753689938,0.25917317536900875,-1.4932499681208355e-14,0,0.34158095123010634
b0675,7,8,0.2591731753689938,0.25917317536905393,-6.011857678345223e-14,0,0.3415809512310035
b2291,6,6,0.2591731753689938,0.2591731753694298,-4.3598458177029897e-13,0,0.013203920351242716
b2361,8,8,0.2591731753689938,0.2591731753690804,-8.659739592076221e-14,0,0.3415809512302353
b1651,1,0,0.2591731753689938,0.25917317536903167,-3.785860513971784e-14,0,0.0
b0766,2,8,0.2591731753689938,0.25917317536897566,1.815214645262131e-14,0,0.3415809512298602
b3826,6,0,0.2591731753689938,0.25917317536901285,-1.9040324872321435e-14,0,0.0
b0758,1,0,0.2591731753689938,0.25917317536904577,-5.1958437552457326e-14,0,0.0
b0420,1,414,0.2591731753689938,0.0,0.2591731753689938,1,1587.0920107398242
b1208,1,414,0.2591731753689938,0.0,0.2591731753689938,1,1587.092010739807
b2746,1,414,0.2591731753689938,0.0,0.2591731753689938,1,1587.09201073981
b3526,1,12,0.2591731753689938,0.25917317536906803,-7.421840919619171e-14,0,0.016025006818149327
b3565,2,0,0.2591731753689938,0.2591731753690144,-2.0594637106796654e-14,0,0.0
b2048,1,8,0.2591731753689938,0.2591731753690325,-3.8691272408186705e-14,0,0.3415809512302674
b4015,1,14,0.2591731753689938,0.25917317536897383,1.9984014443252818e-14,0,0.3415814895741852
b0116,3,73,0.2591731753689938,0.2591731753690589,-6.505906924303417e-14,0,252.79540668491398
b2903,1,67,0.2591731753689938,0.2591731753690322,-3.8413716652030416e-14,0,0.33475783756652644
b2904,1,67,0.2591731753689938,0.2591731753690322,-3.8413716652030416e-14,0,0.33475783756652644
b2905,1,67,0.2591731753689938,0.2591731753690322,-3.8413716652030416e-14,0,0.33475783756652644
b0261,2,6,0.2591731753689938,0.25917317536905876,-6.494804694057166e-14,0,0.2515364486267044
b0759,1,10,0.2591731753689938,0.2591731753689971,-3.2751579226442118e-15,0,0.6363832283086509
b0344,1,0,0.2591731753689938,0.2591731753689906,3.219646771412954e-15,0,0.0
b4239,1,0,0.2591731753689938,0.2591731753689938,0.0,0,0.0
b3956,1,49,0.2591731753689938,0.2591731753690622,-6.838973831690964e-14,0,8.535800564108914
b0822,7,8,0.2591731753689938,0.2591731753690366,-4.2799097599299785e-14,0,0.12746226532844296
b2540,2,0,0.2591731753689938,0.25917317536901235,-1.8540724511240114e-14,0,0.0
b2542,2,0,0.2591731753689938,0.25917317536901235,-1.8540724511240114e-14,0,0.0
b2539,2,0,0.2591731753689938,0.25917317536901235,-1.8540724511240114e-14,0,0.0
b2538,2,0,0.2591731753689938,0.25917317536901235,-1.8540724511240114e-14,0,0.0
b2541,2,6,0.2591731753689938,0.2591731753690386,-4.4797499043625066e-14,0,0.013203920350963858
b0616,1,4,0.2591731753689938,0.25917317536905843,-6.461498003318411e-14,0,7.103643727720027e-07
b0617,1,4,0.2591731753689938,0.25917317536905843,-6.461498003318411e-14,0,7.103643727720027e-07
b0614,1,4,0.2591731753689938,0.25917317536905843,-6.461498003318411e-14,0,7.103643727720027e-07
b0615,1,4,0.2591731753689938,0.25917317536905843,-6.461498003318411e-14,0,7.103643727720027e-07
b2052,2,0,0.2591731753689938,0.2591731753690111,-1.7263968032921184e-14,0,0.0
b1636,1,6,0.2591731753689938,0.2591731753689938,0.0,0,0.2515364486264072
b1277,1,414,0.2591731753689938,0.0,0.2591731753689938,1,1587.0920107398094
b2751,1,414,0.2591731753689938,0.0,0.2591731753689938,1,1587.0920107398142
b2752,1,414,0.2591731753689938,0.0,0.2591731753689938,1,1587.092010739815
b2799,1,14,0.2591731753689938,0.2591731753690013,-7.494005416219807e-15,0,0.355510789968252
b3902,1,6,0.2591731753689938,0.2591731753690069,-1.3100631690576847e-14,0,0.2515364486265687
b2705,1,0,0.2591731753689938,0.25917317536903545,-4.163336342344337e-14,0,0.0
b2091,1,0,0.2591731753689938,0.2591731753690158,-2.19824158875781e-14,0,0.0
b3137,1,6,0.2591731753689938,0.2591731753690077,-1.3877787807814457e-14,0,0.013203920350926183
b3132,1,6,0.2591731753689938,0.2591731753690077,-1.3877787807814457e-14,0,0.013203920350926183
b2096,1,6,0.2591731753689938,0.2591731753690077,-1.3877787807814457e-14,0,0.013203920350926183
b2095,1,6,0.2591731753689938,0.2591731753690077,-1.3877787807814457e-14,0,0.013203920350926183
b4323,1,0,0.2591731753689938,0.2591731753689938,0.0,0,0.0
b1521,1,0,0.2591731753689938,0.2591731753689938,0.0,0,0.0
b3385,1,0,0.2591731753689938,0.25917317536909734,-1.0352829704629585e-13,0,0.0
b0507,1,12,0.2591731753689938,0.2591731753690295,-3.569367024169878e-14,0,0.6562921399871092
b3061,1,0,0.2591731753689938,0.25917317536898704,6.772360450213455e-15,0,0.0
b3062,1,0,0.2591731753689938,0.25917317536898704,6.772360450213455e-15,0,0.0
b3126,1,6,0.2591731753689938,0.25917317536902795,-3.4139358007223564e-14,0,0.2515364486266865
b1095,9,414,0.2591731753689938,0.0,0.2591731753689938,1,1587.0920107398101
b1054,1,14,0.2591731753689938,0.2591731753690532,-5.939693181744587e-14,0,0.016025424910832992
b1855,2,10,0.2591731753689938,0.25917317536897017,2.3647750424515834e-14,0,0.6363832283081798
b2378,1,12,0.2591731753689938,0.25917317536902196,-2.8144153674247718e-14,0,0.6562921399871565
b0109,1,414,0.2591731753689938,0.0,0.2591731753689938,1,1587.0920107398124
b1094,26,414,0.2591731753689938,0.0,0.2591731753689938,1,1587.092010739811
b2836,23,126,0.2591731753689938,0.2591731753690423,-4.846123502488808e-14,0,3.1626819049369788
b2472,1,414,0.2591731753689938,0.0,0.2591731753689938,1,1587.0920107398083
b1589,3,0,0.2591731753689938,0.2591731753690304,-3.658184866139891e-14,0,0.0
b1588,3,6,0.2591731753689938,0.2591731753690256,-3.1807889655510735e-14,0,0.013203920350932142
b1587,3,6,0.2591731753689938,0.2591731753690256,-3.1807889655510735e-14,0,0.013203920350932142
b1590,3,6,0.2591731753689938,0.2591731753690256,-3.1807889655510735e-14,0,0.013203920350932142
b0894,4,0,0.2591731753689938,0.2591731753690217,-2.786659791809143e-14,0,0.0
b0895,4,0,0.2591731753689938,0.2591731753690217,-2.786659791809143e-14,0,0.0
b0896,4,0,0.2591731753689938,0.2591731753690217,-2.786659791809143e-14,0,0.0
b3553,10,6,0.2591731753689938,0.25917317536898954,4.274358644806853e-15,0,0.013203920350904536
b0638,1,8,0.2591731753689938,0.2591731753690001,-6.2727600891321345e-15,0,0.12746226532824861
b3399,5,10,0.2591731753689938,0.2591731753689481,4.568567746332519e-14,0,0.1362630148475696
b0469,1,0,0.2591731753689938,0.2591731753689938,0.0,0,0.0
b3187,1,414,0.2591731753689938,0.0,0.2591731753689938,1,1587.092010739808
b3222,1,12,0.2591731753689938,0.25917317536901124,-1.7430501486614958e-14,0,0.0002764728576083467
b3225,1,0,0.2591731753689938,0.25917317536901285,-1.9040324872321435e-14,0,0.0
b1732,1,0,0.2591731753689938,0.2591731753690102,-1.637578961322106e-14,0,0.0
b3942,1,0,0.2591731753689938,0.2591731753690102,-1.637578961322106e-14,0,0.0
b0586,1,10,0.2591731753689938,0.25917317536888734,1.0647038806155251e-13,0,0.013204630715162376
b3794,1,10,0.2591731753689938,0.25917317536900725,-1.3433698597964394e-14,0,0.3555100796040578
b3693,1,6,0.2591731753689938,0.2591731753689927,1.1102230246251565e-15,0,0.013203920350897427
b2901,1,10,0.2591731753689938,0.2591731753690301,-3.630429290524262e-14,0,0.13626301484785383
b3721,2,14,0.2591731753689938,0.25917317536903045,-3.6637359812630166e-14,0,0.6363839386733546
b2716,2,14,0.2591731753689938,0.25917317536903045,-3.6637359812630166e-14,0,0.6363839386733546
b3416,4,12,0.2591731753689938,0.2591731753690238,-2.9976021664879227e-14,0,0.013204458695619068
b1398,1,8,0.2591731753689938,0.25917317536900786,-1.404432126150823e-14,0,0.3415809512302487
b0049,3,12,0.2591731753689938,0.2591731753689952,-1.3877787807814457e-15,0,0.2515369869710999
b3784,1,6,0.2591731753689938,0.2591731753690607,-6.689093723366568e-14,0,0.01320392035094967
b4481,1,10,0.2591731753689938,0.2591731753690082,-1.4377388168895777e-14,0,0.6363832283084799
b3052,2,12,0.2591731753689938,0.2591731753689954,-1.609823385706477e-15,0,0.6562921399865328
b1896,1,8,0.2591731753689938,0.25917317536901757,-2.375877272697835e-14,0,0.127462265328397
b0841,2,414,0.2591731753689938,0.0,0.2591731753689938,1,1587.09201073981
b1278,30,414,0.2591731753689938,0.0,0.2591731753689938,1,1587.0920107398097
b3057,2,414,0.2591731753689938,0.0,0.2591731753689938,1,1587.0920107398074
b3519,1,6,0.2591731753689938,0.2591731753690207,-2.6867397195928788e-14,0,0.013203920350932642
b0910,3,414,0.2591731753689938,0.0,0.2591731753689938,1,1587.0920107398092
b3648,2,414,0.2591731753689938,0.0,0.2591731753689938,1,1587.092010739811
b1694,1,6,0.2591731753689938,0.2591731753690374,-4.3576253716537394e-14,0,0.013203920350976
b2221,3,12,0.2591731753689938,0.2591731753690299,-3.608224830031759e-14,0,0.6562921399872877
b2222,3,12,0.2591731753689938,0.2591731753690299,-3.608224830031759e-14,0,0.6562921399872877
b2039,1,8,0.2591731753689938,0.25917317536892276,7.105427357601002e-14,0,0.12746226532801191
b3789,1,8,0.2591731753689938,0.25917317536892276,7.105427357601002e-14,0,0.12746226532801191
b2041,1,6,0.2591731753689938,0.2591731753690021,-8.271161533457416e-15,0,0.013203920350899498
b3788,1,6,0.2591731753689938,0.2591731753690021,-8.271161533457416e-15,0,0.013203920350899498
b2036,1,10,0.2591731753689938,0.2591731753690075,-1.3711254354120683e-14,0,0.1362630148478015
b2038,1,10,0.2591731753689938,0.2591731753690035,-9.658940314238862e-15,0,0.2515371589911354
b2040,1,6,0.2591731753689938,0.2591731753690405,-4.668487818548783e-14,0,0.2515364486268017
b0512,1,6,0.2591731753689938,0.25917317536899787,-4.052314039881821e-15,0,0.25153644862654406
b3972,1,414,0.2591731753689938,0.0,0.2591731753689938,1,1587.0920107398047
s0001,45,417,0.2591731753689938,0.0,0.2591731753689938,1,2425.316266686136
b3617,1,4,0.2591731753689938,0.25917317536908474,-9.092726571680032e-14,0,7.103643748637104e-07
b0030,5,10,0.2591731753689938,0.2591731753689608,3.302913498259841e-14,0,0.6363832283081451
b0200,1,10,0.2591731753689938,0.25917317536898704,6.772360450213455e-15,0,0.13626301484774905
b0222,1,8,0.2591731753689938,0.25917317536903983,-4.601874437071274e-14,0,0.34158095123029775
b0038,2,0,0.2591731753689938,0.25917317536901946,-2.5646151868841116e-14,0,0.0
b0036,2,0,0.2591731753689938,0.2591731753690808,-8.698597397938101e-14,0,0.0
b3844,6,48,0.2591731753689938,0.25917317536905016,-5.6343818499726694e-14,0,1.4719409583630618
b2784,2,0,0.2591731753689938,0.2591731753689938,0.0,0,0.0
b2431,1,414,0.2591731753689938,0.0,0.2591731753689938,1,1587.0920107398078
b1019,1,414,0.2591731753689938,0.0,0.2591731753689938,1,1587.092010739814
b0475,1,414,0.2591731753689938,0.0,0.2591731753689938,1,1587.0920107398101
b4040,1,414,0.2591731753689938,0.0,0.2591731753689938,1,1587.0920107398097
b3974,1,414,0.2591731753689938,0.0,0.2591731753689938,1,1587.0920107398106
b0103,1,414,0.2591731753689938,0.0,0.2591731753689938,1,1587.09201073981
b2104,1,10,0.2591731753689938,0.2591731753690557,-6.189493362285248e-14,0,0.0002766448772950673
b1215,1,414,0.2591731753689938,0.0,0.2591731753689938,1,1587.0920107398076
b3198,1,414,0.2591731753689938,0.0,0.2591731753689938,1,1587.0920107398113
b1747,1,8,0.2591731753689938,0.2591731753690345,-4.068967385251199e-14,0,0.016024886566095686
b1744,1,8,0.2591731753689938,0.25917317536899276,1.0547118733938987e-15,0,0.2629205452981236
b0340,1,0,0.2591731753689938,0.25917317536902557,-3.175237850427948e-14,0,0.0
b2988,2,8,0.2591731753689938,0.25917317536899426,-4.440892098500626e-16,0,0.1274622653282997
b2883,1,12,0.2591731753689938,0.2591731753690283,-3.447242491461111e-14,0,0.6562921399869411
b1098,1,414,0.2591731753689938,0.0,0.2591731753689938,1,1587.0920107398085
b0888,1,17,0.2591731753689938,0.25917317536896395,2.986499936241671e-14,0,0.2834913999423058
b2690,7,6,0.2591731753689938,0.2591731753689924,1.3877787807814457e-15,0,0.013203920350900289
b0688,1,12,0.2591731753689938,0.25917317536904405,-5.0237591864288333e-14,0,0.6562921399874094
b1317,1,12,0.2591731753689938,0.25917317536904405,-5.0237591864288333e-14,0,0.6562921399874094
b2168,1,6,0.2591731753689938,0.25917317536899553,-1.7208456881689926e-15,0,0.013203920350890798
b2687,1,414,0.2591731753689938,0.0,0.2591731753689938,1,1587.0920107398097
b3581,1,6,0.2591731753689938,0.25917317536906387,-7.005507285384738e-14,0,0.00027593451292187525
b4196,1,0,0.2591731753689938,0.2591731753689923,1.4988010832439613e-15,0,0.0
b3582,1,8,0.2591731753689938,0.25917317536900614,-1.2323475573339238e-14,0,0.12746226532832464
b4197,1,8,0.2591731753689938,0.25917317536900614,-1.2323475573339238e-14,0,0.12746226532832464
b3575,1,8,0.2591731753689938,0.2591731753690687,-7.488454301096681e-14,0,0.2629205452983211
b0312,2,0,0.2591731753689938,0.2591731753689923,1.4988010832439613e-15,0,0.0
b0403,5,8,0.2591731753689938,0.2591731753690293,-3.547162563677375e-14,0,0.12746226532843913
b0207,2,0,0.2591731753689938,0.2591731753689938,0.0,0,0.0
b3012,2,0,0.2591731753689938,0.2591731753689938,0.0,0,0.0
b3962,1,0,0.2591731753689938,0.2591731753689938,0.0,0,0.0
b2764,4,414,0.2591731753689938,0.0,0.2591731753689938,1,1587.0920107398088
b2763,4,414,0.2591731753689938,0.0,0.2591731753689938,1,1587.0920107398103
b0937,2,10,0.2591731753689938,0.25917317536899936,-5.551115123125783e-15,0,0.013204630715280805
b2563,1,6,0.2591731753689938,0.2591731753690606,-6.677991493120317e-14,0,0.25153644862667973
b3475,1,6,0.2591731753689938,0.2591731753690606,-6.677991493120317e-14,0,0.25153644862667973
b2507,2,414,0.2591731753689938,0.0,0.2591731753689938,1,1587.092010739809
b1982,1,0,0.2591731753689938,0.25917317536911716,-1.233457780358549e-13,0,0.0
b3360,1,414,0.2591731753689938,0.0,0.2591731753689938,1,1587.0920107398126
b1812,1,414,0.2591731753689938,0.0,0.2591731753689938,1,1587.092010739803
b1096,2,414,0.2591731753689938,0.0,0.2591731753689938,1,1587.0920107398024
b4039,2,414,0.2591731753689938,0.0,0.2591731753689938,1,1587.0920107398113
b2416,21,73,0.2591731753689938,0.2591731753690614,-6.761258219967203e-14,0,63.68710283939503
b1200,1,65,0.2591731753689938,0.25917317536900625,-1.2434497875801753e-14,0,4.341145834614731
b2415,21,69,0.2591731753689938,0.25917317536898443,9.381384558082573e-15,0,63.68710212899067
b1199,1,65,0.2591731753689938,0.25917317536900625,-1.2434497875801753e-14,0,4.341145834614731
b1198,1,65,0.2591731753689938,0.25917317536900625,-1.2434497875801753e-14,0,4.341145834614731
b0171,1,414,0.2591731753689938,0.0,0.2591731753689938,1,1587.0920107398094
b4477,1,10,0.2591731753689938,0.2591731753690188,-2.4980018054066022e-14,0,0.2515371589908926
b2498,1,0,0.2591731753689938,0.2591731753690626,-6.877831637552845e-14,0,0.0
b2780,1,414,0.2591731753689938,0.0,0.2591731753689938,1,1587.0920107398103
b0087,1,414,0.2591731753689938,0.0,0.2591731753689938,1,1587.09201073981
b0090,1,414,0.2591731753689938,0.0,0.2591731753689938,1,1587.0920107398106
b3946,1,71,0.2591731753689938,0.2591731753690284,-3.4583447217073626e-14,0,4.341146372960166
b0825,1,71,0.2591731753689938,0.25917317536904794,-5.412337245047638e-14,0,4.341146372960911
b3619,1,0,0.2591731753689938,0.25917317536901613,-2.2315482794965646e-14,0,0.0
b4267,2,0,0.2591731753689938,0.2591731753689923,1.4988010832439613e-15,0,0.0
b1033,4,0,0.2591731753689938,0.2591731753689938,0.0,0,0.0
b3957,1,414,0.2591731753689938,0.0,0.2591731753689938,1,1587.0920107398088
b1623,2,6,0.2591731753689938,0.2591731753690196,-2.581268532253489e-14,0,0.013203920350930107
b3665,1,6,0.2591731753689938,0.25917317536905765,-6.38378239159465e-14,0,0.013203920350967482
b4177,1,414,0.2591731753689938,0.0,0.2591731753689938,1,1587.0920107398088
b0677,1,4,0.2591731753689938,0.2591731753690004,-6.6058269965196814e-15,0,7.103643748891264e-07
b0828,1,8,0.2591731753689938,0.25917317536907425,-8.043565813409259e-14,0,0.34158095123040144
b1767,1,8,0.2591731753689938,0.25917317536907425,-8.043565813409259e-14,0,0.34158095123040144
b0674,2,414,0.2591731753689938,0.0,0.2591731753689938,1,1587.0920107398106
b3744,1,47,0.2591731753689938,0.25917317536901024,-1.6431300764452317e-14,0,0.018683768368934574
b4245,1,414,0.2591731753689938,0.0,0.2591731753689938,1,1587.0920107398078
b4244,1,414,0.2591731753689938,0.0,0.2591731753689938,1,1587.0920107398115
b0029,2,414,0.2591731753689938,0.0,0.2591731753689938,1,1587.0920107398103
b1092,1,414,0.2591731753689938,0.0,0.2591731753689938,1,1587.0920107398085
b3809,1,414,0.2591731753689938,0.0,0.2591731753689938,1,1587.0920107398103
b0031,1,414,0.2591731753689938,0.0,0.2591731753689938,1,1587.0920107398224
b0003,2,414,0.2591731753689938,0.0,0.2591731753689938,1,1587.0920107398128
b1748,3,414,0.2591731753689938,0.0,0.2591731753689938,1,1587.0920107398097
b3359,2,414,0.2591731753689938,0.0,0.2591731753689938,1,1587.0920107398126
b0004,1,414,0.2591731753689938,0.0,0.2591731753689938,1,1587.092010739809
b4013,1,414,0.2591731753689938,0.0,0.2591731753689938,1,1587.0920107398142
b1704,1,414,0.2591731753689938,0.0,0.2591731753689938,1,1587.0920107398156
b2601,1,414,0.2591731753689938,0.0,0.2591731753689938,1,1587.092010739805
b0754,1,414,0.2591731753689938,0.0,0.2591731753689938,1,1587.0920107398085
b2700,1,10,0.2591731753689938,0.25917317536903595,-4.213296378452469e-14,0,0.0002766448772958532
b1768,1,4,0.2591731753689938,0.25917317536903606,-4.2243986086987206e-14,0,7.10364374877029e-07
b1014,2,6,0.2591731753689938,0.2591731753690099,-1.609823385706477e-14,0,0.2515364486265435
b1584,2,8,0.2591731753689938,0.25917317536900336,-9.547918011776346e-15,0,0.26292054529837794
b3790,1,8,0.2591731753689938,0.2591731753690455,-5.168088179630104e-14,0,0.3415809512302049
b4014,1,68,0.2591731753689938,0.2591731753689768,1.6986412276764895e-14,0,0.3418484722191643
b2976,1,68,0.2591731753689938,0.2591731753689768,1.6986412276764895e-14,0,0.3418484722191643
b1897,1,0,0.2591731753689938,0.2591731753689938,0.0,0,0.0
b3034,1,6,0.2591731753689938,0.259173175369006,-1.2212453270876722e-14,0,0.2515364486263836
b3397,1,6,0.2591731753689938,0.259173175369006,-1.2212453270876722e-14,0,0.2515364486263836
b0062,1,12,0.2591731753689938,0.2591731753689817,1.2101430968414206e-14,0,0.65629213998655
b3600,1,0,0.2591731753689938,0.25917317536903545,-4.163336342344337e-14,0,0.0
b3608,1,56,0.2591731753689938,0.2591731753690231,-2.930988785010413e-14,0,0.6670438318693714
b4119,1,0,0.2591731753689938,0.2591731753689802,1.3600232051658168e-14,0,0.0
b2802,2,0,0.2591731753689938,0.2591731753689785,1.532107773982716e-14,0,0.0
b2803,1,6,0.2591731753689938,0.2591731753690075,-1.3711254354120683e-14,0,0.2515364486265585
b2800,1,0,0.2591731753689938,0.25917317536892875,6.505906924303417e-14,0,0.0
b2738,1,0,0.2591731753689938,0.25917317536892875,6.505906924303417e-14,0,0.0
b0335,1,10,0.2591731753689938,0.2591731753690106,-1.6764367671839864e-14,0,0.13626301484780737
b1236,1,6,0.2591731753689938,0.25917317536903006,-3.624878175401136e-14,0,0.013203920350959963
b0179,1,414,0.2591731753689938,0.0,0.2591731753689938,1,1587.0920107398154
b0085,1,414,0.2591731753689938,0.0,0.2591731753689938,1,1587.092010739822
b0091,1,414,0.2591731753689938,0.0,0.2591731753689938,1,1587.0920107398088
b0088,1,414,0.2591731753689938,0.0,0.2591731753689938,1,1587.0920107398106
b0505,1,8,0.2591731753689938,0.2591731753689851,8.715250743307479e-15,0,0.016024886566066557
b0350,1,0,0.2591731753689938,0.25917317536907125,-7.743805596760467e-14,0,0.0
b0352,1,0,0.2591731753689938,0.25917317536907125,-7.743805596760467e-14,0,0.0
b0347,2,8,0.2591731753689938,0.2591731753689867,7.105427357601002e-15,0,0.3415809512298361
b0726,1,68,0.2591731753689938,0.2591731753689938,0.0,0,84.56486899954601
b0727,1,68,0.2591731753689938,0.2591731753689938,0.0,0,84.56486899954601
b3945,4,8,0.2591731753689938,0.25917317536907963,-8.58202398035246e-14,0,0.34158095123066606
b0131,1,414,0.2591731753689938,0.0,0.2591731753689938,1,1587.0920107398106
b0086,1,414,0.2591731753689938,0.0,0.2591731753689938,1,1587.0920107398088
b0096,1,414,0.2591731753689938,0.0,0.2591731753689938,1,1587.0920107398076
b0181,1,414,0.2591731753689938,0.0,0.2591731753689938,1,1587.0920107398092
b2019,1,414,0.2591731753689938,0.0,0.2591731753689938,1,1587.0920107398092
b2020,1,414,0.2591731753689938,0.0,0.2591731753689938,1,1587.0920107398103
b2022,2,414,0.2591731753689938,0.0,0.2591731753689938,1,1587.0920107398103
b1207,1,13,0.2591731753689938,0.25917317536900036,-6.5503158452884236e-15,0,0.30817566660746054
b2026,2,414,0.2591731753689938,0.0,0.2591731753689938,1,1587.0920107398035
b2024,1,414,0.2591731753689938,0.0,0.2591731753689938,1,1587.0920107398113
b3607,1,414,0.2591731753689938,0.0,0.2591731753689938,1,1587.09201073981
b2421,1,414,0.2591731753689938,0.0,0.2591731753689938,1,1587.0920107398074
b2414,1,414,0.2591731753689938,0.0,0.2591731753689938,1,1587.0920107398117
b4214,1,414,0.2591731753689938,0.0,0.2591731753689938,1,1587.0920107398042
b2762,2,414,0.2591731753689938,0.0,0.2591731753689938,1,1587.0920107398113
b4024,1,414,0.2591731753689938,0.0,0.2591731753689938,1,1587.0920107398106
b0002,2,414,0.2591731753689938,0.0,0.2591731753689938,1,1587.0920107398185
b3940,2,414,0.2591731753689938,0.0,0.2591731753689938,1,1587.0920107398151
b3433,1,414,0.2591731753689938,0.0,0.2591731753689938,1,1587.0920107398097
b2838,1,414,0.2591731753689938,0.0,0.2591731753689938,1,1587.092010739812
b2942,1,414,0.2591731753689938,0.0,0.2591731753689938,1,1587.09201073982
b4192,1,6,0.2591731753689938,0.2591731753690599,-6.611378111642807e-14,0,0.00027593451292232856
b1993,2,0,0.2591731753689938,0.25917317536902895,-3.5138558729386205e-14,0,0.0
b1992,1,6,0.2591731753689938,0.25917317536898765,6.161737786669619e-15,0,0.013203920350891586
b0417,1,414,0.2591731753689938,0.0,0.2591731753689938,1,1587.0920107398163
b0348,2,8,0.2591731753689938,0.25917317536901596,-2.2148949341271873e-14,0,0.01602488656608924
b0349,2,0,0.2591731753689938,0.25917317536919954,-2.057243264630415e-13,0,0.0
b3124,1,0,0.2591731753689938,0.2591731753689938,0.0,0,0.0
b0583,1,6,0.2591731753689938,0.25917317536898904,4.773959005888173e-15,0,0.013203920350897621
b0732,1,6,0.2591731753689938,0.2591731753690209,-2.708944180085382e-14,0,0.013203920350952109
b0517,1,8,0.2591731753689938,0.2591731753690038,-9.992007221626409e-15,0,0.1274622653283139
b0521,1,52,0.2591731753689938,0.2591731753689269,6.689093723366568e-14,0,0.62193985965063
b3223,1,10,0.2591731753689938,0.259173175369017,-2.3203661214665772e-14,0,0.13626301484781608
b2428,1,6,0.2591731753689938,0.2591731753691043,-1.1046719095020308e-13,0,0.013203920350999408
b2162,2,8,0.2591731753689938,0.2591731753689911,2.7200464103316335e-15,0,0.34158095123006577
b0651,2,8,0.2591731753689938,0.2591731753689911,2.7200464103316335e-15,0,0.34158095123006577
b0522,1,414,0.2591731753689938,0.0,0.2591731753689938,1,1587.0920107398106
b1779,6,99,0.2591731753689938,0.2591731753689799,1.3933298959045715e-14,0,520.6111669782207
b2388,1,0,0.2591731753689938,0.2591731753689938,0.0,0,0.0
b2029,1,47,0.2591731753689938,0.25917317536899276,1.0547118733938987e-15,0,5.105668822124762
b0368,1,0,0.2591731753689938,0.259173175368949,4.4797499043625066e-14,0,0.0
b2463,1,0,0.2591731753689938,0.2591731753689938,0.0,0,0.0
b3960,1,414,0.2591731753689938,0.0,0.2591731753689938,1,1587.0920107398097
b0032,1,0,0.2591731753689938,0.25917317536907963,-8.58202398035246e-14,0,0.0
b0033,1,0,0.2591731753689938,0.2591731753689938,0.0,0,0.0
b0242,1,414,0.2591731753689938,0.0,0.2591731753689938,1,1587.092010739811
b0074,1,414,0.2591731753689938,0.0,0.2591731753689938,1,1587.092010739811
b1091,3,414,0.2591731753689938,0.0,0.2591731753689938,1,1587.0920107398113
b3908,1,49,0.2591731753689938,0.25917317536900014,-6.328271240363392e-15,0,0.013202322541187401
b1656,1,53,0.2591731753689938,0.25917317536900086,-7.049916206369744e-15,0,0.3415684873829269
b0159,3,414,0.2591731753689938,0.0,0.2591731753689938,1,1587.0920107398092
b1106,1,10,0.2591731753689938,0.25917317536900514,-1.1324274851176597e-14,0,0.0002766448772955267
b1759,2,0,0.2591731753689938,0.2591731753689938,0.0,0,0.0
b2251,3,24,0.2591731753689938,0.2591731753690322,-3.8413716652030416e-14,0,0.11840827529100867
b0905,1,0,0.2591731753689938,0.2591731753689938,0.0,0,0.0
b3248,2,0,0.2591731753689938,0.2591731753689938,0.0,0,0.0
b0386,1,414,0.2591731753689938,0.0,0.2591731753689938,1,1587.0920107398094
b3425,1,4,0.2591731753689938,0.25917317536909273,-9.892087149410145e-14,0,7.103643748607089e-07
b2668,1,10,0.2591731753689938,0.25917317536904155,-4.773959005888173e-14,0,0.6363832283092116
b2521,2,6,0.2591731753689938,0.2591731753690187,-2.4868995751603507e-14,0,0.013203920350933492
b2053,1,0,0.2591731753689938,0.2591731753689657,2.808864252301646e-14,0,0.0
b2920,1,0,0.2591731753689938,0.2591731753689938,0.0,0,0.0
b2143,2,6,0.2591731753689938,0.2591731753690261,-3.2307490016592055e-14,0,0.25153644862668995
b0778,1,414,0.2591731753689938,0.0,0.2591731753689938,1,1587.092010739809
b2065,1,6,0.2591731753689938,0.25917317536904966,-5.5844218138645374e-14,0,0.000275934512920518
b2478,1,414,0.2591731753689938,0.0,0.2591731753689938,1,1587.0920107398083
b0337,1,4,0.2591731753689938,0.25917317536903195,-3.813616089587413e-14,0,7.103643748757072e-07
b3729,1,414,0.2591731753689938,0.0,0.2591731753689938,1,1587.0920107398065
b2688,1,12,0.2591731753689938,0.2591731753687364,2.5740520825934254e-13,0,0.013204458695375912
b0485,1,6,0.2591731753689938,0.2591731753690626,-6.877831637552845e-14,0,0.013203920350953469
b1524,1,6,0.2591731753689938,0.2591731753690626,-6.877831637552845e-14,0,0.013203920350953469
b2312,1,414,0.2591731753689938,0.0,0.2591731753689938,1,1587.092010739809
b0104,1,6,0.2591731753689938,0.2591731753690533,-5.950795411990839e-14,0,5.383446905866625e-07
b1740,1,414,0.2591731753689938,0.0,0.2591731753689938,1,1587.0920107398076
b3366,1,10,0.2591731753689938,0.25917317536901335,-1.9539925233402755e-14,0,0.00027664487729254914
b3365,1,0,0.2591731753689938,0.2591731753689938,0.0,0,0.0
b4254,1,414,0.2591731753689938,0.0,0.2591731753689938,1,1587.0920107398092
b0273,1,414,0.2591731753689938,0.0,0.2591731753689938,1,1587.0920107398044
b2500,1,56,0.2591731753689938,0.25917317536899026,3.552713678800501e-15,0,0.05870621165541787
b3449,5,6,0.2591731753689938,0.25917317536908663,-9.281464485866309e-14,0,0.25153644862680735
b0331,1,8,0.2591731753689938,0.259173175369076,-8.221201497349284e-14,0,0.34158095123026855
b2210,2,0,0.2591731753689938,0.2591731753689938,0.0,0,0.0
b1746,1,10,0.2591731753689938,0.259173175369029,-3.519406988061746e-14,0,0.35551007960417225
b0052,1,414,0.2591731753689938,0.0,0.2591731753689938,1,1587.0920107398138
b2564,1,414,0.2591731753689938,0.0,0.2591731753689938,1,1587.0920107398103
b0369,1,414,0.2591731753689938,0.0,0.2591731753689938,1,1587.0920107398179
b4005,1,414,0.2591731753689938,0.0,0.2591731753689938,1,1587.0920107398078
b2557,1,414,0.2591731753689938,0.0,0.2591731753689938,1,1587.0920107398067
b2441,1,10,0.2591731753689938,0.2591731753690258,-3.197442310920451e-14,0,0.0002766448772951509
b2440,1,8,0.2591731753689938,0.25917317536905476,-6.09512440519211e-14,0,0.34158095123018606
b2049,1,0,0.2591731753689938,0.2591731753689938,0.0,0,0.0
b3806,1,8,0.2591731753689938,0.259173175369039,-4.518607710224387e-14,0,0.12746226532847016
b2533,2,0,0.2591731753689938,0.2591731753690293,-3.547162563677375e-14,0,0.0
b0333,1,0,0.2591731753689938,0.2591731753689986,-4.773959005888173e-15,0,0.0
b3590,1,0,0.2591731753689938,0.2591731753689938,0.0,0,0.0
b2173,1,0,0.2591731753689938,0.2591731753689938,0.0,0,0.0
b2918,1,0,0.2591731753689938,0.2591731753689938,0.0,0,0.0
b2727,1,0,0.2591731753689938,0.2591731753689938,0.0,0,0.0
b4173,1,0,0.2591731753689938,0.2591731753689938,0.0,0,0.0
b4352,1,0,0.2591731753689938,0.2591731753689938,0.0,0,0.0
b4161,4,0,0.2591731753689938,0.2591731753689938,0.0,0,0.0
b1852,1,63,0.2591731753689938,0.25917317536899115,2.6645352591003757e-15,0,2.2709835357150983
b0134,1,414,0.2591731753689938,0.0,0.2591731753689938,1,1587.092010739808
b2028,1,14,0.2591731753689938,0.2591731753690351,-4.1300296516055823e-14,0,0.01602542491081055
b2787,1,8,0.2591731753689938,0.25917317536875434,2.3947510641164627e-13,0,0.34158095122844256
b2788,1,8,0.2591731753689938,0.25917317536875434,2.3947510641164627e-13,0,0.34158095122844256
b3791,1,12,0.2591731753689938,0.259173175368985,8.826273045769994e-15,0,0.6562921399863129
b3787,1,0,0.2591731753689938,0.2591731753690319,-3.808064974464287e-14,0,0.0
b1415,2,66,0.2591731753689938,0.2591731753689319,6.189493362285248e-14,0,8.49258312132009e-07
b1493,1,14,0.2591731753689938,0.2591731753689984,-4.6074255521944e-15,0,0.6363839386728317
b3517,1,14,0.2591731753689938,0.2591731753689984,-4.6074255521944e-15,0,0.6363839386728317
b3551,3,6,0.2591731753689938,0.2591731753689924,1.3877787807814457e-15,0,0.0002759345129109238
b2750,1,414,0.2591731753689938,0.0,0.2591731753689938,1,1587.0920107398097
b1622,1,414,0.2591731753689938,0.0,0.2591731753689938,1,1587.092010739809
b3939,1,414,0.2591731753689938,0.0,0.2591731753689938,1,1587.0920107398115
b2661,1,10,0.2591731753689938,0.2591731753690757,-8.18789480661053e-14,0,0.013204630715342726
b0241,283,414,0.2591731753689938,0.0,0.2591731753689938,1,2401.1564669126687
b2215,285,414,0.2591731753689938,0.0,0.2591731753689938,1,2401.1564669126687
b0929,285,414,0.2591731753689938,0.0,0.2591731753689938,1,2401.1564669126687
b1377,284,414,0.2591731753689938,0.0,0.2591731753689938,1,2401.1564669126687
b0411,7,12,0.2591731753689938,0.2591731753690518,-5.800915303666443e-14,0,0.6562921399872573
b1319,1,103,0.2591731753689938,0.25917317536906087,-6.705747068735946e-14,0,6613.271818656422
b3875,3,103,0.2591731753689938,0.25917317536906104,-6.722400414105323e-14,0,6613.2718186565035
b0957,1,103,0.2591731753689938,0.25917317536906087,-6.705747068735946e-14,0,6613.271818656422
b1805,10,8,0.2591731753689938,0.25917317536899087,2.942091015256665e-15,0,0.12746226532831295
b1701,10,8,0.2591731753689938,0.25917317536899087,2.942091015256665e-15,0,0.12746226532831295
b1646,1,0,0.2591731753689938,0.2591731753689923,1.4988010832439613e-15,0,0.0
b2203,2,0,0.2591731753689938,0.2591731753689938,0.0,0,0.0
b2202,2,0,0.2591731753689938,0.2591731753689938,0.0,0,0.0
b2206,2,0,0.2591731753689938,0.2591731753689938,0.0,0,0.0
b2205,1,0,0.2591731753689938,0.2591731753689938,0.0,0,0.0
b2204,1,0,0.2591731753689938,0.2591731753689938,0.0,0,0.0
b0980,2,10,0.2591731753689938,0.25917317536904577,-5.1958437552457326e-14,0,0.1362630148479871
b0383,15,0,0.2591731753689938,0.25917317536901924,-2.5424107263916085e-14,0,0.0
b1468,2,0,0.2591731753689938,0.2591731753689788,1.4988010832439613e-14,0,0.0
b1224,2,0,0.2591731753689938,0.2591731753689788,1.4988010832439613e-14,0,0.0
b1225,2,0,0.2591731753689938,0.2591731753689788,1.4988010832439613e-14,0,0.0
b1226,2,0,0.2591731753689938,0.2591731753689788,1.4988010832439613e-14,0,0.0
b1227,2,0,0.2591731753689938,0.2591731753689788,1.4988010832439613e-14,0,0.0
b1466,2,0,0.2591731753689938,0.2591731753689788,1.4988010832439613e-14,0,0.0
b1467,2,0,0.2591731753689938,0.2591731753689788,1.4988010832439613e-14,0,0.0
b1465,2,0,0.2591731753689938,0.2591731753689788,1.4988010832439613e-14,0,0.0
b1602,1,0,0.2591731753689938,0.2591731753689938,0.0,0,0.0
b1603,1,0,0.2591731753689938,0.2591731753689938,0.0,0,0.0
b0997,2,6,0.2591731753689938,0.2591731753690534,-5.956346527113965e-14,0,0.2515364486268779
b0996,2,6,0.2591731753689938,0.2591731753690534,-5.956346527113965e-14,0,0.2515364486268779
b1873,4,6,0.2591731753689938,0.25917317536898515,8.659739592076221e-15,0,0.2515364486264278
b1872,4,6,0.2591731753689938,0.25917317536898515,8.659739592076221e-15,0,0.2515364486264278
b3845,8,130,0.2591731753689938,0.25917317536909873,-1.0491607582707729e-13,0,3.4802644737664252
b2342,8,130,0.2591731753689938,0.25917317536909873,-1.0491607582707729e-13,0,3.4802644737664252
b4388,1,71,0.2591731753689938,0.25917317536904294,-4.912736883966318e-14,0,9.455504465776215
b0010,2,56,0.2591731753689938,0.25917317536895845,3.5360603334311236e-14,0,0.3406947930181047
b3528,6,8,0.2591731753689938,0.25917317536908446,-9.064970996064403e-14,0,0.34158095123060894
b4123,9,6,0.2591731753689938,0.25917317536899404,-2.220446049250313e-16,0,0.013203920350906936
b0621,4,6,0.2591731753689938,0.2591731753690318,-3.7969627442180354e-14,0,0.013203920350943522
b4138,7,6,0.2591731753689938,0.2591731753690318,-3.7969627442180354e-14,0,0.013203920350943522
b2417,6,73,0.2591731753689938,0.2591731753690173,-2.348121697082206e-14,0,58.42591946704278
b2429,2,0,0.2591731753689938,0.259173175369018,-2.4202861936828413e-14,0,0.0
b2423,5,414,0.2591731753689938,0.0,0.2591731753689938,1,1587.0920107398092
b2422,5,414,0.2591731753689938,0.0,0.2591731753689938,1,1587.0920107398154
b0764,3,414,0.2591731753689938,0.0,0.2591731753689938,1,1587.0920107398106
b0765,3,414,0.2591731753689938,0.0,0.2591731753689938,1,1587.092010739814
b0763,3,414,0.2591731753689938,0.0,0.2591731753689938,1,1587.0920107397956
b2425,5,414,0.2591731753689938,0.0,0.2591731753689938,1,1587.0920107398126
b2424,5,414,0.2591731753689938,0.0,0.2591731753689938,1,1587.0920107398056
b3917,5,414,0.2591731753689938,0.0,0.2591731753689938,1,1587.0920107398097
b3063,1,16,0.2591731753689938,0.2591731753690199,-2.609024107869118e-14,0,0.1362635531925321
b2913,3,65,0.2591731753689938,0.25917317536897444,1.9373391779708982e-14,0,8.94516912356421
b0366,3,12,0.2591731753689938,0.25917317536902107,-2.7255975254547593e-14,0,0.6562921399869832
b0367,3,12,0.2591731753689938,0.25917317536902107,-2.7255975254547593e-14,0,0.6562921399869832
b0365,3,12,0.2591731753689938,0.25917317536902107,-2.7255975254547593e-14,0,0.6562921399869832
b2964,11,8,0.2591731753689938,0.25917317536899764,-3.83026943495679e-15,0,0.3415809512299305
b2393,8,0,0.2591731753689938,0.25917317536897994,1.3877787807814457e-14,0,0.0
b1291,1,48,0.2591731753689938,0.25917317536903844,-4.463096558993129e-14,0,0.25886018126575555
b1250,1,48,0.2591731753689938,0.25917317536903844,-4.463096558993129e-14,0,0.25886018126575555
b1363,1,48,0.2591731753689938,0.25917317536903844,-4.463096558993129e-14,0,0.25886018126575555
b3290,1,48,0.2591731753689938,0.25917317536903844,-4.463096558993129e-14,0,0.25886018126575555
b3747,1,48,0.2591731753689938,0.25917317536903844,-4.463096558993129e-14,0,0.25886018126575555
b3849,1,48,0.2591731753689938,0.25917317536903844,-4.463096558993129e-14,0,0.25886018126575555
b2587,1,0,0.2591731753689938,0.25917317536909057,-9.675593659608239e-14,0,0.0
b4031,1,0,0.2591731753689938,0.2591731753689938,0.0,0,0.0
b0067,1,6,0.2591731753689938,0.2591731753689938,0.0,0,0.251536448626441
b0066,1,6,0.2591731753689938,0.2591731753689938,0.0,0,0.251536448626441
b0068,1,6,0.2591731753689938,0.2591731753689938,0.0,0,0.251536448626441
b2406,6,0,0.2591731753689938,0.2591731753689886,5.218048215738236e-15,0,0.0
b3460,5,0,0.2591731753689938,0.2591731753689938,0.0,0,0.0
b3455,5,0,0.2591731753689938,0.2591731753689938,0.0,0,0.0
b3454,5,0,0.2591731753689938,0.2591731753689938,0.0,0,0.0
b3457,5,0,0.2591731753689938,0.2591731753689938,0.0,0,0.0
b3456,5,0,0.2591731753689938,0.2591731753689938,0.0,0,0.0
b4240,1,6,0.2591731753689938,0.25917317536906453,-7.072120666862247e-14,0,0.25153644862682184
b3161,2,8,0.2591731753689938,0.25917317536903905,-4.524158825347513e-14,0,0.262920545298499
b3709,1,0,0.2591731753689938,0.2591731753689938,0.0,0,0.0
b0112,4,8,0.2591731753689938,0.25917317536904566,-5.184741524999481e-14,0,0.341580951230301
b1907,1,0,0.2591731753689938,0.2591731753689938,0.0,0,0.0
b3567,1,0,0.2591731753689938,0.2591731753689938,0.0,0,0.0
b3566,1,0,0.2591731753689938,0.2591731753689938,0.0,0,0.0
b3568,1,0,0.2591731753689938,0.2591731753689938,0.0,0,0.0
b3577,2,0,0.2591731753689938,0.25917317536902107,-2.7255975254547593e-14,0,0.0
b3578,2,0,0.2591731753689938,0.25917317536902107,-2.7255975254547593e-14,0,0.0
b3579,2,0,0.2591731753689938,0.25917317536902107,-2.7255975254547593e-14,0,0.0
b3089,2,0,0.2591731753689938,0.2591731753689938,0.0,0,0.0
b2153,1,414,0.2591731753689938,0.0,0.2591731753689938,1,1587.0920107398117
b0935,5,12,0.2591731753689938,0.2591731753689398,5.4012350148013866e-14,0,0.6562921399862727
b0151,5,6,0.2591731753689938,0.25917317536898143,1.2378986724570495e-14,0,0.2515364486264001
b0153,5,6,0.2591731753689938,0.25917317536898143,1.2378986724570495e-14,0,0.2515364486264001
b0152,5,6,0.2591731753689938,0.25917317536898143,1.2378986724570495e-14,0,0.2515364486264001
b0158,3,6,0.2591731753689938,0.2591731753690264,-3.2585045772748344e-14,0,0.25153644862694363
b1709,3,6,0.2591731753689938,0.2591731753690264,-3.2585045772748344e-14,0,0.25153644862694363
b1711,3,6,0.2591731753689938,0.2591731753690264,-3.2585045772748344e-14,0,0.25153644862694363
b2223,3,12,0.2591731753689938,0.2591731753690451,-5.129230373768223e-14,0,0.12746297569283435
b1101,2,72,0.2591731753689938,0.2591731753690582,-6.439293542825908e-14,0,59.14330142412658
b0679,1,0,0.2591731753689938,0.2591731753690247,-3.086420008457935e-14,0,0.0
b1817,6,74,0.2591731753689938,0.2591731753690352,-4.141131881851834e-14,0,58.42592000288419
b1819,6,74,0.2591731753689938,0.2591731753690352,-4.141131881851834e-14,0,58.42592000288419
b1818,6,74,0.2591731753689938,0.2591731753690352,-4.141131881851834e-14,0,58.42592000288419
b3224,1,8,0.2591731753689938,0.2591731753690564,-6.256106743762757e-14,0,0.3415809512304748
b0311,1,8,0.2591731753689938,0.2591731753691069,-1.1307621505807219e-13,0,0.127462265328654
b4381,1,6,0.2591731753689938,0.25917317536903967,-4.5852210917018965e-14,0,0.251536448626758
b0592,2,8,0.2591731753689938,0.2591731753690017,-7.882583474838611e-15,0,0.3415809512299025
b0590,2,8,0.2591731753689938,0.2591731753690017,-7.882583474838611e-15,0,0.3415809512299025
b0588,2,8,0.2591731753689938,0.2591731753690017,-7.882583474838611e-15,0,0.3415809512299025
b0589,2,8,0.2591731753689938,0.2591731753690017,-7.882583474838611e-15,0,0.3415809512299025
b2841,1,0,0.2591731753689938,0.2591731753690247,-3.086420008457935e-14,0,0.0
b2310,3,0,0.2591731753689938,0.2591731753689938,0.0,0,0.0
b2306,4,0,0.2591731753689938,0.2591731753689938,0.0,0,0.0
b2307,4,0,0.2591731753689938,0.2591731753689938,0.0,0,0.0
b2308,4,0,0.2591731753689938,0.2591731753689938,0.0,0,0.0
b0864,1,0,0.2591731753689938,0.2591731753689938,0.0,0,0.0
b0861,1,0,0.2591731753689938,0.2591731753689938,0.0,0,0.0
b0860,1,0,0.2591731753689938,0.2591731753689938,0.0,0,0.0
b0863,1,0,0.2591731753689938,0.2591731753689938,0.0,0,0.0
b0862,1,0,0.2591731753689938,0.2591731753689938,0.0,0,0.0
b4115,1,6,0.2591731753689938,0.2591731753690433,-4.9460435747050724e-14,0,0.25153644862689056
b4193,1,10,0.2591731753689938,0.25917317536901474,-2.09277040141842e-14,0,0.013204630715291921
b4195,1,10,0.2591731753689938,0.25917317536901474,-2.09277040141842e-14,0,0.013204630715291921
b4194,1,10,0.2591731753689938,0.25917317536901474,-2.09277040141842e-14,0,0.013204630715291921
b1453,1,8,0.2591731753689938,0.2591731753690782,-8.43769498715119e-14,0,0.5049736444006995
b0654,2,0,0.2591731753689938,0.2591731753689938,0.0,0,0.0
b0655,2,0,0.2591731753689938,0.2591731753689938,0.0,0,0.0
b0652,2,0,0.2591731753689938,0.2591731753689938,0.0,0,0.0
b0653,2,0,0.2591731753689938,0.2591731753689938,0.0,0,0.0
b4077,2,0,0.2591731753689938,0.2591731753689938,0.0,0,0.0
b0480,17,0,0.2591731753689938,0.25917317536900397,-1.0158540675320182e-14,0,0.0
b4055,17,10,0.2591731753689938,0.25917317536910905,-1.1524114995609125e-13,0,0.636383228309712
b3127,3,8,0.2591731753689938,0.2591731753689622,3.1585845050585704e-14,0,0.3415809512297363
b2789,3,8,0.2591731753689938,0.2591731753689622,3.1585845050585704e-14,0,0.3415809512297363
b2943,2,10,0.2591731753689938,0.2591731753690817,-8.787415239908114e-14,0,0.1362630148479974
b2663,1,8,0.2591731753689938,0.25917317536897816,1.5654144647214707e-14,0,0.34158095122965104
b1918,1,0,0.2591731753689938,0.2591731753689938,0.0,0,0.0
b1917,1,0,0.2591731753689938,0.2591731753689938,0.0,0,0.0
b1920,1,0,0.2591731753689938,0.2591731753689938,0.0,0,0.0
b2704,2,6,0.2591731753689938,0.25917317536900997,-1.6153745008296028e-14,0,0.251536448626507
b2702,2,6,0.2591731753689938,0.25917317536900997,-1.6153745008296028e-14,0,0.251536448626507
b2703,2,6,0.2591731753689938,0.25917317536900997,-1.6153745008296028e-14,0,0.251536448626507
b1197,1,0,0.2591731753689938,0.2591731753689938,0.0,0,0.0
b4515,1,0,0.2591731753689938,0.2591731753689938,0.0,0,0.0
b0733,1,0,0.2591731753689938,0.2591731753689938,0.0,0,0.0
b0734,1,0,0.2591731753689938,0.2591731753689938,0.0,0,0.0
b0979,2,4,0.2591731753689938,0.25917317536894274,5.10702591327572e-14,0,7.103643749032178e-07
b0978,2,4,0.2591731753689938,0.25917317536894274,5.10702591327572e-14,0,7.103643749032178e-07
b3734,1,96,0.2591731753689938,0.2591731753690104,-1.659783421814609e-14,0,6100.950205476921
b3735,1,96,0.2591731753689938,0.2591731753690104,-1.659783421814609e-14,0,6100.950205476921
b3736,1,96,0.2591731753689938,0.2591731753690104,-1.659783421814609e-14,0,6100.950205476921
b3737,1,96,0.2591731753689938,0.2591731753690104,-1.659783421814609e-14,0,6100.950205476921
b3731,1,96,0.2591731753689938,0.2591731753690104,-1.659783421814609e-14,0,6100.950205476921
b3732,1,96,0.2591731753689938,0.2591731753690104,-1.659783421814609e-14,0,6100.950205476921
b3733,1,96,0.2591731753689938,0.2591731753690104,-1.659783421814609e-14,0,6100.950205476921
b3738,1,96,0.2591731753689938,0.2591731753690104,-1.659783421814609e-14,0,6100.950205476921
b3739,1,96,0.2591731753689938,0.2591731753690104,-1.659783421814609e-14,0,6100.950205476921
b4067,2,0,0.2591731753689938,0.2591731753689938,0.0,0,0.0
b3714,1,16,0.2591731753689938,0.2591731753690248,-3.097522238704187e-14,0,0.3555106179489078
b3654,3,16,0.2591731753689938,0.2591731753690248,-3.097522238704187e-14,0,0.3555106179489078
b3664,1,16,0.2591731753689938,0.2591731753690248,-3.097522238704187e-14,0,0.3555106179489078
b4088,2,6,0.2591731753689938,0.2591731753689653,2.853273173286652e-14,0,0.013203920350866752
b4087,2,6,0.2591731753689938,0.2591731753689653,2.853273173286652e-14,0,0.013203920350866752
b4086,2,6,0.2591731753689938,0.2591731753689653,2.853273173286652e-14,0,0.013203920350866752
b0511,1,8,0.2591731753689938,0.2591731753690173,-2.348121697082206e-14,0,0.34158095123010634
b1901,1,0,0.2591731753689938,0.2591731753689938,0.0,0,0.0
b1900,1,0,0.2591731753689938,0.2591731753689938,0.0,0,0.0
b4460,1,0,0.2591731753689938,0.2591731753689938,0.0,0,0.0
b0124,1,6,0.2591731753689938,0.25917317536904144,-4.7628567756419216e-14,0,0.2515364486268403
b0837,1,6,0.2591731753689938,0.25917317536904144,-4.7628567756419216e-14,0,0.2515364486268403
b4464,2,2,0.2591731753689938,0.25917317536897483,1.8984813721090177e-14,0,20.447628707914745
b4064,2,2,0.2591731753689938,0.25917317536897483,1.8984813721090177e-14,0,20.447628707914745
b0974,3,0,0.2591731753689938,0.2591731753689923,1.4988010832439613e-15,0,0.0
b0973,3,0,0.2591731753689938,0.2591731753689923,1.4988010832439613e-15,0,0.0
b0972,3,0,0.2591731753689938,0.2591731753689923,1.4988010832439613e-15,0,0.0
b2997,3,0,0.2591731753689938,0.2591731753689923,1.4988010832439613e-15,0,0.0
b2996,3,0,0.2591731753689938,0.2591731753689923,1.4988010832439613e-15,0,0.0
b2995,3,0,0.2591731753689938,0.2591731753689923,1.4988010832439613e-15,0,0.0
b2994,3,0,0.2591731753689938,0.2591731753689923,1.4988010832439613e-15,0,0.0
b4289,1,10,0.2591731753689938,0.2591731753690422,-4.8405723873656825e-14,0,0.6363832283089483
b4288,1,10,0.2591731753689938,0.2591731753690422,-4.8405723873656825e-14,0,0.6363832283089483
b4290,1,10,0.2591731753689938,0.2591731753690422,-4.8405723873656825e-14,0,0.6363832283089483
b4287,1,10,0.2591731753689938,0.2591731753690422,-4.8405723873656825e-14,0,0.6363832283089483
b1102,1,8,0.2591731753689938,0.2591731753689981,-4.274358644806853e-15,0,0.34158095123002324
b3006,10,10,0.2591731753689938,0.2591731753690182,-2.4369395390522186e-14,0,0.6363832283086216
b3005,10,10,0.2591731753689938,0.2591731753690182,-2.4369395390522186e-14,0,0.6363832283086216
b1252,10,10,0.2591731753689938,0.2591731753690182,-2.4369395390522186e-14,0,0.6363832283086216
b2315,1,414,0.2591731753689938,0.0,0.2591731753689938,1,1587.0920107398113
b0612,1,14,0.2591731753689938,0.25917317536904544,-5.162537064506978e-14,0,0.016025424910812703
b0040,2,10,0.2591731753689938,0.2591731753690692,-7.538414337204813e-14,0,0.1362630148479278
b2131,2,0,0.2591731753689938,0.2591731753689938,0.0,0,0.0
b2130,2,0,0.2591731753689938,0.2591731753689938,0.0,0,0.0
b2128,2,0,0.2591731753689938,0.2591731753689938,0.0,0,0.0
b2129,2,0,0.2591731753689938,0.2591731753689938,0.0,0,0.0
b3409,1,0,0.2591731753689938,0.2591731753689938,0.0,0,0.0
b2167,1,6,0.2591731753689938,0.2591731753690591,-6.52811138479592e-14,0,0.013203920350953705
b2169,1,6,0.2591731753689938,0.2591731753690591,-6.52811138479592e-14,0,0.013203920350953705
b2801,1,8,0.2591731753689938,0.2591731753686753,3.185229857649574e-13,0,0.016024886565772722
b0584,1,0,0.2591731753689938,0.25917317536896767,2.6145752229922437e-14,0,0.0
b0336,1,6,0.2591731753689938,0.25917317536903584,-4.2021941482062175e-14,0,0.013203920350956109
b0341,1,12,0.2591731753689938,0.2591731753689766,1.7208456881689926e-14,0,0.34158166159417047
b3909,2,10,0.2591731753689938,0.2591731753690546,-6.078471059822732e-14,0,0.6363832283088436
b4036,7,8,0.2591731753689938,0.2591731753690079,-1.4099832412739488e-14,0,20.447904642430423
b4291,1,0,0.2591731753689938,0.25917317536900886,-1.504352198367087e-14,0,0.0
b1119,1,8,0.2591731753689938,0.2591731753689966,-2.7755575615628914e-15,0,0.34158095123002485
b3829,1,414,0.2591731753689938,0.0,0.2591731753689938,1,1587.0920107398085
b4019,1,414,0.2591731753689938,0.0,0.2591731753689938,1,1587.0920107397956
b0887,2,10,0.2591731753689938,0.2591731753690202,-2.6367796834847468e-14,0,0.013204630715309532
b0886,2,8,0.2591731753689938,0.25917317536898554,8.271161533457416e-15,0,0.12746226532822574
b2476,1,414,0.2591731753689938,0.0,0.2591731753689938,1,1587.092010739811
b3125,1,10,0.2591731753689938,0.2591731753690606,-6.677991493120317e-14,0,0.25153715899105344
b0509,1,10,0.2591731753689938,0.259173175369048,-5.417888360170764e-14,0,0.013204630715308252
b2501,2,6,0.2591731753689938,0.2591731753689935,3.3306690738754696e-16,0,0.013203920350904542
b3941,1,414,0.2591731753689938,0.0,0.2591731753689938,1,1587.09201073981
b2574,4,414,0.2591731753689938,0.0,0.2591731753689938,1,1587.0920107398142
b3177,1,414,0.2591731753689938,0.0,0.2591731753689938,1,1587.09201073981
b0529,2,67,0.2591731753689938,0.2591731753690284,-3.4583447217073626e-14,0,2.580643953634683
b4132,1,0,0.2591731753689938,0.2591731753689938,0.0,0,0.0
b0750,1,414,0.2591731753689938,0.0,0.2591731753689938,1,1587.092010739807
b3605,2,10,0.2591731753689938,0.2591731753690699,-7.610578833805448e-14,0,0.0002766448772963243
b0306,2,0,0.2591731753689938,0.2591731753689923,1.4988010832439613e-15,0,0.0
b0307,2,0,0.2591731753689938,0.2591731753689923,1.4988010832439613e-15,0,0.0
b0308,2,0,0.2591731753689938,0.2591731753689923,1.4988010832439613e-15,0,0.0
b0904,2,6,0.2591731753689938,0.25917317536899964,-5.828670879282072e-15,0,0.2515364486263848
b2492,2,6,0.2591731753689938,0.25917317536899964,-5.828670879282072e-15,0,0.2515364486263848
b3631,1,8,0.2591731753689938,0.2591731753690145,-2.070565940925917e-14,0,0.2629205452982777
b0914,32,414,0.2591731753689938,0.0,0.2591731753689938,1,1587.092010739808
b1300,2,0,0.2591731753689938,0.2591731753689678,2.603472992745992e-14,0,0.0
b1967,1,0,0.2591731753689938,0.2591731753689938,0.0,0,0.0
b0933,5,12,0.2591731753689938,0.2591731753689571,3.6692870963861424e-14,0,0.6562921399863233
b0936,5,12,0.2591731753689938,0.2591731753689571,3.6692870963861424e-14,0,0.6562921399863233
b0934,5,12,0.2591731753689938,0.2591731753689571,3.6692870963861424e-14,0,0.6562921399863233
b2032,1,0,0.2591731753689938,0.2591731753690167,-2.2870594307278225e-14,0,0.0
b2027,3,6,0.2591731753689938,0.2591731753689987,-4.884981308350689e-15,0,0.013203920350888259
b2035,3,6,0.2591731753689938,0.2591731753689987,-4.884981308350689e-15,0,0.013203920350888259
b3622,2,8,0.2591731753689938,0.2591731753690212,-2.736699755701011e-14,0,0.3415809512303264
b0459,2,8,0.2591731753689938,0.2591731753689914,2.3869795029440866e-15,0,0.12746226532831423
b0585,2,0,0.2591731753689938,0.2591731753690313,-3.7470027081099033e-14,0,0.0
b1326,1,6,0.2591731753689938,0.25917317536901263,-1.8818280267396403e-14,0,0.2515364486265716
b1325,1,8,0.2591731753689938,0.2591731753689945,-6.661338147750939e-16,0,0.34158095122978577
b0591,1,8,0.2591731753689938,0.2591731753689621,3.169686735304822e-14,0,0.34158095122971766
b3035,9,8,0.2591731753689938,0.2591731753689621,3.169686735304822e-14,0,0.34158095122971766
b0692,2,6,0.2591731753689938,0.2591731753689938,0.0,0,0.25153644862635843
b2014,1,0,0.2591731753689938,0.2591731753689938,0.0,0,0.0
b1296,1,0,0.2591731753689938,0.2591731753689938,0.0,0,0.0
b1298,1,10,0.2591731753689938,0.2591731753691197,-1.2589929099249275e-13,0,0.6363832283097827
b3374,1,6,0.2591731753689938,0.2591731753690543,-6.050715484207103e-14,0,0.013203920350939662
b1308,1,0,0.2591731753689938,0.2591731753689938,0.0,0,0.0
b2197,1,0,0.2591731753689938,0.2591731753689938,0.0,0,0.0
b2201,1,0,0.2591731753689938,0.2591731753689938,0.0,0,0.0
b2200,1,0,0.2591731753689938,0.2591731753689938,0.0,0,0.0
b2199,1,0,0.2591731753689938,0.2591731753689938,0.0,0,0.0
b2198,1,0,0.2591731753689938,0.2591731753689938,0.0,0,0.0
b0622,2,0,0.2591731753689938,0.2591731753689938,0.0,0,0.0
b3785,3,0,0.2591731753689938,0.2591731753689973,-3.497202527569243e-15,0,0.0
b3793,3,0,0.2591731753689938,0.2591731753689973,-3.497202527569243e-15,0,0.0
b2552,2,0,0.2591731753689938,0.2591731753689938,0.0,0,0.0
b0756,1,6,0.2591731753689938,0.25917317536898127,1.2545520178264269e-14,0,0.013203920350890252
b0484,1,0,0.2591731753689938,0.2591731753689938,0.0,0,0.0
b3469,6,0,0.2591731753689938,0.2591731753689938,0.0,0,0.0
b3626,1,0,0.2591731753689938,0.25917317536904344,-4.96269692007445e-14,0,0.0
b3623,1,0,0.2591731753689938,0.2591731753690613,-6.750155989720952e-14,0,0.0
b2257,1,0,0.2591731753689938,0.2591731753689941,-2.7755575615628914e-16,0,0.0
b2711,1,0,0.2591731753689938,0.2591731753689938,0.0,0,0.0
b2710,1,0,0.2591731753689938,0.2591731753689938,0.0,0,0.0
b4111,5,10,0.2591731753689938,0.25917317536907564,-8.182343691487404e-14,0,0.013211199515862863
b1386,3,6,0.2591731753689938,0.25917317536901163,-1.7819079545233762e-14,0,0.013203920350926596
b4072,2,0,0.2591731753689938,0.2591731753689923,1.4988010832439613e-15,0,0.0
b4073,2,0,0.2591731753689938,0.2591731753689923,1.4988010832439613e-15,0,0.0
b4070,2,0,0.2591731753689938,0.2591731753689923,1.4988010832439613e-15,0,0.0
b4071,2,0,0.2591731753689938,0.2591731753689923,1.4988010832439613e-15,0,0.0
b3679,1,10,0.2591731753689938,0.2591731753686345,3.593236819199319e-13,0,0.2515371589891296
b0110,4,10,0.2591731753689938,0.25917317536908824,-9.442446824436956e-14,0,0.13626301484798725
b1463,1,0,0.2591731753689938,0.25917317536897255,2.1260770921571748e-14,0,0.0
b4219,1,0,0.2591731753689938,0.2591731753689938,0.0,0,0.0
b1832,1,0,0.2591731753689938,0.2591731753689938,0.0,0,0.0
b1778,1,0,0.2591731753689938,0.2591731753689938,0.0,0,0.0
b2871,1,0,0.2591731753689938,0.25917317536901635,-2.2537527399890678e-14,0,0.0
b0932,2,6,0.2591731753689938,0.25917317536904505,-5.1236792586450974e-14,0,0.013203920350958543
b4260,2,6,0.2591731753689938,0.25917317536904505,-5.1236792586450974e-14,0,0.013203920350958543
b2523,2,6,0.2591731753689938,0.25917317536904505,-5.1236792586450974e-14,0,0.013203920350958543
b0237,3,10,0.2591731753689938,0.25917317536903783,-4.4020342926387457e-14,0,0.6363832283089906
b2132,1,0,0.2591731753689938,0.2591731753689938,0.0,0,0.0
b2239,5,14,0.2591731753689938,0.25917317536902323,-2.942091015256665e-14,0,0.12746280367309581
b2435,2,10,0.2591731753689938,0.2591731753690124,-1.8596235662471372e-14,0,0.6363832283088677
b0867,2,10,0.2591731753689938,0.2591731753690124,-1.8596235662471372e-14,0,0.6363832283088677
b2817,2,10,0.2591731753689938,0.2591731753690124,-1.8596235662471372e-14,0,0.6363832283088677
b4169,2,10,0.2591731753689938,0.2591731753690124,-1.8596235662471372e-14,0,0.6363832283088677
b3610,6,10,0.2591731753689938,0.2591731753690107,-1.687538997430238e-14,0,0.13626301484784953
b2676,4,8,0.2591731753689938,0.25917317536901907,-2.525757381022231e-14,0,0.12746226532842905
b1064,7,6,0.2591731753689938,0.25917317536900536,-1.1546319456101628e-14,0,0.0002759345129134852
b2675,4,8,0.2591731753689938,0.25917317536901907,-2.525757381022231e-14,0,0.12746226532842905
b0849,6,10,0.2591731753689938,0.2591731753690107,-1.687538997430238e-14,0,0.13626301484784953
b1654,6,10,0.2591731753689938,0.2591731753690107,-1.687538997430238e-14,0,0.13626301484784953
b3336,1,6,0.2591731753689938,0.2591731753689995,-5.662137425588298e-15,0,0.2515364486264784
b0123,2,6,0.2591731753689938,0.2591731753689997,-5.88418203051333e-15,0,0.2515364486264996
b1192,4,6,0.2591731753689938,0.2591731753690538,-6.000755448098971e-14,0,0.013203920350938082
b1270,2,0,0.2591731753689938,0.25917317536906,-6.616929226765933e-14,0,0.0
b1246,2,6,0.2591731753689938,0.25917317536904916,-5.5344617777564054e-14,0,0.2515364486269439
b1247,2,6,0.2591731753689938,0.25917317536904916,-5.5344617777564054e-14,0,0.2515364486269439
b1244,2,6,0.2591731753689938,0.25917317536904916,-5.5344617777564054e-14,0,0.2515364486269439
b1245,2,6,0.2591731753689938,0.25917317536904916,-5.5344617777564054e-14,0,0.2515364486269439
b1243,2,6,0.2591731753689938,0.25917317536904916,-5.5344617777564054e-14,0,0.2515364486269439
b2180,2,6,0.2591731753689938,0.25917317536904916,-5.5344617777564054e-14,0,0.2515364486269439
b2179,2,6,0.2591731753689938,0.25917317536904916,-5.5344617777564054e-14,0,0.2515364486269439
b1329,1,6,0.2591731753689938,0.25917317536904916,-5.5344617777564054e-14,0,0.2515364486269439
b2177,2,6,0.2591731753689938,0.25917317536904916,-5.5344617777564054e-14,0,0.2515364486269439
b2178,2,6,0.2591731753689938,0.25917317536904916,-5.5344617777564054e-14,0,0.2515364486269439
b0433,3,14,0.2591731753689938,0.25917317536899015,3.6637359812630166e-15,0,0.6363839386727469
b4367,3,6,0.2591731753689938,0.2591731753690131,-1.9262369477246466e-14,0,0.2515364486267221
b0573,2,6,0.2591731753689938,0.2591731753689802,1.3600232051658168e-14,0,0.25153644862631436
b0572,2,6,0.2591731753689938,0.2591731753689802,1.3600232051658168e-14,0,0.25153644862631436
b0575,2,6,0.2591731753689938,0.2591731753689802,1.3600232051658168e-14,0,0.25153644862631436
b0574,2,6,0.2591731753689938,0.2591731753689802,1.3600232051658168e-14,0,0.25153644862631436
b3915,7,10,0.2591731753689938,0.2591731753689872,6.6058269965196814e-15,0,0.6363832283083761
b0752,5,0,0.2591731753689938,0.2591731753689938,0.0,0,0.0
b1859,1,0,0.2591731753689938,0.2591731753689938,0.0,0,0.0
b1858,1,0,0.2591731753689938,0.2591731753689938,0.0,0,0.0
b1857,1,0,0.2591731753689938,0.2591731753689938,0.0,0,0.0
b1981,1,12,0.2591731753689938,0.2591731753690189,-2.5091040356528538e-14,0,0.3415816615946354
b2392,2,6,0.2591731753689938,0.2591731753689938,0.0,0,0.25153644862647445
b0452,10,134,0.2591731753689938,0.259173175369018,-2.4202861936828413e-14,0,3.7838182412223156
b1927,1,0,0.2591731753689938,0.2591731753690555,-6.167288901792745e-14,0,0.0
b3571,1,0,0.2591731753689938,0.2591731753689938,0.0,0,0.0
b3650,3,6,0.2591731753689938,0.25917317536902285,-2.9032332093947844e-14,0,0.013203920350942392
b2344,7,10,0.2591731753689938,0.2591731753689615,3.2307490016592055e-14,0,0.013204630715240332
b4213,8,8,0.2591731753689938,0.25917317536903595,-4.213296378452469e-14,0,0.34158095123030263
b1059,2,6,0.2591731753689938,0.2591731753690236,-2.980948821118545e-14,0,0.0002759345129194396
b1727,4,10,0.2591731753689938,0.2591731753690351,-4.1300296516055823e-14,0,0.01320463071534612
b3580,2,8,0.2591731753689938,0.2591731753690412,-4.7406523151494184e-14,0,0.3415809512301984
b2051,1,6,0.2591731753689938,0.25917317536904444,-5.062616992290714e-14,0,0.013203920350972082
b4265,3,0,0.2591731753689938,0.2591731753690239,-3.008704396734174e-14,0,0.0
b3266,1,0,0.2591731753689938,0.2591731753689938,0.0,0,0.0
b3265,1,0,0.2591731753689938,0.2591731753689938,0.0,0,0.0
b3907,2,6,0.2591731753689938,0.25917317536898754,6.2727600891321345e-15,0,0.25153644862641095
b3477,1,0,0.2591731753689938,0.2591731753689938,0.0,0,0.0
b3476,1,0,0.2591731753689938,0.2591731753689938,0.0,0,0.0
b3480,1,0,0.2591731753689938,0.2591731753689938,0.0,0,0.0
b3478,1,0,0.2591731753689938,0.2591731753689938,0.0,0,0.0
b3479,1,0,0.2591731753689938,0.2591731753689938,0.0,0,0.0
b4242,2,0,0.2591731753689938,0.2591731753689938,0.0,0,0.0
b4094,1,0,0.2591731753689938,0.25917317536903944,-4.5630166312093934e-14,0,0.0
b0698,1,0,0.2591731753689938,0.2591731753689938,0.0,0,0.0
b0696,1,0,0.2591731753689938,0.2591731753689938,0.0,0,0.0
b0697,1,0,0.2591731753689938,0.2591731753689938,0.0,0,0.0
b4513,1,0,0.2591731753689938,0.2591731753689938,0.0,0,0.0
b3458,1,0,0.2591731753689938,0.2591731753689938,0.0,0,0.0
b2975,3,10,0.2591731753689938,0.2591731753691044,-1.1057821325266559e-13,0,0.6363832283097697
b3603,3,10,0.2591731753689938,0.2591731753691044,-1.1057821325266559e-13,0,0.6363832283097697
b4034,6,0,0.2591731753689938,0.2591731753690116,-1.7763568394002505e-14,0,0.0
b4035,6,0,0.2591731753689938,0.2591731753690116,-1.7763568394002505e-14,0,0.0
b4032,6,0,0.2591731753689938,0.2591731753690116,-1.7763568394002505e-14,0,0.0
b4033,6,0,0.2591731753689938,0.2591731753690116,-1.7763568394002505e-14,0,0.0
b3666,4,10,0.2591731753689938,0.2591731753690262,-3.236300116782331e-14,0,0.6363832283089159
b0731,1,0,0.2591731753689938,0.2591731753689592,3.4638958368304884e-14,0,0.0
b4120,1,0,0.2591731753689938,0.2591731753689938,0.0,0,0.0
b0343,2,0,0.2591731753689938,0.2591731753690355,-4.168887457467463e-14,0,0.0
b0197,2,8,0.2591731753689938,0.25917317536899215,1.6653345369377348e-15,0,0.1274622653282499
b0199,2,8,0.2591731753689938,0.25917317536899215,1.6653345369377348e-15,0,0.1274622653282499
b0198,2,8,0.2591731753689938,0.25917317536899215,1.6653345369377348e-15,0,0.1274622653282499
b1297,1,14,0.2591731753689938,0.2591731753690431,-4.929390229335695e-14,0,0.6363839386734035
b2933,1,12,0.2591731753689938,0.25917317536905243,-5.861977570020827e-14,0,0.12746297569290108
b2934,1,12,0.2591731753689938,0.25917317536905243,-5.861977570020827e-14,0,0.12746297569290108
b3599,1,12,0.2591731753689938,0.25917317536905243,-5.861977570020827e-14,0,0.12746297569290108
b1186,1,0,0.2591731753689938,0.2591731753689938,0.0,0,0.0
b0019,1,0,0.2591731753689938,0.2591731753689938,0.0,0,0.0
b0451,1,414,0.2591731753689938,0.0,0.2591731753689938,1,1587.092010739806
b0751,1,4,0.2591731753689938,0.25917317536899287,9.43689570931383e-16,0,7.103643748887349e-07
b1223,2,6,0.2591731753689938,0.2591731753690786,-8.47655279301307e-14,0,0.2515364486268928
b3367,1,6,0.2591731753689938,0.2591731753690203,-2.6478819137309983e-14,0,0.01320392035094967
b1469,1,0,0.2591731753689938,0.25917317536899265,1.1657341758564144e-15,0,0.0
b3728,1,0,0.2591731753689938,0.2591731753690464,-5.256906021600116e-14,0,0.0
b3727,1,0,0.2591731753689938,0.2591731753690464,-5.256906021600116e-14,0,0.0
b3726,1,0,0.2591731753689938,0.2591731753690464,-5.256906021600116e-14,0,0.0
b3725,1,0,0.2591731753689938,0.2591731753690464,-5.256906021600116e-14,0,0.0
b3258,1,10,0.2591731753689938,0.2591731753690444,-5.057065877167588e-14,0,0.636383228309321
b3371,1,6,0.2591731753689938,0.2591731753690835,-8.970602038971265e-14,0,0.013203920350974731
b2677,5,0,0.2591731753689938,0.2591731753689938,0.0,0,0.0
b2678,5,0,0.2591731753689938,0.2591731753689938,0.0,0,0.0
b2679,5,0,0.2591731753689938,0.2591731753689938,0.0,0,0.0
b0402,1,18,0.2591731753689938,0.2591731753690395,-4.568567746332519e-14,0,0.6363912178382772
b1015,2,14,0.2591731753689938,0.2591731753690743,-8.049116928532385e-14,0,0.6363905074742523
b0854,1,0,0.2591731753689938,0.2591731753689938,0.0,0,0.0
b0855,1,0,0.2591731753689938,0.2591731753689938,0.0,0,0.0
b0856,1,0,0.2591731753689938,0.2591731753689938,0.0,0,0.0
b0857,1,0,0.2591731753689938,0.2591731753689938,0.0,0,0.0
b1440,2,0,0.2591731753689938,0.2591731753689938,0.0,0,0.0
b1441,2,0,0.2591731753689938,0.2591731753689938,0.0,0,0.0
b1442,2,0,0.2591731753689938,0.2591731753689938,0.0,0,0.0
b1443,2,0,0.2591731753689938,0.2591731753689938,0.0,0,0.0
b1126,2,0,0.2591731753689938,0.2591731753689938,0.0,0,0.0
b1125,2,0,0.2591731753689938,0.2591731753689938,0.0,0,0.0
b1124,2,0,0.2591731753689938,0.2591731753689938,0.0,0,0.0
b1123,2,0,0.2591731753689938,0.2591731753689938,0.0,0,0.0
b2957,2,10,0.2591731753689938,0.25917317536905443,-6.061817714453355e-14,0,0.3555100796043042
b0150,3,8,0.2591731753689938,0.25917317536899054,3.2751579226442118e-15,0,0.1274622653283089
b1865,2,414,0.2591731753689938,0.0,0.2591731753689938,1,1587.0920107398085
b2954,3,6,0.2591731753689938,0.2591731753690559,-6.206146707654625e-14,0,0.00027593451292131824
b1002,2,10,0.2591731753689938,0.2591731753690145,-2.070565940925917e-14,0,0.13626301484785322
b2938,1,0,0.2591731753689938,0.2591731753689938,0.0,0,0.0
b4090,2,419,0.2591731753689938,0.07881057814495157,0.18036259722404224,0,492.37565122143667
b4084,1,0,0.2591731753689938,0.2591731753690435,-4.9682480351975755e-14,0,0.0
b4085,1,12,0.2591731753689938,0.2591731753690129,-1.9095836023552692e-14,0,0.6562921399869975
b4230,2,6,0.2591731753689938,0.259173175368982,1.1823875212257917e-14,0,0.013203920350886772
b4231,2,6,0.2591731753689938,0.259173175368982,1.1823875212257917e-14,0,0.013203920350886772
b4485,2,6,0.2591731753689938,0.259173175368982,1.1823875212257917e-14,0,0.013203920350886772
b4227,2,6,0.2591731753689938,0.259173175368982,1.1823875212257917e-14,0,0.013203920350886772
b3750,1,6,0.2591731753689938,0.259173175368982,1.1823875212257917e-14,0,0.013203920350886772
b3751,1,6,0.2591731753689938,0.259173175368982,1.1823875212257917e-14,0,0.013203920350886772
b3749,1,6,0.2591731753689938,0.259173175368982,1.1823875212257917e-14,0,0.013203920350886772
b3748,1,6,0.2591731753689938,0.259173175368982,1.1823875212257917e-14,0,0.013203920350886772
b0260,1,10,0.2591731753689938,0.25917317536900053,-6.716849298982197e-15,0,0.6363832283084092
b0810,1,0,0.2591731753689938,0.25917317536901646,-2.2648549702353193e-14,0,0.0
b0811,1,0,0.2591731753689938,0.25917317536901646,-2.2648549702353193e-14,0,0.0
b0809,1,0,0.2591731753689938,0.25917317536901646,-2.2648549702353193e-14,0,0.0
b1492,1,8,0.2591731753689938,0.2591731753690156,-2.1760371282653068e-14,0,0.3415809512301626
b3653,1,0,0.2591731753689938,0.2591731753689938,0.0,0,0.0
b3927,4,10,0.2591731753689938,0.25917317536900863,-1.482147737874584e-14,0,0.6363832283086899
b3959,1,414,0.2591731753689938,0.0,0.2591731753689938,1,1587.0920107398101
b1528,3,6,0.2591731753689938,0.25917317536899886,-5.051514762044462e-15,0,0.013203920350936418
b2170,1,0,0.2591731753689938,0.2591731753689938,0.0,0,0.0
b0070,1,0,0.2591731753689938,0.2591731753689938,0.0,0,0.0
b2303,1,0,0.2591731753689938,0.259173175369052,-5.81756864903582e-14,0,0.0
b3028,3,0,0.2591731753689938,0.2591731753689938,0.0,0,0.0
b3432,1,0,0.2591731753689938,0.25917317536898665,7.16093850883226e-15,0,0.0
b3503,1,6,0.2591731753689938,0.25917317536897044,2.3370194668359545e-14,0,0.25153644862627855
b4321,2,6,0.2591731753689938,0.2591731753690024,-8.604228440844963e-15,0,0.013203920350897071
b3792,1,12,0.2591731753689938,0.259173175369047,-5.3179682879545e-14,0,0.3415816615947852
b2033,1,6,0.2591731753689938,0.2591731753690081,-1.426636586643326e-14,0,0.013203920350911358
b2034,1,14,0.2591731753689938,0.2591731753690363,-4.246603069191224e-14,0,0.6363839386734422
b2037,1,8,0.2591731753689938,0.25917317536900497,-1.1157741397482823e-14,0,0.2629205452981931
b2175,6,6,0.2591731753689938,0.25917317536905493,-6.111777750561487e-14,0,0.00027593451291859847
b0356,1,6,0.2591731753689938,0.2591731753690567,-6.289413434501512e-14,0,0.013203920350941466
b2240,1,0,0.2591731753689938,0.2591731753690544,-6.056266599330229e-14,0,0.0
b0875,1,100,0.2591731753689938,0.2591731753690781,-8.426592756904938e-14,0,6613.802328496223
b0353,2,0,0.2591731753689938,0.2591731753691087,-1.149080830487037e-13,0,0.0
b2309,1,0,0.2591731753689938,0.2591731753689938,0.0,0,0.0
b0325,2,6,0.2591731753689938,0.25917317536903306,-3.9246383920499284e-14,0,0.013203920350952983
b2092,1,6,0.2591731753689938,0.25917317536894996,4.3853809472693683e-14,0,0.25153644862616265
b2093,1,6,0.2591731753689938,0.25917317536894996,4.3853809472693683e-14,0,0.25153644862616265
b2094,1,6,0.2591731753689938,0.25917317536894996,4.3853809472693683e-14,0,0.25153644862616265
b3093,2,10,0.2591731753689938,0.2591731753690194,-2.5590640717609858e-14,0,0.6363832283089478
b4476,1,6,0.2591731753689938,0.25917317536899787,-4.052314039881821e-15,0,0.013203920350895773
b3415,1,6,0.2591731753689938,0.25917317536899787,-4.052314039881821e-15,0,0.013203920350895773
b1621,2,76,0.2591731753689938,0.25917317536901197,-1.815214645262131e-14,0,59.143302134470986
b2021,1,414,0.2591731753689938,0.0,0.2591731753689938,1,1587.0920107398083
b0166,1,414,0.2591731753689938,0.0,0.2591731753689938,1,1587.0920107398133
b1519,1,4,0.2591731753689938,0.2591731753689714,2.2426505097428162e-14,0,7.103643748959554e-07
b4268,1,0,0.2591731753689938,0.2591731753689938,0.0,0,0.0
b3437,1,0,0.2591731753689938,0.2591731753689938,0.0,0,0.0
b3805,1,414,0.2591731753689938,0.0,0.2591731753689938,1,1587.092010739817
b3904,1,10,0.2591731753689938,0.2591731753690071,-1.326716514427062e-14,0,0.0002766448772916986
b2486,1,0,0.2591731753689938,0.2591731753689938,0.0,0,0.0
b2490,1,0,0.2591731753689938,0.2591731753689938,0.0,0,0.0
b2724,2,0,0.2591731753689938,0.2591731753689938,0.0,0,0.0
b2719,2,0,0.2591731753689938,0.2591731753689938,0.0,0,0.0
b2720,2,0,0.2591731753689938,0.2591731753689938,0.0,0,0.0
b2721,2,0,0.2591731753689938,0.2591731753689938,0.0,0,0.0
b2722,2,0,0.2591731753689938,0.2591731753689938,0.0,0,0.0
b2723,2,0,0.2591731753689938,0.2591731753689938,0.0,0,0.0
b2485,1,0,0.2591731753689938,0.2591731753689938,0.0,0,0.0
b2484,1,0,0.2591731753689938,0.2591731753689938,0.0,0,0.0
b2487,1,0,0.2591731753689938,0.2591731753689938,0.0,0,0.0
b4079,1,0,0.2591731753689938,0.2591731753689938,0.0,0,0.0
b2481,1,0,0.2591731753689938,0.2591731753689938,0.0,0,0.0
b2483,1,0,0.2591731753689938,0.2591731753689938,0.0,0,0.0
b2482,1,0,0.2591731753689938,0.2591731753689938,0.0,0,0.0
b2489,1,0,0.2591731753689938,0.2591731753689938,0.0,0,0.0
b2488,1,0,0.2591731753689938,0.2591731753689938,0.0,0,0.0
b2747,1,414,0.2591731753689938,0.0,0.2591731753689938,1,1587.0920107398088
b3213,2,414,0.2591731753689938,0.0,0.2591731753689938,1,1587.0920107398076
b1761,1,63,0.2591731753689938,0.2591731753690833,-8.948397578478762e-14,0,23.372226280181792
b3212,2,414,0.2591731753689938,0.0,0.2591731753689938,1,1587.0920107398106
b0186,1,12,0.2591731753689938,0.2591731753690189,-2.5091040356528538e-14,0,0.25153698697133026
b4131,1,8,0.2591731753689938,0.25917317536905254,-5.873079800267078e-14,0,0.2629205452986426
b1189,1,10,0.2591731753689938,0.2591731753690292,-3.5360603334311236e-14,0,0.636383228309186
b2888,2,12,0.2591731753689938,0.25917317536906337,-6.955547249276606e-14,0,20.80313878752575
b2882,1,0,0.2591731753689938,0.2591731753689938,0.0,0,0.0
b3451,7,6,0.2591731753689938,0.2591731753690769,-8.310019339319297e-14,0,0.25153644862666263
b3450,7,6,0.2591731753689938,0.2591731753690769,-8.310019339319297e-14,0,0.25153644862666263
b3453,7,6,0.2591731753689938,0.2591731753690769,-8.310019339319297e-14,0,0.25153644862666263
b3452,7,6,0.2591731753689938,0.2591731753690769,-8.310019339319297e-14,0,0.25153644862666263
b2536,1,6,0.2591731753689938,0.25917317536901535,-2.1538326677728037e-14,0,0.013203920350921935
b0212,1,0,0.2591731753689938,0.2591731753689938,0.0,0,0.0
b3779,1,0,0.2591731753689938,0.2591731753689938,0.0,0,0.0
b2868,2,0,0.2591731753689938,0.25917317536900675,-1.2934098236883074e-14,0,0.0
b2867,2,0,0.2591731753689938,0.25917317536900675,-1.2934098236883074e-14,0,0.0
b2866,2,0,0.2591731753689938,0.25917317536900675,-1.2934098236883074e-14,0,0.0
b4311,1,0,0.2591731753689938,0.2591731753690483,-5.4511950509095186e-14,0,0.0
b1991,1,6,0.2591731753689938,0.2591731753689597,3.4139358007223564e-14,0,0.2515364486262949
b3502,1,8,0.2591731753689938,0.2591731753689723,2.1538326677728037e-14,0,0.26292054529808995
b1444,1,10,0.2591731753689938,0.25917317536906587,-7.205347429817266e-14,0,0.2515371589910752
b2927,1,59,0.2591731753689938,0.25917317536899076,3.0531133177191805e-15,0,0.013215384938332327
b2025,1,414,0.2591731753689938,0.0,0.2591731753689938,1,1587.0920107398088
b2023,1,414,0.2591731753689938,0.0,0.2591731753689938,1,1587.0920107398085
b3640,1,27,0.2591731753689938,0.2591731753689394,5.440092820663267e-14,0,0.01398644516848609
b0425,1,414,0.2591731753689938,0.0,0.2591731753689938,1,1587.0920107398088
b3772,1,414,0.2591731753689938,0.0,0.2591731753689938,1,1587.0920107398101
b0931,1,10,0.2591731753689938,0.2591731753691113,-1.1746159600534156e-13,0,0.0002766448773010824
b1764,1,0,0.2591731753689938,0.2591731753690303,-3.647082635893639e-14,0,0.0
b2150,2,0,0.2591731753689938,0.2591731753689938,0.0,0,0.0
b2148,2,0,0.2591731753689938,0.2591731753689938,0.0,0,0.0
b2149,2,0,0.2591731753689938,0.2591731753689938,0.0,0,0.0
b1640,1,10,0.2591731753689938,0.2591731753690505,-5.667688540711424e-14,0,0.6363832283092165
b1606,2,414,0.2591731753689938,0.0,0.2591731753689938,1,1587.09201073981
b0048,1,414,0.2591731753689938,0.0,0.2591731753689938,1,1587.0920107398097
b3390,1,414,0.2591731753689938,0.0,0.2591731753689938,1,1587.0920107398072
b0388,1,414,0.2591731753689938,0.0,0.2591731753689938,1,1587.0920107398133
b1745,1,4,0.2591731753689938,0.25917317536905626,-6.245004513516506e-14,0,7.103643748757077e-07
b0115,1,59,0.2591731753689938,0.2591731753689938,0.0,0,70.9978386713534
b0114,1,59,0.2591731753689938,0.2591731753689938,0.0,0,70.9978386713534
b3128,1,10,0.2591731753689938,0.2591731753690699,-7.610578833805448e-14,0,0.2515371589911278
b2255,2,0,0.2591731753689938,0.2591731753690446,-5.079270337660091e-14,0,0.0
b0774,1,414,0.2591731753689938,0.0,0.2591731753689938,1,1587.0920107398124
b1605,1,8,0.2591731753689938,0.25917317536902956,-3.574918139293004e-14,0,0.016024886566106837
b2818,1,414,0.2591731753689938,0.0,0.2591731753689938,1,1587.092010739809
b1489,3,6,0.2591731753689938,0.25917317536902307,-2.9254376698872875e-14,0,5.383446905953e-07
b3032,1,0,0.2591731753689938,0.2591731753689938,0.0,0,0.0
b0334,1,0,0.2591731753689938,0.25917317536901124,-1.7430501486614958e-14,0,0.0
b0092,1,414,0.2591731753689938,0.0,0.2591731753689938,1,1587.0920107398101
b0381,1,414,0.2591731753689938,0.0,0.2591731753689938,1,1587.092010739821
b2715,2,4,0.2591731753689938,0.2591731753690258,-3.197442310920451e-14,0,7.103643748909552e-07
b1738,2,0,0.2591731753689938,0.2591731753689964,-2.609024107869118e-15,0,0.0
b1736,2,0,0.2591731753689938,0.2591731753689964,-2.609024107869118e-15,0,0.0
b1737,2,0,0.2591731753689938,0.2591731753689964,-2.609024107869118e-15,0,0.0
b2224,1,136,0.2591731753689938,0.25917317536903617,-4.235500838944972e-14,0,3.7645567244456792
b0842,2,4,0.2591731753689938,0.2591731753690108,-1.6986412276764895e-14,0,7.103643748843964e-07
b0047,1,4,0.2591731753689938,0.2591731753690108,-1.6986412276764895e-14,0,7.103643748843964e-07
b3350,1,4,0.2591731753689938,0.2591731753690108,-1.6986412276764895e-14,0,7.103643748843964e-07
b1216,3,0,0.2591731753689938,0.25917317536879536,1.9845236565174673e-13,0,0.0
b0728,1,73,0.2591731753689938,0.25917317536905515,-6.13398221105399e-14,0,69.29736105693766
b0729,1,73,0.2591731753689938,0.25917317536905515,-6.13398221105399e-14,0,69.29736105693766
b0650,1,0,0.2591731753689938,0.2591731753689938,0.0,0,0.0
b0757,1,10,0.2591731753689938,0.2591731753690243,-3.047562202596055e-14,0,0.1362630148479024
b0133,1,414,0.2591731753689938,0.0,0.2591731753689938,1,1587.092010739824
b2165,1,8,0.2591731753689938,0.25917317536905443,-6.061817714453355e-14,0,0.01602488656614217
b3389,1,414,0.2591731753689938,0.0,0.2591731753689938,1,1587.0920107398067
b2366,1,4,0.2591731753689938,0.2591731753690296,-3.58046925441613e-14,0,7.103643748840832e-07
b1723,1,48,0.2591731753689938,0.25917317536904466,-5.084821452783217e-14,0,15.349238676627813
b3612,1,79,0.2591731753689938,0.2591731753690506,-5.678790770957676e-14,0,201.29485834583866
b0755,1,79,0.2591731753689938,0.2591731753690506,-5.678790770957676e-14,0,201.29485834583866
b3919,1,74,0.2591731753689938,0.2591731753690187,-2.4868995751603507e-14,0,109.81335091336875
b2914,1,417,0.2591731753689938,0.07881057814494744,0.18036259722404638,0,492.3756357894979
b2320,1,61,0.2591731753689938,0.25917317536902773,-3.391731340229853e-14,0,0.26297185128173495
b1107,3,10,0.2591731753689938,0.25917317536908424,-9.0427665355719e-14,0,0.251537158991254
b1539,4,0,0.2591731753689938,0.25917317536900686,-1.304512053934559e-14,0,0.0
b3823,1,0,0.2591731753689938,0.2591731753689938,0.0,0,0.0
b0813,2,8,0.2591731753689938,0.259173175369039,-4.518607710224387e-14,0,0.504973644400417
b2919,1,6,0.2591731753689938,0.2591731753690194,-2.5590640717609858e-14,0,0.25153644862679747
b3870,1,414,0.2591731753689938,0.0,0.2591731753689938,1,1587.0920107398085
b2947,1,4,0.2591731753689938,0.25917317536902285,-2.9032332093947844e-14,0,7.10364374867035e-07
b2253,1,0,0.2591731753689938,0.2591731753689969,-3.1086244689504383e-15,0,0.0
b2254,1,0,0.2591731753689938,0.2591731753690382,-4.440892098500626e-14,0,0.0
b2256,1,10,0.2591731753689938,0.259173175369018,-2.4202861936828413e-14,0,0.13626301484781916
b2258,1,8,0.2591731753689938,0.2591731753690047,-1.0880185641326534e-14,0,0.3415809512302007
b4544,1,8,0.2591731753689938,0.2591731753690047,-1.0880185641326534e-14,0,0.3415809512302007
b3621,1,6,0.2591731753689938,0.2591731753690265,-3.269606807521086e-14,0,0.013203920350939596
b3001,1,0,0.2591731753689938,0.2591731753689938,0.0,0,0.0
b1781,1,0,0.2591731753689938,0.2591731753689938,0.0,0,0.0
b3620,1,8,0.2591731753689938,0.25917317536906825,-7.444045380111675e-14,0,0.3415809512305227
b3624,1,8,0.2591731753689938,0.2591731753690236,-2.980948821118545e-14,0,0.127462265328424
b3629,1,6,0.2591731753689938,0.25917317536900203,-8.215650382226158e-15,0,0.0002759345129136165
b3628,1,10,0.2591731753689938,0.2591731753692664,-2.7255975254547593e-13,0,0.6363832283112738
b3627,1,8,0.2591731753689938,0.25917317536906503,-7.122080702970379e-14,0,0.12746226532851593
b3850,2,414,0.2591731753689938,0.0,0.2591731753689938,1,1587.09201073981
b3630,1,10,0.2591731753689938,0.25917317536902496,-3.114175584073564e-14,0,0.000276644877292822
b3632,1,0,0.2591731753689938,0.25917317536898893,4.884981308350689e-15,0,0.0
b3625,1,6,0.2591731753689938,0.2591731753689922,1.609823385706477e-15,0,0.2515364486264687
b2810,1,8,0.2591731753689938,0.25917317536901907,-2.525757381022231e-14,0,0.3415809512301877
b1680,5,6,0.2591731753689938,0.2591731753690424,-4.85722573273506e-14,0,0.000275934512919121
b3867,1,0,0.2591731753689938,0.2591731753689938,0.0,0,0.0
b3824,1,6,0.2591731753689938,0.2591731753690131,-1.9262369477246466e-14,0,0.25153644862673336
b2133,1,0,0.2591731753689938,0.2591731753689938,0.0,0,0.0
b2260,1,0,0.2591731753689938,0.25917317536900264,-8.826273045769994e-15,0,0.0
b1919,1,0,0.2591731753689938,0.25917317536905243,-5.861977570020827e-14,0,0.0
b2578,2,8,0.2591731753689938,0.25917317536965456,-6.607492331056619e-13,0,0.1274622653304085
b1533,3,8,0.2591731753689938,0.2591731753689501,4.368727601899991e-14,0,0.34158095122941523
b4394,3,0,0.2591731753689938,0.2591731753690739,-8.010259122670504e-14,0,0.0
b2499,1,414,0.2591731753689938,0.0,0.2591731753689938,1,1587.0920107398074
b3825,35,0,0.2591731753689938,0.2591731753690484,-5.4567461660326444e-14,0,0.0
b2835,21,8,0.2591731753689938,0.25917317536901463,-2.0816681711721685e-14,0,0.12746226532840202
b3029,2,49,0.2591731753689938,0.25917317536899237,1.4432899320127035e-15,0,7.929158485300422e-07
b2889,1,12,0.2591731753689938,0.2591731753689904,3.3861802251067274e-15,0,0.34158107148188793
b3821,42,10,0.2591731753689938,0.2591731753690948,-1.0097478408965799e-13,0,0.6363832283097762
b2146,1,0,0.2591731753689938,0.25917317536898843,5.384581669432009e-15,0,0.0
b2147,1,0,0.2591731753689938,0.25917317536898843,5.384581669432009e-15,0,0.0
b4478,1,6,0.2591731753689938,0.25917317536895546,3.835820550079916e-14,0,0.013203920350859414
b1380,1,0,0.2591731753689938,0.2591731753689938,0.0,0,0.0
b0693,1,16,0.2591731753689938,0.25917317536900897,-1.5154544286133387e-14,0,0.636383766653397
b2965,1,16,0.2591731753689938,0.25917317536900897,-1.5154544286133387e-14,0,0.636383766653397
b0954,13,10,0.2591731753689938,0.2591731753689945,-6.661338147750939e-16,0,0.636383228308255
b1288,26,414,0.2591731753689938,0.0,0.2591731753689938,1,1587.092010739811
b0175,7,414,0.2591731753689938,0.0,0.2591731753689938,1,1587.0920107398101
b3918,7,10,0.2591731753689938,0.25917317536903167,-3.785860513971784e-14,0,0.0002766448772940642
b1912,7,6,0.2591731753689938,0.25917317536903706,-4.324318680914985e-14,0,0.013203920350942039
b2585,7,414,0.2591731753689938,0.0,0.2591731753689938,1,1587.0920107398083
b1093,14,414,0.2591731753689938,0.0,0.2591731753689938,1,1587.0920107398126
b1661,4,8,0.2591731753689938,0.2591731753689791,1.4710455076283324e-14,0,0.016024886566065856
b2497,1,0,0.2591731753689938,0.2591731753689938,0.0,0,0.0
b1006,1,0,0.2591731753689938,0.2591731753689938,0.0,0,0.0
b1488,1,0,0.2591731753689938,0.2591731753689508,4.3021142204224816e-14,0,0.0
b3543,3,10,0.2591731753689938,0.2591731753690029,-9.103828801926284e-15,0,0.013204630715290268
b3542,3,10,0.2591731753689938,0.2591731753690029,-9.103828801926284e-15,0,0.013204630715290268
b3541,3,10,0.2591731753689938,0.2591731753690029,-9.103828801926284e-15,0,0.013204630715290268
b3540,3,10,0.2591731753689938,0.2591731753690029,-9.103828801926284e-15,0,0.013204630715290268
b3544,3,10,0.2591731753689938,0.2591731753690029,-9.103828801926284e-15,0,0.013204630715290268
b1484,1,10,0.2591731753689938,0.25917317536903434,-4.0523140398818214e-14,0,0.6363832283088932
b1485,1,10,0.2591731753689938,0.25917317536903434,-4.0523140398818214e-14,0,0.6363832283088932
b1486,1,10,0.2591731753689938,0.25917317536903434,-4.0523140398818214e-14,0,0.6363832283088932
b1487,1,10,0.2591731753689938,0.25917317536903434,-4.0523140398818214e-14,0,0.6363832283088932
b1483,1,10,0.2591731753689938,0.25917317536903434,-4.0523140398818214e-14,0,0.6363832283088932
b0829,1,0,0.2591731753689938,0.2591731753689938,0.0,0,0.0
b0832,1,0,0.2591731753689938,0.2591731753689938,0.0,0,0.0
b0830,1,0,0.2591731753689938,0.2591731753689938,0.0,0,0.0
b0831,1,0,0.2591731753689938,0.2591731753689938,0.0,0,0.0
b0789,7,12,0.2591731753689938,0.259173175368951,4.2799097599299785e-14,0,0.6562921399862962
b1249,7,12,0.2591731753689938,0.259173175368951,4.2799097599299785e-14,0,0.6562921399862962
b1677,2,8,0.2591731753689938,0.25917317536902806,-3.425038030968608e-14,0,0.3415809512301432
b0657,2,8,0.2591731753689938,0.25917317536902806,-3.425038030968608e-14,0,0.3415809512301432
b0418,14,6,0.2591731753689938,0.25917317536899714,-3.3306690738754696e-15,0,0.013203920350915483
b0508,1,8,0.2591731753689938,0.25917317536903334,-3.952393967665557e-14,0,0.3415809512303008
b0613,1,6,0.2591731753689938,0.25917317536901463,-2.0816681711721685e-14,0,0.013203920350918791
b1301,1,0,0.2591731753689938,0.2591731753690213,-2.7478019859472624e-14,0,0.0
b0805,1,6,0.2591731753689938,0.2591731753689996,-5.773159728050814e-15,0,0.2515364486264591
b2155,1,6,0.2591731753689938,0.2591731753689996,-5.773159728050814e-15,0,0.2515364486264591
b0576,1,18,0.2591731753689938,0.2591731753690258,-3.197442310920451e-14,0,0.6562926783316846
b0594,1,0,0.2591731753689938,0.25917317536906626,-7.244205235679146e-14,0,0.0
b3182,9,8,0.2591731753689938,0.2591731753689909,2.886579864025407e-15,0,0.341580951229855
b2010,5,0,0.2591731753689938,0.2591731753689698,2.403632848313464e-14,0,0.0
b0839,5,0,0.2591731753689938,0.2591731753689698,2.403632848313464e-14,0,0.0
b2430,5,0,0.2591731753689938,0.2591731753689698,2.403632848313464e-14,0,0.0
b0632,5,0,0.2591731753689938,0.2591731753689698,2.403632848313464e-14,0,0.0
b0376,9,8,0.2591731753689938,0.2591731753689909,2.886579864025407e-15,0,0.341580951229855
b3833,2,10,0.2591731753689938,0.2591731753690295,-3.569367024169878e-14,0,0.2515371589910901
b0514,1,0,0.2591731753689938,0.2591731753689938,0.0,0,0.0
b2519,2,414,0.2591731753689938,0.0,0.2591731753689938,1,1587.0920107398113
b3396,4,414,0.2591731753689938,0.0,0.2591731753689938,1,1587.0920107398056
b1069,2,414,0.2591731753689938,0.0,0.2591731753689938,1,1587.092010739811
b0089,2,414,0.2591731753689938,0.0,0.2591731753689938,1,1587.0920107398106
b3208,2,414,0.2591731753689938,0.0,0.2591731753689938,1,1587.092010739811
b0149,4,414,0.2591731753689938,0.0,0.2591731753689938,1,1587.0920107398103
b0084,2,414,0.2591731753689938,0.0,0.2591731753689938,1,1587.0920107398133
b0635,2,414,0.2591731753689938,0.0,0.2591731753689938,1,1587.0920107398101
b0925,6,0,0.2591731753689938,0.25917317536898493,8.881784197001252e-15,0,0.0
b1678,6,12,0.2591731753689938,0.2591731753689951,-1.27675647831893e-15,0,0.6562921399865995
b0355,1,8,0.2591731753689938,0.25917317536903006,-3.624878175401136e-14,0,0.3415809512302315
b2154,1,8,0.2591731753689938,0.25917317536903006,-3.624878175401136e-14,0,0.3415809512302315
b2893,2,16,0.2591731753689938,0.25917317536898343,1.0380585280245214e-14,0,0.6363837666529506
b0604,2,0,0.2591731753689938,0.25917317536907336,-7.954747971439247e-14,0,0.0
b3930,1,6,0.2591731753689938,0.2591731753690812,-8.737455203799982e-14,0,0.013203920350943874
b3994,1,414,0.2591731753689938,0.0,0.2591731753689938,1,1587.0920107398076
b1710,2,8,0.2591731753689938,0.2591731753690399,-4.6074255521943996e-14,0,0.01602488656611857
b2480,1,0,0.2591731753689938,0.2591731753690206,-2.681188604469753e-14,0,0.0
b0429,1,63,0.2591731753689938,0.2591731753690756,-8.176792576364278e-14,0,798.7585543290902
b0432,1,63,0.2591731753689938,0.2591731753690756,-8.176792576364278e-14,0,798.7585543290902
b0430,1,63,0.2591731753689938,0.2591731753690756,-8.176792576364278e-14,0,798.7585543290902
b0431,1,63,0.2591731753689938,0.2591731753690756,-8.176792576364278e-14,0,798.7585543290902
b4041,7,16,0.2591731753689938,0.25917317536901185,-1.8041124150158794e-14,0,0.015165217994339586
b0180,14,414,0.2591731753689938,0.0,0.2591731753689938,1,1587.0920107398094
b2413,1,52,0.2591731753689938,0.2591731753689934,3.885780586188048e-16,0,0.014565158937452333
b3018,7,414,0.2591731753689938,0.0,0.2591731753689938,1,1587.0920107398101
b4042,7,14,0.2591731753689938,0.2591731753690148,-2.098321516541546e-14,0,0.3415814895748228
b4160,7,414,0.2591731753689938,0.0,0.2591731753689938,1,1587.0920107398103
b0722,1,70,0.2591731753689938,0.25917317536899026,3.552713678800501e-15,0,201.15378724934988
b0723,1,77,0.2591731753689938,0.2591731753689837,1.0103029524088925e-14,0,200.45267379315666
b0721,1,77,0.2591731753689938,0.2591731753689837,1.0103029524088925e-14,0,200.45267379315666
b0724,1,77,0.2591731753689938,0.2591731753689837,1.0103029524088925e-14,0,200.45267379315666
b0494,21,8,0.2591731753689938,0.2591731753690563,-6.250555628639631e-14,0,0.3415809512306148
b0118,3,415,0.2591731753689938,0.0,0.2591731753689938,1,1735.006379685806
b1276,2,415,0.2591731753689938,0.0,0.2591731753689938,1,1735.0063796858062
b3447,1,0,0.2591731753689938,0.25917317536900275,-8.93729534823251e-15,0,0.0
b1990,5,10,0.2591731753689938,0.2591731753689437,5.012656956182582e-14,0,0.636383228308022
b0819,5,10,0.2591731753689938,0.2591731753689437,5.012656956182582e-14,0,0.636383228308022
b1113,5,10,0.2591731753689938,0.2591731753689437,5.012656956182582e-14,0,0.636383228308022
b1097,4,10,0.2591731753689938,0.25917317536905465,-6.084022174945858e-14,0,0.636383228309087
b2813,4,10,0.2591731753689938,0.25917317536905465,-6.084022174945858e-14,0,0.636383228309087
b2701,4,10,0.2591731753689938,0.25917317536905465,-6.084022174945858e-14,0,0.636383228309087
b0211,4,10,0.2591731753689938,0.25917317536905465,-6.084022174945858e-14,0,0.636383228309087
b4392,4,10,0.2591731753689938,0.25917317536905465,-6.084022174945858e-14,0,0.636383228309087
b2558,4,10,0.2591731753689938,0.25917317536905465,-6.084022174945858e-14,0,0.636383228309087
b1193,4,10,0.2591731753689938,0.25917317536905465,-6.084022174945858e-14,0,0.636383228309087
b2963,4,10,0.2591731753689938,0.25917317536905465,-6.084022174945858e-14,0,0.636383228309087
b3546,2,10,0.2591731753689938,0.259173175369015,-2.120525977034049e-14,0,0.6363832283085028
b2328,6,10,0.2591731753689938,0.25917317536905743,-6.361577931102147e-14,0,0.2515371589912385
b2134,4,6,0.2591731753689938,0.25917317536905493,-6.111777750561487e-14,0,0.00027593451291859847
b1655,4,6,0.2591731753689938,0.25917317536905493,-6.111777750561487e-14,0,0.00027593451291859847
b1856,4,6,0.2591731753689938,0.25917317536905493,-6.111777750561487e-14,0,0.00027593451291859847
b3860,2,6,0.2591731753689938,0.2591731753690302,-3.6359804056473877e-14,0,0.25153644862674107
b1185,2,6,0.2591731753689938,0.2591731753690302,-3.6359804056473877e-14,0,0.25153644862674107
b4136,3,6,0.2591731753689938,0.25917317536899576,-1.942890293094024e-15,0,0.0002759345129126235
b0605,1,0,0.2591731753689938,0.2591731753689938,0.0,0,0.0
b0606,1,0,0.2591731753689938,0.2591731753689938,0.0,0,0.0
b0221,8,132,0.2591731753689938,0.25917317536898377,1.0047518372857667e-14,0,3.764556014066161
b2283,3,79,0.2591731753689938,0.2591731753690719,-7.810418978237976e-14,0,514.936627456238
b2282,3,79,0.2591731753689938,0.2591731753690719,-7.810418978237976e-14,0,514.936627456238
b2281,3,79,0.2591731753689938,0.2591731753690719,-7.810418978237976e-14,0,514.936627456238
b2288,3,79,0.2591731753689938,0.2591731753690719,-7.810418978237976e-14,0,514.936627456238
b2276,3,79,0.2591731753689938,0.2591731753690719,-7.810418978237976e-14,0,514.936627456238
b2277,3,79,0.2591731753689938,0.2591731753690719,-7.810418978237976e-14,0,514.936627456238
b2285,3,79,0.2591731753689938,0.2591731753690719,-7.810418978237976e-14,0,514.936627456238
b2284,3,79,0.2591731753689938,0.2591731753690719,-7.810418978237976e-14,0,514.936627456238
b2278,3,79,0.2591731753689938,0.2591731753690719,-7.810418978237976e-14,0,514.936627456238
b2279,3,79,0.2591731753689938,0.2591731753690719,-7.810418978237976e-14,0,514.936627456238
b2280,3,79,0.2591731753689938,0.2591731753690719,-7.810418978237976e-14,0,514.936627456238
b2287,3,79,0.2591731753689938,0.2591731753690719,-7.810418978237976e-14,0,514.936627456238
b2286,3,79,0.2591731753689938,0.2591731753690719,-7.810418978237976e-14,0,514.936627456238
b1801,3,0,0.2591731753689938,0.2591731753689938,0.0,0,0.0
b4208,5,59,0.2591731753689938,0.2591731753690123,-1.8485213360008856e-14,0,0.34012820685257644
b0007,2,0,0.2591731753689938,0.2591731753689938,0.0,0,0.0
b2923,2,0,0.2591731753689938,0.2591731753689925,1.3322676295501878e-15,0,0.0
b0874,1,0,0.2591731753689938,0.2591731753689938,0.0,0,0.0
b0037,3,0,0.2591731753689938,0.2591731753689938,0.0,0,0.0
b1734,2,6,0.2591731753689938,0.25917317536904727,-5.345723863570129e-14,0,0.25153644862695357
b2467,1,6,0.2591731753689938,0.2591731753689859,7.93809462606987e-15,0,0.01320392035089818
b0404,7,6,0.2591731753689938,0.2591731753690135,-1.970645868709653e-14,0,0.013203920350921418
b0314,1,0,0.2591731753689938,0.2591731753689938,0.0,0,0.0
b4474,1,10,0.2591731753689938,0.2591731753690271,-3.3306690738754696e-14,0,0.6363832283089822
b3370,2,0,0.2591731753689938,0.25917317536908135,-8.754108549169359e-14,0,0.0
b3040,6,414,0.2591731753689938,0.0,0.2591731753689938,1,1587.0920107398106
b3816,3,414,0.2591731753689938,0.0,0.2591731753689938,1,1587.0920107398085
b2373,1,10,0.2591731753689938,0.25917317536901585,-2.2037927038809357e-14,0,0.00027664487729567826
b4233,2,8,0.2591731753689938,0.25917317536908036,-8.654188476953095e-14,0,0.34158095123030074
b3196,1,414,0.2591731753689938,0.0,0.2591731753689938,1,1587.0920107398076
b3691,1,6,0.2591731753689938,0.25917317536903867,-4.4853010194856324e-14,0,5.383446905883331e-07
b2843,1,6,0.2591731753689938,0.2591731753689954,-1.609823385706477e-15,0,0.013203920350902235
b2156,1,6,0.2591731753689938,0.2591731753689938,0.0,0,0.25153644862640967
b4130,3,8,0.2591731753689938,0.25917317536888257,1.1124434706744069e-13,0,0.341580951229253
b4356,1,10,0.2591731753689938,0.25917317536900925,-1.5432100042289676e-14,0,0.6363832283085503
b4358,1,0,0.2591731753689938,0.2591731753689938,0.0,0,0.0
b3431,1,10,0.2591731753689938,0.25917317536900997,-1.6153745008296028e-14,0,0.6363832283087593
b0155,1,46,0.2591731753689938,0.2591731753689922,1.609823385706477e-15,0,2.3084869204876754e-06
b1378,1,50,0.2591731753689938,0.25917317535525664,1.373717806174568e-11,0,0.34544512463676486
b0684,7,414,0.2591731753689938,0.0,0.2591731753689938,1,1587.092010739827
b2895,7,414,0.2591731753689938,0.0,0.2591731753689938,1,1587.0920107398158
b0777,1,414,0.2591731753689938,0.0,0.2591731753689938,1,1587.0920107398076
b3199,9,414,0.2591731753689938,0.0,0.2591731753689938,1,1587.0920107398115
b0641,9,414,0.2591731753689938,0.0,0.2591731753689938,1,1587.0920107398092
b3200,9,414,0.2591731753689938,0.0,0.2591731753689938,1,1587.0920107398106
b3201,9,414,0.2591731753689938,0.0,0.2591731753689938,1,1587.0920107398106
b0054,9,414,0.2591731753689938,0.0,0.2591731753689938,1,1587.0920107398188
b4262,9,414,0.2591731753689938,0.0,0.2591731753689938,1,1587.0920107398074
b4261,9,414,0.2591731753689938,0.0,0.2591731753689938,1,1587.0920107398124
b1535,1,10,0.2591731753689938,0.2591731753690955,-1.0169642905566434e-13,0,0.0002766448773010927
b1490,1,8,0.2591731753689938,0.2591731753690213,-2.7478019859472624e-14,0,0.34158095123023685
b1794,1,8,0.2591731753689938,0.2591731753690213,-2.7478019859472624e-14,0,0.34158095123023685
b1341,1,8,0.2591731753689938,0.2591731753690213,-2.7478019859472624e-14,0,0.34158095123023685
b1025,1,8,0.2591731753689938,0.2591731753690213,-2.7478019859472624e-14,0,0.34158095123023685
b1285,2,14,0.2591731753689938,0.25917317536901063,-1.6819878823071122e-14,0,0.6363839386728954
b3525,1,14,0.2591731753689938,0.2591731753689994,-5.6066262743570405e-15,0,0.6363839386726241
b0315,1,14,0.2591731753689938,0.2591731753689994,-5.6066262743570405e-15,0,0.6363839386726241
b2503,1,14,0.2591731753689938,0.2591731753689994,-5.6066262743570405e-15,0,0.6363839386726241
b0009,1,0,0.2591731753689938,0.2591731753690158,-2.19824158875781e-14,0,0.0
b0784,2,8,0.2591731753689938,0.2591731753690906,-9.681144774731365e-14,0,0.34158095123052706
b2530,6,414,0.2591731753689938,0.0,0.2591731753689938,1,1587.0920107398115
b2470,7,6,0.2591731753689938,0.2591731753690052,-1.1379786002407855e-14,0,0.0002759345129153041
b0463,7,0,0.2591731753689938,0.2591731753689938,0.0,0,0.0
b0462,7,0,0.2591731753689938,0.2591731753689938,0.0,0,0.0
b1394,2,6,0.2591731753689938,0.2591731753690353,-4.1466829969749597e-14,0,0.25153644862681745
b1090,7,14,0.2591731753689938,0.2591731753690486,-5.4789506265251475e-14,0,0.5223382347406531
b3059,7,10,0.2591731753689938,0.25917317536898776,6.050715484207103e-15,0,0.63638322830819
b2529,6,58,0.2591731753689938,0.25917317536899614,-2.3314683517128287e-15,0,0.2515318371155145
b1684,2,8,0.2591731753689938,0.25917317536894297,5.084821452783217e-14,0,0.1274622653281255
b1682,6,6,0.2591731753689938,0.25917317536898277,1.1046719095020308e-14,0,0.2515364486263963
b1683,6,6,0.2591731753689938,0.25917317536898277,1.1046719095020308e-14,0,0.2515364486263963
b1681,6,6,0.2591731753689938,0.25917317536898277,1.1046719095020308e-14,0,0.2515364486263963
b0827,4,6,0.2591731753689938,0.2591731753691047,-1.1091128016005314e-13,0,0.00027593451292803336
b3857,5,8,0.2591731753689938,0.259173175368994,-1.6653345369377348e-16,0,0.3415809512298982
b3856,5,8,0.2591731753689938,0.259173175368994,-1.6653345369377348e-16,0,0.3415809512298982
b3058,2,414,0.2591731753689938,0.0,0.2591731753689938,1,1587.092010739812
b0709,2,8,0.2591731753689938,0.25917317536899587,-2.0539125955565396e-15,0,0.016024886566076424
b3496,2,8,0.2591731753689938,0.25917317536888257,1.1124434706744069e-13,0,0.341580951229253
b1634,2,8,0.2591731753689938,0.25917317536888257,1.1124434706744069e-13,0,0.341580951229253
b2528,2,62,0.2591731753689938,0.25917317536898854,5.2735593669694936e-15,0,0.6363748972767599
b1679,4,6,0.2591731753689938,0.25917317536903456,-4.0745185003743245e-14,0,0.0002759345129214854
b0775,1,414,0.2591731753689938,0.0,0.2591731753689938,1,1587.092010739813
b1009,1,10,0.2591731753689938,0.2591731753690363,-4.246603069191224e-14,0,0.0002766448772960838
b0444,1,8,0.2591731753689938,0.2591731753689973,-3.497202527569243e-15,0,0.5049736444000643
b2794,1,8,0.2591731753689938,0.25917317536901474,-2.09277040141842e-14,0,0.12746226532835986
b1008,1,8,0.2591731753689938,0.2591731753692593,-2.655098363391062e-13,0,0.3415809512314566
b2765,1,6,0.2591731753689938,0.25917317536906814,-7.432943149865423e-14,0,0.2515364486268732
b2263,1,4,0.2591731753689938,0.25917317536899864,-4.829470157119431e-15,0,7.103643748883125e-07
b1011,1,0,0.2591731753689938,0.2591731753690062,-1.2378986724570495e-14,0,0.0
b1010,1,10,0.2591731753689938,0.2591731753689941,-2.7755575615628914e-16,0,0.1362630148476706
b0968,7,10,0.2591731753689938,0.25917317536901724,-2.3425705819590803e-14,0,0.6363832283087545
b2264,1,0,0.2591731753689938,0.25917317536901496,-2.1149748619109232e-14,0,0.0
b2262,1,4,0.2591731753689938,0.25917317536899026,3.552713678800501e-15,0,7.103643748870315e-07
b1686,1,14,0.2591731753689938,0.2591731753690411,-4.729550084903167e-14,0,0.13626372521235156
b3991,1,414,0.2591731753689938,0.0,0.2591731753689938,1,1587.092010739808
b4407,1,414,0.2591731753689938,0.0,0.2591731753689938,1,1587.0920107398122
b3990,1,414,0.2591731753689938,0.0,0.2591731753689938,1,1587.0920107398094
b0423,1,414,0.2591731753689938,0.0,0.2591731753689938,1,1587.0920107398115
b3992,1,414,0.2591731753689938,0.0,0.2591731753689938,1,1587.0920107398174
b2877,1,6,0.2591731753689938,0.25917317536900547,-1.1657341758564144e-14,0,0.00027593451291434655
b2374,1,6,0.2591731753689938,0.25917317536904594,-5.21249710061511e-14,0,5.383446895246645e-07
b1389,1,8,0.2591731753689938,0.2591731753690221,-2.8310687127941492e-14,0,0.3415809512303254
b1388,1,8,0.2591731753689938,0.2591731753690221,-2.8310687127941492e-14,0,0.3415809512303254
b1390,1,8,0.2591731753689938,0.2591731753690221,-2.8310687127941492e-14,0,0.3415809512303254
b1391,1,8,0.2591731753689938,0.2591731753690221,-2.8310687127941492e-14,0,0.3415809512303254
b1392,1,8,0.2591731753689938,0.2591731753690221,-2.8310687127941492e-14,0,0.3415809512303254
b1397,2,12,0.2591731753689938,0.25917317536903534,-4.1522341120980855e-14,0,0.6562921399872202
b1395,1,8,0.2591731753689938,0.2591731753690376,-4.3798298321462426e-14,0,0.12746226532843943
b1012,1,0,0.2591731753689938,0.2591731753689938,0.0,0,0.0
b1007,1,0,0.2591731753689938,0.2591731753689938,0.0,0,0.0
b0785,1,6,0.2591731753689938,0.2591731753689662,2.758904216193514e-14,0,0.0132039203508455
b3893,2,0,0.2591731753689938,0.2591731753690443,-5.0459636469213365e-14,0,0.0
b3892,2,0,0.2591731753689938,0.2591731753690443,-5.0459636469213365e-14,0,0.0
b3894,2,0,0.2591731753689938,0.2591731753690443,-5.0459636469213365e-14,0,0.0
b1475,2,0,0.2591731753689938,0.2591731753690443,-5.0459636469213365e-14,0,0.0
b1474,2,0,0.2591731753689938,0.2591731753690443,-5.0459636469213365e-14,0,0.0
b1476,2,0,0.2591731753689938,0.2591731753690443,-5.0459636469213365e-14,0,0.0
b0776,1,414,0.2591731753689938,0.0,0.2591731753689938,1,1587.0920107398192
b3412,1,414,0.2591731753689938,0.0,0.2591731753689938,1,1587.0920107397912
b2515,1,414,0.2591731753689938,0.0,0.2591731753689938,1,1587.0920107398106
b4238,4,68,0.2591731753689938,0.25917317536901924,-2.5424107263916085e-14,0,0.017196594656257728
b3924,5,66,0.2591731753689938,0.2591731753690712,-7.738254481637341e-14,0,0.24186248723295528
b4237,4,66,0.2591731753689938,0.2591731753690155,-2.170486013142181e-14,0,0.24186248723232778
b4209,1,57,0.2591731753689938,0.25917317536903,-3.6193270602780103e-14,0,0.3415401977129067
b1387,1,14,0.2591731753689938,0.2591731753689979,-4.107825191113079e-15,0,0.5049741827447635
b1393,1,14,0.2591731753689938,0.25917317536896173,3.2085445411667024e-14,0,0.3415814895743432
b2912,1,0,0.2591731753689938,0.2591731753689938,0.0,0,0.0
b2174,1,10,0.2591731753689938,0.25917317536901147,-1.765254609153999e-14,0,0.6363832283087698
b0826,1,6,0.2591731753689938,0.2591731753689778,1.5987211554602254e-14,0,0.25153644862634245
b0781,1,8,0.2591731753689938,0.25917317536901024,-1.6431300764452317e-14,0,0.34158095123008425
b0783,1,8,0.2591731753689938,0.25917317536901024,-1.6431300764452317e-14,0,0.34158095123008425
b0630,1,0,0.2591731753689938,0.2591731753690535,-5.967448757360216e-14,0,0.0
b0628,1,6,0.2591731753689938,0.2591731753690886,-9.481304630298837e-14,0,0.25153644862685515
b4386,3,0,0.2591731753689938,0.2591731753690472,-5.340172748447003e-14,0,0.0
b1385,1,10,0.2591731753689938,0.25917317536903833,-4.451994328746878e-14,0,0.6363832283089021
b2917,1,6,0.2591731753689938,0.2591731753690675,-7.366329768387914e-14,0,0.2515364486268438
b3572,1,10,0.2591731753689938,0.2591731753690124,-1.8596235662471372e-14,0,0.636383228308911
b4129,1,8,0.2591731753689938,0.25917317536898815,5.662137425588298e-15,0,0.3415809512297095
b3722,1,8,0.2591731753689938,0.25917317536897955,1.426636586643326e-14,0,0.34158095122987264
b0681,1,8,0.2591731753689938,0.2591731753690207,-2.6867397195928788e-14,0,0.5049736444003292
b1473,3,8,0.2591731753689938,0.25917317536906365,-6.983302824892235e-14,0,0.341580951230312
b3882,2,6,0.2591731753689938,0.25917317536897544,1.837419105754634e-14,0,0.251536448626366
b1600,1,6,0.2591731753689938,0.25917317536905815,-6.433742427702782e-14,0,0.25153644862683705
b1599,1,6,0.2591731753689938,0.25917317536905815,-6.433742427702782e-14,0,0.25153644862683705
b2660,1,6,0.2591731753689938,0.25917317536900353,-9.71445146547012e-15,0,0.013203920350922473
b4167,4,6,0.2591731753689938,0.25917317536903955,-4.574118861455645e-14,0,0.2515364486267889
b2670,1,8,0.2591731753689938,0.25917317536908707,-9.325873406851315e-14,0,0.34158095123039434
b3070,3,16,0.2591731753689938,0.2591731753689966,-2.7755575615628914e-15,0,0.6562928503510945
b4297,1,6,0.2591731753689938,0.2591731753690203,-2.6478819137309983e-14,0,0.251536448626609
b0269,1,6,0.2591731753689938,0.2591731753690203,-2.6478819137309983e-14,0,0.251536448626609
b4298,1,10,0.2591731753689938,0.2591731753690142,-2.0372592501871623e-14,0,0.136263014847826
b0268,1,10,0.2591731753689938,0.2591731753690142,-2.0372592501871623e-14,0,0.136263014847826
b3715,1,10,0.2591731753689938,0.25917317536906215,-6.833422716567839e-14,0,0.13626301484797207
b0516,1,8,0.2591731753689938,0.25917317536905593,-6.211697822777751e-14,0,0.34158095123033216
b0515,1,12,0.2591731753689938,0.259173175369048,-5.417888360170764e-14,0,0.3415816615946185
b1617,1,6,0.2591731753689938,0.2591731753690495,-5.56776846849516e-14,0,0.01320392035094682
b1695,1,128,0.2591731753689938,0.2591731753690641,-7.027711745877241e-14,0,3.394693403867093
b1771,1,6,0.2591731753689938,0.25917317536904255,-4.873879078104437e-14,0,0.013203920350962156
b2907,1,6,0.2591731753689938,0.2591731753690665,-7.26640969617165e-14,0,0.2515364486267391
b0543,2,0,0.2591731753689938,0.2591731753690062,-1.2378986724570495e-14,0,0.0
b1601,1,0,0.2591731753689938,0.2591731753689938,0.0,0,0.0
b0624,1,0,0.2591731753689938,0.2591731753690531,-5.928590951498336e-14,0,0.0
b3880,1,0,0.2591731753689938,0.2591731753690871,-9.331424521974441e-14,0,0.0
b3881,1,0,0.2591731753689938,0.25917317536902323,-2.942091015256665e-14,0,0.0
b3877,1,12,0.2591731753689938,0.2591731753690555,-6.167288901792745e-14,0,0.6562921399872057
b3876,1,6,0.2591731753689938,0.25917317536903833,-4.451994328746878e-14,0,0.25153644862685887
b1511,1,54,0.2591731753689938,0.25917317536901224,-1.84297022087776e-14,0,0.341719936944876
b2371,1,12,0.2591731753689938,0.2591731753690361,-4.2299497238218464e-14,0,0.6562921399871262
b2302,1,0,0.2591731753689938,0.25917317536895473,3.907985046680551e-14,0,0.0
b2989,1,0,0.2591731753689938,0.25917317536895473,3.907985046680551e-14,0,0.0
b1619,1,0,0.2591731753689938,0.25917317536901335,-1.9539925233402755e-14,0,0.0
b4337,1,0,0.2591731753689938,0.2591731753690376,-4.3798298321462426e-14,0,0.0
b1337,1,8,0.2591731753689938,0.2591731753689684,2.5424107263916085e-14,0,0.12746226532814825
b1338,1,8,0.2591731753689938,0.2591731753689684,2.5424107263916085e-14,0,0.12746226532814825
b1336,1,12,0.2591731753689938,0.25917317536910517,-1.113553693699032e-13,0,0.6562921399880081
b2873,1,8,0.2591731753689938,0.2591731753690275,-3.36952687973735e-14,0,0.12746226532841876
b1430,1,8,0.2591731753689938,0.25917317556183556,-1.9284174257450104e-10,0,0.12746226597136695
b1396,2,10,0.2591731753689938,0.25917317536907425,-8.043565813409259e-14,0,0.6363832283091749
b3943,1,0,0.2591731753689938,0.2591731753691093,-1.1546319456101628e-13,0,0.0
b0578,2,0,0.2591731753689938,0.259173175369024,-3.019806626980426e-14,0,0.0
b3253,1,6,0.2591731753689938,0.2591731753690285,-3.469446951953614e-14,0,0.2515364486267924
b1022,2,12,0.2591731753689938,0.2591731753690548,-6.100675520315235e-14,0,0.3415810714821887
b1021,2,12,0.2591731753689938,0.2591731753690548,-6.100675520315235e-14,0,0.3415810714821887
b1733,1,6,0.2591731753689938,0.2591731753690313,-3.7470027081099033e-14,0,0.2515364486267378
b4266,2,6,0.2591731753689938,0.2591731753690413,-4.746203430272544e-14,0,0.2515364486268626
b3493,1,46,0.2591731753689938,0.25917317536899237,1.4432899320127035e-15,0,0.21047607421916215
b2987,1,46,0.2591731753689938,0.25917317536899237,1.4432899320127035e-15,0,0.21047607421916215
b0401,3,0,0.2591731753689938,0.2591731753689893,4.496403249731884e-15,0,0.0
b4141,4,6,0.2591731753689938,0.25917317536909495,-1.0114131754335176e-13,0,0.2515364486270055
b1798,2,0,0.2591731753689938,0.2591731753690107,-1.687538997430238e-14,0,0.0
b3662,2,12,0.2591731753689938,0.2591731753690144,-2.0594637106796654e-14,0,0.12746297569279566
b1592,1,8,0.2591731753689938,0.25917317536900836,-1.454392162258955e-14,0,0.1274622653283741
b2842,1,0,0.2591731753689938,0.2591731753689938,0.0,0,0.0
b4020,1,8,0.2591731753689938,0.25917317536904727,-5.345723863570129e-14,0,0.5049736444006494
b1985,2,6,0.2591731753689938,0.2591731753690141,-2.0261570199409107e-14,0,0.2515364486266034
b1516,1,0,0.2591731753689938,0.2591731753689938,0.0,0,0.0
b1514,1,0,0.2591731753689938,0.2591731753689938,0.0,0,0.0
b1515,1,0,0.2591731753689938,0.2591731753689938,0.0,0,0.0
b1513,1,0,0.2591731753689938,0.2591731753689938,0.0,0,0.0
b1518,1,56,0.2591731753689938,0.2591731753690321,-3.83026943495679e-14,0,0.636583003688093
b3240,1,6,0.2591731753689938,0.2591731753690356,-4.1799896877137144e-14,0,0.00027593451292211817
b3241,1,6,0.2591731753689938,0.2591731753690356,-4.1799896877137144e-14,0,0.00027593451292211817
b1449,2,6,0.2591731753689938,0.2591731753690491,-5.5289106626332796e-14,0,0.00027593451291888546
b2245,1,0,0.2591731753689938,0.25917317536897894,1.4876988529977098e-14,0,0.0
b1448,1,6,0.2591731753689938,0.25917317536900975,-1.5931700403370996e-14,0,0.01320392035091304
b3656,1,6,0.2591731753689938,0.25917317536902373,-2.992051051364797e-14,0,0.013203920350947074
b3883,1,0,0.2591731753689938,0.2591731753689502,4.363176486776865e-14,0,0.0
b3966,3,8,0.2591731753689938,0.2591731753690033,-9.492406860545088e-15,0,0.1274622653283768
b4098,1,6,0.2591731753689938,0.2591731753690155,-2.170486013142181e-14,0,0.25153644862669955
b3488,1,16,0.2591731753689938,0.259173175368985,8.826273045769994e-15,0,0.6562928503508046
b1813,1,14,0.2591731753689938,0.25917317536903933,-4.551914400963142e-14,0,0.3415814895751206
b2166,1,8,0.2591731753689938,0.25917317536900814,-1.432187701766452e-14,0,0.34158095123022164
b1103,1,6,0.2591731753689938,0.25917317536902357,-2.9753977059954195e-14,0,0.013203920350961084
b4096,1,6,0.2591731753689938,0.2591731753690283,-3.447242491461111e-14,0,0.2515364486266974
b4101,1,6,0.2591731753689938,0.2591731753690283,-3.447242491461111e-14,0,0.2515364486266974
b4100,1,6,0.2591731753689938,0.2591731753690283,-3.447242491461111e-14,0,0.2515364486266974
b4099,1,6,0.2591731753689938,0.2591731753690283,-3.447242491461111e-14,0,0.2515364486266974
b4095,1,6,0.2591731753689938,0.25917317536906426,-7.044365091246618e-14,0,0.0002759345129192703
b4092,1,6,0.2591731753689938,0.2591731753690235,-2.969846590872294e-14,0,0.25153644862678304
b2047,1,14,0.2591731753689938,0.25917317536900775,-1.3933298959045715e-14,0,0.6363839386730545
b4106,1,6,0.2591731753689938,0.2591731753689868,6.994405055138486e-15,0,0.2515364486266085
b4104,1,6,0.2591731753689938,0.2591731753689868,6.994405055138486e-15,0,0.2515364486266085
b4105,1,6,0.2591731753689938,0.2591731753689868,6.994405055138486e-15,0,0.2515364486266085
b0662,1,6,0.2591731753689938,0.25917317536905227,-5.845324224651449e-14,0,0.25153644862692104
b2906,1,0,0.2591731753689938,0.259173175369071,-7.716050021144838e-14,0,0.0
b1400,1,10,0.2591731753689938,0.25917317536899204,1.7763568394002505e-15,0,0.6363832283086203
b2683,1,6,0.2591731753689938,0.259173175368869,1.247890679678676e-13,0,0.25153644862597235
b2682,1,6,0.2591731753689938,0.259173175368869,1.247890679678676e-13,0,0.25153644862597235
b1821,1,0,0.2591731753689938,0.25917317536907164,-7.782663402622347e-14,0,0.0
b2164,1,6,0.2591731753689938,0.2591731753690327,-3.8913317013111737e-14,0,0.013203920350942717
b1616,1,0,0.2591731753689938,0.25917317536900775,-1.3933298959045715e-14,0,0.0
b1517,1,58,0.2591731753689938,0.25917317536908335,-8.953948693601887e-14,0,0.01323052034347895
b0577,1,6,0.2591731753689938,0.25917317536902446,-3.064215547965432e-14,0,0.013203920350943171
b2924,1,6,0.2591731753689938,0.25917317536902446,-3.064215547965432e-14,0,0.013203920350943171
b1330,1,6,0.2591731753689938,0.25917317536902446,-3.064215547965432e-14,0,0.013203920350943171
b0808,1,6,0.2591731753689938,0.25917317536902446,-3.064215547965432e-14,0,0.013203920350943171
b0465,1,6,0.2591731753689938,0.25917317536902446,-3.064215547965432e-14,0,0.013203920350943171
b3291,1,6,0.2591731753689938,0.25917317536902446,-3.064215547965432e-14,0,0.013203920350943171
b4159,1,6,0.2591731753689938,0.25917317536902446,-3.064215547965432e-14,0,0.013203920350943171
b2247,1,6,0.2591731753689938,0.2591731753690023,-8.493206138382448e-15,0,0.00027593451291415573
b0597,1,6,0.2591731753689938,0.25917317536894985,4.39648317751562e-14,0,0.2515364486261765
b1870,1,0,0.2591731753689938,0.2591731753690141,-2.0261570199409107e-14,0,0.0
b3116,2,10,0.2591731753689938,0.2591731753690408,-4.696243394164412e-14,0,0.00027664487729359236
b2796,1,10,0.2591731753689938,0.25917317536899637,-2.55351295663786e-15,0,0.6363832283083276
b4093,1,0,0.2591731753689938,0.2591731753690146,-2.0761170560490427e-14,0,0.0
b3878,1,6,0.2591731753689938,0.2591731753689819,1.1934897514720433e-14,0,0.2515364486263404
b1206,3,6,0.2591731753689938,0.25917317536897405,1.9761969838327786e-14,0,0.01320392035087743
