level,gene_id,n_gpr_rxns,n_changed,b_wt,b_ko,delta_b,y_essential,kV
nh4_-10,b1377,270,441,0.9258552865966436,0.0,0.9258552865966436,1,14154.682034437386
nh4_-10,b2215,271,441,0.9258552865966436,0.0,0.9258552865966436,1,14154.682034437386
nh4_-10,b0929,271,441,0.9258552865966436,0.0,0.9258552865966436,1,14154.682034437386
nh4_-10,b0241,270,441,0.9258552865966436,0.0,0.9258552865966436,1,14154.682034437386
nh4_-10,b4034,6,6,0.9258552865966436,0.9258552865966434,1.1102230246251563e-16,0,183.4886733076583
nh4_-10,b4033,6,0,0.9258552865966436,0.9258552865966736,-2.9976021664879227e-14,0,0.0
nh4_-10,b4032,6,0,0.9258552865966436,0.9258552865966736,-2.9976021664879227e-14,0,0.0
nh4_-10,b4035,6,0,0.9258552865966436,0.9258552865966736,-2.9976021664879227e-14,0,0.0
nh4_-10,b4036,7,6,0.9258552865966436,0.9258552865966736,-3.0198066269804264e-14,0,183.48867330764008
nh4_-10,b4213,8,4,0.9258552865966436,0.925855286596663,-1.9539925233402755e-14,0,1.705123886812509e-07
nh4_-10,b2835,21,0,0.9258552865966436,0.925855286596663,-1.9539925233402755e-14,0,0.0
nh4_-10,b2836,23,126,0.9258552865966436,0.9258552865966628,-1.9206858326015208e-14,0,42.5390314878284
nh4_-10,b3553,10,0,0.9258552865966436,0.9258552865966788,-3.519406988061746e-14,0,0.0
nh4_-10,b1134,2,4,0.9258552865966436,0.9258552865966788,-3.519406988061746e-14,0,1.705123882939566e-07
nh4_-10,b0446,2,0,0.9258552865966436,0.9258552865966788,-3.519406988061746e-14,0,0.0
nh4_-10,b1009,1,0,0.9258552865966436,0.9258552865966788,-3.519406988061746e-14,0,0.0
nh4_-10,b0954,13,4,0.9258552865966436,0.9258552865966796,-3.6193270602780103e-14,0,1.7051238927336386e-07
nh4_-10,b0180,14,441,0.9258552865966436,-4.058645641842216e-11,0.92585528663723,1,13264.878617716524
nh4_-10,b0347,2,0,0.9258552865966436,0.9258552865966718,-2.8310687127941492e-14,0,0.0
nh4_-10,b3580,2,0,0.9258552865966436,0.9258552865966576,-1.4099832412739488e-14,0,0.0
nh4_-10,b1093,14,441,0.9258552865966436,9.448220834244764e-16,0.9258552865966424,1,13264.878617716522
nh4_-10,b2323,13,441,0.9258552865966436,2.519377208066086e-30,0.9258552865966436,1,13264.87861771652
nh4_-10,b1095,9,441,0.9258552865966436,0.0,0.9258552865966436,1,13264.878617716524
nh4_-10,b1397,2,0,0.9258552865966436,0.9258552865966612,-1.7763568394002505e-14,0,0.0
nh4_-10,b1245,2,0,0.9258552865966436,0.9258552865966428,7.771561172376098e-16,0,0.0
nh4_-10,b1244,2,0,0.9258552865966436,0.9258552865966428,7.771561172376098e-16,0,0.0
nh4_-10,b1329,1,0,0.9258552865966436,0.9258552865966428,7.771561172376098e-16,0,0.0
nh4_-10,b1246,2,0,0.9258552865966436,0.9258552865966428,7.771561172376098e-16,0,0.0
nh4_-10,b1247,2,0,0.9258552865966436,0.9258552865966428,7.771561172376098e-16,0,0.0
nh4_-10,b1386,3,0,0.9258552865966436,0.9258552865966428,7.771561172376098e-16,0,0.0
nh4_-10,b0004,2,441,0.9258552865966436,-1.7862889688953504e-16,0.9258552865966436,1,13264.878617716522
nh4_-10,b1192,4,4,0.9258552865966436,0.925855286596649,-5.440092820663267e-15,0,9.28940035347731e-05
nh4_-10,b1243,1,0,0.9258552865966436,0.9258552865966576,-1.4099832412739488e-14,0,0.0
nh4_-10,b4266,1,0,0.9258552865966436,0.9258552865966576,-1.4099832412739488e-14,0,0.0
nh4_-10,b4265,3,0,0.9258552865966436,0.9258552865966576,-1.4099832412739488e-14,0,0.0
nh4_-10,b0159,3,441,0.9258552865966436,-6.57114971017775e-16,0.9258552865966442,1,13264.878617716528
nh4_-10,b3197,1,441,0.9258552865966436,0.0,0.9258552865966436,1,13264.878617716524
nh4_-10,b2708,1,441,0.9258552865966436,0.0,0.9258552865966436,1,13264.878617716524
nh4_-10,b1094,26,441,0.9258552865966436,0.0,0.9258552865966436,1,13264.878617716511
nh4_-10,b4481,1,0,0.9258552865966436,0.9258552865966764,-3.297362383136716e-14,0,0.0
nh4_-10,b1927,1,0,0.9258552865966436,0.9258552865966568,-1.3322676295501878e-14,0,0.0
nh4_-10,b3571,1,0,0.9258552865966436,0.9258552865966568,-1.3322676295501878e-14,0,0.0
nh4_-10,b2901,1,0,0.9258552865966436,0.9258552865966568,-1.3322676295501878e-14,0,0.0
nh4_-10,b1302,1,4,0.9258552865966436,0.9258552865966564,-1.2878587085651816e-14,0,1.70512388731023e-07
nh4_-10,b2662,1,4,0.9258552865966436,0.92585528659666,-1.6431300764452317e-14,0,1.70512388731023e-07
nh4_-10,b1444,1,0,0.9258552865966436,0.92585528659666,-1.6431300764452317e-14,0,0.0
nh4_-10,b2663,1,0,0.9258552865966436,0.92585528659666,-1.6431300764452317e-14,0,0.0
nh4_-10,b2222,3,4,0.9258552865966436,0.92585528659666,-1.6431300764452317e-14,0,1.7051238860983904e-07
nh4_-10,b2221,3,4,0.9258552865966436,0.92585528659666,-1.6431300764452317e-14,0,1.7051238860983904e-07
nh4_-10,b2224,1,129,0.9258552865966436,0.9258552865966596,-1.609823385706477e-14,0,42.538951085005
nh4_-10,b2342,8,129,0.9258552865966436,0.9258552865966292,1.4210854715202004e-14,0,42.53895108493296
nh4_-10,b3845,8,129,0.9258552865966436,0.9258552865966596,-1.6209256159527282e-14,0,42.53895108493296
nh4_-10,b2223,3,0,0.9258552865966436,0.9258552865966596,-1.6209256159527282e-14,0,0.0
nh4_-10,b1241,2,0,0.9258552865966436,0.9258552865966596,-1.6209256159527282e-14,0,0.0
nh4_-10,b0351,1,4,0.9258552865966436,0.9258552865966596,-1.6209256159527282e-14,0,1.70512388734794e-07
nh4_-10,s0001,39,444,0.9258552865966436,1.4545524484733803e-16,0.9258552865966434,1,13637.32719584294
nh4_-10,b1463,1,0,0.9258552865966436,0.9258552865966452,-1.7763568394002505e-15,0,0.0
nh4_-10,b1993,2,0,0.9258552865966436,0.925855286596661,-1.754152378907747e-14,0,0.0
nh4_-10,b2316,1,441,0.9258552865966436,1.4366061690359126e-15,0.925855286596642,1,13264.878617716522
nh4_-10,b3255,1,441,0.9258552865966436,0.0,0.9258552865966436,1,13264.878617716524
nh4_-10,b0185,1,441,0.9258552865966436,0.0,0.9258552865966436,1,13264.878617716526
nh4_-10,b3256,1,441,0.9258552865966436,0.0,0.9258552865966436,1,13264.878617716522
nh4_-10,b4069,2,4,0.9258552865966436,0.9258552865970884,-4.4497738826976274e-13,0,9.28940035347696e-05
nh4_-10,b1119,1,0,0.9258552865966436,0.9258552865966508,-7.327471962526033e-15,0,0.0
nh4_-10,b3784,1,0,0.9258552865966436,0.9258552865966508,-7.327471962526033e-15,0,0.0
nh4_-10,b2415,18,64,0.9258552865966436,0.9258552865966504,-6.772360450213455e-15,0,425.6120974360697
nh4_-10,b0679,1,0,0.9258552865966436,0.9258552865965892,5.428990590417017e-14,0,0.0
nh4_-10,b1101,2,62,0.9258552865966436,0.9258552865965892,5.428990590417017e-14,0,466.4314527369726
nh4_-10,b2417,6,65,0.9258552865966436,0.9258552865965892,5.428990590417017e-14,0,466.4315523700917
nh4_-10,b2416,19,64,0.9258552865966436,0.9258552865965892,5.428990590417017e-14,0,425.61209743605343
nh4_-10,b3959,1,441,0.9258552865966436,6.29881388949651e-16,0.9258552865966428,1,13264.878617716524
nh4_-10,b2818,1,441,0.9258552865966436,0.0,0.9258552865966436,1,13264.878617716524
nh4_-10,b0078,2,441,0.9258552865966436,0.0,0.9258552865966436,1,13264.87861771652
nh4_-10,b3670,2,441,0.9258552865966436,0.0,0.9258552865966436,1,13264.878617716526
nh4_-10,b3671,2,441,0.9258552865966436,0.0,0.9258552865966436,1,13264.878617716531
nh4_-10,b0077,2,441,0.9258552865966436,0.0,0.9258552865966436,1,13264.878617716528
nh4_-10,b3115,2,4,0.9258552865966436,0.9258552865966714,-2.7866597918091432e-14,0,9.289400353476888e-05
nh4_-10,b1849,2,56,0.9258552865966436,0.9258552865966776,-3.419486915845482e-14,0,6.445244765091703e-05
nh4_-10,b2296,1,0,0.9258552865966436,0.9258552865966776,-3.419486915845482e-14,0,0.0
nh4_-10,b2428,1,0,0.9258552865966436,0.9258552865966776,-3.419486915845482e-14,0,0.0
nh4_-10,b3794,1,0,0.9258552865966436,0.9258552865966776,-3.419486915845482e-14,0,0.0
nh4_-10,b1818,5,62,0.9258552865966436,0.9258552865966792,-3.574918139293004e-14,0,466.4314527359581
nh4_-10,b1819,5,62,0.9258552865966436,0.9258552865966462,-2.664535259100376e-15,0,466.4314527359581
nh4_-10,b1817,5,62,0.9258552865966436,0.9258552865966462,-2.664535259100376e-15,0,466.4314527359581
nh4_-10,b2429,2,0,0.9258552865966436,0.9258552865966462,-2.664535259100376e-15,0,0.0
nh4_-10,b3224,1,0,0.9258552865966436,0.9258552865966462,-2.664535259100376e-15,0,0.0
nh4_-10,b4311,1,4,0.9258552865966436,0.9258552865966462,-2.664535259100376e-15,0,1.7051238842003804e-07
nh4_-10,b3225,1,0,0.9258552865966436,0.9258552865966462,-2.664535259100376e-15,0,0.0
nh4_-10,b0221,8,126,0.9258552865966436,0.9258552865966468,-3.219646771412954e-15,0,42.539031487759495
nh4_-10,b1091,3,441,0.9258552865966436,-1.594687712267772e-10,0.9258552867561124,1,13264.87861771652
nh4_-10,b3957,2,441,0.9258552865966436,4.654885384028245e-15,0.9258552865966388,1,13264.87861771652
nh4_-10,b3200,9,441,0.9258552865966436,0.0,0.9258552865966436,1,13264.87861771652
nh4_-10,b4261,9,441,0.9258552865966436,0.0,0.9258552865966436,1,13264.878617716517
nh4_-10,b3201,9,441,0.9258552865966436,0.0,0.9258552865966436,1,13264.878617716522
nh4_-10,b4262,9,441,0.9258552865966436,0.0,0.9258552865966436,1,13264.878617716524
nh4_-10,b3199,9,441,0.9258552865966436,0.0,0.9258552865966436,1,13264.878617716524
nh4_-10,b1519,1,0,0.9258552865966436,0.9258552865966624,-1.8762769116165142e-14,0,0.0
nh4_-10,b1276,2,442,0.9258552865966436,-1.9652142870246908e-29,0.9258552865966436,1,13416.267659220814
nh4_-10,b0118,3,442,0.9258552865966436,2.1321018241502565e-15,0.9258552865966414,1,13416.267659220814
nh4_-10,b1748,2,441,0.9258552865966436,0.0,0.9258552865966436,1,13264.878617716522
nh4_-10,b3359,2,441,0.9258552865966436,0.0,0.9258552865966436,1,13264.878617716531
nh4_-10,b1090,7,0,0.9258552865966436,0.925855286596659,-1.554312234475219e-14,0,0.0
nh4_-10,b3475,1,0,0.9258552865966436,0.9258552865966642,-2.0650148258027912e-14,0,0.0
nh4_-10,b2563,1,0,0.9258552865966436,0.9258552865966642,-2.0650148258027912e-14,0,0.0
nh4_-10,b2578,2,4,0.9258552865966436,0.9258552865966642,-2.0650148258027912e-14,0,1.705123885774749e-07
nh4_-10,b1533,2,4,0.9258552865966436,0.9258552865966642,-2.0650148258027912e-14,0,1.705123885774749e-07
nh4_-10,b4067,2,0,0.9258552865966436,0.9258552865966642,-2.0650148258027912e-14,0,0.0
nh4_-10,b1623,2,0,0.9258552865966436,0.9258552865966642,-2.0650148258027912e-14,0,0.0
nh4_-10,b1096,1,441,0.9258552865966436,1.2758358971049848e-12,0.9258552865953676,1,13264.878617716524
nh4_-10,b1812,2,441,0.9258552865966436,0.0,0.9258552865966436,1,13264.878617716524
nh4_-10,b3360,1,441,0.9258552865966436,0.0,0.9258552865966436,1,13264.878617716528
nh4_-10,b3665,1,8,0.9258552865966436,0.9258552865966628,-1.9317880628477724e-14,0,9.306451592337744e-05
nh4_-10,b3654,3,4,0.9258552865966436,0.925855286596635,8.548717289613705e-15,0,1.70512388566434e-07
nh4_-10,b3714,1,4,0.9258552865966436,0.925855286596635,8.548717289613705e-15,0,1.70512388566434e-07
nh4_-10,b0474,13,441,0.9258552865966436,-7.163113113658515e-15,0.9258552865966508,1,13264.878617716524
nh4_-10,b0120,1,4,0.9258552865966436,0.9258552865966528,-9.2148511043888e-15,0,9.289400353476838e-05
nh4_-10,b3806,1,0,0.9258552865966436,0.925855286596647,-3.4416913763379853e-15,0,0.0
nh4_-10,b0030,5,0,0.9258552865966436,0.925855286596647,-3.4416913763379853e-15,0,0.0
nh4_-10,b2393,7,0,0.9258552865966436,0.925855286596647,-3.4416913763379853e-15,0,0.0
nh4_-10,b2964,11,0,0.9258552865966436,0.925855286596647,-3.4416913763379853e-15,0,0.0
nh4_-10,b2406,6,4,0.9258552865966436,0.925855286596647,-3.4416913763379853e-15,0,1.705123885870883e-07
nh4_-10,b0411,7,4,0.9258552865966436,0.925855286596647,-3.4416913763379853e-15,0,1.705123886960334e-07
nh4_-10,b1992,1,0,0.9258552865966436,0.925855286596647,-3.4416913763379853e-15,0,0.0
nh4_-10,b1709,3,0,0.9258552865966436,0.925855286596647,-3.4416913763379853e-15,0,0.0
nh4_-10,b0158,3,0,0.9258552865966436,0.925855286596647,-3.4416913763379853e-15,0,0.0
nh4_-10,b1711,3,0,0.9258552865966436,0.925855286596647,-3.4416913763379853e-15,0,0.0
nh4_-10,b3966,3,0,0.9258552865966436,0.925855286596647,-3.4416913763379853e-15,0,0.0
nh4_-10,b3005,10,4,0.9258552865966436,0.925855286596647,-3.4416913763379853e-15,0,1.7051238859271145e-07
nh4_-10,b3006,10,4,0.9258552865966436,0.925855286596647,-3.4416913763379853e-15,0,1.7051238859271145e-07
nh4_-10,b1252,10,4,0.9258552865966436,0.925855286596647,-3.4416913763379853e-15,0,1.7051238859271145e-07
nh4_-10,b3397,1,0,0.9258552865966436,0.925855286596647,-3.4416913763379853e-15,0,0.0
nh4_-10,b3034,1,0,0.9258552865966436,0.925855286596647,-3.4416913763379853e-15,0,0.0
nh4_-10,b0469,1,0,0.9258552865966436,0.925855286596647,-3.4416913763379853e-15,0,0.0
nh4_-10,b2750,1,441,0.9258552865966436,-6.723141839800857e-15,0.9258552865966504,1,13264.878617716524
nh4_-10,b1131,2,441,0.9258552865966436,5.4342887317808364e-14,0.9258552865965892,1,13264.878617716524
nh4_-10,b4177,1,441,0.9258552865966436,9.392702515576073e-14,0.9258552865965496,1,13264.87861771653
nh4_-10,b0677,1,4,0.9258552865966436,0.9258552865966634,-1.9872992140790302e-14,0,9.28940035347703e-05
nh4_-10,b0110,4,0,0.9258552865966436,0.9258552865966652,-2.1760371282653068e-14,0,0.0
nh4_-10,b2817,2,0,0.9258552865966436,0.9258552865966652,-2.1760371282653068e-14,0,0.0
nh4_-10,b2435,2,0,0.9258552865966436,0.9258552865966652,-2.1760371282653068e-14,0,0.0
nh4_-10,b4169,2,0,0.9258552865966436,0.9258552865966652,-2.1760371282653068e-14,0,0.0
nh4_-10,b1107,3,0,0.9258552865966436,0.9258552865966652,-2.1760371282653068e-14,0,0.0
nh4_-10,b0433,3,0,0.9258552865966436,0.9258552865966652,-2.1760371282653068e-14,0,0.0
nh4_-10,b3619,1,4,0.9258552865966436,0.9258552865966652,-2.1760371282653068e-14,0,1.7051238849999165e-07
nh4_-10,b2937,1,0,0.9258552865966436,0.9258552865966652,-2.1760371282653068e-14,0,0.0
nh4_-10,b3018,7,441,0.9258552865966436,8.435634171905861e-15,0.9258552865966352,1,13264.878617716522
nh4_-10,b3958,1,441,0.9258552865966436,0.0,0.9258552865966436,1,13264.87861771652
nh4_-10,b0575,2,4,0.9258552865966436,0.9258552865966444,-8.881784197001252e-16,0,9.289400353476964e-05
nh4_-10,b0572,2,4,0.9258552865966436,0.9258552865966598,-1.63202784619898e-14,0,1.7051238755200426e-07
nh4_-10,b0573,2,4,0.9258552865966436,0.9258552865966598,-1.63202784619898e-14,0,1.7051238755200426e-07
nh4_-10,b0574,2,4,0.9258552865966436,0.9258552865966598,-1.63202784619898e-14,0,1.7051238755200426e-07
nh4_-10,b4006,2,441,0.9258552865966436,2.4370639975837502e-14,0.9258552865966192,1,13264.87861771652
nh4_-10,b0522,1,441,0.9258552865966436,7.130995145920951e-15,0.9258552865966364,1,13264.878617716522
nh4_-10,b0523,1,441,0.9258552865966436,-2.293213568759565e-14,0.9258552865966664,1,13264.878617716524
nh4_-10,b0727,1,61,0.9258552865966436,0.9258552865966404,2.997602166487923e-15,0,120.7797946513118
nh4_-10,b0116,3,69,0.9258552865966436,0.9258552865966584,-1.4876988529977098e-14,0,685.835481953031
nh4_-10,b0726,1,61,0.9258552865966436,0.9258552865966584,-1.4876988529977098e-14,0,120.77979465130672
nh4_-10,b2587,1,0,0.9258552865966436,0.9258552865966584,-1.4876988529977098e-14,0,0.0
nh4_-10,b1488,1,0,0.9258552865966436,0.9258552865966584,-1.4876988529977098e-14,0,0.0
nh4_-10,b3542,3,0,0.9258552865966436,0.9258552865966584,-1.4876988529977098e-14,0,0.0
nh4_-10,b1486,1,4,0.9258552865966436,0.9258552865966584,-1.4876988529977098e-14,0,1.705123885935308e-07
nh4_-10,b1485,1,4,0.9258552865966436,0.9258552865966584,-1.4876988529977098e-14,0,1.705123885935308e-07
nh4_-10,b3543,3,0,0.9258552865966436,0.9258552865966584,-1.4876988529977098e-14,0,0.0
nh4_-10,b3541,3,0,0.9258552865966436,0.9258552865966584,-1.4876988529977098e-14,0,0.0
nh4_-10,b1484,1,4,0.9258552865966436,0.9258552865966584,-1.4876988529977098e-14,0,1.705123885935308e-07
nh4_-10,b3540,3,0,0.9258552865966436,0.9258552865966584,-1.4876988529977098e-14,0,0.0
nh4_-10,b3544,3,0,0.9258552865966436,0.9258552865966584,-1.4876988529977098e-14,0,0.0
nh4_-10,b1483,1,4,0.9258552865966436,0.9258552865966584,-1.4876988529977098e-14,0,1.705123885935308e-07
nh4_-10,b1487,1,4,0.9258552865966436,0.9258552865966584,-1.4876988529977098e-14,0,1.705123885935308e-07
nh4_-10,b0092,1,441,0.9258552865966436,-5.496923296445434e-16,0.925855286596644,1,13264.878617716537
nh4_-10,b0381,1,441,0.9258552865966436,0.0,0.9258552865966436,1,13264.878617716522
nh4_-10,b1325,1,0,0.9258552865966436,0.9258552865966564,-1.27675647831893e-14,0,0.0
nh4_-10,b1190,1,441,0.9258552865966436,2.0447173120612443e-16,0.9258552865966432,1,13264.878617716517
nh4_-10,b4053,1,441,0.9258552865966436,0.0,0.9258552865966436,1,13264.878617716524
nh4_-10,b2551,6,69,0.9258552865966436,0.9258552865966744,-3.0975222387041874e-14,0,47.38491565550451
nh4_-10,b0870,4,4,0.9258552865966436,0.925855286596646,-2.4424906541753444e-15,0,1.705123886092139e-07
nh4_-10,b2379,1,3,0.9258552865966436,0.925855286596646,-2.4424906541753444e-15,0,0.8691441157072185
nh4_-10,b2290,1,3,0.9258552865966436,0.9258552865966556,-1.199040866595169e-14,0,0.8691441157072185
nh4_-10,b2697,1,0,0.9258552865966436,0.9258552865966556,-1.199040866595169e-14,0,0.0
nh4_-10,b3460,5,0,0.9258552865966436,0.9258552865966556,-1.199040866595169e-14,0,0.0
nh4_-10,b3456,5,0,0.9258552865966436,0.9258552865966556,-1.199040866595169e-14,0,0.0
nh4_-10,b3457,5,0,0.9258552865966436,0.9258552865966556,-1.199040866595169e-14,0,0.0
nh4_-10,b3455,5,0,0.9258552865966436,0.9258552865966556,-1.199040866595169e-14,0,0.0
nh4_-10,b3454,5,0,0.9258552865966436,0.9258552865966556,-1.199040866595169e-14,0,0.0
nh4_-10,b4208,5,319,0.9258552865966436,0.9246658119055934,0.0011894746910501,0,0.0198713289994667
nh4_-10,b0007,2,0,0.9258552865966436,0.9258552865966538,-1.0325074129013956e-14,0,0.0
nh4_-10,b0356,3,0,0.9258552865966436,0.9258552865966612,-1.7763568394002505e-14,0,0.0
nh4_-10,b1478,1,0,0.9258552865966436,0.9258552865966612,-1.7763568394002505e-14,0,0.0
nh4_-10,b1385,1,4,0.9258552865966436,0.9258552865966612,-1.7763568394002505e-14,0,1.705123886348729e-07
nh4_-10,b1300,2,0,0.9258552865966436,0.9258552865966612,-1.7763568394002505e-14,0,0.0
nh4_-10,b3588,2,0,0.9258552865966436,0.9258552865966612,-1.7763568394002505e-14,0,0.0
nh4_-10,b4084,1,0,0.9258552865966436,0.9258552865966612,-1.7763568394002505e-14,0,0.0
nh4_-10,b4090,2,446,0.9258552865966436,0.3344382452963488,0.5914170413002946,0,3138.7776348904736
nh4_-10,b0516,1,0,0.9258552865966436,0.9258552865966369,6.661338147750939e-15,0,0.0
nh4_-10,b0512,1,4,0.9258552865966436,0.925855286596655,-1.1435297153639112e-14,0,1.7051238842188997e-07
nh4_-10,b0511,1,0,0.9258552865966436,0.925855286596655,-1.1435297153639112e-14,0,0.0
nh4_-10,b4085,1,0,0.9258552865966436,0.925855286596655,-1.1435297153639112e-14,0,0.0
nh4_-10,b4087,2,0,0.9258552865966436,0.925855286596655,-1.1435297153639112e-14,0,0.0
nh4_-10,b4086,2,0,0.9258552865966436,0.925855286596655,-1.1435297153639112e-14,0,0.0
nh4_-10,b4088,2,0,0.9258552865966436,0.925855286596655,-1.1435297153639112e-14,0,0.0
nh4_-10,b0657,2,4,0.9258552865966436,0.925855286596655,-1.1435297153639112e-14,0,1.7051238867701217e-07
nh4_-10,b1677,2,4,0.9258552865966436,0.925855286596655,-1.1435297153639112e-14,0,1.7051238867701217e-07
nh4_-10,b1781,1,0,0.9258552865966436,0.925855286596655,-1.1435297153639112e-14,0,0.0
nh4_-10,b3001,1,0,0.9258552865966436,0.925855286596655,-1.1435297153639112e-14,0,0.0
nh4_-10,b0207,2,0,0.9258552865966436,0.925855286596655,-1.1435297153639112e-14,0,0.0
nh4_-10,b3012,2,0,0.9258552865966436,0.925855286596655,-1.1435297153639112e-14,0,0.0
nh4_-10,b3945,4,0,0.9258552865966436,0.925855286596655,-1.1435297153639112e-14,0,0.0
nh4_-10,b3091,1,0,0.9258552865966436,0.925855286596655,-1.1435297153639112e-14,0,0.0
nh4_-10,b3416,4,0,0.9258552865966436,0.925855286596655,-1.1435297153639112e-14,0,0.0
nh4_-10,b3223,1,0,0.9258552865966436,0.925855286596655,-1.1435297153639112e-14,0,0.0
nh4_-10,b3222,1,0,0.9258552865966436,0.925855286596655,-1.1435297153639112e-14,0,0.0
nh4_-10,b0774,1,441,0.9258552865966436,0.0,0.9258552865966436,1,13264.878617716524
nh4_-10,b3833,2,0,0.9258552865966436,0.9258552865966572,-1.3544720900426911e-14,0,0.0
nh4_-10,b3994,1,441,0.9258552865966436,1.4520912259656043e-16,0.9258552865966434,1,13264.878617716528
nh4_-10,b1982,1,0,0.9258552865966436,0.9258552865966516,-8.104628079763643e-15,0,0.0
nh4_-10,b0932,2,0,0.9258552865966436,0.9258552865966504,-6.772360450213455e-15,0,0.0
nh4_-10,b0237,3,0,0.9258552865966436,0.9258552865966504,-6.772360450213455e-15,0,0.0
nh4_-10,b4260,2,0,0.9258552865966436,0.9258552865966504,-6.772360450213455e-15,0,0.0
nh4_-10,b2523,2,0,0.9258552865966436,0.9258552865966504,-6.772360450213455e-15,0,0.0
nh4_-10,b1640,1,0,0.9258552865966436,0.9258552865966504,-6.772360450213455e-15,0,0.0
nh4_-10,b1263,2,441,0.9258552865966436,-3.6576201754868305e-17,0.9258552865966436,1,13264.878617716524
nh4_-10,b1264,1,441,0.9258552865966436,0.0,0.9258552865966436,1,13264.87861771652
nh4_-10,b0776,1,441,0.9258552865966436,0.0,0.9258552865966436,1,13264.878617716524
nh4_-10,b0049,3,0,0.9258552865966436,0.9258552865966454,-1.887379141862766e-15,0,0.0
nh4_-10,b4129,2,0,0.9258552865966436,0.9258552865966436,0.0,0,0.0
nh4_-10,b0121,2,0,0.9258552865966436,0.9258552865966436,0.0,0,0.0
nh4_-10,b3059,7,0,0.9258552865966436,0.9258552865966436,0.0,0,0.0
nh4_-10,b0968,7,0,0.9258552865966436,0.9258552865966436,0.0,0,0.0
nh4_-10,b0414,2,441,0.9258552865966436,2.94188812763157e-16,0.9258552865966432,1,13264.878617716517
nh4_-10,b0062,1,4,0.9258552865966436,0.9258552865966412,2.220446049250313e-15,0,9.289400353476992e-05
nh4_-10,b0153,5,0,0.9258552865966436,0.9258552865966406,2.886579864025407e-15,0,0.0
nh4_-10,b0151,5,0,0.9258552865966436,0.9258552865966406,2.886579864025407e-15,0,0.0
nh4_-10,b0152,5,0,0.9258552865966436,0.9258552865966406,2.886579864025407e-15,0,0.0
nh4_-10,b2715,1,0,0.9258552865966436,0.9258552865966406,2.886579864025407e-15,0,0.0
nh4_-10,b3722,1,0,0.9258552865966436,0.9258552865966406,2.886579864025407e-15,0,0.0
nh4_-10,b1900,1,0,0.9258552865966436,0.9258552865966406,2.886579864025407e-15,0,0.0
nh4_-10,b4460,1,0,0.9258552865966436,0.9258552865966406,2.886579864025407e-15,0,0.0
nh4_-10,b1901,1,0,0.9258552865966436,0.9258552865966406,2.886579864025407e-15,0,0.0
nh4_-10,b2841,1,0,0.9258552865966436,0.9258552865966406,2.886579864025407e-15,0,0.0
nh4_-10,b1528,3,0,0.9258552865966436,0.9258552865966406,2.886579864025407e-15,0,0.0
nh4_-10,b4115,1,0,0.9258552865966436,0.9258552865966406,2.886579864025407e-15,0,0.0
nh4_-10,b4117,1,0,0.9258552865966436,0.9258552865966406,2.886579864025407e-15,0,0.0
nh4_-10,b2938,1,0,0.9258552865966436,0.9258552865966406,2.886579864025407e-15,0,0.0
nh4_-10,b1605,1,4,0.9258552865966436,0.9258552865966406,2.886579864025407e-15,0,1.7051238854209258e-07
nh4_-10,b3960,1,441,0.9258552865966436,-4.202697325187957e-16,0.925855286596644,1,13264.878617716524
nh4_-10,b3172,1,441,0.9258552865966436,0.0,0.9258552865966436,1,13264.878617716524
nh4_-10,b1876,1,0,0.9258552865966436,0.9258552865966336,9.992007221626407e-15,0,0.0
nh4_-10,b2310,3,0,0.9258552865966436,0.9258552865966704,-2.6978419498391304e-14,0,0.0
nh4_-10,b0863,1,0,0.9258552865966436,0.9258552865966704,-2.6978419498391304e-14,0,0.0
nh4_-10,b0860,1,0,0.9258552865966436,0.9258552865966704,-2.6978419498391304e-14,0,0.0
nh4_-10,b2307,4,0,0.9258552865966436,0.9258552865966704,-2.6978419498391304e-14,0,0.0
nh4_-10,b2308,4,0,0.9258552865966436,0.9258552865966704,-2.6978419498391304e-14,0,0.0
nh4_-10,b0862,1,0,0.9258552865966436,0.9258552865966704,-2.6978419498391304e-14,0,0.0
nh4_-10,b2306,4,0,0.9258552865966436,0.9258552865966704,-2.6978419498391304e-14,0,0.0
nh4_-10,b0864,1,0,0.9258552865966436,0.9258552865966704,-2.6978419498391304e-14,0,0.0
nh4_-10,b0861,1,0,0.9258552865966436,0.9258552865966704,-2.6978419498391304e-14,0,0.0
nh4_-10,b2923,2,4,0.9258552865966436,0.9258552865966704,-2.6978419498391304e-14,0,1.7051238856724948e-07
nh4_-10,b3433,1,441,0.9258552865966436,2.0179489022278127e-16,0.9258552865966432,1,13264.878617716524
nh4_-10,b4192,1,4,0.9258552865966436,0.9258552865966658,-2.2315482794965646e-14,0,9.289400353476598e-05
nh4_-10,b4194,1,0,0.9258552865966436,0.9258552865966516,-8.104628079763643e-15,0,0.0
nh4_-10,b4193,1,0,0.9258552865966436,0.9258552865966516,-8.104628079763643e-15,0,0.0
nh4_-10,b4195,1,0,0.9258552865966436,0.9258552865966516,-8.104628079763643e-15,0,0.0
nh4_-10,b1767,1,0,0.9258552865966436,0.9258552865966516,-8.104628079763643e-15,0,0.0
nh4_-10,b0828,1,0,0.9258552865966436,0.9258552865966516,-8.104628079763643e-15,0,0.0
nh4_-10,b2957,2,0,0.9258552865966436,0.9258552865966516,-8.104628079763643e-15,0,0.0
nh4_-10,b0674,1,0,0.9258552865966436,0.9258552865966516,-8.104628079763643e-15,0,0.0
nh4_-10,b3744,1,47,0.9258552865966436,0.9258552865966516,-8.104628079763643e-15,0,0.2384353241746814
nh4_-10,b0930,1,0,0.9258552865966436,0.9258552865966516,-8.104628079763643e-15,0,0.0
nh4_-10,b1453,1,0,0.9258552865966436,0.9258552865966516,-8.104628079763643e-15,0,0.0
nh4_-10,b3502,1,0,0.9258552865966436,0.9258552865966516,-8.104628079763643e-15,0,0.0
nh4_-10,b0131,1,441,0.9258552865966436,-2.461099553630068e-13,0.9258552865968896,1,13264.878617716522
nh4_-10,b4245,1,441,0.9258552865966436,1.685075310149716e-15,0.9258552865966418,1,13264.878617716522
nh4_-10,b4244,1,441,0.9258552865966436,0.0,0.9258552865966436,1,13264.878617716524
nh4_-10,b0002,2,441,0.9258552865966436,-3.822188029152839e-15,0.9258552865966472,1,13264.878617716522
nh4_-10,b4024,1,441,0.9258552865966436,0.0,0.9258552865966436,1,13264.878617716524
nh4_-10,b3940,2,441,0.9258552865966436,0.0,0.9258552865966436,1,13264.878617716522
nh4_-10,b2574,4,441,0.9258552865966436,8.668852680177488e-13,0.9258552865957766,1,13264.878617716522
nh4_-10,b4139,1,0,0.9258552865966436,0.9258552865963672,2.7633451082920146e-13,0,0.0
nh4_-10,b0928,3,441,0.9258552865966436,3.807410334236783e-14,0.9258552865966054,1,13264.878617716524
nh4_-10,b1866,1,0,0.9258552865966436,0.9258552865967395,-9.603429163007605e-14,0,0.0
nh4_-10,b0654,2,0,0.9258552865966436,0.925855286596657,-1.3433698597964394e-14,0,0.0
nh4_-10,b0655,2,0,0.9258552865966436,0.925855286596657,-1.3433698597964394e-14,0,0.0
nh4_-10,b0652,2,0,0.9258552865966436,0.925855286596657,-1.3433698597964394e-14,0,0.0
nh4_-10,b0653,2,0,0.9258552865966436,0.925855286596657,-1.3433698597964394e-14,0,0.0
nh4_-10,b3528,6,0,0.9258552865966436,0.925855286596657,-1.3433698597964394e-14,0,0.0
nh4_-10,b4123,9,0,0.9258552865966436,0.925855286596657,-1.3433698597964394e-14,0,0.0
nh4_-10,b4138,7,0,0.9258552865966436,0.925855286596657,-1.3433698597964394e-14,0,0.0
nh4_-10,b4077,2,4,0.9258552865966436,0.925855286596657,-1.3433698597964394e-14,0,1.705123885654059e-07
nh4_-10,b3503,1,0,0.9258552865966436,0.925855286596657,-1.3433698597964394e-14,0,0.0
nh4_-10,b1064,7,4,0.9258552865966436,0.925855286596657,-1.3433698597964394e-14,0,1.705123885542337e-07
nh4_-10,b1747,1,4,0.9258552865966436,0.925855286596657,-1.3433698597964394e-14,0,1.7051238848517072e-07
nh4_-10,b1539,4,0,0.9258552865966436,0.925855286596657,-1.3433698597964394e-14,0,0.0
nh4_-10,b2019,1,441,0.9258552865966436,7.989921359383426e-16,0.9258552865966428,1,13264.878617716524
nh4_-10,b3738,1,456,0.9258552865966436,0.402477301490729,0.5233779851059145,0,12838.01607367246
nh4_-10,b3733,1,456,0.9258552865966436,0.4024773014907198,0.5233779851059237,0,12876.580609713084
nh4_-10,b3732,1,456,0.9258552865966436,0.4024773014907198,0.5233779851059237,0,12876.580609713084
nh4_-10,b3739,1,456,0.9258552865966436,0.4024773014907198,0.5233779851059237,0,12876.580609713084
nh4_-10,b3736,1,456,0.9258552865966436,0.4024773014907198,0.5233779851059237,0,12876.580609713084
nh4_-10,b3737,1,456,0.9258552865966436,0.4024773014907198,0.5233779851059237,0,12876.580609713084
nh4_-10,b3734,1,456,0.9258552865966436,0.4024773014907198,0.5233779851059237,0,12876.580609713084
nh4_-10,b3735,1,456,0.9258552865966436,0.4024773014907198,0.5233779851059237,0,12876.580609713084
nh4_-10,b3731,1,456,0.9258552865966436,0.4024773014907198,0.5233779851059237,0,12876.580609713084
nh4_-10,b0312,2,0,0.9258552865966436,0.9258552865966428,7.771561172376098e-16,0,0.0
nh4_-10,b0827,4,441,0.9258552865966436,1.9211090071043082e-16,0.9258552865966432,1,13264.87861771652
nh4_-10,b3857,5,441,0.9258552865966436,0.0,0.9258552865966436,1,13264.878617716524
nh4_-10,b3856,5,441,0.9258552865966436,0.0,0.9258552865966436,1,13264.878617716528
nh4_-10,b4214,1,441,0.9258552865966436,-1.957063001175185e-16,0.9258552865966436,1,13264.878617716522
nh4_-10,b3551,3,0,0.9258552865966436,0.9258552865966682,-2.4646951146678475e-14,0,0.0
nh4_-10,b0775,1,441,0.9258552865966436,0.0,0.9258552865966436,1,13264.878617716524
nh4_-10,b0934,5,4,0.9258552865966436,0.9258552865966596,-1.6209256159527282e-14,0,9.289400353477022e-05
nh4_-10,b0367,3,0,0.9258552865966436,0.925855286596679,-3.5527136788005016e-14,0,0.0
nh4_-10,b0933,5,4,0.9258552865966436,0.925855286596679,-3.5527136788005016e-14,0,1.7051238858359044e-07
nh4_-10,b0936,5,4,0.9258552865966436,0.925855286596679,-3.5527136788005016e-14,0,1.7051238858359044e-07
nh4_-10,b0365,3,0,0.9258552865966436,0.925855286596679,-3.5527136788005016e-14,0,0.0
nh4_-10,b0366,3,0,0.9258552865966436,0.925855286596679,-3.5527136788005016e-14,0,0.0
nh4_-10,b1216,3,0,0.9258552865966436,0.925855286596679,-3.5527136788005016e-14,0,0.0
nh4_-10,b4132,1,0,0.9258552865966436,0.925855286596679,-3.5527136788005016e-14,0,0.0
nh4_-10,b3942,1,0,0.9258552865966436,0.925855286596679,-3.5527136788005016e-14,0,0.0
nh4_-10,b1732,1,0,0.9258552865966436,0.925855286596679,-3.5527136788005016e-14,0,0.0
nh4_-10,b3196,1,441,0.9258552865966436,1.0963488912045312e-15,0.9258552865966424,1,13264.878617716524
nh4_-10,b1270,2,4,0.9258552865966436,0.9258552865966948,-5.1403326040144754e-14,0,9.289400353476842e-05
nh4_-10,b2874,1,48,0.9258552865966436,0.9258552865966688,-2.5424107263916085e-14,0,3.751685829002545
nh4_-10,b0521,1,48,0.9258552865966436,0.9258552865966574,-1.3877787807814455e-14,0,3.751685829002545
nh4_-10,b0323,1,48,0.9258552865966436,0.9258552865966574,-1.3877787807814455e-14,0,3.751685829002545
nh4_-10,b0033,1,0,0.9258552865966436,0.9258552865966568,-1.3322676295501878e-14,0,0.0
nh4_-10,b0032,1,0,0.9258552865966436,0.9258552865966596,-1.6209256159527282e-14,0,0.0
nh4_-10,b0444,1,0,0.9258552865966436,0.9258552865966596,-1.6209256159527282e-14,0,0.0
nh4_-10,b3469,6,0,0.9258552865966436,0.9258552865966596,-1.6209256159527282e-14,0,0.0
nh4_-10,b3915,7,4,0.9258552865966436,0.9258552865966596,-1.6209256159527282e-14,0,1.7051238870337268e-07
nh4_-10,b0752,5,0,0.9258552865966436,0.9258552865966596,-1.6209256159527282e-14,0,0.0
nh4_-10,b3040,6,441,0.9258552865966436,-4.202697325187957e-16,0.925855286596644,1,13264.878617716524
nh4_-10,b3918,7,0,0.9258552865966436,0.9258552865966432,4.440892098500626e-16,0,0.0
nh4_-10,b2794,1,0,0.9258552865966436,0.9258552865966552,-1.1657341758564144e-14,0,0.0
nh4_-10,b1208,1,441,0.9258552865966436,3.853533457317618e-16,0.9258552865966432,1,13264.878617716524
nh4_-10,b1661,4,4,0.9258552865966436,0.9258552865966706,-2.7089441800853823e-14,0,9.28940035347697e-05
nh4_-10,b2129,2,0,0.9258552865966436,0.9258552865966876,-4.4186876380081237e-14,0,0.0
nh4_-10,b2128,2,0,0.9258552865966436,0.9258552865966876,-4.4186876380081237e-14,0,0.0
nh4_-10,b2131,2,0,0.9258552865966436,0.9258552865966876,-4.4186876380081237e-14,0,0.0
nh4_-10,b2130,2,0,0.9258552865966436,0.9258552865966876,-4.4186876380081237e-14,0,0.0
nh4_-10,b1801,3,0,0.9258552865966436,0.9258552865966876,-4.4186876380081237e-14,0,0.0
nh4_-10,b0314,1,4,0.9258552865966436,0.9258552865966876,-4.4186876380081237e-14,0,1.7051238776124342e-07
nh4_-10,b0311,1,4,0.9258552865966436,0.9258552865966876,-4.4186876380081237e-14,0,1.7051238840678926e-07
nh4_-10,b2600,2,441,0.9258552865966436,-2.312120074390571e-16,0.9258552865966436,1,13264.878617716524
nh4_-10,b2599,2,441,0.9258552865966436,0.0,0.9258552865966436,1,13264.878617716522
nh4_-10,b2329,1,441,0.9258552865966436,0.0,0.9258552865966436,1,13264.878617716522
nh4_-10,b4039,1,441,0.9258552865966436,-1.6037224856472975e-15,0.9258552865966452,1,13264.878617716524
nh4_-10,b2542,2,0,0.9258552865966436,0.9258552865966628,-1.9428902930940243e-14,0,0.0
nh4_-10,b2540,2,0,0.9258552865966436,0.9258552865966334,1.0103029524088925e-14,0,0.0
nh4_-10,b2538,2,0,0.9258552865966436,0.9258552865966334,1.0103029524088925e-14,0,0.0
nh4_-10,b2539,2,0,0.9258552865966436,0.9258552865966334,1.0103029524088925e-14,0,0.0
nh4_-10,b0617,1,0,0.9258552865966436,0.9258552865966334,1.0103029524088925e-14,0,0.0
nh4_-10,b0614,1,0,0.9258552865966436,0.9258552865966334,1.0103029524088925e-14,0,0.0
nh4_-10,b0616,1,0,0.9258552865966436,0.9258552865966334,1.0103029524088925e-14,0,0.0
nh4_-10,b0615,1,0,0.9258552865966436,0.9258552865966334,1.0103029524088925e-14,0,0.0
nh4_-10,b0612,1,4,0.9258552865966436,0.9258552865966334,1.0103029524088925e-14,0,1.7051238853308777e-07
nh4_-10,b0789,7,4,0.9258552865966436,0.9258552865966334,1.0103029524088925e-14,0,1.7051238857206397e-07
nh4_-10,b1249,7,4,0.9258552865966436,0.9258552865966334,1.0103029524088925e-14,0,1.7051238857206397e-07
nh4_-10,b0155,1,441,0.9258552865966436,6.72431572030073e-16,0.9258552865966428,1,13264.878617716524
nh4_-10,b1592,1,441,0.9258552865966436,0.0,0.9258552865966436,1,13264.878617716524
nh4_-10,b3035,9,0,0.9258552865966436,0.9258552865966652,-2.1760371282653068e-14,0,0.0
nh4_-10,b2470,7,0,0.9258552865966436,0.9258552865966788,-3.5416114485542494e-14,0,0.0
nh4_-10,b0463,7,0,0.9258552865966436,0.9258552865966788,-3.5416114485542494e-14,0,0.0
nh4_-10,b0462,7,0,0.9258552865966436,0.9258552865966788,-3.5416114485542494e-14,0,0.0
nh4_-10,b3816,3,441,0.9258552865966436,1.6810789300751824e-16,0.9258552865966432,1,13264.878617716524
nh4_-10,b2174,1,0,0.9258552865966436,0.9258552865966644,-2.0761170560490427e-14,0,0.0
nh4_-10,b0914,32,441,0.9258552865966436,-1.0789893680489333e-15,0.9258552865966446,1,13264.878617716522
nh4_-10,b1102,1,4,0.9258552865966436,0.9258552865966616,-1.8096635301390052e-14,0,9.289400353476589e-05
nh4_-10,b2765,1,0,0.9258552865966436,0.9258552865966434,1.1102230246251563e-16,0,0.0
nh4_-10,b0783,1,441,0.9258552865966436,1.3102013754879904e-15,0.9258552865966422,1,13264.878617716524
nh4_-10,b0781,1,441,0.9258552865966436,0.0,0.9258552865966436,1,13264.878617716524
nh4_-10,b2436,1,58,0.9258552865966436,0.9258552865966604,-1.6986412276764895e-14,0,9.855334521050375e-05
nh4_-10,b3867,1,0,0.9258552865966436,0.925855286596658,-1.454392162258955e-14,0,0.0
nh4_-10,b0038,2,0,0.9258552865966436,0.9258552865966696,-2.6090241078691185e-14,0,0.0
nh4_-10,b0037,3,0,0.9258552865966436,0.9258552865966696,-2.6090241078691185e-14,0,0.0
nh4_-10,b0036,2,0,0.9258552865966436,0.9258552865966696,-2.6090241078691185e-14,0,0.0
nh4_-10,b2679,4,0,0.9258552865966436,0.9258552865966696,-2.6090241078691185e-14,0,0.0
nh4_-10,b2677,4,0,0.9258552865966436,0.9258552865966696,-2.6090241078691185e-14,0,0.0
nh4_-10,b2678,4,0,0.9258552865966436,0.9258552865966696,-2.6090241078691185e-14,0,0.0
nh4_-10,b4111,5,0,0.9258552865966436,0.92585528659667,-2.653433028854124e-14,0,0.0
nh4_-10,b0040,2,0,0.9258552865966436,0.9258552865966668,-2.3425705819590803e-14,0,0.0
nh4_-10,b0720,1,442,0.9258552865966436,-4.133584437533519e-14,0.9258552865966848,1,13416.267659220812
nh4_-10,b0337,1,4,0.9258552865966436,0.925855286596658,-1.454392162258955e-14,0,9.289400353477536e-05
nh4_-10,b0336,1,0,0.9258552865966436,0.9258552865966684,-2.4980018054066022e-14,0,0.0
nh4_-10,b3846,19,126,0.9258552865966436,0.9258552865966851,-4.1744385725905886e-14,0,42.539031487783326
nh4_-10,b2780,1,441,0.9258552865966436,-5.299753390665318e-16,0.925855286596644,1,13264.878617716522
nh4_-10,b0123,2,4,0.9258552865966436,0.9258552865966492,-5.551115123125783e-15,0,9.289400353477116e-05
nh4_-10,b0484,1,0,0.9258552865966436,0.9258552865966484,-4.996003610813205e-15,0,0.0
nh4_-10,b3425,1,4,0.9258552865966436,0.9258552865966484,-4.996003610813205e-15,0,1.7051238852211713e-07
nh4_-10,b1308,1,0,0.9258552865966436,0.9258552865966484,-4.996003610813205e-15,0,0.0
nh4_-10,b0340,1,0,0.9258552865966436,0.9258552865966484,-4.996003610813205e-15,0,0.0
nh4_-10,b0341,1,0,0.9258552865966436,0.9258552865966484,-4.996003610813205e-15,0,0.0
nh4_-10,b1919,1,4,0.9258552865966436,0.9258552865966484,-4.996003610813205e-15,0,1.7051238854175295e-07
nh4_-10,b3008,2,441,0.9258552865966436,3.0675839100834964e-16,0.9258552865966432,1,13264.878617716522
nh4_-10,b3708,3,55,0.9258552865966436,0.9258552865966532,-9.658940314238862e-15,0,0.0492960544988037
nh4_-10,b2414,1,441,0.9258552865966436,3.173719674622039e-16,0.9258552865966432,1,13264.878617716522
nh4_-10,b2421,1,441,0.9258552865966436,0.0,0.9258552865966436,1,13264.878617716522
nh4_-10,b2810,1,4,0.9258552865966436,0.9258552865966356,7.993605777301127e-15,0,9.289400353477011e-05
nh4_-10,b1622,1,441,0.9258552865966436,-2.1471767907197103e-16,0.9258552865966436,1,13264.878617716522
nh4_-10,b0526,1,4,0.9258552865966436,0.9258552865966504,-6.772360450213455e-15,0,9.289400353477104e-05
nh4_-10,b0886,2,4,0.9258552865966436,0.9258552865966494,-5.8841820305133305e-15,0,1.7051238850520366e-07
nh4_-10,b0887,2,4,0.9258552865966436,0.9258552865966494,-5.8841820305133305e-15,0,1.7051238850520366e-07
nh4_-10,b0978,2,0,0.9258552865966436,0.9258552865966494,-5.8841820305133305e-15,0,0.0
nh4_-10,b0979,2,0,0.9258552865966436,0.9258552865966494,-5.8841820305133305e-15,0,0.0
nh4_-10,b0734,1,0,0.9258552865966436,0.9258552865966494,-5.8841820305133305e-15,0,0.0
nh4_-10,b0733,1,0,0.9258552865966436,0.9258552865966494,-5.8841820305133305e-15,0,0.0
nh4_-10,b0432,1,428,0.9258552865966436,0.8620050398511627,0.0638502467454807,0,4628.558274633781
nh4_-10,b0430,1,428,0.9258552865966436,0.8620050398511869,0.0638502467454565,0,4628.558274633781
nh4_-10,b0429,1,428,0.9258552865966436,0.8620050398511869,0.0638502467454565,0,4628.558274633781
nh4_-10,b0431,1,428,0.9258552865966436,0.8620050398511869,0.0638502467454565,0,4628.558274633781
nh4_-10,b2143,2,0,0.9258552865966436,0.9258552865966968,-5.3179682879545e-14,0,0.0
nh4_-10,b0651,2,4,0.9258552865966436,0.9258552865966874,-4.3853809472693683e-14,0,1.705123886102236e-07
nh4_-10,b2162,2,4,0.9258552865966436,0.9258552865966874,-4.3853809472693683e-14,0,1.705123886102236e-07
nh4_-10,b2066,2,0,0.9258552865966436,0.9258552865966874,-4.3853809472693683e-14,0,0.0
nh4_-10,b0910,3,441,0.9258552865966436,-1.4608731377993033e-15,0.925855286596645,1,13264.878617716524
nh4_-10,b2975,3,0,0.9258552865966436,0.925855286596652,-8.548717289613705e-15,0,0.0
nh4_-10,b3603,3,0,0.9258552865966436,0.9258552865966654,-2.1871393585115584e-14,0,0.0
nh4_-10,b1189,1,0,0.9258552865966436,0.9258552865966654,-2.1871393585115584e-14,0,0.0
nh4_-10,b4042,7,0,0.9258552865966436,0.9258552865966654,-2.1871393585115584e-14,0,0.0
nh4_-10,b2871,1,0,0.9258552865966436,0.9258552865966654,-2.1871393585115584e-14,0,0.0
nh4_-10,b2838,1,441,0.9258552865966436,-6.039433870647421e-16,0.925855286596644,1,13264.878617716524
nh4_-10,b3809,1,441,0.9258552865966436,0.0,0.9258552865966436,1,13264.878617716526
nh4_-10,b0175,7,441,0.9258552865966436,0.0,0.9258552865966436,1,13264.878617716522
nh4_-10,b3041,1,441,0.9258552865966436,0.0,0.9258552865966436,1,13264.878617716518
nh4_-10,b0778,1,441,0.9258552865966436,0.0,0.9258552865966436,1,13264.878617716526
nh4_-10,b1734,1,4,0.9258552865966436,0.9258552865966544,-1.0991207943789051e-14,0,9.289400353476864e-05
nh4_-10,b2065,1,0,0.9258552865966436,0.92585528659667,-2.6423307986078732e-14,0,0.0
nh4_-10,b2344,7,0,0.9258552865966436,0.92585528659667,-2.6423307986078732e-14,0,0.0
nh4_-10,b3693,1,0,0.9258552865966436,0.92585528659667,-2.6423307986078732e-14,0,0.0
nh4_-10,b3909,2,0,0.9258552865966436,0.92585528659667,-2.6423307986078732e-14,0,0.0
nh4_-10,b3526,1,0,0.9258552865966436,0.92585528659667,-2.6423307986078732e-14,0,0.0
nh4_-10,b1704,1,441,0.9258552865966436,6.77647953625004e-16,0.9258552865966428,1,13264.878617716531
nh4_-10,b2601,1,441,0.9258552865966436,-1.3018704148199956e-14,0.9258552865966564,1,13264.878617716542
nh4_-10,b0754,1,441,0.9258552865966436,-1.3018704148199956e-14,0.9258552865966564,1,13264.87861771652
nh4_-10,b4477,1,4,0.9258552865966436,0.9258552865966628,-1.9317880628477724e-14,0,9.289400353477156e-05
nh4_-10,b3648,2,441,0.9258552865966436,-1.1575581585407558e-15,0.9258552865966446,1,13264.878617716522
nh4_-10,b1393,1,4,0.9258552865966436,0.9258552865966564,-1.2878587085651816e-14,0,9.28940035347676e-05
nh4_-10,b3771,2,441,0.9258552865966436,-5.032861558872852e-17,0.9258552865966436,1,13264.878617716524
nh4_-10,b1198,1,57,0.9258552865966436,0.9258552865966516,-7.993605777301127e-15,0,4.255872560819825
nh4_-10,b1199,1,57,0.9258552865966436,0.9258552865966642,-2.0650148258027912e-14,0,4.255872560820271
nh4_-10,b1200,1,57,0.9258552865966436,0.9258552865966642,-2.0650148258027912e-14,0,4.255872560820271
nh4_-10,b0596,1,0,0.9258552865966436,0.9258552865966642,-2.0650148258027912e-14,0,0.0
nh4_-10,b0594,1,0,0.9258552865966436,0.9258552865966642,-2.0650148258027912e-14,0,0.0
nh4_-10,b2541,2,0,0.9258552865966436,0.9258552865966642,-2.0650148258027912e-14,0,0.0
nh4_-10,b0348,2,4,0.9258552865966436,0.9258552865966642,-2.0650148258027912e-14,0,1.7051238792721257e-07
nh4_-10,b0031,1,441,0.9258552865966436,0.0,0.9258552865966436,1,13264.878617716522
nh4_-10,b2478,1,441,0.9258552865966436,0.0,0.9258552865966436,1,13264.878617716524
nh4_-10,b0048,1,441,0.9258552865966436,0.0,0.9258552865966436,1,13264.878617716524
nh4_-10,b1606,2,441,0.9258552865966436,0.0,0.9258552865966436,1,13264.878617716524
nh4_-10,b2315,1,441,0.9258552865966436,0.0,0.9258552865966436,1,13264.878617716531
nh4_-10,b3930,1,4,0.9258552865966436,0.9258552865966646,-2.109423746787797e-14,0,9.2894003534771e-05
nh4_-10,b2262,1,0,0.9258552865966436,0.9258552865966956,-5.206945985491984e-14,0,0.0
nh4_-10,b0736,1,0,0.9258552865966436,0.9258552865966956,-5.206945985491984e-14,0,0.0
nh4_-10,b3058,2,441,0.9258552865966436,8.208026264086529e-14,0.9258552865965616,1,13264.878617716522
nh4_-10,b0945,2,11,0.9258552865966436,0.9258552865966568,-1.3211653993039364e-14,0,0.2814938784061417
nh4_-10,b1062,1,441,0.9258552865966436,-1.2078867741294845e-15,0.9258552865966448,1,13264.878617716524
nh4_-10,b3177,1,441,0.9258552865966436,3.017463778012818e-16,0.9258552865966432,1,13264.878617716528
nh4_-10,b0578,2,0,0.9258552865966436,0.9258552865966422,1.3322676295501878e-15,0,0.0
nh4_-10,b2303,1,0,0.9258552865966436,0.925855286596669,-2.55351295663786e-14,0,0.0
nh4_-10,b3389,1,441,0.9258552865966436,-5.049650227330941e-16,0.925855286596644,1,13264.878617716526
nh4_-10,b1693,1,441,0.9258552865966436,0.0,0.9258552865966436,1,13264.878617716522
nh4_-10,b0421,2,441,0.9258552865966436,0.0,0.9258552865966436,1,13264.878617716524
nh4_-10,b0029,2,441,0.9258552865966436,-3.430377859502307e-13,0.9258552865969866,1,13264.878617716528
nh4_-10,b2232,2,4,0.9258552865966436,0.9258552865966584,-1.498801083243961e-14,0,9.289400353476942e-05
nh4_-10,b1588,3,0,0.9258552865966436,0.925855286596669,-2.55351295663786e-14,0,0.0
nh4_-10,b0895,4,4,0.9258552865966436,0.925855286596669,-2.55351295663786e-14,0,1.705123889480314e-07
nh4_-10,b1587,3,0,0.9258552865966436,0.925855286596669,-2.55351295663786e-14,0,0.0
nh4_-10,b0894,4,4,0.9258552865966436,0.925855286596669,-2.55351295663786e-14,0,1.705123889480314e-07
nh4_-10,b1590,3,0,0.9258552865966436,0.925855286596669,-2.55351295663786e-14,0,0.0
nh4_-10,b0896,4,4,0.9258552865966436,0.925855286596669,-2.55351295663786e-14,0,1.705123889480314e-07
nh4_-10,b1589,3,0,0.9258552865966436,0.925855286596669,-2.55351295663786e-14,0,0.0
nh4_-10,b1872,4,0,0.9258552865966436,0.925855286596669,-2.55351295663786e-14,0,0.0
nh4_-10,b1873,4,0,0.9258552865966436,0.925855286596669,-2.55351295663786e-14,0,0.0
nh4_-10,b0099,3,441,0.9258552865966436,-3.370653370848501e-16,0.9258552865966438,1,13264.87861771652
nh4_-10,b1865,2,441,0.9258552865966436,0.0,0.9258552865966436,1,13264.878617716524
nh4_-10,b3575,1,4,0.9258552865966436,0.9258552865966452,-1.6653345369377348e-15,0,9.289400353477e-05
nh4_-10,b0103,1,441,0.9258552865966436,-2.9125759293483843e-13,0.9258552865969348,1,13264.87861771652
nh4_-10,b3774,3,441,0.9258552865966436,7.60901238108074e-16,0.9258552865966428,1,13264.878617716537
nh4_-10,b0425,1,441,0.9258552865966436,0.0,0.9258552865966436,1,13264.878617716564
nh4_-10,b4381,1,0,0.9258552865966436,0.9258552865966578,-1.4321877017664523e-14,0,0.0
nh4_-10,b1185,2,0,0.9258552865966436,0.9258552865967188,-7.51620987671231e-14,0,0.0
nh4_-10,b3860,2,0,0.9258552865966436,0.9258552865967188,-7.51620987671231e-14,0,0.0
nh4_-10,b2893,2,0,0.9258552865966436,0.9258552865967188,-7.51620987671231e-14,0,0.0
nh4_-10,b2582,10,5,0.9258552865966436,0.9258552865967188,-7.51620987671231e-14,0,0.2633365658750814
nh4_-10,b4136,3,0,0.9258552865966436,0.9258552865966072,3.630429290524263e-14,0,0.0
nh4_-10,b3781,10,5,0.9258552865966436,0.9258552865966072,3.630429290524263e-14,0,0.2633365658750814
nh4_-10,b0604,2,4,0.9258552865966436,0.9258552865966072,3.630429290524263e-14,0,1.7051238843652866e-07
nh4_-10,b4122,2,444,0.9258552865966436,0.9027057627324804,0.023149523864163,0,1461.2216137681198
nh4_-10,b1098,1,441,0.9258552865966436,1.6490769889336298e-15,0.9258552865966418,1,13264.878617716524
nh4_-10,b2146,1,4,0.9258552865966436,0.9258552865966808,-3.7414515929867775e-14,0,9.28940035347682e-05
nh4_-10,b2147,1,0,0.9258552865966436,0.9258552865966532,-9.658940314238862e-15,0,0.0
nh4_-10,b1238,2,0,0.9258552865966436,0.9258552865966532,-9.658940314238862e-15,0,0.0
nh4_-10,b4384,7,7,0.9258552865966436,0.9258552865966532,-9.658940314238862e-15,0,2.7177805717833e-06
nh4_-10,b4382,2,0,0.9258552865966436,0.9258552865966546,-1.1102230246251564e-14,0,0.0
nh4_-10,b2251,3,61,0.9258552865966436,0.9258552865966546,-1.1102230246251564e-14,0,0.0110259353400772
nh4_-10,b3640,1,61,0.9258552865966436,0.9258552865966494,-5.8841820305133305e-15,0,0.0110259353400772
nh4_-10,b0173,1,441,0.9258552865966436,8.180371722705139e-16,0.9258552865966428,1,13264.87861771653
nh4_-10,b0420,1,441,0.9258552865966436,0.0,0.9258552865966436,1,13264.878617716517
nh4_-10,b3564,2,0,0.9258552865966436,0.925855286596634,9.658940314238862e-15,0,0.0
nh4_-10,b1779,2,448,0.9258552865966436,-4.728114018736673e-31,0.9258552865966436,1,13174.954926886254
nh4_-10,b2927,1,441,0.9258552865966436,0.0,0.9258552865966436,1,13264.878617716524
nh4_-10,b1288,26,441,0.9258552865966436,0.0,0.9258552865966436,1,13264.878617716524
nh4_-10,b3622,2,4,0.9258552865966436,0.9258552865966448,-1.2212453270876722e-15,0,9.28940035347704e-05
nh4_-10,b3793,3,0,0.9258552865966436,0.9258552865966496,-6.217248937900877e-15,0,0.0
nh4_-10,b3785,3,0,0.9258552865966436,0.9258552865966496,-6.217248937900877e-15,0,0.0
nh4_-10,b3792,1,0,0.9258552865966436,0.9258552865966496,-6.217248937900877e-15,0,0.0
nh4_-10,b2341,16,126,0.9258552865966436,0.9258552865966504,-6.772360450213455e-15,0,42.53903148781039
nh4_-10,b1850,2,0,0.9258552865966436,0.9258552865966748,-3.141931159689193e-14,0,0.0
nh4_-10,b1851,1,0,0.9258552865966436,0.9258552865966532,-9.658940314238862e-15,0,0.0
nh4_-10,b1054,1,0,0.9258552865966436,0.9258552865966532,-9.658940314238862e-15,0,0.0
nh4_-10,b1855,2,4,0.9258552865966436,0.9258552865966532,-9.658940314238862e-15,0,1.7051238866597705e-07
nh4_-10,b2378,1,0,0.9258552865966436,0.9258552865966532,-9.658940314238862e-15,0,0.0
nh4_-10,b2779,1,435,0.9258552865966436,0.8747388596269652,0.0511164269696783,0,1786.9968663145955
nh4_-10,b0583,1,4,0.9258552865966436,0.9258552865966584,-1.498801083243961e-14,0,1.705123883123188e-07
nh4_-10,b0585,2,0,0.9258552865966436,0.9258552865966622,-1.8651746813702636e-14,0,0.0
nh4_-10,b2441,1,0,0.9258552865966436,0.9258552865966622,-1.8651746813702636e-14,0,0.0
nh4_-10,b2440,1,0,0.9258552865966436,0.9258552865966622,-1.8651746813702636e-14,0,0.0
nh4_-10,b3946,1,57,0.9258552865966436,0.9258552865966622,-1.8651746813702636e-14,0,4.255872560816486
nh4_-10,b0825,1,57,0.9258552865966436,0.9258552865966622,-1.8651746813702636e-14,0,4.255872560816486
nh4_-10,b0822,5,4,0.9258552865966436,0.9258552865966622,-1.8651746813702636e-14,0,1.705123886663188e-07
nh4_-10,b3666,4,4,0.9258552865966436,0.9258552865966622,-1.8651746813702636e-14,0,1.705123886280935e-07
nh4_-10,b0404,7,0,0.9258552865966436,0.9258552865966622,-1.8651746813702636e-14,0,0.0
nh4_-10,b0452,10,126,0.9258552865966436,0.9258552865966622,-1.8651746813702636e-14,0,42.53903148780901
nh4_-10,b1805,10,0,0.9258552865966436,0.9258552865966232,2.020605904817785e-14,0,0.0
nh4_-10,b1701,10,0,0.9258552865966436,0.9258552865966232,2.020605904817785e-14,0,0.0
nh4_-10,b3844,6,46,0.9258552865966436,0.925855286596624,1.9428902930940243e-14,0,18.782886226262235
nh4_-10,b2764,4,441,0.9258552865966436,-9.616540750057177e-16,0.9258552865966444,1,13264.87861771652
nh4_-10,b2763,4,441,0.9258552865966436,0.0,0.9258552865966436,1,13264.878617716524
nh4_-10,b2925,2,51,0.9258552865966436,0.9258552865966536,-1.021405182655144e-14,0,295.63504302719207
nh4_-10,b1773,1,48,0.9258552865966436,0.9258552865966656,-2.19824158875781e-14,0,151.04446545032408
nh4_-10,b2097,1,48,0.9258552865966436,0.9258552865966656,-2.19824158875781e-14,0,151.04446545032408
nh4_-10,b3925,1,0,0.9258552865966436,0.9258552865966656,-2.19824158875781e-14,0,0.0
nh4_-10,b2930,1,0,0.9258552865966436,0.9258552865966656,-2.19824158875781e-14,0,0.0
nh4_-10,b4232,1,0,0.9258552865966436,0.9258552865966656,-2.19824158875781e-14,0,0.0
nh4_-10,b2802,1,0,0.9258552865966436,0.9258552865966656,-2.19824158875781e-14,0,0.0
nh4_-10,b2803,1,0,0.9258552865966436,0.9258552865966656,-2.19824158875781e-14,0,0.0
nh4_-10,b2738,1,0,0.9258552865966436,0.9258552865966656,-2.19824158875781e-14,0,0.0
nh4_-10,b2800,1,0,0.9258552865966436,0.9258552865966656,-2.19824158875781e-14,0,0.0
nh4_-10,b0475,1,441,0.9258552865966436,0.0,0.9258552865966436,1,13264.878617716524
nh4_-10,b1476,2,4,0.9258552865966436,0.9258552865966648,-2.1316282072803012e-14,0,9.289400353477104e-05
nh4_-10,b1474,2,0,0.9258552865966436,0.9258552865966898,-4.629630012686904e-14,0,0.0
nh4_-10,b1475,2,0,0.9258552865966436,0.9258552865966898,-4.629630012686904e-14,0,0.0
nh4_-10,b3892,2,0,0.9258552865966436,0.9258552865966898,-4.629630012686904e-14,0,0.0
nh4_-10,b3893,2,0,0.9258552865966436,0.9258552865966898,-4.629630012686904e-14,0,0.0
nh4_-10,b3894,2,0,0.9258552865966436,0.9258552865966898,-4.629630012686904e-14,0,0.0
nh4_-10,b0935,5,0,0.9258552865966436,0.9258552865966898,-4.629630012686904e-14,0,0.0
nh4_-10,b3409,1,0,0.9258552865966436,0.9258552865966898,-4.629630012686904e-14,0,0.0
nh4_-10,b2392,2,0,0.9258552865966436,0.9258552865966898,-4.629630012686904e-14,0,0.0
nh4_-10,b4290,1,0,0.9258552865966436,0.9258552865966898,-4.629630012686904e-14,0,0.0
nh4_-10,b4288,1,0,0.9258552865966436,0.9258552865966898,-4.629630012686904e-14,0,0.0
nh4_-10,b4287,1,0,0.9258552865966436,0.9258552865966898,-4.629630012686904e-14,0,0.0
nh4_-10,b4289,1,0,0.9258552865966436,0.9258552865966898,-4.629630012686904e-14,0,0.0
nh4_-10,b4291,1,0,0.9258552865966436,0.9258552865966898,-4.629630012686904e-14,0,0.0
nh4_-10,b0589,2,4,0.9258552865966436,0.9258552865966898,-4.629630012686904e-14,0,1.7051238857982866e-07
nh4_-10,b0588,2,4,0.9258552865966436,0.9258552865966898,-4.629630012686904e-14,0,1.7051238857982866e-07
nh4_-10,b0592,2,4,0.9258552865966436,0.9258552865966898,-4.629630012686904e-14,0,1.7051238857982866e-07
nh4_-10,b0590,2,4,0.9258552865966436,0.9258552865966898,-4.629630012686904e-14,0,1.7051238857982866e-07
nh4_-10,b2155,1,0,0.9258552865966436,0.9258552865966898,-4.629630012686904e-14,0,0.0
nh4_-10,b0805,1,0,0.9258552865966436,0.9258552865966898,-4.629630012686904e-14,0,0.0
nh4_-10,b0150,3,0,0.9258552865966436,0.9258552865966898,-4.629630012686904e-14,0,0.0
nh4_-10,b0584,1,0,0.9258552865966436,0.9258552865966898,-4.629630012686904e-14,0,0.0
nh4_-10,b0591,1,4,0.9258552865966436,0.9258552865966898,-4.629630012686904e-14,0,1.7051238862562514e-07
nh4_-10,b4367,3,0,0.9258552865966436,0.9258552865966898,-4.629630012686904e-14,0,0.0
nh4_-10,b4209,1,50,0.9258552865966436,0.9258552865966886,-4.507505479978136e-14,0,0.0003070918282157
nh4_-10,b2486,1,0,0.9258552865966436,0.9258552865966436,-2.220446049250313e-16,0,0.0
nh4_-10,b4079,1,0,0.9258552865966436,0.9258552865966436,-2.220446049250313e-16,0,0.0
nh4_-10,b2722,2,0,0.9258552865966436,0.9258552865966436,-2.220446049250313e-16,0,0.0
nh4_-10,b2483,1,0,0.9258552865966436,0.9258552865966436,-2.220446049250313e-16,0,0.0
nh4_-10,b2719,2,0,0.9258552865966436,0.9258552865966436,-2.220446049250313e-16,0,0.0
nh4_-10,b2723,2,0,0.9258552865966436,0.9258552865966436,-2.220446049250313e-16,0,0.0
nh4_-10,b2721,2,0,0.9258552865966436,0.9258552865966436,-2.220446049250313e-16,0,0.0
nh4_-10,b2481,1,0,0.9258552865966436,0.9258552865966436,-2.220446049250313e-16,0,0.0
nh4_-10,b2485,1,0,0.9258552865966436,0.9258552865966436,-2.220446049250313e-16,0,0.0
nh4_-10,b2484,1,0,0.9258552865966436,0.9258552865966436,-2.220446049250313e-16,0,0.0
nh4_-10,b2724,2,0,0.9258552865966436,0.9258552865966436,-2.220446049250313e-16,0,0.0
nh4_-10,b2482,1,0,0.9258552865966436,0.9258552865966436,-2.220446049250313e-16,0,0.0
nh4_-10,b2489,1,0,0.9258552865966436,0.9258552865966436,-2.220446049250313e-16,0,0.0
nh4_-10,b2720,2,0,0.9258552865966436,0.9258552865966436,-2.220446049250313e-16,0,0.0
nh4_-10,b2488,1,0,0.9258552865966436,0.9258552865966436,-2.220446049250313e-16,0,0.0
nh4_-10,b2490,1,0,0.9258552865966436,0.9258552865966436,-2.220446049250313e-16,0,0.0
nh4_-10,b2487,1,0,0.9258552865966436,0.9258552865966436,-2.220446049250313e-16,0,0.0
nh4_-10,b3924,5,61,0.9258552865966436,0.9258552865966444,-7.771561172376098e-16,0,0.0598921757079149
nh4_-10,b0684,7,441,0.9258552865966436,-2.116767496262846e-12,0.9258552865987604,1,13264.878617716522
nh4_-10,b2895,7,441,0.9258552865966436,-1.9434440815198032e-12,0.925855286598587,1,13264.878617716517
nh4_-10,b3288,1,4,0.9258552865966436,0.9258552865966786,-3.5083047578154947e-14,0,9.289400353477423e-05
nh4_-10,b0025,2,441,0.9258552865966436,1.656199145132185e-16,0.9258552865966434,1,13264.878617716522
nh4_-10,b0937,2,4,0.9258552865966436,0.925855286596657,-1.3433698597964394e-14,0,9.289400353477016e-05
nh4_-10,b2912,1,0,0.9258552865966436,0.9258552865966538,-1.0325074129013956e-14,0,0.0
nh4_-10,b2374,1,0,0.9258552865966436,0.9258552865966538,-1.0325074129013956e-14,0,0.0
nh4_-10,b2492,2,0,0.9258552865966436,0.9258552865966538,-1.0325074129013956e-14,0,0.0
nh4_-10,b0904,2,0,0.9258552865966436,0.9258552865966538,-1.0325074129013956e-14,0,0.0
nh4_-10,b4154,2,0,0.9258552865966436,0.92585528659668,-3.6415315207705135e-14,0,0.0
nh4_-10,b4152,2,0,0.9258552865966436,0.9258552865966736,-2.9976021664879227e-14,0,0.0
nh4_-10,b4153,2,0,0.9258552865966436,0.9258552865966736,-2.9976021664879227e-14,0,0.0
nh4_-10,b4151,2,0,0.9258552865966436,0.9258552865966736,-2.9976021664879227e-14,0,0.0
nh4_-10,b2168,1,0,0.9258552865966436,0.9258552865966736,-2.9976021664879227e-14,0,0.0
nh4_-10,b3371,1,0,0.9258552865966436,0.9258552865966736,-2.9976021664879227e-14,0,0.0
nh4_-10,b4474,1,0,0.9258552865966436,0.9258552865966736,-2.9976021664879227e-14,0,0.0
nh4_-10,b3374,1,0,0.9258552865966436,0.9258552865966736,-2.9976021664879227e-14,0,0.0
nh4_-10,b3370,2,0,0.9258552865966436,0.9258552865966736,-2.9976021664879227e-14,0,0.0
nh4_-10,b4321,2,0,0.9258552865966436,0.9258552865966736,-2.9976021664879227e-14,0,0.0
nh4_-10,b2169,1,0,0.9258552865966436,0.9258552865966736,-2.9976021664879227e-14,0,0.0
nh4_-10,b2167,1,0,0.9258552865966436,0.9258552865966736,-2.9976021664879227e-14,0,0.0
nh4_-10,b1232,1,0,0.9258552865966436,0.9258552865966736,-2.9976021664879227e-14,0,0.0
nh4_-10,b2801,1,0,0.9258552865966436,0.9258552865966736,-2.9976021664879227e-14,0,0.0
nh4_-10,b1611,1,443,0.9258552865966436,0.9027057627325346,0.0231495238641089,0,1462.396401121286
nh4_-10,b1612,1,443,0.9258552865966436,0.9027057627325168,0.0231495238641266,0,1462.396401121286
nh4_-10,b0621,4,0,0.9258552865966436,0.9258552865966694,-2.5868196473766147e-14,0,0.0
nh4_-10,b3730,2,441,0.9258552865966436,-2.047114514086366e-15,0.9258552865966456,1,13264.878617716522
nh4_-10,b1002,2,0,0.9258552865966436,0.9258552865966272,1.6209256159527282e-14,0,0.0
nh4_-10,b3789,1,0,0.9258552865966436,0.9258552865966436,-1.1102230246251563e-16,0,0.0
nh4_-10,b2039,1,0,0.9258552865966436,0.9258552865966436,-1.1102230246251563e-16,0,0.0
nh4_-10,b0154,1,441,0.9258552865966436,0.0,0.9258552865966436,1,13264.878617716524
nh4_-10,b2533,2,4,0.9258552865966436,0.9258552865966594,-1.5876189252139742e-14,0,9.289400353477e-05
nh4_-10,b4055,17,4,0.9258552865966436,0.925855286596663,-1.9539925233402755e-14,0,1.7051238870891109e-07
nh4_-10,b4041,7,10,0.9258552865966436,0.925855286596663,-1.9539925233402755e-14,0,0.0250204584026511
nh4_-10,b3451,7,0,0.9258552865966436,0.9258552865966636,-1.998401444325281e-14,0,0.0
nh4_-10,b3452,7,0,0.9258552865966436,0.9258552865966636,-1.998401444325281e-14,0,0.0
nh4_-10,b3453,7,0,0.9258552865966436,0.9258552865966636,-1.998401444325281e-14,0,0.0
nh4_-10,b3450,7,0,0.9258552865966436,0.9258552865966636,-1.998401444325281e-14,0,0.0
nh4_-10,b3608,1,441,0.9258552865966436,1.0239178044320893e-15,0.9258552865966424,1,13264.878617716518
nh4_-10,b2242,3,0,0.9258552865966436,0.925855286596651,-7.438494264988549e-15,0,0.0
nh4_-10,b2241,3,0,0.9258552865966436,0.9258552865966404,2.997602166487923e-15,0,0.0
nh4_-10,b2243,3,0,0.9258552865966436,0.9258552865966404,2.997602166487923e-15,0,0.0
nh4_-10,b3426,1,0,0.9258552865966436,0.9258552865966404,2.997602166487923e-15,0,0.0
nh4_-10,b0243,1,55,0.9258552865966436,0.9258552865966404,2.997602166487923e-15,0,0.6396977510733683
nh4_-10,b0678,1,0,0.9258552865966436,0.9258552865966688,-2.5313084961453566e-14,0,0.0
nh4_-10,b1852,1,51,0.9258552865966436,0.925855286596628,1.5432100042289676e-14,0,138.97245396619215
nh4_-10,b3128,1,0,0.9258552865966436,0.9258552865966514,-7.882583474838611e-15,0,0.0
nh4_-10,b4358,1,0,0.9258552865966436,0.9258552865966514,-7.882583474838611e-15,0,0.0
nh4_-10,b4478,1,0,0.9258552865966436,0.9258552865966514,-7.882583474838611e-15,0,0.0
nh4_-10,b4356,1,0,0.9258552865966436,0.9258552865966514,-7.882583474838611e-15,0,0.0
nh4_-10,b3691,1,0,0.9258552865966436,0.9258552865966514,-7.882583474838611e-15,0,0.0
nh4_-10,b3127,3,0,0.9258552865966436,0.9258552865966514,-7.882583474838611e-15,0,0.0
nh4_-10,b2789,3,0,0.9258552865966436,0.9258552865966514,-7.882583474838611e-15,0,0.0
nh4_-10,b0757,1,0,0.9258552865966436,0.9258552865966514,-7.882583474838611e-15,0,0.0
nh4_-10,b2045,1,0,0.9258552865966436,0.9258552865966514,-7.882583474838611e-15,0,0.0
nh4_-10,b0756,1,0,0.9258552865966436,0.9258552865966514,-7.882583474838611e-15,0,0.0
nh4_-10,b4119,1,0,0.9258552865966436,0.9258552865966514,-7.882583474838611e-15,0,0.0
nh4_-10,b3628,1,0,0.9258552865966436,0.9258552865966514,-7.882583474838611e-15,0,0.0
nh4_-10,b2093,1,0,0.9258552865966436,0.9258552865966514,-7.882583474838611e-15,0,0.0
nh4_-10,b2092,1,0,0.9258552865966436,0.9258552865966514,-7.882583474838611e-15,0,0.0
nh4_-10,b2094,1,0,0.9258552865966436,0.9258552865966514,-7.882583474838611e-15,0,0.0
nh4_-10,b3093,2,0,0.9258552865966436,0.9258552865966514,-7.882583474838611e-15,0,0.0
nh4_-10,b1236,1,0,0.9258552865966436,0.9258552865966514,-7.882583474838611e-15,0,0.0
nh4_-10,b4230,2,0,0.9258552865966436,0.9258552865966514,-7.882583474838611e-15,0,0.0
nh4_-10,b2148,2,0,0.9258552865966436,0.9258552865966514,-7.882583474838611e-15,0,0.0
nh4_-10,b2149,2,0,0.9258552865966436,0.9258552865966514,-7.882583474838611e-15,0,0.0
nh4_-10,b2150,2,0,0.9258552865966436,0.9258552865966514,-7.882583474838611e-15,0,0.0
nh4_-10,b4231,2,0,0.9258552865966436,0.9258552865966514,-7.882583474838611e-15,0,0.0
nh4_-10,b4485,2,0,0.9258552865966436,0.9258552865966514,-7.882583474838611e-15,0,0.0
nh4_-10,b4227,2,0,0.9258552865966436,0.9258552865966514,-7.882583474838611e-15,0,0.0
nh4_-10,b2943,2,0,0.9258552865966436,0.9258552865966486,-5.10702591327572e-15,0,0.0
nh4_-10,b2500,1,56,0.9258552865966436,0.925855286596682,-3.852473895449293e-14,0,0.7499568899486854
nh4_-10,b1415,2,441,0.9258552865966436,-9.932767607549013e-14,0.9258552865967428,1,13264.878617716522
nh4_-10,b2052,2,0,0.9258552865966436,0.9258552865966846,-4.107825191113079e-14,0,0.0
nh4_-10,b2784,2,0,0.9258552865966436,0.9258552865966434,1.1102230246251563e-16,0,0.0
nh4_-10,b3650,3,0,0.9258552865966436,0.9258552865966434,1.1102230246251563e-16,0,0.0
nh4_-10,b2051,1,0,0.9258552865966436,0.9258552865966434,1.1102230246251563e-16,0,0.0
nh4_-10,b2467,1,0,0.9258552865966436,0.9258552865966434,1.1102230246251563e-16,0,0.0
nh4_-10,b3729,1,441,0.9258552865966436,1.1400065894060313e-15,0.9258552865966424,1,13264.878617716526
nh4_-10,b1298,1,4,0.9258552865966436,0.9258552865966304,1.3211653993039364e-14,0,9.289400353477e-05
nh4_-10,b1301,1,0,0.9258552865966436,0.9258552865966542,-1.0658141036401504e-14,0,0.0
nh4_-10,b1297,2,441,0.9258552865966436,-1.82401054304965e-15,0.9258552865966452,1,13264.878617716526
nh4_-10,b3882,1,4,0.9258552865966436,0.9258552865966916,-4.8072656966269285e-14,0,9.289400353476936e-05
nh4_-10,b3432,1,0,0.9258552865966436,0.925855286596676,-3.241851231905457e-14,0,0.0
nh4_-10,b0459,2,0,0.9258552865966436,0.925855286596676,-3.241851231905457e-14,0,0.0
nh4_-10,b0124,1,0,0.9258552865966436,0.9258552865966784,-3.4861002973229915e-14,0,0.0
nh4_-10,b0837,1,0,0.9258552865966436,0.9258552865965316,1.1179945857975326e-13,0,0.0
nh4_-10,b4476,1,0,0.9258552865966436,0.9258552865965316,1.1179945857975326e-13,0,0.0
nh4_-10,b3415,1,0,0.9258552865966436,0.9258552865965316,1.1179945857975326e-13,0,0.0
nh4_-10,b3417,5,4,0.9258552865966436,0.9258552865965316,1.1179945857975326e-13,0,1.7051238885365226e-07
nh4_-10,b3428,2,4,0.9258552865966436,0.9258552865965316,1.1179945857975326e-13,0,1.7051238858859757e-07
nh4_-10,b3126,1,0,0.9258552865966436,0.9258552865965316,1.1179945857975326e-13,0,0.0
nh4_-10,b2787,1,0,0.9258552865966436,0.9258552865965316,1.1179945857975326e-13,0,0.0
nh4_-10,b2788,1,0,0.9258552865966436,0.9258552865965316,1.1179945857975326e-13,0,0.0
nh4_-10,b3429,1,0,0.9258552865966436,0.9258552865965316,1.1179945857975326e-13,0,0.0
nh4_-10,b3631,1,0,0.9258552865966436,0.9258552865965316,1.1179945857975326e-13,0,0.0
nh4_-10,b3627,1,4,0.9258552865966436,0.9258552865965316,1.1179945857975326e-13,0,1.7051238872937085e-07
nh4_-10,b3626,1,0,0.9258552865966436,0.9258552865965316,1.1179945857975326e-13,0,0.0
nh4_-10,b1621,2,62,0.9258552865966436,0.9258552865965316,1.1179945857975326e-13,0,466.4314527359844
nh4_-10,b3431,1,0,0.9258552865966436,0.9258552865965316,1.1179945857975326e-13,0,0.0
nh4_-10,b3430,1,0,0.9258552865966436,0.9258552865965316,1.1179945857975326e-13,0,0.0
nh4_-10,b3870,1,441,0.9258552865966436,-2.515891392320899e-13,0.9258552865968952,1,13264.878617716526
nh4_-10,b0680,1,4,0.9258552865966436,0.9258552865966476,-4.107825191113079e-15,0,9.289400353476936e-05
nh4_-10,b0809,1,0,0.9258552865966436,0.9258552865967188,-7.527312106958561e-14,0,0.0
nh4_-10,b0810,1,0,0.9258552865966436,0.9258552865967188,-7.527312106958561e-14,0,0.0
nh4_-10,b0811,1,0,0.9258552865966436,0.9258552865967188,-7.527312106958561e-14,0,0.0
nh4_-10,b2091,1,4,0.9258552865966436,0.9258552865967188,-7.527312106958561e-14,0,1.705123884563421e-07
nh4_-10,b0242,1,55,0.9258552865966436,0.9258552865967188,-7.527312106958561e-14,0,0.6396977510830982
nh4_-10,b1492,1,0,0.9258552865966436,0.9258552865967188,-7.527312106958561e-14,0,0.0
nh4_-10,b2688,1,0,0.9258552865966436,0.9258552865967188,-7.527312106958561e-14,0,0.0
nh4_-10,b1493,1,0,0.9258552865966436,0.9258552865967146,-7.105427357601003e-14,0,0.0
nh4_-10,b3517,1,0,0.9258552865966436,0.9258552865966568,-1.3322676295501878e-14,0,0.0
nh4_-10,b1761,1,60,0.9258552865966436,0.9258552865974412,-7.975842208907127e-13,0,298.30716652319944
nh4_-10,b1524,1,0,0.9258552865966436,0.9258552865966386,4.884981308350689e-15,0,0.0
nh4_-10,b0485,1,0,0.9258552865966436,0.9258552865966386,4.884981308350689e-15,0,0.0
nh4_-10,b2312,1,441,0.9258552865966436,-8.528574230232818e-14,0.9258552865967288,1,13264.878617716522
nh4_-10,b3967,1,441,0.9258552865966436,1.0506501348468289e-13,0.9258552865965384,1,13264.878617716531
nh4_-10,b3213,1,0,0.9258552865966436,0.9258552865966196,2.398081733190338e-14,0,0.0
nh4_-10,b3212,1,0,0.9258552865966436,0.9258552865966696,-2.620126338115369e-14,0,0.0
nh4_-10,b1210,1,441,0.9258552865966436,-2.0014737333545703e-16,0.9258552865966436,1,13264.878617716522
nh4_-10,b2400,1,441,0.9258552865966436,0.0,0.9258552865966436,1,13264.87861771652
nh4_-10,b3653,1,0,0.9258552865966436,0.92585528659666,-1.6431300764452317e-14,0,0.0
nh4_-10,b0507,1,0,0.9258552865966436,0.9258552865966412,2.220446049250313e-15,0,0.0
nh4_-10,b3927,3,0,0.9258552865966436,0.9258552865966412,2.220446049250313e-15,0,0.0
nh4_-10,b3617,1,0,0.9258552865966436,0.9258552865966412,2.220446049250313e-15,0,0.0
nh4_-10,b2240,1,4,0.9258552865966436,0.9258552865966412,2.220446049250313e-15,0,1.705123885882725e-07
nh4_-10,b0514,1,0,0.9258552865966436,0.9258552865966738,-3.0309088572266774e-14,0,0.0
nh4_-10,b3124,1,0,0.9258552865966436,0.9258552865966738,-3.0309088572266774e-14,0,0.0
nh4_-10,b2904,1,55,0.9258552865966436,0.9258552865966738,-3.0309088572266774e-14,0,0.1142296585068907
nh4_-10,b2903,1,55,0.9258552865966436,0.9258552865966738,-3.0309088572266774e-14,0,0.1142296585068907
nh4_-10,b2905,1,55,0.9258552865966436,0.9258552865966738,-3.0309088572266774e-14,0,0.1142296585068907
nh4_-10,b1033,4,0,0.9258552865966436,0.9258552865966738,-3.0309088572266774e-14,0,0.0
nh4_-10,b4468,3,52,0.9258552865966436,0.9258552865966736,-3.0198066269804264e-14,0,7.159462206495042e-06
nh4_-10,b4467,3,52,0.9258552865966436,0.9258552865966472,-3.6637359812630166e-15,0,7.159462206495042e-06
nh4_-10,b2979,3,52,0.9258552865966436,0.9258552865966472,-3.6637359812630166e-15,0,7.159462206495042e-06
nh4_-10,b3926,1,4,0.9258552865966436,0.9258552865966472,-3.6637359812630166e-15,0,1.7051238849683945e-07
nh4_-10,b0212,1,0,0.9258552865966436,0.9258552865966472,-3.6637359812630166e-15,0,0.0
nh4_-10,b3559,1,0,0.9258552865966436,0.9258552865966472,-3.6637359812630166e-15,0,0.0
nh4_-10,b3560,1,0,0.9258552865966436,0.9258552865966472,-3.6637359812630166e-15,0,0.0
nh4_-10,b2053,1,0,0.9258552865966436,0.9258552865966472,-3.6637359812630166e-15,0,0.0
nh4_-10,b3052,2,0,0.9258552865966436,0.9258552865966472,-3.6637359812630166e-15,0,0.0
nh4_-10,b0200,1,0,0.9258552865966436,0.9258552865966472,-3.6637359812630166e-15,0,0.0
nh4_-10,b0104,1,0,0.9258552865966436,0.9258552865966472,-3.6637359812630166e-15,0,0.0
nh4_-10,b2507,1,441,0.9258552865966436,1.6874772328615935e-16,0.9258552865966432,1,13264.878617716531
nh4_-10,b2029,1,52,0.9258552865966436,0.9258552865966556,-1.2101430968414206e-14,0,105.82705168364537
nh4_-10,b3437,1,0,0.9258552865966436,0.9258552865966552,-1.1546319456101628e-14,0,0.0
nh4_-10,b4268,1,0,0.9258552865966436,0.9258552865966552,-1.1546319456101628e-14,0,0.0
nh4_-10,b3449,5,0,0.9258552865966436,0.9258552865966552,-1.1546319456101628e-14,0,0.0
nh4_-10,b2239,5,0,0.9258552865966436,0.9258552865966552,-1.1546319456101628e-14,0,0.0
nh4_-10,b1654,6,0,0.9258552865966436,0.9258552865966552,-1.1546319456101628e-14,0,0.0
nh4_-10,b3610,6,0,0.9258552865966436,0.9258552865966532,-9.769962616701378e-15,0,0.0
nh4_-10,b0849,6,0,0.9258552865966436,0.9258552865966532,-9.769962616701378e-15,0,0.0
nh4_-10,b0477,2,0,0.9258552865966436,0.9258552865966532,-9.769962616701378e-15,0,0.0
nh4_-10,b2988,2,4,0.9258552865966436,0.9258552865966532,-9.769962616701378e-15,0,1.7051238877048008e-07
nh4_-10,b3500,1,0,0.9258552865966436,0.9258552865966532,-9.769962616701378e-15,0,0.0
nh4_-10,b1710,2,0,0.9258552865966436,0.9258552865966532,-9.769962616701378e-15,0,0.0
nh4_-10,b3447,1,0,0.9258552865966436,0.9258552865966532,-9.769962616701378e-15,0,0.0
nh4_-10,b0832,1,0,0.9258552865966436,0.9258552865966532,-9.769962616701378e-15,0,0.0
nh4_-10,b0829,1,0,0.9258552865966436,0.9258552865966532,-9.769962616701378e-15,0,0.0
nh4_-10,b0831,1,0,0.9258552865966436,0.9258552865966532,-9.769962616701378e-15,0,0.0
nh4_-10,b0830,1,0,0.9258552865966436,0.9258552865966532,-9.769962616701378e-15,0,0.0
nh4_-10,b2947,1,0,0.9258552865966436,0.9258552865966532,-9.769962616701378e-15,0,0.0
nh4_-10,b2153,1,441,0.9258552865966436,-9.715700166056731e-17,0.9258552865966436,1,13264.878617716538
nh4_-10,b1277,1,441,0.9258552865966436,0.0,0.9258552865966436,1,13264.878617716518
nh4_-10,b3779,1,4,0.9258552865966436,0.9258552865966496,-6.106226635438361e-15,0,9.289400353476812e-05
nh4_-10,b2883,1,0,0.9258552865966436,0.9258552865966394,4.107825191113079e-15,0,0.0
nh4_-10,b0125,2,0,0.9258552865966436,0.9258552865966412,2.3314683517128287e-15,0,0.0
nh4_-10,b0238,3,4,0.9258552865966436,0.9258552865966292,1.4321877017664523e-14,0,1.705123882704796e-07
nh4_-10,b3092,2,0,0.9258552865966436,0.9258552865966292,1.4321877017664523e-14,0,0.0
nh4_-10,b1319,1,461,0.9258552865966436,0.3286782581955346,0.5971770284011089,0,15630.441335218373
nh4_-10,b3875,1,461,0.9258552865966436,0.3286782581954965,0.5971770284011471,0,15630.441335218373
nh4_-10,b0957,1,461,0.9258552865966436,0.3286782581954965,0.5971770284011471,0,15630.441335218373
nh4_-10,b0875,1,464,0.9258552865966436,0.3772057054033448,0.5486495811932987,0,19841.559332119246
nh4_-10,b1395,1,0,0.9258552865966436,0.9258552865966586,-1.5099033134902132e-14,0,0.0
nh4_-10,b4040,1,441,0.9258552865966436,1.0993846592890865e-15,0.9258552865966424,1,13264.87861771652
nh4_-10,b0353,2,0,0.9258552865966436,0.925855286596646,-2.55351295663786e-15,0,0.0
nh4_-10,b0339,1,441,0.9258552865966436,-4.0855039401075033e-14,0.9258552865966844,1,13264.878617716518
nh4_-10,b0126,1,441,0.9258552865966436,-4.410195622317204e-15,0.925855286596648,1,13264.878617716522
nh4_-10,b0261,2,4,0.9258552865966436,0.9258552865966404,3.108624468950439e-15,0,9.289400353476852e-05
nh4_-10,b0428,1,4,0.9258552865966436,0.9258552865966434,1.1102230246251563e-16,0,1.705123872336877e-07
nh4_-10,b3630,1,0,0.9258552865966436,0.9258552865966434,1.1102230246251563e-16,0,0.0
nh4_-10,b3625,1,0,0.9258552865966436,0.9258552865966434,1.1102230246251563e-16,0,0.0
nh4_-10,b3621,1,0,0.9258552865966436,0.9258552865966434,1.1102230246251563e-16,0,0.0
nh4_-10,b3620,1,0,0.9258552865966436,0.9258552865966434,1.1102230246251563e-16,0,0.0
nh4_-10,b3632,1,4,0.9258552865966436,0.9258552865966434,1.1102230246251563e-16,0,1.7051238855854926e-07
nh4_-10,b3623,1,0,0.9258552865966436,0.9258552865966434,1.1102230246251563e-16,0,0.0
nh4_-10,b2104,1,4,0.9258552865966436,0.9258552865966434,1.1102230246251563e-16,0,1.7051238826132442e-07
nh4_-10,b2388,1,0,0.9258552865966436,0.9258552865966434,1.1102230246251563e-16,0,0.0
nh4_-10,b0394,1,0,0.9258552865966436,0.9258552865966436,-1.1102230246251563e-16,0,0.0
nh4_-10,b2020,1,441,0.9258552865966436,1.2186536736090412e-16,0.9258552865966434,1,13264.87861771652
nh4_-10,b2022,2,441,0.9258552865966436,0.0,0.9258552865966436,1,13264.878617716522
nh4_-10,b2514,1,4,0.9258552865966436,0.925855286596672,-2.853273173286652e-14,0,9.289400353476826e-05
nh4_-10,b2309,1,0,0.9258552865966436,0.9258552865966776,-3.419486915845482e-14,0,0.0
nh4_-10,b0112,4,0,0.9258552865966436,0.9258552865966776,-3.419486915845482e-14,0,0.0
nh4_-10,b0349,2,0,0.9258552865966436,0.9258552865966776,-3.419486915845482e-14,0,0.0
nh4_-10,b3805,1,441,0.9258552865966436,-1.0504896323036428e-15,0.9258552865966444,1,13264.878617716522
nh4_-10,b2418,4,0,0.9258552865966436,0.9258552865966512,-7.66053886991358e-15,0,0.0
nh4_-10,b2103,2,441,0.9258552865966436,2.754244903970644e-15,0.9258552865966408,1,13264.878617716517
nh4_-10,b0813,2,4,0.9258552865966436,0.925855286596692,-4.8627768478581856e-14,0,9.28940035347705e-05
nh4_-10,b3824,1,0,0.9258552865966436,0.9258552865966544,-1.0769163338864018e-14,0,0.0
nh4_-10,b0352,1,0,0.9258552865966436,0.9258552865966544,-1.0769163338864018e-14,0,0.0
nh4_-10,b0142,1,441,0.9258552865966436,-1.824115377042172e-16,0.9258552865966436,1,13264.878617716528
nh4_-10,b0508,1,0,0.9258552865966436,0.9258552865966364,7.105427357601002e-15,0,0.0
nh4_-10,b0003,1,441,0.9258552865966436,-2.569805083959817e-16,0.9258552865966436,1,13264.87861771652
nh4_-10,b4013,1,441,0.9258552865966436,0.0,0.9258552865966436,1,13264.878617716524
nh4_-10,b2021,1,441,0.9258552865966436,0.0,0.9258552865966436,1,13264.878617716517
nh4_-10,b2867,2,0,0.9258552865966436,0.92585528659667,-2.6423307986078732e-14,0,0.0
nh4_-10,b2866,2,4,0.9258552865966436,0.9258552865965656,7.80486786311485e-14,0,1.7051238864144025e-07
nh4_-10,b2868,2,4,0.9258552865966436,0.9258552865965656,7.80486786311485e-14,0,1.7051238864144025e-07
nh4_-10,b2994,3,0,0.9258552865966436,0.9258552865965656,7.80486786311485e-14,0,0.0
nh4_-10,b0973,3,0,0.9258552865966436,0.9258552865965656,7.80486786311485e-14,0,0.0
nh4_-10,b0974,3,0,0.9258552865966436,0.9258552865965656,7.80486786311485e-14,0,0.0
nh4_-10,b2997,3,0,0.9258552865966436,0.9258552865965656,7.80486786311485e-14,0,0.0
nh4_-10,b2995,3,0,0.9258552865966436,0.9258552865965656,7.80486786311485e-14,0,0.0
nh4_-10,b2996,3,0,0.9258552865966436,0.9258552865965656,7.80486786311485e-14,0,0.0
nh4_-10,b0972,3,0,0.9258552865966436,0.9258552865965656,7.80486786311485e-14,0,0.0
nh4_-10,b2530,6,441,0.9258552865966436,6.200511051004341e-15,0.9258552865966372,1,13264.878617716522
nh4_-10,b2529,6,62,0.9258552865966436,0.9258552865966732,-2.9753977059954195e-14,0,9.58951279523918e-05
nh4_-10,b3807,4,441,0.9258552865966436,3.6092764562570576e-17,0.9258552865966436,1,13264.878617716524
nh4_-10,b2528,2,58,0.9258552865966436,0.9258552865966724,-2.8976820942716586e-14,0,3.001124415656464e-06
nh4_-10,b1136,1,442,0.9258552865966436,-1.2106853803617239e-15,0.9258552865966448,1,13416.267659220812
nh4_-10,b2265,1,4,0.9258552865966436,0.9258552865966486,-5.10702591327572e-15,0,1.705123887864935e-07
nh4_-10,b0593,1,4,0.9258552865966436,0.9258552865966836,-3.996802888650564e-14,0,1.7051238859489092e-07
nh4_-10,b0595,1,4,0.9258552865966436,0.9258552865966544,-1.0991207943789051e-14,0,1.7051238855314506e-07
nh4_-10,b4015,1,4,0.9258552865966436,0.9258552865966488,-5.329070518200751e-15,0,1.705123885075646e-07
nh4_-10,b4267,2,0,0.9258552865966436,0.9258552865966558,-1.2323475573339238e-14,0,0.0
nh4_-10,b2023,1,441,0.9258552865966436,0.0,0.9258552865966436,1,13264.878617716526
nh4_-10,b2025,1,441,0.9258552865966436,0.0,0.9258552865966436,1,13264.878617716524
nh4_-10,b1262,2,441,0.9258552865966436,0.0,0.9258552865966436,1,13264.878617716524
nh4_-10,b3770,4,441,0.9258552865966436,0.0,0.9258552865966436,1,13264.878617716524
nh4_-10,b0026,1,4,0.9258552865966436,0.9258552865966276,1.5987211554602254e-14,0,9.28940035347696e-05
nh4_-10,b0401,3,0,0.9258552865966436,0.9258552865966256,1.787459069646502e-14,0,0.0
nh4_-10,b2508,1,55,0.9258552865966436,0.9258552865966247,1.8762769116165142e-14,0,0.4977480996041034
nh4_-10,b3265,1,0,0.9258552865966436,0.9258552865966616,-1.7985612998927536e-14,0,0.0
nh4_-10,b3266,1,0,0.9258552865966436,0.9258552865966616,-1.7985612998927536e-14,0,0.0
nh4_-10,b3161,2,4,0.9258552865966436,0.9258552865966616,-1.7985612998927536e-14,0,1.70512388464538e-07
nh4_-10,b3679,1,4,0.9258552865966436,0.9258552865966616,-1.7985612998927536e-14,0,1.7051238865849502e-07
nh4_-10,b2889,1,0,0.9258552865966436,0.9258552865966616,-1.7985612998927536e-14,0,0.0
nh4_-10,b0073,1,441,0.9258552865966436,1.900776649718579e-15,0.9258552865966416,1,13264.878617716522
nh4_-10,b0071,2,441,0.9258552865966436,0.0,0.9258552865966436,1,13264.878617716522
nh4_-10,b0072,2,441,0.9258552865966436,0.0,0.9258552865966436,1,13264.878617716518
nh4_-10,b0074,1,441,0.9258552865966436,0.0,0.9258552865966436,1,13264.878617716524
nh4_-10,b0918,1,441,0.9258552865966436,0.0,0.9258552865966436,1,13264.878617716524
nh4_-10,b3198,1,441,0.9258552865966436,0.0,0.9258552865966436,1,13264.878617716524
nh4_-10,b1215,1,441,0.9258552865966436,0.0,0.9258552865966436,1,13264.878617716528
nh4_-10,b4196,1,0,0.9258552865966436,0.925855286596638,5.551115123125783e-15,0,0.0
nh4_-10,b3581,1,0,0.9258552865966436,0.9258552865966694,-2.5868196473766147e-14,0,0.0
nh4_-10,b0697,1,0,0.9258552865966436,0.9258552865966694,-2.5868196473766147e-14,0,0.0
nh4_-10,b4513,1,0,0.9258552865966436,0.9258552865966694,-2.5868196473766147e-14,0,0.0
nh4_-10,b0698,1,0,0.9258552865966436,0.9258552865966694,-2.5868196473766147e-14,0,0.0
nh4_-10,b0696,1,0,0.9258552865966436,0.9258552865966694,-2.5868196473766147e-14,0,0.0
nh4_-10,b3747,1,46,0.9258552865966436,0.9258552865966694,-2.5868196473766147e-14,0,0.1099860022681867
nh4_-10,b1363,1,46,0.9258552865966436,0.9258552865966598,-1.63202784619898e-14,0,0.1099860022681867
nh4_-10,b1250,1,46,0.9258552865966436,0.9258552865966598,-1.63202784619898e-14,0,0.1099860022681867
nh4_-10,b3849,1,46,0.9258552865966436,0.9258552865966598,-1.63202784619898e-14,0,0.1099860022681867
nh4_-10,b1291,1,46,0.9258552865966436,0.9258552865966598,-1.63202784619898e-14,0,0.1099860022681867
nh4_-10,b3290,1,46,0.9258552865966436,0.9258552865966598,-1.63202784619898e-14,0,0.1099860022681867
nh4_-10,b0047,1,0,0.9258552865966436,0.9258552865966598,-1.63202784619898e-14,0,0.0
nh4_-10,b0842,2,0,0.9258552865966436,0.9258552865966598,-1.63202784619898e-14,0,0.0
nh4_-10,b3350,1,0,0.9258552865966436,0.9258552865966598,-1.63202784619898e-14,0,0.0
nh4_-10,b3605,2,0,0.9258552865966436,0.9258552865966598,-1.63202784619898e-14,0,0.0
nh4_-10,b0306,2,0,0.9258552865966436,0.9258552865966598,-1.63202784619898e-14,0,0.0
nh4_-10,b0307,2,0,0.9258552865966436,0.9258552865966598,-1.63202784619898e-14,0,0.0
nh4_-10,b0308,2,0,0.9258552865966436,0.9258552865966598,-1.63202784619898e-14,0,0.0
nh4_-10,b2257,1,0,0.9258552865966436,0.9258552865966598,-1.63202784619898e-14,0,0.0
nh4_-10,b0344,1,0,0.9258552865966436,0.9258552865966598,-1.63202784619898e-14,0,0.0
nh4_-10,b2132,1,0,0.9258552865966436,0.9258552865966598,-1.63202784619898e-14,0,0.0
nh4_-10,b1326,1,0,0.9258552865966436,0.9258552865966598,-1.63202784619898e-14,0,0.0
nh4_-10,b4130,2,4,0.9258552865966436,0.9258552865966598,-1.63202784619898e-14,0,1.705123886983597e-07
nh4_-10,b3496,2,4,0.9258552865966436,0.9258552865966598,-1.63202784619898e-14,0,1.705123886983597e-07
nh4_-10,b0709,2,4,0.9258552865966436,0.9258552865966598,-1.63202784619898e-14,0,1.705123886983597e-07
nh4_-10,b1634,2,4,0.9258552865966436,0.9258552865966598,-1.63202784619898e-14,0,1.705123886983597e-07
nh4_-10,b2799,1,0,0.9258552865966436,0.9258552865966598,-1.63202784619898e-14,0,0.0
nh4_-10,b2170,1,0,0.9258552865966436,0.9258552865966598,-1.63202784619898e-14,0,0.0
nh4_-10,b0070,1,0,0.9258552865966436,0.9258552865966598,-1.63202784619898e-14,0,0.0
nh4_-10,b0343,1,0,0.9258552865966436,0.9258552865966598,-1.63202784619898e-14,0,0.0
nh4_-10,b1380,1,0,0.9258552865966436,0.9258552865966598,-1.63202784619898e-14,0,0.0
nh4_-10,b2133,2,0,0.9258552865966436,0.9258552865966598,-1.63202784619898e-14,0,0.0
nh4_-10,b4054,3,441,0.9258552865966436,6.022088453014992e-16,0.925855286596643,1,13264.878617716524
nh4_-10,b0642,1,0,0.9258552865966436,0.92585528659667,-2.653433028854124e-14,0,0.0
nh4_-10,b3458,1,0,0.9258552865966436,0.925855286596657,-1.3433698597964394e-14,0,0.0
nh4_-10,b1651,1,0,0.9258552865966436,0.925855286596657,-1.3433698597964394e-14,0,0.0
nh4_-10,b0622,2,0,0.9258552865966436,0.925855286596657,-1.3433698597964394e-14,0,0.0
nh4_-10,b4386,3,4,0.9258552865966436,0.925855286596657,-1.3433698597964394e-14,0,1.7051238857381666e-07
nh4_-10,b0630,1,0,0.9258552865966436,0.925855286596657,-1.3433698597964394e-14,0,0.0
nh4_-10,b0628,1,0,0.9258552865966436,0.925855286596657,-1.3433698597964394e-14,0,0.0
nh4_-10,b0182,1,441,0.9258552865966436,5.491897441120909e-16,0.925855286596643,1,13264.878617716524
nh4_-10,b0494,21,0,0.9258552865966436,0.9258552865966182,2.5313084961453566e-14,0,0.0
nh4_-10,b3825,35,0,0.9258552865966436,0.9258552865965496,9.381384558082573e-14,0,0.0
nh4_-10,b0186,1,0,0.9258552865966436,0.9258552865965496,9.381384558082573e-14,0,0.0
nh4_-10,b4131,1,0,0.9258552865966436,0.9258552865965496,9.381384558082573e-14,0,0.0
nh4_-10,b2890,1,0,0.9258552865966436,0.9258552865965496,9.381384558082573e-14,0,0.0
nh4_-10,b2156,1,0,0.9258552865966436,0.9258552865965496,9.381384558082573e-14,0,0.0
nh4_-10,b3903,2,4,0.9258552865966436,0.9258552865965496,9.381384558082573e-14,0,1.705123887493883e-07
nh4_-10,b3907,2,0,0.9258552865966436,0.9258552865965496,9.381384558082573e-14,0,0.0
nh4_-10,b3600,1,0,0.9258552865966436,0.9258552865965496,9.381384558082573e-14,0,0.0
nh4_-10,b0777,1,441,0.9258552865966436,-8.826893759385411e-10,0.9258552874793328,1,13264.878617716522
nh4_-10,b1800,1,4,0.9258552865966436,0.9258552865990054,-2.361888462587558e-12,0,9.289400353476984e-05
nh4_-10,b4014,1,52,0.9258552865966436,0.9258552865966106,3.2862601528904634e-14,0,7.15946218985005e-06
nh4_-10,b2976,1,52,0.9258552865966436,0.9258552865966106,3.2862601528904634e-14,0,7.15946218985005e-06
nh4_-10,b2049,1,0,0.9258552865966436,0.9258552865966106,3.2862601528904634e-14,0,0.0
nh4_-10,b1613,1,0,0.9258552865966436,0.9258552865966106,3.2862601528904634e-14,0,0.0
nh4_-10,b4323,1,0,0.9258552865966436,0.9258552865966106,3.2862601528904634e-14,0,0.0
nh4_-10,b0731,1,0,0.9258552865966436,0.9258552865966106,3.2862601528904634e-14,0,0.0
nh4_-10,b0732,1,0,0.9258552865966436,0.9258552865966106,3.2862601528904634e-14,0,0.0
nh4_-10,b0334,1,0,0.9258552865966436,0.9258552865966106,3.2862601528904634e-14,0,0.0
nh4_-10,b0331,1,0,0.9258552865966436,0.9258552865966106,3.2862601528904634e-14,0,0.0
nh4_-10,b0333,1,0,0.9258552865966436,0.9258552865966106,3.2862601528904634e-14,0,0.0
nh4_-10,b1092,1,441,0.9258552865966436,-1.1636253145741634e-13,0.92585528659676,1,13264.878617716522
nh4_-10,b2521,1,0,0.9258552865966436,0.9258552865966924,-4.8849813083506894e-14,0,0.0
nh4_-10,b0149,5,441,0.9258552865966436,6.006368157353574e-22,0.9258552865966436,1,13264.878617716524
nh4_-10,b0635,2,441,0.9258552865966436,0.0,0.9258552865966436,1,13264.878617716531
nh4_-10,b3396,5,441,0.9258552865966436,0.0,0.9258552865966436,1,13264.878617716528
nh4_-10,b0084,2,441,0.9258552865966436,0.0,0.9258552865966436,1,13264.878617716518
nh4_-10,b0839,5,4,0.9258552865966436,0.9258552865966256,1.787459069646502e-14,0,9.289400353476896e-05
nh4_-10,b2010,5,0,0.9258552865966436,0.925855286596651,-7.438494264988549e-15,0,0.0
nh4_-10,b3182,9,4,0.9258552865966436,0.925855286596651,-7.438494264988549e-15,0,1.7051238931773216e-07
nh4_-10,b0632,5,0,0.9258552865966436,0.925855286596651,-7.438494264988549e-15,0,0.0
nh4_-10,b2134,4,0,0.9258552865966436,0.925855286596651,-7.438494264988549e-15,0,0.0
nh4_-10,b2328,4,0,0.9258552865966436,0.925855286596651,-7.438494264988549e-15,0,0.0
nh4_-10,b3236,1,57,0.9258552865966436,0.9258552865966436,-2.220446049250313e-16,0,62.11439342507614
nh4_-10,b2210,2,4,0.9258552865966436,0.9258552865966584,-1.498801083243961e-14,0,1.705123887095654e-07
nh4_-10,b1479,1,0,0.9258552865966436,0.9258552865966712,-2.775557561562892e-14,0,0.0
nh4_-10,b2463,1,0,0.9258552865966436,0.9258552865966712,-2.775557561562892e-14,0,0.0
nh4_-10,b2515,1,441,0.9258552865966436,-9.289729604806394e-13,0.9258552865975724,1,13264.878617716524
nh4_-10,b2746,1,441,0.9258552865966436,0.0,0.9258552865966436,1,13264.878617716511
nh4_-10,b4120,1,0,0.9258552865966436,0.9258552865966556,-1.199040866595169e-14,0,0.0
nh4_-10,b2747,1,441,0.9258552865966436,-1.7217807766938708e-12,0.9258552865983652,1,13264.878617716524
nh4_-10,b2942,1,441,0.9258552865966436,0.0,0.9258552865966436,1,13264.878617716524
nh4_-10,b0199,2,0,0.9258552865966436,0.9258552865966678,-2.4313884239290928e-14,0,0.0
nh4_-10,b0197,2,0,0.9258552865966436,0.9258552865966524,-8.992806499463768e-15,0,0.0
nh4_-10,b0198,2,0,0.9258552865966436,0.9258552865966524,-8.992806499463768e-15,0,0.0
nh4_-10,b4019,1,441,0.9258552865966436,1.1022924306618894e-15,0.9258552865966424,1,13264.878617716524
nh4_-10,b3829,1,441,0.9258552865966436,0.0,0.9258552865966436,1,13264.878617716522
nh4_-10,b4219,1,0,0.9258552865966436,0.9258552865966472,-3.6637359812630166e-15,0,0.0
nh4_-10,b1778,1,0,0.9258552865966436,0.9258552865966496,-5.995204332975845e-15,0,0.0
nh4_-10,b2114,1,0,0.9258552865966436,0.9258552865966496,-5.995204332975845e-15,0,0.0
nh4_-10,b4242,2,0,0.9258552865966436,0.9258552865966496,-5.995204332975845e-15,0,0.0
nh4_-10,b0963,1,0,0.9258552865966436,0.9258552865966496,-5.995204332975845e-15,0,0.0
nh4_-10,b0403,5,0,0.9258552865966436,0.9258552865966496,-5.995204332975845e-15,0,0.0
nh4_-10,b4392,4,0,0.9258552865966436,0.9258552865966496,-5.995204332975845e-15,0,0.0
nh4_-10,b2963,4,0,0.9258552865966436,0.9258552865966496,-5.995204332975845e-15,0,0.0
nh4_-10,b2558,4,0,0.9258552865966436,0.9258552865966496,-5.995204332975845e-15,0,0.0
nh4_-10,b2813,4,0,0.9258552865966436,0.9258552865966496,-5.995204332975845e-15,0,0.0
nh4_-10,b2701,4,0,0.9258552865966436,0.9258552865966496,-5.995204332975845e-15,0,0.0
nh4_-10,b1193,4,0,0.9258552865966436,0.9258552865966496,-5.995204332975845e-15,0,0.0
nh4_-10,b2919,1,0,0.9258552865966436,0.9258552865966496,-5.995204332975845e-15,0,0.0
nh4_-10,b0260,1,0,0.9258552865966436,0.9258552865966496,-5.995204332975845e-15,0,0.0
nh4_-10,b2917,1,0,0.9258552865966436,0.9258552865966496,-5.995204332975845e-15,0,0.0
nh4_-10,b3599,1,0,0.9258552865966436,0.9258552865966496,-5.995204332975845e-15,0,0.0
nh4_-10,b4322,1,0,0.9258552865966436,0.9258552865966496,-5.995204332975845e-15,0,0.0
nh4_-10,b0784,2,441,0.9258552865966436,-6.29881388949651e-16,0.9258552865966442,1,13264.878617716524
nh4_-10,b3633,2,441,0.9258552865966436,0.0,0.9258552865966436,1,13264.878617716522
nh4_-10,b3624,1,4,0.9258552865966436,0.9258552865966856,-4.218847493575596e-14,0,9.289400353476902e-05
nh4_-10,b3917,3,441,0.9258552865966436,4.724110417122382e-16,0.9258552865966432,1,13264.878617716526
nh4_-10,b0763,3,441,0.9258552865966436,0.0,0.9258552865966436,1,13264.878617716526
nh4_-10,b2423,5,441,0.9258552865966436,0.0,0.9258552865966436,1,13264.878617716522
nh4_-10,b0765,3,441,0.9258552865966436,0.0,0.9258552865966436,1,13264.878617716537
nh4_-10,b2425,5,441,0.9258552865966436,0.0,0.9258552865966436,1,13264.878617716551
nh4_-10,b2422,5,441,0.9258552865966436,0.0,0.9258552865966436,1,13264.878617716524
nh4_-10,b0764,3,441,0.9258552865966436,0.0,0.9258552865966436,1,13264.878617716524
nh4_-10,b2424,5,441,0.9258552865966436,0.0,0.9258552865966436,1,13264.878617716524
nh4_-10,b2877,1,4,0.9258552865966436,0.9258552865966831,-3.9634961979118095e-14,0,9.289400353476923e-05
nh4_-10,b0134,1,441,0.9258552865966436,3.315065750042013e-12,0.9258552865933284,1,13264.878617716522
nh4_-10,b0009,1,441,0.9258552865966436,0.0,0.9258552865966436,1,13264.87861771652
nh4_-10,b2519,2,441,0.9258552865966436,5.1772217155770274e-14,0.9258552865965918,1,13264.878617716524
nh4_-10,b1069,2,441,0.9258552865966436,0.0,0.9258552865966436,1,13264.878617716522
nh4_-10,b0785,1,441,0.9258552865966436,0.0,0.9258552865966436,1,13264.878617716522
nh4_-10,b0826,1,441,0.9258552865966436,0.0,0.9258552865966436,1,13264.878617716531
nh4_-10,b1008,1,0,0.9258552865966436,0.9258552865966714,-2.7866597918091432e-14,0,0.0
nh4_-10,b0529,2,65,0.9258552865966436,0.9258552865966472,-3.774758283725532e-15,0,32.975946644690005
nh4_-10,b3941,1,441,0.9258552865966436,-1.998978590467521e-14,0.9258552865966636,1,13264.878617716522
nh4_-10,b1059,2,0,0.9258552865966436,0.9258552865966828,-3.930189507173054e-14,0,0.0
nh4_-10,b3996,1,0,0.9258552865966436,0.9258552865966572,-1.3766765505351941e-14,0,0.0
nh4_-10,b2411,1,0,0.9258552865966436,0.9258552865966572,-1.3766765505351941e-14,0,0.0
nh4_-10,b1109,3,0,0.9258552865966436,0.9258552865966572,-1.3766765505351941e-14,0,0.0
nh4_-10,b2284,3,429,0.9258552865966436,0.8226902785299783,0.1031650080666651,0,2020.650601116626
nh4_-10,b2288,3,429,0.9258552865966436,0.8226902785299732,0.1031650080666702,0,2020.650601116626
nh4_-10,b2280,3,429,0.9258552865966436,0.8226902785299732,0.1031650080666702,0,2020.650601116626
nh4_-10,b2282,3,429,0.9258552865966436,0.8226902785299732,0.1031650080666702,0,2020.650601116626
nh4_-10,b2277,3,429,0.9258552865966436,0.8226902785299732,0.1031650080666702,0,2020.650601116626
nh4_-10,b2287,3,429,0.9258552865966436,0.8226902785299732,0.1031650080666702,0,2020.650601116626
nh4_-10,b2276,3,429,0.9258552865966436,0.8226902785299732,0.1031650080666702,0,2020.650601116626
nh4_-10,b2278,3,429,0.9258552865966436,0.8226902785299732,0.1031650080666702,0,2020.650601116626
nh4_-10,b2286,3,429,0.9258552865966436,0.8226902785299732,0.1031650080666702,0,2020.650601116626
nh4_-10,b2283,3,429,0.9258552865966436,0.8226902785299732,0.1031650080666702,0,2020.650601116626
nh4_-10,b2279,3,429,0.9258552865966436,0.8226902785299732,0.1031650080666702,0,2020.650601116626
nh4_-10,b2285,3,429,0.9258552865966436,0.8226902785299732,0.1031650080666702,0,2020.650601116626
nh4_-10,b2281,3,429,0.9258552865966436,0.8226902785299732,0.1031650080666702,0,2020.650601116626
nh4_-10,b2615,1,441,0.9258552865966436,1.0965182691782496e-12,0.925855286595547,1,13264.878617716528
nh4_-10,b3028,3,0,0.9258552865966436,0.9258552865966264,1.7208456881689926e-14,0,0.0
nh4_-10,b1740,1,441,0.9258552865966436,-7.599167977830344e-14,0.9258552865967196,1,13264.878617716522
nh4_-10,b1602,2,0,0.9258552865966436,0.9258552865973216,-6.782352457435081e-13,0,0.0
nh4_-10,b1603,2,0,0.9258552865966436,0.925855286596636,7.549516567451064e-15,0,0.0
nh4_-10,b3962,1,0,0.9258552865966436,0.925855286596636,7.549516567451064e-15,0,0.0
nh4_-10,b0931,1,0,0.9258552865966436,0.925855286596636,7.549516567451064e-15,0,0.0
nh4_-10,b1186,1,0,0.9258552865966436,0.925855286596636,7.549516567451064e-15,0,0.0
nh4_-10,b0019,1,0,0.9258552865966436,0.925855286596636,7.549516567451064e-15,0,0.0
nh4_-10,b2518,8,441,0.9258552865966436,4.7836399879397833e-14,0.9258552865965956,1,13264.878617716524
nh4_-10,b0451,1,441,0.9258552865966436,9.35674587601581e-15,0.9258552865966342,1,13264.87861771652
nh4_-10,b2711,1,4,0.9258552865966436,0.9258552865966506,-7.105427357601002e-15,0,9.289400353477186e-05
nh4_-10,b2710,1,0,0.9258552865966436,0.9258552865966406,2.886579864025407e-15,0,0.0
nh4_-10,b3477,1,0,0.9258552865966436,0.9258552865966406,2.886579864025407e-15,0,0.0
nh4_-10,b3476,1,0,0.9258552865966436,0.9258552865966406,2.886579864025407e-15,0,0.0
nh4_-10,b3479,1,0,0.9258552865966436,0.9258552865966406,2.886579864025407e-15,0,0.0
nh4_-10,b3480,1,0,0.9258552865966436,0.9258552865966406,2.886579864025407e-15,0,0.0
nh4_-10,b3478,1,0,0.9258552865966436,0.9258552865966406,2.886579864025407e-15,0,0.0
nh4_-10,b4390,1,0,0.9258552865966436,0.9258552865966406,2.886579864025407e-15,0,0.0
nh4_-10,b0639,2,441,0.9258552865966436,-1.3695329773589996e-12,0.9258552865980132,1,13264.878617716528
nh4_-10,b0751,1,4,0.9258552865966436,0.925855286596616,2.76445533131664e-14,0,9.289400353476736e-05
nh4_-10,b1768,1,0,0.9258552865966436,0.9258552865966622,-1.8651746813702636e-14,0,0.0
nh4_-10,b1991,1,4,0.9258552865966436,0.9258552865966622,-1.8651746813702636e-14,0,1.7051238895459005e-07
nh4_-10,b0109,1,441,0.9258552865966436,1.938676488993257e-14,0.925855286596624,1,13264.878617716522
nh4_-10,b3367,1,4,0.9258552865966436,0.925855286596658,-1.454392162258955e-14,0,9.289400353477146e-05
nh4_-10,b1223,2,4,0.9258552865966436,0.9258552865966578,-1.4321877017664523e-14,0,1.705123886371072e-07
nh4_-10,b2206,2,0,0.9258552865966436,0.9258552865966578,-1.4321877017664523e-14,0,0.0
nh4_-10,b2204,1,0,0.9258552865966436,0.9258552865966578,-1.4321877017664523e-14,0,0.0
nh4_-10,b2203,2,0,0.9258552865966436,0.9258552865966578,-1.4321877017664523e-14,0,0.0
nh4_-10,b2205,1,0,0.9258552865966436,0.9258552865966578,-1.4321877017664523e-14,0,0.0
nh4_-10,b2202,2,0,0.9258552865966436,0.9258552865966578,-1.4321877017664523e-14,0,0.0
nh4_-10,b1468,2,0,0.9258552865966436,0.9258552865966578,-1.4321877017664523e-14,0,0.0
nh4_-10,b1226,2,0,0.9258552865966436,0.9258552865966578,-1.4321877017664523e-14,0,0.0
nh4_-10,b1227,2,0,0.9258552865966436,0.9258552865966578,-1.4321877017664523e-14,0,0.0
nh4_-10,b1225,2,0,0.9258552865966436,0.9258552865966578,-1.4321877017664523e-14,0,0.0
nh4_-10,b1465,2,0,0.9258552865966436,0.9258552865966578,-1.4321877017664523e-14,0,0.0
nh4_-10,b1224,2,0,0.9258552865966436,0.9258552865966578,-1.4321877017664523e-14,0,0.0
nh4_-10,b1466,2,0,0.9258552865966436,0.9258552865966578,-1.4321877017664523e-14,0,0.0
nh4_-10,b1467,2,0,0.9258552865966436,0.9258552865966578,-1.4321877017664523e-14,0,0.0
nh4_-10,b1469,1,0,0.9258552865966436,0.9258552865966578,-1.4321877017664523e-14,0,0.0
nh4_-10,b2552,2,0,0.9258552865966436,0.9258552865966578,-1.4321877017664523e-14,0,0.0
nh4_-10,b4374,3,0,0.9258552865966436,0.9258552865966578,-1.4321877017664523e-14,0,0.0
nh4_-10,b2291,6,0,0.9258552865966436,0.9258552865966612,-1.7652546091539992e-14,0,0.0
nh4_-10,b2744,14,0,0.9258552865966436,0.92585528659663,1.3433698597964394e-14,0,0.0
nh4_-10,b0480,17,4,0.9258552865966436,0.92585528659663,1.3433698597964394e-14,0,1.705123887064763e-07
nh4_-10,b4161,4,0,0.9258552865966436,0.92585528659663,1.3433698597964394e-14,0,0.0
nh4_-10,b0650,1,0,0.9258552865966436,0.92585528659663,1.3433698597964394e-14,0,0.0
nh4_-10,b4394,3,0,0.9258552865966436,0.92585528659663,1.3433698597964394e-14,0,0.0
nh4_-10,b0980,2,0,0.9258552865966436,0.92585528659663,1.3433698597964394e-14,0,0.0
nh4_-10,b2781,8,0,0.9258552865966436,0.92585528659663,1.3433698597964394e-14,0,0.0
nh4_-10,b2954,3,0,0.9258552865966436,0.92585528659663,1.3433698597964394e-14,0,0.0
nh4_-10,b1759,2,0,0.9258552865966436,0.92585528659663,1.3433698597964394e-14,0,0.0
nh4_-10,b0160,2,0,0.9258552865966436,0.9258552865966322,1.1324274851176595e-14,0,0.0
nh4_-10,b3365,1,0,0.9258552865966436,0.925855286596657,-1.3433698597964394e-14,0,0.0
nh4_-10,b3366,1,0,0.9258552865966436,0.925855286596657,-1.3433698597964394e-14,0,0.0
nh4_-10,b4073,2,0,0.9258552865966436,0.925855286596657,-1.3433698597964394e-14,0,0.0
nh4_-10,b4071,2,0,0.9258552865966436,0.925855286596657,-1.3433698597964394e-14,0,0.0
nh4_-10,b4070,2,0,0.9258552865966436,0.925855286596657,-1.3433698597964394e-14,0,0.0
nh4_-10,b4072,2,0,0.9258552865966436,0.925855286596657,-1.3433698597964394e-14,0,0.0
nh4_-10,b2035,3,0,0.9258552865966436,0.925855286596657,-1.3433698597964394e-14,0,0.0
nh4_-10,b2027,3,0,0.9258552865966436,0.925855286596657,-1.3433698597964394e-14,0,0.0
nh4_-10,b2033,1,0,0.9258552865966436,0.925855286596657,-1.3433698597964394e-14,0,0.0
nh4_-10,b2037,1,0,0.9258552865966436,0.925855286596657,-1.3433698597964394e-14,0,0.0
nh4_-10,b2034,1,0,0.9258552865966436,0.925855286596657,-1.3433698597964394e-14,0,0.0
nh4_-10,b2032,1,0,0.9258552865966436,0.925855286596657,-1.3433698597964394e-14,0,0.0
nh4_-10,b3114,2,4,0.9258552865966436,0.9258552865965364,1.0702549957386509e-13,0,1.7051238859582086e-07
nh4_-10,b0903,2,4,0.9258552865966436,0.925855286596658,-1.4432899320127035e-14,0,1.7051238859582086e-07
nh4_-10,b0902,2,4,0.9258552865966436,0.925855286596658,-1.4432899320127035e-14,0,1.7051238859582086e-07
nh4_-10,b2579,2,4,0.9258552865966436,0.925855286596658,-1.4432899320127035e-14,0,1.7051238859582086e-07
nh4_-10,b0273,1,441,0.9258552865966436,-1.2331307063416377e-15,0.9258552865966448,1,13264.87861771652
nh4_-10,b4254,1,441,0.9258552865966436,0.0,0.9258552865966436,1,13264.878617716522
nh4_-10,b3187,1,441,0.9258552865966436,-5.427428222949372e-13,0.9258552865971864,1,13264.87861771652
nh4_-10,b0907,2,441,0.9258552865966436,0.0,0.9258552865966436,1,13264.87861771652
nh4_-10,b0662,1,0,0.9258552865966436,0.9258552865966576,-1.4099832412739488e-14,0,0.0
nh4_-10,b1281,1,441,0.9258552865966436,-5.221509549269559e-16,0.925855286596644,1,13264.878617716522
nh4_-10,b2907,1,4,0.9258552865966436,0.9258552865966478,-4.329869796038111e-15,0,9.289400353477238e-05
nh4_-10,b0350,1,0,0.9258552865966436,0.9258552865966816,-3.7969627442180354e-14,0,0.0
nh4_-10,b3843,1,441,0.9258552865966436,4.50450645764937e-16,0.9258552865966432,1,13264.87861771652
nh4_-10,b2311,1,441,0.9258552865966436,0.0,0.9258552865966436,1,13264.878617716524
nh4_-10,b3835,1,43,0.9258552865966436,0.925855286596644,-4.440892098500626e-16,0,9.324884233201398e-05
nh4_-10,b2965,1,4,0.9258552865966436,0.9258552865966808,-3.730349362740527e-14,0,1.705123886235212e-07
nh4_-10,b0693,1,4,0.9258552865966436,0.9258552865966808,-3.730349362740527e-14,0,1.705123886235212e-07
nh4_-10,b3642,1,441,0.9258552865966436,-1.0443019098539105e-15,0.9258552865966444,1,13264.878617716524
nh4_-10,b2373,1,0,0.9258552865966436,0.9258552865966652,-2.1760371282653068e-14,0,0.0
nh4_-10,b1387,1,0,0.9258552865966436,0.9258552865966808,-3.730349362740527e-14,0,0.0
nh4_-10,b1394,2,0,0.9258552865966436,0.9258552865966808,-3.730349362740527e-14,0,0.0
nh4_-10,b1014,2,4,0.9258552865966436,0.9258552865966808,-3.730349362740527e-14,0,1.705123882792123e-07
nh4_-10,b0386,1,441,0.9258552865966436,0.0,0.9258552865966436,1,13264.878617716522
nh4_-10,b1391,1,0,0.9258552865966436,0.925855286596672,-2.853273173286652e-14,0,0.0
nh4_-10,b1390,1,0,0.9258552865966436,0.9258552865966858,-4.2299497238218464e-14,0,0.0
nh4_-10,b1392,1,0,0.9258552865966436,0.9258552865966858,-4.2299497238218464e-14,0,0.0
nh4_-10,b1388,1,0,0.9258552865966436,0.9258552865966858,-4.2299497238218464e-14,0,0.0
nh4_-10,b1389,1,0,0.9258552865966436,0.9258552865966858,-4.2299497238218464e-14,0,0.0
nh4_-10,b1398,1,4,0.9258552865966436,0.9258552865966858,-4.2299497238218464e-14,0,1.7051238866171994e-07
nh4_-10,b0133,1,441,0.9258552865966436,0.0,0.9258552865966436,1,13264.878617716524
nh4_-10,b1278,30,441,0.9258552865966436,0.0,0.9258552865966436,1,13264.878617716524
nh4_-10,b0087,1,441,0.9258552865966436,0.0,0.9258552865966436,1,13264.878617716524
nh4_-10,b2762,2,441,0.9258552865966436,0.0,0.9258552865966436,1,13264.878617716528
nh4_-10,b1489,2,8,0.9258552865966436,0.9258552865966584,-1.498801083243961e-14,0,9.306451592341171e-05
nh4_-10,b0114,1,57,0.9258552865966436,0.9258552865966766,-3.3084646133829665e-14,0,371.2194529896445
nh4_-10,b0115,1,57,0.9258552865966436,0.9258552865966496,-5.995204332975845e-15,0,371.2194529896445
nh4_-10,b1638,2,0,0.9258552865966436,0.9258552865966496,-6.106226635438361e-15,0,0.0
nh4_-10,b2564,1,441,0.9258552865966436,5.496923296445434e-16,0.925855286596643,1,13264.878617716524
nh4_-10,b0052,1,441,0.9258552865966436,0.0,0.9258552865966436,1,13264.878617716522
nh4_-10,b0766,2,0,0.9258552865966436,0.9258552865966336,9.769962616701378e-15,0,0.0
nh4_-10,b2320,1,441,0.9258552865966436,1.2078867741294845e-15,0.9258552865966424,1,13264.878617716524
nh4_-10,b3546,2,0,0.9258552865966436,0.9258552865966844,-4.0967229608668276e-14,0,0.0
nh4_-10,b1723,1,48,0.9258552865966436,0.9258552865966524,-8.992806499463768e-15,0,151.0444654501249
nh4_-10,b3916,3,51,0.9258552865966436,0.9258552865966584,-1.498801083243961e-14,0,295.63504302720423
nh4_-10,b3952,1,4,0.9258552865966436,0.9258552865966416,1.7763568394002505e-15,0,1.7051238857047358e-07
nh4_-10,b3951,1,4,0.9258552865966436,0.9258552865966416,1.7763568394002505e-15,0,1.7051238857047358e-07
nh4_-10,b3176,1,441,0.9258552865966436,1.852942187362325e-15,0.9258552865966416,1,13264.878617716522
nh4_-10,b2913,1,69,0.9258552865966436,0.9258552866032024,-6.558753540275575e-12,0,114.24194692635368
nh4_-10,b4025,1,57,0.9258552865966436,0.9258552865966854,-4.18554080283684e-14,0,266.52087356560634
nh4_-10,b2926,1,437,0.9258552865966436,0.759259198799114,0.1665960877975295,0,2569.546448743432
nh4_-10,b0767,1,51,0.9258552865966436,0.9258552865966084,3.497202527569243e-14,0,138.97245396620164
nh4_-10,b3385,1,0,0.9258552865966436,0.92585528659659,5.3623772089395074e-14,0,0.0
nh4_-10,b3612,1,435,0.9258552865966436,0.8747388596269782,0.0511164269696653,0,1786.9968663146772
nh4_-10,b0755,1,435,0.9258552865966436,0.874738859626974,0.0511164269696695,0,1786.9968663146772
nh4_-10,b4395,1,435,0.9258552865966436,0.874738859626974,0.0511164269696695,0,1786.9968663146772
nh4_-10,b0688,1,0,0.9258552865966436,0.9258552865966592,-1.5765166949677223e-14,0,0.0
nh4_-10,b2690,1,0,0.9258552865966436,0.9258552865966584,-1.4876988529977098e-14,0,0.0
nh4_-10,b0418,14,4,0.9258552865966436,0.9258552865966584,-1.4876988529977098e-14,0,1.7051238864822626e-07
nh4_-10,b1912,7,4,0.9258552865966436,0.9258552865966584,-1.4876988529977098e-14,0,1.7051238858617204e-07
nh4_-10,b2199,1,0,0.9258552865966436,0.9258552865966584,-1.4876988529977098e-14,0,0.0
nh4_-10,b2200,1,0,0.9258552865966436,0.9258552865966584,-1.4876988529977098e-14,0,0.0
nh4_-10,b2197,1,0,0.9258552865966436,0.9258552865966584,-1.4876988529977098e-14,0,0.0
nh4_-10,b2198,1,0,0.9258552865966436,0.9258552865966584,-1.4876988529977098e-14,0,0.0
nh4_-10,b2201,1,0,0.9258552865966436,0.9258552865966584,-1.4876988529977098e-14,0,0.0
nh4_-10,b1713,1,0,0.9258552865966436,0.9258552865966584,-1.4876988529977098e-14,0,0.0
nh4_-10,b1714,1,0,0.9258552865966436,0.9258552865966584,-1.4876988529977098e-14,0,0.0
nh4_-10,b1473,3,4,0.9258552865966436,0.9258552865966584,-1.4876988529977098e-14,0,1.705123886565355e-07
nh4_-10,b0576,2,0,0.9258552865966436,0.9258552865966584,-1.4876988529977098e-14,0,0.0
nh4_-10,b3493,1,46,0.9258552865966436,0.9258552865966584,-1.4876988529977098e-14,0,2.686156847420749
nh4_-10,b2987,1,46,0.9258552865966436,0.9258552865966606,-1.709743457922741e-14,0,2.686156847420749
nh4_-10,b3725,1,0,0.9258552865966436,0.9258552865966606,-1.709743457922741e-14,0,0.0
nh4_-10,b3726,1,0,0.9258552865966436,0.9258552865966668,-2.3425705819590803e-14,0,0.0
nh4_-10,b3727,1,0,0.9258552865966436,0.9258552865966668,-2.3425705819590803e-14,0,0.0
nh4_-10,b3728,1,0,0.9258552865966436,0.9258552865966668,-2.3425705819590803e-14,0,0.0
nh4_-10,b3821,42,0,0.9258552865966436,0.9258552865966668,-2.3425705819590803e-14,0,0.0
nh4_-10,b2048,1,4,0.9258552865966436,0.9258552865966668,-2.3425705819590803e-14,0,1.7051238859556778e-07
nh4_-10,b3412,1,441,0.9258552865966436,0.0,0.9258552865966436,1,13264.878617716524
nh4_-10,b3974,1,441,0.9258552865966436,0.0,0.9258552865966436,1,13264.878617716524
nh4_-10,b3258,1,4,0.9258552865966436,0.9258552865966664,-2.2870594307278225e-14,0,9.289400353476908e-05
nh4_-10,b1010,1,0,0.9258552865966436,0.9258552865966596,-1.609823385706477e-14,0,0.0
nh4_-10,b1378,1,51,0.9258552865966436,0.9258552865966592,-1.5765166949677223e-14,0,0.0518017661932815
nh4_-10,b0871,1,0,0.9258552865966436,0.9258552865966546,-1.1102230246251564e-14,0,0.0
nh4_-10,b4226,1,0,0.9258552865966436,0.9258552865966546,-1.1102230246251564e-14,0,0.0
nh4_-10,b2502,2,0,0.9258552865966436,0.9258552865966546,-1.1102230246251564e-14,0,0.0
nh4_-10,b1015,2,0,0.9258552865966436,0.9258552865966546,-1.1102230246251564e-14,0,0.0
nh4_-10,b0369,1,441,0.9258552865966436,5.883776255263139e-16,0.925855286596643,1,13264.87861771652
nh4_-10,b3956,1,47,0.9258552865966436,0.9258552865966738,-3.0309088572266774e-14,0,112.44002643374392
nh4_-10,b3639,2,441,0.9258552865966436,1.1787094761406797e-12,0.9258552865954648,1,13264.87861771653
nh4_-10,b3403,1,0,0.9258552865966436,0.9258552865966418,1.6653345369377348e-15,0,0.0
nh4_-10,b2920,1,0,0.9258552865966436,0.925855286596651,-7.438494264988549e-15,0,0.0
nh4_-10,b2501,2,46,0.9258552865966436,0.9258552865966508,-7.327471962526033e-15,0,39.84678180172898
nh4_-10,b4383,2,7,0.9258552865966436,0.9258552865966986,-5.5067062021407764e-14,0,2.7177805722309853e-06
nh4_-10,b3380,1,7,0.9258552865966436,0.9258552865966352,8.437694987151191e-15,0,2.717780572039605e-06
nh4_-10,b3850,2,441,0.9258552865966436,-2.013144623549141e-16,0.9258552865966436,1,13264.878617716518
nh4_-10,b2536,1,8,0.9258552865966436,0.925855286596672,-2.8421709430404014e-14,0,9.306451592338904e-05
nh4_-10,b1702,1,0,0.9258552865966436,0.9258552865966444,-8.881784197001252e-16,0,0.0
nh4_-10,b0383,1,0,0.9258552865966436,0.9258552865966444,-8.881784197001252e-16,0,0.0
nh4_-10,b4005,1,441,0.9258552865966436,-8.72749167380337e-14,0.9258552865967308,1,13264.878617716522
nh4_-10,b2499,1,441,0.9258552865966436,-1.9698577793443816e-14,0.9258552865966632,1,13264.878617716524
nh4_-10,b2026,2,441,0.9258552865966436,1.1660586351702584e-15,0.9258552865966424,1,13264.878617716522
nh4_-10,b2476,1,441,0.9258552865966436,1.5193418296452574e-14,0.9258552865966284,1,13264.87861771653
nh4_-10,b2557,1,441,0.9258552865966436,-8.057326962479411e-15,0.9258552865966516,1,13264.878617716524
nh4_-10,b2024,1,441,0.9258552865966436,1.1660586351702584e-15,0.9258552865966424,1,13264.878617716524
nh4_-10,b0194,1,0,0.9258552865966436,0.9258552865966856,-4.218847493575596e-14,0,0.0
nh4_-10,b1207,1,9,0.9258552865966436,0.9258552865966454,-1.887379141862766e-15,0,3.73008718799067
nh4_-10,b0908,1,441,0.9258552865966436,-2.5216183951127745e-16,0.9258552865966436,1,13264.87861771652
nh4_-10,b4160,7,441,0.9258552865966436,1.3017725767039017e-15,0.9258552865966422,1,13264.878617716524
nh4_-10,b4388,1,69,0.9258552865966436,0.9258552865966528,-9.325873406851317e-15,0,114.24194692635707
nh4_-10,b2585,7,441,0.9258552865966436,-5.496923296445434e-16,0.925855286596644,1,13264.878617716522
nh4_-10,b2297,2,4,0.9258552865966436,0.9258552865966508,-7.327471962526033e-15,0,9.289400353476896e-05
nh4_-10,b2458,1,0,0.9258552865966436,0.9258552865966528,-9.325873406851317e-15,0,0.0
nh4_-10,b3634,1,441,0.9258552865966436,4.259016170085921e-12,0.9258552865923844,1,13264.878617716528
nh4_-10,b0692,2,4,0.9258552865966436,0.9258552865966724,-2.8976820942716586e-14,0,9.289400353477356e-05
nh4_-10,b3073,1,0,0.9258552865966436,0.9258552865966524,-8.992806499463768e-15,0,0.0
nh4_-10,b0854,1,0,0.9258552865966436,0.9258552865966524,-8.992806499463768e-15,0,0.0
nh4_-10,b1123,2,0,0.9258552865966436,0.9258552865966524,-8.992806499463768e-15,0,0.0
nh4_-10,b0856,1,0,0.9258552865966436,0.9258552865966524,-8.992806499463768e-15,0,0.0
nh4_-10,b1442,2,0,0.9258552865966436,0.9258552865966524,-8.992806499463768e-15,0,0.0
nh4_-10,b0857,1,0,0.9258552865966436,0.9258552865966524,-8.992806499463768e-15,0,0.0
nh4_-10,b0855,1,0,0.9258552865966436,0.9258552865966524,-8.992806499463768e-15,0,0.0
nh4_-10,b1124,2,0,0.9258552865966436,0.9258552865966524,-8.992806499463768e-15,0,0.0
nh4_-10,b1443,2,0,0.9258552865966436,0.9258552865966524,-8.992806499463768e-15,0,0.0
nh4_-10,b1440,2,0,0.9258552865966436,0.9258552865966524,-8.992806499463768e-15,0,0.0
nh4_-10,b1126,2,0,0.9258552865966436,0.9258552865966524,-8.992806499463768e-15,0,0.0
nh4_-10,b1125,2,0,0.9258552865966436,0.9258552865966524,-8.992806499463768e-15,0,0.0
nh4_-10,b1441,2,0,0.9258552865966436,0.9258552865966524,-8.992806499463768e-15,0,0.0
nh4_-10,b1296,1,4,0.9258552865966436,0.9258552865966524,-8.992806499463768e-15,0,1.70512388657808e-07
nh4_-10,b2407,5,4,0.9258552865966436,0.9258552865966524,-8.992806499463768e-15,0,1.705123886022855e-07
nh4_-10,b1636,1,0,0.9258552865966436,0.9258552865966524,-8.992806499463768e-15,0,0.0
nh4_-10,b3826,1,4,0.9258552865966436,0.9258552865966524,-8.992806499463768e-15,0,1.7051238840667086e-07
nh4_-10,b1854,1,4,0.9258552865966436,0.9258552865966524,-8.992806499463768e-15,0,1.7051238851131466e-07
nh4_-10,b1676,1,4,0.9258552865966436,0.9258552865966524,-8.992806499463768e-15,0,1.7051238851131466e-07
nh4_-10,b3831,1,0,0.9258552865966436,0.9258552865966524,-8.992806499463768e-15,0,0.0
nh4_-10,b1007,1,0,0.9258552865966436,0.9258552865966524,-8.992806499463768e-15,0,0.0
nh4_-10,b1012,1,0,0.9258552865966436,0.9258552865966524,-8.992806499463768e-15,0,0.0
nh4_-10,b3029,2,0,0.9258552865966436,0.9258552865966524,-8.992806499463768e-15,0,0.0
nh4_-10,b1692,2,441,0.9258552865966436,-1.9876894529646992e-16,0.9258552865966436,1,13264.878617716524
nh4_-10,b0750,1,441,0.9258552865966436,5.60711545994708e-13,0.9258552865960828,1,13264.878617716524
nh4_-10,b4094,1,4,0.9258552865966436,0.9258552865966382,5.329070518200751e-15,0,9.289400353477077e-05
nh4_-10,b1662,1,441,0.9258552865966436,-2.748461648222716e-15,0.9258552865966464,1,13264.878617716522
nh4_-10,b0415,1,441,0.9258552865966436,0.0,0.9258552865966436,1,13264.878617716522
nh4_-10,b3752,1,0,0.9258552865966436,0.9258552865966664,-2.2870594307278225e-14,0,0.0
nh4_-10,b0063,3,0,0.9258552865966436,0.925855286596662,-1.8540724511240114e-14,0,0.0
nh4_-10,b4198,1,0,0.9258552865966436,0.925855286596662,-1.8540724511240114e-14,0,0.0
nh4_-10,b3583,1,0,0.9258552865966436,0.925855286596662,-1.8540724511240114e-14,0,0.0
nh4_-10,b0061,1,0,0.9258552865966436,0.925855286596662,-1.8540724511240114e-14,0,0.0
nh4_-10,b3629,1,0,0.9258552865966436,0.925855286596662,-1.8540724511240114e-14,0,0.0
nh4_-10,b2687,1,441,0.9258552865966436,-6.863049297442508e-13,0.92585528659733,1,13264.878617716524
nh4_-10,b3748,1,0,0.9258552865966436,0.925855286596672,-2.8421709430404014e-14,0,0.0
nh4_-10,b3749,1,0,0.9258552865966436,0.9258552865966416,1.887379141862766e-15,0,0.0
nh4_-10,b3751,1,0,0.9258552865966436,0.9258552865966416,1.887379141862766e-15,0,0.0
nh4_-10,b3750,1,0,0.9258552865966436,0.9258552865966416,1.887379141862766e-15,0,0.0
nh4_-10,b3904,1,0,0.9258552865966436,0.9258552865966416,1.887379141862766e-15,0,0.0
nh4_-10,b3902,1,0,0.9258552865966436,0.9258552865966416,1.887379141862766e-15,0,0.0
nh4_-10,b2234,4,4,0.9258552865966436,0.9258552865966416,1.887379141862766e-15,0,1.7051238870280398e-07
nh4_-10,b2235,4,4,0.9258552865966436,0.925855286596676,-3.2529534621517087e-14,0,1.7051238870280398e-07
nh4_-10,b2676,4,0,0.9258552865966436,0.925855286596676,-3.2529534621517087e-14,0,0.0
nh4_-10,b2675,4,0,0.9258552865966436,0.9258552865966332,1.0325074129013956e-14,0,0.0
nh4_-10,b4238,4,61,0.9258552865966436,0.9258552865966332,1.0325074129013956e-14,0,0.0598921757083197
nh4_-10,b4237,4,61,0.9258552865966436,0.925855286596628,1.554312234475219e-14,0,0.0598921757083197
nh4_-10,b3386,1,50,0.9258552865966436,0.9258552865966202,2.3314683517128287e-14,0,59.0751265382016
nh4_-10,b4301,1,50,0.9258552865966436,0.9258552865966428,7.771561172376098e-16,0,59.0751265382016
nh4_-10,b2914,1,445,0.9258552865966436,0.334438245296319,0.5914170413003246,0,3138.77804641216
nh4_-10,b0638,1,0,0.9258552865966436,0.9258552865966868,-4.329869796038111e-14,0,0.0
nh4_-10,b1683,6,0,0.9258552865966436,0.9258552865966864,-4.2743586448068527e-14,0,0.0
nh4_-10,b1679,4,0,0.9258552865966436,0.9258552865966864,-4.2743586448068527e-14,0,0.0
nh4_-10,b1680,4,0,0.9258552865966436,0.9258552865966864,-4.2743586448068527e-14,0,0.0
nh4_-10,b1682,6,0,0.9258552865966436,0.9258552865966864,-4.2743586448068527e-14,0,0.0
nh4_-10,b1681,6,0,0.9258552865966436,0.9258552865966864,-4.2743586448068527e-14,0,0.0
nh4_-10,b1684,2,0,0.9258552865966436,0.9258552865966864,-4.2743586448068527e-14,0,0.0
nh4_-10,b0222,1,4,0.9258552865966436,0.9258552865966864,-4.2743586448068527e-14,0,1.7051238857357176e-07
nh4_-10,b1745,1,0,0.9258552865966436,0.9258552865966864,-4.2743586448068527e-14,0,0.0
nh4_-10,b2751,1,441,0.9258552865966436,1.4414574970800777e-15,0.925855286596642,1,13264.87861771653
nh4_-10,b2752,1,441,0.9258552865966436,4.560380086715404e-15,0.925855286596639,1,13264.878617716524
nh4_-10,b2705,1,0,0.9258552865966436,0.9258552865966766,-3.3084646133829665e-14,0,0.0
nh4_-10,b2703,1,0,0.9258552865966436,0.9258552865966656,-2.220446049250313e-14,0,0.0
nh4_-10,b2704,1,0,0.9258552865966436,0.9258552865966656,-2.220446049250313e-14,0,0.0
nh4_-10,b2702,1,0,0.9258552865966436,0.9258552865966656,-2.220446049250313e-14,0,0.0
nh4_-10,b2472,1,441,0.9258552865966436,-1.6810789300751824e-16,0.9258552865966436,1,13264.878617716526
nh4_-10,b3591,1,4,0.9258552865966436,0.9258552865966756,-3.219646771412954e-14,0,9.289400353477024e-05
nh4_-10,b1764,1,4,0.9258552865966436,0.9258552865966454,-1.887379141862766e-15,0,1.705123888719494e-07
nh4_-10,b2264,1,0,0.9258552865966436,0.9258552865966454,-1.887379141862766e-15,0,0.0
nh4_-10,b0586,1,0,0.9258552865966436,0.9258552865966454,-1.887379141862766e-15,0,0.0
nh4_-10,b3607,1,441,0.9258552865966436,3.358049756967017e-15,0.9258552865966402,1,13264.878617716522
nh4_-10,b2366,1,4,0.9258552865966436,0.9258552865966764,-3.2751579226442124e-14,0,9.289400353476984e-05
nh4_-10,b2797,1,0,0.9258552865966436,0.9258552865966404,2.997602166487923e-15,0,0.0
nh4_-10,b4471,1,0,0.9258552865966436,0.9258552865966404,2.997602166487923e-15,0,0.0
nh4_-10,b1814,1,0,0.9258552865966436,0.9258552865966404,2.997602166487923e-15,0,0.0
nh4_-10,b0893,2,4,0.9258552865966436,0.9258552865966404,2.997602166487923e-15,0,1.705123887919641e-07
nh4_-10,b2796,1,4,0.9258552865966436,0.9258552865966404,2.997602166487923e-15,0,1.705123886445659e-07
nh4_-10,b3116,2,8,0.9258552865966436,0.9258552865966404,2.997602166487923e-15,0,9.306451592342136e-05
nh4_-10,b3089,2,4,0.9258552865966436,0.9258552865966404,2.997602166487923e-15,0,9.2894003534771e-05
nh4_-10,b2154,1,0,0.9258552865966436,0.9258552865966396,3.774758283725532e-15,0,0.0
nh4_-10,b0355,1,0,0.9258552865966436,0.9258552865966396,3.774758283725532e-15,0,0.0
nh4_-10,b1744,1,0,0.9258552865966436,0.9258552865966396,3.774758283725532e-15,0,0.0
nh4_-10,b1746,1,4,0.9258552865966436,0.9258552865966396,3.774758283725532e-15,0,1.705123885422743e-07
nh4_-10,b2263,1,0,0.9258552865966436,0.9258552865966396,3.774758283725532e-15,0,0.0
nh4_-10,b3368,3,441,0.9258552865966436,7.707066914635236e-17,0.9258552865966434,1,13264.878617716522
nh4_-10,b3281,1,441,0.9258552865966436,0.0,0.9258552865966436,1,13264.878617716524
nh4_-10,b0388,1,441,0.9258552865966436,0.0,0.9258552865966436,1,13264.878617716524
nh4_-10,b3390,1,441,0.9258552865966436,3.932888557109014e-17,0.9258552865966436,1,13264.878617716528
nh4_-10,b3939,1,441,0.9258552865966436,1.1446895658923576e-14,0.925855286596632,1,13264.878617716522
nh4_-10,b1981,1,0,0.9258552865966436,0.9258552865966536,-1.021405182655144e-14,0,0.0
nh4_-10,b1206,1,46,0.9258552865966436,0.9258552865966596,-1.6209256159527282e-14,0,0.1836257332460621
nh4_-10,b1584,2,0,0.9258552865966436,0.9258552865966552,-1.1546319456101628e-14,0,0.0
nh4_-10,b1599,1,0,0.9258552865966436,0.9258552865966552,-1.1546319456101628e-14,0,0.0
nh4_-10,b1600,1,0,0.9258552865966436,0.9258552865966552,-1.1546319456101628e-14,0,0.0
nh4_-10,b3908,1,0,0.9258552865966436,0.9258552865966552,-1.1546319456101628e-14,0,0.0
nh4_-10,b1656,1,0,0.9258552865966436,0.9258552865966552,-1.1546319456101628e-14,0,0.0
nh4_-10,b1646,1,0,0.9258552865966436,0.9258552865966552,-1.1546319456101628e-14,0,0.0
nh4_-10,b1525,2,0,0.9258552865966436,0.9258552865966552,-1.1546319456101628e-14,0,0.0
nh4_-10,b2661,1,0,0.9258552865966436,0.9258552865966552,-1.1546319456101628e-14,0,0.0
nh4_-10,b2260,1,4,0.9258552865966436,0.9258552865966552,-1.1546319456101628e-14,0,1.7051238839413773e-07
nh4_-10,b2261,1,0,0.9258552865966436,0.9258552865966552,-1.1546319456101628e-14,0,0.0
nh4_-10,b0721,1,91,0.9258552865966436,0.9258552865966554,-1.1879386363489175e-14,0,962.335256100569
nh4_-10,b0722,1,91,0.9258552865966436,0.9258552865966494,-5.8841820305133305e-15,0,962.335256100569
nh4_-10,b0724,1,91,0.9258552865966436,0.9258552865966494,-5.8841820305133305e-15,0,962.335256100569
nh4_-10,b0723,1,91,0.9258552865966436,0.9258552865966494,-5.8841820305133305e-15,0,962.335256100569
nh4_-10,b0728,1,59,0.9258552865966436,0.9258552865966494,-5.8841820305133305e-15,0,86.09438644245458
nh4_-10,b0729,1,59,0.9258552865966436,0.9258552865966494,-5.8841820305133305e-15,0,86.09438644245458
nh4_-10,b1521,1,0,0.9258552865966436,0.9258552865966494,-5.8841820305133305e-15,0,0.0
nh4_-10,b2464,1,0,0.9258552865966436,0.9258552865966494,-5.8841820305133305e-15,0,0.0
nh4_-10,b0008,1,0,0.9258552865966436,0.9258552865966428,6.661338147750939e-16,0,0.0
nh4_-10,b3062,1,0,0.9258552865966436,0.9258552865966428,6.661338147750939e-16,0,0.0
nh4_-10,b3061,1,0,0.9258552865966436,0.9258552865966428,6.661338147750939e-16,0,0.0
nh4_-10,b3063,1,0,0.9258552865966436,0.9258552865966428,6.661338147750939e-16,0,0.0
nh4_-10,b0368,1,0,0.9258552865966436,0.9258552865966428,6.661338147750939e-16,0,0.0
nh4_-10,b3790,1,4,0.9258552865966436,0.9258552865966428,6.661338147750939e-16,0,1.7051238860612745e-07
nh4_-10,b3791,1,4,0.9258552865966436,0.9258552865966428,6.661338147750939e-16,0,1.7051238860612745e-07
nh4_-10,b2038,1,0,0.9258552865966436,0.9258552865966428,6.661338147750939e-16,0,0.0
nh4_-10,b2040,1,0,0.9258552865966436,0.9258552865966428,6.661338147750939e-16,0,0.0
nh4_-10,b2041,1,0,0.9258552865966436,0.9258552865966428,6.661338147750939e-16,0,0.0
nh4_-10,b3788,1,0,0.9258552865966436,0.9258552865966428,6.661338147750939e-16,0,0.0
nh4_-10,b0915,1,441,0.9258552865966436,-1.9793658798182847e-16,0.9258552865966436,1,13264.878617716566
nh4_-10,b2095,1,4,0.9258552865966436,0.925855286596629,1.454392162258955e-14,0,9.28940035347684e-05
nh4_-10,b3137,1,0,0.9258552865966436,0.9258552865966546,-1.1102230246251564e-14,0,0.0
nh4_-10,b2096,1,0,0.9258552865966436,0.9258552865966546,-1.1102230246251564e-14,0,0.0
nh4_-10,b3132,1,0,0.9258552865966436,0.9258552865966546,-1.1102230246251564e-14,0,0.0
nh4_-10,b0166,1,441,0.9258552865966436,-4.724110417122382e-16,0.925855286596644,1,13264.878617716524
nh4_-10,b2480,1,4,0.9258552865966436,0.9258552865966212,2.2426505097428162e-14,0,9.289400353476838e-05
nh4_-10,b0066,1,0,0.9258552865966436,0.9258552865966304,1.2989609388114332e-14,0,0.0
nh4_-10,b0067,1,0,0.9258552865966436,0.9258552865966304,1.2989609388114332e-14,0,0.0
nh4_-10,b0068,1,0,0.9258552865966436,0.9258552865966304,1.2989609388114332e-14,0,0.0
nh4_-10,b3616,1,4,0.9258552865966436,0.9258552865966304,1.2989609388114332e-14,0,1.7051238896025025e-07
nh4_-10,b3772,1,441,0.9258552865966436,-3.3413779683801677e-16,0.9258552865966438,1,13264.878617716524
nh4_-10,b3117,1,441,0.9258552865966436,0.0,0.9258552865966436,1,13264.878617716524
nh4_-10,b1719,1,8,0.9258552865966436,0.925855286596646,-2.55351295663786e-15,0,9.306451592347326e-05
nh4_-10,b3823,1,0,0.9258552865966436,0.9258552865966658,-2.2315482794965646e-14,0,0.0
nh4_-10,b3992,1,441,0.9258552865966436,1.0982570353355212e-15,0.9258552865966424,1,13264.878617716528
nh4_-10,b3990,1,441,0.9258552865966436,0.0,0.9258552865966436,1,13264.878617716522
nh4_-10,b0423,1,441,0.9258552865966436,0.0,0.9258552865966436,1,13264.87861771652
nh4_-10,b4407,1,441,0.9258552865966436,0.0,0.9258552865966436,1,13264.878617716524
nh4_-10,b2935,2,441,0.9258552865966436,0.0,0.9258552865966436,1,13264.878617716524
nh4_-10,b2465,2,441,0.9258552865966436,0.0,0.9258552865966436,1,13264.878617716522
nh4_-10,b0997,2,0,0.9258552865966436,0.9258552865966442,-6.661338147750939e-16,0,0.0
nh4_-10,b0996,2,0,0.9258552865966436,0.9258552865966772,-3.3750779948604765e-14,0,0.0
nh4_-10,b2827,1,441,0.9258552865966436,4.528328373888728e-16,0.9258552865966432,1,13264.87861771652
nh4_-10,b1106,1,0,0.9258552865966436,0.9258552865966688,-2.5313084961453566e-14,0,0.0
nh4_-10,b0417,1,441,0.9258552865966436,-4.724110417122382e-16,0.925855286596644,1,13264.878617716522
nh4_-10,b3993,1,441,0.9258552865966436,0.0,0.9258552865966436,1,13264.878617716524
nh4_-10,b3919,1,56,0.9258552865966436,0.925855286596669,-2.55351295663786e-14,0,784.7769778034567
nh4_-10,b0613,1,0,0.9258552865966436,0.9258552865966736,-3.0198066269804264e-14,0,0.0
nh4_-10,b0888,1,5,0.9258552865966436,0.9258552865966736,-3.0198066269804264e-14,0,0.2633365658750904
nh4_-10,b4239,1,0,0.9258552865966436,0.9258552865966684,-2.475797344914099e-14,0,0.0
nh4_-10,b1897,1,0,0.9258552865966436,0.9258552865966684,-2.475797344914099e-14,0,0.0
nh4_-10,b1896,1,0,0.9258552865966436,0.9258552865966684,-2.475797344914099e-14,0,0.0
nh4_-10,b3519,1,0,0.9258552865966436,0.9258552865966684,-2.475797344914099e-14,0,0.0
nh4_-10,b1197,1,0,0.9258552865966436,0.9258552865966684,-2.475797344914099e-14,0,0.0
nh4_-10,b4240,1,0,0.9258552865966436,0.9258552865966684,-2.475797344914099e-14,0,0.0
nh4_-10,b1260,3,441,0.9258552865966436,7.497379604819054e-16,0.9258552865966428,1,13264.878617716522
nh4_-10,b1261,3,441,0.9258552865966436,0.0,0.9258552865966436,1,13264.878617716522
nh4_-10,b3384,1,4,0.9258552865966436,0.9258552865966408,2.775557561562892e-15,0,9.289400353477066e-05
nh4_-10,b3709,1,4,0.9258552865966436,0.9258552865966562,-1.2656542480726783e-14,0,1.70512388464538e-07
nh4_-10,b0509,1,0,0.9258552865966436,0.9258552865966562,-1.2656542480726783e-14,0,0.0
nh4_-10,b3125,1,0,0.9258552865966436,0.9258552865966562,-1.2656542480726783e-14,0,0.0
nh4_-10,b3991,1,441,0.9258552865966436,1.7321738196115402e-15,0.9258552865966416,1,13264.878617716524
nh4_-10,b1637,1,0,0.9258552865966436,0.9258552865966532,-9.658940314238862e-15,0,0.0
nh4_-10,b1907,1,0,0.9258552865966436,0.9258552865966364,7.216449660063518e-15,0,0.0
nh4_-10,b0179,1,441,0.9258552865966436,2.4671425775040816e-16,0.9258552865966432,1,13264.878617716522
nh4_-10,b0085,1,441,0.9258552865966436,0.0,0.9258552865966436,1,13264.878617716502
nh4_-10,b3787,1,0,0.9258552865966436,0.9258552865966424,1.2212453270876722e-15,0,0.0
nh4_-10,b3786,1,0,0.9258552865966436,0.925855286596616,2.7422508708241367e-14,0,0.0
nh4_-10,b0181,1,441,0.9258552865966436,1.417233125136715e-15,0.925855286596642,1,13264.878617716524
nh4_-10,b3189,1,441,0.9258552865966436,0.0,0.9258552865966436,1,13264.878617716522
nh4_-10,b0090,1,441,0.9258552865966436,0.0,0.9258552865966436,1,13264.87861771652
nh4_-10,b0088,1,441,0.9258552865966436,0.0,0.9258552865966436,1,13264.878617716528
nh4_-10,b0091,1,441,0.9258552865966436,0.0,0.9258552865966436,1,13264.878617716524
nh4_-10,b3972,1,441,0.9258552865966436,0.0,0.9258552865966436,1,13264.878617716522
nh4_-10,b0841,2,441,0.9258552865966436,0.0,0.9258552865966436,1,13264.878617716524
nh4_-10,b3057,2,441,0.9258552865966436,0.0,0.9258552865966436,1,13264.87861771652
nh4_-10,b0174,1,441,0.9258552865966436,0.0,0.9258552865966436,1,13264.878617716524
nh4_-10,b0759,1,4,0.9258552865966436,0.9258552865966546,-1.1102230246251564e-14,0,9.289400353476976e-05
nh4_-10,b2036,1,4,0.9258552865966436,0.92585528659665,-6.439293542825908e-15,0,1.705123886420088e-07
nh4_-10,b2028,1,0,0.9258552865966436,0.92585528659665,-6.439293542825908e-15,0,0.0
nh4_-10,b2255,2,0,0.9258552865966436,0.92585528659665,-6.439293542825908e-15,0,0.0
nh4_-10,b2253,1,0,0.9258552865966436,0.92585528659665,-6.439293542825908e-15,0,0.0
nh4_-10,b0758,1,0,0.9258552865966436,0.92585528659665,-6.439293542825908e-15,0,0.0
nh4_-10,b0505,1,4,0.9258552865966436,0.92585528659665,-6.439293542825908e-15,0,1.7051238861076421e-07
nh4_-10,b0086,1,441,0.9258552865966436,-3.1494069447482553e-16,0.9258552865966438,1,13264.878617716522
nh4_-10,b0096,1,441,0.9258552865966436,4.9642939844041534e-14,0.925855286596594,1,13264.878617716524
nh4_-10,b2258,1,4,0.9258552865966436,0.9258552865966636,-1.998401444325281e-14,0,9.289400353477024e-05
nh4_-10,b4544,1,0,0.9258552865966436,0.925855286596651,-7.438494264988549e-15,0,0.0
nh4_-10,b4233,2,0,0.9258552865966436,0.925855286596651,-7.438494264988549e-15,0,0.0
nh4_-10,b0171,1,441,0.9258552865966436,1.87356480634309e-15,0.9258552865966416,1,13264.878617716528
nh4_-10,b2256,1,0,0.9258552865966436,0.9258552865966496,-6.217248937900877e-15,0,0.0
nh4_-10,b2254,1,0,0.9258552865966436,0.9258552865966464,-2.997602166487923e-15,0,0.0
nh4_-10,b3803,1,441,0.9258552865966436,-3.4388075337313003e-16,0.9258552865966438,1,13264.878617716524
nh4_-10,b3804,1,441,0.9258552865966436,0.0,0.9258552865966436,1,13264.878617716511
nh4_-10,b3997,1,441,0.9258552865966436,0.0,0.9258552865966436,1,13264.878617716531
nh4_-10,b2498,1,0,0.9258552865966436,0.9258552865966422,1.3322676295501878e-15,0,0.0
nh4_-10,b1011,1,0,0.9258552865966436,0.925855286596664,-2.042810365310288e-14,0,0.0
nh4_-10,b2497,1,0,0.9258552865966436,0.925855286596664,-2.042810365310288e-14,0,0.0
nh4_-10,b1006,1,4,0.9258552865966436,0.925855286596664,-2.042810365310288e-14,0,1.7051238864917573e-07
nh4_-10,b0517,1,0,0.9258552865966436,0.925855286596664,-2.042810365310288e-14,0,0.0
nh4_-10,b0524,1,441,0.9258552865966436,-6.298813889496513e-16,0.9258552865966442,1,13264.878617716511
nh4_-10,b4258,1,0,0.9258552865966436,0.9258552865966594,-1.5876189252139742e-14,0,0.0
nh4_-10,b2682,1,0,0.9258552865966436,0.9258552865966412,2.4424906541753444e-15,0,0.0
nh4_-10,b2683,1,0,0.9258552865966436,0.9258552865966412,2.4424906541753444e-15,0,0.0
nh4_-10,b3572,1,0,0.9258552865966436,0.9258552865966412,2.4424906541753444e-15,0,0.0
nh4_-10,b4197,1,0,0.9258552865966436,0.9258552865966804,-3.697042672001771e-14,0,0.0
nh4_-10,b2882,1,0,0.9258552865966436,0.9258552865966804,-3.697042672001771e-14,0,0.0
nh4_-10,b3565,2,0,0.9258552865966436,0.9258552865966772,-3.3639757646142243e-14,0,0.0
nh4_-10,b3579,1,0,0.9258552865966436,0.9258552865966628,-1.9428902930940243e-14,0,0.0
nh4_-10,b3577,1,0,0.9258552865966436,0.9258552865966628,-1.9428902930940243e-14,0,0.0
nh4_-10,b3578,1,0,0.9258552865966436,0.9258552865966628,-1.9428902930940243e-14,0,0.0
nh4_-10,b3567,1,0,0.9258552865966436,0.9258552865966628,-1.9428902930940243e-14,0,0.0
nh4_-10,b3568,1,0,0.9258552865966436,0.9258552865966628,-1.9428902930940243e-14,0,0.0
nh4_-10,b3566,1,0,0.9258552865966436,0.9258552865966628,-1.9428902930940243e-14,0,0.0
nh4_-10,b4031,1,0,0.9258552865966436,0.9258552865966628,-1.9428902930940243e-14,0,0.0
nh4_-10,b1857,1,0,0.9258552865966436,0.9258552865966628,-1.9428902930940243e-14,0,0.0
nh4_-10,b1859,1,0,0.9258552865966436,0.9258552865966628,-1.9428902930940243e-14,0,0.0
nh4_-10,b1858,1,0,0.9258552865966436,0.9258552865966628,-1.9428902930940243e-14,0,0.0
