gene_id,n_gpr_rxns,n_changed,b_wt,b_ko,delta_b,y_essential,kV
b0870,5,212,0.9497821637643239,0.949773436021466,8.727742857872478e-06,0,5.371022308116922
b2551,6,404,0.9497821637643239,0.9437784167400327,0.006003747024291184,0,319.90519446685965
b3368,3,437,0.9497821637643239,0.0,0.9497821637643239,1,16956.61664308646
b2436,1,249,0.9497821637643239,0.9497622753233901,1.9888440933812923e-05,0,6.777284975005441
b3500,1,10,0.9497821637643239,0.9497821637642806,4.3298697960381105e-14,0,75.53580290275414
b0945,2,13,0.9497821637643239,0.9497821637642937,3.019806626980426e-14,0,59.126511808220116
b4467,3,8,0.9497821637643239,0.9497821637643055,1.84297022087776e-14,0,40.26507369114299
b2979,3,8,0.9497821637643239,0.9497821637643055,1.84297022087776e-14,0,40.26507369114299
b4468,3,8,0.9497821637643239,0.9497821637643055,1.84297022087776e-14,0,40.26507369114299
b3916,3,368,0.9497821637643239,0.9472636039770453,0.0025185597872785515,0,121.62391397795604
b1260,3,437,0.9497821637643239,0.0,0.9497821637643239,1,16956.616643086465
b1261,3,437,0.9497821637643239,0.0,0.9497821637643239,1,16956.61664308646
b3426,1,12,0.9497821637643239,0.9497821637642918,3.2085445411667024e-14,0,70.40961934259222
b2243,3,8,0.9497821637643239,0.9497821637642975,2.6423307986078726e-14,0,40.26507369119406
b2242,3,8,0.9497821637643239,0.9497821637642975,2.6423307986078726e-14,0,40.26507369119406
b2241,3,8,0.9497821637643239,0.9497821637642975,2.6423307986078726e-14,0,40.26507369119406
b3770,5,437,0.9497821637643239,0.0,0.9497821637643239,1,16956.61664308646
b4054,4,437,0.9497821637643239,0.0,0.9497821637643239,1,16956.61664308646
b3281,1,437,0.9497821637643239,0.0,0.9497821637643239,1,16956.61664308646
b1692,3,437,0.9497821637643239,0.0,0.9497821637643239,1,16956.616643086465
b0243,1,437,0.9497821637643239,0.0,0.9497821637643239,1,16956.61664308647
b1613,1,8,0.9497821637643239,0.9497821637643024,2.1538326677728037e-14,0,6.7816696693959635
b0414,2,437,0.9497821637643239,0.0,0.9497821637643239,1,16956.61664308646
b3041,1,437,0.9497821637643239,0.0,0.9497821637643239,1,16956.616643086465
b0025,2,437,0.9497821637643239,0.0,0.9497821637643239,1,16956.616643086465
b0446,4,12,0.9497821637643239,0.949782163764318,5.88418203051333e-15,0,48.84003804733993
b3812,2,437,0.9497821637643239,0.0,0.9497821637643239,1,16956.61664308646
b0844,2,437,0.9497821637643239,0.0,0.9497821637643239,1,16956.61664308646
b1662,1,437,0.9497821637643239,0.0,0.9497821637643239,1,16956.616643086465
b0421,2,437,0.9497821637643239,0.0,0.9497821637643239,1,16956.616643086465
b3804,1,437,0.9497821637643239,0.0,0.9497821637643239,1,16956.616643086465
b3997,1,437,0.9497821637643239,0.0,0.9497821637643239,1,16956.616643086476
b4382,2,10,0.9497821637643239,0.9497821637643215,2.4424906541753444e-15,0,6.555888569716407
b0126,1,437,0.9497821637643239,0.0,0.9497821637643239,1,16956.616643086487
b0339,1,437,0.9497821637643239,0.0,0.9497821637643239,1,16956.616643086458
b4006,2,437,0.9497821637643239,0.0,0.9497821637643239,1,16956.61664308646
b2508,1,383,0.9497821637643239,0.9456462840283939,0.004135879735929993,0,71.03883600931302
b3846,19,440,0.9497821637643239,0.9361160507516729,0.013666113012650971,0,44.744575358919036
b2341,16,439,0.9497821637643239,0.9361160507516676,0.0136661130126563,0,42.107401810862974
b2400,1,437,0.9497821637643239,0.0,0.9497821637643239,1,16956.61664308646
b3993,1,437,0.9497821637643239,0.0,0.9497821637643239,1,16956.61664308646
b2066,4,12,0.9497821637643239,0.9497821637642966,2.731148640577885e-14,0,74.77282734326687
b0238,3,10,0.9497821637643239,0.9497821637642837,4.0190073491430667e-14,0,39.76576409950504
b0125,2,10,0.9497821637643239,0.9497821637642837,4.0190073491430667e-14,0,39.76576409950504
b2518,8,10,0.9497821637643239,0.9497821637643252,-1.3322676295501878e-15,0,39.76576410271894
b0474,13,193,0.9497821637643239,0.9497764168851768,5.746879147117134e-06,0,64.20993156690444
b1062,1,437,0.9497821637643239,0.0,0.9497821637643239,1,16956.61664308647
b1281,1,437,0.9497821637643239,0.0,0.9497821637643239,1,16956.616643086465
b0720,1,10,0.9497821637643239,0.949782163764272,5.184741524999481e-14,0,75.5358029017913
b1136,1,403,0.9497821637643239,0.9382756755358267,0.011506488228497203,0,2108.4372088063606
b0351,1,8,0.9497821637643239,0.9497821637642989,2.4980018054066022e-14,0,53.51388840114073
b1241,3,8,0.9497821637643239,0.949782163764322,1.887379141862766e-15,0,40.2650736928512
b4069,2,10,0.9497821637643239,0.9497821637643696,-4.574118861455645e-14,0,75.5358029101015
b4226,1,437,0.9497821637643239,0.0,0.9497821637643239,1,16956.616643086465
b2502,2,437,0.9497821637643239,0.0,0.9497821637643239,1,16956.616643086465
b2744,14,437,0.9497821637643239,0.0,0.9497821637643239,1,16956.616643086465
b3403,1,8,0.9497821637643239,0.9497821637643039,1.9984014443252818e-14,0,6.781669669395331
b1479,1,10,0.9497821637643239,0.9497821637643696,-4.574118861455645e-14,0,75.5358029101015
b1190,1,437,0.9497821637643239,0.0,0.9497821637643239,1,16956.61664308647
b4053,1,437,0.9497821637643239,0.0,0.9497821637643239,1,16956.61664308646
b2379,1,9,0.9497821637643239,0.9497821637642976,2.631228568361621e-14,0,44.71996812296771
b2290,1,13,0.9497821637643239,0.949782163764309,1.4876988529977098e-14,0,76.45198625283122
b3564,2,8,0.9497821637643239,0.9497821637642753,4.8627768478581856e-14,0,40.265073689905186
b0063,3,8,0.9497821637643239,0.949782163764327,-3.1086244689504383e-15,0,0.2152102161884724
b3752,1,10,0.9497821637643239,0.9497821637643696,-4.574118861455645e-14,0,75.5358029101015
b3926,1,6,0.9497821637643239,0.9497821637643253,-1.4432899320127035e-15,0,0.17732534589453125
b4383,2,191,0.9497821637643239,0.9497764168851742,5.746879149670647e-06,0,39.766028509600275
b0928,4,437,0.9497821637643239,0.0,0.9497821637643239,1,16956.616643086465
b3925,1,10,0.9497821637643239,0.9497821637643614,-3.752553823233029e-14,0,75.53580290945877
b2930,1,10,0.9497821637643239,0.9497821637643696,-4.574118861455645e-14,0,75.5358029101015
b4232,1,10,0.9497821637643239,0.9497821637643696,-4.574118861455645e-14,0,75.5358029101015
b3697,6,10,0.9497821637643239,0.9497821637643487,-2.475797344914099e-14,0,39.76576410381362
b3430,1,10,0.9497821637643239,0.9497821637643696,-4.574118861455645e-14,0,75.5358029101015
b1676,1,8,0.9497821637643239,0.9497821637643282,-4.3298697960381105e-15,0,0.21521021618832503
b1854,5,10,0.9497821637643239,0.9497821637643127,1.1213252548714081e-14,0,75.53580290620289
b3197,1,437,0.9497821637643239,0.0,0.9497821637643239,1,16956.61664308646
b2708,1,437,0.9497821637643239,0.0,0.9497821637643239,1,16956.616643086472
b0072,2,437,0.9497821637643239,0.0,0.9497821637643239,1,16956.61664308646
b0071,2,437,0.9497821637643239,0.0,0.9497821637643239,1,16956.616643086458
b3671,2,437,0.9497821637643239,0.0,0.9497821637643239,1,16956.61664308646
b3670,2,437,0.9497821637643239,0.0,0.9497821637643239,1,16956.61664308646
b0078,2,437,0.9497821637643239,0.0,0.9497821637643239,1,16956.616643086487
b0077,2,437,0.9497821637643239,0.0,0.9497821637643239,1,16956.61664308646
b0908,1,437,0.9497821637643239,0.0,0.9497821637643239,1,16956.61664308646
b1264,1,437,0.9497821637643239,0.0,0.9497821637643239,1,16956.61664308646
b1263,2,437,0.9497821637643239,0.0,0.9497821637643239,1,16956.616643086465
b2599,2,437,0.9497821637643239,0.0,0.9497821637643239,1,16956.61664308647
b2600,2,437,0.9497821637643239,0.0,0.9497821637643239,1,16956.616643086472
b2329,1,437,0.9497821637643239,0.0,0.9497821637643239,1,16956.61664308646
b1262,2,437,0.9497821637643239,0.0,0.9497821637643239,1,16956.616643086472
b2779,1,425,0.9497821637643239,0.7840236139727087,0.1657585497916152,0,1859.4195711626357
b2097,1,13,0.9497821637643239,0.9497821637642809,4.296563105299356e-14,0,99.17675972704036
b2925,2,366,0.9497821637643239,0.9472636039770719,0.002518559787252017,0,119.11281822227426
b0963,1,8,0.9497821637643239,0.9497821637642939,2.9976021664879227e-14,0,0.21521021618741148
b1702,1,10,0.9497821637643239,0.9497821637643696,-4.574118861455645e-14,0,75.5358029101015
b4025,1,407,0.9497821637643239,0.9273053045309512,0.022476859233372726,0,632.1285616611317
b2926,1,431,0.9497821637643239,0.6869758361458791,0.2628063276184448,0,2832.837679477365
b1850,2,10,0.9497821637643239,0.9497821637642734,5.051514762044462e-14,0,49.419654629405535
b0767,1,8,0.9497821637643239,0.9497821637642961,2.7755575615628914e-14,0,6.781669669395239
b3386,1,406,0.9497821637643239,0.9421170848715135,0.0076650788928104285,0,151.13076069914206
b2464,1,380,0.9497821637643239,0.9458633953765889,0.003918768387734972,0,111.50617939192166
b0008,1,380,0.9497821637643239,0.9458633953765889,0.003918768387734972,0,111.50617939192166
b2465,2,437,0.9497821637643239,0.0,0.9497821637643239,1,16956.61664308646
b2935,2,437,0.9497821637643239,0.0,0.9497821637643239,1,16956.616643086472
b0678,1,8,0.9497821637643239,0.9497821637643133,1.0547118733938987e-14,0,53.513888403962696
b1478,2,10,0.9497821637643239,0.9497821637642775,4.6407322429331543e-14,0,75.53580290142517
b3011,3,10,0.9497821637643239,0.9497821637643301,-6.217248937900877e-15,0,75.53580290606725
b3003,1,8,0.9497821637643239,0.9497821637642895,3.441691376337985e-14,0,40.26507369227741
b4269,2,8,0.9497821637643239,0.9497821637642895,3.441691376337985e-14,0,40.26507369227741
b0493,1,8,0.9497821637643239,0.9497821637642895,3.441691376337985e-14,0,40.26507369227741
b3588,2,8,0.9497821637643239,0.9497821637642895,3.441691376337985e-14,0,40.26507369227741
b3903,2,8,0.9497821637643239,0.9497821637642964,2.7533531010703882e-14,0,40.26507369225018
b3996,1,6,0.9497821637643239,0.9497821637643135,1.0436096431476471e-14,0,0.17732534589476942
b2411,1,6,0.9497821637643239,0.9497821637643135,1.0436096431476471e-14,0,0.17732534589476942
b0639,2,437,0.9497821637643239,0.0,0.9497821637643239,1,16956.61664308646
b4390,1,12,0.9497821637643239,0.949782163764322,1.887379141862766e-15,0,74.77282734503173
b2103,2,437,0.9497821637643239,0.0,0.9497821637643239,1,16956.616643086465
b2418,4,12,0.9497821637643239,0.9497821637643297,-5.773159728050814e-15,0,74.77282734559903
b3831,1,10,0.9497821637643239,0.9497821637643291,-5.218048215738236e-15,0,75.53580290634872
b4384,7,191,0.9497821637643239,0.9497764168851764,5.746879147450201e-06,0,70.40982950545579
b3073,1,8,0.9497821637643239,0.9497821637642886,3.530509218307998e-14,0,53.51388840245433
b3008,2,437,0.9497821637643239,0.0,0.9497821637643239,1,16956.616643086465
b3708,3,312,0.9497821637643239,0.9492970152307089,0.00048514853361503185,0,5.010572662361487
b1134,3,10,0.9497821637643239,0.9497821637643541,-3.019806626980426e-14,0,49.41965463582508
b3614,3,10,0.9497821637643239,0.9497821637643696,-4.574118861455645e-14,0,75.5358029101015
b3642,1,437,0.9497821637643239,0.0,0.9497821637643239,1,16956.61664308647
b0415,1,437,0.9497821637643239,0.0,0.9497821637643239,1,16956.616643086465
b3771,2,437,0.9497821637643239,0.0,0.9497821637643239,1,16956.616643086476
b3885,1,12,0.9497821637643239,0.9497821637643318,-7.882583474838611e-15,0,74.77282734444111
b2293,8,10,0.9497821637643239,0.9497821637642945,2.942091015256665e-14,0,58.830378577561845
b3114,2,286,0.9497821637643239,0.9496278888858166,0.00015427487850727672,0,0.8754219234009796
b3951,1,289,0.9497821637643239,0.9496278888858384,0.00015427487848551635,0,71.78264040033898
b3952,1,289,0.9497821637643239,0.9496278888858384,0.00015427487848551635,0,71.78264040033898
b0902,2,286,0.9497821637643239,0.9496278888858166,0.00015427487850727672,0,0.8754219234009796
b0903,2,286,0.9497821637643239,0.9496278888858166,0.00015427487850727672,0,0.8754219234009796
b2579,2,286,0.9497821637643239,0.9496278888858166,0.00015427487850727672,0,0.8754219234009796
b4154,2,10,0.9497821637643239,0.9497821637643696,-4.574118861455645e-14,0,75.5358029101015
b4151,2,10,0.9497821637643239,0.9497821637643696,-4.574118861455645e-14,0,75.5358029101015
b4153,2,10,0.9497821637643239,0.9497821637643696,-4.574118861455645e-14,0,75.5358029101015
b4152,2,10,0.9497821637643239,0.9497821637643696,-4.574118861455645e-14,0,75.5358029101015
b0871,1,10,0.9497821637643239,0.9497821637643696,-4.574118861455645e-14,0,75.5358029101015
b2458,1,419,0.9497821637643239,0.8574892088866842,0.09229295487763967,0,6338.568827729105
b2297,2,419,0.9497821637643239,0.8574892088867132,0.09229295487761069,0,6333.092670600257
b3115,2,419,0.9497821637643239,0.857489208886699,0.0922929548776249,0,6328.444595452107
b2296,1,419,0.9497821637643239,0.8574892088866842,0.09229295487763967,0,6338.568827729105
b1849,2,419,0.9497821637643239,0.8574892088866882,0.09229295487763567,0,6328.4445954536895
b3633,2,437,0.9497821637643239,0.0,0.9497821637643239,1,16956.61664308647
b0174,1,437,0.9497821637643239,0.0,0.9497821637643239,1,16956.61664308646
b0524,1,437,0.9497821637643239,0.0,0.9497821637643239,1,16956.61664308646
b0182,1,437,0.9497821637643239,0.0,0.9497821637643239,1,16956.61664308646
b0915,1,437,0.9497821637643239,0.0,0.9497821637643239,1,16956.616643086465
b0099,3,437,0.9497821637643239,0.0,0.9497821637643239,1,16956.616643086458
b2781,8,12,0.9497821637643239,0.9497821637642896,3.430589146091734e-14,0,74.77282734178405
b0160,2,8,0.9497821637643239,0.9497821637643066,1.7319479184152442e-14,0,40.2650736908867
b1800,2,437,0.9497821637643239,0.0,0.9497821637643239,1,16956.61664308647
b0073,1,437,0.9497821637643239,0.0,0.9497821637643239,1,16956.61664308646
b0523,1,437,0.9497821637643239,0.0,0.9497821637643239,1,16956.61664308646
b1131,2,437,0.9497821637643239,0.0,0.9497821637643239,1,16956.61664308646
b2407,5,12,0.9497821637643239,0.9497821637643319,-7.993605777301127e-15,0,70.40961934362645
b2234,4,6,0.9497821637643239,0.9497821637643287,-4.773959005888173e-15,0,0.17732534589447851
b2235,4,6,0.9497821637643239,0.9497821637643287,-4.773959005888173e-15,0,0.17732534589447851
b3781,10,11,0.9497821637643239,0.9497821637643059,1.7985612998927536e-14,0,0.45357723568198366
b2582,10,11,0.9497821637643239,0.9497821637643059,1.7985612998927536e-14,0,0.45357723568198366
b2827,1,437,0.9497821637643239,0.0,0.9497821637643239,1,16956.616643086465
b1238,2,12,0.9497821637643239,0.9497821637643101,1.3766765505351941e-14,0,70.40961934411851
b3639,2,437,0.9497821637643239,0.0,0.9497821637643239,1,16956.61664308646
b1232,1,14,0.9497821637643239,0.9497821637643035,2.042810365310288e-14,0,69.68082291948001
b1851,1,6,0.9497821637643239,0.9497821637642947,2.919886554764162e-14,0,0.9789382888233099
b1693,1,437,0.9497821637643239,0.0,0.9497821637643239,1,16956.61664308647
b4146,1,8,0.9497821637643239,0.9497821637642908,3.3084646133829665e-14,0,6.781669669394421
b1109,3,10,0.9497821637643239,0.9497821637643696,-4.574118861455645e-14,0,75.5358029101015
b1004,3,10,0.9497821637643239,0.9497821637643696,-4.574118861455645e-14,0,75.5358029101015
b0046,3,10,0.9497821637643239,0.9497821637643696,-4.574118861455645e-14,0,75.5358029101015
b3713,3,10,0.9497821637643239,0.9497821637643696,-4.574118861455645e-14,0,75.5358029101015
b3236,1,379,0.9497821637643239,0.9456445256546081,0.004137638109715791,0,1082.8319396786167
b4122,2,376,0.9497821637643239,0.9466034289641344,0.0031787348001894866,0,64.2466197333578
b1611,1,374,0.9497821637643239,0.9466034289641341,0.0031787348001898197,0,63.81252709729384
b1612,1,374,0.9497821637643239,0.9466034289641341,0.0031787348001898197,0,63.81252709729384
b1638,2,10,0.9497821637643239,0.9497821637643082,1.5654144647214707e-14,0,39.76576410113282
b0907,3,437,0.9497821637643239,0.0,0.9497821637643239,1,16956.61664308647
b1210,1,437,0.9497821637643239,0.0,0.9497821637643239,1,16956.61664308647
b3429,1,14,0.9497821637643239,0.9497821637642995,2.4424906541753444e-14,0,69.68082291863715
b3417,5,8,0.9497821637643239,0.9497821637642851,3.8746783559417963e-14,0,0.6007409448320804
b3428,2,10,0.9497821637643239,0.9497821637642883,3.5638159090467525e-14,0,39.76576410052266
b0428,1,6,0.9497821637643239,0.9497821637643211,2.7755575615628914e-15,0,0.17732534589408983
b0120,1,10,0.9497821637643239,0.9497821637642249,9.903189379656396e-14,0,39.76576409617686
b2937,1,8,0.9497821637643239,0.949782163764377,-5.306866057708248e-14,0,40.2650736980725
b4117,1,377,0.9497821637643239,0.9458507201779868,0.003931443586337124,0,40.426837122936654
b3172,1,10,0.9497821637643239,0.9497821637643696,-4.574118861455645e-14,0,75.5358029101015
b3958,1,6,0.9497821637643239,0.9497821637642903,3.3639757646142243e-14,0,0.17732534589377014
b0121,2,10,0.9497821637643239,0.9497821637643405,-1.6653345369377348e-14,0,75.53580290788162
b0154,1,437,0.9497821637643239,0.0,0.9497821637643239,1,16956.61664308646
b0918,1,437,0.9497821637643239,0.0,0.9497821637643239,1,16956.61664308646
b4322,1,10,0.9497821637643239,0.9497821637643046,1.9317880628477724e-14,0,6.555888569716197
b3091,1,8,0.9497821637643239,0.9497821637642939,2.9976021664879227e-14,0,40.265073691467606
b3092,2,6,0.9497821637643239,0.9497821637643037,2.020605904817785e-14,0,0.17732534589427995
b3176,1,437,0.9497821637643239,0.0,0.9497821637643239,1,16956.616643086465
b3730,2,437,0.9497821637643239,0.0,0.9497821637643239,1,16956.61664308647
b3189,1,437,0.9497821637643239,0.0,0.9497821637643239,1,16956.616643086476
b3967,1,437,0.9497821637643239,0.0,0.9497821637643239,1,16956.616643086465
b3786,1,14,0.9497821637643239,0.9497821637642866,3.730349362740526e-14,0,69.68082292170648
b2323,13,437,0.9497821637643239,0.0,0.9497821637643239,1,16956.616643086465
b2232,2,10,0.9497821637643239,0.949782163764299,2.4868995751603507e-14,0,75.53580290658257
b0593,1,10,0.9497821637643239,0.9497821637643696,-4.574118861455645e-14,0,75.5358029101015
b0142,1,437,0.9497821637643239,0.0,0.9497821637643239,1,16956.61664308646
b3634,1,437,0.9497821637643239,0.0,0.9497821637643239,1,16956.616643086465
b0394,1,14,0.9497821637643239,0.9497821637642799,4.39648317751562e-14,0,69.68082291678724
b0173,1,437,0.9497821637643239,0.0,0.9497821637643239,1,16956.616643086472
b3843,1,437,0.9497821637643239,0.0,0.9497821637643239,1,16956.61664308646
b0477,2,12,0.9497821637643239,0.9497821637642134,1.1046719095020308e-13,0,74.77282733499555
b1302,3,437,0.9497821637643239,0.0,0.9497821637643239,1,16956.61664308646
b2662,3,437,0.9497821637643239,0.0,0.9497821637643239,1,16956.616643086465
b1525,2,10,0.9497821637643239,0.9497821637643046,1.9317880628477724e-14,0,75.53580290393592
b4139,1,12,0.9497821637643239,0.9497821637643082,1.5654144647214707e-14,0,70.40961934349544
b3117,2,437,0.9497821637643239,0.0,0.9497821637643239,1,16956.61664308646
b2797,1,10,0.9497821637643239,0.9497821637643311,-7.216449660063518e-15,0,49.419654634423026
b1814,1,10,0.9497821637643239,0.9497821637642961,2.7755575615628914e-14,0,75.53580290386998
b4471,1,10,0.9497821637643239,0.9497821637642961,2.7755575615628914e-14,0,75.53580290386998
b3616,1,10,0.9497821637643239,0.9497821637643696,-4.574118861455645e-14,0,75.5358029101015
b3589,1,10,0.9497821637643239,0.9497821637643696,-4.574118861455645e-14,0,75.5358029101015
b3774,3,437,0.9497821637643239,0.0,0.9497821637643239,1,16956.616643086465
b0185,1,437,0.9497821637643239,0.0,0.9497821637643239,1,16956.61664308646
b3256,1,437,0.9497821637643239,0.0,0.9497821637643239,1,16956.616643086458
b3255,1,437,0.9497821637643239,0.0,0.9497821637643239,1,16956.616643086465
b2316,1,437,0.9497821637643239,0.0,0.9497821637643239,1,16956.61664308646
b2615,1,437,0.9497821637643239,0.0,0.9497821637643239,1,16956.61664308647
b2265,1,12,0.9497821637643239,0.949782163764324,-1.1102230246251565e-16,0,74.77282734394069
b2261,1,12,0.9497821637643239,0.9497821637643169,6.994405055138486e-15,0,70.40961934291583
b0596,1,8,0.9497821637643239,0.9497821637642775,4.6407322429331543e-14,0,53.51388840117836
b0595,1,8,0.9497821637643239,0.9497821637642775,4.6407322429331543e-14,0,53.51388840117836
b4198,1,10,0.9497821637643239,0.9497821637642965,2.7422508708241367e-14,0,0.5583188218530566
b0061,1,10,0.9497821637643239,0.9497821637642965,2.7422508708241367e-14,0,0.5583188218530566
b3583,1,10,0.9497821637643239,0.9497821637642965,2.7422508708241367e-14,0,0.5583188218530566
b4374,3,10,0.9497821637643239,0.9497821637642916,3.2307490016592055e-14,0,49.41965463177913
b0675,7,12,0.9497821637643239,0.9497821637642705,5.340172748447003e-14,0,48.8400380456429
b2291,6,10,0.9497821637643239,0.9497821637643019,2.19824158875781e-14,0,2.412152144279562
b2361,8,10,0.9497821637643239,0.9497821637643019,2.19824158875781e-14,0,2.412152144279562
b1651,1,10,0.9497821637643239,0.9497821637643077,1.6209256159527285e-14,0,39.76576410076948
b0766,2,10,0.9497821637643239,0.949782163764297,2.6867397195928788e-14,0,58.83037857895138
b3826,6,10,0.9497821637643239,0.9497821637643078,1.609823385706477e-14,0,49.41965463040116
b0758,1,8,0.9497821637643239,0.9497821637643153,8.548717289613705e-15,0,40.26507369263376
b0420,1,437,0.9497821637643239,0.0,0.9497821637643239,1,16956.616643086458
b1208,1,437,0.9497821637643239,0.0,0.9497821637643239,1,16956.616643086465
b2746,1,437,0.9497821637643239,0.0,0.9497821637643239,1,16956.61664308647
b3526,1,14,0.9497821637643239,0.9497821637643113,1.2545520178264269e-14,0,69.68082292176118
b3565,2,8,0.9497821637643239,0.9497821637643054,1.8540724511240114e-14,0,6.781669669398128
b2048,1,12,0.9497821637643239,0.9497821637642915,3.241851231905457e-14,0,58.181889148119964
b4015,1,10,0.9497821637643239,0.9497821637642995,2.4424906541753444e-14,0,49.41965463123643
b0116,3,421,0.9497821637643239,0.900329650852625,0.04945251291169894,0,4302.759881238898
b2903,1,10,0.9497821637643239,0.9497821637643136,1.0325074129013956e-14,0,39.76576410119045
b2904,1,10,0.9497821637643239,0.9497821637643136,1.0325074129013956e-14,0,39.76576410119045
b2905,1,10,0.9497821637643239,0.9497821637643136,1.0325074129013956e-14,0,39.76576410119045
b0261,2,10,0.9497821637643239,0.9497821637643128,1.1102230246251565e-14,0,49.419654633473016
b0759,1,10,0.9497821637643239,0.9497821637642881,3.574918139293004e-14,0,49.4196546280965
b0344,1,10,0.9497821637643239,0.9497821637643032,2.0650148258027912e-14,0,75.53580290292665
b4239,1,10,0.9497821637643239,0.9497821637643696,-4.574118861455645e-14,0,75.5358029101015
b3956,1,10,0.9497821637643239,0.9497821637643277,-3.774758283725532e-15,0,75.53580290662305
b0822,7,8,0.9497821637643239,0.9497821637642925,3.141931159689193e-14,0,40.26507369215901
b2540,2,8,0.9497821637643239,0.9497821637643127,1.1213252548714081e-14,0,40.265073692651974
b2542,2,8,0.9497821637643239,0.9497821637643127,1.1213252548714081e-14,0,40.265073692651974
b2539,2,8,0.9497821637643239,0.9497821637643127,1.1213252548714081e-14,0,40.265073692651974
b2538,2,8,0.9497821637643239,0.9497821637643127,1.1213252548714081e-14,0,40.265073692651974
b2541,2,10,0.9497821637643239,0.9497821637642916,3.2307490016592055e-14,0,39.76576409971517
b0616,1,405,0.9497821637643239,0.9382756755357752,0.011506488228548717,0,2114.119698554484
b0617,1,405,0.9497821637643239,0.9382756755357752,0.011506488228548717,0,2114.119698554484
b0614,1,405,0.9497821637643239,0.9382756755357752,0.011506488228548717,0,2114.119698554484
b0615,1,405,0.9497821637643239,0.9382756755357752,0.011506488228548717,0,2114.119698554484
b2052,2,10,0.9497821637643239,0.9497821637643219,1.9984014443252818e-15,0,39.76576410241579
b1636,1,10,0.9497821637643239,0.9497821637643347,-1.0769163338864018e-14,0,75.53580290667169
b1277,1,437,0.9497821637643239,0.0,0.9497821637643239,1,16956.61664308647
b2751,1,437,0.9497821637643239,0.0,0.9497821637643239,1,16956.61664308646
b2752,1,437,0.9497821637643239,0.0,0.9497821637643239,1,16956.61664308646
b2799,1,12,0.9497821637643239,0.9497821637642987,2.5202062658991053e-14,0,74.77282734258549
b3902,1,12,0.9497821637643239,0.9497821637643253,-1.4432899320127035e-15,0,70.40961934430837
b2705,1,10,0.9497821637643239,0.9497821637643211,2.7755575615628914e-15,0,75.53580290601631
b2091,1,10,0.9497821637643239,0.9497821637643211,2.7755575615628914e-15,0,39.765764101643185
b3137,1,6,0.9497821637643239,0.9497821637643179,5.995204332975845e-15,0,0.17732534589410415
b3132,1,6,0.9497821637643239,0.9497821637643179,5.995204332975845e-15,0,0.17732534589410415
b2096,1,6,0.9497821637643239,0.9497821637643179,5.995204332975845e-15,0,0.17732534589410415
b2095,1,6,0.9497821637643239,0.9497821637643179,5.995204332975845e-15,0,0.17732534589410415
b4323,1,10,0.9497821637643239,0.9497821637643193,4.551914400963142e-15,0,75.5358029055353
b1521,1,10,0.9497821637643239,0.9497821637643049,1.8984813721090177e-14,0,75.53580290379827
b3385,1,6,0.9497821637643239,0.9497821637643037,2.020605904817785e-14,0,0.1773253458944043
b0507,1,10,0.9497821637643239,0.9497821637642977,2.6201263381153694e-14,0,75.53580290337095
b3061,1,8,0.9497821637643239,0.9497821637643203,3.552713678800501e-15,0,40.265073693620586
b3062,1,8,0.9497821637643239,0.9497821637643203,3.552713678800501e-15,0,40.265073693620586
b3126,1,10,0.9497821637643239,0.9497821637643061,1.7763568394002505e-14,0,39.76576410099119
b1095,9,437,0.9497821637643239,0.0,0.9497821637643239,1,16956.61664308646
b1054,1,12,0.9497821637643239,0.949782163764291,3.2862601528904634e-14,0,74.77282734023557
b1855,2,10,0.9497821637643239,0.9497821637643115,1.2434497875801753e-14,0,49.41965463254849
b2378,1,8,0.9497821637643239,0.9497821637643072,1.6653345369377348e-14,0,40.265073692052155
b0109,1,437,0.9497821637643239,0.0,0.9497821637643239,1,16956.61664308647
b1094,26,437,0.9497821637643239,0.0,0.9497821637643239,1,16956.61664308646
b2836,23,441,0.9497821637643239,0.9361160507516648,0.013666113012659076,0,54.01187815477739
b2472,1,437,0.9497821637643239,0.0,0.9497821637643239,1,16956.616643086465
b1589,3,10,0.9497821637643239,0.9497821637643427,-1.8762769116165146e-14,0,49.419654633269396
b1588,3,8,0.9497821637643239,0.9497821637642838,4.007905118896815e-14,0,2.5234471118430655
b1587,3,8,0.9497821637643239,0.9497821637642838,4.007905118896815e-14,0,2.5234471118430655
b1590,3,8,0.9497821637643239,0.9497821637642838,4.007905118896815e-14,0,2.5234471118430655
b0894,4,8,0.9497821637643239,0.94978216376431,1.3877787807814457e-14,0,40.265073693048826
b0895,4,8,0.9497821637643239,0.94978216376431,1.3877787807814457e-14,0,40.265073693048826
b0896,4,8,0.9497821637643239,0.94978216376431,1.3877787807814457e-14,0,40.265073693048826
b3553,10,12,0.9497821637643239,0.9497821637642158,1.0813572259849025e-13,0,70.40961933526192
b0638,1,6,0.9497821637643239,0.9497821637642998,2.4091839634365897e-14,0,0.17732534589418023
b3399,5,10,0.9497821637643239,0.9497821637643438,-1.9872992140790302e-14,0,39.76576410387392
b0469,1,12,0.9497821637643239,0.9497821637643005,2.3425705819590803e-14,0,70.40961934295827
b3187,1,437,0.9497821637643239,0.0,0.9497821637643239,1,16956.616643086465
b3222,1,14,0.9497821637643239,0.9497821637643319,-7.993605777301127e-15,0,69.68082292295706
b3225,1,10,0.9497821637643239,0.949782163764311,1.2878587085651816e-14,0,39.76576410025873
b1732,1,0,0.9497821637643239,0.9497821637642762,4.773959005888173e-14,0,0.0
b3942,1,0,0.9497821637643239,0.9497821637642762,4.773959005888173e-14,0,0.0
b0586,1,12,0.9497821637643239,0.9497821637643142,9.658940314238862e-15,0,70.40961934358168
b3794,1,12,0.9497821637643239,0.949782163764297,2.6867397195928788e-14,0,70.40961934116801
b3693,1,10,0.9497821637643239,0.9497821637642987,2.5202062658991053e-14,0,39.76576410068693
b2901,1,10,0.9497821637643239,0.9497821637643006,2.3314683517128287e-14,0,39.76576410030165
b3721,2,10,0.9497821637643239,0.9497821637643252,-1.3322676295501878e-15,0,49.41965463219905
b2716,2,10,0.9497821637643239,0.9497821637643252,-1.3322676295501878e-15,0,49.41965463219905
b3416,4,8,0.9497821637643239,0.9497821637642784,4.551914400963142e-14,0,6.781669669400937
b1398,1,10,0.9497821637643239,0.9497821637643696,-4.574118861455645e-14,0,75.5358029101015
b0049,3,0,0.9497821637643239,0.9497821637643195,4.440892098500626e-15,0,0.0
b3784,1,12,0.9497821637643239,0.9497821637643427,-1.8762769116165146e-14,0,48.840038048520896
b4481,1,10,0.9497821637643239,0.9497821637643133,1.0547118733938987e-14,0,39.76576410198075
b3052,2,12,0.9497821637643239,0.9497821637642431,8.08242361927114e-14,0,58.1818891458809
b1896,1,10,0.9497821637643239,0.9497821637643257,-1.7763568394002505e-15,0,39.765764102344974
b0841,2,437,0.9497821637643239,0.0,0.9497821637643239,1,16956.61664308647
b1278,30,437,0.9497821637643239,0.0,0.9497821637643239,1,16956.616643086483
b3057,2,437,0.9497821637643239,0.0,0.9497821637643239,1,16956.616643086465
b3519,1,14,0.9497821637643239,0.9497821637643172,6.661338147750939e-15,0,75.53590066286806
b0910,3,437,0.9497821637643239,0.0,0.9497821637643239,1,16956.61664308647
b3648,2,437,0.9497821637643239,0.0,0.9497821637643239,1,16956.616643086432
b1694,1,10,0.9497821637643239,0.9497821637643103,1.354472090042691e-14,0,75.53580290363979
b2221,3,12,0.9497821637643239,0.9497821637642995,2.4424906541753444e-14,0,70.40961934312877
b2222,3,12,0.9497821637643239,0.9497821637642995,2.4424906541753444e-14,0,70.40961934312877
b2039,1,10,0.9497821637643239,0.9497821637643115,1.2434497875801753e-14,0,39.76576410087911
b3789,1,10,0.9497821637643239,0.9497821637643115,1.2434497875801753e-14,0,39.76576410087911
b2041,1,10,0.9497821637643239,0.9497821637642944,2.9531932455029164e-14,0,5.371522535906087
b3788,1,10,0.9497821637643239,0.9497821637642944,2.9531932455029164e-14,0,5.371522535906087
b2036,1,6,0.9497821637643239,0.9497821637642896,3.430589146091734e-14,0,0.17732534589516546
b2038,1,6,0.9497821637643239,0.949782163764273,5.084821452783217e-14,0,0.17732534589415444
b2040,1,10,0.9497821637643239,0.9497821637642603,6.361577931102147e-14,0,39.76576409799663
b0512,1,14,0.9497821637643239,0.9497821637643066,1.7319479184152442e-14,0,270.4096193437295
b3972,1,437,0.9497821637643239,0.0,0.9497821637643239,1,16956.616643086465
s0001,45,438,0.9497821637643239,0.0,0.9497821637643239,1,18010.88331912955
b3617,1,8,0.9497821637643239,0.9497821637643115,1.2434497875801753e-14,0,40.26507369295686
b0030,5,12,0.9497821637643239,0.9497821637643132,1.0658141036401503e-14,0,70.40961934493306
b0200,1,10,0.9497821637643239,0.9497821637644213,-9.736655925962623e-14,0,39.76576410816012
b0222,1,8,0.9497821637643239,0.949782163764327,-3.1086244689504383e-15,0,40.2650736927116
b0038,2,10,0.9497821637643239,0.9497821637643139,9.992007221626409e-15,0,75.53580290413058
b0036,2,10,0.9497821637643239,0.9497821637642968,2.708944180085382e-14,0,5.371522535907015
b3844,6,14,0.9497821637643239,0.9497821637643057,1.8207657603852567e-14,0,39.06099216166392
b2784,2,10,0.9497821637643239,0.9497821637643696,-4.574118861455645e-14,0,75.5358029101015
b2431,1,437,0.9497821637643239,0.0,0.9497821637643239,1,16956.616643086465
b1019,1,437,0.9497821637643239,0.0,0.9497821637643239,1,16956.61664308646
b0475,1,437,0.9497821637643239,0.0,0.9497821637643239,1,16956.61664308646
b4040,1,437,0.9497821637643239,0.0,0.9497821637643239,1,16956.616643086465
b3974,1,437,0.9497821637643239,0.0,0.9497821637643239,1,16956.61664308645
b0103,1,437,0.9497821637643239,0.0,0.9497821637643239,1,16956.61664308646
b2104,1,12,0.9497821637643239,0.9497821637643173,6.5503158452884236e-15,0,74.77282734355137
b1215,1,437,0.9497821637643239,0.0,0.9497821637643239,1,16956.61664308646
b3198,1,437,0.9497821637643239,0.0,0.9497821637643239,1,16956.616643086465
b1747,1,421,0.9497821637643239,0.9132890421072145,0.036493121657109384,0,4528.721442794983
b1744,1,420,0.9497821637643239,0.9132890421072303,0.03649312165709362,0,4528.938172309386
b0340,1,10,0.9497821637643239,0.9497821637643215,2.4424906541753444e-15,0,58.830378577991034
b2988,2,8,0.9497821637643239,0.9497821637643044,1.9539925233402755e-14,0,0.600740944832135
b2883,1,12,0.9497821637643239,0.9497821637643123,1.1546319456101628e-14,0,58.18188914878628
b1098,1,437,0.9497821637643239,0.0,0.9497821637643239,1,16956.616643086465
b0888,1,17,0.9497821637643239,0.9497821637642734,5.051514762044462e-14,0,75.04907923042698
b2690,7,10,0.9497821637643239,0.9497821637643151,8.770761894538737e-15,0,75.53580290457376
b0688,1,10,0.9497821637643239,0.9497821637642984,2.55351295663786e-14,0,2.412152144277309
b1317,1,10,0.9497821637643239,0.9497821637642984,2.55351295663786e-14,0,2.412152144277309
b2168,1,8,0.9497821637643239,0.9497821637643098,1.4099832412739488e-14,0,40.265073690261914
b2687,1,437,0.9497821637643239,0.0,0.9497821637643239,1,16956.616643086465
b3581,1,12,0.9497821637643239,0.9497821637642946,2.930988785010413e-14,0,74.77282734217
b4196,1,10,0.9497821637643239,0.9497821637643032,2.0650148258027912e-14,0,75.53580290315767
b3582,1,10,0.9497821637643239,0.94978216376432,3.885780586188048e-15,0,39.76576410271863
b4197,1,10,0.9497821637643239,0.94978216376432,3.885780586188048e-15,0,39.76576410271863
b3575,1,6,0.9497821637643239,0.9497821637643348,-1.0880185641326534e-14,0,0.17732534589455912
b0312,2,10,0.9497821637643239,0.9497821637643696,-4.574118861455645e-14,0,75.5358029101015
b0403,5,10,0.9497821637643239,0.9497821637643159,7.993605777301127e-15,0,39.765764100748534
b0207,2,10,0.9497821637643239,0.9497821637643696,-4.574118861455645e-14,0,75.5358029101015
b3012,2,10,0.9497821637643239,0.9497821637643696,-4.574118861455645e-14,0,75.5358029101015
b3962,1,10,0.9497821637643239,0.9497821637643696,-4.574118861455645e-14,0,75.5358029101015
b2764,4,437,0.9497821637643239,0.0,0.9497821637643239,1,16956.616643086465
b2763,4,437,0.9497821637643239,0.0,0.9497821637643239,1,16956.61664308647
b0937,2,10,0.9497821637643239,0.949782163764329,-5.10702591327572e-15,0,75.53580290598599
b2563,1,8,0.9497821637643239,0.949782163764313,1.0880185641326534e-14,0,53.51388840343054
b3475,1,8,0.9497821637643239,0.949782163764313,1.0880185641326534e-14,0,53.51388840343054
b2507,2,437,0.9497821637643239,0.0,0.9497821637643239,1,16956.61664308646
b1982,1,8,0.9497821637643239,0.9497821637642749,4.8960835385969403e-14,0,53.51388840218089
b3360,1,437,0.9497821637643239,0.0,0.9497821637643239,1,16956.616643086465
b1812,1,437,0.9497821637643239,0.0,0.9497821637643239,1,16956.61664308646
b1096,2,437,0.9497821637643239,0.0,0.9497821637643239,1,16956.616643086443
b4039,2,437,0.9497821637643239,0.0,0.9497821637643239,1,16956.61664308646
b2416,21,408,0.9497821637643239,0.9273053045309744,0.022476859233349522,0,736.4279632570402
b1200,1,12,0.9497821637643239,0.9497821637642881,3.574918139293004e-14,0,88.26679292192873
b2415,21,408,0.9497821637643239,0.9273053045309696,0.022476859233354296,0,736.4279632572056
b1199,1,12,0.9497821637643239,0.9497821637642881,3.574918139293004e-14,0,88.26679292192873
b1198,1,12,0.9497821637643239,0.9497821637642881,3.574918139293004e-14,0,88.26679292192873
b0171,1,437,0.9497821637643239,0.0,0.9497821637643239,1,16956.61664308646
b4477,1,10,0.9497821637643239,0.9497821637642994,2.453592884421596e-14,0,75.53580290444926
b2498,1,10,0.9497821637643239,0.9497821637643696,-4.574118861455645e-14,0,75.5358029101015
b2780,1,437,0.9497821637643239,0.0,0.9497821637643239,1,16956.616643086465
b0087,1,437,0.9497821637643239,0.0,0.9497821637643239,1,16956.616643086476
b0090,1,437,0.9497821637643239,0.0,0.9497821637643239,1,16956.616643086465
b3946,1,12,0.9497821637643239,0.9497821637642947,2.919886554764162e-14,0,88.26679292192809
b0825,1,12,0.9497821637643239,0.949782163764286,3.785860513971784e-14,0,88.26679292192965
b3619,1,8,0.9497821637643239,0.9497821637643116,1.2323475573339238e-14,0,40.2650736926877
b4267,2,10,0.9497821637643239,0.9497821637643131,1.0769163338864018e-14,0,39.765764101190754
b1033,4,10,0.9497821637643239,0.9497821637643696,-4.574118861455645e-14,0,75.5358029101015
b3957,1,8,0.9497821637643239,0.9497821637643098,1.4099832412739488e-14,0,40.265073691354104
b1623,2,6,0.9497821637643239,0.9497821637643066,1.7319479184152442e-14,0,0.1773253458936783
b3665,1,10,0.9497821637643239,0.9497821637643696,-4.574118861455645e-14,0,75.5358029101015
b4177,1,437,0.9497821637643239,0.0,0.9497821637643239,1,16956.61664308646
b0677,1,8,0.9497821637643239,0.949782163764278,4.5852210917018965e-14,0,0.6007409448339789
b0828,1,10,0.9497821637643239,0.9497821637643222,1.6653345369377348e-15,0,39.765764102179716
b1767,1,10,0.9497821637643239,0.9497821637643222,1.6653345369377348e-15,0,39.765764102179716
b0674,2,437,0.9497821637643239,0.0,0.9497821637643239,1,16956.616643086465
b3744,1,347,0.9497821637643239,0.9477281868475829,0.0020539769167410293,0,75.77448831635208
b4245,1,437,0.9497821637643239,0.0,0.9497821637643239,1,16956.616643086487
b4244,1,437,0.9497821637643239,0.0,0.9497821637643239,1,16956.61664308646
b0029,2,437,0.9497821637643239,0.0,0.9497821637643239,1,16956.616643086472
b1092,1,437,0.9497821637643239,0.0,0.9497821637643239,1,16956.61664308646
b3809,1,437,0.9497821637643239,0.0,0.9497821637643239,1,16956.61664308647
b0031,1,437,0.9497821637643239,0.0,0.9497821637643239,1,16956.61664308646
b0003,2,437,0.9497821637643239,0.0,0.9497821637643239,1,16956.61664308647
b1748,3,437,0.9497821637643239,0.0,0.9497821637643239,1,16956.616643086465
b3359,2,437,0.9497821637643239,0.0,0.9497821637643239,1,16956.61664308647
b0004,1,437,0.9497821637643239,0.0,0.9497821637643239,1,16956.61664308646
b4013,1,437,0.9497821637643239,0.0,0.9497821637643239,1,16956.61664308646
b1704,1,437,0.9497821637643239,0.0,0.9497821637643239,1,16956.61664308647
b2601,1,437,0.9497821637643239,0.0,0.9497821637643239,1,16956.61664308646
b0754,1,437,0.9497821637643239,0.0,0.9497821637643239,1,16956.61664308647
b2700,1,12,0.9497821637643239,0.9497821637643116,1.2323475573339238e-14,0,74.77282734210826
b1768,1,8,0.9497821637643239,0.9497821637643102,1.3655743202889425e-14,0,40.265073693097044
b1014,2,8,0.9497821637643239,0.9497821637642465,7.738254481637341e-14,0,0.21521021618755076
b1584,2,0,0.9497821637643239,0.9497821637642929,3.097522238704187e-14,0,0.0
b3790,1,12,0.9497821637643239,0.9497821637643287,-4.773959005888173e-15,0,70.40961934423594
b4014,1,6,0.9497821637643239,0.9497821637643226,1.3322676295501878e-15,0,0.1773253458945029
b2976,1,6,0.9497821637643239,0.9497821637643226,1.3322676295501878e-15,0,0.1773253458945029
b1897,1,10,0.9497821637643239,0.9497821637643696,-4.574118861455645e-14,0,75.5358029101015
b3034,1,10,0.9497821637643239,0.9497821637643605,-3.6637359812630166e-14,0,39.76576410382496
b3397,1,10,0.9497821637643239,0.9497821637643605,-3.6637359812630166e-14,0,39.76576410382496
b0062,1,10,0.9497821637643239,0.9497821637642809,4.296563105299356e-14,0,49.41965463036549
b3600,1,10,0.9497821637643239,0.9497821637643058,1.8096635301390052e-14,0,75.53580290565688
b3608,1,319,0.9497821637643239,0.94859645129273,0.001185712471593936,0,53.499397209966105
b4119,1,10,0.9497821637643239,0.9497821637642859,3.7969627442180354e-14,0,39.76576409767085
b2802,2,8,0.9497821637643239,0.949782163764302,2.1871393585115584e-14,0,40.26507369142431
b2803,1,8,0.9497821637643239,0.9497821637643068,1.709743457922741e-14,0,6.781669669395521
b2800,1,8,0.9497821637643239,0.9497821637643249,-9.992007221626409e-16,0,53.51388840388809
b2738,1,8,0.9497821637643239,0.9497821637643249,-9.992007221626409e-16,0,53.51388840388809
b0335,1,10,0.9497821637643239,0.9497821637643696,-4.574118861455645e-14,0,75.5358029101015
b1236,1,12,0.9497821637643239,0.9497821637643316,-7.66053886991358e-15,0,70.40961934520783
b0179,1,437,0.9497821637643239,0.0,0.9497821637643239,1,16956.61664308646
b0085,1,437,0.9497821637643239,0.0,0.9497821637643239,1,16956.61664308646
b0091,1,437,0.9497821637643239,0.0,0.9497821637643239,1,16956.61664308646
b0088,1,437,0.9497821637643239,0.0,0.9497821637643239,1,16956.61664308646
b0505,1,12,0.9497821637643239,0.949782163764312,1.1879386363489175e-14,0,74.77282734409405
b0350,1,8,0.9497821637643239,0.9497821637642974,2.653433028854124e-14,0,40.26507369137936
b0352,1,8,0.9497821637643239,0.9497821637642974,2.653433028854124e-14,0,40.26507369137936
b0347,2,12,0.9497821637643239,0.949782163764293,3.086420008457935e-14,0,70.40961934245429
b0726,1,8,0.9497821637643239,0.9497821637643071,1.6764367671839864e-14,0,6.781669669397441
b0727,1,8,0.9497821637643239,0.9497821637643071,1.6764367671839864e-14,0,6.781669669397441
b3945,4,6,0.9497821637643239,0.9497821637642998,2.4091839634365897e-14,0,0.9789382888233935
b0131,1,437,0.9497821637643239,0.0,0.9497821637643239,1,16956.61664308646
b0086,1,437,0.9497821637643239,0.0,0.9497821637643239,1,16956.61664308647
b0096,1,437,0.9497821637643239,0.0,0.9497821637643239,1,16956.61664308646
b0181,1,437,0.9497821637643239,0.0,0.9497821637643239,1,16956.61664308646
b2019,1,437,0.9497821637643239,0.0,0.9497821637643239,1,16956.61664308646
b2020,1,437,0.9497821637643239,0.0,0.9497821637643239,1,16956.616643086465
b2022,2,437,0.9497821637643239,0.0,0.9497821637643239,1,16956.61664308646
b1207,1,15,0.9497821637643239,0.9497821637643046,1.9317880628477724e-14,0,10.47940043190996
b2026,2,437,0.9497821637643239,0.0,0.9497821637643239,1,16956.616643086465
b2024,1,437,0.9497821637643239,0.0,0.9497821637643239,1,16956.616643086465
b3607,1,437,0.9497821637643239,0.0,0.9497821637643239,1,16956.61664308646
b2421,1,437,0.9497821637643239,0.0,0.9497821637643239,1,16956.61664308647
b2414,1,437,0.9497821637643239,0.0,0.9497821637643239,1,16956.61664308646
b4214,1,437,0.9497821637643239,0.0,0.9497821637643239,1,16956.61664308646
b2762,2,437,0.9497821637643239,0.0,0.9497821637643239,1,16956.61664308646
b4024,1,437,0.9497821637643239,0.0,0.9497821637643239,1,16956.616643086465
b0002,2,437,0.9497821637643239,0.0,0.9497821637643239,1,16956.61664308647
b3940,2,437,0.9497821637643239,0.0,0.9497821637643239,1,16956.61664308646
b3433,1,437,0.9497821637643239,0.0,0.9497821637643239,1,16956.61664308646
b2838,1,437,0.9497821637643239,0.0,0.9497821637643239,1,16956.61664308647
b2942,1,437,0.9497821637643239,0.0,0.9497821637643239,1,16956.61664308647
b4192,1,12,0.9497821637643239,0.9497821637643189,4.9960036108132044e-15,0,74.77282734471845
b1993,2,12,0.9497821637643239,0.9497821637643342,-1.0325074129013956e-14,0,70.40961934578175
b1992,1,8,0.9497821637643239,0.9497821637643028,2.1094237467877974e-14,0,2.523447111844371
b0417,1,437,0.9497821637643239,0.0,0.9497821637643239,1,16956.616643086458
b0348,2,14,0.9497821637643239,0.9497821637643139,9.992007221626409e-15,0,69.68082291984983
b0349,2,10,0.9497821637643239,0.9497821637642972,2.6645352591003757e-14,0,39.76576410098978
b3124,1,10,0.9497821637643239,0.9497821637643696,-4.574118861455645e-14,0,75.5358029101015
b0583,1,10,0.9497821637643239,0.9497821637642949,2.8976820942716586e-14,0,39.76576410025781
b0732,1,10,0.9497821637643239,0.9497821637643223,1.5543122344752192e-15,0,39.765764101812714
b0517,1,12,0.9497821637643239,0.9497821637642887,3.519406988061746e-14,0,48.8400380464993
b0521,1,402,0.9497821637643239,0.9441660881437727,0.00561607562055122,0,76.22145870125
b3223,1,8,0.9497821637643239,0.9497821637643049,1.8984813721090177e-14,0,0.6007409448324588
b2428,1,12,0.9497821637643239,0.9497821637643006,2.3314683517128287e-14,0,58.181889147119975
b2162,2,6,0.9497821637643239,0.9497821637643071,1.6764367671839864e-14,0,0.17732534589457347
b0651,2,6,0.9497821637643239,0.9497821637643071,1.6764367671839864e-14,0,0.17732534589457347
b0522,1,437,0.9497821637643239,0.0,0.9497821637643239,1,16956.616643086465
b1779,6,430,0.9497821637643239,0.6869741174552806,0.2628080463090433,0,2833.4629329252443
b2388,1,10,0.9497821637643239,0.9497821637643696,-4.574118861455645e-14,0,75.5358029101015
b2029,1,10,0.9497821637643239,0.9497821637643398,-1.587618925213974e-14,0,75.53580290651949
b0368,1,12,0.9497821637643239,0.9497821637643031,2.0761170560490427e-14,0,58.18188914990349
b2463,1,406,0.9497821637643239,0.9374838872036864,0.012298276560637533,0,144.17684074488335
b3960,1,12,0.9497821637643239,0.9497821637642958,2.808864252301646e-14,0,70.40961934280365
b0032,1,10,0.9497821637643239,0.9497821637643696,-4.574118861455645e-14,0,75.5358029101015
b0033,1,10,0.9497821637643239,0.9497821637643696,-4.574118861455645e-14,0,75.5358029101015
b0242,1,437,0.9497821637643239,0.0,0.9497821637643239,1,16956.616643086465
b0074,1,437,0.9497821637643239,0.0,0.9497821637643239,1,16956.616643086465
b1091,3,437,0.9497821637643239,0.0,0.9497821637643239,1,16956.616643086458
b3908,1,14,0.9497821637643239,0.9497821637642956,2.8310687127941492e-14,0,69.68082292010384
b1656,1,8,0.9497821637643239,0.9497821637642946,2.930988785010413e-14,0,53.51388840380085
b0159,3,437,0.9497821637643239,0.0,0.9497821637643239,1,16956.616643086465
b1106,1,14,0.9497821637643239,0.9497821637643189,4.9960036108132044e-15,0,69.68082292199328
b1759,2,10,0.9497821637643239,0.9497821637643696,-4.574118861455645e-14,0,75.5358029101015
b2251,3,27,0.9497821637643239,0.949782163764331,-7.105427357601002e-15,0,40.27680850869527
b0905,1,10,0.9497821637643239,0.9497821637643696,-4.574118861455645e-14,0,75.5358029101015
b3248,2,10,0.9497821637643239,0.9497821637643696,-4.574118861455645e-14,0,75.5358029101015
b0386,1,437,0.9497821637643239,0.0,0.9497821637643239,1,16956.616643086465
b3425,1,10,0.9497821637643239,0.9497821637642955,2.842170943040401e-14,0,75.53580290385986
b2668,1,6,0.9497821637643239,0.9497821637643202,3.6637359812630166e-15,0,0.17732534589481708
b2521,2,10,0.9497821637643239,0.9497821637643409,-1.6986412276764895e-14,0,39.7657641041943
b2053,1,8,0.9497821637643239,0.949782163764298,2.5868196473766147e-14,0,40.26507369240795
b2920,1,10,0.9497821637643239,0.9497821637642762,4.773959005888173e-14,0,75.53580290089715
b2143,2,8,0.9497821637643239,0.9497821637642978,2.609024107869118e-14,0,0.6007409448326344
b0778,1,437,0.9497821637643239,0.0,0.9497821637643239,1,16956.61664308647
b2065,1,12,0.9497821637643239,0.9497821637643179,5.995204332975845e-15,0,74.77282734210067
b2478,1,437,0.9497821637643239,0.0,0.9497821637643239,1,16956.61664308646
b0337,1,6,0.9497821637643239,0.9497821637643111,1.27675647831893e-14,0,0.9789382888239433
b3729,1,437,0.9497821637643239,0.0,0.9497821637643239,1,16956.61664308646
b2688,1,12,0.9497821637643239,0.9497821637642935,3.042011087472929e-14,0,70.40961934271071
b0485,1,10,0.9497821637643239,0.9497821637643206,3.3306690738754696e-15,0,39.76576410065542
b1524,1,10,0.9497821637643239,0.9497821637643206,3.3306690738754696e-15,0,39.76576410065542
b2312,1,437,0.9497821637643239,0.0,0.9497821637643239,1,16956.616643086465
b0104,1,12,0.9497821637643239,0.9497821637643047,1.9206858326015208e-14,0,70.40961934171082
b1740,1,437,0.9497821637643239,0.0,0.9497821637643239,1,16956.61664308644
b3366,1,14,0.9497821637643239,0.9497821637642955,2.842170943040401e-14,0,69.68082291840186
b3365,1,10,0.9497821637643239,0.9497821637643696,-4.574118861455645e-14,0,75.5358029101015
b4254,1,10,0.9497821637643239,0.9497821637643133,1.0547118733938987e-14,0,49.41965463235673
b0273,1,10,0.9497821637643239,0.9497821637643133,1.0547118733938987e-14,0,49.41965463235673
b2500,1,348,0.9497821637643239,0.947866713279483,0.0019154504848408749,0,100.95092526667197
b3449,5,6,0.9497821637643239,0.9497821637643095,1.4432899320127035e-14,0,0.1773253458942699
b0331,1,8,0.9497821637643239,0.9497821637642898,3.4083846855992306e-14,0,40.26507369173712
b2210,2,8,0.9497821637643239,0.9497821637643096,1.432187701766452e-14,0,40.26507369270878
b1746,1,419,0.9497821637643239,0.9132890421072654,0.036493121657058536,0,4525.6488398475485
b0052,1,437,0.9497821637643239,0.0,0.9497821637643239,1,16956.61664308647
b2564,1,437,0.9497821637643239,0.0,0.9497821637643239,1,16956.616643086472
b0369,1,437,0.9497821637643239,0.0,0.9497821637643239,1,16956.61664308647
b4005,1,437,0.9497821637643239,0.0,0.9497821637643239,1,16956.616643086476
b2557,1,437,0.9497821637643239,0.0,0.9497821637643239,1,16956.61664308646
b2441,1,12,0.9497821637643239,0.9497821637642934,3.0531133177191805e-14,0,74.77282734169577
b2440,1,12,0.9497821637643239,0.949782163764299,2.4868995751603507e-14,0,48.84003804508789
b2049,1,10,0.9497821637643239,0.9497821637643696,-4.574118861455645e-14,0,75.5358029101015
b3806,1,8,0.9497821637643239,0.9497821637643082,1.5654144647214707e-14,0,40.26507369252866
b2533,2,8,0.9497821637643239,0.9497821637642998,2.4091839634365897e-14,0,0.2152102161877466
b0333,1,10,0.9497821637643239,0.9497821637643696,-4.574118861455645e-14,0,75.5358029101015
b3590,1,10,0.9497821637643239,0.9497821637643696,-4.574118861455645e-14,0,75.5358029101015
b2173,1,10,0.9497821637643239,0.9497821637643696,-4.574118861455645e-14,0,75.5358029101015
b2918,1,10,0.9497821637643239,0.9497821637643696,-4.574118861455645e-14,0,75.5358029101015
b2727,1,10,0.9497821637643239,0.9497821637643696,-4.574118861455645e-14,0,75.5358029101015
b4173,1,10,0.9497821637643239,0.9497821637643696,-4.574118861455645e-14,0,75.5358029101015
b4352,1,10,0.9497821637643239,0.9497821637643696,-4.574118861455645e-14,0,75.5358029101015
b4161,4,10,0.9497821637643239,0.9497821637643696,-4.574118861455645e-14,0,75.5358029101015
b1852,1,8,0.9497821637643239,0.9497821637643058,1.8096635301390052e-14,0,40.26507369230274
b0134,1,437,0.9497821637643239,0.0,0.9497821637643239,1,16956.61664308647
b2028,1,10,0.9497821637643239,0.9497821637643041,1.9761969838327786e-14,0,6.555888569714449
b2787,1,8,0.9497821637643239,0.949782163764311,1.2878587085651816e-14,0,0.21521021618775232
b2788,1,8,0.9497821637643239,0.949782163764311,1.2878587085651816e-14,0,0.21521021618775232
b3791,1,8,0.9497821637643239,0.949782163764294,2.986499936241671e-14,0,53.51388840205841
b3787,1,10,0.9497821637643239,0.9497821637643127,1.1213252548714081e-14,0,39.76576410161368
b1415,2,8,0.9497821637643239,0.9497821637643062,1.765254609153999e-14,0,63.401039451660296
b1493,1,10,0.9497821637643239,0.9497821637643135,1.0436096431476471e-14,0,49.41965463386616
b3517,1,10,0.9497821637643239,0.9497821637643135,1.0436096431476471e-14,0,49.41965463386616
b3551,3,8,0.9497821637643239,0.9497821637642937,3.019806626980426e-14,0,40.26507369163255
b2750,1,437,0.9497821637643239,0.0,0.9497821637643239,1,16956.61664308646
b1622,1,437,0.9497821637643239,0.0,0.9497821637643239,1,16956.616643086472
b3939,1,437,0.9497821637643239,0.0,0.9497821637643239,1,16956.61664308646
b2661,1,10,0.9497821637643239,0.9497821637643105,1.3433698597964394e-14,0,75.53580290417202
b0241,283,435,0.9497821637643239,0.0,0.9497821637643239,1,18949.697004871883
b2215,285,435,0.9497821637643239,0.0,0.9497821637643239,1,18949.697004871883
b0929,285,435,0.9497821637643239,0.0,0.9497821637643239,1,18949.697004871883
b1377,284,435,0.9497821637643239,0.0,0.9497821637643239,1,18949.697004871883
b0411,7,6,0.9497821637643239,0.949782163764313,1.0880185641326534e-14,0,0.003705731452908259
b1319,1,407,0.9497821637643239,0.942479421615258,0.0073027421490658995,0,702.1897796206382
b3875,3,409,0.9497821637643239,0.9424794216152494,0.007302742149074448,0,702.3373833538787
b0957,1,407,0.9497821637643239,0.942479421615258,0.0073027421490658995,0,702.1897796206382
b1805,10,8,0.9497821637643239,0.9497821637643097,1.4210854715202004e-14,0,40.26507369300013
b1701,10,8,0.9497821637643239,0.9497821637643097,1.4210854715202004e-14,0,40.26507369300013
b1646,1,10,0.9497821637643239,0.9497821637642878,3.608224830031759e-14,0,75.535802904122
b2203,2,10,0.9497821637643239,0.9497821637643696,-4.574118861455645e-14,0,75.5358029101015
b2202,2,10,0.9497821637643239,0.9497821637643696,-4.574118861455645e-14,0,75.5358029101015
b2206,2,10,0.9497821637643239,0.9497821637643696,-4.574118861455645e-14,0,75.5358029101015
b2205,1,10,0.9497821637643239,0.9497821637643696,-4.574118861455645e-14,0,75.5358029101015
b2204,1,10,0.9497821637643239,0.9497821637643696,-4.574118861455645e-14,0,75.5358029101015
b0980,2,6,0.9497821637643239,0.9497821637642243,9.958700530887654e-14,0,0.17732534589371163
b0383,15,10,0.9497821637643239,0.9497821637642982,2.5646151868841116e-14,0,39.76576410132837
b1468,2,12,0.9497821637643239,0.9497821637643118,1.2101430968414206e-14,0,58.18188915022029
b1224,2,12,0.9497821637643239,0.9497821637643118,1.2101430968414206e-14,0,58.18188915022029
b1225,2,12,0.9497821637643239,0.9497821637643118,1.2101430968414206e-14,0,58.18188915022029
b1226,2,12,0.9497821637643239,0.9497821637643118,1.2101430968414206e-14,0,58.18188915022029
b1227,2,12,0.9497821637643239,0.9497821637643118,1.2101430968414206e-14,0,58.18188915022029
b1466,2,12,0.9497821637643239,0.9497821637643118,1.2101430968414206e-14,0,58.18188915022029
b1467,2,12,0.9497821637643239,0.9497821637643118,1.2101430968414206e-14,0,58.18188915022029
b1465,2,12,0.9497821637643239,0.9497821637643118,1.2101430968414206e-14,0,58.18188915022029
b1602,1,10,0.9497821637643239,0.9497821637643696,-4.574118861455645e-14,0,75.5358029101015
b1603,1,10,0.9497821637643239,0.9497821637643696,-4.574118861455645e-14,0,75.5358029101015
b0997,2,10,0.9497821637643239,0.9497821637643484,-2.453592884421596e-14,0,75.5358029085157
b0996,2,10,0.9497821637643239,0.9497821637643484,-2.453592884421596e-14,0,75.5358029085157
b1873,4,10,0.9497821637643239,0.9497821637643274,-3.552713678800501e-15,0,75.53580290513736
b1872,4,10,0.9497821637643239,0.9497821637643274,-3.552713678800501e-15,0,75.53580290513736
b3845,8,439,0.9497821637643239,0.9361160507516639,0.013666113012659964,0,41.72610153662542
b2342,8,439,0.9497821637643239,0.9361160507516639,0.013666113012659964,0,41.72610153662542
b4388,1,405,0.9497821637643239,0.9402449051630742,0.009537258601249654,0,580.0966906919149
b0010,2,430,0.9497821637643239,0.8547995715452356,0.09498259221908834,0,6940.504219699589
b3528,6,10,0.9497821637643239,0.9497821637643582,-3.430589146091734e-14,0,39.765764103881175
b4123,9,10,0.9497821637643239,0.9497821637643429,-1.8984813721090177e-14,0,58.830378581018785
b0621,4,12,0.9497821637643239,0.9497821637642798,4.4075854077618715e-14,0,70.409619339067
b4138,7,12,0.9497821637643239,0.9497821637642798,4.4075854077618715e-14,0,70.409619339067
b2417,6,407,0.9497821637643239,0.9273053045309583,0.02247685923336562,0,632.1285616606385
b2429,2,8,0.9497821637643239,0.9497821637643272,-3.3306690738754696e-15,0,6.781669669397082
b2423,5,437,0.9497821637643239,0.0,0.9497821637643239,1,16956.61664308647
b2422,5,437,0.9497821637643239,0.0,0.9497821637643239,1,16956.616643086465
b0764,3,437,0.9497821637643239,0.0,0.9497821637643239,1,16956.61664308647
b0765,3,437,0.9497821637643239,0.0,0.9497821637643239,1,16956.61664308646
b0763,3,437,0.9497821637643239,0.0,0.9497821637643239,1,16956.61664308646
b2425,5,437,0.9497821637643239,0.0,0.9497821637643239,1,16956.61664308646
b2424,5,437,0.9497821637643239,0.0,0.9497821637643239,1,16956.616643086476
b3917,5,437,0.9497821637643239,0.0,0.9497821637643239,1,16956.616643086465
b3063,1,14,0.9497821637643239,0.9497821637643244,-5.551115123125783e-16,0,69.68082291913748
b2913,3,406,0.9497821637643239,0.9402449051631014,0.009537258601222454,0,595.765391889112
b0366,3,10,0.9497821637643239,0.9497821637643101,1.3766765505351941e-14,0,5.371522535907661
b0367,3,10,0.9497821637643239,0.9497821637643101,1.3766765505351941e-14,0,5.371522535907661
b0365,3,10,0.9497821637643239,0.9497821637643101,1.3766765505351941e-14,0,5.371522535907661
b2964,11,8,0.9497821637643239,0.9497821637643133,1.0547118733938987e-14,0,0.21521021618747121
b2393,8,12,0.9497821637643239,0.949782163764295,2.886579864025407e-14,0,48.84003804533065
b1291,1,318,0.9497821637643239,0.9485337059056053,0.0012484578587186324,0,70.53126116748246
b1250,1,318,0.9497821637643239,0.9485337059056053,0.0012484578587186324,0,70.53126116748246
b1363,1,318,0.9497821637643239,0.9485337059056053,0.0012484578587186324,0,70.53126116748246
b3290,1,318,0.9497821637643239,0.9485337059056053,0.0012484578587186324,0,70.53126116748246
b3747,1,318,0.9497821637643239,0.9485337059056053,0.0012484578587186324,0,70.53126116748246
b3849,1,318,0.9497821637643239,0.9485337059056053,0.0012484578587186324,0,70.53126116748246
b2587,1,8,0.9497821637643239,0.949782163764298,2.5868196473766147e-14,0,53.51388840509442
b4031,1,10,0.9497821637643239,0.9497821637643696,-4.574118861455645e-14,0,75.5358029101015
b0067,1,10,0.9497821637643239,0.9497821637643066,1.7319479184152442e-14,0,75.53580290444717
b0066,1,10,0.9497821637643239,0.9497821637643066,1.7319479184152442e-14,0,75.53580290444717
b0068,1,10,0.9497821637643239,0.9497821637643066,1.7319479184152442e-14,0,75.53580290444717
b2406,6,8,0.9497821637643239,0.9497821637643187,5.218048215738236e-15,0,6.781669669397159
b3460,5,10,0.9497821637643239,0.9497821637643696,-4.574118861455645e-14,0,75.5358029101015
b3455,5,10,0.9497821637643239,0.9497821637643696,-4.574118861455645e-14,0,75.5358029101015
b3454,5,10,0.9497821637643239,0.9497821637643696,-4.574118861455645e-14,0,75.5358029101015
b3457,5,10,0.9497821637643239,0.9497821637643696,-4.574118861455645e-14,0,75.5358029101015
b3456,5,10,0.9497821637643239,0.9497821637643696,-4.574118861455645e-14,0,75.5358029101015
b4240,1,8,0.9497821637643239,0.9497821637642342,8.970602038971265e-14,0,0.21521021618737562
b3161,2,10,0.9497821637643239,0.9497821637643126,1.1324274851176597e-14,0,39.76576410169898
b3709,1,10,0.9497821637643239,0.9497821637643696,-4.574118861455645e-14,0,75.5358029101015
b0112,4,12,0.9497821637643239,0.9497821637642959,2.7977620220553945e-14,0,70.40961934147793
b1907,1,10,0.9497821637643239,0.9497821637643696,-4.574118861455645e-14,0,75.5358029101015
b3567,1,10,0.9497821637643239,0.9497821637643696,-4.574118861455645e-14,0,75.5358029101015
b3566,1,10,0.9497821637643239,0.9497821637643696,-4.574118861455645e-14,0,75.5358029101015
b3568,1,10,0.9497821637643239,0.9497821637643696,-4.574118861455645e-14,0,75.5358029101015
b3577,2,6,0.9497821637643239,0.9497821637642744,4.951594689828198e-14,0,0.9789382888228998
b3578,2,6,0.9497821637643239,0.9497821637642744,4.951594689828198e-14,0,0.9789382888228998
b3579,2,6,0.9497821637643239,0.9497821637642744,4.951594689828198e-14,0,0.9789382888228998
b3089,2,10,0.9497821637643239,0.9497821637643696,-4.574118861455645e-14,0,75.5358029101015
b2153,1,437,0.9497821637643239,0.0,0.9497821637643239,1,16956.61664308647
b0935,5,12,0.9497821637643239,0.9497821637643699,-4.596323321948148e-14,0,5.179920575063958
b0151,5,10,0.9497821637643239,0.9497821637642856,3.83026943495679e-14,0,75.53580290134462
b0153,5,10,0.9497821637643239,0.9497821637642856,3.83026943495679e-14,0,75.53580290134462
b0152,5,10,0.9497821637643239,0.9497821637642856,3.83026943495679e-14,0,75.53580290134462
b0158,3,10,0.9497821637643239,0.9497821637642967,2.7200464103316335e-14,0,75.53580290384308
b1709,3,10,0.9497821637643239,0.9497821637642967,2.7200464103316335e-14,0,75.53580290384308
b1711,3,10,0.9497821637643239,0.9497821637642967,2.7200464103316335e-14,0,75.53580290384308
b2223,3,10,0.9497821637643239,0.9497821637643072,1.6653345369377348e-14,0,39.76576410141327
b1101,2,408,0.9497821637643239,0.927305304530961,0.022476859233362845,0,629.5622773941807
b0679,1,8,0.9497821637643239,0.9497821637643018,2.2093438190040615e-14,0,40.26507369390177
b1817,6,408,0.9497821637643239,0.9273053045309613,0.022476859233362623,0,629.5622773953336
b1819,6,408,0.9497821637643239,0.9273053045309613,0.022476859233362623,0,629.5622773953336
b1818,6,408,0.9497821637643239,0.9273053045309613,0.022476859233362623,0,629.5622773953336
b3224,1,12,0.9497821637643239,0.9497821637643032,2.0650148258027912e-14,0,58.18188914945001
b0311,1,10,0.9497821637643239,0.9497821637643192,4.6629367034256575e-15,0,39.76576410244091
b4381,1,10,0.9497821637643239,0.949782163764343,-1.9095836023552692e-14,0,49.419654634676725
b0592,2,10,0.9497821637643239,0.9497821637643028,2.1094237467877974e-14,0,39.76576410065658
b0590,2,10,0.9497821637643239,0.9497821637643028,2.1094237467877974e-14,0,39.76576410065658
b0588,2,10,0.9497821637643239,0.9497821637643028,2.1094237467877974e-14,0,39.76576410065658
b0589,2,10,0.9497821637643239,0.9497821637643028,2.1094237467877974e-14,0,39.76576410065658
b2841,1,8,0.9497821637643239,0.9497821637643061,1.7763568394002505e-14,0,40.26507369208184
b2310,3,10,0.9497821637643239,0.9497821637643696,-4.574118861455645e-14,0,75.5358029101015
b2306,4,10,0.9497821637643239,0.9497821637643696,-4.574118861455645e-14,0,75.5358029101015
b2307,4,10,0.9497821637643239,0.9497821637643696,-4.574118861455645e-14,0,75.5358029101015
b2308,4,10,0.9497821637643239,0.9497821637643696,-4.574118861455645e-14,0,75.5358029101015
b0864,1,10,0.9497821637643239,0.9497821637643696,-4.574118861455645e-14,0,75.5358029101015
b0861,1,10,0.9497821637643239,0.9497821637643696,-4.574118861455645e-14,0,75.5358029101015
b0860,1,10,0.9497821637643239,0.9497821637643696,-4.574118861455645e-14,0,75.5358029101015
b0863,1,10,0.9497821637643239,0.9497821637643696,-4.574118861455645e-14,0,75.5358029101015
b0862,1,10,0.9497821637643239,0.9497821637643696,-4.574118861455645e-14,0,75.5358029101015
b4115,1,24,0.9497821637643239,0.9497821637642936,3.0309088572266774e-14,0,80.93389702707765
b4193,1,12,0.9497821637643239,0.9497821637643107,1.3211653993039363e-14,0,48.840038047592785
b4195,1,12,0.9497821637643239,0.9497821637643107,1.3211653993039363e-14,0,48.840038047592785
b4194,1,12,0.9497821637643239,0.9497821637643107,1.3211653993039363e-14,0,48.840038047592785
b1453,1,8,0.9497821637643239,0.9497821637643101,1.3766765505351941e-14,0,0.6007409448322185
b0654,2,10,0.9497821637643239,0.9497821637643696,-4.574118861455645e-14,0,75.5358029101015
b0655,2,10,0.9497821637643239,0.9497821637643696,-4.574118861455645e-14,0,75.5358029101015
b0652,2,10,0.9497821637643239,0.9497821637643696,-4.574118861455645e-14,0,75.5358029101015
b0653,2,10,0.9497821637643239,0.9497821637643696,-4.574118861455645e-14,0,75.5358029101015
b4077,2,8,0.9497821637643239,0.9497821637643062,1.765254609153999e-14,0,0.6007409448321777
b0480,17,10,0.9497821637643239,0.9497821637643213,2.55351295663786e-15,0,39.76576410165313
b4055,17,10,0.9497821637643239,0.9497821637643374,-1.354472090042691e-14,0,39.76576410350158
b3127,3,10,0.9497821637643239,0.9497821637643378,-1.3877787807814457e-14,0,39.76576410315804
b2789,3,10,0.9497821637643239,0.9497821637643378,-1.3877787807814457e-14,0,39.76576410315804
b2943,2,10,0.9497821637643239,0.9497821637643116,1.2323475573339238e-14,0,49.41965463196991
b2663,1,12,0.9497821637643239,0.9497821637643018,2.2093438190040615e-14,0,70.40961934194297
b1918,1,10,0.9497821637643239,0.9497821637643696,-4.574118861455645e-14,0,75.5358029101015
b1917,1,10,0.9497821637643239,0.9497821637643696,-4.574118861455645e-14,0,75.5358029101015
b1920,1,10,0.9497821637643239,0.9497821637643696,-4.574118861455645e-14,0,75.5358029101015
b2704,2,12,0.9497821637643239,0.949782163764285,3.885780586188048e-14,0,70.40961934232816
b2702,2,12,0.9497821637643239,0.949782163764285,3.885780586188048e-14,0,70.40961934232816
b2703,2,12,0.9497821637643239,0.949782163764285,3.885780586188048e-14,0,70.40961934232816
b1197,1,10,0.9497821637643239,0.9497821637643696,-4.574118861455645e-14,0,75.5358029101015
b4515,1,10,0.9497821637643239,0.9497821637643696,-4.574118861455645e-14,0,75.5358029101015
b0733,1,10,0.9497821637643239,0.9497821637643696,-4.574118861455645e-14,0,75.5358029101015
b0734,1,10,0.9497821637643239,0.9497821637643696,-4.574118861455645e-14,0,75.5358029101015
b0979,2,8,0.9497821637643239,0.9497821637643005,2.3425705819590803e-14,0,40.26507369223326
b0978,2,8,0.9497821637643239,0.9497821637643005,2.3425705819590803e-14,0,40.26507369223326
b3734,1,455,0.9497821637643239,0.34129187421584145,0.6084902895484825,0,17337.656818870724
b3735,1,455,0.9497821637643239,0.34129187421584145,0.6084902895484825,0,17337.656818870724
b3736,1,455,0.9497821637643239,0.34129187421584145,0.6084902895484825,0,17337.656818870724
b3737,1,455,0.9497821637643239,0.34129187421584145,0.6084902895484825,0,17337.656818870724
b3731,1,455,0.9497821637643239,0.34129187421584145,0.6084902895484825,0,17337.656818870724
b3732,1,455,0.9497821637643239,0.34129187421584145,0.6084902895484825,0,17337.656818870724
b3733,1,455,0.9497821637643239,0.34129187421584145,0.6084902895484825,0,17337.656818870724
b3738,1,455,0.9497821637643239,0.34129187421584145,0.6084902895484825,0,17337.656818870724
b3739,1,455,0.9497821637643239,0.34129187421584145,0.6084902895484825,0,17337.656818870724
b4067,2,10,0.9497821637643239,0.9497821637643696,-4.574118861455645e-14,0,75.5358029101015
b3714,1,8,0.9497821637643239,0.949782163764315,8.881784197001252e-15,0,0.21521021618818398
b3654,3,8,0.9497821637643239,0.949782163764315,8.881784197001252e-15,0,0.21521021618818398
b3664,1,8,0.9497821637643239,0.949782163764315,8.881784197001252e-15,0,0.21521021618818398
b4088,2,10,0.9497821637643239,0.9497821637643106,1.3322676295501878e-14,0,58.83037857756868
b4087,2,10,0.9497821637643239,0.9497821637643106,1.3322676295501878e-14,0,58.83037857756868
b4086,2,10,0.9497821637643239,0.9497821637643106,1.3322676295501878e-14,0,58.83037857756868
b0511,1,8,0.9497821637643239,0.9497821637643155,8.43769498715119e-15,0,53.513888403607616
b1901,1,10,0.9497821637643239,0.9497821637643696,-4.574118861455645e-14,0,75.5358029101015
b1900,1,10,0.9497821637643239,0.9497821637643696,-4.574118861455645e-14,0,75.5358029101015
b4460,1,10,0.9497821637643239,0.9497821637643696,-4.574118861455645e-14,0,75.5358029101015
b0124,1,8,0.9497821637643239,0.9497821637643215,2.4424906541753444e-15,0,40.265073694824125
b0837,1,8,0.9497821637643239,0.9497821637643215,2.4424906541753444e-15,0,40.265073694824125
b4464,2,14,0.9497821637643239,0.949782163764324,-1.1102230246251565e-16,0,248.84003804813088
b4064,2,14,0.9497821637643239,0.949782163764324,-1.1102230246251565e-16,0,248.84003804813088
b0974,3,10,0.9497821637643239,0.9497821637643696,-4.574118861455645e-14,0,75.5358029101015
b0973,3,10,0.9497821637643239,0.9497821637643696,-4.574118861455645e-14,0,75.5358029101015
b0972,3,10,0.9497821637643239,0.9497821637643696,-4.574118861455645e-14,0,75.5358029101015
b2997,3,10,0.9497821637643239,0.9497821637643696,-4.574118861455645e-14,0,75.5358029101015
b2996,3,10,0.9497821637643239,0.9497821637643696,-4.574118861455645e-14,0,75.5358029101015
b2995,3,10,0.9497821637643239,0.9497821637643696,-4.574118861455645e-14,0,75.5358029101015
b2994,3,10,0.9497821637643239,0.9497821637643696,-4.574118861455645e-14,0,75.5358029101015
b4289,1,12,0.9497821637643239,0.9497821637643176,6.328271240363392e-15,0,58.18188915241972
b4288,1,12,0.9497821637643239,0.9497821637643176,6.328271240363392e-15,0,58.18188915241972
b4290,1,12,0.9497821637643239,0.9497821637643176,6.328271240363392e-15,0,58.18188915241972
b4287,1,12,0.9497821637643239,0.9497821637643176,6.328271240363392e-15,0,58.18188915241972
b1102,1,10,0.9497821637643239,0.9497821637642799,4.39648317751562e-14,0,58.83037857562251
b3006,10,12,0.9497821637643239,0.9497821637642978,2.609024107869118e-14,0,70.40961934224245
b3005,10,12,0.9497821637643239,0.9497821637642978,2.609024107869118e-14,0,70.40961934224245
b1252,10,12,0.9497821637643239,0.9497821637642978,2.609024107869118e-14,0,70.40961934224245
b2315,1,437,0.9497821637643239,0.0,0.9497821637643239,1,16956.61664308647
b0612,1,12,0.9497821637643239,0.9497821637642977,2.6201263381153694e-14,0,74.77282734335445
b0040,2,10,0.9497821637643239,0.9497821637642758,4.807265696626928e-14,0,5.371522535907573
b2131,2,10,0.9497821637643239,0.9497821637643696,-4.574118861455645e-14,0,75.5358029101015
b2130,2,10,0.9497821637643239,0.9497821637643696,-4.574118861455645e-14,0,75.5358029101015
b2128,2,10,0.9497821637643239,0.9497821637643696,-4.574118861455645e-14,0,75.5358029101015
b2129,2,10,0.9497821637643239,0.9497821637643696,-4.574118861455645e-14,0,75.5358029101015
b3409,1,10,0.9497821637643239,0.9497821637643696,-4.574118861455645e-14,0,75.5358029101015
b2167,1,10,0.9497821637643239,0.9497821637642977,2.6201263381153694e-14,0,39.765764100735495
b2169,1,10,0.9497821637643239,0.9497821637642977,2.6201263381153694e-14,0,39.765764100735495
b2801,1,8,0.9497821637643239,0.9497821637643244,-5.551115123125783e-16,0,0.6007409448319045
b0584,1,12,0.9497821637643239,0.9497821637643082,1.5654144647214707e-14,0,58.181889149347995
b0336,1,10,0.9497821637643239,0.9497821637643009,2.298161660974074e-14,0,49.41965463024808
b0341,1,12,0.9497821637643239,0.9497821637642951,2.8754776337791554e-14,0,70.40961934442312
b3909,2,8,0.9497821637643239,0.9497821637643167,7.216449660063518e-15,0,40.26507369296589
b4036,7,10,0.9497821637643239,0.949782163764316,7.882583474838611e-15,0,240.26507369294842
b4291,1,10,0.9497821637643239,0.9497821637642937,3.019806626980426e-14,0,58.83037857804559
b1119,1,8,0.9497821637643239,0.9497821637643233,5.551115123125783e-16,0,53.51388840487788
b3829,1,437,0.9497821637643239,0.0,0.9497821637643239,1,16956.61664308646
b4019,1,437,0.9497821637643239,0.0,0.9497821637643239,1,16956.61664308647
b0887,2,8,0.9497821637643239,0.9497821637643082,1.5654144647214707e-14,0,6.781669669399095
b0886,2,10,0.9497821637643239,0.9497821637642861,3.774758283725532e-14,0,75.535802903504
b2476,1,437,0.9497821637643239,0.0,0.9497821637643239,1,16956.61664308646
b3125,1,8,0.9497821637643239,0.9497821637642753,4.8627768478581856e-14,0,53.51388840255611
b0509,1,12,0.9497821637643239,0.9497821637643014,2.2537527399890678e-14,0,70.40961934356753
b2501,2,10,0.9497821637643239,0.9497821637643157,8.215650382226158e-15,0,49.41965463143366
b3941,1,437,0.9497821637643239,0.0,0.9497821637643239,1,16956.616643086465
b2574,4,437,0.9497821637643239,0.0,0.9497821637643239,1,16956.61664308646
b3177,1,437,0.9497821637643239,0.0,0.9497821637643239,1,16956.61664308647
b0529,2,406,0.9497821637643239,0.9447993089900663,0.004982854774257639,0,264.2249371907458
b4132,1,10,0.9497821637643239,0.949782163764321,2.886579864025407e-15,0,75.53580290518686
b0750,1,437,0.9497821637643239,0.0,0.9497821637643239,1,16956.61664308647
b3605,2,12,0.9497821637643239,0.9497821637643252,-1.3322676295501878e-15,0,74.77282734529572
b0306,2,10,0.9497821637643239,0.9497821637643696,-4.574118861455645e-14,0,75.53580290714794
b0307,2,10,0.9497821637643239,0.9497821637643696,-4.574118861455645e-14,0,75.53580290714794
b0308,2,10,0.9497821637643239,0.9497821637643696,-4.574118861455645e-14,0,75.53580290714794
b0904,2,0,0.9497821637643239,0.9497821637642757,4.8183679268731794e-14,0,0.0
b2492,2,0,0.9497821637643239,0.9497821637642757,4.8183679268731794e-14,0,0.0
b3631,1,8,0.9497821637643239,0.9497821637643121,1.176836406102666e-14,0,40.26507369279328
b0914,32,437,0.9497821637643239,0.0,0.9497821637643239,1,16956.616643086465
b1300,2,10,0.9497821637643239,0.9497821637643103,1.354472090042691e-14,0,75.53580290629641
b1967,1,10,0.9497821637643239,0.9497821637643696,-4.574118861455645e-14,0,75.5358029101015
b0933,5,12,0.9497821637643239,0.9497821637643221,1.7763568394002505e-15,0,70.40961934420582
b0936,5,12,0.9497821637643239,0.9497821637643221,1.7763568394002505e-15,0,70.40961934420582
b0934,5,12,0.9497821637643239,0.9497821637643221,1.7763568394002505e-15,0,70.40961934420582
b2032,1,10,0.9497821637643239,0.9497821637643415,-1.765254609153999e-14,0,39.76576410261059
b2027,3,12,0.9497821637643239,0.9497821637643201,3.774758283725532e-15,0,70.40961934481355
b2035,3,12,0.9497821637643239,0.9497821637643201,3.774758283725532e-15,0,70.40961934481355
b3622,2,8,0.9497821637643239,0.9497821637642998,2.4091839634365897e-14,0,53.5138884023563
b0459,2,8,0.9497821637643239,0.9497821637643166,7.327471962526033e-15,0,0.2152102161887417
b0585,2,8,0.9497821637643239,0.9497821637643272,-3.3306690738754696e-15,0,40.26507369324671
b1326,1,10,0.9497821637643239,0.9497821637643027,2.120525977034049e-14,0,39.765764100745
b1325,1,8,0.9497821637643239,0.9497821637643006,2.3314683517128287e-14,0,0.6007409448327996
b0591,1,10,0.9497821637643239,0.9497821637642824,4.1522341120980855e-14,0,5.371522535906864
b3035,9,10,0.9497821637643239,0.9497821637642824,4.1522341120980855e-14,0,5.371522535906864
b0692,2,411,0.9497821637643239,0.91149236111668,0.03828980264764392,0,3522.510586774444
b2014,1,411,0.9497821637643239,0.9114923611166801,0.03828980264764381,0,3522.510586774581
b1296,1,411,0.9497821637643239,0.9114923611166801,0.03828980264764381,0,3522.510586774581
b1298,1,8,0.9497821637643239,0.9497821637642992,2.4646951146678475e-14,0,40.265073691596996
b3374,1,10,0.9497821637643239,0.9497821637642885,3.5416114485542494e-14,0,39.765764099694174
b1308,1,10,0.9497821637643239,0.9497821637643696,-4.574118861455645e-14,0,75.5358029101015
b2197,1,10,0.9497821637643239,0.9497821637643696,-4.574118861455645e-14,0,75.5358029101015
b2201,1,10,0.9497821637643239,0.9497821637643696,-4.574118861455645e-14,0,75.5358029101015
b2200,1,10,0.9497821637643239,0.9497821637643696,-4.574118861455645e-14,0,75.5358029101015
b2199,1,10,0.9497821637643239,0.9497821637643696,-4.574118861455645e-14,0,75.5358029101015
b2198,1,10,0.9497821637643239,0.9497821637643696,-4.574118861455645e-14,0,75.5358029101015
b0622,2,10,0.9497821637643239,0.9497821637643696,-4.574118861455645e-14,0,75.5358029101015
b3785,3,6,0.9497821637643239,0.9497821637643389,-1.4988010832439613e-14,0,0.17732534589414667
b3793,3,6,0.9497821637643239,0.9497821637643389,-1.4988010832439613e-14,0,0.17732534589414667
b2552,2,8,0.9497821637643239,0.9497821637643179,5.995204332975845e-15,0,40.26507369277549
b0756,1,8,0.9497821637643239,0.9497821637643157,8.215650382226158e-15,0,0.6007409448328873
b0484,1,10,0.9497821637643239,0.9497821637643696,-4.574118861455645e-14,0,75.5358029101015
b3469,6,10,0.9497821637643239,0.9497821637643696,-4.574118861455645e-14,0,75.5358029101015
b3626,1,12,0.9497821637643239,0.949782163764269,5.484501741648273e-14,0,58.18188914713935
b3623,1,10,0.9497821637643239,0.9497821637643107,1.3211653993039363e-14,0,39.76576410152261
b2257,1,8,0.9497821637643239,0.949782163764283,4.085620730620576e-14,0,40.265073691169334
b2711,1,10,0.9497821637643239,0.9497821637643696,-4.574118861455645e-14,0,75.5358029101015
b2710,1,10,0.9497821637643239,0.9497821637643696,-4.574118861455645e-14,0,75.5358029101015
b4111,5,16,0.9497821637643239,0.9497821637643068,1.709743457922741e-14,0,58.181986906860764
b1386,3,10,0.9497821637643239,0.9497821637643696,-4.574118861455645e-14,0,75.5358029101015
b4072,2,10,0.9497821637643239,0.949782163764309,1.4876988529977098e-14,0,75.53580290226891
b4073,2,10,0.9497821637643239,0.949782163764309,1.4876988529977098e-14,0,75.53580290226891
b4070,2,10,0.9497821637643239,0.949782163764309,1.4876988529977098e-14,0,75.53580290226891
b4071,2,10,0.9497821637643239,0.949782163764309,1.4876988529977098e-14,0,75.53580290226891
b3679,1,8,0.9497821637643239,0.9497821637642978,2.609024107869118e-14,0,0.21521021618730823
b0110,4,10,0.9497821637643239,0.9497821637643086,1.532107773982716e-14,0,0.5583188218523766
b1463,1,10,0.9497821637643239,0.9497821637643006,2.3314683517128287e-14,0,39.76576410039718
b4219,1,10,0.9497821637643239,0.9497821637643696,-4.574118861455645e-14,0,75.5358029101015
b1832,1,10,0.9497821637643239,0.9497821637643696,-4.574118861455645e-14,0,75.5358029101015
b1778,1,10,0.9497821637643239,0.9497821637643696,-4.574118861455645e-14,0,75.5358029101015
b2871,1,10,0.9497821637643239,0.9497821637642945,2.942091015256665e-14,0,39.765764100396254
b0932,2,12,0.9497821637643239,0.9497821637643054,1.8540724511240114e-14,0,48.84003804764715
b4260,2,12,0.9497821637643239,0.9497821637643054,1.8540724511240114e-14,0,48.84003804764715
b2523,2,12,0.9497821637643239,0.9497821637643054,1.8540724511240114e-14,0,48.84003804764715
b0237,3,12,0.9497821637643239,0.9497821637643152,8.659739592076221e-15,0,58.181889151315
b2132,1,10,0.9497821637643239,0.9497821637643101,1.3766765505351941e-14,0,75.53580290525034
b2239,5,8,0.9497821637643239,0.9497821637642924,3.1530333899354446e-14,0,0.6007409448330396
b2435,2,10,0.9497821637643239,0.9497821637643696,-4.574118861455645e-14,0,75.5358029101015
b0867,2,10,0.9497821637643239,0.9497821637643696,-4.574118861455645e-14,0,75.5358029101015
b2817,2,10,0.9497821637643239,0.9497821637643696,-4.574118861455645e-14,0,75.5358029101015
b4169,2,10,0.9497821637643239,0.9497821637643696,-4.574118861455645e-14,0,75.5358029101015
b3610,6,10,0.9497821637643239,0.9497821637643578,-3.3861802251067274e-14,0,39.76576410434867
b2676,4,10,0.9497821637643239,0.9497821637643055,1.84297022087776e-14,0,58.83037857812554
b1064,7,12,0.9497821637643239,0.9497821637643095,1.4432899320127035e-14,0,58.18188915025829
b2675,4,10,0.9497821637643239,0.9497821637643055,1.84297022087776e-14,0,58.83037857812554
b0849,6,10,0.9497821637643239,0.9497821637643578,-3.3861802251067274e-14,0,39.76576410434867
b1654,6,10,0.9497821637643239,0.9497821637643578,-3.3861802251067274e-14,0,39.76576410434867
b3336,1,8,0.9497821637643239,0.9497821637642999,2.398081733190338e-14,0,40.26507369239491
b0123,2,8,0.9497821637643239,0.949782163764302,2.1871393585115584e-14,0,40.26507369329096
b1192,4,10,0.9497821637643239,0.9497821637643015,2.2426505097428162e-14,0,49.41965463187773
b1270,2,6,0.9497821637643239,0.9497821637643068,1.709743457922741e-14,0,0.17732534589425586
b1246,2,10,0.9497821637643239,0.9497821637643398,-1.587618925213974e-14,0,58.830378580877245
b1247,2,10,0.9497821637643239,0.9497821637643398,-1.587618925213974e-14,0,58.830378580877245
b1244,2,10,0.9497821637643239,0.9497821637643398,-1.587618925213974e-14,0,58.830378580877245
b1245,2,10,0.9497821637643239,0.9497821637643398,-1.587618925213974e-14,0,58.830378580877245
b1243,2,10,0.9497821637643239,0.9497821637643398,-1.587618925213974e-14,0,58.830378580877245
b2180,2,10,0.9497821637643239,0.9497821637643398,-1.587618925213974e-14,0,58.830378580877245
b2179,2,10,0.9497821637643239,0.9497821637643398,-1.587618925213974e-14,0,58.830378580877245
b1329,1,10,0.9497821637643239,0.9497821637643696,-4.574118861455645e-14,0,75.5358029101015
b2177,2,10,0.9497821637643239,0.9497821637643398,-1.587618925213974e-14,0,58.830378580877245
b2178,2,10,0.9497821637643239,0.9497821637643398,-1.587618925213974e-14,0,58.830378580877245
b0433,3,12,0.9497821637643239,0.9497821637643226,1.3322676295501878e-15,0,48.840038046291795
b4367,3,12,0.9497821637643239,0.9497821637643156,8.326672684688674e-15,0,58.18188915080654
b0573,2,10,0.9497821637643239,0.949782163764338,-1.4099832412739488e-14,0,49.41965463416082
b0572,2,10,0.9497821637643239,0.949782163764338,-1.4099832412739488e-14,0,49.41965463416082
b0575,2,10,0.9497821637643239,0.949782163764338,-1.4099832412739488e-14,0,49.41965463416082
b0574,2,10,0.9497821637643239,0.949782163764338,-1.4099832412739488e-14,0,49.41965463416082
b3915,7,8,0.9497821637643239,0.9497821637643181,5.773159728050814e-15,0,0.21521021618821126
b0752,5,10,0.9497821637643239,0.9497821637643696,-4.574118861455645e-14,0,75.5358029101015
b1859,1,10,0.9497821637643239,0.9497821637643696,-4.574118861455645e-14,0,75.5358029101015
b1858,1,10,0.9497821637643239,0.9497821637643696,-4.574118861455645e-14,0,75.5358029101015
b1857,1,10,0.9497821637643239,0.9497821637643696,-4.574118861455645e-14,0,75.5358029101015
b1981,1,12,0.9497821637643239,0.9497821637643235,4.440892098500626e-16,0,70.40961934384673
b2392,2,10,0.9497821637643239,0.9497821637643145,9.43689570931383e-15,0,75.53580290557319
b0452,10,439,0.9497821637643239,0.9361160507516556,0.01366611301266829,0,39.635033382475214
b1927,1,8,0.9497821637643239,0.9497821637643006,2.3314683517128287e-14,0,6.781669669396367
b3571,1,10,0.9497821637643239,0.9497821637643696,-4.574118861455645e-14,0,75.5358029101015
b3650,3,10,0.9497821637643239,0.9497821637642733,5.062616992290714e-14,0,39.765764097429276
b2344,7,8,0.9497821637643239,0.9497821637643019,2.19824158875781e-14,0,6.781669669395756
b4213,8,8,0.9497821637643239,0.9497821637642829,4.0967229608668276e-14,0,40.26507369063425
b1059,2,10,0.9497821637643239,0.9497821637642834,4.0523140398818214e-14,0,75.53580290233873
b1727,4,10,0.9497821637643239,0.9497821637643463,-2.2426505097428162e-14,0,49.41965463492826
b3580,2,6,0.9497821637643239,0.9497821637643017,2.220446049250313e-14,0,0.1773253458947866
b2051,1,8,0.9497821637643239,0.9497821637643026,2.1316282072803006e-14,0,40.265073691960914
b4265,3,10,0.9497821637643239,0.9497821637643142,9.658940314238862e-15,0,39.76576410132649
b3266,1,10,0.9497821637643239,0.9497821637643696,-4.574118861455645e-14,0,75.5358029101015
b3265,1,10,0.9497821637643239,0.9497821637643696,-4.574118861455645e-14,0,75.5358029101015
b3907,2,8,0.9497821637643239,0.9497821637643037,2.020605904817785e-14,0,40.26507369234368
b3477,1,10,0.9497821637643239,0.9497821637643696,-4.574118861455645e-14,0,75.5358029101015
b3476,1,10,0.9497821637643239,0.9497821637643696,-4.574118861455645e-14,0,75.5358029101015
b3480,1,10,0.9497821637643239,0.9497821637643696,-4.574118861455645e-14,0,75.5358029101015
b3478,1,10,0.9497821637643239,0.9497821637643696,-4.574118861455645e-14,0,75.5358029101015
b3479,1,10,0.9497821637643239,0.9497821637643696,-4.574118861455645e-14,0,75.5358029101015
b4242,2,10,0.9497821637643239,0.9497821637643696,-4.574118861455645e-14,0,75.5358029101015
b4094,1,10,0.9497821637643239,0.9497821637643096,1.432187701766452e-14,0,75.53580290487442
b0698,1,10,0.9497821637643239,0.9497821637643696,-4.574118861455645e-14,0,75.5358029101015
b0696,1,10,0.9497821637643239,0.9497821637643696,-4.574118861455645e-14,0,75.5358029101015
b0697,1,10,0.9497821637643239,0.9497821637643696,-4.574118861455645e-14,0,75.5358029101015
b4513,1,10,0.9497821637643239,0.9497821637643696,-4.574118861455645e-14,0,75.5358029101015
b3458,1,10,0.9497821637643239,0.9497821637643696,-4.574118861455645e-14,0,75.5358029101015
b2975,3,12,0.9497821637643239,0.9497821637643253,-1.4432899320127035e-15,0,70.40961934566835
b3603,3,12,0.9497821637643239,0.9497821637643253,-1.4432899320127035e-15,0,70.40961934566835
b4034,6,6,0.9497821637643239,0.9497821637642891,3.47499806707674e-14,0,0.17732534589467971
b4035,6,6,0.9497821637643239,0.9497821637642891,3.47499806707674e-14,0,0.17732534589467971
b4032,6,6,0.9497821637643239,0.9497821637642891,3.47499806707674e-14,0,0.17732534589467971
b4033,6,6,0.9497821637643239,0.9497821637642891,3.47499806707674e-14,0,0.17732534589467971
b3666,4,8,0.9497821637643239,0.9497821637643095,1.4432899320127035e-14,0,40.26507369277308
b0731,1,6,0.9497821637643239,0.9497821637642929,3.097522238704187e-14,0,0.17732534589438165
b4120,1,10,0.9497821637643239,0.9497821637643696,-4.574118861455645e-14,0,75.5358029101015
b0343,2,10,0.9497821637643239,0.949782163764325,-1.1102230246251565e-15,0,39.76576410161704
b0197,2,8,0.9497821637643239,0.9497821637643152,8.659739592076221e-15,0,40.26507369287222
b0199,2,8,0.9497821637643239,0.9497821637643152,8.659739592076221e-15,0,40.26507369287222
b0198,2,8,0.9497821637643239,0.9497821637643152,8.659739592076221e-15,0,40.26507369287222
b1297,1,10,0.9497821637643239,0.9497821637643131,1.0769163338864018e-14,0,39.765764100675014
b2933,1,6,0.9497821637643239,0.9497821637643018,2.2093438190040615e-14,0,43.80378477537594
b2934,1,6,0.9497821637643239,0.9497821637643018,2.2093438190040615e-14,0,43.80378477537594
b3599,1,6,0.9497821637643239,0.9497821637643018,2.2093438190040615e-14,0,43.80378477537594
b1186,1,10,0.9497821637643239,0.9497821637643696,-4.574118861455645e-14,0,75.5358029101015
b0019,1,10,0.9497821637643239,0.9497821637643696,-4.574118861455645e-14,0,75.5358029101015
b0451,1,411,0.9497821637643239,0.9337425217159456,0.016039642048378266,0,4357.277418423669
b0751,1,10,0.9497821637643239,0.9497821637643032,2.0650148258027912e-14,0,49.41965463098139
b1223,2,10,0.9497821637643239,0.9497821637642828,4.107825191113079e-14,0,5.3715225359086
b3367,1,8,0.9497821637643239,0.9497821637642976,2.631228568361621e-14,0,40.26507369213431
b1469,1,8,0.9497821637643239,0.9497821637643045,1.942890293094024e-14,0,40.26507369348997
b3728,1,10,0.9497821637643239,0.9497821637643696,-4.574118861455645e-14,0,75.5358029101015
b3727,1,10,0.9497821637643239,0.9497821637643696,-4.574118861455645e-14,0,75.5358029101015
b3726,1,10,0.9497821637643239,0.9497821637643696,-4.574118861455645e-14,0,75.5358029101015
b3725,1,10,0.9497821637643239,0.9497821637643696,-4.574118861455645e-14,0,75.5358029101015
b3258,1,10,0.9497821637643239,0.9497821637643192,4.6629367034256575e-15,0,75.53580290594233
b3371,1,8,0.9497821637643239,0.9497821637643039,1.9984014443252818e-14,0,40.265073693664206
b2677,5,10,0.9497821637643239,0.9497821637643696,-4.574118861455645e-14,0,75.5358029101015
b2678,5,10,0.9497821637643239,0.9497821637643696,-4.574118861455645e-14,0,75.5358029101015
b2679,5,10,0.9497821637643239,0.9497821637643696,-4.574118861455645e-14,0,75.5358029101015
b0402,1,10,0.9497821637643239,0.9497821637643248,-8.881784197001252e-16,0,0.17742310325769317
b1015,2,12,0.9497821637643239,0.9497821637643179,5.995204332975845e-15,0,0.21530797355167192
b0854,1,10,0.9497821637643239,0.9497821637643696,-4.574118861455645e-14,0,75.5358029101015
b0855,1,10,0.9497821637643239,0.9497821637643696,-4.574118861455645e-14,0,75.5358029101015
b0856,1,10,0.9497821637643239,0.9497821637643696,-4.574118861455645e-14,0,75.5358029101015
b0857,1,10,0.9497821637643239,0.9497821637643696,-4.574118861455645e-14,0,75.5358029101015
b1440,2,10,0.9497821637643239,0.9497821637643696,-4.574118861455645e-14,0,75.5358029101015
b1441,2,10,0.9497821637643239,0.9497821637643696,-4.574118861455645e-14,0,75.5358029101015
b1442,2,10,0.9497821637643239,0.9497821637643696,-4.574118861455645e-14,0,75.5358029101015
b1443,2,10,0.9497821637643239,0.9497821637643696,-4.574118861455645e-14,0,75.5358029101015
b1126,2,10,0.9497821637643239,0.9497821637643696,-4.574118861455645e-14,0,75.5358029101015
b1125,2,10,0.9497821637643239,0.9497821637643696,-4.574118861455645e-14,0,75.5358029101015
b1124,2,10,0.9497821637643239,0.9497821637643696,-4.574118861455645e-14,0,75.5358029101015
b1123,2,10,0.9497821637643239,0.9497821637643696,-4.574118861455645e-14,0,75.5358029101015
b2957,2,8,0.9497821637643239,0.9497821637643349,-1.099120794378905e-14,0,40.26507369390883
b0150,3,8,0.9497821637643239,0.9497821637643136,1.0325074129013956e-14,0,40.265073693297225
b1865,2,437,0.9497821637643239,0.0,0.9497821637643239,1,16956.61664308647
b2954,3,14,0.9497821637643239,0.9497821637643241,-2.220446049250313e-16,0,69.68082292216054
b1002,2,8,0.9497821637643239,0.9497821637643203,3.552713678800501e-15,0,40.265073692871795
b2938,1,10,0.9497821637643239,0.9497821637643696,-4.574118861455645e-14,0,75.5358029101015
b4090,2,422,0.9497821637643239,0.5259900904600675,0.4237920733042564,0,5246.869903313052
b4084,1,8,0.9497821637643239,0.94978216376428,4.3853809472693683e-14,0,40.26507369175599
b4085,1,0,0.9497821637643239,0.9497821637643049,1.8984813721090177e-14,0,0.0
b4230,2,10,0.9497821637643239,0.9497821637643262,-2.3314683517128287e-15,0,58.830378577922154
b4231,2,10,0.9497821637643239,0.9497821637643262,-2.3314683517128287e-15,0,58.830378577922154
b4485,2,10,0.9497821637643239,0.9497821637643262,-2.3314683517128287e-15,0,58.830378577922154
b4227,2,10,0.9497821637643239,0.9497821637643262,-2.3314683517128287e-15,0,58.830378577922154
b3750,1,10,0.9497821637643239,0.9497821637643262,-2.3314683517128287e-15,0,58.830378577922154
b3751,1,10,0.9497821637643239,0.9497821637643262,-2.3314683517128287e-15,0,58.830378577922154
b3749,1,10,0.9497821637643239,0.9497821637643262,-2.3314683517128287e-15,0,58.830378577922154
b3748,1,10,0.9497821637643239,0.9497821637643262,-2.3314683517128287e-15,0,58.830378577922154
b0260,1,12,0.9497821637643239,0.9497821637642653,5.861977570020827e-14,0,48.84003804408303
b0810,1,10,0.9497821637643239,0.9497821637643408,-1.687538997430238e-14,0,75.53580290671246
b0811,1,10,0.9497821637643239,0.9497821637643408,-1.687538997430238e-14,0,75.53580290671246
b0809,1,10,0.9497821637643239,0.9497821637643408,-1.687538997430238e-14,0,75.53580290671246
b1492,1,12,0.9497821637643239,0.9497821637643041,1.9761969838327786e-14,0,48.84003804648836
b3653,1,10,0.9497821637643239,0.9497821637643696,-4.574118861455645e-14,0,75.5358029101015
b3927,4,12,0.9497821637643239,0.9497821637642969,2.6978419498391304e-14,0,48.84003804648388
b3959,1,8,0.9497821637643239,0.9497821637642688,5.5067062021407764e-14,0,53.51388840135475
b1528,3,10,0.9497821637643239,0.9497821637642506,7.327471962526033e-14,0,39.76576409821144
b2170,1,10,0.9497821637643239,0.9497821637643696,-4.574118861455645e-14,0,75.5358029101015
b0070,1,10,0.9497821637643239,0.9497821637643696,-4.574118861455645e-14,0,75.5358029101015
b2303,1,8,0.9497821637643239,0.9497821637643142,9.658940314238862e-15,0,40.265073693475806
b3028,3,10,0.9497821637643239,0.9497821637643696,-4.574118861455645e-14,0,75.5358029101015
b3432,1,8,0.9497821637643239,0.9497821637642918,3.2085445411667024e-14,0,53.51388840282711
b3503,1,6,0.9497821637643239,0.9497821637643683,-4.440892098500626e-14,0,0.17732534589555426
b4321,2,8,0.9497821637643239,0.949782163764343,-1.9095836023552692e-14,0,40.2650736945673
b3792,1,10,0.9497821637643239,0.9497821637643116,1.2323475573339238e-14,0,58.83037857869292
b2033,1,8,0.9497821637643239,0.9497821637643096,1.432187701766452e-14,0,53.51388840404199
b2034,1,8,0.9497821637643239,0.9497821637643002,2.3647750424515834e-14,0,53.51388840336824
b2037,1,6,0.9497821637643239,0.9497821637643228,1.1102230246251565e-15,0,0.17732534589412063
b2175,6,8,0.9497821637643239,0.949782163764308,1.587618925213974e-14,0,0.21521021618790903
b0356,1,10,0.9497821637643239,0.9497821637643696,-4.574118861455645e-14,0,75.53580291082966
b2240,1,8,0.9497821637643239,0.9497821637643764,-5.2513549064769904e-14,0,40.26507369541932
b0875,1,411,0.9497821637643239,0.9424794216152511,0.007302742149072783,0,707.6170777094212
b0353,2,6,0.9497821637643239,0.9497821637642824,4.1522341120980855e-14,0,0.17732534589448876
b2309,1,10,0.9497821637643239,0.9497821637643696,-4.574118861455645e-14,0,75.5358029101015
b0325,2,10,0.9497821637643239,0.9497821637643696,-4.574118861455645e-14,0,75.5358029101015
b2092,1,10,0.9497821637643239,0.9497821637642859,3.7969627442180354e-14,0,5.371522535906914
b2093,1,10,0.9497821637643239,0.9497821637642859,3.7969627442180354e-14,0,5.371522535906914
b2094,1,10,0.9497821637643239,0.9497821637642859,3.7969627442180354e-14,0,5.371522535906914
b3093,2,12,0.9497821637643239,0.949782163764309,1.4876988529977098e-14,0,48.84003804740096
b4476,1,8,0.9497821637643239,0.9497821637643085,1.5432100042289676e-14,0,0.21521021618822403
b3415,1,8,0.9497821637643239,0.9497821637643085,1.5432100042289676e-14,0,0.21521021618822403
b1621,2,408,0.9497821637643239,0.9273053045309462,0.022476859233377722,0,629.5622773981928
b2021,1,437,0.9497821637643239,0.0,0.9497821637643239,1,16956.61664308646
b0166,1,437,0.9497821637643239,0.0,0.9497821637643239,1,16956.616643086465
b1519,1,10,0.9497821637643239,0.9497821637643183,5.551115123125783e-15,0,75.53580290575617
b4268,1,10,0.9497821637643239,0.9497821637643696,-4.574118861455645e-14,0,75.5358029101015
b3437,1,10,0.9497821637643239,0.9497821637643696,-4.574118861455645e-14,0,75.5358029101015
b3805,1,437,0.9497821637643239,0.0,0.9497821637643239,1,16956.61664308647
b3904,1,14,0.9497821637643239,0.9497821637643282,-4.3298697960381105e-15,0,69.68082292233952
b2486,1,10,0.9497821637643239,0.9497821637643696,-4.574118861455645e-14,0,75.5358029101015
b2490,1,10,0.9497821637643239,0.9497821637643696,-4.574118861455645e-14,0,75.5358029101015
b2724,2,10,0.9497821637643239,0.9497821637643696,-4.574118861455645e-14,0,75.5358029101015
b2719,2,10,0.9497821637643239,0.9497821637643696,-4.574118861455645e-14,0,75.5358029101015
b2720,2,10,0.9497821637643239,0.9497821637643696,-4.574118861455645e-14,0,75.5358029101015
b2721,2,10,0.9497821637643239,0.9497821637643696,-4.574118861455645e-14,0,75.5358029101015
b2722,2,10,0.9497821637643239,0.9497821637643696,-4.574118861455645e-14,0,75.5358029101015
b2723,2,10,0.9497821637643239,0.9497821637643696,-4.574118861455645e-14,0,75.5358029101015
b2485,1,10,0.9497821637643239,0.9497821637643696,-4.574118861455645e-14,0,75.5358029101015
b2484,1,10,0.9497821637643239,0.9497821637643696,-4.574118861455645e-14,0,75.5358029101015
b2487,1,10,0.9497821637643239,0.9497821637643696,-4.574118861455645e-14,0,75.5358029101015
b4079,1,10,0.9497821637643239,0.9497821637643696,-4.574118861455645e-14,0,75.5358029101015
b2481,1,10,0.9497821637643239,0.9497821637643696,-4.574118861455645e-14,0,75.5358029101015
b2483,1,10,0.9497821637643239,0.9497821637643696,-4.574118861455645e-14,0,75.5358029101015
b2482,1,10,0.9497821637643239,0.9497821637643696,-4.574118861455645e-14,0,75.5358029101015
b2489,1,10,0.9497821637643239,0.9497821637643696,-4.574118861455645e-14,0,75.5358029101015
b2488,1,10,0.9497821637643239,0.9497821637643696,-4.574118861455645e-14,0,75.5358029101015
b2747,1,437,0.9497821637643239,0.0,0.9497821637643239,1,16956.616643086465
b3213,2,410,0.9497821637643239,0.9362670307917549,0.01351513297256901,0,3234.3846308416014
b1761,1,409,0.9497821637643239,0.9362670307917627,0.013515132972561239,0,3230.2711261569307
b3212,2,409,0.9497821637643239,0.9362670307917627,0.013515132972561239,0,3230.2711261569307
b0186,1,8,0.9497821637643239,0.949782163764237,8.693046282814976e-14,0,40.26507368922301
b4131,1,8,0.9497821637643239,0.949782163764237,8.693046282814976e-14,0,40.26507368922301
b1189,1,12,0.9497821637643239,0.9497821637643132,1.0658141036401503e-14,0,70.40961934427105
b2888,2,14,0.9497821637643239,0.9497821637643092,1.4654943925052066e-14,0,248.84003804692384
b2882,1,10,0.9497821637643239,0.9497821637643696,-4.574118861455645e-14,0,75.5358029101015
b3451,7,12,0.9497821637643239,0.9497821637643272,-3.3306690738754696e-15,0,70.40961934468969
b3450,7,12,0.9497821637643239,0.9497821637643272,-3.3306690738754696e-15,0,70.40961934468969
b3453,7,12,0.9497821637643239,0.9497821637643272,-3.3306690738754696e-15,0,70.40961934468969
b3452,7,12,0.9497821637643239,0.9497821637643272,-3.3306690738754696e-15,0,70.40961934468969
b2536,1,10,0.9497821637643239,0.9497821637642856,3.83026943495679e-14,0,39.765764101975236
b0212,1,10,0.9497821637643239,0.9497821637643696,-4.574118861455645e-14,0,75.5358029101015
b3779,1,10,0.9497821637643239,0.9497821637643696,-4.574118861455645e-14,0,75.5358029101015
b2868,2,8,0.9497821637643239,0.9497821637643121,1.176836406102666e-14,0,40.26507369296476
b2867,2,8,0.9497821637643239,0.9497821637643121,1.176836406102666e-14,0,40.26507369296476
b2866,2,8,0.9497821637643239,0.9497821637643121,1.176836406102666e-14,0,40.26507369296476
b4311,1,8,0.9497821637643239,0.9497821637642964,2.7533531010703882e-14,0,2.5234471118428594
b1991,1,6,0.9497821637643239,0.9497821637643173,6.5503158452884236e-15,0,0.17732534589473659
b3502,1,8,0.9497821637643239,0.9497821637643202,3.6637359812630166e-15,0,40.26507369267719
b1444,1,6,0.9497821637643239,0.9497821637643218,2.1094237467877974e-15,0,0.17732534589463816
b2927,1,198,0.9497821637643239,0.9497763452512404,5.818513083455379e-06,0,70.40940203043878
b2025,1,437,0.9497821637643239,0.0,0.9497821637643239,1,16956.61664308647
b2023,1,437,0.9497821637643239,0.0,0.9497821637643239,1,16956.616643086472
b3640,1,26,0.9497821637643239,0.9497821637642956,2.8310687127941492e-14,0,75.52622572761277
b0425,1,437,0.9497821637643239,0.0,0.9497821637643239,1,16956.61664308647
b3772,1,437,0.9497821637643239,0.0,0.9497821637643239,1,16956.616643086465
b0931,1,14,0.9497821637643239,0.949782163764329,-5.10702591327572e-15,0,69.6808229219382
b1764,1,8,0.9497821637643239,0.9497821637642779,4.596323321948148e-14,0,53.51388840148614
b2150,2,10,0.9497821637643239,0.9497821637643696,-4.574118861455645e-14,0,75.5358029101015
b2148,2,10,0.9497821637643239,0.9497821637643696,-4.574118861455645e-14,0,75.5358029101015
b2149,2,10,0.9497821637643239,0.9497821637643696,-4.574118861455645e-14,0,75.5358029101015
b1640,1,10,0.9497821637643239,0.9497821637643218,2.1094237467877974e-15,0,75.53580290502563
b1606,2,437,0.9497821637643239,0.0,0.9497821637643239,1,16956.616643086465
b0048,1,437,0.9497821637643239,0.0,0.9497821637643239,1,16956.616643086465
b3390,1,437,0.9497821637643239,0.0,0.9497821637643239,1,16956.616643086472
b0388,1,437,0.9497821637643239,0.0,0.9497821637643239,1,16956.616643086465
b1745,1,419,0.9497821637643239,0.9132890421072569,0.036493121657066974,0,4530.513883888721
b0115,1,408,0.9497821637643239,0.9213835565290497,0.02839860723527421,0,2745.7017199267934
b0114,1,408,0.9497821637643239,0.9213835565290497,0.02839860723527421,0,2745.7017199267934
b3128,1,8,0.9497821637643239,0.9497821637643116,1.2323475573339238e-14,0,40.26507369359474
b2255,2,8,0.9497821637643239,0.9497821637643068,1.709743457922741e-14,0,0.21521021618699826
b0774,1,437,0.9497821637643239,0.0,0.9497821637643239,1,16956.61664308647
b1605,1,411,0.9497821637643239,0.9114923611166711,0.038289802647652804,0,3526.900558207827
b2818,1,10,0.9497821637643239,0.9497821637642996,2.4313884239290928e-14,0,5.37152253590621
b1489,3,8,0.9497821637643239,0.9497821637642905,3.341771304121721e-14,0,6.781669669396757
b3032,1,10,0.9497821637643239,0.9497821637643696,-4.574118861455645e-14,0,75.5358029101015
b0334,1,12,0.9497821637643239,0.9497821637642552,6.872280522429719e-14,0,70.40961933964984
b0092,1,437,0.9497821637643239,0.0,0.9497821637643239,1,16956.616643086465
b0381,1,437,0.9497821637643239,0.0,0.9497821637643239,1,16956.616643086465
b2715,2,12,0.9497821637643239,0.9497821637643112,1.2656542480726785e-14,0,74.77282734207766
b1738,2,8,0.9497821637643239,0.9497821637643078,1.609823385706477e-14,0,40.265073693296316
b1736,2,8,0.9497821637643239,0.9497821637643078,1.609823385706477e-14,0,40.265073693296316
b1737,2,8,0.9497821637643239,0.9497821637643078,1.609823385706477e-14,0,40.265073693296316
b2224,1,438,0.9497821637643239,0.9361160507516667,0.013666113012657188,0,38.97194605605498
b0842,2,8,0.9497821637643239,0.9497821637643123,1.1546319456101628e-14,0,2.523447111843095
b0047,1,8,0.9497821637643239,0.9497821637643123,1.1546319456101628e-14,0,2.523447111843095
b3350,1,8,0.9497821637643239,0.9497821637643123,1.1546319456101628e-14,0,2.523447111843095
b1216,3,6,0.9497821637643239,0.9497821637643175,6.439293542825908e-15,0,0.17732534589486046
b0728,1,9,0.9497821637643239,0.9497821637642985,2.5424107263916085e-14,0,217.0724735553968
b0729,1,9,0.9497821637643239,0.9497821637642985,2.5424107263916085e-14,0,217.0724735553968
b0650,1,10,0.9497821637643239,0.9497821637643696,-4.574118861455645e-14,0,75.5358029101015
b0757,1,8,0.9497821637643239,0.9497821637643085,1.5432100042289676e-14,0,40.26507369262066
b0133,1,437,0.9497821637643239,0.0,0.9497821637643239,1,16956.616643086465
b2165,1,10,0.9497821637643239,0.9497821637642787,4.518607710224387e-14,0,6.555888569717513
b3389,1,437,0.9497821637643239,0.0,0.9497821637643239,1,16956.61664308646
b2366,1,10,0.9497821637643239,0.9497821637643183,5.551115123125783e-15,0,75.5358029051294
b1723,1,13,0.9497821637643239,0.9497821637643127,1.1213252548714081e-14,0,99.17675972771669
b3612,1,424,0.9497821637643239,0.7994770203996845,0.1503051433646394,0,1426.7787895292008
b0755,1,424,0.9497821637643239,0.7994770203996845,0.1503051433646394,0,1426.7787895292008
b3919,1,419,0.9497821637643239,0.8677623944322796,0.08201976933204425,0,979.0541629634242
b2914,1,422,0.9497821637643239,0.5259900904600804,0.4237920733042435,0,5224.40132632669
b2320,1,196,0.9497821637643239,0.9497763452512469,5.818513077016085e-06,0,40.26512905500066
b1107,3,10,0.9497821637643239,0.9497821637643008,2.3092638912203256e-14,0,39.765764100975986
b1539,4,8,0.9497821637643239,0.949782163764318,5.88418203051333e-15,0,40.26507369410412
b3823,1,10,0.9497821637643239,0.9497821637643696,-4.574118861455645e-14,0,75.5358029101015
b0813,2,6,0.9497821637643239,0.94978216376432,3.885780586188048e-15,0,0.9789382888236519
b2919,1,8,0.9497821637643239,0.9497821637642679,5.595524044110789e-14,0,53.51388840070958
b3870,1,437,0.9497821637643239,0.0,0.9497821637643239,1,16956.61664308646
b2947,1,10,0.9497821637643239,0.9497821637642906,3.3306690738754696e-14,0,75.5358029023955
b2253,1,8,0.9497821637643239,0.9497821637642907,3.319566843629218e-14,0,40.265073691538284
b2254,1,8,0.9497821637643239,0.9497821637643098,1.4099832412739488e-14,0,40.26507369058908
b2256,1,10,0.9497821637643239,0.9497821637643241,-2.220446049250313e-16,0,5.371522535907246
b2258,1,6,0.9497821637643239,0.9497821637642736,5.029310301551959e-14,0,0.17732534589395912
b4544,1,6,0.9497821637643239,0.9497821637642736,5.029310301551959e-14,0,0.17732534589395912
b3621,1,6,0.9497821637643239,0.949782163764273,5.084821452783217e-14,0,0.17732534589424273
b3001,1,10,0.9497821637643239,0.9497821637643696,-4.574118861455645e-14,0,75.5358029101015
b1781,1,10,0.9497821637643239,0.9497821637643696,-4.574118861455645e-14,0,75.5358029101015
b3620,1,8,0.9497821637643239,0.9497821637643145,9.43689570931383e-15,0,40.26507369310233
b3624,1,8,0.9497821637643239,0.9497821637643045,1.942890293094024e-14,0,40.2650736921956
b3629,1,10,0.9497821637643239,0.9497821637643055,1.84297022087776e-14,0,5.371522535908372
b3628,1,8,0.9497821637643239,0.9497821637642808,4.3076653355456074e-14,0,0.6007409448327827
b3627,1,12,0.9497821637643239,0.9497821637643065,1.7430501486614958e-14,0,58.18188914958906
b3850,2,437,0.9497821637643239,0.0,0.9497821637643239,1,16956.61664308646
b3630,1,14,0.9497821637643239,0.9497821637642917,3.219646771412954e-14,0,69.68082291951872
b3632,1,6,0.9497821637643239,0.9497821637644294,-1.0547118733938987e-13,0,0.9789382888210465
b3625,1,10,0.9497821637643239,0.9497821637642714,5.2513549064769904e-14,0,39.76576409835454
b2810,1,10,0.9497821637643239,0.9497821637642947,2.919886554764162e-14,0,39.765764101507145
b1680,5,8,0.9497821637643239,0.9497821637643039,1.9984014443252818e-14,0,0.6007409448320495
b3867,1,10,0.9497821637643239,0.9497821637643696,-4.574118861455645e-14,0,75.5358029101015
b3824,1,8,0.9497821637643239,0.9497821637642956,2.8310687127941492e-14,0,43.270296043489935
b2133,1,10,0.9497821637643239,0.9497821637643696,-4.574118861455645e-14,0,75.5358029101015
b2260,1,10,0.9497821637643239,0.9497821637643118,1.2101430968414206e-14,0,5.371522535904788
b1919,1,10,0.9497821637643239,0.9497821637643348,-1.0880185641326534e-14,0,58.83037858137221
b2578,2,10,0.9497821637643239,0.9497821637643101,1.3766765505351941e-14,0,49.41965463236043
b1533,3,10,0.9497821637643239,0.94978216376431,1.3877787807814457e-14,0,75.53580290408952
b4394,3,10,0.9497821637643239,0.9497821637643519,-2.7977620220553945e-14,0,39.76576410405248
b2499,1,437,0.9497821637643239,0.0,0.9497821637643239,1,16956.61664308647
b3825,35,10,0.9497821637643239,0.9497821637642954,2.853273173286652e-14,0,75.53580290525517
b2835,21,12,0.9497821637643239,0.9497821637643208,3.1086244689504383e-15,0,70.40961934178922
b3029,2,10,0.9497821637643239,0.9497821637643696,-4.574118861455645e-14,0,75.5358029101015
b2889,1,12,0.9497821637643239,0.9497821637642906,3.3306690738754696e-14,0,70.40961934197361
b3821,42,10,0.9497821637643239,0.9497821637642978,2.609024107869118e-14,0,39.76576410115898
b2146,1,10,0.9497821637643239,0.9497821637642984,2.55351295663786e-14,0,58.830378578058045
b2147,1,10,0.9497821637643239,0.9497821637642984,2.55351295663786e-14,0,58.830378578058045
b4478,1,12,0.9497821637643239,0.9497821637642878,3.608224830031759e-14,0,58.18188914987493
b1380,1,10,0.9497821637643239,0.9497821637643696,-4.574118861455645e-14,0,75.5358029101015
b0693,1,8,0.9497821637643239,0.9497821637643156,8.326672684688674e-15,0,0.21521021618744107
b2965,1,8,0.9497821637643239,0.9497821637643156,8.326672684688674e-15,0,0.21521021618744107
b0954,13,8,0.9497821637643239,0.949782163764312,1.1879386363489175e-14,0,0.21521021618763447
b1288,26,437,0.9497821637643239,0.0,0.9497821637643239,1,16956.61664308647
b0175,7,437,0.9497821637643239,0.0,0.9497821637643239,1,16956.616643086472
b3918,7,12,0.9497821637643239,0.9497821637643242,-3.3306690738754696e-16,0,74.77282734409984
b1912,7,10,0.9497821637643239,0.9497821637643201,3.774758283725532e-15,0,39.76576410226423
b2585,7,437,0.9497821637643239,0.0,0.9497821637643239,1,16956.61664308647
b1093,14,437,0.9497821637643239,0.0,0.9497821637643239,1,16956.616643086472
b1661,4,12,0.9497821637643239,0.949782163764317,6.8833827526759706e-15,0,70.40961934412049
b2497,1,10,0.9497821637643239,0.9497821637643696,-4.574118861455645e-14,0,75.5358029101015
b1006,1,10,0.9497821637643239,0.9497821637643696,-4.574118861455645e-14,0,75.5358029101015
b1488,1,12,0.9497821637643239,0.9497821637643075,1.6431300764452317e-14,0,58.1818891498375
b3543,3,8,0.9497821637643239,0.9497821637642997,2.4202861936828413e-14,0,0.21521021618738156
b3542,3,8,0.9497821637643239,0.9497821637642997,2.4202861936828413e-14,0,0.21521021618738156
b3541,3,8,0.9497821637643239,0.9497821637642997,2.4202861936828413e-14,0,0.21521021618738156
b3540,3,8,0.9497821637643239,0.9497821637642997,2.4202861936828413e-14,0,0.21521021618738156
b3544,3,8,0.9497821637643239,0.9497821637642997,2.4202861936828413e-14,0,0.21521021618738156
b1484,1,6,0.9497821637643239,0.9497821637643112,1.2656542480726785e-14,0,0.17732534589482787
b1485,1,6,0.9497821637643239,0.9497821637643112,1.2656542480726785e-14,0,0.17732534589482787
b1486,1,6,0.9497821637643239,0.9497821637643112,1.2656542480726785e-14,0,0.17732534589482787
b1487,1,6,0.9497821637643239,0.9497821637643112,1.2656542480726785e-14,0,0.17732534589482787
b1483,1,6,0.9497821637643239,0.9497821637643112,1.2656542480726785e-14,0,0.17732534589482787
b0829,1,10,0.9497821637643239,0.9497821637643696,-4.574118861455645e-14,0,75.5358029101015
b0832,1,10,0.9497821637643239,0.9497821637643696,-4.574118861455645e-14,0,75.5358029101015
b0830,1,10,0.9497821637643239,0.9497821637643696,-4.574118861455645e-14,0,75.5358029101015
b0831,1,10,0.9497821637643239,0.9497821637643696,-4.574118861455645e-14,0,75.5358029101015
b0789,7,12,0.9497821637643239,0.9497821637642919,3.197442310920451e-14,0,70.40961934178118
b1249,7,12,0.9497821637643239,0.9497821637642919,3.197442310920451e-14,0,70.40961934178118
b1677,2,10,0.9497821637643239,0.9497821637643016,2.2315482794965646e-14,0,75.53580290441171
b0657,2,10,0.9497821637643239,0.9497821637643016,2.2315482794965646e-14,0,75.53580290441171
b0418,14,8,0.9497821637643239,0.9497821637643519,-2.7977620220553945e-14,0,53.513888405646284
b0508,1,10,0.9497821637643239,0.9497821637642985,2.5424107263916085e-14,0,49.41965463245396
b0613,1,8,0.9497821637643239,0.9497821637642957,2.8199664825478976e-14,0,40.26507369187744
b1301,1,10,0.9497821637643239,0.9497821637643133,1.0547118733938987e-14,0,58.8303785793992
b0805,1,12,0.9497821637643239,0.9497821637643444,-2.0539125955565396e-14,0,70.40961934539963
b2155,1,12,0.9497821637643239,0.9497821637643444,-2.0539125955565396e-14,0,70.40961934539963
b0576,1,12,0.9497821637643239,0.949782163764344,-2.0095036745715333e-14,0,58.18188915162254
b0594,1,8,0.9497821637643239,0.9497821637643291,-5.218048215738236e-15,0,40.26507369446362
b3182,9,0,0.9497821637643239,0.9497821637643151,8.770761894538737e-15,0,0.0
b2010,5,10,0.9497821637643239,0.9497821637643162,7.66053886991358e-15,0,39.76576410271499
b0839,5,10,0.9497821637643239,0.9497821637643162,7.66053886991358e-15,0,39.76576410271499
b2430,5,10,0.9497821637643239,0.9497821637643162,7.66053886991358e-15,0,39.76576410271499
b0632,5,10,0.9497821637643239,0.9497821637643162,7.66053886991358e-15,0,39.76576410271499
b0376,9,0,0.9497821637643239,0.9497821637643151,8.770761894538737e-15,0,0.0
b3833,2,12,0.9497821637643239,0.9497821637642757,4.8183679268731794e-14,0,70.40961934088672
b0514,1,10,0.9497821637643239,0.9497821637643696,-4.574118861455645e-14,0,75.5358029101015
b2519,2,437,0.9497821637643239,0.0,0.9497821637643239,1,16956.616643086458
b3396,4,437,0.9497821637643239,0.0,0.9497821637643239,1,16956.616643086465
b1069,2,437,0.9497821637643239,0.0,0.9497821637643239,1,16956.61664308647
b0089,2,437,0.9497821637643239,0.0,0.9497821637643239,1,16956.61664308646
b3208,2,437,0.9497821637643239,0.0,0.9497821637643239,1,16956.61664308646
b0149,4,437,0.9497821637643239,0.0,0.9497821637643239,1,16956.61664308646
b0084,2,437,0.9497821637643239,0.0,0.9497821637643239,1,16956.61664308647
b0635,2,437,0.9497821637643239,0.0,0.9497821637643239,1,16956.61664308646
b0925,6,10,0.9497821637643239,0.9497821637642967,2.7200464103316335e-14,0,75.53580290436919
b1678,6,10,0.9497821637643239,0.9497821637643076,1.63202784619898e-14,0,58.83037857948742
b0355,1,8,0.9497821637643239,0.949782163764332,-8.104628079763643e-15,0,40.26507369455658
b2154,1,8,0.9497821637643239,0.949782163764332,-8.104628079763643e-15,0,40.26507369455658
b2893,2,6,0.9497821637643239,0.9497821637642877,3.6193270602780103e-14,0,0.17732534589410515
b0604,2,6,0.9497821637643239,0.949782163764322,1.887379141862766e-15,0,0.17732534589443627
b3930,1,10,0.9497821637643239,0.9497821637643031,2.0761170560490427e-14,0,5.371522535905274
b3994,1,437,0.9497821637643239,0.0,0.9497821637643239,1,16956.616643086465
b1710,2,16,0.9497821637643239,0.9497821637642951,2.8754776337791554e-14,0,74.77292509940787
b2480,1,8,0.9497821637643239,0.949782163764326,-2.1094237467877974e-15,0,0.21521021618875386
b0429,1,418,0.9497821637643239,0.7699868512939291,0.17979531247039482,0,3770.6029602335198
b0432,1,418,0.9497821637643239,0.7699868512939291,0.17979531247039482,0,3770.6029602335198
b0430,1,418,0.9497821637643239,0.7699868512939291,0.17979531247039482,0,3770.6029602335198
b0431,1,418,0.9497821637643239,0.7699868512939291,0.17979531247039482,0,3770.6029602335198
b4041,7,18,0.9497821637643239,0.9497821637643167,7.216449660063518e-15,0,48.866368246333955
b0180,14,437,0.9497821637643239,0.0,0.9497821637643239,1,16956.616643086476
b2413,1,347,0.9497821637643239,0.9481721325832201,0.0016100311811038104,0,74.9542195447924
b3018,7,437,0.9497821637643239,0.0,0.9497821637643239,1,16956.616643086465
b4042,7,10,0.9497821637643239,0.9497821637643015,2.2426505097428162e-14,0,75.53580290307332
b4160,7,437,0.9497821637643239,0.0,0.9497821637643239,1,16956.616643086465
b0722,1,104,0.9497821637643239,0.9497797258152979,2.4379490259907044e-06,0,6.781804090069027
b0723,1,105,0.9497821637643239,0.9497797258152653,2.4379490586312613e-06,0,40.279131254543486
b0721,1,105,0.9497821637643239,0.9497797258152653,2.4379490586312613e-06,0,40.279131254543486
b0724,1,105,0.9497821637643239,0.9497797258152653,2.4379490586312613e-06,0,40.279131254543486
b0494,21,6,0.9497821637643239,0.94978216376433,-6.106226635438361e-15,0,0.1773253458946028
b0118,3,403,0.9497821637643239,0.938275675535825,0.011506488228498868,0,2109.5200475183283
b1276,2,403,0.9497821637643239,0.9382756755357665,0.011506488228557377,0,2108.4372088253785
b3447,1,8,0.9497821637643239,0.9497821637643115,1.2434497875801753e-14,0,2.5234471118420814
b1990,5,10,0.9497821637643239,0.9497821637643068,1.709743457922741e-14,0,49.419654631366924
b0819,5,10,0.9497821637643239,0.9497821637643068,1.709743457922741e-14,0,49.419654631366924
b1113,5,10,0.9497821637643239,0.9497821637643068,1.709743457922741e-14,0,49.419654631366924
b1097,4,10,0.9497821637643239,0.9497821637643221,1.7763568394002505e-15,0,49.41965463359721
b2813,4,10,0.9497821637643239,0.9497821637643221,1.7763568394002505e-15,0,49.41965463359721
b2701,4,10,0.9497821637643239,0.9497821637643221,1.7763568394002505e-15,0,49.41965463359721
b0211,4,10,0.9497821637643239,0.9497821637643221,1.7763568394002505e-15,0,49.41965463359721
b4392,4,10,0.9497821637643239,0.9497821637643221,1.7763568394002505e-15,0,49.41965463359721
b2558,4,10,0.9497821637643239,0.9497821637643221,1.7763568394002505e-15,0,49.41965463359721
b1193,4,10,0.9497821637643239,0.9497821637643221,1.7763568394002505e-15,0,49.41965463359721
b2963,4,10,0.9497821637643239,0.9497821637643221,1.7763568394002505e-15,0,49.41965463359721
b3546,2,8,0.9497821637643239,0.9497821637643189,4.9960036108132044e-15,0,0.21521021618776393
b2328,6,10,0.9497821637643239,0.949782163764328,-4.107825191113079e-15,0,39.765764102516435
b2134,4,10,0.9497821637643239,0.9497821637643017,2.220446049250313e-14,0,39.76576410085643
b1655,4,10,0.9497821637643239,0.9497821637643017,2.220446049250313e-14,0,39.76576410085643
b1856,4,10,0.9497821637643239,0.9497821637643017,2.220446049250313e-14,0,39.76576410085643
b3860,2,6,0.9497821637643239,0.9497821637642987,2.5202062658991053e-14,0,0.9789382888232554
b1185,2,6,0.9497821637643239,0.9497821637642987,2.5202062658991053e-14,0,0.9789382888232554
b4136,3,10,0.9497821637643239,0.9497821637643018,2.2093438190040615e-14,0,49.419654629796234
b0605,1,10,0.9497821637643239,0.9497821637643696,-4.574118861455645e-14,0,75.5358029101015
b0606,1,10,0.9497821637643239,0.9497821637643696,-4.574118861455645e-14,0,75.5358029101015
b0221,8,439,0.9497821637643239,0.9361160507516524,0.01366611301267151,0,38.99356042883683
b2283,3,416,0.9497821637643239,0.7277249060950008,0.22205725766932305,0,4732.012328455875
b2282,3,416,0.9497821637643239,0.7277249060950008,0.22205725766932305,0,4732.012328455875
b2281,3,416,0.9497821637643239,0.7277249060950008,0.22205725766932305,0,4732.012328455875
b2288,3,416,0.9497821637643239,0.7277249060950008,0.22205725766932305,0,4732.012328455875
b2276,3,416,0.9497821637643239,0.7277249060950008,0.22205725766932305,0,4732.012328455875
b2277,3,416,0.9497821637643239,0.7277249060950008,0.22205725766932305,0,4732.012328455875
b2285,3,416,0.9497821637643239,0.7277249060950008,0.22205725766932305,0,4732.012328455875
b2284,3,416,0.9497821637643239,0.7277249060950008,0.22205725766932305,0,4732.012328455875
b2278,3,416,0.9497821637643239,0.7277249060950008,0.22205725766932305,0,4732.012328455875
b2279,3,416,0.9497821637643239,0.7277249060950008,0.22205725766932305,0,4732.012328455875
b2280,3,416,0.9497821637643239,0.7277249060950008,0.22205725766932305,0,4732.012328455875
b2287,3,416,0.9497821637643239,0.7277249060950008,0.22205725766932305,0,4732.012328455875
b2286,3,416,0.9497821637643239,0.7277249060950008,0.22205725766932305,0,4732.012328455875
b1801,3,10,0.9497821637643239,0.9497821637643696,-4.574118861455645e-14,0,75.5358029101015
b4208,5,280,0.9497821637643239,0.9496833037956901,9.885996863379098e-05,0,53.65663719431715
b0007,2,10,0.9497821637643239,0.9497821637643696,-4.574118861455645e-14,0,75.5358029101015
b2923,2,0,0.9497821637643239,0.9497821637643602,-3.630429290524262e-14,0,0.0
b0874,1,10,0.9497821637643239,0.9497821637642948,2.90878432451791e-14,0,75.5358029046082
b0037,3,10,0.9497821637643239,0.9497821637643183,5.551115123125783e-15,0,75.53580290639667
b1734,2,8,0.9497821637643239,0.9497821637643239,0.0,0,6.781669669394802
b2467,1,12,0.9497821637643239,0.9497821637643095,1.4432899320127035e-14,0,58.181889148683744
b0404,7,6,0.9497821637643239,0.9497821637640538,2.701172618913006e-13,0,43.80378475973069
b0314,1,10,0.9497821637643239,0.9497821637643696,-4.574118861455645e-14,0,75.5358029101015
b4474,1,8,0.9497821637643239,0.9497821637643241,-2.220446049250313e-16,0,0.6007409448330022
b3370,2,12,0.9497821637643239,0.9497821637643056,1.8318679906315083e-14,0,70.40961934365585
b3040,6,437,0.9497821637643239,0.0,0.9497821637643239,1,16956.61664308646
b3816,3,437,0.9497821637643239,0.0,0.9497821637643239,1,16956.616643086476
b2373,1,12,0.9497821637643239,0.9497821637642859,3.7969627442180354e-14,0,74.7728273398194
b4233,2,8,0.9497821637643239,0.9497821637642926,3.1308289294429414e-14,0,40.26507369079843
b3196,1,437,0.9497821637643239,0.0,0.9497821637643239,1,16956.61664308646
b3691,1,12,0.9497821637643239,0.9497821637643102,1.3655743202889425e-14,0,74.77282734258894
b2843,1,8,0.9497821637643239,0.9497821637643065,1.7430501486614958e-14,0,40.26507369253683
b2156,1,10,0.9497821637643239,0.9497821637643705,-4.6629367034256575e-14,0,75.53580290973913
b4130,3,8,0.9497821637643239,0.949782163764295,2.886579864025407e-14,0,40.26507369165877
b4356,1,10,0.9497821637643239,0.9497821637643202,3.6637359812630166e-15,0,39.765764101964635
b4358,1,10,0.9497821637643239,0.9497821637642947,2.919886554764162e-14,0,75.53580290247356
b3431,1,8,0.9497821637643239,0.9497821637643077,1.6209256159527285e-14,0,40.26507369342196
b0155,1,188,0.9497821637643239,0.9497766079486409,5.5558156829560446e-06,0,75.53601735529162
b1378,1,12,0.9497821637643239,0.9497821637643132,1.0658141036401503e-14,0,0.2413427021519729
b0684,7,437,0.9497821637643239,0.0,0.9497821637643239,1,16956.616643086465
b2895,7,437,0.9497821637643239,0.0,0.9497821637643239,1,16956.61664308646
b0777,1,437,0.9497821637643239,0.0,0.9497821637643239,1,16956.616643086465
b3199,9,437,0.9497821637643239,0.0,0.9497821637643239,1,16956.61664308646
b0641,9,437,0.9497821637643239,0.0,0.9497821637643239,1,16956.616643086472
b3200,9,437,0.9497821637643239,0.0,0.9497821637643239,1,16956.616643086465
b3201,9,437,0.9497821637643239,0.0,0.9497821637643239,1,16956.61664308646
b0054,9,437,0.9497821637643239,0.0,0.9497821637643239,1,16956.61664308648
b4262,9,437,0.9497821637643239,0.0,0.9497821637643239,1,16956.616643086436
b4261,9,437,0.9497821637643239,0.0,0.9497821637643239,1,16956.616643086465
b1535,1,10,0.9497821637643239,0.9497821637642958,2.808864252301646e-14,0,2.412152144276878
b1490,1,10,0.9497821637643239,0.9497821637643274,-3.552713678800501e-15,0,5.371522535906135
b1794,1,10,0.9497821637643239,0.9497821637643274,-3.552713678800501e-15,0,5.371522535906135
b1341,1,10,0.9497821637643239,0.9497821637643274,-3.552713678800501e-15,0,5.371522535906135
b1025,1,10,0.9497821637643239,0.9497821637643274,-3.552713678800501e-15,0,5.371522535906135
b1285,2,8,0.9497821637643239,0.9497821637642967,2.7200464103316335e-14,0,40.26507369233547
b3525,1,10,0.9497821637643239,0.949782163764288,3.5860203695392556e-14,0,49.41965462973742
b0315,1,10,0.9497821637643239,0.949782163764288,3.5860203695392556e-14,0,49.41965462973742
b2503,1,10,0.9497821637643239,0.949782163764288,3.5860203695392556e-14,0,49.41965462973742
b0009,1,10,0.9497821637643239,0.9497821637643076,1.63202784619898e-14,0,5.371522535906529
b0784,2,8,0.9497821637643239,0.9497821637642928,3.108624468950438e-14,0,40.26507369185767
b2530,6,437,0.9497821637643239,0.0,0.9497821637643239,1,16956.616643086465
b2470,7,12,0.9497821637643239,0.9497821637643117,1.2212453270876722e-14,0,74.77282734340723
b0463,7,10,0.9497821637643239,0.9497821637643696,-4.574118861455645e-14,0,75.5358029101015
b0462,7,10,0.9497821637643239,0.9497821637643696,-4.574118861455645e-14,0,75.5358029101015
b1394,2,8,0.9497821637643239,0.9497821637643251,-1.2212453270876722e-15,0,40.26507369445095
b1090,7,10,0.9497821637643239,0.9497821637642536,7.027711745877241e-14,0,49.41965462895576
b3059,7,8,0.9497821637643239,0.9497821637643052,1.865174681370263e-14,0,0.2152102161878635
b2529,6,193,0.9497821637643239,0.949777484279467,4.6794848569398084e-06,0,70.40979083672777
b1684,2,8,0.9497821637643239,0.9497821637643182,5.662137425588298e-15,0,0.21521021618750893
b1682,6,10,0.9497821637643239,0.9497821637643017,2.220446049250313e-14,0,39.765764101454444
b1683,6,10,0.9497821637643239,0.9497821637643017,2.220446049250313e-14,0,39.765764101454444
b1681,6,10,0.9497821637643239,0.9497821637643017,2.220446049250313e-14,0,39.765764101454444
b0827,4,10,0.9497821637643239,0.9497821637642999,2.398081733190338e-14,0,39.76576410073401
b3857,5,0,0.9497821637643239,0.9497821637642885,3.5416114485542494e-14,0,0.0
b3856,5,0,0.9497821637643239,0.9497821637642885,3.5416114485542494e-14,0,0.0
b3058,2,437,0.9497821637643239,0.0,0.9497821637643239,1,16956.61664308647
b0709,2,12,0.9497821637643239,0.9497821637642985,2.5424107263916085e-14,0,74.77282734282821
b3496,2,8,0.9497821637643239,0.949782163764295,2.886579864025407e-14,0,40.26507369165877
b1634,2,8,0.9497821637643239,0.949782163764295,2.886579864025407e-14,0,40.26507369165877
b2528,2,191,0.9497821637643239,0.9497774842794604,4.679484863490124e-06,0,40.26528971335491
b1679,4,8,0.9497821637643239,0.9497821637643122,1.1657341758564144e-14,0,0.21521021618766942
b0775,1,437,0.9497821637643239,0.0,0.9497821637643239,1,16956.616643086472
b1009,1,14,0.9497821637643239,0.9497821637642988,2.5091040356528538e-14,0,69.68082292087233
b0444,1,8,0.9497821637643239,0.9497821637643018,2.2093438190040615e-14,0,53.5138884025221
b2794,1,12,0.9497821637643239,0.9497821637643288,-4.884981308350689e-15,0,5.179920575064666
b1008,1,10,0.9497821637643239,0.9497821637642764,4.75175454539567e-14,0,39.765764099907244
b2765,1,8,0.9497821637643239,0.9497821637643149,8.992806499463768e-15,0,40.26507369404701
b2263,1,8,0.9497821637643239,0.9497821637643055,1.84297022087776e-14,0,40.265073691997856
b1011,1,8,0.9497821637643239,0.9497821637643115,1.2434497875801753e-14,0,0.2152102161882583
b1010,1,10,0.9497821637643239,0.9497821637643007,2.3203661214665772e-14,0,75.5358029040474
b0968,7,12,0.9497821637643239,0.949782163764315,8.881784197001252e-15,0,70.40961934423322
b2264,1,14,0.9497821637643239,0.9497821637642978,2.609024107869118e-14,0,69.68082292017628
b2262,1,10,0.9497821637643239,0.9497821637643179,5.995204332975845e-15,0,39.765764101392136
b1686,1,10,0.9497821637643239,0.9497821637643082,1.5654144647214707e-14,0,39.76576410112861
b3991,1,437,0.9497821637643239,0.0,0.9497821637643239,1,16956.61664308646
b4407,1,437,0.9497821637643239,0.0,0.9497821637643239,1,16956.61664308646
b3990,1,437,0.9497821637643239,0.0,0.9497821637643239,1,16956.616643086465
b0423,1,437,0.9497821637643239,0.0,0.9497821637643239,1,16956.61664308646
b3992,1,437,0.9497821637643239,0.0,0.9497821637643239,1,16956.61664308646
b2877,1,12,0.9497821637643239,0.9497821637643028,2.1094237467877974e-14,0,74.77282734175077
b2374,1,8,0.9497821637643239,0.9497821637643032,2.0650148258027912e-14,0,0.21521021618747238
b1389,1,8,0.9497821637643239,0.9497821637642967,2.7200464103316335e-14,0,53.51388840337111
b1388,1,8,0.9497821637643239,0.9497821637642967,2.7200464103316335e-14,0,53.51388840337111
b1390,1,8,0.9497821637643239,0.9497821637642967,2.7200464103316335e-14,0,53.51388840337111
b1391,1,8,0.9497821637643239,0.9497821637642967,2.7200464103316335e-14,0,53.51388840337111
b1392,1,8,0.9497821637643239,0.9497821637642967,2.7200464103316335e-14,0,53.51388840337111
b1397,2,10,0.9497821637643239,0.9497821637643482,-2.4313884239290928e-14,0,39.76576410255432
b1395,1,10,0.9497821637643239,0.949782163764296,2.786659791809143e-14,0,39.76576410075927
b1012,1,8,0.9497821637643239,0.9497821637643162,7.66053886991358e-15,0,40.26507369259751
b1007,1,8,0.9497821637643239,0.9497821637643162,7.66053886991358e-15,0,40.26507369259751
b0785,1,6,0.9497821637643239,0.9497821637643152,8.659739592076221e-15,0,0.1773253458946847
b3893,2,14,0.9497821637643239,0.9497821637642956,2.8310687127941492e-14,0,69.68082292055776
b3892,2,14,0.9497821637643239,0.9497821637642956,2.8310687127941492e-14,0,69.68082292055776
b3894,2,14,0.9497821637643239,0.9497821637642956,2.8310687127941492e-14,0,69.68082292055776
b1475,2,14,0.9497821637643239,0.9497821637642956,2.8310687127941492e-14,0,69.68082292055776
b1474,2,14,0.9497821637643239,0.9497821637642956,2.8310687127941492e-14,0,69.68082292055776
b1476,2,14,0.9497821637643239,0.9497821637642956,2.8310687127941492e-14,0,69.68082292055776
b0776,1,437,0.9497821637643239,0.0,0.9497821637643239,1,16956.61664308646
b3412,1,437,0.9497821637643239,0.0,0.9497821637643239,1,16956.616643086458
b2515,1,437,0.9497821637643239,0.0,0.9497821637643239,1,16956.61664308647
b4238,4,30,0.9497821637643239,0.9497821637643312,-7.327471962526033e-15,0,71.18345349221121
b3924,5,29,0.9497821637643239,0.9497821637643172,6.661338147750939e-15,0,38.786234152359704
b4237,4,28,0.9497821637643239,0.9497821637643417,-1.7763568394002505e-14,0,47.7588891133641
b4209,1,8,0.9497821637643239,0.9497821637643058,1.8096635301390052e-14,0,0.21521021618733555
b1387,1,6,0.9497821637643239,0.9497821637643934,-6.94999613415348e-14,0,0.17732534589508198
b1393,1,10,0.9497821637643239,0.9497821637643226,1.3322676295501878e-15,0,39.76576410162359
b2912,1,10,0.9497821637643239,0.9497821637643696,-4.574118861455645e-14,0,75.5358029101015
b2174,1,8,0.9497821637643239,0.94978216376431,1.3877787807814457e-14,0,0.21521021618808325
b0826,1,12,0.9497821637643239,0.9497821637642994,2.453592884421596e-14,0,70.40961934290833
b0781,1,8,0.9497821637643239,0.949782163764298,2.5868196473766147e-14,0,0.6007409448328884
b0783,1,8,0.9497821637643239,0.949782163764298,2.5868196473766147e-14,0,0.6007409448328884
b0630,1,8,0.9497821637643239,0.9497821637643252,-1.3322676295501878e-15,0,40.265073694304334
b0628,1,10,0.9497821637643239,0.9497821637643047,1.9206858326015208e-14,0,39.76576410164055
b4386,3,10,0.9497821637643239,0.9497821637643176,6.328271240363392e-15,0,39.765764102183965
b1385,1,10,0.9497821637643239,0.9497821637642797,4.418687638008123e-14,0,39.765764099462054
b2917,1,8,0.9497821637643239,0.9497821637642967,2.7200464103316335e-14,0,0.21521021618816022
b3572,1,12,0.9497821637643239,0.9497821637642846,3.930189507173054e-14,0,48.840038046559926
b4129,1,12,0.9497821637643239,0.9497821637643378,-1.3877787807814457e-14,0,70.40961934714322
b3722,1,10,0.9497821637643239,0.9497821637643085,1.5432100042289676e-14,0,49.41965463274445
b0681,1,10,0.9497821637643239,0.9497821637642664,5.750955267558311e-14,0,39.76576409860375
b1473,3,10,0.9497821637643239,0.9497821637643049,1.8984813721090177e-14,0,75.53580290396802
b3882,2,10,0.9497821637643239,0.9497821637643058,1.8096635301390052e-14,0,39.7657641016617
b1600,1,6,0.9497821637643239,0.9497821637642879,3.597122599785507e-14,0,0.17732534589486376
b1599,1,6,0.9497821637643239,0.9497821637642879,3.597122599785507e-14,0,0.17732534589486376
b2660,1,12,0.9497821637643239,0.949782163764315,8.881784197001252e-15,0,70.4096193432184
b4167,4,12,0.9497821637643239,0.9497821637643066,1.7319479184152442e-14,0,70.40961934430976
b2670,1,10,0.9497821637643239,0.9497821637643514,-2.7533531010703882e-14,0,39.76576410328683
b3070,3,6,0.9497821637643239,0.9497821637642959,2.7977620220553945e-14,0,0.17732534589449375
b4297,1,8,0.9497821637643239,0.9497821637643027,2.120525977034049e-14,0,0.21521021618755476
b0269,1,8,0.9497821637643239,0.9497821637643027,2.120525977034049e-14,0,0.21521021618755476
b4298,1,10,0.9497821637643239,0.949782163764301,2.2870594307278225e-14,0,39.765764101644685
b0268,1,10,0.9497821637643239,0.949782163764301,2.2870594307278225e-14,0,39.765764101644685
b3715,1,8,0.9497821637643239,0.9497821637641803,1.4355183708403274e-13,0,53.5138883947901
b0516,1,12,0.9497821637643239,0.9497821637643143,9.547918011776346e-15,0,48.840038047942954
b0515,1,12,0.9497821637643239,0.9497821637643512,-2.731148640577885e-14,0,48.84003805134729
b1617,1,10,0.9497821637643239,0.9497821637642827,4.118927421359331e-14,0,39.76576409996643
b1695,1,441,0.9497821637643239,0.9361160507516665,0.01366611301265741,0,52.219334981757356
b1771,1,10,0.9497821637643239,0.9497821637642958,2.808864252301646e-14,0,39.765764099434165
b2907,1,10,0.9497821637643239,0.9497821637643281,-4.218847493575595e-15,0,58.83037858069717
b0543,2,10,0.9497821637643239,0.9497821637642663,5.762057497804562e-14,0,58.83037857503084
b1601,1,10,0.9497821637643239,0.9497821637643696,-4.574118861455645e-14,0,75.5358029101015
b0624,1,8,0.9497821637643239,0.9497821637643038,2.0095036745715333e-14,0,40.265073692149386
b3880,1,10,0.9497821637643239,0.9497821637643351,-1.1213252548714081e-14,0,39.76576410412598
b3881,1,14,0.9497821637643239,0.9497821637643049,1.8984813721090177e-14,0,69.68082292133371
b3877,1,8,0.9497821637643239,0.9497821637643331,-9.2148511043888e-15,0,40.265073693850624
b3876,1,8,0.9497821637643239,0.9497821637642797,4.418687638008123e-14,0,0.6007409448332303
b1511,1,224,0.9497821637643239,0.9497713247358923,1.0839028431575137e-05,0,39.77217739208271
b2371,1,6,0.9497821637643239,0.9497821637643098,1.4099832412739488e-14,0,0.17732534589394144
b2302,1,8,0.9497821637643239,0.9497821637643088,1.509903313490213e-14,0,0.6007409448326064
b2989,1,8,0.9497821637643239,0.9497821637643088,1.509903313490213e-14,0,0.6007409448326064
b1619,1,6,0.9497821637643239,0.9497821637643674,-4.3520742565306136e-14,0,0.1773253458947651
b4337,1,6,0.9497821637643239,0.9497821637643582,-3.430589146091734e-14,0,0.1773253458947387
b1337,1,12,0.9497821637643239,0.9497821637642653,5.861977570020827e-14,0,70.40961934051204
b1338,1,12,0.9497821637643239,0.9497821637642653,5.861977570020827e-14,0,70.40961934051204
b1336,1,10,0.9497821637643239,0.9497821637643085,1.5432100042289676e-14,0,49.419654630305885
b2873,1,8,0.9497821637643239,0.9497821637643077,1.6209256159527285e-14,0,40.265073692110306
b1430,1,12,0.9497821637643239,0.9497821637642831,4.0745185003743245e-14,0,70.40961934113288
b1396,2,10,0.9497821637643239,0.949782163764297,2.6867397195928788e-14,0,49.41965463069362
b3943,1,12,0.9497821637643239,0.9497821637643064,1.7541523789077473e-14,0,70.40961934372793
b0578,2,10,0.9497821637643239,0.9497821637643282,-4.3298697960381105e-15,0,39.765764101257076
b3253,1,10,0.9497821637643239,0.9497821637643074,1.6542323066914832e-14,0,5.371522535906081
b1022,2,8,0.9497821637643239,0.9497821637643009,2.298161660974074e-14,0,0.6007409448328045
b1021,2,8,0.9497821637643239,0.9497821637643009,2.298161660974074e-14,0,0.6007409448328045
b1733,1,10,0.9497821637643239,0.9497821637643394,-1.554312234475219e-14,0,39.765764103876954
b4266,2,10,0.9497821637643239,0.9497821637642829,4.0967229608668276e-14,0,39.7657641000463
b3493,1,402,0.9497821637643239,0.9436443292666539,0.006137834497670025,0,77.59894036732908
b2987,1,402,0.9497821637643239,0.9436443292666539,0.006137834497670025,0,77.59894036732908
b0401,3,8,0.9497821637643239,0.9497821637643384,-1.454392162258955e-14,0,53.51388840549208
b4141,4,10,0.9497821637643239,0.9497821637643225,1.4432899320127035e-15,0,75.5358029057528
b1798,2,10,0.9497821637643239,0.9497821637643225,1.4432899320127035e-15,0,75.5358029057528
b3662,2,8,0.9497821637643239,0.9497821637643045,1.942890293094024e-14,0,40.26507369310934
b1592,1,8,0.9497821637643239,0.949782163764313,1.0880185641326534e-14,0,0.21521021618782663
b2842,1,10,0.9497821637643239,0.9497821637643696,-4.574118861455645e-14,0,75.5358029101015
b4020,1,8,0.9497821637643239,0.9497821637642974,2.653433028854124e-14,0,43.27029604370567
b1985,2,14,0.9497821637643239,0.9497821637643049,1.8984813721090177e-14,0,58.83047633798887
b1516,1,10,0.9497821637643239,0.9497821637643696,-4.574118861455645e-14,0,75.5358029101015
b1514,1,10,0.9497821637643239,0.9497821637643696,-4.574118861455645e-14,0,75.5358029101015
b1515,1,10,0.9497821637643239,0.9497821637643696,-4.574118861455645e-14,0,75.5358029101015
b1513,1,10,0.9497821637643239,0.9497821637643696,-4.574118861455645e-14,0,75.5358029101015
b1518,1,223,0.9497821637643239,0.9497713247358831,1.0839028440789988e-05,0,49.426548912096884
b3240,1,10,0.9497821637643239,0.9497821637642967,2.7200464103316335e-14,0,39.76576409985177
b3241,1,10,0.9497821637643239,0.9497821637642967,2.7200464103316335e-14,0,39.76576409985177
b1449,2,8,0.9497821637643239,0.9497821637643172,6.661338147750939e-15,0,0.21521021618874764
b2245,1,12,0.9497821637643239,0.9497821637642997,2.4202861936828413e-14,0,70.4096193424494
b1448,1,6,0.9497821637643239,0.9497821637643096,1.432187701766452e-14,0,0.9789382888236318
b3656,1,10,0.9497821637643239,0.9497821637643262,-2.3314683517128287e-15,0,39.76576410384682
b3883,1,10,0.9497821637643239,0.9497821637643167,7.216449660063518e-15,0,75.53580290472632
b3966,3,10,0.9497821637643239,0.9497821637642898,3.4083846855992306e-14,0,39.765764099515884
b4098,1,8,0.9497821637643239,0.9497821637643112,1.2656542480726785e-14,0,40.26507369159941
b3488,1,8,0.9497821637643239,0.9497821637643277,-3.774758283725532e-15,0,0.21521021618795277
b1813,1,8,0.9497821637643239,0.9497821637643339,-9.992007221626409e-15,0,40.26507369272799
b2166,1,12,0.9497821637643239,0.9497821637643072,1.6653345369377348e-14,0,58.1818891483676
b1103,1,12,0.9497821637643239,0.9497821637642925,3.141931159689193e-14,0,58.18188914910023
b4096,1,12,0.9497821637643239,0.9497821637642986,2.531308496145357e-14,0,70.40961934050956
b4101,1,12,0.9497821637643239,0.9497821637642986,2.531308496145357e-14,0,70.40961934050956
b4100,1,12,0.9497821637643239,0.9497821637642986,2.531308496145357e-14,0,70.40961934050956
b4099,1,12,0.9497821637643239,0.9497821637642986,2.531308496145357e-14,0,70.40961934050956
b4095,1,8,0.9497821637643239,0.9497821637643253,-1.4432899320127035e-15,0,0.21521021618851838
b4092,1,6,0.9497821637643239,0.9497821637642758,4.807265696626928e-14,0,0.17732534589409998
b2047,1,6,0.9497821637643239,0.9497821637643055,1.84297022087776e-14,0,0.978938288824021
b4106,1,10,0.9497821637643239,0.9497821637643082,1.5654144647214707e-14,0,75.53580290574
b4104,1,10,0.9497821637643239,0.9497821637643082,1.5654144647214707e-14,0,75.53580290574
b4105,1,10,0.9497821637643239,0.9497821637643082,1.5654144647214707e-14,0,75.53580290574
b0662,1,12,0.9497821637643239,0.9497821637643094,1.454392162258955e-14,0,70.40961934457644
b2906,1,10,0.9497821637643239,0.9497821637642833,4.063416270128073e-14,0,5.3715225359074505
b1400,1,10,0.9497821637643239,0.9497821637643133,1.0547118733938987e-14,0,2.4121521442779836
b2683,1,10,0.9497821637643239,0.9497821637643173,6.5503158452884236e-15,0,75.53580290581557
b2682,1,10,0.9497821637643239,0.9497821637643173,6.5503158452884236e-15,0,75.53580290581557
b1821,1,10,0.9497821637643239,0.9497821637643047,1.9206858326015208e-14,0,49.41965463043715
b2164,1,6,0.9497821637643239,0.9497821637642926,3.1308289294429414e-14,0,0.1773253458939338
b1616,1,10,0.9497821637643239,0.9497821637642747,4.9182879990894435e-14,0,39.765764100222704
b1517,1,222,0.9497821637643239,0.9497713247358666,1.0839028457332311e-05,0,40.2715160055006
b0577,1,10,0.9497821637643239,0.9497821637643279,-3.9968028886505635e-15,0,39.7657641026326
b2924,1,10,0.9497821637643239,0.9497821637643279,-3.9968028886505635e-15,0,39.7657641026326
b1330,1,10,0.9497821637643239,0.9497821637643279,-3.9968028886505635e-15,0,39.7657641026326
b0808,1,10,0.9497821637643239,0.9497821637643279,-3.9968028886505635e-15,0,39.7657641026326
b0465,1,10,0.9497821637643239,0.9497821637643279,-3.9968028886505635e-15,0,39.7657641026326
b3291,1,10,0.9497821637643239,0.9497821637643279,-3.9968028886505635e-15,0,39.7657641026326
b4159,1,10,0.9497821637643239,0.9497821637643279,-3.9968028886505635e-15,0,39.7657641026326
b2247,1,8,0.9497821637643239,0.9497821637643294,-5.551115123125783e-15,0,40.2650736942322
b0597,1,12,0.9497821637643239,0.9497821637643287,-4.773959005888173e-15,0,58.1818891509142
b1870,1,8,0.9497821637643239,0.9497821637642964,2.7533531010703882e-14,0,0.6007409448328698
b3116,2,12,0.9497821637643239,0.94978216376431,1.3877787807814457e-14,0,48.84003804755928
b2796,1,10,0.9497821637643239,0.9497821637643232,6.661338147750939e-16,0,49.419654633125624
b4093,1,12,0.9497821637643239,0.9497821637643453,-2.142730437526552e-14,0,48.840038049700084
b3878,1,8,0.9497821637643239,0.9497821637642878,3.608224830031759e-14,0,40.26507369083694
b1206,3,0,0.9497821637643239,0.9497821637643357,-1.176836406102666e-14,0,0.0
