gene_id,gene_name,n_gpr_rxns,n_changed,b_wt,b_ko,delta_b,y_essential,kV,solve_src
b1377,,270,424,0.0992479883158715,0.0,0.0992479883158715,1,26792.52950120165,
b2215,,271,424,0.0992479883158715,0.0,0.0992479883158715,1,26792.52950120165,
b0929,,271,424,0.0992479883158715,0.0,0.0992479883158715,1,26792.52950120165,
b0241,,270,424,0.0992479883158715,0.0,0.0992479883158715,1,26792.52950120165,
b4034,,6,2,0.0992479883158715,0.0992479883158535,1.7985612998927536e-14,0,200.0000000000038,
b4033,,6,4,0.0992479883158715,0.0992479883158709,6.245004513516507e-16,0,1.9593550719702573e-09,
b4032,,6,4,0.0992479883158715,0.0992479883158709,6.245004513516507e-16,0,1.9593550719702573e-09,
b4035,,6,4,0.0992479883158715,0.0992479883158709,6.245004513516507e-16,0,1.9593550719702573e-09,
b4036,,7,6,0.0992479883158715,0.0992479883158721,-6.38378239159465e-16,0,200.0000000019644,
b4213,,8,0,0.0992479883158715,0.0992479883158464,2.5063284780912912e-14,0,0.0,
b2835,,21,0,0.0992479883158715,0.0992479883158591,1.242062008799394e-14,0,0.0,
b2836,,23,402,0.0992479883158715,0.0967855395454659,0.0024624487704056,0,0.4272229597839845,
b3553,,10,0,0.0992479883158715,0.0992479883158479,2.3647750424515834e-14,0,0.0,
b1134,,2,0,0.0992479883158715,0.0992479883158592,1.2267964422107981e-14,0,0.0,
b0446,,2,0,0.0992479883158715,0.0992479883159715,-9.994782779187973e-14,0,0.0,
b1009,,1,4,0.0992479883158715,0.0992479883158377,3.3834046675451646e-14,0,1.959355040540588e-09,
b0954,,13,0,0.0992479883158715,0.0992479883158524,1.912359159916832e-14,0,0.0,
b0180,,14,421,0.0992479883158715,0.0,0.0992479883158715,1,285.32156388489153,
b0347,,2,4,0.0992479883158715,0.0992479883158564,1.5085155347094314e-14,0,1.95935505567075e-09,
b3580,,2,0,0.0992479883158715,0.0992479883158504,2.1108115255685792e-14,0,0.0,
b1093,,14,421,0.0992479883158715,0.0,0.0992479883158715,1,285.32156388489767,
b2323,,13,421,0.0992479883158715,0.0,0.0992479883158715,1,285.32156388489835,
b1095,,9,421,0.0992479883158715,0.0,0.0992479883158715,1,285.32156388488073,
b1397,,2,4,0.0992479883158715,0.0992479883158481,2.3370194668359542e-14,0,1.959355058924463e-09,
b1245,,2,0,0.0992479883158715,0.0992479883158715,0.0,0,0.0,
b1244,,2,0,0.0992479883158715,0.0992479883158715,0.0,0,0.0,
b1329,,1,0,0.0992479883158715,0.0992479883158715,0.0,0,0.0,
b1246,,2,0,0.0992479883158715,0.0992479883158715,0.0,0,0.0,
b1247,,2,0,0.0992479883158715,0.0992479883158715,0.0,0,0.0,
b1386,,3,0,0.0992479883158715,0.0992479883157956,7.585598815751382e-14,0,0.0,
b0004,,2,421,0.0992479883158715,0.0,0.0992479883158715,1,285.3215638848847,
b1192,,4,4,0.0992479883158715,0.0992479883158578,1.3655743202889424e-14,0,1.959355039052509e-09,
b1243,,1,0,0.0992479883158715,0.0992479883158715,0.0,0,0.0,
b4266,,1,0,0.0992479883158715,0.0992479883158516,1.988686992859812e-14,0,0.0,
b4265,,3,4,0.0992479883158715,0.0992479883157678,1.0370870828779745e-13,0,1.9593549413380717e-09,
b0159,,3,421,0.0992479883158715,0.0,0.0992479883158715,1,285.3215638848937,
b3197,,1,421,0.0992479883158715,0.0,0.0992479883158715,1,285.321563884906,
b2708,,1,421,0.0992479883158715,0.0,0.0992479883158715,1,285.3215638849504,
b1094,,26,421,0.0992479883158715,0.0,0.0992479883158715,1,285.32156388489886,
b4481,,1,4,0.0992479883158715,0.0992479883158309,4.0648040489088544e-14,0,1.9593550243400007e-09,
b1927,,1,4,0.0992479883158715,0.0992479883158471,2.4383273178329997e-14,0,1.959355041897144e-09,
b3571,,1,4,0.0992479883158715,0.0992479883158553,1.6209256159527282e-14,0,1.959355037190377e-09,
b2901,,1,4,0.0992479883158715,0.0992479883158528,1.8665624601510444e-14,0,1.959355040984152e-09,
b1302,,1,0,0.0992479883158715,0.0992479883158405,3.096134459923405e-14,0,0.0,
b2662,,1,0,0.0992479883158715,0.0992479883158405,3.096134459923405e-14,0,0.0,
b1444,,1,11,0.0992479883158715,0.0992480858325449,-9.7516673416842e-08,0,1.5326967160481757e-11,
b2663,,1,0,0.0992479883158715,0.0992479883158726,-1.0963452368173419e-15,0,0.0,
b2222,,3,4,0.0992479883158715,0.0992479883158392,3.2335245592207684e-14,0,1.959355041561361e-09,
b2221,,3,4,0.0992479883158715,0.0992479883158392,3.2335245592207684e-14,0,1.959355041561361e-09,
b2224,,1,400,0.0992479883158715,0.0967855395454661,0.0024624487704054,0,0.4272203272625519,
b2342,,8,402,0.0992479883158715,0.0967855395454722,0.0024624487703993,0,0.4272229597851733,
b3845,,8,402,0.0992479883158715,0.0967855395454722,0.0024624487703993,0,0.4272229597851733,
b2223,,3,4,0.0992479883158715,0.0992479883158429,2.856048730848215e-14,0,1.9593550497981884e-09,
b1241,,2,0,0.0992479883158715,0.099247988315853,1.8485213360008856e-14,0,0.0,
b0351,,1,0,0.0992479883158715,0.0992479883158526,1.890154699424329e-14,0,0.0,
s0001,,39,424,0.0992479883158715,0.0,0.0992479883158715,1,26792.52950120165,
b1463,,1,0,0.0992479883158715,0.0992479883158477,2.3814283878209608e-14,0,0.0,
b1993,,2,0,0.0992479883158715,0.0992479883158557,1.5834555888716295e-14,0,0.0,
b2316,,1,421,0.0992479883158715,0.0,0.0992479883158715,1,285.3215638848961,
b3255,,1,421,0.0992479883158715,0.0,0.0992479883158715,1,285.32156388489324,
b0185,,1,421,0.0992479883158715,0.0,0.0992479883158715,1,285.3215638848966,
b3256,,1,421,0.0992479883158715,0.0,0.0992479883158715,1,285.3215638849364,
b4069,,2,4,0.0992479883158715,0.0992479883158582,1.3336554083309691e-14,0,1.959355076304216e-09,
b1119,,1,0,0.0992479883158715,0.0992479883158781,-6.550315845288424e-15,0,0.0,
b3784,,1,0,0.0992479883158715,0.0992479883158304,4.110600748674642e-14,0,0.0,
b2415,,18,419,0.0992479883158715,0.0744359912368958,0.0248119970789757,0,1200.1820957588798,
b0679,,1,0,0.0992479883158715,0.0992479883158527,1.8776646903972963e-14,0,0.0,
b1101,,2,420,0.0992479883158715,0.0744359912368884,0.024811997078983,0,584.3140426894513,
b2417,,6,420,0.0992479883158715,0.0744360643744481,0.0248119239414233,0,584.3140879816661,
b2416,,19,419,0.0992479883158715,0.0744360643744107,0.0248119239414608,0,1200.1821803001285,
b3959,,1,421,0.0992479883158715,0.0,0.0992479883158715,1,285.3215638848814,
b2818,,1,421,0.0992479883158715,0.0,0.0992479883158715,1,285.3215638848996,
b0078,,2,421,0.0992479883158715,0.0,0.0992479883158715,1,285.3215638848895,
b3670,,2,421,0.0992479883158715,0.0,0.0992479883158715,1,285.32156388489034,
b3671,,2,421,0.0992479883158715,0.0,0.0992479883158715,1,285.3215638848845,
b0077,,2,421,0.0992479883158715,0.0,0.0992479883158715,1,285.32156388488124,
b3115,,2,424,0.0992479883158715,0.0,0.0992479883158715,1,26792.52950120165,
b1849,,2,424,0.0992479883158715,0.0,0.0992479883158715,1,26792.52950120165,
b2296,,1,424,0.0992479883158715,0.0,0.0992479883158715,1,26792.52950120165,
b2428,,1,0,0.0992479883158715,0.0992479883158463,2.5215940446798868e-14,0,0.0,
b3794,,1,0,0.0992479883158715,0.0992479883158525,1.899869150889799e-14,0,0.0,
b1818,,5,419,0.0992479883158715,0.0744359912368959,0.0248119970789756,0,585.4254483694531,
b1819,,5,419,0.0992479883158715,0.0744359912368959,0.0248119970789756,0,585.4254483694531,
b1817,,5,419,0.0992479883158715,0.0744359912368959,0.0248119970789756,0,585.4254483694531,
b2429,,2,4,0.0992479883158715,0.0992479883158866,-1.5140666498325572e-14,0,1.9593550823117574e-09,
b3224,,1,0,0.0992479883158715,0.0992479883158482,2.3259172365897033e-14,0,0.0,
b4311,,1,0,0.0992479883158715,0.0992479883158588,1.2725931419765855e-14,0,0.0,
b3225,,1,0,0.0992479883158715,0.0992479883158487,2.2801205368239152e-14,0,0.0,
b0221,,8,400,0.0992479883158715,0.096785539545471,0.0024624487704005,0,0.4272203272626005,
b1091,,3,421,0.0992479883158715,0.0,0.0992479883158715,1,285.3215638848888,
b3957,,2,421,0.0992479883158715,0.0,0.0992479883158715,1,285.32156388485333,
b3200,,9,421,0.0992479883158715,0.0,0.0992479883158715,1,285.32156388488806,
b4261,,9,421,0.0992479883158715,0.0,0.0992479883158715,1,285.3215638848814,
b3201,,9,421,0.0992479883158715,0.0,0.0992479883158715,1,285.32156388488227,
b4262,,9,421,0.0992479883158715,0.0,0.0992479883158715,1,285.3215638848353,
b3199,,9,421,0.0992479883158715,0.0,0.0992479883158715,1,285.32156388488073,
b1519,,1,4,0.0992479883158715,0.0992479883158516,1.988686992859812e-14,0,1.959355056219206e-09,
b1276,,2,423,0.0992479883158715,0.0,0.0992479883158715,1,164.0511919741658,
b0118,,3,423,0.0992479883158715,0.0,0.0992479883158715,1,164.05119197418702,
b1748,,2,421,0.0992479883158715,0.0,0.0992479883158715,1,285.3215638849086,
b3359,,2,421,0.0992479883158715,0.0,0.0992479883158715,1,285.3215638848781,
b1090,,7,4,0.0992479883158715,0.099247988315866,5.4539706084710815e-15,0,1.959355065310117e-09,
b3475,,1,4,0.0992479883158715,0.0992479883158506,2.0858315075145132e-14,0,1.959355043685061e-09,
b2563,,1,4,0.0992479883158715,0.0992479883158506,2.0858315075145132e-14,0,1.959355043685061e-09,
b2578,,2,4,0.0992479883158715,0.0992479883158179,5.359601651377943e-14,0,1.959354997994925e-09,
b1533,,2,4,0.0992479883158715,0.0992479883158179,5.359601651377943e-14,0,1.959354997994925e-09,
b4067,,2,0,0.0992479883158715,0.0992479883158715,0.0,0,0.0,
b1623,,2,4,0.0992479883158715,0.0992479883158559,1.5626389071599078e-14,0,1.959355070171519e-09,
b1096,,1,421,0.0992479883158715,0.0,0.0992479883158715,1,285.3215638849169,
b1812,,2,421,0.0992479883158715,0.0,0.0992479883158715,1,285.32156388490847,
b3360,,1,421,0.0992479883158715,0.0,0.0992479883158715,1,285.32156388483367,
b3665,,1,4,0.0992479883158715,0.0992479883158481,2.335631688055173e-14,0,1.9593550488517987e-09,
b3654,,3,4,0.0992479883158715,0.0992479883158541,1.7361112547575882e-14,0,1.959355048476869e-09,
b3714,,1,4,0.0992479883158715,0.0992479883158541,1.7361112547575882e-14,0,1.959355048476869e-09,
b0474,,13,421,0.0992479883158715,0.0,0.0992479883158715,1,285.32156388488835,
b0120,,1,4,0.0992479883158715,0.0992479883158578,1.3669620990697241e-14,0,1.95935506655614e-09,
b3806,,1,0,0.0992479883158715,0.0992479883158487,2.2759572004815712e-14,0,0.0,
b0030,,5,0,0.0992479883158715,0.0992479883156665,2.049610481336117e-13,0,0.0,
b2393,,7,4,0.0992479883158715,0.0992479883158534,1.8110513089197863e-14,0,1.959355041182886e-09,
b2964,,11,0,0.0992479883158715,0.0992479883158571,1.4391265956703592e-14,0,0.0,
b2406,,6,0,0.0992479883158715,0.0992479883158531,1.8401946633161973e-14,0,0.0,
b0411,,7,4,0.0992479883158715,0.0992479883158538,1.7694179454963432e-14,0,1.959355058210108e-09,
b1992,,1,0,0.0992479883158715,0.0992479883158779,-6.383782391594651e-15,0,0.0,
b1709,,3,0,0.0992479883158715,0.0992479883158515,1.9984014443252815e-14,0,0.0,
b0158,,3,0,0.0992479883158715,0.0992479883158515,1.9984014443252815e-14,0,0.0,
b1711,,3,0,0.0992479883158715,0.0992479883158515,1.9984014443252815e-14,0,0.0,
b3966,,3,0,0.0992479883158715,0.0992479883158515,1.9984014443252815e-14,0,0.0,
b3005,,10,0,0.0992479883158715,0.0992479883158592,1.2281842209915794e-14,0,0.0,
b3006,,10,0,0.0992479883158715,0.0992479883158592,1.2281842209915794e-14,0,0.0,
b1252,,10,0,0.0992479883158715,0.0992479883158592,1.2281842209915794e-14,0,0.0,
b3397,,1,0,0.0992479883158715,0.0992479883158715,0.0,0,0.0,
b3034,,1,0,0.0992479883158715,0.0992479883158715,0.0,0,0.0,
b0469,,1,0,0.0992479883158715,0.0992479883158543,1.7194579093882112e-14,0,0.0,
b2750,,1,421,0.0992479883158715,0.0,0.0992479883158715,1,285.3215638848796,
b1131,,2,421,0.0992479883158715,0.0,0.0992479883158715,1,285.3215638848971,
b4177,,1,421,0.0992479883158715,0.0,0.0992479883158715,1,285.32156388489426,
b0677,,1,4,0.0992479883158715,0.0992479883158412,3.0309088572266774e-14,0,1.959354913063192e-09,
b0110,,4,0,0.0992479883158715,0.0992479883158483,2.3217539002473583e-14,0,0.0,
b2817,,2,0,0.0992479883158715,0.0992479883158375,3.3986702341337605e-14,0,0.0,
b2435,,2,0,0.0992479883158715,0.0992479883158375,3.3986702341337605e-14,0,0.0,
b4169,,2,0,0.0992479883158715,0.0992479883158375,3.3986702341337605e-14,0,0.0,
b1107,,3,0,0.0992479883158715,0.0992479883158689,2.6229018956769323e-15,0,0.0,
b0433,,3,0,0.0992479883158715,0.0992479883158323,3.924638392049928e-14,0,0.0,
b3619,,1,0,0.0992479883158715,0.099247988315852,1.952604744559494e-14,0,0.0,
b2937,,1,0,0.0992479883158715,0.0992479883158623,9.18709552877317e-15,0,0.0,
b3018,,7,421,0.0992479883158715,0.0,0.0992479883158715,1,285.321563884865,
b3958,,1,421,0.0992479883158715,0.0,0.0992479883158715,1,285.32156388488414,
b0575,,2,4,0.0992479883158715,0.0992479883158455,2.6048607715267732e-14,0,1.959355053224538e-09,
b0572,,2,4,0.0992479883158715,0.0992479883158471,2.4438784329561255e-14,0,1.9593550450269635e-09,
b0573,,2,4,0.0992479883158715,0.0992479883158471,2.4438784329561255e-14,0,1.9593550450269635e-09,
b0574,,2,4,0.0992479883158715,0.0992479883158471,2.4438784329561255e-14,0,1.9593550450269635e-09,
b4006,,2,421,0.0992479883158715,0.0,0.0992479883158715,1,285.321563884892,
b0522,,1,421,0.0992479883158715,0.0,0.0992479883158715,1,285.3215638848913,
b0523,,1,421,0.0992479883158715,0.0,0.0992479883158715,1,285.3215638848829,
b0727,,1,369,0.0992479883158715,0.0969164938674332,0.0023314944484383,0,1.6247823263202712,
b0116,,3,420,0.0992479883158715,0.0,0.0992479883158715,1,2489.3450322332733,
b0726,,1,367,0.0992479883158715,0.0969164938674346,0.0023314944484369,0,1.624793474242523,
b2587,,1,0,0.0992479883158715,0.0992479883158082,6.333822355486518e-14,0,0.0,
b1488,,1,0,0.0992479883158715,0.0992479883158557,1.5779044737485034e-14,0,0.0,
b3542,,3,0,0.0992479883158715,0.0992479883158564,1.5140666498325572e-14,0,0.0,
b1486,,1,0,0.0992479883158715,0.0992479883158119,5.957734305894746e-14,0,0.0,
b1485,,1,0,0.0992479883158715,0.0992479883158119,5.957734305894746e-14,0,0.0,
b3543,,3,0,0.0992479883158715,0.0992479883158564,1.5140666498325572e-14,0,0.0,
b3541,,3,0,0.0992479883158715,0.0992479883158564,1.5140666498325572e-14,0,0.0,
b1484,,1,0,0.0992479883158715,0.0992479883158119,5.957734305894746e-14,0,0.0,
b3540,,3,0,0.0992479883158715,0.0992479883158564,1.5140666498325572e-14,0,0.0,
b3544,,3,0,0.0992479883158715,0.0992479883158564,1.5140666498325572e-14,0,0.0,
b1483,,1,0,0.0992479883158715,0.0992479883158119,5.957734305894746e-14,0,0.0,
b1487,,1,0,0.0992479883158715,0.0992479883158119,5.957734305894746e-14,0,0.0,
b0092,,1,421,0.0992479883158715,0.0,0.0992479883158715,1,285.321563884873,
b0381,,1,421,0.0992479883158715,0.0,0.0992479883158715,1,285.32156388488715,
b1325,,1,4,0.0992479883158715,0.0992479883158625,9.048317650695026e-15,0,1.9593550553742555e-09,
b1190,,1,421,0.0992479883158715,0.0,0.0992479883158715,1,285.32156388489693,
b4053,,1,421,0.0992479883158715,0.0,0.0992479883158715,1,285.3215638849145,
b2551,,6,373,0.0992479883158715,0.0959264726273349,0.0033215156885365,0,0.3689243773510792,
b0870,,4,0,0.0992479883158715,0.0992479883158488,2.2731816429200083e-14,0,0.0,
b2379,,1,3,0.0992479883158715,0.0992479883158715,0.0,0,0.0099873207596452,
b2290,,1,3,0.0992479883158715,0.0992479883158715,0.0,0,0.0099873207596452,
b2697,,1,0,0.0992479883158715,0.0992479883156883,1.8321455463876648e-13,0,0.0,
b3460,,5,0,0.0992479883158715,0.0992479883158715,0.0,0,0.0,
b3456,,5,0,0.0992479883158715,0.0992479883158715,0.0,0,0.0,
b3457,,5,0,0.0992479883158715,0.0992479883158715,0.0,0,0.0,
b3455,,5,0,0.0992479883158715,0.0992479883158715,0.0,0,0.0,
b3454,,5,0,0.0992479883158715,0.0992479883158715,0.0,0,0.0,
b4208,,5,241,0.0992479883158715,0.0992274638360977,2.0524479773756377e-05,0,3.465044451874755e-05,
b0007,,2,0,0.0992479883158715,0.0992479883158715,0.0,0,0.0,
b0356,,3,0,0.0992479883158715,0.0992479883158587,1.27675647831893e-14,0,0.0,
b1478,,1,0,0.0992479883158715,0.0992479883158555,1.5959455978986622e-14,0,0.0,
b1385,,1,0,0.0992479883158715,0.09924798831585,2.1496693314304597e-14,0,0.0,
b1300,,2,0,0.0992479883158715,0.0992479883158715,0.0,0,0.0,
b3588,,2,0,0.0992479883158715,0.0992479883158209,5.055678098386807e-14,0,0.0,
b4084,,1,0,0.0992479883158715,0.0992479883158519,1.9567680809018384e-14,0,0.0,
b4090,,2,421,0.0992479883158715,0.0528029768195674,0.046445011496304,0,45.57186540210108,
b0516,,1,0,0.0992479883158715,0.0992479883158434,2.8116398098632093e-14,0,0.0,
b0512,,1,0,0.0992479883158715,0.0992479883158466,2.4924506902834764e-14,0,0.0,
b0511,,1,4,0.0992479883158715,0.099247988315844,2.7547408798511697e-14,0,1.9593550376789477e-09,
b4085,,1,4,0.0992479883158715,0.0992479883158448,2.665923037881157e-14,0,1.959355017407514e-09,
b4087,,2,4,0.0992479883158715,0.0992479883158621,9.43689570931383e-15,0,1.9593550587034954e-09,
b4086,,2,4,0.0992479883158715,0.0992479883158621,9.43689570931383e-15,0,1.9593550587034954e-09,
b4088,,2,4,0.0992479883158715,0.0992479883158621,9.43689570931383e-15,0,1.9593550587034954e-09,
b0657,,2,0,0.0992479883158715,0.0992479883158462,2.5340840537069198e-14,0,0.0,
b1677,,2,0,0.0992479883158715,0.0992479883158462,2.5340840537069198e-14,0,0.0,
b1781,,1,0,0.0992479883158715,0.0992479883158715,0.0,0,0.0,
b3001,,1,0,0.0992479883158715,0.0992479883158715,0.0,0,0.0,
b0207,,2,0,0.0992479883158715,0.0992479883158712,2.6367796834847473e-16,0,0.0,
b3012,,2,0,0.0992479883158715,0.0992479883158712,2.6367796834847473e-16,0,0.0,
b3945,,4,0,0.0992479883158715,0.0992479883158481,2.3411828031782992e-14,0,0.0,
b3091,,1,4,0.0992479883158715,0.0992479883158564,1.5099033134902132e-14,0,1.959355037053384e-09,
b3416,,4,4,0.0992479883158715,0.0992479883158453,2.6229018956769323e-14,0,1.959355046495479e-09,
b3223,,1,0,0.0992479883158715,0.099247988315851,2.0511370379949767e-14,0,0.0,
b3222,,1,0,0.0992479883158715,0.0992479883158643,7.230327447871332e-15,0,0.0,
b0774,,1,421,0.0992479883158715,0.0,0.0992479883158715,1,285.3215638848792,
b3833,,2,4,0.0992479883158715,0.0992479883158472,2.4286128663675302e-14,0,1.959355033376367e-09,
b3994,,1,421,0.0992479883158715,0.0,0.0992479883158715,1,285.32156388489506,
b1982,,1,4,0.0992479883158715,0.0992479883158462,2.5326962749261384e-14,0,1.959355059307604e-09,
b0932,,2,4,0.0992479883158715,0.0992479883158513,2.016442568475441e-14,0,1.9593550552123622e-09,
b0237,,3,0,0.0992479883158715,0.0992479883158545,1.7014167852380524e-14,0,0.0,
b4260,,2,4,0.0992479883158715,0.0992479883158513,2.016442568475441e-14,0,1.9593550552123622e-09,
b2523,,2,4,0.0992479883158715,0.0992479883158513,2.016442568475441e-14,0,1.9593550552123622e-09,
b1640,,1,4,0.0992479883158715,0.0992479883157804,9.109379917049411e-14,0,1.9593549659975376e-09,
b1263,,2,421,0.0992479883158715,0.0,0.0992479883158715,1,285.3215638848908,
b1264,,1,421,0.0992479883158715,0.0,0.0992479883158715,1,285.32156388491,
b0776,,1,421,0.0992479883158715,0.0,0.0992479883158715,1,285.3215638848942,
b0049,,3,4,0.0992479883158715,0.0992479883158673,4.2327252813834085e-15,0,1.959355061638997e-09,
b4129,,2,0,0.0992479883158715,0.0992479883158548,1.6667223157185163e-14,0,0.0,
b0121,,2,0,0.0992479883158715,0.0992479883158498,2.167710455580618e-14,0,0.0,
b3059,,7,0,0.0992479883158715,0.0992479883158536,1.7860712908657206e-14,0,0.0,
b0968,,7,4,0.0992479883158715,0.099247988315852,1.9456658506555868e-14,0,1.959355062871729e-09,
b0414,,2,421,0.0992479883158715,0.0,0.0992479883158715,1,285.3215638848563,
b0062,,1,4,0.0992479883158715,0.0992479883158623,9.214851104388801e-15,0,1.95935506039487e-09,
b0153,,5,0,0.0992479883158715,0.0992479883158279,4.3562375928729586e-14,0,0.0,
b0151,,5,0,0.0992479883158715,0.0992479883158279,4.3562375928729586e-14,0,0.0,
b0152,,5,0,0.0992479883158715,0.0992479883158279,4.3562375928729586e-14,0,0.0,
b2715,,1,0,0.0992479883158715,0.0992479883158615,9.978129433818594e-15,0,0.0,
b3722,,1,0,0.0992479883158715,0.0992479883158615,9.978129433818594e-15,0,0.0,
b1900,,1,0,0.0992479883158715,0.0992479883158715,0.0,0,0.0,
b4460,,1,0,0.0992479883158715,0.0992479883158715,0.0,0,0.0,
b1901,,1,0,0.0992479883158715,0.0992479883158715,0.0,0,0.0,
b2841,,1,0,0.0992479883158715,0.0992479883158428,2.871314297436811e-14,0,0.0,
b1528,,3,0,0.0992479883158715,0.0992479883158327,3.880229471064922e-14,0,0.0,
b4115,,1,0,0.0992479883158715,0.0992479883158286,4.292399768957012e-14,0,0.0,
b4117,,1,0,0.0992479883158715,0.0992479883158411,3.036459972349803e-14,0,0.0,
b2938,,1,0,0.0992479883158715,0.0992479883158715,0.0,0,0.0,
b1605,,1,0,0.0992479883158715,0.09924798831588,-8.520961713998076e-15,0,0.0,
b3960,,1,421,0.0992479883158715,0.0,0.0992479883158715,1,285.321563884891,
b3172,,1,421,0.0992479883158715,0.0,0.0992479883158715,1,285.32156388488886,
b1876,,1,4,0.0992479883158715,0.0992479883158502,2.131628207280301e-14,0,1.959355030175448e-09,
b2310,,3,0,0.0992479883158715,0.0992479883158715,0.0,0,0.0,
b0863,,1,0,0.0992479883158715,0.0992479883158715,0.0,0,0.0,
b0860,,1,0,0.0992479883158715,0.0992479883158715,0.0,0,0.0,
b2307,,4,0,0.0992479883158715,0.0992479883158715,0.0,0,0.0,
b2308,,4,0,0.0992479883158715,0.0992479883158715,0.0,0,0.0,
b0862,,1,0,0.0992479883158715,0.0992479883158715,0.0,0,0.0,
b2306,,4,0,0.0992479883158715,0.0992479883158715,0.0,0,0.0,
b0864,,1,0,0.0992479883158715,0.0992479883158715,0.0,0,0.0,
b0861,,1,0,0.0992479883158715,0.0992479883158715,0.0,0,0.0,
b2923,,2,4,0.0992479883158715,0.0992479883157809,9.064970996064404e-14,0,1.959354948649326e-09,
b3433,,1,421,0.0992479883158715,0.0,0.0992479883158715,1,285.32156388489165,
b4192,,1,4,0.0992479883158715,0.0992479883158223,4.918287999089444e-14,0,1.9593550355464087e-09,
b4194,,1,0,0.0992479883158715,0.0992479883158071,6.439293542825908e-14,0,0.0,
b4193,,1,0,0.0992479883158715,0.0992479883158071,6.439293542825908e-14,0,0.0,
b4195,,1,0,0.0992479883158715,0.0992479883158071,6.439293542825908e-14,0,0.0,
b1767,,1,0,0.0992479883158715,0.0992479883158426,2.893518757929314e-14,0,0.0,
b0828,,1,0,0.0992479883158715,0.0992479883158426,2.893518757929314e-14,0,0.0,
b2957,,2,0,0.0992479883158715,0.0992479883158715,0.0,0,0.0,
b0674,,1,0,0.0992479883158715,0.0992479883158715,0.0,0,0.0,
b3744,,1,293,0.0992479883158715,0.0990111119156115,0.0002368764002599,0,0.0020605242978903,
b0930,,1,4,0.0992479883158715,0.0992479883158522,1.9290125052862092e-14,0,1.959355026897358e-09,
b1453,,1,0,0.0992479883158715,0.0992479883158462,2.5313084961453572e-14,0,0.0,
b3502,,1,4,0.0992479883158715,0.0992479883158518,1.96787031114809e-14,0,1.9593550561214403e-09,
b0131,,1,421,0.0992479883158715,0.0,0.0992479883158715,1,285.32156388490023,
b4245,,1,421,0.0992479883158715,0.0,0.0992479883158715,1,285.32156388491205,
b4244,,1,421,0.0992479883158715,0.0,0.0992479883158715,1,285.3215638849052,
b0002,,2,421,0.0992479883158715,0.0,0.0992479883158715,1,285.32156388485885,
b4024,,1,421,0.0992479883158715,0.0,0.0992479883158715,1,285.32156388489244,
b3940,,2,421,0.0992479883158715,0.0,0.0992479883158715,1,285.3215638848737,
b2574,,4,421,0.0992479883158715,0.0,0.0992479883158715,1,285.3215638848821,
b4139,,1,0,0.0992479883158715,0.0992479883158624,9.131584377541913e-15,0,0.0,
b0928,,3,421,0.0992479883158715,0.0,0.0992479883158715,1,285.3215638848889,
b1866,,1,4,0.0992479883158715,0.0992479883158638,7.702172233337023e-15,0,1.959355065706049e-09,
b0654,,2,0,0.0992479883158715,0.0992479883158715,0.0,0,0.0,
b0655,,2,0,0.0992479883158715,0.0992479883158715,0.0,0,0.0,
b0652,,2,0,0.0992479883158715,0.0992479883158715,0.0,0,0.0,
b0653,,2,0,0.0992479883158715,0.0992479883158715,0.0,0,0.0,
b3528,,6,0,0.0992479883158715,0.0992479883158501,2.138567101184208e-14,0,0.0,
b4123,,9,0,0.0992479883158715,0.0992479883158561,1.5390466678866233e-14,0,0.0,
b4138,,7,0,0.0992479883158715,0.0992479883158715,0.0,0,0.0,
b4077,,2,0,0.0992479883158715,0.0992479883158715,0.0,0,0.0,
b3503,,1,4,0.0992479883158715,0.0992479883158326,3.892719480091955e-14,0,1.959355003617424e-09,
b1064,,7,0,0.0992479883158715,0.0992479883158711,4.0245584642661925e-16,0,0.0,
b1747,,1,0,0.0992479883158715,0.0992479883158499,2.1635471192382735e-14,0,0.0,
b1539,,4,0,0.0992479883158715,0.0992479883158409,3.0558888752807434e-14,0,0.0,
b2019,,1,421,0.0992479883158715,0.0,0.0992479883158715,1,285.32156388489256,
b3738,,1,424,0.0992479883158715,0.0,0.0992479883158715,1,26792.52950120165,
b3733,,1,424,0.0992479883158715,0.0,0.0992479883158715,1,26792.52950120165,
b3732,,1,424,0.0992479883158715,0.0,0.0992479883158715,1,26792.52950120165,
b3739,,1,424,0.0992479883158715,0.0,0.0992479883158715,1,26792.52950120165,
b3736,,1,424,0.0992479883158715,0.0,0.0992479883158715,1,26792.52950120165,
b3737,,1,424,0.0992479883158715,0.0,0.0992479883158715,1,26792.52950120165,
b3734,,1,424,0.0992479883158715,0.0,0.0992479883158715,1,26792.52950120165,
b3735,,1,424,0.0992479883158715,0.0,0.0992479883158715,1,26792.52950120165,
b3731,,1,424,0.0992479883158715,0.0,0.0992479883158715,1,26792.52950120165,
b0312,,2,4,0.0992479883158715,0.0992479883158622,9.256484467812244e-15,0,1.959355057441047e-09,
b0827,,4,421,0.0992479883158715,0.0,0.0992479883158715,1,285.32156388488994,
b3857,,5,421,0.0992479883158715,0.0,0.0992479883158715,1,285.3215638848829,
b3856,,5,421,0.0992479883158715,0.0,0.0992479883158715,1,285.3215638848662,
b4214,,1,421,0.0992479883158715,0.0,0.0992479883158715,1,285.3215638848921,
b3551,,3,4,0.0992479883158715,0.0992479883159075,-3.6026737149086336e-14,0,1.9593551187264532e-09,
b0775,,1,421,0.0992479883158715,0.0,0.0992479883158715,1,285.3215638849554,
b0934,,5,8,0.0992479883158715,0.09924798831585,2.1496693314304597e-14,0,1.0694028240714796e-06,
b0367,,3,0,0.0992479883158715,0.0992479883158493,2.2218338280310942e-14,0,0.0,
b0933,,5,4,0.0992479883158715,0.0992479883158583,1.3170020629615921e-14,0,1.9593550640827167e-09,
b0936,,5,4,0.0992479883158715,0.0992479883158583,1.3170020629615921e-14,0,1.9593550640827167e-09,
b0365,,3,0,0.0992479883158715,0.0992479883158493,2.2218338280310942e-14,0,0.0,
b0366,,3,0,0.0992479883158715,0.0992479883158493,2.2218338280310942e-14,0,0.0,
b1216,,3,0,0.0992479883158715,0.0992479883158505,2.0955459589799833e-14,0,0.0,
b4132,,1,0,0.0992479883158715,0.0992479883158715,0.0,0,0.0,
b3942,,1,0,0.0992479883158715,0.0992479883158715,0.0,0,0.0,
b1732,,1,0,0.0992479883158715,0.0992479883158715,0.0,0,0.0,
b3196,,1,421,0.0992479883158715,0.0,0.0992479883158715,1,285.3215638849196,
b1270,,2,4,0.0992479883158715,0.0992479883158607,1.0796918914479647e-14,0,1.9593550368586348e-09,
b2874,,1,317,0.0992479883158715,0.0980287556816713,0.0012192326342001,0,0.0246205303466496,
b0521,,1,317,0.0992479883158715,0.0980287556816713,0.0012192326342001,0,0.0246205303466496,
b0323,,1,317,0.0992479883158715,0.0980287556816713,0.0012192326342001,0,0.0246205303466496,
b0033,,1,0,0.0992479883158715,0.0992479883158159,5.55805401702969e-14,0,0.0,
b0032,,1,0,0.0992479883158715,0.0992479883158159,5.55805401702969e-14,0,0.0,
b0444,,1,4,0.0992479883158715,0.0992479883158574,1.4072076837123859e-14,0,1.9593550541423673e-09,
b3469,,6,0,0.0992479883158715,0.0992479883158715,0.0,0,0.0,
b3915,,7,0,0.0992479883158715,0.0992479883158779,-6.397660179402465e-15,0,0.0,
b0752,,5,4,0.0992479883158715,0.09924798831585,2.1496693314304597e-14,0,1.959355041663434e-09,
b3040,,6,421,0.0992479883158715,0.0,0.0992479883158715,1,285.3215638848791,
b3918,,7,4,0.0992479883158715,0.0992479883158382,3.3278935163139074e-14,0,1.959355047521148e-09,
b2794,,1,0,0.0992479883158715,0.0992479883158509,2.0580759318988843e-14,0,0.0,
b1208,,1,421,0.0992479883158715,0.0,0.0992479883158715,1,285.32156388489483,
b1661,,4,4,0.0992479883158715,0.0992479883158433,2.818578703767116e-14,0,1.9593550394119403e-09,
b2129,,2,0,0.0992479883158715,0.0992479883158715,0.0,0,0.0,
b2128,,2,0,0.0992479883158715,0.0992479883158715,0.0,0,0.0,
b2131,,2,0,0.0992479883158715,0.0992479883158715,0.0,0,0.0,
b2130,,2,0,0.0992479883158715,0.0992479883158715,0.0,0,0.0,
b1801,,3,4,0.0992479883158715,0.099247988315992,-1.2045919817182948e-13,0,1.959355227149473e-09,
b0314,,1,0,0.0992479883158715,0.0992479883158497,2.180200464607651e-14,0,0.0,
b0311,,1,4,0.0992479883158715,0.0992479883158869,-1.5404344466674047e-14,0,1.9593550624967587e-09,
b2600,,2,421,0.0992479883158715,0.0,0.0992479883158715,1,285.32156388488096,
b2599,,2,421,0.0992479883158715,0.0,0.0992479883158715,1,285.321563884886,
b2329,,1,421,0.0992479883158715,0.0,0.0992479883158715,1,285.32156388489534,
b4039,,1,421,0.0992479883158715,0.0,0.0992479883158715,1,285.3215638848886,
b2542,,2,4,0.0992479883158715,0.0992479883158479,2.3647750424515834e-14,0,1.9593550816268473e-09,
b2540,,2,4,0.0992479883158715,0.0992479883158647,6.7862382380212686e-15,0,1.9593550579262053e-09,
b2538,,2,4,0.0992479883158715,0.0992479883158647,6.7862382380212686e-15,0,1.9593550579262053e-09,
b2539,,2,4,0.0992479883158715,0.0992479883158647,6.7862382380212686e-15,0,1.9593550579262053e-09,
b0617,,1,4,0.0992479883158715,0.0992479883158901,-1.859623566247137e-14,0,1.959355089840688e-09,
b0614,,1,4,0.0992479883158715,0.0992479883158901,-1.859623566247137e-14,0,1.959355089840688e-09,
b0616,,1,4,0.0992479883158715,0.0992479883158901,-1.859623566247137e-14,0,1.959355089840688e-09,
b0615,,1,4,0.0992479883158715,0.0992479883158901,-1.859623566247137e-14,0,1.959355089840688e-09,
b0612,,1,0,0.0992479883158715,0.0992479883158563,1.519617764955683e-14,0,0.0,
b0789,,7,0,0.0992479883158715,0.099247988315863,8.465450562766819e-15,0,0.0,
b1249,,7,0,0.0992479883158715,0.099247988315863,8.465450562766819e-15,0,0.0,
b0155,,1,421,0.0992479883158715,0.0,0.0992479883158715,1,285.32156388486175,
b1592,,1,421,0.0992479883158715,0.0,0.0992479883158715,1,285.3215638848852,
b3035,,9,4,0.0992479883158715,0.0992479883158547,1.6833756610878936e-14,0,1.9593550486348722e-09,
b2470,,7,0,0.0992479883158715,0.0992479883158715,0.0,0,0.0,
b0463,,7,0,0.0992479883158715,0.0992479883158715,0.0,0,0.0,
b0462,,7,0,0.0992479883158715,0.0992479883158715,0.0,0,0.0,
b3816,,3,421,0.0992479883158715,0.0,0.0992479883158715,1,285.32156388488977,
b2174,,1,4,0.0992479883158715,0.099247988315848,2.348121697082206e-14,0,1.9593550430223053e-09,
b0914,,32,421,0.0992479883158715,0.0,0.0992479883158715,1,285.3215638848921,
b1102,,1,4,0.0992479883158715,0.0992479883158545,1.7028045640188342e-14,0,1.9593550546156176e-09,
b2765,,1,0,0.0992479883158715,0.0992479883158548,1.6667223157185163e-14,0,0.0,
b0783,,1,421,0.0992479883158715,0.0,0.0992479883158715,1,285.3215638848855,
b0781,,1,421,0.0992479883158715,0.0,0.0992479883158715,1,285.3215638848744,
b2436,,1,105,0.0992479883158715,0.0992457368658856,2.2514499858627968e-06,0,1.2437347804172806e-07,
b3867,,1,0,0.0992479883158715,0.0992479883158715,0.0,0,0.0,
b0038,,2,4,0.0992479883158715,0.0992479883158402,3.126665593100597e-14,0,1.95935506756838e-09,
b0037,,3,0,0.0992479883158715,0.099247988315869,2.484124017598788e-15,0,0.0,
b0036,,2,4,0.0992479883158715,0.0992479883158408,3.0725422206501214e-14,0,1.9593550399078942e-09,
b2679,,4,0,0.0992479883158715,0.0992479883158715,0.0,0,0.0,
b2677,,4,0,0.0992479883158715,0.0992479883158715,0.0,0,0.0,
b2678,,4,0,0.0992479883158715,0.0992479883158715,0.0,0,0.0,
b4111,,5,4,0.0992479883158715,0.0992479883158527,1.8832158055204215e-14,0,1.959355067145139e-09,
b0040,,2,0,0.0992479883158715,0.0992479883158571,1.4377388168895777e-14,0,0.0,
b0720,,1,423,0.0992479883158715,0.0,0.0992479883158715,1,164.05119197417002,
b0337,,1,0,0.0992479883158715,0.0992479883158636,7.924216838262055e-15,0,0.0,
b0336,,1,0,0.0992479883158715,0.0992479883158576,1.3891665595622271e-14,0,0.0,
b3846,,19,400,0.0992479883158715,0.0967855395454845,0.002462448770387,0,0.4272203272660418,
b2780,,1,421,0.0992479883158715,0.0,0.0992479883158715,1,285.32156388486874,
b0123,,2,4,0.0992479883158715,0.0992479883158593,1.2212453270876722e-14,0,1.9593550402959846e-09,
b0484,,1,0,0.0992479883158715,0.0992479883158715,0.0,0,0.0,
b3425,,1,4,0.0992479883158715,0.0992479883158496,2.1940782524154656e-14,0,1.9593550217298773e-09,
b1308,,1,0,0.0992479883158715,0.0992479883158715,0.0,0,0.0,
b0340,,1,0,0.0992479883158715,0.0992479883158533,1.824929096727601e-14,0,0.0,
b0341,,1,4,0.0992479883158715,0.0992479883158388,3.2737701438634303e-14,0,1.9593550326571963e-09,
b1919,,1,0,0.0992479883158715,0.0992479883158691,2.4424906541753444e-15,0,0.0,
b3008,,2,421,0.0992479883158715,0.0,0.0992479883158715,1,285.321563884879,
b3708,,3,281,0.0992479883158715,0.099178048533738,6.993978213352958e-05,0,0.0005078182594188,
b2414,,1,421,0.0992479883158715,0.0,0.0992479883158715,1,285.32156388490193,
b2421,,1,421,0.0992479883158715,0.0,0.0992479883158715,1,285.3215638848763,
b2810,,1,4,0.0992479883158715,0.0992479883158521,1.93872695675168e-14,0,1.9593550349332172e-09,
b1622,,1,421,0.0992479883158715,0.0,0.0992479883158715,1,285.32156388488903,
b0526,,1,4,0.0992479883158715,0.0992479883158538,1.7680301667155618e-14,0,1.959355057640427e-09,
b0886,,2,0,0.0992479883158715,0.0992479883158452,2.6270652320192767e-14,0,0.0,
b0887,,2,0,0.09924798831587155,0.09924798831584528,2.6270652320192767e-14,0,0.0,pfba
b0978,,2,0,0.09924798831587155,0.09924798831587155,0.0,0,0.0,pfba
b0979,,2,0,0.09924798831587155,0.09924798831587155,0.0,0,0.0,pfba
b0734,,1,0,0.09924798831587155,0.09924798831587155,0.0,0,0.0,pfba
b0733,,1,0,0.09924798831587155,0.09924798831587155,0.0,0,0.0,pfba
b0432,,1,424,0.09924798831587155,0.0,0.09924798831587155,1,26792.52950120165,infeasible
b0430,,1,424,0.09924798831587155,0.0,0.09924798831587155,1,26792.52950120165,infeasible
b0429,,1,424,0.09924798831587155,0.0,0.09924798831587155,1,26792.52950120165,infeasible
b0431,,1,424,0.09924798831587155,0.0,0.09924798831587155,1,26792.52950120165,infeasible
b2143,,2,0,0.09924798831587155,0.09924798831585457,1.697253448895708e-14,0,0.0,pfba
b0651,,2,0,0.09924798831587155,0.09924798831598129,-1.0974554598419672e-13,0,0.0,pfba
b2162,,2,0,0.09924798831587155,0.09924798831598129,-1.0974554598419672e-13,0,0.0,pfba
b2066,,2,0,0.09924798831587155,0.0992479883158575,1.404432126150823e-14,0,0.0,pfba
b0910,,3,421,0.09924798831587155,0.0,0.09924798831587155,1,285.3215638849027,pfba
b2975,,3,4,0.09924798831587155,0.09924798831587851,-6.966649479522857e-15,0,1.959355070475336e-09,pfba
b3603,,3,4,0.09924798831587155,0.09924798831585759,1.3961054534661343e-14,0,1.9593550555184687e-09,pfba
b1189,,1,0,0.09924798831587155,0.09924798831587155,0.0,0,0.0,pfba
b4042,,7,0,0.09924798831587155,0.09924798831587155,0.0,0,0.0,pfba
b2871,,1,0,0.09924798831587155,0.09924798831585341,1.8138268664813495e-14,0,0.0,pfba
b2838,,1,421,0.09924798831587155,0.0,0.09924798831587155,1,285.3215638848701,pfba
b3809,,1,421,0.09924798831587155,0.0,0.09924798831587155,1,285.3215638848954,pfba
b0175,,7,421,0.09924798831587155,0.0,0.09924798831587155,1,285.3215638848887,pfba
b3041,,1,421,0.09924798831587155,0.0,0.09924798831587155,1,285.32156388491416,pfba
b0778,,1,421,0.09924798831587155,0.0,0.09924798831587155,1,285.3215638850702,pfba
b1734,,1,4,0.09924798831587155,0.09924798831584605,2.5493496202955157e-14,0,1.9593550483877028e-09,pfba
b2065,,1,0,0.09924798831587155,0.09924798831587155,0.0,0,0.0,pfba
b2344,,7,4,0.09924798831587155,0.0992479883158184,5.315192730392937e-14,0,1.9593549936781797e-09,pfba
b3693,,1,0,0.09924798831587155,0.09924798831587471,-3.164135620181696e-15,0,0.0,pfba
b3909,,2,4,0.09924798831587155,0.0992479883158586,1.2947976024690888e-14,0,1.9593550550783354e-09,pfba
b3526,,1,0,0.09924798831587155,0.09924798831584443,2.711719737646945e-14,0,0.0,pfba
b1704,,1,421,0.09924798831587155,0.0,0.09924798831587155,1,285.32156388483133,pfba
b2601,,1,421,0.09924798831587155,0.0,0.09924798831587155,1,285.32156388488755,pfba
b0754,,1,421,0.09924798831587155,0.0,0.09924798831587155,1,285.32156388489193,pfba
b4477,,1,4,0.09924798831587155,0.09924798831586847,3.0808688933348094e-15,0,1.9593550777960084e-09,pfba
b3648,,2,421,0.09924798831587155,0.0,0.09924798831587155,1,285.3215638849161,pfba
b1393,,1,4,0.09924798831587155,0.09924798831583645,3.509692536596276e-14,0,1.9593550210149894e-09,pfba
b3771,,2,421,0.09924798831587155,0.0,0.09924798831587155,1,285.32156388490046,pfba
b1198,,1,9,0.09924798831587155,0.09924798831584827,2.3273050153704844e-14,0,414.19545511827414,pfba
b1199,,1,9,0.09924798831587155,0.09924798831563918,2.3236967905404526e-13,0,414.1954551172132,pfba
b1200,,1,9,0.09924798831587155,0.09924798831563918,2.3236967905404526e-13,0,414.1954551172132,pfba
b0596,,1,0,0.09924798831587155,0.09924798831585309,1.8457457784393227e-14,0,0.0,pfba
b0594,,1,0,0.09924798831587155,0.0992479883158671,4.440892098500626e-15,0,0.0,pfba
b2541,,2,0,0.09924798831587155,0.09924798831586555,5.995204332975845e-15,0,0.0,pfba
b0348,,2,0,0.09924798831587155,0.09924798831583374,3.780309398848658e-14,0,0.0,pfba
b0031,,1,421,0.09924798831587155,0.0,0.09924798831587155,1,285.32156388488886,pfba
b2478,,1,421,0.09924798831587155,0.0,0.09924798831587155,1,285.3215638849001,pfba
b0048,,1,421,0.09924798831587155,0.0,0.09924798831587155,1,285.3215638848972,pfba
b1606,,2,421,0.09924798831587155,0.0,0.09924798831587155,1,285.3215638849054,pfba
b2315,,1,421,0.09924798831587155,0.0,0.09924798831587155,1,285.3215638849031,pfba
b3930,,1,0,0.09924798831587155,0.09924798831584941,2.213507155346406e-14,0,0.0,pfba
b2262,,1,4,0.09924798831587155,0.09924798831586337,8.174017018802715e-15,0,1.9593550654559543e-09,pfba
b0736,,1,0,0.09924798831587155,0.09924798831584887,2.2676305277968822e-14,0,0.0,pfba
b3058,,2,421,0.09924798831587155,0.0,0.09924798831587155,1,285.32156388491063,pfba
b0945,,2,7,0.09924798831587155,0.09924798831583286,3.8691272408186705e-14,0,0.003233574090324345,pfba
b1062,,1,421,0.09924798831587155,0.0,0.09924798831587155,1,285.32156388488795,pfba
b3177,,1,421,0.09924798831587155,0.0,0.09924798831587155,1,285.3215638848732,pfba
b0578,,2,0,0.09924798831587155,0.09924798831586744,4.107825191113079e-15,0,0.0,pfba
b2303,,1,0,0.09924798831587155,0.09924798831582643,4.51166881632048e-14,0,0.0,pfba
b3389,,1,421,0.09924798831587155,0.0,0.09924798831587155,1,285.3215638848937,pfba
b1693,,1,421,0.09924798831587155,0.0,0.09924798831587155,1,285.3215638848883,pfba
b0421,,2,421,0.09924798831587155,0.0,0.09924798831587155,1,285.32156388489193,pfba
b0029,,2,421,0.09924798831587155,0.0,0.09924798831587155,1,285.3215638848942,pfba
b2232,,2,4,0.09924798831587155,0.09924798831585391,1.7638668303732175e-14,0,1.959355042683779e-09,pfba
b1588,,3,0,0.09924798831587155,0.09924798831587238,-8.326672684688674e-16,0,0.0,pfba
b0895,,4,0,0.09924798831587155,0.0992479883158656,5.9396931817445875e-15,0,0.0,pfba
b1587,,3,0,0.09924798831587155,0.09924798831587238,-8.326672684688674e-16,0,0.0,pfba
b0894,,4,0,0.09924798831587155,0.0992479883158656,5.9396931817445875e-15,0,0.0,pfba
b1590,,3,0,0.09924798831587155,0.09924798831587238,-8.326672684688674e-16,0,0.0,pfba
b0896,,4,0,0.09924798831587155,0.0992479883158656,5.9396931817445875e-15,0,0.0,pfba
b1589,,3,0,0.09924798831587155,0.09924798831587238,-8.326672684688674e-16,0,0.0,pfba
b1872,,4,0,0.09924798831587155,0.09924798831587298,-1.429412144204889e-15,0,0.0,pfba
b1873,,4,0,0.09924798831587155,0.09924798831587298,-1.429412144204889e-15,0,0.0,pfba
b0099,,3,421,0.09924798831587155,0.0,0.09924798831587155,1,285.3215638934184,pfba
b1865,,2,421,0.09924798831587155,0.0,0.09924798831587155,1,285.321563884874,pfba
b3575,,1,4,0.09924798831587155,0.09924798831584543,2.6117996654306808e-14,0,1.9593550492122583e-09,pfba
b0103,,1,421,0.09924798831587155,0.0,0.09924798831587155,1,285.32156388489443,pfba
b3774,,3,421,0.09924798831587155,0.0,0.09924798831587155,1,285.3215638848949,pfba
b0425,,1,421,0.09924798831587155,0.0,0.09924798831587155,1,285.32156388489244,pfba
b4381,,1,0,0.09924798831587155,0.09924798831584926,2.2287727219350018e-14,0,0.0,pfba
b1185,,2,0,0.09924798831587155,0.09924798831584618,2.5368596112684827e-14,0,0.0,pfba
b3860,,2,0,0.09924798831587155,0.09924798831584618,2.5368596112684827e-14,0,0.0,pfba
b2893,,2,0,0.09924798831587155,0.09924798831585159,1.995625886763719e-14,0,0.0,pfba
b2582,,10,9,0.09924798831587155,0.09924798831584834,2.3203661214665772e-14,0,0.0030259981130516204,pfba
b4136,,3,4,0.09924798831587155,0.0992479883158694,2.1510571102112408e-15,0,1.9593551027026102e-09,pfba
b3781,,10,9,0.09924798831587155,0.09924798831584834,2.3203661214665772e-14,0,0.0030259981130516204,pfba
b0604,,2,4,0.09924798831587155,0.09924798831584858,2.2967738821932926e-14,0,1.9593550455392183e-09,pfba
b4122,,2,427,0.09924798831587155,0.09001547081269595,0.009232517503175594,0,26.5830067959038,pfba
b1098,,1,421,0.09924798831587155,0.0,0.09924798831587155,1,285.32156388487584,pfba
b2146,,1,4,0.09924798831587155,0.09924798831585435,1.7194579093882112e-14,0,1.959355045533216e-09,pfba
b2147,,1,4,0.09924798831587155,0.09924798831583372,3.783084956410221e-14,0,1.959355037312154e-09,pfba
b1238,,2,0,0.09924798831587155,0.09924798831587155,0.0,0,0.0,pfba
b4384,,7,7,0.09924798831587155,0.09924798831585992,1.1629586182948515e-14,0,3.1229971899902954e-08,pfba
b4382,,2,4,0.09924798831587155,0.09924798831585209,1.9456658506555868e-14,0,1.9593550502179975e-09,pfba
b2251,,3,259,0.09924798831587155,0.09922222107041735,2.576724545419462e-05,0,0.0001191874921928863,pfba
b3640,,1,259,0.09924798831587155,0.09922222107041735,2.576724545419462e-05,0,0.0001191874921928863,pfba
b0173,,1,421,0.09924798831587155,0.0,0.09924798831587155,1,285.3215638848623,pfba
b0420,,1,421,0.09924798831587155,0.0,0.09924798831587155,1,285.3215638848726,pfba
b3564,,2,4,0.09924798831587155,0.09924798831584773,2.3814283878209608e-14,0,1.9593550563668367e-09,pfba
b1779,,2,424,0.09924798831587155,0.0,0.09924798831587155,1,26792.52950120165,infeasible
b2927,,1,421,0.09924798831587155,0.0,0.09924798831587155,1,285.3215638848924,pfba
b1288,,26,421,0.09924798831587155,0.0,0.09924798831587155,1,285.321563884903,pfba
b3622,,2,4,0.09924798831587155,0.09924798831589063,-1.9081958235744878e-14,0,1.9593550997787e-09,pfba
b3793,,3,0,0.09924798831587155,0.09924798831583895,3.259892356055616e-14,0,0.0,pfba
b3785,,3,0,0.09924798831587155,0.09924798831583895,3.259892356055616e-14,0,0.0,pfba
b3792,,1,0,0.09924798831587155,0.09924798831585663,1.491862189340054e-14,0,0.0,pfba
b2341,,16,400,0.09924798831587155,0.09678553954548277,0.0024624487703887726,0,0.4272203272646077,pfba
b1850,,2,4,0.09924798831587155,0.09924798831585135,2.0192181260370035e-14,0,1.9593550434015366e-09,pfba
b1851,,1,4,0.09924798831587155,0.09924798831582239,4.9155124415278806e-14,0,1.959354997305242e-09,pfba
b1054,,1,4,0.09924798831587155,0.0992479883158446,2.6950663922775675e-14,0,1.959355027538772e-09,pfba
b1855,,2,0,0.09924798831587155,0.09924798831585062,2.09277040141842e-14,0,0.0,pfba
b2378,,1,4,0.09924798831587155,0.09924798831584496,2.65898414397725e-14,0,1.959355021024775e-09,pfba
b2779,,1,424,0.09924798831587155,0.0,0.09924798831587155,1,26792.52950120165,infeasible
b0583,,1,0,0.09924798831587155,0.09924798831585294,1.8610113450279187e-14,0,0.0,pfba
b0585,,2,4,0.09924798831587155,0.0992479883158561,1.544597783009749e-14,0,1.9593550184422484e-09,pfba
b2441,,1,0,0.09924798831587155,0.09924798831585115,2.040034807748725e-14,0,0.0,pfba
b2440,,1,0,0.09924798831587155,0.09924798831585115,2.040034807748725e-14,0,0.0,pfba
b3946,,1,9,0.09924798831587155,0.09924798831584952,2.2024049251001543e-14,0,414.1954551186369,pfba
b0825,,1,9,0.09924798831587155,0.09924798831584952,2.2024049251001543e-14,0,414.1954551186369,pfba
b0822,,5,0,0.09924798831587155,0.09924798831586691,4.6351811278100286e-15,0,0.0,pfba
b3666,,4,0,0.09924798831587155,0.09924798831584494,2.6603719227580314e-14,0,0.0,pfba
b0404,,7,0,0.09924798831587155,0.09924798831585031,2.123301534595612e-14,0,0.0,pfba
b0452,,10,402,0.09924798831587155,0.09678553954547178,0.002462448770399764,0,0.42722295978509867,pfba
b1805,,10,0,0.09924798831587155,0.09924798831585006,2.148281552649678e-14,0,0.0,pfba
b1701,,10,0,0.09924798831587155,0.09924798831585006,2.148281552649678e-14,0,0.0,pfba
b3844,,6,311,0.09924798831587155,0.09871260769212341,0.0005353806237481384,0,0.21659135795853787,pfba
b2764,,4,421,0.09924798831587155,0.0,0.09924798831587155,1,285.3215638848992,pfba
b2763,,4,421,0.09924798831587155,0.0,0.09924798831587155,1,285.3215638848971,pfba
b2925,,2,345,0.09924798831587155,0.09754341672415727,0.0017045715917142767,0,3.4690063009029632,pfba
b1773,,1,5,0.09924798831587155,0.09924798831585471,1.6833756610878936e-14,0,1.83364320258416,pfba
b2097,,1,5,0.09924798831587155,0.09924798831585471,1.6833756610878936e-14,0,1.83364320258416,pfba
b3925,,1,0,0.09924798831587155,0.09924798831587155,0.0,0,0.0,pfba
b2930,,1,0,0.09924798831587155,0.09924798831587155,0.0,0,0.0,pfba
b4232,,1,0,0.09924798831587155,0.09924798831587155,0.0,0,0.0,pfba
b2802,,1,0,0.09924798831587155,0.09924798831585,2.155220446553585e-14,0,0.0,pfba
b2803,,1,0,0.09924798831587155,0.09924798831584937,2.2176704916887502e-14,0,0.0,pfba
b2738,,1,0,0.09924798831587155,0.09924798831574652,1.2502499036060044e-13,0,0.0,pfba
b2800,,1,0,0.09924798831587155,0.09924798831574652,1.2502499036060044e-13,0,0.0,pfba
b0475,,1,421,0.09924798831587155,0.0,0.09924798831587155,1,285.32156388481417,pfba
b1476,,2,4,0.09924798831587155,0.09924798831585539,1.6153745008296028e-14,0,1.9593550721315935e-09,pfba
b1474,,2,0,0.09924798831587155,0.09924798831580547,6.607214775300463e-14,0,0.0,pfba
b1475,,2,0,0.09924798831587155,0.09924798831580547,6.607214775300463e-14,0,0.0,pfba
b3892,,2,0,0.09924798831587155,0.09924798831580547,6.607214775300463e-14,0,0.0,pfba
b3893,,2,0,0.09924798831587155,0.09924798831580547,6.607214775300463e-14,0,0.0,pfba
b3894,,2,0,0.09924798831587155,0.09924798831580547,6.607214775300463e-14,0,0.0,pfba
b0935,,5,4,0.09924798831587155,0.09924798831585542,1.61259894326804e-14,0,1.9593550653085412e-09,pfba
b3409,,1,0,0.09924798831587155,0.09924798831587155,0.0,0,0.0,pfba
b2392,,2,0,0.09924798831587155,0.09924798831585935,1.2198575483068907e-14,0,0.0,pfba
b4290,,1,0,0.09924798831587155,0.09924798831585258,1.8970935933282362e-14,0,0.0,pfba
b4288,,1,0,0.09924798831587155,0.09924798831585258,1.8970935933282362e-14,0,0.0,pfba
b4287,,1,0,0.09924798831587155,0.09924798831585258,1.8970935933282362e-14,0,0.0,pfba
b4289,,1,0,0.09924798831587155,0.09924798831585258,1.8970935933282362e-14,0,0.0,pfba
b4291,,1,0,0.09924798831587155,0.09924798831585258,1.8970935933282362e-14,0,0.0,pfba
b0589,,2,0,0.09924798831587155,0.09924798831585319,1.8360313269738526e-14,0,0.0,pfba
b0588,,2,0,0.09924798831587155,0.09924798831585319,1.8360313269738526e-14,0,0.0,pfba
b0592,,2,0,0.09924798831587155,0.09924798831585319,1.8360313269738526e-14,0,0.0,pfba
b0590,,2,0,0.09924798831587155,0.09924798831585319,1.8360313269738526e-14,0,0.0,pfba
b2155,,1,0,0.09924798831587155,0.09924798831584457,2.6978419498391304e-14,0,0.0,pfba
b0805,,1,0,0.09924798831587155,0.09924798831584457,2.6978419498391304e-14,0,0.0,pfba
b0150,,3,4,0.09924798831587155,0.0992479883158603,1.124100812432971e-14,0,1.95935508124757e-09,pfba
b0584,,1,4,0.09924798831587155,0.0992479883158452,2.634004125923184e-14,0,1.9593550383099864e-09,pfba
b0591,,1,4,0.09924798831587155,0.09924798831589023,-1.867950238931826e-14,0,1.9593551062565653e-09,pfba
b4367,,3,0,0.09924798831587155,0.09924798831584916,2.238487173400472e-14,0,0.0,pfba
b4209,,1,140,0.09924798831587155,0.09924510427186914,2.884044002407493e-06,0,3.1166660536119976e-06,pfba
b2486,,1,0,0.09924798831587155,0.09924798831587155,0.0,0,0.0,pfba
b4079,,1,0,0.09924798831587155,0.09924798831587155,0.0,0,0.0,pfba
b2722,,2,0,0.09924798831587155,0.09924798831587155,0.0,0,0.0,pfba
b2483,,1,0,0.09924798831587155,0.09924798831587155,0.0,0,0.0,pfba
b2719,,2,0,0.09924798831587155,0.09924798831587155,0.0,0,0.0,pfba
b2723,,2,0,0.09924798831587155,0.09924798831587155,0.0,0,0.0,pfba
b2721,,2,0,0.09924798831587155,0.09924798831587155,0.0,0,0.0,pfba
b2481,,1,0,0.09924798831587155,0.09924798831587155,0.0,0,0.0,pfba
b2485,,1,0,0.09924798831587155,0.09924798831587155,0.0,0,0.0,pfba
b2484,,1,0,0.09924798831587155,0.09924798831587155,0.0,0,0.0,pfba
b2724,,2,0,0.09924798831587155,0.09924798831587155,0.0,0,0.0,pfba
b2482,,1,0,0.09924798831587155,0.09924798831587155,0.0,0,0.0,pfba
b2489,,1,0,0.09924798831587155,0.09924798831587155,0.0,0,0.0,pfba
b2720,,2,0,0.09924798831587155,0.09924798831587155,0.0,0,0.0,pfba
b2488,,1,0,0.09924798831587155,0.09924798831587155,0.0,0,0.0,pfba
b2490,,1,0,0.09924798831587155,0.09924798831587155,0.0,0,0.0,pfba
b2487,,1,0,0.09924798831587155,0.09924798831587155,0.0,0,0.0,pfba
b3924,,5,261,0.09924798831587155,0.09922180216536923,2.618615050231643e-05,0,0.0006953150715663495,pfba
b0684,,7,421,0.09924798831587155,0.0,0.09924798831587155,1,285.3215638849026,pfba
b2895,,7,421,0.09924798831587155,0.0,0.09924798831587155,1,285.32156388487675,pfba
b3288,,1,8,0.09924798831587155,0.0992479883158479,2.3647750424515834e-14,0,1.0694028240617294e-06,pfba
b0025,,2,421,0.09924798831587155,0.0,0.09924798831587155,1,285.3215638849128,pfba
b0937,,2,4,0.09924798831587155,0.09924798831584516,2.6381674622655282e-14,0,1.9593550450755405e-09,pfba
b2912,,1,0,0.09924798831587155,0.09924798831587155,0.0,0,0.0,pfba
b2374,,1,0,0.09924798831587155,0.09924798874349426,-4.276227150157297e-10,0,0.0,pfba
b2492,,2,0,0.09924798831587155,0.09924798831584367,2.7880475705899244e-14,0,0.0,pfba
b0904,,2,0,0.09924798831587155,0.09924798831584367,2.7880475705899244e-14,0,0.0,pfba
b4154,,2,0,0.09924798831587155,0.09924798831587155,0.0,0,0.0,pfba
b4152,,2,0,0.09924798831587155,0.09924798831587155,0.0,0,0.0,pfba
b4153,,2,0,0.09924798831587155,0.09924798831587155,0.0,0,0.0,pfba
b4151,,2,0,0.09924798831587155,0.09924798831587155,0.0,0,0.0,pfba
b2168,,1,0,0.09924798831587155,0.09924798831585002,2.1524448889920222e-14,0,0.0,pfba
b3371,,1,0,0.09924798831587155,0.09924798831585784,1.3711254354120683e-14,0,0.0,pfba
b4474,,1,4,0.09924798831587155,0.09924798831585398,1.7569279364693102e-14,0,1.9593550304372945e-09,pfba
b3374,,1,0,0.09924798831587155,0.09924798831586108,1.04638520070921e-14,0,0.0,pfba
b3370,,2,0,0.09924798831587155,0.09924798831585589,1.5654144647214707e-14,0,0.0,pfba
b4321,,2,4,0.09924798831587155,0.0992479883158491,2.2440382885235977e-14,0,1.959355033432502e-09,pfba
b2169,,1,0,0.09924798831587155,0.09924798831584332,2.8227420401094605e-14,0,0.0,pfba
b2167,,1,0,0.09924798831587155,0.09924798831584332,2.8227420401094605e-14,0,0.0,pfba
b1232,,1,0,0.09924798831587155,0.09924798831585178,1.9761969838327786e-14,0,0.0,pfba
b2801,,1,0,0.09924798831587155,0.09924798831584804,2.350897254643769e-14,0,0.0,pfba
b1611,,1,427,0.09924798831587155,0.09001547081269183,0.009232517503179716,0,26.583006795741323,pfba
b1612,,1,427,0.09924798831587155,0.09001547081269183,0.009232517503179716,0,26.583006795741323,pfba
b0621,,4,0,0.09924798831587155,0.09924798831587155,0.0,0,0.0,pfba
b3730,,2,421,0.09924798831587155,0.0,0.09924798831587155,1,285.32156388489466,pfba
b1002,,2,4,0.09924798831587155,0.09924798831585138,2.0164425684754406e-14,0,1.95935504561631e-09,pfba
b3789,,1,4,0.09924798831587155,0.09924798831585571,1.5834555888716295e-14,0,1.9593550535528944e-09,pfba
b2039,,1,4,0.09924798831587155,0.09924798831585571,1.5834555888716295e-14,0,1.9593550535528944e-09,pfba
b0154,,1,421,0.09924798831587155,0.0,0.09924798831587155,1,285.32156388489096,pfba
b2533,,2,8,0.09924798831587155,0.099247988315846,2.5549007354186415e-14,0,1.0694028240585257e-06,pfba
b4055,,17,0,0.09924798831587155,0.09924798831585933,1.2212453270876722e-14,0,0.0,pfba
b4041,,7,10,0.09924798831587155,0.09924798831586797,3.58046925441613e-15,0,0.00028750967659417443,pfba
b3451,,7,0,0.09924798831587155,0.0992479883158697,1.8457457784393227e-15,0,0.0,pfba
b3452,,7,0,0.09924798831587155,0.0992479883158697,1.8457457784393227e-15,0,0.0,pfba
b3453,,7,0,0.09924798831587155,0.0992479883158697,1.8457457784393227e-15,0,0.0,pfba
b3450,,7,0,0.09924798831587155,0.0992479883158697,1.8457457784393227e-15,0,0.0,pfba
b3608,,1,421,0.09924798831587155,0.0,0.09924798831587155,1,285.32156388488767,pfba
b2242,,3,4,0.09924798831587155,0.09924798831585512,1.6431300764452317e-14,0,1.9593550303406596e-09,pfba
b2241,,3,0,0.09924798831587155,0.09924798831584787,2.3675506000131463e-14,0,0.0,pfba
b2243,,3,0,0.09924798831587155,0.09924798831584787,2.3675506000131463e-14,0,0.0,pfba
b3426,,1,0,0.09924798831587155,0.09924798831584787,2.3675506000131463e-14,0,0.0,pfba
b0243,,1,293,0.09924798831587155,0.09903072219943718,0.00021726611643436977,0,0.0037184504556726787,pfba
b0678,,1,4,0.09924798831587155,0.09924798831579588,7.566169912820442e-14,0,1.9593549832574183e-09,pfba
b1852,,1,321,0.09924798831587155,0.0978657258000206,0.0013822625158509405,0,1.2476149269491303,pfba
b3128,,1,0,0.09924798831587155,0.0992479883157594,1.1214640327494863e-13,0,0.0,pfba
b4358,,1,0,0.09924798831587155,0.09924798831583531,3.6234903966203547e-14,0,0.0,pfba
b4478,,1,4,0.09924798831587155,0.09924798831585287,1.867950238931826e-14,0,1.9593550439850948e-09,pfba
b4356,,1,0,0.09924798831587155,0.09924798831584689,2.466082893448629e-14,0,0.0,pfba
b3691,,1,4,0.09924798831587155,0.0992479883158464,2.5146551507759796e-14,0,1.9593550552850755e-09,pfba
b3127,,3,4,0.09924798831587155,0.09924798831585968,1.186550857568136e-14,0,1.9593550777952867e-09,pfba
b2789,,3,4,0.09924798831587155,0.09924798831585968,1.186550857568136e-14,0,1.9593550777952867e-09,pfba
b0757,,1,0,0.09924798831587155,0.09924798831585378,1.7763568394002505e-14,0,0.0,pfba
b2045,,1,0,0.09924798831587155,0.09924798831585378,1.7763568394002505e-14,0,0.0,pfba
b0756,,1,0,0.09924798831587155,0.09924798831584493,2.6617597015388128e-14,0,0.0,pfba
b4119,,1,0,0.09924798831587155,0.09924798831585382,1.772193503057906e-14,0,0.0,pfba
b3628,,1,0,0.09924798831587155,0.09924798831584813,2.341182803178299e-14,0,0.0,pfba
b2093,,1,0,0.09924798831587155,0.09924798831568589,1.856570452929418e-13,0,0.0,pfba
b2092,,1,0,0.09924798831587155,0.09924798831568589,1.856570452929418e-13,0,0.0,pfba
b2094,,1,0,0.09924798831587155,0.09924798831568589,1.856570452929418e-13,0,0.0,pfba
b3093,,2,0,0.09924798831587155,0.09924798831588721,-1.5668022435022522e-14,0,0.0,pfba
b1236,,1,4,0.09924798831587155,0.09924798831585223,1.9317880628477724e-14,0,1.9593550379139175e-09,pfba
b4230,,2,0,0.09924798831587155,0.09924798831586508,6.467049118441537e-15,0,0.0,pfba
b2148,,2,0,0.09924798831587155,0.09924798831587155,0.0,0,0.0,pfba
b2149,,2,0,0.09924798831587155,0.09924798831587155,0.0,0,0.0,pfba
b2150,,2,0,0.09924798831587155,0.09924798831587155,0.0,0,0.0,pfba
b4231,,2,0,0.09924798831587155,0.09924798831586508,6.467049118441537e-15,0,0.0,pfba
b4485,,2,0,0.09924798831587155,0.09924798831586508,6.467049118441537e-15,0,0.0,pfba
b4227,,2,0,0.09924798831587155,0.09924798831586508,6.467049118441537e-15,0,0.0,pfba
b2943,,2,0,0.09924798831587155,0.09924798831585183,1.9720336474904343e-14,0,0.0,pfba
b2500,,1,303,0.09924798831587155,0.09887750389002237,0.0003704844258491796,0,0.006878989994041543,pfba
b1415,,2,421,0.09924798831587155,0.0,0.09924798831587155,1,285.3215638848898,pfba
b2052,,2,4,0.09924798831587155,0.099247988315851,2.055300374337321e-14,0,1.9593550317062574e-09,pfba
b2784,,2,0,0.09924798831587155,0.09924798831587155,0.0,0,0.0,pfba
b3650,,3,0,0.09924798831587155,0.09924798831585217,1.9373391779708982e-14,0,0.0,pfba
b2051,,1,0,0.09924798831587155,0.09924798831587155,0.0,0,0.0,pfba
b2467,,1,0,0.09924798831587155,0.09924798831587155,0.0,0,0.0,pfba
b3729,,1,421,0.09924798831587155,0.0,0.09924798831587155,1,285.3215638848878,pfba
b1298,,1,8,0.09924798831587155,0.09924798831585943,1.211530875622202e-14,0,1.0694028240626457e-06,pfba
b1301,,1,0,0.09924798831587155,0.09924798831587155,0.0,0,0.0,pfba
b1297,,2,421,0.09924798831587155,0.0,0.09924798831587155,1,285.32156388488625,pfba
b3882,,1,4,0.09924798831587155,0.09924798831585872,1.2823075934420558e-14,0,1.959355054066245e-09,pfba
b3432,,1,4,0.09924798831587155,0.09924798831547652,3.950312299494385e-13,0,1.959354710923213e-09,pfba
b0459,,2,0,0.09924798831587155,0.099247988315846,2.5549007354186415e-14,0,0.0,pfba
b0124,,1,0,0.09924798831587155,0.09924798831584358,2.796374243274613e-14,0,0.0,pfba
b0837,,1,0,0.09924798831587155,0.09924798831584358,2.796374243274613e-14,0,0.0,pfba
b4476,,1,4,0.09924798831587155,0.09924798831594721,-7.566169912820442e-14,0,1.9593551709501153e-09,pfba
b3415,,1,4,0.09924798831587155,0.09924798831594721,-7.566169912820442e-14,0,1.9593551709501153e-09,pfba
b3417,,5,11,0.09924798831587155,0.0992480858325656,-9.751669405311247e-08,0,1.532698115858988e-11,pfba
b3428,,2,0,0.09924798831587155,0.09924798831585903,1.251776460264864e-14,0,0.0,pfba
b3126,,1,4,0.09924798831587155,0.09924798831584855,2.2995494397548555e-14,0,1.9593550399291143e-09,pfba
b2787,,1,0,0.09924798831587155,0.09924798831585194,1.9609314172441827e-14,0,0.0,pfba
b2788,,1,0,0.09924798831587155,0.09924798831585194,1.9609314172441827e-14,0,0.0,pfba
b3429,,1,4,0.09924798831587155,0.09924798831584764,2.391142839286431e-14,0,1.959355015083322e-09,pfba
b3631,,1,0,0.09924798831587155,0.09924798831585496,1.6583956430338276e-14,0,0.0,pfba
b3627,,1,0,0.09924798831587155,0.09924798831584257,2.8976820942716586e-14,0,0.0,pfba
b3626,,1,4,0.09924798831587155,0.09924798831584089,3.0656033267462135e-14,0,1.9593550349596523e-09,pfba
b1621,,2,420,0.09924798831587155,0.07443599123690516,0.02481199707896639,0,584.3140426895733,pfba
b3431,,1,4,0.09924798831587155,0.09924798831579798,7.356615316922444e-14,0,1.9593549990761697e-09,pfba
b3430,,1,0,0.09924798831587155,0.09924798831587155,0.0,0,0.0,pfba
b3870,,1,421,0.09924798831587155,0.0,0.09924798831587155,1,285.32156388488625,pfba
b0680,,1,4,0.09924798831587155,0.09924798831585872,1.2823075934420558e-14,0,1.959355054066245e-09,pfba
b0809,,1,0,0.09924798831587155,0.09924798831586301,8.534839501805891e-15,0,0.0,pfba
b0810,,1,0,0.09924798831587155,0.09924798831586301,8.534839501805891e-15,0,0.0,pfba
b0811,,1,0,0.09924798831587155,0.09924798831586301,8.534839501805891e-15,0,0.0,pfba
b2091,,1,0,0.09924798831587155,0.09924798831583607,3.547162563677375e-14,0,0.0,pfba
b0242,,1,293,0.09924798831587155,0.09903072219946842,0.00021726611640313087,0,0.003718450455539453,pfba
b1492,,1,0,0.09924798831587155,0.09924798831587155,0.0,0,0.0,pfba
b2688,,1,0,0.09924798831587155,0.09924798831587155,0.0,0,0.0,pfba
b1493,,1,0,0.09924798831587155,0.0992479883158507,2.0844437287337314e-14,0,0.0,pfba
b3517,,1,0,0.09924798831587155,0.0992479883158507,2.0844437287337314e-14,0,0.0,pfba
b1761,,1,410,0.09924798831587155,0.09149485249558378,0.007753135820287763,0,2.297788201743455,pfba
b1524,,1,0,0.09924798831587155,0.09924798831586677,4.773959005888173e-15,0,0.0,pfba
b0485,,1,0,0.09924798831587155,0.09924798831586677,4.773959005888173e-15,0,0.0,pfba
b2312,,1,421,0.09924798831587155,0.0,0.09924798831587155,1,285.3215638848929,pfba
b3967,,1,421,0.09924798831587155,0.0,0.09924798831587155,1,285.3215638848976,pfba
b3213,,1,8,0.09924798831587155,0.0992479883158404,3.114175584073564e-14,0,1.0694028240453437e-06,pfba
b3212,,1,0,0.09924798831587155,0.09924798831587155,0.0,0,0.0,pfba
b1210,,1,421,0.09924798831587155,0.0,0.09924798831587155,1,285.3215638848858,pfba
b2400,,1,421,0.09924798831587155,0.0,0.09924798831587155,1,285.3215638848938,pfba
b3653,,1,8,0.09924798831587155,0.09924798831585246,1.9081958235744878e-14,0,1.069402824072927e-06,pfba
b0507,,1,0,0.09924798831587155,0.09924798831582252,4.9030224325008476e-14,0,0.0,pfba
b3927,,3,0,0.09924798831587155,0.09924798831585195,1.9595436384634013e-14,0,0.0,pfba
b3617,,1,0,0.09924798831587155,0.09924798831585525,1.6292522886374172e-14,0,0.0,pfba
b2240,,1,0,0.09924798831587155,0.0992479883158405,3.104461132608094e-14,0,0.0,pfba
b0514,,1,0,0.09924798831587155,0.09924798831587135,1.942890293094024e-16,0,0.0,pfba
b3124,,1,0,0.09924798831587155,0.09924798831587155,0.0,0,0.0,pfba
b2904,,1,268,0.09924798831587155,0.09920766496274891,4.032335312263713e-05,0,0.0012819512249039754,pfba
b2903,,1,268,0.09924798831587155,0.09920766496274891,4.032335312263713e-05,0,0.0012819512249039754,pfba
b2905,,1,268,0.09924798831587155,0.09920766496274891,4.032335312263713e-05,0,0.0012819512249039754,pfba
b1033,,4,0,0.09924798831587155,0.09924798831583674,3.480549182199866e-14,0,0.0,pfba
b4468,,3,60,0.09924798831587155,0.09924757645762053,4.118582510176383e-07,0,9.871655353685668e-08,pfba
b4467,,3,60,0.09924798831587155,0.09924757645762053,4.118582510176383e-07,0,9.871655353685668e-08,pfba
b2979,,3,60,0.09924798831587155,0.09924757645762053,4.118582510176383e-07,0,9.871655353685668e-08,pfba
b3926,,1,0,0.09924798831587155,0.09924798831585016,2.1385671011842078e-14,0,0.0,pfba
b0212,,1,0,0.09924798831587155,0.09924798831587155,0.0,0,0.0,pfba
b3559,,1,4,0.09924798831587155,0.09924798831575717,1.1438072711200675e-13,0,1.959354962321931e-09,pfba
b3560,,1,4,0.09924798831587155,0.09924798831575717,1.1438072711200675e-13,0,1.959354962321931e-09,pfba
b2053,,1,0,0.09924798831587155,0.09924798831585133,2.0219936835985663e-14,0,0.0,pfba
b3052,,2,0,0.09924798831587155,0.09924798831584095,3.060052211623088e-14,0,0.0,pfba
b0200,,1,0,0.09924798831587155,0.09924798831585363,1.7916224059888464e-14,0,0.0,pfba
b0104,,1,0,0.09924798831587155,0.09924798831584294,2.8602120671905595e-14,0,0.0,pfba
b2507,,1,421,0.09924798831587155,0.0,0.09924798831587155,1,285.32156388488943,pfba
b2029,,1,323,0.09924798831587155,0.09786572580000287,0.0013822625158686763,0,1.2476104532510983,pfba
b3437,,1,11,0.09924798831587155,0.09924808583257165,-9.751670010382796e-08,0,1.532696356951386e-11,pfba
b4268,,1,11,0.09924798831587155,0.09924808583257165,-9.751670010382796e-08,0,1.532696356951386e-11,pfba
b3449,,5,4,0.09924798831587155,0.09924798831586594,5.6066262743570405e-15,0,1.959355069252289e-09,pfba
b2239,,5,0,0.09924798831587155,0.09924798831585449,1.7055801215803967e-14,0,0.0,pfba
b1654,,6,4,0.09924798831587155,0.09924798831587504,-3.497202527569243e-15,0,1.9593550875615414e-09,pfba
b3610,,6,4,0.09924798831587155,0.09924798831587504,-3.497202527569243e-15,0,1.9593550875615414e-09,pfba
b0849,,6,4,0.09924798831587155,0.09924798831587504,-3.497202527569243e-15,0,1.9593550875615414e-09,pfba
b0477,,2,0,0.09924798831587155,0.09924798831584584,2.5701663020072374e-14,0,0.0,pfba
b2988,,2,0,0.09924798831587155,0.09924798831583824,3.3306690738754696e-14,0,0.0,pfba
b3500,,1,0,0.09924798831587155,0.09924798831585603,1.5515366769136563e-14,0,0.0,pfba
b1710,,2,0,0.09924798831587155,0.09924798831586572,5.828670879282072e-15,0,0.0,pfba
b3447,,1,0,0.09924798831587155,0.09924798831585038,2.1163626406917047e-14,0,0.0,pfba
b0832,,1,0,0.09924798831587155,0.09924798831587155,0.0,0,0.0,pfba
b0829,,1,0,0.09924798831587155,0.09924798831587155,0.0,0,0.0,pfba
b0831,,1,0,0.09924798831587155,0.09924798831587155,0.0,0,0.0,pfba
b0830,,1,0,0.09924798831587155,0.09924798831587155,0.0,0,0.0,pfba
b2947,,1,0,0.09924798831587155,0.09924798831585102,2.052524816775758e-14,0,0.0,pfba
b2153,,1,421,0.09924798831587155,0.0,0.09924798831587155,1,285.3215638848923,pfba
b1277,,1,421,0.09924798831587155,0.0,0.09924798831587155,1,285.32156388489386,pfba
b3779,,1,4,0.09924798831587155,0.0992479883158536,1.7943979635504093e-14,0,1.9593550487537137e-09,pfba
b2883,,1,0,0.09924798831587155,0.09924798831584991,2.1635471192382738e-14,0,0.0,pfba
b0125,,2,0,0.09924798831587155,0.09924798831587155,0.0,0,0.0,pfba
b0238,,3,0,0.09924798831587155,0.09924798831584758,2.3966939544095567e-14,0,0.0,pfba
b3092,,2,0,0.09924798831587155,0.09924798831584139,3.0156432906380815e-14,0,0.0,pfba
b1319,,1,424,0.09924798831587155,0.0,0.09924798831587155,1,26792.52950120165,infeasible
b3875,,1,424,0.09924798831587155,0.0,0.09924798831587155,1,26792.52950120165,infeasible
b0957,,1,424,0.09924798831587155,0.0,0.09924798831587155,1,26792.52950120165,infeasible
b0875,,1,424,0.09924798831587155,0.0,0.09924798831587155,1,26792.52950120165,infeasible
b1395,,1,4,0.09924798831587155,0.09924798831585623,1.532107773982716e-14,0,1.9593550468289417e-09,pfba
b4040,,1,421,0.09924798831587155,0.0,0.09924798831587155,1,285.32156388481883,pfba
b0353,,2,4,0.09924798831587155,0.09924798831584472,2.6825763832505345e-14,0,1.959355042239796e-09,pfba
b0339,,1,421,0.09924798831587155,0.0,0.09924798831587155,1,285.32156388488994,pfba
b0126,,1,421,0.09924798831587155,0.0,0.09924798831587155,1,285.32156388487437,pfba
b0261,,2,0,0.09924798831587155,0.0992479883158426,2.8949065367100957e-14,0,0.0,pfba
b0428,,1,4,0.09924798831587155,0.09924798831585434,1.7208456881689926e-14,0,1.9593550651546927e-09,pfba
b3630,,1,4,0.09924798831587155,0.09924798831600148,-1.2993772724456676e-13,0,1.959355295417893e-09,pfba
b3625,,1,4,0.09924798831587155,0.09924798831585928,1.226796442210798e-14,0,1.9593550703961913e-09,pfba
b3621,,1,0,0.09924798831587155,0.0992479883158409,3.064215547965432e-14,0,0.0,pfba
b3620,,1,0,0.09924798831587155,0.09924798831585747,1.4072076837123859e-14,0,0.0,pfba
b3632,,1,4,0.09924798831587155,0.09924798831585635,1.519617764955683e-14,0,1.959355069363123e-09,pfba
b3623,,1,0,0.09924798831587155,0.09924798831585968,1.186550857568136e-14,0,0.0,pfba
b2104,,1,0,0.09924798831587155,0.09924798831586423,7.313594174718219e-15,0,0.0,pfba
b2388,,1,0,0.09924798831587155,0.09924798831587155,0.0,0,0.0,pfba
b0394,,1,0,0.09924798831587155,0.09924798831584952,2.2024049251001543e-14,0,0.0,pfba
b2020,,1,421,0.09924798831587155,0.0,0.09924798831587155,1,285.32156388489625,pfba
b2022,,2,421,0.09924798831587155,0.0,0.09924798831587155,1,285.3215638848652,pfba
b2514,,1,4,0.09924798831587155,0.09924798831582521,4.633793349029247e-14,0,1.9593550219877836e-09,pfba
b2309,,1,0,0.09924798831587155,0.09924798831587155,0.0,0,0.0,pfba
b0112,,4,0,0.09924798831587155,0.09924798831585556,1.5987211554602254e-14,0,0.0,pfba
b0349,,2,0,0.09924798831587155,0.09924798831584625,2.5299207173645755e-14,0,0.0,pfba
b3805,,1,421,0.09924798831587155,0.0,0.09924798831587155,1,285.32156388489096,pfba
b2418,,4,4,0.09924798831587155,0.09924798831585695,1.459943277382081e-14,0,1.959355056393751e-09,pfba
b2103,,2,421,0.09924798831587155,0.0,0.09924798831587155,1,285.32156388488835,pfba
b0813,,2,4,0.09924798831587155,0.09924798831585156,1.9984014443252818e-14,0,1.95935503740549e-09,pfba
b3824,,1,4,0.09924798831587155,0.0992479883158543,1.725009024511337e-14,0,1.9593550756299384e-09,pfba
b0352,,1,0,0.09924798831587155,0.09924798831585738,1.416922135177856e-14,0,0.0,pfba
b0142,,1,421,0.09924798831587155,0.0,0.09924798831587155,1,285.3215638848774,pfba
b0508,,1,4,0.09924798831587155,0.09924798831585714,1.4405143744511406e-14,0,1.9593550869281783e-09,pfba
b0003,,1,421,0.09924798831587155,0.0,0.09924798831587155,1,285.3215638848793,pfba
b4013,,1,421,0.09924798831587155,0.0,0.09924798831587155,1,285.32156388488994,pfba
b2021,,1,421,0.09924798831587155,0.0,0.09924798831587155,1,285.3215638849042,pfba
b2867,,2,4,0.09924798831587155,0.09924798831587929,-7.743805596760467e-15,0,1.959355059546464e-09,pfba
b2866,,2,0,0.09924798831587155,0.09924798831585827,1.3281042932078435e-14,0,0.0,pfba
b2868,,2,0,0.09924798831587155,0.09924798831585827,1.3281042932078435e-14,0,0.0,pfba
b2994,,3,0,0.09924798831587155,0.09924798831587155,0.0,0,0.0,pfba
b0973,,3,0,0.09924798831587155,0.09924798831587155,0.0,0,0.0,pfba
b0974,,3,0,0.09924798831587155,0.09924798831587155,0.0,0,0.0,pfba
b2997,,3,0,0.09924798831587155,0.09924798831587155,0.0,0,0.0,pfba
b2995,,3,0,0.09924798831587155,0.09924798831587155,0.0,0,0.0,pfba
b2996,,3,0,0.09924798831587155,0.09924798831587155,0.0,0,0.0,pfba
b0972,,3,0,0.09924798831587155,0.09924798831587155,0.0,0,0.0,pfba
b2530,,6,421,0.09924798831587155,0.0,0.09924798831587155,1,285.32156388490023,pfba
b2529,,6,63,0.09924798831587155,0.09924744852984319,5.397860283612443e-07,0,3.321675073469371e-08,pfba
b3807,,4,421,0.09924798831587155,0.0,0.09924798831587155,1,285.32156388486936,pfba
b2528,,2,63,0.09924798831587155,0.09924744852985004,5.397860215056172e-07,0,3.321675069488054e-08,pfba
b1136,,1,423,0.09924798831587155,0.0,0.09924798831587155,1,164.05119197417807,pfba
b2265,,1,4,0.09924798831587155,0.0992479883158517,1.9845236565174673e-14,0,1.9593550493644265e-09,pfba
b0593,,1,0,0.09924798831587155,0.09924798831582643,4.51166881632048e-14,0,0.0,pfba
b0595,,1,0,0.09924798831587155,0.0992479883158475,2.4050206270942454e-14,0,0.0,pfba
b4015,,1,0,0.09924798831587155,0.09924798831585488,1.6667223157185163e-14,0,0.0,pfba
b4267,,2,0,0.09924798831587155,0.09924798831585697,1.457167719820518e-14,0,0.0,pfba
b2023,,1,421,0.09924798831587155,0.0,0.09924798831587155,1,285.32156388488863,pfba
b2025,,1,421,0.09924798831587155,0.0,0.09924798831587155,1,285.321563884908,pfba
b1262,,2,421,0.09924798831587155,0.0,0.09924798831587155,1,285.3215638849012,pfba
b3770,,4,421,0.09924798831587155,0.0,0.09924798831587155,1,285.32156388488795,pfba
b0026,,1,4,0.09924798831587155,0.09924798831588277,-1.1227130336521896e-14,0,1.959355099453963e-09,pfba
b0401,,3,0,0.09924798831587155,0.0992479883158551,1.644517855226013e-14,0,0.0,pfba
b2508,,1,299,0.09924798831587155,0.09900850335275699,0.00023948496311455847,0,0.004991372011625345,pfba
b3265,,1,0,0.09924798831587155,0.09924798831587155,0.0,0,0.0,pfba
b3266,,1,0,0.09924798831587155,0.09924798831587155,0.0,0,0.0,pfba
b3161,,2,0,0.09924798831587155,0.09924798831585789,1.3655743202889425e-14,0,0.0,pfba
b3679,,1,0,0.09924798831587155,0.09924798831585777,1.3780643293159756e-14,0,0.0,pfba
b2889,,1,0,0.09924798831587155,0.09924798831583945,3.209932319947484e-14,0,0.0,pfba
b0073,,1,421,0.09924798831587155,0.0,0.09924798831587155,1,285.321563884894,pfba
b0071,,2,421,0.09924798831587155,0.0,0.09924798831587155,1,285.32156388489494,pfba
b0072,,2,421,0.09924798831587155,0.0,0.09924798831587155,1,285.32156388488767,pfba
b0074,,1,421,0.09924798831587155,0.0,0.09924798831587155,1,285.3215638848691,pfba
b0918,,1,421,0.09924798831587155,0.0,0.09924798831587155,1,285.32156388489443,pfba
b3198,,1,421,0.09924798831587155,0.0,0.09924798831587155,1,285.3215638848922,pfba
b1215,,1,421,0.09924798831587155,0.0,0.09924798831587155,1,285.3215638848934,pfba
b4196,,1,4,0.09924798831587155,0.0992479883158445,2.7047808437430376e-14,0,1.9593550360450356e-09,pfba
b3581,,1,4,0.09924798831587155,0.09924798831584773,2.3814283878209608e-14,0,1.9593550510472857e-09,pfba
b0697,,1,0,0.09924798831587155,0.09924798831587155,0.0,0,0.0,pfba
b4513,,1,0,0.09924798831587155,0.09924798831587155,0.0,0,0.0,pfba
b0698,,1,0,0.09924798831587155,0.09924798831587155,0.0,0,0.0,pfba
b0696,,1,0,0.09924798831587155,0.09924798831587155,0.0,0,0.0,pfba
b3747,,1,286,0.09924798831587155,0.09910399630968375,0.00014399200618779584,0,0.0009190102545391074,pfba
b1363,,1,286,0.09924798831587155,0.09910399630968375,0.00014399200618779584,0,0.0009190102545391074,pfba
b1250,,1,286,0.09924798831587155,0.09910399630968375,0.00014399200618779584,0,0.0009190102545391074,pfba
b3849,,1,286,0.09924798831587155,0.09910399630968375,0.00014399200618779584,0,0.0009190102545391074,pfba
b1291,,1,286,0.09924798831587155,0.09910399630968375,0.00014399200618779584,0,0.0009190102545391074,pfba
b3290,,1,286,0.09924798831587155,0.09910399630968375,0.00014399200618779584,0,0.0009190102545391074,pfba
b0047,,1,0,0.09924798831587155,0.09924798831585059,2.095545958979983e-14,0,0.0,pfba
b0842,,2,0,0.09924798831587155,0.09924798831585059,2.095545958979983e-14,0,0.0,pfba
b3350,,1,0,0.09924798831587155,0.09924798831585059,2.095545958979983e-14,0,0.0,pfba
b3605,,2,0,0.09924798831587155,0.09924798831587026,1.2906342661267445e-15,0,0.0,pfba
b0306,,2,0,0.09924798831587155,0.09924798831587026,1.2906342661267445e-15,0,0.0,pfba
b0307,,2,0,0.09924798831587155,0.09924798831587026,1.2906342661267445e-15,0,0.0,pfba
b0308,,2,0,0.09924798831587155,0.09924798831587026,1.2906342661267445e-15,0,0.0,pfba
b2257,,1,0,0.09924798831587155,0.09924798831585874,1.2809198146612744e-14,0,0.0,pfba
b0344,,1,0,0.09924798831587155,0.09924798831587221,-6.661338147750939e-16,0,0.0,pfba
b2132,,1,0,0.09924798831587155,0.09924798831587155,0.0,0,0.0,pfba
b1326,,1,0,0.09924798831587155,0.09924798831585219,1.9359513991901167e-14,0,0.0,pfba
b4130,,2,0,0.09924798831587155,0.09924798831585042,2.1121993043493603e-14,0,0.0,pfba
b3496,,2,0,0.09924798831587155,0.09924798831585042,2.1121993043493603e-14,0,0.0,pfba
b0709,,2,0,0.09924798831587155,0.09924798831585042,2.1121993043493603e-14,0,0.0,pfba
b1634,,2,0,0.09924798831587155,0.09924798831585042,2.1121993043493603e-14,0,0.0,pfba
b2799,,1,0,0.09924798831587155,0.09924798831587263,-1.0824674490095276e-15,0,0.0,pfba
b2170,,1,0,0.09924798831587155,0.09924798831587155,0.0,0,0.0,pfba
b0070,,1,0,0.09924798831587155,0.09924798831587155,0.0,0,0.0,pfba
b0343,,1,0,0.09924798831587155,0.09924798831583274,3.880229471064922e-14,0,0.0,pfba
b1380,,1,0,0.09924798831587155,0.09924798831587155,0.0,0,0.0,pfba
b2133,,2,0,0.09924798831587155,0.0992479883158469,2.4646951146678475e-14,0,0.0,pfba
b4054,,3,421,0.09924798831587155,0.0,0.09924798831587155,1,285.32156388488306,pfba
b0642,,1,4,0.09924798831587155,0.09924798831586282,8.729128531115293e-15,0,1.959355051905942e-09,pfba
b3458,,1,0,0.09924798831587155,0.09924798831587155,0.0,0,0.0,pfba
b1651,,1,4,0.09924798831587155,0.09924798831584954,2.2010171463193728e-14,0,1.959355058384143e-09,pfba
b0622,,2,0,0.09924798831587155,0.09924798831587155,0.0,0,0.0,pfba
b4386,,3,0,0.09924798831587155,0.09924798831585836,1.3183898417423734e-14,0,0.0,pfba
b0630,,1,0,0.09924798831587155,0.09924798831585394,1.7610912728116546e-14,0,0.0,pfba
b0628,,1,0,0.09924798831587155,0.09924798831585119,2.0358714714063808e-14,0,0.0,pfba
b0182,,1,421,0.09924798831587155,0.0,0.09924798831587155,1,285.3215638848714,pfba
b0494,,21,0,0.09924798831587155,0.09924798831586425,7.299716386910404e-15,0,0.0,pfba
b3825,,35,4,0.09924798831587155,0.09924798831582131,5.0237591864288333e-14,0,1.959355016650619e-09,pfba
b0186,,1,0,0.09924798831587155,0.09924798831585363,1.7916224059888464e-14,0,0.0,pfba
b4131,,1,0,0.09924798831587155,0.09924798831585363,1.7916224059888464e-14,0,0.0,pfba
b2890,,1,0,0.09924798831587155,0.09924798831585488,1.6667223157185163e-14,0,0.0,pfba
b2156,,1,0,0.09924798831587155,0.09924798831587155,0.0,0,0.0,pfba
b3903,,2,0,0.09924798831587155,0.09924798831584769,2.385591724163305e-14,0,0.0,pfba
b3907,,2,0,0.09924798831587155,0.09924798831585122,2.033095913844818e-14,0,0.0,pfba
b3600,,1,4,0.09924798831587155,0.09924798831584272,2.8824165276830627e-14,0,1.959355034100427e-09,pfba
b0777,,1,421,0.09924798831587155,0.0,0.09924798831587155,1,285.3215638848839,pfba
b1800,,1,4,0.09924798831587155,0.09924798831584916,2.238487173400472e-14,0,1.9593550456909315e-09,pfba
b4014,,1,57,0.09924798831587155,0.09924757645763532,4.118582362239165e-07,0,9.634682983028455e-08,pfba
b2976,,1,57,0.09924798831587155,0.09924757645763532,4.118582362239165e-07,0,9.634682983028455e-08,pfba
b2049,,1,0,0.09924798831587155,0.0992479883157604,1.1114720255278598e-13,0,0.0,pfba
b1613,,1,0,0.09924798831587155,0.09924798831585928,1.226796442210798e-14,0,0.0,pfba
b4323,,1,0,0.09924798831587155,0.09924798831585295,1.8596235662471372e-14,0,0.0,pfba
b0731,,1,0,0.09924798831587155,0.09924798831585356,1.7985612998927536e-14,0,0.0,pfba
b0732,,1,4,0.09924798831587155,0.09924798831586151,1.0033640585049852e-14,0,1.9593550435409356e-09,pfba
b0334,,1,0,0.09924798831587155,0.0992479883158391,3.24462678946702e-14,0,0.0,pfba
b0331,,1,4,0.09924798831587155,0.09924798831586774,3.802513859341161e-15,0,1.9593550565926264e-09,pfba
b0333,,1,0,0.09924798831587155,0.09924798831587155,0.0,0,0.0,pfba
b1092,,1,421,0.09924798831587155,0.0,0.09924798831587155,1,285.3215638848821,pfba
b2521,,1,4,0.09924798831587155,0.09924798831585989,1.1657341758564144e-14,0,1.9593550429818285e-09,pfba
b0149,,5,421,0.09924798831587155,0.0,0.09924798831587155,1,285.32156388489153,pfba
b0635,,2,421,0.09924798831587155,0.0,0.09924798831587155,1,285.32156388489403,pfba
b3396,,5,421,0.09924798831587155,0.0,0.09924798831587155,1,285.32156388488335,pfba
b0084,,2,421,0.09924798831587155,0.0,0.09924798831587155,1,285.32156388488835,pfba
b0839,,5,4,0.09924798831587155,0.09924798831585903,1.251776460264864e-14,0,1.9593550618950924e-09,pfba
b2010,,5,0,0.09924798831587155,0.09924798831586523,6.314393452555578e-15,0,0.0,pfba
b3182,,9,4,0.09924798831587155,0.0992479883158716,-5.551115123125783e-17,0,1.959355070739358e-09,pfba
b0632,,5,0,0.09924798831587155,0.09924798831586523,6.314393452555578e-15,0,0.0,pfba
b2134,,4,0,0.09924798831587155,0.09924798831586164,9.908740494779522e-15,0,0.0,pfba
b2328,,4,0,0.09924798831587155,0.09924798831586164,9.908740494779522e-15,0,0.0,pfba
b3236,,1,410,0.09924798831587155,0.09474195581978,0.00450603249609155,0,1.414545893516367,pfba
b2210,,2,4,0.09924798831587155,0.09924798831584901,2.2537527399890678e-14,0,1.9593550510100845e-09,pfba
b1479,,1,0,0.09924798831587155,0.09924798831587155,0.0,0,0.0,pfba
b2463,,1,0,0.09924798831587155,0.09924798831584729,2.425837308805967e-14,0,0.0,pfba
b2515,,1,421,0.09924798831587155,0.0,0.09924798831587155,1,285.32156388488903,pfba
b2746,,1,421,0.09924798831587155,0.0,0.09924798831587155,1,285.32156388487834,pfba
b4120,,1,4,0.09924798831587155,0.09924798831585073,2.0816681711721685e-14,0,1.959355028420301e-09,pfba
b2747,,1,421,0.09924798831587155,0.0,0.09924798831587155,1,285.32156388489517,pfba
b2942,,1,421,0.09924798831587155,0.0,0.09924798831587155,1,285.3215638848674,pfba
b0199,,2,0,0.09924798831587155,0.099247988315842,2.954581024283698e-14,0,0.0,pfba
b0197,,2,0,0.09924798831587155,0.09924798831586602,5.523359547510154e-15,0,0.0,pfba
b0198,,2,0,0.09924798831587155,0.09924798831586602,5.523359547510154e-15,0,0.0,pfba
b4019,,1,421,0.09924798831587155,0.0,0.09924798831587155,1,285.32156388494684,pfba
b3829,,1,421,0.09924798831587155,0.0,0.09924798831587155,1,285.3215638848876,pfba
b4219,,1,4,0.09924798831587155,0.09924798831590416,-3.2612801348363973e-14,0,1.959355109866796e-09,pfba
b1778,,1,0,0.09924798831587155,0.09924798831586139,1.0158540675320182e-14,0,0.0,pfba
b2114,,1,0,0.09924798831587155,0.09924798831575941,1.1213252548714081e-13,0,0.0,pfba
b4242,,2,0,0.09924798831587155,0.09924798831587155,0.0,0,0.0,pfba
b0963,,1,4,0.09924798831587155,0.09924798831584201,2.9531932455029164e-14,0,1.9593550404417115e-09,pfba
b0403,,5,0,0.09924798831587155,0.099247988315865,6.5503158452884236e-15,0,0.0,pfba
b4392,,4,4,0.09924798831587155,0.0992479883158447,2.683964162031316e-14,0,1.9593550504816683e-09,pfba
b2963,,4,4,0.09924798831587155,0.0992479883158447,2.683964162031316e-14,0,1.9593550504816683e-09,pfba
b2558,,4,4,0.09924798831587155,0.0992479883158447,2.683964162031316e-14,0,1.9593550504816683e-09,pfba
b2813,,4,4,0.09924798831587155,0.0992479883158447,2.683964162031316e-14,0,1.9593550504816683e-09,pfba
b2701,,4,4,0.09924798831587155,0.0992479883158447,2.683964162031316e-14,0,1.9593550504816683e-09,pfba
b1193,,4,4,0.09924798831587155,0.0992479883158447,2.683964162031316e-14,0,1.9593550504816683e-09,pfba
b2919,,1,0,0.09924798831587155,0.09924798831583621,3.533284775869561e-14,0,0.0,pfba
b0260,,1,4,0.09924798831587155,0.09924798831584855,2.2995494397548555e-14,0,1.9593550410970772e-09,pfba
b2917,,1,0,0.09924798831587155,0.0992479883158515,2.0039525594484076e-14,0,0.0,pfba
b3599,,1,4,0.09924798831587155,0.09924798831585344,1.8110513089197866e-14,0,1.9593550418099195e-09,pfba
b4322,,1,0,0.09924798831587155,0.09924798831585038,2.1163626406917047e-14,0,0.0,pfba
b0784,,2,421,0.09924798831587155,0.0,0.09924798831587155,1,285.32156388488056,pfba
b3633,,2,421,0.09924798831587155,0.0,0.09924798831587155,1,285.3215638848359,pfba
b3624,,1,4,0.09924798831587155,0.09924798831586609,5.4539706084710815e-15,0,1.959355069429303e-09,pfba
b3917,,3,421,0.09924798831587155,0.0,0.09924798831587155,1,285.3215638848879,pfba
b0763,,3,421,0.09924798831587155,0.0,0.09924798831587155,1,285.3215638849056,pfba
b2423,,5,421,0.09924798831587155,0.0,0.09924798831587155,1,285.32156388489335,pfba
b0765,,3,421,0.09924798831587155,0.0,0.09924798831587155,1,285.3215638849007,pfba
b2425,,5,421,0.09924798831587155,0.0,0.09924798831587155,1,285.3215638848935,pfba
b2422,,5,421,0.09924798831587155,0.0,0.09924798831587155,1,285.3215638849004,pfba
b0764,,3,421,0.09924798831587155,0.0,0.09924798831587155,1,285.32156388488227,pfba
b2424,,5,421,0.09924798831587155,0.0,0.09924798831587155,1,285.321563884893,pfba
b2877,,1,4,0.09924798831587155,0.09924798831581422,5.732914143408152e-14,0,1.9593550386320794e-09,pfba
b0134,,1,421,0.09924798831587155,0.0,0.09924798831587155,1,285.32156388487437,pfba
b0009,,1,421,0.09924798831587155,0.0,0.09924798831587155,1,285.3215638852901,pfba
b2519,,2,421,0.09924798831587155,0.0,0.09924798831587155,1,285.3215638848847,pfba
b1069,,2,421,0.09924798831587155,0.0,0.09924798831587155,1,285.3215638848856,pfba
b0785,,1,421,0.09924798831587155,0.0,0.09924798831587155,1,285.3215638848782,pfba
b0826,,1,421,0.09924798831587155,0.0,0.09924798831587155,1,285.32156388491626,pfba
b1008,,1,8,0.09924798831587155,0.09924798831585618,1.5362711103250604e-14,0,1.0694028240711279e-06,pfba
b0529,,2,365,0.09924798831587155,0.09647182552334241,0.0027761627925291382,0,0.26031722947697905,pfba
b3941,,1,421,0.09924798831587155,0.0,0.09924798831587155,1,285.32156388487596,pfba
b1059,,2,4,0.09924798831587155,0.09924798831585842,1.3128387266192476e-14,0,1.9593550450869833e-09,pfba
b3996,,1,0,0.09924798831587155,0.09924798831587155,0.0,0,0.0,pfba
b2411,,1,0,0.09924798831587155,0.09924798831587155,0.0,0,0.0,pfba
b1109,,3,0,0.09924798831587155,0.09924798831587155,0.0,0,0.0,pfba
b2284,,3,424,0.09924798831587155,0.0,0.09924798831587155,1,26792.52950120165,infeasible
b2288,,3,424,0.09924798831587155,0.0,0.09924798831587155,1,26792.52950120165,infeasible
b2280,,3,424,0.09924798831587155,0.0,0.09924798831587155,1,26792.52950120165,infeasible
b2282,,3,424,0.09924798831587155,0.0,0.09924798831587155,1,26792.52950120165,infeasible
b2277,,3,424,0.09924798831587155,0.0,0.09924798831587155,1,26792.52950120165,infeasible
b2287,,3,424,0.09924798831587155,0.0,0.09924798831587155,1,26792.52950120165,infeasible
b2276,,3,424,0.09924798831587155,0.0,0.09924798831587155,1,26792.52950120165,infeasible
b2278,,3,424,0.09924798831587155,0.0,0.09924798831587155,1,26792.52950120165,infeasible
b2286,,3,424,0.09924798831587155,0.0,0.09924798831587155,1,26792.52950120165,infeasible
b2283,,3,424,0.09924798831587155,0.0,0.09924798831587155,1,26792.52950120165,infeasible
b2279,,3,424,0.09924798831587155,0.0,0.09924798831587155,1,26792.52950120165,infeasible
b2285,,3,424,0.09924798831587155,0.0,0.09924798831587155,1,26792.52950120165,infeasible
b2281,,3,424,0.09924798831587155,0.0,0.09924798831587155,1,26792.52950120165,infeasible
b2615,,1,421,0.09924798831587155,0.0,0.09924798831587155,1,285.3215638848939,pfba
b3028,,3,4,0.09924798831587155,0.09924798831586347,8.076872504148014e-15,0,1.959355071684381e-09,pfba
b1740,,1,421,0.09924798831587155,0.0,0.09924798831587155,1,285.3215638848945,pfba
b1602,,2,4,0.09924798831587155,0.09924798831586074,1.0810796702287462e-14,0,1.9593550465290205e-09,pfba
b1603,,2,0,0.09924798831587155,0.09924798831584442,2.7131075164277263e-14,0,0.0,pfba
b3962,,1,0,0.09924798831587155,0.09924798831584442,2.7131075164277263e-14,0,0.0,pfba
b0931,,1,0,0.09924798831587155,0.09924798831585384,1.7708057242771247e-14,0,0.0,pfba
b1186,,1,0,0.09924798831587155,0.09924798831587155,0.0,0,0.0,pfba
b0019,,1,0,0.09924798831587155,0.09924798831587155,0.0,0,0.0,pfba
b2518,,8,421,0.09924798831587155,0.0,0.09924798831587155,1,285.3215638848961,pfba
b0451,,1,421,0.09924798831587155,0.0,0.09924798831587155,1,285.32156388488596,pfba
b2711,,1,0,0.09924798831587155,0.09924798831584819,2.335631688055173e-14,0,0.0,pfba
b2710,,1,0,0.09924798831587155,0.09924798831587155,0.0,0,0.0,pfba
b3477,,1,0,0.09924798831587155,0.09924798831587155,0.0,0,0.0,pfba
b3476,,1,0,0.09924798831587155,0.09924798831587155,0.0,0,0.0,pfba
b3479,,1,0,0.09924798831587155,0.09924798831587155,0.0,0,0.0,pfba
b3480,,1,0,0.09924798831587155,0.09924798831587155,0.0,0,0.0,pfba
b3478,,1,0,0.09924798831587155,0.09924798831587155,0.0,0,0.0,pfba
b4390,,1,4,0.09924798831587155,0.09924798831605684,-1.8529622280993863e-13,0,1.9593552994184712e-09,pfba
b0639,,2,421,0.09924798831587155,0.0,0.09924798831587155,1,285.32156388489005,pfba
b0751,,1,4,0.09924798831587155,0.09924798831586198,9.56179579958416e-15,0,1.959355079390738e-09,pfba
b1768,,1,0,0.09924798831587155,0.09924798831585592,1.5626389071599078e-14,0,0.0,pfba
b1991,,1,0,0.09924798831587155,0.09924798831585326,1.8290924330699454e-14,0,0.0,pfba
b0109,,1,421,0.09924798831587155,0.0,0.09924798831587155,1,285.3215638848955,pfba
b3367,,1,4,0.09924798831587155,0.09924798831581584,5.570544026056723e-14,0,1.9593550090080496e-09,pfba
b1223,,2,0,0.09924798831587155,0.09924798831585213,1.9415025143132425e-14,0,0.0,pfba
b2206,,2,0,0.09924798831587155,0.09924798831587155,0.0,0,0.0,pfba
b2204,,1,0,0.09924798831587155,0.09924798831587155,0.0,0,0.0,pfba
b2203,,2,0,0.09924798831587155,0.09924798831587155,0.0,0,0.0,pfba
b2205,,1,0,0.09924798831587155,0.09924798831587155,0.0,0,0.0,pfba
b2202,,2,0,0.09924798831587155,0.09924798831587155,0.0,0,0.0,pfba
b1468,,2,0,0.09924798831587155,0.09924798831586638,5.162537064506978e-15,0,0.0,pfba
b1226,,2,0,0.09924798831587155,0.09924798831586638,5.162537064506978e-15,0,0.0,pfba
b1227,,2,0,0.09924798831587155,0.09924798831586638,5.162537064506978e-15,0,0.0,pfba
b1225,,2,0,0.09924798831587155,0.09924798831586638,5.162537064506978e-15,0,0.0,pfba
b1465,,2,0,0.09924798831587155,0.09924798831586638,5.162537064506978e-15,0,0.0,pfba
b1224,,2,0,0.09924798831587155,0.09924798831586638,5.162537064506978e-15,0,0.0,pfba
b1466,,2,0,0.09924798831587155,0.09924798831586638,5.162537064506978e-15,0,0.0,pfba
b1467,,2,0,0.09924798831587155,0.09924798831586638,5.162537064506978e-15,0,0.0,pfba
b1469,,1,0,0.09924798831587155,0.09924798831593394,-6.23945339839338e-14,0,0.0,pfba
b2552,,2,0,0.09924798831587155,0.09924798831587155,0.0,0,0.0,pfba
b4374,,3,4,0.09924798831587155,0.09924798831585242,1.912359159916832e-14,0,1.9593550468304534e-09,pfba
b2291,,6,0,0.09924798831587155,0.09924798831582982,4.173050793809807e-14,0,0.0,pfba
b2744,,14,0,0.09924798831587155,0.09924798831585585,1.569577801063815e-14,0,0.0,pfba
b0480,,17,0,0.09924798831587155,0.09924798831585496,1.6583956430338276e-14,0,0.0,pfba
b4161,,4,0,0.09924798831587155,0.09924798831587155,0.0,0,0.0,pfba
b0650,,1,0,0.09924798831587155,0.09924798831587155,0.0,0,0.0,pfba
b4394,,3,0,0.09924798831587155,0.09924798831585077,2.0775048348298242e-14,0,0.0,pfba
b0980,,2,0,0.09924798831587155,0.09924798831585326,1.8290924330699454e-14,0,0.0,pfba
b2781,,8,0,0.09924798831587155,0.09924798831587155,0.0,0,0.0,pfba
b2954,,3,0,0.09924798831587155,0.09924798831584125,3.029521078445896e-14,0,0.0,pfba
b1759,,2,0,0.09924798831587155,0.09924798831587155,0.0,0,0.0,pfba
b0160,,2,4,0.09924798831587155,0.09924798831585112,2.042810365310288e-14,0,1.9593550639343477e-09,pfba
b3365,,1,0,0.09924798831587155,0.09924798831587155,0.0,0,0.0,pfba
b3366,,1,0,0.09924798831587155,0.09924798831587155,0.0,0,0.0,pfba
b4073,,2,0,0.09924798831587155,0.09924798831587174,-1.942890293094024e-16,0,0.0,pfba
b4071,,2,0,0.09924798831587155,0.09924798831587174,-1.942890293094024e-16,0,0.0,pfba
b4070,,2,0,0.09924798831587155,0.09924798831587174,-1.942890293094024e-16,0,0.0,pfba
b4072,,2,0,0.09924798831587155,0.09924798831587174,-1.942890293094024e-16,0,0.0,pfba
b2035,,3,0,0.09924798831587155,0.09924798831587511,-3.566591466608315e-15,0,0.0,pfba
b2027,,3,0,0.09924798831587155,0.09924798831587511,-3.566591466608315e-15,0,0.0,pfba
b2033,,1,0,0.09924798831587155,0.0992479883158574,1.4141465776162931e-14,0,0.0,pfba
b2037,,1,0,0.09924798831587155,0.09924798831583913,3.241851231905457e-14,0,0.0,pfba
b2034,,1,0,0.09924798831587155,0.09924798831585707,1.4474532683550478e-14,0,0.0,pfba
b2032,,1,0,0.09924798831587155,0.09924798831584693,2.4619195571062846e-14,0,0.0,pfba
b3114,,2,0,0.09924798831587155,0.09924798831585115,2.040034807748725e-14,0,0.0,pfba
b0903,,2,0,0.09924798831587155,0.09924798831585115,2.040034807748725e-14,0,0.0,pfba
b0902,,2,0,0.09924798831587155,0.09924798831585115,2.040034807748725e-14,0,0.0,pfba
b2579,,2,0,0.09924798831587155,0.09924798831585115,2.040034807748725e-14,0,0.0,pfba
b0273,,1,421,0.09924798831587155,0.0,0.09924798831587155,1,285.3215638848968,pfba
b4254,,1,421,0.09924798831587155,0.0,0.09924798831587155,1,285.32156388489324,pfba
b3187,,1,421,0.09924798831587155,0.0,0.09924798831587155,1,285.3215638848905,pfba
b0907,,2,421,0.09924798831587155,0.0,0.09924798831587155,1,285.32156388488784,pfba
b0662,,1,4,0.09924798831587155,0.09924798831584555,2.5993096564036478e-14,0,1.959355033645331e-09,pfba
b1281,,1,421,0.09924798831587155,0.0,0.09924798831587155,1,285.3215638848791,pfba
b2907,,1,4,0.09924798831587155,0.09924798831585473,1.6819878823071122e-14,0,1.9593549682534427e-09,pfba
b0350,,1,0,0.09924798831587155,0.09924798831585045,2.1094237467877974e-14,0,0.0,pfba
b3843,,1,421,0.09924798831587155,0.0,0.09924798831587155,1,285.321563884888,pfba
b2311,,1,421,0.09924798831587155,0.0,0.09924798831587155,1,285.3215638848632,pfba
b3835,,1,13,0.09924798831587155,0.09924793340122119,5.491465035478704e-08,0,3.5175756266821446e-09,pfba
b2965,,1,4,0.09924798831587155,0.09924798831584675,2.4799606812564434e-14,0,1.959355049855243e-09,pfba
b0693,,1,4,0.09924798831587155,0.09924798831584675,2.4799606812564434e-14,0,1.959355049855243e-09,pfba
b3642,,1,421,0.09924798831587155,0.0,0.09924798831587155,1,285.32156388489176,pfba
b2373,,1,4,0.09924798831587155,0.09924798831585524,1.6306400674181987e-14,0,1.9593550691336668e-09,pfba
b1387,,1,0,0.09924798831587155,0.09924798831584562,2.5923707624997405e-14,0,0.0,pfba
b1394,,2,0,0.09924798831587155,0.09924798831585156,1.9984014443252818e-14,0,0.0,pfba
b1014,,2,0,0.09924798831587155,0.09924798831586572,5.828670879282072e-15,0,0.0,pfba
b0386,,1,421,0.09924798831587155,0.0,0.09924798831587155,1,285.32156388489113,pfba
b1391,,1,4,0.09924798831587155,0.09924798831583652,3.502753642692369e-14,0,1.9593550332886556e-09,pfba
b1390,,1,0,0.09924798831587155,0.09924798831587182,-2.7755575615628914e-16,0,0.0,pfba
b1392,,1,0,0.09924798831587155,0.09924798831587182,-2.7755575615628914e-16,0,0.0,pfba
b1388,,1,0,0.09924798831587155,0.09924798831587182,-2.7755575615628914e-16,0,0.0,pfba
b1389,,1,0,0.09924798831587155,0.09924798831587182,-2.7755575615628914e-16,0,0.0,pfba
b1398,,1,0,0.09924798831587155,0.09924798831583279,3.876066134722578e-14,0,0.0,pfba
b0133,,1,421,0.09924798831587155,0.0,0.09924798831587155,1,285.3215638848813,pfba
b1278,,30,421,0.09924798831587155,0.0,0.09924798831587155,1,285.3215638849031,pfba
b0087,,1,421,0.09924798831587155,0.0,0.09924798831587155,1,285.3215638848945,pfba
b2762,,2,421,0.09924798831587155,0.0,0.09924798831587155,1,285.32156388484873,pfba
b1489,,2,0,0.09924798831587155,0.09924798831586092,1.0630385460785874e-14,0,0.0,pfba
b0114,,1,425,0.09924798831587155,0.013216047539994858,0.08603194077587668,0,3550.2510060429718,pfba
b0115,,1,425,0.09924798831587155,0.013216047539994858,0.08603194077587668,0,3550.2510060429718,pfba
b1638,,2,4,0.09924798831587155,0.09924798831585366,1.7888468484272835e-14,0,1.9593550438538675e-09,pfba
b2564,,1,421,0.09924798831587155,0.0,0.09924798831587155,1,285.321563884884,pfba
b0052,,1,421,0.09924798831587155,0.0,0.09924798831587155,1,285.3215638848955,pfba
b0766,,2,4,0.09924798831587155,0.09924798831585831,1.3239409568654992e-14,0,1.9593550598824908e-09,pfba
b2320,,1,421,0.09924798831587155,0.0,0.09924798831587155,1,285.32156388483355,pfba
b3546,,2,4,0.09924798831587155,0.099247988315852,1.9539925233402755e-14,0,1.959355084618523e-09,pfba
b1723,,1,5,0.09924798831587155,0.09924798831587309,-1.5404344466674047e-15,0,1.833643202649207,pfba
b3916,,3,345,0.09924798831587155,0.09754341672414545,0.0017045715917261006,0,3.469006300903609,pfba
b3952,,1,0,0.09924798831587155,0.09924798831585398,1.7569279364693102e-14,0,0.0,pfba
b3951,,1,0,0.09924798831587155,0.09924798831585398,1.7569279364693102e-14,0,0.0,pfba
b3176,,1,421,0.09924798831587155,0.0,0.09924798831587155,1,285.3215638848684,pfba
b2913,,1,410,0.09924798831587155,0.09415729580989135,0.005090692505980196,0,0.8538249337947783,pfba
b4025,,1,420,0.09924798831587155,0.07507232743916911,0.024175660876702434,0,568.6882466929848,pfba
b2926,,1,424,0.09924798831587155,0.0,0.09924798831587155,1,26792.52950120165,infeasible
b0767,,1,323,0.09924798831587155,0.09786572579999361,0.0013822625158779328,0,1.247610453223746,pfba
b3385,,1,0,0.09924798831587155,0.0992479883158435,2.8047009159593017e-14,0,0.0,pfba
b3612,,1,424,0.09924798831587155,0.0,0.09924798831587155,1,26792.52950120165,infeasible
b0755,,1,424,0.09924798831587155,0.0,0.09924798831587155,1,26792.52950120165,infeasible
b4395,,1,424,0.09924798831587155,0.0,0.09924798831587155,1,26792.52950120165,infeasible
b0688,,1,0,0.09924798831587155,0.09924798831583422,3.733124920302089e-14,0,0.0,pfba
b2690,,1,4,0.09924798831587155,0.09924798831585045,2.1094237467877974e-14,0,1.9593550522161734e-09,pfba
b0418,,14,4,0.09924798831587155,0.09924798831586835,3.191891195797325e-15,0,1.9593550511567424e-09,pfba
b1912,,7,4,0.09924798831587155,0.09924798831543415,4.3740011612669605e-13,0,1.959354667376187e-09,pfba
b2199,,1,0,0.09924798831587155,0.09924798831587155,0.0,0,0.0,pfba
b2200,,1,0,0.09924798831587155,0.09924798831587155,0.0,0,0.0,pfba
b2197,,1,0,0.09924798831587155,0.09924798831587155,0.0,0,0.0,pfba
b2198,,1,0,0.09924798831587155,0.09924798831587155,0.0,0,0.0,pfba
b2201,,1,0,0.09924798831587155,0.09924798831587155,0.0,0,0.0,pfba
b1713,,1,0,0.09924798831587155,0.0992479883158295,4.2049697057677804e-14,0,0.0,pfba
b1714,,1,0,0.09924798831587155,0.0992479883158295,4.2049697057677804e-14,0,0.0,pfba
b1473,,3,4,0.09924798831587155,0.09924798831586368,7.868705687030797e-15,0,1.959355084653675e-09,pfba
b0576,,2,0,0.09924798831587155,0.09924798831584908,2.2468138460851605e-14,0,0.0,pfba
b3493,,1,316,0.09924798831587155,0.09854043581655726,0.0007075524993142845,0,0.022293885631949423,pfba
b2987,,1,316,0.09924798831587155,0.09854043581655726,0.0007075524993142845,0,0.022293885631949423,pfba
b3725,,1,0,0.09924798831587155,0.09924798831586945,2.095545958979983e-15,0,0.0,pfba
b3726,,1,0,0.09924798831587155,0.09924798831586945,2.095545958979983e-15,0,0.0,pfba
b3727,,1,0,0.09924798831587155,0.09924798831586945,2.095545958979983e-15,0,0.0,pfba
b3728,,1,0,0.09924798831587155,0.09924798831586945,2.095545958979983e-15,0,0.0,pfba
b3821,,42,0,0.09924798831587155,0.09924798831585978,1.176836406102666e-14,0,0.0,pfba
b2048,,1,4,0.09924798831587155,0.09924798831585435,1.7194579093882112e-14,0,1.9593550469782387e-09,pfba
b3412,,1,421,0.09924798831587155,0.0,0.09924798831587155,1,285.32156388486175,pfba
b3974,,1,421,0.09924798831587155,0.0,0.09924798831587155,1,285.321563884888,pfba
b3258,,1,4,0.09924798831587155,0.09924798831584643,2.5118795932144167e-14,0,1.959355037410918e-09,pfba
b1010,,1,0,0.09924798831587155,0.0992479883158531,1.8443579996585413e-14,0,0.0,pfba
b1378,,1,247,0.09924798831587155,0.09922121417821554,2.6774137656004893e-05,0,0.0006172837052564995,pfba
b0871,,1,0,0.09924798831587155,0.09924798831587155,0.0,0,0.0,pfba
b4226,,1,0,0.09924798831587155,0.09924798831587155,0.0,0,0.0,pfba
b2502,,2,0,0.09924798831587155,0.09924798831587155,0.0,0,0.0,pfba
b1015,,2,0,0.09924798831587155,0.09924798831598391,-1.1236844787987366e-13,0,0.0,pfba
b0369,,1,421,0.09924798831587155,0.0,0.09924798831587155,1,285.32156388489767,pfba
b3956,,1,317,0.09924798831587155,0.09852454639438687,0.0007234419214846716,0,1.3020804940832185,pfba
b3639,,2,421,0.09924798831587155,0.0,0.09924798831587155,1,285.321563884888,pfba
b3403,,1,4,0.09924798831587155,0.09924798831584708,2.4466539905176887e-14,0,1.9593550310153015e-09,pfba
b2920,,1,4,0.09924798831587155,0.09924798831586543,6.1201044232461754e-15,0,1.9593550645754586e-09,pfba
b2501,,2,368,0.09924798831587155,0.09591286715018268,0.003335121165688862,0,0.30691633388539313,pfba
b4383,,2,7,0.09924798831587155,0.099247988315835,3.6540215297975465e-14,0,3.122997193559205e-08,pfba
b3380,,1,11,0.09924798831587155,0.09924798831593586,-6.430966870141219e-14,0,3.318932718100838e-08,pfba
b3850,,2,421,0.09924798831587155,0.0,0.09924798831587155,1,285.3215638848909,pfba
b2536,,1,4,0.09924798831587155,0.09924798831587005,1.4988010832439613e-15,0,1.0674434690210057e-06,pfba
b1702,,1,0,0.09924798831587155,0.09924798831587155,0.0,0,0.0,pfba
b0383,,1,0,0.09924798831587155,0.09924798831582128,5.026534743990396e-14,0,0.0,pfba
b4005,,1,421,0.09924798831587155,0.0,0.09924798831587155,1,285.3215638849148,pfba
b2499,,1,421,0.09924798831587155,0.0,0.09924798831587155,1,285.3215638848752,pfba
b2026,,2,421,0.09924798831587155,0.0,0.09924798831587155,1,285.3215638848828,pfba
b2476,,1,421,0.09924798831587155,0.0,0.09924798831587155,1,285.32156388489113,pfba
b2557,,1,421,0.09924798831587155,0.0,0.09924798831587155,1,285.32156388488806,pfba
b2024,,1,421,0.09924798831587155,0.0,0.09924798831587155,1,285.3215638848854,pfba
b0194,,1,4,0.09924798831587155,0.09924798831583835,3.319566843629218e-14,0,1.9593550427499756e-09,pfba
b1207,,1,9,0.09924798831587155,0.09924798831584769,2.385591724163305e-14,0,0.04286237061802757,pfba
b0908,,1,421,0.09924798831587155,0.0,0.09924798831587155,1,285.3215638848888,pfba
b4160,,7,421,0.09924798831587155,0.0,0.09924798831587155,1,285.32156388490466,pfba
b4388,,1,410,0.09924798831587155,0.09415729580989586,0.005090692505975686,0,0.8538249337957036,pfba
b2585,,7,421,0.09924798831587155,0.0,0.09924798831587155,1,285.3215638848939,pfba
b2297,,2,424,0.09924798831587155,0.0,0.09924798831587155,1,26792.52950120165,infeasible
b2458,,1,424,0.09924798831587155,0.0,0.09924798831587155,1,26792.52950120165,infeasible
b3634,,1,421,0.09924798831587155,0.0,0.09924798831587155,1,285.3215638848926,pfba
b0692,,2,4,0.09924798831587155,0.09924798831584708,2.4466539905176887e-14,0,1.959355073287008e-09,pfba
b3073,,1,4,0.09924798831587155,0.09924798831583072,4.082845173059013e-14,0,1.9593550391163502e-09,pfba
b0854,,1,0,0.09924798831587155,0.09924798831587155,0.0,0,0.0,pfba
b1123,,2,0,0.09924798831587155,0.09924798831587155,0.0,0,0.0,pfba
b0856,,1,0,0.09924798831587155,0.09924798831587155,0.0,0,0.0,pfba
b1442,,2,0,0.09924798831587155,0.09924798831587155,0.0,0,0.0,pfba
b0857,,1,0,0.09924798831587155,0.09924798831587155,0.0,0,0.0,pfba
b0855,,1,0,0.09924798831587155,0.09924798831587155,0.0,0,0.0,pfba
b1124,,2,0,0.09924798831587155,0.09924798831587155,0.0,0,0.0,pfba
b1443,,2,0,0.09924798831587155,0.09924798831587155,0.0,0,0.0,pfba
b1440,,2,0,0.09924798831587155,0.09924798831587155,0.0,0,0.0,pfba
b1126,,2,0,0.09924798831587155,0.09924798831587155,0.0,0,0.0,pfba
b1125,,2,0,0.09924798831587155,0.09924798831587155,0.0,0,0.0,pfba
b1441,,2,0,0.09924798831587155,0.09924798831587155,0.0,0,0.0,pfba
b1296,,1,0,0.09924798831587155,0.09924798831584782,2.373101715136272e-14,0,0.0,pfba
b2407,,5,0,0.09924798831587155,0.09924798831585438,1.7166823518266483e-14,0,0.0,pfba
b1636,,1,0,0.09924798831587155,0.09924798831589539,-2.3842039453825237e-14,0,0.0,pfba
b3826,,1,4,0.09924798831587155,0.09924798831585896,1.2587153541687712e-14,0,1.959355056036958e-09,pfba
b1854,,1,4,0.09924798831587155,0.09924798831584976,2.1788126858268697e-14,0,1.959355051281302e-09,pfba
b1676,,1,4,0.09924798831587155,0.09924798831584976,2.1788126858268697e-14,0,1.959355051281302e-09,pfba
b3831,,1,4,0.09924798831587155,0.09924798831585098,2.0566881531181025e-14,0,1.9593550456835253e-09,pfba
b1007,,1,0,0.09924798831587155,0.09924798831587155,0.0,0,0.0,pfba
b1012,,1,0,0.09924798831587155,0.09924798831587155,0.0,0,0.0,pfba
b3029,,2,0,0.09924798831587155,0.09924798831585319,1.8360313269738526e-14,0,0.0,pfba
b1692,,2,421,0.09924798831587155,0.0,0.09924798831587155,1,285.3215638848922,pfba
b0750,,1,421,0.09924798831587155,0.0,0.09924798831587155,1,285.3215638848785,pfba
b4094,,1,4,0.09924798831587155,0.0992479883158554,1.6139867220488213e-14,0,1.959355033314797e-09,pfba
b1662,,1,421,0.09924798831587155,0.0,0.09924798831587155,1,285.3215638848938,pfba
b0415,,1,421,0.09924798831587155,0.0,0.09924798831587155,1,285.32156388489983,pfba
b3752,,1,4,0.09924798831587155,0.09924798831585947,1.2073675392798577e-14,0,1.9593550506432895e-09,pfba
b0063,,3,0,0.09924798831587155,0.09924798831451473,1.3568174361822116e-12,0,0.0,pfba
b4198,,1,4,0.09924798831587155,0.09924798831585159,1.995625886763719e-14,0,1.9593550611416987e-09,pfba
b3583,,1,4,0.09924798831587155,0.09924798831585159,1.995625886763719e-14,0,1.9593550611416987e-09,pfba
b0061,,1,4,0.09924798831587155,0.09924798831585159,1.995625886763719e-14,0,1.9593550611416987e-09,pfba
b3629,,1,0,0.09924798831587155,0.09924798831587252,-9.71445146547012e-16,0,0.0,pfba
b2687,,1,421,0.09924798831587155,0.0,0.09924798831587155,1,285.321563884834,pfba
b3748,,1,4,0.09924798831587155,0.09924798831584666,2.488287353941132e-14,0,1.959355025077257e-09,pfba
b3749,,1,0,0.09924798831587155,0.09924798831586508,6.467049118441537e-15,0,0.0,pfba
b3751,,1,0,0.09924798831587155,0.09924798831586508,6.467049118441537e-15,0,0.0,pfba
b3750,,1,0,0.09924798831587155,0.09924798831586508,6.467049118441537e-15,0,0.0,pfba
b3904,,1,0,0.09924798831587155,0.09924798831584945,2.2093438190040615e-14,0,0.0,pfba
b3902,,1,4,0.09924798831587155,0.0992479883157579,1.1364520435819259e-13,0,1.9593549109911646e-09,pfba
b2234,,4,0,0.09924798831587155,0.09924798831585202,1.952604744559494e-14,0,0.0,pfba
b2235,,4,0,0.09924798831587155,0.09924798831585202,1.952604744559494e-14,0,0.0,pfba
b2676,,4,4,0.09924798831587155,0.09924798831585688,1.466882171285988e-14,0,1.959355071444272e-09,pfba
b2675,,4,4,0.09924798831587155,0.09924798831585688,1.466882171285988e-14,0,1.959355071444272e-09,pfba
b4238,,4,258,0.09924798831587155,0.09922180216532825,2.6186150543297537e-05,0,0.0006952123015081457,pfba
b4237,,4,258,0.09924798831587155,0.09922180216532825,2.6186150543297537e-05,0,0.0006952123015081457,pfba
b3386,,1,319,0.09924798831587155,0.09833247572562531,0.0009155125902462341,0,0.5537949852930915,pfba
b4301,,1,319,0.09924798831587155,0.09833247572562531,0.0009155125902462341,0,0.5537949852930915,pfba
b2914,,1,421,0.09924798831587155,0.05280297681958307,0.04644501149628848,0,45.57186540208335,pfba
b0638,,1,0,0.09924798831587155,0.09924798831591017,-3.862188346914763e-14,0,0.0,pfba
b1683,,6,0,0.09924798831587155,0.09924798831585467,1.687538997430238e-14,0,0.0,pfba
b1679,,4,4,0.09924798831587155,0.09924798831584443,2.711719737646945e-14,0,1.9593550515376694e-09,pfba
b1680,,4,4,0.09924798831587155,0.09924798831584443,2.711719737646945e-14,0,1.9593550515376694e-09,pfba
b1682,,6,0,0.09924798831587155,0.09924798831585467,1.687538997430238e-14,0,0.0,pfba
b1681,,6,0,0.09924798831587155,0.09924798831585467,1.687538997430238e-14,0,0.0,pfba
b1684,,2,0,0.09924798831587155,0.09924798831587152,2.7755575615628914e-17,0,0.0,pfba
b0222,,1,0,0.09924798831587155,0.09924798831585113,2.0414225865295066e-14,0,0.0,pfba
b1745,,1,0,0.09924798831587155,0.09924798831583985,3.169686735304822e-14,0,0.0,pfba
b2751,,1,421,0.09924798831587155,0.0,0.09924798831587155,1,285.3215638848869,pfba
b2752,,1,421,0.09924798831587155,0.0,0.09924798831587155,1,285.3215638848842,pfba
b2705,,1,4,0.09924798831587155,0.09924798831585396,1.7583157152500917e-14,0,1.9593550547889053e-09,pfba
b2703,,1,0,0.09924798831587155,0.09924798831585595,1.559863349598345e-14,0,0.0,pfba
b2704,,1,0,0.09924798831587155,0.09924798831585595,1.559863349598345e-14,0,0.0,pfba
b2702,,1,0,0.09924798831587155,0.09924798831585595,1.559863349598345e-14,0,0.0,pfba
b2472,,1,421,0.09924798831587155,0.0,0.09924798831587155,1,285.3215638848835,pfba
b3591,,1,4,0.09924798831587155,0.09924798831585495,1.659783421814609e-14,0,1.959355057102301e-09,pfba
b1764,,1,0,0.09924798831587155,0.09924798831585033,2.1219137558148304e-14,0,0.0,pfba
b2264,,1,0,0.09924798831587155,0.09924798831584133,3.021194405761207e-14,0,0.0,pfba
b0586,,1,0,0.09924798831587155,0.09924798831571453,1.5701329125761276e-13,0,0.0,pfba
b3607,,1,421,0.09924798831587155,0.0,0.09924798831587155,1,285.32156388489614,pfba
b2366,,1,0,0.09924798831587155,0.09924798831585332,1.8221535391660382e-14,0,0.0,pfba
b2797,,1,4,0.09924798831587155,0.09924798831585037,2.117750419472486e-14,0,1.9593550581271023e-09,pfba
b4471,,1,4,0.09924798831587155,0.09924798831585037,2.117750419472486e-14,0,1.9593550581271023e-09,pfba
b1814,,1,4,0.09924798831587155,0.09924798831585037,2.117750419472486e-14,0,1.9593550581271023e-09,pfba
b0893,,2,0,0.09924798831587155,0.09924798831586498,6.564193633096238e-15,0,0.0,pfba
b2796,,1,4,0.09924798831587155,0.0992479883158522,1.9345636204093353e-14,0,1.959355052308211e-09,pfba
b3116,,2,8,0.09924798831587155,0.09924798831585412,1.7430501486614958e-14,0,1.0694028240639213e-06,pfba
b3089,,2,4,0.09924798831587155,0.09924798831586755,3.9968028886505635e-15,0,1.0674434690209789e-06,pfba
b2154,,1,0,0.09924798831587155,0.09924798831587071,8.326672684688674e-16,0,0.0,pfba
b0355,,1,0,0.09924798831587155,0.09924798831587071,8.326672684688674e-16,0,0.0,pfba
b1744,,1,4,0.09924798831587155,0.09924798831583824,3.3306690738754696e-14,0,1.959355032207307e-09,pfba
b1746,,1,0,0.09924798831587155,0.09924798831585477,1.6778245459647678e-14,0,0.0,pfba
b2263,,1,0,0.09924798831587155,0.09924798831585088,2.0664026045835726e-14,0,0.0,pfba
b3368,,3,421,0.09924798831587155,0.0,0.09924798831587155,1,285.32156388488914,pfba
b3281,,1,421,0.09924798831587155,0.0,0.09924798831587155,1,285.32156388487584,pfba
b0388,,1,421,0.09924798831587155,0.0,0.09924798831587155,1,285.3215638848867,pfba
b3390,,1,421,0.09924798831587155,0.0,0.09924798831587155,1,285.32156388489744,pfba
b3939,,1,421,0.09924798831587155,0.0,0.09924798831587155,1,285.3215638849164,pfba
b1981,,1,4,0.09924798831587155,0.09924798831585496,1.6583956430338276e-14,0,1.95935504663946e-09,pfba
b1206,,1,286,0.09924798831587155,0.09906201423005943,0.00018597408581211283,0,0.0015335521006998255,pfba
b1584,,2,0,0.09924798831587155,0.09924798831585209,1.9456658506555868e-14,0,0.0,pfba
b1599,,1,4,0.09924798831587155,0.09924798831585217,1.9373391779708982e-14,0,1.9593550701334175e-09,pfba
b1600,,1,4,0.09924798831587155,0.09924798831585217,1.9373391779708982e-14,0,1.9593550701334175e-09,pfba
b3908,,1,0,0.09924798831587155,0.09924798831587155,0.0,0,0.0,pfba
b1656,,1,0,0.09924798831587155,0.09924798831587155,0.0,0,0.0,pfba
b1646,,1,0,0.09924798831587155,0.09924798831587155,0.0,0,0.0,pfba
b1525,,2,0,0.09924798831587155,0.09924798831587155,0.0,0,0.0,pfba
b2661,,1,0,0.09924798831587155,0.09924798831587155,0.0,0,0.0,pfba
b2260,,1,0,0.09924798831587155,0.09924798831585957,1.1976530878143876e-14,0,0.0,pfba
b2261,,1,4,0.09924798831587155,0.09924798831586275,8.798517470154366e-15,0,1.959355053284362e-09,pfba
b0721,,1,417,0.09924798831587155,0.09307284015308862,0.006175148162782931,0,21.625020623520637,pfba
b0722,,1,417,0.09924798831587155,0.09307284015308862,0.006175148162782931,0,21.625020623520637,pfba
b0724,,1,417,0.09924798831587155,0.09307284015308862,0.006175148162782931,0,21.625020623520637,pfba
b0723,,1,417,0.09924798831587155,0.09307284015308862,0.006175148162782931,0,21.625020623520637,pfba
b0728,,1,352,0.09924798831587155,0.09738088741268756,0.0018671009031839825,0,1.4595411043863724,pfba
b0729,,1,352,0.09924798831587155,0.09738088741268756,0.0018671009031839825,0,1.4595411043863724,pfba
b1521,,1,0,0.09924798831587155,0.09924798831583342,3.812228310806631e-14,0,0.0,pfba
b2464,,1,0,0.09924798831587155,0.09924798831587515,-3.608224830031759e-15,0,0.0,pfba
b0008,,1,0,0.09924798831587155,0.09924798831587515,-3.608224830031759e-15,0,0.0,pfba
b3062,,1,0,0.09924798831587155,0.09924798831584873,2.2815083156046967e-14,0,0.0,pfba
b3061,,1,0,0.09924798831587155,0.09924798831584873,2.2815083156046967e-14,0,0.0,pfba
b3063,,1,0,0.09924798831587155,0.0992479883158451,2.6451063561694355e-14,0,0.0,pfba
b0368,,1,0,0.09924798831587155,0.09924798831587155,0.0,0,0.0,pfba
b3790,,1,0,0.09924798831587155,0.09924798831584455,2.6992297286199118e-14,0,0.0,pfba
b3791,,1,0,0.09924798831587155,0.09924798831584455,2.6992297286199118e-14,0,0.0,pfba
b2038,,1,4,0.09924798831587155,0.09924798831586056,1.099120794378905e-14,0,1.9593550601511446e-09,pfba
b2040,,1,0,0.09924798831587155,0.09924798831578736,8.41826608422025e-14,0,0.0,pfba
b2041,,1,4,0.09924798831587155,0.09924798831585412,1.7430501486614958e-14,0,1.9593550418796935e-09,pfba
b3788,,1,4,0.09924798831587155,0.09924798831585412,1.7430501486614958e-14,0,1.9593550418796935e-09,pfba
b0915,,1,421,0.09924798831587155,0.0,0.09924798831587155,1,285.3215638848907,pfba
b2095,,1,0,0.09924798831587155,0.09924798831585081,2.0733414984874798e-14,0,0.0,pfba
b3137,,1,4,0.09924798831587155,0.09924798831585326,1.8290924330699454e-14,0,1.9593550533035396e-09,pfba
b2096,,1,4,0.09924798831587155,0.09924798831585326,1.8290924330699454e-14,0,1.9593550533035396e-09,pfba
b3132,,1,4,0.09924798831587155,0.09924798831585326,1.8290924330699454e-14,0,1.9593550533035396e-09,pfba
b0166,,1,421,0.09924798831587155,0.0,0.09924798831587155,1,285.32156388488806,pfba
b2480,,1,0,0.09924798831587155,0.09924798831585616,1.5390466678866233e-14,0,0.0,pfba
b0066,,1,0,0.09924798831587155,0.09924798831585362,1.7930101847696278e-14,0,0.0,pfba
b0067,,1,0,0.09924798831587155,0.09924798831585362,1.7930101847696278e-14,0,0.0,pfba
b0068,,1,0,0.09924798831587155,0.09924798831585362,1.7930101847696278e-14,0,0.0,pfba
b3616,,1,0,0.09924798831587155,0.099247988315846,2.5549007354186415e-14,0,0.0,pfba
b3772,,1,421,0.09924798831587155,0.0,0.09924798831587155,1,285.3215638848951,pfba
b3117,,1,421,0.09924798831587155,0.0,0.09924798831587155,1,285.3215638848851,pfba
b1719,,1,4,0.09924798831587155,0.09924798831584689,2.466082893448629e-14,0,1.9593550455838227e-09,pfba
b3823,,1,0,0.09924798831587155,0.09924798831587155,0.0,0,0.0,pfba
b3992,,1,421,0.09924798831587155,0.0,0.09924798831587155,1,285.3215638848177,pfba
b3990,,1,421,0.09924798831587155,0.0,0.09924798831587155,1,285.321563884873,pfba
b0423,,1,421,0.09924798831587155,0.0,0.09924798831587155,1,285.3215638849008,pfba
b4407,,1,421,0.09924798831587155,0.0,0.09924798831587155,1,285.3215638848856,pfba
b2935,,2,421,0.09924798831587155,0.0,0.09924798831587155,1,285.32156388489585,pfba
b2465,,2,421,0.09924798831587155,0.0,0.09924798831587155,1,285.3215638848838,pfba
b0997,,2,4,0.09924798831587155,0.0992479883158665,5.051514762044462e-15,0,1.959355078161732e-09,pfba
b0996,,2,0,0.09924798831587155,0.09924798831587328,-1.734723475976807e-15,0,0.0,pfba
b2827,,1,421,0.09924798831587155,0.0,0.09924798831587155,1,285.3215638848875,pfba
b1106,,1,4,0.09924798831587155,0.09924798831584997,2.157996004115148e-14,0,1.959355034449317e-09,pfba
b0417,,1,421,0.09924798831587155,0.0,0.09924798831587155,1,285.32156388491063,pfba
b3993,,1,421,0.09924798831587155,0.0,0.09924798831587155,1,285.32156388483634,pfba
b3919,,1,420,0.09924798831587155,0.0,0.09924798831587155,1,1269.3216115441255,pfba
b0613,,1,4,0.09924798831587155,0.09924798831585076,2.0788926136106056e-14,0,1.959355036941448e-09,pfba
b0888,,1,5,0.09924798831587155,0.09924798831585355,1.799949078673535e-14,0,0.0030259961536968404,pfba
b4239,,1,0,0.09924798831587155,0.09924798831587155,0.0,0,0.0,pfba
b1897,,1,0,0.09924798831587155,0.09924798831587155,0.0,0,0.0,pfba
b1896,,1,0,0.09924798831587155,0.09924798831584918,2.2370993946196904e-14,0,0.0,pfba
b3519,,1,0,0.09924798831587155,0.09924798831583538,3.6165515027164474e-14,0,0.0,pfba
b1197,,1,0,0.09924798831587155,0.09924798831587155,0.0,0,0.0,pfba
b4240,,1,4,0.09924798831587155,0.09924798831584548,2.606248550307555e-14,0,1.9593550421354296e-09,pfba
b1260,,3,421,0.09924798831587155,0.0,0.09924798831587155,1,285.3215638848845,pfba
b1261,,3,421,0.09924798831587155,0.0,0.09924798831587155,1,285.3215638848691,pfba
b3384,,1,8,0.09924798831587155,0.09924798831584715,2.4397150966137815e-14,0,1.0694028240606016e-06,pfba
b3709,,1,0,0.09924798831587155,0.09924798831585789,1.3655743202889425e-14,0,0.0,pfba
b0509,,1,0,0.09924798831587155,0.09924798831587216,-6.106226635438361e-16,0,0.0,pfba
b3125,,1,0,0.09924798831587155,0.09924798831587216,-6.106226635438361e-16,0,0.0,pfba
b3991,,1,421,0.09924798831587155,0.0,0.09924798831587155,1,285.3215638848906,pfba
b1637,,1,4,0.09924798831587155,0.09924798831595907,-8.752720770388578e-14,0,1.9593551371296217e-09,pfba
b1907,,1,0,0.09924798831587155,0.09924798831586021,1.1338152638984411e-14,0,0.0,pfba
b0179,,1,421,0.09924798831587155,0.0,0.09924798831587155,1,285.3215638848985,pfba
b0085,,1,421,0.09924798831587155,0.0,0.09924798831587155,1,285.3215638849076,pfba
b3787,,1,4,0.09924798831587155,0.09924798831588072,-9.173217740965356e-15,0,1.9593550661274836e-09,pfba
b3786,,1,0,0.09924798831587155,0.09924798831504508,8.264638973187743e-13,0,0.0,pfba
b0181,,1,421,0.09924798831587155,0.0,0.09924798831587155,1,285.3215638848874,pfba
b3189,,1,421,0.09924798831587155,0.0,0.09924798831587155,1,285.32156388489955,pfba
b0090,,1,421,0.09924798831587155,0.0,0.09924798831587155,1,285.3215638849048,pfba
b0088,,1,421,0.09924798831587155,0.0,0.09924798831587155,1,285.32156388489045,pfba
b0091,,1,421,0.09924798831587155,0.0,0.09924798831587155,1,285.32156388488386,pfba
b3972,,1,421,0.09924798831587155,0.0,0.09924798831587155,1,285.32156388488374,pfba
b0841,,2,421,0.09924798831587155,0.0,0.09924798831587155,1,285.321563884902,pfba
b3057,,2,421,0.09924798831587155,0.0,0.09924798831587155,1,285.3215638848407,pfba
b0174,,1,421,0.09924798831587155,0.0,0.09924798831587155,1,285.3215638848776,pfba
b0759,,1,4,0.09924798831587155,0.09924798831588066,-9.117706589734098e-15,0,1.9593550672133227e-09,pfba
b2036,,1,0,0.09924798831587155,0.09924798831581423,5.731526364627371e-14,0,0.0,pfba
b2028,,1,0,0.09924798831587155,0.09924798831584992,2.1621593404574924e-14,0,0.0,pfba
b2255,,2,4,0.09924798831587155,0.09924798831586037,1.1171619185290638e-14,0,1.9593550860505314e-09,pfba
b2253,,1,0,0.09924798831587155,0.09924798831583954,3.200217868482014e-14,0,0.0,pfba
b0758,,1,0,0.09924798831587155,0.09924798831586978,1.762479051592436e-15,0,0.0,pfba
b0505,,1,0,0.09924798831587155,0.09924798831587138,1.6653345369377348e-16,0,0.0,pfba
b0086,,1,421,0.09924798831587155,0.0,0.09924798831587155,1,285.3215638848939,pfba
b0096,,1,421,0.09924798831587155,0.0,0.09924798831587155,1,285.32156388488255,pfba
b2258,,1,4,0.09924798831587155,0.0992479883158701,1.4432899320127035e-15,0,1.959355058684088e-09,pfba
b4544,,1,4,0.09924798831587155,0.0992479883158622,9.33975119465913e-15,0,1.9593550610069717e-09,pfba
b4233,,2,4,0.09924798831587155,0.09924798831589576,-2.4216739724636227e-14,0,1.959355133362737e-09,pfba
b0171,,1,421,0.09924798831587155,0.0,0.09924798831587155,1,285.32156388486607,pfba
b2256,,1,4,0.09924798831587155,0.09924798831586498,6.564193633096238e-15,0,1.9593550588339103e-09,pfba
b2254,,1,0,0.09924798831587155,0.09924798831586183,9.71445146547012e-15,0,0.0,pfba
b3803,,1,421,0.09924798831587155,0.0,0.09924798831587155,1,285.3215638848893,pfba
b3804,,1,421,0.09924798831587155,0.0,0.09924798831587155,1,285.32156388489346,pfba
b3997,,1,421,0.09924798831587155,0.0,0.09924798831587155,1,285.32156388488926,pfba
b2498,,1,4,0.09924798831587155,0.0992479883158467,2.4841240175987878e-14,0,1.9593550179343822e-09,pfba
b1011,,1,4,0.09924798831587155,0.09924798831585127,2.027544798721692e-14,0,1.9593550430423426e-09,pfba
b2497,,1,0,0.09924798831587155,0.09924798831587155,0.0,0,0.0,pfba
b1006,,1,4,0.09924798831587155,0.09924798831584924,2.2301605007157832e-14,0,1.959355037676187e-09,pfba
b0517,,1,0,0.09924798831587155,0.09924798831582568,4.586608870482678e-14,0,0.0,pfba
b0524,,1,421,0.09924798831587155,0.0,0.09924798831587155,1,285.32156388485646,pfba
b4258,,1,4,0.09924798831587155,0.09924798831585326,1.8290924330699454e-14,0,1.9593550353899388e-09,pfba
b2682,,1,0,0.09924798831587155,0.09924798831585258,1.8970935933282362e-14,0,0.0,pfba
b2683,,1,0,0.09924798831587155,0.09924798831585258,1.8970935933282362e-14,0,0.0,pfba
b3572,,1,0,0.09924798831587155,0.0992479883158546,1.6944778913341452e-14,0,0.0,pfba
b4197,,1,0,0.09924798831587155,0.09924798831583624,3.530509218307998e-14,0,0.0,pfba
b2882,,1,0,0.09924798831587155,0.09924798831587155,0.0,0,0.0,pfba
b3565,,2,0,0.09924798831587155,0.0992479883158741,-2.55351295663786e-15,0,0.0,pfba
b3579,,1,4,0.09924798831587155,0.09924798831587942,-7.868705687030797e-15,0,1.959355059718609e-09,pfba
b3577,,1,4,0.09924798831587155,0.09924798831587942,-7.868705687030797e-15,0,1.959355059718609e-09,pfba
b3578,,1,4,0.09924798831587155,0.09924798831587942,-7.868705687030797e-15,0,1.959355059718609e-09,pfba
b3567,,1,0,0.09924798831587155,0.09924798831587155,0.0,0,0.0,pfba
b3568,,1,0,0.09924798831587155,0.09924798831587155,0.0,0,0.0,pfba
b3566,,1,0,0.09924798831587155,0.09924798831587155,0.0,0,0.0,pfba
b4031,,1,0,0.09924798831587155,0.09924798831586226,9.284240043427872e-15,0,0.0,pfba
b1857,,1,0,0.09924798831587155,0.09924798831587155,0.0,0,0.0,pfba
b1859,,1,0,0.09924798831587155,0.09924798831587155,0.0,0,0.0,pfba
b1858,,1,0,0.09924798831587155,0.09924798831587155,0.0,0,0.0,pfba
