gene_id,gene_name,n_gpr_rxns,n_changed,b_wt,b_ko,delta_b,y_essential,kV
b1377,,270,424,0.4962399415792379,0.0,0.4962399415792379,1,20059.441999762297
b2215,,271,424,0.4962399415792379,0.0,0.4962399415792379,1,20059.441999762297
b0929,,271,424,0.4962399415792379,0.0,0.4962399415792379,1,20059.441999762297
b0241,,270,424,0.4962399415792379,0.0,0.4962399415792379,1,20059.441999762297
b4034,,6,6,0.4962399415792379,0.4962399415792595,-2.1593837828959295e-14,0,200.00000004897453
b4033,,6,4,0.4962399415792379,0.49623994157926377,-2.5868196473766147e-14,0,4.8983876576678404e-08
b4032,,6,4,0.4962399415792379,0.49623994157926377,-2.5868196473766147e-14,0,4.8983876576678404e-08
b4035,,6,4,0.4962399415792379,0.49623994157926377,-2.5868196473766147e-14,0,4.8983876576678404e-08
b4036,,7,2,0.4962399415792379,0.4962399415792212,1.6708856520608606e-14,0,199.99999999998823
b4213,,8,0,0.4962399415792379,0.4962399415792652,-2.731148640577885e-14,0,0.0
b2835,,21,4,0.4962399415792379,0.49623994157925655,-1.865174681370263e-14,0,4.8983876543542846e-08
b2836,,23,451,0.4962399415792379,0.4839276977273597,0.01231224385187818,0,10.68050818204527
b3553,,10,4,0.4962399415792379,0.49623994157925694,-1.9040324872321435e-14,0,4.8983876541021567e-08
b1134,,2,0,0.4962399415792379,0.4962399415792559,-1.7985612998927536e-14,0,0.0
b0446,,2,0,0.4962399415792379,0.4962399415792961,-5.81756864903582e-14,0,0.0
b1009,,1,0,0.4962399415792379,0.49623994157925566,-1.7763568394002505e-14,0,0.0
b0954,,13,4,0.4962399415792379,0.49623994157925644,-1.8540724511240114e-14,0,4.898387663685714e-08
b0180,,14,424,0.4962399415792379,0.0,0.4962399415792379,1,3743.8432838130143
b0347,,2,4,0.4962399415792379,0.4962399415792628,-2.4924506902834764e-14,0,4.898387678052641e-08
b3580,,2,4,0.4962399415792379,0.4962399415792604,-2.248201624865942e-14,0,4.898387662968242e-08
b1093,,14,424,0.4962399415792379,0.0,0.4962399415792379,1,3743.843283813012
b2323,,13,424,0.4962399415792379,0.0,0.4962399415792379,1,3743.84328381299
b1095,,9,424,0.4962399415792379,0.0,0.4962399415792379,1,3743.843283812987
b1397,,2,8,0.4962399415792379,0.4962399415792105,2.7422508708241367e-14,0,2.673507060195949e-05
b1245,,2,0,0.4962399415792379,0.4962399415792379,0.0,0,0.0
b1244,,2,0,0.4962399415792379,0.4962399415792379,0.0,0,0.0
b1329,,1,0,0.4962399415792379,0.4962399415792379,0.0,0,0.0
b1246,,2,0,0.4962399415792379,0.4962399415792379,0.0,0,0.0
b1247,,2,0,0.4962399415792379,0.4962399415792379,0.0,0,0.0
b1386,,3,4,0.4962399415792379,0.4962399415792608,-2.2926105458509483e-14,0,4.898387673161174e-08
b0004,,2,424,0.4962399415792379,0.0,0.4962399415792379,1,3743.8432838129934
b1192,,4,4,0.4962399415792379,0.4962399415792523,-1.4377388168895777e-14,0,4.8983876524485935e-08
b1243,,1,0,0.4962399415792379,0.4962399415792379,0.0,0,0.0
b4266,,1,0,0.4962399415792379,0.4962399415792545,-1.659783421814609e-14,0,0.0
b4265,,3,0,0.4962399415792379,0.49623994157926804,-3.0142555118573e-14,0,0.0
b0159,,3,424,0.4962399415792379,0.0,0.4962399415792379,1,3743.843283813023
b3197,,1,424,0.4962399415792379,0.0,0.4962399415792379,1,3743.8432838130134
b2708,,1,424,0.4962399415792379,0.0,0.4962399415792379,1,3743.843283813028
b1094,,26,424,0.4962399415792379,0.0,0.4962399415792379,1,3743.8432838129756
b4481,,1,8,0.4962399415792379,0.49623994157926865,-3.0753177782116836e-14,0,2.6735070602162314e-05
b1927,,1,4,0.4962399415792379,0.4962399415792655,-2.758904216193514e-14,0,4.898387646841257e-08
b3571,,1,4,0.4962399415792379,0.4962399415792653,-2.7422508708241367e-14,0,4.898387666498408e-08
b2901,,1,4,0.4962399415792379,0.496239941579328,-9.009459844833145e-14,0,4.8983876923631305e-08
b1302,,1,4,0.4962399415792379,0.49623994157927526,-3.735900477863652e-14,0,4.898387674357677e-08
b2662,,1,4,0.4962399415792379,0.49623994157927526,-3.735900477863652e-14,0,4.898387674357677e-08
b1444,,1,4,0.4962399415792379,0.49623994157925166,-1.3766765505351941e-14,0,4.8983876583403164e-08
b2663,,1,4,0.4962399415792379,0.49623994157925955,-2.1649348980190553e-14,0,4.8983876634210523e-08
b2222,,3,0,0.4962399415792379,0.4962399415792486,-1.071365218763276e-14,0,0.0
b2221,,3,0,0.4962399415792379,0.4962399415792486,-1.071365218763276e-14,0,0.0
b2224,,1,452,0.4962399415792379,0.48392769772736544,0.012312243851872462,0,10.680573995058682
b2342,,8,451,0.4962399415792379,0.48392769772735095,0.01231224385188695,0,10.6805081820451
b3845,,8,451,0.4962399415792379,0.48392769772735095,0.01231224385188695,0,10.6805081820451
b2223,,3,0,0.4962399415792379,0.49623994157926077,-2.2870594307278225e-14,0,0.0
b1241,,2,4,0.4962399415792379,0.4962399415679075,1.1330381077812035e-11,0,4.898380589959817e-08
b0351,,1,4,0.4962399415792379,0.4962399415800323,-7.944200852705308e-13,0,4.898388145314917e-08
s0001,,39,424,0.4962399415792379,0.0,0.4962399415792379,1,20059.441999762297
b1463,,1,4,0.4962399415792379,0.49623994157925716,-1.9262369477246466e-14,0,4.898387661766282e-08
b1993,,2,4,0.4962399415792379,0.4962399415792592,-2.1316282072803006e-14,0,4.898387662980534e-08
b2316,,1,424,0.4962399415792379,0.0,0.4962399415792379,1,3743.843283812991
b3255,,1,424,0.4962399415792379,0.0,0.4962399415792379,1,3743.843283813021
b0185,,1,424,0.4962399415792379,0.0,0.4962399415792379,1,3743.8432838130293
b3256,,1,424,0.4962399415792379,0.0,0.4962399415792379,1,3743.843283813002
b4069,,2,8,0.4962399415792379,0.49623994157927453,-3.6637359812630166e-14,0,2.6735070602148762e-05
b1119,,1,0,0.4962399415792379,0.4962399415763006,2.9373170562507767e-12,0,0.0
b3784,,1,4,0.4962399415792379,0.49623994157925866,-2.0761170560490427e-14,0,4.89838765109584e-08
b2415,,18,419,0.4962399415792379,0.4714279445003178,0.024811997078920123,0,792.1181538745584
b0679,,1,4,0.4962399415792379,0.49623994157925355,-1.5654144647214707e-14,0,4.8983876482858726e-08
b1101,,2,421,0.4962399415792379,0.4714279445002913,0.0248119970789466,0,510.34788916866074
b2417,,6,420,0.4962399415792379,0.4714279445002955,0.024811997078942383,0,510.3478557916925
b2416,,19,420,0.4962399415792379,0.47142794450029624,0.02481199707894166,0,792.1181872513675
b3959,,1,424,0.4962399415792379,0.0,0.4962399415792379,1,3743.8432838130257
b2818,,1,424,0.4962399415792379,0.0,0.4962399415792379,1,3743.8432838130457
b0078,,2,424,0.4962399415792379,0.0,0.4962399415792379,1,3743.843283813023
b3670,,2,424,0.4962399415792379,0.0,0.4962399415792379,1,3743.8432838129847
b3671,,2,424,0.4962399415792379,0.0,0.4962399415792379,1,3743.843283813032
b0077,,2,424,0.4962399415792379,0.0,0.4962399415792379,1,3743.843283812981
b3115,,2,430,0.4962399415792379,0.40080265160908574,0.09543728997015216,0,850.5564778527898
b1849,,2,428,0.4962399415792379,0.40080265160910183,0.09543728997013606,0,850.5564562996776
b2296,,1,427,0.4962399415792379,0.40080265161381035,0.09543728996542755,0,850.5573035838518
b2428,,1,0,0.4962399415792379,0.49623994156746354,1.1774359265359635e-11,0,0.0
b3794,,1,4,0.4962399415792379,0.49623994157927187,-3.397282455352979e-14,0,4.8983876795276796e-08
b1818,,5,421,0.4962399415792379,0.4714279445003066,0.02481199707893128,0,510.34788916875584
b1819,,5,421,0.4962399415792379,0.4714279445003066,0.02481199707893128,0,510.34788916875584
b1817,,5,421,0.4962399415792379,0.4714279445003066,0.02481199707893128,0,510.34788916875584
b2429,,2,4,0.4962399415792379,0.49623994157928014,-4.2243986086987206e-14,0,4.898387660753435e-08
b3224,,1,4,0.4962399415792379,0.4962399415792691,-3.11972669919669e-14,0,4.898387666356577e-08
b4311,,1,4,0.4962399415792379,0.4962399415792639,-2.5979218776228663e-14,0,4.898387683422845e-08
b3225,,1,4,0.4962399415792379,0.4962399415792691,-3.11972669919669e-14,0,4.898387666356577e-08
b0221,,8,451,0.4962399415792379,0.4839276977273603,0.012312243851877624,0,10.680508182048042
b1091,,3,424,0.4962399415792379,0.0,0.4962399415792379,1,3743.8432838129957
b3957,,2,424,0.4962399415792379,0.0,0.4962399415792379,1,3743.843283813014
b3200,,9,424,0.4962399415792379,0.0,0.4962399415792379,1,3743.843283812985
b4261,,9,424,0.4962399415792379,0.0,0.4962399415792379,1,3743.84328381298
b3201,,9,424,0.4962399415792379,0.0,0.4962399415792379,1,3743.843283813031
b4262,,9,424,0.4962399415792379,0.0,0.4962399415792379,1,3743.8432838130066
b3199,,9,424,0.4962399415792379,0.0,0.4962399415792379,1,3743.8432838129834
b1519,,1,8,0.4962399415792379,0.49623994157926926,-3.136380044566067e-14,0,2.673507060228129e-05
b1276,,2,423,0.4962399415792379,0.0,0.4962399415792379,1,4101.279799353717
b0118,,3,423,0.4962399415792379,0.0,0.4962399415792379,1,4101.279799353711
b1748,,2,424,0.4962399415792379,0.0,0.4962399415792379,1,3743.8432838129047
b3359,,2,424,0.4962399415792379,0.0,0.4962399415792379,1,3743.8432838128615
b1090,,7,4,0.4962399415792379,0.49623994157926526,-2.736699755701011e-14,0,4.898387662259939e-08
b3475,,1,4,0.4962399415792379,0.4962399415793751,-1.3722356584366935e-13,0,4.8983877088020184e-08
b2563,,1,4,0.4962399415792379,0.4962399415793751,-1.3722356584366935e-13,0,4.8983877088020184e-08
b2578,,2,4,0.4962399415792379,0.4962399415790915,1.463829057968269e-13,0,4.898387555822964e-08
b1533,,2,4,0.4962399415792379,0.4962399415790915,1.463829057968269e-13,0,4.898387555822964e-08
b4067,,2,0,0.4962399415792379,0.4962399415792379,0.0,0,0.0
b1623,,2,4,0.4962399415792379,0.4962399415794273,-1.894040480010517e-13,0,4.8983877399501284e-08
b1096,,1,424,0.4962399415792379,0.0,0.4962399415792379,1,3743.8432838129465
b1812,,2,424,0.4962399415792379,0.0,0.4962399415792379,1,3743.8432838130025
b3360,,1,424,0.4962399415792379,0.0,0.4962399415792379,1,3743.843283813042
b3665,,1,4,0.4962399415792379,0.4962399415792529,-1.4988010832439613e-14,0,4.8983876610351365e-08
b3654,,3,4,0.4962399415792379,0.4962399415792614,-2.348121697082206e-14,0,4.8983876557621645e-08
b3714,,1,4,0.4962399415792379,0.4962399415792614,-2.348121697082206e-14,0,4.8983876557621645e-08
b0474,,13,424,0.4962399415792379,0.0,0.4962399415792379,1,3743.8432838130184
b0120,,1,4,0.4962399415792379,0.4962399415792652,-2.731148640577885e-14,0,4.8983876700459134e-08
b3806,,1,4,0.4962399415792379,0.4962399415792734,-3.552713678800501e-14,0,4.89838766573807e-08
b0030,,5,0,0.4962399415792379,0.4962399415792855,-4.7628567756419216e-14,0,0.0
b2393,,7,4,0.4962399415792379,0.49623994157927886,-4.0967229608668276e-14,0,4.898387674326714e-08
b2964,,11,4,0.4962399415792379,0.49623994158399,-4.7520876123030575e-12,0,4.898389797388345e-08
b2406,,6,4,0.4962399415792379,0.49623994157925944,-2.1538326677728037e-14,0,4.898387664706264e-08
b0411,,7,4,0.4962399415792379,0.4962399415792487,-1.0824674490095276e-14,0,4.898387658127474e-08
b1992,,1,4,0.4962399415792379,0.49623994157926016,-2.225997164373439e-14,0,4.898387665999205e-08
b1709,,3,4,0.4962399415792379,0.49623994157929047,-5.256906021600116e-14,0,4.898387680125433e-08
b0158,,3,4,0.4962399415792379,0.49623994157929047,-5.256906021600116e-14,0,4.898387680125433e-08
b1711,,3,4,0.4962399415792379,0.49623994157929047,-5.256906021600116e-14,0,4.898387680125433e-08
b3966,,3,4,0.4962399415792379,0.49623994157929047,-5.256906021600116e-14,0,4.898387680125433e-08
b3005,,10,4,0.4962399415792379,0.4962399415792557,-1.7819079545233762e-14,0,4.89838766510561e-08
b3006,,10,4,0.4962399415792379,0.4962399415792557,-1.7819079545233762e-14,0,4.89838766510561e-08
b1252,,10,4,0.4962399415792379,0.4962399415792557,-1.7819079545233762e-14,0,4.89838766510561e-08
b3397,,1,0,0.4962399415792379,0.4962399415792622,-2.4313884239290928e-14,0,0.0
b3034,,1,0,0.4962399415792379,0.4962399415792622,-2.4313884239290928e-14,0,0.0
b0469,,1,0,0.4962399415792379,0.4962399415792379,0.0,0,0.0
b2750,,1,424,0.4962399415792379,0.0,0.4962399415792379,1,3743.843283812991
b1131,,2,424,0.4962399415792379,0.0,0.4962399415792379,1,3743.843283813019
b4177,,1,424,0.4962399415792379,0.0,0.4962399415792379,1,3743.8432838130648
b0677,,1,4,0.4962399415792379,0.4962399415792551,-1.7208456881689926e-14,0,4.8983876584845126e-08
b0110,,4,4,0.4962399415792379,0.49623994157926876,-3.086420008457935e-14,0,4.898387669294903e-08
b2817,,2,4,0.4962399415792379,0.4962399415792616,-2.3703261575747092e-14,0,4.8983876666545225e-08
b2435,,2,4,0.4962399415792379,0.4962399415792616,-2.3703261575747092e-14,0,4.8983876666545225e-08
b4169,,2,4,0.4962399415792379,0.4962399415792616,-2.3703261575747092e-14,0,4.8983876666545225e-08
b1107,,3,4,0.4962399415792379,0.4962399415792685,-3.058664432842306e-14,0,4.898387670521276e-08
b0433,,3,4,0.4962399415792379,0.49623994158995927,-1.0721368237653905e-11,0,4.898389162628993e-08
b3619,,1,4,0.4962399415792379,0.4962399415792677,-2.980948821118545e-14,0,4.8983876623741686e-08
b2937,,1,4,0.4962399415792379,0.4962399415792662,-2.8310687127941492e-14,0,4.898387664868244e-08
b3018,,7,424,0.4962399415792379,0.0,0.4962399415792379,1,3743.8432838129993
b3958,,1,424,0.4962399415792379,0.0,0.4962399415792379,1,3743.843283813005
b0575,,2,4,0.4962399415792379,0.4962399415792456,-7.716050021144838e-15,0,4.898387660312947e-08
b0572,,2,4,0.4962399415792379,0.49623994157926626,-2.836619827917275e-14,0,4.898387663027932e-08
b0573,,2,4,0.4962399415792379,0.49623994157926626,-2.836619827917275e-14,0,4.898387663027932e-08
b0574,,2,4,0.4962399415792379,0.49623994157926626,-2.836619827917275e-14,0,4.898387663027932e-08
b4006,,2,424,0.4962399415792379,0.0,0.4962399415792379,1,3743.843283813015
b0522,,1,424,0.4962399415792379,0.0,0.4962399415792379,1,3743.843283813015
b0523,,1,424,0.4962399415792379,0.0,0.4962399415792379,1,3743.8432838130198
b0727,,1,419,0.4962399415792379,0.4845824693367738,0.011657472242464106,0,40.61955816068508
b0116,,3,423,0.4962399415792379,0.40781497207361256,0.08842496950562534,0,1519.3142937714952
b0726,,1,418,0.4962399415792379,0.48458246933718285,0.011657472242055045,0,40.61983685611618
b2587,,1,4,0.4962399415792379,0.49623994157926193,-2.403632848313464e-14,0,4.898387666674412e-08
b1488,,1,0,0.4962399415792379,0.4962399415792596,-2.170486013142181e-14,0,0.0
b3542,,3,0,0.4962399415792379,0.49623994157924145,-3.552713678800501e-15,0,0.0
b1486,,1,4,0.4962399415792379,0.49623994157926477,-2.6867397195928788e-14,0,4.8983876624141505e-08
b1485,,1,4,0.4962399415792379,0.49623994157926477,-2.6867397195928788e-14,0,4.8983876624141505e-08
b3543,,3,0,0.4962399415792379,0.49623994157924145,-3.552713678800501e-15,0,0.0
b3541,,3,0,0.4962399415792379,0.49623994157924145,-3.552713678800501e-15,0,0.0
b1484,,1,4,0.4962399415792379,0.49623994157926477,-2.6867397195928788e-14,0,4.8983876624141505e-08
b3540,,3,0,0.4962399415792379,0.49623994157924145,-3.552713678800501e-15,0,0.0
b3544,,3,0,0.4962399415792379,0.49623994157924145,-3.552713678800501e-15,0,0.0
b1483,,1,4,0.4962399415792379,0.49623994157926477,-2.6867397195928788e-14,0,4.8983876624141505e-08
b1487,,1,4,0.4962399415792379,0.49623994157926477,-2.6867397195928788e-14,0,4.8983876624141505e-08
b0092,,1,424,0.4962399415792379,0.0,0.4962399415792379,1,3743.8432838130107
b0381,,1,424,0.4962399415792379,0.0,0.4962399415792379,1,3743.843283813019
b1325,,1,4,0.4962399415792379,0.49623994157926227,-2.4369395390522186e-14,0,4.898387657948445e-08
b1190,,1,424,0.4962399415792379,0.0,0.4962399415792379,1,3743.843283812977
b4053,,1,424,0.4962399415792379,0.0,0.4962399415792379,1,3743.843283812875
b2551,,6,417,0.4962399415792379,0.47963236313665103,0.016607578442586868,0,9.22310943436532
b0870,,4,0,0.4962399415792379,0.49623994157925944,-2.1538326677728037e-14,0,0.0
b2379,,1,7,0.4962399415792379,0.49623994157926443,-2.653433028854124e-14,0,0.24968306797491174
b2290,,1,7,0.4962399415792379,0.49623994157926443,-2.653433028854124e-14,0,0.24968306797491174
b2697,,1,4,0.4962399415792379,0.4962399415792639,-2.5979218776228663e-14,0,4.8983876578526644e-08
b3460,,5,0,0.4962399415792379,0.4962399415792379,0.0,0,0.0
b3456,,5,0,0.4962399415792379,0.4962399415792379,0.0,0,0.0
b3457,,5,0,0.4962399415792379,0.4962399415792379,0.0,0,0.0
b3455,,5,0,0.4962399415792379,0.4962399415792379,0.0,0,0.0
b3454,,5,0,0.4962399415792379,0.4962399415792379,0.0,0,0.0
b4208,,5,285,0.4962399415792379,0.49613731918604237,0.00010262239319552835,0,0.0008658453318819747
b0007,,2,0,0.4962399415792379,0.4962399415792379,0.0,0,0.0
b0356,,3,0,0.4962399415792379,0.49623994157925944,-2.1538326677728037e-14,0,0.0
b1478,,1,0,0.4962399415792379,0.49623994157926554,-2.7644553313166398e-14,0,0.0
b1385,,1,0,0.4962399415792379,0.496239941579255,-1.709743457922741e-14,0,0.0
b1300,,2,4,0.4962399415792379,0.49623994157925716,-1.9262369477246466e-14,0,4.898387662997053e-08
b3588,,2,0,0.4962399415792379,0.49623994157923895,-1.0547118733938987e-15,0,0.0
b4084,,1,0,0.4962399415792379,0.496239941579258,-2.0095036745715333e-14,0,0.0
b4090,,2,425,0.4962399415792379,0.25484647419668155,0.24139346738255635,0,945.4822094252866
b0516,,1,4,0.4962399415792379,0.49623994157917034,6.755707104844078e-14,0,4.898387622366234e-08
b0512,,1,0,0.4962399415792379,0.49623994157926266,-2.475797344914099e-14,0,0.0
b0511,,1,0,0.4962399415792379,0.4962399415792797,-4.1799896877137144e-14,0,0.0
b4085,,1,4,0.4962399415792379,0.49623994157926943,-3.1530333899354446e-14,0,4.8983876644493014e-08
b4087,,2,0,0.4962399415792379,0.49623994157926504,-2.7144952952085077e-14,0,0.0
b4086,,2,0,0.4962399415792379,0.49623994157926504,-2.7144952952085077e-14,0,0.0
b4088,,2,0,0.4962399415792379,0.49623994157926504,-2.7144952952085077e-14,0,0.0
b0657,,2,4,0.4962399415792379,0.4962399415792752,-3.730349362740526e-14,0,4.898387674752447e-08
b1677,,2,4,0.4962399415792379,0.4962399415792752,-3.730349362740526e-14,0,4.898387674752447e-08
b1781,,1,0,0.4962399415792379,0.4962399415792379,0.0,0,0.0
b3001,,1,0,0.4962399415792379,0.4962399415792379,0.0,0,0.0
b0207,,2,4,0.4962399415792379,0.4962399415792608,-2.2926105458509483e-14,0,4.8983876452913577e-08
b3012,,2,4,0.4962399415792379,0.4962399415792608,-2.2926105458509483e-14,0,4.8983876452913577e-08
b3945,,4,4,0.4962399415792379,0.49623994157926204,-2.4147350785597155e-14,0,4.898387664534164e-08
b3091,,1,4,0.4962399415792379,0.4962399415792614,-2.348121697082206e-14,0,4.8983876505370625e-08
b3416,,4,4,0.4962399415792379,0.49623994157927126,-3.3362201889985954e-14,0,4.898387667225672e-08
b3223,,1,0,0.4962399415792379,0.4962399415792532,-1.532107773982716e-14,0,0.0
b3222,,1,4,0.4962399415792379,0.49623994157925944,-2.1538326677728037e-14,0,4.898387663719556e-08
b0774,,1,424,0.4962399415792379,0.0,0.4962399415792379,1,3743.843283813017
b3833,,2,4,0.4962399415792379,0.49623994157926216,-2.425837308805967e-14,0,4.8983876654079944e-08
b3994,,1,424,0.4962399415792379,0.0,0.4962399415792379,1,3743.843283813002
b1982,,1,8,0.4962399415792379,0.49623994157926504,-2.7144952952085077e-14,0,2.673507060224698e-05
b0932,,2,0,0.4962399415792379,0.4962399415792746,-3.6692870963861424e-14,0,0.0
b0237,,3,4,0.4962399415792379,0.49623994157926515,-2.7255975254547593e-14,0,4.898387664410913e-08
b4260,,2,0,0.4962399415792379,0.4962399415792746,-3.6692870963861424e-14,0,0.0
b2523,,2,0,0.4962399415792379,0.4962399415792746,-3.6692870963861424e-14,0,0.0
b1640,,1,4,0.4962399415792379,0.4962399415838471,-4.6092019090338e-12,0,4.898389739936191e-08
b1263,,2,424,0.4962399415792379,0.0,0.4962399415792379,1,3743.8432838129866
b1264,,1,424,0.4962399415792379,0.0,0.4962399415792379,1,3743.8432838130093
b0776,,1,424,0.4962399415792379,0.0,0.4962399415792379,1,3743.8432838130457
b0049,,3,8,0.4962399415792379,0.49623994157925855,-2.0650148258027912e-14,0,2.6735070602109178e-05
b4129,,2,4,0.4962399415792379,0.49623994157926615,-2.8255175976710234e-14,0,4.8983876744586275e-08
b0121,,2,0,0.4962399415792379,0.49623994157925777,-1.9872992140790302e-14,0,0.0
b3059,,7,0,0.4962399415792379,0.4962399415792695,-3.1585845050585704e-14,0,0.0
b0968,,7,4,0.4962399415792379,0.4962399415792635,-2.5590640717609858e-14,0,4.898387664510425e-08
b0414,,2,424,0.4962399415792379,0.0,0.4962399415792379,1,3743.843283813087
b0062,,1,8,0.4962399415792379,0.49623994157928564,-4.773959005888173e-14,0,2.6735070602166966e-05
b0153,,5,0,0.4962399415792379,0.49623994157927664,-3.8746783559417963e-14,0,0.0
b0151,,5,0,0.4962399415792379,0.49623994157927664,-3.8746783559417963e-14,0,0.0
b0152,,5,0,0.4962399415792379,0.49623994157927664,-3.8746783559417963e-14,0,0.0
b2715,,1,4,0.4962399415792379,0.49623994157928825,-5.034861416675085e-14,0,4.898387677695319e-08
b3722,,1,4,0.4962399415792379,0.49623994157928825,-5.034861416675085e-14,0,4.898387677695319e-08
b1900,,1,0,0.4962399415792379,0.4962399415792379,0.0,0,0.0
b4460,,1,0,0.4962399415792379,0.4962399415792379,0.0,0,0.0
b1901,,1,0,0.4962399415792379,0.4962399415792379,0.0,0,0.0
b2841,,1,4,0.4962399415792379,0.49623994157926626,-2.836619827917275e-14,0,4.898387671683111e-08
b1528,,3,4,0.4962399415792379,0.4962399415792722,-3.430589146091734e-14,0,4.898387667656488e-08
b4115,,1,4,0.4962399415792379,0.49623994157926443,-2.653433028854124e-14,0,4.89838766544807e-08
b4117,,1,4,0.4962399415792379,0.4962399415795798,-3.4189318043331696e-13,0,4.898387807902101e-08
b2938,,1,0,0.4962399415792379,0.4962399415792379,0.0,0,0.0
b1605,,1,0,0.4962399415792379,0.4962399415792668,-2.892130979148533e-14,0,0.0
b3960,,1,424,0.4962399415792379,0.0,0.4962399415792379,1,3743.8432838130248
b3172,,1,424,0.4962399415792379,0.0,0.4962399415792379,1,3743.8432838130084
b1876,,1,4,0.4962399415792379,0.4962399415792626,-2.4702462297909733e-14,0,4.8983876794067974e-08
b2310,,3,0,0.4962399415792379,0.4962399415792379,0.0,0,0.0
b0863,,1,0,0.4962399415792379,0.4962399415792379,0.0,0,0.0
b0860,,1,0,0.4962399415792379,0.4962399415792379,0.0,0,0.0
b2307,,4,0,0.4962399415792379,0.4962399415792379,0.0,0,0.0
b2308,,4,0,0.4962399415792379,0.4962399415792379,0.0,0,0.0
b0862,,1,0,0.4962399415792379,0.4962399415792379,0.0,0,0.0
b2306,,4,0,0.4962399415792379,0.4962399415792379,0.0,0,0.0
b0864,,1,0,0.4962399415792379,0.4962399415792379,0.0,0,0.0
b0861,,1,0,0.4962399415792379,0.4962399415792379,0.0,0,0.0
b2923,,2,4,0.4962399415792379,0.4962399415789058,3.321232178166156e-13,0,4.8983874398281843e-08
b3433,,1,424,0.4962399415792379,0.0,0.4962399415792379,1,3743.843283813001
b4192,,1,4,0.4962399415792379,0.4962399415792575,-1.9595436384634013e-14,0,4.8983876812291094e-08
b4194,,1,0,0.4962399415792379,0.4962399415792563,-1.84297022087776e-14,0,0.0
b4193,,1,0,0.4962399415792379,0.4962399415792563,-1.84297022087776e-14,0,0.0
b4195,,1,0,0.4962399415792379,0.4962399415792563,-1.84297022087776e-14,0,0.0
b1767,,1,4,0.4962399415792379,0.4962399415792608,-2.2926105458509483e-14,0,4.898387659555784e-08
b0828,,1,4,0.4962399415792379,0.4962399415792608,-2.2926105458509483e-14,0,4.898387659555784e-08
b2957,,2,0,0.4962399415792379,0.4962399415792596,-2.170486013142181e-14,0,0.0
b0674,,1,0,0.4962399415792379,0.4962399415792379,0.0,0,0.0
b3744,,1,317,0.4962399415792379,0.4950555595780351,0.0011843820012027995,0,0.05151310764984978
b0930,,1,4,0.4962399415792379,0.4962399415792619,-2.398081733190338e-14,0,4.89838766082569e-08
b1453,,1,4,0.4962399415792379,0.49623994157925805,-2.015054789694659e-14,0,4.898387663192895e-08
b3502,,1,4,0.4962399415792379,0.4962399415792524,-1.4488410471358293e-14,0,4.898387658897062e-08
b0131,,1,424,0.4962399415792379,0.0,0.4962399415792379,1,3743.8432838130548
b4245,,1,424,0.4962399415792379,0.0,0.4962399415792379,1,3743.8432838129734
b4244,,1,424,0.4962399415792379,0.0,0.4962399415792379,1,3743.843283813013
b0002,,2,424,0.4962399415792379,0.0,0.4962399415792379,1,3743.843283813087
b4024,,1,424,0.4962399415792379,0.0,0.4962399415792379,1,3743.8432838130448
b3940,,2,424,0.4962399415792379,0.0,0.4962399415792379,1,3743.843283812973
b2574,,4,424,0.4962399415792379,0.0,0.4962399415792379,1,3743.8432838130443
b4139,,1,4,0.4962399415792379,0.49623994157926204,-2.4147350785597155e-14,0,4.898387668951481e-08
b0928,,3,424,0.4962399415792379,0.0,0.4962399415792379,1,3743.8432838130243
b1866,,1,4,0.4962399415792379,0.49623994157926316,-2.525757381022231e-14,0,4.898387666376625e-08
b0654,,2,0,0.4962399415792379,0.4962399415792379,0.0,0,0.0
b0655,,2,0,0.4962399415792379,0.4962399415792379,0.0,0,0.0
b0652,,2,0,0.4962399415792379,0.4962399415792379,0.0,0,0.0
b0653,,2,0,0.4962399415792379,0.4962399415792379,0.0,0,0.0
b3528,,6,0,0.4962399415792379,0.4962399415792593,-2.142730437526552e-14,0,0.0
b4123,,9,4,0.4962399415792379,0.4962399415792546,-1.6708856520608606e-14,0,4.8983876583225665e-08
b4138,,7,0,0.4962399415792379,0.4962399415792379,0.0,0,0.0
b4077,,2,4,0.4962399415792379,0.4962399415799672,-7.293055048762653e-13,0,4.8983879866616384e-08
b3503,,1,0,0.4962399415792379,0.4962399415792462,-8.326672684688674e-15,0,0.0
b1064,,7,0,0.4962399415792379,0.4962399415792592,-2.1316282072803006e-14,0,0.0
b1747,,1,0,0.4962399415792379,0.4962399415792765,-3.858025010572419e-14,0,0.0
b1539,,4,4,0.4962399415792379,0.4962399415792646,-2.6700863742235015e-14,0,4.8983876650159757e-08
b2019,,1,424,0.4962399415792379,0.0,0.4962399415792379,1,3743.8432838129925
b3738,,1,424,0.4962399415792379,0.0,0.4962399415792379,1,20059.441999762297
b3733,,1,424,0.4962399415792379,0.0,0.4962399415792379,1,20059.441999762297
b3732,,1,424,0.4962399415792379,0.0,0.4962399415792379,1,20059.441999762297
b3739,,1,424,0.4962399415792379,0.0,0.4962399415792379,1,20059.441999762297
b3736,,1,424,0.4962399415792379,0.0,0.4962399415792379,1,20059.441999762297
b3737,,1,424,0.4962399415792379,0.0,0.4962399415792379,1,20059.441999762297
b3734,,1,424,0.4962399415792379,0.0,0.4962399415792379,1,20059.441999762297
b3735,,1,424,0.4962399415792379,0.0,0.4962399415792379,1,20059.441999762297
b3731,,1,424,0.4962399415792379,0.0,0.4962399415792379,1,20059.441999762297
b0312,,2,4,0.4962399415792379,0.49623994157893275,3.051447983182243e-13,0,2.668608672549625e-05
b0827,,4,424,0.4962399415792379,0.0,0.4962399415792379,1,3743.843283813021
b3857,,5,424,0.4962399415792379,0.0,0.4962399415792379,1,3743.843283813063
b3856,,5,424,0.4962399415792379,0.0,0.4962399415792379,1,3743.843283813015
b4214,,1,424,0.4962399415792379,0.0,0.4962399415792379,1,3743.8432838130975
b3551,,3,4,0.4962399415792379,0.4962399415785443,6.936118346345665e-13,0,4.898387220062304e-08
b0775,,1,424,0.4962399415792379,0.0,0.4962399415792379,1,3743.843283812988
b0934,,5,4,0.4962399415792379,0.4962399415792436,-5.717648576819556e-15,0,4.898387648936786e-08
b0367,,3,4,0.4962399415792379,0.4962399415792675,-2.958744360626042e-14,0,4.898387658234181e-08
b0933,,5,4,0.4962399415792379,0.4962399415792646,-2.6700863742235015e-14,0,4.898387673832747e-08
b0936,,5,4,0.4962399415792379,0.4962399415792646,-2.6700863742235015e-14,0,4.898387673832747e-08
b0365,,3,4,0.4962399415792379,0.4962399415792675,-2.958744360626042e-14,0,4.898387658234181e-08
b0366,,3,4,0.4962399415792379,0.4962399415792675,-2.958744360626042e-14,0,4.898387658234181e-08
b1216,,3,0,0.4962399415792379,0.4962399415792668,-2.892130979148533e-14,0,0.0
b4132,,1,0,0.4962399415792379,0.4962399415792379,0.0,0,0.0
b3942,,1,0,0.4962399415792379,0.4962399415792379,0.0,0,0.0
b1732,,1,0,0.4962399415792379,0.4962399415792379,0.0,0,0.0
b3196,,1,424,0.4962399415792379,0.0,0.4962399415792379,1,3743.8432838130707
b1270,,2,4,0.4962399415792379,0.4962399415793231,-8.520961713998076e-14,0,4.8983877150609037e-08
b2874,,1,406,0.4962399415792379,0.490143778408346,0.0060961631708918995,0,0.6155132593713947
b0521,,1,406,0.4962399415792379,0.490143778408346,0.0060961631708918995,0,0.6155132593713947
b0323,,1,406,0.4962399415792379,0.490143778408346,0.0060961631708918995,0,0.6155132593713947
b0033,,1,0,0.4962399415792379,0.4962399415792379,0.0,0,0.0
b0032,,1,0,0.4962399415792379,0.4962399415792379,0.0,0,0.0
b0444,,1,4,0.4962399415792379,0.49623994157922485,1.304512053934559e-14,0,4.8983876515848224e-08
b3469,,6,0,0.4962399415792379,0.4962399415792379,0.0,0,0.0
b3915,,7,0,0.4962399415792379,0.4962399415792649,-2.6978419498391304e-14,0,0.0
b0752,,5,0,0.4962399415792379,0.4962399415792568,-1.892930256985892e-14,0,0.0
b3040,,6,424,0.4962399415792379,0.0,0.4962399415792379,1,3743.843283813007
b3918,,7,4,0.4962399415792379,0.49623994157926016,-2.225997164373439e-14,0,4.898387700731326e-08
b2794,,1,0,0.4962399415792379,0.496239941579262,-2.4091839634365897e-14,0,0.0
b1208,,1,424,0.4962399415792379,0.0,0.4962399415792379,1,3743.8432838129843
b1661,,4,4,0.4962399415792379,0.4962399415792592,-2.1316282072803006e-14,0,4.898387656796045e-08
b2129,,2,0,0.4962399415792379,0.4962399415792379,0.0,0,0.0
b2128,,2,0,0.4962399415792379,0.4962399415792379,0.0,0,0.0
b2131,,2,0,0.4962399415792379,0.4962399415792379,0.0,0,0.0
b2130,,2,0,0.4962399415792379,0.4962399415792379,0.0,0,0.0
b1801,,3,4,0.4962399415792379,0.49623994157926143,-2.353672812205332e-14,0,4.89838766190206e-08
b0314,,1,4,0.4962399415792379,0.49623994157925166,-1.3766765505351941e-14,0,4.8983876589836644e-08
b0311,,1,4,0.4962399415792379,0.4962399415792682,-3.0309088572266774e-14,0,4.898387667163583e-08
b2600,,2,424,0.4962399415792379,0.0,0.4962399415792379,1,3743.843283813012
b2599,,2,424,0.4962399415792379,0.0,0.4962399415792379,1,3743.8432838129975
b2329,,1,424,0.4962399415792379,0.0,0.4962399415792379,1,3743.843283813028
b4039,,1,424,0.4962399415792379,0.0,0.4962399415792379,1,3743.843283813211
b2542,,2,4,0.4962399415792379,0.49623994157926493,-2.7033930649622562e-14,0,4.8983876740461926e-08
b2540,,2,4,0.4962399415792379,0.49623994157926565,-2.7755575615628914e-14,0,4.898387682955464e-08
b2538,,2,4,0.4962399415792379,0.49623994157926565,-2.7755575615628914e-14,0,4.898387682955464e-08
b2539,,2,4,0.4962399415792379,0.49623994157926565,-2.7755575615628914e-14,0,4.898387682955464e-08
b0617,,1,4,0.4962399415792379,0.4962399415792653,-2.7422508708241367e-14,0,4.898387655942688e-08
b0614,,1,4,0.4962399415792379,0.4962399415792653,-2.7422508708241367e-14,0,4.898387655942688e-08
b0616,,1,4,0.4962399415792379,0.4962399415792653,-2.7422508708241367e-14,0,4.898387655942688e-08
b0615,,1,4,0.4962399415792379,0.4962399415792653,-2.7422508708241367e-14,0,4.898387655942688e-08
b0612,,1,4,0.4962399415792379,0.4962399415792479,-9.992007221626409e-15,0,4.898387666752284e-08
b0789,,7,4,0.4962399415792379,0.4962399415792639,-2.5979218776228663e-14,0,4.8983876617344986e-08
b1249,,7,4,0.4962399415792379,0.4962399415792639,-2.5979218776228663e-14,0,4.8983876617344986e-08
b0155,,1,424,0.4962399415792379,0.0,0.4962399415792379,1,3743.8432838130043
b1592,,1,424,0.4962399415792379,0.0,0.4962399415792379,1,3743.843283813024
b3035,,9,4,0.4962399415792379,0.4962399415792625,-2.4591439995447217e-14,0,4.898387665076493e-08
b2470,,7,0,0.4962399415792379,0.4962399415792379,0.0,0,0.0
b0463,,7,0,0.4962399415792379,0.4962399415792379,0.0,0,0.0
b0462,,7,0,0.4962399415792379,0.4962399415792379,0.0,0,0.0
b3816,,3,424,0.4962399415792379,0.0,0.4962399415792379,1,3743.843283812959
b2174,,1,4,0.4962399415792379,0.49623994157925627,-1.837419105754634e-14,0,4.898387653395702e-08
b0914,,32,424,0.4962399415792379,0.0,0.4962399415792379,1,3743.843283813006
b1102,,1,4,0.4962399415792379,0.49623994157925,-1.2101430968414206e-14,0,4.8983876524618185e-08
b2765,,1,4,0.4962399415792379,0.4962399415792743,-3.6415315207705135e-14,0,4.898387685718135e-08
b0783,,1,424,0.4962399415792379,0.0,0.4962399415792379,1,3743.8432838130066
b0781,,1,424,0.4962399415792379,0.0,0.4962399415792379,1,3743.843283813014
b2436,,1,227,0.4962399415792379,0.49622868432939243,1.125724984546439e-05,0,2.9794778049244162e-05
b3867,,1,0,0.4962399415792379,0.4962399415792761,-3.8191672047105385e-14,0,0.0
b0038,,2,4,0.4962399415792379,0.4962399415792525,-1.459943277382081e-14,0,4.8983876616006e-08
b0037,,3,0,0.4962399415792379,0.4962399415792653,-2.7422508708241367e-14,0,0.0
b0036,,2,0,0.4962399415792379,0.4962399415792575,-1.9595436384634013e-14,0,0.0
b2679,,4,0,0.4962399415792379,0.4962399415792379,0.0,0,0.0
b2677,,4,0,0.4962399415792379,0.4962399415792379,0.0,0,0.0
b2678,,4,0,0.4962399415792379,0.4962399415792379,0.0,0,0.0
b4111,,5,4,0.4962399415792379,0.4962399415792759,-3.802513859341161e-14,0,4.8983876729607424e-08
b0040,,2,4,0.4962399415792379,0.4962399415792027,3.519406988061746e-14,0,4.898387641427875e-08
b0720,,1,423,0.4962399415792379,0.0,0.4962399415792379,1,4101.279799353693
b0337,,1,4,0.4962399415792379,0.4962399415794929,-2.5501822875639846e-13,0,4.8983877732742945e-08
b0336,,1,4,0.4962399415792379,0.49623994157927676,-3.885780586188048e-14,0,4.898387667650591e-08
b3846,,19,452,0.4962399415792379,0.483927697727358,0.0123122438518799,0,10.680573995053924
b2780,,1,424,0.4962399415792379,0.0,0.4962399415792379,1,3743.8432838130148
b0123,,2,8,0.4962399415792379,0.4962399415792652,-2.731148640577885e-14,0,2.673507060218247e-05
b0484,,1,0,0.4962399415792379,0.4962399415792379,0.0,0,0.0
b3425,,1,4,0.4962399415792379,0.49623994157926443,-2.653433028854124e-14,0,4.898387665275019e-08
b1308,,1,0,0.4962399415792379,0.4962399415792379,0.0,0,0.0
b0340,,1,0,0.4962399415792379,0.49623994157925233,-1.4432899320127035e-14,0,0.0
b0341,,1,4,0.4962399415792379,0.4962399415792836,-4.568567746332519e-14,0,4.898387678269739e-08
b1919,,1,0,0.4962399415792379,0.49623994157926044,-2.2537527399890678e-14,0,0.0
b3008,,2,424,0.4962399415792379,0.0,0.4962399415792379,1,3743.8432838130084
b3708,,3,302,0.4962399415792379,0.495890242668706,0.0003496989105318815,0,0.012722123910936653
b2414,,1,424,0.4962399415792379,0.0,0.4962399415792379,1,3743.843283812979
b2421,,1,424,0.4962399415792379,0.0,0.4962399415792379,1,3743.8432838130047
b2810,,1,8,0.4962399415792379,0.49623994157926327,-2.5368596112684827e-14,0,2.6735070602141088e-05
b1622,,1,424,0.4962399415792379,0.0,0.4962399415792379,1,3743.8432838130934
b0526,,1,4,0.4962399415792379,0.4962399415792601,-2.220446049250313e-14,0,4.898387660892901e-08
b0886,,2,4,0.4962399415792379,0.49623994157926365,-2.5757174171303632e-14,0,4.898387664432629e-08
b0887,,2,4,0.4962399415792379,0.49623994157926365,-2.5757174171303632e-14,0,4.898387664432629e-08
b0978,,2,0,0.4962399415792379,0.4962399415792379,0.0,0,0.0
b0979,,2,0,0.4962399415792379,0.4962399415792379,0.0,0,0.0
b0734,,1,0,0.4962399415792379,0.4962399415792379,0.0,0,0.0
b0733,,1,0,0.4962399415792379,0.4962399415792379,0.0,0,0.0
b0432,,1,420,0.4962399415792379,0.2977564904494589,0.198483451129779,0,6522.3924730957515
b0430,,1,420,0.4962399415792379,0.2977564904494589,0.198483451129779,0,6522.3924730957515
b0429,,1,420,0.4962399415792379,0.2977564904494589,0.198483451129779,0,6522.3924730957515
b0431,,1,420,0.4962399415792379,0.2977564904494589,0.198483451129779,0,6522.3924730957515
b2143,,2,0,0.4962399415792379,0.4962399415792703,-3.241851231905457e-14,0,0.0
b0651,,2,0,0.4962399415792379,0.49623994157924756,-9.658940314238862e-15,0,0.0
b2162,,2,0,0.4962399415792379,0.49623994157924756,-9.658940314238862e-15,0,0.0
b2066,,2,0,0.4962399415792379,0.49623994157925505,-1.715294573045867e-14,0,0.0
b0910,,3,424,0.4962399415792379,0.0,0.4962399415792379,1,3743.8432838130198
b2975,,3,4,0.4962399415792379,0.49623994157926404,-2.6145752229922437e-14,0,4.898387676108838e-08
b3603,,3,4,0.4962399415792379,0.49623994157925994,-2.2037927038809357e-14,0,4.898387659013319e-08
b1189,,1,0,0.4962399415792379,0.4962399415792379,0.0,0,0.0
b4042,,7,0,0.4962399415792379,0.4962399415792379,0.0,0,0.0
b2871,,1,0,0.4962399415792379,0.49623994157927015,-3.22519788653608e-14,0,0.0
b2838,,1,424,0.4962399415792379,0.0,0.4962399415792379,1,3743.843283813012
b3809,,1,424,0.4962399415792379,0.0,0.4962399415792379,1,3743.8432838130175
b0175,,7,424,0.4962399415792379,0.0,0.4962399415792379,1,3743.8432838130047
b3041,,1,424,0.4962399415792379,0.0,0.4962399415792379,1,3743.843283813016
b0778,,1,424,0.4962399415792379,0.0,0.4962399415792379,1,3743.8432838130584
b1734,,1,4,0.4962399415792379,0.4962399415792595,-2.1593837828959295e-14,0,4.8983876619783163e-08
b2065,,1,0,0.4962399415792379,0.4962399415792379,0.0,0,0.0
b2344,,7,4,0.4962399415792379,0.4962399415790666,1.7130741269966165e-13,0,4.898387531870238e-08
b3693,,1,4,0.4962399415792379,0.4962399415792634,-2.5479618415147343e-14,0,4.8983876727633334e-08
b3909,,2,4,0.4962399415792379,0.49623994157926493,-2.7033930649622562e-14,0,4.8983876672611894e-08
b3526,,1,4,0.4962399415792379,0.49623994157925716,-1.9262369477246466e-14,0,4.898387665818518e-08
b1704,,1,424,0.4962399415792379,0.0,0.4962399415792379,1,3743.843283813004
b2601,,1,424,0.4962399415792379,0.0,0.4962399415792379,1,3743.8432838130593
b0754,,1,424,0.4962399415792379,0.0,0.4962399415792379,1,3743.843283813
b4477,,1,4,0.4962399415792379,0.49623994157926127,-2.3370194668359545e-14,0,4.8983876668116485e-08
b3648,,2,424,0.4962399415792379,0.0,0.4962399415792379,1,3743.843283813014
b1393,,1,8,0.4962399415792379,0.49623994157928397,-4.6074255521943996e-14,0,2.673507060222818e-05
b3771,,2,424,0.4962399415792379,0.0,0.4962399415792379,1,3743.8432838130148
b1198,,1,9,0.4962399415792379,0.4962399415792601,-2.220446049250313e-14,0,151.68984292462824
b1199,,1,9,0.4962399415792379,0.4962399415792628,-2.4924506902834764e-14,0,151.6898429247186
b1200,,1,9,0.4962399415792379,0.4962399415792628,-2.4924506902834764e-14,0,151.6898429247186
b0596,,1,4,0.4962399415792379,0.49623994157927787,-3.9968028886505635e-14,0,4.898387669197808e-08
b0594,,1,0,0.4962399415792379,0.49623994157925483,-1.6930901125533637e-14,0,0.0
b2541,,2,4,0.4962399415792379,0.496239941579259,-2.1094237467877974e-14,0,4.898387663138846e-08
b0348,,2,4,0.4962399415792379,0.496239941579242,-4.107825191113079e-15,0,4.898387646793002e-08
b0031,,1,424,0.4962399415792379,0.0,0.4962399415792379,1,3743.843283813034
b2478,,1,424,0.4962399415792379,0.0,0.4962399415792379,1,3743.843283812929
b0048,,1,424,0.4962399415792379,0.0,0.4962399415792379,1,3743.8432838130116
b1606,,2,424,0.4962399415792379,0.0,0.4962399415792379,1,3743.8432838130093
b2315,,1,424,0.4962399415792379,0.0,0.4962399415792379,1,3743.8432838130357
b3930,,1,8,0.4962399415792379,0.4962399415792358,2.1094237467877974e-15,0,2.6735070601959745e-05
b2262,,1,4,0.4962399415792379,0.49623994157926066,-2.275957200481571e-14,0,4.898387667109869e-08
b0736,,1,4,0.4962399415792379,0.4962399415792783,-4.04121180963557e-14,0,4.898387687427744e-08
b3058,,2,424,0.4962399415792379,0.0,0.4962399415792379,1,3743.8432838130057
b0945,,2,11,0.4962399415792379,0.4962399415792569,-1.8984813721090177e-14,0,0.08086603834494581
b1062,,1,424,0.4962399415792379,0.0,0.4962399415792379,1,3743.8432838129897
b3177,,1,424,0.4962399415792379,0.0,0.4962399415792379,1,3743.8432838130084
b0578,,2,4,0.4962399415792379,0.49623994157924994,-1.2045919817182948e-14,0,4.898387661457241e-08
b2303,,1,4,0.4962399415792379,0.496239941579269,-3.108624468950438e-14,0,4.8983876633042994e-08
b3389,,1,424,0.4962399415792379,0.0,0.4962399415792379,1,3743.8432838130116
b1693,,1,424,0.4962399415792379,0.0,0.4962399415792379,1,3743.8432838130034
b0421,,2,424,0.4962399415792379,0.0,0.4962399415792379,1,3743.8432838130298
b0029,,2,424,0.4962399415792379,0.0,0.4962399415792379,1,3743.8432838130357
b2232,,2,4,0.4962399415792379,0.49623994157926016,-2.225997164373439e-14,0,4.89838766474749e-08
b1588,,3,0,0.4962399415792379,0.4962399415792364,1.4988010832439613e-15,0,0.0
b0895,,4,4,0.4962399415792379,0.49623994157926227,-2.4369395390522186e-14,0,4.898387666270767e-08
b1587,,3,0,0.4962399415792379,0.4962399415792364,1.4988010832439613e-15,0,0.0
b0894,,4,4,0.4962399415792379,0.49623994157926227,-2.4369395390522186e-14,0,4.898387666270767e-08
b1590,,3,0,0.4962399415792379,0.4962399415792364,1.4988010832439613e-15,0,0.0
b0896,,4,4,0.4962399415792379,0.49623994157926227,-2.4369395390522186e-14,0,4.898387666270767e-08
b1589,,3,0,0.4962399415792379,0.4962399415792364,1.4988010832439613e-15,0,0.0
b1872,,4,0,0.4962399415792379,0.4962399415792396,-1.7208456881689926e-15,0,0.0
b1873,,4,0,0.4962399415792379,0.4962399415792396,-1.7208456881689926e-15,0,0.0
b0099,,3,424,0.4962399415792379,0.0,0.4962399415792379,1,3743.843283809853
b1865,,2,424,0.4962399415792379,0.0,0.4962399415792379,1,3743.843283812972
b3575,,1,8,0.4962399415792379,0.4962399415792224,1.5487611193520934e-14,0,2.6735070601860008e-05
b0103,,1,424,0.4962399415792379,0.0,0.4962399415792379,1,3743.843283813027
b3774,,3,424,0.4962399415792379,0.0,0.4962399415792379,1,3743.8432838130134
b0425,,1,424,0.4962399415792379,0.0,0.4962399415792379,1,3743.843283812981
b4381,,1,4,0.4962399415792379,0.4962399415792646,-2.6700863742235015e-14,0,4.898387666774711e-08
b1185,,2,4,0.4962399415792379,0.4962399415792628,-2.4924506902834764e-14,0,4.8983876691846794e-08
b3860,,2,4,0.4962399415792379,0.4962399415792628,-2.4924506902834764e-14,0,4.8983876691846794e-08
b2893,,2,4,0.4962399415792379,0.49623994157912305,1.1485257189747244e-13,0,4.8983876039673624e-08
b2582,,10,5,0.4962399415792379,0.4962399415792624,-2.4480417692984702e-14,0,0.07564990384240566
b4136,,3,4,0.4962399415792379,0.496239941579258,-2.0095036745715333e-14,0,4.898387658577731e-08
b3781,,10,5,0.4962399415792379,0.4962399415792624,-2.4480417692984702e-14,0,0.07564990384240566
b0604,,2,4,0.4962399415792379,0.496239941579256,-1.8096635301390052e-14,0,4.8983876571536974e-08
b4122,,2,438,0.4962399415792379,0.45007735406346855,0.04616258751576935,0,663.4401452724611
b1098,,1,424,0.4962399415792379,0.0,0.4962399415792379,1,3743.843283813016
b2146,,1,4,0.4962399415792379,0.4962399415792631,-2.5202062658991053e-14,0,4.898387653595334e-08
b2147,,1,4,0.4962399415792379,0.49623994157920587,3.2029934260435766e-14,0,4.8983876289466784e-08
b1238,,2,0,0.4962399415792379,0.4962399415792379,0.0,0,0.0
b4384,,7,7,0.4962399415792379,0.49623994157927126,-3.3362201889985954e-14,0,7.807492986686058e-07
b4382,,2,0,0.4962399415792379,0.49623994157921436,2.353672812205332e-14,0,0.0
b2251,,3,295,0.4962399415792379,0.49611110535208897,0.00012883622714893184,0,0.0029796875960225043
b3640,,1,295,0.4962399415792379,0.49611110535208897,0.00012883622714893184,0,0.0029796875960225043
b0173,,1,424,0.4962399415792379,0.0,0.4962399415792379,1,3743.8432838130107
b0420,,1,424,0.4962399415792379,0.0,0.4962399415792379,1,3743.8432838129884
b3564,,2,8,0.4962399415792379,0.49623994157925794,-2.0039525594484076e-14,0,2.6735070601991376e-05
b1779,,2,431,0.4962399415792379,0.0,0.4962399415792379,1,4000.673328970197
b2927,,1,424,0.4962399415792379,0.0,0.4962399415792379,1,3743.843283813006
b1288,,26,424,0.4962399415792379,0.0,0.4962399415792379,1,3743.8432838130248
b3622,,2,4,0.4962399415792379,0.496239941579269,-3.108624468950438e-14,0,4.898387669286669e-08
b3793,,3,4,0.4962399415792379,0.4962399415792722,-3.430589146091734e-14,0,4.89838767234485e-08
b3785,,3,4,0.4962399415792379,0.4962399415792722,-3.430589146091734e-14,0,4.89838767234485e-08
b3792,,1,4,0.4962399415792379,0.4962399415792659,-2.7977620220553945e-14,0,4.898387658167018e-08
b2341,,16,451,0.4962399415792379,0.48392769772741295,0.012312243851824944,0,10.680508182071613
b1850,,2,4,0.4962399415792379,0.4962399415792577,-1.9817480989559044e-14,0,4.8983876614379556e-08
b1851,,1,0,0.4962399415792379,0.4962399415792809,-4.3021142204224816e-14,0,0.0
b1054,,1,4,0.4962399415792379,0.4962399415792669,-2.8976820942716586e-14,0,4.898387660814328e-08
b1855,,2,0,0.4962399415792379,0.4962399415792444,-6.494804694057166e-15,0,0.0
b2378,,1,4,0.4962399415792379,0.49623994157926316,-2.525757381022231e-14,0,4.8983876676036355e-08
b2779,,1,431,0.4962399415792379,0.28518457189972374,0.21105536967951416,0,2280.2922416218516
b0583,,1,4,0.4962399415792379,0.4962399415792382,-2.7755575615628914e-16,0,4.8983876493610565e-08
b0585,,2,4,0.4962399415792379,0.4962399415792554,-1.7486012637846216e-14,0,4.8983876588999114e-08
b2441,,1,0,0.4962399415792379,0.4962399415792849,-4.701794509287538e-14,0,0.0
b2440,,1,0,0.4962399415792379,0.4962399415792849,-4.701794509287538e-14,0,0.0
b3946,,1,5,0.4962399415792379,0.49623994157918294,5.495603971894525e-14,0,151.68984287532678
b0825,,1,5,0.4962399415792379,0.49623994157918294,5.495603971894525e-14,0,151.68984287532678
b0822,,5,0,0.4962399415792379,0.4962399415792569,-1.8984813721090177e-14,0,0.0
b3666,,4,0,0.4962399415792379,0.49623994157926304,-2.5146551507759796e-14,0,0.0
b0404,,7,4,0.4962399415792379,0.4962399415792632,-2.531308496145357e-14,0,4.898387657943788e-08
b0452,,10,452,0.4962399415792379,0.4839276977273584,0.012312243851879512,0,10.680573995059648
b1805,,10,0,0.4962399415792379,0.4962399415792701,-3.219646771412954e-14,0,0.0
b1701,,10,0,0.4962399415792379,0.4962399415792701,-3.219646771412954e-14,0,0.0
b3844,,6,362,0.4962399415792379,0.4935630384598326,0.0026769031194052717,0,5.414783948982256
b2764,,4,424,0.4962399415792379,0.0,0.4962399415792379,1,3743.843283813008
b2763,,4,424,0.4962399415792379,0.0,0.4962399415792379,1,3743.843283813022
b2925,,2,421,0.4962399415792379,0.48771708362073496,0.008522857958502938,0,86.72518375103293
b1773,,1,9,0.4962399415792379,0.4962399415792641,-2.6201263381153694e-14,0,45.841080114630714
b2097,,1,9,0.4962399415792379,0.4962399415792641,-2.6201263381153694e-14,0,45.841080114630714
b3925,,1,0,0.4962399415792379,0.4962399415792379,0.0,0,0.0
b2930,,1,0,0.4962399415792379,0.4962399415792379,0.0,0,0.0
b4232,,1,0,0.4962399415792379,0.4962399415792379,0.0,0,0.0
b2802,,1,4,0.4962399415792379,0.4962399415792584,-2.0483614804334138e-14,0,4.898387661432604e-08
b2803,,1,4,0.4962399415792379,0.49623994157931883,-8.093525849517391e-14,0,4.8983876884279915e-08
b2738,,1,4,0.4962399415792379,0.49623994157925677,-1.887379141862766e-14,0,4.8983876633607105e-08
b2800,,1,4,0.4962399415792379,0.49623994157925677,-1.887379141862766e-14,0,4.8983876633607105e-08
b0475,,1,424,0.4962399415792379,0.0,0.4962399415792379,1,3743.8432838130216
b1476,,2,4,0.4962399415792379,0.49623994157927037,-3.247402347028583e-14,0,4.8983876678745385e-08
b1474,,2,4,0.4962399415792379,0.4962399415792668,-2.892130979148533e-14,0,4.898387660739661e-08
b1475,,2,4,0.4962399415792379,0.4962399415792668,-2.892130979148533e-14,0,4.898387660739661e-08
b3892,,2,4,0.4962399415792379,0.4962399415792668,-2.892130979148533e-14,0,4.898387660739661e-08
b3893,,2,4,0.4962399415792379,0.4962399415792668,-2.892130979148533e-14,0,4.898387660739661e-08
b3894,,2,4,0.4962399415792379,0.4962399415792668,-2.892130979148533e-14,0,4.898387660739661e-08
b0935,,5,4,0.4962399415792379,0.4962399415792684,-3.047562202596055e-14,0,4.898387694505177e-08
b3409,,1,0,0.4962399415792379,0.4962399415792547,-1.6819878823071122e-14,0,0.0
b2392,,2,0,0.4962399415792379,0.4962399415792379,0.0,0,0.0
b4290,,1,4,0.4962399415792379,0.4962399415792614,-2.348121697082206e-14,0,4.898387666758504e-08
b4288,,1,4,0.4962399415792379,0.4962399415792614,-2.348121697082206e-14,0,4.898387666758504e-08
b4287,,1,4,0.4962399415792379,0.4962399415792614,-2.348121697082206e-14,0,4.898387666758504e-08
b4289,,1,4,0.4962399415792379,0.4962399415792614,-2.348121697082206e-14,0,4.898387666758504e-08
b4291,,1,4,0.4962399415792379,0.4962399415792614,-2.348121697082206e-14,0,4.898387666758504e-08
b0589,,2,0,0.4962399415792379,0.49623994157927903,-4.113376306236205e-14,0,0.0
b0588,,2,0,0.4962399415792379,0.49623994157927903,-4.113376306236205e-14,0,0.0
b0592,,2,0,0.4962399415792379,0.49623994157927903,-4.113376306236205e-14,0,0.0
b0590,,2,0,0.4962399415792379,0.49623994157927903,-4.113376306236205e-14,0,0.0
b2155,,1,4,0.4962399415792379,0.49623994157925233,-1.4432899320127035e-14,0,4.898387658444982e-08
b0805,,1,4,0.4962399415792379,0.49623994157925233,-1.4432899320127035e-14,0,4.898387658444982e-08
b0150,,3,4,0.4962399415792379,0.4962399415792619,-2.398081733190338e-14,0,4.8983876583840697e-08
b0584,,1,4,0.4962399415792379,0.4962399415792554,-1.7486012637846216e-14,0,4.898387684787173e-08
b0591,,1,4,0.4962399415792379,0.4962399415782702,9.676703882632864e-13,0,4.898387042249187e-08
b4367,,3,4,0.4962399415792379,0.4962399415792475,-9.603429163007604e-15,0,4.898387661788862e-08
b4209,,1,235,0.4962399415792379,0.49622552136017173,1.4420219066169082e-05,0,7.791758422388644e-05
b2486,,1,0,0.4962399415792379,0.4962399415792379,0.0,0,0.0
b4079,,1,0,0.4962399415792379,0.4962399415792379,0.0,0,0.0
b2722,,2,0,0.4962399415792379,0.4962399415792379,0.0,0,0.0
b2483,,1,0,0.4962399415792379,0.4962399415792379,0.0,0,0.0
b2719,,2,0,0.4962399415792379,0.4962399415792379,0.0,0,0.0
b2723,,2,0,0.4962399415792379,0.4962399415792379,0.0,0,0.0
b2721,,2,0,0.4962399415792379,0.4962399415792379,0.0,0,0.0
b2481,,1,0,0.4962399415792379,0.4962399415792379,0.0,0,0.0
b2485,,1,0,0.4962399415792379,0.4962399415792379,0.0,0,0.0
b2484,,1,0,0.4962399415792379,0.4962399415792379,0.0,0,0.0
b2724,,2,0,0.4962399415792379,0.4962399415792379,0.0,0,0.0
b2482,,1,0,0.4962399415792379,0.4962399415792379,0.0,0,0.0
b2489,,1,0,0.4962399415792379,0.4962399415792379,0.0,0,0.0
b2720,,2,0,0.4962399415792379,0.4962399415792379,0.0,0,0.0
b2488,,1,0,0.4962399415792379,0.4962399415792379,0.0,0,0.0
b2490,,1,0,0.4962399415792379,0.4962399415792379,0.0,0,0.0
b2487,,1,0,0.4962399415792379,0.4962399415792379,0.0,0,0.0
b3924,,5,296,0.4962399415792379,0.4961090108267139,0.00013093075252401665,0,0.017382877075003012
b0684,,7,424,0.4962399415792379,0.0,0.4962399415792379,1,3743.8432838130443
b2895,,7,424,0.4962399415792379,0.0,0.4962399415792379,1,3743.843283813007
b3288,,1,4,0.4962399415792379,0.49623994157926354,-2.5646151868841116e-14,0,4.89838765977195e-08
b0025,,2,424,0.4962399415792379,0.0,0.4962399415792379,1,3743.8432838130143
b0937,,2,8,0.4962399415792379,0.49623994157929446,-5.6565863104651726e-14,0,2.6735070602185733e-05
b2912,,1,0,0.4962399415792379,0.4962399415792379,0.0,0,0.0
b2374,,1,4,0.4962399415792379,0.4962399415792607,-2.2815083156046967e-14,0,4.898387667188218e-08
b2492,,2,4,0.4962399415792379,0.4962399415807903,-1.5524248553333564e-12,0,4.898388354555309e-08
b0904,,2,4,0.4962399415792379,0.4962399415807903,-1.5524248553333564e-12,0,4.898388354555309e-08
b4154,,2,0,0.4962399415792379,0.4962399415792379,0.0,0,0.0
b4152,,2,0,0.4962399415792379,0.4962399415792379,0.0,0,0.0
b4153,,2,0,0.4962399415792379,0.4962399415792379,0.0,0,0.0
b4151,,2,0,0.4962399415792379,0.4962399415792379,0.0,0,0.0
b2168,,1,4,0.4962399415792379,0.49623994157926665,-2.8754776337791554e-14,0,4.8983876765959636e-08
b3371,,1,4,0.4962399415792379,0.4962399415792535,-1.559863349598345e-14,0,4.898387654291059e-08
b4474,,1,4,0.4962399415792379,0.4962399415792593,-2.142730437526552e-14,0,4.8983876628016066e-08
b3374,,1,4,0.4962399415792379,0.4962399415792138,2.4091839634365897e-14,0,4.8983876467363045e-08
b3370,,2,4,0.4962399415792379,0.49623994157926443,-2.653433028854124e-14,0,4.898387662653974e-08
b4321,,2,0,0.4962399415792379,0.4962399415792514,-1.3489209749195652e-14,0,0.0
b2169,,1,4,0.4962399415792379,0.4962399415792539,-1.5987211554602254e-14,0,4.8983876615281825e-08
b2167,,1,4,0.4962399415792379,0.4962399415792539,-1.5987211554602254e-14,0,4.8983876615281825e-08
b1232,,1,0,0.4962399415792379,0.4962399415792496,-1.1712852909795402e-14,0,0.0
b2801,,1,4,0.4962399415792379,0.49623994157926493,-2.7033930649622562e-14,0,4.898387657438419e-08
b1611,,1,433,0.4962399415792379,0.4500773540634618,0.04616258751577612,0,663.0350759873968
b1612,,1,433,0.4962399415792379,0.4500773540634618,0.04616258751577612,0,663.0350759873968
b0621,,4,0,0.4962399415792379,0.4962399415792379,0.0,0,0.0
b3730,,2,424,0.4962399415792379,0.0,0.4962399415792379,1,3743.843283813028
b1002,,2,8,0.4962399415792379,0.4962399415792558,-1.7930101847696278e-14,0,2.6735070602108094e-05
b3789,,1,4,0.4962399415792379,0.49623994157925777,-1.9872992140790302e-14,0,4.898387661736852e-08
b2039,,1,4,0.4962399415792379,0.49623994157925777,-1.9872992140790302e-14,0,4.898387661736852e-08
b0154,,1,424,0.4962399415792379,0.0,0.4962399415792379,1,3743.8432838130384
b2533,,2,4,0.4962399415792379,0.49623994157926615,-2.8255175976710234e-14,0,4.8983876610951965e-08
b4055,,17,0,0.4962399415792379,0.496239941579239,-1.1102230246251565e-15,0,0.0
b4041,,7,10,0.4962399415792379,0.49623994157926365,-2.5757174171303632e-14,0,0.007187741914851814
b3451,,7,0,0.4962399415792379,0.4962399415792516,-1.3711254354120683e-14,0,0.0
b3452,,7,0,0.4962399415792379,0.4962399415792516,-1.3711254354120683e-14,0,0.0
b3453,,7,0,0.4962399415792379,0.4962399415792516,-1.3711254354120683e-14,0,0.0
b3450,,7,0,0.4962399415792379,0.4962399415792516,-1.3711254354120683e-14,0,0.0
b3608,,1,424,0.4962399415792379,0.0,0.4962399415792379,1,3743.8432838130366
b2242,,3,4,0.4962399415792379,0.49623994157926116,-2.325917236589703e-14,0,4.898387656399338e-08
b2241,,3,4,0.4962399415792379,0.4962399415792414,-3.497202527569243e-15,0,4.898387647624099e-08
b2243,,3,4,0.4962399415792379,0.4962399415792414,-3.497202527569243e-15,0,4.898387647624099e-08
b3426,,1,4,0.4962399415792379,0.4962399415792414,-3.497202527569243e-15,0,4.898387647624099e-08
b0243,,1,316,0.4962399415792379,0.49515361099720845,0.0010863305820294489,0,0.09296284316499925
b0678,,1,4,0.4962399415792379,0.4962399415792592,-2.1316282072803006e-14,0,4.898387658023111e-08
b1852,,1,410,0.4962399415792379,0.489328628999943,0.006911312579294893,0,31.190373175980255
b3128,,1,4,0.4962399415792379,0.496239941579255,-1.709743457922741e-14,0,4.898387647865063e-08
b4358,,1,0,0.4962399415792379,0.49623994157926227,-2.4369395390522186e-14,0,0.0
b4478,,1,4,0.4962399415792379,0.4962399415792698,-3.191891195797325e-14,0,4.898387675390598e-08
b4356,,1,0,0.4962399415792379,0.49623994157926127,-2.3370194668359545e-14,0,0.0
b3691,,1,4,0.4962399415792379,0.49623994157926005,-2.2148949341271873e-14,0,4.898387679962484e-08
b3127,,3,4,0.4962399415792379,0.49623994157927337,-3.547162563677375e-14,0,4.898387669431141e-08
b2789,,3,4,0.4962399415792379,0.49623994157927337,-3.547162563677375e-14,0,4.898387669431141e-08
b0757,,1,4,0.4962399415792379,0.4962399415792622,-2.4313884239290928e-14,0,4.8983876550230945e-08
b2045,,1,4,0.4962399415792379,0.4962399415792622,-2.4313884239290928e-14,0,4.8983876550230945e-08
b0756,,1,0,0.4962399415792379,0.49623994157926377,-2.5868196473766147e-14,0,0.0
b4119,,1,0,0.4962399415792379,0.49623994157928636,-4.846123502488808e-14,0,0.0
b3628,,1,0,0.4962399415792379,0.4962399415792625,-2.4591439995447217e-14,0,0.0
b2093,,1,0,0.4962399415792379,0.49623994157977913,-5.412337245047638e-13,0,0.0
b2092,,1,0,0.4962399415792379,0.49623994157977913,-5.412337245047638e-13,0,0.0
b2094,,1,0,0.4962399415792379,0.49623994157977913,-5.412337245047638e-13,0,0.0
b3093,,2,0,0.4962399415792379,0.4962399415792622,-2.4313884239290928e-14,0,0.0
b1236,,1,4,0.4962399415792379,0.49623994157885987,3.780309398848658e-13,0,4.898387413638897e-08
b4230,,2,0,0.4962399415792379,0.4962399415834824,-4.244493645444436e-12,0,0.0
b2148,,2,0,0.4962399415792379,0.4962399415792379,0.0,0,0.0
b2149,,2,0,0.4962399415792379,0.4962399415792379,0.0,0,0.0
b2150,,2,0,0.4962399415792379,0.4962399415792379,0.0,0,0.0
b4231,,2,0,0.4962399415792379,0.4962399415834824,-4.244493645444436e-12,0,0.0
b4485,,2,0,0.4962399415792379,0.4962399415834824,-4.244493645444436e-12,0,0.0
b4227,,2,0,0.4962399415792379,0.4962399415834824,-4.244493645444436e-12,0,0.0
b2943,,2,4,0.4962399415792379,0.49623994157925855,-2.0650148258027912e-14,0,4.8983876770929e-08
b2500,,1,348,0.4962399415792379,0.4943875194500787,0.0018524221291592036,0,0.17197804424843813
b1415,,2,424,0.4962399415792379,0.0,0.4962399415792379,1,3743.8432838130375
b2052,,2,8,0.4962399415792379,0.49623994157925677,-1.887379141862766e-14,0,2.6735070602125157e-05
b2784,,2,0,0.4962399415792379,0.4962399415792379,0.0,0,0.0
b3650,,3,4,0.4962399415792379,0.49623994157926504,-2.7144952952085077e-14,0,4.8983876615556436e-08
b2051,,1,0,0.4962399415792379,0.4962399415792379,0.0,0,0.0
b2467,,1,0,0.4962399415792379,0.4962399415792379,0.0,0,0.0
b3729,,1,424,0.4962399415792379,0.0,0.4962399415792379,1,3743.8432838130725
b1298,,1,4,0.4962399415792379,0.496239941579249,-1.1102230246251565e-14,0,4.8983876822282106e-08
b1301,,1,0,0.4962399415792379,0.4962399415792379,0.0,0,0.0
b1297,,2,424,0.4962399415792379,0.0,0.4962399415792379,1,3743.843283813013
b3882,,1,4,0.4962399415792379,0.4962399415792479,-9.992007221626409e-15,0,4.8983876426208514e-08
b3432,,1,4,0.4962399415792379,0.49623994157869433,5.435651928564766e-13,0,4.898387311818529e-08
b0459,,2,4,0.4962399415792379,0.49623994157927087,-3.297362383136715e-14,0,4.898387665143989e-08
b0124,,1,0,0.4962399415792379,0.49623994157925394,-1.6042722705833512e-14,0,0.0
b0837,,1,0,0.4962399415792379,0.49623994157925394,-1.6042722705833512e-14,0,0.0
b4476,,1,0,0.4962399415792379,0.49623994157924234,-4.440892098500626e-15,0,0.0
b3415,,1,0,0.4962399415792379,0.49623994157924234,-4.440892098500626e-15,0,0.0
b3417,,5,0,0.4962399415792379,0.49623994157925544,-1.7541523789077473e-14,0,0.0
b3428,,2,4,0.4962399415792379,0.496239941579255,-1.709743457922741e-14,0,4.898387664472928e-08
b3126,,1,4,0.4962399415792379,0.49623994157926027,-2.2370993946196904e-14,0,4.8983876601951326e-08
b2787,,1,4,0.4962399415792379,0.4962399415792635,-2.5590640717609858e-14,0,4.89838766244675e-08
b2788,,1,4,0.4962399415792379,0.4962399415792635,-2.5590640717609858e-14,0,4.89838766244675e-08
b3429,,1,4,0.4962399415792379,0.4962399415794041,-1.6620038678638593e-13,0,4.898387724273403e-08
b3631,,1,4,0.4962399415792379,0.49623994157926116,-2.325917236589703e-14,0,4.8983876438161115e-08
b3627,,1,0,0.4962399415792379,0.4962399415792625,-2.4591439995447217e-14,0,0.0
b3626,,1,0,0.4962399415792379,0.4962399415792613,-2.3425705819590803e-14,0,0.0
b1621,,2,421,0.4962399415792379,0.47142794450030245,0.024811997078935444,0,510.3478891686457
b3431,,1,4,0.4962399415792379,0.4962399415793655,-1.2762013668066174e-13,0,4.8983877040798627e-08
b3430,,1,0,0.4962399415792379,0.4962399415792379,0.0,0,0.0
b3870,,1,424,0.4962399415792379,0.0,0.4962399415792379,1,3743.843283813013
b0680,,1,4,0.4962399415792379,0.4962399415792479,-9.992007221626409e-15,0,4.8983876426208514e-08
b0809,,1,0,0.4962399415792379,0.4962399415792596,-2.170486013142181e-14,0,0.0
b0810,,1,0,0.4962399415792379,0.4962399415792596,-2.170486013142181e-14,0,0.0
b0811,,1,0,0.4962399415792379,0.4962399415792596,-2.170486013142181e-14,0,0.0
b2091,,1,0,0.4962399415792379,0.4962399415829226,-3.684719196428432e-12,0,0.0
b0242,,1,314,0.4962399415792379,0.4951536109972043,0.0010863305820336122,0,0.09296126155711315
b1492,,1,4,0.4962399415792379,0.4962399415761805,3.0573876763639873e-12,0,4.898386262519206e-08
b2688,,1,0,0.4962399415792379,0.4962399415792379,0.0,0,0.0
b1493,,1,4,0.4962399415792379,0.49623994157925827,-2.0372592501871623e-14,0,4.898387645138904e-08
b3517,,1,4,0.4962399415792379,0.49623994157925827,-2.0372592501871623e-14,0,4.898387645138904e-08
b1761,,1,417,0.4962399415792379,0.4574742624779757,0.03876567910126222,0,57.44475052548063
b1524,,1,4,0.4962399415792379,0.4962399415792611,-2.3203661214665772e-14,0,4.8983876642168954e-08
b0485,,1,4,0.4962399415792379,0.4962399415792611,-2.3203661214665772e-14,0,4.8983876642168954e-08
b2312,,1,424,0.4962399415792379,0.0,0.4962399415792379,1,3743.8432838129866
b3967,,1,424,0.4962399415792379,0.0,0.4962399415792379,1,3743.843283813026
b3213,,1,4,0.4962399415792379,0.4962399415792471,-9.2148511043888e-15,0,4.898387658988661e-08
b3212,,1,0,0.4962399415792379,0.4962399415792379,0.0,0,0.0
b1210,,1,424,0.4962399415792379,0.0,0.4962399415792379,1,3743.8432838130166
b2400,,1,424,0.4962399415792379,0.0,0.4962399415792379,1,3743.8432838130193
b3653,,1,4,0.4962399415792379,0.4962399415792517,-1.3822276656583199e-14,0,4.898387645447181e-08
b0507,,1,0,0.4962399415792379,0.4962399415792379,0.0,0,0.0
b3927,,3,4,0.4962399415792379,0.49623994157524565,3.9922509742496e-12,0,4.898385840504461e-08
b3617,,1,4,0.4962399415792379,0.49623994157924567,-7.771561172376096e-15,0,4.8983876528951314e-08
b2240,,1,4,0.4962399415792379,0.49623994157921947,1.84297022087776e-14,0,4.8983876418592146e-08
b0514,,1,0,0.4962399415792379,0.4962399415792379,0.0,0,0.0
b3124,,1,0,0.4962399415792379,0.4962399415792379,0.0,0,0.0
b2904,,1,294,0.4962399415792379,0.4960383248139016,0.0002016167653363099,0,0.03204878082463082
b2903,,1,294,0.4962399415792379,0.4960383248139016,0.0002016167653363099,0,0.03204878082463082
b2905,,1,294,0.4962399415792379,0.4960383248139016,0.0002016167653363099,0,0.03204878082463082
b1033,,4,0,0.4962399415792379,0.49623994157925605,-1.815214645262131e-14,0,0.0
b4468,,3,87,0.4962399415792379,0.496237882288063,2.0592911749162113e-06,0,2.468052291771869e-06
b4467,,3,87,0.4962399415792379,0.496237882288063,2.0592911749162113e-06,0,2.468052291771869e-06
b2979,,3,87,0.4962399415792379,0.496237882288063,2.0592911749162113e-06,0,2.468052291771869e-06
b3926,,1,4,0.4962399415792379,0.4962399415792532,-1.532107773982716e-14,0,4.898387647847012e-08
b0212,,1,0,0.4962399415792379,0.4962399415792379,0.0,0,0.0
b3559,,1,4,0.4962399415792379,0.49623994157931395,-7.605027718682322e-14,0,4.898387697809074e-08
b3560,,1,4,0.4962399415792379,0.49623994157931395,-7.605027718682322e-14,0,4.898387697809074e-08
b2053,,1,4,0.4962399415792379,0.49623994157927953,-4.163336342344337e-14,0,4.898387668738497e-08
b3052,,2,0,0.4962399415792379,0.4962399415792659,-2.7977620220553945e-14,0,0.0
b0200,,1,0,0.4962399415792379,0.4962399415792526,-1.4710455076283324e-14,0,0.0
b0104,,1,0,0.4962399415792379,0.4962399415792379,0.0,0,0.0
b2507,,1,424,0.4962399415792379,0.0,0.4962399415792379,1,3743.843283813022
b2029,,1,411,0.4962399415792379,0.4893286289999368,0.00691131257930111,0,31.19026133271159
b3437,,1,0,0.4962399415792379,0.49623994157926327,-2.5368596112684827e-14,0,0.0
b4268,,1,0,0.4962399415792379,0.49623994157926327,-2.5368596112684827e-14,0,0.0
b3449,,5,4,0.4962399415792379,0.4962399415792602,-2.2315482794965646e-14,0,4.898387656949541e-08
b2239,,5,4,0.4962399415792379,0.49623994157927137,-3.347322419244847e-14,0,4.898387666432439e-08
b1654,,6,4,0.4962399415792379,0.4962399415792643,-2.6423307986078726e-14,0,4.898387663528848e-08
b3610,,6,4,0.4962399415792379,0.4962399415792643,-2.6423307986078726e-14,0,4.898387663528848e-08
b0849,,6,4,0.4962399415792379,0.4962399415792643,-2.6423307986078726e-14,0,4.898387663528848e-08
b0477,,2,0,0.4962399415792379,0.49623994157926304,-2.5146551507759796e-14,0,0.0
b2988,,2,4,0.4962399415792379,0.4962399415792705,-3.2585045772748344e-14,0,4.898387661962627e-08
b3500,,1,0,0.4962399415792379,0.49623994157985063,-6.127320872906239e-13,0,0.0
b1710,,2,4,0.4962399415792379,0.49623994157925694,-1.9040324872321435e-14,0,4.89838766080866e-08
b3447,,1,4,0.4962399415792379,0.49623994157924445,-6.5503158452884236e-15,0,4.898387649418908e-08
b0832,,1,0,0.4962399415792379,0.4962399415792379,0.0,0,0.0
b0829,,1,0,0.4962399415792379,0.4962399415792379,0.0,0,0.0
b0831,,1,0,0.4962399415792379,0.4962399415792379,0.0,0,0.0
b0830,,1,0,0.4962399415792379,0.4962399415792379,0.0,0,0.0
b2947,,1,4,0.4962399415792379,0.4962399415793083,-7.038813976123492e-14,0,4.898387678613234e-08
b2153,,1,424,0.4962399415792379,0.0,0.4962399415792379,1,3743.843283813042
b1277,,1,424,0.4962399415792379,0.0,0.4962399415792379,1,3743.8432838130416
b3779,,1,8,0.4962399415792379,0.4962399415792601,-2.220446049250313e-14,0,2.6735070602074382e-05
b2883,,1,4,0.4962399415792379,0.49623994157925677,-1.887379141862766e-14,0,4.898387662452118e-08
b0125,,2,0,0.4962399415792379,0.4962399415792379,0.0,0,0.0
b0238,,3,0,0.4962399415792379,0.49623994157929846,-6.056266599330229e-14,0,0.0
b3092,,2,4,0.4962399415792379,0.49623994157925905,-2.1149748619109232e-14,0,4.898387663644727e-08
b1319,,1,438,0.4962399415792379,0.15173357089991102,0.3445063706793269,0,19645.341310106698
b3875,,1,438,0.4962399415792379,0.15173357089991102,0.3445063706793269,0,19645.341310106698
b0957,,1,438,0.4962399415792379,0.15173357089991102,0.3445063706793269,0,19645.341310106698
b0875,,1,441,0.4962399415792379,0.1565017882318442,0.33973815334739366,0,20422.806580369568
b1395,,1,4,0.4962399415792379,0.49623994157926565,-2.7755575615628914e-14,0,4.898387669646142e-08
b4040,,1,424,0.4962399415792379,0.0,0.4962399415792379,1,3743.8432838130534
b0353,,2,4,0.4962399415792379,0.4962399415792628,-2.4924506902834764e-14,0,4.898387661434482e-08
b0339,,1,424,0.4962399415792379,0.0,0.4962399415792379,1,3743.8432838130234
b0126,,1,424,0.4962399415792379,0.0,0.4962399415792379,1,3743.8432838131175
b0261,,2,8,0.4962399415792379,0.4962399415792617,-2.3814283878209608e-14,0,2.673507060216154e-05
b0428,,1,0,0.4962399415792379,0.4962399415698429,9.394984790134231e-12,0,0.0
b3630,,1,4,0.4962399415792379,0.49623994157926105,-2.3148150063434514e-14,0,4.8983876612706276e-08
b3625,,1,4,0.4962399415792379,0.49623994157927254,-3.4638958368304884e-14,0,4.898387667886939e-08
b3621,,1,4,0.4962399415792379,0.49623994157924756,-9.658940314238862e-15,0,4.898387647017041e-08
b3620,,1,4,0.4962399415792379,0.4962399415792661,-2.8199664825478976e-14,0,4.8983876814506264e-08
b3632,,1,4,0.4962399415792379,0.4962399415792719,-3.402833570476105e-14,0,4.8983876858394674e-08
b3623,,1,0,0.4962399415792379,0.4962399415792493,-1.1379786002407855e-14,0,0.0
b2104,,1,4,0.4962399415792379,0.4962399415792626,-2.4702462297909733e-14,0,4.8983876667199916e-08
b2388,,1,0,0.4962399415792379,0.4962399415792379,0.0,0,0.0
b0394,,1,4,0.4962399415792379,0.4962399415792611,-2.3203661214665772e-14,0,4.898387650987515e-08
b2020,,1,424,0.4962399415792379,0.0,0.4962399415792379,1,3743.8432838130334
b2022,,2,424,0.4962399415792379,0.0,0.4962399415792379,1,3743.8432838130225
b2514,,1,8,0.4962399415792379,0.49623994157924145,-3.552713678800501e-15,0,2.6735070601926016e-05
b2309,,1,0,0.4962399415792379,0.4962399415792379,0.0,0,0.0
b0112,,4,4,0.4962399415792379,0.4962399415792575,-1.9595436384634013e-14,0,4.8983876548443143e-08
b0349,,2,4,0.4962399415792379,0.4962399415793877,-1.4982459717316488e-13,0,4.898387748547353e-08
b3805,,1,424,0.4962399415792379,0.0,0.4962399415792379,1,3743.843283813013
b2418,,4,4,0.4962399415792379,0.4962399415792894,-5.1514348342607263e-14,0,4.898387677516105e-08
b2103,,2,424,0.4962399415792379,0.0,0.4962399415792379,1,3743.8432838129984
b0813,,2,8,0.4962399415792379,0.4962399415792656,-2.7700064464397656e-14,0,2.673507060216069e-05
b3824,,1,4,0.4962399415792379,0.4962399415792661,-2.8199664825478976e-14,0,4.898387660901643e-08
b0352,,1,4,0.4962399415792379,0.49623994066606864,9.131692624286813e-10,0,4.8978186506785335e-08
b0142,,1,424,0.4962399415792379,0.0,0.4962399415792379,1,3743.843283812985
b0508,,1,0,0.4962399415792379,0.49623994157926876,-3.086420008457935e-14,0,0.0
b0003,,1,424,0.4962399415792379,0.0,0.4962399415792379,1,3743.8432838130066
b4013,,1,424,0.4962399415792379,0.0,0.4962399415792379,1,3743.8432838130143
b2021,,1,424,0.4962399415792379,0.0,0.4962399415792379,1,3743.8432838130166
b2867,,2,4,0.4962399415792379,0.496239941579247,-9.103828801926284e-15,0,4.898387648465694e-08
b2866,,2,4,0.4962399415792379,0.49623994157718493,2.0529689059856082e-12,0,4.8983867209686286e-08
b2868,,2,4,0.4962399415792379,0.49623994157718493,2.0529689059856082e-12,0,4.8983867209686286e-08
b2994,,3,0,0.4962399415792379,0.4962399415792379,0.0,0,0.0
b0973,,3,0,0.4962399415792379,0.4962399415792379,0.0,0,0.0
b0974,,3,0,0.4962399415792379,0.4962399415792379,0.0,0,0.0
b2997,,3,0,0.4962399415792379,0.4962399415792379,0.0,0,0.0
b2995,,3,0,0.4962399415792379,0.4962399415792379,0.0,0,0.0
b2996,,3,0,0.4962399415792379,0.4962399415792379,0.0,0,0.0
b0972,,3,0,0.4962399415792379,0.4962399415792379,0.0,0,0.0
b2530,,6,424,0.4962399415792379,0.0,0.4962399415792379,1,3743.8432838130248
b2529,,6,129,0.4962399415792379,0.49623724264923347,2.69893000443e-06,0,2.7516640578049554e-05
b3807,,4,424,0.4962399415792379,0.0,0.4962399415792379,1,3743.8432838129334
b2528,,2,125,0.4962399415792379,0.4962372426492321,2.698930005817779e-06,0,8.306989923755613e-07
b1136,,1,423,0.4962399415792379,0.0,0.4962399415792379,1,4101.2797993537515
b2265,,1,0,0.4962399415792379,0.49623994157926377,-2.5868196473766147e-14,0,0.0
b0593,,1,4,0.4962399415792379,0.49623994157926155,-2.3647750424515834e-14,0,4.898387653658383e-08
b0595,,1,4,0.4962399415792379,0.4962399415792776,-3.9690473130349346e-14,0,4.898387670051237e-08
b4015,,1,4,0.4962399415792379,0.49623994157925966,-2.1760371282653068e-14,0,4.8983876617571084e-08
b4267,,2,0,0.4962399415792379,0.4962399415792658,-2.7922109069322687e-14,0,0.0
b2023,,1,424,0.4962399415792379,0.0,0.4962399415792379,1,3743.843283813006
b2025,,1,424,0.4962399415792379,0.0,0.4962399415792379,1,3743.843283812988
b1262,,2,424,0.4962399415792379,0.0,0.4962399415792379,1,3743.8432838130275
b3770,,4,424,0.4962399415792379,0.0,0.4962399415792379,1,3743.8432838128883
b0026,,1,8,0.4962399415792379,0.49623994157925766,-1.9761969838327786e-14,0,2.6735070602043886e-05
b0401,,3,0,0.4962399415792379,0.4962399415792632,-2.531308496145357e-14,0,0.0
b2508,,1,323,0.4962399415792379,0.49504251676368777,0.00119742481555013,0,0.1247843004971238
b3265,,1,0,0.4962399415792379,0.4962399415792379,0.0,0,0.0
b3266,,1,0,0.4962399415792379,0.4962399415792379,0.0,0,0.0
b3161,,2,4,0.4962399415792379,0.49623994157924545,-7.549516567451064e-15,0,4.8983876565118416e-08
b3679,,1,4,0.4962399415792379,0.4962399415792628,-2.4924506902834764e-14,0,4.8983876705881435e-08
b2889,,1,4,0.4962399415792379,0.49623994157925627,-1.837419105754634e-14,0,4.89838765943582e-08
b0073,,1,424,0.4962399415792379,0.0,0.4962399415792379,1,3743.843283813006
b0071,,2,424,0.4962399415792379,0.0,0.4962399415792379,1,3743.843283813057
b0072,,2,424,0.4962399415792379,0.0,0.4962399415792379,1,3743.8432838130216
b0074,,1,424,0.4962399415792379,0.0,0.4962399415792379,1,3743.843283812932
b0918,,1,424,0.4962399415792379,0.0,0.4962399415792379,1,3743.843283813013
b3198,,1,424,0.4962399415792379,0.0,0.4962399415792379,1,3743.8432838130357
b1215,,1,424,0.4962399415792379,0.0,0.4962399415792379,1,3743.843283812997
b4196,,1,4,0.4962399415792379,0.4962399415792794,-4.1522341120980855e-14,0,4.8983876694956424e-08
b3581,,1,4,0.4962399415792379,0.49623994157925894,-2.1038726316646716e-14,0,4.898387661033348e-08
b0697,,1,0,0.4962399415792379,0.4962399415792379,0.0,0,0.0
b4513,,1,0,0.4962399415792379,0.4962399415792379,0.0,0,0.0
b0698,,1,0,0.4962399415792379,0.4962399415792379,0.0,0,0.0
b0696,,1,0,0.4962399415792379,0.4962399415792379,0.0,0,0.0
b3747,,1,314,0.4962399415792379,0.49551998154842797,0.0007199600308099297,0,0.022975256536602748
b1363,,1,314,0.4962399415792379,0.49551998154842797,0.0007199600308099297,0,0.022975256536602748
b1250,,1,314,0.4962399415792379,0.49551998154842797,0.0007199600308099297,0,0.022975256536602748
b3849,,1,314,0.4962399415792379,0.49551998154842797,0.0007199600308099297,0,0.022975256536602748
b1291,,1,314,0.4962399415792379,0.49551998154842797,0.0007199600308099297,0,0.022975256536602748
b3290,,1,314,0.4962399415792379,0.49551998154842797,0.0007199600308099297,0,0.022975256536602748
b0047,,1,0,0.4962399415792379,0.4962399415792668,-2.892130979148533e-14,0,0.0
b0842,,2,0,0.4962399415792379,0.4962399415792668,-2.892130979148533e-14,0,0.0
b3350,,1,0,0.4962399415792379,0.4962399415792668,-2.892130979148533e-14,0,0.0
b3605,,2,0,0.4962399415792379,0.49623994157926254,-2.4646951146678475e-14,0,0.0
b0306,,2,0,0.4962399415792379,0.49623994157926254,-2.4646951146678475e-14,0,0.0
b0307,,2,0,0.4962399415792379,0.49623994157926254,-2.4646951146678475e-14,0,0.0
b0308,,2,0,0.4962399415792379,0.49623994157926254,-2.4646951146678475e-14,0,0.0
b2257,,1,0,0.4962399415792379,0.4962399415792509,-1.2989609388114332e-14,0,0.0
b0344,,1,4,0.4962399415792379,0.4962399415792622,-2.4313884239290928e-14,0,4.898387673050372e-08
b2132,,1,4,0.4962399415792379,0.4962399415792776,-3.9690473130349346e-14,0,4.89838767273965e-08
b1326,,1,0,0.4962399415792379,0.49623994157925444,-1.6542323066914832e-14,0,0.0
b4130,,2,4,0.4962399415792379,0.4962399415792587,-2.0816681711721685e-14,0,4.898387660041597e-08
b3496,,2,4,0.4962399415792379,0.4962399415792587,-2.0816681711721685e-14,0,4.898387660041597e-08
b0709,,2,4,0.4962399415792379,0.4962399415792587,-2.0816681711721685e-14,0,4.898387660041597e-08
b1634,,2,4,0.4962399415792379,0.4962399415792587,-2.0816681711721685e-14,0,4.898387660041597e-08
b2799,,1,0,0.4962399415792379,0.49623994157927614,-3.824718319833664e-14,0,0.0
b2170,,1,0,0.4962399415792379,0.4962399415792379,0.0,0,0.0
b0070,,1,0,0.4962399415792379,0.4962399415792379,0.0,0,0.0
b0343,,1,4,0.4962399415792379,0.4962399415792722,-3.430589146091734e-14,0,4.898387667656488e-08
b1380,,1,0,0.4962399415792379,0.4962399415792379,0.0,0,0.0
b2133,,2,4,0.4962399415792379,0.49623994157933715,-9.9253938401489e-14,0,4.8983876924963145e-08
b4054,,3,424,0.4962399415792379,0.0,0.4962399415792379,1,3743.8432838130157
b0642,,1,4,0.4962399415792379,0.4962399415792583,-2.042810365310288e-14,0,4.8983876618085365e-08
b3458,,1,0,0.4962399415792379,0.4962399415792379,0.0,0,0.0
b1651,,1,4,0.4962399415792379,0.4962399415792766,-3.8691272408186705e-14,0,4.8983876764373295e-08
b0622,,2,0,0.4962399415792379,0.4962399415792379,0.0,0,0.0
b4386,,3,4,0.4962399415792379,0.49623994157927703,-3.913536161803677e-14,0,4.898387674479721e-08
b0630,,1,4,0.4962399415792379,0.4962399415792601,-2.220446049250313e-14,0,4.89838766600679e-08
b0628,,1,0,0.4962399415792379,0.49623994157927404,-3.6137759451548845e-14,0,0.0
b0182,,1,424,0.4962399415792379,0.0,0.4962399415792379,1,3743.8432838130107
b0494,,21,4,0.4962399415792379,0.4962399415792703,-3.241851231905457e-14,0,4.898387668169083e-08
b3825,,35,4,0.4962399415792379,0.49623994157970547,-4.675704268208847e-13,0,4.898387865203778e-08
b0186,,1,0,0.4962399415792379,0.4962399415792646,-2.6700863742235015e-14,0,0.0
b4131,,1,0,0.4962399415792379,0.4962399415792646,-2.6700863742235015e-14,0,0.0
b2890,,1,4,0.4962399415792379,0.49623994157926615,-2.8255175976710234e-14,0,4.8983876744586275e-08
b2156,,1,0,0.4962399415792379,0.4962399415792379,0.0,0,0.0
b3903,,2,4,0.4962399415792379,0.49623994157925905,-2.1149748619109232e-14,0,4.8983876575066315e-08
b3907,,2,4,0.4962399415792379,0.49623994157926504,-2.7144952952085077e-14,0,4.898387661201832e-08
b3600,,1,4,0.4962399415792379,0.4962399415792661,-2.8199664825478976e-14,0,4.898387669649774e-08
b0777,,1,424,0.4962399415792379,0.0,0.4962399415792379,1,3743.8432838130097
b1800,,1,8,0.4962399415792379,0.4962399415792813,-4.340972026284362e-14,0,2.6735070602290057e-05
b4014,,1,84,0.4962399415792379,0.4962378822880717,2.0592911662009605e-06,0,2.408809232972317e-06
b2976,,1,84,0.4962399415792379,0.4962378822880717,2.0592911662009605e-06,0,2.408809232972317e-06
b2049,,1,4,0.4962399415792379,0.4962399415792709,-3.302913498259841e-14,0,4.8983876675942526e-08
b1613,,1,4,0.4962399415792379,0.4962399415792788,-4.091171845743702e-14,0,4.8983876631625366e-08
b4323,,1,0,0.4962399415792379,0.49623994157925916,-2.1260770921571748e-14,0,0.0
b0731,,1,4,0.4962399415792379,0.496239941579256,-1.8096635301390052e-14,0,4.898387662408392e-08
b0732,,1,4,0.4962399415792379,0.49623994157927076,-3.2862601528904634e-14,0,4.8983876670432915e-08
b0334,,1,4,0.4962399415792379,0.4962399415792559,-1.7985612998927536e-14,0,4.898387681456628e-08
b0331,,1,0,0.4962399415792379,0.4962399415792514,-1.3489209749195652e-14,0,0.0
b0333,,1,0,0.4962399415792379,0.4962399415792379,0.0,0,0.0
b1092,,1,424,0.4962399415792379,0.0,0.4962399415792379,1,3743.8432838130393
b2521,,1,4,0.4962399415792379,0.4962399415795288,-2.90878432451791e-13,0,4.8983878348407234e-08
b0149,,5,424,0.4962399415792379,0.0,0.4962399415792379,1,3743.8432838130157
b0635,,2,424,0.4962399415792379,0.0,0.4962399415792379,1,3743.843283813038
b3396,,5,424,0.4962399415792379,0.0,0.4962399415792379,1,3743.8432838129506
b0084,,2,424,0.4962399415792379,0.0,0.4962399415792379,1,3743.843283813036
b0839,,5,8,0.4962399415792379,0.4962399415792403,-2.3869795029440866e-15,0,2.6735070602028575e-05
b2010,,5,4,0.4962399415792379,0.49623994157927104,-3.314015728506092e-14,0,4.898387666158004e-08
b3182,,9,4,0.4962399415792379,0.49623994157926316,-2.525757381022231e-14,0,4.8983876803068e-08
b0632,,5,4,0.4962399415792379,0.49623994157927104,-3.314015728506092e-14,0,4.898387666158004e-08
b2134,,4,4,0.4962399415792379,0.49623994157927226,-3.4361402612148595e-14,0,4.898387662619902e-08
b2328,,4,4,0.4962399415792379,0.49623994157927226,-3.4361402612148595e-14,0,4.898387662619902e-08
b3236,,1,418,0.4962399415792379,0.47370977909890366,0.022530162480334237,0,35.363647338000575
b2210,,2,0,0.4962399415792379,0.49623994157925616,-1.8263168755083825e-14,0,0.0
b1479,,1,0,0.4962399415792379,0.4962399415792379,0.0,0,0.0
b2463,,1,4,0.4962399415792379,0.4962399415792652,-2.731148640577885e-14,0,4.898387679695469e-08
b2515,,1,424,0.4962399415792379,0.0,0.4962399415792379,1,3743.843283813025
b2746,,1,424,0.4962399415792379,0.0,0.4962399415792379,1,3743.8432838130293
b4120,,1,0,0.4962399415792379,0.49623994157926493,-2.7033930649622562e-14,0,0.0
b2747,,1,424,0.4962399415792379,0.0,0.4962399415792379,1,3743.8432838130334
b2942,,1,424,0.4962399415792379,0.0,0.4962399415792379,1,3743.8432838131075
b0199,,2,4,0.4962399415792379,0.49623994157926016,-2.225997164373439e-14,0,4.898387661425106e-08
b0197,,2,4,0.4962399415792379,0.49623994157926626,-2.836619827917275e-14,0,4.898387666145993e-08
b0198,,2,4,0.4962399415792379,0.49623994157926626,-2.836619827917275e-14,0,4.898387666145993e-08
b4019,,1,424,0.4962399415792379,0.0,0.4962399415792379,1,3743.843283813012
b3829,,1,424,0.4962399415792379,0.0,0.4962399415792379,1,3743.843283812995
b4219,,1,4,0.4962399415792379,0.4962399415792614,-2.348121697082206e-14,0,4.898387660202465e-08
b1778,,1,4,0.4962399415792379,0.4962399415792529,-1.4988010832439613e-14,0,4.898387656932137e-08
b2114,,1,4,0.4962399415792379,0.4962399415792573,-1.942890293094024e-14,0,4.89838766254558e-08
b4242,,2,0,0.4962399415792379,0.4962399415792379,0.0,0,0.0
b0963,,1,0,0.4962399415792379,0.4962399415792592,-2.1316282072803006e-14,0,0.0
b0403,,5,4,0.4962399415792379,0.496239941579268,-3.008704396734174e-14,0,4.898387689955115e-08
b4392,,4,4,0.4962399415792379,0.4962399415792743,-3.6415315207705135e-14,0,4.8983876823676984e-08
b2963,,4,4,0.4962399415792379,0.4962399415792743,-3.6415315207705135e-14,0,4.8983876823676984e-08
b2558,,4,4,0.4962399415792379,0.4962399415792743,-3.6415315207705135e-14,0,4.8983876823676984e-08
b2813,,4,4,0.4962399415792379,0.4962399415792743,-3.6415315207705135e-14,0,4.8983876823676984e-08
b2701,,4,4,0.4962399415792379,0.4962399415792743,-3.6415315207705135e-14,0,4.8983876823676984e-08
b1193,,4,4,0.4962399415792379,0.4962399415792743,-3.6415315207705135e-14,0,4.8983876823676984e-08
b2919,,1,0,0.4962399415792379,0.4962399415792379,0.0,0,0.0
b0260,,1,4,0.4962399415792379,0.49623994157925977,-2.1871393585115584e-14,0,4.8983876618594267e-08
b2917,,1,4,0.4962399415792379,0.49623994157926477,-2.6867397195928788e-14,0,4.8983876620432844e-08
b3599,,1,4,0.4962399415792379,0.4962399415792583,-2.042810365310288e-14,0,4.898387661418932e-08
b4322,,1,4,0.4962399415792379,0.49623994157926776,-2.986499936241671e-14,0,4.898387644472249e-08
b0784,,2,424,0.4962399415792379,0.0,0.4962399415792379,1,3743.8432838130057
b3633,,2,424,0.4962399415792379,0.0,0.4962399415792379,1,3743.843283812983
b3624,,1,8,0.4962399415792379,0.49623994157926204,-2.4147350785597155e-14,0,2.6735070602071048e-05
b3917,,3,424,0.4962399415792379,0.0,0.4962399415792379,1,3743.843283813047
b0763,,3,424,0.4962399415792379,0.0,0.4962399415792379,1,3743.843283813003
b2423,,5,424,0.4962399415792379,0.0,0.4962399415792379,1,3743.8432838129675
b0765,,3,424,0.4962399415792379,0.0,0.4962399415792379,1,3743.8432838130457
b2425,,5,424,0.4962399415792379,0.0,0.4962399415792379,1,3743.8432838130825
b2422,,5,424,0.4962399415792379,0.0,0.4962399415792379,1,3743.843283813028
b0764,,3,424,0.4962399415792379,0.0,0.4962399415792379,1,3743.843283813009
b2424,,5,424,0.4962399415792379,0.0,0.4962399415792379,1,3743.8432838129734
b2877,,1,8,0.4962399415792379,0.49623994157925233,-1.4432899320127035e-14,0,2.673507060207856e-05
b0134,,1,424,0.4962399415792379,0.0,0.4962399415792379,1,3743.843283813017
b0009,,1,424,0.4962399415792379,0.0,0.4962399415792379,1,3743.8432838130516
b2519,,2,424,0.4962399415792379,0.0,0.4962399415792379,1,3743.8432838130307
b1069,,2,424,0.4962399415792379,0.0,0.4962399415792379,1,3743.843283813026
b0785,,1,424,0.4962399415792379,0.0,0.4962399415792379,1,3743.8432838130307
b0826,,1,424,0.4962399415792379,0.0,0.4962399415792379,1,3743.8432838130284
b1008,,1,4,0.4962399415792379,0.4962399415792637,-2.581268532253489e-14,0,4.89838766532872e-08
b0529,,2,417,0.4962399415792379,0.48235912762821853,0.013880813951019366,0,6.507889435364835
b3941,,1,424,0.4962399415792379,0.0,0.4962399415792379,1,3743.8432838130425
b1059,,2,4,0.4962399415792379,0.49623994157926576,-2.786659791809143e-14,0,4.898387662384075e-08
b3996,,1,0,0.4962399415792379,0.4962399415792522,-1.432187701766452e-14,0,0.0
b2411,,1,0,0.4962399415792379,0.4962399415792522,-1.432187701766452e-14,0,0.0
b1109,,3,0,0.4962399415792379,0.4962399415792379,0.0,0,0.0
b2284,,3,422,0.4962399415792379,0.25127986515882905,0.24496007642040885,0,4070.3421837698024
b2288,,3,422,0.4962399415792379,0.25127986515882905,0.24496007642040885,0,4070.3421837698024
b2280,,3,422,0.4962399415792379,0.25127986515882905,0.24496007642040885,0,4070.3421837698024
b2282,,3,422,0.4962399415792379,0.25127986515882905,0.24496007642040885,0,4070.3421837698024
b2277,,3,422,0.4962399415792379,0.25127986515882905,0.24496007642040885,0,4070.3421837698024
b2287,,3,422,0.4962399415792379,0.25127986515882905,0.24496007642040885,0,4070.3421837698024
b2276,,3,422,0.4962399415792379,0.25127986515882905,0.24496007642040885,0,4070.3421837698024
b2278,,3,422,0.4962399415792379,0.25127986515882905,0.24496007642040885,0,4070.3421837698024
b2286,,3,422,0.4962399415792379,0.25127986515882905,0.24496007642040885,0,4070.3421837698024
b2283,,3,422,0.4962399415792379,0.25127986515882905,0.24496007642040885,0,4070.3421837698024
b2279,,3,422,0.4962399415792379,0.25127986515882905,0.24496007642040885,0,4070.3421837698024
b2285,,3,422,0.4962399415792379,0.25127986515882905,0.24496007642040885,0,4070.3421837698024
b2281,,3,422,0.4962399415792379,0.25127986515882905,0.24496007642040885,0,4070.3421837698024
b2615,,1,424,0.4962399415792379,0.0,0.4962399415792379,1,3743.8432838130134
b3028,,3,8,0.4962399415792379,0.49623994157924484,-6.938893903907228e-15,0,2.6735070602053715e-05
b1740,,1,424,0.4962399415792379,0.0,0.4962399415792379,1,3743.84328381302
b1602,,2,4,0.4962399415792379,0.4962399415792611,-2.3203661214665772e-14,0,4.89838766389562e-08
b1603,,2,0,0.4962399415792379,0.4962399415792619,-2.398081733190338e-14,0,0.0
b3962,,1,0,0.4962399415792379,0.4962399415792619,-2.398081733190338e-14,0,0.0
b0931,,1,4,0.4962399415792379,0.49623994157926027,-2.2370993946196904e-14,0,4.898387656695524e-08
b1186,,1,0,0.4962399415792379,0.4962399415792379,0.0,0,0.0
b0019,,1,0,0.4962399415792379,0.4962399415792379,0.0,0,0.0
b2518,,8,424,0.4962399415792379,0.0,0.4962399415792379,1,3743.843283813004
b0451,,1,424,0.4962399415792379,0.0,0.4962399415792379,1,3743.8432838130084
b2711,,1,4,0.4962399415792379,0.4962399415792592,-2.1316282072803006e-14,0,4.8983876446293564e-08
b2710,,1,0,0.4962399415792379,0.4962399415792379,0.0,0,0.0
b3477,,1,0,0.4962399415792379,0.4962399415792379,0.0,0,0.0
b3476,,1,0,0.4962399415792379,0.4962399415792379,0.0,0,0.0
b3479,,1,0,0.4962399415792379,0.4962399415792379,0.0,0,0.0
b3480,,1,0,0.4962399415792379,0.4962399415792379,0.0,0,0.0
b3478,,1,0,0.4962399415792379,0.4962399415792379,0.0,0,0.0
b4390,,1,0,0.4962399415792379,0.49623994157925444,-1.6542323066914832e-14,0,0.0
b0639,,2,424,0.4962399415792379,0.0,0.4962399415792379,1,3743.843283812975
b0751,,1,4,0.4962399415792379,0.49623994157926005,-2.2148949341271873e-14,0,4.898387649297945e-08
b1768,,1,4,0.4962399415792379,0.4962399415792589,-2.098321516541546e-14,0,4.8983876586928846e-08
b1991,,1,4,0.4962399415792379,0.49623994157922646,1.1435297153639112e-14,0,4.898387649474363e-08
b0109,,1,424,0.4962399415792379,0.0,0.4962399415792379,1,3743.8432838130075
b3367,,1,8,0.4962399415792379,0.4962399415792573,-1.942890293094024e-14,0,2.673507060212485e-05
b1223,,2,0,0.4962399415792379,0.49623994157925194,-1.404432126150823e-14,0,0.0
b2206,,2,0,0.4962399415792379,0.4962399415792379,0.0,0,0.0
b2204,,1,0,0.4962399415792379,0.4962399415792379,0.0,0,0.0
b2203,,2,0,0.4962399415792379,0.4962399415792379,0.0,0,0.0
b2205,,1,0,0.4962399415792379,0.4962399415792379,0.0,0,0.0
b2202,,2,0,0.4962399415792379,0.4962399415792379,0.0,0,0.0
b1468,,2,4,0.4962399415792379,0.49623994157925144,-1.354472090042691e-14,0,4.898387651049687e-08
b1226,,2,4,0.4962399415792379,0.49623994157925144,-1.354472090042691e-14,0,4.898387651049687e-08
b1227,,2,4,0.4962399415792379,0.49623994157925144,-1.354472090042691e-14,0,4.898387651049687e-08
b1225,,2,4,0.4962399415792379,0.49623994157925144,-1.354472090042691e-14,0,4.898387651049687e-08
b1465,,2,4,0.4962399415792379,0.49623994157925144,-1.354472090042691e-14,0,4.898387651049687e-08
b1224,,2,4,0.4962399415792379,0.49623994157925144,-1.354472090042691e-14,0,4.898387651049687e-08
b1466,,2,4,0.4962399415792379,0.49623994157925144,-1.354472090042691e-14,0,4.898387651049687e-08
b1467,,2,4,0.4962399415792379,0.49623994157925144,-1.354472090042691e-14,0,4.898387651049687e-08
b1469,,1,4,0.4962399415792379,0.49623994157925144,-1.354472090042691e-14,0,4.898387651049687e-08
b2552,,2,0,0.4962399415792379,0.4962399415792655,-2.758904216193514e-14,0,0.0
b4374,,3,4,0.4962399415792379,0.4962399415792562,-1.8318679906315083e-14,0,4.8983876659623854e-08
b2291,,6,0,0.4962399415792379,0.4962399415792573,-1.942890293094024e-14,0,0.0
b2744,,14,0,0.4962399415792379,0.49623994157925194,-1.404432126150823e-14,0,0.0
b0480,,17,0,0.4962399415792379,0.4962399415792605,-2.2593038551121936e-14,0,0.0
b4161,,4,0,0.4962399415792379,0.4962399415792379,0.0,0,0.0
b0650,,1,0,0.4962399415792379,0.4962399415792379,0.0,0,0.0
b4394,,3,4,0.4962399415792379,0.49623994157926127,-2.3370194668359545e-14,0,4.898387666828551e-08
b0980,,2,4,0.4962399415792379,0.4962399415792854,-4.75175454539567e-14,0,4.898387680594992e-08
b2781,,8,0,0.4962399415792379,0.4962399415792379,0.0,0,0.0
b2954,,3,4,0.4962399415792379,0.49623994157926615,-2.8255175976710234e-14,0,4.8983876957550276e-08
b1759,,2,0,0.4962399415792379,0.4962399415792379,0.0,0,0.0
b0160,,2,4,0.4962399415792379,0.4962399415917582,-1.2520318115605278e-11,0,4.8983933358867364e-08
b3365,,1,0,0.4962399415792379,0.4962399415792379,0.0,0,0.0
b3366,,1,0,0.4962399415792379,0.4962399415792379,0.0,0,0.0
b4073,,2,0,0.4962399415792379,0.49623994157923706,8.326672684688674e-16,0,0.0
b4071,,2,0,0.4962399415792379,0.49623994157923706,8.326672684688674e-16,0,0.0
b4070,,2,0,0.4962399415792379,0.49623994157923706,8.326672684688674e-16,0,0.0
b4072,,2,0,0.4962399415792379,0.49623994157923706,8.326672684688674e-16,0,0.0
b2035,,3,4,0.4962399415792379,0.4962399415792522,-1.432187701766452e-14,0,4.898387649133441e-08
b2027,,3,4,0.4962399415792379,0.4962399415792522,-1.432187701766452e-14,0,4.898387649133441e-08
b2033,,1,0,0.4962399415792379,0.49623994157926316,-2.525757381022231e-14,0,0.0
b2037,,1,4,0.4962399415792379,0.4962399415792673,-2.942091015256665e-14,0,4.898387660259425e-08
b2034,,1,4,0.4962399415792379,0.4962399415792506,-1.2712053631958042e-14,0,4.8983876579463297e-08
b2032,,1,4,0.4962399415792379,0.4962399415792478,-9.880984919163893e-15,0,4.8983876495556736e-08
b3114,,2,0,0.4962399415792379,0.4962399415792703,-3.241851231905457e-14,0,0.0
b0903,,2,0,0.4962399415792379,0.4962399415792703,-3.241851231905457e-14,0,0.0
b0902,,2,0,0.4962399415792379,0.4962399415792703,-3.241851231905457e-14,0,0.0
b2579,,2,0,0.4962399415792379,0.4962399415792703,-3.241851231905457e-14,0,0.0
b0273,,1,424,0.4962399415792379,0.0,0.4962399415792379,1,3743.843283812993
b4254,,1,424,0.4962399415792379,0.0,0.4962399415792379,1,3743.843283813006
b3187,,1,424,0.4962399415792379,0.0,0.4962399415792379,1,3743.843283813019
b0907,,2,424,0.4962399415792379,0.0,0.4962399415792379,1,3743.8432838131293
b0662,,1,4,0.4962399415792379,0.4962399415792607,-2.2815083156046967e-14,0,4.8983876626310174e-08
b1281,,1,424,0.4962399415792379,0.0,0.4962399415792379,1,3743.843283813005
b2907,,1,4,0.4962399415792379,0.4962399415792629,-2.4980018054066022e-14,0,4.89838766413402e-08
b0350,,1,4,0.4962399415792379,0.4962399415792654,-2.7478019859472624e-14,0,4.898387669592778e-08
b3843,,1,424,0.4962399415792379,0.0,0.4962399415792379,1,3743.8432838129693
b2311,,1,424,0.4962399415792379,0.0,0.4962399415792379,1,3743.843283813
b3835,,1,42,0.4962399415792379,0.4962396670061105,2.745731274012009e-07,0,2.682349621943021e-05
b2965,,1,0,0.4962399415792379,0.4962399415792872,-4.929390229335695e-14,0,0.0
b0693,,1,0,0.4962399415792379,0.4962399415792872,-4.929390229335695e-14,0,0.0
b3642,,1,424,0.4962399415792379,0.0,0.4962399415792379,1,3743.8432838130243
b2373,,1,4,0.4962399415792379,0.49623994157909507,1.428301921180264e-13,0,4.898387590569004e-08
b1387,,1,4,0.4962399415792379,0.4962399415792625,-2.4591439995447217e-14,0,4.898387667025588e-08
b1394,,2,4,0.4962399415792379,0.496239941579268,-3.008704396734174e-14,0,4.898387652701187e-08
b1014,,2,4,0.4962399415792379,0.4962399415635102,1.5727696922596124e-11,0,4.898380526531428e-08
b0386,,1,424,0.4962399415792379,0.0,0.4962399415792379,1,3743.843283812994
b1391,,1,4,0.4962399415792379,0.4962399415792566,-1.8707257964933888e-14,0,4.8983876607436513e-08
b1390,,1,0,0.4962399415792379,0.4962399415792634,-2.5479618415147343e-14,0,0.0
b1392,,1,0,0.4962399415792379,0.4962399415792634,-2.5479618415147343e-14,0,0.0
b1388,,1,0,0.4962399415792379,0.4962399415792634,-2.5479618415147343e-14,0,0.0
b1389,,1,0,0.4962399415792379,0.4962399415792634,-2.5479618415147343e-14,0,0.0
b1398,,1,4,0.4962399415792379,0.49623994157925905,-2.1149748619109232e-14,0,4.8983876647375004e-08
b0133,,1,424,0.4962399415792379,0.0,0.4962399415792379,1,3743.8432838130016
b1278,,30,424,0.4962399415792379,0.0,0.4962399415792379,1,3743.8432838130457
b0087,,1,424,0.4962399415792379,0.0,0.4962399415792379,1,3743.84328381302
b2762,,2,424,0.4962399415792379,0.0,0.4962399415792379,1,3743.8432838129647
b1489,,2,4,0.4962399415792379,0.49623994157926077,-2.2870594307278225e-14,0,4.8983876614070065e-08
b0114,,1,425,0.4962399415792379,0.43612904920414297,0.060110892375094926,0,2123.8798061820353
b0115,,1,425,0.4962399415792379,0.43612904920414297,0.060110892375094926,0,2123.8798061820353
b1638,,2,4,0.4962399415792379,0.4962399415792586,-2.070565940925917e-14,0,4.8983876631890077e-08
b2564,,1,424,0.4962399415792379,0.0,0.4962399415792379,1,3743.8432838130348
b0052,,1,424,0.4962399415792379,0.0,0.4962399415792379,1,3743.8432838130148
b0766,,2,4,0.4962399415792379,0.4962399415792705,-3.2585045772748344e-14,0,4.8983876664761334e-08
b2320,,1,424,0.4962399415792379,0.0,0.4962399415792379,1,3743.8432838130384
b3546,,2,8,0.4962399415792379,0.4962399415792598,-2.1926904736346842e-14,0,2.6735070602074362e-05
b1723,,1,5,0.4962399415792379,0.49623994157923706,8.326672684688674e-16,0,45.84108006539721
b3916,,3,419,0.4962399415792379,0.48771708362362515,0.00852285795561275,0,86.72515752228556
b3952,,1,4,0.4962399415792379,0.49623994157925894,-2.1038726316646716e-14,0,4.8983876581931246e-08
b3951,,1,4,0.4962399415792379,0.49623994157925894,-2.1038726316646716e-14,0,4.8983876581931246e-08
b3176,,1,424,0.4962399415792379,0.0,0.4962399415792379,1,3743.8432838129916
b2913,,1,420,0.4962399415792379,0.47078647904951704,0.02545346252972086,0,21.34564866226645
b4025,,1,420,0.4962399415792379,0.4754576170208455,0.020782324558392407,0,425.3763687274087
b2926,,1,434,0.4962399415792379,0.1787092935976603,0.3175306479815776,0,3393.327280000564
b0767,,1,410,0.4962399415792379,0.48932862899993895,0.006911312579298945,0,31.190373176122293
b3385,,1,4,0.4962399415792379,0.49623994157926066,-2.275957200481571e-14,0,4.898387662717316e-08
b3612,,1,430,0.4962399415792379,0.2851845718997231,0.21105536967951477,0,2280.292161883532
b0755,,1,430,0.4962399415792379,0.2851845718997231,0.21105536967951477,0,2280.292161883532
b4395,,1,430,0.4962399415792379,0.2851845718997231,0.21105536967951477,0,2280.292161883532
b0688,,1,4,0.4962399415792379,0.49623994157926377,-2.5868196473766147e-14,0,4.8983876613576457e-08
b2690,,1,4,0.4962399415792379,0.49623994157926377,-2.5868196473766147e-14,0,4.8983876613576457e-08
b0418,,14,4,0.4962399415792379,0.49623994157925017,-1.226796442210798e-14,0,4.898387667860039e-08
b1912,,7,0,0.4962399415792379,0.4962399415792471,-9.2148511043888e-15,0,0.0
b2199,,1,0,0.4962399415792379,0.4962399415792379,0.0,0,0.0
b2200,,1,0,0.4962399415792379,0.4962399415792379,0.0,0,0.0
b2197,,1,0,0.4962399415792379,0.4962399415792379,0.0,0,0.0
b2198,,1,0,0.4962399415792379,0.4962399415792379,0.0,0,0.0
b2201,,1,0,0.4962399415792379,0.4962399415792379,0.0,0,0.0
b1713,,1,4,0.4962399415792379,0.49623994157926526,-2.736699755701011e-14,0,4.8983876645299144e-08
b1714,,1,4,0.4962399415792379,0.49623994157926526,-2.736699755701011e-14,0,4.8983876645299144e-08
b1473,,3,4,0.4962399415792379,0.4962399415792705,-3.2585045772748344e-14,0,4.898387671530798e-08
b0576,,2,4,0.4962399415792379,0.496239941579259,-2.1094237467877974e-14,0,4.898387705991471e-08
b3493,,1,371,0.4962399415792379,0.49270217908279523,0.0035377624964426646,0,0.5573471410421248
b2987,,1,371,0.4962399415792379,0.49270217908279523,0.0035377624964426646,0,0.5573471410421248
b3725,,1,0,0.4962399415792379,0.4962399415792379,0.0,0,0.0
b3726,,1,0,0.4962399415792379,0.4962399415792379,0.0,0,0.0
b3727,,1,0,0.4962399415792379,0.4962399415792379,0.0,0,0.0
b3728,,1,0,0.4962399415792379,0.4962399415792379,0.0,0,0.0
b3821,,42,4,0.4962399415792379,0.4962399415792626,-2.4702462297909733e-14,0,4.898387713126648e-08
b2048,,1,0,0.4962399415792379,0.49623994157926116,-2.325917236589703e-14,0,0.0
b3412,,1,424,0.4962399415792379,0.0,0.4962399415792379,1,3743.8432838129816
b3974,,1,424,0.4962399415792379,0.0,0.4962399415792379,1,3743.843283813004
b3258,,1,4,0.4962399415792379,0.49623994157926804,-3.0142555118573e-14,0,4.898387665241706e-08
b1010,,1,4,0.4962399415792379,0.4962399415792526,-1.4710455076283324e-14,0,4.898387656462616e-08
b1378,,1,289,0.4962399415792379,0.496106070901955,0.00013387067728287683,0,0.015434718960800854
b0871,,1,0,0.4962399415792379,0.4962399415792379,0.0,0,0.0
b4226,,1,0,0.4962399415792379,0.4962399415792379,0.0,0,0.0
b2502,,2,0,0.4962399415792379,0.4962399415792379,0.0,0,0.0
b1015,,2,4,0.4962399415792379,0.496239941579266,-2.808864252301646e-14,0,4.898387677068101e-08
b0369,,1,424,0.4962399415792379,0.0,0.4962399415792379,1,3743.843283812976
b3956,,1,374,0.4962399415792379,0.4926227319720422,0.0036172096071956927,0,32.55201235237642
b3639,,2,424,0.4962399415792379,0.0,0.4962399415792379,1,3743.8432838130234
b3403,,1,8,0.4962399415792379,0.49623994157925355,-1.5654144647214707e-14,0,2.6735070601985735e-05
b2920,,1,4,0.4962399415792379,0.496239941578127,1.1108891584399316e-12,0,4.8983871523547523e-08
b2501,,2,414,0.4962399415792379,0.47956433575083757,0.01667560582840033,0,7.672931182370433
b4383,,2,7,0.4962399415792379,0.49623994157923335,4.551914400963142e-15,0,7.807492983585791e-07
b3380,,1,11,0.4962399415792379,0.4962399415792641,-2.6201263381153694e-14,0,8.29733174930776e-07
b3850,,2,424,0.4962399415792379,0.0,0.4962399415792379,1,3743.8432838130375
b2536,,1,8,0.4962399415792379,0.4962399415792544,-1.6486811915683575e-14,0,2.6735070602290775e-05
b1702,,1,0,0.4962399415792379,0.4962399415792379,0.0,0,0.0
b0383,,1,0,0.4962399415792379,0.49623994157927187,-3.397282455352979e-14,0,0.0
b4005,,1,424,0.4962399415792379,0.0,0.4962399415792379,1,3743.8432838129856
b2499,,1,424,0.4962399415792379,0.0,0.4962399415792379,1,3743.843283813011
b2026,,2,424,0.4962399415792379,0.0,0.4962399415792379,1,3743.8432838130157
b2476,,1,424,0.4962399415792379,0.0,0.4962399415792379,1,3743.8432838130325
b2557,,1,424,0.4962399415792379,0.0,0.4962399415792379,1,3743.843283813009
b2024,,1,424,0.4962399415792379,0.0,0.4962399415792379,1,3743.843283812998
b0194,,1,4,0.4962399415792379,0.4962399415792709,-3.302913498259841e-14,0,4.898387668591769e-08
b1207,,1,5,0.4962399415792379,0.4962399415792644,-2.6478819137309983e-14,0,1.0715592164661185
b0908,,1,424,0.4962399415792379,0.0,0.4962399415792379,1,3743.843283813017
b4160,,7,424,0.4962399415792379,0.0,0.4962399415792379,1,3743.843283813048
b4388,,1,418,0.4962399415792379,0.4707864790495531,0.02545346252968478,0,21.345623344984677
b2585,,7,424,0.4962399415792379,0.0,0.4962399415792379,1,3743.843283812983
b2297,,2,430,0.4962399415792379,0.40080265160909156,0.09543728997014633,0,850.5564778553176
b2458,,1,428,0.4962399415792379,0.4008026516270334,0.09543728995220452,0,850.5564552058935
b3634,,1,424,0.4962399415792379,0.0,0.4962399415792379,1,3743.8432838130466
b0692,,2,0,0.4962399415792379,0.4962399415792571,-1.9206858326015208e-14,0,0.0
b3073,,1,4,0.4962399415792379,0.49623994158521106,-5.973166405937036e-12,0,4.898390358182823e-08
b0854,,1,0,0.4962399415792379,0.4962399415792379,0.0,0,0.0
b1123,,2,0,0.4962399415792379,0.4962399415792379,0.0,0,0.0
b0856,,1,0,0.4962399415792379,0.4962399415792379,0.0,0,0.0
b1442,,2,0,0.4962399415792379,0.4962399415792379,0.0,0,0.0
b0857,,1,0,0.4962399415792379,0.4962399415792379,0.0,0,0.0
b0855,,1,0,0.4962399415792379,0.4962399415792379,0.0,0,0.0
b1124,,2,0,0.4962399415792379,0.4962399415792379,0.0,0,0.0
b1443,,2,0,0.4962399415792379,0.4962399415792379,0.0,0,0.0
b1440,,2,0,0.4962399415792379,0.4962399415792379,0.0,0,0.0
b1126,,2,0,0.4962399415792379,0.4962399415792379,0.0,0,0.0
b1125,,2,0,0.4962399415792379,0.4962399415792379,0.0,0,0.0
b1441,,2,0,0.4962399415792379,0.4962399415792379,0.0,0,0.0
b1296,,1,4,0.4962399415792379,0.4962399415792601,-2.220446049250313e-14,0,4.898387660544195e-08
b2407,,5,0,0.4962399415792379,0.49623994157925927,-2.1371793224034263e-14,0,0.0
b1636,,1,0,0.4962399415792379,0.4962399415792464,-8.493206138382448e-15,0,0.0
b3826,,1,0,0.4962399415792379,0.4962399415792719,-3.402833570476105e-14,0,0.0
b1854,,1,0,0.4962399415792379,0.4962399415792688,-3.091971123581061e-14,0,0.0
b1676,,1,0,0.4962399415792379,0.4962399415792688,-3.091971123581061e-14,0,0.0
b3831,,1,4,0.4962399415792379,0.4962399415792542,-1.63202784619898e-14,0,4.8983876595325405e-08
b1007,,1,0,0.4962399415792379,0.4962399415792379,0.0,0,0.0
b1012,,1,0,0.4962399415792379,0.4962399415792379,0.0,0,0.0
b3029,,2,4,0.4962399415792379,0.49623994157929696,-5.906386491005833e-14,0,4.898387675111194e-08
b1692,,2,424,0.4962399415792379,0.0,0.4962399415792379,1,3743.8432838130243
b0750,,1,424,0.4962399415792379,0.0,0.4962399415792379,1,3743.8432838130184
b4094,,1,4,0.4962399415792379,0.4962399415792737,-3.58046925441613e-14,0,4.8983876693344024e-08
b1662,,1,424,0.4962399415792379,0.0,0.4962399415792379,1,3743.843283813011
b0415,,1,424,0.4962399415792379,0.0,0.4962399415792379,1,3743.843283813017
b3752,,1,8,0.4962399415792379,0.496239941579195,4.29101199017623e-14,0,2.6735070601780435e-05
b0063,,3,4,0.4962399415792379,0.4962399415792598,-2.1926904736346842e-14,0,4.898387655771097e-08
b4198,,1,4,0.4962399415792379,0.49623994157928186,-4.39648317751562e-14,0,4.898387677611748e-08
b3583,,1,4,0.4962399415792379,0.49623994157928186,-4.39648317751562e-14,0,4.898387677611748e-08
b0061,,1,4,0.4962399415792379,0.49623994157928186,-4.39648317751562e-14,0,4.898387677611748e-08
b3629,,1,4,0.4962399415792379,0.49623994157926354,-2.5646151868841116e-14,0,4.89838765991839e-08
b2687,,1,424,0.4962399415792379,0.0,0.4962399415792379,1,3743.8432838130157
b3748,,1,4,0.4962399415792379,0.496239941579251,-1.3100631690576847e-14,0,4.8983876548512455e-08
b3749,,1,0,0.4962399415792379,0.4962399415834824,-4.244493645444436e-12,0,0.0
b3751,,1,0,0.4962399415792379,0.4962399415834824,-4.244493645444436e-12,0,0.0
b3750,,1,0,0.4962399415792379,0.4962399415834824,-4.244493645444436e-12,0,0.0
b3904,,1,4,0.4962399415792379,0.4962399415792689,-3.097522238704187e-14,0,4.89838767419082e-08
b3902,,1,4,0.4962399415792379,0.4962399415792658,-2.7922109069322687e-14,0,4.898387665128892e-08
b2234,,4,4,0.4962399415792379,0.49623994157925866,-2.0761170560490427e-14,0,4.898387663512405e-08
b2235,,4,4,0.4962399415792379,0.49623994157925866,-2.0761170560490427e-14,0,4.898387663512405e-08
b2676,,4,4,0.4962399415792379,0.4962399415792601,-2.220446049250313e-14,0,4.8983876647774327e-08
b2675,,4,4,0.4962399415792379,0.4962399415792601,-2.220446049250313e-14,0,4.8983876647774327e-08
b4238,,4,296,0.4962399415792379,0.49610901082671927,0.00013093075251863207,0,0.01738287707533577
b4237,,4,296,0.4962399415792379,0.49610901082671927,0.00013093075251863207,0,0.01738287707533577
b3386,,1,409,0.4962399415792379,0.4916623786281066,0.00457756295113132,0,13.844949029272907
b4301,,1,409,0.4962399415792379,0.4916623786281066,0.00457756295113132,0,13.844949029272907
b2914,,1,425,0.4962399415792379,0.2548464741965711,0.24139346738266682,0,945.4822094230993
b0638,,1,4,0.4962399415792379,0.4962399415793229,-8.498757253505573e-14,0,4.898387685249241e-08
b1683,,6,4,0.4962399415792379,0.4962399415792485,-1.0602629885170245e-14,0,4.898387657249236e-08
b1679,,4,4,0.4962399415792379,0.4962399415792628,-2.4924506902834764e-14,0,4.898387666200584e-08
b1680,,4,4,0.4962399415792379,0.4962399415792628,-2.4924506902834764e-14,0,4.898387666200584e-08
b1682,,6,4,0.4962399415792379,0.4962399415792485,-1.0602629885170245e-14,0,4.898387657249236e-08
b1681,,6,4,0.4962399415792379,0.4962399415792485,-1.0602629885170245e-14,0,4.898387657249236e-08
b1684,,2,4,0.4962399415792379,0.4962399415792649,-2.6978419498391304e-14,0,4.898387657778614e-08
b0222,,1,0,0.4962399415792379,0.496239941579277,-3.907985046680551e-14,0,0.0
b1745,,1,0,0.4962399415792379,0.49623994157925977,-2.1871393585115584e-14,0,0.0
b2751,,1,424,0.4962399415792379,0.0,0.4962399415792379,1,3743.8432838130225
b2752,,1,424,0.4962399415792379,0.0,0.4962399415792379,1,3743.843283812971
b2705,,1,8,0.4962399415792379,0.4962399415792707,-3.2807090377673376e-14,0,2.6735070602118794e-05
b2703,,1,4,0.4962399415792379,0.4962399415792688,-3.091971123581061e-14,0,4.898387662693185e-08
b2704,,1,4,0.4962399415792379,0.4962399415792688,-3.091971123581061e-14,0,4.898387662693185e-08
b2702,,1,4,0.4962399415792379,0.4962399415792688,-3.091971123581061e-14,0,4.898387662693185e-08
b2472,,1,424,0.4962399415792379,0.0,0.4962399415792379,1,3743.8432838130184
b3591,,1,8,0.4962399415792379,0.4962399415792716,-3.36952687973735e-14,0,2.6735070602184978e-05
b1764,,1,0,0.4962399415792379,0.4962399415792558,-1.7930101847696278e-14,0,0.0
b2264,,1,4,0.4962399415792379,0.4962399415792539,-1.5987211554602254e-14,0,4.898387656122369e-08
b0586,,1,4,0.4962399415792379,0.4962399415792749,-3.702593787124897e-14,0,4.898387669969042e-08
b3607,,1,424,0.4962399415792379,0.0,0.4962399415792379,1,3743.843283812987
b2366,,1,4,0.4962399415792379,0.4962399415792616,-2.3703261575747092e-14,0,4.898387669302167e-08
b2797,,1,4,0.4962399415792379,0.49623994157924656,-8.659739592076221e-15,0,4.8983876540586774e-08
b4471,,1,4,0.4962399415792379,0.49623994157924656,-8.659739592076221e-15,0,4.8983876540586774e-08
b1814,,1,4,0.4962399415792379,0.49623994157924656,-8.659739592076221e-15,0,4.8983876540586774e-08
b0893,,2,4,0.4962399415792379,0.49623994157927004,-3.214095656289828e-14,0,4.8983876541156754e-08
b2796,,1,0,0.4962399415792379,0.4962399415791455,9.237055564881302e-14,0,0.0
b3116,,2,8,0.4962399415792379,0.49623994157928164,-4.374278717023117e-14,0,2.673507060222291e-05
b3089,,2,8,0.4962399415792379,0.49623994157925855,-2.0650148258027912e-14,0,2.6735070602176704e-05
b2154,,1,0,0.4962399415792379,0.4962399415792569,-1.8984813721090177e-14,0,0.0
b0355,,1,0,0.4962399415792379,0.4962399415792569,-1.8984813721090177e-14,0,0.0
b1744,,1,0,0.4962399415792379,0.4962399415792595,-2.1593837828959295e-14,0,0.0
b1746,,1,0,0.4962399415792379,0.4962399415792784,-4.0523140398818214e-14,0,0.0
b2263,,1,4,0.4962399415792379,0.49623994157926266,-2.475797344914099e-14,0,4.898387658141735e-08
b3368,,3,424,0.4962399415792379,0.0,0.4962399415792379,1,3743.843283813007
b3281,,1,424,0.4962399415792379,0.0,0.4962399415792379,1,3743.8432838130293
b0388,,1,424,0.4962399415792379,0.0,0.4962399415792379,1,3743.8432838129715
b3390,,1,424,0.4962399415792379,0.0,0.4962399415792379,1,3743.843283813011
b3939,,1,424,0.4962399415792379,0.0,0.4962399415792379,1,3743.8432838130134
b1981,,1,4,0.4962399415792379,0.49623994157926765,-2.9753977059954195e-14,0,4.898387666456486e-08
b1206,,1,316,0.4962399415792379,0.4953100711503279,0.0009298704289100179,0,0.038340164089776294
b1584,,2,4,0.4962399415792379,0.49623994157926477,-2.6867397195928788e-14,0,4.898387662880686e-08
b1599,,1,0,0.4962399415792379,0.49623994157924295,-5.051514762044462e-15,0,0.0
b1600,,1,0,0.4962399415792379,0.49623994157924295,-5.051514762044462e-15,0,0.0
b3908,,1,0,0.4962399415792379,0.4962399415792379,0.0,0,0.0
b1656,,1,0,0.4962399415792379,0.4962399415792379,0.0,0,0.0
b1646,,1,0,0.4962399415792379,0.4962399415792379,0.0,0,0.0
b1525,,2,0,0.4962399415792379,0.49623994157926976,-3.186340080674199e-14,0,0.0
b2661,,1,0,0.4962399415792379,0.4962399415792379,0.0,0,0.0
b2260,,1,4,0.4962399415792379,0.49623994157925294,-1.504352198367087e-14,0,4.8983876506055186e-08
b2261,,1,4,0.4962399415792379,0.49623994157925766,-1.9761969838327786e-14,0,4.89838765757019e-08
b0721,,1,418,0.4962399415792379,0.4653642007654842,0.030875740813753716,0,541.6276445239954
b0722,,1,418,0.4962399415792379,0.4653642007654842,0.030875740813753716,0,541.6276445239954
b0724,,1,418,0.4962399415792379,0.4653642007654842,0.030875740813753716,0,541.6276445239954
b0723,,1,418,0.4962399415792379,0.4653642007654842,0.030875740813753716,0,541.6276445239954
b0728,,1,419,0.4962399415792379,0.48690443706342923,0.009335504515808668,0,36.488256811504414
b0729,,1,419,0.4962399415792379,0.48690443706342923,0.009335504515808668,0,36.488256811504414
b1521,,1,0,0.4962399415792379,0.49623994157924745,-9.547918011776346e-15,0,0.0
b2464,,1,0,0.4962399415792379,0.4962399415793019,-6.400435736964027e-14,0,0.0
b0008,,1,0,0.4962399415792379,0.4962399415793019,-6.400435736964027e-14,0,0.0
b3062,,1,4,0.4962399415792379,0.4962399415793054,-6.750155989720952e-14,0,4.8983876828524084e-08
b3061,,1,4,0.4962399415792379,0.4962399415793054,-6.750155989720952e-14,0,4.8983876828524084e-08
b3063,,1,4,0.4962399415792379,0.4962399415793744,-1.36501920877663e-13,0,4.898387720437545e-08
b0368,,1,0,0.4962399415792379,0.4962399415792653,-2.7422508708241367e-14,0,0.0
b3790,,1,4,0.4962399415792379,0.49623994157926765,-2.9753977059954195e-14,0,4.8983876622361366e-08
b3791,,1,4,0.4962399415792379,0.49623994157926765,-2.9753977059954195e-14,0,4.8983876622361366e-08
b2038,,1,4,0.4962399415792379,0.4962399415792418,-3.885780586188048e-15,0,4.8983876461518525e-08
b2040,,1,4,0.4962399415792379,0.4962399415792531,-1.5210055437364645e-14,0,4.898387665823026e-08
b2041,,1,4,0.4962399415792379,0.4962399415792723,-3.441691376337985e-14,0,4.898387673502163e-08
b3788,,1,4,0.4962399415792379,0.4962399415792723,-3.441691376337985e-14,0,4.898387673502163e-08
b0915,,1,424,0.4962399415792379,0.0,0.4962399415792379,1,3743.843283813018
b2095,,1,4,0.4962399415792379,0.49623994157926227,-2.4369395390522186e-14,0,4.8983876608110785e-08
b3137,,1,0,0.4962399415792379,0.4962399415800678,-8.298917109073045e-13,0,0.0
b2096,,1,0,0.4962399415792379,0.4962399415800678,-8.298917109073045e-13,0,0.0
b3132,,1,0,0.4962399415792379,0.4962399415800678,-8.298917109073045e-13,0,0.0
b0166,,1,424,0.4962399415792379,0.0,0.4962399415792379,1,3743.843283812998
b2480,,1,8,0.4962399415792379,0.4962399415793307,-9.281464485866309e-14,0,2.6735070602456953e-05
b0066,,1,0,0.4962399415792379,0.49623994157925994,-2.2037927038809357e-14,0,0.0
b0067,,1,0,0.4962399415792379,0.49623994157925994,-2.2037927038809357e-14,0,0.0
b0068,,1,0,0.4962399415792379,0.49623994157925994,-2.2037927038809357e-14,0,0.0
b3616,,1,4,0.4962399415792379,0.4962399415792866,-4.8683279629813114e-14,0,4.898387670036557e-08
b3772,,1,424,0.4962399415792379,0.0,0.4962399415792379,1,3743.843283813022
b3117,,1,424,0.4962399415792379,0.0,0.4962399415792379,1,3743.8432838130198
b1719,,1,4,0.4962399415792379,0.49623994157925044,-1.2545520178264269e-14,0,4.8983876521521055e-08
b3823,,1,0,0.4962399415792379,0.4962399415792379,0.0,0,0.0
b3992,,1,424,0.4962399415792379,0.0,0.4962399415792379,1,3743.843283813011
b3990,,1,424,0.4962399415792379,0.0,0.4962399415792379,1,3743.843283813003
b0423,,1,424,0.4962399415792379,0.0,0.4962399415792379,1,3743.843283813001
b4407,,1,424,0.4962399415792379,0.0,0.4962399415792379,1,3743.8432838129697
b2935,,2,424,0.4962399415792379,0.0,0.4962399415792379,1,3743.8432838130016
b2465,,2,424,0.4962399415792379,0.0,0.4962399415792379,1,3743.8432838130097
b0997,,2,4,0.4962399415792379,0.4962399415792517,-1.3822276656583199e-14,0,4.898387664065097e-08
b0996,,2,0,0.4962399415792379,0.49623994157923684,1.0547118733938987e-15,0,0.0
b2827,,1,424,0.4962399415792379,0.0,0.4962399415792379,1,3743.8432838130134
b1106,,1,8,0.4962399415792379,0.4962399415792616,-2.3703261575747092e-14,0,2.6735070602194932e-05
b0417,,1,424,0.4962399415792379,0.0,0.4962399415792379,1,3743.843283813029
b3993,,1,424,0.4962399415792379,0.0,0.4962399415792379,1,3743.843283813135
b3919,,1,431,0.4962399415792379,0.40278646856598005,0.09345347301325785,0,949.4178346777937
b0613,,1,4,0.4962399415792379,0.4962399415792659,-2.7977620220553945e-14,0,4.8983876726178323e-08
b0888,,1,9,0.4962399415792379,0.4962399415792658,-2.7922109069322687e-14,0,0.07564995282628298
b4239,,1,0,0.4962399415792379,0.4962399415792379,0.0,0,0.0
b1897,,1,0,0.4962399415792379,0.4962399415792379,0.0,0,0.0
b1896,,1,4,0.4962399415792379,0.4962399415792696,-3.169686735304822e-14,0,4.898387664701741e-08
b3519,,1,4,0.4962399415792379,0.49623994157935986,-1.2195799925507345e-13,0,4.8983876941596053e-08
b1197,,1,0,0.4962399415792379,0.4962399415792379,0.0,0,0.0
b4240,,1,4,0.4962399415792379,0.49623994157925966,-2.1760371282653068e-14,0,4.898387664044874e-08
b1260,,3,424,0.4962399415792379,0.0,0.4962399415792379,1,3743.8432838130143
b1261,,3,424,0.4962399415792379,0.0,0.4962399415792379,1,3743.843283812995
b3384,,1,8,0.4962399415792379,0.49623994157925494,-1.7041923427996153e-14,0,2.6735070602052413e-05
b3709,,1,4,0.4962399415792379,0.49623994157924545,-7.549516567451064e-15,0,4.8983876565118416e-08
b0509,,1,0,0.4962399415792379,0.4962399415792379,0.0,0,0.0
b3125,,1,0,0.4962399415792379,0.4962399415792379,0.0,0,0.0
b3991,,1,424,0.4962399415792379,0.0,0.4962399415792379,1,3743.843283813037
b1637,,1,4,0.4962399415792379,0.4962399415792364,1.4988010832439613e-15,0,4.8983876430697993e-08
b1907,,1,4,0.4962399415792379,0.496239941579307,-6.9111383282916e-14,0,4.898387708588618e-08
b0179,,1,424,0.4962399415792379,0.0,0.4962399415792379,1,3743.8432838130143
b0085,,1,424,0.4962399415792379,0.0,0.4962399415792379,1,3743.843283813028
b3787,,1,4,0.4962399415792379,0.49623994157926055,-2.2648549702353193e-14,0,4.898387664999898e-08
b3786,,1,4,0.4962399415792379,0.49623994157926227,-2.4369395390522186e-14,0,4.898387662241797e-08
b0181,,1,424,0.4962399415792379,0.0,0.4962399415792379,1,3743.8432838127187
b3189,,1,424,0.4962399415792379,0.0,0.4962399415792379,1,3743.8432838130097
b0090,,1,424,0.4962399415792379,0.0,0.4962399415792379,1,3743.843283813
b0088,,1,424,0.4962399415792379,0.0,0.4962399415792379,1,3743.8432838129374
b0091,,1,424,0.4962399415792379,0.0,0.4962399415792379,1,3743.8432838130307
b3972,,1,424,0.4962399415792379,0.0,0.4962399415792379,1,3743.8432838130734
b0841,,2,424,0.4962399415792379,0.0,0.4962399415792379,1,3743.8432838129906
b3057,,2,424,0.4962399415792379,0.0,0.4962399415792379,1,3743.843283812988
b0174,,1,424,0.4962399415792379,0.0,0.4962399415792379,1,3743.843283813007
b0759,,1,4,0.4962399415792379,0.496239941579256,-1.8096635301390052e-14,0,4.898387659201379e-08
b2036,,1,4,0.4962399415792379,0.49623994157925116,-1.326716514427062e-14,0,4.8983876466507615e-08
b2028,,1,0,0.4962399415792379,0.4962399415792379,0.0,0,0.0
b2255,,2,4,0.4962399415792379,0.4962399415792722,-3.430589146091734e-14,0,4.898387673350556e-08
b2253,,1,4,0.4962399415792379,0.49623994157926254,-2.4646951146678475e-14,0,4.898387658266817e-08
b0758,,1,4,0.4962399415792379,0.4962399415792583,-2.042810365310288e-14,0,4.898387664975104e-08
b0505,,1,0,0.4962399415792379,0.49623994157925755,-1.965094753586527e-14,0,0.0
b0086,,1,424,0.4962399415792379,0.0,0.4962399415792379,1,3743.8432838130166
b0096,,1,424,0.4962399415792379,0.0,0.4962399415792379,1,3743.843283813018
b2258,,1,8,0.4962399415792379,0.49623994157925316,-1.5265566588595902e-14,0,2.6735070602042832e-05
b4544,,1,4,0.4962399415792379,0.49623994157925694,-1.9040324872321435e-14,0,4.898387659355183e-08
b4233,,2,4,0.4962399415792379,0.49623994157925266,-1.4765966227514582e-14,0,4.898387660294858e-08
b0171,,1,424,0.4962399415792379,0.0,0.4962399415792379,1,3743.8432838130234
b2256,,1,4,0.4962399415792379,0.4962399415792563,-1.84297022087776e-14,0,4.898387658912725e-08
b2254,,1,4,0.4962399415792379,0.4962399415792683,-3.042011087472929e-14,0,4.89838764788138e-08
b3803,,1,424,0.4962399415792379,0.0,0.4962399415792379,1,3743.843283812979
b3804,,1,424,0.4962399415792379,0.0,0.4962399415792379,1,3743.843283813045
b3997,,1,424,0.4962399415792379,0.0,0.4962399415792379,1,3743.8432838129147
b2498,,1,4,0.4962399415792379,0.49623994157925827,-2.0372592501871623e-14,0,4.898387662319565e-08
b1011,,1,0,0.4962399415792379,0.4962399415790776,1.603162047558726e-13,0,0.0
b2497,,1,0,0.4962399415792379,0.4962399415792379,0.0,0,0.0
b1006,,1,4,0.4962399415792379,0.49623994157935525,-1.1735057370287905e-13,0,4.898387716202804e-08
b0517,,1,4,0.4962399415792379,0.496239941579264,-2.609024107869118e-14,0,4.898387666895953e-08
b0524,,1,424,0.4962399415792379,0.0,0.4962399415792379,1,3743.8432838130198
b4258,,1,8,0.4962399415792379,0.49623994157925655,-1.865174681370263e-14,0,2.673507060217301e-05
b2682,,1,0,0.4962399415792379,0.4962399415792379,0.0,0,0.0
b2683,,1,0,0.4962399415792379,0.4962399415792379,0.0,0,0.0
b3572,,1,0,0.4962399415792379,0.4962399415791668,7.110978472724128e-14,0,0.0
b4197,,1,4,0.4962399415792379,0.49623994157924967,-1.176836406102666e-14,0,4.8983876542494246e-08
b2882,,1,0,0.4962399415792379,0.4962399415792379,0.0,0,0.0
b3565,,2,4,0.4962399415792379,0.4962399415792649,-2.6978419498391304e-14,0,4.898387663402698e-08
b3579,,1,4,0.4962399415792379,0.4962399415792482,-1.0325074129013956e-14,0,4.898387651182608e-08
b3577,,1,4,0.4962399415792379,0.4962399415792482,-1.0325074129013956e-14,0,4.898387651182608e-08
b3578,,1,4,0.4962399415792379,0.4962399415792482,-1.0325074129013956e-14,0,4.898387651182608e-08
b3567,,1,0,0.4962399415792379,0.4962399415792379,0.0,0,0.0
b3568,,1,0,0.4962399415792379,0.4962399415792379,0.0,0,0.0
b3566,,1,0,0.4962399415792379,0.4962399415792379,0.0,0,0.0
b4031,,1,4,0.4962399415792379,0.49623994157926593,-2.8033131371785203e-14,0,4.898387666258593e-08
b1857,,1,0,0.4962399415792379,0.4962399415792379,0.0,0,0.0
b1859,,1,0,0.4962399415792379,0.4962399415792379,0.0,0,0.0
b1858,,1,0,0.4962399415792379,0.4962399415792379,0.0,0,0.0
