gene_id,n_gpr_rxns,n_changed,b_wt,b_ko,delta_b,y_essential,kV,solve_src
b0870,5,116,0.3983895354016732,0.3983871463701865,2.3890314866936717e-06,0,201.5514225593972,pfba
b2551,6,411,0.3983895354016732,0.3876146476187619,0.0107748877829112,0,206.1249876250761,pfba
b3368,3,414,0.3983895354016732,0.0,0.3983895354016732,1,3875.261432499101,pfba
b2436,1,219,0.3983895354016732,0.3983808642389142,8.671162758988604e-06,0,201.5498226695209,pfba
b3500,1,14,0.3983895354016732,0.3983895354016791,-5.939693181744588e-15,0,200.1870341950449,pfba
b0945,2,17,0.3983895354016732,0.3983895354016876,-1.4377388168895777e-14,0,200.2391362643379,pfba
b4467,3,14,0.3983895354016732,0.3983895354016837,-1.0547118733938987e-14,0,200.1870341950449,pfba
b2979,3,14,0.3983895354016732,0.3983895354016837,-1.0547118733938987e-14,0,200.1870341950449,pfba
b4468,3,14,0.3983895354016732,0.3983895354016837,-1.0547118733938987e-14,0,200.1870341950449,pfba
b3916,3,413,0.3983895354016732,0.3928783931583287,0.0055111422433445,0,268.8191968830634,pfba
b1260,3,414,0.3983895354016732,0.0,0.3983895354016732,1,3875.261432499132,pfba
b1261,3,414,0.3983895354016732,0.0,0.3983895354016732,1,3875.2614324991137,pfba
b3426,1,18,0.3983895354016732,0.3983895354016805,-7.327471962526033e-15,0,201.55073562791765,pfba
b2243,3,12,0.3983895354016732,0.3983895354016896,-1.6431300764452317e-14,0,200.17225288606596,pfba
b2242,3,12,0.3983895354016732,0.3983895354016896,-1.6431300764452317e-14,0,200.17225288606596,pfba
b2241,3,12,0.3983895354016732,0.3983895354016896,-1.6431300764452317e-14,0,200.17225288606596,pfba
b3770,5,414,0.3983895354016732,0.0,0.3983895354016732,1,3875.261432499132,pfba
b4054,4,414,0.3983895354016732,0.0,0.3983895354016732,1,3875.261432499117,pfba
b3281,1,414,0.3983895354016732,0.0,0.3983895354016732,1,3875.261432499092,pfba
b1692,3,414,0.3983895354016732,0.0,0.3983895354016732,1,3875.26143249911,pfba
b0243,1,414,0.3983895354016732,0.0,0.3983895354016732,1,3875.261432499103,pfba
b1613,1,16,0.3983895354016732,0.3983895354016764,-3.219646771412954e-15,0,201.2342212613192,pfba
b0414,2,414,0.3983895354016732,0.0,0.3983895354016732,1,3875.261432499119,pfba
b3041,1,414,0.3983895354016732,0.0,0.3983895354016732,1,3875.261432499105,pfba
b0025,2,414,0.3983895354016732,0.0,0.3983895354016732,1,3875.261432499108,pfba
b0446,4,16,0.3983895354016732,0.3983895354016891,-1.5876189252139742e-14,0,201.50369390008265,pfba
b3812,2,414,0.3983895354016732,0.0,0.3983895354016732,1,3875.261432498984,pfba
b0844,2,414,0.3983895354016732,0.0,0.3983895354016732,1,3875.261432499143,pfba
b1662,1,414,0.3983895354016732,0.0,0.3983895354016732,1,3875.2614324991337,pfba
b0421,2,414,0.3983895354016732,0.0,0.3983895354016732,1,3875.261432499099,pfba
b3804,1,414,0.3983895354016732,0.0,0.3983895354016732,1,3875.261432499171,pfba
b3997,1,414,0.3983895354016732,0.0,0.3983895354016732,1,3875.261432499055,pfba
b4382,2,16,0.3983895354016732,0.3983895354016523,2.0872192862952943e-14,0,201.50369390008575,pfba
b0126,1,414,0.3983895354016732,0.0,0.3983895354016732,1,3875.2614324991214,pfba
b0339,1,414,0.3983895354016732,0.0,0.3983895354016732,1,3875.261432499137,pfba
b4006,2,414,0.3983895354016732,0.0,0.3983895354016732,1,3875.261432499113,pfba
b2508,1,357,0.3983895354016732,0.3968513476751664,0.0015381877265068,0,201.69143387090256,pfba
b3846,19,445,0.3983895354016732,0.3915030231418353,0.0068865122598378,0,208.43568777584045,pfba
b2341,16,443,0.3983895354016732,0.39150302314182,0.0068865122598531,0,208.0500105326504,pfba
b2400,1,414,0.3983895354016732,0.0,0.3983895354016732,1,3875.261432499103,pfba
b3993,1,414,0.3983895354016732,0.0,0.3983895354016732,1,3875.2614324990855,pfba
b2066,4,16,0.3983895354016732,0.3983895354016856,-1.2434497875801752e-14,0,201.50369390008368,pfba
b0238,3,16,0.3983895354016732,0.3983895354016867,-1.3544720900426911e-14,0,200.3219859621773,pfba
b0125,2,16,0.3983895354016732,0.398389535401691,-1.7763568394002505e-14,0,200.32198596217788,pfba
b2518,8,6,0.3983895354016732,0.3983895354017031,-2.986499936241671e-14,0,200.0000171995587,pfba
b0474,13,90,0.3983895354016732,0.3983873991197177,2.1362819554449075e-06,0,205.46303651452,pfba
b1062,1,414,0.3983895354016732,0.0,0.3983895354016732,1,3875.261432499111,pfba
b1281,1,414,0.3983895354016732,0.0,0.3983895354016732,1,3875.2614324990927,pfba
b0720,1,413,0.3983895354016732,0.0,0.3983895354016732,1,3850.703818364888,pfba
b1136,1,413,0.3983895354016732,0.0,0.3983895354016732,1,3850.703818364882,pfba
b0351,1,18,0.3983895354016732,0.3983895354016925,-1.9317880628477724e-14,0,201.55073562791583,pfba
b1241,3,16,0.3983895354016732,0.3983895354016793,-6.106226635438361e-15,0,200.3219859621776,pfba
b4069,2,14,0.3983895354016732,0.3983895354016876,-1.4377388168895777e-14,0,200.18703419504453,pfba
b4226,1,414,0.3983895354016732,0.0,0.3983895354016732,1,3875.2614324991137,pfba
b2502,2,414,0.3983895354016732,0.0,0.3983895354016732,1,3875.261432499109,pfba
b2744,14,414,0.3983895354016732,0.0,0.3983895354016732,1,3875.2614324991055,pfba
b3403,1,18,0.3983895354016732,0.3983895354016986,-2.5368596112684827e-14,0,201.55073562791657,pfba
b1479,1,14,0.3983895354016732,0.3983895354016995,-2.6312285683616213e-14,0,200.18703419504524,pfba
b1190,1,414,0.3983895354016732,0.0,0.3983895354016732,1,3875.261432499103,pfba
b4053,1,414,0.3983895354016732,0.0,0.3983895354016732,1,3875.261432499193,pfba
b2379,1,21,0.3983895354016732,0.3983895354016767,-3.552713678800501e-15,0,201.71193012792864,pfba
b2290,1,17,0.3983895354016732,0.398389535401693,-1.9817480989559044e-14,0,200.34822869505743,pfba
b3564,2,14,0.3983895354016732,0.3983895354016788,-5.606626274357041e-15,0,200.18703419504465,pfba
b0063,3,14,0.3983895354016732,0.3983895354016764,-3.1641356201816957e-15,0,200.30119113068145,pfba
b3752,1,14,0.3983895354016732,0.3983895354016876,-1.4377388168895777e-14,0,200.18703419504453,pfba
b3926,1,12,0.3983895354016732,0.3983895354016801,-6.8833827526759706e-15,0,200.172252886066,pfba
b4383,2,94,0.3983895354016732,0.3983873991197425,2.136281930686934e-06,0,200.32202195609764,pfba
b0928,4,414,0.3983895354016732,0.0,0.3983895354016732,1,3875.2614324991255,pfba
b3925,1,18,0.3983895354016732,0.398389535401674,-7.771561172376097e-16,0,201.55073562791685,pfba
b2930,1,14,0.3983895354016732,0.3983895354016876,-1.4377388168895777e-14,0,200.18703419504453,pfba
b4232,1,14,0.3983895354016732,0.3983895354016876,-1.4377388168895777e-14,0,200.18703419504453,pfba
b3697,6,16,0.3983895354016732,0.398389535401676,-2.8310687127941488e-15,0,200.3219859621771,pfba
b3430,1,14,0.3983895354016732,0.3983895354016876,-1.4377388168895777e-14,0,200.18703419504453,pfba
b1676,1,14,0.3983895354016732,0.3983895354016854,-1.2212453270876722e-14,0,200.187034195045,pfba
b1854,5,18,0.3983895354016732,0.3983895354016776,-4.3853809472693675e-15,0,201.55073562791625,pfba
b3197,1,414,0.3983895354016732,0.0,0.3983895354016732,1,3875.261432499101,pfba
b2708,1,414,0.3983895354016732,0.0,0.3983895354016732,1,3875.261432499213,pfba
b0072,2,414,0.3983895354016732,0.0,0.3983895354016732,1,3875.2614324991455,pfba
b0071,2,414,0.3983895354016732,0.0,0.3983895354016732,1,3875.261432499299,pfba
b3671,2,414,0.3983895354016732,0.0,0.3983895354016732,1,3875.261432499124,pfba
b3670,2,414,0.3983895354016732,0.0,0.3983895354016732,1,3875.261432499096,pfba
b0078,2,414,0.3983895354016732,0.0,0.3983895354016732,1,3875.2614324991264,pfba
b0077,2,414,0.3983895354016732,0.0,0.3983895354016732,1,3875.2614324991073,pfba
b0908,1,414,0.3983895354016732,0.0,0.3983895354016732,1,3875.261432499157,pfba
b1264,1,414,0.3983895354016732,0.0,0.3983895354016732,1,3875.2614324991,pfba
b1263,2,414,0.3983895354016732,0.0,0.3983895354016732,1,3875.261432499123,pfba
b2599,2,414,0.3983895354016732,0.0,0.3983895354016732,1,3875.2614324991214,pfba
b2600,2,414,0.3983895354016732,0.0,0.3983895354016732,1,3875.2614324991055,pfba
b2329,1,414,0.3983895354016732,0.0,0.3983895354016732,1,3875.261432499132,pfba
b1262,2,414,0.3983895354016732,0.0,0.3983895354016732,1,3875.261432499097,pfba
b2779,1,430,0.3983895354016732,0.2269370199018412,0.1714525154998319,0,2480.127259722533,pfba
b2097,1,21,0.3983895354016732,0.3983895354016724,7.771561172376097e-16,0,236.6043630431331,pfba
b2925,2,412,0.3983895354016732,0.392878393158353,0.0055111422433201,0,261.49768382099285,pfba
b0963,1,14,0.3983895354016732,0.3983895354016931,-1.9928503292021563e-14,0,200.30119113068093,pfba
b1702,1,14,0.3983895354016732,0.3983895354016876,-1.4377388168895777e-14,0,200.18703419504453,pfba
b4025,1,408,0.3983895354016732,0.3810617436099073,0.0173277917917658,0,654.9896803742732,pfba
b2926,1,432,0.3983895354016732,0.1426545566224144,0.2557349787792587,0,3474.116956733919,pfba
b1850,2,16,0.3983895354016732,0.3983895354017012,-2.7977620220553945e-14,0,201.2342212613169,pfba
b0767,1,386,0.3983895354016732,0.39392473490578,0.0044648004958931,0,220.4158355042749,pfba
b3386,1,375,0.3983895354016732,0.3954350507177563,0.0029544846839168,0,210.5625455647501,pfba
b2464,1,16,0.3983895354016732,0.3983895354016861,-1.2878587085651816e-14,0,200.32198596217864,pfba
b0008,1,16,0.3983895354016732,0.3983895354016861,-1.2878587085651816e-14,0,200.32198596217864,pfba
b2465,2,414,0.3983895354016732,0.0,0.3983895354016732,1,3875.261432499125,pfba
b2935,2,414,0.3983895354016732,0.0,0.3983895354016732,1,3875.2614324991055,pfba
b0678,1,14,0.3983895354016732,0.3983895354016857,-1.2545520178264267e-14,0,200.18703419504516,pfba
b1478,2,14,0.3983895354016732,0.398389535401683,-9.769962616701378e-15,0,200.18703419504496,pfba
b3011,3,14,0.3983895354016732,0.3983895354016744,-1.1657341758564144e-15,0,200.18703419504445,pfba
b3003,1,14,0.3983895354016732,0.3983895354016876,-1.4377388168895777e-14,0,200.18703419504453,pfba
b4269,2,14,0.3983895354016732,0.3983895354016761,-2.886579864025407e-15,0,200.1870341950445,pfba
b0493,1,14,0.3983895354016732,0.3983895354016876,-1.4377388168895777e-14,0,200.18703419504453,pfba
b3588,2,14,0.3983895354016732,0.3983895354016761,-2.886579864025407e-15,0,200.1870341950445,pfba
b3903,2,16,0.3983895354016732,0.3983895354016705,2.720046410331633e-15,0,200.3219859621774,pfba
b3996,1,16,0.3983895354016732,0.3983895354016841,-1.0935696792557792e-14,0,200.32198596217745,pfba
b2411,1,16,0.3983895354016732,0.3983895354016841,-1.0935696792557792e-14,0,200.32198596217745,pfba
b0639,2,414,0.3983895354016732,0.0,0.3983895354016732,1,3875.261432499131,pfba
b4390,1,14,0.3983895354016732,0.3983895354016838,-1.0602629885170243e-14,0,201.1931930560016,pfba
b2103,2,414,0.3983895354016732,0.0,0.3983895354016732,1,3875.26143249912,pfba
b2418,4,14,0.3983895354016732,0.3983895354016908,-1.759703494030873e-14,0,201.1931930560025,pfba
b3831,1,14,0.3983895354016732,0.3983895354017019,-2.8754776337791554e-14,0,200.1870341950444,pfba
b4384,7,95,0.3983895354016732,0.3983873991197095,2.136281963660558e-06,0,201.5508079075728,pfba
b3073,1,16,0.3983895354016732,0.3983895354016843,-1.1157741397482823e-14,0,200.32198596217768,pfba
b3008,2,414,0.3983895354016732,0.0,0.3983895354016732,1,3875.261432499089,pfba
b3708,3,300,0.3983895354016732,0.3981641182068152,0.0002254171948579,0,201.15956350262817,pfba
b1134,3,12,0.3983895354016732,0.398389535401683,-9.825473767932635e-15,0,200.17225288606545,pfba
b3614,3,14,0.3983895354016732,0.3983895354016876,-1.4377388168895777e-14,0,200.18703419504453,pfba
b3642,1,414,0.3983895354016732,0.0,0.3983895354016732,1,3875.261432499103,pfba
b0415,1,414,0.3983895354016732,0.0,0.3983895354016732,1,3875.261432499114,pfba
b3771,2,414,0.3983895354016732,0.0,0.3983895354016732,1,3875.261432499257,pfba
b3885,1,16,0.3983895354016732,0.398389535401751,-7.782663402622347e-14,0,201.5036939000813,pfba
b2293,8,18,0.3983895354016732,0.3983895354016826,-9.43689570931383e-15,0,201.5507356279163,pfba
b3114,2,14,0.3983895354016732,0.3983895354016872,-1.3988810110276972e-14,0,200.18703419504456,pfba
b3951,1,14,0.3983895354016732,0.3983895354016769,-3.719247132494274e-15,0,200.18703419504484,pfba
b3952,1,14,0.3983895354016732,0.3983895354016769,-3.719247132494274e-15,0,200.18703419504484,pfba
b0902,2,14,0.3983895354016732,0.3983895354016872,-1.3988810110276972e-14,0,200.18703419504456,pfba
b0903,2,14,0.3983895354016732,0.3983895354016872,-1.3988810110276972e-14,0,200.18703419504456,pfba
b2579,2,14,0.3983895354016732,0.3983895354016872,-1.3988810110276972e-14,0,200.18703419504456,pfba
b4154,2,14,0.3983895354016732,0.3983895354016879,-1.4710455076283324e-14,0,200.3011911306819,pfba
b4151,2,14,0.3983895354016732,0.3983895354016879,-1.4710455076283324e-14,0,200.3011911306819,pfba
b4153,2,14,0.3983895354016732,0.3983895354016879,-1.4710455076283324e-14,0,200.3011911306819,pfba
b4152,2,14,0.3983895354016732,0.3983895354016879,-1.4710455076283324e-14,0,200.3011911306819,pfba
b0871,1,14,0.3983895354016732,0.3983895354016876,-1.4377388168895777e-14,0,200.18703419504453,pfba
b2458,1,425,0.3983895354016732,0.3051999640990099,0.0931895713026632,0,1431.9588124074735,pfba
b2297,2,425,0.3983895354016732,0.3051999640990057,0.0931895713026674,0,1432.8226471896785,pfba
b3115,2,426,0.3983895354016732,0.3051999640990172,0.0931895713026559,0,1432.0817736023464,pfba
b2296,1,425,0.3983895354016732,0.3051999640990339,0.0931895713026393,0,1431.958812410605,pfba
b1849,2,429,0.3983895354016732,0.3051999640990329,0.0931895713026403,0,1436.988617781713,pfba
b3633,2,414,0.3983895354016732,0.0,0.3983895354016732,1,3875.261432499096,pfba
b0174,1,414,0.3983895354016732,0.0,0.3983895354016732,1,3875.261432499093,pfba
b0524,1,414,0.3983895354016732,0.0,0.3983895354016732,1,3875.261432499152,pfba
b0182,1,414,0.3983895354016732,0.0,0.3983895354016732,1,3875.2614324991655,pfba
b0915,1,414,0.3983895354016732,0.0,0.3983895354016732,1,3875.261432499162,pfba
b0099,3,414,0.3983895354016732,0.0,0.3983895354016732,1,3875.261432499103,pfba
b2781,8,12,0.3983895354016732,0.3983895354016602,1.2989609388114332e-14,0,200.5943595396887,pfba
b0160,2,14,0.3983895354016732,0.3983895354016838,-1.0658141036401504e-14,0,200.1870341950448,pfba
b1800,2,414,0.3983895354016732,0.0,0.3983895354016732,1,3875.261432499096,pfba
b0073,1,414,0.3983895354016732,0.0,0.3983895354016732,1,3875.261432499144,pfba
b0523,1,414,0.3983895354016732,0.0,0.3983895354016732,1,3875.261432499112,pfba
b1131,2,414,0.3983895354016732,0.0,0.3983895354016732,1,3875.261432499117,pfba
b2407,5,18,0.3983895354016732,0.3983895354016822,-9.048317650695026e-15,0,201.5507356279156,pfba
b2234,4,18,0.3983895354016732,0.3983895354016786,-5.384581669432009e-15,0,201.5507356279168,pfba
b2235,4,18,0.3983895354016732,0.3983895354016786,-5.384581669432009e-15,0,201.5507356279168,pfba
b3781,10,17,0.3983895354016732,0.3983895354016843,-1.1102230246251564e-14,0,200.22085700588568,pfba
b2582,10,17,0.3983895354016732,0.3983895354016843,-1.1102230246251564e-14,0,200.22085700588568,pfba
b2827,1,414,0.3983895354016732,0.0,0.3983895354016732,1,3875.261432499122,pfba
b1238,2,18,0.3983895354016732,0.3983895354017026,-2.936539900133539e-14,0,201.55073562791583,pfba
b3639,2,414,0.3983895354016732,0.0,0.3983895354016732,1,3875.2614324991287,pfba
b1232,1,16,0.3983895354016732,0.3983895354016942,-2.0983215165415462e-14,0,201.50369390008348,pfba
b1851,1,14,0.3983895354016732,0.3983895354016774,-4.163336342344337e-15,0,200.30119113068292,pfba
b1693,1,414,0.3983895354016732,0.0,0.3983895354016732,1,3875.261432499099,pfba
b4146,1,18,0.3983895354016732,0.398389535401691,-1.7819079545233762e-14,0,201.5507356279168,pfba
b1109,3,14,0.3983895354016732,0.3983895354016876,-1.4377388168895777e-14,0,200.18703419504453,pfba
b1004,3,14,0.3983895354016732,0.3983895354016876,-1.4377388168895777e-14,0,200.18703419504453,pfba
b0046,3,14,0.3983895354016732,0.3983895354016876,-1.4377388168895777e-14,0,200.18703419504453,pfba
b3713,3,14,0.3983895354016732,0.3983895354016876,-1.4377388168895777e-14,0,200.18703419504453,pfba
b3236,1,410,0.3983895354016732,0.3837328646302858,0.0146566707713873,0,222.90482945097352,pfba
b4122,2,422,0.3983895354016732,0.3687869171550524,0.0296026182466207,0,645.6001205501823,pfba
b1611,1,428,0.3983895354016732,0.3687869171550472,0.029602618246626,0,644.8364534837949,pfba
b1612,1,428,0.3983895354016732,0.3687869171550472,0.029602618246626,0,644.8364534837949,pfba
b1638,2,14,0.3983895354016732,0.3983895354016892,-1.5987211554602254e-14,0,200.30119113068025,pfba
b0907,3,414,0.3983895354016732,0.0,0.3983895354016732,1,3875.261432499121,pfba
b1210,1,414,0.3983895354016732,0.0,0.3983895354016732,1,3875.261432499104,pfba
b3429,1,16,0.3983895354016732,0.3983895354016847,-1.1546319456101628e-14,0,201.5036939000824,pfba
b3417,5,14,0.3983895354016732,0.3983895354016833,-1.0158540675320182e-14,0,200.1870341950444,pfba
b3428,2,14,0.3983895354016732,0.3983895354016886,-1.5432100042289676e-14,0,200.18703419504416,pfba
b0428,1,14,0.3983895354016732,0.3983895354016996,-2.642330798607873e-14,0,200.1870341950432,pfba
b0120,1,14,0.3983895354016732,0.398389535401684,-1.0769163338864018e-14,0,200.18703419504476,pfba
b2937,1,18,0.3983895354016732,0.3983895354016676,5.551115123125783e-15,0,201.5507356279164,pfba
b4117,1,14,0.3983895354016732,0.3983895354016962,-2.2981616609740744e-14,0,201.1931930560021,pfba
b3172,1,414,0.3983895354016732,0.0,0.3983895354016732,1,3875.261432499103,pfba
b3958,1,414,0.3983895354016732,0.0,0.3983895354016732,1,3875.261432499105,pfba
b0121,2,18,0.3983895354016732,0.398389535401679,-5.828670879282072e-15,0,201.55073562791657,pfba
b0154,1,414,0.3983895354016732,0.0,0.3983895354016732,1,3875.261432499096,pfba
b0918,1,414,0.3983895354016732,0.0,0.3983895354016732,1,3875.2614324991127,pfba
b4322,1,16,0.3983895354016732,0.3983895354016942,-2.0983215165415462e-14,0,201.50369390008336,pfba
b3091,1,12,0.3983895354016732,0.3983895354016977,-2.4535928844215963e-14,0,200.1722528860653,pfba
b3092,2,12,0.3983895354016732,0.3983895354016869,-1.3711254354120683e-14,0,200.17225288606537,pfba
b3176,1,414,0.3983895354016732,0.0,0.3983895354016732,1,3875.2614324991127,pfba
b3730,2,414,0.3983895354016732,0.0,0.3983895354016732,1,3875.261432499169,pfba
b3189,1,414,0.3983895354016732,0.0,0.3983895354016732,1,3875.26143249911,pfba
b3967,1,414,0.3983895354016732,0.0,0.3983895354016732,1,3875.261432499133,pfba
b3786,1,16,0.3983895354016732,0.3983895354016685,4.718447854656915e-15,0,201.5036939000843,pfba
b2323,13,414,0.3983895354016732,0.0,0.3983895354016732,1,3875.261432499149,pfba
b2232,2,16,0.3983895354016732,0.398389535401684,-1.0824674490095276e-14,0,201.5036939000848,pfba
b0593,1,14,0.3983895354016732,0.3983895354016876,-1.4377388168895777e-14,0,200.18703419504453,pfba
b0142,1,414,0.3983895354016732,0.0,0.3983895354016732,1,3875.2614324991255,pfba
b3634,1,414,0.3983895354016732,0.0,0.3983895354016732,1,3875.261432499129,pfba
b0394,1,16,0.3983895354016732,0.3983895354016932,-2.003952559448408e-14,0,201.50369390008285,pfba
b0173,1,414,0.3983895354016732,0.0,0.3983895354016732,1,3875.2614324990823,pfba
b3843,1,414,0.3983895354016732,0.0,0.3983895354016732,1,3875.261432499072,pfba
b0477,2,16,0.3983895354016732,0.3983895354016945,-2.1260770921571748e-14,0,201.50369390008305,pfba
b1302,3,414,0.3983895354016732,0.0,0.3983895354016732,1,3875.2614324991,pfba
b2662,3,414,0.3983895354016732,0.0,0.3983895354016732,1,3875.2614324991146,pfba
b1525,2,18,0.3983895354016732,0.398389535401661,1.2212453270876722e-14,0,201.55073562791608,pfba
b4139,1,18,0.3983895354016732,0.3983895354016805,-7.271960811294775e-15,0,201.5507356279165,pfba
b3117,2,414,0.3983895354016732,0.0,0.3983895354016732,1,3875.261432499102,pfba
b2797,1,18,0.3983895354016732,0.3983895354016867,-1.3489209749195652e-14,0,201.550735627916,pfba
b1814,1,16,0.3983895354016732,0.3983895354016724,7.771561172376097e-16,0,200.3219859621777,pfba
b4471,1,16,0.3983895354016732,0.3983895354016724,7.771561172376097e-16,0,200.3219859621777,pfba
b3616,1,14,0.3983895354016732,0.3983895354016876,-1.4377388168895777e-14,0,200.18703419504453,pfba
b3589,1,14,0.3983895354016732,0.3983895354016876,-1.4377388168895777e-14,0,200.18703419504453,pfba
b3774,3,414,0.3983895354016732,0.0,0.3983895354016732,1,3875.2614324990936,pfba
b0185,1,414,0.3983895354016732,0.0,0.3983895354016732,1,3875.261432499108,pfba
b3256,1,414,0.3983895354016732,0.0,0.3983895354016732,1,3875.261432499262,pfba
b3255,1,414,0.3983895354016732,0.0,0.3983895354016732,1,3875.2614324991287,pfba
b2316,1,414,0.3983895354016732,0.0,0.3983895354016732,1,3875.26143249913,pfba
b2615,1,414,0.3983895354016732,0.0,0.3983895354016732,1,3875.261432499108,pfba
b2265,1,12,0.3983895354016732,0.3983895354016817,-8.493206138382448e-15,0,200.0312160534945,pfba
b2261,1,12,0.3983895354016732,0.3983895354017004,-2.7255975254547596e-14,0,200.17225288606545,pfba
b0596,1,14,0.3983895354016732,0.3983895354016877,-1.4488410471358293e-14,0,200.18703419504533,pfba
b0595,1,14,0.3983895354016732,0.3983895354016877,-1.4488410471358293e-14,0,200.18703419504533,pfba
b4198,1,12,0.3983895354016732,0.3983895354016968,-2.3647750424515834e-14,0,200.17225288606627,pfba
b0061,1,12,0.3983895354016732,0.3983895354016968,-2.3647750424515834e-14,0,200.17225288606627,pfba
b3583,1,12,0.3983895354016732,0.3983895354016968,-2.3647750424515834e-14,0,200.17225288606627,pfba
b4374,3,14,0.3983895354016732,0.3983895354016916,-1.837419105754634e-14,0,200.18703419504476,pfba
b0675,7,16,0.3983895354016732,0.3983895354016747,-1.4988010832439613e-15,0,200.32198596217768,pfba
b2291,6,16,0.3983895354016732,0.3983895354016921,-1.8929302569858922e-14,0,200.32198596217663,pfba
b2361,8,18,0.3983895354016732,0.3983895354016714,1.8318679906315083e-15,0,201.55073562791597,pfba
b1651,1,16,0.3983895354016732,0.3983895354016883,-1.5154544286133387e-14,0,200.32198596217663,pfba
b0766,2,14,0.3983895354016732,0.3983895354016801,-6.8833827526759706e-15,0,200.1870341950444,pfba
b3826,6,14,0.3983895354016732,0.3983895354016945,-2.131628207280301e-14,0,200.1870341950436,pfba
b0758,1,14,0.3983895354016732,0.3983895354016941,-2.09277040141842e-14,0,200.30119113068025,pfba
b0420,1,414,0.3983895354016732,0.0,0.3983895354016732,1,3875.2614324991314,pfba
b1208,1,414,0.3983895354016732,0.0,0.3983895354016732,1,3875.261432499172,pfba
b2746,1,414,0.3983895354016732,0.0,0.3983895354016732,1,3875.2614324990927,pfba
b3526,1,16,0.3983895354016732,0.3983895354016826,-9.43689570931383e-15,0,201.50369390008285,pfba
b3565,2,18,0.3983895354016732,0.3983895354016827,-9.492406860545088e-15,0,201.55073562791625,pfba
b2048,1,14,0.3983895354016732,0.3983895354016947,-2.1482815526496782e-14,0,200.1870341950448,pfba
b4015,1,14,0.3983895354016732,0.3983895354016942,-2.0983215165415462e-14,0,200.18703419504493,pfba
b0116,3,422,0.3983895354016732,0.3256482470526973,0.0727412883489758,0,1869.5036840568212,pfba
b2903,1,297,0.3983895354016732,0.3982605222958889,0.0001290131057843,0,201.67326711213764,pfba
b2904,1,297,0.3983895354016732,0.3982605222958889,0.0001290131057843,0,201.67326711213764,pfba
b2905,1,297,0.3983895354016732,0.3982605222958889,0.0001290131057843,0,201.67326711213764,pfba
b0261,2,14,0.3983895354016732,0.3983895354016942,-2.103872631664672e-14,0,200.18703419504456,pfba
b0759,1,16,0.3983895354016732,0.3983895354016856,-1.2378986724570495e-14,0,200.3219859621772,pfba
b0344,1,14,0.3983895354016732,0.3983895354016876,-1.4377388168895777e-14,0,200.18703419504453,pfba
b4239,1,14,0.3983895354016732,0.3983895354016876,-1.4377388168895777e-14,0,200.18703419504453,pfba
b3956,1,368,0.3983895354016732,0.3960541587546759,0.0023353766469972,0,222.8883115970869,pfba
b0822,7,18,0.3983895354016732,0.3983895354016853,-1.2156942119645464e-14,0,201.55073562791435,pfba
b2540,2,16,0.3983895354016732,0.3983895354016862,-1.3045120539345591e-14,0,200.3219859621776,pfba
b2542,2,16,0.3983895354016732,0.3983895354016862,-1.3045120539345591e-14,0,200.3219859621776,pfba
b2539,2,16,0.3983895354016732,0.3983895354016862,-1.3045120539345591e-14,0,200.3219859621776,pfba
b2538,2,16,0.3983895354016732,0.3983895354016862,-1.3045120539345591e-14,0,200.3219859621776,pfba
b2541,2,16,0.3983895354016732,0.3983895354016807,-7.549516567451064e-15,0,200.32198596217572,pfba
b0616,1,14,0.3983895354016732,0.3983895354016882,-1.504352198367087e-14,0,200.1870341950436,pfba
b0617,1,14,0.3983895354016732,0.3983895354016882,-1.504352198367087e-14,0,200.1870341950436,pfba
b0614,1,14,0.3983895354016732,0.3983895354016882,-1.504352198367087e-14,0,200.1870341950436,pfba
b0615,1,14,0.3983895354016732,0.3983895354016882,-1.504352198367087e-14,0,200.1870341950436,pfba
b2052,2,12,0.3983895354016732,0.3983895354016876,-1.4432899320127035e-14,0,200.17225288606505,pfba
b1636,1,14,0.3983895354016732,0.3983895354016973,-2.4147350785597155e-14,0,200.18703419504388,pfba
b1277,1,414,0.3983895354016732,0.0,0.3983895354016732,1,3875.2614324990654,pfba
b2751,1,414,0.3983895354016732,0.0,0.3983895354016732,1,3875.261432499109,pfba
b2752,1,414,0.3983895354016732,0.0,0.3983895354016732,1,3875.261432499136,pfba
b2799,1,16,0.3983895354016732,0.3983895354016812,-7.993605777301127e-15,0,201.50369390008285,pfba
b3902,1,12,0.3983895354016732,0.3983895354016815,-8.326672684688674e-15,0,200.17225288606545,pfba
b2705,1,14,0.3983895354016732,0.3983895354016871,-1.3877787807814455e-14,0,200.18703419504436,pfba
b2091,1,16,0.3983895354016732,0.3983895354016974,-2.4202861936828413e-14,0,200.32198596217745,pfba
b3137,1,14,0.3983895354016732,0.3983895354016799,-6.661338147750939e-15,0,200.1870341950449,pfba
b3132,1,14,0.3983895354016732,0.3983895354016799,-6.661338147750939e-15,0,200.1870341950449,pfba
b2096,1,14,0.3983895354016732,0.3983895354016799,-6.661338147750939e-15,0,200.1870341950449,pfba
b2095,1,14,0.3983895354016732,0.3983895354016799,-6.661338147750939e-15,0,200.1870341950449,pfba
b4323,1,14,0.3983895354016732,0.3983895354016939,-2.0705659409259173e-14,0,200.18703419504428,pfba
b1521,1,14,0.3983895354016732,0.3983895354016837,-1.0491607582707731e-14,0,200.187034195044,pfba
b3385,1,14,0.3983895354016732,0.3983895354016958,-2.2593038551121936e-14,0,200.18703419504445,pfba
b0507,1,16,0.3983895354016732,0.3983895354016918,-1.859623566247137e-14,0,201.23422126131817,pfba
b3061,1,14,0.3983895354016732,0.3983895354016633,9.880984919163892e-15,0,200.1870341950448,pfba
b3062,1,14,0.3983895354016732,0.3983895354016633,9.880984919163892e-15,0,200.1870341950448,pfba
b3126,1,14,0.3983895354016732,0.3983895354016827,-9.547918011776346e-15,0,200.1870341950448,pfba
b1095,9,414,0.3983895354016732,0.0,0.3983895354016732,1,3875.2614324991328,pfba
b1054,1,16,0.3983895354016732,0.398389535401686,-1.27675647831893e-14,0,201.5036939000831,pfba
b1855,2,14,0.3983895354016732,0.398389535401686,-1.27675647831893e-14,0,200.18703419504504,pfba
b2378,1,12,0.3983895354016732,0.3983895354016852,-1.199040866595169e-14,0,200.17225288606545,pfba
b0109,1,414,0.3983895354016732,0.0,0.3983895354016732,1,3875.2614324990864,pfba
b1094,26,414,0.3983895354016732,0.0,0.3983895354016732,1,3875.2614324991073,pfba
b2836,23,444,0.3983895354016732,0.3915030231418185,0.0068865122598546,0,208.38517619148016,pfba
b2472,1,414,0.3983895354016732,0.0,0.3983895354016732,1,3875.261432499101,pfba
b1589,3,18,0.3983895354016732,0.3983895354016843,-1.1102230246251564e-14,0,201.55073562791705,pfba
b1588,3,14,0.3983895354016732,0.3983895354016648,8.382183835919932e-15,0,200.1870341950444,pfba
b1587,3,14,0.3983895354016732,0.3983895354016648,8.382183835919932e-15,0,200.1870341950444,pfba
b1590,3,14,0.3983895354016732,0.3983895354016648,8.382183835919932e-15,0,200.1870341950444,pfba
b0894,4,12,0.3983895354016732,0.3983895354016942,-2.103872631664672e-14,0,200.17225288606477,pfba
b0895,4,12,0.3983895354016732,0.3983895354016942,-2.103872631664672e-14,0,200.17225288606477,pfba
b0896,4,12,0.3983895354016732,0.3983895354016942,-2.103872631664672e-14,0,200.17225288606477,pfba
b3553,10,12,0.3983895354016732,0.3983895354016837,-1.0491607582707731e-14,0,200.1722528860656,pfba
b0638,1,16,0.3983895354016732,0.3983895354016821,-8.881784197001252e-15,0,201.50369390008183,pfba
b3399,5,14,0.3983895354016732,0.3983895354016764,-3.219646771412954e-15,0,201.1931930560022,pfba
b0469,1,14,0.3983895354016732,0.3983895354016921,-1.8929302569858922e-14,0,200.1870341950445,pfba
b3187,1,414,0.3983895354016732,0.0,0.3983895354016732,1,3875.261432499132,pfba
b3222,1,16,0.3983895354016732,0.3983895354016803,-7.105427357601002e-15,0,201.50369390008476,pfba
b3225,1,14,0.3983895354016732,0.3983895354016894,-1.6209256159527282e-14,0,200.18703419504504,pfba
b1732,1,14,0.3983895354016732,0.3983895354016863,-1.3100631690576847e-14,0,200.1870341950444,pfba
b3942,1,14,0.3983895354016732,0.3983895354016863,-1.3100631690576847e-14,0,200.1870341950444,pfba
b0586,1,14,0.3983895354016732,0.3983895354016906,-1.7430501486614958e-14,0,200.1870341950452,pfba
b3794,1,14,0.3983895354016732,0.3983895354016869,-1.3711254354120683e-14,0,200.1870341950448,pfba
b3693,1,14,0.3983895354016732,0.398389535401675,-1.8318679906315083e-15,0,200.1870341950448,pfba
b2901,1,16,0.3983895354016732,0.3983895354016937,-2.0483614804334135e-14,0,201.2342212613173,pfba
b3721,2,14,0.3983895354016732,0.3983895354016788,-5.606626274357041e-15,0,200.18703419504425,pfba
b2716,2,14,0.3983895354016732,0.3983895354016788,-5.606626274357041e-15,0,200.18703419504425,pfba
b3416,4,14,0.3983895354016732,0.3983895354016845,-1.126876369994534e-14,0,200.1870341950448,pfba
b1398,1,14,0.3983895354016732,0.3983895354016876,-1.4377388168895777e-14,0,200.18703419504453,pfba
b0049,3,14,0.3983895354016732,0.3983895354016797,-6.550315845288424e-15,0,200.18703419504496,pfba
b3784,1,14,0.3983895354016732,0.3983895354016862,-1.2989609388114332e-14,0,200.30119113068145,pfba
b4481,1,12,0.3983895354016732,0.3983895354016906,-1.7430501486614958e-14,0,200.17225288606508,pfba
b3052,2,14,0.3983895354016732,0.3983895354016785,-5.2735593669694936e-15,0,200.18703419504465,pfba
b1896,1,14,0.3983895354016732,0.3983895354016993,-2.614575222992244e-14,0,200.18703419504445,pfba
b0841,2,414,0.3983895354016732,0.0,0.3983895354016732,1,3875.261432499129,pfba
b1278,30,414,0.3983895354016732,0.0,0.3983895354016732,1,3875.26143249916,pfba
b3057,2,414,0.3983895354016732,0.0,0.3983895354016732,1,3875.261432499105,pfba
b3519,1,18,0.3983895354016732,0.3983895354016883,-1.5154544286133387e-14,0,201.55073562791617,pfba
b0910,3,414,0.3983895354016732,0.0,0.3983895354016732,1,3875.261432499117,pfba
b3648,2,414,0.3983895354016732,0.0,0.3983895354016732,1,3875.261432499112,pfba
b1694,1,18,0.3983895354016732,0.3983895354016801,-6.8833827526759706e-15,0,201.550735627916,pfba
b2221,3,14,0.3983895354016732,0.3983895354017283,-5.512257317263902e-14,0,200.18703419504303,pfba
b2222,3,14,0.3983895354016732,0.3983895354017283,-5.512257317263902e-14,0,200.18703419504303,pfba
b2039,1,14,0.3983895354016732,0.3983895354016821,-8.881784197001252e-15,0,200.18703419504425,pfba
b3789,1,14,0.3983895354016732,0.3983895354016821,-8.881784197001252e-15,0,200.18703419504425,pfba
b2041,1,14,0.3983895354016732,0.3983895354016863,-1.3100631690576847e-14,0,200.18703419504476,pfba
b3788,1,14,0.3983895354016732,0.3983895354016863,-1.3100631690576847e-14,0,200.18703419504476,pfba
b2036,1,14,0.3983895354016732,0.3983895354016956,-2.2370993946196904e-14,0,200.18703419504567,pfba
b2038,1,14,0.3983895354016732,0.3983895354016836,-1.0436096431476471e-14,0,200.3011911306808,pfba
b2040,1,12,0.3983895354016732,0.3983895354016895,-1.63202784619898e-14,0,200.17225288606508,pfba
b0512,1,14,0.3983895354016732,0.398389535401677,-3.774758283725532e-15,0,200.18703419504496,pfba
b3972,1,414,0.3983895354016732,0.0,0.3983895354016732,1,3875.26143249902,pfba
s0001,45,413,0.3983895354016732,0.0,0.3983895354016732,1,19942.20512722932,infeasible
b3617,1,18,0.3983895354016732,0.3983895354016809,-7.716050021144838e-15,0,201.5507356279152,pfba
b0030,5,16,0.3983895354016732,0.3983895354016729,3.3306690738754696e-16,0,201.2342212613184,pfba
b0200,1,14,0.3983895354016732,0.3983895354017047,-3.1530333899354446e-14,0,200.18703419504445,pfba
b0222,1,14,0.3983895354016732,0.3983895354016838,-1.0658141036401504e-14,0,200.1870341950453,pfba
b0038,2,14,0.3983895354016732,0.3983895354016894,-1.6209256159527282e-14,0,200.18703419504396,pfba
b0036,2,14,0.3983895354016732,0.3983895354016897,-1.6486811915683575e-14,0,200.30119113068,pfba
b3844,6,351,0.3983895354016732,0.3966623965199407,0.0017271388817325,0,203.83897363901363,pfba
b2784,2,14,0.3983895354016732,0.3983895354016876,-1.4377388168895777e-14,0,200.18703419504453,pfba
b2431,1,414,0.3983895354016732,0.0,0.3983895354016732,1,3875.26143249912,pfba
b1019,1,414,0.3983895354016732,0.0,0.3983895354016732,1,3875.261432499119,pfba
b0475,1,414,0.3983895354016732,0.0,0.3983895354016732,1,3875.26143249923,pfba
b4040,1,414,0.3983895354016732,0.0,0.3983895354016732,1,3875.2614324991214,pfba
b3974,1,414,0.3983895354016732,0.0,0.3983895354016732,1,3875.261432499101,pfba
b0103,1,414,0.3983895354016732,0.0,0.3983895354016732,1,3875.261432499116,pfba
b2104,1,16,0.3983895354016732,0.3983895354016814,-8.215650382226158e-15,0,201.50369390008265,pfba
b1215,1,414,0.3983895354016732,0.0,0.3983895354016732,1,3875.261432499105,pfba
b3198,1,414,0.3983895354016732,0.0,0.3983895354016732,1,3875.261432499131,pfba
b1747,1,16,0.3983895354016732,0.3983895354016824,-9.214851104388801e-15,0,201.50369390008336,pfba
b1744,1,14,0.3983895354016732,0.3983895354016876,-1.4377388168895777e-14,0,201.1931930560011,pfba
b0340,1,14,0.3983895354016732,0.3983895354016852,-1.2045919817182948e-14,0,200.18703419504507,pfba
b2988,2,14,0.3983895354016732,0.3983895354016841,-1.0935696792557792e-14,0,200.18703419504484,pfba
b2883,1,18,0.3983895354016732,0.3983895354017021,-2.8921309791485334e-14,0,201.5507356279147,pfba
b1098,1,414,0.3983895354016732,0.0,0.3983895354016732,1,3875.261432499105,pfba
b0888,1,21,0.3983895354016732,0.3983895354017001,-2.6867397195928788e-14,0,201.5522980199036,pfba
b2690,7,18,0.3983895354016732,0.3983895354016826,-9.43689570931383e-15,0,201.55073562791597,pfba
b0688,1,14,0.3983895354016732,0.3983895354016882,-1.504352198367087e-14,0,200.18703419504436,pfba
b1317,1,14,0.3983895354016732,0.3983895354016882,-1.504352198367087e-14,0,200.18703419504436,pfba
b2168,1,18,0.3983895354016732,0.3983895354016825,-9.325873406851317e-15,0,201.5507356279177,pfba
b2687,1,414,0.3983895354016732,0.0,0.3983895354016732,1,3875.261432499108,pfba
b3581,1,14,0.3983895354016732,0.3983895354017248,-5.1625370645069785e-14,0,201.1931930560008,pfba
b4196,1,12,0.3983895354016732,0.3983895354016946,-2.142730437526552e-14,0,200.17225288606463,pfba
b3582,1,14,0.3983895354016732,0.3983895354016881,-1.4876988529977098e-14,0,200.1870341950448,pfba
b4197,1,14,0.3983895354016732,0.3983895354016881,-1.4876988529977098e-14,0,200.1870341950448,pfba
b3575,1,14,0.3983895354016732,0.3983895354016832,-9.992007221626407e-15,0,200.18703419504504,pfba
b0312,2,14,0.3983895354016732,0.3983895354016801,-6.8833827526759706e-15,0,200.18703419504405,pfba
b0403,5,14,0.3983895354016732,0.398389535401686,-1.27675647831893e-14,0,200.18703419504467,pfba
b0207,2,14,0.3983895354016732,0.3983895354016876,-1.4377388168895777e-14,0,200.18703419504453,pfba
b3012,2,14,0.3983895354016732,0.3983895354016876,-1.4377388168895777e-14,0,200.18703419504453,pfba
b3962,1,18,0.3983895354016732,0.3983895354016837,-1.0547118733938987e-14,0,201.550735627914,pfba
b2764,4,414,0.3983895354016732,0.0,0.3983895354016732,1,3875.2614324990927,pfba
b2763,4,414,0.3983895354016732,0.0,0.3983895354016732,1,3875.261432499077,pfba
b0937,2,18,0.3983895354016732,0.3983895354016877,-1.454392162258955e-14,0,201.55073562791677,pfba
b2563,1,14,0.3983895354016732,0.3983895354016845,-1.1324274851176595e-14,0,200.1870341950448,pfba
b3475,1,14,0.3983895354016732,0.3983895354016845,-1.1324274851176595e-14,0,200.1870341950448,pfba
b2507,2,414,0.3983895354016732,0.0,0.3983895354016732,1,3875.261432499111,pfba
b1982,1,18,0.3983895354016732,0.3983895354017031,-2.986499936241671e-14,0,201.550735627914,pfba
b3360,1,414,0.3983895354016732,0.0,0.3983895354016732,1,3875.261432499135,pfba
b1812,1,414,0.3983895354016732,0.0,0.3983895354016732,1,3875.2614324991446,pfba
b1096,2,414,0.3983895354016732,0.0,0.3983895354016732,1,3875.2614324991,pfba
b4039,2,414,0.3983895354016732,0.0,0.3983895354016732,1,3875.261432499136,pfba
b2416,21,409,0.3983895354016732,0.3784700586316022,0.0199194767700709,0,1030.4261027237735,pfba
b1200,1,11,0.3983895354016732,0.3983895354017074,-3.4250380309686086e-14,0,369.8111919432841,pfba
b2415,21,409,0.3983895354016732,0.3784700586315988,0.0199194767700743,0,1030.4261027237742,pfba
b1199,1,11,0.3983895354016732,0.3983895354017074,-3.4250380309686086e-14,0,369.8111919432841,pfba
b1198,1,11,0.3983895354016732,0.3983895354017074,-3.4250380309686086e-14,0,369.8111919432841,pfba
b0171,1,414,0.3983895354016732,0.0,0.3983895354016732,1,3875.2614324991114,pfba
b4477,1,16,0.3983895354016732,0.3983895354017017,-2.8477220581635265e-14,0,201.2342212613165,pfba
b2498,1,14,0.3983895354016732,0.3983895354016828,-9.603429163007604e-15,0,200.18703419504504,pfba
b2780,1,414,0.3983895354016732,0.0,0.3983895354016732,1,3875.261432499104,pfba
b0087,1,414,0.3983895354016732,0.0,0.3983895354016732,1,3875.2614324991696,pfba
b0090,1,414,0.3983895354016732,0.0,0.3983895354016732,1,3875.2614324991337,pfba
b3946,1,14,0.3983895354016732,0.3983895354016791,-5.939693181744588e-15,0,361.99880000309264,pfba
b0825,1,11,0.3983895354016732,0.3983895354016627,1.0491607582707731e-14,0,369.81119194314,pfba
b3619,1,16,0.3983895354016732,0.3983895354016829,-9.714451465470121e-15,0,200.3219859621761,pfba
b4267,2,14,0.3983895354016732,0.3983895354016891,-1.5931700403370996e-14,0,200.3011911306812,pfba
b1033,4,14,0.3983895354016732,0.3983895354016816,-8.382183835919932e-15,0,200.18703419504467,pfba
b3957,1,414,0.3983895354016732,0.0,0.3983895354016732,1,3875.261432499105,pfba
b1623,2,18,0.3983895354016732,0.3983895354016809,-7.716050021144838e-15,0,201.55073562791557,pfba
b3665,1,12,0.3983895354016732,0.3983895354016038,6.938893903907228e-14,0,200.17225288606625,pfba
b4177,1,414,0.3983895354016732,0.0,0.3983895354016732,1,3875.261432499111,pfba
b0677,1,14,0.3983895354016732,0.3983895354016827,-9.547918011776346e-15,0,201.19319305600283,pfba
b0828,1,16,0.3983895354016732,0.3983895354016745,-1.3322676295501878e-15,0,200.32198596217728,pfba
b1767,1,16,0.3983895354016732,0.3983895354016745,-1.3322676295501878e-15,0,200.32198596217728,pfba
b0674,2,414,0.3983895354016732,0.0,0.3983895354016732,1,3875.261432499125,pfba
b3744,1,320,0.3983895354016732,0.3976258251062673,0.0007637102954058,0,201.6075928976174,pfba
b4245,1,414,0.3983895354016732,0.0,0.3983895354016732,1,3875.2614324990977,pfba
b4244,1,414,0.3983895354016732,0.0,0.3983895354016732,1,3875.26143249911,pfba
b0029,2,414,0.3983895354016732,0.0,0.3983895354016732,1,3875.261432499039,pfba
b1092,1,414,0.3983895354016732,0.0,0.3983895354016732,1,3875.261432499116,pfba
b3809,1,414,0.3983895354016732,0.0,0.3983895354016732,1,3875.261432499064,pfba
b0031,1,414,0.3983895354016732,0.0,0.3983895354016732,1,3875.261432499114,pfba
b0003,2,414,0.3983895354016732,0.0,0.3983895354016732,1,3875.26143249913,pfba
b1748,3,414,0.3983895354016732,0.0,0.3983895354016732,1,3875.2614324990864,pfba
b3359,2,414,0.3983895354016732,0.0,0.3983895354016732,1,3875.261432499108,pfba
b0004,1,414,0.3983895354016732,0.0,0.3983895354016732,1,3875.261432499152,pfba
b4013,1,414,0.3983895354016732,0.0,0.3983895354016732,1,3875.261432499128,pfba
b1704,1,414,0.3983895354016732,0.0,0.3983895354016732,1,3875.2614324991664,pfba
b2601,1,414,0.3983895354016732,0.0,0.3983895354016732,1,3875.2614324991223,pfba
b0754,1,414,0.3983895354016732,0.0,0.3983895354016732,1,3875.2614324991273,pfba
b2700,1,14,0.3983895354016732,0.3983895354016777,-4.551914400963142e-15,0,201.1931930560037,pfba
b1768,1,16,0.3983895354016732,0.3983895354016828,-9.603429163007604e-15,0,200.32198596217728,pfba
b1014,2,14,0.3983895354016732,0.3983895354016837,-1.0491607582707731e-14,0,200.30119113068088,pfba
b1584,2,14,0.3983895354016732,0.3983895354016903,-1.7152945730458672e-14,0,200.18703419504465,pfba
b3790,1,16,0.3983895354016732,0.3983895354016896,-1.6375789613221062e-14,0,201.2342212613161,pfba
b4014,1,14,0.3983895354016732,0.398389535401686,-1.27675647831893e-14,0,200.18703419504396,pfba
b2976,1,14,0.3983895354016732,0.398389535401686,-1.27675647831893e-14,0,200.18703419504396,pfba
b1897,1,14,0.3983895354016732,0.3983895354016876,-1.4377388168895777e-14,0,200.18703419504453,pfba
b3034,1,16,0.3983895354016732,0.3983895354016857,-1.2545520178264267e-14,0,200.3219859621774,pfba
b3397,1,16,0.3983895354016732,0.3983895354016857,-1.2545520178264267e-14,0,200.3219859621774,pfba
b0062,1,14,0.3983895354016732,0.3983895354017122,-3.902433931557425e-14,0,200.1870341950445,pfba
b3600,1,14,0.3983895354016732,0.3983895354016656,7.605027718682322e-15,0,200.30119113068133,pfba
b3608,1,305,0.3983895354016732,0.3980588243468896,0.0003307110547835,0,200.35301696824965,pfba
b4119,1,14,0.3983895354016732,0.3983895354016576,1.554312234475219e-14,0,200.18703419504556,pfba
b2802,2,16,0.3983895354016732,0.3983895354016868,-1.3600232051658168e-14,0,200.3219859621767,pfba
b2803,1,14,0.3983895354016732,0.3983895354016797,-6.494804694057166e-15,0,200.18703419504428,pfba
b2800,1,14,0.3983895354016732,0.3983895354016838,-1.0602629885170243e-14,0,200.3011911306807,pfba
b2738,1,14,0.3983895354016732,0.3983895354016838,-1.0602629885170243e-14,0,200.3011911306807,pfba
b0335,1,14,0.3983895354016732,0.3983895354016876,-1.4377388168895777e-14,0,200.18703419504453,pfba
b1236,1,14,0.3983895354016732,0.398389535401684,-1.0769163338864018e-14,0,200.18703419504428,pfba
b0179,1,414,0.3983895354016732,0.0,0.3983895354016732,1,3875.261432499096,pfba
b0085,1,414,0.3983895354016732,0.0,0.3983895354016732,1,3875.2614324991073,pfba
b0091,1,414,0.3983895354016732,0.0,0.3983895354016732,1,3875.261432499135,pfba
b0088,1,414,0.3983895354016732,0.0,0.3983895354016732,1,3875.2614324993456,pfba
b0505,1,16,0.3983895354016732,0.3983895354016756,-2.3869795029440866e-15,0,201.5036939000837,pfba
b0350,1,14,0.3983895354016732,0.3983895354016925,-1.9317880628477724e-14,0,200.1870341950448,pfba
b0352,1,14,0.3983895354016732,0.3983895354016925,-1.9317880628477724e-14,0,200.1870341950448,pfba
b0347,2,14,0.3983895354016732,0.3983895354016826,-9.43689570931383e-15,0,200.18703419504465,pfba
b0726,1,417,0.3983895354016732,0.3908406194987684,0.0075489159029047,0,228.79900987545577,pfba
b0727,1,417,0.3983895354016732,0.3908406194987684,0.0075489159029047,0,228.79900987545577,pfba
b3945,4,16,0.3983895354016732,0.3983895354016954,-2.220446049250313e-14,0,201.23422126131743,pfba
b0131,1,414,0.3983895354016732,0.0,0.3983895354016732,1,3875.2614324991055,pfba
b0086,1,414,0.3983895354016732,0.0,0.3983895354016732,1,3875.261432499082,pfba
b0096,1,414,0.3983895354016732,0.0,0.3983895354016732,1,3875.26143249914,pfba
b0181,1,414,0.3983895354016732,0.0,0.3983895354016732,1,3875.261432499132,pfba
b2019,1,414,0.3983895354016732,0.0,0.3983895354016732,1,3875.261432499028,pfba
b2020,1,414,0.3983895354016732,0.0,0.3983895354016732,1,3875.261432499115,pfba
b2022,2,414,0.3983895354016732,0.0,0.3983895354016732,1,3875.261432499127,pfba
b1207,1,21,0.3983895354016732,0.3983895354017174,-4.4242387531312494e-14,0,202.1940017231776,pfba
b2026,2,414,0.3983895354016732,0.0,0.3983895354016732,1,3875.261432499115,pfba
b2024,1,414,0.3983895354016732,0.0,0.3983895354016732,1,3875.26143249913,pfba
b3607,1,414,0.3983895354016732,0.0,0.3983895354016732,1,3875.261432499084,pfba
b2421,1,414,0.3983895354016732,0.0,0.3983895354016732,1,3875.261432499091,pfba
b2414,1,414,0.3983895354016732,0.0,0.3983895354016732,1,3875.26143249913,pfba
b4214,1,414,0.3983895354016732,0.0,0.3983895354016732,1,3875.2614324991496,pfba
b2762,2,414,0.3983895354016732,0.0,0.3983895354016732,1,3875.2614324991177,pfba
b4024,1,414,0.3983895354016732,0.0,0.3983895354016732,1,3875.261432499118,pfba
b0002,2,414,0.3983895354016732,0.0,0.3983895354016732,1,3875.2614324991455,pfba
b3940,2,414,0.3983895354016732,0.0,0.3983895354016732,1,3875.2614324991023,pfba
b3433,1,414,0.3983895354016732,0.0,0.3983895354016732,1,3875.2614324991,pfba
b2838,1,414,0.3983895354016732,0.0,0.3983895354016732,1,3875.261432499124,pfba
b2942,1,414,0.3983895354016732,0.0,0.3983895354016732,1,3875.2614324991296,pfba
b4192,1,18,0.3983895354016732,0.3983895354016737,-4.996003610813204e-16,0,201.5507356279152,pfba
b1993,2,14,0.3983895354016732,0.3983895354016808,-7.66053886991358e-15,0,200.1870341950449,pfba
b1992,1,14,0.3983895354016732,0.3983895354016858,-1.2601031329495528e-14,0,200.18703419504536,pfba
b0417,1,414,0.3983895354016732,0.0,0.3983895354016732,1,3875.261432499121,pfba
b0348,2,14,0.3983895354016732,0.3983895354016883,-1.5154544286133387e-14,0,201.1931930560023,pfba
b0349,2,14,0.3983895354016732,0.3983895354016875,-1.426636586643326e-14,0,200.18703419504476,pfba
b3124,1,14,0.3983895354016732,0.3983895354016891,-1.5876189252139742e-14,0,200.18703419504496,pfba
b0583,1,14,0.3983895354016732,0.398389535401681,-7.827072323607354e-15,0,200.18703419504465,pfba
b0732,1,14,0.3983895354016732,0.3983895354016911,-1.7930101847696278e-14,0,200.3011911306799,pfba
b0517,1,16,0.3983895354016732,0.3983895354016764,-3.219646771412954e-15,0,201.23422126131783,pfba
b0521,1,379,0.3983895354016732,0.3944509317433448,0.0039386036583284,0,200.5616699381552,pfba
b3223,1,16,0.3983895354016732,0.3983895354016812,-8.049116928532385e-15,0,200.3219859621766,pfba
b2428,1,14,0.3983895354016732,0.3983895354016835,-1.0269562977782698e-14,0,200.18703419504465,pfba
b2162,2,18,0.3983895354016732,0.3983895354016771,-3.941291737419306e-15,0,201.55073562791816,pfba
b0651,2,18,0.3983895354016732,0.3983895354016771,-3.941291737419306e-15,0,201.55073562791816,pfba
b0522,1,414,0.3983895354016732,0.0,0.3983895354016732,1,3875.261432499131,pfba
b1779,6,437,0.3983895354016732,0.1426539947619065,0.2557355406397666,0,3473.8782356181277,pfba
b2388,1,14,0.3983895354016732,0.3983895354016876,-1.4377388168895777e-14,0,200.18703419504453,pfba
b2029,1,386,0.3983895354016732,0.3939247349057553,0.0044648004959178,0,220.5659098344367,pfba
b0368,1,14,0.3983895354016732,0.3983895354016903,-1.7152945730458672e-14,0,200.18703419504476,pfba
b2463,1,14,0.3983895354016732,0.3983895354016876,-1.4377388168895777e-14,0,200.18703419504453,pfba
b3960,1,414,0.3983895354016732,0.0,0.3983895354016732,1,3875.261432499116,pfba
b0032,1,18,0.3983895354016732,0.3983895354016852,-1.2045919817182948e-14,0,201.55073562791665,pfba
b0033,1,14,0.3983895354016732,0.3983895354016876,-1.4377388168895777e-14,0,200.18703419504453,pfba
b0242,1,414,0.3983895354016732,0.0,0.3983895354016732,1,3875.261432499144,pfba
b0074,1,414,0.3983895354016732,0.0,0.3983895354016732,1,3875.261432499116,pfba
b1091,3,414,0.3983895354016732,0.0,0.3983895354016732,1,3875.2614324991087,pfba
b3908,1,14,0.3983895354016732,0.3983895354016841,-1.0935696792557792e-14,0,201.1931930560037,pfba
b1656,1,14,0.3983895354016732,0.3983895354016843,-1.1157741397482823e-14,0,200.18703419504425,pfba
b0159,3,414,0.3983895354016732,0.0,0.3983895354016732,1,3875.261432499112,pfba
b1106,1,14,0.3983895354016732,0.3983895354016695,3.719247132494274e-15,0,201.1931930560032,pfba
b1759,2,14,0.3983895354016732,0.3983895354016876,-1.4377388168895777e-14,0,200.18703419504453,pfba
b2251,3,32,0.3983895354016732,0.3983895354016641,9.048317650695026e-15,0,200.320300941293,pfba
b0905,1,14,0.3983895354016732,0.3983895354016876,-1.4377388168895777e-14,0,200.18703419504453,pfba
b3248,2,14,0.3983895354016732,0.3983895354016876,-1.4377388168895777e-14,0,200.18703419504453,pfba
b0386,1,414,0.3983895354016732,0.0,0.3983895354016732,1,3875.261432499112,pfba
b3425,1,18,0.3983895354016732,0.3983895354016833,-1.0158540675320182e-14,0,201.55073562791603,pfba
b2668,1,16,0.3983895354016732,0.3983895354016866,-1.3433698597964394e-14,0,200.3219859621764,pfba
b2521,2,14,0.3983895354016732,0.3983895354016949,-2.1760371282653068e-14,0,200.1870341950448,pfba
b2053,1,14,0.3983895354016732,0.3983895354016792,-6.050715484207103e-15,0,200.18703419504476,pfba
b2920,1,14,0.3983895354016732,0.3983895354016876,-1.4377388168895777e-14,0,200.18703419504453,pfba
b2143,2,18,0.3983895354016732,0.3983895354016842,-1.0991207943789051e-14,0,201.55073562791583,pfba
b0778,1,414,0.3983895354016732,0.0,0.3983895354016732,1,3875.261432499112,pfba
b2065,1,14,0.3983895354016732,0.3983895354016922,-1.9040324872321435e-14,0,201.19319305600183,pfba
b2478,1,414,0.3983895354016732,0.0,0.3983895354016732,1,3875.261432499136,pfba
b0337,1,16,0.3983895354016732,0.398389535401674,-7.771561172376097e-16,0,200.321985962178,pfba
b3729,1,414,0.3983895354016732,0.0,0.3983895354016732,1,3875.2614324991055,pfba
b2688,1,18,0.3983895354016732,0.3983895354016984,-2.520206265899105e-14,0,201.55073562791665,pfba
b0485,1,14,0.3983895354016732,0.3983895354016834,-1.021405182655144e-14,0,200.18703419504524,pfba
b1524,1,14,0.3983895354016732,0.3983895354016834,-1.021405182655144e-14,0,200.18703419504524,pfba
b2312,1,414,0.3983895354016732,0.0,0.3983895354016732,1,3875.2614324991096,pfba
b0104,1,16,0.3983895354016732,0.3983895354016982,-2.4980018054066022e-14,0,201.5036939000829,pfba
b1740,1,414,0.3983895354016732,0.0,0.3983895354016732,1,3875.261432499142,pfba
b3366,1,14,0.3983895354016732,0.3983895354017007,-2.7478019859472624e-14,0,201.1931930560017,pfba
b3365,1,14,0.3983895354016732,0.3983895354016876,-1.4377388168895777e-14,0,200.18703419504453,pfba
b4254,1,414,0.3983895354016732,0.0,0.3983895354016732,1,3875.26143249909,pfba
b0273,1,414,0.3983895354016732,0.0,0.3983895354016732,1,3875.261432499104,pfba
b2500,1,324,0.3983895354016732,0.3971938792613785,0.0011956561402946,0,201.7942767417936,pfba
b3449,5,14,0.3983895354016732,0.3983895354016711,2.1094237467877974e-15,0,200.1870341950444,pfba
b0331,1,18,0.3983895354016732,0.3983895354016807,-7.494005416219807e-15,0,201.55073562791728,pfba
b2210,2,14,0.3983895354016732,0.3983895354016876,-1.4377388168895777e-14,0,200.18703419504453,pfba
b1746,1,14,0.3983895354016732,0.3983895354016795,-6.3282712403633915e-15,0,200.18703419504504,pfba
b0052,1,414,0.3983895354016732,0.0,0.3983895354016732,1,3875.261432499104,pfba
b2564,1,414,0.3983895354016732,0.0,0.3983895354016732,1,3875.2614324991223,pfba
b0369,1,414,0.3983895354016732,0.0,0.3983895354016732,1,3875.2614324991328,pfba
b4005,1,414,0.3983895354016732,0.0,0.3983895354016732,1,3875.261432499109,pfba
b2557,1,414,0.3983895354016732,0.0,0.3983895354016732,1,3875.2614324991137,pfba
b2441,1,14,0.3983895354016732,0.3983895354017023,-2.90878432451791e-14,0,201.19319305600212,pfba
b2440,1,12,0.3983895354016732,0.3983895354016763,-3.1086244689504387e-15,0,200.17225288606556,pfba
b2049,1,14,0.3983895354016732,0.3983895354016876,-1.4377388168895777e-14,0,200.18703419504453,pfba
b3806,1,12,0.3983895354016732,0.3983895354016848,-1.1601830607332886e-14,0,200.1722528860656,pfba
b2533,2,14,0.3983895354016732,0.3983895354016815,-8.271161533457416e-15,0,200.18703419504385,pfba
b0333,1,14,0.3983895354016732,0.3983895354016876,-1.4377388168895777e-14,0,200.18703419504453,pfba
b3590,1,14,0.3983895354016732,0.3983895354016876,-1.4377388168895777e-14,0,200.18703419504453,pfba
b2173,1,14,0.3983895354016732,0.3983895354016876,-1.4377388168895777e-14,0,200.18703419504453,pfba
b2918,1,14,0.3983895354016732,0.3983895354016876,-1.4377388168895777e-14,0,200.18703419504453,pfba
b2727,1,14,0.3983895354016732,0.3983895354016876,-1.4377388168895777e-14,0,200.18703419504453,pfba
b4173,1,14,0.3983895354016732,0.3983895354016876,-1.4377388168895777e-14,0,200.18703419504453,pfba
b4352,1,14,0.3983895354016732,0.3983895354016876,-1.4377388168895777e-14,0,200.18703419504453,pfba
b4161,4,14,0.3983895354016732,0.3983895354016876,-1.4377388168895777e-14,0,200.18703419504453,pfba
b1852,1,385,0.3983895354016732,0.3939247349057608,0.0044648004959123,0,220.3949006275812,pfba
b0134,1,414,0.3983895354016732,0.0,0.3983895354016732,1,3875.2614324991137,pfba
b2028,1,16,0.3983895354016732,0.3983895354016832,-1.0047518372857668e-14,0,201.50369390008453,pfba
b2787,1,14,0.3983895354016732,0.3983895354016889,-1.5709655798445965e-14,0,200.18703419504456,pfba
b2788,1,14,0.3983895354016732,0.3983895354016889,-1.5709655798445965e-14,0,200.18703419504456,pfba
b3791,1,14,0.3983895354016732,0.3983895354016862,-1.2989609388114332e-14,0,200.1870341950444,pfba
b3787,1,14,0.3983895354016732,0.3983895354016855,-1.2267964422107981e-14,0,200.18703419504436,pfba
b1415,2,12,0.3983895354016732,0.3983895354016803,-7.105427357601002e-15,0,200.17225288606508,pfba
b1493,1,16,0.3983895354016732,0.3983895354016982,-2.4980018054066022e-14,0,201.23422126131757,pfba
b3517,1,16,0.3983895354016732,0.3983895354016982,-2.4980018054066022e-14,0,201.23422126131757,pfba
b3551,3,16,0.3983895354016732,0.3983895354016734,-1.6653345369377348e-16,0,200.3219859621766,pfba
b2750,1,414,0.3983895354016732,0.0,0.3983895354016732,1,3875.261432499081,pfba
b1622,1,414,0.3983895354016732,0.0,0.3983895354016732,1,3875.26143249911,pfba
b3939,1,414,0.3983895354016732,0.0,0.3983895354016732,1,3875.261432499055,pfba
b2661,1,18,0.3983895354016732,0.3983895354016957,-2.253752739989068e-14,0,201.55073562791569,pfba
b0241,283,413,0.3983895354016732,0.0,0.3983895354016732,1,19942.20512722932,infeasible
b2215,285,413,0.3983895354016732,0.0,0.3983895354016732,1,19942.20512722932,infeasible
b0929,285,413,0.3983895354016732,0.0,0.3983895354016732,1,19942.20512722932,infeasible
b1377,284,413,0.3983895354016732,0.0,0.3983895354016732,1,19942.20512722932,infeasible
b0411,7,14,0.3983895354016732,0.3983895354016907,-1.7486012637846216e-14,0,200.03788156726347,pfba
b1319,1,426,0.3983895354016732,0.1436253097289758,0.2547642256726974,0,20748.30994032479,pfba
b3875,3,425,0.3983895354016732,0.1436253097289807,0.2547642256726924,0,20747.40578996976,pfba
b0957,1,426,0.3983895354016732,0.1436253097289758,0.2547642256726974,0,20748.30994032479,pfba
b1805,10,16,0.3983895354016732,0.3983895354016837,-1.0491607582707731e-14,0,200.32198596217785,pfba
b1701,10,16,0.3983895354016732,0.3983895354016837,-1.0491607582707731e-14,0,200.32198596217785,pfba
b1646,1,14,0.3983895354016732,0.3983895354016814,-8.215650382226158e-15,0,200.18703419504507,pfba
b2203,2,14,0.3983895354016732,0.3983895354016876,-1.4377388168895777e-14,0,200.18703419504453,pfba
b2202,2,14,0.3983895354016732,0.3983895354016876,-1.4377388168895777e-14,0,200.18703419504453,pfba
b2206,2,14,0.3983895354016732,0.3983895354016876,-1.4377388168895777e-14,0,200.18703419504453,pfba
b2205,1,14,0.3983895354016732,0.3983895354016876,-1.4377388168895777e-14,0,200.18703419504453,pfba
b2204,1,14,0.3983895354016732,0.3983895354016876,-1.4377388168895777e-14,0,200.18703419504453,pfba
b0980,2,14,0.3983895354016732,0.3983895354016901,-1.6875389974302383e-14,0,200.18703419504476,pfba
b0383,15,18,0.3983895354016732,0.3983895354016726,5.551115123125784e-16,0,201.5507356279189,pfba
b1468,2,14,0.3983895354016732,0.398389535401683,-9.825473767932635e-15,0,200.1870341950446,pfba
b1224,2,14,0.3983895354016732,0.398389535401683,-9.825473767932635e-15,0,200.1870341950446,pfba
b1225,2,14,0.3983895354016732,0.398389535401683,-9.825473767932635e-15,0,200.1870341950446,pfba
b1226,2,14,0.3983895354016732,0.398389535401683,-9.825473767932635e-15,0,200.1870341950446,pfba
b1227,2,14,0.3983895354016732,0.398389535401683,-9.825473767932635e-15,0,200.1870341950446,pfba
b1466,2,14,0.3983895354016732,0.398389535401683,-9.825473767932635e-15,0,200.1870341950446,pfba
b1467,2,14,0.3983895354016732,0.398389535401683,-9.825473767932635e-15,0,200.1870341950446,pfba
b1465,2,14,0.3983895354016732,0.398389535401683,-9.825473767932635e-15,0,200.1870341950446,pfba
b1602,1,14,0.3983895354016732,0.3983895354016876,-1.4377388168895777e-14,0,200.18703419504453,pfba
b1603,1,14,0.3983895354016732,0.3983895354016876,-1.4377388168895777e-14,0,200.18703419504453,pfba
b0997,2,14,0.3983895354016732,0.3983895354016773,-4.107825191113079e-15,0,200.18703419504533,pfba
b0996,2,14,0.3983895354016732,0.3983895354016773,-4.107825191113079e-15,0,200.18703419504533,pfba
b1873,4,14,0.3983895354016732,0.3983895354016992,-2.5979218776228663e-14,0,200.18703419504425,pfba
b1872,4,14,0.3983895354016732,0.3983895354016992,-2.5979218776228663e-14,0,200.18703419504425,pfba
b3845,8,443,0.3983895354016732,0.3915030231418145,0.0068865122598587,0,207.06719163105947,pfba
b2342,8,443,0.3983895354016732,0.3915030231418145,0.0068865122598587,0,207.06719163105947,pfba
b4388,1,412,0.3983895354016732,0.3818205324789682,0.0165690029227049,0,215.57789946511525,pfba
b0010,2,422,0.3983895354016732,0.3036382132470943,0.0947513221545788,0,1475.0781388806083,pfba
b3528,6,14,0.3983895354016732,0.3983895354017091,-3.5915714846623814e-14,0,201.1931930560023,pfba
b4123,9,14,0.3983895354016732,0.3983895354016942,-2.0983215165415462e-14,0,200.18703419504484,pfba
b0621,4,14,0.3983895354016732,0.3983895354016832,-9.992007221626407e-15,0,200.18703419504516,pfba
b4138,7,14,0.3983895354016732,0.3983895354016832,-9.992007221626407e-15,0,200.18703419504516,pfba
b2417,6,410,0.3983895354016732,0.3784700586315895,0.0199194767700836,0,723.891318522815,pfba
b2429,2,14,0.3983895354016732,0.3983895354016797,-6.494804694057166e-15,0,200.1870341950452,pfba
b2423,5,414,0.3983895354016732,0.0,0.3983895354016732,1,3875.261432499124,pfba
b2422,5,414,0.3983895354016732,0.0,0.3983895354016732,1,3875.261432499117,pfba
b0764,3,414,0.3983895354016732,0.0,0.3983895354016732,1,3875.261432499127,pfba
b0765,3,414,0.3983895354016732,0.0,0.3983895354016732,1,3875.2614324991455,pfba
b0763,3,414,0.3983895354016732,0.0,0.3983895354016732,1,3875.2614324991146,pfba
b2425,5,414,0.3983895354016732,0.0,0.3983895354016732,1,3875.261432499098,pfba
b2424,5,414,0.3983895354016732,0.0,0.3983895354016732,1,3875.261432499101,pfba
b3917,5,414,0.3983895354016732,0.0,0.3983895354016732,1,3875.261432499109,pfba
b3063,1,16,0.3983895354016732,0.3983895354016798,-6.605826996519682e-15,0,201.5036939000829,pfba
b2913,3,412,0.3983895354016732,0.3818205324789366,0.0165690029227365,0,214.0877925861429,pfba
b0366,3,14,0.3983895354016732,0.3983895354016791,-5.939693181744588e-15,0,200.18703419504325,pfba
b0367,3,14,0.3983895354016732,0.3983895354016791,-5.939693181744588e-15,0,200.18703419504325,pfba
b0365,3,14,0.3983895354016732,0.3983895354016791,-5.939693181744588e-15,0,200.18703419504325,pfba
b2964,11,14,0.3983895354016732,0.398389535401683,-9.825473767932635e-15,0,200.18703419504428,pfba
b2393,8,16,0.3983895354016732,0.3983895354016791,-5.939693181744588e-15,0,200.32198596217705,pfba
b1291,1,315,0.3983895354016732,0.3979253782376553,0.0004641571640179,0,200.2066463225176,pfba
b1250,1,315,0.3983895354016732,0.3979253782376553,0.0004641571640179,0,200.2066463225176,pfba
b1363,1,315,0.3983895354016732,0.3979253782376553,0.0004641571640179,0,200.2066463225176,pfba
b3290,1,315,0.3983895354016732,0.3979253782376553,0.0004641571640179,0,200.2066463225176,pfba
b3747,1,315,0.3983895354016732,0.3979253782376553,0.0004641571640179,0,200.2066463225176,pfba
b3849,1,315,0.3983895354016732,0.3979253782376553,0.0004641571640179,0,200.2066463225176,pfba
b2587,1,16,0.3983895354016732,0.3983895354016765,-3.275157922644212e-15,0,201.5036939000833,pfba
b4031,1,14,0.3983895354016732,0.3983895354016876,-1.4377388168895777e-14,0,200.18703419504453,pfba
b0067,1,14,0.3983895354016732,0.3983895354016993,-2.614575222992244e-14,0,200.18703419504416,pfba
b0066,1,14,0.3983895354016732,0.3983895354016993,-2.614575222992244e-14,0,200.18703419504416,pfba
b0068,1,14,0.3983895354016732,0.3983895354016993,-2.614575222992244e-14,0,200.18703419504416,pfba
b2406,6,18,0.3983895354016732,0.3983895354016773,-4.107825191113079e-15,0,201.55073562791617,pfba
b3460,5,14,0.3983895354016732,0.3983895354016876,-1.4377388168895777e-14,0,200.18703419504453,pfba
b3455,5,14,0.3983895354016732,0.3983895354016876,-1.4377388168895777e-14,0,200.18703419504453,pfba
b3454,5,14,0.3983895354016732,0.3983895354016876,-1.4377388168895777e-14,0,200.18703419504453,pfba
b3457,5,14,0.3983895354016732,0.3983895354016876,-1.4377388168895777e-14,0,200.18703419504453,pfba
b3456,5,14,0.3983895354016732,0.3983895354016876,-1.4377388168895777e-14,0,200.18703419504453,pfba
b4240,1,12,0.3983895354016732,0.3983895354016702,2.997602166487923e-15,0,200.1722528860656,pfba
b3161,2,14,0.3983895354016732,0.3983895354016858,-1.2601031329495528e-14,0,200.18703419504516,pfba
b3709,1,14,0.3983895354016732,0.3983895354016879,-1.4710455076283324e-14,0,200.1870341950441,pfba
b0112,4,12,0.3983895354016732,0.398389535401682,-8.770761894538737e-15,0,200.1722528860657,pfba
b1907,1,14,0.3983895354016732,0.3983895354016879,-1.4710455076283324e-14,0,200.1870341950441,pfba
b3567,1,14,0.3983895354016732,0.3983895354016876,-1.4377388168895777e-14,0,200.18703419504453,pfba
b3566,1,14,0.3983895354016732,0.3983895354016876,-1.4377388168895777e-14,0,200.18703419504453,pfba
b3568,1,14,0.3983895354016732,0.3983895354016876,-1.4377388168895777e-14,0,200.18703419504453,pfba
b3577,2,14,0.3983895354016732,0.3983895354016805,-7.271960811294775e-15,0,200.18703419504456,pfba
b3578,2,14,0.3983895354016732,0.3983895354016805,-7.271960811294775e-15,0,200.18703419504456,pfba
b3579,2,14,0.3983895354016732,0.3983895354016805,-7.271960811294775e-15,0,200.18703419504456,pfba
b3089,2,14,0.3983895354016732,0.3983895354016876,-1.4377388168895777e-14,0,200.18703419504453,pfba
b2153,1,414,0.3983895354016732,0.0,0.3983895354016732,1,3875.261432499144,pfba
b0935,5,14,0.3983895354016732,0.398389535401689,-1.582067810090848e-14,0,201.19319305600223,pfba
b0151,5,14,0.3983895354016732,0.3983895354016746,-1.4432899320127037e-15,0,200.1870341950447,pfba
b0153,5,14,0.3983895354016732,0.3983895354016746,-1.4432899320127037e-15,0,200.1870341950447,pfba
b0152,5,14,0.3983895354016732,0.3983895354016746,-1.4432899320127037e-15,0,200.1870341950447,pfba
b0158,3,14,0.3983895354016732,0.3983895354016782,-5.051514762044462e-15,0,200.1870341950445,pfba
b1709,3,14,0.3983895354016732,0.3983895354016782,-5.051514762044462e-15,0,200.1870341950445,pfba
b1711,3,14,0.3983895354016732,0.3983895354016782,-5.051514762044462e-15,0,200.1870341950445,pfba
b2223,3,12,0.3983895354016732,0.398389535401684,-1.0769163338864018e-14,0,200.17225288606596,pfba
b1101,2,410,0.3983895354016732,0.3784700586316086,0.0199194767700645,0,723.8913185227862,pfba
b0679,1,12,0.3983895354016732,0.3983895354016697,3.497202527569243e-15,0,200.17225288606545,pfba
b1817,6,410,0.3983895354016732,0.3784700586315956,0.0199194767700775,0,723.8913185228666,pfba
b1819,6,410,0.3983895354016732,0.3784700586315956,0.0199194767700775,0,723.8913185228666,pfba
b1818,6,410,0.3983895354016732,0.3784700586315956,0.0199194767700775,0,723.8913185228666,pfba
b3224,1,14,0.3983895354016732,0.3983895354016862,-1.3045120539345591e-14,0,200.18703419504436,pfba
b0311,1,14,0.3983895354016732,0.3983895354016882,-1.504352198367087e-14,0,200.18703419504445,pfba
b4381,1,14,0.3983895354016732,0.398389535401678,-4.773959005888173e-15,0,200.3011911306805,pfba
b0592,2,14,0.3983895354016732,0.3983895354016857,-1.2545520178264267e-14,0,200.30119113068048,pfba
b0590,2,14,0.3983895354016732,0.3983895354016857,-1.2545520178264267e-14,0,200.30119113068048,pfba
b0588,2,14,0.3983895354016732,0.3983895354016857,-1.2545520178264267e-14,0,200.30119113068048,pfba
b0589,2,14,0.3983895354016732,0.3983895354016857,-1.2545520178264267e-14,0,200.30119113068048,pfba
b2841,1,14,0.3983895354016732,0.3983895354016862,-1.3045120539345591e-14,0,200.3011911306811,pfba
b2310,3,14,0.3983895354016732,0.3983895354016876,-1.4377388168895777e-14,0,200.18703419504453,pfba
b2306,4,14,0.3983895354016732,0.3983895354016876,-1.4377388168895777e-14,0,200.18703419504453,pfba
b2307,4,14,0.3983895354016732,0.3983895354016876,-1.4377388168895777e-14,0,200.18703419504453,pfba
b2308,4,14,0.3983895354016732,0.3983895354016876,-1.4377388168895777e-14,0,200.18703419504453,pfba
b0864,1,14,0.3983895354016732,0.3983895354016876,-1.4377388168895777e-14,0,200.18703419504453,pfba
b0861,1,14,0.3983895354016732,0.3983895354016876,-1.4377388168895777e-14,0,200.18703419504453,pfba
b0860,1,14,0.3983895354016732,0.3983895354016876,-1.4377388168895777e-14,0,200.18703419504453,pfba
b0863,1,14,0.3983895354016732,0.3983895354016876,-1.4377388168895777e-14,0,200.18703419504453,pfba
b0862,1,14,0.3983895354016732,0.3983895354016876,-1.4377388168895777e-14,0,200.18703419504453,pfba
b4115,1,14,0.3983895354016732,0.3983895354016945,-2.131628207280301e-14,0,200.1870341950449,pfba
b4193,1,14,0.3983895354016732,0.3983895354016891,-1.5876189252139742e-14,0,200.18703419504476,pfba
b4195,1,14,0.3983895354016732,0.3983895354016891,-1.5876189252139742e-14,0,200.18703419504476,pfba
b4194,1,14,0.3983895354016732,0.3983895354016891,-1.5876189252139742e-14,0,200.18703419504476,pfba
b1453,1,14,0.3983895354016732,0.3983895354017042,-3.1030733538273125e-14,0,200.3011911306804,pfba
b0654,2,14,0.3983895354016732,0.3983895354016876,-1.4377388168895777e-14,0,200.18703419504453,pfba
b0655,2,14,0.3983895354016732,0.3983895354016876,-1.4377388168895777e-14,0,200.18703419504453,pfba
b0652,2,14,0.3983895354016732,0.3983895354016876,-1.4377388168895777e-14,0,200.18703419504453,pfba
b0653,2,14,0.3983895354016732,0.3983895354016876,-1.4377388168895777e-14,0,200.18703419504453,pfba
b4077,2,14,0.3983895354016732,0.3983895354016847,-1.1490808304870372e-14,0,200.18703419504467,pfba
b0480,17,14,0.3983895354016732,0.3983895354016823,-9.15933995315754e-15,0,200.18703419504487,pfba
b4055,17,14,0.3983895354016732,0.3983895354017354,-6.222800053024002e-14,0,200.18703419504465,pfba
b3127,3,18,0.3983895354016732,0.3983895354016817,-8.548717289613705e-15,0,201.55073562791583,pfba
b2789,3,18,0.3983895354016732,0.3983895354016817,-8.548717289613705e-15,0,201.55073562791583,pfba
b2943,2,14,0.3983895354016732,0.3983895354016609,1.2267964422107981e-14,0,200.18703419504496,pfba
b2663,1,16,0.3983895354016732,0.3983895354016881,-1.4876988529977098e-14,0,200.321985962177,pfba
b1918,1,14,0.3983895354016732,0.3983895354016876,-1.4377388168895777e-14,0,200.18703419504453,pfba
b1917,1,14,0.3983895354016732,0.3983895354016876,-1.4377388168895777e-14,0,200.18703419504453,pfba
b1920,1,14,0.3983895354016732,0.3983895354016876,-1.4377388168895777e-14,0,200.18703419504453,pfba
b2704,2,16,0.3983895354016732,0.3983895354016862,-1.3045120539345591e-14,0,200.32198596217728,pfba
b2702,2,16,0.3983895354016732,0.3983895354016862,-1.3045120539345591e-14,0,200.32198596217728,pfba
b2703,2,16,0.3983895354016732,0.3983895354016862,-1.3045120539345591e-14,0,200.32198596217728,pfba
b1197,1,14,0.3983895354016732,0.3983895354016876,-1.4377388168895777e-14,0,200.18703419504453,pfba
b4515,1,14,0.3983895354016732,0.3983895354016876,-1.4377388168895777e-14,0,200.18703419504453,pfba
b0733,1,14,0.3983895354016732,0.3983895354016876,-1.4377388168895777e-14,0,200.18703419504453,pfba
b0734,1,14,0.3983895354016732,0.3983895354016876,-1.4377388168895777e-14,0,200.18703419504453,pfba
b0979,2,14,0.3983895354016732,0.3983895354016991,-2.5923707624997402e-14,0,200.18703419504465,pfba
b0978,2,14,0.3983895354016732,0.3983895354016991,-2.5923707624997402e-14,0,200.18703419504465,pfba
b3734,1,413,0.3983895354016732,0.0,0.3983895354016732,1,19942.20512722932,infeasible
b3735,1,413,0.3983895354016732,0.0,0.3983895354016732,1,19942.20512722932,infeasible
b3736,1,413,0.3983895354016732,0.0,0.3983895354016732,1,19942.20512722932,infeasible
b3737,1,413,0.3983895354016732,0.0,0.3983895354016732,1,19942.20512722932,infeasible
b3731,1,413,0.3983895354016732,0.0,0.3983895354016732,1,19942.20512722932,infeasible
b3732,1,413,0.3983895354016732,0.0,0.3983895354016732,1,19942.20512722932,infeasible
b3733,1,413,0.3983895354016732,0.0,0.3983895354016732,1,19942.20512722932,infeasible
b3738,1,413,0.3983895354016732,0.0,0.3983895354016732,1,19942.20512722932,infeasible
b3739,1,413,0.3983895354016732,0.0,0.3983895354016732,1,19942.20512722932,infeasible
b4067,2,18,0.3983895354016732,0.3983895354016906,-1.73749903353837e-14,0,201.5507356279165,pfba
b3714,1,12,0.3983895354016732,0.3983895354016881,-1.4932499681208355e-14,0,200.1722528860653,pfba
b3654,3,12,0.3983895354016732,0.3983895354016881,-1.4932499681208355e-14,0,200.1722528860653,pfba
b3664,1,12,0.3983895354016732,0.3983895354016881,-1.4932499681208355e-14,0,200.1722528860653,pfba
b4088,2,12,0.3983895354016732,0.398389535401683,-9.769962616701378e-15,0,200.17225288606556,pfba
b4087,2,12,0.3983895354016732,0.398389535401683,-9.769962616701378e-15,0,200.17225288606556,pfba
b4086,2,12,0.3983895354016732,0.398389535401683,-9.769962616701378e-15,0,200.17225288606556,pfba
b0511,1,14,0.3983895354016732,0.3983895354016794,-6.217248937900877e-15,0,200.18703419504487,pfba
b1901,1,14,0.3983895354016732,0.3983895354016876,-1.4377388168895777e-14,0,200.18703419504453,pfba
b1900,1,14,0.3983895354016732,0.3983895354016876,-1.4377388168895777e-14,0,200.18703419504453,pfba
b4460,1,14,0.3983895354016732,0.3983895354016876,-1.4377388168895777e-14,0,200.18703419504453,pfba
b0124,1,14,0.3983895354016732,0.3983895354016862,-1.2989609388114332e-14,0,200.1870341950445,pfba
b0837,1,14,0.3983895354016732,0.3983895354016862,-1.2989609388114332e-14,0,200.1870341950445,pfba
b4464,2,12,0.3983895354016732,0.3983895354016838,-1.0658141036401504e-14,0,0.1870341950442314,pfba
b4064,2,12,0.3983895354016732,0.3983895354016838,-1.0658141036401504e-14,0,0.1870341950442314,pfba
b0974,3,14,0.3983895354016732,0.3983895354016892,-1.6042722705833512e-14,0,200.18703419504496,pfba
b0973,3,14,0.3983895354016732,0.3983895354016892,-1.6042722705833512e-14,0,200.18703419504496,pfba
b0972,3,14,0.3983895354016732,0.3983895354016892,-1.6042722705833512e-14,0,200.18703419504496,pfba
b2997,3,14,0.3983895354016732,0.3983895354016892,-1.6042722705833512e-14,0,200.18703419504496,pfba
b2996,3,14,0.3983895354016732,0.3983895354016892,-1.6042722705833512e-14,0,200.18703419504496,pfba
b2995,3,14,0.3983895354016732,0.3983895354016892,-1.6042722705833512e-14,0,200.18703419504496,pfba
b2994,3,14,0.3983895354016732,0.3983895354016892,-1.6042722705833512e-14,0,200.18703419504496,pfba
b4289,1,16,0.3983895354016732,0.3983895354016812,-7.993605777301127e-15,0,201.2342212613173,pfba
b4288,1,16,0.3983895354016732,0.3983895354016812,-7.993605777301127e-15,0,201.2342212613173,pfba
b4290,1,16,0.3983895354016732,0.3983895354016812,-7.993605777301127e-15,0,201.2342212613173,pfba
b4287,1,16,0.3983895354016732,0.3983895354016812,-7.993605777301127e-15,0,201.2342212613173,pfba
b1102,1,14,0.3983895354016732,0.3983895354016822,-9.048317650695026e-15,0,200.1870341950448,pfba
b3006,10,14,0.3983895354016732,0.3983895354016979,-2.475797344914099e-14,0,200.18703419504428,pfba
b3005,10,14,0.3983895354016732,0.3983895354016979,-2.475797344914099e-14,0,200.18703419504428,pfba
b1252,10,14,0.3983895354016732,0.3983895354016979,-2.475797344914099e-14,0,200.18703419504428,pfba
b2315,1,414,0.3983895354016732,0.0,0.3983895354016732,1,3875.261432499099,pfba
b0612,1,16,0.3983895354016732,0.3983895354016874,-1.4210854715202004e-14,0,201.50369390008345,pfba
b0040,2,14,0.3983895354016732,0.3983895354016889,-1.5709655798445965e-14,0,200.1870341950444,pfba
b2131,2,14,0.3983895354016732,0.3983895354016876,-1.4377388168895777e-14,0,200.18703419504453,pfba
b2130,2,14,0.3983895354016732,0.3983895354016876,-1.4377388168895777e-14,0,200.18703419504453,pfba
b2128,2,14,0.3983895354016732,0.3983895354016876,-1.4377388168895777e-14,0,200.18703419504453,pfba
b2129,2,14,0.3983895354016732,0.3983895354016876,-1.4377388168895777e-14,0,200.18703419504453,pfba
b3409,1,14,0.3983895354016732,0.3983895354016876,-1.4377388168895777e-14,0,200.18703419504453,pfba
b2167,1,14,0.3983895354016732,0.398389535401684,-1.0769163338864018e-14,0,200.1870341950444,pfba
b2169,1,14,0.3983895354016732,0.398389535401684,-1.0769163338864018e-14,0,200.1870341950444,pfba
b2801,1,18,0.3983895354016732,0.3983895354016815,-8.326672684688674e-15,0,201.55073562791696,pfba
b0584,1,14,0.3983895354016732,0.3983895354016848,-1.1601830607332886e-14,0,200.18703419504465,pfba
b0336,1,18,0.3983895354016732,0.3983895354016872,-1.4044321261508232e-14,0,201.5507356279149,pfba
b0341,1,14,0.3983895354016732,0.398389535401683,-9.825473767932635e-15,0,200.18703419504476,pfba
b3909,2,16,0.3983895354016732,0.3983895354016585,1.4654943925052066e-14,0,200.32198596217745,pfba
b4036,7,12,0.3983895354016732,0.3983895354016816,-8.382183835919932e-15,0,0.1870341950442713,pfba
b4291,1,16,0.3983895354016732,0.3983895354016799,-6.716849298982197e-15,0,201.2342212613196,pfba
b1119,1,6,0.3983895354016876,0.398389535401695,-7.438494264988549e-15,0,0.031198853936071986,pfba
b3829,1,414,0.3983895354016876,0.0,0.3983895354016876,1,3824.4790244071164,pfba
b4019,1,414,0.3983895354016876,0.0,0.3983895354016876,1,3824.479024407127,pfba
b0887,2,6,0.3983895354016876,0.39838953540167205,1.554312234475219e-14,0,0.5943423401306486,pfba
b0886,2,0,0.3983895354016876,0.3983895354016796,7.993605777301127e-15,0,0.0,pfba
b2476,1,414,0.3983895354016876,0.0,0.3983895354016876,1,3824.479024407109,pfba
b3125,1,6,0.3983895354016876,0.3983895354016984,-1.0824674490095276e-14,0,0.0006519912522710709,pfba
b0509,1,0,0.3983895354016876,0.39838953540168626,1.3322676295501878e-15,0,0.0,pfba
b2501,2,0,0.3983895354016876,0.3983895354016879,-3.3306690738754696e-16,0,0.0,pfba
b3941,1,414,0.3983895354016876,0.0,0.3983895354016876,1,3824.479024407151,pfba
b2574,4,414,0.3983895354016876,0.0,0.3983895354016876,1,3824.4790244071464,pfba
b3177,1,414,0.3983895354016876,0.0,0.3983895354016876,1,3824.479024407139,pfba
b0529,2,409,0.3983895354016876,0.38939453835648874,0.00899499704519885,0,5.103063030207748,pfba
b4132,1,0,0.3983895354016876,0.3983895354016876,0.0,0,0.0,pfba
b0750,1,414,0.3983895354016876,0.0,0.3983895354016876,1,3824.479024407158,pfba
b3605,2,10,0.3983895354016876,0.39838953540163746,5.012656956182582e-14,0,0.7754953659322075,pfba
b0306,2,0,0.3983895354016876,0.3983895354016883,-7.216449660063518e-16,0,0.0,pfba
b0307,2,0,0.3983895354016876,0.3983895354016883,-7.216449660063518e-16,0,0.0,pfba
b0308,2,0,0.3983895354016876,0.3983895354016883,-7.216449660063518e-16,0,0.0,pfba
b0904,2,0,0.3983895354016876,0.3983895354016962,-8.604228440844963e-15,0,0.0,pfba
b2492,2,0,0.3983895354016876,0.3983895354016962,-8.604228440844963e-15,0,0.0,pfba
b3631,1,0,0.3983895354016876,0.39838953540168537,2.220446049250313e-15,0,0.0,pfba
b0914,32,414,0.3983895354016876,0.0,0.3983895354016876,1,3824.4790244071337,pfba
b1300,2,8,0.3983895354016876,0.3983895354016808,6.772360450213455e-15,0,0.8071037935333798,pfba
b1967,1,0,0.3983895354016876,0.3983895354016876,0.0,0,0.0,pfba
b0933,5,0,0.3983895354016876,0.39838953540168376,3.83026943495679e-15,0,0.0,pfba
b0936,5,0,0.3983895354016876,0.39838953540168376,3.83026943495679e-15,0,0.0,pfba
b0934,5,0,0.3983895354016876,0.39838953540168376,3.83026943495679e-15,0,0.0,pfba
b2032,1,6,0.3983895354016876,0.39838953540168226,5.329070518200751e-15,0,0.5943423401310395,pfba
b2027,3,8,0.3983895354016876,0.39838953540167654,1.1046719095020308e-14,0,0.02583732267130224,pfba
b2035,3,8,0.3983895354016876,0.39838953540167654,1.1046719095020308e-14,0,0.02583732267130224,pfba
b3622,2,0,0.3983895354016876,0.39838953540165356,3.402833570476105e-14,0,0.0,pfba
b0459,2,6,0.3983895354016876,0.3983895354017021,-1.4488410471358293e-14,0,0.0006519912522235022,pfba
b0585,2,6,0.3983895354016876,0.39838953540168687,7.216449660063518e-16,0,0.59434234013023,pfba
b1326,1,0,0.3983895354016876,0.3983895354016372,5.040412531798211e-14,0,0.0,pfba
b1325,1,8,0.3983895354016876,0.3983895354016858,1.7763568394002505e-15,0,0.8071037935322795,pfba
b0591,1,6,0.3983895354016876,0.39838953540167665,1.0935696792557792e-14,0,0.031198853936039668,pfba
b3035,9,6,0.3983895354016876,0.39838953540167665,1.0935696792557792e-14,0,0.031198853936039668,pfba
b0692,2,6,0.3983895354016876,0.398389535401683,4.6074255521944e-15,0,0.0006519912522692571,pfba
b2014,1,0,0.3983895354016876,0.3983895354016876,0.0,0,0.0,pfba
b1296,1,0,0.3983895354016876,0.3983895354016876,0.0,0,0.0,pfba
b1298,1,0,0.3983895354016876,0.39838953540168354,4.052314039881821e-15,0,0.0,pfba
b3374,1,8,0.3983895354016876,0.3983895354016737,1.3877787807814457e-14,0,0.025837322671278813,pfba
b1308,1,0,0.3983895354016876,0.3983895354016876,0.0,0,0.0,pfba
b2197,1,0,0.3983895354016876,0.3983895354016876,0.0,0,0.0,pfba
b2201,1,0,0.3983895354016876,0.3983895354016876,0.0,0,0.0,pfba
b2200,1,0,0.3983895354016876,0.3983895354016876,0.0,0,0.0,pfba
b2199,1,0,0.3983895354016876,0.3983895354016876,0.0,0,0.0,pfba
b2198,1,0,0.3983895354016876,0.3983895354016876,0.0,0,0.0,pfba
b0622,2,0,0.3983895354016876,0.3983895354016876,0.0,0,0.0,pfba
b3785,3,0,0.3983895354016876,0.39838953540168337,4.218847493575595e-15,0,0.0,pfba
b3793,3,0,0.3983895354016876,0.39838953540168337,4.218847493575595e-15,0,0.0,pfba
b2552,2,0,0.3983895354016876,0.3983895354017022,-1.459943277382081e-14,0,0.0,pfba
b0756,1,0,0.3983895354016876,0.39838953540168504,2.55351295663786e-15,0,0.0,pfba
b0484,1,0,0.3983895354016876,0.3983895354016876,0.0,0,0.0,pfba
b3469,6,0,0.3983895354016876,0.3983895354016876,0.0,0,0.0,pfba
b3626,1,0,0.3983895354016876,0.3983895354016829,4.6629367034256575e-15,0,0.0,pfba
b3623,1,6,0.3983895354016876,0.398389535401681,6.6058269965196814e-15,0,0.5943423401310897,pfba
b2257,1,6,0.3983895354016876,0.39838953540168937,-1.7763568394002505e-15,0,0.0006519912521251781,pfba
b2711,1,0,0.3983895354016876,0.3983895354016876,0.0,0,0.0,pfba
b2710,1,0,0.3983895354016876,0.3983895354016876,0.0,0,0.0,pfba
b4111,5,10,0.3983895354016876,0.39838953540167726,1.0325074129013956e-14,0,0.031216053494714492,pfba
b1386,3,0,0.3983895354016876,0.39838953540167915,8.43769498715119e-15,0,0.0,pfba
b4072,2,0,0.3983895354016876,0.3983895354016925,-4.884981308350689e-15,0,0.0,pfba
b4073,2,0,0.3983895354016876,0.3983895354016925,-4.884981308350689e-15,0,0.0,pfba
b4070,2,0,0.3983895354016876,0.3983895354016925,-4.884981308350689e-15,0,0.0,pfba
b4071,2,0,0.3983895354016876,0.3983895354016925,-4.884981308350689e-15,0,0.0,pfba
b3679,1,6,0.3983895354016876,0.39838953540170446,-1.687538997430238e-14,0,0.0006519912522556587,pfba
b0110,4,8,0.3983895354016876,0.3983895354016847,2.886579864025407e-15,0,0.8071037935321386,pfba
b1463,1,8,0.3983895354016876,0.39838953540168487,2.7200464103316335e-15,0,0.8071037935323206,pfba
b4219,1,0,0.3983895354016876,0.3983895354016876,0.0,0,0.0,pfba
b1832,1,0,0.3983895354016876,0.3983895354016876,0.0,0,0.0,pfba
b1778,1,0,0.3983895354016876,0.3983895354016876,0.0,0,0.0,pfba
b2871,1,0,0.3983895354016876,0.3983895354016818,5.773159728050814e-15,0,0.0,pfba
b0932,2,0,0.3983895354016876,0.3983895354016834,4.163336342344337e-15,0,0.0,pfba
b4260,2,0,0.3983895354016876,0.3983895354016834,4.163336342344337e-15,0,0.0,pfba
b2523,2,0,0.3983895354016876,0.3983895354016834,4.163336342344337e-15,0,0.0,pfba
b0237,3,10,0.3983895354016876,0.3983895354016643,2.3314683517128287e-14,0,0.7754953659315487,pfba
b2132,1,0,0.3983895354016876,0.39838953540167793,9.658940314238862e-15,0,0.0,pfba
b2239,5,0,0.3983895354016876,0.39838953540168465,2.942091015256665e-15,0,0.0,pfba
b2435,2,0,0.3983895354016876,0.39838953540167515,1.2434497875801753e-14,0,0.0,pfba
b0867,2,0,0.3983895354016876,0.39838953540167515,1.2434497875801753e-14,0,0.0,pfba
b2817,2,0,0.3983895354016876,0.39838953540167515,1.2434497875801753e-14,0,0.0,pfba
b4169,2,0,0.3983895354016876,0.39838953540167515,1.2434497875801753e-14,0,0.0,pfba
b3610,6,0,0.3983895354016876,0.39838953540168304,4.551914400963142e-15,0,0.0,pfba
b2676,4,6,0.3983895354016876,0.3983895354016865,1.1102230246251565e-15,0,0.031198853935646337,pfba
b1064,7,8,0.3983895354016876,0.3983895354016855,2.1094237467877974e-15,0,0.025837322671318174,pfba
b2675,4,6,0.3983895354016876,0.3983895354016865,1.1102230246251565e-15,0,0.031198853935646337,pfba
b0849,6,0,0.3983895354016876,0.39838953540168304,4.551914400963142e-15,0,0.0,pfba
b1654,6,0,0.3983895354016876,0.39838953540168304,4.551914400963142e-15,0,0.0,pfba
b3336,1,0,0.3983895354016876,0.3983895354016876,0.0,0,0.0,pfba
b0123,2,0,0.3983895354016876,0.3983895354016821,5.495603971894525e-15,0,0.0,pfba
b1192,4,8,0.3983895354016876,0.398389535401678,9.603429163007604e-15,0,0.8071037935328094,pfba
b1270,2,0,0.3983895354016876,0.3983895354016865,1.1102230246251565e-15,0,0.0,pfba
b1246,2,6,0.3983895354016876,0.3983895354016835,4.107825191113079e-15,0,0.0006519912522552214,pfba
b1247,2,6,0.3983895354016876,0.3983895354016835,4.107825191113079e-15,0,0.0006519912522552214,pfba
b1244,2,6,0.3983895354016876,0.3983895354016835,4.107825191113079e-15,0,0.0006519912522552214,pfba
b1245,2,6,0.3983895354016876,0.3983895354016835,4.107825191113079e-15,0,0.0006519912522552214,pfba
b1243,2,6,0.3983895354016876,0.3983895354016835,4.107825191113079e-15,0,0.0006519912522552214,pfba
b2180,2,6,0.3983895354016876,0.3983895354016835,4.107825191113079e-15,0,0.0006519912522552214,pfba
b2179,2,6,0.3983895354016876,0.3983895354016835,4.107825191113079e-15,0,0.0006519912522552214,pfba
b1329,1,6,0.3983895354016876,0.3983895354016835,4.107825191113079e-15,0,0.0006519912522552214,pfba
b2177,2,6,0.3983895354016876,0.3983895354016835,4.107825191113079e-15,0,0.0006519912522552214,pfba
b2178,2,6,0.3983895354016876,0.3983895354016835,4.107825191113079e-15,0,0.0006519912522552214,pfba
b0433,3,6,0.3983895354016876,0.398389535401685,2.609024107869118e-15,0,0.03119885393597134,pfba
b4367,3,0,0.3983895354016876,0.39838953540169053,-2.942091015256665e-15,0,0.0,pfba
b0573,2,6,0.3983895354016876,0.3983895354016879,-3.3306690738754696e-16,0,0.0006519912522263647,pfba
b0572,2,6,0.3983895354016876,0.3983895354016879,-3.3306690738754696e-16,0,0.0006519912522263647,pfba
b0575,2,6,0.3983895354016876,0.3983895354016879,-3.3306690738754696e-16,0,0.0006519912522263647,pfba
b0574,2,6,0.3983895354016876,0.3983895354016879,-3.3306690738754696e-16,0,0.0006519912522263647,pfba
b3915,7,6,0.3983895354016876,0.39838953540170496,-1.73749903353837e-14,0,0.0006519912522631121,pfba
b0752,5,0,0.3983895354016876,0.3983895354016876,0.0,0,0.0,pfba
b1859,1,0,0.3983895354016876,0.3983895354016876,0.0,0,0.0,pfba
b1858,1,0,0.3983895354016876,0.3983895354016876,0.0,0,0.0,pfba
b1857,1,0,0.3983895354016876,0.3983895354016876,0.0,0,0.0,pfba
b1981,1,6,0.3983895354016876,0.398389535401702,-1.4432899320127035e-14,0,0.031198853936073852,pfba
b2392,2,0,0.3983895354016876,0.3983895354016793,8.271161533457416e-15,0,0.0,pfba
b0452,10,440,0.3983895354016876,0.3915030231418189,0.006886512259868693,0,7.618602859669382,pfba
b1927,1,0,0.3983895354016876,0.39838953540170646,-1.887379141862766e-14,0,0.0,pfba
b3571,1,0,0.3983895354016876,0.3983895354016876,0.0,0,0.0,pfba
b3650,3,0,0.3983895354016876,0.39838953540168887,-1.27675647831893e-15,0,0.0,pfba
b2344,7,8,0.3983895354016876,0.3983895354016757,1.1879386363489175e-14,0,0.8071037935318317,pfba
b4213,8,0,0.3983895354016876,0.3983895354016818,5.773159728050814e-15,0,0.0,pfba
b1059,2,0,0.3983895354016876,0.3983895354016883,-7.216449660063518e-16,0,0.0,pfba
b1727,4,6,0.3983895354016876,0.3983895354016868,7.771561172376096e-16,0,0.0006519912522712406,pfba
b3580,2,8,0.3983895354016876,0.39838953540170113,-1.354472090042691e-14,0,0.807103793532305,pfba
b2051,1,6,0.3983895354016876,0.39838953540169275,-5.162537064506978e-15,0,0.0006519912522424124,pfba
b4265,3,8,0.3983895354016876,0.3983895354017104,-2.2815083156046967e-14,0,0.5687474350460903,pfba
b3266,1,0,0.3983895354016876,0.3983895354016876,0.0,0,0.0,pfba
b3265,1,0,0.3983895354016876,0.3983895354016876,0.0,0,0.0,pfba
b3907,2,0,0.3983895354016876,0.39838953540167604,1.1546319456101628e-14,0,0.0,pfba
b3477,1,0,0.3983895354016876,0.3983895354016876,0.0,0,0.0,pfba
b3476,1,0,0.3983895354016876,0.3983895354016876,0.0,0,0.0,pfba
b3480,1,0,0.3983895354016876,0.3983895354016876,0.0,0,0.0,pfba
b3478,1,0,0.3983895354016876,0.3983895354016876,0.0,0,0.0,pfba
b3479,1,0,0.3983895354016876,0.3983895354016876,0.0,0,0.0,pfba
b4242,2,0,0.3983895354016876,0.3983895354016876,0.0,0,0.0,pfba
b4094,1,0,0.3983895354016876,0.39838953540172606,-3.8469227803261674e-14,0,0.0,pfba
b0698,1,0,0.3983895354016876,0.3983895354016876,0.0,0,0.0,pfba
b0696,1,0,0.3983895354016876,0.3983895354016876,0.0,0,0.0,pfba
b0697,1,0,0.3983895354016876,0.3983895354016876,0.0,0,0.0,pfba
b4513,1,0,0.3983895354016876,0.3983895354016876,0.0,0,0.0,pfba
b3458,1,0,0.3983895354016876,0.3983895354016876,0.0,0,0.0,pfba
b2975,3,8,0.3983895354016876,0.39838953540168887,-1.27675647831893e-15,0,0.02583732267112531,pfba
b3603,3,8,0.3983895354016876,0.39838953540168887,-1.27675647831893e-15,0,0.02583732267112531,pfba
b4034,6,0,0.3983895354016876,0.3983895354016897,-2.1094237467877974e-15,0,0.0,pfba
b4035,6,0,0.3983895354016876,0.3983895354016897,-2.1094237467877974e-15,0,0.0,pfba
b4032,6,0,0.3983895354016876,0.3983895354016897,-2.1094237467877974e-15,0,0.0,pfba
b4033,6,0,0.3983895354016876,0.3983895354016897,-2.1094237467877974e-15,0,0.0,pfba
b3666,4,0,0.3983895354016876,0.39838953540168415,3.4416913763379853e-15,0,0.0,pfba
b0731,1,0,0.3983895354016876,0.3983895354016763,1.1268763699945339e-14,0,0.0,pfba
b4120,1,0,0.3983895354016876,0.3983895354016876,0.0,0,0.0,pfba
b0343,2,6,0.3983895354016876,0.3983895354016814,6.161737786669619e-15,0,0.031198853935982943,pfba
b0197,2,0,0.3983895354016876,0.39838953540168087,6.716849298982197e-15,0,0.0,pfba
b0199,2,0,0.3983895354016876,0.39838953540168087,6.716849298982197e-15,0,0.0,pfba
b0198,2,0,0.3983895354016876,0.39838953540168087,6.716849298982197e-15,0,0.0,pfba
b1297,1,6,0.3983895354016876,0.3983895354016848,2.7755575615628914e-15,0,0.0006519912522444913,pfba
b2933,1,8,0.3983895354016876,0.39838953540168104,6.5503158452884236e-15,0,0.025837322671227448,pfba
b2934,1,8,0.3983895354016876,0.39838953540168104,6.5503158452884236e-15,0,0.025837322671227448,pfba
b3599,1,8,0.3983895354016876,0.39838953540168104,6.5503158452884236e-15,0,0.025837322671227448,pfba
b1186,1,0,0.3983895354016876,0.3983895354016876,0.0,0,0.0,pfba
b0019,1,0,0.3983895354016876,0.3983895354016876,0.0,0,0.0,pfba
b0451,1,414,0.3983895354016876,0.0,0.3983895354016876,1,3824.479024407111,pfba
b0751,1,10,0.3983895354016876,0.39838953540167316,1.4432899320127035e-14,0,0.7754953659309607,pfba
b1223,2,8,0.3983895354016876,0.39838953540169225,-4.6629367034256575e-15,0,0.8071037935318803,pfba
b3367,1,6,0.3983895354016876,0.39838953540168764,-5.551115123125783e-17,0,0.0006519912522104674,pfba
b1469,1,6,0.3983895354016876,0.39838953540167554,1.2045919817182948e-14,0,0.03119885393599907,pfba
b3728,1,0,0.3983895354016876,0.3983895354016876,0.0,0,0.0,pfba
b3727,1,0,0.3983895354016876,0.3983895354016876,0.0,0,0.0,pfba
b3726,1,0,0.3983895354016876,0.3983895354016876,0.0,0,0.0,pfba
b3725,1,0,0.3983895354016876,0.3983895354016876,0.0,0,0.0,pfba
b3258,1,6,0.3983895354016876,0.39838953540169747,-9.880984919163893e-15,0,0.5943423401302685,pfba
b3371,1,0,0.3983895354016876,0.39838953540168176,5.828670879282072e-15,0,0.0,pfba
b2677,5,0,0.3983895354016876,0.3983895354016876,0.0,0,0.0,pfba
b2678,5,0,0.3983895354016876,0.3983895354016876,0.0,0,0.0,pfba
b2679,5,0,0.3983895354016876,0.3983895354016876,0.0,0,0.0,pfba
b0402,1,4,0.3983895354016876,0.3983895354016868,7.771561172376096e-16,0,1.7199558672185654e-05,pfba
b1015,2,10,0.3983895354016876,0.39838953540169003,-2.4424906541753444e-15,0,0.5943595396893264,pfba
b0854,1,0,0.3983895354016876,0.3983895354016876,0.0,0,0.0,pfba
b0855,1,0,0.3983895354016876,0.3983895354016876,0.0,0,0.0,pfba
b0856,1,0,0.3983895354016876,0.3983895354016876,0.0,0,0.0,pfba
b0857,1,0,0.3983895354016876,0.3983895354016876,0.0,0,0.0,pfba
b1440,2,0,0.3983895354016876,0.3983895354016876,0.0,0,0.0,pfba
b1441,2,0,0.3983895354016876,0.3983895354016876,0.0,0,0.0,pfba
b1442,2,0,0.3983895354016876,0.3983895354016876,0.0,0,0.0,pfba
b1443,2,0,0.3983895354016876,0.3983895354016876,0.0,0,0.0,pfba
b1126,2,0,0.3983895354016876,0.3983895354016876,0.0,0,0.0,pfba
b1125,2,0,0.3983895354016876,0.3983895354016876,0.0,0,0.0,pfba
b1124,2,0,0.3983895354016876,0.3983895354016876,0.0,0,0.0,pfba
b1123,2,0,0.3983895354016876,0.3983895354016876,0.0,0,0.0,pfba
b2957,2,0,0.3983895354016876,0.3983895354016876,0.0,0,0.0,pfba
b0150,3,8,0.3983895354016876,0.39838953540168415,3.4416913763379853e-15,0,0.025837322671458433,pfba
b1865,2,414,0.3983895354016876,0.0,0.3983895354016876,1,3824.479024407118,pfba
b2954,3,10,0.3983895354016876,0.3983895354016771,1.049160758270773e-14,0,0.7754953659335622,pfba
b1002,2,0,0.3983895354016876,0.39838953540167216,1.5432100042289676e-14,0,0.0,pfba
b2938,1,0,0.3983895354016876,0.3983895354016876,0.0,0,0.0,pfba
b4090,2,414,0.3983895354016876,0.22429890874668396,0.17409062665500363,0,898.4601689312243,pfba
b4084,1,6,0.3983895354016876,0.39838953540168226,5.329070518200751e-15,0,0.0006519912522205101,pfba
b4085,1,0,0.3983895354016876,0.39838953540168626,1.3322676295501878e-15,0,0.0,pfba
b4230,2,6,0.3983895354016876,0.3983895354016811,6.494804694057166e-15,0,0.0006519912522568495,pfba
b4231,2,6,0.3983895354016876,0.3983895354016811,6.494804694057166e-15,0,0.0006519912522568495,pfba
b4485,2,6,0.3983895354016876,0.3983895354016811,6.494804694057166e-15,0,0.0006519912522568495,pfba
b4227,2,6,0.3983895354016876,0.3983895354016811,6.494804694057166e-15,0,0.0006519912522568495,pfba
b3750,1,6,0.3983895354016876,0.3983895354016811,6.494804694057166e-15,0,0.0006519912522568495,pfba
b3751,1,6,0.3983895354016876,0.3983895354016811,6.494804694057166e-15,0,0.0006519912522568495,pfba
b3749,1,6,0.3983895354016876,0.3983895354016811,6.494804694057166e-15,0,0.0006519912522568495,pfba
b3748,1,6,0.3983895354016876,0.3983895354016811,6.494804694057166e-15,0,0.0006519912522568495,pfba
b0260,1,8,0.3983895354016876,0.39838953540167266,1.4932499681208355e-14,0,0.8071037935320718,pfba
b0810,1,0,0.3983895354016876,0.39838953540169453,-6.938893903907228e-15,0,0.0,pfba
b0811,1,0,0.3983895354016876,0.39838953540169453,-6.938893903907228e-15,0,0.0,pfba
b0809,1,0,0.3983895354016876,0.39838953540169453,-6.938893903907228e-15,0,0.0,pfba
b1492,1,6,0.3983895354016876,0.398389535401683,4.6074255521944e-15,0,0.031198853936117318,pfba
b3653,1,0,0.3983895354016876,0.3983895354016876,0.0,0,0.0,pfba
b3927,4,0,0.3983895354016876,0.39838953540167643,1.1157741397482823e-14,0,0.0,pfba
b3959,1,414,0.3983895354016876,0.0,0.3983895354016876,1,3824.4790244071246,pfba
b1528,3,8,0.3983895354016876,0.3983895354016877,-1.1102230246251565e-16,0,0.8071037935314933,pfba
b2170,1,0,0.3983895354016876,0.3983895354016876,0.0,0,0.0,pfba
b0070,1,0,0.3983895354016876,0.3983895354016876,0.0,0,0.0,pfba
b2303,1,0,0.3983895354016876,0.3983895354016995,-1.1934897514720433e-14,0,0.0,pfba
b3028,3,0,0.3983895354016876,0.3983895354016876,0.0,0,0.0,pfba
b3432,1,6,0.3983895354016876,0.3983895354016745,1.3100631690576847e-14,0,0.5943423401309076,pfba
b3503,1,0,0.3983895354016876,0.3983895354016838,3.774758283725532e-15,0,0.0,pfba
b4321,2,0,0.3983895354016876,0.3983895354016864,1.1657341758564144e-15,0,0.0,pfba
b3792,1,6,0.3983895354016876,0.3983895354016783,9.270362255620057e-15,0,0.0006519912522467561,pfba
b2033,1,8,0.3983895354016876,0.39838953540168964,-2.0539125955565396e-15,0,0.025837322671365813,pfba
b2034,1,0,0.3983895354016876,0.398389535401682,5.6066262743570405e-15,0,0.0,pfba
b2037,1,0,0.3983895354016876,0.3983895354016707,1.687538997430238e-14,0,0.0,pfba
b2175,6,8,0.3983895354016876,0.39838953540168415,3.4416913763379853e-15,0,0.02583732267124669,pfba
b0356,1,0,0.3983895354016876,0.3983895354016852,2.3869795029440866e-15,0,0.0,pfba
b2240,1,0,0.3983895354016876,0.3983895354016825,5.10702591327572e-15,0,0.0,pfba
b0875,1,424,0.3983895354016876,0.1436253097289747,0.2547642256727129,0,20545.95001345944,pfba
b0353,2,0,0.3983895354016876,0.39838953540166405,2.353672812205332e-14,0,0.0,pfba
b2309,1,0,0.3983895354016876,0.3983895354016876,0.0,0,0.0,pfba
b0325,2,0,0.3983895354016876,0.3983895354016876,0.0,0,0.0,pfba
b2092,1,0,0.3983895354016876,0.3983895354016812,6.38378239159465e-15,0,0.0,pfba
b2093,1,0,0.3983895354016876,0.3983895354016812,6.38378239159465e-15,0,0.0,pfba
b2094,1,0,0.3983895354016876,0.3983895354016812,6.38378239159465e-15,0,0.0,pfba
b3093,2,6,0.3983895354016876,0.39838953540168087,6.716849298982197e-15,0,0.0006519912522227685,pfba
b4476,1,0,0.3983895354016876,0.39838953540167643,1.1157741397482823e-14,0,0.0,pfba
b3415,1,0,0.3983895354016876,0.39838953540167643,1.1157741397482823e-14,0,0.0,pfba
b1621,2,409,0.3983895354016876,0.37847005863159183,0.019919476770095756,0,519.4660176513944,pfba
b2021,1,414,0.3983895354016876,0.0,0.3983895354016876,1,3824.479024407104,pfba
b0166,1,414,0.3983895354016876,0.0,0.3983895354016876,1,3824.479024407162,pfba
b1519,1,8,0.3983895354016876,0.3983895354016854,2.1649348980190553e-15,0,0.8071037935322484,pfba
b4268,1,0,0.3983895354016876,0.3983895354016906,-2.9976021664879227e-15,0,0.0,pfba
b3437,1,0,0.3983895354016876,0.3983895354016906,-2.9976021664879227e-15,0,0.0,pfba
b3805,1,414,0.3983895354016876,0.0,0.3983895354016876,1,3824.4790244071446,pfba
b3904,1,10,0.3983895354016876,0.39838953540164923,3.835820550079916e-14,0,0.7754953659328574,pfba
b2486,1,0,0.3983895354016876,0.3983895354016876,0.0,0,0.0,pfba
b2490,1,0,0.3983895354016876,0.3983895354016876,0.0,0,0.0,pfba
b2724,2,0,0.3983895354016876,0.3983895354016876,0.0,0,0.0,pfba
b2719,2,0,0.3983895354016876,0.3983895354016876,0.0,0,0.0,pfba
b2720,2,0,0.3983895354016876,0.3983895354016876,0.0,0,0.0,pfba
b2721,2,0,0.3983895354016876,0.3983895354016876,0.0,0,0.0,pfba
b2722,2,0,0.3983895354016876,0.3983895354016876,0.0,0,0.0,pfba
b2723,2,0,0.3983895354016876,0.3983895354016876,0.0,0,0.0,pfba
b2485,1,0,0.3983895354016876,0.3983895354016876,0.0,0,0.0,pfba
b2484,1,0,0.3983895354016876,0.3983895354016876,0.0,0,0.0,pfba
b2487,1,0,0.3983895354016876,0.3983895354016876,0.0,0,0.0,pfba
b4079,1,0,0.3983895354016876,0.3983895354016876,0.0,0,0.0,pfba
b2481,1,0,0.3983895354016876,0.3983895354016876,0.0,0,0.0,pfba
b2483,1,0,0.3983895354016876,0.3983895354016876,0.0,0,0.0,pfba
b2482,1,0,0.3983895354016876,0.3983895354016876,0.0,0,0.0,pfba
b2489,1,0,0.3983895354016876,0.3983895354016876,0.0,0,0.0,pfba
b2488,1,0,0.3983895354016876,0.3983895354016876,0.0,0,0.0,pfba
b2747,1,414,0.3983895354016876,0.0,0.3983895354016876,1,3824.47902440713,pfba
b3213,2,414,0.3983895354016876,0.0,0.3983895354016876,1,3824.479024407125,pfba
b1761,1,405,0.3983895354016876,0.3730143930960733,0.025375142305614273,0,37.033007123534865,pfba
b3212,2,414,0.3983895354016876,0.0,0.3983895354016876,1,3824.4790244068854,pfba
b0186,1,8,0.3983895354016876,0.3983895354016853,2.275957200481571e-15,0,0.8071037935317876,pfba
b4131,1,6,0.3983895354016876,0.3983895354016918,-4.218847493575595e-15,0,0.0006519912522800292,pfba
b1189,1,0,0.3983895354016876,0.39838953540168864,-1.0547118733938987e-15,0,0.0,pfba
b2888,2,2,0.3983895354016876,0.39838953540168814,-5.551115123125783e-16,0,200.0,pfba
b2882,1,0,0.3983895354016876,0.3983895354016876,0.0,0,0.0,pfba
b3451,7,0,0.3983895354016876,0.39838953540169053,-2.942091015256665e-15,0,0.0,pfba
b3450,7,0,0.3983895354016876,0.39838953540169053,-2.942091015256665e-15,0,0.0,pfba
b3453,7,0,0.3983895354016876,0.39838953540169053,-2.942091015256665e-15,0,0.0,pfba
b3452,7,0,0.3983895354016876,0.39838953540169053,-2.942091015256665e-15,0,0.0,pfba
b2536,1,0,0.3983895354016876,0.39838953540170435,-1.6764367671839864e-14,0,0.0,pfba
b0212,1,0,0.3983895354016876,0.3983895354016876,0.0,0,0.0,pfba
b3779,1,0,0.3983895354016876,0.3983895354016876,0.0,0,0.0,pfba
b2868,2,8,0.3983895354016876,0.39838953540168265,4.9404924595819466e-15,0,0.8071037935327159,pfba
b2867,2,8,0.3983895354016876,0.39838953540168265,4.9404924595819466e-15,0,0.8071037935327159,pfba
b2866,2,8,0.3983895354016876,0.39838953540168265,4.9404924595819466e-15,0,0.8071037935327159,pfba
b4311,1,0,0.3983895354016876,0.3983895354016642,2.3370194668359545e-14,0,0.0,pfba
b1991,1,0,0.3983895354016876,0.3983895354016755,1.2101430968414206e-14,0,0.0,pfba
b3502,1,0,0.3983895354016876,0.3983895354016789,8.715250743307479e-15,0,0.0,pfba
b1444,1,0,0.3983895354016876,0.3983895354016621,2.5479618415147343e-14,0,0.0,pfba
b2927,1,81,0.3983895354016876,0.3983879427108291,1.5926908584762423e-06,0,1.1311802137817783e-06,pfba
b2025,1,414,0.3983895354016876,0.0,0.3983895354016876,1,3824.479024407136,pfba
b2023,1,414,0.3983895354016876,0.0,0.3983895354016876,1,3824.47902440713,pfba
b3640,1,23,0.3983895354016876,0.39838953540169103,-3.4416913763379853e-15,0,0.5961896486792628,pfba
b0425,1,414,0.3983895354016876,0.0,0.3983895354016876,1,3824.4790244070537,pfba
b3772,1,414,0.3983895354016876,0.0,0.3983895354016876,1,3824.4790244071473,pfba
b0931,1,10,0.3983895354016876,0.3983895354016813,6.2727600891321345e-15,0,0.7754953659306671,pfba
b1764,1,6,0.3983895354016876,0.398389535401702,-1.4432899320127035e-14,0,0.031198853936094704,pfba
b2150,2,0,0.3983895354016876,0.3983895354016876,0.0,0,0.0,pfba
b2148,2,0,0.3983895354016876,0.3983895354016876,0.0,0,0.0,pfba
b2149,2,0,0.3983895354016876,0.3983895354016876,0.0,0,0.0,pfba
b1640,1,0,0.3983895354016876,0.39838953540168104,6.5503158452884236e-15,0,0.0,pfba
b1606,2,414,0.3983895354016876,0.0,0.3983895354016876,1,3824.47902440711,pfba
b0048,1,414,0.3983895354016876,0.0,0.3983895354016876,1,3824.479024407162,pfba
b3390,1,414,0.3983895354016876,0.0,0.3983895354016876,1,3824.4790244071246,pfba
b0388,1,414,0.3983895354016876,0.0,0.3983895354016876,1,3824.479024407132,pfba
b1745,1,6,0.3983895354016876,0.39838953540168826,-6.661338147750939e-16,0,0.5943423401308255,pfba
b0115,1,411,0.3983895354016876,0.34567853182708835,0.052711003574599236,0,2378.871789960622,pfba
b0114,1,411,0.3983895354016876,0.34567853182708835,0.052711003574599236,0,2378.871789960622,pfba
b3128,1,0,0.3983895354016876,0.3983895354016971,-9.492406860545088e-15,0,0.0,pfba
b2255,2,0,0.3983895354016876,0.3983895354016779,9.71445146547012e-15,0,0.0,pfba
b0774,1,414,0.3983895354016876,0.0,0.3983895354016876,1,3824.4790244071282,pfba
b1605,1,10,0.3983895354016876,0.3983895354016866,9.992007221626409e-16,0,0.7754953659319457,pfba
b2818,1,414,0.3983895354016876,0.0,0.3983895354016876,1,3824.4790244071332,pfba
b1489,3,8,0.3983895354016876,0.3983895354016816,5.995204332975845e-15,0,0.807103793532117,pfba
b3032,1,0,0.3983895354016876,0.3983895354016876,0.0,0,0.0,pfba
b0334,1,6,0.3983895354016876,0.39838953540168226,5.329070518200751e-15,0,0.03119885393600589,pfba
b0092,1,414,0.3983895354016876,0.0,0.3983895354016876,1,3824.479024407121,pfba
b0381,1,414,0.3983895354016876,0.0,0.3983895354016876,1,3824.4790244070045,pfba
b2715,2,8,0.3983895354016876,0.39838953540169086,-3.2751579226442118e-15,0,0.8071037935326348,pfba
b1738,2,0,0.3983895354016876,0.3983895354016604,2.7200464103316335e-14,0,0.0,pfba
b1736,2,0,0.3983895354016876,0.3983895354016604,2.7200464103316335e-14,0,0.0,pfba
b1737,2,0,0.3983895354016876,0.3983895354016604,2.7200464103316335e-14,0,0.0,pfba
b2224,1,440,0.3983895354016876,0.3915030231418024,0.00688651225988518,0,7.618602859670611,pfba
b0842,2,8,0.3983895354016876,0.3983895354016775,1.0103029524088925e-14,0,0.8071037935318045,pfba
b0047,1,8,0.3983895354016876,0.3983895354016775,1.0103029524088925e-14,0,0.8071037935318045,pfba
b3350,1,8,0.3983895354016876,0.3983895354016775,1.0103029524088925e-14,0,0.8071037935318045,pfba
b1216,3,6,0.3983895354016876,0.3983895354016855,2.1094237467877974e-15,0,0.031198853935984122,pfba
b0728,1,414,0.3983895354016876,0.3923500015530942,0.006039533848593404,0,27.908533871698232,pfba
b0729,1,414,0.3983895354016876,0.3923500015530942,0.006039533848593404,0,27.908533871698232,pfba
b0650,1,0,0.3983895354016876,0.3983895354016876,0.0,0,0.0,pfba
b0757,1,0,0.3983895354016876,0.39838953540168326,4.3298697960381105e-15,0,0.0,pfba
b0133,1,414,0.3983895354016876,0.0,0.3983895354016876,1,3824.4790244071423,pfba
b2165,1,10,0.3983895354016876,0.3983895354016843,3.2751579226442118e-15,0,0.7754953659304851,pfba
b3389,1,414,0.3983895354016876,0.0,0.3983895354016876,1,3824.4790244071023,pfba
b2366,1,6,0.3983895354016876,0.3983895354016837,3.885780586188048e-15,0,0.031198853936151284,pfba
b1723,1,11,0.3983895354016876,0.39838953540168354,4.052314039881821e-15,0,34.11199992597765,pfba
b3612,1,424,0.3983895354016876,0.2500866613671586,0.14830287403452896,0,1477.3475477784925,pfba
b0755,1,424,0.3983895354016876,0.2500866613671586,0.14830287403452896,0,1477.3475477784925,pfba
b3919,1,422,0.3983895354016876,0.32243263325191146,0.07595690214977613,0,985.0907399927337,pfba
b2914,1,413,0.3983895354016876,0.22429890874671937,0.17409062665496822,0,897.774236463068,pfba
b2320,1,81,0.3983895354016876,0.3983879427108367,1.5926908508712145e-06,0,1.1311801863129109e-06,pfba
b1107,3,0,0.3983895354016876,0.39838953540168776,-1.6653345369377348e-16,0,0.0,pfba
b1539,4,0,0.3983895354016876,0.3983895354016578,2.980948821118545e-14,0,0.0,pfba
b3823,1,0,0.3983895354016876,0.3983895354016876,0.0,0,0.0,pfba
b0813,2,6,0.3983895354016876,0.3983895354016845,3.1086244689504383e-15,0,0.03119885393606386,pfba
b2919,1,0,0.3983895354016876,0.3983895354016833,4.274358644806853e-15,0,0.0,pfba
b3870,1,414,0.3983895354016876,0.0,0.3983895354016876,1,3824.4790244071423,pfba
b2947,1,8,0.3983895354016876,0.39838953540168437,3.219646771412954e-15,0,0.8071037935318057,pfba
b2253,1,0,0.3983895354016876,0.3983895354016862,1.3877787807814457e-15,0,0.0,pfba
b2254,1,0,0.3983895354016876,0.39838953540168826,-6.661338147750939e-16,0,0.0,pfba
b2256,1,0,0.3983895354016876,0.39838953540168465,2.942091015256665e-15,0,0.0,pfba
b2258,1,8,0.3983895354016876,0.39838953540169236,-4.773959005888173e-15,0,0.02583732267129043,pfba
b4544,1,8,0.3983895354016876,0.39838953540169236,-4.773959005888173e-15,0,0.02583732267129043,pfba
b3621,1,6,0.3983895354016876,0.3983895354016903,-2.7200464103316335e-15,0,0.03119885393586372,pfba
b3001,1,0,0.3983895354016876,0.3983895354016876,0.0,0,0.0,pfba
b1781,1,0,0.3983895354016876,0.3983895354016876,0.0,0,0.0,pfba
b3620,1,0,0.3983895354016876,0.3983895354016809,6.661338147750939e-15,0,0.0,pfba
b3624,1,0,0.3983895354016876,0.39838953540167493,1.2656542480726785e-14,0,0.0,pfba
b3629,1,0,0.3983895354016876,0.3983895354016876,0.0,0,0.0,pfba
b3628,1,0,0.3983895354016876,0.39838953540168276,4.829470157119431e-15,0,0.0,pfba
b3627,1,0,0.3983895354016876,0.39838953540168615,1.4432899320127035e-15,0,0.0,pfba
b3850,2,414,0.3983895354016876,0.0,0.3983895354016876,1,3824.479024407123,pfba
b3630,1,10,0.3983895354016876,0.3983895354016852,2.3869795029440866e-15,0,0.7754953659301922,pfba
b3632,1,0,0.3983895354016876,0.3983895354016918,-4.218847493575595e-15,0,0.0,pfba
b3625,1,8,0.3983895354016876,0.3983895354016778,9.769962616701378e-15,0,0.8071037935324874,pfba
b2810,1,0,0.3983895354016876,0.3983895354016868,7.771561172376096e-16,0,0.0,pfba
b1680,5,6,0.3983895354016876,0.39838953540168187,5.717648576819556e-15,0,0.0006519912522369903,pfba
b3867,1,0,0.3983895354016876,0.3983895354016876,0.0,0,0.0,pfba
b3824,1,6,0.3983895354016876,0.39838953540168576,1.8318679906315083e-15,0,0.03119885393610682,pfba
b2133,1,0,0.3983895354016876,0.3983895354016876,0.0,0,0.0,pfba
b2260,1,0,0.3983895354016876,0.3983895354016855,2.1094237467877974e-15,0,0.0,pfba
b1919,1,0,0.3983895354016876,0.39838953540168504,2.55351295663786e-15,0,0.0,pfba
b2578,2,8,0.3983895354016876,0.3983895354016646,2.298161660974074e-14,0,0.5687474350464894,pfba
b1533,3,6,0.3983895354016876,0.39838953540166583,2.1760371282653068e-14,0,0.0006519912521955122,pfba
b4394,3,0,0.3983895354016876,0.3983895354016834,4.163336342344337e-15,0,0.0,pfba
b2499,1,414,0.3983895354016876,0.0,0.3983895354016876,1,3824.4790244071246,pfba
b3825,35,10,0.3983895354016876,0.39838953540170086,-1.326716514427062e-14,0,0.775495365931101,pfba
b2835,21,6,0.3983895354016876,0.39838953540168376,3.83026943495679e-15,0,0.031198853935811836,pfba
b3029,2,0,0.3983895354016876,0.3983895354016876,0.0,0,0.0,pfba
b2889,1,0,0.3983895354016876,0.39838953540168465,2.942091015256665e-15,0,0.0,pfba
b3821,42,8,0.3983895354016876,0.39838953540169075,-3.164135620181696e-15,0,0.02583732267153648,pfba
b2146,1,0,0.3983895354016876,0.3983895354016788,8.770761894538737e-15,0,0.0,pfba
b2147,1,0,0.3983895354016876,0.3983895354016788,8.770761894538737e-15,0,0.0,pfba
b4478,1,0,0.3983895354016876,0.3983895354016579,2.969846590872294e-14,0,0.0,pfba
b1380,1,0,0.3983895354016876,0.3983895354016876,0.0,0,0.0,pfba
b0693,1,6,0.3983895354016876,0.39838953540167915,8.43769498715119e-15,0,0.000651991252214231,pfba
b2965,1,6,0.3983895354016876,0.39838953540167915,8.43769498715119e-15,0,0.000651991252214231,pfba
b0954,13,0,0.3983895354016876,0.3983895354016808,6.772360450213455e-15,0,0.0,pfba
b1288,26,414,0.3983895354016876,0.0,0.3983895354016876,1,3824.4790244072315,pfba
b0175,7,414,0.3983895354016876,0.0,0.3983895354016876,1,3824.479024407252,pfba
b3918,7,10,0.3983895354016876,0.3983895354016791,8.493206138382448e-15,0,0.775495365931205,pfba
b1912,7,6,0.3983895354016876,0.3983895354016798,7.771561172376096e-15,0,0.031198853935980906,pfba
b2585,7,414,0.3983895354016876,0.0,0.3983895354016876,1,3824.479024407092,pfba
b1093,14,414,0.3983895354016876,0.0,0.3983895354016876,1,3824.4790244071464,pfba
b1661,4,10,0.3983895354016876,0.39838953540169836,-1.0769163338864018e-14,0,0.7754953659308222,pfba
b2497,1,0,0.3983895354016876,0.3983895354016876,0.0,0,0.0,pfba
b1006,1,0,0.3983895354016876,0.3983895354016876,0.0,0,0.0,pfba
b1488,1,0,0.3983895354016876,0.3983895354016858,1.7763568394002505e-15,0,0.0,pfba
b3543,3,0,0.3983895354016876,0.3983895354016735,1.4099832412739488e-14,0,0.0,pfba
b3542,3,0,0.3983895354016876,0.3983895354016735,1.4099832412739488e-14,0,0.0,pfba
b3541,3,0,0.3983895354016876,0.3983895354016735,1.4099832412739488e-14,0,0.0,pfba
b3540,3,0,0.3983895354016876,0.3983895354016735,1.4099832412739488e-14,0,0.0,pfba
b3544,3,0,0.3983895354016876,0.3983895354016735,1.4099832412739488e-14,0,0.0,pfba
b1484,1,0,0.3983895354016876,0.39838953540168676,8.326672684688674e-16,0,0.0,pfba
b1485,1,0,0.3983895354016876,0.39838953540168676,8.326672684688674e-16,0,0.0,pfba
b1486,1,0,0.3983895354016876,0.39838953540168676,8.326672684688674e-16,0,0.0,pfba
b1487,1,0,0.3983895354016876,0.39838953540168676,8.326672684688674e-16,0,0.0,pfba
b1483,1,0,0.3983895354016876,0.39838953540168676,8.326672684688674e-16,0,0.0,pfba
b0829,1,0,0.3983895354016876,0.3983895354016876,0.0,0,0.0,pfba
b0832,1,0,0.3983895354016876,0.3983895354016876,0.0,0,0.0,pfba
b0830,1,0,0.3983895354016876,0.3983895354016876,0.0,0,0.0,pfba
b0831,1,0,0.3983895354016876,0.3983895354016876,0.0,0,0.0,pfba
b0789,7,6,0.3983895354016876,0.39838953540168504,2.55351295663786e-15,0,0.031198853936107804,pfba
b1249,7,6,0.3983895354016876,0.39838953540168504,2.55351295663786e-15,0,0.031198853936107804,pfba
b1677,2,6,0.3983895354016876,0.3983895354017086,-2.1038726316646716e-14,0,0.031198853935948314,pfba
b0657,2,6,0.3983895354016876,0.3983895354017086,-2.1038726316646716e-14,0,0.031198853935948314,pfba
b0418,14,0,0.3983895354016876,0.39838953540169336,-5.773159728050814e-15,0,0.0,pfba
b0508,1,6,0.3983895354016876,0.3983895354016975,-9.936496070395151e-15,0,0.000651991252250035,pfba
b0613,1,0,0.3983895354016876,0.39838953540169475,-7.16093850883226e-15,0,0.0,pfba
b1301,1,0,0.3983895354016876,0.3983895354016788,8.770761894538737e-15,0,0.0,pfba
b0805,1,0,0.3983895354016876,0.39838953540168054,7.049916206369744e-15,0,0.0,pfba
b2155,1,0,0.3983895354016876,0.39838953540168054,7.049916206369744e-15,0,0.0,pfba
b0576,1,6,0.3983895354016876,0.39838953540168026,7.327471962526033e-15,0,0.0006519912522610803,pfba
b0594,1,6,0.3983895354016876,0.3983895354016941,-6.494804694057166e-15,0,0.0006519912522574028,pfba
b3182,9,0,0.3983895354016876,0.398389535401686,1.609823385706477e-15,0,0.0,pfba
b2010,5,0,0.3983895354016876,0.39838953540167904,8.548717289613705e-15,0,0.0,pfba
b0839,5,0,0.3983895354016876,0.39838953540167904,8.548717289613705e-15,0,0.0,pfba
b2430,5,0,0.3983895354016876,0.39838953540167904,8.548717289613705e-15,0,0.0,pfba
b0632,5,0,0.3983895354016876,0.39838953540167904,8.548717289613705e-15,0,0.0,pfba
b0376,9,0,0.3983895354016876,0.398389535401686,1.609823385706477e-15,0,0.0,pfba
b3833,2,6,0.3983895354016876,0.39838953540169847,-1.0880185641326534e-14,0,0.031198853935975417,pfba
b0514,1,0,0.3983895354016876,0.3983895354016876,0.0,0,0.0,pfba
b2519,2,414,0.3983895354016876,0.0,0.3983895354016876,1,3824.479024407138,pfba
b3396,4,414,0.3983895354016876,0.0,0.3983895354016876,1,3824.4790244070828,pfba
b1069,2,414,0.3983895354016876,0.0,0.3983895354016876,1,3824.4790244070964,pfba
b0089,2,414,0.3983895354016876,0.0,0.3983895354016876,1,3824.479024407148,pfba
b3208,2,414,0.3983895354016876,0.0,0.3983895354016876,1,3824.4790244071755,pfba
b0149,4,414,0.3983895354016876,0.0,0.3983895354016876,1,3824.479024407146,pfba
b0084,2,414,0.3983895354016876,0.0,0.3983895354016876,1,3824.4790244071596,pfba
b0635,2,414,0.3983895354016876,0.0,0.3983895354016876,1,3824.479024407114,pfba
b0925,6,8,0.3983895354016876,0.39838953540172556,-3.7969627442180354e-14,0,0.8071037935307659,pfba
b1678,6,6,0.3983895354016876,0.3983895354016877,-1.1102230246251565e-16,0,0.0006519912522475945,pfba
b0355,1,0,0.3983895354016876,0.3983895354016776,9.992007221626409e-15,0,0.0,pfba
b2154,1,0,0.3983895354016876,0.3983895354016776,9.992007221626409e-15,0,0.0,pfba
b2893,2,0,0.3983895354016876,0.39838953540168237,5.218048215738236e-15,0,0.0,pfba
b0604,2,0,0.3983895354016876,0.3983895354016714,1.6209256159527285e-14,0,0.0,pfba
b3930,1,0,0.3983895354016876,0.39838953540167993,7.66053886991358e-15,0,0.0,pfba
b3994,1,414,0.3983895354016876,0.0,0.3983895354016876,1,3824.4790244071437,pfba
b1710,2,10,0.3983895354016876,0.39838953540168504,2.55351295663786e-15,0,0.7754953659315701,pfba
b2480,1,8,0.3983895354016876,0.39838953540170324,-1.5654144647214707e-14,0,0.8071037935327137,pfba
b0429,1,416,0.3983895354016876,0.23904065217461834,0.15934888322706925,0,3718.684972374983,pfba
b0432,1,416,0.3983895354016876,0.23904065217461834,0.15934888322706925,0,3718.684972374983,pfba
b0430,1,416,0.3983895354016876,0.23904065217461834,0.15934888322706925,0,3718.684972374983,pfba
b0431,1,416,0.3983895354016876,0.23904065217461834,0.15934888322706925,0,3718.684972374983,pfba
b4041,7,6,0.3983895354016876,0.3983895354016979,-1.0325074129013956e-14,0,0.0046325693068279316,pfba
b0180,14,414,0.3983895354016876,0.0,0.3983895354016876,1,3824.4790244071405,pfba
b2413,1,315,0.3983895354016876,0.3977909249822434,0.000598610419444201,0,0.8121773657293294,pfba
b3018,7,414,0.3983895354016876,0.0,0.3983895354016876,1,3824.4790244071237,pfba
b4042,7,6,0.3983895354016876,0.3983895354016891,-1.4988010832439613e-15,0,0.5943423401304107,pfba
b4160,7,414,0.3983895354016876,0.0,0.3983895354016876,1,3824.479024407127,pfba
b0722,1,422,0.3983895354016876,0.37824023456643846,0.02014930083524913,0,357.11615037794195,pfba
b0723,1,420,0.3983895354016876,0.3782402345664213,0.02014930083526628,0,355.91127359538757,pfba
b0721,1,420,0.3983895354016876,0.3782402345664213,0.02014930083526628,0,355.91127359538757,pfba
b0724,1,420,0.3983895354016876,0.3782402345664213,0.02014930083526628,0,355.91127359538757,pfba
b0494,21,8,0.3983895354016876,0.398389535401687,6.106226635438361e-16,0,0.025837322671474927,pfba
b0118,3,413,0.3983895354016876,0.0,0.3983895354016876,1,3739.8523098134506,pfba
b1276,2,413,0.3983895354016876,0.0,0.3983895354016876,1,3739.852309813473,pfba
b3447,1,8,0.3983895354016876,0.39838953540168587,1.7208456881689926e-15,0,0.8071037935319652,pfba
b1990,5,6,0.3983895354016876,0.3983895354017064,-1.8818280267396403e-14,0,0.03119885393622051,pfba
b0819,5,6,0.3983895354016876,0.3983895354017064,-1.8818280267396403e-14,0,0.03119885393622051,pfba
b1113,5,6,0.3983895354016876,0.3983895354017064,-1.8818280267396403e-14,0,0.03119885393622051,pfba
b1097,4,10,0.3983895354016876,0.3983895354016764,1.1213252548714081e-14,0,0.7754953659314578,pfba
b2813,4,10,0.3983895354016876,0.3983895354016764,1.1213252548714081e-14,0,0.7754953659314578,pfba
b2701,4,10,0.3983895354016876,0.3983895354016764,1.1213252548714081e-14,0,0.7754953659314578,pfba
b0211,4,10,0.3983895354016876,0.3983895354016764,1.1213252548714081e-14,0,0.7754953659314578,pfba
b4392,4,10,0.3983895354016876,0.3983895354016764,1.1213252548714081e-14,0,0.7754953659314578,pfba
b2558,4,10,0.3983895354016876,0.3983895354016764,1.1213252548714081e-14,0,0.7754953659314578,pfba
b1193,4,10,0.3983895354016876,0.3983895354016764,1.1213252548714081e-14,0,0.7754953659314578,pfba
b2963,4,10,0.3983895354016876,0.3983895354016764,1.1213252548714081e-14,0,0.7754953659314578,pfba
b3546,2,0,0.3983895354016876,0.3983895354016891,-1.4988010832439613e-15,0,0.0,pfba
b2328,6,0,0.3983895354016876,0.3983895354016776,9.992007221626409e-15,0,0.0,pfba
b2134,4,8,0.3983895354016876,0.39838953540168415,3.4416913763379853e-15,0,0.02583732267124669,pfba
b1655,4,8,0.3983895354016876,0.39838953540168415,3.4416913763379853e-15,0,0.02583732267124669,pfba
b1856,4,8,0.3983895354016876,0.39838953540168415,3.4416913763379853e-15,0,0.02583732267124669,pfba
b3860,2,0,0.3983895354016876,0.39838953540168387,3.7192471324942744e-15,0,0.0,pfba
b1185,2,0,0.3983895354016876,0.39838953540168387,3.7192471324942744e-15,0,0.0,pfba
b4136,3,6,0.3983895354016876,0.39838953540168665,9.43689570931383e-16,0,0.0006519912522257344,pfba
b0605,1,0,0.3983895354016876,0.3983895354016876,0.0,0,0.0,pfba
b0606,1,0,0.3983895354016876,0.3983895354016876,0.0,0,0.0,pfba
b0221,8,440,0.3983895354016876,0.39150302314181185,0.006886512259875743,0,7.618602859676555,pfba
b2283,3,419,0.3983895354016876,0.20122319537898076,0.19716634002270683,0,4112.568006784322,pfba
b2282,3,419,0.3983895354016876,0.20122319537898076,0.19716634002270683,0,4112.568006784322,pfba
b2281,3,419,0.3983895354016876,0.20122319537898076,0.19716634002270683,0,4112.568006784322,pfba
b2288,3,419,0.3983895354016876,0.20122319537898076,0.19716634002270683,0,4112.568006784322,pfba
b2276,3,419,0.3983895354016876,0.20122319537898076,0.19716634002270683,0,4112.568006784322,pfba
b2277,3,419,0.3983895354016876,0.20122319537898076,0.19716634002270683,0,4112.568006784322,pfba
b2285,3,419,0.3983895354016876,0.20122319537898076,0.19716634002270683,0,4112.568006784322,pfba
b2284,3,419,0.3983895354016876,0.20122319537898076,0.19716634002270683,0,4112.568006784322,pfba
b2278,3,419,0.3983895354016876,0.20122319537898076,0.19716634002270683,0,4112.568006784322,pfba
b2279,3,419,0.3983895354016876,0.20122319537898076,0.19716634002270683,0,4112.568006784322,pfba
b2280,3,419,0.3983895354016876,0.20122319537898076,0.19716634002270683,0,4112.568006784322,pfba
b2287,3,419,0.3983895354016876,0.20122319537898076,0.19716634002270683,0,4112.568006784322,pfba
b2286,3,419,0.3983895354016876,0.20122319537898076,0.19716634002270683,0,4112.568006784322,pfba
b1801,3,0,0.3983895354016876,0.3983895354016876,0.0,0,0.0,pfba
b4208,5,277,0.3983895354016876,0.3983233911234113,6.614427827628111e-05,0,0.000605689071288109,pfba
b0007,2,0,0.3983895354016876,0.3983895354016876,0.0,0,0.0,pfba
b2923,2,6,0.3983895354016876,0.39838953540168187,5.717648576819556e-15,0,0.031198853935958747,pfba
b0874,1,0,0.3983895354016876,0.39838953540163957,4.801714581503802e-14,0,0.0,pfba
b0037,3,0,0.3983895354016876,0.39838953540169336,-5.773159728050814e-15,0,0.0,pfba
b1734,2,0,0.3983895354016876,0.3983895354016856,1.9984014443252818e-15,0,0.0,pfba
b2467,1,6,0.3983895354016876,0.3983895354016982,-1.0602629885170245e-14,0,0.0006519912522983374,pfba
b0404,7,6,0.3983895354016876,0.3983895354016976,-9.992007221626409e-15,0,0.031198853935904745,pfba
b0314,1,0,0.3983895354016876,0.3983895354016876,0.0,0,0.0,pfba
b4474,1,0,0.3983895354016876,0.3983895354016863,1.27675647831893e-15,0,0.0,pfba
b3370,2,0,0.3983895354016876,0.39838953540169286,-5.2735593669694936e-15,0,0.0,pfba
b3040,6,414,0.3983895354016876,0.0,0.3983895354016876,1,3824.479024407134,pfba
b3816,3,414,0.3983895354016876,0.0,0.3983895354016876,1,3824.4790244070955,pfba
b2373,1,10,0.3983895354016876,0.39838953540169136,-3.774758283725532e-15,0,0.7754953659303341,pfba
b4233,2,0,0.3983895354016876,0.3983895354016857,1.887379141862766e-15,0,0.0,pfba
b3196,1,414,0.3983895354016876,0.0,0.3983895354016876,1,3824.479024407119,pfba
b3691,1,10,0.3983895354016876,0.3983895354016839,3.6637359812630166e-15,0,0.7754953659320016,pfba
b2843,1,8,0.3983895354016876,0.3983895354016806,6.994405055138486e-15,0,0.025837322671275167,pfba
b2156,1,0,0.3983895354016876,0.3983895354016876,0.0,0,0.0,pfba
b4130,3,0,0.3983895354016876,0.39838953540168004,7.549516567451064e-15,0,0.0,pfba
b4356,1,0,0.3983895354016876,0.3983895354016759,1.1712852909795402e-14,0,0.0,pfba
b4358,1,0,0.3983895354016876,0.39838953540168903,-1.4432899320127035e-15,0,0.0,pfba
b3431,1,0,0.3983895354016876,0.3983895354016822,5.384581669432009e-15,0,0.0,pfba
b0155,1,81,0.3983895354016876,0.3983874701435807,2.0652581068647535e-06,0,5.462881905901024e-06,pfba
b1378,1,282,0.3983895354016876,0.39830324926819266,8.628613349492831e-05,0,0.011875544165068338,pfba
b0684,7,414,0.3983895354016876,0.0,0.3983895354016876,1,3824.4790244071664,pfba
b2895,7,414,0.3983895354016876,0.0,0.3983895354016876,1,3824.479024407128,pfba
b0777,1,414,0.3983895354016876,0.0,0.3983895354016876,1,3824.479024407154,pfba
b3199,9,414,0.3983895354016876,0.0,0.3983895354016876,1,3824.47902440711,pfba
b0641,9,414,0.3983895354016876,0.0,0.3983895354016876,1,3824.4790244071564,pfba
b3200,9,414,0.3983895354016876,0.0,0.3983895354016876,1,3824.479024407146,pfba
b3201,9,414,0.3983895354016876,0.0,0.3983895354016876,1,3824.4790244072155,pfba
b0054,9,414,0.3983895354016876,0.0,0.3983895354016876,1,3824.479024407086,pfba
b4262,9,414,0.3983895354016876,0.0,0.3983895354016876,1,3824.479024407121,pfba
b4261,9,414,0.3983895354016876,0.0,0.3983895354016876,1,3824.479024407111,pfba
b1535,1,6,0.3983895354016876,0.39838953540168204,5.551115123125783e-15,0,0.0006519912522209173,pfba
b1490,1,8,0.3983895354016876,0.39838953540167893,8.659739592076221e-15,0,0.8071037935340379,pfba
b1794,1,8,0.3983895354016876,0.39838953540167893,8.659739592076221e-15,0,0.8071037935340379,pfba
b1341,1,8,0.3983895354016876,0.39838953540167893,8.659739592076221e-15,0,0.8071037935340379,pfba
b1025,1,8,0.3983895354016876,0.39838953540167893,8.659739592076221e-15,0,0.8071037935340379,pfba
b1285,2,6,0.3983895354016876,0.39838953540167615,1.1435297153639112e-14,0,0.5943423401313266,pfba
b3525,1,8,0.3983895354016876,0.398389535401698,-1.0436096431476471e-14,0,0.8071037935329239,pfba
b0315,1,8,0.3983895354016876,0.398389535401698,-1.0436096431476471e-14,0,0.8071037935329239,pfba
b2503,1,8,0.3983895354016876,0.398389535401698,-1.0436096431476471e-14,0,0.8071037935329239,pfba
b0009,1,0,0.3983895354016876,0.3983895354016682,1.9373391779708982e-14,0,0.0,pfba
b0784,2,0,0.3983895354016876,0.39838953540167515,1.2434497875801753e-14,0,0.0,pfba
b2530,6,414,0.3983895354016876,0.0,0.3983895354016876,1,3824.4790244071028,pfba
b2470,7,10,0.3983895354016876,0.39838953540169947,-1.1879386363489175e-14,0,0.7754953659305956,pfba
b0463,7,0,0.3983895354016876,0.3983895354016876,0.0,0,0.0,pfba
b0462,7,0,0.3983895354016876,0.3983895354016876,0.0,0,0.0,pfba
b1394,2,8,0.3983895354016876,0.39838953540169336,-5.773159728050814e-15,0,0.025837322671560366,pfba
b1090,7,0,0.3983895354016876,0.39838953540167615,1.1435297153639112e-14,0,0.0,pfba
b3059,7,10,0.3983895354016876,0.3983895354017034,-1.582067810090848e-14,0,0.7754953659307068,pfba
b2529,6,85,0.3983895354016876,0.3983877959014057,1.7395002818720862e-06,0,4.905529401471263e-07,pfba
b1684,2,0,0.3983895354016876,0.3983895354016773,1.0269562977782698e-14,0,0.0,pfba
b1682,6,0,0.3983895354016876,0.3983895354016754,1.2212453270876722e-14,0,0.0,pfba
b1683,6,0,0.3983895354016876,0.3983895354016754,1.2212453270876722e-14,0,0.0,pfba
b1681,6,0,0.3983895354016876,0.3983895354016754,1.2212453270876722e-14,0,0.0,pfba
b0827,4,6,0.3983895354016876,0.39838953540170036,-1.27675647831893e-14,0,0.000651991252262767,pfba
b3857,5,8,0.3983895354016876,0.39838953540168226,5.329070518200751e-15,0,0.8071037935330456,pfba
b3856,5,8,0.3983895354016876,0.39838953540168226,5.329070518200751e-15,0,0.8071037935330456,pfba
b3058,2,414,0.3983895354016876,0.0,0.3983895354016876,1,3824.479024407019,pfba
b0709,2,8,0.3983895354016876,0.39838953540170974,-2.2148949341271873e-14,0,0.5687474350461484,pfba
b3496,2,0,0.3983895354016876,0.39838953540168004,7.549516567451064e-15,0,0.0,pfba
b1634,2,0,0.3983895354016876,0.39838953540168004,7.549516567451064e-15,0,0.0,pfba
b2528,2,87,0.3983895354016876,0.39838779590140316,1.7395002844255991e-06,0,0.03120769413316485,pfba
b1679,4,0,0.3983895354016876,0.3983895354016855,2.1094237467877974e-15,0,0.0,pfba
b0775,1,414,0.3983895354016876,0.0,0.3983895354016876,1,3824.4790244071287,pfba
b1009,1,10,0.3983895354016876,0.3983895354013345,3.5310643298203104e-13,0,0.7754953659391493,pfba
b0444,1,0,0.3983895354016876,0.3983895354016879,-3.3306690738754696e-16,0,0.0,pfba
b2794,1,6,0.3983895354016876,0.39838953540171756,-2.9976021664879227e-14,0,0.000651991252253027,pfba
b1008,1,0,0.3983895354016876,0.3983895354016879,-3.3306690738754696e-16,0,0.0,pfba
b2765,1,6,0.3983895354016876,0.39838953540168476,2.831068712794149e-15,0,0.000651991252272369,pfba
b2263,1,0,0.3983895354016876,0.39838953540167804,9.547918011776346e-15,0,0.0,pfba
b1011,1,0,0.3983895354016876,0.39838953540169103,-3.4416913763379853e-15,0,0.0,pfba
b1010,1,0,0.3983895354016876,0.39838953540168176,5.828670879282072e-15,0,0.0,pfba
b0968,7,6,0.3983895354016876,0.3983895354016866,9.992007221626409e-16,0,0.0006519912522747493,pfba
b2264,1,0,0.3983895354016876,0.3983895354016935,-5.88418203051333e-15,0,0.0,pfba
b2262,1,0,0.3983895354016876,0.3983895354016833,4.274358644806853e-15,0,0.0,pfba
b1686,1,0,0.3983895354016876,0.3983895354016882,-6.106226635438361e-16,0,0.0,pfba
b3991,1,414,0.3983895354016876,0.0,0.3983895354016876,1,3824.4790244071255,pfba
b4407,1,414,0.3983895354016876,0.0,0.3983895354016876,1,3824.479024407138,pfba
b3990,1,414,0.3983895354016876,0.0,0.3983895354016876,1,3824.4790244071346,pfba
b0423,1,414,0.3983895354016876,0.0,0.3983895354016876,1,3824.4790244071273,pfba
b3992,1,414,0.3983895354016876,0.0,0.3983895354016876,1,3824.4790244071346,pfba
b2877,1,10,0.3983895354016876,0.3983895354016896,-1.9984014443252818e-15,0,0.7754953659327133,pfba
b2374,1,0,0.3983895354016876,0.398389535401671,1.659783421814609e-14,0,0.0,pfba
b1389,1,0,0.3983895354016876,0.398389535401701,-1.3433698597964394e-14,0,0.0,pfba
b1388,1,0,0.3983895354016876,0.398389535401701,-1.3433698597964394e-14,0,0.0,pfba
b1390,1,0,0.3983895354016876,0.398389535401701,-1.3433698597964394e-14,0,0.0,pfba
b1391,1,0,0.3983895354016876,0.398389535401701,-1.3433698597964394e-14,0,0.0,pfba
b1392,1,0,0.3983895354016876,0.398389535401701,-1.3433698597964394e-14,0,0.0,pfba
b1397,2,0,0.3983895354016876,0.39838953540167865,8.93729534823251e-15,0,0.0,pfba
b1395,1,8,0.3983895354016876,0.39838953540167243,1.5154544286133387e-14,0,0.8071037935327192,pfba
b1012,1,0,0.3983895354016876,0.3983895354016876,0.0,0,0.0,pfba
b1007,1,0,0.3983895354016876,0.3983895354016876,0.0,0,0.0,pfba
b0785,1,0,0.3983895354016876,0.39838953540166266,2.4924506902834764e-14,0,0.0,pfba
b3893,2,0,0.3983895354016876,0.3983895354016717,1.587618925213974e-14,0,0.0,pfba
b3892,2,0,0.3983895354016876,0.3983895354016717,1.587618925213974e-14,0,0.0,pfba
b3894,2,0,0.3983895354016876,0.3983895354016717,1.587618925213974e-14,0,0.0,pfba
b1475,2,0,0.3983895354016876,0.3983895354016717,1.587618925213974e-14,0,0.0,pfba
b1474,2,0,0.3983895354016876,0.3983895354016717,1.587618925213974e-14,0,0.0,pfba
b1476,2,0,0.3983895354016876,0.3983895354016717,1.587618925213974e-14,0,0.0,pfba
b0776,1,414,0.3983895354016876,0.0,0.3983895354016876,1,3824.4790244071564,pfba
b3412,1,414,0.3983895354016876,0.0,0.3983895354016876,1,3824.4790244071146,pfba
b2515,1,414,0.3983895354016876,0.0,0.3983895354016876,1,3824.47902440714,pfba
b4238,4,288,0.3983895354016876,0.398305144297438,8.439110424957041e-05,0,0.7802209014424644,pfba
b3924,5,285,0.3983895354016876,0.39830514429744585,8.439110424174334e-05,0,0.013140867024870346,pfba
b4237,4,285,0.3983895354016876,0.39830514429743913,8.439110424846019e-05,0,0.013140867025926822,pfba
b4209,1,0,0.3983895354016876,0.3983895354016858,1.7763568394002505e-15,0,0.0,pfba
b1387,1,0,0.3983895354016876,0.39838953540167804,9.547918011776346e-15,0,0.0,pfba
b1393,1,6,0.3983895354016876,0.39838953540168637,1.2212453270876722e-15,0,0.0006519912522254195,pfba
b2912,1,0,0.3983895354016876,0.3983895354016876,0.0,0,0.0,pfba
b2174,1,0,0.3983895354016876,0.39838953540168104,6.5503158452884236e-15,0,0.0,pfba
b0826,1,0,0.3983895354016876,0.3983895354016768,1.0769163338864018e-14,0,0.0,pfba
b0781,1,0,0.3983895354016876,0.3983895354016751,1.2490009027033011e-14,0,0.0,pfba
b0783,1,0,0.3983895354016876,0.3983895354016751,1.2490009027033011e-14,0,0.0,pfba
b0630,1,8,0.3983895354016876,0.3983895354016868,7.771561172376096e-16,0,0.8071037935345725,pfba
b0628,1,0,0.3983895354016876,0.3983895354016912,-3.608224830031759e-15,0,0.0,pfba
b4386,3,0,0.3983895354016876,0.3983895354016951,-7.494005416219807e-15,0,0.0,pfba
b1385,1,0,0.3983895354016876,0.3983895354016809,6.661338147750939e-15,0,0.0,pfba
b2917,1,0,0.3983895354016876,0.39838953540167216,1.5432100042289676e-14,0,0.0,pfba
b3572,1,8,0.3983895354016876,0.3983895354016872,3.885780586188048e-16,0,0.8071037935315011,pfba
b4129,1,8,0.3983895354016876,0.39838953540168964,-2.0539125955565396e-15,0,0.8071037935321341,pfba
b3722,1,0,0.3983895354016876,0.39838953540129857,3.8902214782865485e-13,0,0.0,pfba
b0681,1,0,0.3983895354016876,0.39838953540168465,2.942091015256665e-15,0,0.0,pfba
b1473,3,6,0.3983895354016876,0.3983895354016942,-6.6058269965196814e-15,0,0.031198853936112544,pfba
b3882,2,0,0.3983895354016876,0.3983895354016854,2.1649348980190553e-15,0,0.0,pfba
b1600,1,0,0.3983895354016876,0.3983895354016935,-5.88418203051333e-15,0,0.0,pfba
b1599,1,0,0.3983895354016876,0.3983895354016935,-5.88418203051333e-15,0,0.0,pfba
b2660,1,8,0.3983895354016876,0.3983895354016795,8.104628079763643e-15,0,0.025837322671544084,pfba
b4167,4,8,0.3983895354016876,0.3983895354016974,-9.825473767932635e-15,0,0.5687474350462202,pfba
b2670,1,6,0.3983895354016876,0.39838953540168565,1.942890293094024e-15,0,0.5943423401305311,pfba
b3070,3,8,0.3983895354016876,0.39838953540169575,-8.1601392309949e-15,0,0.5687474350462429,pfba
b4297,1,0,0.3983895354016876,0.3983895354016812,6.38378239159465e-15,0,0.0,pfba
b0269,1,0,0.3983895354016876,0.3983895354016812,6.38378239159465e-15,0,0.0,pfba
b4298,1,6,0.3983895354016876,0.3983895354016913,-3.7192471324942744e-15,0,0.031198853936086814,pfba
b0268,1,6,0.3983895354016876,0.3983895354016913,-3.7192471324942744e-15,0,0.031198853936086814,pfba
b3715,1,8,0.3983895354016876,0.3983895354016781,9.492406860545088e-15,0,0.025837322671517966,pfba
b0516,1,0,0.3983895354016876,0.3983895354017142,-2.65898414397725e-14,0,0.0,pfba
b0515,1,6,0.3983895354016876,0.39838953540168415,3.4416913763379853e-15,0,0.03119885393585276,pfba
b1617,1,6,0.3983895354016876,0.39838953540167216,1.5432100042289676e-14,0,0.0006519912522044409,pfba
b1695,1,438,0.3983895354016876,0.391503023141818,0.006886512259869582,0,6.656614156061083,pfba
b1771,1,0,0.3983895354016876,0.3983895354016857,1.887379141862766e-15,0,0.0,pfba
b2907,1,0,0.3983895354016876,0.3983895354016854,2.1649348980190553e-15,0,0.0,pfba
b0543,2,8,0.3983895354016876,0.3983895354016874,1.6653345369377348e-16,0,0.02583732267139946,pfba
b1601,1,0,0.3983895354016876,0.3983895354016876,0.0,0,0.0,pfba
b0624,1,0,0.3983895354016876,0.398389535401675,1.2601031329495527e-14,0,0.0,pfba
b3880,1,0,0.3983895354016876,0.39838953540168043,7.16093850883226e-15,0,0.0,pfba
b3881,1,0,0.3983895354016876,0.39838953540167943,8.1601392309949e-15,0,0.0,pfba
b3877,1,6,0.3983895354016876,0.39838953540167915,8.43769498715119e-15,0,0.0006519912522200918,pfba
b3876,1,0,0.3983895354016876,0.39838953540167843,9.159339953157541e-15,0,0.0,pfba
b1511,1,184,0.3983895354016876,0.3983849136971453,4.621704542295824e-06,0,1.434605067810798e-06,pfba
b2371,1,0,0.3983895354016876,0.3983895354016862,1.3877787807814457e-15,0,0.0,pfba
b2302,1,0,0.3983895354016876,0.39838953540168826,-6.661338147750939e-16,0,0.0,pfba
b2989,1,0,0.3983895354016876,0.39838953540168826,-6.661338147750939e-16,0,0.0,pfba
b1619,1,10,0.3983895354016876,0.39838953540168504,2.55351295663786e-15,0,0.7754953659307939,pfba
b4337,1,0,0.3983895354016876,0.39838953540171557,-2.7977620220553945e-14,0,0.0,pfba
b1337,1,0,0.3983895354016876,0.3983895354016821,5.495603971894525e-15,0,0.0,pfba
b1338,1,0,0.3983895354016876,0.3983895354016821,5.495603971894525e-15,0,0.0,pfba
b1336,1,8,0.3983895354016876,0.3983895354017568,-6.922240558537851e-14,0,0.5687474350452821,pfba
b2873,1,8,0.3983895354016876,0.39838953540167993,7.66053886991358e-15,0,0.8071037935334757,pfba
b1430,1,6,0.3983895354016876,0.39838953540169425,-6.661338147750939e-15,0,0.5943423401310439,pfba
b1396,2,6,0.3983895354016876,0.3983895354016828,4.773959005888173e-15,0,0.5943423401312059,pfba
b3943,1,0,0.3983895354016876,0.39838953540168914,-1.5543122344752192e-15,0,0.0,pfba
b0578,2,6,0.3983895354016876,0.3983895354016888,-1.2212453270876722e-15,0,0.03119885393579352,pfba
b3253,1,0,0.3983895354016876,0.39838953540170974,-2.2148949341271873e-14,0,0.0,pfba
b1022,2,0,0.3983895354016876,0.3983895354016892,-1.609823385706477e-15,0,0.0,pfba
b1021,2,0,0.3983895354016876,0.3983895354016892,-1.609823385706477e-15,0,0.0,pfba
b1733,1,6,0.3983895354016876,0.39838953540168387,3.7192471324942744e-15,0,0.0006519912522530736,pfba
b4266,2,0,0.3983895354016876,0.3983895354016716,1.5987211554602254e-14,0,0.0,pfba
b3493,1,362,0.3983895354016876,0.3961062466793907,0.0022832887222968834,0,0.3404346321719818,pfba
b2987,1,362,0.3983895354016876,0.3961062466793907,0.0022832887222968834,0,0.3404346321719818,pfba
b0401,3,0,0.3983895354016876,0.3983895354016925,-4.884981308350689e-15,0,0.0,pfba
b4141,4,0,0.3983895354016876,0.3983895354016702,1.73749903353837e-14,0,0.0,pfba
b1798,2,8,0.3983895354016876,0.39838953540165684,3.0753177782116836e-14,0,0.5687474350479116,pfba
b3662,2,10,0.3983895354016876,0.39838953540169375,-6.161737786669619e-15,0,0.7754953659306205,pfba
b1592,1,0,0.3983895354016876,0.39838953540168,7.605027718682322e-15,0,0.0,pfba
b2842,1,0,0.3983895354016876,0.3983895354016876,0.0,0,0.0,pfba
b4020,1,8,0.3983895354016876,0.3983895354016868,7.771561172376096e-16,0,0.5687474350466437,pfba
b1985,2,0,0.3983895354016876,0.3983895354016768,1.0769163338864018e-14,0,0.0,pfba
b1516,1,0,0.3983895354016876,0.3983895354016876,0.0,0,0.0,pfba
b1514,1,0,0.3983895354016876,0.3983895354016876,0.0,0,0.0,pfba
b1515,1,0,0.3983895354016876,0.3983895354016876,0.0,0,0.0,pfba
b1513,1,0,0.3983895354016876,0.3983895354016876,0.0,0,0.0,pfba
b1518,1,186,0.3983895354016876,0.39838491369714957,4.621704538021465e-06,0,0.031119514806860926,pfba
b3240,1,8,0.3983895354016876,0.3983895354016559,3.169686735304822e-14,0,0.025837322671536697,pfba
b3241,1,8,0.3983895354016876,0.3983895354016559,3.169686735304822e-14,0,0.025837322671536697,pfba
b1449,2,0,0.3983895354016876,0.3983895354016807,6.8833827526759706e-15,0,0.0,pfba
b2245,1,0,0.3983895354016876,0.3983895354016896,-1.9984014443252818e-15,0,0.0,pfba
b1448,1,6,0.3983895354016876,0.39838953540168076,6.827871601444713e-15,0,0.031198853935868867,pfba
b3656,1,8,0.3983895354016876,0.3983895354016877,-1.1102230246251565e-16,0,0.8071037935325382,pfba
b3883,1,0,0.3983895354016876,0.3983895354016877,-1.1102230246251565e-16,0,0.0,pfba
b3966,3,0,0.3983895354016876,0.39838953540169003,-2.4424906541753444e-15,0,0.0,pfba
b4098,1,0,0.3983895354016876,0.3983895354016884,-8.326672684688674e-16,0,0.0,pfba
b3488,1,6,0.3983895354016876,0.3983895354016823,5.2735593669694936e-15,0,0.0006519912522406568,pfba
b1813,1,0,0.3983895354016876,0.39838953540168176,5.828670879282072e-15,0,0.0,pfba
b2166,1,0,0.3983895354016876,0.39838953540168254,5.051514762044462e-15,0,0.0,pfba
b1103,1,0,0.3983895354016876,0.3983895354016907,-3.1086244689504383e-15,0,0.0,pfba
b4096,1,6,0.3983895354016876,0.3983895354016799,7.716050021144838e-15,0,0.031198853936042395,pfba
b4101,1,6,0.3983895354016876,0.3983895354016799,7.716050021144838e-15,0,0.031198853936042395,pfba
b4100,1,6,0.3983895354016876,0.3983895354016799,7.716050021144838e-15,0,0.031198853936042395,pfba
b4099,1,6,0.3983895354016876,0.3983895354016799,7.716050021144838e-15,0,0.031198853936042395,pfba
b4095,1,8,0.3983895354016876,0.3983895354016918,-4.218847493575595e-15,0,0.025837322670987047,pfba
b4092,1,6,0.3983895354016876,0.39838953540168237,5.218048215738236e-15,0,0.031198853935946444,pfba
b2047,1,6,0.3983895354016876,0.39838953540167976,7.827072323607354e-15,0,0.0311988539357839,pfba
b4106,1,0,0.3983895354016876,0.39838953540168875,-1.1657341758564144e-15,0,0.0,pfba
b4104,1,0,0.3983895354016876,0.39838953540168875,-1.1657341758564144e-15,0,0.0,pfba
b4105,1,0,0.3983895354016876,0.39838953540168875,-1.1657341758564144e-15,0,0.0,pfba
b0662,1,6,0.3983895354016876,0.39838953540169775,-1.0158540675320182e-14,0,0.03119885393601774,pfba
b2906,1,0,0.3983895354016876,0.39838953540169025,-2.6645352591003757e-15,0,0.0,pfba
b1400,1,0,0.3983895354016876,0.39838953540168004,7.549516567451064e-15,0,0.0,pfba
b2683,1,0,0.3983895354016876,0.39838953540168504,2.55351295663786e-15,0,0.0,pfba
b2682,1,0,0.3983895354016876,0.39838953540168504,2.55351295663786e-15,0,0.0,pfba
b1821,1,6,0.3983895354016876,0.3983895354016902,-2.609024107869118e-15,0,0.0006519912522656872,pfba
b2164,1,6,0.3983895354016876,0.3983895354016726,1.4988010832439613e-14,0,0.000651991252220116,pfba
b1616,1,0,0.3983895354016876,0.39838953540168526,2.3314683517128287e-15,0,0.0,pfba
b1517,1,186,0.3983895354016876,0.3983849136971582,4.621704529361725e-06,0,0.031119514806801262,pfba
b0577,1,8,0.3983895354016876,0.39838953540168587,1.7208456881689926e-15,0,0.8071037935327865,pfba
b2924,1,8,0.3983895354016876,0.39838953540168587,1.7208456881689926e-15,0,0.8071037935327865,pfba
b1330,1,8,0.3983895354016876,0.39838953540168587,1.7208456881689926e-15,0,0.8071037935327865,pfba
b0808,1,8,0.3983895354016876,0.39838953540168587,1.7208456881689926e-15,0,0.8071037935327865,pfba
b0465,1,8,0.3983895354016876,0.39838953540168587,1.7208456881689926e-15,0,0.8071037935327865,pfba
b3291,1,8,0.3983895354016876,0.39838953540168587,1.7208456881689926e-15,0,0.8071037935327865,pfba
b4159,1,8,0.3983895354016876,0.39838953540168587,1.7208456881689926e-15,0,0.8071037935327865,pfba
b2247,1,0,0.3983895354016876,0.39838953540168814,-5.551115123125783e-16,0,0.0,pfba
b0597,1,0,0.3983895354016876,0.39838953540168953,-1.942890293094024e-15,0,0.0,pfba
b1870,1,0,0.3983895354016876,0.39838953540168665,9.43689570931383e-16,0,0.0,pfba
b3116,2,6,0.3983895354016876,0.3983895354016878,-2.220446049250313e-16,0,0.5943423401302262,pfba
b2796,1,0,0.3983895354016876,0.39838953540174304,-5.545564008002657e-14,0,0.0,pfba
b4093,1,0,0.3983895354016876,0.3983895354016838,3.774758283725532e-15,0,0.0,pfba
b3878,1,0,0.3983895354016876,0.3983895354016827,4.884981308350689e-15,0,0.0,pfba
b1206,3,6,0.3983895354016876,0.3983895354016793,8.271161533457416e-15,0,0.031198853935918106,pfba
