gene_id,gene_name,n_gpr_rxns,n_changed,b_wt,b_ko,delta_b,y_essential,kV,L1,solve_src
b1377,,270,443,0.6947359182109591,0.0,0.6947359182109591,1,18670.97494529719,0.0,infeasible
b2215,,271,443,0.6947359182109591,0.0,0.6947359182109591,1,18670.97494529719,0.0,infeasible
b0929,,271,443,0.6947359182109591,0.0,0.6947359182109591,1,18670.97494529719,0.0,infeasible
b0241,,270,443,0.6947359182109591,0.0,0.6947359182109591,1,18670.97494529719,0.0,infeasible
b4034,,6,8,0.6947359182109591,0.6947359182109591,0.0,0,5.2400738379950844e-05,747.0868199393522,highs_pfba
b4033,,6,8,0.6947359182109591,0.6947359182109591,0.0,0,5.2400738379950844e-05,747.0868199393522,highs_pfba
b4032,,6,8,0.6947359182109591,0.6947359182109591,0.0,0,5.2400738379950844e-05,747.0868199393522,highs_pfba
b4035,,6,8,0.6947359182109591,0.6947359182109591,0.0,0,5.2400738379950844e-05,747.0868199393522,highs_pfba
b4036,,7,2,0.6947359182109591,0.6947359182109634,-4.218847493575595e-15,0,199.99999999999727,747.0868199393519,highs_pfba
b4213,,8,0,0.6947359182109591,0.6947359182109591,0.0,0,0.0,747.0868199393531,highs_pfba
b2835,,21,4,0.6947359182109591,0.6947359182109633,-4.107825191113079e-15,0,9.60083979685149e-08,747.0868199393556,highs_pfba
b2836,,23,451,0.6947359182109591,0.6774987768183021,0.017237141392657085,0,20.93379603680274,746.3794583929107,highs_pfba
b3553,,10,8,0.6947359182109591,0.6947359182109633,-4.107825191113079e-15,0,5.2400738379988865e-05,747.0868199393581,highs_pfba
b1134,,2,8,0.6947359182109591,0.6947359182109591,0.0,0,5.240073837996501e-05,747.0868199393549,highs_pfba
b0446,,2,8,0.6947359182109591,0.6947359182109634,-4.218847493575595e-15,0,5.2400738379976905e-05,747.0868199393551,highs_pfba
b1009,,1,4,0.6947359182109591,0.6947359182109633,-4.107825191113079e-15,0,9.600839797979827e-08,747.0868199393578,highs_pfba
b0954,,13,4,0.6947359182109591,0.6947359182109613,-2.1094237467877974e-15,0,5.2304729982008915e-05,747.0868199393535,highs_pfba
b0180,,14,443,0.6947359182109591,-0.0,0.6947359182109591,1,6862.838355906779,265.53191489361706,highs_pfba
b0347,,2,0,0.6947359182109591,0.6947359182109591,0.0,0,0.0,747.0868199393519,highs_pfba
b3580,,2,0,0.6947359182109591,0.6947359182109591,0.0,0,0.0,747.0868199393526,highs_pfba
b1093,,14,443,0.6947359182109591,-0.0,0.6947359182109591,1,6862.838355906779,265.53191489361706,highs_pfba
b2323,,13,443,0.6947359182109591,-0.0,0.6947359182109591,1,6862.838355906797,265.53191489361654,highs_pfba
b1095,,9,443,0.6947359182109591,-0.0,0.6947359182109591,1,6862.838355906777,265.53191489361717,highs_pfba
b1397,,2,0,0.6947359182109591,0.6947359182109591,0.0,0,0.0,747.0868199393523,highs_pfba
b1245,,2,4,0.6947359182109591,0.6947359182109633,-4.107825191113079e-15,0,9.600839796934051e-08,747.0868199393551,highs_pfba
b1244,,2,4,0.6947359182109591,0.6947359182109633,-4.107825191113079e-15,0,9.600839796934051e-08,747.0868199393551,highs_pfba
b1329,,1,0,0.6947359182109591,0.6947359182109633,-4.107825191113079e-15,0,0.0,747.0868199393555,highs_pfba
b1246,,2,4,0.6947359182109591,0.6947359182109633,-4.107825191113079e-15,0,9.600839796934051e-08,747.0868199393551,highs_pfba
b1247,,2,4,0.6947359182109591,0.6947359182109633,-4.107825191113079e-15,0,9.600839796934051e-08,747.0868199393551,highs_pfba
b1386,,3,0,0.6947359182109591,0.6947359182109591,0.0,0,0.0,747.0868199393523,highs_pfba
b0004,,2,443,0.6947359182109591,-0.0,0.6947359182109591,1,6862.838355906777,265.5319148936171,highs_pfba
b1192,,4,8,0.6947359182109591,0.6947359182109615,-2.3314683517128287e-15,0,5.2400738379968496e-05,747.0868199393543,highs_pfba
b1243,,1,0,0.6947359182109591,0.6947359182109591,0.0,0,0.0,747.0868199393498,highs_pfba
b4266,,1,0,0.6947359182109591,0.6947359182109591,0.0,0,0.0,747.0868199393551,highs_pfba
b4265,,3,8,0.6947359182109591,0.6947359182109635,-4.3298697960381105e-15,0,5.2400738379976214e-05,747.0868199393551,highs_pfba
b0159,,3,443,0.6947359182109591,-0.0,0.6947359182109591,1,6862.838355906781,265.531914893617,highs_pfba
b3197,,1,443,0.6947359182109591,-0.0,0.6947359182109591,1,6862.8383559067815,265.53191489361694,highs_pfba
b2708,,1,443,0.6947359182109591,-0.0,0.6947359182109591,1,6862.8383559067815,265.53191489361694,highs_pfba
b1094,,26,443,0.6947359182109591,-0.0,0.6947359182109591,1,6862.8383559067815,265.531914893617,highs_pfba
b4481,,1,8,0.6947359182109591,0.6947359182109621,-2.9976021664879227e-15,0,5.24007383799852e-05,747.0868199393574,highs_pfba
b1927,,1,8,0.6947359182109591,0.6947359182109591,0.0,0,5.2400738379950844e-05,747.0868199393522,highs_pfba
b3571,,1,8,0.6947359182109591,0.6947359182109591,0.0,0,5.2400738379950844e-05,747.0868199393522,highs_pfba
b2901,,1,0,0.6947359182109591,0.6947359182109591,0.0,0,0.0,747.0868199393523,highs_pfba
b1302,,1,0,0.6947359182109591,0.6947359182109633,-4.107825191113079e-15,0,0.0,747.0868199393528,highs_pfba
b2662,,1,0,0.6947359182109591,0.6947359182109633,-4.107825191113079e-15,0,0.0,747.0868199393528,highs_pfba
b1444,,1,0,0.6947359182109591,0.6947359182109633,-4.107825191113079e-15,0,0.0,747.0868199393577,highs_pfba
b2663,,1,0,0.6947359182109591,0.6947359182109634,-4.218847493575595e-15,0,0.0,747.0868199393519,highs_pfba
b2222,,3,0,0.6947359182109591,0.6947359182109634,-4.218847493575595e-15,0,0.0,747.0868199393556,highs_pfba
b2221,,3,0,0.6947359182109591,0.6947359182109634,-4.218847493575595e-15,0,0.0,747.0868199393556,highs_pfba
b2224,,1,454,0.6947359182109591,0.677498776818302,0.017237141392657196,0,20.93397603729484,746.379458392913,highs_pfba
b2342,,8,454,0.6947359182109591,0.6774987768182975,0.017237141392661637,0,20.93397603729329,746.3794583929099,highs_pfba
b3845,,8,454,0.6947359182109591,0.6774987768182975,0.017237141392661637,0,20.93397603729329,746.3794583929099,highs_pfba
b2223,,3,8,0.6947359182109591,0.6947359182109633,-4.107825191113079e-15,0,5.240073838140064e-05,747.0868199393555,highs_pfba
b1241,,2,4,0.6947359182109591,0.6947359182109634,-4.218847493575595e-15,0,9.600839798296324e-08,747.0868199393583,highs_pfba
b0351,,1,0,0.6947359182109591,0.6947359182109633,-4.107825191113079e-15,0,0.0,747.0868199393528,highs_pfba
s0001,,39,443,0.6947359182109591,0.0,0.6947359182109591,1,18670.97494529719,0.0,infeasible
b1463,,1,0,0.6947359182109591,0.6947359182109591,0.0,0,0.0,747.0868199393523,highs_pfba
b1993,,2,0,0.6947359182109591,0.6947359182109591,0.0,0,0.0,747.0868199393523,highs_pfba
b2316,,1,443,0.6947359182109591,-0.0,0.6947359182109591,1,6862.8383559067815,265.531914893617,highs_pfba
b3255,,1,443,0.6947359182109591,-0.0,0.6947359182109591,1,6862.8383559067815,265.531914893617,highs_pfba
b0185,,1,443,0.6947359182109591,-0.0,0.6947359182109591,1,6862.8383559067815,265.531914893617,highs_pfba
b3256,,1,443,0.6947359182109591,-0.0,0.6947359182109591,1,6862.8383559067815,265.531914893617,highs_pfba
b4069,,2,4,0.6947359182109591,0.6947359182109635,-4.3298697960381105e-15,0,9.60083979635615e-08,747.0868199393534,highs_pfba
b1119,,1,0,0.6947359182109591,0.694735918210962,-2.886579864025407e-15,0,0.0,747.0868199393547,highs_pfba
b3784,,1,8,0.6947359182109591,0.6947359182109621,-2.9976021664879227e-15,0,5.240073837995768e-05,747.0868199393522,highs_pfba
b2415,,18,422,0.6947359182109591,0.6699239211319988,0.024811997078960313,0,642.0304925094723,766.126650390139,highs_pfba
b0679,,1,4,0.6947359182109591,0.6947359182109591,0.0,0,9.60083979462181e-08,747.086819939353,highs_pfba
b1101,,2,419,0.6947359182109591,0.6699239211319935,0.024811997078965642,0,417.3834160038875,758.1031887016411,highs_pfba
b2417,,6,422,0.6947359182109591,0.6699239211319935,0.024811997078965642,0,499.72162899484584,758.1031887016416,highs_pfba
b2416,,19,422,0.6947359182109591,0.6699239211319988,0.024811997078960313,0,642.0304925094723,766.126650390139,highs_pfba
b3959,,1,443,0.6947359182109591,-0.0,0.6947359182109591,1,6862.838355906782,265.5319148936169,highs_pfba
b2818,,1,443,0.6947359182109591,-0.0,0.6947359182109591,1,6862.838355906781,265.531914893617,highs_pfba
b0078,,2,443,0.6947359182109591,-0.0,0.6947359182109591,1,6862.838355906793,265.531914893617,highs_pfba
b3670,,2,443,0.6947359182109591,-0.0,0.6947359182109591,1,6862.838355906793,265.531914893617,highs_pfba
b3671,,2,443,0.6947359182109591,-0.0,0.6947359182109591,1,6862.838355906793,265.531914893617,highs_pfba
b0077,,2,443,0.6947359182109591,-0.0,0.6947359182109591,1,6862.838355906793,265.531914893617,highs_pfba
b3115,,2,430,0.6947359182109591,0.6510125079087382,0.04372341030222093,0,143.42871410209324,744.6825117878784,highs_pfba
b1849,,2,428,0.6947359182109591,0.6510125079087382,0.04372341030222093,0,143.4286650891657,744.6825117878834,highs_pfba
b2296,,1,430,0.6947359182109591,0.6510125079087382,0.04372341030222093,0,143.42871410209273,744.6825117878786,highs_pfba
b2428,,1,4,0.6947359182109591,0.694735918210962,-2.886579864025407e-15,0,5.230472998200897e-05,747.0868199393599,highs_pfba
b3794,,1,8,0.6947359182109591,0.6947359182109621,-2.9976021664879227e-15,0,5.240073837995768e-05,747.0868199393522,highs_pfba
b1818,,5,419,0.6947359182109591,0.6699239211319935,0.024811997078965642,0,417.3834160038858,758.1031887016406,highs_pfba
b1819,,5,419,0.6947359182109591,0.6699239211319935,0.024811997078965642,0,417.3834160038858,758.1031887016406,highs_pfba
b1817,,5,419,0.6947359182109591,0.6699239211319935,0.024811997078965642,0,417.3834160038858,758.1031887016406,highs_pfba
b2429,,2,0,0.6947359182109591,0.6947359182109591,0.0,0,0.0,747.0868199393523,highs_pfba
b3224,,1,0,0.6947359182109591,0.6947359182109591,0.0,0,0.0,747.0868199393523,highs_pfba
b4311,,1,0,0.6947359182109591,0.6947359182109591,0.0,0,0.0,747.0868199393523,highs_pfba
b3225,,1,0,0.6947359182109591,0.6947359182109591,0.0,0,0.0,747.0868199393523,highs_pfba
b0221,,8,453,0.6947359182109591,0.6774987768183074,0.017237141392651756,0,20.936600861265177,746.3794583929156,highs_pfba
b1091,,3,443,0.6947359182109591,-0.0,0.6947359182109591,1,6862.838355906781,265.531914893617,highs_pfba
b3957,,2,443,0.6947359182109591,-0.0,0.6947359182109591,1,6862.8383559067815,265.531914893617,highs_pfba
b3200,,9,443,0.6947359182109591,-0.0,0.6947359182109591,1,6862.838355906781,265.53191489361694,highs_pfba
b4261,,9,443,0.6947359182109591,-0.0,0.6947359182109591,1,6862.838355906781,265.53191489361694,highs_pfba
b3201,,9,443,0.6947359182109591,-0.0,0.6947359182109591,1,6862.838355906781,265.53191489361694,highs_pfba
b4262,,9,443,0.6947359182109591,-0.0,0.6947359182109591,1,6862.838355906781,265.53191489361694,highs_pfba
b3199,,9,443,0.6947359182109591,-0.0,0.6947359182109591,1,6862.838355906781,265.53191489361694,highs_pfba
b1519,,1,0,0.6947359182109591,0.6947359182109591,0.0,0,0.0,747.0868199393523,highs_pfba
b1276,,2,442,0.6947359182109591,-0.0,0.6947359182109591,1,8038.508406733671,272.72727272727275,highs_pfba
b0118,,3,442,0.6947359182109591,-0.0,0.6947359182109591,1,8038.508406733671,272.72727272727275,highs_pfba
b1748,,2,443,0.6947359182109591,-0.0,0.6947359182109591,1,6862.838355906776,265.5319148936171,highs_pfba
b3359,,2,443,0.6947359182109591,-0.0,0.6947359182109591,1,6862.838355906782,265.531914893617,highs_pfba
b1090,,7,8,0.6947359182109591,0.6947359182109591,0.0,0,5.240073837994864e-05,747.0868199393519,highs_pfba
b3475,,1,0,0.6947359182109591,0.6947359182109591,0.0,0,0.0,747.0868199393523,highs_pfba
b2563,,1,0,0.6947359182109591,0.6947359182109591,0.0,0,0.0,747.0868199393523,highs_pfba
b2578,,2,0,0.6947359182109591,0.6947359182109633,-4.107825191113079e-15,0,0.0,747.0868199393555,highs_pfba
b1533,,2,0,0.6947359182109591,0.6947359182109633,-4.107825191113079e-15,0,0.0,747.0868199393555,highs_pfba
b4067,,2,4,0.6947359182109591,0.6947359182109633,-4.107825191113079e-15,0,5.2304729982009064e-05,747.0868199393519,highs_pfba
b1623,,2,4,0.6947359182109591,0.6947359182109633,-4.107825191113079e-15,0,9.600839797099173e-08,747.0868199393552,highs_pfba
b1096,,1,443,0.6947359182109591,-0.0,0.6947359182109591,1,6862.838355906778,265.5319148936171,highs_pfba
b1812,,2,443,0.6947359182109591,-0.0,0.6947359182109591,1,6862.838355906776,265.5319148936171,highs_pfba
b3360,,1,443,0.6947359182109591,-0.0,0.6947359182109591,1,6862.8383559067815,265.531914893617,highs_pfba
b3665,,1,0,0.6947359182109591,0.6947359182109633,-4.107825191113079e-15,0,0.0,747.0868199393528,highs_pfba
b3654,,3,0,0.6947359182109591,0.6947359182109633,-4.107825191113079e-15,0,0.0,747.0868199393576,highs_pfba
b3714,,1,0,0.6947359182109591,0.6947359182109633,-4.107825191113079e-15,0,0.0,747.0868199393576,highs_pfba
b0474,,13,443,0.6947359182109591,-0.0,0.6947359182109591,1,6862.838355906776,265.5319148936171,highs_pfba
b0120,,1,4,0.6947359182109591,0.6947359182109591,0.0,0,9.600839794566769e-08,747.0868199393532,highs_pfba
b3806,,1,8,0.6947359182109591,0.6947359182109591,0.0,0,5.2400738379953046e-05,747.0868199393511,highs_pfba
b0030,,5,4,0.6947359182109591,0.6947359182109615,-2.3314683517128287e-15,0,9.600839796906303e-08,747.0868199393561,highs_pfba
b2393,,7,4,0.6947359182109591,0.6947359182109591,0.0,0,9.600839795681345e-08,747.0868199393551,highs_pfba
b2964,,11,8,0.6947359182109591,0.6947359182109591,0.0,0,5.240073837995442e-05,747.0868199393527,highs_pfba
b2406,,6,4,0.6947359182109591,0.6947359182109615,-2.3314683517128287e-15,0,9.600839796906303e-08,747.0868199393562,highs_pfba
b0411,,7,4,0.6947359182109591,0.6947359182109635,-4.3298697960381105e-15,0,9.600839796713915e-08,747.0868199393551,highs_pfba
b1992,,1,0,0.6947359182109591,0.6947359182109591,0.0,0,0.0,747.0868199393523,highs_pfba
b1709,,3,0,0.6947359182109591,0.6947359182109591,0.0,0,0.0,747.0868199393523,highs_pfba
b0158,,3,0,0.6947359182109591,0.6947359182109591,0.0,0,0.0,747.0868199393523,highs_pfba
b1711,,3,0,0.6947359182109591,0.6947359182109591,0.0,0,0.0,747.0868199393523,highs_pfba
b3966,,3,0,0.6947359182109591,0.6947359182109591,0.0,0,0.0,747.0868199393523,highs_pfba
b3005,,10,4,0.6947359182109591,0.6947359182109615,-2.3314683517128287e-15,0,9.600839795956848e-08,747.0868199393543,highs_pfba
b3006,,10,4,0.6947359182109591,0.6947359182109615,-2.3314683517128287e-15,0,9.600839795956848e-08,747.0868199393543,highs_pfba
b1252,,10,4,0.6947359182109591,0.6947359182109615,-2.3314683517128287e-15,0,9.600839795956848e-08,747.0868199393543,highs_pfba
b3397,,1,8,0.6947359182109591,0.6947359182109634,-4.218847493575595e-15,0,5.240073837999163e-05,747.0868199393581,highs_pfba
b3034,,1,8,0.6947359182109591,0.6947359182109634,-4.218847493575595e-15,0,5.240073837999163e-05,747.0868199393581,highs_pfba
b0469,,1,0,0.6947359182109591,0.6947359182109633,-4.107825191113079e-15,0,0.0,747.0868199393527,highs_pfba
b2750,,1,443,0.6947359182109591,-0.0,0.6947359182109591,1,6862.838355906779,265.5319148936171,highs_pfba
b1131,,2,443,0.6947359182109591,-0.0,0.6947359182109591,1,6862.838355906774,265.5319148936172,highs_pfba
b4177,,1,443,0.6947359182109591,-0.0,0.6947359182109591,1,6862.838355906777,265.53191489361717,highs_pfba
b0677,,1,4,0.6947359182109591,0.694735918210962,-2.886579864025407e-15,0,9.600839796218364e-08,747.0868199393548,highs_pfba
b0110,,4,4,0.6947359182109591,0.6947359182109591,0.0,0,9.600839793988841e-08,747.0868199393518,highs_pfba
b2817,,2,4,0.6947359182109591,0.6947359182109634,-4.218847493575595e-15,0,9.60083979663134e-08,747.0868199393552,highs_pfba
b2435,,2,4,0.6947359182109591,0.6947359182109634,-4.218847493575595e-15,0,9.60083979663134e-08,747.0868199393552,highs_pfba
b4169,,2,4,0.6947359182109591,0.6947359182109634,-4.218847493575595e-15,0,9.60083979663134e-08,747.0868199393552,highs_pfba
b1107,,3,4,0.6947359182109591,0.694735918210962,-2.886579864025407e-15,0,9.600839797456782e-08,747.0868199393574,highs_pfba
b0433,,3,0,0.6947359182109591,0.694735918210962,-2.886579864025407e-15,0,0.0,747.0868199393549,highs_pfba
b3619,,1,4,0.6947359182109591,0.6947359182109616,-2.4424906541753444e-15,0,5.230472998200893e-05,747.086819939356,highs_pfba
b2937,,1,8,0.6947359182109591,0.6947359182109633,-4.107825191113079e-15,0,5.2400738379977576e-05,747.0868199393553,highs_pfba
b3018,,7,443,0.6947359182109591,-0.0,0.6947359182109591,1,6862.838355906781,265.531914893617,highs_pfba
b3958,,1,443,0.6947359182109591,-0.0,0.6947359182109591,1,6862.838355906781,265.531914893617,highs_pfba
b0575,,2,0,0.6947359182109591,0.6947359182109591,0.0,0,0.0,747.0868199393523,highs_pfba
b0572,,2,0,0.6947359182109591,0.6947359182109591,0.0,0,0.0,747.0868199393523,highs_pfba
b0573,,2,0,0.6947359182109591,0.6947359182109591,0.0,0,0.0,747.0868199393523,highs_pfba
b0574,,2,0,0.6947359182109591,0.6947359182109591,0.0,0,0.0,747.0868199393523,highs_pfba
b4006,,2,443,0.6947359182109591,-0.0,0.6947359182109591,1,6862.838355906782,265.531914893617,highs_pfba
b0522,,1,443,0.6947359182109591,-0.0,0.6947359182109591,1,6862.838355906773,265.5319148936172,highs_pfba
b0523,,1,443,0.6947359182109591,-0.0,0.6947359182109591,1,6862.838355906781,265.531914893617,highs_pfba
b0727,,1,418,0.6947359182109591,0.6784154570720435,0.01632046113891561,0,79.61488023786677,747.3330641211096,highs_pfba
b0116,,3,429,0.6947359182109591,0.6117224581104074,0.08301346010055177,0,1217.8116196231715,731.2242403083476,highs_pfba
b0726,,1,418,0.6947359182109591,0.6784154570720435,0.01632046113891561,0,79.61488023786677,747.3330641211096,highs_pfba
b2587,,1,0,0.6947359182109591,0.6947359182109633,-4.107825191113079e-15,0,0.0,747.0868199393564,highs_pfba
b1488,,1,0,0.6947359182109591,0.6947359182109633,-4.107825191113079e-15,0,0.0,747.086819939356,highs_pfba
b3542,,3,8,0.6947359182109591,0.6947359182109681,-8.992806499463768e-15,0,5.2400738380009736e-05,747.0868199393591,highs_pfba
b1486,,1,0,0.6947359182109591,0.6947359182109633,-4.107825191113079e-15,0,0.0,747.0868199393528,highs_pfba
b1485,,1,0,0.6947359182109591,0.6947359182109633,-4.107825191113079e-15,0,0.0,747.0868199393528,highs_pfba
b3543,,3,8,0.6947359182109591,0.6947359182109681,-8.992806499463768e-15,0,5.2400738380009736e-05,747.0868199393591,highs_pfba
b3541,,3,8,0.6947359182109591,0.6947359182109681,-8.992806499463768e-15,0,5.2400738380009736e-05,747.0868199393591,highs_pfba
b1484,,1,0,0.6947359182109591,0.6947359182109633,-4.107825191113079e-15,0,0.0,747.0868199393528,highs_pfba
b3540,,3,8,0.6947359182109591,0.6947359182109681,-8.992806499463768e-15,0,5.2400738380009736e-05,747.0868199393591,highs_pfba
b3544,,3,8,0.6947359182109591,0.6947359182109681,-8.992806499463768e-15,0,5.2400738380009736e-05,747.0868199393591,highs_pfba
b1483,,1,0,0.6947359182109591,0.6947359182109633,-4.107825191113079e-15,0,0.0,747.0868199393528,highs_pfba
b1487,,1,0,0.6947359182109591,0.6947359182109633,-4.107825191113079e-15,0,0.0,747.0868199393528,highs_pfba
b0092,,1,443,0.6947359182109591,-0.0,0.6947359182109591,1,6862.838355906776,265.5319148936171,highs_pfba
b0381,,1,443,0.6947359182109591,-0.0,0.6947359182109591,1,6862.838355906776,265.5319148936171,highs_pfba
b1325,,1,0,0.6947359182109591,0.6947359182109635,-4.3298697960381105e-15,0,0.0,747.0868199393556,highs_pfba
b1190,,1,443,0.6947359182109591,-0.0,0.6947359182109591,1,6862.838355906779,265.53191489361706,highs_pfba
b4053,,1,443,0.6947359182109591,-0.0,0.6947359182109591,1,6862.838355906779,265.53191489361706,highs_pfba
b2551,,6,418,0.6947359182109591,0.6714853083912767,0.02325060981968241,0,18.07729449135673,753.3396115331134,highs_pfba
b0870,,4,4,0.6947359182109591,0.6947359182109634,-4.218847493575595e-15,0,9.600839798172482e-08,747.0868199393583,highs_pfba
b2379,,1,3,0.6947359182109591,0.6947359182109655,-6.328271240363392e-15,0,0.4893787172224257,747.490708833824,highs_pfba
b2290,,1,3,0.6947359182109591,0.6947359182109655,-6.328271240363392e-15,0,0.4893787172224257,747.490708833824,highs_pfba
b2697,,1,0,0.6947359182109591,0.6947359182109591,0.0,0,0.0,747.0868199393523,highs_pfba
b3460,,5,8,0.6947359182109591,0.6947359182109633,-4.107825191113079e-15,0,5.2400738379977576e-05,747.0868199393553,highs_pfba
b3456,,5,8,0.6947359182109591,0.6947359182109633,-4.107825191113079e-15,0,5.2400738379977576e-05,747.0868199393553,highs_pfba
b3457,,5,8,0.6947359182109591,0.6947359182109633,-4.107825191113079e-15,0,5.2400738379977576e-05,747.0868199393553,highs_pfba
b3455,,5,8,0.6947359182109591,0.6947359182109633,-4.107825191113079e-15,0,5.2400738379977576e-05,747.0868199393553,highs_pfba
b3454,,5,8,0.6947359182109591,0.6947359182109633,-4.107825191113079e-15,0,5.2400738379977576e-05,747.0868199393553,highs_pfba
b4208,,5,287,0.6947359182109591,0.6945922468526864,0.00014367135827275668,0,0.0016978724429427441,747.1086538471606,highs_pfba
b0007,,2,8,0.6947359182109591,0.6947359182109615,-2.3314683517128287e-15,0,5.240073837997799e-05,747.086819939356,highs_pfba
b0356,,3,8,0.6947359182109591,0.6947359182109615,-2.3314683517128287e-15,0,5.240073838167063e-05,747.0868199393562,highs_pfba
b1478,,1,4,0.6947359182109591,0.6947359182109633,-4.107825191113079e-15,0,5.2304729982009064e-05,747.0868199393577,highs_pfba
b1385,,1,0,0.6947359182109591,0.6947359182109591,0.0,0,0.0,747.0868199393478,highs_pfba
b1300,,2,4,0.6947359182109591,0.6947359182109591,0.0,0,9.600839794566769e-08,747.0868199393515,highs_pfba
b3588,,2,4,0.6947359182109591,0.6947359182109633,-4.107825191113079e-15,0,5.2304729982009064e-05,747.0868199393557,highs_pfba
b4084,,1,0,0.6947359182109591,0.6947359182109591,0.0,0,0.0,747.0868199393523,highs_pfba
b4090,,2,426,0.6947359182109591,0.2834808364098918,0.41125508180106735,0,1142.2836786790012,645.3956503521424,highs_pfba
b0516,,1,4,0.6947359182109591,0.6947359182109615,-2.3314683517128287e-15,0,5.230472998200893e-05,747.0868199393565,highs_pfba
b0512,,1,4,0.6947359182109591,0.6947359182109615,-2.3314683517128287e-15,0,5.230472998200893e-05,747.0868199393561,highs_pfba
b0511,,1,4,0.6947359182109591,0.6947359182109633,-4.107825191113079e-15,0,5.2304729982009064e-05,747.0868199393552,highs_pfba
b4085,,1,0,0.6947359182109591,0.6947359182109591,0.0,0,0.0,747.0868199393523,highs_pfba
b4087,,2,0,0.6947359182109591,0.6947359182109591,0.0,0,0.0,747.0868199393523,highs_pfba
b4086,,2,0,0.6947359182109591,0.6947359182109591,0.0,0,0.0,747.0868199393523,highs_pfba
b4088,,2,0,0.6947359182109591,0.6947359182109591,0.0,0,0.0,747.0868199393523,highs_pfba
b0657,,2,0,0.6947359182109591,0.6947359182109591,0.0,0,0.0,747.0868199393523,highs_pfba
b1677,,2,0,0.6947359182109591,0.6947359182109591,0.0,0,0.0,747.0868199393523,highs_pfba
b1781,,1,4,0.6947359182109591,0.6947359182109634,-4.218847493575595e-15,0,5.230472998200908e-05,747.0868199393608,highs_pfba
b3001,,1,4,0.6947359182109591,0.6947359182109634,-4.218847493575595e-15,0,5.230472998200908e-05,747.0868199393608,highs_pfba
b0207,,2,4,0.6947359182109591,0.6947359182109634,-4.218847493575595e-15,0,9.600839798172482e-08,747.0868199393581,highs_pfba
b3012,,2,4,0.6947359182109591,0.6947359182109634,-4.218847493575595e-15,0,9.600839798172482e-08,747.0868199393581,highs_pfba
b3945,,4,4,0.6947359182109591,0.6947359182109634,-4.218847493575595e-15,0,5.2304729984421075e-05,747.0868199393583,highs_pfba
b3091,,1,4,0.6947359182109591,0.6947359182109591,0.0,0,9.600839794126444e-08,747.0868199393519,highs_pfba
b3416,,4,4,0.6947359182109591,0.6947359182109591,0.0,0,9.600839794401648e-08,747.0868199393524,highs_pfba
b3223,,1,0,0.6947359182109591,0.6947359182109591,0.0,0,0.0,747.0868199393565,highs_pfba
b3222,,1,0,0.6947359182109591,0.6947359182109591,0.0,0,0.0,747.0868199393523,highs_pfba
b0774,,1,443,0.6947359182109591,-0.0,0.6947359182109591,1,6862.8383559068025,265.5319148936164,highs_pfba
b3833,,2,8,0.6947359182109591,0.6947359182109633,-4.107825191113079e-15,0,5.240073837996406e-05,747.0868199393528,highs_pfba
b3994,,1,443,0.6947359182109591,-0.0,0.6947359182109591,1,6862.8383559067715,265.5319148936172,highs_pfba
b1982,,1,4,0.6947359182109591,0.6947359182109633,-4.107825191113079e-15,0,5.2304729982009064e-05,747.0868199393578,highs_pfba
b0932,,2,4,0.6947359182109591,0.6947359182109633,-4.107825191113079e-15,0,5.230472998450457e-05,747.0868199393583,highs_pfba
b0237,,3,8,0.6947359182109591,0.694735918210963,-3.885780586188048e-15,0,5.240073837997426e-05,747.0868199393549,highs_pfba
b4260,,2,4,0.6947359182109591,0.6947359182109633,-4.107825191113079e-15,0,5.230472998450457e-05,747.0868199393583,highs_pfba
b2523,,2,4,0.6947359182109591,0.6947359182109633,-4.107825191113079e-15,0,5.230472998450457e-05,747.0868199393583,highs_pfba
b1640,,1,4,0.6947359182109591,0.694735918210962,-2.886579864025407e-15,0,5.230472998200897e-05,747.0868199393599,highs_pfba
b1263,,2,443,0.6947359182109591,-0.0,0.6947359182109591,1,6862.838355906808,265.53191489361757,highs_pfba
b1264,,1,443,0.6947359182109591,-0.0,0.6947359182109591,1,6862.838355906808,265.53191489361757,highs_pfba
b0776,,1,443,0.6947359182109591,-0.0,0.6947359182109591,1,6862.838355906781,265.531914893617,highs_pfba
b0049,,3,4,0.6947359182109591,0.6947359182109633,-4.107825191113079e-15,0,5.2304729982009064e-05,747.0868199393527,highs_pfba
b4129,,2,4,0.6947359182109591,0.6947359182109633,-4.107825191113079e-15,0,5.2304729982009064e-05,747.0868199393527,highs_pfba
b0121,,2,4,0.6947359182109591,0.6947359182109591,0.0,0,9.600839794566769e-08,747.0868199393532,highs_pfba
b3059,,7,4,0.6947359182109591,0.6947359182109633,-4.107825191113079e-15,0,9.600839796686366e-08,747.0868199393551,highs_pfba
b0968,,7,8,0.6947359182109591,0.6947359182109591,0.0,0,5.240073838080047e-05,747.0868199393542,highs_pfba
b0414,,2,443,0.6947359182109591,-0.0,0.6947359182109591,1,6862.838355906779,265.5319148936171,highs_pfba
b0062,,1,8,0.6947359182109591,0.6947359182109591,0.0,0,5.2400738379950295e-05,747.0868199393523,highs_pfba
b0153,,5,4,0.6947359182109591,0.6947359182109591,0.0,0,9.600839795681345e-08,747.0868199393551,highs_pfba
b0151,,5,4,0.6947359182109591,0.6947359182109591,0.0,0,9.600839795681345e-08,747.0868199393551,highs_pfba
b0152,,5,4,0.6947359182109591,0.6947359182109591,0.0,0,9.600839795681345e-08,747.0868199393551,highs_pfba
b2715,,1,0,0.6947359182109591,0.6947359182109591,0.0,0,0.0,747.0868199393523,highs_pfba
b3722,,1,0,0.6947359182109591,0.6947359182109591,0.0,0,0.0,747.0868199393523,highs_pfba
b1900,,1,4,0.6947359182109591,0.6947359182109634,-4.218847493575595e-15,0,5.230472998200908e-05,747.0868199393547,highs_pfba
b4460,,1,4,0.6947359182109591,0.6947359182109634,-4.218847493575595e-15,0,5.230472998200908e-05,747.0868199393547,highs_pfba
b1901,,1,4,0.6947359182109591,0.6947359182109634,-4.218847493575595e-15,0,5.230472998200908e-05,747.0868199393547,highs_pfba
b2841,,1,4,0.6947359182109591,0.6947359182109615,-2.3314683517128287e-15,0,5.230472998200893e-05,747.0868199393542,highs_pfba
b1528,,3,8,0.6947359182109591,0.6947359182109591,0.0,0,5.240073837996557e-05,747.0868199393553,highs_pfba
b4115,,1,4,0.6947359182109591,0.6947359182109633,-4.107825191113079e-15,0,9.600839797979827e-08,747.0868199393578,highs_pfba
b4117,,1,0,0.6947359182109591,0.6947359182109633,-4.107825191113079e-15,0,0.0,747.0868199393519,highs_pfba
b2938,,1,0,0.6947359182109591,0.6947359182109679,-8.770761894538737e-15,0,0.0,747.086819939359,highs_pfba
b1605,,1,4,0.6947359182109591,0.6947359182109633,-4.107825191113079e-15,0,5.2304729982009064e-05,747.0868199393553,highs_pfba
b3960,,1,443,0.6947359182109591,-0.0,0.6947359182109591,1,6862.83835590678,265.531914893617,highs_pfba
b3172,,1,443,0.6947359182109591,-0.0,0.6947359182109591,1,6862.838355906779,265.53191489361706,highs_pfba
b1876,,1,0,0.6947359182109591,0.6947359182109591,0.0,0,0.0,747.0868199393523,highs_pfba
b2310,,3,0,0.6947359182109591,0.6947359182109615,-2.3314683517128287e-15,0,0.0,747.0868199393535,highs_pfba
b0863,,1,4,0.6947359182109591,0.6947359182109633,-4.107825191113079e-15,0,5.2304729982009064e-05,747.0868199393556,highs_pfba
b0860,,1,4,0.6947359182109591,0.6947359182109633,-4.107825191113079e-15,0,5.2304729982009064e-05,747.0868199393556,highs_pfba
b2307,,4,8,0.6947359182109591,0.6947359182109633,-4.107825191113079e-15,0,5.2400738379988865e-05,747.0868199393578,highs_pfba
b2308,,4,8,0.6947359182109591,0.6947359182109633,-4.107825191113079e-15,0,5.2400738379988865e-05,747.0868199393578,highs_pfba
b0862,,1,4,0.6947359182109591,0.6947359182109633,-4.107825191113079e-15,0,5.2304729982009064e-05,747.0868199393556,highs_pfba
b2306,,4,8,0.6947359182109591,0.6947359182109633,-4.107825191113079e-15,0,5.2400738379988865e-05,747.0868199393578,highs_pfba
b0864,,1,4,0.6947359182109591,0.6947359182109633,-4.107825191113079e-15,0,5.2304729982009064e-05,747.0868199393556,highs_pfba
b0861,,1,4,0.6947359182109591,0.6947359182109633,-4.107825191113079e-15,0,5.2304729982009064e-05,747.0868199393556,highs_pfba
b2923,,2,8,0.6947359182109591,0.6947359182109635,-4.3298697960381105e-15,0,5.240073837997787e-05,747.086819939355,highs_pfba
b3433,,1,443,0.6947359182109591,-0.0,0.6947359182109591,1,6862.838355906774,265.5319148936172,highs_pfba
b4192,,1,0,0.6947359182109591,0.6947359182109591,0.0,0,0.0,747.0868199393523,highs_pfba
b4194,,1,0,0.6947359182109591,0.6947359182109591,0.0,0,0.0,747.0868199393523,highs_pfba
b4193,,1,0,0.6947359182109591,0.6947359182109591,0.0,0,0.0,747.0868199393523,highs_pfba
b4195,,1,0,0.6947359182109591,0.6947359182109591,0.0,0,0.0,747.0868199393523,highs_pfba
b1767,,1,4,0.6947359182109591,0.6947359182109633,-4.107825191113079e-15,0,5.2304729982009064e-05,747.0868199393578,highs_pfba
b0828,,1,4,0.6947359182109591,0.6947359182109633,-4.107825191113079e-15,0,5.2304729982009064e-05,747.0868199393578,highs_pfba
b2957,,2,4,0.6947359182109591,0.6947359182109633,-4.107825191113079e-15,0,5.2304729982009064e-05,747.0868199393549,highs_pfba
b0674,,1,4,0.6947359182109591,0.6947359182109633,-4.107825191113079e-15,0,5.2304729982009064e-05,747.0868199393553,highs_pfba
b3744,,1,340,0.6947359182109591,0.693077783409227,0.0016581348017321584,0,0.10101787091276075,747.0937728622101,highs_pfba
b0930,,1,0,0.6947359182109591,0.6947359182109591,0.0,0,0.0,747.0868199393523,highs_pfba
b1453,,1,4,0.6947359182109591,0.6947359182109633,-4.107825191113079e-15,0,5.2304729982009064e-05,747.0868199393577,highs_pfba
b3502,,1,0,0.6947359182109591,0.6947359182109591,0.0,0,0.0,747.0868199393523,highs_pfba
b0131,,1,443,0.6947359182109591,-0.0,0.6947359182109591,1,6862.838355906781,265.531914893617,highs_pfba
b4245,,1,443,0.6947359182109591,-0.0,0.6947359182109591,1,6862.838355906776,265.5319148936171,highs_pfba
b4244,,1,443,0.6947359182109591,-0.0,0.6947359182109591,1,6862.838355906776,265.5319148936171,highs_pfba
b0002,,2,443,0.6947359182109591,-0.0,0.6947359182109591,1,6862.838355906779,265.531914893617,highs_pfba
b4024,,1,443,0.6947359182109591,-0.0,0.6947359182109591,1,6862.838355906769,265.53191489361734,highs_pfba
b3940,,2,443,0.6947359182109591,-0.0,0.6947359182109591,1,6862.838355906779,265.531914893617,highs_pfba
b2574,,4,443,0.6947359182109591,-0.0,0.6947359182109591,1,6862.8383559067815,265.531914893617,highs_pfba
b4139,,1,4,0.6947359182109591,0.6947359182109633,-4.107825191113079e-15,0,5.2304729982009064e-05,747.0868199393528,highs_pfba
b0928,,3,443,0.6947359182109591,-0.0,0.6947359182109591,1,6862.838355906777,265.5319148936171,highs_pfba
b1866,,1,0,0.6947359182109591,0.6947359182109591,0.0,0,0.0,747.0868199393523,highs_pfba
b0654,,2,4,0.6947359182109591,0.6947359182109591,0.0,0,9.600839794030123e-08,747.086819939352,highs_pfba
b0655,,2,4,0.6947359182109591,0.6947359182109591,0.0,0,9.600839794030123e-08,747.086819939352,highs_pfba
b0652,,2,4,0.6947359182109591,0.6947359182109591,0.0,0,9.600839794030123e-08,747.086819939352,highs_pfba
b0653,,2,4,0.6947359182109591,0.6947359182109591,0.0,0,9.600839794030123e-08,747.086819939352,highs_pfba
b3528,,6,4,0.6947359182109591,0.6947359182109634,-4.218847493575595e-15,0,9.600839798392645e-08,747.0868199393582,highs_pfba
b4123,,9,4,0.6947359182109591,0.6947359182109634,-4.218847493575595e-15,0,9.600839795750685e-08,747.086819939353,highs_pfba
b4138,,7,4,0.6947359182109591,0.6947359182109634,-4.218847493575595e-15,0,9.600839795750685e-08,747.086819939353,highs_pfba
b4077,,2,4,0.6947359182109591,0.6947359182109634,-4.218847493575595e-15,0,9.600839798255044e-08,747.0868199393581,highs_pfba
b3503,,1,0,0.6947359182109591,0.6947359182109591,0.0,0,0.0,747.0868199393523,highs_pfba
b1064,,7,8,0.6947359182109591,0.6947359182109633,-4.107825191113079e-15,0,5.240073838140064e-05,747.0868199393555,highs_pfba
b1747,,1,8,0.6947359182109591,0.6947359182109633,-4.107825191113079e-15,0,5.2400738379964234e-05,747.0868199393525,highs_pfba
b1539,,4,4,0.6947359182109591,0.6947359182109634,-4.218847493575595e-15,0,9.6008397980624e-08,747.0868199393578,highs_pfba
b2019,,1,443,0.6947359182109591,-0.0,0.6947359182109591,1,6862.8383559067715,265.53191489361734,highs_pfba
b3738,,1,447,0.6947359182109591,-3.623808844794443e-14,0.6947359182109953,1,19140.129247622674,523.3333333333333,highs_pfba
b3733,,1,447,0.6947359182109591,-3.623808844794443e-14,0.6947359182109953,1,19140.129247622674,523.3333333333333,highs_pfba
b3732,,1,447,0.6947359182109591,-3.623808844794443e-14,0.6947359182109953,1,19140.129247622674,523.3333333333333,highs_pfba
b3739,,1,447,0.6947359182109591,-3.623808844794443e-14,0.6947359182109953,1,19140.129247622674,523.3333333333333,highs_pfba
b3736,,1,447,0.6947359182109591,-3.623808844794443e-14,0.6947359182109953,1,19140.129247622674,523.3333333333333,highs_pfba
b3737,,1,447,0.6947359182109591,-3.623808844794443e-14,0.6947359182109953,1,19140.129247622674,523.3333333333333,highs_pfba
b3734,,1,447,0.6947359182109591,-3.623808844794443e-14,0.6947359182109953,1,19140.129247622674,523.3333333333333,highs_pfba
b3735,,1,447,0.6947359182109591,-3.623808844794443e-14,0.6947359182109953,1,19140.129247622674,523.3333333333333,highs_pfba
b3731,,1,447,0.6947359182109591,-3.623808844794443e-14,0.6947359182109953,1,19140.129247622674,523.3333333333333,highs_pfba
b0312,,2,0,0.6947359182109591,0.6947359182109591,0.0,0,0.0,747.0868199393507,highs_pfba
b0827,,4,443,0.6947359182109591,-0.0,0.6947359182109591,1,6862.838355906781,265.53191489361694,highs_pfba
b3857,,5,443,0.6947359182109591,-0.0,0.6947359182109591,1,6862.838355906781,265.531914893617,highs_pfba
b3856,,5,443,0.6947359182109591,-0.0,0.6947359182109591,1,6862.838355906781,265.531914893617,highs_pfba
b4214,,1,443,0.6947359182109591,-0.0,0.6947359182109591,1,6862.838355906779,265.53191489361706,highs_pfba
b3551,,3,4,0.6947359182109591,0.6947359182109591,0.0,0,5.230472998200875e-05,747.0868199393522,highs_pfba
b0775,,1,443,0.6947359182109591,-0.0,0.6947359182109591,1,6862.838355906781,265.531914893617,highs_pfba
b0934,,5,0,0.6947359182109591,0.6947359182109591,0.0,0,0.0,747.0868199393523,highs_pfba
b0367,,3,0,0.6947359182109591,0.6947359182109591,0.0,0,0.0,747.0868199393523,highs_pfba
b0933,,5,0,0.6947359182109591,0.6947359182109591,0.0,0,0.0,747.0868199393523,highs_pfba
b0936,,5,0,0.6947359182109591,0.6947359182109591,0.0,0,0.0,747.0868199393523,highs_pfba
b0365,,3,0,0.6947359182109591,0.6947359182109591,0.0,0,0.0,747.0868199393523,highs_pfba
b0366,,3,0,0.6947359182109591,0.6947359182109591,0.0,0,0.0,747.0868199393523,highs_pfba
b1216,,3,4,0.6947359182109591,0.6947359182109634,-4.218847493575595e-15,0,9.600839798172482e-08,747.0868199393583,highs_pfba
b4132,,1,4,0.6947359182109591,0.6947359182109633,-4.107825191113079e-15,0,5.2304729982009064e-05,747.0868199393537,highs_pfba
b3942,,1,0,0.6947359182109591,0.6947359182109591,0.0,0,0.0,747.0868199393523,highs_pfba
b1732,,1,0,0.6947359182109591,0.6947359182109591,0.0,0,0.0,747.0868199393523,highs_pfba
b3196,,1,443,0.6947359182109591,-0.0,0.6947359182109591,1,6862.838355906786,265.53191489361706,highs_pfba
b1270,,2,0,0.6947359182109591,0.6947359182109591,0.0,0,0.0,747.0868199393523,highs_pfba
b2874,,1,415,0.6947359182109591,0.6862012897716905,0.008534628439268666,0,1.2064576505539917,747.1226075080451,highs_pfba
b0521,,1,415,0.6947359182109591,0.6862012897716905,0.008534628439268666,0,1.2064576505539917,747.1226075080451,highs_pfba
b0323,,1,415,0.6947359182109591,0.6862012897716905,0.008534628439268666,0,1.2064576505539917,747.1226075080451,highs_pfba
b0033,,1,4,0.6947359182109591,0.6947359182109633,-4.107825191113079e-15,0,5.2304729982009064e-05,747.0868199393528,highs_pfba
b0032,,1,4,0.6947359182109591,0.6947359182109633,-4.107825191113079e-15,0,5.2304729982009064e-05,747.0868199393528,highs_pfba
b0444,,1,0,0.6947359182109591,0.6947359182109591,0.0,0,0.0,747.0868199393523,highs_pfba
b3469,,6,8,0.6947359182109591,0.6947359182109634,-4.218847493575595e-15,0,5.240073837999094e-05,747.0868199393585,highs_pfba
b3915,,7,8,0.6947359182109591,0.6947359182109634,-4.218847493575595e-15,0,5.240073838226681e-05,747.0868199393578,highs_pfba
b0752,,5,4,0.6947359182109591,0.6947359182109634,-4.218847493575595e-15,0,9.600839798172482e-08,747.0868199393581,highs_pfba
b3040,,6,443,0.6947359182109591,-0.0,0.6947359182109591,1,6862.838355906777,265.53191489361717,highs_pfba
b3918,,7,0,0.6947359182109591,0.6947359182109633,-4.107825191113079e-15,0,0.0,747.0868199393528,highs_pfba
b2794,,1,0,0.6947359182109591,0.6947359182109591,0.0,0,0.0,747.0868199393523,highs_pfba
b1208,,1,443,0.6947359182109591,-0.0,0.6947359182109591,1,6862.838355906776,265.5319148936171,highs_pfba
b1661,,4,0,0.6947359182109591,0.6947359182109591,0.0,0,0.0,747.0868199393523,highs_pfba
b2129,,2,4,0.6947359182109591,0.6947359182109591,0.0,0,9.600839794731893e-08,747.0868199393532,highs_pfba
b2128,,2,4,0.6947359182109591,0.6947359182109591,0.0,0,9.600839794731893e-08,747.0868199393532,highs_pfba
b2131,,2,4,0.6947359182109591,0.6947359182109591,0.0,0,9.600839794731893e-08,747.0868199393532,highs_pfba
b2130,,2,4,0.6947359182109591,0.6947359182109591,0.0,0,9.600839794731893e-08,747.0868199393532,highs_pfba
b1801,,3,8,0.6947359182109591,0.6947359182109591,0.0,0,5.240073837995346e-05,747.0868199393522,highs_pfba
b0314,,1,4,0.6947359182109591,0.6947359182109591,0.0,0,5.230472998200875e-05,747.0868199393506,highs_pfba
b0311,,1,0,0.6947359182109591,0.6947359182109591,0.0,0,0.0,747.0868199393523,highs_pfba
b2600,,2,443,0.6947359182109591,-0.0,0.6947359182109591,1,6862.838355906795,265.5319148936171,highs_pfba
b2599,,2,443,0.6947359182109591,-0.0,0.6947359182109591,1,6862.8383559067815,265.53191489361694,highs_pfba
b2329,,1,443,0.6947359182109591,-0.0,0.6947359182109591,1,6862.838355906779,265.5319148936171,highs_pfba
b4039,,1,443,0.6947359182109591,-0.0,0.6947359182109591,1,6862.838355906782,265.5319148936169,highs_pfba
b2542,,2,0,0.6947359182109591,0.6947359182109591,0.0,0,0.0,747.0868199393523,highs_pfba
b2540,,2,0,0.6947359182109591,0.6947359182109591,0.0,0,0.0,747.0868199393523,highs_pfba
b2538,,2,0,0.6947359182109591,0.6947359182109591,0.0,0,0.0,747.0868199393523,highs_pfba
b2539,,2,0,0.6947359182109591,0.6947359182109591,0.0,0,0.0,747.0868199393523,highs_pfba
b0617,,1,4,0.6947359182109591,0.6947359182109633,-4.107825191113079e-15,0,5.2304729982009064e-05,747.0868199393555,highs_pfba
b0614,,1,4,0.6947359182109591,0.6947359182109633,-4.107825191113079e-15,0,5.2304729982009064e-05,747.0868199393555,highs_pfba
b0616,,1,4,0.6947359182109591,0.6947359182109633,-4.107825191113079e-15,0,5.2304729982009064e-05,747.0868199393555,highs_pfba
b0615,,1,4,0.6947359182109591,0.6947359182109633,-4.107825191113079e-15,0,5.2304729982009064e-05,747.0868199393555,highs_pfba
b0612,,1,8,0.6947359182109591,0.6947359182109633,-4.107825191113079e-15,0,5.2400738379977854e-05,747.0868199393553,highs_pfba
b0789,,7,4,0.6947359182109591,0.6947359182109633,-4.107825191113079e-15,0,5.230472998200906e-05,747.0868199393581,highs_pfba
b1249,,7,4,0.6947359182109591,0.6947359182109633,-4.107825191113079e-15,0,5.230472998200906e-05,747.0868199393581,highs_pfba
b0155,,1,443,0.6947359182109591,-0.0,0.6947359182109591,1,6862.838355906781,265.531914893617,highs_pfba
b1592,,1,443,0.6947359182109591,-0.0,0.6947359182109591,1,6862.838355906781,265.531914893617,highs_pfba
b3035,,9,8,0.6947359182109591,0.6947359182109591,0.0,0,5.2400738380091566e-05,747.0868199393526,highs_pfba
b2470,,7,8,0.6947359182109591,0.6947359182109591,0.0,0,5.2400738379956624e-05,747.0868199393535,highs_pfba
b0463,,7,8,0.6947359182109591,0.6947359182109591,0.0,0,5.2400738379956624e-05,747.0868199393535,highs_pfba
b0462,,7,8,0.6947359182109591,0.6947359182109591,0.0,0,5.2400738379956624e-05,747.0868199393535,highs_pfba
b3816,,3,443,0.6947359182109591,-0.0,0.6947359182109591,1,6862.838355906774,265.53191489361717,highs_pfba
b2174,,1,4,0.6947359182109591,0.6947359182109633,-4.107825191113079e-15,0,5.2304729982009064e-05,747.0868199393557,highs_pfba
b0914,,32,443,0.6947359182109591,-0.0,0.6947359182109591,1,6862.8383559067815,265.53191489361694,highs_pfba
b1102,,1,8,0.6947359182109591,0.6947359182109615,-2.3314683517128287e-15,0,5.240073837997799e-05,747.0868199393564,highs_pfba
b2765,,1,0,0.6947359182109591,0.6947359182109591,0.0,0,0.0,747.0868199393523,highs_pfba
b0783,,1,443,0.6947359182109591,-0.0,0.6947359182109591,1,6862.83835590677,265.53191489361734,highs_pfba
b0781,,1,443,0.6947359182109591,-0.0,0.6947359182109591,1,6862.83835590677,265.53191489361734,highs_pfba
b2436,,1,246,0.6947359182109591,0.6947201580611422,1.576014981696794e-05,0,5.8400185624231775e-05,747.083214359611,highs_pfba
b3867,,1,8,0.6947359182109591,0.6947359182109633,-4.107825191113079e-15,0,5.240073837997785e-05,747.0868199393555,highs_pfba
b0038,,2,4,0.6947359182109591,0.6947359182109591,0.0,0,5.230472998200875e-05,747.0868199393542,highs_pfba
b0037,,3,4,0.6947359182109591,0.6947359182109591,0.0,0,9.600839794511728e-08,747.0868199393528,highs_pfba
b0036,,2,8,0.6947359182109591,0.6947359182109591,0.0,0,5.240073837994919e-05,747.0868199393503,highs_pfba
b2679,,4,8,0.6947359182109591,0.6947359182109633,-4.107825191113079e-15,0,5.240073837997785e-05,747.0868199393555,highs_pfba
b2677,,4,8,0.6947359182109591,0.6947359182109633,-4.107825191113079e-15,0,5.240073837997785e-05,747.0868199393555,highs_pfba
b2678,,4,8,0.6947359182109591,0.6947359182109633,-4.107825191113079e-15,0,5.240073837997785e-05,747.0868199393555,highs_pfba
b4111,,5,8,0.6947359182109591,0.6947359182109591,0.0,0,5.240073837995291e-05,747.0868199393524,highs_pfba
b0040,,2,4,0.6947359182109591,0.6947359182109591,0.0,0,5.230472998200875e-05,747.0868199393519,highs_pfba
b0720,,1,442,0.6947359182109591,-0.0,0.6947359182109591,1,8038.508406733671,272.72727272727275,highs_pfba
b0337,,1,4,0.6947359182109591,0.6947359182109615,-2.3314683517128287e-15,0,5.230472998200893e-05,747.0868199393561,highs_pfba
b0336,,1,0,0.6947359182109591,0.6947359182109591,0.0,0,0.0,747.0868199393523,highs_pfba
b3846,,19,454,0.6947359182109591,0.6774987768183021,0.017237141392657085,0,20.933976037293807,746.3794583929092,highs_pfba
b2780,,1,443,0.6947359182109591,-0.0,0.6947359182109591,1,6862.838355906775,265.5319148936171,highs_pfba
b0123,,2,4,0.6947359182109591,0.6947359182109591,0.0,0,5.230472998200875e-05,747.086819939355,highs_pfba
b0484,,1,0,0.6947359182109591,0.6947359182109591,0.0,0,0.0,747.0868199393523,highs_pfba
b3425,,1,0,0.6947359182109591,0.6947359182109591,0.0,0,0.0,747.0868199393523,highs_pfba
b1308,,1,0,0.6947359182109591,0.6947359182109591,0.0,0,0.0,747.0868199393523,highs_pfba
b0340,,1,0,0.6947359182109591,0.6947359182109591,0.0,0,0.0,747.0868199393523,highs_pfba
b0341,,1,0,0.6947359182109591,0.6947359182109591,0.0,0,0.0,747.0868199393523,highs_pfba
b1919,,1,0,0.6947359182109591,0.6947359182109591,0.0,0,0.0,747.0868199393523,highs_pfba
b3008,,2,443,0.6947359182109591,-0.0,0.6947359182109591,1,6862.8383559067815,265.53191489361694,highs_pfba
b3708,,3,314,0.6947359182109591,0.6942463397361804,0.0004895784747787069,0,0.024883095013236135,747.0454635001074,highs_pfba
b2414,,1,443,0.6947359182109591,-0.0,0.6947359182109591,1,6862.838355906775,265.5319148936174,highs_pfba
b2421,,1,443,0.6947359182109591,-0.0,0.6947359182109591,1,6862.838355906775,265.5319148936174,highs_pfba
b2810,,1,0,0.6947359182109591,0.6947359182109591,0.0,0,0.0,747.0868199393523,highs_pfba
b1622,,1,443,0.6947359182109591,-0.0,0.6947359182109591,1,6862.83835590673,265.5319148936191,highs_pfba
b0526,,1,0,0.6947359182109591,0.6947359182109591,0.0,0,0.0,747.0868199393523,highs_pfba
b0886,,2,8,0.6947359182109591,0.6947359182109633,-4.107825191113079e-15,0,5.2400738379977576e-05,747.0868199393556,highs_pfba
b0887,,2,8,0.6947359182109591,0.6947359182109633,-4.107825191113079e-15,0,5.2400738379977576e-05,747.0868199393556,highs_pfba
b0978,,2,4,0.6947359182109591,0.6947359182109615,-2.3314683517128287e-15,0,9.600839797043904e-08,747.086819939357,highs_pfba
b0979,,2,4,0.6947359182109591,0.6947359182109615,-2.3314683517128287e-15,0,9.600839797043904e-08,747.086819939357,highs_pfba
b0734,,1,4,0.6947359182109591,0.6947359182109633,-4.107825191113079e-15,0,5.2304729982009064e-05,747.0868199393553,highs_pfba
b0733,,1,4,0.6947359182109591,0.6947359182109633,-4.107825191113079e-15,0,5.2304729982009064e-05,747.0868199393553,highs_pfba
b0432,,1,423,0.6947359182109591,0.49626081741575745,0.1984751007952017,0,6285.527504825492,707.9232763655262,highs_pfba
b0430,,1,423,0.6947359182109591,0.49626081741575745,0.1984751007952017,0,6285.527504825492,707.9232763655262,highs_pfba
b0429,,1,423,0.6947359182109591,0.49626081741575745,0.1984751007952017,0,6285.527504825492,707.9232763655262,highs_pfba
b0431,,1,423,0.6947359182109591,0.49626081741575745,0.1984751007952017,0,6285.527504825492,707.9232763655262,highs_pfba
b2143,,2,8,0.6947359182109591,0.6947359182109615,-2.3314683517128287e-15,0,5.2400738379970014e-05,747.0868199393548,highs_pfba
b0651,,2,8,0.6947359182109591,0.6947359182109615,-2.3314683517128287e-15,0,5.240073837998405e-05,747.0868199393576,highs_pfba
b2162,,2,8,0.6947359182109591,0.6947359182109615,-2.3314683517128287e-15,0,5.240073837998405e-05,747.0868199393576,highs_pfba
b2066,,2,8,0.6947359182109591,0.6947359182109591,0.0,0,5.2400738379954144e-05,747.0868199393535,highs_pfba
b0910,,3,443,0.6947359182109591,-0.0,0.6947359182109591,1,6862.838355906773,265.5319148936172,highs_pfba
b2975,,3,8,0.6947359182109591,0.6947359182109633,-4.107825191113079e-15,0,5.2400738379977854e-05,747.0868199393555,highs_pfba
b3603,,3,8,0.6947359182109591,0.6947359182109633,-4.107825191113079e-15,0,5.2400738379977854e-05,747.0868199393555,highs_pfba
b1189,,1,4,0.6947359182109591,0.6947359182109633,-4.107825191113079e-15,0,5.2304729982009064e-05,747.0868199393553,highs_pfba
b4042,,7,8,0.6947359182109591,0.6947359182109633,-4.107825191113079e-15,0,5.2400738381393944e-05,747.0868199393555,highs_pfba
b2871,,1,0,0.6947359182109591,0.6947359182109591,0.0,0,0.0,747.0868199393523,highs_pfba
b2838,,1,443,0.6947359182109591,-0.0,0.6947359182109591,1,6862.838355906779,265.53191489361706,highs_pfba
b3809,,1,443,0.6947359182109591,-0.0,0.6947359182109591,1,6862.838355906781,265.531914893617,highs_pfba
b0175,,7,443,0.6947359182109591,-0.0,0.6947359182109591,1,6862.838355906757,265.5319148936177,highs_pfba
b3041,,1,443,0.6947359182109591,-0.0,0.6947359182109591,1,6862.838355906779,265.5319148936171,highs_pfba
b0778,,1,443,0.6947359182109591,-0.0,0.6947359182109591,1,6862.838355906781,265.531914893617,highs_pfba
b1734,,1,0,0.6947359182109591,0.6947359182109591,0.0,0,0.0,747.0868199393523,highs_pfba
b2065,,1,4,0.6947359182109591,0.6947359182109633,-4.107825191113079e-15,0,5.2304729982009064e-05,747.0868199393528,highs_pfba
b2344,,7,4,0.6947359182109591,0.6947359182109591,0.0,0,9.600839794566769e-08,747.0868199393527,highs_pfba
b3693,,1,0,0.6947359182109591,0.6947359182109591,0.0,0,0.0,747.0868199393523,highs_pfba
b3909,,2,4,0.6947359182109591,0.6947359182109591,0.0,0,9.600839794566769e-08,747.0868199393527,highs_pfba
b3526,,1,8,0.6947359182109591,0.6947359182109591,0.0,0,5.240073837994341e-05,747.0868199393506,highs_pfba
b1704,,1,443,0.6947359182109591,-0.0,0.6947359182109591,1,6862.838355906786,265.531914893617,highs_pfba
b2601,,1,443,0.6947359182109591,-0.0,0.6947359182109591,1,6862.838355906786,265.531914893617,highs_pfba
b0754,,1,443,0.6947359182109591,-0.0,0.6947359182109591,1,6862.838355906786,265.531914893617,highs_pfba
b4477,,1,0,0.6947359182109591,0.6947359182109591,0.0,0,0.0,747.0868199393523,highs_pfba
b3648,,2,443,0.6947359182109591,-0.0,0.6947359182109591,1,6862.838355906724,265.53191489361836,highs_pfba
b1393,,1,0,0.6947359182109591,0.6947359182109591,0.0,0,0.0,747.0868199393531,highs_pfba
b3771,,2,443,0.6947359182109591,-0.0,0.6947359182109591,1,6862.838355906793,265.531914893617,highs_pfba
b1198,,1,9,0.6947359182109591,0.6947359182109634,-4.218847493575595e-15,0,68.86462943518387,750.7980078120058,highs_pfba
b1199,,1,9,0.6947359182109591,0.6947359182109634,-4.218847493575595e-15,0,68.86462943518387,750.7980078120058,highs_pfba
b1200,,1,9,0.6947359182109591,0.6947359182109634,-4.218847493575595e-15,0,68.86462943518387,750.7980078120058,highs_pfba
b0596,,1,8,0.6947359182109591,0.6947359182109633,-4.107825191113079e-15,0,5.240073837998968e-05,747.0868199393578,highs_pfba
b0594,,1,8,0.6947359182109591,0.6947359182109633,-4.107825191113079e-15,0,5.24007383799784e-05,747.0868199393558,highs_pfba
b2541,,2,0,0.6947359182109591,0.6947359182109591,0.0,0,0.0,747.0868199393523,highs_pfba
b0348,,2,0,0.6947359182109591,0.6947359182109591,0.0,0,0.0,747.0868199393523,highs_pfba
b0031,,1,443,0.6947359182109591,-0.0,0.6947359182109591,1,6862.838355906781,265.531914893617,highs_pfba
b2478,,1,443,0.6947359182109591,-0.0,0.6947359182109591,1,6862.838355906776,265.53191489361717,highs_pfba
b0048,,1,443,0.6947359182109591,-0.0,0.6947359182109591,1,6862.838355906781,265.5319148936171,highs_pfba
b1606,,2,443,0.6947359182109591,-0.0,0.6947359182109591,1,6862.838355906781,265.5319148936171,highs_pfba
b2315,,1,443,0.6947359182109591,-0.0,0.6947359182109591,1,6862.8383559067815,265.531914893617,highs_pfba
b3930,,1,4,0.6947359182109591,0.6947359182109634,-4.218847493575595e-15,0,9.600839798771051e-08,747.0868199393592,highs_pfba
b2262,,1,4,0.6947359182109591,0.6947359182109634,-4.218847493575595e-15,0,9.600839798771051e-08,747.0868199393592,highs_pfba
b0736,,1,4,0.6947359182109591,0.6947359182109634,-4.218847493575595e-15,0,9.600839798771051e-08,747.0868199393592,highs_pfba
b3058,,2,443,0.6947359182109591,-0.0,0.6947359182109591,1,6862.838355906778,265.5319148936171,highs_pfba
b0945,,2,7,0.6947359182109591,0.6947359182109633,-4.107825191113079e-15,0,0.15844513042606367,747.3166351074171,highs_pfba
b1062,,1,443,0.6947359182109591,-0.0,0.6947359182109591,1,6862.838355906776,265.5319148936171,highs_pfba
b3177,,1,443,0.6947359182109591,-0.0,0.6947359182109591,1,6862.8383559067815,265.531914893617,highs_pfba
b0578,,2,0,0.6947359182109591,0.6947359182109591,0.0,0,0.0,747.0868199393523,highs_pfba
b2303,,1,0,0.6947359182109591,0.6947359182109591,0.0,0,0.0,747.0868199393523,highs_pfba
b3389,,1,443,0.6947359182109591,-0.0,0.6947359182109591,1,6862.838355906786,265.531914893617,highs_pfba
b1693,,1,443,0.6947359182109591,-0.0,0.6947359182109591,1,6862.838355906781,265.53191489361694,highs_pfba
b0421,,2,443,0.6947359182109591,-0.0,0.6947359182109591,1,6862.838355906776,265.53191489361706,highs_pfba
b0029,,2,443,0.6947359182109591,-0.0,0.6947359182109591,1,6862.8383559067815,265.53191489361694,highs_pfba
b2232,,2,0,0.6947359182109591,0.6947359182109633,-4.107825191113079e-15,0,0.0,747.0868199393526,highs_pfba
b1588,,3,0,0.6947359182109591,0.6947359182109591,0.0,0,0.0,747.0868199393523,highs_pfba
b0895,,4,0,0.6947359182109591,0.6947359182109591,0.0,0,0.0,747.0868199393523,highs_pfba
b1587,,3,0,0.6947359182109591,0.6947359182109591,0.0,0,0.0,747.0868199393523,highs_pfba
b0894,,4,0,0.6947359182109591,0.6947359182109591,0.0,0,0.0,747.0868199393523,highs_pfba
b1590,,3,0,0.6947359182109591,0.6947359182109591,0.0,0,0.0,747.0868199393523,highs_pfba
b0896,,4,0,0.6947359182109591,0.6947359182109591,0.0,0,0.0,747.0868199393523,highs_pfba
b1589,,3,0,0.6947359182109591,0.6947359182109591,0.0,0,0.0,747.0868199393523,highs_pfba
b1872,,4,4,0.6947359182109591,0.6947359182109591,0.0,0,9.60083979452549e-08,747.0868199393524,highs_pfba
b1873,,4,4,0.6947359182109591,0.6947359182109591,0.0,0,9.60083979452549e-08,747.0868199393524,highs_pfba
b0099,,3,443,0.6947359182109591,-0.0,0.6947359182109591,1,6862.838355906773,265.53191489361717,highs_pfba
b1865,,2,443,0.6947359182109591,-0.0,0.6947359182109591,1,6862.838355906781,265.531914893617,highs_pfba
b3575,,1,0,0.6947359182109591,0.6947359182109591,0.0,0,0.0,747.0868199393523,highs_pfba
b0103,,1,443,0.6947359182109591,-0.0,0.6947359182109591,1,6862.838355906781,265.531914893617,highs_pfba
b3774,,3,443,0.6947359182109591,-0.0,0.6947359182109591,1,6862.838355906781,265.531914893617,highs_pfba
b0425,,1,443,0.6947359182109591,-0.0,0.6947359182109591,1,6862.838355906781,265.531914893617,highs_pfba
b4381,,1,8,0.6947359182109591,0.6947359182109633,-4.107825191113079e-15,0,5.240073837997813e-05,747.0868199393555,highs_pfba
b1185,,2,0,0.6947359182109591,0.6947359182109591,0.0,0,0.0,747.0868199393523,highs_pfba
b3860,,2,0,0.6947359182109591,0.6947359182109591,0.0,0,0.0,747.0868199393523,highs_pfba
b2893,,2,0,0.6947359182109591,0.6947359182109591,0.0,0,0.0,747.0868199393523,highs_pfba
b2582,,10,13,0.6947359182109591,0.6947359182109591,0.0,0,0.14832621226949938,747.2590255208719,highs_pfba
b4136,,3,0,0.6947359182109591,0.6947359182109591,0.0,0,0.0,747.0868199393523,highs_pfba
b3781,,10,13,0.6947359182109591,0.6947359182109591,0.0,0,0.14832621226949938,747.2590255208719,highs_pfba
b0604,,2,0,0.6947359182109591,0.6947359182109591,0.0,0,0.0,747.0868199393523,highs_pfba
b4122,,2,445,0.6947359182109591,0.6296223131851497,0.06511360502580943,0,1297.238284250974,751.00058570615,highs_pfba
b1098,,1,443,0.6947359182109591,-0.0,0.6947359182109591,1,6862.838355906777,265.5319148936171,highs_pfba
b2146,,1,0,0.6947359182109591,0.6947359182109591,0.0,0,0.0,747.0868199393523,highs_pfba
b2147,,1,0,0.6947359182109591,0.6947359182109591,0.0,0,0.0,747.0868199393523,highs_pfba
b1238,,2,8,0.6947359182109591,0.6947359182109591,0.0,0,5.2400738379968455e-05,747.0868199393558,highs_pfba
b4384,,7,15,0.6947359182109591,0.6947359182109615,-2.3314683517128287e-15,0,5.3931007004428866e-05,747.0872874966265,highs_pfba
b4382,,2,8,0.6947359182109591,0.6947359182109591,0.0,0,5.240073837995194e-05,747.0868199393524,highs_pfba
b2251,,3,302,0.6947359182109591,0.6945555474929231,0.0001803707180360048,0,0.005892931798262266,747.196618716069,highs_pfba
b3640,,1,299,0.6947359182109591,0.694555547492923,0.00018037071803611582,0,0.005892478840314492,747.1966187160688,highs_pfba
b0173,,1,443,0.6947359182109591,-0.0,0.6947359182109591,1,6862.838355906776,265.5319148936171,highs_pfba
b0420,,1,443,0.6947359182109591,-0.0,0.6947359182109591,1,6862.838355906779,265.53191489361706,highs_pfba
b3564,,2,0,0.6947359182109591,0.6947359182109591,0.0,0,0.0,747.0868199393523,highs_pfba
b1779,,2,450,0.6947359182109591,-0.0,0.6947359182109591,1,6458.318973271113,297.28395061728395,highs_pfba
b2927,,1,443,0.6947359182109591,-0.0,0.6947359182109591,1,6862.838355906779,265.531914893617,highs_pfba
b1288,,26,443,0.6947359182109591,-0.0,0.6947359182109591,1,6862.838355906781,265.531914893617,highs_pfba
b3622,,2,8,0.6947359182109591,0.6947359182109621,-2.9976021664879227e-15,0,5.240073837995768e-05,747.0868199393522,highs_pfba
b3793,,3,8,0.6947359182109591,0.6947359182109621,-2.9976021664879227e-15,0,5.240073837995768e-05,747.0868199393522,highs_pfba
b3785,,3,8,0.6947359182109591,0.6947359182109621,-2.9976021664879227e-15,0,5.240073837995768e-05,747.0868199393522,highs_pfba
b3792,,1,8,0.6947359182109591,0.6947359182109621,-2.9976021664879227e-15,0,5.240073837995768e-05,747.0868199393522,highs_pfba
b2341,,16,454,0.6947359182109591,0.6774987768182975,0.017237141392661637,0,20.933976037292755,746.3794583929082,highs_pfba
b1850,,2,8,0.6947359182109591,0.6947359182109591,0.0,0,5.2400738379957207e-05,747.0868199393533,highs_pfba
b1851,,1,0,0.6947359182109591,0.6947359182109633,-4.107825191113079e-15,0,0.0,747.0868199393528,highs_pfba
b1054,,1,4,0.6947359182109591,0.6947359182109591,0.0,0,5.230472998200875e-05,747.0868199393507,highs_pfba
b1855,,2,8,0.6947359182109591,0.6947359182109635,-4.3298697960381105e-15,0,5.2400738381050685e-05,747.0868199393543,highs_pfba
b2378,,1,4,0.6947359182109591,0.6947359182109634,-4.218847493575595e-15,0,5.230472998200908e-05,747.0868199393583,highs_pfba
b2779,,1,432,0.6947359182109591,0.4925915332813417,0.20214438492961745,0,2089.126695380343,727.966932913051,highs_pfba
b0583,,1,8,0.6947359182109591,0.6947359182109633,-4.107825191113079e-15,0,5.24007383799784e-05,747.0868199393558,highs_pfba
b0585,,2,8,0.6947359182109591,0.6947359182109615,-2.3314683517128287e-15,0,5.240073837997799e-05,747.0868199393564,highs_pfba
b2441,,1,0,0.6947359182109591,0.6947359182109591,0.0,0,0.0,747.0868199393523,highs_pfba
b2440,,1,0,0.6947359182109591,0.6947359182109591,0.0,0,0.0,747.0868199393523,highs_pfba
b3946,,1,9,0.6947359182109591,0.6947359182109633,-4.107825191113079e-15,0,68.86462943517837,750.7980078120014,highs_pfba
b0825,,1,9,0.6947359182109591,0.6947359182109633,-4.107825191113079e-15,0,68.86462943517837,750.7980078120014,highs_pfba
b0822,,5,8,0.6947359182109591,0.6947359182109615,-2.3314683517128287e-15,0,5.240073837997799e-05,747.0868199393564,highs_pfba
b3666,,4,0,0.6947359182109591,0.6947359182109591,0.0,0,0.0,747.0868199393523,highs_pfba
b0404,,7,4,0.6947359182109591,0.6947359182109633,-4.107825191113079e-15,0,5.2304729984388955e-05,747.0868199393582,highs_pfba
b0452,,10,454,0.6947359182109591,0.6774987768183087,0.017237141392650424,0,20.933976037297526,746.3794583929184,highs_pfba
b1805,,10,4,0.6947359182109591,0.6947359182109634,-4.218847493575595e-15,0,9.600839796782702e-08,747.0868199393551,highs_pfba
b1701,,10,4,0.6947359182109591,0.6947359182109634,-4.218847493575595e-15,0,9.600839796782702e-08,747.0868199393551,highs_pfba
b3844,,6,373,0.6947359182109591,0.6909882538437842,0.0037476643671749965,0,10.613610609227832,745.4410679722985,highs_pfba
b2764,,4,443,0.6947359182109591,-0.0,0.6947359182109591,1,6862.838355906781,265.531914893617,highs_pfba
b2763,,4,443,0.6947359182109591,-0.0,0.6947359182109591,1,6862.838355906781,265.531914893617,highs_pfba
b2925,,2,419,0.6947359182109591,0.6828039170690342,0.011932001141924942,0,169.98130874560542,747.35511112854,highs_pfba
b1773,,1,9,0.6947359182109591,0.6947359182109591,0.0,0,89.84856923313393,751.3258886325538,highs_pfba
b2097,,1,9,0.6947359182109591,0.6947359182109591,0.0,0,89.84856923313393,751.3258886325538,highs_pfba
b3925,,1,4,0.6947359182109591,0.6947359182109633,-4.107825191113079e-15,0,5.2304729982009064e-05,747.0868199393528,highs_pfba
b2930,,1,4,0.6947359182109591,0.6947359182109633,-4.107825191113079e-15,0,5.2304729982009064e-05,747.0868199393528,highs_pfba
b4232,,1,4,0.6947359182109591,0.6947359182109633,-4.107825191113079e-15,0,5.2304729982009064e-05,747.0868199393528,highs_pfba
b2802,,1,0,0.6947359182109591,0.6947359182109591,0.0,0,0.0,747.0868199393523,highs_pfba
b2803,,1,0,0.6947359182109591,0.6947359182109591,0.0,0,0.0,747.0868199393523,highs_pfba
b2738,,1,0,0.6947359182109591,0.6947359182109591,0.0,0,0.0,747.0868199393523,highs_pfba
b2800,,1,0,0.6947359182109591,0.6947359182109591,0.0,0,0.0,747.0868199393523,highs_pfba
b0475,,1,443,0.6947359182109591,-0.0,0.6947359182109591,1,6862.838355906777,265.5319148936171,highs_pfba
b1476,,2,4,0.6947359182109591,0.6947359182109615,-2.3314683517128287e-15,0,9.600839796906303e-08,747.086819939356,highs_pfba
b1474,,2,4,0.6947359182109591,0.6947359182109615,-2.3314683517128287e-15,0,9.600839796906303e-08,747.086819939356,highs_pfba
b1475,,2,4,0.6947359182109591,0.6947359182109615,-2.3314683517128287e-15,0,9.600839796906303e-08,747.086819939356,highs_pfba
b3892,,2,4,0.6947359182109591,0.6947359182109615,-2.3314683517128287e-15,0,9.600839796906303e-08,747.086819939356,highs_pfba
b3893,,2,4,0.6947359182109591,0.6947359182109615,-2.3314683517128287e-15,0,9.600839796906303e-08,747.086819939356,highs_pfba
b3894,,2,4,0.6947359182109591,0.6947359182109615,-2.3314683517128287e-15,0,9.600839796906303e-08,747.086819939356,highs_pfba
b0935,,5,0,0.6947359182109591,0.6947359182109591,0.0,0,0.0,747.0868199393523,highs_pfba
b3409,,1,4,0.6947359182109591,0.6947359182109633,-4.107825191113079e-15,0,5.2304729982009064e-05,747.0868199393553,highs_pfba
b2392,,2,8,0.6947359182109591,0.6947359182109615,-2.3314683517128287e-15,0,5.240073837996588e-05,747.0868199393539,highs_pfba
b4290,,1,0,0.6947359182109591,0.6947359182109591,0.0,0,0.0,747.0868199393523,highs_pfba
b4288,,1,0,0.6947359182109591,0.6947359182109591,0.0,0,0.0,747.0868199393523,highs_pfba
b4287,,1,0,0.6947359182109591,0.6947359182109591,0.0,0,0.0,747.0868199393523,highs_pfba
b4289,,1,0,0.6947359182109591,0.6947359182109591,0.0,0,0.0,747.0868199393523,highs_pfba
b4291,,1,0,0.6947359182109591,0.6947359182109591,0.0,0,0.0,747.0868199393523,highs_pfba
b0589,,2,8,0.6947359182109591,0.6947359182109633,-4.107825191113079e-15,0,5.2400738379977854e-05,747.0868199393553,highs_pfba
b0588,,2,8,0.6947359182109591,0.6947359182109633,-4.107825191113079e-15,0,5.2400738379977854e-05,747.0868199393553,highs_pfba
b0592,,2,8,0.6947359182109591,0.6947359182109633,-4.107825191113079e-15,0,5.2400738379977854e-05,747.0868199393553,highs_pfba
b0590,,2,8,0.6947359182109591,0.6947359182109633,-4.107825191113079e-15,0,5.2400738379977854e-05,747.0868199393553,highs_pfba
b2155,,1,0,0.6947359182109591,0.6947359182109591,0.0,0,0.0,747.0868199393523,highs_pfba
b0805,,1,0,0.6947359182109591,0.6947359182109591,0.0,0,0.0,747.0868199393523,highs_pfba
b0150,,3,0,0.6947359182109591,0.6947359182109634,-4.218847493575595e-15,0,0.0,747.0868199393556,highs_pfba
b0584,,1,8,0.6947359182109591,0.6947359182109633,-4.107825191113079e-15,0,5.2400738379977854e-05,747.0868199393553,highs_pfba
b0591,,1,8,0.6947359182109591,0.6947359182109591,0.0,0,5.240073837995346e-05,747.0868199393522,highs_pfba
b4367,,3,8,0.6947359182109591,0.6947359182109634,-4.218847493575595e-15,0,5.240073837996438e-05,747.0868199393526,highs_pfba
b4209,,1,247,0.6947359182109591,0.6947157299031683,2.0188307790824922e-05,0,0.00015271848230409275,747.0860014629095,highs_pfba
b2486,,1,0,0.6947359182109591,0.6947359182109591,0.0,0,0.0,747.0868199393523,highs_pfba
b4079,,1,0,0.6947359182109591,0.6947359182109591,0.0,0,0.0,747.0868199393523,highs_pfba
b2722,,2,4,0.6947359182109591,0.6947359182109591,0.0,0,5.230472998200875e-05,747.0868199393551,highs_pfba
b2483,,1,0,0.6947359182109591,0.6947359182109591,0.0,0,0.0,747.0868199393523,highs_pfba
b2719,,2,4,0.6947359182109591,0.6947359182109591,0.0,0,5.230472998200875e-05,747.0868199393551,highs_pfba
b2723,,2,4,0.6947359182109591,0.6947359182109591,0.0,0,5.230472998200875e-05,747.0868199393551,highs_pfba
b2721,,2,4,0.6947359182109591,0.6947359182109591,0.0,0,5.230472998200875e-05,747.0868199393551,highs_pfba
b2481,,1,0,0.6947359182109591,0.6947359182109591,0.0,0,0.0,747.0868199393523,highs_pfba
b2485,,1,0,0.6947359182109591,0.6947359182109591,0.0,0,0.0,747.0868199393523,highs_pfba
b2484,,1,0,0.6947359182109591,0.6947359182109591,0.0,0,0.0,747.0868199393523,highs_pfba
b2724,,2,4,0.6947359182109591,0.6947359182109591,0.0,0,5.230472998200875e-05,747.0868199393551,highs_pfba
b2482,,1,0,0.6947359182109591,0.6947359182109591,0.0,0,0.0,747.0868199393523,highs_pfba
b2489,,1,0,0.6947359182109591,0.6947359182109591,0.0,0,0.0,747.0868199393523,highs_pfba
b2720,,2,4,0.6947359182109591,0.6947359182109591,0.0,0,5.230472998200875e-05,747.0868199393551,highs_pfba
b2488,,1,0,0.6947359182109591,0.6947359182109591,0.0,0,0.0,747.0868199393523,highs_pfba
b2490,,1,0,0.6947359182109591,0.6947359182109591,0.0,0,0.0,747.0868199393523,highs_pfba
b2487,,1,0,0.6947359182109591,0.6947359182109591,0.0,0,0.0,747.0868199393523,highs_pfba
b3924,,5,299,0.6947359182109591,0.6945526151574111,0.0001833030535480784,0,0.03415134549408308,747.0983745546351,highs_pfba
b0684,,7,443,0.6947359182109591,-0.0,0.6947359182109591,1,6862.838355906779,265.53191489361706,highs_pfba
b2895,,7,443,0.6947359182109591,-0.0,0.6947359182109591,1,6862.838355906779,265.53191489361706,highs_pfba
b3288,,1,0,0.6947359182109591,0.6947359182109591,0.0,0,0.0,747.0868199393523,highs_pfba
b0025,,2,443,0.6947359182109591,-0.0,0.6947359182109591,1,6862.838355906777,265.5319148936171,highs_pfba
b0937,,2,4,0.6947359182109591,0.6947359182109634,-4.218847493575595e-15,0,9.600839797897279e-08,747.0868199393576,highs_pfba
b2912,,1,0,0.6947359182109591,0.6947359182109591,0.0,0,0.0,747.0868199393523,highs_pfba
b2374,,1,0,0.6947359182109591,0.6947359182109591,0.0,0,0.0,747.0868199393523,highs_pfba
b2492,,2,4,0.6947359182109591,0.6947359182109636,-4.440892098500626e-15,0,5.230472998200908e-05,747.0868199393553,highs_pfba
b0904,,2,4,0.6947359182109591,0.6947359182109636,-4.440892098500626e-15,0,5.230472998200908e-05,747.0868199393553,highs_pfba
b4154,,2,4,0.6947359182109591,0.6947359182109633,-4.107825191113079e-15,0,9.60083979685149e-08,747.0868199393555,highs_pfba
b4152,,2,4,0.6947359182109591,0.6947359182109633,-4.107825191113079e-15,0,9.60083979685149e-08,747.0868199393555,highs_pfba
b4153,,2,4,0.6947359182109591,0.6947359182109633,-4.107825191113079e-15,0,9.60083979685149e-08,747.0868199393555,highs_pfba
b4151,,2,4,0.6947359182109591,0.6947359182109633,-4.107825191113079e-15,0,9.60083979685149e-08,747.0868199393555,highs_pfba
b2168,,1,8,0.6947359182109591,0.6947359182109591,0.0,0,5.240073837995607e-05,747.0868199393531,highs_pfba
b3371,,1,0,0.6947359182109591,0.6947359182109591,0.0,0,0.0,747.0868199393523,highs_pfba
b4474,,1,0,0.6947359182109591,0.6947359182109591,0.0,0,0.0,747.0868199393523,highs_pfba
b3374,,1,0,0.6947359182109591,0.6947359182109591,0.0,0,0.0,747.0868199393523,highs_pfba
b3370,,2,0,0.6947359182109591,0.6947359182109591,0.0,0,0.0,747.0868199393523,highs_pfba
b4321,,2,4,0.6947359182109591,0.6947359182109635,-4.3298697960381105e-15,0,5.230472998200908e-05,747.0868199393556,highs_pfba
b2169,,1,8,0.6947359182109591,0.6947359182109591,0.0,0,5.240073837995607e-05,747.0868199393531,highs_pfba
b2167,,1,8,0.6947359182109591,0.6947359182109591,0.0,0,5.240073837995607e-05,747.0868199393531,highs_pfba
b1232,,1,4,0.6947359182109591,0.6947359182109633,-4.107825191113079e-15,0,5.2304729982009064e-05,747.0868199393559,highs_pfba
b2801,,1,0,0.6947359182109591,0.6947359182109591,0.0,0,0.0,747.086819939355,highs_pfba
b1611,,1,445,0.6947359182109591,0.6296223131851497,0.06511360502580943,0,1297.238284250974,751.00058570615,highs_pfba
b1612,,1,445,0.6947359182109591,0.6296223131851497,0.06511360502580943,0,1297.238284250974,751.00058570615,highs_pfba
b0621,,4,4,0.6947359182109591,0.6947359182109591,0.0,0,5.230472998200875e-05,747.0868199393485,highs_pfba
b3730,,2,443,0.6947359182109591,-0.0,0.6947359182109591,1,6862.838355906781,265.531914893617,highs_pfba
b1002,,2,0,0.6947359182109591,0.6947359182109591,0.0,0,0.0,747.0868199393519,highs_pfba
b3789,,1,4,0.6947359182109591,0.6947359182109629,-3.774758283725532e-15,0,5.230472998200904e-05,747.0868199393551,highs_pfba
b2039,,1,4,0.6947359182109591,0.6947359182109629,-3.774758283725532e-15,0,5.230472998200904e-05,747.0868199393551,highs_pfba
b0154,,1,443,0.6947359182109591,-0.0,0.6947359182109591,1,6862.838355906781,265.531914893617,highs_pfba
b2533,,2,8,0.6947359182109591,0.6947359182109591,0.0,0,5.240073837995332e-05,747.0868199393522,highs_pfba
b4055,,17,4,0.6947359182109591,0.6947359182109591,0.0,0,9.600839795736387e-08,747.0868199393552,highs_pfba
b4041,,7,6,0.6947359182109591,0.6947359182109615,-2.3314683517128287e-15,0,0.014087878144711574,747.183407684591,highs_pfba
b3451,,7,8,0.6947359182109591,0.6947359182109633,-4.107825191113079e-15,0,5.240073838140064e-05,747.0868199393555,highs_pfba
b3452,,7,8,0.6947359182109591,0.6947359182109633,-4.107825191113079e-15,0,5.240073838140064e-05,747.0868199393555,highs_pfba
b3453,,7,8,0.6947359182109591,0.6947359182109633,-4.107825191113079e-15,0,5.240073838140064e-05,747.0868199393555,highs_pfba
b3450,,7,8,0.6947359182109591,0.6947359182109633,-4.107825191113079e-15,0,5.240073838140064e-05,747.0868199393555,highs_pfba
b3608,,1,443,0.6947359182109591,-0.0,0.6947359182109591,1,6862.838355906781,265.531914893617,highs_pfba
b2242,,3,0,0.6947359182109591,0.6947359182109633,-4.107825191113079e-15,0,0.0,747.0868199393555,highs_pfba
b2241,,3,0,0.6947359182109591,0.6947359182109633,-4.107825191113079e-15,0,0.0,747.0868199393555,highs_pfba
b2243,,3,0,0.6947359182109591,0.6947359182109633,-4.107825191113079e-15,0,0.0,747.0868199393555,highs_pfba
b3426,,1,4,0.6947359182109591,0.6947359182109633,-4.107825191113079e-15,0,5.2304729982009064e-05,747.0868199393555,highs_pfba
b0243,,1,340,0.6947359182109591,0.6932150553960901,0.0015208628148690728,0,0.18225626290922112,746.9399585965909,highs_pfba
b0678,,1,4,0.6947359182109591,0.694735918210962,-2.886579864025407e-15,0,5.230472998200897e-05,747.0868199393572,highs_pfba
b1852,,1,419,0.6947359182109591,0.685060080599907,0.009675837611052174,0,61.13318300139447,753.6819036713599,highs_pfba
b3128,,1,0,0.6947359182109591,0.6947359182109591,0.0,0,0.0,747.0868199393523,highs_pfba
b4358,,1,0,0.6947359182109591,0.6947359182109591,0.0,0,0.0,747.0868199393523,highs_pfba
b4478,,1,0,0.6947359182109591,0.6947359182109591,0.0,0,0.0,747.0868199393523,highs_pfba
b4356,,1,0,0.6947359182109591,0.6947359182109591,0.0,0,0.0,747.0868199393523,highs_pfba
b3691,,1,0,0.6947359182109591,0.6947359182109591,0.0,0,0.0,747.0868199393523,highs_pfba
b3127,,3,4,0.6947359182109591,0.6947359182109633,-4.107825191113079e-15,0,5.2304729982009064e-05,747.0868199393537,highs_pfba
b2789,,3,4,0.6947359182109591,0.6947359182109633,-4.107825191113079e-15,0,5.2304729982009064e-05,747.0868199393537,highs_pfba
b0757,,1,4,0.6947359182109591,0.6947359182109591,0.0,0,5.230472998200875e-05,747.0868199393499,highs_pfba
b2045,,1,4,0.6947359182109591,0.6947359182109591,0.0,0,5.230472998200875e-05,747.0868199393499,highs_pfba
b0756,,1,0,0.6947359182109591,0.6947359182109591,0.0,0,0.0,747.0868199393523,highs_pfba
b4119,,1,0,0.6947359182109591,0.6947359182109591,0.0,0,0.0,747.0868199393523,highs_pfba
b3628,,1,8,0.6947359182109591,0.6947359182109616,-2.4424906541753444e-15,0,5.240073837996933e-05,747.0868199393544,highs_pfba
b2093,,1,0,0.6947359182109591,0.6947359182109591,0.0,0,0.0,747.0868199393523,highs_pfba
b2092,,1,0,0.6947359182109591,0.6947359182109591,0.0,0,0.0,747.0868199393523,highs_pfba
b2094,,1,0,0.6947359182109591,0.6947359182109591,0.0,0,0.0,747.0868199393523,highs_pfba
b3093,,2,4,0.6947359182109591,0.6947359182109591,0.0,0,5.230472998200875e-05,747.0868199393531,highs_pfba
b1236,,1,4,0.6947359182109591,0.6947359182109633,-4.107825191113079e-15,0,5.2304729982009064e-05,747.0868199393581,highs_pfba
b4230,,2,4,0.6947359182109591,0.6947359182109591,0.0,0,5.230472998200875e-05,747.0868199393506,highs_pfba
b2148,,2,4,0.6947359182109591,0.6947359182109633,-4.107825191113079e-15,0,9.600839797099173e-08,747.0868199393553,highs_pfba
b2149,,2,4,0.6947359182109591,0.6947359182109633,-4.107825191113079e-15,0,9.600839797099173e-08,747.0868199393553,highs_pfba
b2150,,2,4,0.6947359182109591,0.6947359182109633,-4.107825191113079e-15,0,9.600839797099173e-08,747.0868199393553,highs_pfba
b4231,,2,4,0.6947359182109591,0.6947359182109591,0.0,0,5.230472998200875e-05,747.0868199393506,highs_pfba
b4485,,2,4,0.6947359182109591,0.6947359182109591,0.0,0,5.230472998200875e-05,747.0868199393506,highs_pfba
b4227,,2,4,0.6947359182109591,0.6947359182109591,0.0,0,5.230472998200875e-05,747.0868199393506,highs_pfba
b2943,,2,4,0.6947359182109591,0.6947359182109633,-4.107825191113079e-15,0,9.60083979687901e-08,747.0868199393555,highs_pfba
b2500,,1,365,0.6947359182109591,0.6921425272301156,0.0025933909808435462,0,0.337129076228066,747.0787975481478,highs_pfba
b1415,,2,443,0.6947359182109591,-0.0,0.6947359182109591,1,6862.83835590678,265.5319148936171,highs_pfba
b2052,,2,0,0.6947359182109591,0.6947359182109591,0.0,0,0.0,747.0868199393523,highs_pfba
b2784,,2,8,0.6947359182109591,0.6947359182109591,0.0,0,5.2400738379954415e-05,747.0868199393527,highs_pfba
b3650,,3,8,0.6947359182109591,0.6947359182109591,0.0,0,5.2400738379954415e-05,747.0868199393527,highs_pfba
b2051,,1,4,0.6947359182109591,0.6947359182109683,-9.103828801926284e-15,0,9.600839800264659e-08,747.0868199393593,highs_pfba
b2467,,1,4,0.6947359182109591,0.6947359182109591,0.0,0,5.230472998202495e-05,747.0868199393523,highs_pfba
b3729,,1,443,0.6947359182109591,-0.0,0.6947359182109591,1,6862.838355906781,265.531914893617,highs_pfba
b1298,,1,4,0.6947359182109591,0.6947359182109633,-4.107825191113079e-15,0,5.2304729982009064e-05,747.0868199393553,highs_pfba
b1301,,1,4,0.6947359182109591,0.6947359182109633,-4.107825191113079e-15,0,5.2304729982009064e-05,747.0868199393553,highs_pfba
b1297,,2,443,0.6947359182109591,-0.0,0.6947359182109591,1,6862.838355906772,265.5319148936172,highs_pfba
b3882,,1,0,0.6947359182109591,0.6947359182109591,0.0,0,0.0,747.0868199393523,highs_pfba
b3432,,1,0,0.6947359182109591,0.6947359182109591,0.0,0,0.0,747.0868199393523,highs_pfba
b0459,,2,0,0.6947359182109591,0.6947359182109591,0.0,0,0.0,747.0868199393523,highs_pfba
b0124,,1,8,0.6947359182109591,0.6947359182109634,-4.218847493575595e-15,0,5.2400738379975394e-05,747.0868199393549,highs_pfba
b0837,,1,8,0.6947359182109591,0.6947359182109634,-4.218847493575595e-15,0,5.2400738379975394e-05,747.0868199393549,highs_pfba
b4476,,1,0,0.6947359182109591,0.6947359182109635,-4.3298697960381105e-15,0,0.0,747.0868199393551,highs_pfba
b3415,,1,0,0.6947359182109591,0.6947359182109635,-4.3298697960381105e-15,0,0.0,747.0868199393551,highs_pfba
b3417,,5,0,0.6947359182109591,0.6947359182109621,-2.9976021664879227e-15,0,0.0,747.0868199393549,highs_pfba
b3428,,2,4,0.6947359182109591,0.6947359182109634,-4.218847493575595e-15,0,9.600839797670234e-08,747.086819939357,highs_pfba
b3126,,1,0,0.6947359182109591,0.6947359182109591,0.0,0,0.0,747.0868199393523,highs_pfba
b2787,,1,0,0.6947359182109591,0.6947359182109591,0.0,0,0.0,747.0868199393523,highs_pfba
b2788,,1,0,0.6947359182109591,0.6947359182109591,0.0,0,0.0,747.0868199393523,highs_pfba
b3429,,1,4,0.6947359182109591,0.6947359182109634,-4.218847493575595e-15,0,5.230472998200908e-05,747.0868199393581,highs_pfba
b3631,,1,8,0.6947359182109591,0.6947359182109616,-2.4424906541753444e-15,0,5.240073837997965e-05,747.0868199393567,highs_pfba
b3627,,1,8,0.6947359182109591,0.6947359182109616,-2.4424906541753444e-15,0,5.240073837997965e-05,747.0868199393567,highs_pfba
b3626,,1,8,0.6947359182109591,0.6947359182109616,-2.4424906541753444e-15,0,5.240073837997965e-05,747.0868199393567,highs_pfba
b1621,,2,419,0.6947359182109591,0.6699239211319935,0.024811997078965642,0,417.3834160038858,758.1031887016406,highs_pfba
b3431,,1,8,0.6947359182109591,0.6947359182109591,0.0,0,5.2400738379964464e-05,747.0868199393551,highs_pfba
b3430,,1,4,0.6947359182109591,0.6947359182109634,-4.218847493575595e-15,0,5.230472998200908e-05,747.086819939355,highs_pfba
b3870,,1,443,0.6947359182109591,-0.0,0.6947359182109591,1,6862.838355906779,265.53191489361706,highs_pfba
b0680,,1,0,0.6947359182109591,0.6947359182109591,0.0,0,0.0,747.0868199393523,highs_pfba
b0809,,1,8,0.6947359182109591,0.6947359182109591,0.0,0,5.240073837995346e-05,747.0868199393522,highs_pfba
b0810,,1,8,0.6947359182109591,0.6947359182109591,0.0,0,5.240073837995346e-05,747.0868199393522,highs_pfba
b0811,,1,8,0.6947359182109591,0.6947359182109591,0.0,0,5.240073837995346e-05,747.0868199393522,highs_pfba
b2091,,1,0,0.6947359182109591,0.6947359182109591,0.0,0,0.0,747.0868199393565,highs_pfba
b0242,,1,340,0.6947359182109591,0.6932150553960901,0.0015208628148690728,0,0.18225626290922112,746.9399585965909,highs_pfba
b1492,,1,8,0.6947359182109591,0.6947359182109591,0.0,0,5.2400738379955384e-05,747.0868199393534,highs_pfba
b2688,,1,4,0.6947359182109591,0.6947359182109615,-2.3314683517128287e-15,0,5.230472998200893e-05,747.0868199393535,highs_pfba
b1493,,1,4,0.6947359182109591,0.6947359182109633,-4.107825191113079e-15,0,5.2304729982009064e-05,747.0868199393551,highs_pfba
b3517,,1,4,0.6947359182109591,0.6947359182109633,-4.107825191113079e-15,0,5.2304729982009064e-05,747.0868199393551,highs_pfba
b1761,,1,421,0.6947359182109591,0.6404639674691783,0.05427195074178082,0,112.59167010449816,747.2969080233047,highs_pfba
b1524,,1,4,0.6947359182109591,0.6947359182109633,-4.107825191113079e-15,0,5.2304729982009064e-05,747.0868199393528,highs_pfba
b0485,,1,4,0.6947359182109591,0.6947359182109633,-4.107825191113079e-15,0,5.2304729982009064e-05,747.0868199393528,highs_pfba
b2312,,1,443,0.6947359182109591,-0.0,0.6947359182109591,1,6862.838355906776,265.5319148936171,highs_pfba
b3967,,1,443,0.6947359182109591,-0.0,0.6947359182109591,1,6862.838355906774,265.5319148936171,highs_pfba
b3213,,1,4,0.6947359182109591,0.6947359182109633,-4.107825191113079e-15,0,5.2304729982009064e-05,747.0868199393537,highs_pfba
b3212,,1,4,0.6947359182109591,0.6947359182109633,-4.107825191113079e-15,0,5.2304729982009064e-05,747.0868199393537,highs_pfba
b1210,,1,443,0.6947359182109591,-0.0,0.6947359182109591,1,6862.838355906781,265.531914893617,highs_pfba
b2400,,1,443,0.6947359182109591,-0.0,0.6947359182109591,1,6862.838355906771,265.53191489361745,highs_pfba
b3653,,1,4,0.6947359182109591,0.6947359182109635,-4.3298697960381105e-15,0,5.230472998200908e-05,747.0868199393553,highs_pfba
b0507,,1,4,0.6947359182109591,0.6947359182109633,-4.107825191113079e-15,0,5.2304729982009064e-05,747.0868199393551,highs_pfba
b3927,,3,8,0.6947359182109591,0.6947359182109591,0.0,0,5.240073837995648e-05,747.0868199393533,highs_pfba
b3617,,1,4,0.6947359182109591,0.6947359182109633,-4.107825191113079e-15,0,5.2304729982009064e-05,747.0868199393528,highs_pfba
b2240,,1,4,0.6947359182109591,0.6947359182109633,-4.107825191113079e-15,0,5.2304729982009064e-05,747.0868199393553,highs_pfba
b0514,,1,4,0.6947359182109591,0.6947359182109633,-4.107825191113079e-15,0,5.2304729982009064e-05,747.0868199393561,highs_pfba
b3124,,1,4,0.6947359182109591,0.6947359182109633,-4.107825191113079e-15,0,5.2304729982009064e-05,747.0868199393527,highs_pfba
b2904,,1,300,0.6947359182109591,0.6944536547393816,0.0002822634715775596,0,0.06286789389982513,747.0690433846996,highs_pfba
b2903,,1,300,0.6947359182109591,0.6944536547393816,0.0002822634715775596,0,0.06286789389982513,747.0690433846996,highs_pfba
b2905,,1,300,0.6947359182109591,0.6944536547393816,0.0002822634715775596,0,0.06286789389982513,747.0690433846996,highs_pfba
b1033,,4,4,0.6947359182109591,0.6947359182109633,-4.107825191113079e-15,0,5.230472998200906e-05,747.0868199393576,highs_pfba
b4468,,3,138,0.6947359182109591,0.6947330352032901,2.883007669041149e-06,0,5.3664488405077706e-05,747.0872735660173,highs_pfba
b4467,,3,138,0.6947359182109591,0.6947330352032901,2.883007669041149e-06,0,5.3664488405077706e-05,747.0872735660173,highs_pfba
b2979,,3,138,0.6947359182109591,0.6947330352032901,2.883007669041149e-06,0,5.3664488405077706e-05,747.0872735660173,highs_pfba
b3926,,1,4,0.6947359182109591,0.6947359182109633,-4.107825191113079e-15,0,5.2304729982009064e-05,747.0868199393556,highs_pfba
b0212,,1,4,0.6947359182109591,0.6947359182109591,0.0,0,5.230472998200875e-05,747.0868199393534,highs_pfba
b3559,,1,0,0.6947359182109591,0.6947359182109591,0.0,0,0.0,747.0868199393523,highs_pfba
b3560,,1,0,0.6947359182109591,0.6947359182109591,0.0,0,0.0,747.0868199393523,highs_pfba
b2053,,1,0,0.6947359182109591,0.6947359182109591,0.0,0,0.0,747.0868199393523,highs_pfba
b3052,,2,4,0.6947359182109591,0.6947359182109616,-2.4424906541753444e-15,0,5.230472998200893e-05,747.086819939354,highs_pfba
b0200,,1,4,0.6947359182109591,0.6947359182109616,-2.4424906541753444e-15,0,5.230472998200893e-05,747.086819939354,highs_pfba
b0104,,1,4,0.6947359182109591,0.6947359182109633,-4.107825191113079e-15,0,5.2304729982009064e-05,747.0868199393555,highs_pfba
b2507,,1,443,0.6947359182109591,-0.0,0.6947359182109591,1,6862.838355906765,265.5319148936174,highs_pfba
b2029,,1,419,0.6947359182109591,0.6850600805999068,0.009675837611052396,0,61.13318300127689,753.6819036713944,highs_pfba
b3437,,1,4,0.6947359182109591,0.6947359182109633,-4.107825191113079e-15,0,5.2304729982009064e-05,747.0868199393528,highs_pfba
b4268,,1,4,0.6947359182109591,0.6947359182109633,-4.107825191113079e-15,0,5.2304729982009064e-05,747.0868199393528,highs_pfba
b3449,,5,8,0.6947359182109591,0.6947359182109633,-4.107825191113079e-15,0,5.240073838135788e-05,747.0868199393555,highs_pfba
b2239,,5,8,0.6947359182109591,0.6947359182109633,-4.107825191113079e-15,0,5.24007383799634e-05,747.0868199393524,highs_pfba
b1654,,6,8,0.6947359182109591,0.6947359182109633,-4.107825191113079e-15,0,5.240073838140064e-05,747.0868199393555,highs_pfba
b3610,,6,8,0.6947359182109591,0.6947359182109633,-4.107825191113079e-15,0,5.240073838140064e-05,747.0868199393555,highs_pfba
b0849,,6,8,0.6947359182109591,0.6947359182109633,-4.107825191113079e-15,0,5.240073838140064e-05,747.0868199393555,highs_pfba
b0477,,2,4,0.6947359182109591,0.6947359182109615,-2.3314683517128287e-15,0,9.600839796906303e-08,747.0868199393564,highs_pfba
b2988,,2,4,0.6947359182109591,0.6947359182109591,0.0,0,5.230472998200875e-05,747.0868199393532,highs_pfba
b3500,,1,4,0.6947359182109591,0.6947359182109633,-4.107825191113079e-15,0,9.600839798062387e-08,747.0868199393578,highs_pfba
b1710,,2,8,0.6947359182109591,0.6947359182109634,-4.218847493575595e-15,0,5.2400738379993006e-05,747.0868199393583,highs_pfba
b3447,,1,0,0.6947359182109591,0.6947359182109633,-4.107825191113079e-15,0,0.0,747.0868199393555,highs_pfba
b0832,,1,4,0.6947359182109591,0.6947359182109633,-4.107825191113079e-15,0,5.2304729982009064e-05,747.0868199393555,highs_pfba
b0829,,1,4,0.6947359182109591,0.6947359182109633,-4.107825191113079e-15,0,5.2304729982009064e-05,747.0868199393555,highs_pfba
b0831,,1,4,0.6947359182109591,0.6947359182109633,-4.107825191113079e-15,0,5.2304729982009064e-05,747.0868199393555,highs_pfba
b0830,,1,4,0.6947359182109591,0.6947359182109633,-4.107825191113079e-15,0,5.2304729982009064e-05,747.0868199393555,highs_pfba
b2947,,1,4,0.6947359182109591,0.6947359182109615,-2.3314683517128287e-15,0,5.230472998200893e-05,747.0868199393535,highs_pfba
b2153,,1,443,0.6947359182109591,-0.0,0.6947359182109591,1,6862.8383559067815,265.531914893617,highs_pfba
b1277,,1,443,0.6947359182109591,-0.0,0.6947359182109591,1,6862.838355906779,265.5319148936171,highs_pfba
b3779,,1,4,0.6947359182109591,0.6947359182109591,0.0,0,9.600839794731893e-08,747.0868199393532,highs_pfba
b2883,,1,4,0.6947359182109591,0.6947359182109634,-4.218847493575595e-15,0,5.230472998200908e-05,747.0868199393551,highs_pfba
b0125,,2,4,0.6947359182109591,0.6947359182109615,-2.3314683517128287e-15,0,9.600839796906303e-08,747.086819939356,highs_pfba
b0238,,3,8,0.6947359182109591,0.6947359182109634,-4.218847493575595e-15,0,5.2400738379975394e-05,747.0868199393552,highs_pfba
b3092,,2,8,0.6947359182109591,0.6947359182109591,0.0,0,5.240073837996501e-05,747.0868199393549,highs_pfba
b1319,,1,440,0.6947359182109591,0.21398324101269858,0.48075267719826054,0,18270.133127618134,742.2231054862459,highs_pfba
b3875,,1,440,0.6947359182109591,0.21398324101269858,0.48075267719826054,0,18270.133127618134,742.2231054862459,highs_pfba
b0957,,1,440,0.6947359182109591,0.21398324101269858,0.48075267719826054,0,18270.133127618134,742.2231054862459,highs_pfba
b0875,,1,443,0.6947359182109591,0.23414608626933006,0.46058983194162906,0,20804.010804474176,876.682495616586,highs_pfba
b1395,,1,0,0.6947359182109591,0.6947359182109591,0.0,0,0.0,747.0868199393523,highs_pfba
b4040,,1,443,0.6947359182109591,-0.0,0.6947359182109591,1,6862.838355906782,265.5319148936169,highs_pfba
b0353,,2,0,0.6947359182109591,0.6947359182109591,0.0,0,0.0,747.0868199393523,highs_pfba
b0339,,1,443,0.6947359182109591,-0.0,0.6947359182109591,1,6862.8383559067815,265.531914893617,highs_pfba
b0126,,1,443,0.6947359182109591,-0.0,0.6947359182109591,1,6862.8383559067815,265.531914893617,highs_pfba
b0261,,2,4,0.6947359182109591,0.6947359182109633,-4.107825191113079e-15,0,5.2304729982009064e-05,747.086819939353,highs_pfba
b0428,,1,0,0.6947359182109591,0.6947359182109591,0.0,0,0.0,747.0868199393523,highs_pfba
b3630,,1,8,0.6947359182109591,0.6947359182109616,-2.4424906541753444e-15,0,5.240073837997965e-05,747.0868199393567,highs_pfba
b3625,,1,8,0.6947359182109591,0.6947359182109616,-2.4424906541753444e-15,0,5.240073837997965e-05,747.0868199393567,highs_pfba
b3621,,1,8,0.6947359182109591,0.6947359182109616,-2.4424906541753444e-15,0,5.240073837997965e-05,747.0868199393567,highs_pfba
b3620,,1,8,0.6947359182109591,0.6947359182109616,-2.4424906541753444e-15,0,5.240073837997965e-05,747.0868199393567,highs_pfba
b3632,,1,8,0.6947359182109591,0.6947359182109616,-2.4424906541753444e-15,0,5.240073837997965e-05,747.0868199393567,highs_pfba
b3623,,1,8,0.6947359182109591,0.6947359182109616,-2.4424906541753444e-15,0,5.240073837997965e-05,747.0868199393567,highs_pfba
b2104,,1,0,0.6947359182109591,0.6947359182109591,0.0,0,0.0,747.0868199393523,highs_pfba
b2388,,1,4,0.6947359182109591,0.6947359182109634,-4.218847493575595e-15,0,5.230472998200908e-05,747.0868199393578,highs_pfba
b0394,,1,4,0.6947359182109591,0.6947359182109634,-4.218847493575595e-15,0,5.230472998200908e-05,747.0868199393583,highs_pfba
b2020,,1,443,0.6947359182109591,-0.0,0.6947359182109591,1,6862.838355906893,265.5319148936142,highs_pfba
b2022,,2,443,0.6947359182109591,-0.0,0.6947359182109591,1,6862.838355906893,265.5319148936142,highs_pfba
b2514,,1,0,0.6947359182109591,0.6947359182109591,0.0,0,0.0,747.0868199393523,highs_pfba
b2309,,1,8,0.6947359182109591,0.6947359182109633,-4.107825191113079e-15,0,5.2400738379970834e-05,747.0868199393536,highs_pfba
b0112,,4,0,0.6947359182109591,0.6947359182109591,0.0,0,0.0,747.0868199393522,highs_pfba
b0349,,2,0,0.6947359182109591,0.6947359182109591,0.0,0,0.0,747.0868199393526,highs_pfba
b3805,,1,443,0.6947359182109591,-0.0,0.6947359182109591,1,6862.838355906771,265.53191489361745,highs_pfba
b2418,,4,8,0.6947359182109591,0.6947359182109591,0.0,0,5.240073837995607e-05,747.0868199393533,highs_pfba
b2103,,2,443,0.6947359182109591,-0.0,0.6947359182109591,1,6862.838355906781,265.531914893617,highs_pfba
b0813,,2,4,0.6947359182109591,0.6947359182109591,0.0,0,9.600839794126444e-08,747.0868199393519,highs_pfba
b3824,,1,4,0.6947359182109591,0.6947359182109634,-4.218847493575595e-15,0,5.230472998200908e-05,747.0868199393581,highs_pfba
b0352,,1,0,0.6947359182109591,0.6947359182109591,0.0,0,0.0,747.0868199393523,highs_pfba
b0142,,1,443,0.6947359182109591,-0.0,0.6947359182109591,1,6862.8383559067815,265.531914893617,highs_pfba
b0508,,1,0,0.6947359182109591,0.6947359182109633,-4.107825191113079e-15,0,0.0,747.0868199393555,highs_pfba
b0003,,1,443,0.6947359182109591,-0.0,0.6947359182109591,1,6862.838355906777,265.5319148936171,highs_pfba
b4013,,1,443,0.6947359182109591,-0.0,0.6947359182109591,1,6862.83835590673,265.5319148936191,highs_pfba
b2021,,1,443,0.6947359182109591,-0.0,0.6947359182109591,1,6862.838355906893,265.5319148936142,highs_pfba
b2867,,2,4,0.6947359182109591,0.6947359182109633,-4.107825191113079e-15,0,9.60083979694781e-08,747.0868199393558,highs_pfba
b2866,,2,4,0.6947359182109591,0.6947359182109633,-4.107825191113079e-15,0,9.60083979694781e-08,747.0868199393558,highs_pfba
b2868,,2,4,0.6947359182109591,0.6947359182109633,-4.107825191113079e-15,0,9.60083979694781e-08,747.0868199393558,highs_pfba
b2994,,3,4,0.6947359182109591,0.6947359182109591,0.0,0,9.600839795681345e-08,747.0868199393551,highs_pfba
b0973,,3,4,0.6947359182109591,0.6947359182109591,0.0,0,9.600839795681345e-08,747.0868199393551,highs_pfba
b0974,,3,4,0.6947359182109591,0.6947359182109591,0.0,0,9.600839795681345e-08,747.0868199393551,highs_pfba
b2997,,3,4,0.6947359182109591,0.6947359182109591,0.0,0,9.600839795681345e-08,747.0868199393551,highs_pfba
b2995,,3,4,0.6947359182109591,0.6947359182109591,0.0,0,9.600839795681345e-08,747.0868199393551,highs_pfba
b2996,,3,4,0.6947359182109591,0.6947359182109591,0.0,0,9.600839795681345e-08,747.0868199393551,highs_pfba
b0972,,3,4,0.6947359182109591,0.6947359182109591,0.0,0,9.600839795681345e-08,747.0868199393551,highs_pfba
b2530,,6,443,0.6947359182109591,-0.0,0.6947359182109591,1,6862.838355906775,265.5319148936172,highs_pfba
b2529,,6,173,0.6947359182109591,0.6947321397089118,3.778502047357968e-06,0,1.5247594633085629e-06,747.0864550702224,highs_pfba
b3807,,4,443,0.6947359182109591,-0.0,0.6947359182109591,1,6862.838355906784,265.53191489361694,highs_pfba
b2528,,2,176,0.6947359182109591,0.6947321397089118,3.778502047357968e-06,0,1.6282473308787364e-06,747.0864550702229,highs_pfba
b1136,,1,442,0.6947359182109591,-0.0,0.6947359182109591,1,8038.508406733671,272.72727272727275,highs_pfba
b2265,,1,0,0.6947359182109591,0.6947359182109591,0.0,0,0.0,747.086819939353,highs_pfba
b0593,,1,0,0.6947359182109591,0.6947359182109591,0.0,0,0.0,747.0868199393523,highs_pfba
b0595,,1,8,0.6947359182109591,0.6947359182109633,-4.107825191113079e-15,0,5.240073837998968e-05,747.0868199393578,highs_pfba
b4015,,1,0,0.6947359182109591,0.6947359182109633,-4.107825191113079e-15,0,0.0,747.0868199393501,highs_pfba
b4267,,2,4,0.6947359182109591,0.6947359182109634,-4.218847493575595e-15,0,9.600839796892782e-08,747.0868199393558,highs_pfba
b2023,,1,443,0.6947359182109591,-0.0,0.6947359182109591,1,6862.838355906893,265.5319148936142,highs_pfba
b2025,,1,443,0.6947359182109591,-0.0,0.6947359182109591,1,6862.838355906893,265.5319148936142,highs_pfba
b1262,,2,443,0.6947359182109591,-0.0,0.6947359182109591,1,6862.8383559067815,265.531914893617,highs_pfba
b3770,,4,443,0.6947359182109591,-0.0,0.6947359182109591,1,6862.838355906781,265.531914893617,highs_pfba
b0026,,1,0,0.6947359182109591,0.6947359182109591,0.0,0,0.0,747.0868199393523,highs_pfba
b0401,,3,0,0.6947359182109591,0.6947359182109635,-4.3298697960381105e-15,0,0.0,747.0868199393581,highs_pfba
b2508,,1,345,0.6947359182109591,0.6930595234691515,0.0016763947418076963,0,0.24462940751837123,747.9379314751926,highs_pfba
b3265,,1,0,0.6947359182109591,0.6947359182109591,0.0,0,0.0,747.0868199393519,highs_pfba
b3266,,1,0,0.6947359182109591,0.6947359182109591,0.0,0,0.0,747.0868199393519,highs_pfba
b3161,,2,8,0.6947359182109591,0.6947359182109634,-4.218847493575595e-15,0,5.24007383799886e-05,747.0868199393575,highs_pfba
b3679,,1,0,0.6947359182109591,0.6947359182109591,0.0,0,0.0,747.0868199393523,highs_pfba
b2889,,1,4,0.6947359182109591,0.6947359182109635,-4.3298697960381105e-15,0,5.230472998200908e-05,747.0868199393555,highs_pfba
b0073,,1,443,0.6947359182109591,-0.0,0.6947359182109591,1,6862.838355906779,265.5319148936171,highs_pfba
b0071,,2,443,0.6947359182109591,-0.0,0.6947359182109591,1,6862.838355906776,265.5319148936171,highs_pfba
b0072,,2,443,0.6947359182109591,-0.0,0.6947359182109591,1,6862.838355906776,265.5319148936171,highs_pfba
b0074,,1,443,0.6947359182109591,-0.0,0.6947359182109591,1,6862.838355906779,265.5319148936171,highs_pfba
b0918,,1,443,0.6947359182109591,-0.0,0.6947359182109591,1,6862.83835590679,265.5319148936171,highs_pfba
b3198,,1,443,0.6947359182109591,-0.0,0.6947359182109591,1,6862.838355906776,265.5319148936171,highs_pfba
b1215,,1,443,0.6947359182109591,-0.0,0.6947359182109591,1,6862.83835590679,265.5319148936171,highs_pfba
b4196,,1,0,0.6947359182109591,0.6947359182109591,0.0,0,0.0,747.0868199393523,highs_pfba
b3581,,1,0,0.6947359182109591,0.6947359182109591,0.0,0,0.0,747.0868199393523,highs_pfba
b0697,,1,4,0.6947359182109591,0.6947359182109633,-4.107825191113079e-15,0,5.2304729982009064e-05,747.0868199393522,highs_pfba
b4513,,1,4,0.6947359182109591,0.6947359182109633,-4.107825191113079e-15,0,5.2304729982009064e-05,747.0868199393522,highs_pfba
b0698,,1,4,0.6947359182109591,0.6947359182109633,-4.107825191113079e-15,0,5.2304729982009064e-05,747.0868199393522,highs_pfba
b0696,,1,4,0.6947359182109591,0.6947359182109633,-4.107825191113079e-15,0,5.2304729982009064e-05,747.0868199393522,highs_pfba
b3747,,1,318,0.6947359182109591,0.6937279741677901,0.0010079440431690623,0,0.04508581998543351,747.0233410475355,highs_pfba
b1363,,1,318,0.6947359182109591,0.6937279741677901,0.0010079440431690623,0,0.04508581998543351,747.0233410475355,highs_pfba
b1250,,1,318,0.6947359182109591,0.6937279741677901,0.0010079440431690623,0,0.04508581998543351,747.0233410475355,highs_pfba
b3849,,1,318,0.6947359182109591,0.6937279741677901,0.0010079440431690623,0,0.04508581998543351,747.0233410475355,highs_pfba
b1291,,1,318,0.6947359182109591,0.6937279741677901,0.0010079440431690623,0,0.04508581998543351,747.0233410475355,highs_pfba
b3290,,1,318,0.6947359182109591,0.6937279741677901,0.0010079440431690623,0,0.04508581998543351,747.0233410475355,highs_pfba
b0047,,1,8,0.6947359182109591,0.6947359182109634,-4.218847493575595e-15,0,5.2400738379966856e-05,747.0868199393531,highs_pfba
b0842,,2,8,0.6947359182109591,0.6947359182109591,0.0,0,5.24007383804032e-05,747.0868199393534,highs_pfba
b3350,,1,8,0.6947359182109591,0.6947359182109634,-4.218847493575595e-15,0,5.2400738379966856e-05,747.0868199393531,highs_pfba
b3605,,2,4,0.6947359182109591,0.6947359182109591,0.0,0,9.600839794126444e-08,747.0868199393519,highs_pfba
b0306,,2,4,0.6947359182109591,0.6947359182109591,0.0,0,9.600839794126444e-08,747.0868199393519,highs_pfba
b0307,,2,4,0.6947359182109591,0.6947359182109591,0.0,0,9.600839794126444e-08,747.0868199393519,highs_pfba
b0308,,2,4,0.6947359182109591,0.6947359182109591,0.0,0,9.600839794126444e-08,747.0868199393519,highs_pfba
b2257,,1,8,0.6947359182109591,0.6947359182109634,-4.218847493575595e-15,0,5.2400738379975394e-05,747.0868199393551,highs_pfba
b0344,,1,0,0.6947359182109591,0.6947359182109591,0.0,0,0.0,747.0868199393523,highs_pfba
b2132,,1,4,0.6947359182109591,0.6947359182109591,0.0,0,5.230472998200875e-05,747.0868199393517,highs_pfba
b1326,,1,0,0.6947359182109591,0.6947359182109635,-4.3298697960381105e-15,0,0.0,747.0868199393553,highs_pfba
b4130,,2,0,0.6947359182109591,0.6947359182109591,0.0,0,0.0,747.0868199393523,highs_pfba
b3496,,2,0,0.6947359182109591,0.6947359182109591,0.0,0,0.0,747.0868199393523,highs_pfba
b0709,,2,0,0.6947359182109591,0.6947359182109591,0.0,0,0.0,747.0868199393523,highs_pfba
b1634,,2,0,0.6947359182109591,0.6947359182109591,0.0,0,0.0,747.0868199393523,highs_pfba
b2799,,1,4,0.6947359182109591,0.6947359182109634,-4.218847493575595e-15,0,5.230472998200908e-05,747.0868199393581,highs_pfba
b2170,,1,4,0.6947359182109591,0.6947359182109591,0.0,0,5.230472998200875e-05,747.0868199393524,highs_pfba
b0070,,1,4,0.6947359182109591,0.6947359182109591,0.0,0,5.230472998200875e-05,747.0868199393524,highs_pfba
b0343,,1,4,0.6947359182109591,0.6947359182109591,0.0,0,9.600839794786934e-08,747.0868199393533,highs_pfba
b1380,,1,4,0.6947359182109591,0.6947359182109634,-4.218847493575595e-15,0,5.230472998200908e-05,747.0868199393537,highs_pfba
b2133,,2,4,0.6947359182109591,0.6947359182109591,0.0,0,9.600839794126444e-08,747.0868199393519,highs_pfba
b4054,,3,443,0.6947359182109591,-0.0,0.6947359182109591,1,6862.838355906781,265.531914893617,highs_pfba
b0642,,1,0,0.6947359182109591,0.6947359182109591,0.0,0,0.0,747.0868199393523,highs_pfba
b3458,,1,8,0.6947359182109591,0.6947359182109633,-4.107825191113079e-15,0,5.2400738379977576e-05,747.0868199393553,highs_pfba
b1651,,1,4,0.6947359182109591,0.6947359182109591,0.0,0,5.230472998200875e-05,747.0868199393534,highs_pfba
b0622,,2,8,0.6947359182109591,0.6947359182109591,0.0,0,5.240073837995442e-05,747.0868199393527,highs_pfba
b4386,,3,0,0.6947359182109591,0.6947359182109591,0.0,0,0.0,747.0868199393498,highs_pfba
b0630,,1,0,0.6947359182109591,0.6947359182109591,0.0,0,0.0,747.0868199393498,highs_pfba
b0628,,1,0,0.6947359182109591,0.6947359182109591,0.0,0,0.0,747.0868199393523,highs_pfba
b0182,,1,443,0.6947359182109591,-0.0,0.6947359182109591,1,6862.838355906781,265.531914893617,highs_pfba
b0494,,21,4,0.6947359182109591,0.6947359182109633,-4.107825191113079e-15,0,9.600839798117428e-08,747.0868199393582,highs_pfba
b3825,,35,8,0.6947359182109591,0.6947359182109591,0.0,0,5.240073837995084e-05,747.0868199393522,highs_pfba
b0186,,1,4,0.6947359182109591,0.6947359182109633,-4.107825191113079e-15,0,5.2304729982009064e-05,747.0868199393537,highs_pfba
b4131,,1,4,0.6947359182109591,0.6947359182109633,-4.107825191113079e-15,0,5.2304729982009064e-05,747.0868199393537,highs_pfba
b2890,,1,0,0.6947359182109591,0.6947359182109591,0.0,0,0.0,747.0868199393523,highs_pfba
b2156,,1,4,0.6947359182109591,0.6947359182109634,-4.218847493575595e-15,0,5.230472998200908e-05,747.0868199393569,highs_pfba
b3903,,2,0,0.6947359182109591,0.6947359182109591,0.0,0,0.0,747.0868199393565,highs_pfba
b3907,,2,0,0.6947359182109591,0.6947359182109591,0.0,0,0.0,747.0868199393523,highs_pfba
b3600,,1,0,0.6947359182109591,0.6947359182109591,0.0,0,0.0,747.0868199393523,highs_pfba
b0777,,1,443,0.6947359182109591,-0.0,0.6947359182109591,1,6862.838355906781,265.531914893617,highs_pfba
b1800,,1,0,0.6947359182109591,0.6947359182109591,0.0,0,0.0,747.0868199393523,highs_pfba
b4014,,1,138,0.6947359182109591,0.6947330352032902,2.8830076689301265e-06,0,5.366448840501895e-05,747.0872735660173,highs_pfba
b2976,,1,138,0.6947359182109591,0.6947330352032902,2.8830076689301265e-06,0,5.366448840501895e-05,747.0872735660173,highs_pfba
b2049,,1,0,0.6947359182109591,0.6947359182109591,0.0,0,0.0,747.0868199393523,highs_pfba
b1613,,1,0,0.6947359182109591,0.6947359182109615,-2.3314683517128287e-15,0,0.0,747.0868199393539,highs_pfba
b4323,,1,4,0.6947359182109591,0.6947359182109591,0.0,0,5.230472998200875e-05,747.0868199393501,highs_pfba
b0731,,1,0,0.6947359182109591,0.6947359182109591,0.0,0,0.0,747.0868199393523,highs_pfba
b0732,,1,0,0.6947359182109591,0.6947359182109591,0.0,0,0.0,747.0868199393523,highs_pfba
b0334,,1,4,0.6947359182109591,0.6947359182109633,-4.107825191113079e-15,0,9.600839797092293e-08,747.086819939356,highs_pfba
b0331,,1,4,0.6947359182109591,0.6947359182109633,-4.107825191113079e-15,0,9.60083979687901e-08,747.0868199393555,highs_pfba
b0333,,1,4,0.6947359182109591,0.6947359182109633,-4.107825191113079e-15,0,9.600839798089907e-08,747.0868199393582,highs_pfba
b1092,,1,443,0.6947359182109591,-0.0,0.6947359182109591,1,6862.838355906777,265.5319148936171,highs_pfba
b2521,,1,0,0.6947359182109591,0.6947359182109591,0.0,0,0.0,747.0868199393523,highs_pfba
b0149,,5,443,0.6947359182109591,-0.0,0.6947359182109591,1,6862.838355906777,265.5319148936171,highs_pfba
b0635,,2,443,0.6947359182109591,-0.0,0.6947359182109591,1,6862.8383559067925,265.5319148936169,highs_pfba
b3396,,5,443,0.6947359182109591,-0.0,0.6947359182109591,1,6862.838355906777,265.5319148936171,highs_pfba
b0084,,2,443,0.6947359182109591,-0.0,0.6947359182109591,1,6862.8383559067925,265.5319148936169,highs_pfba
b0839,,5,8,0.6947359182109591,0.6947359182109591,0.0,0,5.2400738379954415e-05,747.0868199393527,highs_pfba
b2010,,5,8,0.6947359182109591,0.6947359182109591,0.0,0,5.2400738379954415e-05,747.0868199393527,highs_pfba
b3182,,9,8,0.6947359182109591,0.6947359182109633,-4.107825191113079e-15,0,5.2400738379977576e-05,747.0868199393551,highs_pfba
b0632,,5,8,0.6947359182109591,0.6947359182109591,0.0,0,5.2400738379954415e-05,747.0868199393527,highs_pfba
b2134,,4,4,0.6947359182109591,0.6947359182109633,-4.107825191113079e-15,0,9.6008397976427e-08,747.0868199393568,highs_pfba
b2328,,4,4,0.6947359182109591,0.6947359182109633,-4.107825191113079e-15,0,9.6008397976427e-08,747.0868199393568,highs_pfba
b3236,,1,419,0.6947359182109591,0.6631936907384669,0.031542227472492246,0,69.32559187434677,736.6247991431728,highs_pfba
b2210,,2,4,0.6947359182109591,0.6947359182109591,0.0,0,9.600839794030123e-08,747.0868199393519,highs_pfba
b1479,,1,4,0.6947359182109591,0.6947359182109634,-4.218847493575595e-15,0,5.230472998200908e-05,747.0868199393577,highs_pfba
b2463,,1,4,0.6947359182109591,0.6947359182109634,-4.218847493575595e-15,0,5.230472998200908e-05,747.0868199393589,highs_pfba
b2515,,1,443,0.6947359182109591,-0.0,0.6947359182109591,1,6862.838355906776,265.5319148936171,highs_pfba
b2746,,1,443,0.6947359182109591,-0.0,0.6947359182109591,1,6862.838355906776,265.5319148936171,highs_pfba
b4120,,1,4,0.6947359182109591,0.6947359182109591,0.0,0,5.230472998200875e-05,747.0868199393522,highs_pfba
b2747,,1,443,0.6947359182109591,-0.0,0.6947359182109591,1,6862.838355906776,265.5319148936171,highs_pfba
b2942,,1,443,0.6947359182109591,-0.0,0.6947359182109591,1,6862.8383559067815,265.531914893617,highs_pfba
b0199,,2,0,0.6947359182109591,0.6947359182109591,0.0,0,0.0,747.0868199393523,highs_pfba
b0197,,2,0,0.6947359182109591,0.6947359182109591,0.0,0,0.0,747.0868199393523,highs_pfba
b0198,,2,0,0.6947359182109591,0.6947359182109591,0.0,0,0.0,747.0868199393523,highs_pfba
b4019,,1,443,0.6947359182109591,-0.0,0.6947359182109591,1,6862.838355906779,265.53191489361706,highs_pfba
b3829,,1,443,0.6947359182109591,-0.0,0.6947359182109591,1,6862.838355906779,265.53191489361706,highs_pfba
b4219,,1,4,0.6947359182109591,0.6947359182109591,0.0,0,5.230472998200875e-05,747.0868199393522,highs_pfba
b1778,,1,4,0.6947359182109591,0.6947359182109591,0.0,0,5.230472998200875e-05,747.0868199393522,highs_pfba
b2114,,1,0,0.6947359182109591,0.6947359182109591,0.0,0,0.0,747.0868199393523,highs_pfba
b4242,,2,4,0.6947359182109591,0.6947359182109591,0.0,0,9.600839795330462e-08,747.0868199393543,highs_pfba
b0963,,1,4,0.6947359182109591,0.6947359182109633,-4.107825191113079e-15,0,5.2304729982009064e-05,747.0868199393553,highs_pfba
b0403,,5,4,0.6947359182109591,0.6947359182109634,-4.218847493575595e-15,0,9.600839798103682e-08,747.0868199393578,highs_pfba
b4392,,4,8,0.6947359182109591,0.6947359182109624,-3.219646771412954e-15,0,5.2400738381047684e-05,747.0868199393548,highs_pfba
b2963,,4,8,0.6947359182109591,0.6947359182109624,-3.219646771412954e-15,0,5.2400738381047684e-05,747.0868199393548,highs_pfba
b2558,,4,8,0.6947359182109591,0.6947359182109624,-3.219646771412954e-15,0,5.2400738381047684e-05,747.0868199393548,highs_pfba
b2813,,4,8,0.6947359182109591,0.6947359182109624,-3.219646771412954e-15,0,5.2400738381047684e-05,747.0868199393548,highs_pfba
b2701,,4,8,0.6947359182109591,0.6947359182109624,-3.219646771412954e-15,0,5.2400738381047684e-05,747.0868199393548,highs_pfba
b1193,,4,8,0.6947359182109591,0.6947359182109624,-3.219646771412954e-15,0,5.2400738381047684e-05,747.0868199393548,highs_pfba
b2919,,1,4,0.6947359182109591,0.6947359182109633,-4.107825191113079e-15,0,5.2304729982009064e-05,747.0868199393551,highs_pfba
b0260,,1,0,0.6947359182109591,0.6947359182109591,0.0,0,0.0,747.0868199393523,highs_pfba
b2917,,1,4,0.6947359182109591,0.6947359182109633,-4.107825191113079e-15,0,5.2304729982009064e-05,747.0868199393551,highs_pfba
b3599,,1,0,0.6947359182109591,0.6947359182109591,0.0,0,0.0,747.0868199393523,highs_pfba
b4322,,1,4,0.6947359182109591,0.6947359182109591,0.0,0,5.230472998200875e-05,747.0868199393519,highs_pfba
b0784,,2,443,0.6947359182109591,-0.0,0.6947359182109591,1,6862.838355906779,265.53191489361706,highs_pfba
b3633,,2,443,0.6947359182109591,-0.0,0.6947359182109591,1,6862.838355906764,265.53191489361745,highs_pfba
b3624,,1,8,0.6947359182109591,0.6947359182109616,-2.4424906541753444e-15,0,5.240073837997965e-05,747.0868199393567,highs_pfba
b3917,,3,443,0.6947359182109591,-0.0,0.6947359182109591,1,6862.838355906779,265.5319148936171,highs_pfba
b0763,,3,443,0.6947359182109591,-0.0,0.6947359182109591,1,6862.838355906779,265.5319148936171,highs_pfba
b2423,,5,443,0.6947359182109591,-0.0,0.6947359182109591,1,6862.838355906779,265.5319148936171,highs_pfba
b0765,,3,443,0.6947359182109591,-0.0,0.6947359182109591,1,6862.838355906779,265.5319148936171,highs_pfba
b2425,,5,443,0.6947359182109591,-0.0,0.6947359182109591,1,6862.838355906779,265.5319148936171,highs_pfba
b2422,,5,443,0.6947359182109591,-0.0,0.6947359182109591,1,6862.838355906779,265.5319148936171,highs_pfba
b0764,,3,443,0.6947359182109591,-0.0,0.6947359182109591,1,6862.838355906779,265.5319148936171,highs_pfba
b2424,,5,443,0.6947359182109591,-0.0,0.6947359182109591,1,6862.838355906779,265.5319148936171,highs_pfba
b2877,,1,0,0.6947359182109591,0.6947359182109591,0.0,0,0.0,747.0868199393523,highs_pfba
b0134,,1,443,0.6947359182109591,-0.0,0.6947359182109591,1,6862.838355906781,265.531914893617,highs_pfba
b0009,,1,443,0.6947359182109591,-0.0,0.6947359182109591,1,6862.838355906779,265.53191489361706,highs_pfba
b2519,,2,443,0.6947359182109591,-0.0,0.6947359182109591,1,6862.838355906778,265.5319148936171,highs_pfba
b1069,,2,443,0.6947359182109591,-0.0,0.6947359182109591,1,6862.838355906778,265.5319148936171,highs_pfba
b0785,,1,443,0.6947359182109591,-0.0,0.6947359182109591,1,6862.838355906779,265.53191489361706,highs_pfba
b0826,,1,443,0.6947359182109591,-0.0,0.6947359182109591,1,6862.838355906779,265.53191489361706,highs_pfba
b1008,,1,4,0.6947359182109591,0.6947359182109633,-4.107825191113079e-15,0,9.600839797979827e-08,747.0868199393578,highs_pfba
b0529,,2,418,0.6947359182109591,0.6753027786633987,0.01943313954756043,0,12.755463291239783,751.8524798113469,highs_pfba
b3941,,1,443,0.6947359182109591,-0.0,0.6947359182109591,1,6862.838355906779,265.53191489361706,highs_pfba
b1059,,2,0,0.6947359182109591,0.6947359182109591,0.0,0,0.0,747.0868199393523,highs_pfba
b3996,,1,8,0.6947359182109591,0.6947359182109591,0.0,0,5.240073837994258e-05,747.0868199393503,highs_pfba
b2411,,1,8,0.6947359182109591,0.6947359182109591,0.0,0,5.240073837994258e-05,747.0868199393503,highs_pfba
b1109,,3,8,0.6947359182109591,0.6947359182109634,-4.218847493575595e-15,0,5.240073837999121e-05,747.0868199393583,highs_pfba
b2284,,3,424,0.6947359182109591,0.45230375728587197,0.24243216092508718,0,3615.413352127352,696.3590928647945,highs_pfba
b2288,,3,424,0.6947359182109591,0.45230375728587197,0.24243216092508718,0,3615.413352127352,696.3590928647945,highs_pfba
b2280,,3,424,0.6947359182109591,0.45230375728587197,0.24243216092508718,0,3615.413352127352,696.3590928647945,highs_pfba
b2282,,3,424,0.6947359182109591,0.45230375728587197,0.24243216092508718,0,3615.413352127352,696.3590928647945,highs_pfba
b2277,,3,424,0.6947359182109591,0.45230375728587197,0.24243216092508718,0,3615.413352127352,696.3590928647945,highs_pfba
b2287,,3,424,0.6947359182109591,0.45230375728587197,0.24243216092508718,0,3615.413352127352,696.3590928647945,highs_pfba
b2276,,3,424,0.6947359182109591,0.45230375728587197,0.24243216092508718,0,3615.413352127352,696.3590928647945,highs_pfba
b2278,,3,424,0.6947359182109591,0.45230375728587197,0.24243216092508718,0,3615.413352127352,696.3590928647945,highs_pfba
b2286,,3,424,0.6947359182109591,0.45230375728587197,0.24243216092508718,0,3615.413352127352,696.3590928647945,highs_pfba
b2283,,3,424,0.6947359182109591,0.45230375728587197,0.24243216092508718,0,3615.413352127352,696.3590928647945,highs_pfba
b2279,,3,424,0.6947359182109591,0.45230375728587197,0.24243216092508718,0,3615.413352127352,696.3590928647945,highs_pfba
b2285,,3,424,0.6947359182109591,0.45230375728587197,0.24243216092508718,0,3615.413352127352,696.3590928647945,highs_pfba
b2281,,3,424,0.6947359182109591,0.45230375728587197,0.24243216092508718,0,3615.413352127352,696.3590928647945,highs_pfba
b2615,,1,443,0.6947359182109591,-0.0,0.6947359182109591,1,6862.838355906782,265.53191489361694,highs_pfba
b3028,,3,8,0.6947359182109591,0.6947359182109634,-4.218847493575595e-15,0,5.240073837997539e-05,747.0868199393552,highs_pfba
b1740,,1,443,0.6947359182109591,-0.0,0.6947359182109591,1,6862.838355906779,265.53191489361706,highs_pfba
b1602,,2,4,0.6947359182109591,0.6947359182109633,-4.107825191113079e-15,0,9.60083979694781e-08,747.0868199393558,highs_pfba
b1603,,2,4,0.6947359182109591,0.6947359182109633,-4.107825191113079e-15,0,9.60083979694781e-08,747.0868199393558,highs_pfba
b3962,,1,8,0.6947359182109591,0.6947359182109591,0.0,0,5.2400738379953046e-05,747.0868199393526,highs_pfba
b0931,,1,8,0.6947359182109591,0.6947359182109591,0.0,0,5.2400738379953046e-05,747.0868199393512,highs_pfba
b1186,,1,8,0.6947359182109591,0.6947359182109634,-4.218847493575595e-15,0,5.240073837996438e-05,747.0868199393526,highs_pfba
b0019,,1,8,0.6947359182109591,0.6947359182109634,-4.218847493575595e-15,0,5.240073837996438e-05,747.0868199393526,highs_pfba
b2518,,8,443,0.6947359182109591,-0.0,0.6947359182109591,1,6862.838355906774,265.5319148936171,highs_pfba
b0451,,1,443,0.6947359182109591,-0.0,0.6947359182109591,1,6862.838355906781,265.531914893617,highs_pfba
b2711,,1,8,0.6947359182109591,0.6947359182109591,0.0,0,5.240073837996612e-05,747.0868199393551,highs_pfba
b2710,,1,8,0.6947359182109591,0.6947359182109591,0.0,0,5.240073837996612e-05,747.0868199393551,highs_pfba
b3477,,1,8,0.6947359182109591,0.6947359182109634,-4.218847493575595e-15,0,5.240073837998234e-05,747.0868199393565,highs_pfba
b3476,,1,8,0.6947359182109591,0.6947359182109634,-4.218847493575595e-15,0,5.240073837998234e-05,747.0868199393565,highs_pfba
b3479,,1,8,0.6947359182109591,0.6947359182109634,-4.218847493575595e-15,0,5.240073837998234e-05,747.0868199393565,highs_pfba
b3480,,1,8,0.6947359182109591,0.6947359182109634,-4.218847493575595e-15,0,5.240073837998234e-05,747.0868199393565,highs_pfba
b3478,,1,8,0.6947359182109591,0.6947359182109634,-4.218847493575595e-15,0,5.240073837998234e-05,747.0868199393565,highs_pfba
b4390,,1,8,0.6947359182109591,0.6947359182109634,-4.218847493575595e-15,0,5.24007383799908e-05,747.0868199393581,highs_pfba
b0639,,2,443,0.6947359182109591,-0.0,0.6947359182109591,1,6862.838355906781,265.531914893617,highs_pfba
b0751,,1,0,0.6947359182109591,0.6947359182109591,0.0,0,0.0,747.0868199393523,highs_pfba
b1768,,1,8,0.6947359182109591,0.6947359182109591,0.0,0,5.2400738379953046e-05,747.0868199393512,highs_pfba
b1991,,1,0,0.6947359182109591,0.6947359182109591,0.0,0,0.0,747.0868199393523,highs_pfba
b0109,,1,443,0.6947359182109591,-0.0,0.6947359182109591,1,6862.838355906801,265.5319148936165,highs_pfba
b3367,,1,8,0.6947359182109591,0.6947359182109591,0.0,0,5.24007383799558e-05,747.0868199393533,highs_pfba
b1223,,2,4,0.6947359182109591,0.6947359182109591,0.0,0,9.600839794126444e-08,747.0868199393519,highs_pfba
b2206,,2,4,0.6947359182109591,0.6947359182109591,0.0,0,9.600839794126444e-08,747.0868199393519,highs_pfba
b2204,,1,8,0.6947359182109591,0.6947359182109591,0.0,0,5.240073837995167e-05,747.0868199393519,highs_pfba
b2203,,2,4,0.6947359182109591,0.6947359182109591,0.0,0,9.600839794126444e-08,747.0868199393519,highs_pfba
b2205,,1,8,0.6947359182109591,0.6947359182109591,0.0,0,5.240073837995167e-05,747.0868199393519,highs_pfba
b2202,,2,4,0.6947359182109591,0.6947359182109591,0.0,0,9.600839794126444e-08,747.0868199393519,highs_pfba
b1468,,2,4,0.6947359182109591,0.6947359182109591,0.0,0,9.600839794566769e-08,747.0868199393527,highs_pfba
b1226,,2,4,0.6947359182109591,0.6947359182109591,0.0,0,9.600839794566769e-08,747.0868199393527,highs_pfba
b1227,,2,4,0.6947359182109591,0.6947359182109591,0.0,0,9.600839794566769e-08,747.0868199393527,highs_pfba
b1225,,2,4,0.6947359182109591,0.6947359182109591,0.0,0,9.600839794566769e-08,747.0868199393527,highs_pfba
b1465,,2,4,0.6947359182109591,0.6947359182109591,0.0,0,9.600839794566769e-08,747.0868199393527,highs_pfba
b1224,,2,4,0.6947359182109591,0.6947359182109591,0.0,0,9.600839794566769e-08,747.0868199393527,highs_pfba
b1466,,2,4,0.6947359182109591,0.6947359182109591,0.0,0,9.600839794566769e-08,747.0868199393527,highs_pfba
b1467,,2,4,0.6947359182109591,0.6947359182109591,0.0,0,9.600839794566769e-08,747.0868199393527,highs_pfba
b1469,,1,8,0.6947359182109591,0.6947359182109591,0.0,0,5.240073837995607e-05,747.0868199393531,highs_pfba
b2552,,2,4,0.6947359182109591,0.6947359182109591,0.0,0,9.600839793741158e-08,747.0868199393509,highs_pfba
b4374,,3,8,0.6947359182109591,0.6947359182109547,4.440892098500626e-15,0,5.2400738379913215e-05,747.0868199393466,highs_pfba
b2291,,6,0,0.6947359182109591,0.69473591821095,9.103828801926284e-15,0,0.0,747.0868199393449,highs_pfba
b2744,,14,8,0.6947359182109591,0.6947359182109633,-4.107825191113079e-15,0,5.2400738379977576e-05,747.0868199393556,highs_pfba
b0480,,17,4,0.6947359182109591,0.6947359182109591,0.0,0,9.600839795330462e-08,747.0868199393543,highs_pfba
b4161,,4,8,0.6947359182109591,0.6947359182109591,0.0,0,5.2400738379953046e-05,747.0868199393512,highs_pfba
b0650,,1,8,0.6947359182109591,0.6947359182109591,0.0,0,5.2400738379953046e-05,747.0868199393526,highs_pfba
b4394,,3,0,0.6947359182109591,0.6947359182109634,-4.218847493575595e-15,0,0.0,747.0868199393583,highs_pfba
b0980,,2,0,0.6947359182109591,0.6947359182109591,0.0,0,0.0,747.0868199393523,highs_pfba
b2781,,8,4,0.6947359182109591,0.6947359182109633,-4.107825191113079e-15,0,9.60083979687901e-08,747.0868199393555,highs_pfba
b2954,,3,0,0.6947359182109591,0.6947359182109633,-4.107825191113079e-15,0,0.0,747.0868199393542,highs_pfba
b1759,,2,4,0.6947359182109591,0.6947359182109591,0.0,0,9.600839794470448e-08,747.0868199393522,highs_pfba
b0160,,2,4,0.6947359182109591,0.6947359182109615,-2.3314683517128287e-15,0,9.600839797071424e-08,747.0868199393569,highs_pfba
b3365,,1,8,0.6947359182109591,0.6947359182109591,0.0,0,5.240073837995346e-05,747.0868199393522,highs_pfba
b3366,,1,8,0.6947359182109591,0.6947359182109591,0.0,0,5.240073837995346e-05,747.0868199393522,highs_pfba
b4073,,2,4,0.6947359182109591,0.6947359182109591,0.0,0,9.600839793548514e-08,747.0868199393508,highs_pfba
b4071,,2,4,0.6947359182109591,0.6947359182109591,0.0,0,9.600839793548514e-08,747.0868199393508,highs_pfba
b4070,,2,4,0.6947359182109591,0.6947359182109591,0.0,0,9.600839793548514e-08,747.0868199393508,highs_pfba
b4072,,2,4,0.6947359182109591,0.6947359182109591,0.0,0,9.600839793548514e-08,747.0868199393508,highs_pfba
b2035,,3,0,0.6947359182109591,0.6947359182109591,0.0,0,0.0,747.0868199393523,highs_pfba
b2027,,3,0,0.6947359182109591,0.6947359182109591,0.0,0,0.0,747.0868199393523,highs_pfba
b2033,,1,0,0.6947359182109591,0.6947359182109591,0.0,0,0.0,747.0868199393523,highs_pfba
b2037,,1,0,0.6947359182109591,0.6947359182109591,0.0,0,0.0,747.0868199393523,highs_pfba
b2034,,1,0,0.6947359182109591,0.6947359182109591,0.0,0,0.0,747.0868199393523,highs_pfba
b2032,,1,0,0.6947359182109591,0.6947359182109591,0.0,0,0.0,747.0868199393523,highs_pfba
b3114,,2,4,0.6947359182109591,0.6947359182109633,-4.107825191113079e-15,0,9.600839795778193e-08,747.0868199393526,highs_pfba
b0903,,2,4,0.6947359182109591,0.6947359182109633,-4.107825191113079e-15,0,9.600839795778193e-08,747.0868199393526,highs_pfba
b0902,,2,4,0.6947359182109591,0.6947359182109633,-4.107825191113079e-15,0,9.600839795778193e-08,747.0868199393526,highs_pfba
b2579,,2,4,0.6947359182109591,0.6947359182109633,-4.107825191113079e-15,0,9.600839795778193e-08,747.0868199393526,highs_pfba
b0273,,1,443,0.6947359182109591,-0.0,0.6947359182109591,1,6862.83835590678,265.531914893617,highs_pfba
b4254,,1,443,0.6947359182109591,-0.0,0.6947359182109591,1,6862.83835590678,265.531914893617,highs_pfba
b3187,,1,443,0.6947359182109591,-0.0,0.6947359182109591,1,6862.838355906781,265.531914893617,highs_pfba
b0907,,2,443,0.6947359182109591,-0.0,0.6947359182109591,1,6862.838355906795,265.5319148936171,highs_pfba
b0662,,1,0,0.6947359182109591,0.6947359182109633,-4.107825191113079e-15,0,0.0,747.0868199393555,highs_pfba
b1281,,1,443,0.6947359182109591,-0.0,0.6947359182109591,1,6862.838355906781,265.531914893617,highs_pfba
b2907,,1,0,0.6947359182109591,0.6947359182109633,-4.107825191113079e-15,0,0.0,747.0868199393555,highs_pfba
b0350,,1,0,0.6947359182109591,0.6947359182109591,0.0,0,0.0,747.0868199393523,highs_pfba
b3843,,1,443,0.6947359182109591,-0.0,0.6947359182109591,1,6862.838355906782,265.5319148936169,highs_pfba
b2311,,1,443,0.6947359182109591,-0.0,0.6947359182109591,1,6862.838355906782,265.5319148936169,highs_pfba
b3835,,1,45,0.6947359182109591,0.6947355338085578,3.8440240135440007e-07,0,1.7259823312489688e-07,747.0873637923182,highs_pfba
b2965,,1,8,0.6947359182109591,0.6947359182109634,-4.218847493575595e-15,0,5.2400738379980205e-05,747.086819939356,highs_pfba
b0693,,1,8,0.6947359182109591,0.6947359182109634,-4.218847493575595e-15,0,5.2400738379980205e-05,747.086819939356,highs_pfba
b3642,,1,443,0.6947359182109591,-0.0,0.6947359182109591,1,6862.838355906781,265.531914893617,highs_pfba
b2373,,1,0,0.6947359182109591,0.6947359182109591,0.0,0,0.0,747.0868199393523,highs_pfba
b1387,,1,0,0.6947359182109591,0.6947359182109591,0.0,0,0.0,747.0868199393478,highs_pfba
b1394,,2,0,0.6947359182109591,0.6947359182109591,0.0,0,0.0,747.0868199393523,highs_pfba
b1014,,2,4,0.6947359182109591,0.6947359182109615,-2.3314683517128287e-15,0,9.600839797181507e-08,747.0868199393569,highs_pfba
b0386,,1,443,0.6947359182109591,-0.0,0.6947359182109591,1,6862.838355906779,265.53191489361706,highs_pfba
b1391,,1,0,0.6947359182109591,0.6947359182109591,0.0,0,0.0,747.0868199393528,highs_pfba
b1390,,1,0,0.6947359182109591,0.6947359182109591,0.0,0,0.0,747.0868199393528,highs_pfba
b1392,,1,0,0.6947359182109591,0.6947359182109591,0.0,0,0.0,747.0868199393528,highs_pfba
b1388,,1,0,0.6947359182109591,0.6947359182109591,0.0,0,0.0,747.0868199393528,highs_pfba
b1389,,1,0,0.6947359182109591,0.6947359182109591,0.0,0,0.0,747.0868199393528,highs_pfba
b1398,,1,0,0.6947359182109591,0.6947359182109591,0.0,0,0.0,747.0868199393523,highs_pfba
b0133,,1,443,0.6947359182109591,-0.0,0.6947359182109591,1,6862.838355906781,265.531914893617,highs_pfba
b1278,,30,443,0.6947359182109591,-0.0,0.6947359182109591,1,6862.838355906779,265.53191489361706,highs_pfba
b0087,,1,443,0.6947359182109591,-0.0,0.6947359182109591,1,6862.838355906779,265.53191489361706,highs_pfba
b2762,,2,443,0.6947359182109591,-0.0,0.6947359182109591,1,6862.838355906778,265.5319148936171,highs_pfba
b1489,,2,4,0.6947359182109591,0.6947359182109591,0.0,0,9.600839794566769e-08,747.0868199393527,highs_pfba
b0114,,1,425,0.6947359182109591,0.6467928285478874,0.0479430896630717,0,1535.8614777643459,769.8504962919017,highs_pfba
b0115,,1,425,0.6947359182109591,0.6467928285478874,0.0479430896630717,0,1535.8614777643459,769.8504962919017,highs_pfba
b1638,,2,4,0.6947359182109591,0.6947359182109634,-4.218847493575595e-15,0,9.600839797223027e-08,747.0868199393565,highs_pfba
b2564,,1,443,0.6947359182109591,-0.0,0.6947359182109591,1,6862.838355906779,265.531914893617,highs_pfba
b0052,,1,443,0.6947359182109591,-0.0,0.6947359182109591,1,6862.838355906779,265.531914893617,highs_pfba
b0766,,2,4,0.6947359182109591,0.6947359182109591,0.0,0,9.60083979452549e-08,747.0868199393524,highs_pfba
b2320,,1,443,0.6947359182109591,-0.0,0.6947359182109591,1,6862.8383559067715,265.5319148936172,highs_pfba
b3546,,2,8,0.6947359182109591,0.6947359182109635,-4.3298697960381105e-15,0,5.2400738381251256e-05,747.0868199393551,highs_pfba
b1723,,1,13,0.6947359182109591,0.6947359182109633,-4.107825191113079e-15,0,89.84856932918989,751.3258886325586,highs_pfba
b3916,,3,421,0.6947359182109591,0.682803917069031,0.011932001141928161,0,169.98136015200325,747.3551111285361,highs_pfba
b3952,,1,8,0.6947359182109591,0.6947359182109633,-4.107825191113079e-15,0,5.240073837999326e-05,747.0868199393582,highs_pfba
b3951,,1,8,0.6947359182109591,0.6947359182109633,-4.107825191113079e-15,0,5.240073837999326e-05,747.0868199393582,highs_pfba
b3176,,1,443,0.6947359182109591,-0.0,0.6947359182109591,1,6862.838355906781,265.531914893617,highs_pfba
b2913,,1,420,0.6947359182109591,0.6591010706693236,0.035634847541635595,0,41.83747137803701,758.9584785851383,highs_pfba
b4025,,1,421,0.6947359182109591,0.6756502978717425,0.01908562033921668,0,385.92065225677015,754.5823764944683,highs_pfba
b2926,,1,441,0.6947359182109591,0.3829484862806518,0.31178743193030733,0,3171.9103620854853,698.0624088237707,highs_pfba
b0767,,1,419,0.6947359182109591,0.685060080599907,0.009675837611052174,0,61.13318300139447,753.6819036713599,highs_pfba
b3385,,1,0,0.6947359182109591,0.6947359182109591,0.0,0,0.0,747.0868199393523,highs_pfba
b3612,,1,433,0.6947359182109591,0.49259153328134186,0.20214438492961728,0,2089.1267053045913,727.9669329130508,highs_pfba
b0755,,1,433,0.6947359182109591,0.49259153328134186,0.20214438492961728,0,2089.1267053045913,727.9669329130508,highs_pfba
b4395,,1,433,0.6947359182109591,0.49259153328134186,0.20214438492961728,0,2089.1267053045913,727.9669329130508,highs_pfba
b0688,,1,8,0.6947359182109591,0.6947359182109634,-4.218847493575595e-15,0,5.240073837997656e-05,747.0868199393556,highs_pfba
b2690,,1,8,0.6947359182109591,0.6947359182109634,-4.218847493575595e-15,0,5.240073837997656e-05,747.0868199393556,highs_pfba
b0418,,14,8,0.6947359182109591,0.6947359182109633,-4.107825191113079e-15,0,5.2400738379985904e-05,747.0868199393572,highs_pfba
b1912,,7,4,0.6947359182109591,0.6947359182109633,-4.107825191113079e-15,0,9.600839796438683e-08,747.0868199393544,highs_pfba
b2199,,1,8,0.6947359182109591,0.6947359182109633,-4.107825191113079e-15,0,5.240073837996341e-05,747.0868199393524,highs_pfba
b2200,,1,8,0.6947359182109591,0.6947359182109633,-4.107825191113079e-15,0,5.240073837996341e-05,747.0868199393524,highs_pfba
b2197,,1,8,0.6947359182109591,0.6947359182109633,-4.107825191113079e-15,0,5.240073837996341e-05,747.0868199393524,highs_pfba
b2198,,1,8,0.6947359182109591,0.6947359182109633,-4.107825191113079e-15,0,5.240073837996341e-05,747.0868199393524,highs_pfba
b2201,,1,8,0.6947359182109591,0.6947359182109633,-4.107825191113079e-15,0,5.240073837996341e-05,747.0868199393524,highs_pfba
b1713,,1,0,0.6947359182109591,0.6947359182109591,0.0,0,0.0,747.0868199393523,highs_pfba
b1714,,1,0,0.6947359182109591,0.6947359182109591,0.0,0,0.0,747.0868199393523,highs_pfba
b1473,,3,0,0.6947359182109591,0.6947359182109634,-4.218847493575595e-15,0,0.0,747.0868199393555,highs_pfba
b0576,,2,4,0.6947359182109591,0.6947359182109591,0.0,0,9.600839793741158e-08,747.0868199393501,highs_pfba
b3493,,1,409,0.6947359182109591,0.6897830507159167,0.004952867495042423,0,1.0924523283285932,746.7748953419293,highs_pfba
b2987,,1,409,0.6947359182109591,0.6897830507159167,0.004952867495042423,0,1.0924523283285932,746.7748953419293,highs_pfba
b3725,,1,8,0.6947359182109591,0.6947359182109633,-4.107825191113079e-15,0,5.240073837998776e-05,747.0868199393575,highs_pfba
b3726,,1,8,0.6947359182109591,0.6947359182109633,-4.107825191113079e-15,0,5.240073837998776e-05,747.0868199393575,highs_pfba
b3727,,1,8,0.6947359182109591,0.6947359182109633,-4.107825191113079e-15,0,5.240073837998776e-05,747.0868199393575,highs_pfba
b3728,,1,8,0.6947359182109591,0.6947359182109633,-4.107825191113079e-15,0,5.240073837998776e-05,747.0868199393575,highs_pfba
b3821,,42,4,0.6947359182109591,0.6947359182109633,-4.107825191113079e-15,0,9.60083979687901e-08,747.0868199393551,highs_pfba
b2048,,1,4,0.6947359182109591,0.6947359182109591,0.0,0,9.600839794566769e-08,747.0868199393527,highs_pfba
b3412,,1,443,0.6947359182109591,-0.0,0.6947359182109591,1,6862.838355906781,265.531914893617,highs_pfba
b3974,,1,443,0.6947359182109591,-0.0,0.6947359182109591,1,6862.838355906781,265.531914893617,highs_pfba
b3258,,1,0,0.6947359182109591,0.6947359182109591,0.0,0,0.0,747.0868199393523,highs_pfba
b1010,,1,4,0.6947359182109591,0.6947359182109633,-4.107825191113079e-15,0,9.600839797979827e-08,747.0868199393578,highs_pfba
b1378,,1,299,0.6947359182109591,0.6945484992476327,0.0001874189633264134,0,0.03223796399429431,747.0800522659653,highs_pfba
b0871,,1,8,0.6947359182109591,0.6947359182109633,-4.107825191113079e-15,0,5.240073837996341e-05,747.0868199393524,highs_pfba
b4226,,1,8,0.6947359182109591,0.6947359182109621,-2.9976021664879227e-15,0,5.24007383799852e-05,747.0868199393574,highs_pfba
b2502,,2,4,0.6947359182109591,0.6947359182109621,-2.9976021664879227e-15,0,9.600839797346715e-08,747.086819939357,highs_pfba
b1015,,2,8,0.6947359182109591,0.6947359182109633,-4.107825191113079e-15,0,5.240073837998859e-05,747.086819939358,highs_pfba
b0369,,1,443,0.6947359182109591,-0.0,0.6947359182109591,1,6862.838355906771,265.53191489361745,highs_pfba
b3956,,1,409,0.6947359182109591,0.6896718247608246,0.005064093450134588,0,63.80199613412392,744.8629703785646,highs_pfba
b3639,,2,443,0.6947359182109591,-0.0,0.6947359182109591,1,6862.838355906781,265.531914893617,highs_pfba
b3403,,1,8,0.6947359182109591,0.6947359182109633,-4.107825191113079e-15,0,5.240073837996354e-05,747.0868199393528,highs_pfba
b2920,,1,8,0.6947359182109591,0.6947359182109634,-4.218847493575595e-15,0,5.2400738379975394e-05,747.0868199393552,highs_pfba
b2501,,2,415,0.6947359182109591,0.6713900700511833,0.023345848159775806,0,15.038945117455729,744.8324400076758,highs_pfba
b4383,,2,11,0.6947359182109591,0.6947359182109635,-4.3298697960381105e-15,0,1.6262770223891967e-06,747.087287496626,highs_pfba
b3380,,1,15,0.6947359182109591,0.6947359182109635,-4.3298697960381105e-15,0,5.39310070044593e-05,747.0872874966291,highs_pfba
b3850,,2,443,0.6947359182109591,-0.0,0.6947359182109591,1,6862.838355906777,265.5319148936171,highs_pfba
b2536,,1,0,0.6947359182109591,0.6947359182109591,0.0,0,0.0,747.0868199393523,highs_pfba
b1702,,1,8,0.6947359182109591,0.6947359182109633,-4.107825191113079e-15,0,5.24007383799781e-05,747.0868199393556,highs_pfba
b0383,,1,0,0.6947359182109591,0.6947359182109591,0.0,0,0.0,747.0868199393523,highs_pfba
b4005,,1,443,0.6947359182109591,-0.0,0.6947359182109591,1,6862.838355906776,265.5319148936171,highs_pfba
b2499,,1,443,0.6947359182109591,-0.0,0.6947359182109591,1,6862.83835590676,265.5319148936177,highs_pfba
b2026,,2,443,0.6947359182109591,-0.0,0.6947359182109591,1,6862.838355906893,265.5319148936142,highs_pfba
b2476,,1,443,0.6947359182109591,-0.0,0.6947359182109591,1,6862.838355906781,265.531914893617,highs_pfba
b2557,,1,443,0.6947359182109591,-0.0,0.6947359182109591,1,6862.83835590676,265.5319148936177,highs_pfba
b2024,,1,443,0.6947359182109591,-0.0,0.6947359182109591,1,6862.838355906779,265.53191489361706,highs_pfba
b0194,,1,0,0.6947359182109591,0.6947359182109591,0.0,0,0.0,747.0868199393523,highs_pfba
b1207,,1,13,0.6947359182109591,0.6947359182109636,-4.440892098500626e-15,0,2.1003084650123114,747.7349335195689,highs_pfba
b0908,,1,443,0.6947359182109591,-0.0,0.6947359182109591,1,6862.838355906779,265.5319148936171,highs_pfba
b4160,,7,443,0.6947359182109591,-0.0,0.6947359182109591,1,6862.838355906781,265.531914893617,highs_pfba
b4388,,1,420,0.6947359182109591,0.6591010706693236,0.035634847541635595,0,41.83747137803701,758.9584785851383,highs_pfba
b2585,,7,443,0.6947359182109591,-0.0,0.6947359182109591,1,6862.838355906779,265.53191489361706,highs_pfba
b2297,,2,430,0.6947359182109591,0.6510125079087382,0.04372341030222093,0,143.42871410209324,744.6825117878784,highs_pfba
b2458,,1,430,0.6947359182109591,0.6510125079087382,0.04372341030222093,0,143.42871410209273,744.6825117878786,highs_pfba
b3634,,1,443,0.6947359182109591,-0.0,0.6947359182109591,1,6862.838355906781,265.531914893617,highs_pfba
b0692,,2,4,0.6947359182109591,0.6947359182109634,-4.218847493575595e-15,0,9.600839798200003e-08,747.0868199393583,highs_pfba
b3073,,1,0,0.6947359182109591,0.6947359182109633,-4.107825191113079e-15,0,0.0,747.0868199393577,highs_pfba
b0854,,1,8,0.6947359182109591,0.6947359182109634,-4.218847493575595e-15,0,5.2400738379975394e-05,747.0868199393551,highs_pfba
b1123,,2,4,0.6947359182109591,0.6947359182109633,-4.107825191113079e-15,0,9.60083979685149e-08,747.0868199393556,highs_pfba
b0856,,1,8,0.6947359182109591,0.6947359182109634,-4.218847493575595e-15,0,5.2400738379975394e-05,747.0868199393551,highs_pfba
b1442,,2,4,0.6947359182109591,0.6947359182109633,-4.107825191113079e-15,0,9.60083979685149e-08,747.0868199393556,highs_pfba
b0857,,1,8,0.6947359182109591,0.6947359182109634,-4.218847493575595e-15,0,5.2400738379975394e-05,747.0868199393551,highs_pfba
b0855,,1,8,0.6947359182109591,0.6947359182109634,-4.218847493575595e-15,0,5.2400738379975394e-05,747.0868199393551,highs_pfba
b1124,,2,4,0.6947359182109591,0.6947359182109633,-4.107825191113079e-15,0,9.60083979685149e-08,747.0868199393556,highs_pfba
b1443,,2,4,0.6947359182109591,0.6947359182109633,-4.107825191113079e-15,0,9.60083979685149e-08,747.0868199393556,highs_pfba
b1440,,2,4,0.6947359182109591,0.6947359182109633,-4.107825191113079e-15,0,9.60083979685149e-08,747.0868199393556,highs_pfba
b1126,,2,4,0.6947359182109591,0.6947359182109633,-4.107825191113079e-15,0,9.60083979685149e-08,747.0868199393556,highs_pfba
b1125,,2,4,0.6947359182109591,0.6947359182109633,-4.107825191113079e-15,0,9.60083979685149e-08,747.0868199393556,highs_pfba
b1441,,2,4,0.6947359182109591,0.6947359182109633,-4.107825191113079e-15,0,9.60083979685149e-08,747.0868199393556,highs_pfba
b1296,,1,8,0.6947359182109591,0.6947359182109633,-4.107825191113079e-15,0,5.240073837996437e-05,747.0868199393526,highs_pfba
b2407,,5,4,0.6947359182109591,0.6947359182109635,-4.3298697960381105e-15,0,5.230472998334193e-05,747.0868199393551,highs_pfba
b1636,,1,8,0.6947359182109591,0.6947359182109591,0.0,0,5.240073837996557e-05,747.0868199393551,highs_pfba
b3826,,1,8,0.6947359182109591,0.6947359182109591,0.0,0,5.240073837996557e-05,747.0868199393551,highs_pfba
b1854,,1,8,0.6947359182109591,0.6947359182109633,-4.107825191113079e-15,0,5.240073837996341e-05,747.0868199393523,highs_pfba
b1676,,1,8,0.6947359182109591,0.6947359182109633,-4.107825191113079e-15,0,5.240073837996341e-05,747.0868199393523,highs_pfba
b3831,,1,8,0.6947359182109591,0.6947359182109633,-4.107825191113079e-15,0,5.240073837996547e-05,747.0868199393528,highs_pfba
b1007,,1,4,0.6947359182109591,0.6947359182109633,-4.107825191113079e-15,0,9.600839797979827e-08,747.0868199393578,highs_pfba
b1012,,1,4,0.6947359182109591,0.6947359182109633,-4.107825191113079e-15,0,9.600839797979827e-08,747.0868199393578,highs_pfba
b3029,,2,4,0.6947359182109591,0.6947359182109591,0.0,0,9.600839794291565e-08,747.086819939352,highs_pfba
b1692,,2,443,0.6947359182109591,-0.0,0.6947359182109591,1,6862.838355906775,265.53191489361717,highs_pfba
b0750,,1,443,0.6947359182109591,-0.0,0.6947359182109591,1,6862.838355906801,265.5319148936165,highs_pfba
b4094,,1,8,0.6947359182109591,0.6947359182109635,-4.3298697960381105e-15,0,5.240073837997924e-05,747.0868199393553,highs_pfba
b1662,,1,443,0.6947359182109591,-0.0,0.6947359182109591,1,6862.838355906779,265.5319148936171,highs_pfba
b0415,,1,443,0.6947359182109591,-0.0,0.6947359182109591,1,6862.838355906779,265.5319148936171,highs_pfba
b3752,,1,8,0.6947359182109591,0.6947359182109615,-2.3314683517128287e-15,0,5.240073837998267e-05,747.0868199393574,highs_pfba
b0063,,3,8,0.6947359182109591,0.6947359182109591,0.0,0,5.240073837994258e-05,747.0868199393503,highs_pfba
b4198,,1,8,0.6947359182109591,0.6947359182109591,0.0,0,5.240073837994258e-05,747.0868199393503,highs_pfba
b3583,,1,8,0.6947359182109591,0.6947359182109591,0.0,0,5.240073837994258e-05,747.0868199393503,highs_pfba
b0061,,1,8,0.6947359182109591,0.6947359182109591,0.0,0,5.240073837994258e-05,747.0868199393503,highs_pfba
b3629,,1,8,0.6947359182109591,0.6947359182109616,-2.4424906541753444e-15,0,5.240073837997965e-05,747.0868199393567,highs_pfba
b2687,,1,443,0.6947359182109591,-0.0,0.6947359182109591,1,6862.838355906779,265.5319148936171,highs_pfba
b3748,,1,0,0.6947359182109591,0.6947359182109591,0.0,0,0.0,747.0868199393523,highs_pfba
b3749,,1,0,0.6947359182109591,0.6947359182109591,0.0,0,0.0,747.0868199393523,highs_pfba
b3751,,1,0,0.6947359182109591,0.6947359182109591,0.0,0,0.0,747.0868199393523,highs_pfba
b3750,,1,0,0.6947359182109591,0.6947359182109591,0.0,0,0.0,747.0868199393523,highs_pfba
b3904,,1,0,0.6947359182109591,0.6947359182109591,0.0,0,0.0,747.0868199393523,highs_pfba
b3902,,1,0,0.6947359182109591,0.6947359182109591,0.0,0,0.0,747.0868199393565,highs_pfba
b2234,,4,8,0.6947359182109591,0.6947359182109633,-4.107825191113079e-15,0,5.2400738379978674e-05,747.0868199393553,highs_pfba
b2235,,4,8,0.6947359182109591,0.6947359182109633,-4.107825191113079e-15,0,5.2400738379978674e-05,747.0868199393553,highs_pfba
b2676,,4,8,0.6947359182109591,0.6947359182109633,-4.107825191113079e-15,0,5.2400738379977576e-05,747.0868199393553,highs_pfba
b2675,,4,8,0.6947359182109591,0.6947359182109633,-4.107825191113079e-15,0,5.2400738379977576e-05,747.0868199393553,highs_pfba
b4238,,4,296,0.6947359182109591,0.6945526151574127,0.00018330305354641308,0,0.03407043906699407,747.0983745546416,highs_pfba
b4237,,4,296,0.6947359182109591,0.6945526151574127,0.00018330305354641308,0,0.03407043906699407,747.0983745546416,highs_pfba
b3386,,1,411,0.6947359182109591,0.6883273300793532,0.006408588131605941,0,27.136994558630747,750.2205332793283,highs_pfba
b4301,,1,411,0.6947359182109591,0.6883273300793532,0.006408588131605941,0,27.136994558630747,750.2205332793283,highs_pfba
b2914,,1,426,0.6947359182109591,0.2834808364098918,0.41125508180106735,0,1142.2836786790012,645.3956503521424,highs_pfba
b0638,,1,0,0.6947359182109591,0.6947359182109591,0.0,0,0.0,747.0868199393523,highs_pfba
b1683,,6,0,0.6947359182109591,0.6947359182109591,0.0,0,0.0,747.0868199393528,highs_pfba
b1679,,4,0,0.6947359182109591,0.6947359182109591,0.0,0,0.0,747.0868199393519,highs_pfba
b1680,,4,0,0.6947359182109591,0.6947359182109591,0.0,0,0.0,747.0868199393519,highs_pfba
b1682,,6,0,0.6947359182109591,0.6947359182109591,0.0,0,0.0,747.0868199393528,highs_pfba
b1681,,6,0,0.6947359182109591,0.6947359182109591,0.0,0,0.0,747.0868199393528,highs_pfba
b1684,,2,4,0.6947359182109591,0.6947359182109591,0.0,0,9.600839794126444e-08,747.0868199393519,highs_pfba
b0222,,1,4,0.6947359182109591,0.6947359182109616,-2.4424906541753444e-15,0,5.230472998200893e-05,747.086819939354,highs_pfba
b1745,,1,8,0.6947359182109591,0.6947359182109633,-4.107825191113079e-15,0,5.2400738379964234e-05,747.0868199393525,highs_pfba
b2751,,1,443,0.6947359182109591,-0.0,0.6947359182109591,1,6862.838355906779,265.5319148936171,highs_pfba
b2752,,1,443,0.6947359182109591,-0.0,0.6947359182109591,1,6862.838355906779,265.5319148936171,highs_pfba
b2705,,1,0,0.6947359182109591,0.6947359182109591,0.0,0,0.0,747.0868199393523,highs_pfba
b2703,,1,0,0.6947359182109591,0.6947359182109591,0.0,0,0.0,747.0868199393523,highs_pfba
b2704,,1,0,0.6947359182109591,0.6947359182109591,0.0,0,0.0,747.0868199393523,highs_pfba
b2702,,1,0,0.6947359182109591,0.6947359182109591,0.0,0,0.0,747.0868199393523,highs_pfba
b2472,,1,443,0.6947359182109591,-0.0,0.6947359182109591,1,6862.838355906776,265.53191489361717,highs_pfba
b3591,,1,0,0.6947359182109591,0.6947359182109591,0.0,0,0.0,747.0868199393523,highs_pfba
b1764,,1,0,0.6947359182109591,0.6947359182109591,0.0,0,0.0,747.0868199393523,highs_pfba
b2264,,1,4,0.6947359182109591,0.6947359182109634,-4.218847493575595e-15,0,9.600839798771051e-08,747.0868199393592,highs_pfba
b0586,,1,8,0.6947359182109591,0.6947359182109633,-4.107825191113079e-15,0,5.2400738379964234e-05,747.0868199393524,highs_pfba
b3607,,1,443,0.6947359182109591,-0.0,0.6947359182109591,1,6862.838355906779,265.53191489361706,highs_pfba
b2366,,1,4,0.6947359182109591,0.6947359182109591,0.0,0,5.230472998200875e-05,747.0868199393522,highs_pfba
b2797,,1,8,0.6947359182109591,0.6947359182109591,0.0,0,5.2400738379953046e-05,747.0868199393533,highs_pfba
b4471,,1,8,0.6947359182109591,0.6947359182109591,0.0,0,5.2400738379953046e-05,747.0868199393533,highs_pfba
b1814,,1,8,0.6947359182109591,0.6947359182109591,0.0,0,5.2400738379953046e-05,747.0868199393533,highs_pfba
b0893,,2,0,0.6947359182109591,0.6947359182109591,0.0,0,0.0,747.0868199393523,highs_pfba
b2796,,1,8,0.6947359182109591,0.6947359182109633,-4.107825191113079e-15,0,5.2400738379978545e-05,747.0868199393558,highs_pfba
b3116,,2,4,0.6947359182109591,0.6947359182109634,-4.218847493575595e-15,0,9.60083979663134e-08,747.0868199393552,highs_pfba
b3089,,2,4,0.6947359182109591,0.6947359182109634,-4.218847493575595e-15,0,9.600839796851503e-08,747.0868199393556,highs_pfba
b2154,,1,4,0.6947359182109591,0.6947359182109591,0.0,0,9.600839795598786e-08,747.086819939355,highs_pfba
b0355,,1,4,0.6947359182109591,0.6947359182109591,0.0,0,9.600839795598786e-08,747.086819939355,highs_pfba
b1744,,1,8,0.6947359182109591,0.6947359182109633,-4.107825191113079e-15,0,5.2400738379964234e-05,747.0868199393525,highs_pfba
b1746,,1,8,0.6947359182109591,0.6947359182109633,-4.107825191113079e-15,0,5.2400738379964234e-05,747.0868199393525,highs_pfba
b2263,,1,4,0.6947359182109591,0.6947359182109634,-4.218847493575595e-15,0,9.600839798771051e-08,747.0868199393592,highs_pfba
b3368,,3,443,0.6947359182109591,-0.0,0.6947359182109591,1,6862.838355906781,265.531914893617,highs_pfba
b3281,,1,443,0.6947359182109591,-0.0,0.6947359182109591,1,6862.838355906779,265.5319148936171,highs_pfba
b0388,,1,443,0.6947359182109591,-0.0,0.6947359182109591,1,6862.838355906779,265.5319148936171,highs_pfba
b3390,,1,443,0.6947359182109591,-0.0,0.6947359182109591,1,6862.838355906779,265.5319148936171,highs_pfba
b3939,,1,443,0.6947359182109591,-0.0,0.6947359182109591,1,6862.83835590673,265.5319148936191,highs_pfba
b1981,,1,0,0.6947359182109591,0.6947359182109591,0.0,0,0.0,747.0868199393523,highs_pfba
b1206,,1,317,0.6947359182109591,0.6934340996104567,0.0013018186005024912,0,0.07514405350231673,747.0048332431041,highs_pfba
b1584,,2,0,0.6947359182109591,0.6947359182109591,0.0,0,0.0,747.0868199393523,highs_pfba
b1599,,1,0,0.6947359182109591,0.6947359182109633,-4.107825191113079e-15,0,0.0,747.0868199393519,highs_pfba
b1600,,1,0,0.6947359182109591,0.6947359182109633,-4.107825191113079e-15,0,0.0,747.0868199393519,highs_pfba
b3908,,1,0,0.6947359182109591,0.6947359182109591,0.0,0,0.0,747.0868199393523,highs_pfba
b1656,,1,0,0.6947359182109591,0.6947359182109591,0.0,0,0.0,747.0868199393523,highs_pfba
b1646,,1,0,0.6947359182109591,0.6947359182109591,0.0,0,0.0,747.0868199393523,highs_pfba
b1525,,2,4,0.6947359182109591,0.6947359182109633,-4.107825191113079e-15,0,9.600839798172469e-08,747.0868199393581,highs_pfba
b2661,,1,8,0.6947359182109591,0.6947359182109633,-4.107825191113079e-15,0,5.240073837998886e-05,747.0868199393581,highs_pfba
b2260,,1,4,0.6947359182109591,0.6947359182109634,-4.218847493575595e-15,0,9.600839798771051e-08,747.0868199393592,highs_pfba
b2261,,1,4,0.6947359182109591,0.6947359182109634,-4.218847493575595e-15,0,9.600839798771051e-08,747.0868199393592,highs_pfba
b0721,,1,437,0.6947359182109591,0.6515098810716782,0.04322603713928097,0,1058.6048071488235,750.134984703486,highs_pfba
b0722,,1,437,0.6947359182109591,0.6515098810716782,0.04322603713928097,0,1058.6048071488235,750.134984703486,highs_pfba
b0724,,1,437,0.6947359182109591,0.6515098810716782,0.04322603713928097,0,1058.6048071488235,750.134984703486,highs_pfba
b0723,,1,437,0.6947359182109591,0.6515098810716782,0.04322603713928097,0,1058.6048071488235,750.134984703486,highs_pfba
b0728,,1,421,0.6947359182109591,0.6816662118887863,0.013069706322172858,0,71.51703467139902,746.1127797660756,highs_pfba
b0729,,1,421,0.6947359182109591,0.6816662118887863,0.013069706322172858,0,71.51703467139902,746.1127797660756,highs_pfba
b1521,,1,4,0.6947359182109591,0.6947359182109591,0.0,0,9.600839795681345e-08,747.0868199393551,highs_pfba
b2464,,1,8,0.6947359182109591,0.6947359182109653,-6.106226635438361e-15,0,5.24007383800003e-05,747.0868199393592,highs_pfba
b0008,,1,8,0.6947359182109591,0.6947359182109653,-6.106226635438361e-15,0,5.24007383800003e-05,747.0868199393592,highs_pfba
b3062,,1,0,0.6947359182109591,0.6947359182109591,0.0,0,0.0,747.0868199393523,highs_pfba
b3061,,1,0,0.6947359182109591,0.6947359182109591,0.0,0,0.0,747.0868199393523,highs_pfba
b3063,,1,0,0.6947359182109591,0.6947359182109591,0.0,0,0.0,747.0868199393523,highs_pfba
b0368,,1,0,0.6947359182109591,0.6947359182109591,0.0,0,0.0,747.0868199393523,highs_pfba
b3790,,1,8,0.6947359182109591,0.6947359182109621,-2.9976021664879227e-15,0,5.240073837995768e-05,747.0868199393522,highs_pfba
b3791,,1,8,0.6947359182109591,0.6947359182109621,-2.9976021664879227e-15,0,5.240073837995768e-05,747.0868199393522,highs_pfba
b2038,,1,8,0.6947359182109591,0.6947359182109616,-2.4424906541753444e-15,0,5.240073837997965e-05,747.0868199393567,highs_pfba
b2040,,1,8,0.6947359182109591,0.6947359182109616,-2.4424906541753444e-15,0,5.240073837997965e-05,747.0868199393567,highs_pfba
b2041,,1,4,0.6947359182109591,0.6947359182109616,-2.4424906541753444e-15,0,5.230472998200893e-05,747.0868199393565,highs_pfba
b3788,,1,4,0.6947359182109591,0.6947359182109616,-2.4424906541753444e-15,0,5.230472998200893e-05,747.0868199393565,highs_pfba
b0915,,1,443,0.6947359182109591,-0.0,0.6947359182109591,1,6862.838355906764,265.53191489361745,highs_pfba
b2095,,1,0,0.6947359182109591,0.6947359182109591,0.0,0,0.0,747.0868199393565,highs_pfba
b3137,,1,0,0.6947359182109591,0.6947359182109591,0.0,0,0.0,747.0868199393565,highs_pfba
b2096,,1,0,0.6947359182109591,0.6947359182109591,0.0,0,0.0,747.0868199393565,highs_pfba
b3132,,1,0,0.6947359182109591,0.6947359182109591,0.0,0,0.0,747.0868199393565,highs_pfba
b0166,,1,443,0.6947359182109591,-0.0,0.6947359182109591,1,6862.838355906776,265.53191489361717,highs_pfba
b2480,,1,8,0.6947359182109591,0.6947359182109591,0.0,0,5.2400738379965975e-05,747.0868199393552,highs_pfba
b0066,,1,0,0.6947359182109591,0.6947359182109591,0.0,0,0.0,747.0868199393523,highs_pfba
b0067,,1,0,0.6947359182109591,0.6947359182109591,0.0,0,0.0,747.0868199393523,highs_pfba
b0068,,1,0,0.6947359182109591,0.6947359182109591,0.0,0,0.0,747.0868199393523,highs_pfba
b3616,,1,8,0.6947359182109591,0.6947359182109633,-4.107825191113079e-15,0,5.240073837997868e-05,747.0868199393555,highs_pfba
b3772,,1,443,0.6947359182109591,-0.0,0.6947359182109591,1,6862.838355906789,265.5319148936168,highs_pfba
b3117,,1,443,0.6947359182109591,-0.0,0.6947359182109591,1,6862.838355906789,265.5319148936168,highs_pfba
b1719,,1,0,0.6947359182109591,0.6947359182109591,0.0,0,0.0,747.0868199393523,highs_pfba
b3823,,1,8,0.6947359182109591,0.6947359182109633,-4.107825191113079e-15,0,5.2400738379977854e-05,747.0868199393555,highs_pfba
b3992,,1,443,0.6947359182109591,-0.0,0.6947359182109591,1,6862.838355906797,265.53191489361717,highs_pfba
b3990,,1,443,0.6947359182109591,-0.0,0.6947359182109591,1,6862.838355906797,265.53191489361717,highs_pfba
b0423,,1,443,0.6947359182109591,-0.0,0.6947359182109591,1,6862.838355906797,265.53191489361717,highs_pfba
b4407,,1,443,0.6947359182109591,-0.0,0.6947359182109591,1,6862.838355906797,265.53191489361717,highs_pfba
b2935,,2,443,0.6947359182109591,-0.0,0.6947359182109591,1,6862.838355906776,265.5319148936171,highs_pfba
b2465,,2,443,0.6947359182109591,-0.0,0.6947359182109591,1,6862.838355906776,265.5319148936171,highs_pfba
b0997,,2,4,0.6947359182109591,0.6947359182109591,0.0,0,9.600839794429168e-08,747.0868199393512,highs_pfba
b0996,,2,4,0.6947359182109591,0.6947359182109591,0.0,0,9.600839794429168e-08,747.0868199393512,highs_pfba
b2827,,1,443,0.6947359182109591,-0.0,0.6947359182109591,1,6862.838355906779,265.53191489361706,highs_pfba
b1106,,1,0,0.6947359182109591,0.6947359182109591,0.0,0,0.0,747.0868199393523,highs_pfba
b0417,,1,443,0.6947359182109591,-0.0,0.6947359182109591,1,6862.838355906777,265.5319148936171,highs_pfba
b3993,,1,443,0.6947359182109591,-0.0,0.6947359182109591,1,6862.838355906797,265.53191489361717,highs_pfba
b3919,,1,436,0.6947359182109591,0.6041797028489708,0.09055621536198832,0,855.1869171361571,710.3327338962922,highs_pfba
b0613,,1,0,0.6947359182109591,0.6947359182109591,0.0,0,0.0,747.0868199393523,highs_pfba
b0888,,1,13,0.6947359182109591,0.6947359182109591,0.0,0,0.14832621226949796,747.259025520872,highs_pfba
b4239,,1,8,0.6947359182109591,0.6947359182109634,-4.218847493575595e-15,0,5.2400738379975116e-05,747.0868199393552,highs_pfba
b1897,,1,8,0.6947359182109591,0.6947359182109634,-4.218847493575595e-15,0,5.2400738379975394e-05,747.0868199393552,highs_pfba
b1896,,1,8,0.6947359182109591,0.6947359182109591,0.0,0,5.240073837995607e-05,747.0868199393531,highs_pfba
b3519,,1,8,0.6947359182109591,0.6947359182109634,-4.218847493575595e-15,0,5.2400738379975394e-05,747.0868199393551,highs_pfba
b1197,,1,0,0.6947359182109591,0.6947359182109591,0.0,0,0.0,747.0868199393528,highs_pfba
b4240,,1,4,0.6947359182109591,0.6947359182109591,0.0,0,9.600839796138873e-08,747.0868199393562,highs_pfba
b1260,,3,443,0.6947359182109591,-0.0,0.6947359182109591,1,6862.838355906797,265.53191489361654,highs_pfba
b1261,,3,443,0.6947359182109591,-0.0,0.6947359182109591,1,6862.838355906797,265.53191489361654,highs_pfba
b3384,,1,0,0.6947359182109591,0.6947359182109591,0.0,0,0.0,747.0868199393523,highs_pfba
b3709,,1,8,0.6947359182109591,0.6947359182109634,-4.218847493575595e-15,0,5.24007383799886e-05,747.0868199393575,highs_pfba
b0509,,1,8,0.6947359182109591,0.6947359182109591,0.0,0,5.240073837995607e-05,747.0868199393531,highs_pfba
b3125,,1,8,0.6947359182109591,0.6947359182109591,0.0,0,5.240073837995607e-05,747.0868199393531,highs_pfba
b3991,,1,443,0.6947359182109591,-0.0,0.6947359182109591,1,6862.838355906797,265.53191489361717,highs_pfba
b1637,,1,0,0.6947359182109591,0.6947359182109591,0.0,0,0.0,747.0868199393523,highs_pfba
b1907,,1,0,0.6947359182109591,0.6947359182109634,-4.218847493575595e-15,0,0.0,747.0868199393522,highs_pfba
b0179,,1,443,0.6947359182109591,-0.0,0.6947359182109591,1,6862.838355906764,265.53191489361745,highs_pfba
b0085,,1,443,0.6947359182109591,-0.0,0.6947359182109591,1,6862.838355906776,265.5319148936171,highs_pfba
b3787,,1,8,0.6947359182109591,0.6947359182109621,-2.9976021664879227e-15,0,5.240073837995768e-05,747.0868199393522,highs_pfba
b3786,,1,8,0.6947359182109591,0.6947359182109621,-2.9976021664879227e-15,0,5.240073837995768e-05,747.0868199393522,highs_pfba
b0181,,1,443,0.6947359182109591,-0.0,0.6947359182109591,1,6862.838355906781,265.531914893617,highs_pfba
b3189,,1,443,0.6947359182109591,-0.0,0.6947359182109591,1,6862.838355906784,265.5319148936169,highs_pfba
b0090,,1,443,0.6947359182109591,-0.0,0.6947359182109591,1,6862.838355906779,265.53191489361706,highs_pfba
b0088,,1,443,0.6947359182109591,-0.0,0.6947359182109591,1,6862.838355906781,265.531914893617,highs_pfba
b0091,,1,443,0.6947359182109591,-0.0,0.6947359182109591,1,6862.838355906781,265.531914893617,highs_pfba
b3972,,1,443,0.6947359182109591,-0.0,0.6947359182109591,1,6862.838355906784,265.5319148936169,highs_pfba
b0841,,2,443,0.6947359182109591,-0.0,0.6947359182109591,1,6862.838355906797,265.53191489361654,highs_pfba
b3057,,2,443,0.6947359182109591,-0.0,0.6947359182109591,1,6862.838355906797,265.53191489361654,highs_pfba
b0174,,1,443,0.6947359182109591,-0.0,0.6947359182109591,1,6862.838355906779,265.53191489361706,highs_pfba
b0759,,1,4,0.6947359182109591,0.6947359182109591,0.0,0,5.230472998200875e-05,747.0868199393502,highs_pfba
b2036,,1,0,0.6947359182109591,0.6947359182109591,0.0,0,0.0,747.0868199393523,highs_pfba
b2028,,1,8,0.6947359182109591,0.6947359182109634,-4.218847493575595e-15,0,5.24007383799897e-05,747.0868199393578,highs_pfba
b2255,,2,8,0.6947359182109591,0.6947359182109634,-4.218847493575595e-15,0,5.2400738379975394e-05,747.0868199393551,highs_pfba
b2253,,1,8,0.6947359182109591,0.6947359182109634,-4.218847493575595e-15,0,5.2400738379975394e-05,747.0868199393551,highs_pfba
b0758,,1,4,0.6947359182109591,0.6947359182109591,0.0,0,5.230472998200875e-05,747.0868199393534,highs_pfba
b0505,,1,8,0.6947359182109591,0.6947359182109633,-4.107825191113079e-15,0,5.240073837996437e-05,747.0868199393527,highs_pfba
b0086,,1,443,0.6947359182109591,-0.0,0.6947359182109591,1,6862.838355906779,265.53191489361706,highs_pfba
b0096,,1,443,0.6947359182109591,-0.0,0.6947359182109591,1,6862.838355906781,265.531914893617,highs_pfba
b2258,,1,8,0.6947359182109591,0.6947359182109634,-4.218847493575595e-15,0,5.2400738379975394e-05,747.0868199393551,highs_pfba
b4544,,1,8,0.6947359182109591,0.6947359182109634,-4.218847493575595e-15,0,5.2400738379975394e-05,747.0868199393551,highs_pfba
b4233,,2,4,0.6947359182109591,0.6947359182109621,-2.9976021664879227e-15,0,9.600839797346715e-08,747.0868199393569,highs_pfba
b0171,,1,443,0.6947359182109591,-0.0,0.6947359182109591,1,6862.838355906777,265.5319148936171,highs_pfba
b2256,,1,8,0.6947359182109591,0.6947359182109634,-4.218847493575595e-15,0,5.2400738379975394e-05,747.0868199393551,highs_pfba
b2254,,1,8,0.6947359182109591,0.6947359182109634,-4.218847493575595e-15,0,5.2400738379975394e-05,747.0868199393551,highs_pfba
b3803,,1,443,0.6947359182109591,-0.0,0.6947359182109591,1,6862.838355906781,265.531914893617,highs_pfba
b3804,,1,443,0.6947359182109591,-0.0,0.6947359182109591,1,6862.838355906771,265.53191489361745,highs_pfba
b3997,,1,443,0.6947359182109591,-0.0,0.6947359182109591,1,6862.838355906776,265.5319148936171,highs_pfba
b2498,,1,8,0.6947359182109591,0.6947359182109634,-4.218847493575595e-15,0,5.240073837999135e-05,747.0868199393583,highs_pfba
b1011,,1,4,0.6947359182109591,0.6947359182109633,-4.107825191113079e-15,0,9.600839797979827e-08,747.0868199393578,highs_pfba
b2497,,1,0,0.6947359182109591,0.6947359182109591,0.0,0,0.0,747.0868199393523,highs_pfba
b1006,,1,4,0.6947359182109591,0.6947359182109634,-4.218847493575595e-15,0,9.600839795530523e-08,747.0868199393526,highs_pfba
b0517,,1,8,0.6947359182109591,0.6947359182109634,-4.218847493575595e-15,0,5.2400738379975394e-05,747.0868199393552,highs_pfba
b0524,,1,443,0.6947359182109591,-0.0,0.6947359182109591,1,6862.838355906764,265.53191489361745,highs_pfba
b4258,,1,0,0.6947359182109591,0.6947359182109591,0.0,0,0.0,747.0868199393523,highs_pfba
b2682,,1,0,0.6947359182109591,0.6947359182109634,-4.218847493575595e-15,0,0.0,747.0868199393581,highs_pfba
b2683,,1,0,0.6947359182109591,0.6947359182109634,-4.218847493575595e-15,0,0.0,747.0868199393581,highs_pfba
b3572,,1,8,0.6947359182109591,0.6947359182109648,-5.662137425588298e-15,0,5.240073838000081e-05,747.0868199393589,highs_pfba
b4197,,1,0,0.6947359182109591,0.6947359182109591,0.0,0,0.0,747.0868199393519,highs_pfba
b2882,,1,0,0.6947359182109591,0.6947359182109633,-4.107825191113079e-15,0,0.0,747.0868199393519,highs_pfba
b3565,,2,8,0.6947359182109591,0.6947359182109615,-2.3314683517128287e-15,0,5.240073837998019e-05,747.0868199393569,highs_pfba
b3579,,1,0,0.6947359182109591,0.6947359182109591,0.0,0,0.0,747.0868199393523,highs_pfba
b3577,,1,0,0.6947359182109591,0.6947359182109591,0.0,0,0.0,747.0868199393523,highs_pfba
b3578,,1,0,0.6947359182109591,0.6947359182109591,0.0,0,0.0,747.0868199393523,highs_pfba
b3567,,1,0,0.6947359182109591,0.6947359182109591,0.0,0,0.0,747.0868199393523,highs_pfba
b3568,,1,0,0.6947359182109591,0.6947359182109591,0.0,0,0.0,747.0868199393523,highs_pfba
b3566,,1,0,0.6947359182109591,0.6947359182109591,0.0,0,0.0,747.0868199393523,highs_pfba
b4031,,1,0,0.6947359182109591,0.6947359182109591,0.0,0,0.0,747.0868199393523,highs_pfba
b1857,,1,8,0.6947359182109591,0.6947359182109634,-4.218847493575595e-15,0,5.2400738379975394e-05,747.0868199393552,highs_pfba
b1859,,1,8,0.6947359182109591,0.6947359182109634,-4.218847493575595e-15,0,5.2400738379975394e-05,747.0868199393552,highs_pfba
b1858,,1,8,0.6947359182109591,0.6947359182109634,-4.218847493575595e-15,0,5.2400738379975394e-05,747.0868199393552,highs_pfba
