gene_id,gene_name,n_gpr_rxns,n_changed,b_wt,b_ko,delta_b,y_essential,kV,L1,solve_src
b1377,,270,424,0.2977439649475558,0.0,0.2977439649475558,1,22766.62685173091,0.0,infeasible
b2215,,271,424,0.2977439649475558,0.0,0.2977439649475558,1,22766.62685173091,0.0,infeasible
b0929,,271,424,0.2977439649475558,0.0,0.2977439649475558,1,22766.62685173091,0.0,infeasible
b0241,,270,424,0.2977439649475558,0.0,0.2977439649475558,1,22766.62685173091,0.0,infeasible
b4034,,6,8,0.2977439649475558,0.2977439649475558,0.0,0,9.624625416718336e-06,748.7514942597186,highs_pfba
b4033,,6,8,0.2977439649475558,0.2977439649475558,0.0,0,9.624625416718336e-06,748.7514942597186,highs_pfba
b4032,,6,8,0.2977439649475558,0.2977439649475558,0.0,0,9.624625416718336e-06,748.7514942597186,highs_pfba
b4035,,6,8,0.2977439649475558,0.2977439649475558,0.0,0,9.624625416718336e-06,748.7514942597186,highs_pfba
b4036,,7,2,0.2977439649475558,0.2977439649475558,0.0,0,199.9999999999981,748.7514942597214,highs_pfba
b4213,,8,0,0.2977439649475558,0.2977439649475558,0.0,0,0.0,748.7514942597223,highs_pfba
b2835,,21,4,0.2977439649475558,0.2977439649475558,0.0,0,1.7634195539984914e-08,748.7514942597212,highs_pfba
b2836,,23,444,0.2977439649475558,0.2903566186364152,0.0073873463111405,0,3.8449829455296856,748.4483393112513,highs_pfba
b3553,,10,8,0.2977439649475558,0.2977439649475558,0.0,0,9.62462541672683e-06,748.7514942597219,highs_pfba
b1134,,2,8,0.2977439649475558,0.2977439649475512,4.6074255521944004e-15,0,9.624625416716906e-06,748.75149425972,highs_pfba
b0446,,2,8,0.2977439649475558,0.2977439649475558,0.0,0,9.624625416726388e-06,748.7514942597218,highs_pfba
b1009,,1,4,0.2977439649475558,0.2977439649475558,0.0,0,1.7634195547503883e-08,748.7514942597252,highs_pfba
b0954,,13,4,0.2977439649475558,0.2977439649475535,2.275957200481571e-15,0,9.606991221185327e-06,748.7514942597186,highs_pfba
b0180,,14,421,0.2977439649475558,-0.0,0.2977439649475558,1,2567.894074963453,532.1052631578947,highs_pfba
b0347,,2,0,0.2977439649475558,0.2977439649475558,0.0,0,0.0,748.7514942597187,highs_pfba
b3580,,2,0,0.2977439649475558,0.2977439649475558,0.0,0,0.0,748.7514942597222,highs_pfba
b1093,,14,421,0.2977439649475558,-0.0,0.2977439649475558,1,2567.894074963453,532.1052631578947,highs_pfba
b2323,,13,421,0.2977439649475558,-0.0,0.2977439649475558,1,2567.894074963501,532.1052631578924,highs_pfba
b1095,,9,421,0.2977439649475558,-0.0,0.2977439649475558,1,2567.894074963453,532.1052631578947,highs_pfba
b1397,,2,0,0.2977439649475558,0.2977439649475558,0.0,0,0.0,748.7514942597214,highs_pfba
b1245,,2,4,0.2977439649475558,0.2977439649475558,0.0,0,1.763419553868752e-08,748.7514942597213,highs_pfba
b1244,,2,4,0.2977439649475558,0.2977439649475558,0.0,0,1.763419553868752e-08,748.7514942597213,highs_pfba
b1329,,1,0,0.2977439649475558,0.2977439649475558,0.0,0,0.0,748.751494259724,highs_pfba
b1246,,2,4,0.2977439649475558,0.2977439649475558,0.0,0,1.763419553868752e-08,748.7514942597213,highs_pfba
b1247,,2,4,0.2977439649475558,0.2977439649475558,0.0,0,1.763419553868752e-08,748.7514942597213,highs_pfba
b1386,,3,0,0.2977439649475558,0.2977439649475558,0.0,0,0.0,748.7514942597214,highs_pfba
b0004,,2,421,0.2977439649475558,-0.0,0.2977439649475558,1,2567.894074963453,532.1052631578947,highs_pfba
b1192,,4,8,0.2977439649475558,0.2977439649475539,1.8318679906315083e-15,0,9.624625416721492e-06,748.7514942597206,highs_pfba
b1243,,1,0,0.2977439649475558,0.2977439649475512,4.6074255521944004e-15,0,0.0,748.7514942597213,highs_pfba
b4266,,1,0,0.2977439649475558,0.2977439649475512,4.6074255521944004e-15,0,0.0,748.7514942597181,highs_pfba
b4265,,3,8,0.2977439649475558,0.2977439649475557,5.551115123125783e-17,0,9.624625416721344e-06,748.7514942597197,highs_pfba
b0159,,3,421,0.2977439649475558,-0.0,0.2977439649475558,1,2567.894074963453,532.1052631578947,highs_pfba
b3197,,1,421,0.2977439649475558,-0.0,0.2977439649475558,1,2567.894074963452,532.1052631578948,highs_pfba
b2708,,1,421,0.2977439649475558,-0.0,0.2977439649475558,1,2567.894074963452,532.1052631578948,highs_pfba
b1094,,26,421,0.2977439649475558,-0.0,0.2977439649475558,1,2567.8940749634544,532.1052631578946,highs_pfba
b4481,,1,8,0.2977439649475558,0.2977439649475545,1.2212453270876722e-15,0,9.624625416722928e-06,748.7514942597205,highs_pfba
b1927,,1,8,0.2977439649475558,0.2977439649475558,0.0,0,9.624625416718336e-06,748.7514942597186,highs_pfba
b3571,,1,8,0.2977439649475558,0.2977439649475558,0.0,0,9.624625416718336e-06,748.7514942597186,highs_pfba
b2901,,1,0,0.2977439649475558,0.2977439649475558,0.0,0,0.0,748.7514942597214,highs_pfba
b1302,,1,0,0.2977439649475558,0.2977439649475558,0.0,0,0.0,748.7514942597222,highs_pfba
b2662,,1,0,0.2977439649475558,0.2977439649475558,0.0,0,0.0,748.7514942597222,highs_pfba
b1444,,1,0,0.2977439649475558,0.2977439649475558,0.0,0,0.0,748.7514942597222,highs_pfba
b2663,,1,0,0.2977439649475558,0.2977439649475558,0.0,0,0.0,748.7514942597218,highs_pfba
b2222,,3,0,0.2977439649475558,0.2977439649475558,0.0,0,0.0,748.7514942597219,highs_pfba
b2221,,3,0,0.2977439649475558,0.2977439649475558,0.0,0,0.0,748.7514942597219,highs_pfba
b2224,,1,447,0.2977439649475558,0.2903566186364151,0.0073873463111406,0,3.84501600684447,748.4483393112516,highs_pfba
b2342,,8,447,0.2977439649475558,0.2903566186364105,0.0073873463111452,0,3.845016006843477,748.4483393112448,highs_pfba
b3845,,8,447,0.2977439649475558,0.2903566186364105,0.0073873463111452,0,3.845016006843477,748.4483393112448,highs_pfba
b2223,,3,8,0.2977439649475558,0.2977439649475558,0.0,0,9.624625417114928e-06,748.7514942597238,highs_pfba
b1241,,2,4,0.2977439649475558,0.2977439649475558,0.0,0,1.7634195535001753e-08,748.7514942597184,highs_pfba
b0351,,1,0,0.2977439649475558,0.2977439649475558,0.0,0,0.0,748.751494259724,highs_pfba
s0001,,39,424,0.2977439649475558,0.0,0.2977439649475558,1,22766.62685173091,0.0,infeasible
b1463,,1,0,0.2977439649475558,0.2977439649475558,0.0,0,0.0,748.7514942597214,highs_pfba
b1993,,2,0,0.2977439649475558,0.2977439649475558,0.0,0,0.0,748.7514942597214,highs_pfba
b2316,,1,421,0.2977439649475558,-0.0,0.2977439649475558,1,2567.894074963452,532.1052631578947,highs_pfba
b3255,,1,421,0.2977439649475558,-0.0,0.2977439649475558,1,2567.894074963452,532.1052631578947,highs_pfba
b0185,,1,421,0.2977439649475558,-0.0,0.2977439649475558,1,2567.894074963452,532.1052631578947,highs_pfba
b3256,,1,421,0.2977439649475558,-0.0,0.2977439649475558,1,2567.894074963452,532.1052631578947,highs_pfba
b4069,,2,4,0.2977439649475558,0.2977439649475558,0.0,0,1.763419553969005e-08,748.7514942597215,highs_pfba
b1119,,1,0,0.2977439649475558,0.2977439649475545,1.2212453270876722e-15,0,0.0,748.7514942597212,highs_pfba
b3784,,1,8,0.2977439649475558,0.2977439649475545,1.2212453270876722e-15,0,9.624625416726704e-06,748.7514942597222,highs_pfba
b2415,,18,422,0.2977439649475558,0.2729319678685912,0.0248119970789645,0,978.1687490410804,771.3849316404282,highs_pfba
b0679,,1,4,0.2977439649475558,0.2977439649475558,0.0,0,1.7634195535856852e-08,748.7514942597194,highs_pfba
b1101,,2,419,0.2977439649475558,0.272931967868586,0.0248119970789697,0,392.50829651527226,762.1901879895504,highs_pfba
b2417,,6,422,0.2977439649475558,0.272931967868586,0.0248119970789697,0,538.5105775724057,762.1901879895547,highs_pfba
b2416,,19,422,0.2977439649475558,0.2729319678685912,0.0248119970789645,0,978.1687490410804,771.3849316404282,highs_pfba
b3959,,1,421,0.2977439649475558,-0.0,0.2977439649475558,1,2567.894074963453,532.1052631578946,highs_pfba
b2818,,1,421,0.2977439649475558,-0.0,0.2977439649475558,1,2567.894074963446,532.1052631578949,highs_pfba
b0078,,2,421,0.2977439649475558,-0.0,0.2977439649475558,1,2567.894074963453,532.1052631578947,highs_pfba
b3670,,2,421,0.2977439649475558,-0.0,0.2977439649475558,1,2567.894074963453,532.1052631578947,highs_pfba
b3671,,2,421,0.2977439649475558,-0.0,0.2977439649475558,1,2567.894074963453,532.1052631578947,highs_pfba
b0077,,2,421,0.2977439649475558,-0.0,0.2977439649475558,1,2567.894074963453,532.1052631578947,highs_pfba
b3115,,2,438,0.2977439649475558,0.1476641348033403,0.1500798301442154,0,1845.9420459546784,718.5296097247826,highs_pfba
b1849,,2,436,0.2977439649475558,0.1476641348033403,0.1500798301442154,0,1845.942041190975,718.5296097247964,highs_pfba
b2296,,1,436,0.2977439649475558,0.1476641348033403,0.1500798301442154,0,1845.9420011146249,718.5296097247863,highs_pfba
b2428,,1,4,0.2977439649475558,0.2977439649475545,1.2212453270876722e-15,0,9.60699122118536e-06,748.7514942597212,highs_pfba
b3794,,1,8,0.2977439649475558,0.2977439649475545,1.2212453270876722e-15,0,9.624625416726704e-06,748.7514942597222,highs_pfba
b1818,,5,419,0.2977439649475558,0.272931967868586,0.0248119970789697,0,392.5082965152784,762.190187989552,highs_pfba
b1819,,5,419,0.2977439649475558,0.272931967868586,0.0248119970789697,0,392.5082965152784,762.190187989552,highs_pfba
b1817,,5,419,0.2977439649475558,0.272931967868586,0.0248119970789697,0,392.5082965152784,762.190187989552,highs_pfba
b2429,,2,0,0.2977439649475558,0.2977439649475558,0.0,0,0.0,748.7514942597214,highs_pfba
b3224,,1,0,0.2977439649475558,0.2977439649475558,0.0,0,0.0,748.7514942597214,highs_pfba
b4311,,1,0,0.2977439649475558,0.2977439649475558,0.0,0,0.0,748.7514942597214,highs_pfba
b3225,,1,0,0.2977439649475558,0.2977439649475558,0.0,0,0.0,748.7514942597214,highs_pfba
b0221,,8,446,0.2977439649475558,0.2903566186364205,0.0073873463111353,0,3.845498117370239,748.4483393112554,highs_pfba
b1091,,3,421,0.2977439649475558,-0.0,0.2977439649475558,1,2567.894074963452,532.1052631578948,highs_pfba
b3957,,2,421,0.2977439649475558,-0.0,0.2977439649475558,1,2567.8940749634567,532.1052631578946,highs_pfba
b3200,,9,421,0.2977439649475558,-0.0,0.2977439649475558,1,2567.894074963456,532.1052631578947,highs_pfba
b4261,,9,421,0.2977439649475558,-0.0,0.2977439649475558,1,2567.894074963456,532.1052631578947,highs_pfba
b3201,,9,421,0.2977439649475558,-0.0,0.2977439649475558,1,2567.894074963456,532.1052631578947,highs_pfba
b4262,,9,421,0.2977439649475558,-0.0,0.2977439649475558,1,2567.894074963456,532.1052631578947,highs_pfba
b3199,,9,421,0.2977439649475558,-0.0,0.2977439649475558,1,2567.894074963456,532.1052631578947,highs_pfba
b1519,,1,0,0.2977439649475558,0.2977439649475558,0.0,0,0.0,748.7514942597214,highs_pfba
b1276,,2,423,0.2977439649475558,-0.0,0.2977439649475558,1,1476.460727767394,545.4545454545455,highs_pfba
b0118,,3,423,0.2977439649475558,-0.0,0.2977439649475558,1,1476.460727767394,545.4545454545455,highs_pfba
b1748,,2,421,0.2977439649475558,-0.0,0.2977439649475558,1,2567.8940749634407,532.105263157895,highs_pfba
b3359,,2,421,0.2977439649475558,-0.0,0.2977439649475558,1,2567.894074963452,532.1052631578948,highs_pfba
b1090,,7,8,0.2977439649475558,0.2977439649475512,4.6074255521944004e-15,0,9.624625416714944e-06,748.751494259719,highs_pfba
b3475,,1,0,0.2977439649475558,0.2977439649475558,0.0,0,0.0,748.7514942597214,highs_pfba
b2563,,1,0,0.2977439649475558,0.2977439649475558,0.0,0,0.0,748.7514942597214,highs_pfba
b2578,,2,0,0.2977439649475558,0.2977439649475558,0.0,0,0.0,748.7514942597219,highs_pfba
b1533,,2,0,0.2977439649475558,0.2977439649475558,0.0,0,0.0,748.7514942597219,highs_pfba
b4067,,2,4,0.2977439649475558,0.2977439649475558,0.0,0,9.6069912211854e-06,748.7514942597214,highs_pfba
b1623,,2,4,0.2977439649475558,0.2977439649475558,0.0,0,1.7634195533763334e-08,748.7514942597189,highs_pfba
b1096,,1,421,0.2977439649475558,-0.0,0.2977439649475558,1,2567.8940749634503,532.1052631578947,highs_pfba
b1812,,2,421,0.2977439649475558,-0.0,0.2977439649475558,1,2567.8940749634467,532.1052631578949,highs_pfba
b3360,,1,421,0.2977439649475558,-0.0,0.2977439649475558,1,2567.894074963452,532.1052631578948,highs_pfba
b3665,,1,0,0.2977439649475558,0.2977439649475558,0.0,0,0.0,748.7514942597219,highs_pfba
b3654,,3,0,0.2977439649475558,0.2977439649475558,0.0,0,0.0,748.7514942597222,highs_pfba
b3714,,1,0,0.2977439649475558,0.2977439649475558,0.0,0,0.0,748.7514942597222,highs_pfba
b0474,,13,421,0.2977439649475558,-0.0,0.2977439649475558,1,2567.894074963423,532.1052631578959,highs_pfba
b0120,,1,4,0.2977439649475558,0.2977439649475512,4.6074255521944004e-15,0,1.763419553567741e-08,748.7514942597218,highs_pfba
b3806,,1,8,0.2977439649475558,0.2977439649475558,0.0,0,9.624625416722644e-06,748.7514942597206,highs_pfba
b0030,,5,4,0.2977439649475558,0.2977439649475539,1.887379141862766e-15,0,1.7634195535531472e-08,748.7514942597202,highs_pfba
b2393,,7,4,0.2977439649475558,0.2977439649475558,0.0,0,1.7634195540928472e-08,748.7514942597218,highs_pfba
b2964,,11,8,0.2977439649475558,0.2977439649475558,0.0,0,9.624625416732905e-06,748.7514942597252,highs_pfba
b2406,,6,4,0.2977439649475558,0.2977439649475539,1.887379141862766e-15,0,1.7634195536416053e-08,748.7514942597206,highs_pfba
b0411,,7,4,0.2977439649475558,0.2977439649475557,5.551115123125783e-17,0,1.7634195539461504e-08,748.7514942597209,highs_pfba
b1992,,1,0,0.2977439649475558,0.2977439649475558,0.0,0,0.0,748.7514942597214,highs_pfba
b1709,,3,0,0.2977439649475558,0.2977439649475558,0.0,0,0.0,748.7514942597214,highs_pfba
b0158,,3,0,0.2977439649475558,0.2977439649475558,0.0,0,0.0,748.7514942597214,highs_pfba
b1711,,3,0,0.2977439649475558,0.2977439649475558,0.0,0,0.0,748.7514942597214,highs_pfba
b3966,,3,0,0.2977439649475558,0.2977439649475558,0.0,0,0.0,748.7514942597214,highs_pfba
b3005,,10,4,0.2977439649475558,0.2977439649475539,1.8318679906315083e-15,0,1.7634195533659133e-08,748.7514942597193,highs_pfba
b3006,,10,4,0.2977439649475558,0.2977439649475539,1.8318679906315083e-15,0,1.7634195533659133e-08,748.7514942597193,highs_pfba
b1252,,10,4,0.2977439649475558,0.2977439649475539,1.8318679906315083e-15,0,1.7634195533659133e-08,748.7514942597193,highs_pfba
b3397,,1,8,0.2977439649475558,0.2977439649475558,0.0,0,9.624625416729869e-06,748.7514942597239,highs_pfba
b3034,,1,8,0.2977439649475558,0.2977439649475558,0.0,0,9.624625416729869e-06,748.7514942597239,highs_pfba
b0469,,1,0,0.2977439649475558,0.2977439649475558,0.0,0,0.0,748.7514942597193,highs_pfba
b2750,,1,421,0.2977439649475558,-0.0,0.2977439649475558,1,2567.894074963482,532.1052631578937,highs_pfba
b1131,,2,421,0.2977439649475558,-0.0,0.2977439649475558,1,2567.894074963453,532.1052631578947,highs_pfba
b4177,,1,421,0.2977439649475558,-0.0,0.2977439649475558,1,2567.894074963452,532.1052631578948,highs_pfba
b0677,,1,4,0.2977439649475558,0.2977439649475545,1.2212453270876722e-15,0,1.7634195538568906e-08,748.7514942597212,highs_pfba
b0110,,4,4,0.2977439649475558,0.2977439649475512,4.6074255521944004e-15,0,1.7634195534851798e-08,748.7514942597211,highs_pfba
b2817,,2,4,0.2977439649475558,0.2977439649475558,0.0,0,1.7634195542196374e-08,748.7514942597224,highs_pfba
b2435,,2,4,0.2977439649475558,0.2977439649475558,0.0,0,1.7634195542196374e-08,748.7514942597224,highs_pfba
b4169,,2,4,0.2977439649475558,0.2977439649475558,0.0,0,1.7634195542196374e-08,748.7514942597224,highs_pfba
b1107,,3,4,0.2977439649475558,0.2977439649475545,1.2212453270876722e-15,0,1.763419554358155e-08,748.7514942597234,highs_pfba
b0433,,3,0,0.2977439649475558,0.2977439649475545,1.2212453270876722e-15,0,0.0,748.7514942597218,highs_pfba
b3619,,1,4,0.2977439649475558,0.2977439649475539,1.8318679906315083e-15,0,9.60699122118534e-06,748.75149425972,highs_pfba
b2937,,1,8,0.2977439649475558,0.2977439649475558,0.0,0,9.624625416732608e-06,748.7514942597247,highs_pfba
b3018,,7,421,0.2977439649475558,-0.0,0.2977439649475558,1,2567.894074963453,532.1052631578947,highs_pfba
b3958,,1,421,0.2977439649475558,-0.0,0.2977439649475558,1,2567.894074963446,532.1052631578949,highs_pfba
b0575,,2,0,0.2977439649475558,0.2977439649475558,0.0,0,0.0,748.7514942597214,highs_pfba
b0572,,2,0,0.2977439649475558,0.2977439649475558,0.0,0,0.0,748.7514942597214,highs_pfba
b0573,,2,0,0.2977439649475558,0.2977439649475558,0.0,0,0.0,748.7514942597214,highs_pfba
b0574,,2,0,0.2977439649475558,0.2977439649475558,0.0,0,0.0,748.7514942597214,highs_pfba
b4006,,2,421,0.2977439649475558,-0.0,0.2977439649475558,1,2567.894074963452,532.1052631578948,highs_pfba
b0522,,1,421,0.2977439649475558,-0.0,0.2977439649475558,1,2567.894074963452,532.1052631578948,highs_pfba
b0523,,1,421,0.2977439649475558,-0.0,0.2977439649475558,1,2567.8940749634507,532.1052631578947,highs_pfba
b0727,,1,411,0.2977439649475558,0.2907494816023019,0.0069944833452538,0,14.623141268170045,748.8570274804719,highs_pfba
b0116,,3,429,0.2977439649475558,0.2039074860368055,0.0938364789107502,0,1943.2493808784968,730.4080801027837,highs_pfba
b0726,,1,411,0.2977439649475558,0.2907494816023019,0.0069944833452538,0,14.623141268170045,748.8570274804719,highs_pfba
b2587,,1,0,0.2977439649475558,0.2977439649475558,0.0,0,0.0,748.7514942597218,highs_pfba
b1488,,1,0,0.2977439649475558,0.2977439649475558,0.0,0,0.0,748.7514942597239,highs_pfba
b3542,,3,8,0.2977439649475558,0.2977439649475535,2.220446049250313e-15,0,9.624625416718796e-06,748.75149425972,highs_pfba
b1486,,1,0,0.2977439649475558,0.2977439649475558,0.0,0,0.0,748.751494259724,highs_pfba
b1485,,1,0,0.2977439649475558,0.2977439649475558,0.0,0,0.0,748.751494259724,highs_pfba
b3543,,3,8,0.2977439649475558,0.2977439649475535,2.220446049250313e-15,0,9.624625416718796e-06,748.75149425972,highs_pfba
b3541,,3,8,0.2977439649475558,0.2977439649475535,2.220446049250313e-15,0,9.624625416718796e-06,748.75149425972,highs_pfba
b1484,,1,0,0.2977439649475558,0.2977439649475558,0.0,0,0.0,748.751494259724,highs_pfba
b3540,,3,8,0.2977439649475558,0.2977439649475535,2.220446049250313e-15,0,9.624625416718796e-06,748.75149425972,highs_pfba
b3544,,3,8,0.2977439649475558,0.2977439649475535,2.220446049250313e-15,0,9.624625416718796e-06,748.75149425972,highs_pfba
b1483,,1,0,0.2977439649475558,0.2977439649475558,0.0,0,0.0,748.751494259724,highs_pfba
b1487,,1,0,0.2977439649475558,0.2977439649475558,0.0,0,0.0,748.751494259724,highs_pfba
b0092,,1,421,0.2977439649475558,-0.0,0.2977439649475558,1,2567.894074963451,532.1052631578948,highs_pfba
b0381,,1,421,0.2977439649475558,-0.0,0.2977439649475558,1,2567.894074963451,532.1052631578948,highs_pfba
b1325,,1,0,0.2977439649475558,0.2977439649475557,5.551115123125783e-17,0,0.0,748.751494259722,highs_pfba
b1190,,1,421,0.2977439649475558,-0.0,0.2977439649475558,1,2567.894074963451,532.1052631578948,highs_pfba
b4053,,1,421,0.2977439649475558,-0.0,0.2977439649475558,1,2567.894074963451,532.1052631578948,highs_pfba
b2551,,6,417,0.2977439649475558,0.2877794178819758,0.0099645470655799,0,3.320319396370982,751.4312620856192,highs_pfba
b0870,,4,4,0.2977439649475558,0.2977439649475558,0.0,0,1.7634195540191315e-08,748.7514942597212,highs_pfba
b2379,,1,3,0.2977439649475558,0.297743964947558,-2.220446049250313e-15,0,0.0898858868367729,748.9245895002081,highs_pfba
b2290,,1,3,0.2977439649475558,0.297743964947558,-2.220446049250313e-15,0,0.0898858868367729,748.9245895002081,highs_pfba
b2697,,1,0,0.2977439649475558,0.2977439649475558,0.0,0,0.0,748.7514942597214,highs_pfba
b3460,,5,8,0.2977439649475558,0.2977439649475558,0.0,0,9.624625416730369e-06,748.7514942597236,highs_pfba
b3456,,5,8,0.2977439649475558,0.2977439649475558,0.0,0,9.624625416730369e-06,748.7514942597236,highs_pfba
b3457,,5,8,0.2977439649475558,0.2977439649475558,0.0,0,9.624625416730369e-06,748.7514942597236,highs_pfba
b3455,,5,8,0.2977439649475558,0.2977439649475558,0.0,0,9.624625416730369e-06,748.7514942597236,highs_pfba
b3454,,5,8,0.2977439649475558,0.2977439649475558,0.0,0,9.624625416730369e-06,748.7514942597236,highs_pfba
b4208,,5,277,0.2977439649475558,0.2976823915082942,6.157343926155301e-05,0,0.0003118541164223,748.7608516487799,highs_pfba
b0007,,2,8,0.2977439649475558,0.2977439649475539,1.8318679906315083e-15,0,9.624625416721492e-06,748.7514942597206,highs_pfba
b0356,,3,8,0.2977439649475558,0.2977439649475539,1.8318679906315083e-15,0,9.624625416538448e-06,748.7514942597205,highs_pfba
b1478,,1,4,0.2977439649475558,0.2977439649475558,0.0,0,9.6069912211854e-06,748.7514942597222,highs_pfba
b1385,,1,0,0.2977439649475558,0.2977439649475558,0.0,0,0.0,748.7514942597222,highs_pfba
b1300,,2,4,0.2977439649475558,0.2977439649475512,4.6074255521944004e-15,0,1.763419553032567e-08,748.7514942597186,highs_pfba
b3588,,2,4,0.2977439649475558,0.2977439649475558,0.0,0,9.6069912211854e-06,748.7514942597223,highs_pfba
b4084,,1,0,0.2977439649475558,0.2977439649475558,0.0,0,0.0,748.7514942597214,highs_pfba
b4090,,2,424,0.2977439649475558,0.1584085790474893,0.1393353859000664,0,410.14794978549946,746.2003651716602,highs_pfba
b0516,,1,4,0.2977439649475558,0.2977439649475539,1.8318679906315083e-15,0,9.60699122118534e-06,748.751494259722,highs_pfba
b0512,,1,4,0.2977439649475558,0.2977439649475539,1.8318679906315083e-15,0,9.60699122118534e-06,748.7514942597205,highs_pfba
b0511,,1,4,0.2977439649475558,0.2977439649475558,0.0,0,9.6069912211854e-06,748.7514942597239,highs_pfba
b4085,,1,0,0.2977439649475558,0.2977439649475558,0.0,0,0.0,748.7514942597214,highs_pfba
b4087,,2,0,0.2977439649475558,0.2977439649475558,0.0,0,0.0,748.7514942597214,highs_pfba
b4086,,2,0,0.2977439649475558,0.2977439649475558,0.0,0,0.0,748.7514942597214,highs_pfba
b4088,,2,0,0.2977439649475558,0.2977439649475558,0.0,0,0.0,748.7514942597214,highs_pfba
b0657,,2,0,0.2977439649475558,0.2977439649475558,0.0,0,0.0,748.7514942597214,highs_pfba
b1677,,2,0,0.2977439649475558,0.2977439649475558,0.0,0,0.0,748.7514942597214,highs_pfba
b1781,,1,4,0.2977439649475558,0.2977439649475558,0.0,0,9.6069912211854e-06,748.7514942597222,highs_pfba
b3001,,1,4,0.2977439649475558,0.2977439649475558,0.0,0,9.6069912211854e-06,748.7514942597222,highs_pfba
b0207,,2,4,0.2977439649475558,0.2977439649475558,0.0,0,1.7634195545955857e-08,748.7514942597245,highs_pfba
b3012,,2,4,0.2977439649475558,0.2977439649475558,0.0,0,1.7634195545955857e-08,748.7514942597245,highs_pfba
b3945,,4,4,0.2977439649475558,0.2977439649475558,0.0,0,9.606991221321667e-06,748.7514942597222,highs_pfba
b3091,,1,4,0.2977439649475558,0.2977439649475558,0.0,0,1.7634195541016927e-08,748.7514942597222,highs_pfba
b3416,,4,4,0.2977439649475558,0.2977439649475558,0.0,0,1.763419554496807e-08,748.7514942597236,highs_pfba
b3223,,1,0,0.2977439649475558,0.2977439649475558,0.0,0,0.0,748.7514942597222,highs_pfba
b3222,,1,0,0.2977439649475558,0.2977439649475558,0.0,0,0.0,748.7514942597214,highs_pfba
b0774,,1,421,0.2977439649475558,-0.0,0.2977439649475558,1,2567.8940749634507,532.1052631578948,highs_pfba
b3833,,2,8,0.2977439649475558,0.2977439649475558,0.0,0,9.624625416730751e-06,748.7514942597239,highs_pfba
b3994,,1,421,0.2977439649475558,-0.0,0.2977439649475558,1,2567.8940749634544,532.1052631578946,highs_pfba
b1982,,1,4,0.2977439649475558,0.2977439649475558,0.0,0,9.6069912211854e-06,748.7514942597197,highs_pfba
b0932,,2,4,0.2977439649475558,0.2977439649475558,0.0,0,9.606991221272114e-06,748.7514942597217,highs_pfba
b0237,,3,8,0.2977439649475558,0.2977439649475555,2.220446049250313e-16,0,9.624625416727472e-06,748.7514942597223,highs_pfba
b4260,,2,4,0.2977439649475558,0.2977439649475558,0.0,0,9.606991221272114e-06,748.7514942597217,highs_pfba
b2523,,2,4,0.2977439649475558,0.2977439649475558,0.0,0,9.606991221272114e-06,748.7514942597217,highs_pfba
b1640,,1,4,0.2977439649475558,0.2977439649475545,1.2212453270876722e-15,0,9.60699122118536e-06,748.7514942597212,highs_pfba
b1263,,2,421,0.2977439649475558,-0.0,0.2977439649475558,1,2567.894074963452,532.1052631578947,highs_pfba
b1264,,1,421,0.2977439649475558,-0.0,0.2977439649475558,1,2567.894074963452,532.1052631578947,highs_pfba
b0776,,1,421,0.2977439649475558,-0.0,0.2977439649475558,1,2567.8940749634507,532.1052631578948,highs_pfba
b0049,,3,4,0.2977439649475558,0.2977439649475558,0.0,0,9.6069912211854e-06,748.7514942597214,highs_pfba
b4129,,2,4,0.2977439649475558,0.2977439649475558,0.0,0,9.6069912211854e-06,748.7514942597214,highs_pfba
b0121,,2,4,0.2977439649475558,0.2977439649475512,4.6074255521944004e-15,0,1.763419553567741e-08,748.7514942597218,highs_pfba
b3059,,7,4,0.2977439649475558,0.2977439649475558,0.0,0,1.7634195536594006e-08,748.7514942597204,highs_pfba
b0968,,7,8,0.2977439649475558,0.2977439649475512,4.6074255521944004e-15,0,9.624625415805844e-06,748.7514942597161,highs_pfba
b0414,,2,421,0.2977439649475558,-0.0,0.2977439649475558,1,2567.894074963453,532.1052631578947,highs_pfba
b0062,,1,8,0.2977439649475558,0.2977439649475558,0.0,0,9.624625416725585e-06,748.7514942597214,highs_pfba
b0153,,5,4,0.2977439649475558,0.2977439649475512,4.6074255521944004e-15,0,1.7634195529839153e-08,748.7514942597189,highs_pfba
b0151,,5,4,0.2977439649475558,0.2977439649475512,4.6074255521944004e-15,0,1.7634195529839153e-08,748.7514942597189,highs_pfba
b0152,,5,4,0.2977439649475558,0.2977439649475512,4.6074255521944004e-15,0,1.7634195529839153e-08,748.7514942597189,highs_pfba
b2715,,1,0,0.2977439649475558,0.2977439649475558,0.0,0,0.0,748.7514942597214,highs_pfba
b3722,,1,0,0.2977439649475558,0.2977439649475558,0.0,0,0.0,748.7514942597214,highs_pfba
b1900,,1,4,0.2977439649475558,0.2977439649475558,0.0,0,9.6069912211854e-06,748.7514942597238,highs_pfba
b4460,,1,4,0.2977439649475558,0.2977439649475558,0.0,0,9.6069912211854e-06,748.7514942597238,highs_pfba
b1901,,1,4,0.2977439649475558,0.2977439649475558,0.0,0,9.6069912211854e-06,748.7514942597238,highs_pfba
b2841,,1,4,0.2977439649475558,0.2977439649475539,1.8318679906315083e-15,0,9.60699122118534e-06,748.7514942597205,highs_pfba
b1528,,3,8,0.2977439649475558,0.2977439649475512,4.6074255521944004e-15,0,9.624625416715329e-06,748.7514942597188,highs_pfba
b4115,,1,4,0.2977439649475558,0.2977439649475558,0.0,0,1.7634195545712597e-08,748.7514942597238,highs_pfba
b4117,,1,0,0.2977439649475558,0.2977439649475558,0.0,0,0.0,748.7514942597214,highs_pfba
b2938,,1,0,0.2977439649475558,0.2977439649475557,5.551115123125783e-17,0,0.0,748.7514942597211,highs_pfba
b1605,,1,4,0.2977439649475558,0.2977439649475558,0.0,0,9.6069912211854e-06,748.7514942597212,highs_pfba
b3960,,1,421,0.2977439649475558,-0.0,0.2977439649475558,1,2567.894074963453,532.1052631578947,highs_pfba
b3172,,1,421,0.2977439649475558,-0.0,0.2977439649475558,1,2567.894074963452,532.1052631578948,highs_pfba
b1876,,1,0,0.2977439649475558,0.2977439649475558,0.0,0,0.0,748.7514942597214,highs_pfba
b2310,,3,0,0.2977439649475558,0.2977439649475539,1.887379141862766e-15,0,0.0,748.7514942597204,highs_pfba
b0863,,1,4,0.2977439649475558,0.2977439649475558,0.0,0,9.6069912211854e-06,748.7514942597226,highs_pfba
b0860,,1,4,0.2977439649475558,0.2977439649475558,0.0,0,9.6069912211854e-06,748.7514942597226,highs_pfba
b2307,,4,8,0.2977439649475558,0.2977439649475558,0.0,0,9.624625416730369e-06,748.7514942597236,highs_pfba
b2308,,4,8,0.2977439649475558,0.2977439649475558,0.0,0,9.624625416730369e-06,748.7514942597236,highs_pfba
b0862,,1,4,0.2977439649475558,0.2977439649475558,0.0,0,9.6069912211854e-06,748.7514942597226,highs_pfba
b2306,,4,8,0.2977439649475558,0.2977439649475558,0.0,0,9.624625416730369e-06,748.7514942597236,highs_pfba
b0864,,1,4,0.2977439649475558,0.2977439649475558,0.0,0,9.6069912211854e-06,748.7514942597226,highs_pfba
b0861,,1,4,0.2977439649475558,0.2977439649475558,0.0,0,9.6069912211854e-06,748.7514942597226,highs_pfba
b2923,,2,8,0.2977439649475558,0.2977439649475558,0.0,0,9.624625416732905e-06,748.7514942597252,highs_pfba
b3433,,1,421,0.2977439649475558,-0.0,0.2977439649475558,1,2567.894074963453,532.1052631578947,highs_pfba
b4192,,1,0,0.2977439649475558,0.2977439649475558,0.0,0,0.0,748.7514942597214,highs_pfba
b4194,,1,0,0.2977439649475558,0.2977439649475558,0.0,0,0.0,748.7514942597214,highs_pfba
b4193,,1,0,0.2977439649475558,0.2977439649475558,0.0,0,0.0,748.7514942597214,highs_pfba
b4195,,1,0,0.2977439649475558,0.2977439649475558,0.0,0,0.0,748.7514942597214,highs_pfba
b1767,,1,4,0.2977439649475558,0.2977439649475558,0.0,0,9.6069912211854e-06,748.7514942597224,highs_pfba
b0828,,1,4,0.2977439649475558,0.2977439649475558,0.0,0,9.6069912211854e-06,748.7514942597224,highs_pfba
b2957,,2,4,0.2977439649475558,0.2977439649475558,0.0,0,9.6069912211854e-06,748.7514942597218,highs_pfba
b0674,,1,4,0.2977439649475558,0.2977439649475558,0.0,0,9.6069912211854e-06,748.751494259724,highs_pfba
b3744,,1,315,0.2977439649475558,0.2970333357468117,0.0007106292007441,0,0.0185543028136118,748.7544740838025,highs_pfba
b0930,,1,0,0.2977439649475558,0.2977439649475558,0.0,0,0.0,748.7514942597214,highs_pfba
b1453,,1,4,0.2977439649475558,0.2977439649475558,0.0,0,9.6069912211854e-06,748.7514942597238,highs_pfba
b3502,,1,0,0.2977439649475558,0.2977439649475558,0.0,0,0.0,748.7514942597214,highs_pfba
b0131,,1,421,0.2977439649475558,-0.0,0.2977439649475558,1,2567.8940749634444,532.1052631578948,highs_pfba
b4245,,1,421,0.2977439649475558,-0.0,0.2977439649475558,1,2567.894074963453,532.1052631578947,highs_pfba
b4244,,1,421,0.2977439649475558,-0.0,0.2977439649475558,1,2567.894074963453,532.1052631578947,highs_pfba
b0002,,2,421,0.2977439649475558,-0.0,0.2977439649475558,1,2567.894074963453,532.1052631578947,highs_pfba
b4024,,1,421,0.2977439649475558,-0.0,0.2977439649475558,1,2567.894074963453,532.1052631578947,highs_pfba
b3940,,2,421,0.2977439649475558,-0.0,0.2977439649475558,1,2567.894074963453,532.1052631578947,highs_pfba
b2574,,4,421,0.2977439649475558,-0.0,0.2977439649475558,1,2567.894074963458,532.1052631578946,highs_pfba
b4139,,1,4,0.2977439649475558,0.2977439649475558,0.0,0,9.6069912211854e-06,748.7514942597214,highs_pfba
b0928,,3,421,0.2977439649475558,-0.0,0.2977439649475558,1,2567.894074963452,532.1052631578948,highs_pfba
b1866,,1,0,0.2977439649475558,0.2977439649475558,0.0,0,0.0,748.7514942597214,highs_pfba
b0654,,2,4,0.2977439649475558,0.2977439649475512,4.6074255521944004e-15,0,1.7634195528600738e-08,748.7514942597177,highs_pfba
b0655,,2,4,0.2977439649475558,0.2977439649475512,4.6074255521944004e-15,0,1.7634195528600738e-08,748.7514942597177,highs_pfba
b0652,,2,4,0.2977439649475558,0.2977439649475512,4.6074255521944004e-15,0,1.7634195528600738e-08,748.7514942597177,highs_pfba
b0653,,2,4,0.2977439649475558,0.2977439649475512,4.6074255521944004e-15,0,1.7634195528600738e-08,748.7514942597177,highs_pfba
b3528,,6,4,0.2977439649475558,0.2977439649475558,0.0,0,1.7634195539188785e-08,748.7514942597213,highs_pfba
b4123,,9,4,0.2977439649475558,0.2977439649475558,0.0,0,1.7634195539277244e-08,748.7514942597206,highs_pfba
b4138,,7,4,0.2977439649475558,0.2977439649475558,0.0,0,1.7634195539277244e-08,748.7514942597206,highs_pfba
b4077,,2,4,0.2977439649475558,0.2977439649475558,0.0,0,1.7634195544466806e-08,748.7514942597238,highs_pfba
b3503,,1,0,0.2977439649475558,0.2977439649475558,0.0,0,0.0,748.7514942597214,highs_pfba
b1064,,7,8,0.2977439649475558,0.2977439649475558,0.0,0,9.624625416663184e-06,748.7514942597211,highs_pfba
b1747,,1,8,0.2977439649475558,0.2977439649475558,0.0,0,9.624625416732905e-06,748.751494259725,highs_pfba
b1539,,4,4,0.2977439649475558,0.2977439649475557,5.551115123125783e-17,0,1.7634195542668122e-08,748.7514942597224,highs_pfba
b2019,,1,421,0.2977439649475558,-0.0,0.2977439649475558,1,2567.894074963452,532.1052631578948,highs_pfba
b3738,,1,424,0.2977439649475558,0.0,0.2977439649475558,1,22766.62685173091,0.0,infeasible
b3733,,1,424,0.2977439649475558,0.0,0.2977439649475558,1,22766.62685173091,0.0,infeasible
b3732,,1,424,0.2977439649475558,0.0,0.2977439649475558,1,22766.62685173091,0.0,infeasible
b3739,,1,424,0.2977439649475558,0.0,0.2977439649475558,1,22766.62685173091,0.0,infeasible
b3736,,1,424,0.2977439649475558,0.0,0.2977439649475558,1,22766.62685173091,0.0,infeasible
b3737,,1,424,0.2977439649475558,0.0,0.2977439649475558,1,22766.62685173091,0.0,infeasible
b3734,,1,424,0.2977439649475558,0.0,0.2977439649475558,1,22766.62685173091,0.0,infeasible
b3735,,1,424,0.2977439649475558,0.0,0.2977439649475558,1,22766.62685173091,0.0,infeasible
b3731,,1,424,0.2977439649475558,0.0,0.2977439649475558,1,22766.62685173091,0.0,infeasible
b0312,,2,0,0.2977439649475558,0.2977439649475558,0.0,0,0.0,748.751494259724,highs_pfba
b0827,,4,421,0.2977439649475558,-0.0,0.2977439649475558,1,2567.894074963452,532.1052631578948,highs_pfba
b3857,,5,421,0.2977439649475558,-0.0,0.2977439649475558,1,2567.8940749634507,532.1052631578948,highs_pfba
b3856,,5,421,0.2977439649475558,-0.0,0.2977439649475558,1,2567.8940749634507,532.1052631578948,highs_pfba
b4214,,1,421,0.2977439649475558,-0.0,0.2977439649475558,1,2567.894074963453,532.1052631578947,highs_pfba
b3551,,3,4,0.2977439649475558,0.2977439649475558,0.0,0,9.6069912211854e-06,748.7514942597215,highs_pfba
b0775,,1,421,0.2977439649475558,-0.0,0.2977439649475558,1,2567.8940749634507,532.1052631578948,highs_pfba
b0934,,5,0,0.2977439649475558,0.2977439649475558,0.0,0,0.0,748.7514942597214,highs_pfba
b0367,,3,0,0.2977439649475558,0.2977439649475558,0.0,0,0.0,748.7514942597214,highs_pfba
b0933,,5,0,0.2977439649475558,0.2977439649475558,0.0,0,0.0,748.7514942597214,highs_pfba
b0936,,5,0,0.2977439649475558,0.2977439649475558,0.0,0,0.0,748.7514942597214,highs_pfba
b0365,,3,0,0.2977439649475558,0.2977439649475558,0.0,0,0.0,748.7514942597214,highs_pfba
b0366,,3,0,0.2977439649475558,0.2977439649475558,0.0,0,0.0,748.7514942597214,highs_pfba
b1216,,3,4,0.2977439649475558,0.2977439649475558,0.0,0,1.763419554251335e-08,748.7514942597223,highs_pfba
b4132,,1,4,0.2977439649475558,0.2977439649475558,0.0,0,9.6069912211854e-06,748.7514942597227,highs_pfba
b3942,,1,0,0.2977439649475558,0.2977439649475558,0.0,0,0.0,748.7514942597214,highs_pfba
b1732,,1,0,0.2977439649475558,0.2977439649475558,0.0,0,0.0,748.7514942597214,highs_pfba
b3196,,1,421,0.2977439649475558,-0.0,0.2977439649475558,1,2567.894074963453,532.1052631578947,highs_pfba
b1270,,2,0,0.2977439649475558,0.2977439649475558,0.0,0,0.0,748.7514942597214,highs_pfba
b2874,,1,374,0.2977439649475558,0.2940862670450103,0.0036576979025454,0,0.2215942623214375,748.7668317891623,highs_pfba
b0521,,1,374,0.2977439649475558,0.2940862670450103,0.0036576979025454,0,0.2215942623214375,748.7668317891623,highs_pfba
b0323,,1,374,0.2977439649475558,0.2940862670450103,0.0036576979025454,0,0.2215942623214375,748.7668317891623,highs_pfba
b0033,,1,4,0.2977439649475558,0.2977439649475558,0.0,0,9.6069912211854e-06,748.751494259722,highs_pfba
b0032,,1,4,0.2977439649475558,0.2977439649475558,0.0,0,9.6069912211854e-06,748.751494259722,highs_pfba
b0444,,1,0,0.2977439649475558,0.2977439649475558,0.0,0,0.0,748.7514942597214,highs_pfba
b3469,,6,8,0.2977439649475558,0.2977439649475558,0.0,0,9.624625416721912e-06,748.7514942597197,highs_pfba
b3915,,7,8,0.2977439649475558,0.2977439649475558,0.0,0,9.624625417298626e-06,748.7514942597252,highs_pfba
b0752,,5,4,0.2977439649475558,0.2977439649475556,1.6653345369377348e-16,0,1.7634195539424585e-08,748.7514942597218,highs_pfba
b3040,,6,421,0.2977439649475558,-0.0,0.2977439649475558,1,2567.894074963453,532.1052631578947,highs_pfba
b3918,,7,0,0.2977439649475558,0.2977439649475558,0.0,0,0.0,748.7514942597243,highs_pfba
b2794,,1,0,0.2977439649475558,0.2977439649475558,0.0,0,0.0,748.7514942597214,highs_pfba
b1208,,1,421,0.2977439649475558,-0.0,0.2977439649475558,1,2567.894074963453,532.1052631578947,highs_pfba
b1661,,4,0,0.2977439649475558,0.2977439649475558,0.0,0,0.0,748.7514942597214,highs_pfba
b2129,,2,4,0.2977439649475558,0.2977439649475558,0.0,0,1.7634195545233447e-08,748.7514942597238,highs_pfba
b2128,,2,4,0.2977439649475558,0.2977439649475558,0.0,0,1.7634195545233447e-08,748.7514942597238,highs_pfba
b2131,,2,4,0.2977439649475558,0.2977439649475558,0.0,0,1.7634195545233447e-08,748.7514942597238,highs_pfba
b2130,,2,4,0.2977439649475558,0.2977439649475558,0.0,0,1.7634195545233447e-08,748.7514942597238,highs_pfba
b1801,,3,8,0.2977439649475558,0.2977439649475558,0.0,0,9.624625416728702e-06,748.7514942597229,highs_pfba
b0314,,1,4,0.2977439649475558,0.2977439649475558,0.0,0,9.6069912211854e-06,748.7514942597239,highs_pfba
b0311,,1,0,0.2977439649475558,0.2977439649475558,0.0,0,0.0,748.7514942597214,highs_pfba
b2600,,2,421,0.2977439649475558,-0.0,0.2977439649475558,1,2567.894074963456,532.1052631578945,highs_pfba
b2599,,2,421,0.2977439649475558,-0.0,0.2977439649475558,1,2567.894074963453,532.1052631578947,highs_pfba
b2329,,1,421,0.2977439649475558,-0.0,0.2977439649475558,1,2567.8940749634485,532.1052631578947,highs_pfba
b4039,,1,421,0.2977439649475558,-0.0,0.2977439649475558,1,2567.894074963453,532.1052631578947,highs_pfba
b2542,,2,0,0.2977439649475558,0.2977439649475558,0.0,0,0.0,748.7514942597214,highs_pfba
b2540,,2,0,0.2977439649475558,0.2977439649475558,0.0,0,0.0,748.7514942597214,highs_pfba
b2538,,2,0,0.2977439649475558,0.2977439649475558,0.0,0,0.0,748.7514942597214,highs_pfba
b2539,,2,0,0.2977439649475558,0.2977439649475558,0.0,0,0.0,748.7514942597214,highs_pfba
b0617,,1,4,0.2977439649475558,0.2977439649475558,0.0,0,9.6069912211854e-06,748.7514942597236,highs_pfba
b0614,,1,4,0.2977439649475558,0.2977439649475558,0.0,0,9.6069912211854e-06,748.7514942597236,highs_pfba
b0616,,1,4,0.2977439649475558,0.2977439649475558,0.0,0,9.6069912211854e-06,748.7514942597236,highs_pfba
b0615,,1,4,0.2977439649475558,0.2977439649475558,0.0,0,9.6069912211854e-06,748.7514942597236,highs_pfba
b0612,,1,8,0.2977439649475558,0.2977439649475558,0.0,0,9.624625416725236e-06,748.7514942597211,highs_pfba
b0789,,7,4,0.2977439649475558,0.2977439649475558,0.0,0,9.6069912211854e-06,748.7514942597222,highs_pfba
b1249,,7,4,0.2977439649475558,0.2977439649475558,0.0,0,9.6069912211854e-06,748.7514942597222,highs_pfba
b0155,,1,421,0.2977439649475558,-0.0,0.2977439649475558,1,2567.8940749634507,532.1052631578948,highs_pfba
b1592,,1,421,0.2977439649475558,-0.0,0.2977439649475558,1,2567.8940749634507,532.1052631578948,highs_pfba
b3035,,9,8,0.2977439649475558,0.2977439649475512,4.6074255521944004e-15,0,9.624625416162584e-06,748.7514942597186,highs_pfba
b2470,,7,8,0.2977439649475558,0.2977439649475558,0.0,0,9.62462541672102e-06,748.751494259719,highs_pfba
b0463,,7,8,0.2977439649475558,0.2977439649475558,0.0,0,9.62462541672102e-06,748.751494259719,highs_pfba
b0462,,7,8,0.2977439649475558,0.2977439649475558,0.0,0,9.62462541672102e-06,748.751494259719,highs_pfba
b3816,,3,421,0.2977439649475558,-0.0,0.2977439649475558,1,2567.894074963452,532.1052631578948,highs_pfba
b2174,,1,4,0.2977439649475558,0.2977439649475558,0.0,0,9.6069912211854e-06,748.7514942597239,highs_pfba
b0914,,32,421,0.2977439649475558,-0.0,0.2977439649475558,1,2567.894074963451,532.1052631578948,highs_pfba
b1102,,1,8,0.2977439649475558,0.2977439649475556,1.6653345369377348e-16,0,9.62462541672476e-06,748.751494259721,highs_pfba
b2765,,1,0,0.2977439649475558,0.2977439649475558,0.0,0,0.0,748.7514942597214,highs_pfba
b0783,,1,421,0.2977439649475558,-0.0,0.2977439649475558,1,2567.894074963452,532.1052631578948,highs_pfba
b0781,,1,421,0.2977439649475558,-0.0,0.2977439649475558,1,2567.894074963452,532.1052631578948,highs_pfba
b2436,,1,210,0.2977439649475558,0.2977372105976325,6.754349923254743e-06,0,1.0726550123486851e-05,748.7499490112609,highs_pfba
b3867,,1,8,0.2977439649475558,0.2977439649475558,0.0,0,9.624625416727595e-06,748.7514942597222,highs_pfba
b0038,,2,4,0.2977439649475558,0.2977439649475558,0.0,0,9.6069912211854e-06,748.7514942597223,highs_pfba
b0037,,3,4,0.2977439649475558,0.2977439649475558,0.0,0,1.7634195535856852e-08,748.7514942597194,highs_pfba
b0036,,2,8,0.2977439649475558,0.2977439649475558,0.0,0,9.62462541673028e-06,748.751494259724,highs_pfba
b2679,,4,8,0.2977439649475558,0.2977439649475558,0.0,0,9.624625416721722e-06,748.7514942597196,highs_pfba
b2677,,4,8,0.2977439649475558,0.2977439649475558,0.0,0,9.624625416721722e-06,748.7514942597196,highs_pfba
b2678,,4,8,0.2977439649475558,0.2977439649475558,0.0,0,9.624625416721722e-06,748.7514942597196,highs_pfba
b4111,,5,8,0.2977439649475558,0.2977439649475512,4.6074255521944004e-15,0,9.624625416715329e-06,748.7514942597188,highs_pfba
b0040,,2,4,0.2977439649475558,0.2977439649475558,0.0,0,9.6069912211854e-06,748.7514942597212,highs_pfba
b0720,,1,423,0.2977439649475558,-0.0,0.2977439649475558,1,1476.460727767394,545.4545454545455,highs_pfba
b0337,,1,4,0.2977439649475558,0.2977439649475539,1.8318679906315083e-15,0,9.60699122118534e-06,748.7514942597177,highs_pfba
b0336,,1,0,0.2977439649475558,0.2977439649475558,0.0,0,0.0,748.7514942597214,highs_pfba
b3846,,19,447,0.2977439649475558,0.2903566186364152,0.0073873463111405,0,3.845016006844424,748.4483393112516,highs_pfba
b2780,,1,421,0.2977439649475558,-0.0,0.2977439649475558,1,2567.8940749634603,532.1052631578945,highs_pfba
b0123,,2,4,0.2977439649475558,0.2977439649475512,4.6074255521944004e-15,0,9.606991221185253e-06,748.751494259719,highs_pfba
b0484,,1,0,0.2977439649475558,0.2977439649475558,0.0,0,0.0,748.7514942597214,highs_pfba
b3425,,1,0,0.2977439649475558,0.2977439649475558,0.0,0,0.0,748.7514942597214,highs_pfba
b1308,,1,0,0.2977439649475558,0.2977439649475558,0.0,0,0.0,748.7514942597214,highs_pfba
b0340,,1,0,0.2977439649475558,0.2977439649475558,0.0,0,0.0,748.7514942597214,highs_pfba
b0341,,1,0,0.2977439649475558,0.2977439649475558,0.0,0,0.0,748.7514942597214,highs_pfba
b1919,,1,0,0.2977439649475558,0.2977439649475558,0.0,0,0.0,748.7514942597214,highs_pfba
b3008,,2,421,0.2977439649475558,-0.0,0.2977439649475558,1,2567.8940749634507,532.1052631578947,highs_pfba
b3708,,3,296,0.2977439649475558,0.2975341456012202,0.0002098193463355,0,0.0045703643843238,748.7337700714722,highs_pfba
b2414,,1,421,0.2977439649475558,-0.0,0.2977439649475558,1,2567.894074963452,532.1052631578947,highs_pfba
b2421,,1,421,0.2977439649475558,-0.0,0.2977439649475558,1,2567.894074963452,532.1052631578947,highs_pfba
b2810,,1,0,0.2977439649475558,0.2977439649475558,0.0,0,0.0,748.7514942597214,highs_pfba
b1622,,1,421,0.2977439649475558,-0.0,0.2977439649475558,1,2567.894074963452,532.1052631578948,highs_pfba
b0526,,1,0,0.2977439649475558,0.2977439649475558,0.0,0,0.0,748.7514942597214,highs_pfba
b0886,,2,8,0.2977439649475558,0.2977439649475555,2.220446049250313e-16,0,9.624625416724848e-06,748.7514942597218,highs_pfba
b0887,,2,8,0.2977439649475558,0.2977439649475555,2.220446049250313e-16,0,9.624625416724848e-06,748.7514942597218,highs_pfba
b0978,,2,4,0.2977439649475558,0.2977439649475539,1.8318679906315083e-15,0,1.7634195537271182e-08,748.7514942597213,highs_pfba
b0979,,2,4,0.2977439649475558,0.2977439649475539,1.8318679906315083e-15,0,1.7634195537271182e-08,748.7514942597213,highs_pfba
b0734,,1,4,0.2977439649475558,0.2977439649475558,0.0,0,9.6069912211854e-06,748.7514942597177,highs_pfba
b0733,,1,4,0.2977439649475558,0.2977439649475558,0.0,0,9.6069912211854e-06,748.7514942597177,highs_pfba
b0432,,1,423,0.2977439649475558,0.0992521634831514,0.1984918014644043,0,6783.423123072505,709.5846552731028,highs_pfba
b0430,,1,423,0.2977439649475558,0.0992521634831514,0.1984918014644043,0,6783.423123072505,709.5846552731028,highs_pfba
b0429,,1,423,0.2977439649475558,0.0992521634831514,0.1984918014644043,0,6783.423123072505,709.5846552731028,highs_pfba
b0431,,1,423,0.2977439649475558,0.0992521634831514,0.1984918014644043,0,6783.423123072505,709.5846552731028,highs_pfba
b2143,,2,8,0.2977439649475558,0.2977439649475539,1.8318679906315083e-15,0,9.62462541672102e-06,748.7514942597202,highs_pfba
b0651,,2,8,0.2977439649475558,0.2977439649475539,1.8318679906315083e-15,0,9.62462541672105e-06,748.7514942597204,highs_pfba
b2162,,2,8,0.2977439649475558,0.2977439649475539,1.8318679906315083e-15,0,9.62462541672105e-06,748.7514942597204,highs_pfba
b2066,,2,8,0.2977439649475558,0.2977439649475512,4.6074255521944004e-15,0,9.624625416720225e-06,748.7514942597214,highs_pfba
b0910,,3,421,0.2977439649475558,-0.0,0.2977439649475558,1,2567.8940749634376,532.1052631578951,highs_pfba
b2975,,3,8,0.2977439649475558,0.2977439649475558,0.0,0,9.624625416726328e-06,748.7514942597219,highs_pfba
b3603,,3,8,0.2977439649475558,0.2977439649475558,0.0,0,9.624625416726328e-06,748.7514942597219,highs_pfba
b1189,,1,4,0.2977439649475558,0.2977439649475558,0.0,0,9.6069912211854e-06,748.7514942597211,highs_pfba
b4042,,7,8,0.2977439649475558,0.2977439649475558,0.0,0,9.62462541633974e-06,748.751494259719,highs_pfba
b2871,,1,0,0.2977439649475558,0.2977439649475558,0.0,0,0.0,748.7514942597214,highs_pfba
b2838,,1,421,0.2977439649475558,-0.0,0.2977439649475558,1,2567.894074963453,532.1052631578947,highs_pfba
b3809,,1,421,0.2977439649475558,-0.0,0.2977439649475558,1,2567.894074963452,532.1052631578947,highs_pfba
b0175,,7,421,0.2977439649475558,-0.0,0.2977439649475558,1,2567.894074963454,532.1052631578946,highs_pfba
b3041,,1,421,0.2977439649475558,-0.0,0.2977439649475558,1,2567.894074963453,532.1052631578947,highs_pfba
b0778,,1,421,0.2977439649475558,-0.0,0.2977439649475558,1,2567.8940749634507,532.1052631578948,highs_pfba
b1734,,1,0,0.2977439649475558,0.2977439649475558,0.0,0,0.0,748.7514942597214,highs_pfba
b2065,,1,4,0.2977439649475558,0.2977439649475558,0.0,0,9.6069912211854e-06,748.7514942597222,highs_pfba
b2344,,7,4,0.2977439649475558,0.2977439649475558,0.0,0,1.7634195545233447e-08,748.7514942597238,highs_pfba
b3693,,1,0,0.2977439649475558,0.2977439649475558,0.0,0,0.0,748.7514942597214,highs_pfba
b3909,,2,4,0.2977439649475558,0.2977439649475558,0.0,0,1.7634195545321906e-08,748.7514942597239,highs_pfba
b3526,,1,8,0.2977439649475558,0.2977439649475558,0.0,0,9.624625416726948e-06,748.751494259722,highs_pfba
b1704,,1,421,0.2977439649475558,-0.0,0.2977439649475558,1,2567.894074963453,532.1052631578947,highs_pfba
b2601,,1,421,0.2977439649475558,-0.0,0.2977439649475558,1,2567.894074963453,532.1052631578947,highs_pfba
b0754,,1,421,0.2977439649475558,-0.0,0.2977439649475558,1,2567.894074963453,532.1052631578947,highs_pfba
b4477,,1,0,0.2977439649475558,0.2977439649475558,0.0,0,0.0,748.7514942597214,highs_pfba
b3648,,2,421,0.2977439649475558,-0.0,0.2977439649475558,1,2567.894074963452,532.1052631578948,highs_pfba
b1393,,1,0,0.2977439649475558,0.2977439649475558,0.0,0,0.0,748.7514942597194,highs_pfba
b3771,,2,421,0.2977439649475558,-0.0,0.2977439649475558,1,2567.894074963453,532.1052631578947,highs_pfba
b1198,,1,9,0.2977439649475558,0.2977439649475558,0.0,0,266.8001451447754,756.056289062285,highs_pfba
b1199,,1,9,0.2977439649475558,0.2977439649475558,0.0,0,266.8001451447754,756.056289062285,highs_pfba
b1200,,1,9,0.2977439649475558,0.2977439649475558,0.0,0,266.8001451447754,756.056289062285,highs_pfba
b0596,,1,8,0.2977439649475558,0.2977439649475558,0.0,0,9.624625416719222e-06,748.751494259719,highs_pfba
b0594,,1,8,0.2977439649475558,0.2977439649475558,0.0,0,9.624625416733052e-06,748.7514942597251,highs_pfba
b2541,,2,0,0.2977439649475558,0.2977439649475558,0.0,0,0.0,748.7514942597214,highs_pfba
b0348,,2,0,0.2977439649475558,0.2977439649475558,0.0,0,0.0,748.7514942597214,highs_pfba
b0031,,1,421,0.2977439649475558,-0.0,0.2977439649475558,1,2567.894074963452,532.1052631578947,highs_pfba
b2478,,1,421,0.2977439649475558,-0.0,0.2977439649475558,1,2567.894074963453,532.1052631578947,highs_pfba
b0048,,1,421,0.2977439649475558,-0.0,0.2977439649475558,1,2567.894074963453,532.1052631578947,highs_pfba
b1606,,2,421,0.2977439649475558,-0.0,0.2977439649475558,1,2567.894074963453,532.1052631578947,highs_pfba
b2315,,1,421,0.2977439649475558,-0.0,0.2977439649475558,1,2567.894074963452,532.1052631578948,highs_pfba
b3930,,1,4,0.2977439649475558,0.2977439649475557,5.551115123125783e-17,0,1.7634195543847566e-08,748.7514942597237,highs_pfba
b2262,,1,4,0.2977439649475558,0.2977439649475557,5.551115123125783e-17,0,1.7634195543847566e-08,748.7514942597237,highs_pfba
b0736,,1,4,0.2977439649475558,0.2977439649475557,5.551115123125783e-17,0,1.7634195543847566e-08,748.7514942597237,highs_pfba
b3058,,2,421,0.2977439649475558,-0.0,0.2977439649475558,1,2567.8940749634503,532.1052631578947,highs_pfba
b0945,,2,7,0.2977439649475558,0.2977439649475558,0.0,0,0.0291021668129457,748.8499864746077,highs_pfba
b1062,,1,421,0.2977439649475558,-0.0,0.2977439649475558,1,2567.894074963453,532.1052631578947,highs_pfba
b3177,,1,421,0.2977439649475558,-0.0,0.2977439649475558,1,2567.894074963452,532.1052631578948,highs_pfba
b0578,,2,0,0.2977439649475558,0.2977439649475558,0.0,0,0.0,748.7514942597214,highs_pfba
b2303,,1,0,0.2977439649475558,0.2977439649475558,0.0,0,0.0,748.7514942597214,highs_pfba
b3389,,1,421,0.2977439649475558,-0.0,0.2977439649475558,1,2567.894074963453,532.1052631578947,highs_pfba
b1693,,1,421,0.2977439649475558,-0.0,0.2977439649475558,1,2567.8940749634507,532.1052631578947,highs_pfba
b0421,,2,421,0.2977439649475558,-0.0,0.2977439649475558,1,2567.89407496343,532.1052631578957,highs_pfba
b0029,,2,421,0.2977439649475558,-0.0,0.2977439649475558,1,2567.894074963453,532.1052631578947,highs_pfba
b2232,,2,0,0.2977439649475558,0.2977439649475558,0.0,0,0.0,748.7514942597213,highs_pfba
b1588,,3,0,0.2977439649475558,0.2977439649475558,0.0,0,0.0,748.7514942597214,highs_pfba
b0895,,4,0,0.2977439649475558,0.2977439649475558,0.0,0,0.0,748.7514942597214,highs_pfba
b1587,,3,0,0.2977439649475558,0.2977439649475558,0.0,0,0.0,748.7514942597214,highs_pfba
b0894,,4,0,0.2977439649475558,0.2977439649475558,0.0,0,0.0,748.7514942597214,highs_pfba
b1590,,3,0,0.2977439649475558,0.2977439649475558,0.0,0,0.0,748.7514942597214,highs_pfba
b0896,,4,0,0.2977439649475558,0.2977439649475558,0.0,0,0.0,748.7514942597214,highs_pfba
b1589,,3,0,0.2977439649475558,0.2977439649475558,0.0,0,0.0,748.7514942597214,highs_pfba
b1872,,4,4,0.2977439649475558,0.2977439649475558,0.0,0,1.7634195547503883e-08,748.7514942597252,highs_pfba
b1873,,4,4,0.2977439649475558,0.2977439649475558,0.0,0,1.7634195547503883e-08,748.7514942597252,highs_pfba
b0099,,3,421,0.2977439649475558,-0.0,0.2977439649475558,1,2567.894074963452,532.1052631578947,highs_pfba
b1865,,2,421,0.2977439649475558,-0.0,0.2977439649475558,1,2567.894074963453,532.1052631578947,highs_pfba
b3575,,1,0,0.2977439649475558,0.2977439649475558,0.0,0,0.0,748.7514942597214,highs_pfba
b0103,,1,421,0.2977439649475558,-0.0,0.2977439649475558,1,2567.8940749634444,532.1052631578948,highs_pfba
b3774,,3,421,0.2977439649475558,-0.0,0.2977439649475558,1,2567.894074963451,532.1052631578947,highs_pfba
b0425,,1,421,0.2977439649475558,-0.0,0.2977439649475558,1,2567.8940749634444,532.1052631578948,highs_pfba
b4381,,1,8,0.2977439649475558,0.2977439649475558,0.0,0,9.624625416727914e-06,748.7514942597224,highs_pfba
b1185,,2,0,0.2977439649475558,0.2977439649475558,0.0,0,0.0,748.7514942597214,highs_pfba
b3860,,2,0,0.2977439649475558,0.2977439649475558,0.0,0,0.0,748.7514942597214,highs_pfba
b2893,,2,0,0.2977439649475558,0.2977439649475558,0.0,0,0.0,748.7514942597214,highs_pfba
b2582,,10,13,0.2977439649475558,0.2977439649475512,4.6074255521944004e-15,0,0.0272435900086829,748.8252966518003,highs_pfba
b4136,,3,0,0.2977439649475558,0.2977439649475558,0.0,0,0.0,748.7514942597214,highs_pfba
b3781,,10,13,0.2977439649475558,0.2977439649475512,4.6074255521944004e-15,0,0.0272435900086829,748.8252966518003,highs_pfba
b0604,,2,0,0.2977439649475558,0.2977439649475558,0.0,0,0.0,748.7514942597214,highs_pfba
b4122,,2,437,0.2977439649475558,0.2700464124380691,0.0276975525094866,0,238.69322141949635,747.1856932871665,highs_pfba
b1098,,1,421,0.2977439649475558,-0.0,0.2977439649475558,1,2567.894074963453,532.1052631578947,highs_pfba
b2146,,1,0,0.2977439649475558,0.2977439649475558,0.0,0,0.0,748.7514942597214,highs_pfba
b2147,,1,0,0.2977439649475558,0.2977439649475558,0.0,0,0.0,748.7514942597214,highs_pfba
b1238,,2,8,0.2977439649475558,0.2977439649475512,4.6074255521944004e-15,0,9.624625416719693e-06,748.7514942597213,highs_pfba
b4384,,7,15,0.2977439649475558,0.2977439649475539,1.887379141862766e-15,0,9.905695164071392e-06,748.751694641409,highs_pfba
b4382,,2,8,0.2977439649475558,0.2977439649475512,4.6074255521944004e-15,0,9.624625416715091e-06,748.7514942597189,highs_pfba
b2251,,3,297,0.2977439649475558,0.2976666632112528,7.730173630293713e-05,0,0.0010823752261076,748.7985508783134,highs_pfba
b3640,,1,294,0.2977439649475558,0.2976666632112528,7.730173630299264e-05,0,0.001082292029751,748.7985508783129,highs_pfba
b0173,,1,421,0.2977439649475558,-0.0,0.2977439649475558,1,2567.894074963453,532.1052631578947,highs_pfba
b0420,,1,421,0.2977439649475558,-0.0,0.2977439649475558,1,2567.894074963452,532.1052631578947,highs_pfba
b3564,,2,0,0.2977439649475558,0.2977439649475558,0.0,0,0.0,748.7514942597214,highs_pfba
b1779,,2,424,0.2977439649475558,0.0,0.2977439649475558,1,22766.62685173091,0.0,infeasible
b2927,,1,421,0.2977439649475558,-0.0,0.2977439649475558,1,2567.894074963452,532.1052631578948,highs_pfba
b1288,,26,421,0.2977439649475558,-0.0,0.2977439649475558,1,2567.894074963453,532.1052631578948,highs_pfba
b3622,,2,8,0.2977439649475558,0.2977439649475545,1.2212453270876722e-15,0,9.624625416724195e-06,748.7514942597213,highs_pfba
b3793,,3,8,0.2977439649475558,0.2977439649475545,1.2212453270876722e-15,0,9.624625416724195e-06,748.7514942597213,highs_pfba
b3785,,3,8,0.2977439649475558,0.2977439649475545,1.2212453270876722e-15,0,9.624625416724195e-06,748.7514942597213,highs_pfba
b3792,,1,8,0.2977439649475558,0.2977439649475545,1.2212453270876722e-15,0,9.624625416726704e-06,748.7514942597222,highs_pfba
b2341,,16,447,0.2977439649475558,0.2903566186364105,0.0073873463111452,0,3.845016006843261,748.4483393112425,highs_pfba
b1850,,2,8,0.2977439649475558,0.2977439649475512,4.6074255521944004e-15,0,9.62462541671344e-06,748.7514942597186,highs_pfba
b1851,,1,0,0.2977439649475558,0.2977439649475558,0.0,0,0.0,748.7514942597236,highs_pfba
b1054,,1,4,0.2977439649475558,0.2977439649475512,4.6074255521944004e-15,0,9.606991221185253e-06,748.751494259718,highs_pfba
b1855,,2,8,0.2977439649475558,0.2977439649475557,1.1102230246251563e-16,0,9.62462541686398e-06,748.7514942597223,highs_pfba
b2378,,1,4,0.2977439649475558,0.2977439649475558,0.0,0,9.6069912211854e-06,748.7514942597244,highs_pfba
b2779,,1,432,0.2977439649475558,0.0777776105181066,0.2199663544294491,0,2508.4976008916683,725.4684630915323,highs_pfba
b0583,,1,8,0.2977439649475558,0.2977439649475558,0.0,0,9.624625416733052e-06,748.7514942597251,highs_pfba
b0585,,2,8,0.2977439649475558,0.2977439649475539,1.8318679906315083e-15,0,9.62462541672335e-06,748.7514942597211,highs_pfba
b2441,,1,0,0.2977439649475558,0.2977439649475512,4.6074255521944004e-15,0,0.0,748.751494259719,highs_pfba
b2440,,1,0,0.2977439649475558,0.2977439649475512,4.6074255521944004e-15,0,0.0,748.751494259719,highs_pfba
b3946,,1,9,0.2977439649475558,0.2977439649475558,0.0,0,266.8001451447732,756.0562890622847,highs_pfba
b0825,,1,9,0.2977439649475558,0.2977439649475558,0.0,0,266.8001451447732,756.0562890622847,highs_pfba
b0822,,5,8,0.2977439649475558,0.2977439649475539,1.8318679906315083e-15,0,9.624625416720662e-06,748.7514942597202,highs_pfba
b3666,,4,0,0.2977439649475558,0.2977439649475558,0.0,0,0.0,748.7514942597214,highs_pfba
b0404,,7,4,0.2977439649475558,0.2977439649475558,0.0,0,9.606991221321667e-06,748.7514942597222,highs_pfba
b0452,,10,447,0.2977439649475558,0.290356618636422,0.0073873463111337,0,3.8450160068451416,748.4483393112528,highs_pfba
b1805,,10,4,0.2977439649475558,0.2977439649475558,0.0,0,1.7634195547385933e-08,748.751494259725,highs_pfba
b1701,,10,4,0.2977439649475558,0.2977439649475558,0.0,0,1.7634195547385933e-08,748.751494259725,highs_pfba
b3844,,6,339,0.2977439649475558,0.2961378230759075,0.0016061418716482,0,1.949438683309296,748.0461719881259,highs_pfba
b2764,,4,421,0.2977439649475558,-0.0,0.2977439649475558,1,2567.8940749634694,532.1052631578941,highs_pfba
b2763,,4,421,0.2977439649475558,-0.0,0.2977439649475558,1,2567.8940749634694,532.1052631578941,highs_pfba
b2925,,2,412,0.2977439649475558,0.292630250172445,0.0051137147751107,0,31.221056708375315,748.8664761979496,highs_pfba
b1773,,1,9,0.2977439649475558,0.2977439649475512,4.6074255521944004e-15,0,16.50279843055567,750.5682379853756,highs_pfba
b2097,,1,9,0.2977439649475558,0.2977439649475512,4.6074255521944004e-15,0,16.50279843055567,750.5682379853756,highs_pfba
b3925,,1,4,0.2977439649475558,0.2977439649475558,0.0,0,9.6069912211854e-06,748.7514942597239,highs_pfba
b2930,,1,4,0.2977439649475558,0.2977439649475558,0.0,0,9.6069912211854e-06,748.7514942597239,highs_pfba
b4232,,1,4,0.2977439649475558,0.2977439649475558,0.0,0,9.6069912211854e-06,748.7514942597239,highs_pfba
b2802,,1,0,0.2977439649475558,0.2977439649475558,0.0,0,0.0,748.7514942597214,highs_pfba
b2803,,1,0,0.2977439649475558,0.2977439649475558,0.0,0,0.0,748.7514942597214,highs_pfba
b2738,,1,0,0.2977439649475558,0.2977439649475558,0.0,0,0.0,748.7514942597214,highs_pfba
b2800,,1,0,0.2977439649475558,0.2977439649475558,0.0,0,0.0,748.7514942597214,highs_pfba
b0475,,1,421,0.2977439649475558,-0.0,0.2977439649475558,1,2567.894074963456,532.1052631578946,highs_pfba
b1476,,2,4,0.2977439649475558,0.2977439649475539,1.8318679906315083e-15,0,1.7634195537860902e-08,748.7514942597212,highs_pfba
b1474,,2,4,0.2977439649475558,0.2977439649475539,1.8318679906315083e-15,0,1.7634195537860902e-08,748.7514942597212,highs_pfba
b1475,,2,4,0.2977439649475558,0.29774396494755395,1.8318679906315083e-15,0,1.7634195537860902e-08,748.7514942597212,highs_pfba
b3892,,2,4,0.2977439649475558,0.29774396494755395,1.8318679906315083e-15,0,1.7634195537860902e-08,748.7514942597212,highs_pfba
b3893,,2,4,0.2977439649475558,0.29774396494755395,1.8318679906315083e-15,0,1.7634195537860902e-08,748.7514942597212,highs_pfba
b3894,,2,4,0.2977439649475558,0.29774396494755395,1.8318679906315083e-15,0,1.7634195537860902e-08,748.7514942597212,highs_pfba
b0935,,5,0,0.2977439649475558,0.2977439649475558,0.0,0,0.0,748.7514942597214,highs_pfba
b3409,,1,4,0.2977439649475558,0.2977439649475558,0.0,0,9.6069912211854e-06,748.7514942597236,highs_pfba
b2392,,2,8,0.2977439649475558,0.29774396494755395,1.8318679906315083e-15,0,9.624625416719e-06,748.7514942597193,highs_pfba
b4290,,1,0,0.2977439649475558,0.2977439649475558,0.0,0,0.0,748.7514942597214,highs_pfba
b4288,,1,0,0.2977439649475558,0.2977439649475558,0.0,0,0.0,748.7514942597214,highs_pfba
b4287,,1,0,0.2977439649475558,0.2977439649475558,0.0,0,0.0,748.7514942597214,highs_pfba
b4289,,1,0,0.2977439649475558,0.2977439649475558,0.0,0,0.0,748.7514942597214,highs_pfba
b4291,,1,0,0.2977439649475558,0.2977439649475558,0.0,0,0.0,748.7514942597214,highs_pfba
b0589,,2,8,0.2977439649475558,0.2977439649475558,0.0,0,9.624625416730899e-06,748.751494259724,highs_pfba
b0588,,2,8,0.2977439649475558,0.2977439649475558,0.0,0,9.624625416730899e-06,748.751494259724,highs_pfba
b0592,,2,8,0.2977439649475558,0.2977439649475558,0.0,0,9.624625416730899e-06,748.751494259724,highs_pfba
b0590,,2,8,0.2977439649475558,0.2977439649475558,0.0,0,9.624625416730899e-06,748.751494259724,highs_pfba
b2155,,1,0,0.2977439649475558,0.2977439649475558,0.0,0,0.0,748.7514942597214,highs_pfba
b0805,,1,0,0.2977439649475558,0.2977439649475558,0.0,0,0.0,748.7514942597214,highs_pfba
b0150,,3,0,0.2977439649475558,0.2977439649475558,0.0,0,0.0,748.7514942597222,highs_pfba
b0584,,1,8,0.2977439649475558,0.2977439649475558,0.0,0,9.624625416730899e-06,748.751494259724,highs_pfba
b0591,,1,8,0.2977439649475558,0.2977439649475512,4.6074255521944e-15,0,9.624625416714326e-06,748.7514942597187,highs_pfba
b4367,,3,8,0.2977439649475558,0.29774396494755573,5.551115123125783e-17,0,9.624625416724881e-06,748.7514942597218,highs_pfba
b4209,,1,210,0.2977439649475558,0.29773531281564364,8.652131912145755e-06,0,2.8050315841979548e-05,748.751143484105,highs_pfba
b2486,,1,0,0.2977439649475558,0.2977439649475558,0.0,0,0.0,748.7514942597214,highs_pfba
b4079,,1,0,0.2977439649475558,0.2977439649475558,0.0,0,0.0,748.7514942597214,highs_pfba
b2722,,2,4,0.2977439649475558,0.2977439649475558,0.0,0,9.6069912211854e-06,748.7514942597239,highs_pfba
b2483,,1,0,0.2977439649475558,0.2977439649475558,0.0,0,0.0,748.7514942597214,highs_pfba
b2719,,2,4,0.2977439649475558,0.2977439649475558,0.0,0,9.6069912211854e-06,748.7514942597239,highs_pfba
b2723,,2,4,0.2977439649475558,0.2977439649475558,0.0,0,9.6069912211854e-06,748.7514942597239,highs_pfba
b2721,,2,4,0.2977439649475558,0.2977439649475558,0.0,0,9.6069912211854e-06,748.7514942597239,highs_pfba
b2481,,1,0,0.2977439649475558,0.2977439649475558,0.0,0,0.0,748.7514942597214,highs_pfba
b2485,,1,0,0.2977439649475558,0.2977439649475558,0.0,0,0.0,748.7514942597214,highs_pfba
b2484,,1,0,0.2977439649475558,0.2977439649475558,0.0,0,0.0,748.7514942597214,highs_pfba
b2724,,2,4,0.2977439649475558,0.2977439649475558,0.0,0,9.6069912211854e-06,748.7514942597239,highs_pfba
b2482,,1,0,0.2977439649475558,0.2977439649475558,0.0,0,0.0,748.7514942597214,highs_pfba
b2489,,1,0,0.2977439649475558,0.2977439649475558,0.0,0,0.0,748.7514942597214,highs_pfba
b2720,,2,4,0.2977439649475558,0.2977439649475558,0.0,0,9.6069912211854e-06,748.7514942597239,highs_pfba
b2488,,1,0,0.2977439649475558,0.2977439649475558,0.0,0,0.0,748.7514942597214,highs_pfba
b2490,,1,0,0.2977439649475558,0.2977439649475558,0.0,0,0.0,748.7514942597214,highs_pfba
b2487,,1,0,0.2977439649475558,0.2977439649475558,0.0,0,0.0,748.7514942597214,highs_pfba
b3924,,5,294,0.2977439649475558,0.29766540649603224,7.855845152354712e-05,0,0.00627269610894055,748.7564462377,highs_pfba
b0684,,7,421,0.2977439649475558,-0.0,0.2977439649475558,1,2567.894074963453,532.1052631578947,highs_pfba
b2895,,7,421,0.2977439649475558,-0.0,0.2977439649475558,1,2567.894074963453,532.1052631578947,highs_pfba
b3288,,1,0,0.2977439649475558,0.2977439649475558,0.0,0,0.0,748.7514942597214,highs_pfba
b0025,,2,421,0.2977439649475558,-0.0,0.2977439649475558,1,2567.8940749634526,532.1052631578947,highs_pfba
b0937,,2,4,0.2977439649475558,0.2977439649475558,0.0,0,1.763419554092847e-08,748.7514942597218,highs_pfba
b2912,,1,0,0.2977439649475558,0.2977439649475558,0.0,0,0.0,748.7514942597214,highs_pfba
b2374,,1,0,0.2977439649475558,0.2977439649475558,0.0,0,0.0,748.7514942597214,highs_pfba
b2492,,2,4,0.2977439649475558,0.29774396494755595,-1.6653345369377348e-16,0,9.606991221185407e-06,748.7514942597222,highs_pfba
b0904,,2,4,0.2977439649475558,0.29774396494755595,-1.6653345369377348e-16,0,9.606991221185407e-06,748.7514942597222,highs_pfba
b4154,,2,4,0.2977439649475558,0.2977439649475558,0.0,0,1.763419554750388e-08,748.7514942597252,highs_pfba
b4152,,2,4,0.2977439649475558,0.2977439649475558,0.0,0,1.763419554750388e-08,748.7514942597252,highs_pfba
b4153,,2,4,0.2977439649475558,0.2977439649475558,0.0,0,1.763419554750388e-08,748.7514942597252,highs_pfba
b4151,,2,4,0.2977439649475558,0.2977439649475558,0.0,0,1.763419554750388e-08,748.7514942597252,highs_pfba
b2168,,1,8,0.2977439649475558,0.2977439649475558,0.0,0,9.624625416725503e-06,748.7514942597211,highs_pfba
b3371,,1,0,0.2977439649475558,0.2977439649475558,0.0,0,0.0,748.7514942597214,highs_pfba
b4474,,1,0,0.2977439649475558,0.2977439649475558,0.0,0,0.0,748.7514942597214,highs_pfba
b3374,,1,0,0.2977439649475558,0.2977439649475558,0.0,0,0.0,748.7514942597214,highs_pfba
b3370,,2,0,0.2977439649475558,0.2977439649475558,0.0,0,0.0,748.7514942597214,highs_pfba
b4321,,2,4,0.2977439649475558,0.29774396494755573,5.551115123125783e-17,0,9.6069912211854e-06,748.751494259722,highs_pfba
b2169,,1,8,0.2977439649475558,0.2977439649475558,0.0,0,9.624625416725503e-06,748.7514942597211,highs_pfba
b2167,,1,8,0.2977439649475558,0.2977439649475558,0.0,0,9.624625416725503e-06,748.7514942597211,highs_pfba
b1232,,1,4,0.2977439649475558,0.2977439649475558,0.0,0,9.6069912211854e-06,748.7514942597222,highs_pfba
b2801,,1,0,0.2977439649475558,0.2977439649475558,0.0,0,0.0,748.7514942597219,highs_pfba
b1611,,1,437,0.2977439649475558,0.2700464124380691,0.02769755250948669,0,238.69322141949633,747.1856932871665,highs_pfba
b1612,,1,437,0.2977439649475558,0.2700464124380691,0.02769755250948669,0,238.69322141949633,747.1856932871665,highs_pfba
b0621,,4,4,0.2977439649475558,0.2977439649475558,0.0,0,9.6069912211854e-06,748.7514942597222,highs_pfba
b3730,,2,421,0.2977439649475558,-0.0,0.2977439649475558,1,2567.8940749634485,532.1052631578949,highs_pfba
b1002,,2,0,0.2977439649475558,0.2977439649475558,0.0,0,0.0,748.7514942597195,highs_pfba
b3789,,1,4,0.2977439649475558,0.2977439649475562,-3.885780586188048e-16,0,9.606991221185414e-06,748.7514942597211,highs_pfba
b2039,,1,4,0.2977439649475558,0.2977439649475562,-3.885780586188048e-16,0,9.606991221185414e-06,748.7514942597211,highs_pfba
b0154,,1,421,0.2977439649475558,-0.0,0.2977439649475558,1,2567.8940749634507,532.1052631578948,highs_pfba
b2533,,2,8,0.2977439649475558,0.2977439649475558,0.0,0,9.624625416724678e-06,748.7514942597206,highs_pfba
b4055,,17,4,0.2977439649475558,0.2977439649475558,0.0,0,1.7634195536557147e-08,748.7514942597197,highs_pfba
b4041,,7,6,0.2977439649475558,0.29774396494755395,1.8318679906315083e-15,0,0.0025875694551511057,748.79288900768,highs_pfba
b3451,,7,8,0.2977439649475558,0.2977439649475558,0.0,0,9.624625417114928e-06,748.7514942597238,highs_pfba
b3452,,7,8,0.2977439649475558,0.2977439649475558,0.0,0,9.624625417114928e-06,748.7514942597238,highs_pfba
b3453,,7,8,0.2977439649475558,0.2977439649475558,0.0,0,9.624625417114928e-06,748.7514942597238,highs_pfba
b3450,,7,8,0.2977439649475558,0.2977439649475558,0.0,0,9.624625417114928e-06,748.7514942597238,highs_pfba
b3608,,1,421,0.2977439649475558,-0.0,0.2977439649475558,1,2567.894074963456,532.1052631578946,highs_pfba
b2242,,3,0,0.2977439649475558,0.2977439649475558,0.0,0,0.0,748.7514942597194,highs_pfba
b2241,,3,0,0.2977439649475558,0.2977439649475558,0.0,0,0.0,748.7514942597194,highs_pfba
b2243,,3,0,0.2977439649475558,0.2977439649475558,0.0,0,0.0,748.7514942597194,highs_pfba
b3426,,1,4,0.2977439649475558,0.2977439649475558,0.0,0,9.6069912211854e-06,748.751494259724,highs_pfba
b0243,,1,315,0.2977439649475558,0.2970921665983244,0.0006517983492314028,0,0.0334756401201967,748.6885536842549,highs_pfba
b0678,,1,4,0.2977439649475558,0.2977439649475545,1.27675647831893e-15,0,9.606991221185361e-06,748.7514942597234,highs_pfba
b1852,,1,384,0.2977439649475558,0.2935971773999595,0.004146787547596287,0,11.228543816548076,751.5779587163015,highs_pfba
b3128,,1,0,0.2977439649475558,0.2977439649475558,0.0,0,0.0,748.7514942597214,highs_pfba
b4358,,1,0,0.2977439649475558,0.2977439649475558,0.0,0,0.0,748.7514942597214,highs_pfba
b4478,,1,0,0.2977439649475558,0.2977439649475558,0.0,0,0.0,748.7514942597214,highs_pfba
b4356,,1,0,0.2977439649475558,0.2977439649475558,0.0,0,0.0,748.7514942597214,highs_pfba
b3691,,1,0,0.2977439649475558,0.2977439649475558,0.0,0,0.0,748.7514942597214,highs_pfba
b3127,,3,4,0.2977439649475558,0.2977439649475558,0.0,0,9.6069912211854e-06,748.751494259722,highs_pfba
b2789,,3,4,0.2977439649475558,0.2977439649475558,0.0,0,9.6069912211854e-06,748.751494259722,highs_pfba
b0757,,1,4,0.2977439649475558,0.2977439649475558,0.0,0,9.6069912211854e-06,748.7514942597222,highs_pfba
b2045,,1,4,0.2977439649475558,0.2977439649475558,0.0,0,9.6069912211854e-06,748.7514942597222,highs_pfba
b0756,,1,0,0.2977439649475558,0.2977439649475558,0.0,0,0.0,748.7514942597214,highs_pfba
b4119,,1,0,0.2977439649475558,0.2977439649475558,0.0,0,0.0,748.7514942597214,highs_pfba
b3628,,1,8,0.2977439649475558,0.29774396494755395,1.8318679906315083e-15,0,9.62462541672335e-06,748.7514942597212,highs_pfba
b2093,,1,0,0.2977439649475558,0.2977439649475558,0.0,0,0.0,748.7514942597214,highs_pfba
b2092,,1,0,0.2977439649475558,0.2977439649475558,0.0,0,0.0,748.7514942597214,highs_pfba
b2094,,1,0,0.2977439649475558,0.2977439649475558,0.0,0,0.0,748.7514942597214,highs_pfba
b3093,,2,4,0.2977439649475558,0.2977439649475558,0.0,0,9.6069912211854e-06,748.7514942597215,highs_pfba
b1236,,1,4,0.2977439649475558,0.2977439649475558,0.0,0,9.6069912211854e-06,748.7514942597213,highs_pfba
b4230,,2,4,0.2977439649475558,0.2977439649475558,0.0,0,9.6069912211854e-06,748.7514942597223,highs_pfba
b2148,,2,4,0.2977439649475558,0.2977439649475558,0.0,0,1.763419553944679e-08,748.7514942597211,highs_pfba
b2149,,2,4,0.2977439649475558,0.2977439649475558,0.0,0,1.763419553944679e-08,748.7514942597211,highs_pfba
b2150,,2,4,0.2977439649475558,0.2977439649475558,0.0,0,1.763419553944679e-08,748.7514942597211,highs_pfba
b4231,,2,4,0.2977439649475558,0.2977439649475558,0.0,0,9.6069912211854e-06,748.7514942597223,highs_pfba
b4485,,2,4,0.2977439649475558,0.2977439649475558,0.0,0,9.6069912211854e-06,748.7514942597223,highs_pfba
b4227,,2,4,0.2977439649475558,0.2977439649475558,0.0,0,9.6069912211854e-06,748.7514942597223,highs_pfba
b2943,,2,4,0.2977439649475558,0.2977439649475558,0.0,0,1.7634195541429733e-08,748.7514942597219,highs_pfba
b2500,,1,317,0.2977439649475558,0.2966325116700468,0.0011114532775090002,0,0.061921667039871196,748.7480560920624,highs_pfba
b1415,,2,421,0.2977439649475558,-0.0,0.2977439649475558,1,2567.894074963452,532.1052631578948,highs_pfba
b2052,,2,0,0.2977439649475558,0.2977439649475558,0.0,0,0.0,748.7514942597214,highs_pfba
b2784,,2,8,0.2977439649475558,0.2977439649475512,4.6074255521944e-15,0,9.624625416708576e-06,748.7514942597145,highs_pfba
b3650,,3,8,0.2977439649475558,0.2977439649475512,4.6074255521944e-15,0,9.624625416708576e-06,748.7514942597145,highs_pfba
b2051,,1,4,0.2977439649475558,0.2977439649475558,0.0,0,1.763419554496807e-08,748.7514942597235,highs_pfba
b2467,,1,4,0.2977439649475558,0.2977439649475512,4.6074255521944e-15,0,9.606991221024278e-06,748.7514942597209,highs_pfba
b3729,,1,421,0.2977439649475558,-0.0,0.2977439649475558,1,2567.8940749634444,532.1052631578949,highs_pfba
b1298,,1,4,0.2977439649475558,0.2977439649475558,0.0,0,9.6069912211854e-06,748.751494259724,highs_pfba
b1301,,1,4,0.2977439649475558,0.2977439649475558,0.0,0,9.6069912211854e-06,748.751494259724,highs_pfba
b1297,,2,421,0.2977439649475558,-0.0,0.2977439649475558,1,2567.894074963452,532.1052631578948,highs_pfba
b3882,,1,0,0.2977439649475558,0.2977439649475558,0.0,0,0.0,748.7514942597214,highs_pfba
b3432,,1,0,0.2977439649475558,0.2977439649475558,0.0,0,0.0,748.7514942597214,highs_pfba
b0459,,2,0,0.2977439649475558,0.2977439649475558,0.0,0,0.0,748.7514942597214,highs_pfba
b0124,,1,8,0.2977439649475558,0.2977439649475558,0.0,0,9.624625416723587e-06,748.7514942597203,highs_pfba
b0837,,1,8,0.2977439649475558,0.2977439649475558,0.0,0,9.624625416723587e-06,748.7514942597203,highs_pfba
b4476,,1,0,0.2977439649475558,0.29774396494755573,5.551115123125783e-17,0,0.0,748.7514942597235,highs_pfba
b3415,,1,0,0.2977439649475558,0.29774396494755573,5.551115123125783e-17,0,0.0,748.7514942597235,highs_pfba
b3417,,5,0,0.2977439649475558,0.29774396494755456,1.2212453270876722e-15,0,0.0,748.7514942597206,highs_pfba
b3428,,2,4,0.2977439649475558,0.2977439649475558,0.0,0,1.763419554496807e-08,748.7514942597236,highs_pfba
b3126,,1,0,0.2977439649475558,0.2977439649475558,0.0,0,0.0,748.7514942597214,highs_pfba
b2787,,1,0,0.2977439649475558,0.2977439649475558,0.0,0,0.0,748.7514942597214,highs_pfba
b2788,,1,0,0.2977439649475558,0.2977439649475558,0.0,0,0.0,748.7514942597214,highs_pfba
b3429,,1,4,0.2977439649475558,0.2977439649475558,0.0,0,9.6069912211854e-06,748.7514942597219,highs_pfba
b3631,,1,8,0.2977439649475558,0.29774396494755395,1.8318679906315083e-15,0,9.624625416723526e-06,748.7514942597213,highs_pfba
b3627,,1,8,0.2977439649475558,0.29774396494755395,1.8318679906315083e-15,0,9.624625416723526e-06,748.7514942597213,highs_pfba
b3626,,1,8,0.2977439649475558,0.29774396494755395,1.8318679906315083e-15,0,9.624625416723526e-06,748.7514942597213,highs_pfba
b1621,,2,419,0.2977439649475558,0.27293196786858603,0.02481199707896975,0,392.5082965152784,762.190187989552,highs_pfba
b3431,,1,8,0.2977439649475558,0.2977439649475558,0.0,0,9.62462541672798e-06,748.7514942597223,highs_pfba
b3430,,1,4,0.2977439649475558,0.2977439649475558,0.0,0,9.6069912211854e-06,748.7514942597219,highs_pfba
b3870,,1,421,0.2977439649475558,-0.0,0.2977439649475558,1,2567.8940749634535,532.1052631578946,highs_pfba
b0680,,1,0,0.2977439649475558,0.2977439649475558,0.0,0,0.0,748.7514942597214,highs_pfba
b0809,,1,8,0.2977439649475558,0.2977439649475558,0.0,0,9.624625416725473e-06,748.7514942597217,highs_pfba
b0810,,1,8,0.2977439649475558,0.2977439649475558,0.0,0,9.624625416725473e-06,748.7514942597217,highs_pfba
b0811,,1,8,0.2977439649475558,0.2977439649475558,0.0,0,9.624625416725473e-06,748.7514942597217,highs_pfba
b2091,,1,0,0.2977439649475558,0.2977439649475558,0.0,0,0.0,748.7514942597224,highs_pfba
b0242,,1,315,0.2977439649475558,0.2970921665983244,0.0006517983492314028,0,0.0334756401201967,748.6885536842549,highs_pfba
b1492,,1,8,0.2977439649475558,0.2977439649475512,4.6074255521944e-15,0,9.624625416715329e-06,748.7514942597188,highs_pfba
b2688,,1,4,0.2977439649475558,0.2977439649475539,1.887379141862766e-15,0,9.606991221185341e-06,748.751494259721,highs_pfba
b1493,,1,4,0.2977439649475558,0.2977439649475558,0.0,0,9.6069912211854e-06,748.7514942597231,highs_pfba
b3517,,1,4,0.2977439649475558,0.2977439649475558,0.0,0,9.6069912211854e-06,748.7514942597231,highs_pfba
b1761,,1,417,0.2977439649475558,0.27448455748679546,0.02325940746076033,0,20.680102672254637,748.8415320099912,highs_pfba
b1524,,1,4,0.2977439649475558,0.2977439649475558,0.0,0,9.6069912211854e-06,748.7514942597222,highs_pfba
b0485,,1,4,0.2977439649475558,0.2977439649475558,0.0,0,9.6069912211854e-06,748.7514942597222,highs_pfba
b2312,,1,421,0.2977439649475558,-0.0,0.2977439649475558,1,2567.8940749634507,532.1052631578947,highs_pfba
b3967,,1,421,0.2977439649475558,-0.0,0.2977439649475558,1,2567.894074963453,532.1052631578947,highs_pfba
b3213,,1,4,0.2977439649475558,0.2977439649475558,0.0,0,9.6069912211854e-06,748.751494259724,highs_pfba
b3212,,1,4,0.2977439649475558,0.2977439649475558,0.0,0,9.6069912211854e-06,748.751494259724,highs_pfba
b1210,,1,421,0.2977439649475558,-0.0,0.2977439649475558,1,2567.8940749634507,532.1052631578948,highs_pfba
b2400,,1,421,0.2977439649475558,-0.0,0.2977439649475558,1,2567.8940749634507,532.1052631578948,highs_pfba
b3653,,1,4,0.2977439649475558,0.2977439649475558,0.0,0,9.6069912211854e-06,748.751494259722,highs_pfba
b0507,,1,4,0.2977439649475558,0.2977439649475558,0.0,0,9.6069912211854e-06,748.7514942597222,highs_pfba
b3927,,3,8,0.2977439649475558,0.2977439649475512,4.6074255521944e-15,0,9.624625416713455e-06,748.7514942597181,highs_pfba
b3617,,1,4,0.2977439649475558,0.2977439649475558,0.0,0,9.6069912211854e-06,748.7514942597239,highs_pfba
b2240,,1,4,0.2977439649475558,0.2977439649475558,0.0,0,9.6069912211854e-06,748.751494259719,highs_pfba
b0514,,1,4,0.2977439649475558,0.2977439649475558,0.0,0,9.6069912211854e-06,748.7514942597211,highs_pfba
b3124,,1,4,0.2977439649475558,0.2977439649475558,0.0,0,9.6069912211854e-06,748.7514942597196,highs_pfba
b2904,,1,290,0.2977439649475558,0.29762299488830646,0.00012097005924932569,0,0.011547164182038418,748.7438757362967,highs_pfba
b2903,,1,290,0.2977439649475558,0.29762299488830646,0.00012097005924932569,0,0.011547164182038418,748.7438757362967,highs_pfba
b2905,,1,290,0.2977439649475558,0.29762299488830646,0.00012097005924932569,0,0.011547164182038418,748.7438757362967,highs_pfba
b1033,,4,4,0.2977439649475558,0.2977439649475558,0.0,0,9.6069912211854e-06,748.7514942597211,highs_pfba
b4468,,3,78,0.2977439649475558,0.2977427293728387,1.2355747170955667e-06,0,9.856725665970932e-06,748.751688671151,highs_pfba
b4467,,3,78,0.2977439649475558,0.2977427293728387,1.2355747170955667e-06,0,9.856725665970932e-06,748.751688671151,highs_pfba
b2979,,3,78,0.2977439649475558,0.2977427293728387,1.2355747170955667e-06,0,9.856725665970932e-06,748.751688671151,highs_pfba
b3926,,1,4,0.2977439649475558,0.2977439649475558,0.0,0,9.6069912211854e-06,748.7514942597213,highs_pfba
b0212,,1,4,0.2977439649475558,0.2977439649475558,0.0,0,9.6069912211854e-06,748.7514942597197,highs_pfba
b3559,,1,0,0.2977439649475558,0.2977439649475558,0.0,0,0.0,748.7514942597214,highs_pfba
b3560,,1,0,0.2977439649475558,0.2977439649475558,0.0,0,0.0,748.7514942597214,highs_pfba
b2053,,1,0,0.2977439649475558,0.2977439649475558,0.0,0,0.0,748.7514942597214,highs_pfba
b3052,,2,4,0.2977439649475558,0.29774396494755395,1.8318679906315083e-15,0,9.606991221185341e-06,748.7514942597215,highs_pfba
b0200,,1,4,0.2977439649475558,0.29774396494755395,1.8318679906315083e-15,0,9.606991221185341e-06,748.7514942597215,highs_pfba
b0104,,1,4,0.2977439649475558,0.2977439649475558,0.0,0,9.6069912211854e-06,748.7514942597222,highs_pfba
b2507,,1,421,0.2977439649475558,-0.0,0.2977439649475558,1,2567.894074963452,532.1052631578947,highs_pfba
b2029,,1,384,0.2977439649475558,0.29359717739995933,0.004146787547596453,0,11.22854381656696,751.5779587162925,highs_pfba
b3437,,1,4,0.2977439649475558,0.2977439649475558,0.0,0,9.6069912211854e-06,748.7514942597176,highs_pfba
b4268,,1,4,0.2977439649475558,0.2977439649475558,0.0,0,9.6069912211854e-06,748.7514942597176,highs_pfba
b3449,,5,8,0.2977439649475558,0.2977439649475558,0.0,0,9.624625417092551e-06,748.7514942597237,highs_pfba
b2239,,5,8,0.2977439649475558,0.2977439649475558,0.0,0,9.624625416728068e-06,748.7514942597224,highs_pfba
b1654,,6,8,0.2977439649475558,0.2977439649475558,0.0,0,9.624625416663184e-06,748.7514942597211,highs_pfba
b3610,,6,8,0.2977439649475558,0.2977439649475558,0.0,0,9.624625416663184e-06,748.7514942597211,highs_pfba
b0849,,6,8,0.2977439649475558,0.2977439649475558,0.0,0,9.624625416663184e-06,748.7514942597211,highs_pfba
b0477,,2,4,0.2977439649475558,0.29774396494755395,1.8318679906315083e-15,0,1.7634195535192408e-08,748.7514942597202,highs_pfba
b2988,,2,4,0.2977439649475558,0.2977439649475558,0.0,0,9.6069912211854e-06,748.7514942597226,highs_pfba
b3500,,1,4,0.2977439649475558,0.2977439649475558,0.0,0,1.7634195541960482e-08,748.7514942597222,highs_pfba
b1710,,2,8,0.2977439649475558,0.2977439649475558,0.0,0,9.624625416728304e-06,748.7514942597226,highs_pfba
b3447,,1,0,0.2977439649475558,0.2977439649475558,0.0,0,0.0,748.751494259724,highs_pfba
b0832,,1,4,0.2977439649475558,0.2977439649475558,0.0,0,9.6069912211854e-06,748.7514942597221,highs_pfba
b0829,,1,4,0.2977439649475558,0.2977439649475558,0.0,0,9.6069912211854e-06,748.7514942597221,highs_pfba
b0831,,1,4,0.2977439649475558,0.2977439649475558,0.0,0,9.6069912211854e-06,748.7514942597221,highs_pfba
b0830,,1,4,0.2977439649475558,0.2977439649475558,0.0,0,9.6069912211854e-06,748.7514942597221,highs_pfba
b2947,,1,4,0.2977439649475558,0.2977439649475539,1.887379141862766e-15,0,9.606991221185341e-06,748.751494259721,highs_pfba
b2153,,1,421,0.2977439649475558,-0.0,0.2977439649475558,1,2567.8940749634517,532.1052631578948,highs_pfba
b1277,,1,421,0.2977439649475558,-0.0,0.2977439649475558,1,2567.894074963453,532.1052631578947,highs_pfba
b3779,,1,4,0.2977439649475558,0.2977439649475512,4.6074255521944e-15,0,1.7634195529278913e-08,748.7514942597186,highs_pfba
b2883,,1,4,0.2977439649475558,0.2977439649475558,0.0,0,9.6069912211854e-06,748.7514942597222,highs_pfba
b0125,,2,4,0.2977439649475558,0.29774396494755395,1.8318679906315083e-15,0,1.7634195536563513e-08,748.7514942597206,highs_pfba
b0238,,3,8,0.2977439649475558,0.2977439649475558,0.0,0,9.624625416725996e-06,748.7514942597214,highs_pfba
b3092,,2,8,0.2977439649475558,0.2977439649475558,0.0,0,9.62462541672683e-06,748.7514942597219,highs_pfba
b1319,,1,437,0.2977439649475558,0.05355645085961308,0.2441875140879427,0,16475.773248798778,874.4846754988854,highs_pfba
b3875,,1,437,0.2977439649475558,0.05355645085961308,0.2441875140879427,0,16475.773248798778,874.4846754988854,highs_pfba
b0957,,1,437,0.2977439649475558,0.05355645085961308,0.2441875140879427,0,16475.773248798778,874.4846754988854,highs_pfba
b0875,,1,441,0.2977439649475558,0.0535586158585999,0.2441853490889559,0,16475.554881646913,874.4834420006516,highs_pfba
b1395,,1,0,0.2977439649475558,0.2977439649475558,0.0,0,0.0,748.7514942597214,highs_pfba
b4040,,1,421,0.2977439649475558,-0.0,0.2977439649475558,1,2567.8940749634535,532.1052631578947,highs_pfba
b0353,,2,0,0.2977439649475558,0.2977439649475558,0.0,0,0.0,748.7514942597214,highs_pfba
b0339,,1,421,0.2977439649475558,-0.0,0.2977439649475558,1,2567.8940749634708,532.1052631578942,highs_pfba
b0126,,1,421,0.2977439649475558,-0.0,0.2977439649475558,1,2567.8940749634708,532.1052631578942,highs_pfba
b0261,,2,4,0.2977439649475558,0.2977439649475558,0.0,0,9.6069912211854e-06,748.7514942597226,highs_pfba
b0428,,1,0,0.2977439649475558,0.2977439649475558,0.0,0,0.0,748.7514942597213,highs_pfba
b3630,,1,8,0.2977439649475558,0.29774396494755395,1.8318679906315083e-15,0,9.624625416723526e-06,748.7514942597213,highs_pfba
b3625,,1,8,0.2977439649475558,0.29774396494755395,1.8318679906315083e-15,0,9.624625416723526e-06,748.7514942597213,highs_pfba
b3621,,1,8,0.2977439649475558,0.29774396494755395,1.8318679906315083e-15,0,9.624625416723526e-06,748.7514942597213,highs_pfba
b3620,,1,8,0.2977439649475558,0.29774396494755395,1.8318679906315083e-15,0,9.624625416723526e-06,748.7514942597213,highs_pfba
b3632,,1,8,0.2977439649475558,0.29774396494755395,1.8318679906315083e-15,0,9.624625416723526e-06,748.7514942597213,highs_pfba
b3623,,1,8,0.2977439649475558,0.29774396494755395,1.8318679906315083e-15,0,9.624625416723526e-06,748.7514942597213,highs_pfba
b2104,,1,0,0.2977439649475558,0.2977439649475558,0.0,0,0.0,748.7514942597214,highs_pfba
b2388,,1,4,0.2977439649475558,0.2977439649475558,0.0,0,9.6069912211854e-06,748.7514942597213,highs_pfba
b0394,,1,4,0.2977439649475558,0.2977439649475558,0.0,0,9.6069912211854e-06,748.7514942597243,highs_pfba
b2020,,1,421,0.2977439649475558,-0.0,0.2977439649475558,1,2567.894074963453,532.1052631578947,highs_pfba
b2022,,2,421,0.2977439649475558,-0.0,0.2977439649475558,1,2567.894074963453,532.1052631578947,highs_pfba
b2514,,1,0,0.2977439649475558,0.2977439649475558,0.0,0,0.0,748.7514942597214,highs_pfba
b2309,,1,8,0.2977439649475558,0.2977439649475558,0.0,0,9.62462541672102e-06,748.751494259719,highs_pfba
b0112,,4,0,0.2977439649475558,0.2977439649475512,4.6074255521944e-15,0,0.0,748.7514942597193,highs_pfba
b0349,,2,0,0.2977439649475558,0.2977439649475558,0.0,0,0.0,748.7514942597222,highs_pfba
b3805,,1,421,0.2977439649475558,-0.0,0.2977439649475558,1,2567.8940749634507,532.1052631578948,highs_pfba
b2418,,4,8,0.2977439649475558,0.2977439649475558,0.0,0,9.624625416730633e-06,748.7514942597238,highs_pfba
b2103,,2,421,0.2977439649475558,-0.0,0.2977439649475558,1,2567.894074963453,532.1052631578947,highs_pfba
b0813,,2,4,0.2977439649475558,0.2977439649475512,4.6074255521944e-15,0,1.763419552983915e-08,748.7514942597189,highs_pfba
b3824,,1,4,0.2977439649475558,0.2977439649475558,0.0,0,9.6069912211854e-06,748.7514942597222,highs_pfba
b0352,,1,0,0.2977439649475558,0.2977439649475558,0.0,0,0.0,748.7514942597214,highs_pfba
b0142,,1,421,0.2977439649475558,-0.0,0.2977439649475558,1,2567.8940749634517,532.1052631578948,highs_pfba
b0508,,1,0,0.2977439649475558,0.2977439649475558,0.0,0,0.0,748.7514942597221,highs_pfba
b0003,,1,421,0.2977439649475558,-0.0,0.2977439649475558,1,2567.894074963453,532.1052631578947,highs_pfba
b4013,,1,421,0.2977439649475558,-0.0,0.2977439649475558,1,2567.894074963452,532.1052631578948,highs_pfba
b2021,,1,421,0.2977439649475558,-0.0,0.2977439649475558,1,2567.894074963453,532.1052631578947,highs_pfba
b2867,,2,4,0.2977439649475558,0.2977439649475558,0.0,0,1.763419553714687e-08,748.75149425972,highs_pfba
b2866,,2,4,0.2977439649475558,0.2977439649475558,0.0,0,1.763419553714687e-08,748.75149425972,highs_pfba
b2868,,2,4,0.2977439649475558,0.2977439649475558,0.0,0,1.763419553714687e-08,748.75149425972,highs_pfba
b2994,,3,4,0.2977439649475558,0.2977439649475558,0.0,0,1.7634195532613374e-08,748.7514942597177,highs_pfba
b0973,,3,4,0.2977439649475558,0.2977439649475558,0.0,0,1.7634195532613374e-08,748.7514942597177,highs_pfba
b0974,,3,4,0.2977439649475558,0.2977439649475558,0.0,0,1.7634195532613374e-08,748.7514942597177,highs_pfba
b2997,,3,4,0.2977439649475558,0.2977439649475558,0.0,0,1.7634195532613374e-08,748.7514942597177,highs_pfba
b2995,,3,4,0.2977439649475558,0.2977439649475558,0.0,0,1.7634195532613374e-08,748.7514942597177,highs_pfba
b2996,,3,4,0.2977439649475558,0.2977439649475558,0.0,0,1.7634195532613374e-08,748.7514942597177,highs_pfba
b0972,,3,4,0.2977439649475558,0.2977439649475558,0.0,0,1.7634195532613374e-08,748.7514942597177,highs_pfba
b2530,,6,421,0.2977439649475558,-0.0,0.2977439649475558,1,2567.8940749634507,532.1052631578948,highs_pfba
b2529,,6,84,0.2977439649475558,0.29774234558953094,1.6193580248402561e-06,0,2.800240514831492e-07,748.7513378872391,highs_pfba
b3807,,4,421,0.2977439649475558,-0.0,0.2977439649475558,1,2567.8940749634535,532.1052631578947,highs_pfba
b2528,,2,87,0.2977439649475558,0.29774234558953094,1.6193580248402561e-06,0,2.990320271354425e-07,748.7513378872368,highs_pfba
b1136,,1,423,0.2977439649475558,-1.357804700573971e-12,0.2977439649489136,1,1476.460727767394,545.4545454545455,highs_pfba
b2265,,1,0,0.2977439649475558,0.2977439649475558,0.0,0,0.0,748.7514942597214,highs_pfba
b0593,,1,0,0.2977439649475558,0.2977439649475558,0.0,0,0.0,748.7514942597214,highs_pfba
b0595,,1,8,0.2977439649475558,0.2977439649475558,0.0,0,9.624625416719222e-06,748.751494259719,highs_pfba
b4015,,1,0,0.2977439649475558,0.2977439649475558,0.0,0,0.0,748.7514942597213,highs_pfba
b4267,,2,4,0.2977439649475558,0.2977439649475558,0.0,0,1.7634195540898985e-08,748.7514942597219,highs_pfba
b2023,,1,421,0.2977439649475558,-0.0,0.2977439649475558,1,2567.894074963453,532.1052631578947,highs_pfba
b2025,,1,421,0.2977439649475558,-0.0,0.2977439649475558,1,2567.894074963453,532.1052631578947,highs_pfba
b1262,,2,421,0.2977439649475558,-0.0,0.2977439649475558,1,2567.8940749634526,532.1052631578947,highs_pfba
b3770,,4,421,0.2977439649475558,-0.0,0.2977439649475558,1,2567.894074963452,532.1052631578948,highs_pfba
b0026,,1,0,0.2977439649475558,0.2977439649475558,0.0,0,0.0,748.7514942597214,highs_pfba
b0401,,3,0,0.2977439649475558,0.2977439649475557,1.1102230246251565e-16,0,0.0,748.7514942597209,highs_pfba
b2508,,1,322,0.2977439649475558,0.2970255100582071,0.0007184548893486853,0,0.04493193198715306,749.1162563465098,highs_pfba
b3265,,1,0,0.2977439649475558,0.2977439649475558,0.0,0,0.0,748.7514942597209,highs_pfba
b3266,,1,0,0.2977439649475558,0.2977439649475558,0.0,0,0.0,748.7514942597209,highs_pfba
b3161,,2,8,0.2977439649475558,0.2977439649475558,0.0,0,9.624625416724087e-06,748.7514942597212,highs_pfba
b3679,,1,0,0.2977439649475558,0.2977439649475558,0.0,0,0.0,748.7514942597214,highs_pfba
b2889,,1,4,0.2977439649475558,0.29774396494756034,-4.551914400963142e-15,0,9.60699122118555e-06,748.751494259726,highs_pfba
b0073,,1,421,0.2977439649475558,-0.0,0.2977439649475558,1,2567.894074963465,532.1052631578941,highs_pfba
b0071,,2,421,0.2977439649475558,-0.0,0.2977439649475558,1,2567.8940749634526,532.1052631578947,highs_pfba
b0072,,2,421,0.2977439649475558,-0.0,0.2977439649475558,1,2567.8940749634526,532.1052631578947,highs_pfba
b0074,,1,421,0.2977439649475558,-0.0,0.2977439649475558,1,2567.894074963465,532.1052631578941,highs_pfba
b0918,,1,421,0.2977439649475558,-0.0,0.2977439649475558,1,2567.8940749634476,532.105263157895,highs_pfba
b3198,,1,421,0.2977439649475558,-0.0,0.2977439649475558,1,2567.894074963452,532.1052631578948,highs_pfba
b1215,,1,421,0.2977439649475558,-0.0,0.2977439649475558,1,2567.8940749634476,532.105263157895,highs_pfba
b4196,,1,0,0.2977439649475558,0.2977439649475558,0.0,0,0.0,748.7514942597214,highs_pfba
b3581,,1,0,0.2977439649475558,0.2977439649475558,0.0,0,0.0,748.7514942597214,highs_pfba
b0697,,1,4,0.2977439649475558,0.2977439649475558,0.0,0,9.6069912211854e-06,748.7514942597223,highs_pfba
b4513,,1,4,0.2977439649475558,0.2977439649475558,0.0,0,9.6069912211854e-06,748.7514942597223,highs_pfba
b0698,,1,4,0.2977439649475558,0.2977439649475558,0.0,0,9.6069912211854e-06,748.7514942597223,highs_pfba
b0696,,1,4,0.2977439649475558,0.2977439649475558,0.0,0,9.6069912211854e-06,748.7514942597223,highs_pfba
b3747,,1,310,0.2977439649475558,0.297311988929053,0.000431976018502811,0,0.00828106897004365,748.7242890203738,highs_pfba
b1363,,1,310,0.2977439649475558,0.297311988929053,0.000431976018502811,0,0.00828106897004365,748.7242890203738,highs_pfba
b1250,,1,310,0.2977439649475558,0.297311988929053,0.000431976018502811,0,0.00828106897004365,748.7242890203738,highs_pfba
b3849,,1,310,0.2977439649475558,0.297311988929053,0.000431976018502811,0,0.00828106897004365,748.7242890203738,highs_pfba
b1291,,1,310,0.2977439649475558,0.297311988929053,0.000431976018502811,0,0.00828106897004365,748.7242890203738,highs_pfba
b3290,,1,310,0.2977439649475558,0.297311988929053,0.000431976018502811,0,0.00828106897004365,748.7242890203738,highs_pfba
b0047,,1,8,0.2977439649475558,0.2977439649475558,0.0,0,9.624625416727597e-06,748.7514942597222,highs_pfba
b0842,,2,8,0.2977439649475558,0.2977439649475512,4.6074255521944e-15,0,9.624625416586248e-06,748.7514942597213,highs_pfba
b3350,,1,8,0.2977439649475558,0.2977439649475558,0.0,0,9.624625416727597e-06,748.7514942597222,highs_pfba
b3605,,2,4,0.2977439649475558,0.2977439649475512,4.6074255521944e-15,0,1.763419552799258e-08,748.751494259718,highs_pfba
b0306,,2,4,0.2977439649475558,0.2977439649475512,4.6074255521944e-15,0,1.763419552799258e-08,748.751494259718,highs_pfba
b0307,,2,4,0.2977439649475558,0.2977439649475512,4.6074255521944e-15,0,1.763419552799258e-08,748.751494259718,highs_pfba
b0308,,2,4,0.2977439649475558,0.2977439649475512,4.6074255521944e-15,0,1.763419552799258e-08,748.751494259718,highs_pfba
b2257,,1,8,0.2977439649475558,0.2977439649475558,0.0,0,9.62462541672804e-06,748.7514942597227,highs_pfba
b0344,,1,0,0.2977439649475558,0.2977439649475558,0.0,0,0.0,748.7514942597214,highs_pfba
b2132,,1,4,0.2977439649475558,0.2977439649475558,0.0,0,9.6069912211854e-06,748.7514942597222,highs_pfba
b1326,,1,0,0.2977439649475558,0.29774396494755573,5.551115123125783e-17,0,0.0,748.7514942597212,highs_pfba
b4130,,2,0,0.2977439649475558,0.2977439649475558,0.0,0,0.0,748.7514942597214,highs_pfba
b3496,,2,0,0.2977439649475558,0.2977439649475558,0.0,0,0.0,748.7514942597214,highs_pfba
b0709,,2,0,0.2977439649475558,0.2977439649475558,0.0,0,0.0,748.7514942597214,highs_pfba
b1634,,2,0,0.2977439649475558,0.2977439649475558,0.0,0,0.0,748.7514942597214,highs_pfba
b2799,,1,4,0.2977439649475558,0.2977439649475558,0.0,0,9.6069912211854e-06,748.7514942597222,highs_pfba
b2170,,1,4,0.2977439649475558,0.2977439649475558,0.0,0,9.6069912211854e-06,748.7514942597222,highs_pfba
b0070,,1,4,0.2977439649475558,0.2977439649475558,0.0,0,9.6069912211854e-06,748.7514942597222,highs_pfba
b0343,,1,4,0.2977439649475558,0.2977439649475558,0.0,0,1.763419554496807e-08,748.7514942597236,highs_pfba
b1380,,1,4,0.2977439649475558,0.2977439649475558,0.0,0,9.6069912211854e-06,748.7514942597226,highs_pfba
b2133,,2,4,0.2977439649475558,0.29774396494755395,1.8318679906315083e-15,0,1.7634195538008336e-08,748.7514942597212,highs_pfba
b4054,,3,421,0.2977439649475558,-0.0,0.2977439649475558,1,2567.894074963452,532.1052631578948,highs_pfba
b0642,,1,0,0.2977439649475558,0.2977439649475558,0.0,0,0.0,748.7514942597214,highs_pfba
b3458,,1,8,0.2977439649475558,0.2977439649475558,0.0,0,9.624625416726948e-06,748.7514942597221,highs_pfba
b1651,,1,4,0.2977439649475558,0.2977439649475558,0.0,0,9.6069912211854e-06,748.7514942597197,highs_pfba
b0622,,2,8,0.2977439649475558,0.2977439649475558,0.0,0,9.62462541672565e-06,748.7514942597209,highs_pfba
b4386,,3,0,0.2977439649475558,0.2977439649475558,0.0,0,0.0,748.751494259724,highs_pfba
b0630,,1,0,0.2977439649475558,0.2977439649475558,0.0,0,0.0,748.751494259724,highs_pfba
b0628,,1,0,0.2977439649475558,0.2977439649475558,0.0,0,0.0,748.7514942597214,highs_pfba
b0182,,1,421,0.2977439649475558,-0.0,0.2977439649475558,1,2567.894074963452,532.1052631578948,highs_pfba
b0494,,21,4,0.2977439649475558,0.2977439649475558,0.0,0,1.763419554092847e-08,748.7514942597218,highs_pfba
b3825,,35,8,0.2977439649475558,0.2977439649475512,4.6074255521944e-15,0,9.624625416715652e-06,748.7514942597192,highs_pfba
b0186,,1,4,0.2977439649475558,0.2977439649475558,0.0,0,9.6069912211854e-06,748.7514942597227,highs_pfba
b4131,,1,4,0.2977439649475558,0.2977439649475558,0.0,0,9.6069912211854e-06,748.7514942597227,highs_pfba
b2890,,1,0,0.2977439649475558,0.2977439649475558,0.0,0,0.0,748.7514942597214,highs_pfba
b2156,,1,4,0.2977439649475558,0.2977439649475558,0.0,0,9.6069912211854e-06,748.7514942597222,highs_pfba
b3903,,2,0,0.2977439649475558,0.2977439649475558,0.0,0,0.0,748.7514942597224,highs_pfba
b3907,,2,0,0.2977439649475558,0.2977439649475558,0.0,0,0.0,748.7514942597214,highs_pfba
b3600,,1,0,0.2977439649475558,0.2977439649475558,0.0,0,0.0,748.7514942597214,highs_pfba
b0777,,1,421,0.2977439649475558,-0.0,0.2977439649475558,1,2567.8940749634507,532.1052631578948,highs_pfba
b1800,,1,0,0.2977439649475558,0.2977439649475558,0.0,0,0.0,748.7514942597214,highs_pfba
b4014,,1,78,0.2977439649475558,0.29774272937283874,1.2355747170400555e-06,0,9.85672566593405e-06,748.7516886711508,highs_pfba
b2976,,1,78,0.2977439649475558,0.29774272937283874,1.2355747170400555e-06,0,9.85672566593405e-06,748.7516886711508,highs_pfba
b2049,,1,0,0.2977439649475558,0.2977439649475512,4.6074255521944e-15,0,0.0,748.7514942597184,highs_pfba
b1613,,1,0,0.2977439649475558,0.29774396494755395,1.8318679906315083e-15,0,0.0,748.7514942597211,highs_pfba
b4323,,1,4,0.2977439649475558,0.2977439649475558,0.0,0,9.6069912211854e-06,748.7514942597222,highs_pfba
b0731,,1,0,0.2977439649475558,0.2977439649475558,0.0,0,0.0,748.7514942597214,highs_pfba
b0732,,1,0,0.2977439649475558,0.2977439649475558,0.0,0,0.0,748.7514942597214,highs_pfba
b0334,,1,4,0.2977439649475558,0.2977439649475558,0.0,0,1.7634195535620963e-08,748.751494259719,highs_pfba
b0331,,1,4,0.2977439649475558,0.2977439649475558,0.0,0,1.763419554514499e-08,748.7514942597238,highs_pfba
b0333,,1,4,0.2977439649475558,0.2977439649475558,0.0,0,1.7634195535001753e-08,748.7514942597184,highs_pfba
b1092,,1,421,0.2977439649475558,-0.0,0.2977439649475558,1,2567.8940749634526,532.1052631578947,highs_pfba
b2521,,1,0,0.2977439649475558,0.2977439649475558,0.0,0,0.0,748.7514942597214,highs_pfba
b0149,,5,421,0.2977439649475558,-0.0,0.2977439649475558,1,2567.894074963471,532.1052631578941,highs_pfba
b0635,,2,421,0.2977439649475558,-0.0,0.2977439649475558,1,2567.8940749634535,532.1052631578947,highs_pfba
b3396,,5,421,0.2977439649475558,-0.0,0.2977439649475558,1,2567.894074963471,532.1052631578941,highs_pfba
b0084,,2,421,0.2977439649475558,-0.0,0.2977439649475558,1,2567.8940749634535,532.1052631578947,highs_pfba
b0839,,5,8,0.2977439649475558,0.2977439649475512,4.6074255521944e-15,0,9.624625416714532e-06,748.7514942597186,highs_pfba
b2010,,5,8,0.2977439649475558,0.2977439649475512,4.6074255521944e-15,0,9.624625416714532e-06,748.7514942597186,highs_pfba
b3182,,9,8,0.2977439649475558,0.2977439649475558,0.0,0,9.62462541673019e-06,748.7514942597242,highs_pfba
b0632,,5,8,0.2977439649475558,0.2977439649475512,4.6074255521944e-15,0,9.624625416714532e-06,748.7514942597186,highs_pfba
b2134,,4,4,0.2977439649475558,0.2977439649475558,0.0,0,1.7634195532613374e-08,748.7514942597177,highs_pfba
b2328,,4,4,0.2977439649475558,0.2977439649475558,0.0,0,1.7634195532613374e-08,748.7514942597177,highs_pfba
b3236,,1,418,0.2977439649475558,0.2842258674593434,0.013518097488212366,0,12.73327197691949,744.2677710613609,highs_pfba
b2210,,2,4,0.2977439649475558,0.29774396494755395,1.8318679906315083e-15,0,1.763419553600328e-08,748.7514942597204,highs_pfba
b1479,,1,4,0.2977439649475558,0.2977439649475558,0.0,0,9.6069912211854e-06,748.7514942597222,highs_pfba
b2463,,1,4,0.2977439649475558,0.2977439649475558,0.0,0,9.6069912211854e-06,748.751494259723,highs_pfba
b2515,,1,421,0.2977439649475558,-0.0,0.2977439649475558,1,2567.8940749634535,532.1052631578947,highs_pfba
b2746,,1,421,0.2977439649475558,-0.0,0.2977439649475558,1,2567.8940749634535,532.1052631578947,highs_pfba
b4120,,1,4,0.2977439649475558,0.2977439649475558,0.0,0,9.6069912211854e-06,748.7514942597198,highs_pfba
b2747,,1,421,0.2977439649475558,-0.0,0.2977439649475558,1,2567.8940749634535,532.1052631578947,highs_pfba
b2942,,1,421,0.2977439649475558,-0.0,0.2977439649475558,1,2567.8940749634535,532.1052631578947,highs_pfba
b0199,,2,0,0.2977439649475558,0.2977439649475558,0.0,0,0.0,748.7514942597214,highs_pfba
b0197,,2,0,0.2977439649475558,0.2977439649475558,0.0,0,0.0,748.7514942597214,highs_pfba
b0198,,2,0,0.2977439649475558,0.2977439649475558,0.0,0,0.0,748.7514942597214,highs_pfba
b4019,,1,421,0.2977439649475558,-0.0,0.2977439649475558,1,2567.894074963452,532.1052631578948,highs_pfba
b3829,,1,421,0.2977439649475558,-0.0,0.2977439649475558,1,2567.894074963452,532.1052631578948,highs_pfba
b4219,,1,4,0.2977439649475558,0.2977439649475558,0.0,0,9.6069912211854e-06,748.7514942597215,highs_pfba
b1778,,1,4,0.2977439649475558,0.2977439649475558,0.0,0,9.6069912211854e-06,748.7514942597215,highs_pfba
b2114,,1,0,0.2977439649475558,0.2977439649475558,0.0,0,0.0,748.7514942597214,highs_pfba
b4242,,2,4,0.2977439649475558,0.2977439649475512,4.6074255521944e-15,0,1.763419552768666e-08,748.751494259717,highs_pfba
b0963,,1,4,0.2977439649475558,0.2977439649475558,0.0,0,9.6069912211854e-06,748.751494259722,highs_pfba
b0403,,5,4,0.2977439649475558,0.2977439649475558,0.0,0,1.763419554496807e-08,748.7514942597236,highs_pfba
b4392,,4,8,0.2977439649475558,0.29774396494755434,1.4432899320127035e-15,0,9.624625416555856e-06,748.7514942597206,highs_pfba
b2963,,4,8,0.2977439649475558,0.29774396494755434,1.4432899320127035e-15,0,9.624625416555856e-06,748.7514942597206,highs_pfba
b2558,,4,8,0.2977439649475558,0.29774396494755434,1.4432899320127035e-15,0,9.624625416555856e-06,748.7514942597206,highs_pfba
b2813,,4,8,0.2977439649475558,0.29774396494755434,1.4432899320127035e-15,0,9.624625416555856e-06,748.7514942597206,highs_pfba
b2701,,4,8,0.2977439649475558,0.29774396494755434,1.4432899320127035e-15,0,9.624625416555856e-06,748.7514942597206,highs_pfba
b1193,,4,8,0.2977439649475558,0.29774396494755434,1.4432899320127035e-15,0,9.624625416555856e-06,748.7514942597206,highs_pfba
b2919,,1,4,0.2977439649475558,0.2977439649475558,0.0,0,9.6069912211854e-06,748.7514942597193,highs_pfba
b0260,,1,0,0.2977439649475558,0.2977439649475558,0.0,0,0.0,748.7514942597214,highs_pfba
b2917,,1,4,0.2977439649475558,0.2977439649475558,0.0,0,9.6069912211854e-06,748.7514942597193,highs_pfba
b3599,,1,0,0.2977439649475558,0.2977439649475558,0.0,0,0.0,748.7514942597214,highs_pfba
b4322,,1,4,0.2977439649475558,0.2977439649475558,0.0,0,9.6069912211854e-06,748.7514942597222,highs_pfba
b0784,,2,421,0.2977439649475558,-0.0,0.2977439649475558,1,2567.8940749634526,532.1052631578947,highs_pfba
b3633,,2,421,0.2977439649475558,-0.0,0.2977439649475558,1,2567.894074963453,532.1052631578947,highs_pfba
b3624,,1,8,0.2977439649475558,0.29774396494755395,1.8318679906315083e-15,0,9.624625416723526e-06,748.7514942597213,highs_pfba
b3917,,3,421,0.2977439649475558,-0.0,0.2977439649475558,1,2567.894074963451,532.1052631578948,highs_pfba
b0763,,3,421,0.2977439649475558,-0.0,0.2977439649475558,1,2567.894074963451,532.1052631578948,highs_pfba
b2423,,5,421,0.2977439649475558,-0.0,0.2977439649475558,1,2567.894074963451,532.1052631578948,highs_pfba
b0765,,3,421,0.2977439649475558,-0.0,0.2977439649475558,1,2567.894074963451,532.1052631578948,highs_pfba
b2425,,5,421,0.2977439649475558,-0.0,0.2977439649475558,1,2567.894074963451,532.1052631578948,highs_pfba
b2422,,5,421,0.2977439649475558,-0.0,0.2977439649475558,1,2567.894074963451,532.1052631578948,highs_pfba
b0764,,3,421,0.2977439649475558,-0.0,0.2977439649475558,1,2567.894074963451,532.1052631578948,highs_pfba
b2424,,5,421,0.2977439649475558,-0.0,0.2977439649475558,1,2567.894074963451,532.1052631578948,highs_pfba
b2877,,1,0,0.2977439649475558,0.2977439649475558,0.0,0,0.0,748.7514942597213,highs_pfba
b0134,,1,421,0.2977439649475558,-0.0,0.2977439649475558,1,2567.8940749634444,532.1052631578948,highs_pfba
b0009,,1,421,0.2977439649475558,-0.0,0.2977439649475558,1,2567.8940749634526,532.1052631578947,highs_pfba
b2519,,2,421,0.2977439649475558,-0.0,0.2977439649475558,1,2567.894074963451,532.1052631578947,highs_pfba
b1069,,2,421,0.2977439649475558,-0.0,0.2977439649475558,1,2567.894074963451,532.1052631578947,highs_pfba
b0785,,1,421,0.2977439649475558,-0.0,0.2977439649475558,1,2567.8940749634526,532.1052631578947,highs_pfba
b0826,,1,421,0.2977439649475558,-0.0,0.2977439649475558,1,2567.8940749634526,532.1052631578947,highs_pfba
b1008,,1,4,0.2977439649475558,0.2977439649475558,0.0,0,1.763419554750388e-08,748.7514942597252,highs_pfba
b0529,,2,417,0.2977439649475558,0.28941547657002814,0.008328488377527643,0,2.3428401963499454,750.793919919152,highs_pfba
b3941,,1,421,0.2977439649475558,-0.0,0.2977439649475558,1,2567.894074963452,532.1052631578948,highs_pfba
b1059,,2,0,0.2977439649475558,0.2977439649475558,0.0,0,0.0,748.7514942597214,highs_pfba
b3996,,1,8,0.2977439649475558,0.2977439649475512,4.6074255521944e-15,0,9.624625416713853e-06,748.7514942597177,highs_pfba
b2411,,1,8,0.2977439649475558,0.2977439649475512,4.6074255521944e-15,0,9.624625416713853e-06,748.7514942597177,highs_pfba
b1109,,3,8,0.2977439649475558,0.2977439649475558,0.0,0,9.624625416718014e-06,748.7514942597177,highs_pfba
b2284,,3,424,0.2977439649475558,0.05025597303175676,0.247487991915799,0,4592.483025023672,699.5954547627479,highs_pfba
b2288,,3,424,0.2977439649475558,0.05025597303175676,0.247487991915799,0,4592.483025023672,699.5954547627479,highs_pfba
b2280,,3,424,0.2977439649475558,0.05025597303175676,0.247487991915799,0,4592.483025023672,699.5954547627479,highs_pfba
b2282,,3,424,0.2977439649475558,0.05025597303175676,0.247487991915799,0,4592.483025023672,699.5954547627479,highs_pfba
b2277,,3,424,0.2977439649475558,0.05025597303175676,0.247487991915799,0,4592.483025023672,699.5954547627479,highs_pfba
b2287,,3,424,0.2977439649475558,0.05025597303175676,0.247487991915799,0,4592.483025023672,699.5954547627479,highs_pfba
b2276,,3,424,0.2977439649475558,0.05025597303175676,0.247487991915799,0,4592.483025023672,699.5954547627479,highs_pfba
b2278,,3,424,0.2977439649475558,0.05025597303175676,0.247487991915799,0,4592.483025023672,699.5954547627479,highs_pfba
b2286,,3,424,0.2977439649475558,0.05025597303175676,0.247487991915799,0,4592.483025023672,699.5954547627479,highs_pfba
b2283,,3,424,0.2977439649475558,0.05025597303175676,0.247487991915799,0,4592.483025023672,699.5954547627479,highs_pfba
b2279,,3,424,0.2977439649475558,0.05025597303175676,0.247487991915799,0,4592.483025023672,699.5954547627479,highs_pfba
b2285,,3,424,0.2977439649475558,0.05025597303175676,0.247487991915799,0,4592.483025023672,699.5954547627479,highs_pfba
b2281,,3,424,0.2977439649475558,0.05025597303175676,0.247487991915799,0,4592.483025023672,699.5954547627479,highs_pfba
b2615,,1,421,0.2977439649475558,-0.0,0.2977439649475558,1,2567.8940749634667,532.1052631578942,highs_pfba
b3028,,3,8,0.2977439649475558,0.2977439649475558,0.0,0,9.624625416727538e-06,748.7514942597222,highs_pfba
b1740,,1,421,0.2977439649475558,-0.0,0.2977439649475558,1,2567.894074963452,532.1052631578948,highs_pfba
b1602,,2,4,0.2977439649475558,0.2977439649475558,0.0,0,1.763419554059675e-08,748.7514942597214,highs_pfba
b1603,,2,4,0.2977439649475558,0.2977439649475558,0.0,0,1.763419554059675e-08,748.7514942597214,highs_pfba
b3962,,1,8,0.2977439649475558,0.2977439649475558,0.0,0,9.624625416732417e-06,748.751494259725,highs_pfba
b0931,,1,8,0.2977439649475558,0.2977439649475512,4.6074255521944e-15,0,9.624625416720665e-06,748.7514942597218,highs_pfba
b1186,,1,8,0.2977439649475558,0.2977439649475558,0.0,0,9.624625416726889e-06,748.7514942597222,highs_pfba
b0019,,1,8,0.2977439649475558,0.2977439649475558,0.0,0,9.624625416726889e-06,748.7514942597222,highs_pfba
b2518,,8,421,0.2977439649475558,-0.0,0.2977439649475558,1,2567.8940749634535,532.1052631578947,highs_pfba
b0451,,1,421,0.2977439649475558,-0.0,0.2977439649475558,1,2567.894074963452,532.1052631578948,highs_pfba
b2711,,1,8,0.2977439649475558,0.2977439649475558,0.0,0,9.624625416725996e-06,748.7514942597213,highs_pfba
b2710,,1,8,0.2977439649475558,0.2977439649475558,0.0,0,9.624625416725996e-06,748.7514942597213,highs_pfba
b3477,,1,8,0.2977439649475558,0.2977439649475558,0.0,0,9.624625416722967e-06,748.7514942597203,highs_pfba
b3476,,1,8,0.2977439649475558,0.2977439649475558,0.0,0,9.624625416722967e-06,748.7514942597203,highs_pfba
b3479,,1,8,0.2977439649475558,0.2977439649475558,0.0,0,9.624625416722967e-06,748.7514942597203,highs_pfba
b3480,,1,8,0.2977439649475558,0.2977439649475558,0.0,0,9.624625416722967e-06,748.7514942597203,highs_pfba
b3478,,1,8,0.2977439649475558,0.2977439649475558,0.0,0,9.624625416722967e-06,748.7514942597203,highs_pfba
b4390,,1,8,0.2977439649475558,0.2977439649475558,0.0,0,9.624625416725827e-06,748.751494259722,highs_pfba
b0639,,2,421,0.2977439649475558,-0.0,0.2977439649475558,1,2567.8940749634453,532.1052631578948,highs_pfba
b0751,,1,0,0.2977439649475558,0.2977439649475558,0.0,0,0.0,748.7514942597214,highs_pfba
b1768,,1,8,0.2977439649475558,0.2977439649475512,4.6074255521944e-15,0,9.624625416720665e-06,748.7514942597218,highs_pfba
b1991,,1,0,0.2977439649475558,0.2977439649475558,0.0,0,0.0,748.7514942597214,highs_pfba
b0109,,1,421,0.2977439649475558,-0.0,0.2977439649475558,1,2567.894074963455,532.1052631578946,highs_pfba
b3367,,1,8,0.2977439649475558,0.2977439649475558,0.0,0,9.624625416730723e-06,748.7514942597239,highs_pfba
b1223,,2,4,0.2977439649475558,0.2977439649475558,0.0,0,1.763419553624017e-08,748.751494259719,highs_pfba
b2206,,2,4,0.2977439649475558,0.2977439649475558,0.0,0,1.7634195539896455e-08,748.7514942597211,highs_pfba
b2204,,1,8,0.2977439649475558,0.2977439649475558,0.0,0,9.624625416725827e-06,748.751494259722,highs_pfba
b2203,,2,4,0.2977439649475558,0.2977439649475558,0.0,0,1.7634195539896455e-08,748.7514942597211,highs_pfba
b2205,,1,8,0.2977439649475558,0.2977439649475558,0.0,0,9.624625416725827e-06,748.751494259722,highs_pfba
b2202,,2,4,0.2977439649475558,0.2977439649475558,0.0,0,1.7634195539896455e-08,748.7514942597211,highs_pfba
b1468,,2,4,0.2977439649475558,0.2977439649475558,0.0,0,1.763419554017657e-08,748.7514942597213,highs_pfba
b1226,,2,4,0.2977439649475558,0.2977439649475558,0.0,0,1.763419554017657e-08,748.7514942597213,highs_pfba
b1227,,2,4,0.2977439649475558,0.2977439649475558,0.0,0,1.763419554017657e-08,748.7514942597213,highs_pfba
b1225,,2,4,0.2977439649475558,0.2977439649475558,0.0,0,1.763419554017657e-08,748.7514942597213,highs_pfba
b1465,,2,4,0.2977439649475558,0.2977439649475558,0.0,0,1.763419554017657e-08,748.7514942597213,highs_pfba
b1224,,2,4,0.2977439649475558,0.2977439649475558,0.0,0,1.763419554017657e-08,748.7514942597213,highs_pfba
b1466,,2,4,0.2977439649475558,0.2977439649475558,0.0,0,1.763419554017657e-08,748.7514942597213,highs_pfba
b1467,,2,4,0.2977439649475558,0.2977439649475558,0.0,0,1.763419554017657e-08,748.7514942597213,highs_pfba
b1469,,1,8,0.2977439649475558,0.2977439649475558,0.0,0,9.62462541672102e-06,748.751494259719,highs_pfba
b2552,,2,4,0.2977439649475558,0.2977439649475558,0.0,0,1.763419554750388e-08,748.7514942597252,highs_pfba
b4374,,3,8,0.2977439649475558,0.29774396494754696,8.826273045769994e-15,0,9.62462541671103e-06,748.7514942597193,highs_pfba
b2291,,6,0,0.2977439649475558,0.2977439649475424,1.3378187446733136e-14,0,0.0,748.7514942597129,highs_pfba
b2744,,14,8,0.2977439649475558,0.29774396494755423,1.5543122344752192e-15,0,9.624625416716284e-06,748.7514942597181,highs_pfba
b0480,,17,4,0.2977439649475558,0.2977439649475558,0.0,0,1.7634195545712597e-08,748.7514942597238,highs_pfba
b4161,,4,8,0.2977439649475558,0.2977439649475512,4.6074255521944e-15,0,9.624625416715564e-06,748.7514942597194,highs_pfba
b0650,,1,8,0.2977439649475558,0.2977439649475558,0.0,0,9.624625416729867e-06,748.7514942597239,highs_pfba
b4394,,3,0,0.2977439649475558,0.2977439649475558,0.0,0,0.0,748.751494259722,highs_pfba
b0980,,2,0,0.2977439649475558,0.2977439649475558,0.0,0,0.0,748.7514942597214,highs_pfba
b2781,,8,4,0.2977439649475558,0.2977439649475556,1.6653345369377348e-16,0,1.7634195542727034e-08,748.7514942597226,highs_pfba
b2954,,3,0,0.2977439649475558,0.2977439649475558,0.0,0,0.0,748.7514942597213,highs_pfba
b1759,,2,4,0.2977439649475558,0.2977439649475512,4.6074255521944e-15,0,1.7634195535412034e-08,748.7514942597218,highs_pfba
b0160,,2,4,0.2977439649475558,0.297743964947554,1.7763568394002505e-15,0,1.7634195535973825e-08,748.7514942597203,highs_pfba
b3365,,1,8,0.2977439649475558,0.2977439649475558,0.0,0,9.624625416724654e-06,748.7514942597211,highs_pfba
b3366,,1,8,0.2977439649475558,0.2977439649475558,0.0,0,9.624625416724654e-06,748.7514942597211,highs_pfba
b4073,,2,4,0.2977439649475558,0.2977439649475558,0.0,0,1.7634195544791154e-08,748.751494259724,highs_pfba
b4071,,2,4,0.2977439649475558,0.2977439649475558,0.0,0,1.7634195544791154e-08,748.751494259724,highs_pfba
b4070,,2,4,0.2977439649475558,0.2977439649475558,0.0,0,1.7634195544791154e-08,748.751494259724,highs_pfba
b4072,,2,4,0.2977439649475558,0.2977439649475558,0.0,0,1.7634195544791154e-08,748.751494259724,highs_pfba
b2035,,3,0,0.2977439649475558,0.2977439649475558,0.0,0,0.0,748.7514942597214,highs_pfba
b2027,,3,0,0.2977439649475558,0.2977439649475558,0.0,0,0.0,748.7514942597214,highs_pfba
b2033,,1,0,0.2977439649475558,0.2977439649475558,0.0,0,0.0,748.7514942597214,highs_pfba
b2037,,1,0,0.2977439649475558,0.2977439649475558,0.0,0,0.0,748.7514942597214,highs_pfba
b2034,,1,0,0.2977439649475558,0.2977439649475558,0.0,0,0.0,748.7514942597214,highs_pfba
b2032,,1,0,0.2977439649475558,0.2977439649475558,0.0,0,0.0,748.7514942597214,highs_pfba
b3114,,2,4,0.2977439649475558,0.2977439649475558,0.0,0,1.7634195540427204e-08,748.751494259722,highs_pfba
b0903,,2,4,0.2977439649475558,0.2977439649475558,0.0,0,1.7634195540427204e-08,748.751494259722,highs_pfba
b0902,,2,4,0.2977439649475558,0.2977439649475558,0.0,0,1.7634195540427204e-08,748.751494259722,highs_pfba
b2579,,2,4,0.2977439649475558,0.2977439649475558,0.0,0,1.7634195540427204e-08,748.751494259722,highs_pfba
b0273,,1,421,0.2977439649475558,-0.0,0.2977439649475558,1,2567.8940749634526,532.1052631578947,highs_pfba
b4254,,1,421,0.2977439649475558,-0.0,0.2977439649475558,1,2567.8940749634526,532.1052631578947,highs_pfba
b3187,,1,421,0.2977439649475558,-0.0,0.2977439649475558,1,2567.8940749634535,532.1052631578946,highs_pfba
b0907,,2,421,0.2977439649475558,-0.0,0.2977439649475558,1,2567.894074963453,532.1052631578947,highs_pfba
b0662,,1,0,0.2977439649475558,0.2977439649475558,0.0,0,0.0,748.7514942597213,highs_pfba
b1281,,1,421,0.2977439649475558,-0.0,0.2977439649475558,1,2567.894074963456,532.1052631578946,highs_pfba
b2907,,1,0,0.2977439649475558,0.2977439649475558,0.0,0,0.0,748.7514942597213,highs_pfba
b0350,,1,0,0.2977439649475558,0.2977439649475558,0.0,0,0.0,748.7514942597214,highs_pfba
b3843,,1,421,0.2977439649475558,-0.0,0.2977439649475558,1,2567.8940749634535,532.1052631578947,highs_pfba
b2311,,1,421,0.2977439649475558,-0.0,0.2977439649475558,1,2567.8940749634535,532.1052631578947,highs_pfba
b3835,,1,30,0.2977439649475558,0.2977438002036677,1.6474388808696006e-07,0,3.1695088292888504e-08,748.7517273395663,highs_pfba
b2965,,1,8,0.2977439649475558,0.2977439649475558,0.0,0,9.624625416722518e-06,748.75149425972,highs_pfba
b0693,,1,8,0.2977439649475558,0.2977439649475558,0.0,0,9.624625416722518e-06,748.75149425972,highs_pfba
b3642,,1,421,0.2977439649475558,-0.0,0.2977439649475558,1,2567.894074963456,532.1052631578946,highs_pfba
b2373,,1,0,0.2977439649475558,0.2977439649475558,0.0,0,0.0,748.7514942597214,highs_pfba
b1387,,1,0,0.2977439649475558,0.2977439649475558,0.0,0,0.0,748.7514942597222,highs_pfba
b1394,,2,0,0.2977439649475558,0.2977439649475558,0.0,0,0.0,748.7514942597214,highs_pfba
b1014,,2,4,0.2977439649475558,0.2977439649475539,1.887379141862766e-15,0,1.7634195537772414e-08,748.7514942597211,highs_pfba
b0386,,1,421,0.2977439649475558,-0.0,0.2977439649475558,1,2567.8940749634535,532.1052631578946,highs_pfba
b1391,,1,0,0.2977439649475558,0.2977439649475558,0.0,0,0.0,748.7514942597215,highs_pfba
b1390,,1,0,0.2977439649475558,0.2977439649475558,0.0,0,0.0,748.7514942597215,highs_pfba
b1392,,1,0,0.2977439649475558,0.2977439649475558,0.0,0,0.0,748.7514942597215,highs_pfba
b1388,,1,0,0.2977439649475558,0.2977439649475558,0.0,0,0.0,748.7514942597215,highs_pfba
b1389,,1,0,0.2977439649475558,0.2977439649475558,0.0,0,0.0,748.7514942597215,highs_pfba
b1398,,1,0,0.2977439649475558,0.2977439649475558,0.0,0,0.0,748.7514942597214,highs_pfba
b0133,,1,421,0.2977439649475558,-0.0,0.2977439649475558,1,2567.8940749634444,532.1052631578948,highs_pfba
b1278,,30,421,0.2977439649475558,-0.0,0.2977439649475558,1,2567.8940749634526,532.1052631578947,highs_pfba
b0087,,1,421,0.2977439649475558,-0.0,0.2977439649475558,1,2567.8940749634526,532.1052631578947,highs_pfba
b2762,,2,421,0.2977439649475558,-0.0,0.2977439649475558,1,2567.894074963452,532.1052631578948,highs_pfba
b1489,,2,4,0.2977439649475558,0.2977439649475558,0.0,0,1.763419554750388e-08,748.7514942597252,highs_pfba
b0114,,1,427,0.2977439649475558,0.2246725404991107,0.07307142444844508,0,2782.368812887743,777.9715198951507,highs_pfba
b0115,,1,427,0.2977439649475558,0.2246725404991107,0.07307142444844508,0,2782.368812887743,777.9715198951507,highs_pfba
b1638,,2,4,0.2977439649475558,0.2977439649475558,0.0,0,1.7634195545233447e-08,748.7514942597238,highs_pfba
b2564,,1,421,0.2977439649475558,-0.0,0.2977439649475558,1,2567.894074963452,532.1052631578948,highs_pfba
b0052,,1,421,0.2977439649475558,-0.0,0.2977439649475558,1,2567.894074963452,532.1052631578948,highs_pfba
b0766,,2,4,0.2977439649475558,0.2977439649475558,0.0,0,1.7634195545321906e-08,748.7514942597238,highs_pfba
b2320,,1,421,0.2977439649475558,-0.0,0.2977439649475558,1,2567.894074963452,532.1052631578948,highs_pfba
b3546,,2,8,0.2977439649475558,0.29774396494755573,5.551115123125783e-17,0,9.624625416897339e-06,748.7514942597224,highs_pfba
b1723,,1,13,0.2977439649475558,0.2977439649475558,0.0,0,16.50279844822036,750.5682379853833,highs_pfba
b3916,,3,414,0.2977439649475558,0.29263025017243977,0.005113714775116018,0,31.22106615036429,748.8664761979431,highs_pfba
b3952,,1,8,0.2977439649475558,0.2977439649475558,0.0,0,9.624625416726572e-06,748.7514942597219,highs_pfba
b3951,,1,8,0.2977439649475558,0.2977439649475558,0.0,0,9.624625416726572e-06,748.7514942597219,highs_pfba
b3176,,1,421,0.2977439649475558,-0.0,0.2977439649475558,1,2567.8940749634485,532.1052631578949,highs_pfba
b2913,,1,419,0.2977439649475558,0.28247188742971246,0.015272077517843319,0,7.684433518413854,753.8393479650599,highs_pfba
b4025,,1,421,0.2977439649475558,0.2752649361699677,0.02247902877758806,0,484.7938953968809,760.7557830162696,highs_pfba
b2926,,1,424,0.2977439649475558,0.0,0.2977439649475558,1,22766.62685173091,0.0,infeasible
b0767,,1,384,0.2977439649475558,0.2935971773999595,0.004146787547596287,0,11.228543816548076,751.5779587163015,highs_pfba
b3385,,1,0,0.2977439649475558,0.2977439649475558,0.0,0,0.0,748.7514942597214,highs_pfba
b3612,,1,433,0.2977439649475558,0.07777761051810662,0.21996635442944917,0,2508.4976428183063,725.4684630915323,highs_pfba
b0755,,1,433,0.2977439649475558,0.07777761051810662,0.21996635442944917,0,2508.4976428183063,725.4684630915323,highs_pfba
b4395,,1,433,0.2977439649475558,0.07777761051810662,0.21996635442944917,0,2508.4976428183063,725.4684630915323,highs_pfba
b0688,,1,8,0.2977439649475558,0.2977439649475558,0.0,0,9.624625416732905e-06,748.751494259725,highs_pfba
b2690,,1,8,0.2977439649475558,0.2977439649475558,0.0,0,9.624625416732905e-06,748.751494259725,highs_pfba
b0418,,14,8,0.2977439649475558,0.2977439649475558,0.0,0,9.624625416732905e-06,748.751494259725,highs_pfba
b1912,,7,4,0.2977439649475558,0.2977439649475558,0.0,0,1.7634195535620963e-08,748.7514942597192,highs_pfba
b2199,,1,8,0.2977439649475558,0.2977439649475558,0.0,0,9.624625416724854e-06,748.7514942597211,highs_pfba
b2200,,1,8,0.2977439649475558,0.2977439649475558,0.0,0,9.624625416724854e-06,748.7514942597211,highs_pfba
b2197,,1,8,0.2977439649475558,0.2977439649475558,0.0,0,9.624625416724854e-06,748.7514942597211,highs_pfba
b2198,,1,8,0.2977439649475558,0.2977439649475558,0.0,0,9.624625416724854e-06,748.7514942597211,highs_pfba
b2201,,1,8,0.2977439649475558,0.2977439649475558,0.0,0,9.624625416724854e-06,748.7514942597211,highs_pfba
b1713,,1,0,0.2977439649475558,0.2977439649475558,0.0,0,0.0,748.7514942597214,highs_pfba
b1714,,1,0,0.2977439649475558,0.2977439649475558,0.0,0,0.0,748.7514942597214,highs_pfba
b1473,,3,0,0.2977439649475558,0.2977439649475558,0.0,0,0.0,748.751494259722,highs_pfba
b0576,,2,4,0.2977439649475558,0.2977439649475512,4.6074255521944e-15,0,1.763419552983915e-08,748.7514942597189,highs_pfba
b3493,,1,353,0.2977439649475558,0.2956213074496799,0.0021226574978758794,0,0.20065450926096165,748.617812289398,highs_pfba
b2987,,1,353,0.2977439649475558,0.2956213074496799,0.0021226574978758794,0,0.20065450926096165,748.617812289398,highs_pfba
b3725,,1,8,0.2977439649475558,0.2977439649475558,0.0,0,9.624625416731134e-06,748.751494259724,highs_pfba
b3726,,1,8,0.2977439649475558,0.2977439649475558,0.0,0,9.624625416731134e-06,748.751494259724,highs_pfba
b3727,,1,8,0.2977439649475558,0.2977439649475558,0.0,0,9.624625416731134e-06,748.751494259724,highs_pfba
b3728,,1,8,0.2977439649475558,0.2977439649475558,0.0,0,9.624625416731134e-06,748.751494259724,highs_pfba
b3821,,42,4,0.2977439649475558,0.2977439649475558,0.0,0,1.7634195540898985e-08,748.7514942597218,highs_pfba
b2048,,1,4,0.2977439649475558,0.2977439649475512,4.6074255521944e-15,0,1.7634195530075042e-08,748.7514942597188,highs_pfba
b3412,,1,421,0.2977439649475558,-0.0,0.2977439649475558,1,2567.8940749634507,532.1052631578948,highs_pfba
b3974,,1,421,0.2977439649475558,-0.0,0.2977439649475558,1,2567.8940749634444,532.1052631578948,highs_pfba
b3258,,1,0,0.2977439649475558,0.2977439649475558,0.0,0,0.0,748.7514942597214,highs_pfba
b1010,,1,4,0.2977439649475558,0.2977439649475558,0.0,0,1.763419554750388e-08,748.7514942597252,highs_pfba
b1378,,1,294,0.2977439649475558,0.2976636425346997,8.03224128561042e-05,0,0.0059212586905083055,748.7485938282689,highs_pfba
b0871,,1,8,0.2977439649475558,0.2977439649475558,0.0,0,9.624625416730751e-06,748.7514942597239,highs_pfba
b4226,,1,8,0.2977439649475558,0.29774396494755456,1.2212453270876722e-15,0,9.624625416724431e-06,748.7514942597218,highs_pfba
b2502,,2,4,0.2977439649475558,0.29774396494755456,1.2212453270876722e-15,0,1.7634195536888198e-08,748.7514942597204,highs_pfba
b1015,,2,8,0.2977439649475558,0.2977439649475558,0.0,0,9.624625416727773e-06,748.7514942597228,highs_pfba
b0369,,1,421,0.2977439649475558,-0.0,0.2977439649475558,1,2567.8940749634507,532.1052631578948,highs_pfba
b3956,,1,353,0.2977439649475558,0.2955736391832053,0.0021703257643505003,0,11.718733983791969,747.7984158765217,highs_pfba
b3639,,2,421,0.2977439649475558,-0.0,0.2977439649475558,1,2567.8940749634444,532.1052631578948,highs_pfba
b3403,,1,8,0.2977439649475558,0.2977439649475558,0.0,0,9.624625416731077e-06,748.751494259724,highs_pfba
b2920,,1,8,0.2977439649475558,0.2977439649475558,0.0,0,9.624625416730633e-06,748.7514942597238,highs_pfba
b2501,,2,414,0.2977439649475558,0.28773860145050584,0.010005363497049946,0,2.7622552256553603,747.7853314318661,highs_pfba
b4383,,2,11,0.2977439649475558,0.297743964947556,-2.220446049250313e-16,0,2.9870394290555107e-07,748.7516946414111,highs_pfba
b3380,,1,15,0.2977439649475558,0.2977439649475557,1.1102230246251565e-16,0,9.905695164089867e-06,748.7516946414107,highs_pfba
b3850,,2,421,0.2977439649475558,-0.0,0.2977439649475558,1,2567.8940749634558,532.1052631578946,highs_pfba
b2536,,1,0,0.2977439649475558,0.2977439649475558,0.0,0,0.0,748.7514942597214,highs_pfba
b1702,,1,8,0.2977439649475558,0.2977439649475558,0.0,0,9.624625416732905e-06,748.7514942597252,highs_pfba
b0383,,1,0,0.2977439649475558,0.2977439649475558,0.0,0,0.0,748.7514942597214,highs_pfba
b4005,,1,421,0.2977439649475558,-0.0,0.2977439649475558,1,2567.8940749634507,532.1052631578947,highs_pfba
b2499,,1,421,0.2977439649475558,-0.0,0.2977439649475558,1,2567.8940749634507,532.1052631578947,highs_pfba
b2026,,2,421,0.2977439649475558,-0.0,0.2977439649475558,1,2567.894074963453,532.1052631578947,highs_pfba
b2476,,1,421,0.2977439649475558,-0.0,0.2977439649475558,1,2567.8940749634507,532.1052631578947,highs_pfba
b2557,,1,421,0.2977439649475558,-0.0,0.2977439649475558,1,2567.8940749634507,532.1052631578947,highs_pfba
b2024,,1,421,0.2977439649475558,-0.0,0.2977439649475558,1,2567.894074963453,532.1052631578947,highs_pfba
b0194,,1,0,0.2977439649475558,0.2977439649475558,0.0,0,0.0,748.7514942597214,highs_pfba
b1207,,1,13,0.2977439649475558,0.2977439649475558,0.0,0,0.3857709425532514,749.0292572226703,highs_pfba
b0908,,1,421,0.2977439649475558,-0.0,0.2977439649475558,1,2567.8940749634485,532.1052631578947,highs_pfba
b4160,,7,421,0.2977439649475558,-0.0,0.2977439649475558,1,2567.8940749634526,532.1052631578948,highs_pfba
b4388,,1,419,0.2977439649475558,0.28247188742971246,0.015272077517843319,0,7.684433518413854,753.8393479650599,highs_pfba
b2585,,7,421,0.2977439649475558,-0.0,0.2977439649475558,1,2567.8940749634535,532.1052631578947,highs_pfba
b2297,,2,438,0.2977439649475558,0.14766413480334037,0.15007983014421541,0,1845.9420459546786,718.5296097247826,highs_pfba
b2458,,1,436,0.2977439649475558,0.14766413480334037,0.15007983014421541,0,1845.9420011146249,718.5296097247863,highs_pfba
b3634,,1,421,0.2977439649475558,-0.0,0.2977439649475558,1,2567.8940749634444,532.1052631578948,highs_pfba
b0692,,2,4,0.2977439649475558,0.2977439649475558,0.0,0,1.763419554251335e-08,748.7514942597223,highs_pfba
b3073,,1,0,0.2977439649475558,0.2977439649475558,0.0,0,0.0,748.7514942597222,highs_pfba
b0854,,1,8,0.2977439649475558,0.2977439649475558,0.0,0,9.624625416730369e-06,748.7514942597236,highs_pfba
b1123,,2,4,0.2977439649475558,0.2977439649475558,0.0,0,1.7634195539277244e-08,748.7514942597206,highs_pfba
b0856,,1,8,0.2977439649475558,0.2977439649475558,0.0,0,9.624625416730369e-06,748.7514942597236,highs_pfba
b1442,,2,4,0.2977439649475558,0.2977439649475558,0.0,0,1.7634195539277244e-08,748.7514942597206,highs_pfba
b0857,,1,8,0.2977439649475558,0.2977439649475558,0.0,0,9.624625416730369e-06,748.7514942597236,highs_pfba
b0855,,1,8,0.2977439649475558,0.2977439649475558,0.0,0,9.624625416730369e-06,748.7514942597236,highs_pfba
b1124,,2,4,0.2977439649475558,0.2977439649475558,0.0,0,1.7634195539277244e-08,748.7514942597206,highs_pfba
b1443,,2,4,0.2977439649475558,0.2977439649475558,0.0,0,1.7634195539277244e-08,748.7514942597206,highs_pfba
b1440,,2,4,0.2977439649475558,0.2977439649475558,0.0,0,1.7634195539277244e-08,748.7514942597206,highs_pfba
b1126,,2,4,0.2977439649475558,0.2977439649475558,0.0,0,1.7634195539277244e-08,748.7514942597206,highs_pfba
b1125,,2,4,0.2977439649475558,0.2977439649475558,0.0,0,1.7634195539277244e-08,748.7514942597206,highs_pfba
b1441,,2,4,0.2977439649475558,0.2977439649475558,0.0,0,1.7634195539277244e-08,748.7514942597206,highs_pfba
b1296,,1,8,0.2977439649475558,0.2977439649475558,0.0,0,9.624625416731017e-06,748.7514942597242,highs_pfba
b2407,,5,4,0.2977439649475558,0.29774396494755573,5.551115123125783e-17,0,9.606991221261103e-06,748.751494259722,highs_pfba
b1636,,1,8,0.2977439649475558,0.2977439649475558,0.0,0,9.624625416728702e-06,748.7514942597229,highs_pfba
b3826,,1,8,0.2977439649475558,0.2977439649475558,0.0,0,9.624625416728702e-06,748.7514942597229,highs_pfba
b1854,,1,8,0.2977439649475558,0.2977439649475551,6.661338147750939e-16,0,9.624625416729284e-06,748.7514942597236,highs_pfba
b1676,,1,8,0.2977439649475558,0.2977439649475551,6.661338147750939e-16,0,9.624625416729284e-06,748.7514942597236,highs_pfba
b3831,,1,8,0.2977439649475558,0.2977439649475558,0.0,0,9.624625416730899e-06,748.751494259724,highs_pfba
b1007,,1,4,0.2977439649475558,0.2977439649475558,0.0,0,1.763419554750388e-08,748.7514942597252,highs_pfba
b1012,,1,4,0.2977439649475558,0.2977439649475558,0.0,0,1.763419554750388e-08,748.7514942597252,highs_pfba
b3029,,2,4,0.2977439649475558,0.2977439649475558,0.0,0,1.7634195540427204e-08,748.751494259722,highs_pfba
b1692,,2,421,0.2977439649475558,-0.0,0.2977439649475558,1,2567.8940749634535,532.1052631578947,highs_pfba
b0750,,1,421,0.2977439649475558,-0.0,0.2977439649475558,1,2567.894074963455,532.1052631578946,highs_pfba
b4094,,1,8,0.2977439649475558,0.29774396494755584,-5.551115123125783e-17,0,9.62462541672527e-06,748.7514942597211,highs_pfba
b1662,,1,421,0.2977439649475558,-0.0,0.2977439649475558,1,2567.894074963453,532.1052631578947,highs_pfba
b0415,,1,421,0.2977439649475558,-0.0,0.2977439649475558,1,2567.894074963453,532.1052631578947,highs_pfba
b3752,,1,8,0.2977439649475558,0.2977439649475539,1.887379141862766e-15,0,9.624625416721846e-06,748.7514942597204,highs_pfba
b0063,,3,8,0.2977439649475558,0.2977439649475558,0.0,0,9.624625416728304e-06,748.7514942597226,highs_pfba
b4198,,1,8,0.2977439649475558,0.2977439649475558,0.0,0,9.624625416728304e-06,748.7514942597226,highs_pfba
b3583,,1,8,0.2977439649475558,0.2977439649475558,0.0,0,9.624625416728304e-06,748.7514942597226,highs_pfba
b0061,,1,8,0.2977439649475558,0.2977439649475558,0.0,0,9.624625416728304e-06,748.7514942597226,highs_pfba
b3629,,1,8,0.2977439649475558,0.29774396494755395,1.8318679906315083e-15,0,9.624625416723526e-06,748.7514942597213,highs_pfba
b2687,,1,421,0.2977439649475558,-0.0,0.2977439649475558,1,2567.8940749634535,532.1052631578947,highs_pfba
b3748,,1,0,0.2977439649475558,0.2977439649475558,0.0,0,0.0,748.7514942597214,highs_pfba
b3749,,1,0,0.2977439649475558,0.2977439649475558,0.0,0,0.0,748.7514942597214,highs_pfba
b3751,,1,0,0.2977439649475558,0.2977439649475558,0.0,0,0.0,748.7514942597214,highs_pfba
b3750,,1,0,0.2977439649475558,0.2977439649475558,0.0,0,0.0,748.7514942597214,highs_pfba
b3904,,1,0,0.2977439649475558,0.2977439649475558,0.0,0,0.0,748.7514942597214,highs_pfba
b3902,,1,0,0.2977439649475558,0.2977439649475558,0.0,0,0.0,748.7514942597224,highs_pfba
b2234,,4,8,0.2977439649475558,0.2977439649475558,0.0,0,9.624625416730899e-06,748.751494259724,highs_pfba
b2235,,4,8,0.2977439649475558,0.2977439649475558,0.0,0,9.624625416730899e-06,748.751494259724,highs_pfba
b2676,,4,8,0.2977439649475558,0.2977439649475558,0.0,0,9.624625416725629e-06,748.7514942597213,highs_pfba
b2675,,4,8,0.2977439649475558,0.2977439649475558,0.0,0,9.624625416725629e-06,748.7514942597213,highs_pfba
b4238,,4,291,0.2977439649475558,0.29766540649603396,7.855845152182628e-05,0,0.006257835744778852,748.7564462377019,highs_pfba
b4237,,4,291,0.2977439649475558,0.29766540649603396,7.855845152182628e-05,0,0.006257835744778852,748.7564462377019,highs_pfba
b3386,,1,368,0.2977439649475558,0.2949974271768651,0.0027465377706906713,0,4.984345939322884,750.0945142625666,highs_pfba
b4301,,1,368,0.2977439649475558,0.2949974271768651,0.0027465377706906713,0,4.984345939322884,750.0945142625666,highs_pfba
b2914,,1,424,0.2977439649475558,0.1584085790474893,0.13933538590006647,0,410.14794978549946,746.2003651716602,highs_pfba
b0638,,1,0,0.2977439649475558,0.2977439649475558,0.0,0,0.0,748.7514942597214,highs_pfba
b1683,,6,0,0.2977439649475558,0.2977439649475512,4.6074255521944e-15,0,0.0,748.751494259719,highs_pfba
b1679,,4,0,0.2977439649475558,0.2977439649475512,4.6074255521944e-15,0,0.0,748.7514942597189,highs_pfba
b1680,,4,0,0.2977439649475558,0.2977439649475512,4.6074255521944e-15,0,0.0,748.7514942597189,highs_pfba
b1682,,6,0,0.2977439649475558,0.2977439649475512,4.6074255521944e-15,0,0.0,748.751494259719,highs_pfba
b1681,,6,0,0.2977439649475558,0.2977439649475512,4.6074255521944e-15,0,0.0,748.751494259719,highs_pfba
b1684,,2,4,0.2977439649475558,0.2977439649475512,4.6074255521944e-15,0,1.7634195529278913e-08,748.7514942597186,highs_pfba
b0222,,1,4,0.2977439649475558,0.29774396494755395,1.8318679906315083e-15,0,9.606991221185341e-06,748.7514942597215,highs_pfba
b1745,,1,8,0.2977439649475558,0.2977439649475558,0.0,0,9.624625416732905e-06,748.751494259725,highs_pfba
b2751,,1,421,0.2977439649475558,-0.0,0.2977439649475558,1,2567.894074963482,532.1052631578937,highs_pfba
b2752,,1,421,0.2977439649475558,-0.0,0.2977439649475558,1,2567.894074963482,532.1052631578937,highs_pfba
b2705,,1,0,0.2977439649475558,0.2977439649475558,0.0,0,0.0,748.7514942597214,highs_pfba
b2703,,1,0,0.2977439649475558,0.2977439649475558,0.0,0,0.0,748.7514942597214,highs_pfba
b2704,,1,0,0.2977439649475558,0.2977439649475558,0.0,0,0.0,748.7514942597214,highs_pfba
b2702,,1,0,0.2977439649475558,0.2977439649475558,0.0,0,0.0,748.7514942597214,highs_pfba
b2472,,1,421,0.2977439649475558,-0.0,0.2977439649475558,1,2567.8940749634526,532.1052631578947,highs_pfba
b3591,,1,0,0.2977439649475558,0.2977439649475558,0.0,0,0.0,748.7514942597214,highs_pfba
b1764,,1,0,0.2977439649475558,0.2977439649475558,0.0,0,0.0,748.7514942597214,highs_pfba
b2264,,1,4,0.2977439649475558,0.29774396494755573,5.551115123125783e-17,0,1.7634195543847566e-08,748.7514942597237,highs_pfba
b0586,,1,8,0.2977439649475558,0.2977439649475558,0.0,0,9.62462541672467e-06,748.7514942597211,highs_pfba
b3607,,1,421,0.2977439649475558,-0.0,0.2977439649475558,1,2567.894074963452,532.1052631578948,highs_pfba
b2366,,1,4,0.2977439649475558,0.2977439649475558,0.0,0,9.6069912211854e-06,748.7514942597198,highs_pfba
b2797,,1,8,0.2977439649475558,0.2977439649475558,0.0,0,9.624625416728746e-06,748.7514942597232,highs_pfba
b4471,,1,8,0.2977439649475558,0.2977439649475558,0.0,0,9.624625416728746e-06,748.7514942597232,highs_pfba
b1814,,1,8,0.2977439649475558,0.2977439649475558,0.0,0,9.624625416728746e-06,748.7514942597232,highs_pfba
b0893,,2,0,0.2977439649475558,0.2977439649475558,0.0,0,0.0,748.7514942597214,highs_pfba
b2796,,1,8,0.2977439649475558,0.2977439649475558,0.0,0,9.624625416727177e-06,748.7514942597222,highs_pfba
b3116,,2,4,0.2977439649475558,0.2977439649475558,0.0,0,1.763419554750388e-08,748.7514942597252,highs_pfba
b3089,,2,4,0.2977439649475558,0.29774396494755573,5.551115123125783e-17,0,1.7634195541871994e-08,748.7514942597223,highs_pfba
b2154,,1,4,0.2977439649475558,0.2977439649475558,0.0,0,1.7634195539667935e-08,748.7514942597212,highs_pfba
b0355,,1,4,0.2977439649475558,0.2977439649475558,0.0,0,1.7634195539667935e-08,748.7514942597212,highs_pfba
b1744,,1,8,0.2977439649475558,0.2977439649475558,0.0,0,9.624625416732905e-06,748.751494259725,highs_pfba
b1746,,1,8,0.2977439649475558,0.2977439649475558,0.0,0,9.624625416732905e-06,748.751494259725,highs_pfba
b2263,,1,4,0.2977439649475558,0.29774396494755573,5.551115123125783e-17,0,1.7634195543847566e-08,748.7514942597237,highs_pfba
b3368,,3,421,0.2977439649475558,-0.0,0.2977439649475558,1,2567.8940749634507,532.1052631578948,highs_pfba
b3281,,1,421,0.2977439649475558,-0.0,0.2977439649475558,1,2567.8940749634485,532.1052631578947,highs_pfba
b0388,,1,421,0.2977439649475558,-0.0,0.2977439649475558,1,2567.8940749634485,532.1052631578947,highs_pfba
b3390,,1,421,0.2977439649475558,-0.0,0.2977439649475558,1,2567.8940749634485,532.1052631578947,highs_pfba
b3939,,1,421,0.2977439649475558,-0.0,0.2977439649475558,1,2567.894074963452,532.1052631578948,highs_pfba
b1981,,1,0,0.2977439649475558,0.2977439649475558,0.0,0,0.0,748.7514942597214,highs_pfba
b1206,,1,312,0.2977439649475558,0.29718604269019605,0.0005579222573597331,0,0.013801969008269365,748.7163571041855,highs_pfba
b1584,,2,0,0.2977439649475558,0.2977439649475558,0.0,0,0.0,748.7514942597214,highs_pfba
b1599,,1,0,0.2977439649475558,0.2977439649475558,0.0,0,0.0,748.7514942597214,highs_pfba
b1600,,1,0,0.2977439649475558,0.2977439649475558,0.0,0,0.0,748.7514942597214,highs_pfba
b3908,,1,0,0.2977439649475558,0.2977439649475558,0.0,0,0.0,748.7514942597214,highs_pfba
b1656,,1,0,0.2977439649475558,0.2977439649475558,0.0,0,0.0,748.7514942597214,highs_pfba
b1646,,1,0,0.2977439649475558,0.2977439649475558,0.0,0,0.0,748.7514942597214,highs_pfba
b1525,,2,4,0.2977439649475558,0.2977439649475558,0.0,0,1.7634195542402776e-08,748.7514942597229,highs_pfba
b2661,,1,8,0.2977439649475558,0.2977439649475558,0.0,0,9.624625416730721e-06,748.7514942597238,highs_pfba
b2260,,1,4,0.2977439649475558,0.29774396494755573,5.551115123125783e-17,0,1.7634195543847566e-08,748.7514942597237,highs_pfba
b2261,,1,4,0.2977439649475558,0.29774396494755573,5.551115123125783e-17,0,1.7634195543847566e-08,748.7514942597237,highs_pfba
b0721,,1,428,0.2977439649475558,0.27921852045929185,0.01852544448826393,0,194.49697412379072,747.7641513452015,highs_pfba
b0722,,1,428,0.2977439649475558,0.27921852045929185,0.01852544448826393,0,194.49697412379072,747.7641513452015,highs_pfba
b0724,,1,428,0.2977439649475558,0.27921852045929185,0.01852544448826393,0,194.49697412379072,747.7641513452015,highs_pfba
b0723,,1,428,0.2977439649475558,0.27921852045929185,0.01852544448826393,0,194.49697412379072,747.7641513452015,highs_pfba
b0728,,1,414,0.2977439649475558,0.29214266223804974,0.00560130270950604,0,13.135781878418584,748.3340484711699,highs_pfba
b0729,,1,414,0.2977439649475558,0.29214266223804974,0.00560130270950604,0,13.135781878418584,748.3340484711699,highs_pfba
b1521,,1,4,0.2977439649475558,0.2977439649475558,0.0,0,1.763419554092847e-08,748.7514942597218,highs_pfba
b2464,,1,8,0.2977439649475558,0.297743964947557,-1.2212453270876722e-15,0,9.6246254167338e-06,748.7514942597247,highs_pfba
b0008,,1,8,0.2977439649475558,0.297743964947557,-1.2212453270876722e-15,0,9.6246254167338e-06,748.7514942597247,highs_pfba
b3062,,1,0,0.2977439649475558,0.2977439649475558,0.0,0,0.0,748.7514942597214,highs_pfba
b3061,,1,0,0.2977439649475558,0.2977439649475558,0.0,0,0.0,748.7514942597214,highs_pfba
b3063,,1,0,0.2977439649475558,0.2977439649475558,0.0,0,0.0,748.7514942597214,highs_pfba
b0368,,1,0,0.2977439649475558,0.2977439649475558,0.0,0,0.0,748.7514942597214,highs_pfba
b3790,,1,8,0.2977439649475558,0.29774396494755456,1.2212453270876722e-15,0,9.624625416726703e-06,748.7514942597222,highs_pfba
b3791,,1,8,0.2977439649475558,0.29774396494755456,1.2212453270876722e-15,0,9.624625416726703e-06,748.7514942597222,highs_pfba
b2038,,1,8,0.2977439649475558,0.29774396494755395,1.8318679906315083e-15,0,9.624625416723526e-06,748.7514942597213,highs_pfba
b2040,,1,8,0.2977439649475558,0.29774396494755395,1.8318679906315083e-15,0,9.624625416723526e-06,748.7514942597213,highs_pfba
b2041,,1,4,0.2977439649475558,0.29774396494755395,1.8318679906315083e-15,0,9.606991221185341e-06,748.7514942597227,highs_pfba
b3788,,1,4,0.2977439649475558,0.29774396494755395,1.8318679906315083e-15,0,9.606991221185341e-06,748.7514942597227,highs_pfba
b0915,,1,421,0.2977439649475558,-0.0,0.2977439649475558,1,2567.894074963453,532.1052631578947,highs_pfba
b2095,,1,0,0.2977439649475558,0.2977439649475558,0.0,0,0.0,748.7514942597224,highs_pfba
b3137,,1,0,0.2977439649475558,0.2977439649475558,0.0,0,0.0,748.7514942597224,highs_pfba
b2096,,1,0,0.2977439649475558,0.2977439649475558,0.0,0,0.0,748.7514942597224,highs_pfba
b3132,,1,0,0.2977439649475558,0.2977439649475558,0.0,0,0.0,748.7514942597224,highs_pfba
b0166,,1,421,0.2977439649475558,-0.0,0.2977439649475558,1,2567.8940749634526,532.1052631578947,highs_pfba
b2480,,1,8,0.2977439649475558,0.2977439649475558,0.0,0,9.624625416727538e-06,748.7514942597222,highs_pfba
b0066,,1,0,0.2977439649475558,0.2977439649475558,0.0,0,0.0,748.7514942597214,highs_pfba
b0067,,1,0,0.2977439649475558,0.2977439649475558,0.0,0,0.0,748.7514942597214,highs_pfba
b0068,,1,0,0.2977439649475558,0.2977439649475558,0.0,0,0.0,748.7514942597214,highs_pfba
b3616,,1,8,0.2977439649475558,0.2977439649475558,0.0,0,9.624625416730545e-06,748.7514942597237,highs_pfba
b3772,,1,421,0.2977439649475558,-0.0,0.2977439649475558,1,2567.894074963453,532.1052631578947,highs_pfba
b3117,,1,421,0.2977439649475558,-0.0,0.2977439649475558,1,2567.894074963453,532.1052631578947,highs_pfba
b1719,,1,0,0.2977439649475558,0.2977439649475558,0.0,0,0.0,748.7514942597214,highs_pfba
b3823,,1,8,0.2977439649475558,0.2977439649475558,0.0,0,9.624625416727914e-06,748.7514942597223,highs_pfba
b3992,,1,421,0.2977439649475558,-0.0,0.2977439649475558,1,2567.894074963452,532.1052631578948,highs_pfba
b3990,,1,421,0.2977439649475558,-0.0,0.2977439649475558,1,2567.894074963452,532.1052631578948,highs_pfba
b0423,,1,421,0.2977439649475558,-0.0,0.2977439649475558,1,2567.894074963452,532.1052631578948,highs_pfba
b4407,,1,421,0.2977439649475558,-0.0,0.2977439649475558,1,2567.894074963452,532.1052631578948,highs_pfba
b2935,,2,421,0.2977439649475558,-0.0,0.2977439649475558,1,2567.894074963455,532.1052631578946,highs_pfba
b2465,,2,421,0.2977439649475558,-0.0,0.2977439649475558,1,2567.894074963455,532.1052631578946,highs_pfba
b0997,,2,4,0.2977439649475558,0.2977439649475558,0.0,0,1.7634195539188785e-08,748.7514942597213,highs_pfba
b0996,,2,4,0.2977439649475558,0.2977439649475558,0.0,0,1.7634195539188785e-08,748.7514942597213,highs_pfba
b2827,,1,421,0.2977439649475558,-0.0,0.2977439649475558,1,2567.8940749634485,532.1052631578947,highs_pfba
b1106,,1,0,0.2977439649475558,0.2977439649475558,0.0,0,0.0,748.7514942597214,highs_pfba
b0417,,1,421,0.2977439649475558,-0.0,0.2977439649475558,1,2567.894074963452,532.1052631578948,highs_pfba
b3993,,1,421,0.2977439649475558,-0.0,0.2977439649475558,1,2567.894074963452,532.1052631578948,highs_pfba
b3919,,1,436,0.2977439649475558,0.2013932342829884,0.0963507306645674,0,1081.502273093582,710.1109112987572,highs_pfba
b0613,,1,0,0.2977439649475558,0.2977439649475558,0.0,0,0.0,748.7514942597214,highs_pfba
b0888,,1,13,0.2977439649475558,0.2977439649475512,4.6074255521944e-15,0,0.027243590008683018,748.8252966517981,highs_pfba
b4239,,1,8,0.2977439649475558,0.2977439649475558,0.0,0,9.624625416730516e-06,748.7514942597237,highs_pfba
b1897,,1,8,0.2977439649475558,0.2977439649475558,0.0,0,9.624625416726328e-06,748.7514942597218,highs_pfba
b1896,,1,8,0.2977439649475558,0.2977439649475512,4.6074255521944e-15,0,9.624625416715091e-06,748.7514942597189,highs_pfba
b3519,,1,8,0.2977439649475558,0.2977439649475558,0.0,0,9.624625416730516e-06,748.7514942597236,highs_pfba
b1197,,1,0,0.2977439649475558,0.2977439649475558,0.0,0,0.0,748.7514942597214,highs_pfba
b4240,,1,4,0.2977439649475558,0.2977439649475558,0.0,0,1.763419554496807e-08,748.7514942597236,highs_pfba
b1260,,3,421,0.2977439649475558,-0.0,0.2977439649475558,1,2567.894074963451,532.1052631578947,highs_pfba
b1261,,3,421,0.2977439649475558,-0.0,0.2977439649475558,1,2567.894074963451,532.1052631578947,highs_pfba
b3384,,1,0,0.2977439649475558,0.2977439649475558,0.0,0,0.0,748.7514942597214,highs_pfba
b3709,,1,8,0.2977439649475558,0.2977439649475558,0.0,0,9.624625416724087e-06,748.7514942597212,highs_pfba
b0509,,1,8,0.2977439649475558,0.2977439649475512,4.6074255521944e-15,0,9.624625416720223e-06,748.7514942597214,highs_pfba
b3125,,1,8,0.2977439649475558,0.2977439649475512,4.6074255521944e-15,0,9.624625416720223e-06,748.7514942597214,highs_pfba
b3991,,1,421,0.2977439649475558,-0.0,0.2977439649475558,1,2567.894074963452,532.1052631578948,highs_pfba
b1637,,1,0,0.2977439649475558,0.2977439649475558,0.0,0,0.0,748.7514942597214,highs_pfba
b1907,,1,0,0.2977439649475558,0.2977439649475558,0.0,0,0.0,748.7514942597235,highs_pfba
b0179,,1,421,0.2977439649475558,-0.0,0.2977439649475558,1,2567.8940749634526,532.1052631578947,highs_pfba
b0085,,1,421,0.2977439649475558,-0.0,0.2977439649475558,1,2567.8940749634517,532.1052631578947,highs_pfba
b3787,,1,8,0.2977439649475558,0.29774396494755456,1.2212453270876722e-15,0,9.624625416726703e-06,748.7514942597222,highs_pfba
b3786,,1,8,0.2977439649475558,0.29774396494755456,1.2212453270876722e-15,0,9.624625416726703e-06,748.7514942597222,highs_pfba
b0181,,1,421,0.2977439649475558,-0.0,0.2977439649475558,1,2567.894074963453,532.1052631578947,highs_pfba
b3189,,1,421,0.2977439649475558,-0.0,0.2977439649475558,1,2567.8940749634576,532.1052631578946,highs_pfba
b0090,,1,421,0.2977439649475558,-0.0,0.2977439649475558,1,2567.8940749634526,532.1052631578947,highs_pfba
b0088,,1,421,0.2977439649475558,-0.0,0.2977439649475558,1,2567.894074963451,532.1052631578947,highs_pfba
b0091,,1,421,0.2977439649475558,-0.0,0.2977439649475558,1,2567.894074963451,532.1052631578947,highs_pfba
b3972,,1,421,0.2977439649475558,-0.0,0.2977439649475558,1,2567.8940749634576,532.1052631578946,highs_pfba
b0841,,2,421,0.2977439649475558,-0.0,0.2977439649475558,1,2567.894074963452,532.1052631578947,highs_pfba
b3057,,2,421,0.2977439649475558,-0.0,0.2977439649475558,1,2567.894074963452,532.1052631578947,highs_pfba
b0174,,1,421,0.2977439649475558,-0.0,0.2977439649475558,1,2567.894074963452,532.1052631578948,highs_pfba
b0759,,1,4,0.2977439649475558,0.2977439649475558,0.0,0,9.6069912211854e-06,748.7514942597221,highs_pfba
b2036,,1,0,0.2977439649475558,0.2977439649475558,0.0,0,0.0,748.7514942597214,highs_pfba
b2028,,1,8,0.2977439649475558,0.2977439649475558,0.0,0,9.62462541672683e-06,748.7514942597219,highs_pfba
b2255,,2,8,0.2977439649475558,0.2977439649475558,0.0,0,9.62462541672804e-06,748.7514942597227,highs_pfba
b2253,,1,8,0.2977439649475558,0.2977439649475558,0.0,0,9.62462541672804e-06,748.7514942597227,highs_pfba
b0758,,1,4,0.2977439649475558,0.2977439649475558,0.0,0,9.6069912211854e-06,748.7514942597221,highs_pfba
b0505,,1,8,0.2977439649475558,0.2977439649475558,0.0,0,9.62462541672102e-06,748.751494259719,highs_pfba
b0086,,1,421,0.2977439649475558,-0.0,0.2977439649475558,1,2567.8940749634526,532.1052631578947,highs_pfba
b0096,,1,421,0.2977439649475558,-0.0,0.2977439649475558,1,2567.894074963453,532.1052631578947,highs_pfba
b2258,,1,8,0.2977439649475558,0.2977439649475558,0.0,0,9.62462541672804e-06,748.7514942597227,highs_pfba
b4544,,1,8,0.2977439649475558,0.2977439649475558,0.0,0,9.62462541672804e-06,748.7514942597227,highs_pfba
b4233,,2,4,0.2977439649475558,0.29774396494755456,1.2212453270876722e-15,0,1.763419553756638e-08,748.7514942597206,highs_pfba
b0171,,1,421,0.2977439649475558,-0.0,0.2977439649475558,1,2567.894074963453,532.1052631578947,highs_pfba
b2256,,1,8,0.2977439649475558,0.2977439649475558,0.0,0,9.62462541672804e-06,748.7514942597227,highs_pfba
b2254,,1,8,0.2977439649475558,0.2977439649475558,0.0,0,9.62462541672804e-06,748.7514942597227,highs_pfba
b3803,,1,421,0.2977439649475558,-0.0,0.2977439649475558,1,2567.8940749634507,532.1052631578948,highs_pfba
b3804,,1,421,0.2977439649475558,-0.0,0.2977439649475558,1,2567.8940749634507,532.1052631578948,highs_pfba
b3997,,1,421,0.2977439649475558,-0.0,0.2977439649475558,1,2567.894074963452,532.1052631578948,highs_pfba
b2498,,1,8,0.2977439649475558,0.2977439649475558,0.0,0,9.624625416730723e-06,748.7514942597238,highs_pfba
b1011,,1,4,0.2977439649475558,0.2977439649475558,0.0,0,1.763419554750388e-08,748.7514942597252,highs_pfba
b2497,,1,0,0.2977439649475558,0.2977439649475558,0.0,0,0.0,748.7514942597214,highs_pfba
b1006,,1,4,0.2977439649475558,0.2977439649475558,0.0,0,1.763419553854009e-08,748.7514942597215,highs_pfba
b0517,,1,8,0.2977439649475558,0.2977439649475558,0.0,0,9.62462541672102e-06,748.751494259719,highs_pfba
b0524,,1,421,0.2977439649475558,-0.0,0.2977439649475558,1,2567.894074963453,532.1052631578947,highs_pfba
b4258,,1,0,0.2977439649475558,0.2977439649475558,0.0,0,0.0,748.7514942597214,highs_pfba
b2682,,1,0,0.2977439649475558,0.29774396494755573,5.551115123125783e-17,0,0.0,748.7514942597212,highs_pfba
b2683,,1,0,0.2977439649475558,0.29774396494755573,5.551115123125783e-17,0,0.0,748.7514942597212,highs_pfba
b3572,,1,8,0.2977439649475558,0.2977439649475569,-1.1102230246251565e-15,0,9.62462541673064e-06,748.7514942597232,highs_pfba
b4197,,1,0,0.2977439649475558,0.2977439649475558,0.0,0,0.0,748.7514942597227,highs_pfba
b2882,,1,0,0.2977439649475558,0.2977439649475558,0.0,0,0.0,748.7514942597214,highs_pfba
b3565,,2,8,0.2977439649475558,0.29774396494755395,1.8318679906315083e-15,0,9.624625416721492e-06,748.7514942597206,highs_pfba
b3579,,1,0,0.2977439649475558,0.2977439649475558,0.0,0,0.0,748.7514942597214,highs_pfba
b3577,,1,0,0.2977439649475558,0.2977439649475558,0.0,0,0.0,748.7514942597214,highs_pfba
b3578,,1,0,0.2977439649475558,0.2977439649475558,0.0,0,0.0,748.7514942597214,highs_pfba
b3567,,1,0,0.2977439649475558,0.2977439649475558,0.0,0,0.0,748.7514942597214,highs_pfba
b3568,,1,0,0.2977439649475558,0.2977439649475558,0.0,0,0.0,748.7514942597214,highs_pfba
b3566,,1,0,0.2977439649475558,0.2977439649475558,0.0,0,0.0,748.7514942597214,highs_pfba
b4031,,1,0,0.2977439649475558,0.2977439649475558,0.0,0,0.0,748.7514942597214,highs_pfba
b1857,,1,8,0.2977439649475558,0.2977439649475558,0.0,0,9.624625416726328e-06,748.7514942597218,highs_pfba
b1859,,1,8,0.2977439649475558,0.2977439649475558,0.0,0,9.624625416726328e-06,748.7514942597218,highs_pfba
b1858,,1,8,0.2977439649475558,0.2977439649475558,0.0,0,9.624625416726328e-06,748.7514942597218,highs_pfba
