gene_id,n_gpr_rxns,n_changed,b_wt,b_ko,delta_b,y_essential,kV,gene_id_str,bnum,keio_call,gene_name_keio,COG_id,PEC,MG_Tn5,Score
b1377,270,438,0.9823718127269576,0.0,0.9823718127269576,1,16116.43569571625,b1377,b1377,N,ompN,COG3203,,,
b2215,271,438,0.9823718127269576,0.0,0.9823718127269576,1,16116.43569571625,b2215,b2215,N,ompC,COG3203,,,
b0929,271,438,0.9823718127269576,0.0,0.9823718127269576,1,16116.43569571625,b0929,b0929,N,ompF,COG3203,,,
b0241,270,438,0.9823718127269576,0.0,0.9823718127269576,1,16116.43569571625,b0241,b0241,N,phoE,COG3203,,,
b4034,6,10,0.9823718127269576,0.982371812726983,-2.55351295663786e-14,0,207.32531974901136,b4034,b4034,N,malE,COG2182,,,
b4033,6,10,0.9823718127269576,0.9823718127269886,-3.108624468950438e-14,0,207.32531974901136,b4033,b4033,N,malF,COG1175,,,
b4032,6,10,0.9823718127269576,0.9823718127269886,-3.108624468950438e-14,0,207.32531974901136,b4032,b4032,N,malG,COG3833,,,
b4035,6,10,0.9823718127269576,0.9823718127269886,-3.108624468950438e-14,0,207.32531974901136,b4035,b4035,N,malK,COG3839,,,
b4036,7,8,0.9823718127269576,0.9823718127269886,-3.108624468950438e-14,0,7.325319749011384,b4036,b4036,N,lamB,COG4580,,,
b4213,8,8,0.9823718127269576,0.9823718127269886,-3.108624468950438e-14,0,7.325319749011384,b4213,b4213,N,cpdB,COG0737,,,
b2835,21,8,0.9823718127269576,0.9823718127269886,-3.108624468950438e-14,0,7.325319749011384,b2835,b2835,N,ygeD,COG0477,,,
b2836,23,453,0.9823718127269576,0.9720365831108414,0.0103352296161161,0,55.53622363049324,b2836,b2836,N,aas,COG0204,,,
b3553,10,8,0.9823718127269576,0.98237181272698,-2.242650509742816e-14,0,7.325319749011354,b3553,b3553,N,tiaE,COG1052,,,
b1134,2,8,0.9823718127269576,0.9823718127269804,-2.2759572004815712e-14,0,7.325319749011333,b1134,b1134,N,ymfB,COG0494,,,
b0446,2,8,0.9823718127269576,0.9823718127269804,-2.2759572004815712e-14,0,7.325319749011333,b0446,b0446,N,cof,COG0561,,,
b1009,1,8,0.9823718127269576,0.9823718127269804,-2.2759572004815712e-14,0,7.325319749011333,b1009,b1009,N,rarA,COG0596,,,
b0954,13,8,0.9823718127269576,0.9823718127269804,-2.2759572004815712e-14,0,7.325319749011333,b0954,b0954,E,fabA,COG0764,E,u,3
b0180,14,442,0.9823718127269576,1.0993846592890865e-15,0.9823718127269564,1,6427.156981768971,b0180,b0180,E,fabZ,COG0764,E,u,3
b0347,2,8,0.9823718127269576,0.9823718127269796,-2.19824158875781e-14,0,7.325319749011395,b0347,b0347,N,mhpA,COG0654,,,
b3580,2,8,0.9823718127269576,0.9823718127269898,-3.230749001659205e-14,0,7.325319749011427,b3580,b3580,N,lyxK,COG1070,,,
b1093,14,449,0.9823718127269576,-4.845435633478782e-16,0.982371812726958,1,4542.121666821642,b1093,b1093,E,fabG,COG1028,E,u,3
b2323,13,449,0.9823718127269576,-3.317309166909023e-16,0.9823718127269578,1,4542.12166682164,b2323,b2323,E,fabB,COG0304,E,u,3
b1095,9,449,0.9823718127269576,0.0,0.9823718127269576,1,4542.121666821657,b1095,b1095,N,fabF,COG0304,,,
b1397,2,8,0.9823718127269576,0.982371812726979,-2.153832667772804e-14,0,7.325319749011211,b1397,b1397,N,paaJ,COG0183,,,
b1245,2,8,0.9823718127269576,0.9823718127269742,-1.6653345369377348e-14,0,7.325319749011313,b1245,b1245,N,oppC,COG1173,,,
b1244,2,8,0.9823718127269576,0.9823718127269742,-1.6653345369377348e-14,0,7.325319749011313,b1244,b1244,N,oppB,COG0601,,,
b1329,1,8,0.9823718127269576,0.9823718127269742,-1.6653345369377348e-14,0,7.325319749011313,b1329,b1329,N,mppA,COG4166,,,
b1247,2,8,0.9823718127269576,0.9823718127269742,-1.6653345369377348e-14,0,7.325319749011313,b1247,b1247,N,oppF,COG4608,,,
b1386,3,8,0.9823718127269576,0.9823718127269742,-1.6653345369377348e-14,0,7.325319749011313,b1386,b1386,N,tynA,COG3733,,,
b0004,2,442,0.9823718127269576,1.3734935574713578e-15,0.9823718127269562,1,6427.156981769007,b0004,b0004,N,thrC,COG0498,,,
b1192,4,8,0.9823718127269576,0.9823718127269772,-1.965094753586527e-14,0,7.3253197490113084,b1192,b1192,N,ldcA,COG1619,,,
b1243,1,8,0.9823718127269576,0.9823718127269812,-2.3647750424515834e-14,0,7.325319749011375,b1243,b1243,N,oppA,COG4166,,,
b4266,1,8,0.9823718127269576,0.9823718127269812,-2.3647750424515834e-14,0,7.325319749011375,b4266,b4266,N,idnO,COG1028,,,
b4265,3,8,0.9823718127269576,0.9823718127269812,-2.3647750424515834e-14,0,7.325319749011375,b4265,b4265,N,idnT,COG2610,,,
b0159,3,436,0.9823718127269576,1.15565959917787e-15,0.9823718127269564,1,6060.355243842299,b0159,b0159,N,pfs,COG0775,,,
b3197,1,448,0.9823718127269576,9.84917258097253e-15,0.9823718127269476,1,2294.7648846843026,b3197,b3197,N,kdsD,COG0794,,,
b2708,1,448,0.9823718127269576,0.0,0.9823718127269576,1,2294.7648846843485,b2708,b2708,N,gutQ,COG0794,,,
b1094,26,448,0.9823718127269576,0.0,0.9823718127269576,1,2294.7648846843485,b1094,b1094,E,acpP,COG0236,E,u,2.5
b1927,1,8,0.9823718127269576,0.9823718127269756,-1.7985612998927536e-14,0,7.325319749011334,b1927,b1927,N,amyA,COG0366,,,
b3571,1,8,0.9823718127269576,0.9823718127269756,-1.7985612998927536e-14,0,7.325319749011334,b3571,b3571,N,malS,COG0366,,,
b2901,1,8,0.9823718127269576,0.9823718127269756,-1.7985612998927536e-14,0,7.325319749011334,b2901,b2901,N,bglA,COG2723,,,
b1302,1,8,0.9823718127269576,0.9823718127269756,-1.7985612998927536e-14,0,7.325319749011334,b1302,b1302,N,puuE,COG0160,,,
b2662,1,8,0.9823718127269576,0.9823718127269756,-1.7985612998927536e-14,0,7.325319749011334,b2662,b2662,N,gabT,COG0160,,,
b1444,1,8,0.9823718127269576,0.9823718127269756,-1.7985612998927536e-14,0,7.325319749011334,b1444,b1444,N,ydcW,COG1012,,,
b2663,1,8,0.9823718127269576,0.9823718127269756,-1.7985612998927536e-14,0,7.325319749011334,b2663,b2663,N,gabP,COG1113,,,
b2222,3,8,0.9823718127269576,0.9823718127269756,-1.7985612998927536e-14,0,7.325319749011334,b2222,b2222,N,atoA,COG2057,,,
b2221,3,8,0.9823718127269576,0.9823718127269756,-1.7985612998927536e-14,0,7.325319749011334,b2221,b2221,N,atoD,COG1788,,,
b2224,1,453,0.9823718127269576,0.972036583110828,0.0103352296161296,0,55.5362236304923,b2224,b2224,N,atoB,COG0183,,,
b2342,8,453,0.9823718127269576,0.9720365831108332,0.0103352296161244,0,55.53622363049132,b2342,b2342,N,yfcY,COG0183,,,
b2223,3,8,0.9823718127269576,0.9823718127269888,-3.11972669919669e-14,0,7.325319749011379,b2223,b2223,N,atoE,COG2031,,,
b1241,2,8,0.9823718127269576,0.9823718127269568,6.661338147750939e-16,0,7.325319749011216,b1241,b1241,N,adhE,COG1012,,,
b0351,1,8,0.9823718127269576,0.9823718127269568,6.661338147750939e-16,0,7.325319749011216,b0351,b0351,N,mhpF,COG0119,,,
b1463,1,4,0.9823718127269576,0.982371812726986,-2.8643754035329045e-14,0,1.9196475663799805e-07,b1463,b1463,N,nhoA,COG2162,,,
b1993,2,4,0.9823718127269576,0.9823718127269776,-2.009503674571533e-14,0,1.919647566707296e-07,b1993,b1993,N,cobU,COG2087,,,
b2316,1,448,0.9823718127269576,-1.0868281842647202e-15,0.9823718127269586,1,4471.82823455367,b2316,b2316,E,accD,COG0777,E,u,2
b3255,1,448,0.9823718127269576,0.0,0.9823718127269576,1,4471.8282345537,b3255,b3255,E,accB,COG0511,E,u,2.5
b0185,1,448,0.9823718127269576,0.0,0.9823718127269576,1,4471.8282345537,b0185,b0185,E,accA,COG0825,E,u,3
b3256,1,448,0.9823718127269576,0.0,0.9823718127269576,1,4471.8282345537,b3256,b3256,E,accC,COG0439,E,u,2.5
b4069,2,12,0.9823718127269576,0.9823718127269988,-4.1411318818518345e-14,0,2.620275661432798,b4069,b4069,N,acs,COG0365,,,
b1119,1,12,0.9823718127269576,0.9823718127269864,-2.886579864025407e-14,0,2.620275661434037,b1119,b1119,N,ycfX,COG1940,,,
b3784,1,12,0.9823718127269576,0.9823718127269864,-2.886579864025407e-14,0,2.620275661434037,b3784,b3784,N,rfe,COG0472,,,
b2415,18,418,0.9823718127269576,0.9720026781193548,0.0103691346076026,0,434.2625694412876,b2415,b2415,N,ptsH,COG1925,,,
b0679,1,12,0.9823718127269576,0.9823718127269896,-3.219646771412954e-14,0,2.620275661434161,b0679,b0679,N,nagE,COG1263,,,
b1101,2,418,0.9823718127269576,0.9720026781193573,0.0103691346076003,0,434.2625694412876,b1101,b1101,N,ptsG,COG1263,,,
b2417,6,418,0.9823718127269576,0.97200267811936,0.0103691346075973,0,434.2625694412885,b2417,b2417,N,crr,COG2190,,,
b2416,19,418,0.9823718127269576,0.97200267811936,0.0103691346075973,0,434.2625694412885,b2416,b2416,N,ptsI,COG1080,,,
b3959,1,443,0.9823718127269576,3.9571471317105687e-16,0.9823718127269572,1,6761.729723799755,b3959,b3959,N,argB,COG0548,,,
b2818,1,443,0.9823718127269576,0.0,0.9823718127269576,1,6761.729723799782,b2818,b2818,N,argA,COG0548,,,
b0078,2,443,0.9823718127269576,-2.839444777958404e-15,0.9823718127269604,1,6761.729723799804,b0078,b0078,N,ilvH,COG0440,,,
b3670,2,443,0.9823718127269576,0.0,0.9823718127269576,1,6761.729723799782,b3670,b3670,N,ilvN,COG0440,,,
b3671,2,443,0.9823718127269576,0.0,0.9823718127269576,1,6761.729723799782,b3671,b3671,N,ilvB,COG0028,,,
b3115,2,4,0.9823718127269576,0.9823718127269788,-2.131628207280301e-14,0,1.9196475666139093e-07,b3115,b3115,N,tdcD,COG0282,,,
b1849,2,7,0.9823718127269576,0.982371812726982,-2.4535928844215963e-14,0,1.7612766430363094e-05,b1849,b1849,N,purT,COG0027,,,
b2296,1,7,0.9823718127269576,0.9823718127269748,-1.7319479184152442e-14,0,1.7612766430533768e-05,b2296,b2296,N,ackA,COG0282,,,
b2428,1,7,0.9823718127269576,0.9823718127269748,-1.7319479184152442e-14,0,1.7612766430533768e-05,b2428,b2428,N,yfeU,COG2103,,,
b3794,1,7,0.9823718127269576,0.9823718127269748,-1.7319479184152442e-14,0,1.7612766430533768e-05,b3794,b3794,N,rffM,COG1922,,,
b1818,5,416,0.9823718127269576,0.9720026781193442,0.0103691346076133,0,603.6849756733004,b1818,b1818,N,manY,COG3715,,,
b1817,5,416,0.9823718127269576,0.9720026781193424,0.0103691346076151,0,603.6849756733,b1817,b1817,N,manX,COG2893,,,
b2429,2,7,0.9823718127269576,0.982371812726974,-1.6431300764452317e-14,0,1.7612766430581283e-05,b2429,b2429,N,murP,COG1263,,,
b3225,1,7,0.9823718127269576,0.9823718127269748,-1.7319479184152442e-14,0,1.7612766430533768e-05,b3225,b3225,N,nanA,COG0329,,,
b0221,8,451,0.9823718127269576,0.9720365831108274,0.01033522961613,0,41.444660945664445,b0221,b0221,N,fadE,COG1960,,,
b1091,3,486,0.9823718127269576,-4.525453894013642e-16,0.982371812726958,1,5457.359978526321,b1091,b1091,N,fabH,COG0332,,,
b3957,2,486,0.9823718127269576,0.0,0.9823718127269576,1,5457.359978527025,b3957,b3957,N,argE,COG0624,,,
b3200,9,451,0.9823718127269576,-3.8685152166850486e-30,0.9823718127269576,1,4429.102430026585,b3200,b3200,E,yhbN,COG1934,u,u,1.5
b4261,9,451,0.9823718127269576,0.0,0.9823718127269576,1,4429.102430027073,b4261,b4261,E,yjgP,COG0795,u,u,2
b3201,9,451,0.9823718127269576,0.0,0.9823718127269576,1,4429.102430027073,b3201,b3201,N,yhbG,COG1137,,,
b3199,9,451,0.9823718127269576,0.0,0.9823718127269576,1,4429.102430027073,b3199,b3199,E,yrbK,COG3117,E,u,2.5
b1519,1,7,0.9823718127269576,0.9823718127269744,-1.6986412276764895e-14,0,1.7612766430229137e-05,b1519,b1519,N,tam,COG4106,,,
b1276,2,436,0.9823718127269576,-2.3389147472644374e-15,0.9823718127269598,1,6060.355243842241,b1276,b1276,N,acnA,COG1048,,,
b0118,3,436,0.9823718127269576,0.0,0.9823718127269576,1,6060.355243842234,b0118,b0118,N,acnB,COG1049,,,
b1748,2,436,0.9823718127269576,0.0,0.9823718127269576,1,6060.355243842234,b1748,b1748,N,astC,COG4992,,,
b3359,2,436,0.9823718127269576,0.0,0.9823718127269576,1,6060.355243842274,b3359,b3359,N,argD,COG4992,,,
b1090,7,7,0.9823718127269576,0.9823718127269826,-2.5091040356528535e-14,0,1.7612766430356995e-05,b1090,b1090,N,plsX,COG0416,,,
b3475,1,7,0.9823718127269576,0.9823718127269802,-2.2648549702353197e-14,0,1.7612766430402857e-05,b3475,b3475,N,acpT,COG2091,,,
b2563,1,7,0.9823718127269576,0.9823718127269802,-2.2648549702353197e-14,0,1.7612766430402857e-05,b2563,b2563,E,acpS,COG0736,E,u,3
b2578,2,7,0.9823718127269576,0.9823718127269802,-2.2648549702353197e-14,0,1.7612766430402857e-05,b2578,b2578,N,yfiK,COG1280,,,
b4067,2,7,0.9823718127269576,0.9823718127269802,-2.2648549702353197e-14,0,1.7612766430402857e-05,b4067,b4067,N,actP,COG4147,,,
b1623,2,7,0.9823718127269576,0.9823718127269802,-2.2648549702353197e-14,0,1.7612766430402857e-05,b1623,b1623,N,add,COG1816,,,
b1096,1,436,0.9823718127269576,-1.6244993518279647e-16,0.9823718127269576,1,6060.355243842179,b1096,b1096,N,pabC,COG0115,,,
b1812,2,436,0.9823718127269576,0.0,0.9823718127269576,1,6060.355243842239,b1812,b1812,N,pabB,COG0147,,,
b3360,1,436,0.9823718127269576,0.0,0.9823718127269576,1,6060.355243842239,b3360,b3360,N,pabA,COG0512,,,
b3665,1,7,0.9823718127269576,0.9823718127269728,-1.5432100042289676e-14,0,1.7612766430644106e-05,b3665,b3665,N,ade,COG1001,,,
b3654,3,7,0.9823718127269576,0.9823718127269752,-1.7652546091539992e-14,0,1.7612766430534984e-05,b3654,b3654,N,yicE,COG2233,,,
b3714,1,7,0.9823718127269576,0.9823718127269752,-1.7652546091539992e-14,0,1.7612766430534984e-05,b3714,b3714,N,yieG,COG2252,,,
b0474,13,442,0.9823718127269576,-1.7424712253592894e-14,0.9823718127269748,1,4228.213787698372,b0474,b0474,E,adk,COG0563,E,u,3
b0120,1,10,0.9823718127269576,0.9823718127269888,-3.11972669919669e-14,0,2.814571443515055e-06,b0120,b0120,N,speD,COG1586,,,
b3806,1,10,0.9823718127269576,0.9823718127269764,-1.887379141862766e-14,0,2.8145714437032525e-06,b3806,b3806,N,cyaA,COG3072,,,
b0030,5,10,0.9823718127269576,0.9823718127269764,-1.887379141862766e-14,0,2.8145714437032525e-06,b0030,b0030,N,rihC,COG1957,,,
b2393,7,10,0.9823718127269576,0.9823718127269764,-1.887379141862766e-14,0,2.8145714437032525e-06,b2393,b2393,N,nupC,COG1972,,,
b2406,6,10,0.9823718127269576,0.9823718127269764,-1.887379141862766e-14,0,2.8145714437032525e-06,b2406,b2406,N,xapB,COG0477,,,
b0411,7,10,0.9823718127269576,0.9823718127269764,-1.887379141862766e-14,0,2.8145714437032525e-06,b0411,b0411,N,tsx,COG3248,,,
b1992,1,10,0.9823718127269576,0.9823718127269764,-1.887379141862766e-14,0,2.8145714437032525e-06,b1992,b1992,N,cobS,COG0368,,,
b1709,3,10,0.9823718127269576,0.9823718127269764,-1.887379141862766e-14,0,2.8145714437032525e-06,b1709,b1709,N,btuD,COG4138,,,
b0158,3,10,0.9823718127269576,0.9823718127269764,-1.887379141862766e-14,0,2.8145714437032525e-06,b0158,b0158,N,btuF,COG0614,,,
b1711,3,10,0.9823718127269576,0.9823718127269764,-1.887379141862766e-14,0,2.8145714437032525e-06,b1711,b1711,N,btuC,COG4139,,,
b3966,3,10,0.9823718127269576,0.9823718127269764,-1.887379141862766e-14,0,2.8145714437032525e-06,b3966,b3966,N,btuB,COG4206,,,
b3005,10,10,0.9823718127269576,0.9823718127269764,-1.887379141862766e-14,0,2.8145714437032525e-06,b3005,b3005,N,exbD,COG0848,,,
b3006,10,10,0.9823718127269576,0.9823718127269764,-1.887379141862766e-14,0,2.8145714437032525e-06,b3006,b3006,N,exbB,COG0811,,,
b1252,10,10,0.9823718127269576,0.9823718127269764,-1.887379141862766e-14,0,2.8145714437032525e-06,b1252,b1252,N,tonB,COG0810,,,
b3397,1,10,0.9823718127269576,0.9823718127269764,-1.887379141862766e-14,0,2.8145714437032525e-06,b3397,b3397,N,nudE,COG0494,,,
b3034,1,10,0.9823718127269576,0.9823718127269764,-1.887379141862766e-14,0,2.8145714437032525e-06,b3034,b3034,N,nudF,COG0494,,,
b0469,1,4,0.9823718127269576,0.9823718127269764,-1.887379141862766e-14,0,1.919647566734779e-07,b0469,b0469,N,apt,COG0503,,,
b2750,1,436,0.9823718127269576,-7.063584573756516e-15,0.9823718127269646,1,6060.355243842139,b2750,b2750,N,cysC,COG0529,,,
b1131,2,436,0.9823718127269576,-4.1661684944416206e-14,0.9823718127269992,1,6060.355243842526,b1131,b1131,E,purB,COG0015,N,u,0
b4177,1,436,0.9823718127269576,2.8256256078802263e-14,0.9823718127269292,1,6060.355243842026,b4177,b4177,N,purA,COG0104,,,
b0677,1,4,0.9823718127269576,0.982371812726979,-2.153832667772804e-14,0,1.9196475666431145e-07,b0677,b0677,N,nagA,COG1820,,,
b0110,4,4,0.9823718127269576,0.9823718127269576,0.0,0,1.9196475673600763e-07,b0110,b0110,N,ampD,COG3023,,,
b2435,2,4,0.9823718127269576,0.9823718127269576,0.0,0,1.9196475673600763e-07,b2435,b2435,N,amiA,COG0860,,,
b4169,2,4,0.9823718127269576,0.9823718127269576,0.0,0,1.9196475673600763e-07,b4169,b4169,N,amiB,COG0860,,,
b1107,3,4,0.9823718127269576,0.9823718127269576,0.0,0,1.9196475673600763e-07,b1107,b1107,N,nagZ,COG1472,,,
b0433,3,4,0.9823718127269576,0.9823718127269576,0.0,0,1.9196475673600763e-07,b0433,b0433,N,ampG,COG0477,,,
b3619,1,4,0.9823718127269576,0.9823718127269576,0.0,0,1.9196475673600763e-07,b3619,b3619,N,rfaD,COG0451,,,
b2937,1,4,0.9823718127269576,0.9823718127269576,0.0,0,1.9196475673600763e-07,b2937,b2937,N,speB,COG0010,,,
b3018,7,436,0.9823718127269576,1.5335108658895002e-15,0.982371812726956,1,6060.355243842067,b3018,b3018,E,plsC,COG0204,E,u,3
b3958,1,436,0.9823718127269576,0.0,0.9823718127269576,1,6060.355243842265,b3958,b3958,N,argC,COG0002,,,
b0575,2,4,0.9823718127269576,0.9823718127269766,-1.9095836023552686e-14,0,1.91964756676286e-07,b0575,b0575,N,cusA,COG3696,,,
b0572,2,4,0.9823718127269576,0.982371812726967,-9.547918011776346e-15,0,1.919647567080722e-07,b0572,b0572,N,cusC,COG1538,,,
b0574,2,4,0.9823718127269576,0.982371812726967,-9.547918011776346e-15,0,1.919647567080722e-07,b0574,b0574,N,cusB,COG0845,,,
b4006,2,436,0.9823718127269576,-2.2818453602789243e-14,0.9823718127269804,1,6060.355243842366,b4006,b4006,N,purH,COG0138,,,
b0522,1,436,0.9823718127269576,-1.4123728937908902e-15,0.982371812726959,1,6060.355243842244,b0522,b0522,N,purK,COG0026,,,
b0523,1,436,0.9823718127269576,7.815359675938674e-15,0.9823718127269496,1,6060.355243842182,b0523,b0523,N,purE,COG0041,,,
b0727,1,410,0.9823718127269576,0.977722339631274,0.0046494730956836,0,97.2549595824836,b0727,b0727,N,sucB,COG0508,,,
b0116,3,417,0.9823718127269576,0.9539511626708428,0.0284206500561148,0,793.2259527974312,b0116,b0116,N,lpd,COG1249,,,
b0726,1,410,0.9823718127269576,0.9777223396312756,0.0046494730956818,0,97.25495958248342,b0726,b0726,N,sucA,COG0567,,,
b2587,1,4,0.9823718127269576,0.9823718127269636,-6.217248937900877e-15,0,1.9196475672671946e-07,b2587,b2587,N,kgtP,COG0477,,,
b1488,1,4,0.9823718127269576,0.9823718127269916,-3.397282455352979e-14,0,1.919647566158079e-07,b1488,b1488,N,ddpX,COG2173,,,
b3542,3,4,0.9823718127269576,0.9823718127269916,-3.397282455352979e-14,0,1.919647566158079e-07,b3542,b3542,N,dppC,COG1173,,,
b1486,1,4,0.9823718127269576,0.9823718127269916,-3.397282455352979e-14,0,1.919647566158079e-07,b1486,b1486,N,ddpB,COG0601,,,
b1485,1,4,0.9823718127269576,0.9823718127269916,-3.397282455352979e-14,0,1.919647566158079e-07,b1485,b1485,N,ddpC,COG1173,,,
b3543,3,4,0.9823718127269576,0.9823718127269916,-3.397282455352979e-14,0,1.919647566158079e-07,b3543,b3543,N,dppB,COG0601,,,
b3541,3,4,0.9823718127269576,0.9823718127269916,-3.397282455352979e-14,0,1.919647566158079e-07,b3541,b3541,N,dppD,COG0444,,,
b1484,1,4,0.9823718127269576,0.9823718127269916,-3.397282455352979e-14,0,1.919647566158079e-07,b1484,b1484,N,ddpD,COG0444,,,
b3540,3,4,0.9823718127269576,0.9823718127269916,-3.397282455352979e-14,0,1.919647566158079e-07,b3540,b3540,N,dppF,COG4608,,,
b3544,3,4,0.9823718127269576,0.9823718127269916,-3.397282455352979e-14,0,1.919647566158079e-07,b3544,b3544,N,dppA,COG0747,,,
b1483,1,4,0.9823718127269576,0.9823718127269916,-3.397282455352979e-14,0,1.919647566158079e-07,b1483,b1483,N,ddpF,COG1124,,,
b1487,1,4,0.9823718127269576,0.9823718127269916,-3.397282455352979e-14,0,1.919647566158079e-07,b1487,b1487,N,ddpA,COG0747,,,
b0092,1,436,0.9823718127269576,5.672510427483092e-16,0.982371812726957,1,6060.355243842387,b0092,b0092,N,ddlB,COG1181,,,
b0381,1,436,0.9823718127269576,0.0,0.9823718127269576,1,6060.355243842297,b0381,b0381,N,ddlA,COG1181,,,
b1190,1,436,0.9823718127269576,1.0942524102884077e-15,0.9823718127269564,1,6060.355243842379,b1190,b1190,N,dadX,COG0787,,,
b4053,1,436,0.9823718127269576,0.0,0.9823718127269576,1,6060.355243842241,b4053,b4053,N,alr,COG0787,,,
b2551,6,415,0.9823718127269576,0.9683593276136148,0.0140124851133427,0,41.267120724119735,b2551,b2551,N,glyA,COG0112,,,
b0870,4,4,0.9823718127269576,0.9823718127269728,-1.532107773982716e-14,0,1.9196475668033424e-07,b0870,b0870,N,ltaE,COG2008,,,
b2379,1,7,0.9823718127269576,0.9823718127269916,-3.397282455352979e-14,0,2.921383118384923,b2379,b2379,N,yfdZ,COG0436,,,
b2290,1,7,0.9823718127269576,0.9823718127269722,-1.4654943925052066e-14,0,2.9213831183848624,b2290,b2290,N,yfbQ,COG0436,,,
b2697,1,7,0.9823718127269576,0.9823718127269722,-1.4654943925052066e-14,0,2.9213831183848624,b2697,b2697,N,alaS,COG0013,,,
b3456,5,7,0.9823718127269576,0.9823718127269722,-1.4654943925052066e-14,0,2.9213831183848624,b3456,b3456,N,livM,COG4177,,,
b3457,5,7,0.9823718127269576,0.9823718127269722,-1.4654943925052066e-14,0,2.9213831183848624,b3457,b3457,N,livH,COG0559,,,
b3455,5,7,0.9823718127269576,0.9823718127269722,-1.4654943925052066e-14,0,2.9213831183848624,b3455,b3455,N,livG,COG0411,,,
b4208,5,317,0.9823718127269576,0.9817353444718218,0.0006364682551357,0,2.980304584275412,b4208,b4208,N,cycA,COG1113,,,
b0007,2,11,0.9823718127269576,0.9823718127269574,1.1102230246251563e-16,0,2.9214876994942047,b0007,b0007,N,yaaJ,COG1115,,,
b0356,3,11,0.9823718127269576,0.9823718127269676,-9.992007221626407e-15,0,2.9214876994942363,b0356,b0356,N,frmA,COG1062,,,
b1300,2,11,0.9823718127269576,0.9823718127269676,-9.992007221626407e-15,0,2.9214876994942363,b1300,b1300,N,puuC,COG1012,,,
b4084,1,11,0.9823718127269576,0.9823718127269676,-9.992007221626407e-15,0,2.9214876994942363,b4084,b4084,E,alsK,COG1940,N,u,0
b4090,2,440,0.9823718127269576,0.3344382452962239,0.6479335674307336,0,3941.1019293899976,b4090,b4090,N,rpiB,COG0698,,,
b0516,1,11,0.9823718127269576,0.9823718127269674,-9.880984919163892e-15,0,2.921487699494236,b0516,b0516,N,allC,COG0624,,,
b0512,1,11,0.9823718127269576,0.9823718127269676,-9.992007221626407e-15,0,2.9214876994942363,b0512,b0512,N,allB,COG0044,,,
b4085,1,11,0.9823718127269576,0.9823718127269676,-9.992007221626407e-15,0,2.9214876994942363,b4085,b4085,N,alsE,COG0036,,,
b4087,2,11,0.9823718127269576,0.9823718127269676,-9.992007221626407e-15,0,2.9214876994942363,b4087,b4087,N,alsA,COG1129,,,
b4086,2,11,0.9823718127269576,0.9823718127269676,-9.992007221626407e-15,0,2.9214876994942363,b4086,b4086,N,alsC,COG1172,,,
b4088,2,11,0.9823718127269576,0.9823718127269676,-9.992007221626407e-15,0,2.9214876994942363,b4088,b4088,N,alsB,COG1879,,,
b0657,2,11,0.9823718127269576,0.9823718127269676,-9.992007221626407e-15,0,2.9214876994942363,b0657,b0657,E,lnt,COG0815,E,u,2.5
b1677,2,11,0.9823718127269576,0.9823718127269676,-9.992007221626407e-15,0,2.9214876994942363,b1677,b1677,N,lpp,COG4238,,,
b1781,1,11,0.9823718127269576,0.9823718127269676,-9.992007221626407e-15,0,2.9214876994942363,b1781,b1781,N,yeaE,COG0656,,,
b3001,1,11,0.9823718127269576,0.9823718127269676,-9.992007221626407e-15,0,2.9214876994942363,b3001,b3001,N,yghZ,COG0667,,,
b0207,2,11,0.9823718127269576,0.9823718127269676,-9.992007221626407e-15,0,2.9214876994942363,b0207,b0207,N,dkgB,COG0656,,,
b3091,1,11,0.9823718127269576,0.9823718127269676,-9.992007221626407e-15,0,2.9214876994942363,b3091,b3091,N,uxaA,COG2721,,,
b3416,4,11,0.9823718127269576,0.9823718127269676,-9.992007221626407e-15,0,2.9214876994942363,b3416,b3416,N,malQ,COG1640,,,
b3223,1,11,0.9823718127269576,0.9823718127269676,-9.992007221626407e-15,0,2.9214876994942363,b3223,b3223,N,nanE,COG3010,,,
b0774,1,436,0.9823718127269576,1.2067393375050445e-15,0.9823718127269564,1,6060.355243842106,b0774,b0774,N,bioA,COG0161,,,
b3994,1,436,0.9823718127269576,9.237695310306617e-16,0.9823718127269566,1,6060.355243842185,b3994,b3994,N,thiC,COG0422,,,
b1982,1,11,0.9823718127269576,0.9823718127269652,-7.771561172376096e-15,0,2.9214876994942296,b1982,b1982,N,amn,COG0775,,,
b0932,2,11,0.9823718127269576,0.9823718127269826,-2.5091040356528535e-14,0,2.921487699494284,b0932,b0932,N,pepN,COG0308,,,
b0237,3,11,0.9823718127269576,0.9823718127269826,-2.5091040356528535e-14,0,2.921487699494284,b0237,b0237,N,pepD,COG2195,,,
b4260,2,11,0.9823718127269576,0.9823718127269826,-2.5091040356528535e-14,0,2.921487699494284,b4260,b4260,N,pepA,COG0260,,,
b1640,1,11,0.9823718127269576,0.9823718127269826,-2.5091040356528535e-14,0,2.921487699494284,b1640,b1640,N,ydhH,COG2377,,,
b1263,2,436,0.9823718127269576,-3.6088308931360576e-16,0.9823718127269578,1,6060.355243842183,b1263,b1263,N,trpD,COG0512,,,
b1264,1,436,0.9823718127269576,0.0,0.9823718127269576,1,6060.355243842249,b1264,b1264,N,trpE,COG0147,,,
b0776,1,436,0.9823718127269576,0.0,0.9823718127269576,1,6060.355243842249,b0776,b0776,N,bioF,COG0156,,,
b0049,3,11,0.9823718127269576,0.9823718127269616,-4.107825191113079e-15,0,2.921487699494218,b0049,b0049,N,apaH,COG0639,,,
b4129,2,11,0.9823718127269576,0.9823718127269826,-2.5091040356528535e-14,0,2.921487699494284,b4129,b4129,N,lysU,COG1190,,,
b0121,2,11,0.9823718127269576,0.9823718127269826,-2.5091040356528535e-14,0,2.921487699494284,b0121,b0121,N,speE,COG0421,,,
b3059,7,11,0.9823718127269576,0.9823718127269826,-2.5091040356528535e-14,0,2.921487699494284,b3059,b3059,N,ygiH,COG0344,,,
b0968,7,11,0.9823718127269576,0.9823718127269826,-2.5091040356528535e-14,0,2.921487699494284,b0968,b0968,N,yccX,COG1254,,,
b0414,2,436,0.9823718127269576,-1.738646477784992e-15,0.9823718127269592,1,6060.355243842186,b0414,b0414,E,ribD,COG0117,N,u,1
b0062,1,11,0.9823718127269576,0.9823718127269844,-2.6867397195928788e-14,0,2.921487699494289,b0062,b0062,u,araA,COG2160,,,
b0153,5,11,0.9823718127269576,0.9823718127269826,-2.5091040356528535e-14,0,2.921487699494284,b0153,b0153,N,fhuB,COG0609,,,
b0151,5,11,0.9823718127269576,0.9823718127269826,-2.5091040356528535e-14,0,2.921487699494284,b0151,b0151,N,fhuC,COG1120,,,
b0152,5,11,0.9823718127269576,0.9823718127269826,-2.5091040356528535e-14,0,2.921487699494284,b0152,b0152,N,fhuD,COG0614,,,
b2715,1,11,0.9823718127269576,0.9823718127269826,-2.5091040356528535e-14,0,2.921487699494284,b2715,b2715,N,ascF,COG1263,,,
b3722,1,11,0.9823718127269576,0.9823718127269826,-2.5091040356528535e-14,0,2.921487699494284,b3722,b3722,N,bglF,COG1263,,,
b1900,1,11,0.9823718127269576,0.9823718127269826,-2.5091040356528535e-14,0,2.921487699494284,b1900,b1900,N,araG,COG1129,,,
b1901,1,11,0.9823718127269576,0.9823718127269826,-2.5091040356528535e-14,0,2.921487699494284,b1901,b1901,N,araF,COG1879,,,
b2841,1,11,0.9823718127269576,0.9823718127269826,-2.5091040356528535e-14,0,2.921487699494284,b2841,b2841,N,araE,COG0477,,,
b1528,3,11,0.9823718127269576,0.9823718127269826,-2.5091040356528535e-14,0,2.921487699494284,b1528,b1528,N,ydeA,COG2814,,,
b4115,1,11,0.9823718127269576,0.9823718127269826,-2.5091040356528535e-14,0,2.921487699494284,b4115,b4115,N,adiC,COG0531,,,
b4117,1,11,0.9823718127269576,0.9823718127269826,-2.5091040356528535e-14,0,2.921487699494284,b4117,b4117,N,adiA,COG1982,,,
b2938,1,11,0.9823718127269576,0.9823718127269826,-2.5091040356528535e-14,0,2.921487699494284,b2938,b2938,N,speA,COG1166,,,
b1605,1,11,0.9823718127269576,0.9823718127269826,-2.5091040356528535e-14,0,2.921487699494284,b1605,b1605,N,ydgI,COG0531,,,
b3960,1,436,0.9823718127269576,7.130251501241799e-16,0.9823718127269568,1,6060.355243842175,b3960,b3960,N,argH,COG0165,,,
b3172,1,436,0.9823718127269576,0.0,0.9823718127269576,1,6060.355243842249,b3172,b3172,N,argG,COG0137,,,
b1876,1,11,0.9823718127269576,0.9823718127269804,-2.2870594307278225e-14,0,2.9214876994942767,b1876,b1876,E,argS,COG0018,E,u,3
b2310,3,11,0.9823718127269576,0.9823718127269826,-2.5091040356528535e-14,0,2.921487699494284,b2310,b2310,N,argT,COG0834,,,
b0863,1,11,0.9823718127269576,0.9823718127269826,-2.5091040356528535e-14,0,2.921487699494284,b0863,b0863,N,artI,COG0834,,,
b0860,1,11,0.9823718127269576,0.9823718127269826,-2.5091040356528535e-14,0,2.921487699494284,b0860,b0860,N,artJ,COG0834,,,
b2307,4,11,0.9823718127269576,0.9823718127269826,-2.5091040356528535e-14,0,2.921487699494284,b2307,b2307,N,hisM,COG4160,,,
b2308,4,11,0.9823718127269576,0.9823718127269826,-2.5091040356528535e-14,0,2.921487699494284,b2308,b2308,N,hisQ,COG4215,,,
b0862,1,11,0.9823718127269576,0.9823718127269826,-2.5091040356528535e-14,0,2.921487699494284,b0862,b0862,N,artQ,COG4215,,,
b2306,4,11,0.9823718127269576,0.9823718127269826,-2.5091040356528535e-14,0,2.921487699494284,b2306,b2306,N,hisP,COG4598,,,
b0864,1,11,0.9823718127269576,0.9823718127269826,-2.5091040356528535e-14,0,2.921487699494284,b0864,b0864,N,artP,COG4161,,,
b0861,1,11,0.9823718127269576,0.9823718127269826,-2.5091040356528535e-14,0,2.921487699494284,b0861,b0861,N,artM,COG4160,,,
b2923,2,11,0.9823718127269576,0.9823718127269826,-2.5091040356528535e-14,0,2.921487699494284,b2923,b2923,N,argO,COG1279,,,
b3433,1,436,0.9823718127269576,0.0,0.9823718127269576,1,6060.3552438421775,b3433,b3433,E,asd,COG0136,N,u,1
b4192,1,11,0.9823718127269576,0.9823718127269794,-2.1871393585115584e-14,0,2.9214876994942736,b4192,b4192,N,ulaG,COG2220,,,
b4194,1,11,0.9823718127269576,0.9823718127269826,-2.5091040356528535e-14,0,2.921487699494284,b4194,b4194,N,ulaB,COG3414,,,
b4195,1,11,0.9823718127269576,0.9823718127269826,-2.5091040356528535e-14,0,2.921487699494284,b4195,b4195,N,ulaC,COG1762,,,
b1767,1,11,0.9823718127269576,0.9823718127269826,-2.5091040356528535e-14,0,2.921487699494284,b1767,b1767,N,ansA,COG0252,,,
b0828,1,11,0.9823718127269576,0.9823718127269826,-2.5091040356528535e-14,0,2.921487699494284,b0828,b0828,N,iaaA,COG1446,,,
b2957,2,11,0.9823718127269576,0.9823718127269826,-2.5091040356528535e-14,0,2.921487699494284,b2957,b2957,N,ansB,COG0252,,,
b0674,1,11,0.9823718127269576,0.9823718127269826,-2.5091040356528535e-14,0,2.921487699494284,b0674,b0674,N,asnB,COG0367,,,
b3744,1,318,0.9823718127269576,0.9813906059383148,0.0009812067886427,0,3.1325513593193035,b3744,b3744,N,asnA,COG2502,,,
b0930,1,11,0.9823718127269576,0.982371812726973,-1.554312234475219e-14,0,2.9214876994942536,b0930,b0930,E,asnS,COG0017,E,u,3
b0131,1,436,0.9823718127269576,-1.1123903921161802e-15,0.9823718127269586,1,6060.355243842186,b0131,b0131,N,panD,COG0853,,,
b4245,1,436,0.9823718127269576,0.0,0.9823718127269576,1,6060.355243842256,b4245,b4245,N,pyrB,COG0540,,,
b4244,1,436,0.9823718127269576,0.0,0.9823718127269576,1,6060.355243842228,b4244,b4244,N,pyrI,COG1781,,,
b0002,2,436,0.9823718127269576,0.0,0.9823718127269576,1,6060.355243842228,b0002,b0002,N,thrA,COG0460,,,
b4024,1,436,0.9823718127269576,0.0,0.9823718127269576,1,6060.355243842238,b4024,b4024,N,lysC,COG0527,,,
b3940,2,436,0.9823718127269576,0.0,0.9823718127269576,1,6060.35524384225,b3940,b3940,N,metL,COG0460,,,
b2574,4,436,0.9823718127269576,0.0,0.9823718127269576,1,6060.35524384225,b2574,b2574,N,nadB,COG0029,,,
b0928,3,436,0.9823718127269576,-1.1742118062302012e-14,0.9823718127269692,1,6060.355243842277,b0928,b0928,N,aspC,COG1448,,,
b1866,1,11,0.9823718127269576,0.9823718127269898,-3.230749001659205e-14,0,2.921487699494305,b1866,b1866,E,aspS,COG0173,E,u,3
b0654,2,11,0.9823718127269576,0.9823718127269826,-2.5091040356528535e-14,0,2.921487699494284,b0654,b0654,N,gltJ,COG0765,,,
b0655,2,11,0.9823718127269576,0.9823718127269826,-2.5091040356528535e-14,0,2.921487699494284,b0655,b0655,N,gltI,COG0834,,,
b0652,2,11,0.9823718127269576,0.9823718127269826,-2.5091040356528535e-14,0,2.921487699494284,b0652,b0652,N,gltL,COG1126,,,
b0653,2,11,0.9823718127269576,0.9823718127269826,-2.5091040356528535e-14,0,2.921487699494284,b0653,b0653,N,gltK,COG0765,,,
b3528,6,11,0.9823718127269576,0.9823718127269826,-2.5091040356528535e-14,0,2.921487699494284,b3528,b3528,N,dctA,COG1301,,,
b4123,9,11,0.9823718127269576,0.9823718127269826,-2.5091040356528535e-14,0,2.921487699494284,b4123,b4123,N,dcuB,COG2704,,,
b4138,7,11,0.9823718127269576,0.9823718127269826,-2.5091040356528535e-14,0,2.921487699494284,b4138,b4138,N,dcuA,COG2704,,,
b4077,2,11,0.9823718127269576,0.9823718127269826,-2.5091040356528535e-14,0,2.921487699494284,b4077,b4077,N,gltP,COG1301,,,
b3503,1,11,0.9823718127269576,0.9823718127269826,-2.5091040356528535e-14,0,2.921487699494284,b3503,b3503,N,arsC,COG1393,,,
b1064,7,11,0.9823718127269576,0.9823718127269826,-2.5091040356528535e-14,0,2.921487699494284,b1064,b1064,N,grxB,COG2999,,,
b1747,1,11,0.9823718127269576,0.9823718127269826,-2.5091040356528535e-14,0,2.921487699494284,b1747,b1747,N,astA,COG3138,,,
b1539,4,11,0.9823718127269576,0.9823718127269826,-2.5091040356528535e-14,0,2.921487699494284,b1539,b1539,N,ydfG,COG4221,,,
b2019,1,436,0.9823718127269576,4.049309846382832e-16,0.9823718127269572,1,6060.355243842175,b2019,b2019,N,hisG,COG0040,,,
b3738,1,452,0.9823718127269576,0.402477301490721,0.5798945112362366,0,12539.562378482207,b3738,b3738,N,atpB,COG0356,,,
b3733,1,452,0.9823718127269576,0.4024773014907203,0.5798945112362371,0,12539.562378482196,b3733,b3733,N,atpG,COG0224,,,
b3732,1,452,0.9823718127269576,0.4024773014907203,0.5798945112362371,0,12539.562378482196,b3732,b3732,N,atpD,COG0055,,,
b3739,1,452,0.9823718127269576,0.4024773014907203,0.5798945112362371,0,12539.562378482196,b3739,b3739,N,atpI,COG3312,,,
b3736,1,452,0.9823718127269576,0.4024773014907203,0.5798945112362371,0,12539.562378482196,b3736,b3736,N,atpF,COG0711,,,
b3737,1,452,0.9823718127269576,0.4024773014907203,0.5798945112362371,0,12539.562378482196,b3737,b3737,N,atpE,COG0636,,,
b3734,1,452,0.9823718127269576,0.4024773014907203,0.5798945112362371,0,12539.562378482196,b3734,b3734,N,atpA,COG0056,,,
b3735,1,452,0.9823718127269576,0.4024773014907203,0.5798945112362371,0,12539.562378482196,b3735,b3735,N,atpH,COG0712,,,
b3731,1,452,0.9823718127269576,0.4024773014907203,0.5798945112362371,0,12539.562378482196,b3731,b3731,N,atpC,COG0355,,,
b0312,2,11,0.9823718127269576,0.9823718127269704,-1.2878587085651816e-14,0,0.5185302815927397,b0312,b0312,N,betB,COG1012,,,
b0827,4,436,0.9823718127269576,-5.143077196154372e-17,0.9823718127269576,1,6060.3552438423685,b0827,b0827,N,moeA,COG0303,,,
b3857,5,436,0.9823718127269576,0.0,0.9823718127269576,1,6060.355243842227,b3857,b3857,N,mobA,COG0746,,,
b3856,5,436,0.9823718127269576,0.0,0.9823718127269576,1,6060.355243842252,b3856,b3856,N,mobB,COG1763,,,
b4214,1,436,0.9823718127269576,-2.0030003764692268e-14,0.9823718127269776,1,6060.355243842422,b4214,b4214,N,cysQ,COG1218,,,
b3551,3,11,0.9823718127269576,0.98237181272698,-2.242650509742816e-14,0,0.5185302815927383,b3551,b3551,N,bisC,COG0243,,,
b0775,1,436,0.9823718127269576,-3.7713030078533227e-17,0.9823718127269576,1,6060.355243842265,b0775,b0775,N,bioB,COG0502,,,
b0367,3,11,0.9823718127269576,0.982371812726982,-2.4424906541753444e-14,0,0.5185302815927382,b0367,b0367,N,tauC,COG0600,,,
b0933,5,11,0.9823718127269576,0.982371812726982,-2.4424906541753444e-14,0,0.5185302815927382,b0933,b0933,N,ssuB,COG1116,,,
b0365,3,11,0.9823718127269576,0.982371812726982,-2.4424906541753444e-14,0,0.5185302815927382,b0365,b0365,N,tauA,COG4521,,,
b0366,3,11,0.9823718127269576,0.982371812726982,-2.4424906541753444e-14,0,0.5185302815927382,b0366,b0366,N,tauB,COG4525,,,
b1216,3,11,0.9823718127269576,0.982371812726982,-2.4424906541753444e-14,0,0.5185302815927382,b1216,b1216,N,chaA,COG0387,,,
b4132,1,11,0.9823718127269576,0.982371812726982,-2.4424906541753444e-14,0,0.5185302815927382,b4132,b4132,N,cadB,COG0531,,,
b3942,1,11,0.9823718127269576,0.982371812726982,-2.4424906541753444e-14,0,0.5185302815927382,b3942,b3942,N,katG,COG0376,,,
b3196,1,436,0.9823718127269576,-2.6399127153829833e-16,0.9823718127269576,1,6060.355243842274,b3196,b3196,N,yrbG,COG0530,,,
b1270,2,11,0.9823718127269576,0.9823718127269964,-3.874678355941796e-14,0,0.5185302815927362,b1270,b1270,N,btuR,COG2109,,,
b2874,1,408,0.9823718127269576,0.9772921102938718,0.0050797024330857,0,3.2671100033957154,b2874,b2874,N,yqeA,COG0549,,,
b0521,1,408,0.9823718127269576,0.9772921102938692,0.0050797024330884,0,3.267110003395734,b0521,b0521,N,ybcF,COG0549,,,
b0323,1,408,0.9823718127269576,0.9772921102938692,0.0050797024330884,0,3.267110003395734,b0323,b0323,N,yahI,COG0549,,,
b0033,1,11,0.9823718127269576,0.9823718127269788,-2.131628207280301e-14,0,0.5185302815927386,b0033,b0033,N,carB,COG0458,,,
b0032,1,11,0.9823718127269576,0.982371812726982,-2.4424906541753444e-14,0,0.5185302815927382,b0032,b0032,N,carA,COG0505,,,
b0444,1,11,0.9823718127269576,0.982371812726982,-2.4424906541753444e-14,0,0.5185302815927382,b0444,b0444,N,ybaX,COG0603,,,
b3469,6,11,0.9823718127269576,0.982371812726982,-2.4424906541753444e-14,0,0.5185302815927382,b3469,b3469,N,zntA,COG2217,,,
b3915,7,11,0.9823718127269576,0.982371812726982,-2.4424906541753444e-14,0,0.5185302815927382,b3915,b3915,N,fieF,COG0053,,,
b0752,5,11,0.9823718127269576,0.982371812726982,-2.4424906541753444e-14,0,0.5185302815927382,b0752,b0752,N,zitB,COG1230,,,
b3040,6,436,0.9823718127269576,9.051127066377136e-16,0.9823718127269566,1,6060.355243842269,b3040,b3040,N,ygiE,COG0428,,,
b3918,7,11,0.9823718127269576,0.9823718127269844,-2.6978419498391304e-14,0,0.5185302815927378,b3918,b3918,N,cdh,COG2134,,,
b2794,1,11,0.9823718127269576,0.9823718127269814,-2.3869795029440862e-14,0,0.5185302815927381,b2794,b2794,N,yqcD,COG0780,,,
b1208,1,436,0.9823718127269576,1.4712184713646713e-15,0.982371812726956,1,6060.355243842161,b1208,b1208,E,ispE,COG1947,E,u,3
b1661,4,11,0.9823718127269576,0.982371812726976,-1.8540724511240114e-14,0,0.518530281592739,b1661,b1661,N,cfa,COG2230,,,
b2129,2,11,0.9823718127269576,0.9823718127269924,-3.4861002973229915e-14,0,0.5185302815927366,b2129,b2129,N,yehX,COG1125,,,
b2128,2,11,0.9823718127269576,0.9823718127269924,-3.4861002973229915e-14,0,0.5185302815927366,b2128,b2128,N,yehW,COG1174,,,
b2131,2,11,0.9823718127269576,0.9823718127269924,-3.4861002973229915e-14,0,0.5185302815927366,b2131,b2131,N,yehZ,COG1732,,,
b2130,2,11,0.9823718127269576,0.9823718127269924,-3.4861002973229915e-14,0,0.5185302815927366,b2130,b2130,N,yehY,COG1174,,,
b1801,3,11,0.9823718127269576,0.9823718127269924,-3.4861002973229915e-14,0,0.5185302815927366,b1801,b1801,N,yeaV,COG1292,,,
b0314,1,11,0.9823718127269576,0.9823718127269924,-3.4861002973229915e-14,0,0.5185302815927366,b0314,b0314,N,betT,COG1292,,,
b0311,1,11,0.9823718127269576,0.9823718127269924,-3.4861002973229915e-14,0,0.5185302815927366,b0311,b0311,N,betA,COG2303,,,
b2600,2,436,0.9823718127269576,1.5431493469321583e-16,0.9823718127269574,1,6060.355243842485,b2600,b2600,N,tyrA,COG0287,,,
b2599,2,436,0.9823718127269576,0.0,0.9823718127269576,1,6060.355243842241,b2599,b2599,N,pheA,COG0077,,,
b2329,1,436,0.9823718127269576,0.0,0.9823718127269576,1,6060.355243842241,b2329,b2329,N,aroC,COG0082,,,
b2542,2,11,0.9823718127269576,0.982371812726988,-3.064215547965432e-14,0,0.5185302815927373,b2542,b2542,N,hcaD,COG0446,,,
b2540,2,11,0.9823718127269576,0.9823718127269924,-3.4861002973229915e-14,0,0.5185302815927366,b2540,b2540,N,hcaC,COG2146,,,
b2538,2,11,0.9823718127269576,0.9823718127269924,-3.4861002973229915e-14,0,0.5185302815927366,b2538,b2538,N,hcaE,COG4638,,,
b0617,1,11,0.9823718127269576,0.9823718127269924,-3.4861002973229915e-14,0,0.5185302815927366,b0617,b0617,N,citD,COG3052,,,
b0614,1,11,0.9823718127269576,0.9823718127269924,-3.4861002973229915e-14,0,0.5185302815927366,b0614,b0614,N,citX,COG3697,,,
b0615,1,11,0.9823718127269576,0.9823718127269924,-3.4861002973229915e-14,0,0.5185302815927366,b0615,b0615,N,citF,COG3051,,,
b0612,1,11,0.9823718127269576,0.9823718127269924,-3.4861002973229915e-14,0,0.5185302815927366,b0612,b0612,N,citT,COG0471,,,
b0789,7,11,0.9823718127269576,0.9823718127269924,-3.4861002973229915e-14,0,0.5185302815927366,b0789,b0789,N,ybhO,COG1502,,,
b1249,7,11,0.9823718127269576,0.9823718127269924,-3.4861002973229915e-14,0,0.5185302815927366,b1249,b1249,N,cls,COG1502,,,
b0155,1,436,0.9823718127269576,6.929756046219638e-16,0.9823718127269568,1,6060.355243842483,b0155,b0155,N,clcA,COG0038,,,
b1592,1,436,0.9823718127269576,0.0,0.9823718127269576,1,6060.355243842258,b1592,b1592,N,clcB,COG0038,,,
b3035,9,11,0.9823718127269576,0.9823718127269832,-2.564615186884112e-14,0,0.518530281592738,b3035,b3035,N,tolC,COG1538,,,
b2470,7,11,0.9823718127269576,0.9823718127269924,-3.4861002973229915e-14,0,0.5185302815927366,b2470,b2470,N,acrD,COG0841,,,
b0463,7,11,0.9823718127269576,0.9823718127269924,-3.4861002973229915e-14,0,0.5185302815927366,b0463,b0463,N,acrA,COG0845,,,
b0462,7,11,0.9823718127269576,0.9823718127269924,-3.4861002973229915e-14,0,0.5185302815927366,b0462,b0462,N,acrB,COG0841,,,
b3816,3,436,0.9823718127269576,7.523761706743744e-16,0.9823718127269568,1,6060.355243842479,b3816,b3816,N,corA,COG0598,,,
b0914,32,438,0.9823718127269576,-4.0529470843301206e-29,0.9823718127269576,1,4504.473701062868,b0914,b0914,E,msbA,COG1132,E,u,3
b1102,1,11,0.9823718127269576,0.9823718127269858,-2.831068712794149e-14,0,0.5185302815927375,b1102,b1102,N,fhuE,COG4773,,,
b2765,1,11,0.9823718127269576,0.982371812726989,-3.1530333899354446e-14,0,0.5185302815927373,b2765,b2765,N,ygcM,COG0720,,,
b0783,1,442,0.9823718127269576,7.384655639467122e-16,0.9823718127269568,1,6391.383688676774,b0783,b0783,N,moaC,COG0315,,,
b0781,1,442,0.9823718127269576,0.0,0.9823718127269576,1,6391.383688676682,b0781,b0781,N,moaA,COG2896,,,
b2436,1,281,0.9823718127269576,0.9823300178921056,4.1794834851893725e-05,0,0.5185526392355593,b2436,b2436,N,hemF,COG0408,,,
b3867,1,11,0.9823718127269576,0.9823718127269854,-2.7866597918091432e-14,0,0.5185302815927376,b3867,b3867,N,hemN,COG0635,,,
b0038,2,11,0.9823718127269576,0.9823718127269696,-1.199040866595169e-14,0,0.5185302815927397,b0038,b0038,N,caiB,COG1804,,,
b0036,2,11,0.9823718127269576,0.9823718127269696,-1.199040866595169e-14,0,0.5185302815927397,b0036,b0036,N,caiD,COG1024,,,
b2679,4,11,0.9823718127269576,0.9823718127269696,-1.199040866595169e-14,0,0.5185302815927397,b2679,b2679,N,proX,COG2113,,,
b2677,4,11,0.9823718127269576,0.9823718127269696,-1.199040866595169e-14,0,0.5185302815927397,b2677,b2677,N,proV,COG4175,,,
b2678,4,11,0.9823718127269576,0.9823718127269696,-1.199040866595169e-14,0,0.5185302815927397,b2678,b2678,N,proW,COG4176,,,
b4111,5,11,0.9823718127269576,0.9823718127269696,-1.199040866595169e-14,0,0.5185302815927397,b4111,b4111,N,proP,COG0477,,,
b0040,2,11,0.9823718127269576,0.9823718127269764,-1.887379141862766e-14,0,0.5185302815927388,b0040,b0040,N,caiT,COG1292,,,
b0720,1,436,0.9823718127269576,-3.4222034416657723e-16,0.9823718127269578,1,6060.355243842242,b0720,b0720,N,gltA,COG0372,,,
b0337,1,11,0.9823718127269576,0.982371812726814,1.4355183708403274e-13,0,0.5185302815927602,b0337,b0337,N,codA,COG0402,,,
b0336,1,11,0.9823718127269576,0.9823718127269796,-2.2093438190040612e-14,0,0.5185302815927384,b0336,b0336,N,codB,COG1457,,,
b3846,19,454,0.9823718127269576,0.9720365831108336,0.0103352296161238,0,42.08414881294886,b3846,b3846,N,fadB,COG1024,,,
b2780,1,463,0.9823718127269576,-9.050907788027292e-16,0.9823718127269584,1,4383.17582910883,b2780,b2780,E,pyrG,COG0504,u,u,2
b0123,2,11,0.9823718127269576,0.9823718127269796,-2.2093438190040612e-14,0,0.5185302815927384,b0123,b0123,N,cueO,COG2132,,,
b0484,1,11,0.9823718127269576,0.9823718127269832,-2.564615186884112e-14,0,0.518530281592738,b0484,b0484,N,copA,COG2217,,,
b3425,1,11,0.9823718127269576,0.9823718127269832,-2.564615186884112e-14,0,0.518530281592738,b3425,b3425,N,glpE,COG0607,,,
b1308,1,11,0.9823718127269576,0.9823718127269832,-2.564615186884112e-14,0,0.518530281592738,b1308,b1308,N,pspE,COG0607,,,
b0340,1,11,0.9823718127269576,0.9823718127269832,-2.564615186884112e-14,0,0.518530281592738,b0340,b0340,N,cynS,COG1513,,,
b0341,1,11,0.9823718127269576,0.9823718127269832,-2.564615186884112e-14,0,0.518530281592738,b0341,b0341,N,cynX,COG2807,,,
b3008,2,436,0.9823718127269576,-3.978846839523757e-16,0.982371812726958,1,6060.355243842296,b3008,b3008,N,metC,COG0626,,,
b2414,1,436,0.9823718127269576,1.0993846592890865e-15,0.9823718127269564,1,6060.355243842412,b2414,b2414,N,cysK,COG0031,,,
b2421,1,436,0.9823718127269576,0.0,0.9823718127269576,1,6060.355243842246,b2421,b2421,N,cysM,COG0031,,,
b2810,1,11,0.9823718127269576,0.9823718127269838,-2.6312285683616213e-14,0,0.5185302815927377,b2810,b2810,N,csdA,COG0520,,,
b1622,1,436,0.9823718127269576,-3.978846839523757e-16,0.982371812726958,1,6060.355243842296,b1622,b1622,N,malY,COG1168,,,
b0526,1,11,0.9823718127269576,0.9823718127269808,-2.3314683517128287e-14,0,0.5185302815927382,b0526,b0526,E,cysS,COG0215,E,u,3
b0886,2,11,0.9823718127269576,0.9823718127269832,-2.564615186884112e-14,0,0.518530281592738,b0886,b0886,E,cydC,COG4987,N,u,1
b0887,2,11,0.9823718127269576,0.9823718127269832,-2.564615186884112e-14,0,0.518530281592738,b0887,b0887,N,cydD,COG4988,,,
b0978,2,11,0.9823718127269576,0.9823718127269832,-2.564615186884112e-14,0,0.518530281592738,b0978,b0978,N,appC,COG1271,,,
b0979,2,11,0.9823718127269576,0.9823718127269832,-2.564615186884112e-14,0,0.518530281592738,b0979,b0979,N,appB,COG1294,,,
b0734,1,11,0.9823718127269576,0.9823718127269832,-2.564615186884112e-14,0,0.518530281592738,b0734,b0734,N,cydB,COG1294,,,
b0733,1,11,0.9823718127269576,0.9823718127269832,-2.564615186884112e-14,0,0.518530281592738,b0733,b0733,E,cydA,COG1271,N,N,0
b0432,1,427,0.9823718127269576,0.8620050398511754,0.1203667728757821,0,3039.6753270555405,b0432,b0432,N,cyoA,COG1622,,,
b0430,1,427,0.9823718127269576,0.8620050398511463,0.1203667728758112,0,3039.675327055531,b0430,b0430,N,cyoC,COG1845,,,
b0429,1,427,0.9823718127269576,0.8620050398511463,0.1203667728758112,0,3039.675327055531,b0429,b0429,N,cyoD,COG3125,,,
b0431,1,427,0.9823718127269576,0.8620050398511463,0.1203667728758112,0,3039.675327055531,b0431,b0431,N,cyoB,COG0843,,,
b2143,2,12,0.9823718127269576,0.9823718127269544,3.1086244689504387e-15,0,0.0001065007569556,b2143,b2143,N,cdd,COG0295,,,
b0651,2,12,0.9823718127269576,0.9823718127269772,-1.9761969838327783e-14,0,0.0001065007569556,b0651,b0651,N,rihA,COG1957,,,
b2162,2,12,0.9823718127269576,0.9823718127269772,-1.9761969838327783e-14,0,0.0001065007569556,b2162,b2162,N,rihB,COG1957,,,
b2066,2,12,0.9823718127269576,0.9823718127269772,-1.9761969838327783e-14,0,0.0001065007569556,b2066,b2066,N,udk,COG0572,,,
b0910,3,438,0.9823718127269576,2.972184985719973e-16,0.9823718127269572,1,4504.473701062712,b0910,b0910,N,cmk,COG0283,,,
b2975,3,12,0.9823718127269576,0.9823718127269844,-2.6756374893466276e-14,0,0.0001065007569556,b2975,b2975,N,yghK,COG1620,,,
b3603,3,12,0.9823718127269576,0.9823718127269724,-1.4876988529977098e-14,0,0.0001065007569556,b3603,b3603,N,lldP,COG1620,,,
b1189,1,12,0.9823718127269576,0.9823718127269724,-1.4876988529977098e-14,0,0.0001065007569556,b1189,b1189,N,dadA,COG0665,,,
b4042,7,12,0.9823718127269576,0.9823718127269724,-1.4876988529977098e-14,0,0.0001065007569556,b4042,b4042,N,dgkA,COG0818,,,
b2871,1,12,0.9823718127269576,0.9823718127269724,-1.4876988529977098e-14,0,0.0001065007569556,b2871,b2871,N,ygeX,COG1171,,,
b2838,1,436,0.9823718127269576,0.0,0.9823718127269576,1,6060.35524384223,b2838,b2838,N,lysA,COG0019,,,
b3809,1,436,0.9823718127269576,0.0,0.9823718127269576,1,6060.355243842255,b3809,b3809,N,dapF,COG0253,,,
b0175,7,436,0.9823718127269576,0.0,0.9823718127269576,1,6060.355243842292,b0175,b0175,E,cdsA,COG0575,E,u,3
b3041,1,436,0.9823718127269576,0.0,0.9823718127269576,1,6060.355243842207,b3041,b3041,E,ribB,COG0108,E,u,3
b0778,1,436,0.9823718127269576,0.0,0.9823718127269576,1,6060.355243842228,b0778,b0778,N,bioD,COG0132,,,
b1734,1,12,0.9823718127269576,0.9823718127269712,-1.376676550535194e-14,0,0.0001065007569556,b1734,b1734,N,chbF,COG1486,,,
b2065,1,12,0.9823718127269576,0.9823718127269656,-7.993605777301127e-15,0,0.0001065007569556,b2065,b2065,N,dcd,COG0717,,,
b2344,7,12,0.9823718127269576,0.9823718127269656,-7.993605777301127e-15,0,0.0001065007569556,b2344,b2344,N,fadL,COG2067,,,
b3693,1,12,0.9823718127269576,0.9823718127269656,-7.993605777301127e-15,0,0.0001065007569556,b3693,b3693,N,dgoK,COG3734,,,
b3526,1,12,0.9823718127269576,0.9823718127269656,-7.993605777301127e-15,0,0.0001065007569556,b3526,b3526,N,kdgK,COG0524,,,
b1704,1,436,0.9823718127269576,-2.972183520636594e-16,0.9823718127269578,1,6060.355243842221,b1704,b1704,N,aroH,COG0722,,,
b2601,1,436,0.9823718127269576,0.0,0.9823718127269576,1,6060.355243842203,b2601,b2601,N,aroF,COG0722,,,
b0754,1,436,0.9823718127269576,0.0,0.9823718127269576,1,6060.355243842203,b0754,b0754,N,aroG,COG0722,,,
b3648,2,436,0.9823718127269576,3.7152294007957427e-17,0.9823718127269576,1,6060.355243842217,b3648,b3648,E,gmk,COG0194,E,u,3
b1393,1,12,0.9823718127269576,0.9823718127269776,-2.009503674571533e-14,0,0.0001065007569556,b1393,b1393,N,paaF,COG1024,,,
b1198,1,12,0.9823718127269576,0.9823718127269796,-2.2093438190040612e-14,0,0.0001065007569556,b1198,b1198,N,dhaH,COG1080,,,
b1199,1,12,0.9823718127269576,0.9823718127269656,-7.993605777301127e-15,0,0.0001065007569556,b1199,b1199,N,dhaL,COG2376,,,
b0596,1,12,0.9823718127269576,0.9823718127269656,-7.993605777301127e-15,0,0.0001065007569556,b0596,b0596,N,entA,COG1028,,,
b0594,1,12,0.9823718127269576,0.9823718127269656,-7.993605777301127e-15,0,0.0001065007569556,b0594,b0594,N,entE,COG1021,,,
b2541,2,12,0.9823718127269576,0.9823718127269656,-7.993605777301127e-15,0,0.0001065007569556,b2541,b2541,N,hcaB,COG1028,,,
b0031,1,436,0.9823718127269576,-2.972183520636594e-16,0.9823718127269578,1,6060.355243842221,b0031,b0031,E,dapB,COG0289,N,u,1
b2478,1,436,0.9823718127269576,0.0,0.9823718127269576,1,6060.355243842212,b2478,b2478,E,dapA,COG0329,N,u,1
b0048,1,436,0.9823718127269576,0.0,0.9823718127269576,1,6060.355243842251,b0048,b0048,E,folA,COG0262,N,u,1
b1606,2,436,0.9823718127269576,0.0,0.9823718127269576,1,6060.35524384223,b1606,b1606,N,folM,COG1028,,,
b2315,1,436,0.9823718127269576,0.0,0.9823718127269576,1,6060.35524384223,b2315,b2315,E,folC,COG0285,N,u,0.5
b3930,1,12,0.9823718127269576,0.9823718127269776,-2.0206059048177852e-14,0,0.0001065007569556,b3930,b3930,N,menA,COG1575,,,
b2262,1,12,0.9823718127269576,0.9823718127269656,-7.993605777301127e-15,0,0.0001065007569556,b2262,b2262,N,menB,COG0447,,,
b0736,1,12,0.9823718127269576,0.9823718127269656,-7.993605777301127e-15,0,0.0001065007569556,b0736,b0736,N,ybgC,COG0824,,,
b3058,2,436,0.9823718127269576,0.0,0.9823718127269576,1,6060.355243842216,b3058,b3058,N,folB,COG1539,,,
b0945,2,12,0.9823718127269576,0.9823718127269776,-2.0206059048177852e-14,0,0.0001065007569556,b0945,b0945,N,pyrD,COG0167,,,
b1062,1,436,0.9823718127269576,-1.3003302902785106e-15,0.9823718127269588,1,6060.355243842197,b1062,b1062,N,pyrC,COG0418,,,
b0578,2,12,0.9823718127269576,0.9823718127269804,-2.2870594307278225e-14,0,0.0001065007569556,b0578,b0578,N,nfnB,COG0778,,,
b2303,1,12,0.9823718127269576,0.9823718127269584,-8.881784197001252e-16,0,0.0001065007569556,b2303,b2303,N,folX,COG1539,,,
b3389,1,436,0.9823718127269576,-1.4860917603182978e-16,0.9823718127269576,1,6060.355243842187,b3389,b3389,N,aroB,COG0337,,,
b1693,1,436,0.9823718127269576,0.0,0.9823718127269576,1,6060.355243842257,b1693,b1693,N,aroD,COG0710,,,
b0421,2,436,0.9823718127269576,0.0,0.9823718127269576,1,6060.3552438422,b0421,b0421,E,ispA,COG0142,E,u,3
b0029,2,436,0.9823718127269576,0.0,0.9823718127269576,1,6060.35524384221,b0029,b0029,E,ispH,COG0761,E,u,3
b2232,2,15,0.9823718127269576,0.9823718127269776,-2.009503674571533e-14,0,0.0001067245067434,b2232,b2232,N,ubiG,COG2227,,,
b1588,3,15,0.9823718127269576,0.9823718127269668,-9.325873406851317e-15,0,0.0001067245067434,b1588,b1588,N,ynfF,COG0243,,,
b0895,4,15,0.9823718127269576,0.9823718127269668,-9.325873406851317e-15,0,0.0001067245067434,b0895,b0895,N,dmsB,COG0437,,,
b1587,3,15,0.9823718127269576,0.9823718127269668,-9.325873406851317e-15,0,0.0001067245067434,b1587,b1587,N,ynfE,COG0243,,,
b1590,3,15,0.9823718127269576,0.9823718127269668,-9.325873406851317e-15,0,0.0001067245067434,b1590,b1590,N,ynfH,COG3302,,,
b0896,4,15,0.9823718127269576,0.9823718127269668,-9.325873406851317e-15,0,0.0001067245067434,b0896,b0896,N,dmsC,COG3302,,,
b1589,3,15,0.9823718127269576,0.9823718127269668,-9.325873406851317e-15,0,0.0001067245067434,b1589,b1589,N,ynfG,COG0437,,,
b1873,4,15,0.9823718127269576,0.9823718127269668,-9.325873406851317e-15,0,0.0001067245067434,b1873,b1873,N,torY,COG3005,,,
b0099,3,436,0.9823718127269576,-1.4860917603182978e-16,0.9823718127269576,1,6060.355243842276,b0099,b0099,N,mutT,COG0494,,,
b1865,2,436,0.9823718127269576,0.0,0.9823718127269576,1,6060.355243842236,b1865,b1865,N,nudB,COG0494,,,
b3575,1,15,0.9823718127269576,0.9823718127269766,-1.9095836023552686e-14,0,0.0001067245067434,b3575,b3575,N,yiaK,COG2055,,,
b0103,1,436,0.9823718127269576,3.715229400795745e-17,0.9823718127269576,1,6060.355243842291,b0103,b0103,N,coaE,COG0237,,,
b3774,3,436,0.9823718127269576,0.0,0.9823718127269576,1,6060.355243842233,b3774,b3774,N,ilvC,COG0059,,,
b0425,1,436,0.9823718127269576,0.0,0.9823718127269576,1,6060.355243842263,b0425,b0425,N,panE,COG1893,,,
b4381,1,15,0.9823718127269576,0.9823718127269904,-3.2751579226442124e-14,0,0.0001067245067433,b4381,b4381,N,deoC,COG0274,,,
b3860,2,15,0.9823718127269576,0.9823718127269716,-1.4099832412739488e-14,0,0.0001067245067434,b3860,b3860,N,dsbA,COG0526,,,
b2893,2,15,0.9823718127269576,0.9823718127269716,-1.4099832412739488e-14,0,0.0001067245067434,b2893,b2893,N,dsbC,COG1651,,,
b2582,10,20,0.9823718127269576,0.9823718127269716,-1.4099832412739488e-14,0,0.2965739791601168,b2582,b2582,N,trxC,COG0526,,,
b4136,3,20,0.9823718127269576,0.9823718127269796,-2.2093438190040612e-14,0,0.2965739791601188,b4136,b4136,N,dipZ,COG4232,,,
b3781,10,20,0.9823718127269576,0.9823718127269796,-2.2093438190040612e-14,0,0.2965739791601188,b3781,b3781,N,trxA,COG0526,,,
b0604,2,20,0.9823718127269576,0.9823718127269796,-2.2093438190040612e-14,0,0.2965739791601188,b0604,b0604,N,dsbG,COG1651,,,
b4122,2,450,0.9823718127269576,0.9027057627389348,0.0796660499880227,0,3067.347996166022,b4122,b4122,N,fumB,COG1838,,,
b1098,1,469,0.9823718127269576,3.189162978637714e-16,0.9823718127269572,1,11027.634850776483,b1098,b1098,E,tmk,COG0125,E,u,3
b2146,1,16,0.9823718127269576,0.9823718127269784,-2.0761170560490427e-14,0,0.2965722514773125,b2146,b2146,N,yeiT,COG0493,,,
b2147,1,16,0.9823718127269576,0.9823718127269768,-1.9428902930940243e-14,0,0.2965722514773076,b2147,b2147,N,yeiA,COG1146,,,
b1238,2,16,0.9823718127269576,0.9823718127269768,-1.9428902930940243e-14,0,0.2965722514773076,b1238,b1238,N,tdk,COG1435,,,
b4384,7,22,0.9823718127269576,0.9823718127269768,-1.9428902930940243e-14,0,0.2965748740839947,b4384,b4384,N,deoD,COG0813,,,
b4382,2,22,0.9823718127269576,0.9823718127269804,-2.2759572004815712e-14,0,0.2965748740839949,b4382,b4382,N,deoA,COG0213,,,
b2251,3,304,0.9823718127269576,0.9822652099291332,0.0001066027978242,0,0.3090238874908823,b2251,b2251,N,yfaO,COG0494,,,
b3640,1,304,0.9823718127269576,0.9822652099291296,0.0001066027978279,0,0.3090238874908848,b3640,b3640,E,dut,COG0756,E,u,3
b0173,1,436,0.9823718127269576,0.0,0.9823718127269576,1,6060.355243842276,b0173,b0173,E,dxr,COG0743,E,u,3
b0420,1,436,0.9823718127269576,0.0,0.9823718127269576,1,6060.355243842217,b0420,b0420,E,dxs,COG1154,E,u,3
b3564,2,22,0.9823718127269576,0.9823718127269816,-2.4091839634365897e-14,0,0.2965748740839954,b3564,b3564,N,xylB,COG1070,,,
b1779,2,485,0.9823718127269576,8.052275523746192e-29,0.9823718127269576,1,4993.667898639491,b1779,b1779,E,gapA,COG0057,N,u,1
b2927,1,485,0.9823718127269576,0.0,0.9823718127269576,1,4993.66789863941,b2927,b2927,N,epd,COG0057,,,
b1288,26,456,0.9823718127269576,0.0,0.9823718127269576,1,5344.363462437522,b1288,b1288,E,fabI,COG0623,E,u,3
b3622,2,27,0.9823718127269576,0.9823718127269496,7.882583474838611e-15,0,7.10346911457659,b3622,b3622,N,rfaL,COG3307,,,
b3785,3,27,0.9823718127269576,0.98237181272698,-2.242650509742816e-14,0,7.103469114576754,b3785,b3785,N,wzzE,COG3765,,,
b3792,1,27,0.9823718127269576,0.98237181272698,-2.242650509742816e-14,0,7.103469114576754,b3792,b3792,N,wzxE,COG2244,,,
b2341,16,460,0.9823718127269576,0.972036583110834,0.0103352296161236,0,55.30773876797976,b2341,b2341,N,yfcX,COG1024,,,
b1850,2,27,0.9823718127269576,0.9823718127269722,-1.4654943925052066e-14,0,7.103469114576794,b1850,b1850,N,eda,COG0800,,,
b1851,1,27,0.9823718127269576,0.9823718127269824,-2.4868995751603507e-14,0,7.103469114576758,b1851,b1851,N,edd,COG0129,,,
b1054,1,27,0.9823718127269576,0.9823718127269824,-2.4868995751603507e-14,0,7.103469114576758,b1054,b1054,N,lpxL,COG1560,,,
b1855,2,27,0.9823718127269576,0.9823718127269824,-2.4868995751603507e-14,0,7.103469114576758,b1855,b1855,N,lpxM,COG1560,,,
b2779,1,439,0.9823718127269576,0.87473885962697,0.1076329530999875,0,1751.350164101678,b2779,b2779,E,eno,COG0148,E,u,2.5
b0583,1,27,0.9823718127269576,0.9823718127269836,-2.620126338115369e-14,0,7.103469114576822,b0583,b0583,E,entD,COG2977,N,u,0
b0585,2,27,0.9823718127269576,0.9823718127269816,-2.4091839634365897e-14,0,7.103469114576792,b0585,b0585,N,fes,COG2382,,,
b2440,1,27,0.9823718127269576,0.9823718127269816,-2.4091839634365897e-14,0,7.103469114576792,b2440,b2440,N,eutC,COG4302,,,
b3946,1,27,0.9823718127269576,0.9823718127269816,-2.4091839634365897e-14,0,7.103469114576792,b3946,b3946,N,fsaB,COG0176,,,
b0822,5,27,0.9823718127269576,0.9823718127269816,-2.4091839634365897e-14,0,7.103469114576792,b0822,b0822,N,ybiV,COG0561,,,
b3666,4,27,0.9823718127269576,0.9823718127269816,-2.4091839634365897e-14,0,7.103469114576792,b3666,b3666,N,uhpT,COG2271,,,
b0404,7,27,0.9823718127269576,0.9823718127269816,-2.4091839634365897e-14,0,7.103469114576792,b0404,b0404,N,yajB,COG3124,,,
b0452,10,460,0.9823718127269576,0.9720365831108354,0.010335229616122,0,55.30773876797954,b0452,b0452,N,tesB,COG1946,,,
b1805,10,27,0.9823718127269576,0.9823718127269832,-2.5757174171303632e-14,0,7.103469114576814,b1805,b1805,N,fadD,COG0318,,,
b3844,6,359,0.9823718127269576,0.9801502250406412,0.0022215876863164,0,48.302429492905766,b3844,b3844,N,fre,COG0543,,,
b2764,4,439,0.9823718127269576,6.893640968456644e-15,0.9823718127269506,1,4464.650354855782,b2764,b2764,N,cysJ,COG0369,,,
b2763,4,439,0.9823718127269576,0.0,0.9823718127269576,1,4464.650354855953,b2763,b2763,N,cysI,COG0155,,,
b2925,2,417,0.9823718127269576,0.975249617680057,0.0071221950469004,0,361.63708388447367,b2925,b2925,E,fbaA,COG0191,E,u,3
b1773,1,30,0.9823718127269576,0.9823718127269772,-1.965094753586527e-14,0,267.3401282618751,b1773,b1773,N,ydjI,COG0191,,,
b3925,1,30,0.9823718127269576,0.9823718127269736,-1.609823385706477e-14,0,267.34012826187586,b3925,b3925,N,glpX,COG1494,,,
b2930,1,30,0.9823718127269576,0.9823718127269736,-1.609823385706477e-14,0,267.34012826187586,b2930,b2930,N,yggF,COG1494,,,
b4232,1,30,0.9823718127269576,0.9823718127269736,-1.609823385706477e-14,0,267.34012826187586,b4232,b4232,N,fbp,COG0158,,,
b2802,1,30,0.9823718127269576,0.9823718127269736,-1.609823385706477e-14,0,267.34012826187586,b2802,b2802,N,fucI,COG2407,,,
b2803,1,30,0.9823718127269576,0.9823718127269736,-1.609823385706477e-14,0,267.34012826187586,b2803,b2803,N,fucK,COG1070,,,
b2738,1,30,0.9823718127269576,0.9823718127269736,-1.609823385706477e-14,0,267.34012826187586,b2738,b2738,N,ygbL,COG0235,,,
b2800,1,30,0.9823718127269576,0.9823718127269736,-1.609823385706477e-14,0,267.34012826187586,b2800,b2800,N,fucA,COG0235,,,
b0475,1,446,0.9823718127269576,1.4268643489215555e-16,0.9823718127269574,1,6617.073691479372,b0475,b0475,E,hemH,COG0276,N,u,1
b1476,2,30,0.9823718127269576,0.9823718127269854,-2.7866597918091432e-14,0,267.3401282618725,b1476,b1476,N,fdnI,COG2864,,,
b1474,2,30,0.9823718127269576,0.9823718127269844,-2.6978419498391304e-14,0,267.34012826187245,b1474,b1474,N,fdnG,COG0243,,,
b1475,2,30,0.9823718127269576,0.9823718127269844,-2.6978419498391304e-14,0,267.34012826187245,b1475,b1475,N,fdnH,COG0437,,,
b3892,2,30,0.9823718127269576,0.9823718127269844,-2.6978419498391304e-14,0,267.34012826187245,b3892,b3892,N,fdoI,COG2864,,,
b3893,2,30,0.9823718127269576,0.9823718127269844,-2.6978419498391304e-14,0,267.34012826187245,b3893,b3893,N,fdoH,COG0437,,,
b3894,2,30,0.9823718127269576,0.9823718127269844,-2.6978419498391304e-14,0,267.34012826187245,b3894,b3894,N,fdoG,COG0243,,,
b0935,5,30,0.9823718127269576,0.9823718127269844,-2.6978419498391304e-14,0,267.34012826187245,b0935,b0935,N,ssuD,COG2141,,,
b3409,1,30,0.9823718127269576,0.9823718127269844,-2.6978419498391304e-14,0,267.34012826187245,b3409,b3409,N,feoB,COG0370,,,
b2392,2,30,0.9823718127269576,0.9823718127269844,-2.6978419498391304e-14,0,267.34012826187245,b2392,b2392,N,mntH,COG1914,,,
b4290,1,30,0.9823718127269576,0.9823718127269844,-2.6978419498391304e-14,0,267.34012826187245,b4290,b4290,N,fecB,COG4594,,,
b4288,1,30,0.9823718127269576,0.9823718127269844,-2.6978419498391304e-14,0,267.34012826187245,b4288,b4288,N,fecD,COG0609,,,
b4287,1,30,0.9823718127269576,0.9823718127269844,-2.6978419498391304e-14,0,267.34012826187245,b4287,b4287,N,fecE,COG1120,,,
b4289,1,30,0.9823718127269576,0.9823718127269844,-2.6978419498391304e-14,0,267.34012826187245,b4289,b4289,N,fecC,COG0609,,,
b4291,1,30,0.9823718127269576,0.9823718127269844,-2.6978419498391304e-14,0,267.34012826187245,b4291,b4291,N,fecA,COG4772,,,
b0589,2,30,0.9823718127269576,0.9823718127269844,-2.6978419498391304e-14,0,267.34012826187245,b0589,b0589,N,fepG,COG4779,,,
b0588,2,30,0.9823718127269576,0.9823718127269844,-2.6978419498391304e-14,0,267.34012826187245,b0588,b0588,N,fepC,COG1120,,,
b0592,2,30,0.9823718127269576,0.9823718127269844,-2.6978419498391304e-14,0,267.34012826187245,b0592,b0592,N,fepB,COG4592,,,
b0590,2,30,0.9823718127269576,0.9823718127269844,-2.6978419498391304e-14,0,267.34012826187245,b0590,b0590,N,fepD,COG0609,,,
b2155,1,30,0.9823718127269576,0.9823718127269844,-2.6978419498391304e-14,0,267.34012826187245,b2155,b2155,N,cirA,COG4771,,,
b0805,1,30,0.9823718127269576,0.9823718127269844,-2.6978419498391304e-14,0,267.34012826187245,b0805,b0805,N,fiu,COG4774,,,
b0150,3,30,0.9823718127269576,0.9823718127269844,-2.6978419498391304e-14,0,267.34012826187245,b0150,b0150,N,fhuA,COG1629,,,
b0584,1,30,0.9823718127269576,0.9823718127269844,-2.6978419498391304e-14,0,267.34012826187245,b0584,b0584,N,fepA,COG4771,,,
b0591,1,30,0.9823718127269576,0.9823718127269844,-2.6978419498391304e-14,0,267.34012826187245,b0591,b0591,N,ybdA,COG0477,,,
b4367,3,30,0.9823718127269576,0.9823718127269844,-2.6978419498391304e-14,0,267.34012826187245,b4367,b4367,N,fhuF,COG4114,,,
b4209,1,239,0.9823718127269576,0.982359882623946,1.193010301137054e-05,0,267.3383899307016,b4209,b4209,N,ytfE,COG2846,,,
b2486,1,30,0.9823718127269576,0.9823718127269676,-1.021405182655144e-14,0,267.34012826187734,b2486,b2486,N,hyfF,COG0651,,,
b4079,1,30,0.9823718127269576,0.9823718127269844,-2.6978419498391304e-14,0,267.34012826187245,b4079,b4079,N,fdhF,COG0243,,,
b2722,2,30,0.9823718127269576,0.9823718127269844,-2.6978419498391304e-14,0,267.34012826187245,b2722,b2722,N,hycD,COG0650,,,
b2719,2,30,0.9823718127269576,0.9823718127269844,-2.6978419498391304e-14,0,267.34012826187245,b2719,b2719,N,hycG,COG3260,,,
b2723,2,30,0.9823718127269576,0.9823718127269844,-2.6978419498391304e-14,0,267.34012826187245,b2723,b2723,N,hycC,COG0651,,,
b2721,2,30,0.9823718127269576,0.9823718127269844,-2.6978419498391304e-14,0,267.34012826187245,b2721,b2721,N,hycE,COG3261,,,
b2485,1,30,0.9823718127269576,0.9823718127269844,-2.6978419498391304e-14,0,267.34012826187245,b2485,b2485,N,hyfE,COG4237,,,
b2484,1,30,0.9823718127269576,0.9823718127269844,-2.6978419498391304e-14,0,267.34012826187245,b2484,b2484,N,hyfD,COG1009,,,
b2724,2,30,0.9823718127269576,0.9823718127269844,-2.6978419498391304e-14,0,267.34012826187245,b2724,b2724,N,hycB,COG1142,,,
b2482,1,30,0.9823718127269576,0.9823718127269844,-2.6978419498391304e-14,0,267.34012826187245,b2482,b2482,N,hyfB,COG0651,,,
b2489,1,30,0.9823718127269576,0.9823718127269844,-2.6978419498391304e-14,0,267.34012826187245,b2489,b2489,N,hyfI,COG3260,,,
b2720,2,30,0.9823718127269576,0.9823718127269844,-2.6978419498391304e-14,0,267.34012826187245,b2720,b2720,N,hycF,COG1143,,,
b2488,1,30,0.9823718127269576,0.9823718127269844,-2.6978419498391304e-14,0,267.34012826187245,b2488,b2488,N,hyfH,COG1143,,,
b2487,1,30,0.9823718127269576,0.9823718127269844,-2.6978419498391304e-14,0,267.34012826187245,b2487,b2487,N,hyfG,COG3261,,,
b3924,5,308,0.9823718127269576,0.9822634765924388,0.0001083361345186,0,267.1379342839705,b3924,b3924,N,fpr,COG1018,,,
b0684,7,440,0.9823718127269576,6.7615160548401395e-16,0.9823718127269568,1,6249.43991118013,b0684,b0684,E,fldA,COG0716,E,u,2
b2895,7,440,0.9823718127269576,0.0,0.9823718127269576,1,6249.439911180066,b2895,b2895,N,fldB,COG0716,,,
b3288,1,30,0.9823718127269576,0.9823718127270314,-7.394085344003544e-14,0,267.3401282618603,b3288,b3288,E,fmt,COG0223,E,u,3
b0025,2,440,0.9823718127269576,4.735619134277613e-16,0.9823718127269572,1,6249.439911179973,b0025,b0025,E,ribF,COG0196,,,
b0937,2,30,0.9823718127269576,0.9823718127269788,-2.1205259770340493e-14,0,267.340128261874,b0937,b0937,N,ssuE,COG0431,,,
b2374,1,30,0.9823718127269576,0.9823718127269734,-1.5876189252139742e-14,0,267.34012826187586,b2374,b2374,N,frc,COG1804,,,
b2492,2,30,0.9823718127269576,0.9823718127269734,-1.5876189252139742e-14,0,267.34012826187586,b2492,b2492,N,focB,COG2116,,,
b0904,2,30,0.9823718127269576,0.9823718127269734,-1.5876189252139742e-14,0,267.34012826187586,b0904,b0904,N,focA,COG2116,,,
b4154,2,30,0.9823718127269576,0.9823718127269734,-1.5876189252139742e-14,0,267.34012826187586,b4154,b4154,N,frdA,COG1053,,,
b4152,2,30,0.9823718127269576,0.9823718127269734,-1.5876189252139742e-14,0,267.34012826187586,b4152,b4152,N,frdC,COG3029,,,
b4153,2,30,0.9823718127269576,0.9823718127269734,-1.5876189252139742e-14,0,267.34012826187586,b4153,b4153,N,frdB,COG0479,,,
b4151,2,30,0.9823718127269576,0.9823718127269734,-1.5876189252139742e-14,0,267.34012826187586,b4151,b4151,N,frdD,COG3080,,,
b2168,1,30,0.9823718127269576,0.9823718127269734,-1.5876189252139742e-14,0,267.34012826187586,b2168,b2168,N,fruK,COG1105,,,
b3371,1,30,0.9823718127269576,0.9823718127269734,-1.5876189252139742e-14,0,267.34012826187586,b3371,b3371,N,frlB,COG2222,,,
b3374,1,30,0.9823718127269576,0.9823718127269734,-1.5876189252139742e-14,0,267.34012826187586,b3374,b3374,N,frlD,COG0524,,,
b3370,2,30,0.9823718127269576,0.9823718127269734,-1.5876189252139742e-14,0,267.34012826187586,b3370,b3370,N,frlA,COG0531,,,
b4321,2,30,0.9823718127269576,0.9823718127269734,-1.5876189252139742e-14,0,267.34012826187586,b4321,b4321,N,gntP,COG2610,,,
b2169,1,30,0.9823718127269576,0.9823718127269734,-1.5876189252139742e-14,0,267.34012826187586,b2169,b2169,N,fruB,COG1925,,,
b2167,1,30,0.9823718127269576,0.9823718127269734,-1.5876189252139742e-14,0,267.34012826187586,b2167,b2167,N,fruA,COG1299,,,
b1232,1,30,0.9823718127269576,0.9823718127269734,-1.5876189252139742e-14,0,267.34012826187586,b1232,b1232,N,purU,COG0788,,,
b2801,1,30,0.9823718127269576,0.9823718127269734,-1.5876189252139742e-14,0,267.34012826187586,b2801,b2801,N,fucP,COG0738,,,
b1611,1,453,0.9823718127269576,0.9027057627323584,0.079666049994599,0,3767.725657546405,b1611,b1611,N,fumC,COG0114,,,
b1612,1,453,0.9823718127269576,0.9027057627325143,0.079666049994443,0,3767.725657556103,b1612,b1612,N,fumA,COG1838,,,
b0621,4,31,0.9823718127269576,0.9823718127269868,-2.9420910152566655e-14,0,303.2643332811337,b0621,b0621,N,dcuC,COG3069,,,
b3730,2,440,0.9823718127269576,-2.760267129403464e-16,0.9823718127269576,1,4860.653224752334,b3730,b3730,E,glmU,COG1207,E,u,3
b3789,1,31,0.9823718127269576,0.9823718127269794,-2.1871393585115584e-14,0,303.26433328113313,b3789,b3789,N,rffH,COG1209,,,
b2039,1,31,0.9823718127269576,0.9823718127269794,-2.1871393585115584e-14,0,303.26433328113313,b2039,b2039,N,rfbA,COG1209,,,
b0154,1,444,0.9823718127269576,5.910387306194869e-16,0.982371812726957,1,6780.445650131067,b0154,b0154,E,hemL,COG0001,N,u,1
b2533,2,31,0.9823718127269576,0.9823718127269802,-2.2648549702353197e-14,0,303.26433328113313,b2533,b2533,E,suhB,COG0483,N,N,0
b4055,17,31,0.9823718127269576,0.9823718127269754,-1.787459069646502e-14,0,303.2643332811328,b4055,b4055,N,aphA,COG3700,,,
b3451,7,37,0.9823718127269576,0.9823718127269754,-1.787459069646502e-14,0,303.2925014014119,b3451,b3451,N,ugpE,COG0395,,,
b3452,7,37,0.9823718127269576,0.9823718127269754,-1.787459069646502e-14,0,303.2925014014119,b3452,b3452,N,ugpA,COG1175,,,
b3453,7,37,0.9823718127269576,0.9823718127269754,-1.787459069646502e-14,0,303.2925014014119,b3453,b3453,N,ugpB,COG1653,,,
b3450,7,37,0.9823718127269576,0.9823718127269754,-1.787459069646502e-14,0,303.2925014014119,b3450,b3450,N,ugpC,COG3839,,,
b3608,1,438,0.9823718127269576,-1.0993846592890865e-15,0.9823718127269586,1,6386.921377241836,b3608,b3608,E,gpsA,COG0240,N,N,-1
b2242,3,37,0.9823718127269576,0.9823718127269756,-1.8207657603852567e-14,0,303.292501401412,b2242,b2242,N,glpB,COG3075,,,
b2241,3,37,0.9823718127269576,0.9823718127269754,-1.787459069646502e-14,0,303.2925014014119,b2241,b2241,N,glpA,COG0578,,,
b2243,3,37,0.9823718127269576,0.9823718127269754,-1.787459069646502e-14,0,303.2925014014119,b2243,b2243,N,glpC,COG0247,,,
b3426,1,37,0.9823718127269576,0.9823718127269754,-1.787459069646502e-14,0,303.2925014014119,b3426,b3426,N,glpD,COG0578,,,
b0243,1,334,0.9823718127269576,0.9814719407360808,0.0008998719908768,0,304.2304302686993,b0243,b0243,N,proA,COG0014,,,
b0678,1,37,0.9823718127269576,0.982371812726984,-2.642330798607873e-14,0,303.2925014014126,b0678,b0678,N,nagB,COG0363,,,
b1852,1,420,0.9823718127269576,0.9755115436722516,0.0068602690547059,0,568.4449619919969,b1852,b1852,N,zwf,COG0364,,,
b3128,1,37,0.9823718127269576,0.9823718127269776,-2.009503674571533e-14,0,303.2925014014121,b3128,b3128,N,garD,COG2721,,,
b4358,1,37,0.9823718127269576,0.9823718127269744,-1.6764367671839864e-14,0,303.29250140141176,b4358,b4358,N,yjjN,COG1063,,,
b4356,1,37,0.9823718127269576,0.9823718127269744,-1.6764367671839864e-14,0,303.29250140141176,b4356,b4356,N,yjiZ,COG0477,,,
b3127,3,37,0.9823718127269576,0.9823718127269744,-1.6764367671839864e-14,0,303.29250140141176,b3127,b3127,N,garP,COG0477,,,
b2789,3,37,0.9823718127269576,0.9823718127269744,-1.6764367671839864e-14,0,303.29250140141176,b2789,b2789,N,gudP,COG0477,,,
b0757,1,37,0.9823718127269576,0.9823718127269744,-1.6764367671839864e-14,0,303.29250140141176,b0757,b0757,N,galK,COG0153,,,
b2045,1,37,0.9823718127269576,0.9823718127269744,-1.6764367671839864e-14,0,303.29250140141176,b2045,b2045,N,wcaK,COG2327,,,
b0756,1,37,0.9823718127269576,0.9823718127269744,-1.6764367671839864e-14,0,303.29250140141176,b0756,b0756,N,galM,COG2017,,,
b4119,1,37,0.9823718127269576,0.9823718127269744,-1.6764367671839864e-14,0,303.29250140141176,b4119,b4119,N,melA,COG1486,,,
b3628,1,37,0.9823718127269576,0.9823718127269744,-1.6764367671839864e-14,0,303.29250140141176,b3628,b3628,N,rfaB,COG0438,,,
b2093,1,37,0.9823718127269576,0.9823718127269744,-1.6764367671839864e-14,0,303.29250140141176,b2093,b2093,N,gatB,COG3414,,,
b2092,1,37,0.9823718127269576,0.9823718127269744,-1.6764367671839864e-14,0,303.29250140141176,b2092,b2092,N,gatC,COG3775,,,
b2094,1,37,0.9823718127269576,0.9823718127269744,-1.6764367671839864e-14,0,303.29250140141176,b2094,b2094,N,gatA,COG1762,,,
b3093,2,37,0.9823718127269576,0.9823718127269744,-1.6764367671839864e-14,0,303.29250140141176,b3093,b3093,N,exuT,COG0477,,,
b1236,1,37,0.9823718127269576,0.9823718127269744,-1.6764367671839864e-14,0,303.29250140141176,b1236,b1236,N,galU,COG1210,,,
b4230,2,37,0.9823718127269576,0.9823718127269744,-1.6764367671839864e-14,0,303.29250140141176,b4230,b4230,N,ytfT,COG1172,,,
b2148,2,37,0.9823718127269576,0.9823718127269744,-1.6764367671839864e-14,0,303.29250140141176,b2148,b2148,N,mglC,COG4211,,,
b2149,2,37,0.9823718127269576,0.9823718127269744,-1.6764367671839864e-14,0,303.29250140141176,b2149,b2149,N,mglA,COG1129,,,
b2150,2,37,0.9823718127269576,0.9823718127269744,-1.6764367671839864e-14,0,303.29250140141176,b2150,b2150,N,mglB,COG1879,,,
b4231,2,37,0.9823718127269576,0.9823718127269744,-1.6764367671839864e-14,0,303.29250140141176,b4231,b4231,N,yjfF,COG1172,,,
b4227,2,37,0.9823718127269576,0.9823718127269744,-1.6764367671839864e-14,0,303.29250140141176,b4227,b4227,N,ytfQ,COG1879,,,
b2943,2,37,0.9823718127269576,0.9823718127269744,-1.6764367671839864e-14,0,303.29250140141176,b2943,b2943,N,galP,COG0477,,,
b2500,1,355,0.9823718127269576,0.9808359597901825,0.001535852936775,0,304.5795008245388,b2500,b2500,N,purN,COG0299,,,
b1415,2,438,0.9823718127269576,1.4806883824448114e-15,0.982371812726956,1,6386.921377241564,b1415,b1415,N,aldA,COG1012,,,
b2052,2,37,0.9823718127269576,0.9823718127269724,-1.4765966227514582e-14,0,303.2925014014124,b2052,b2052,N,fcl,COG0451,,,
b2784,2,37,0.9823718127269576,0.9823718127269808,-2.320366121466577e-14,0,303.2925014014123,b2784,b2784,N,relA,COG0317,,,
b3650,3,37,0.9823718127269576,0.9823718127269808,-2.320366121466577e-14,0,303.2925014014123,b3650,b3650,E,spoT,COG0317,E,u,2.5
b2051,1,37,0.9823718127269576,0.9823718127269808,-2.320366121466577e-14,0,303.2925014014123,b2051,b2051,N,nudD,COG0494,,,
b2467,1,37,0.9823718127269576,0.9823718127269808,-2.320366121466577e-14,0,303.2925014014123,b2467,b2467,N,yffH,COG0494,,,
b3729,1,440,0.9823718127269576,1.2883107105407541e-22,0.9823718127269576,1,4860.653224752429,b3729,b3729,E,glmS,COG0449,N,u,1
b1301,1,37,0.9823718127269576,0.9823718127269648,-7.438494264988549e-15,0,303.292501401411,b1301,b1301,N,puuB,COG0665,,,
b3882,1,39,0.9823718127269576,0.9823718127269824,-2.4980018054066022e-14,0,305.9127742482751,b3882,b3882,N,yihU,COG2084,,,
b3432,1,39,0.9823718127269576,0.9823718127269792,-2.1649348980190556e-14,0,305.91277424827456,b3432,b3432,N,glgB,COG0296,,,
b0459,2,39,0.9823718127269576,0.9823718127269792,-2.1649348980190556e-14,0,305.91277424827456,b0459,b0459,N,maa,COG0110,,,
b0124,1,39,0.9823718127269576,0.9823718127269792,-2.1649348980190556e-14,0,305.91277424827456,b0124,b0124,N,gcd,COG4993,,,
b0837,1,39,0.9823718127269576,0.9823718127269792,-2.1649348980190556e-14,0,305.91277424827456,b0837,b0837,N,yliI,COG2133,,,
b3428,2,39,0.9823718127269576,0.9823718127269792,-2.1649348980190556e-14,0,305.91277424827456,b3428,b3428,N,glgP,COG0058,,,
b3126,1,39,0.9823718127269576,0.9823718127269792,-2.1649348980190556e-14,0,305.91277424827456,b3126,b3126,N,garL,COG3836,,,
b2787,1,39,0.9823718127269576,0.9823718127269792,-2.1649348980190556e-14,0,305.91277424827456,b2787,b2787,N,gudD,COG4948,,,
b2788,1,39,0.9823718127269576,0.9823718127269792,-2.1649348980190556e-14,0,305.91277424827456,b2788,b2788,N,gudX,COG4948,,,
b3429,1,39,0.9823718127269576,0.9823718127269792,-2.1649348980190556e-14,0,305.91277424827456,b3429,b3429,N,glgA,COG0297,,,
b3631,1,39,0.9823718127269576,0.9823718127269792,-2.1649348980190556e-14,0,305.91277424827456,b3631,b3631,N,rfaG,COG0438,,,
b3627,1,39,0.9823718127269576,0.9823718127269792,-2.1649348980190556e-14,0,305.91277424827456,b3627,b3627,N,rfaI,COG1442,,,
b3626,1,39,0.9823718127269576,0.9823718127269792,-2.1649348980190556e-14,0,305.91277424827456,b3626,b3626,N,rfaJ,COG1442,,,
b1621,2,430,0.9823718127269576,0.972002678119349,0.0103691346076084,0,717.0531584144244,b1621,b1621,N,malX,COG1263,,,
b3431,1,39,0.9823718127269576,0.9823718127269756,-1.7985612998927536e-14,0,305.9127742482741,b3431,b3431,N,glgX,COG1523,,,
b3430,1,39,0.9823718127269576,0.9823718127269752,-1.7763568394002505e-14,0,305.91277424827416,b3430,b3430,N,glgC,COG0448,,,
b3870,1,440,0.9823718127269576,3.7079329919974164e-30,0.9823718127269576,1,4860.653224752386,b3870,b3870,N,glnA,COG0174,,,
b0680,1,42,0.9823718127269576,0.9823718127269876,-2.9976021664879227e-14,0,305.9105066365382,b0680,b0680,E,glnS,COG0008,E,u,3
b0809,1,42,0.9823718127269576,0.9823718127269704,-1.2989609388114332e-14,0,305.9105066365362,b0809,b0809,N,glnQ,COG1126,,,
b0810,1,42,0.9823718127269576,0.9823718127269704,-1.2989609388114332e-14,0,305.9105066365362,b0810,b0810,N,glnP,COG0765,,,
b0811,1,42,0.9823718127269576,0.9823718127269704,-1.2989609388114332e-14,0,305.9105066365362,b0811,b0811,N,glnH,COG0834,,,
b2091,1,42,0.9823718127269576,0.9823718127269704,-1.2989609388114332e-14,0,305.9105066365362,b2091,b2091,N,gatD,COG1063,,,
b0242,1,336,0.9823718127269576,0.981471940736075,0.0008998719908824,0,307.17422682131047,b0242,b0242,N,proB,COG0263,,,
b1492,1,42,0.9823718127269576,0.9823718127269884,-3.086420008457935e-14,0,305.9105066365385,b1492,b1492,N,gadC,COG0531,,,
b2688,1,42,0.9823718127269576,0.9823718127269704,-1.2989609388114332e-14,0,305.9105066365362,b2688,b2688,N,gshA,COG2918,,,
b1493,1,42,0.9823718127269576,0.9823718127269704,-1.2989609388114332e-14,0,305.9105066365362,b1493,b1493,N,gadB,COG0076,,,
b3517,1,42,0.9823718127269576,0.9823718127269704,-1.2989609388114332e-14,0,305.9105066365362,b3517,b3517,N,gadA,COG0076,,,
b1761,1,431,0.9823718127269576,0.9487730068948004,0.0335988058321572,0,573.9308284389793,b1761,b1761,N,gdhA,COG0334,,,
b1524,1,42,0.9823718127269576,0.9823718127269774,-1.9872992140790302e-14,0,305.910506636537,b1524,b1524,N,yneH,COG2066,,,
b0485,1,42,0.9823718127269576,0.9823718127269744,-1.6986412276764895e-14,0,305.9105066365365,b0485,b0485,N,ybaS,COG2066,,,
b2312,1,440,0.9823718127269576,-2.4332219246049907e-14,0.9823718127269818,1,6390.158839157728,b2312,b2312,N,purF,COG0034,,,
b3967,1,440,0.9823718127269576,6.485153454920422e-17,0.9823718127269574,1,6390.1588391575415,b3967,b3967,E,murI,COG0796,E,u,3
b3213,1,42,0.9823718127269576,0.9823718127269876,-2.9976021664879227e-14,0,305.9105066365379,b3213,b3213,N,gltD,COG0493,,,
b3212,1,42,0.9823718127269576,0.9823718127269744,-1.6986412276764895e-14,0,305.9105066365365,b3212,b3212,N,gltB,COG0067,,,
b1210,1,440,0.9823718127269576,0.0,0.9823718127269576,1,6390.158839157536,b1210,b1210,E,hemA,COG0373,N,u,0.5
b2400,1,440,0.9823718127269576,0.0,0.9823718127269576,1,6390.1588391575415,b2400,b2400,E,gltX,COG0008,E,u,3
b3653,1,42,0.9823718127269576,0.9823718127269752,-1.7652546091539992e-14,0,305.9105066365368,b3653,b3653,N,gltS,COG0786,,,
b0507,1,42,0.9823718127269576,0.9823718127269744,-1.6986412276764895e-14,0,305.9105066365365,b0507,b0507,N,gcl,COG3960,,,
b3927,3,42,0.9823718127269576,0.9823718127269744,-1.6986412276764895e-14,0,305.9105066365365,b3927,b3927,N,glpF,COG0580,,,
b3617,1,42,0.9823718127269576,0.9823718127269744,-1.6986412276764895e-14,0,305.9105066365365,b3617,b3617,N,kbl,COG0156,,,
b2240,1,42,0.9823718127269576,0.9823718127269744,-1.6986412276764895e-14,0,305.9105066365365,b2240,b2240,N,glpT,COG2271,,,
b0514,1,42,0.9823718127269576,0.9823718127269744,-1.6986412276764895e-14,0,305.9105066365365,b0514,b0514,N,glxK,COG1929,,,
b2904,1,313,0.9823718127269576,0.9822049749742512,0.0001668377527064,0,306.0946134209555,b2904,b2904,N,gcvH,COG0509,,,
b2903,1,313,0.9823718127269576,0.982204974974257,0.0001668377527005,0,306.09461342095614,b2903,b2903,N,gcvP,COG0403,,,
b2905,1,313,0.9823718127269576,0.982204974974257,0.0001668377527005,0,306.09461342095614,b2905,b2905,N,gcvT,COG0404,,,
b1033,4,42,0.9823718127269576,0.98237181272698,-2.242650509742816e-14,0,305.91050663653726,b1033,b1033,N,ycdW,COG0111,,,
b2979,3,255,0.9823718127269576,0.9823568206923728,1.499203458465992e-05,0,305.91637250029106,b2979,b2979,N,glcD,COG0277,,,
b3926,1,38,0.9823718127269576,0.9823718127269722,-1.4654943925052066e-14,0,305.9105049088536,b3926,b3926,N,glpK,COG0554,,,
b0212,1,38,0.9823718127269576,0.9823718127269792,-2.1649348980190556e-14,0,305.9105049088544,b0212,b0212,N,gloB,COG0491,,,
b3559,1,38,0.9823718127269576,0.9823718127269792,-2.1649348980190556e-14,0,305.9105049088544,b3559,b3559,N,glyS,COG0751,,,
b3560,1,38,0.9823718127269576,0.9823718127269792,-2.1649348980190556e-14,0,305.9105049088544,b3560,b3560,E,glyQ,COG0752,E,N,2
b2053,1,38,0.9823718127269576,0.9823718127269792,-2.1649348980190556e-14,0,305.9105049088544,b2053,b2053,N,gmd,COG1089,,,
b3052,2,38,0.9823718127269576,0.9823718127269792,-2.1649348980190556e-14,0,305.9105049088544,b3052,b3052,N,rfaE,COG2870,,,
b0200,1,38,0.9823718127269576,0.9823718127269792,-2.1649348980190556e-14,0,305.9105049088544,b0200,b0200,N,gmhB,COG0241,,,
b0104,1,38,0.9823718127269576,0.9823718127269792,-2.1649348980190556e-14,0,305.9105049088544,b0104,b0104,N,guaC,COG0516,,,
b2507,1,440,0.9823718127269576,7.559352243083071e-17,0.9823718127269574,1,6390.15883915757,b2507,b2507,N,guaA,COG0518,,,
b2029,1,418,0.9823718127269576,0.975511543672254,0.0068602690547033,0,177.61318854114708,b2029,b2029,N,gnd,COG0362,,,
b3437,1,33,0.9823718127269576,0.9823718127269754,-1.787459069646502e-14,0,2.942748229487914,b3437,b3437,N,gntK,COG3265,,,
b4268,1,33,0.9823718127269576,0.982371812726972,-1.4432899320127035e-14,0,2.942748229487845,b4268,b4268,N,idnK,COG3265,,,
b3449,5,33,0.9823718127269576,0.982371812726972,-1.4432899320127035e-14,0,2.942748229487845,b3449,b3449,N,ugpQ,COG0584,,,
b2239,5,33,0.9823718127269576,0.982371812726972,-1.4432899320127035e-14,0,2.942748229487845,b2239,b2239,N,glpQ,COG0584,,,
b1654,6,28,0.9823718127269576,0.982371812726972,-1.4432899320127035e-14,0,2.6462809748344718,b1654,b1654,N,ydhD,COG0278,,,
b3610,6,28,0.9823718127269576,0.9823718127269724,-1.4765966227514582e-14,0,2.646280974834461,b3610,b3610,N,grxC,COG0695,,,
b0849,6,28,0.9823718127269576,0.9823718127269724,-1.4765966227514582e-14,0,2.646280974834461,b0849,b0849,N,grxA,COG0695,,,
b0477,2,28,0.9823718127269576,0.9823718127269724,-1.4765966227514582e-14,0,2.646280974834461,b0477,b0477,N,gsk,COG0524,,,
b2988,2,28,0.9823718127269576,0.9823718127269724,-1.4765966227514582e-14,0,2.646280974834461,b2988,b2988,N,gss,COG0754,,,
b3500,1,28,0.9823718127269576,0.9823718127269724,-1.4765966227514582e-14,0,2.646280974834461,b3500,b3500,N,gor,COG1249,,,
b1710,2,28,0.9823718127269576,0.9823718127269724,-1.4765966227514582e-14,0,2.646280974834461,b1710,b1710,N,btuE,COG0386,,,
b3447,1,28,0.9823718127269576,0.9823718127269724,-1.4765966227514582e-14,0,2.646280974834461,b3447,b3447,N,ggt,COG0405,,,
b0832,1,28,0.9823718127269576,0.9823718127269724,-1.4765966227514582e-14,0,2.646280974834461,b0832,b0832,N,yliD,COG1173,,,
b0829,1,28,0.9823718127269576,0.9823718127269724,-1.4765966227514582e-14,0,2.646280974834461,b0829,b0829,N,yliA,COG1123,,,
b0831,1,28,0.9823718127269576,0.9823718127269724,-1.4765966227514582e-14,0,2.646280974834461,b0831,b0831,N,yliC,COG0601,,,
b0830,1,28,0.9823718127269576,0.9823718127269724,-1.4765966227514582e-14,0,2.646280974834461,b0830,b0830,N,yliB,COG0747,,,
b2947,1,28,0.9823718127269576,0.9823718127269724,-1.4765966227514582e-14,0,2.646280974834461,b2947,b2947,N,gshB,COG0189,,,
b2153,1,438,0.9823718127269576,-6.906449103125618e-16,0.9823718127269582,1,6063.592705758266,b2153,b2153,E,folE,COG0302,N,u,1
b1277,1,438,0.9823718127269576,0.0,0.9823718127269576,1,6063.592705758205,b1277,b1277,E,ribA,COG0807,N,u,1
b2883,1,28,0.9823718127269576,0.9823718127269724,-1.4765966227514582e-14,0,2.646280974834461,b2883,b2883,N,guaD,COG0402,,,
b0238,3,28,0.9823718127269576,0.9823718127269724,-1.4765966227514582e-14,0,2.646280974834461,b0238,b0238,N,gpt,COG0503,,,
b3092,2,28,0.9823718127269576,0.9823718127269724,-1.4765966227514582e-14,0,2.646280974834461,b3092,b3092,N,uxaC,COG1904,,,
b0957,1,464,0.9823718127269576,0.3286782581955088,0.6536935545314486,0,17121.514206814052,b0957,b0957,N,ompA,COG2885,,,
b0875,1,468,0.9823718127269576,0.3772057054034193,0.6051661073235381,0,20812.91412342768,b0875,b0875,N,aqpZ,COG0580,,,
b1395,1,28,0.9823718127269576,0.9823718127270128,-5.540012892879532e-14,0,2.6462809748360963,b1395,b1395,N,paaH,COG1250,,,
b4040,1,438,0.9823718127269576,1.0993846592890865e-15,0.9823718127269564,1,6063.592705758487,b4040,b4040,E,ubiA,COG0382,N,u,0.5
b0353,2,28,0.9823718127269576,0.9823718127269796,-2.220446049250313e-14,0,2.646280974834672,b0353,b0353,N,mhpT,COG0477,,,
b0339,1,438,0.9823718127269576,8.200478040474157e-14,0.9823718127268756,1,4504.473701062144,b0339,b0339,N,cynT,COG0288,,,
b0126,1,438,0.9823718127269576,-4.263603644542154e-14,0.982371812727,1,4504.47370106299,b0126,b0126,E,can,COG0288,E,u,3
b0261,2,28,0.9823718127269576,0.982371812726984,-2.642330798607873e-14,0,2.6462809748349376,b0261,b0261,N,mmuM,COG2040,,,
b0428,1,28,0.9823718127269576,0.9823718127269824,-2.4868995751603507e-14,0,2.6462809748348217,b0428,b0428,N,cyoE,COG0109,,,
b3621,1,28,0.9823718127269576,0.9823718127269824,-2.4868995751603507e-14,0,2.6462809748348217,b3621,b3621,N,rfaC,COG0859,,,
b3620,1,28,0.9823718127269576,0.9823718127269824,-2.4868995751603507e-14,0,2.6462809748348217,b3620,b3620,N,rfaF,COG0859,,,
b3632,1,28,0.9823718127269576,0.9823718127269824,-2.4868995751603507e-14,0,2.6462809748348217,b3632,b3632,N,rfaQ,COG0859,,,
b3623,1,28,0.9823718127269576,0.9823718127269824,-2.4868995751603507e-14,0,2.6462809748348217,b3623,b3623,E,rfaK,COG0859,N,u,0
b2104,1,28,0.9823718127269576,0.9823718127269824,-2.4868995751603507e-14,0,2.6462809748348217,b2104,b2104,N,thiM,COG2145,,,
b2388,1,28,0.9823718127269576,0.9823718127269824,-2.4868995751603507e-14,0,2.6462809748348217,b2388,b2388,N,glk,COG0837,,,
b0394,1,28,0.9823718127269576,0.9823718127269824,-2.4868995751603507e-14,0,2.6462809748348217,b0394,b0394,N,mak,COG1940,,,
b2020,1,438,0.9823718127269576,-1.0993846592890865e-15,0.9823718127269586,1,6063.592705758507,b2020,b2020,N,hisD,COG0141,,,
b2022,2,438,0.9823718127269576,0.0,0.9823718127269576,1,6063.592705758263,b2022,b2022,N,hisB,COG0131,,,
b2514,1,28,0.9823718127269576,0.9823718127269778,-2.0317081350640365e-14,0,2.64628097483465,b2514,b2514,E,hisS,COG0124,E,u,3
b2309,1,28,0.9823718127269576,0.9823718127269824,-2.4868995751603507e-14,0,2.6462809748348217,b2309,b2309,N,hisJ,COG0834,,,
b0112,4,28,0.9823718127269576,0.9823718127269824,-2.4868995751603507e-14,0,2.6462809748348217,b0112,b0112,N,aroP,COG1113,,,
b2418,4,28,0.9823718127269576,0.9823718127269851,-2.76445533131664e-14,0,2.646280974834893,b2418,b2418,N,pdxK,COG2240,,,
b2103,2,438,0.9823718127269576,0.0,0.9823718127269576,1,6063.592705758463,b2103,b2103,N,thiD,COG0351,,,
b0813,2,28,0.9823718127269576,0.9823718127269808,-2.3314683517128287e-14,0,2.6462809748347635,b0813,b0813,N,rhtA,COG5006,,,
b0352,1,28,0.9823718127269576,0.9823718127269824,-2.4868995751603507e-14,0,2.6462809748348217,b0352,b0352,N,mhpE,COG4569,,,
b0142,1,438,0.9823718127269576,-1.5490329849383226e-12,0.9823718127285064,1,6063.5927057712815,b0142,b0142,E,folK,COG0801,N,u,1
b0508,1,28,0.9823718127269576,0.9823718127269768,-1.9206858326015208e-14,0,2.646280974834583,b0508,b0508,N,hyi,COG3622,,,
b0003,1,438,0.9823718127269576,-1.0993846592890865e-15,0.9823718127269586,1,6063.592705758513,b0003,b0003,N,thrB,COG0083,,,
b4013,1,438,0.9823718127269576,0.0,0.9823718127269576,1,6063.592705758255,b4013,b4013,N,metA,COG1897,,,
b2021,1,438,0.9823718127269576,0.0,0.9823718127269576,1,6063.592705758188,b2021,b2021,N,hisC,COG0079,,,
b2867,2,28,0.9823718127269576,0.9823718127269824,-2.4980018054066022e-14,0,2.6462809748348244,b2867,b2867,N,xdhB,COG1319,,,
b2866,2,28,0.9823718127269576,0.9823718127269824,-2.4868995751603507e-14,0,2.6462809748348217,b2866,b2866,N,xdhA,COG1529,,,
b2868,2,28,0.9823718127269576,0.9823718127269824,-2.4868995751603507e-14,0,2.6462809748348217,b2868,b2868,N,xdhC,COG2080,,,
b2994,3,28,0.9823718127269576,0.9823718127269824,-2.4868995751603507e-14,0,2.6462809748348217,b2994,b2994,N,hybC,COG0374,,,
b0973,3,28,0.9823718127269576,0.9823718127269824,-2.4868995751603507e-14,0,2.6462809748348217,b0973,b0973,N,hyaB,COG0374,,,
b0974,3,28,0.9823718127269576,0.9823718127269824,-2.4868995751603507e-14,0,2.6462809748348217,b0974,b0974,N,hyaC,COG1969,,,
b2997,3,28,0.9823718127269576,0.9823718127269824,-2.4868995751603507e-14,0,2.6462809748348217,b2997,b2997,N,hybO,COG1740,,,
b2996,3,28,0.9823718127269576,0.9823718127269824,-2.4868995751603507e-14,0,2.6462809748348217,b2996,b2996,N,hybA,COG0437,,,
b0972,3,28,0.9823718127269576,0.9823718127269824,-2.4868995751603507e-14,0,2.6462809748348217,b0972,b0972,N,hyaA,COG1740,,,
b2529,6,128,0.9823718127269576,0.9823695798851084,2.232841849081346e-06,0,2.64631442032987,b2529,b2529,N,iscU,COG0822,,,
b3807,4,438,0.9823718127269576,-1.0993846592890865e-15,0.9823718127269586,1,6063.5927057580175,b3807,b3807,N,cyaY,COG1965,,,
b2528,2,128,0.9823718127269576,0.9823695798850964,2.232841861071755e-06,0,2.6463144203294893,b2528,b2528,N,iscA,COG0316,,,
b1136,1,438,0.9823718127269576,2.198769318578173e-15,0.9823718127269552,1,6063.592705758052,b1136,b1136,N,icd,COG0538,,,
b0593,1,31,0.9823718127269576,0.982371812726974,-1.6542323066914832e-14,0,2.9630851621835808,b0593,b0593,N,entC,COG1169,,,
b0595,1,31,0.9823718127269576,0.982371812726974,-1.6542323066914832e-14,0,2.9630851621835808,b0595,b0595,N,entB,COG1535,,,
b4015,1,31,0.9823718127269576,0.982371812726974,-1.6542323066914832e-14,0,2.9630851621835808,b4015,b4015,N,aceA,COG2224,,,
b4267,2,31,0.9823718127269576,0.982371812726974,-1.6542323066914832e-14,0,2.9630851621835808,b4267,b4267,N,idnD,COG1063,,,
b2023,1,438,0.9823718127269576,-1.0993846592890865e-15,0.9823718127269586,1,6063.592705758503,b2023,b2023,N,hisH,COG0118,,,
b2025,1,438,0.9823718127269576,0.0,0.9823718127269576,1,6063.59270575823,b2025,b2025,N,hisF,COG0107,,,
b1262,2,438,0.9823718127269576,0.0,0.9823718127269576,1,6063.59270575823,b1262,b1262,N,trpC,COG0134,,,
b0026,1,31,0.9823718127269576,0.982371812726982,-2.4535928844215963e-14,0,2.963085162183888,b0026,b0026,N,ileS,COG0060,,,
b0401,3,31,0.9823718127269576,0.982371812726974,-1.6542323066914832e-14,0,2.9630851621835808,b0401,b0401,N,brnQ,COG1114,,,
b2508,1,332,0.9823718127269576,0.981379785359556,0.0009920273674014,0,2.644354856031267,b2508,b2508,N,guaB,COG0516,,,
b3265,1,31,0.9823718127269576,0.9823718127269768,-1.9428902930940243e-14,0,2.9630851621837224,b3265,b3265,N,acrE,COG0845,,,
b3266,1,31,0.9823718127269576,0.9823718127269756,-1.7985612998927536e-14,0,2.963085162183648,b3266,b3266,N,acrF,COG0841,,,
b3161,2,31,0.9823718127269576,0.9823718127269756,-1.7985612998927536e-14,0,2.963085162183648,b3161,b3161,N,mtr,COG0814,,,
b3679,1,31,0.9823718127269576,0.9823718127269756,-1.7985612998927536e-14,0,2.963085162183648,b3679,b3679,N,yidK,COG4146,,,
b2889,1,31,0.9823718127269576,0.9823718127269756,-1.7985612998927536e-14,0,2.963085162183648,b2889,b2889,N,idi,COG1443,,,
b0071,2,438,0.9823718127269576,0.0,0.9823718127269576,1,6063.592705758242,b0071,b0071,N,leuD,COG0066,,,
b0072,2,438,0.9823718127269576,0.0,0.9823718127269576,1,6063.592705758207,b0072,b0072,N,leuC,COG0065,,,
b0074,1,438,0.9823718127269576,0.0,0.9823718127269576,1,6063.592705758207,b0074,b0074,N,leuA,COG0119,,,
b0918,1,439,0.9823718127269576,1.4250232379417314e-14,0.9823718127269432,1,3372.637075277265,b0918,b0918,E,kdsB,COG1212,E,u,3
b3198,1,439,0.9823718127269576,0.0,0.9823718127269576,1,3372.637075277383,b3198,b3198,N,kdsC,COG1778,,,
b1215,1,439,0.9823718127269576,0.0,0.9823718127269576,1,3372.637075277383,b1215,b1215,E,kdsA,COG2877,E,u,2
b4196,1,31,0.9823718127269576,0.9823718127269911,-3.3639757646142243e-14,0,2.963085162184215,b4196,b4196,N,ulaD,COG0269,,,
b3581,1,31,0.9823718127269576,0.9823718127269742,-1.6653345369377348e-14,0,2.9630851621836083,b3581,b3581,N,sgbH,COG0269,,,
b0697,1,31,0.9823718127269576,0.9823718127269742,-1.6653345369377348e-14,0,2.9630851621836083,b0697,b0697,N,kdpB,COG2216,,,
b0698,1,31,0.9823718127269576,0.9823718127269742,-1.6653345369377348e-14,0,2.9630851621836083,b0698,b0698,N,kdpA,COG2060,,,
b0696,1,31,0.9823718127269576,0.9823718127269742,-1.6653345369377348e-14,0,2.9630851621836083,b0696,b0696,N,kdpC,COG2156,,,
b1363,1,329,0.9823718127269576,0.9817756836886704,0.0005961290382869,0,3.06413111886411,b1363,b1363,N,trkG,COG0168,,,
b1250,1,329,0.9823718127269576,0.9817756836886704,0.0005961290382869,0,3.06413111886411,b1250,b1250,N,kch,COG1226,,,
b1291,1,329,0.9823718127269576,0.9817756836886704,0.0005961290382869,0,3.06413111886411,b1291,b1291,N,sapD,COG4170,,,
b3290,1,329,0.9823718127269576,0.9817756836886704,0.0005961290382869,0,3.06413111886411,b3290,b3290,N,trkA,COG0569,,,
b0047,1,31,0.9823718127269576,0.9823718127269708,-1.3211653993039364e-14,0,2.963085162183473,b0047,b0047,N,kefC,COG0475,,,
b0842,2,31,0.9823718127269576,0.9823718127269742,-1.6653345369377348e-14,0,2.9630851621836083,b0842,b0842,N,cmr,COG0477,,,
b3350,1,31,0.9823718127269576,0.9823718127269742,-1.6653345369377348e-14,0,2.9630851621836083,b3350,b3350,N,kefB,COG0475,,,
b3605,2,31,0.9823718127269576,0.9823718127269742,-1.6653345369377348e-14,0,2.9630851621836083,b3605,b3605,N,lldD,COG1304,,,
b0306,2,31,0.9823718127269576,0.9823718127269742,-1.6653345369377348e-14,0,2.9630851621836083,b0306,b0306,N,ykgE,COG0247,,,
b0307,2,31,0.9823718127269576,0.9823718127269742,-1.6653345369377348e-14,0,2.9630851621836083,b0307,b0307,N,ykgF,COG1139,,,
b2257,1,31,0.9823718127269576,0.9823718127269742,-1.6653345369377348e-14,0,2.9630851621836083,b2257,b2257,N,arnT,COG1807,,,
b0344,1,31,0.9823718127269576,0.9823718127269742,-1.6653345369377348e-14,0,2.9630851621836083,b0344,b0344,u,lacZ,COG3250,,,
b2132,1,31,0.9823718127269576,0.9823718127269742,-1.6653345369377348e-14,0,2.9630851621836083,b2132,b2132,N,bglX,COG1472,,,
b1326,1,31,0.9823718127269576,0.9823718127269742,-1.6653345369377348e-14,0,2.9630851621836083,b1326,b1326,N,mpaA,COG2866,,,
b4130,2,31,0.9823718127269576,0.9823718127269742,-1.6653345369377348e-14,0,2.9630851621836083,b4130,b4130,N,yjdL,COG3104,,,
b3496,2,31,0.9823718127269576,0.9823718127269742,-1.6653345369377348e-14,0,2.9630851621836083,b3496,b3496,N,yhiP,COG3104,,,
b0709,2,31,0.9823718127269576,0.9823718127269742,-1.6653345369377348e-14,0,2.9630851621836083,b0709,b0709,N,ybgH,COG3104,,,
b1634,2,31,0.9823718127269576,0.9823718127269742,-1.6653345369377348e-14,0,2.9630851621836083,b1634,b1634,N,ydgR,COG3104,,,
b2799,1,31,0.9823718127269576,0.9823718127269742,-1.6653345369377348e-14,0,2.9630851621836083,b2799,b2799,N,fucO,COG1454,,,
b2170,1,31,0.9823718127269576,0.9823718127269742,-1.6653345369377348e-14,0,2.9630851621836083,b2170,b2170,N,setB,COG0477,,,
b0343,1,31,0.9823718127269576,0.9823718127269742,-1.6653345369377348e-14,0,2.9630851621836083,b0343,b0343,N,lacY,COG0477,,,
b1380,1,31,0.9823718127269576,0.9823718127269742,-1.6653345369377348e-14,0,2.9630851621836083,b1380,b1380,N,ldhA,COG1052,,,
b2133,2,31,0.9823718127269576,0.9823718127269742,-1.6653345369377348e-14,0,2.9630851621836083,b2133,b2133,N,dld,COG0277,,,
b4054,3,444,0.9823718127269576,0.0,0.9823718127269576,1,6429.31019860266,b4054,b4054,N,tyrB,COG1448,,,
b0642,1,31,0.9823718127269576,0.9823718127269728,-1.5432100042289676e-14,0,2.9630851621835523,b0642,b0642,E,leuS,COG0495,E,u,3
b3458,1,31,0.9823718127269576,0.9823718127269856,-2.8088642523016464e-14,0,2.9630851621839813,b3458,b3458,N,livK,COG0683,,,
b1651,1,31,0.9823718127269576,0.9823718127269856,-2.8088642523016464e-14,0,2.9630851621839813,b1651,b1651,N,gloA,COG0346,,,
b4386,3,31,0.9823718127269576,0.9823718127269856,-2.8088642523016464e-14,0,2.9630851621839813,b4386,b4386,N,lplA,COG0095,,,
b0630,1,31,0.9823718127269576,0.9823718127269856,-2.8088642523016464e-14,0,2.9630851621839813,b0630,b0630,N,lipB,COG0321,,,
b0628,1,31,0.9823718127269576,0.9823718127269856,-2.8088642523016464e-14,0,2.9630851621839813,b0628,b0628,N,lipA,COG0320,,,
b0182,1,438,0.9823718127269576,6.929719559086865e-16,0.9823718127269568,1,4504.473701062788,b0182,b0182,E,lpxB,COG0763,E,u,3
b0494,21,31,0.9823718127269576,0.9823718127269708,-1.3211653993039364e-14,0,2.963085162183458,b0494,b0494,N,tesA,COG2755,,,
b0186,1,31,0.9823718127269576,0.9823718127269784,-2.0761170560490427e-14,0,2.9630851621837717,b0186,b0186,N,ldcC,COG1982,,,
b4131,1,31,0.9823718127269576,0.9823718127269784,-2.0761170560490427e-14,0,2.9630851621837717,b4131,b4131,N,cadA,COG1982,,,
b2890,1,31,0.9823718127269576,0.9823718127269784,-2.0761170560490427e-14,0,2.9630851621837717,b2890,b2890,N,lysS,COG1190,,,
b2156,1,31,0.9823718127269576,0.9823718127269784,-2.0761170560490427e-14,0,2.9630851621837717,b2156,b2156,N,lysP,COG0833,,,
b3907,2,31,0.9823718127269576,0.9823718127269784,-2.0761170560490427e-14,0,2.9630851621837717,b3907,b3907,N,rhaT,COG0697,,,
b3600,1,31,0.9823718127269576,0.9823718127269784,-2.0761170560490427e-14,0,2.9630851621837717,b3600,b3600,N,mtlD,COG0246,,,
b0777,1,444,0.9823718127269576,-1.0993846592890865e-15,0.9823718127269586,1,6429.310198602455,b0777,b0777,N,bioC,COG0500,,,
b1800,1,31,0.9823718127269576,0.9823718127269756,-1.7985612998927536e-14,0,2.963085162183624,b1800,b1800,N,yeaU,COG0473,,,
b4014,1,107,0.9823718127269576,0.9823697683316764,2.0443952810644817e-06,0,2.9628325312877224,b4014,b4014,N,aceB,COG2225,,,
b2976,1,107,0.9823718127269576,0.9823697683316812,2.0443952761795003e-06,0,2.9628325312878805,b2976,b2976,N,glcB,COG2225,,,
b2049,1,31,0.9823718127269576,0.9823718127269806,-2.3092638912203256e-14,0,2.963085162183821,b2049,b2049,N,cpsB,COG0662,,,
b4323,1,31,0.9823718127269576,0.9823718127269704,-1.2989609388114332e-14,0,2.9630851621834453,b4323,b4323,N,uxuB,COG0246,,,
b0731,1,31,0.9823718127269576,0.9823718127269704,-1.2989609388114332e-14,0,2.9630851621834453,b0731,b0731,N,mngA,COG1445,,,
b0732,1,31,0.9823718127269576,0.9823718127269704,-1.2989609388114332e-14,0,2.9630851621834453,b0732,b0732,N,mngB,COG0383,,,
b0334,1,31,0.9823718127269576,0.9823718127269704,-1.2989609388114332e-14,0,2.9630851621834453,b0334,b0334,N,prpD,COG2079,,,
b0331,1,31,0.9823718127269576,0.9823718127269704,-1.2989609388114332e-14,0,2.9630851621834453,b0331,b0331,N,prpB,COG2513,,,
b0333,1,31,0.9823718127269576,0.9823718127269704,-1.2989609388114332e-14,0,2.9630851621834453,b0333,b0333,N,prpC,COG0372,,,
b1092,1,438,0.9823718127269576,6.448436111394444e-16,0.9823718127269568,1,4504.473701062689,b1092,b1092,E,fabD,COG0331,E,u,3
b0149,5,444,0.9823718127269576,-1.0993846592890865e-15,0.9823718127269586,1,6429.310198601889,b0149,b0149,N,mrcB,COG0744,,,
b0635,2,444,0.9823718127269576,0.0,0.9823718127269576,1,6429.310198602031,b0635,b0635,E,mrdA,COG0768,E,u,3
b3396,5,444,0.9823718127269576,0.0,0.9823718127269576,1,6429.310198601976,b3396,b3396,N,mrcA,COG5009,,,
b0084,2,444,0.9823718127269576,0.0,0.9823718127269576,1,6429.310198601976,b0084,b0084,E,ftsI,COG0768,E,u,3
b0839,5,28,0.9823718127269576,0.9823718127269724,-1.4765966227514582e-14,0,2.646280974834462,b0839,b0839,N,dacC,COG1686,,,
b2010,5,28,0.9823718127269576,0.9823718127269812,-2.3758772726978353e-14,0,2.6462809748347964,b2010,b2010,N,dacD,COG1686,,,
b3182,9,28,0.9823718127269576,0.9823718127269812,-2.3758772726978353e-14,0,2.6462809748347964,b3182,b3182,N,dacB,COG2027,,,
b0632,5,28,0.9823718127269576,0.9823718127269812,-2.3758772726978353e-14,0,2.6462809748347964,b0632,b0632,N,dacA,COG1686,,,
b2134,4,28,0.9823718127269576,0.9823718127269812,-2.3758772726978353e-14,0,2.6462809748347964,b2134,b2134,N,pbpG,COG1686,,,
b2328,4,28,0.9823718127269576,0.9823718127269812,-2.3758772726978353e-14,0,2.6462809748347964,b2328,b2328,N,mepA,COG3770,,,
b3236,1,425,0.9823718127269576,0.9663946546521008,0.0159771580748566,0,134.17732401104303,b3236,b3236,N,mdh,COG0039,,,
b2210,2,24,0.9823718127269576,0.98237181272697,-1.2434497875801752e-14,0,2.646280782869661,b2210,b2210,N,mqo,COG0579,,,
b1479,1,24,0.9823718127269576,0.9823718127269772,-1.965094753586527e-14,0,2.6462807828698742,b1479,b1479,N,sfcA,COG0281,,,
b2463,1,24,0.9823718127269576,0.9823718127269772,-1.965094753586527e-14,0,2.6462807828698742,b2463,b2463,N,maeB,COG0280,,,
b2515,1,438,0.9823718127269576,-1.0993846592890865e-15,0.9823718127269586,1,6063.592705758752,b2515,b2515,E,ispG,COG0821,E,u,3
b2746,1,438,0.9823718127269576,0.0,0.9823718127269576,1,6063.592705758236,b2746,b2746,E,ispF,COG0245,E,u,3
b4120,1,24,0.9823718127269576,0.982371812726979,-2.153832667772804e-14,0,2.6462807828699706,b4120,b4120,N,melB,COG2211,,,
b2747,1,438,0.9823718127269576,-6.074257615498389e-16,0.982371812726958,1,6063.592705758164,b2747,b2747,E,ispD,COG1211,E,u,3
b2942,1,438,0.9823718127269576,0.0,0.9823718127269576,1,6063.592705758217,b2942,b2942,E,metK,COG0192,E,u,3
b0199,2,24,0.9823718127269576,0.9823718127269808,-2.3425705819590803e-14,0,2.6462807828700563,b0199,b0199,N,metN,COG1135,,,
b0197,2,24,0.9823718127269576,0.9823718127269772,-1.965094753586527e-14,0,2.6462807828698742,b0197,b0197,N,metQ,COG1464,,,
b0198,2,24,0.9823718127269576,0.9823718127269772,-1.965094753586527e-14,0,2.6462807828698742,b0198,b0198,N,metI,COG2011,,,
b4019,1,438,0.9823718127269576,-1.0993846592890865e-15,0.9823718127269586,1,6063.592705758746,b4019,b4019,N,metH,COG0646,,,
b3829,1,438,0.9823718127269576,0.0,0.9823718127269576,1,6063.592705758214,b3829,b3829,N,metE,COG0620,,,
b4219,1,24,0.9823718127269576,0.9823718127269692,-1.1768364061026661e-14,0,2.6462807828695745,b4219,b4219,N,msrA,COG0225,,,
b1778,1,24,0.9823718127269576,0.9823718127269772,-1.965094753586527e-14,0,2.6462807828698742,b1778,b1778,N,yeaA,COG0229,,,
b2114,1,24,0.9823718127269576,0.9823718127269772,-1.965094753586527e-14,0,2.6462807828698742,b2114,b2114,E,metG,COG0143,N,N,0
b4242,2,24,0.9823718127269576,0.9823718127269772,-1.965094753586527e-14,0,2.6462807828698742,b4242,b4242,N,mgtA,COG0474,,,
b0963,1,24,0.9823718127269576,0.9823718127269772,-1.965094753586527e-14,0,2.6462807828698742,b0963,b0963,N,mgsA,COG1803,,,
b0403,5,24,0.9823718127269576,0.9823718127269772,-1.965094753586527e-14,0,2.6462807828698742,b0403,b0403,N,malZ,COG0366,,,
b2963,4,24,0.9823718127269576,0.9823718127269772,-1.965094753586527e-14,0,2.6462807828698742,b2963,b2963,N,mltC,COG0741,,,
b2558,4,24,0.9823718127269576,0.9823718127269772,-1.965094753586527e-14,0,2.6462807828698742,b2558,b2558,N,yfhD,COG4623,,,
b2813,4,24,0.9823718127269576,0.9823718127269772,-1.965094753586527e-14,0,2.6462807828698742,b2813,b2813,N,mltA,COG2821,,,
b2701,4,24,0.9823718127269576,0.9823718127269772,-1.965094753586527e-14,0,2.6462807828698742,b2701,b2701,N,mltB,COG2951,,,
b1193,4,24,0.9823718127269576,0.9823718127269772,-1.965094753586527e-14,0,2.6462807828698742,b1193,b1193,N,emtA,COG0741,,,
b2917,1,24,0.9823718127269576,0.9823718127269772,-1.965094753586527e-14,0,2.6462807828698742,b2917,b2917,N,yliK,COG1884,,,
b3599,1,24,0.9823718127269576,0.9823718127269772,-1.965094753586527e-14,0,2.6462807828698742,b3599,b3599,N,mtlA,COG2213,,,
b4322,1,24,0.9823718127269576,0.9823718127269772,-1.965094753586527e-14,0,2.6462807828698742,b4322,b4322,N,uxuA,COG1312,,,
b0784,2,438,0.9823718127269576,1.0993846592890865e-15,0.9823718127269564,1,6063.592705758745,b0784,b0784,N,moaD,COG1977,,,
b3633,2,439,0.9823718127269576,1.0961717214936453e-15,0.9823718127269564,1,3372.637075277373,b3633,b3633,E,kdtA,COG1519,E,u,3
b3917,3,438,0.9823718127269576,-6.660732796349233e-16,0.9823718127269582,1,6063.592705758048,b3917,b3917,N,sbp,COG1613,,,
b0763,3,438,0.9823718127269576,0.0,0.9823718127269576,1,6063.5927057582885,b0763,b0763,N,modA,COG0725,,,
b0765,3,438,0.9823718127269576,0.0,0.9823718127269576,1,6063.5927057582885,b0765,b0765,N,modC,COG4148,,,
b2425,5,438,0.9823718127269576,0.0,0.9823718127269576,1,6063.5927057582885,b2425,b2425,N,cysP,COG4150,,,
b2422,5,438,0.9823718127269576,0.0,0.9823718127269576,1,6063.5927057582885,b2422,b2422,N,cysA,COG1118,,,
b0764,3,438,0.9823718127269576,0.0,0.9823718127269576,1,6063.5927057582885,b0764,b0764,N,modB,COG4149,,,
b2424,5,438,0.9823718127269576,0.0,0.9823718127269576,1,6063.5927057582885,b2424,b2424,N,cysU,COG0555,,,
b2877,1,24,0.9823718127269576,0.9823718127269854,-2.7866597918091432e-14,0,2.646280782870215,b2877,b2877,N,ygfJ,COG2068,,,
b0134,1,438,0.9823718127269576,-3.17971754074492e-12,0.9823718127301372,1,6063.592705784728,b0134,b0134,N,panB,COG0413,,,
b0009,1,438,0.9823718127269576,0.0,0.9823718127269576,1,6063.592705758202,b0009,b0009,N,mog,COG0521,,,
b2519,2,438,0.9823718127269576,0.0,0.9823718127269576,1,6063.592705758208,b2519,b2519,N,pbpC,COG4953,,,
b1069,2,438,0.9823718127269576,0.0,0.9823718127269576,1,6063.592705758223,b1069,b1069,E,mviN,COG0728,u,u,2
b0785,1,438,0.9823718127269576,0.0,0.9823718127269576,1,6063.592705758223,b0785,b0785,N,moaE,COG0314,,,
b0826,1,438,0.9823718127269576,0.0,0.9823718127269576,1,6063.592705758208,b0826,b0826,N,moeB,COG0476,,,
b1008,1,24,0.9823718127269576,0.9823718127269788,-2.142730437526552e-14,0,2.6462807828699444,b1008,b1008,N,ycdI,COG0778,,,
b0529,2,424,0.9823718127269576,0.970698089339366,0.0116737233875916,0,31.712225353687177,b0529,b0529,E,folD,COG0190,N,u,0
b3941,1,438,0.9823718127269576,0.0,0.9823718127269576,1,6063.592705758388,b3941,b3941,N,metF,COG0685,,,
b1059,2,24,0.9823718127269576,0.9823718127269828,-2.5424107263916085e-14,0,2.6462807828700936,b1059,b1059,N,solA,COG0665,,,
b2411,1,24,0.9823718127269576,0.9823718127269776,-2.009503674571533e-14,0,2.6462807828699084,b2411,b2411,E,ligA,COG0272,E,u,3
b1109,3,24,0.9823718127269576,0.9823718127269776,-2.009503674571533e-14,0,2.6462807828699084,b1109,b1109,N,ndh,COG1252,,,
b2284,3,437,0.9823718127269576,0.8226902785299907,0.1596815341969668,0,2820.2446282525766,b2284,b2284,N,nuoF,COG1894,,,
b2280,3,437,0.9823718127269576,0.8226902785299678,0.1596815341969897,0,2820.2446282525348,b2280,b2280,N,nuoJ,COG0839,,,
b2282,3,437,0.9823718127269576,0.8226902785299678,0.1596815341969897,0,2820.2446282525348,b2282,b2282,N,nuoH,COG1005,,,
b2277,3,437,0.9823718127269576,0.8226902785299678,0.1596815341969897,0,2820.2446282525348,b2277,b2277,N,nuoM,COG1008,,,
b2287,3,437,0.9823718127269576,0.8226902785299678,0.1596815341969897,0,2820.2446282525348,b2287,b2287,N,nuoB,COG0377,,,
b2276,3,437,0.9823718127269576,0.8226902785299678,0.1596815341969897,0,2820.2446282525348,b2276,b2276,N,nuoN,COG1007,,,
b2278,3,437,0.9823718127269576,0.8226902785299678,0.1596815341969897,0,2820.2446282525348,b2278,b2278,N,nuoL,COG1009,,,
b2286,3,437,0.9823718127269576,0.8226902785299678,0.1596815341969897,0,2820.2446282525348,b2286,b2286,N,nuoC,COG0649,,,
b2279,3,437,0.9823718127269576,0.8226902785299678,0.1596815341969897,0,2820.2446282525348,b2279,b2279,N,nuoK,COG0713,,,
b2285,3,437,0.9823718127269576,0.8226902785299678,0.1596815341969897,0,2820.2446282525348,b2285,b2285,N,nuoE,COG1905,,,
b2281,3,437,0.9823718127269576,0.8226902785299678,0.1596815341969897,0,2820.2446282525348,b2281,b2281,N,nuoI,COG1143,,,
b2615,1,446,0.9823718127269576,6.600887541264015e-16,0.9823718127269568,1,16081.7147447164,b2615,b2615,E,yfjB,COG0061,u,u,2
b3028,3,27,0.9823718127269576,0.982371812726967,-9.547918011776346e-15,0,3849.417483976613,b3028,b3028,N,mdaB,COG2249,,,
b1740,1,438,0.9823718127269576,1.2025754746746502e-12,0.9823718127257548,1,6749.437838598686,b1740,b1740,E,nadE,COG0171,E,u,3
b1602,2,27,0.9823718127269576,0.982371812726986,-2.853273173286652e-14,0,3849.417483976589,b1602,b1602,N,pntB,COG1282,,,
b1603,2,27,0.9823718127269576,0.9823718127269806,-2.3092638912203256e-14,0,3849.417483976594,b1603,b1603,N,pntA,COG3288,,,
b3962,1,27,0.9823718127269576,0.9823718127269806,-2.3092638912203256e-14,0,3849.417483976594,b3962,b3962,N,sthA,COG1249,,,
b0931,1,27,0.9823718127269576,0.9823718127269806,-2.3092638912203256e-14,0,3849.417483976594,b0931,b0931,N,pncB,COG1488,,,
b1186,1,27,0.9823718127269576,0.9823718127269806,-2.3092638912203256e-14,0,3849.417483976594,b1186,b1186,N,nhaB,COG3067,,,
b0019,1,27,0.9823718127269576,0.9823718127269806,-2.3092638912203256e-14,0,3849.417483976594,b0019,b0019,N,nhaA,COG3004,,,
b2518,8,440,0.9823718127269576,5.067271472253304e-17,0.9823718127269576,1,8759.71828731646,b2518,b2518,N,ndk,COG0105,,,
b0451,1,443,0.9823718127269576,8.698909973709196e-15,0.9823718127269488,1,12372.651015859712,b0451,b0451,N,amtB,COG0004,,,
b2711,1,27,0.9823718127269576,0.9823718127270314,-7.394085344003544e-14,0,3853.0369441885305,b2711,b2711,N,norW,COG0446,,,
b2710,1,27,0.9823718127269576,0.9823718127269756,-1.8207657603852567e-14,0,3853.036944188544,b2710,b2710,N,norV,COG0426,,,
b3477,1,27,0.9823718127269576,0.9823718127269756,-1.8207657603852567e-14,0,3853.036944188544,b3477,b3477,N,nikB,COG0601,,,
b3476,1,27,0.9823718127269576,0.9823718127269756,-1.8207657603852567e-14,0,3853.036944188544,b3476,b3476,N,nikA,COG0747,,,
b3479,1,27,0.9823718127269576,0.9823718127269756,-1.8207657603852567e-14,0,3853.036944188544,b3479,b3479,N,nikD,COG0444,,,
b3480,1,27,0.9823718127269576,0.9823718127269756,-1.8207657603852567e-14,0,3853.036944188544,b3480,b3480,N,nikE,COG1124,,,
b3478,1,27,0.9823718127269576,0.9823718127269756,-1.8207657603852567e-14,0,3853.036944188544,b3478,b3478,N,nikC,COG1173,,,
b4390,1,27,0.9823718127269576,0.9823718127269756,-1.8207657603852567e-14,0,3853.036944188544,b4390,b4390,N,nadR,COG1056,,,
b0639,2,438,0.9823718127269576,-9.113898825506524e-13,0.9823718127278688,1,6749.437838614024,b0639,b0639,E,nadD,COG1057,u,u,1
b0751,1,27,0.9823718127269576,0.9823718127269908,-3.341771304121721e-14,0,3853.0369441885214,b0751,b0751,N,pnuC,COG3201,,,
b1991,1,27,0.9823718127269576,0.9823718127269688,-1.1324274851176595e-14,0,3853.036944188544,b1991,b1991,N,cobT,COG2038,,,
b0109,1,438,0.9823718127269576,7.653915997970618e-12,0.9823718127193036,1,6749.437838550803,b0109,b0109,N,nadC,COG0157,,,
b1223,2,27,0.9823718127269576,0.9823718127269688,-1.1324274851176595e-14,0,3853.036944188544,b1223,b1223,N,narK,COG2223,,,
b2206,2,27,0.9823718127269576,0.9823718127269688,-1.1324274851176595e-14,0,3853.036944188544,b2206,b2206,N,napA,COG0243,,,
b2204,1,27,0.9823718127269576,0.9823718127269688,-1.1324274851176595e-14,0,3853.036944188544,b2204,b2204,N,napH,COG0348,,,
b2205,1,27,0.9823718127269576,0.9823718127269688,-1.1324274851176595e-14,0,3853.036944188544,b2205,b2205,N,napG,COG1145,,,
b2202,2,27,0.9823718127269576,0.9823718127269688,-1.1324274851176595e-14,0,3853.036944188544,b2202,b2202,N,napC,COG3005,,,
b1468,2,27,0.9823718127269576,0.9823718127269688,-1.1324274851176595e-14,0,3853.036944188544,b1468,b1468,N,narZ,COG5013,,,
b1226,2,27,0.9823718127269576,0.9823718127269688,-1.1324274851176595e-14,0,3853.036944188544,b1226,b1226,N,narJ,COG2180,,,
b1227,2,27,0.9823718127269576,0.9823718127269688,-1.1324274851176595e-14,0,3853.036944188544,b1227,b1227,N,narI,COG2181,,,
b1225,2,27,0.9823718127269576,0.9823718127269688,-1.1324274851176595e-14,0,3853.036944188544,b1225,b1225,N,narH,COG1140,,,
b1465,2,27,0.9823718127269576,0.9823718127269688,-1.1324274851176595e-14,0,3853.036944188544,b1465,b1465,N,narV,COG2181,,,
b1224,2,27,0.9823718127269576,0.9823718127269688,-1.1324274851176595e-14,0,3853.036944188544,b1224,b1224,N,narG,COG5013,,,
b1466,2,27,0.9823718127269576,0.9823718127269688,-1.1324274851176595e-14,0,3853.036944188544,b1466,b1466,N,narW,COG2180,,,
b1467,2,27,0.9823718127269576,0.9823718127269688,-1.1324274851176595e-14,0,3853.036944188544,b1467,b1467,N,narY,COG1140,,,
b1469,1,27,0.9823718127269576,0.9823718127269688,-1.1324274851176595e-14,0,3853.036944188544,b1469,b1469,N,narU,COG2223,,,
b2552,2,27,0.9823718127269576,0.9823718127269688,-1.1324274851176595e-14,0,3853.036944188544,b2552,b2552,N,hmp,COG1017,,,
b4374,3,27,0.9823718127269576,0.9823718127269688,-1.1324274851176595e-14,0,3853.036944188544,b4374,b4374,N,yjjG,COG1011,,,
b2291,6,27,0.9823718127269576,0.9823718127269688,-1.1324274851176595e-14,0,3853.036944188544,b2291,b2291,N,yfbR,COG1896,,,
b2744,14,27,0.9823718127269576,0.9823718127269688,-1.1324274851176595e-14,0,3853.036944188544,b2744,b2744,N,surE,COG0496,,,
b0480,17,27,0.9823718127269576,0.9823718127269688,-1.1324274851176595e-14,0,3853.036944188544,b0480,b0480,N,ushA,COG0737,,,
b0650,1,27,0.9823718127269576,0.9823718127269688,-1.1324274851176595e-14,0,3853.036944188544,b0650,b0650,N,hscC,COG0443,,,
b4394,3,27,0.9823718127269576,0.9823718127269688,-1.1324274851176595e-14,0,3853.036944188544,b4394,b4394,N,yjjX,COG1986,,,
b2781,8,27,0.9823718127269576,0.9823718127269688,-1.1324274851176595e-14,0,3853.036944188544,b2781,b2781,N,mazG,COG1694,,,
b2954,3,27,0.9823718127269576,0.9823718127269688,-1.1324274851176595e-14,0,3853.036944188544,b2954,b2954,N,yggV,COG0127,,,
b1759,2,27,0.9823718127269576,0.9823718127269688,-1.1324274851176595e-14,0,3853.036944188544,b1759,b1759,N,nudG,COG0494,,,
b0160,2,27,0.9823718127269576,0.9823718127269688,-1.1324274851176595e-14,0,3853.036944188544,b0160,b0160,N,dgt,COG0232,,,
b3365,1,27,0.9823718127269576,0.9823718127269688,-1.1324274851176595e-14,0,3853.036944188544,b3365,b3365,N,nirB,COG1251,,,
b3366,1,27,0.9823718127269576,0.9823718127269688,-1.1324274851176595e-14,0,3853.036944188544,b3366,b3366,N,nirD,COG2146,,,
b4073,2,27,0.9823718127269576,0.9823718127269688,-1.1324274851176595e-14,0,3853.036944188544,b4073,b4073,N,nrfD,COG3301,,,
b4070,2,27,0.9823718127269576,0.9823718127269688,-1.1324274851176595e-14,0,3853.036944188544,b4070,b4070,N,nrfA,COG3303,,,
b4072,2,27,0.9823718127269576,0.9823718127269688,-1.1324274851176595e-14,0,3853.036944188544,b4072,b4072,N,nrfC,COG0437,,,
b2033,1,27,0.9823718127269576,0.9823718127269688,-1.1324274851176595e-14,0,3853.036944188544,b2033,b2033,N,wbbJ,COG0110,,,
b2037,1,27,0.9823718127269576,0.9823718127269688,-1.1324274851176595e-14,0,3853.036944188544,b2037,b2037,N,rfbX,COG2244,,,
b2032,1,27,0.9823718127269576,0.9823718127269688,-1.1324274851176595e-14,0,3853.036944188544,b2032,b2032,N,wbbK,COG0438,,,
b0903,2,27,0.9823718127269576,0.9823718127269688,-1.1324274851176595e-14,0,3853.036944188544,b0903,b0903,N,pflB,COG1882,,,
b0902,2,27,0.9823718127269576,0.9823718127269688,-1.1324274851176595e-14,0,3853.036944188544,b0902,b0902,N,pflA,COG1180,,,
b2579,2,27,0.9823718127269576,0.9823718127269688,-1.1324274851176595e-14,0,3853.036944188544,b2579,b2579,N,yfiD,COG3445,,,
b0273,1,438,0.9823718127269576,0.0,0.9823718127269576,1,6749.437838607624,b0273,b0273,N,argF,COG0078,,,
b4254,1,438,0.9823718127269576,0.0,0.9823718127269576,1,6749.437838607474,b4254,b4254,N,argI,COG0078,,,
b3187,1,438,0.9823718127269576,0.0,0.9823718127269576,1,6749.437838607474,b3187,b3187,E,ispB,COG0142,N,u,1
b0907,2,438,0.9823718127269576,7.224401100943821e-31,0.9823718127269576,1,6749.437838607466,b0907,b0907,N,serC,COG1932,,,
b0662,1,27,0.9823718127269576,0.982371812726999,-4.1522341120980855e-14,0,3853.036944188534,b0662,b0662,N,ubiF,COG0654,,,
b1281,1,438,0.9823718127269576,-2.198769318578173e-15,0.9823718127269596,1,6749.437838607652,b1281,b1281,N,pyrF,COG0284,,,
b2907,1,27,0.9823718127269576,0.9823718127269864,-2.886579864025407e-14,0,3853.036944188528,b2907,b2907,N,ubiH,COG0654,,,
b0350,1,27,0.9823718127269576,0.9823718127269688,-1.1324274851176595e-14,0,3853.036944188544,b0350,b0350,N,mhpD,COG3971,,,
b3843,1,438,0.9823718127269576,-1.0993846592890865e-15,0.9823718127269586,1,6749.437838607645,b3843,b3843,E,ubiD,COG0043,u,u,1
b2311,1,438,0.9823718127269576,0.0,0.9823718127269576,1,6749.437838607474,b2311,b2311,N,ubiX,COG0163,,,
b3835,1,71,0.9823718127269576,0.9823715855715334,2.271554241373153e-07,0,3853.080796161397,b3835,b3835,E,ubiB,COG0661,N,u,1
b0693,1,27,0.9823718127269576,0.9823718127269724,-1.4765966227514582e-14,0,3853.036944188544,b0693,b0693,N,speF,COG1982,,,
b3642,1,438,0.9823718127269576,-6.122711196116904e-16,0.9823718127269582,1,6749.437838607464,b3642,b3642,N,pyrE,COG0461,,,
b2373,1,27,0.9823718127269576,0.982371812726982,-2.4424906541753444e-14,0,3853.036944188528,b2373,b2373,N,oxc,COG0028,,,
b1387,1,27,0.9823718127269576,0.9823718127269724,-1.4765966227514582e-14,0,3853.036944188544,b1387,b1387,N,maoC,COG1012,,,
b1394,2,27,0.9823718127269576,0.9823718127269724,-1.4765966227514582e-14,0,3853.036944188544,b1394,b1394,N,paaG,COG1024,,,
b1014,2,27,0.9823718127269576,0.9823718127269724,-1.4765966227514582e-14,0,3853.036944188544,b1014,b1014,N,putA,COG4230,,,
b0386,1,438,0.9823718127269576,-3.426779904593432e-16,0.9823718127269578,1,6749.4378386074495,b0386,b0386,N,proC,COG0345,,,
b1391,1,27,0.9823718127269576,0.9823718127269888,-3.1308289294429414e-14,0,3853.036944188534,b1391,b1391,N,paaD,COG2151,,,
b1390,1,27,0.9823718127269576,0.9823718127269724,-1.4765966227514582e-14,0,3853.036944188544,b1390,b1390,N,paaC,COG3396,,,
b1392,1,27,0.9823718127269576,0.9823718127269724,-1.4765966227514582e-14,0,3853.036944188544,b1392,b1392,N,paaE,COG1018,,,
b1388,1,27,0.9823718127269576,0.9823718127269724,-1.4765966227514582e-14,0,3853.036944188544,b1388,b1388,N,paaA,COG3396,,,
b1389,1,27,0.9823718127269576,0.9823718127269724,-1.4765966227514582e-14,0,3853.036944188544,b1389,b1389,N,paaB,COG3460,,,
b1398,1,27,0.9823718127269576,0.9823718127269724,-1.4765966227514582e-14,0,3853.036944188544,b1398,b1398,N,paaK,COG1541,,,
b0133,1,438,0.9823718127269576,-1.6244993518278903e-16,0.9823718127269576,1,6749.437838607444,b0133,b0133,N,panC,COG0414,,,
b1278,30,438,0.9823718127269576,0.0,0.9823718127269576,1,6749.437838607484,b1278,b1278,N,pgpB,COG0671,,,
b0087,1,438,0.9823718127269576,0.0,0.9823718127269576,1,6749.437838607557,b0087,b0087,E,mraY,COG0472,E,u,2
b2762,2,438,0.9823718127269576,0.0,0.9823718127269576,1,6749.43783860748,b2762,b2762,N,cysH,COG0175,,,
b1489,2,27,0.9823718127269576,0.9823718127269864,-2.8754776337791554e-14,0,3853.03694418854,b1489,b1489,N,dos,COG2199,,,
b0114,1,424,0.9823718127269576,0.965267486542292,0.0171043261846655,0,3961.4394014153872,b0114,b0114,N,aceE,COG2609,,,
b0115,1,424,0.9823718127269576,0.9652674865422944,0.0171043261846631,0,3961.439401415393,b0115,b0115,N,aceF,COG0508,,,
b1638,2,23,0.9823718127269576,0.9823718127269774,-1.9872992140790302e-14,0,3853.0369439965743,b1638,b1638,N,pdxH,COG0259,,,
b2564,1,438,0.9823718127269576,-8.077410974511691e-17,0.9823718127269576,1,6749.437838607446,b2564,b2564,N,pdxJ,COG0854,,,
b0052,1,438,0.9823718127269576,0.0,0.9823718127269576,1,6749.437838607494,b0052,b0052,N,pdxA,COG1995,,,
b0766,2,23,0.9823718127269576,0.98237181272697,-1.2434497875801752e-14,0,3853.036943996578,b0766,b0766,N,ybhA,COG0561,,,
b2320,1,438,0.9823718127269576,-1.0993846592890865e-15,0.9823718127269586,1,6749.437838607564,b2320,b2320,N,pdxB,COG0111,,,
b3546,2,23,0.9823718127269576,0.9823718127269916,-3.4083846855992306e-14,0,3853.036943996548,b3546,b3546,N,eptB,COG2194,,,
b3916,3,420,0.9823718127269576,0.975249617695129,0.0071221950318285,0,4428.087163517606,b3916,b3916,N,pfkA,COG0205,,,
b3951,1,31,0.9823718127269576,0.982371812726988,-3.0531133177191805e-14,0,3867.627024089692,b3951,b3951,N,pflD,COG1882,,,
b3176,1,444,0.9823718127269576,-3.4558021659414537e-15,0.982371812726961,1,8762.179895534138,b3176,b3176,N,glmM,COG1109,,,
b2913,1,429,0.9823718127269576,0.960665997674493,0.0217058150524644,0,4143.608764648834,b2913,b2913,N,serA,COG0111,,,
b4025,1,421,0.9823718127269576,0.9761293262947351,0.0062424864322223,0,4334.523810717888,b4025,b4025,N,pgi,COG0166,,,
b2926,1,450,0.9823718127269576,0.7592591987990766,0.2231126139278809,0,7574.953200321755,b2926,b2926,E,pgk,COG0126,N,N,0
b0767,1,416,0.9823718127269576,0.9755115436722483,0.0068602690547091,0,4348.836212979434,b0767,b0767,N,ybhE,COG2706,,,
b3385,1,28,0.9823718127269576,0.9823718127269784,-2.0983215165415462e-14,0,4156.004700675936,b3385,b3385,N,gph,COG0546,,,
b3612,1,442,0.9823718127269576,0.8747388596269837,0.1076329530999737,0,6488.188317741105,b3612,b3612,N,gpmI,COG0696,,,
b0755,1,442,0.9823718127269576,0.8747388596269788,0.1076329530999786,0,6488.188317741065,b0755,b0755,N,gpmA,COG0588,,,
b4395,1,442,0.9823718127269576,0.8747388596269788,0.1076329530999786,0,6488.188317741065,b4395,b4395,N,ytjC,COG0406,,,
b0688,1,28,0.9823718127269576,0.9823718127269916,-3.4083846855992306e-14,0,3859.843838237061,b0688,b0688,N,pgm,COG0033,,,
b2690,1,28,0.9823718127269576,0.9823718127269824,-2.4980018054066022e-14,0,3859.843838237049,b2690,b2690,N,yqaB,COG0637,,,
b0418,14,28,0.9823718127269576,0.9823718127269824,-2.4980018054066022e-14,0,3859.843838237049,b0418,b0418,N,pgpA,COG1267,,,
b1912,7,28,0.9823718127269576,0.9823718127269824,-2.4980018054066022e-14,0,3859.843838237049,b1912,b1912,E,pgsA,COG0558,E,u,3
b2199,1,28,0.9823718127269576,0.9823718127269824,-2.4980018054066022e-14,0,3859.843838237049,b2199,b2199,N,ccmC,COG0755,,,
b2200,1,28,0.9823718127269576,0.9823718127269824,-2.4980018054066022e-14,0,3859.843838237049,b2200,b2200,N,ccmB,COG2386,,,
b2197,1,28,0.9823718127269576,0.9823718127269824,-2.4980018054066022e-14,0,3859.843838237049,b2197,b2197,N,ccmE,COG2332,,,
b2198,1,28,0.9823718127269576,0.9823718127269824,-2.4980018054066022e-14,0,3859.843838237049,b2198,b2198,N,ccmD,COG3114,,,
b2201,1,28,0.9823718127269576,0.9823718127269824,-2.4980018054066022e-14,0,3859.843838237049,b2201,b2201,N,ccmA,COG4133,,,
b1713,1,28,0.9823718127269576,0.9823718127269824,-2.4980018054066022e-14,0,3859.843838237049,b1713,b1713,E,pheT,COG0072,E,u,2.5
b1714,1,28,0.9823718127269576,0.9823718127269824,-2.4980018054066022e-14,0,3859.843838237049,b1714,b1714,E,pheS,COG0016,E,u,2.5
b0576,2,28,0.9823718127269576,0.9823718127269824,-2.4980018054066022e-14,0,3859.843838237049,b0576,b0576,N,pheP,COG1113,,,
b3493,1,376,0.9823718127269576,0.9794328124225709,0.0029390003043867,0,3901.973352341533,b3493,b3493,N,pitA,COG0306,,,
b2987,1,376,0.9823718127269576,0.9794328124225664,0.0029390003043909,0,3901.973352341551,b2987,b2987,N,pitB,COG0306,,,
b3725,1,28,0.9823718127269576,0.9823718127269788,-2.1205259770340493e-14,0,3859.843838237064,b3725,b3725,N,pstB,COG1117,,,
b3726,1,28,0.9823718127269576,0.9823718127269824,-2.4980018054066022e-14,0,3859.843838237049,b3726,b3726,N,pstA,COG0581,,,
b3727,1,28,0.9823718127269576,0.9823718127269824,-2.4980018054066022e-14,0,3859.843838237049,b3727,b3727,N,pstC,COG0573,,,
b3728,1,28,0.9823718127269576,0.9823718127269824,-2.4980018054066022e-14,0,3859.843838237049,b3728,b3728,N,pstS,COG0226,,,
b3821,42,28,0.9823718127269576,0.9823718127269824,-2.4980018054066022e-14,0,3859.843838237049,b3821,b3821,N,pldA,COG2829,,,
b2048,1,28,0.9823718127269576,0.9823718127269824,-2.4980018054066022e-14,0,3859.843838237049,b2048,b2048,N,cpsG,COG1109,,,
b3412,1,444,0.9823718127269576,-1.0993846592890865e-15,0.9823718127269586,1,7040.085865057089,b3412,b3412,N,bioH,COG0596,,,
b3974,1,444,0.9823718127269576,0.0,0.9823718127269576,1,7040.085865057087,b3974,b3974,N,coaA,COG1072,,,
b1010,1,28,0.9823718127269576,0.9823718127269724,-1.4765966227514582e-14,0,3859.8438382370496,b1010,b1010,N,ycdK,COG0251,,,
b1378,1,305,0.9823718127269576,0.9822610436172046,0.0001107691097529,0,3864.153661816548,b1378,b1378,N,ydbK,COG0674,,,
b0871,1,28,0.9823718127269576,0.9823718127269844,-2.6867397195928788e-14,0,3859.843838237062,b0871,b0871,N,poxB,COG0028,,,
b4226,1,28,0.9823718127269576,0.9823718127269698,-1.2323475573339238e-14,0,3859.843838237049,b4226,b4226,E,ppa,COG0221,E,u,3
b2502,2,28,0.9823718127269576,0.9823718127269698,-1.2323475573339238e-14,0,3859.843838237049,b2502,b2502,N,ppx,COG0248,,,
b1015,2,28,0.9823718127269576,0.9823718127269698,-1.2323475573339238e-14,0,3859.843838237049,b1015,b1015,N,putP,COG0591,,,
b3956,1,378,0.9823718127269576,0.9793665304080766,0.0030052823188808,0,4078.2329244475327,b3956,b3956,N,ppc,COG2352,,,
b3403,1,28,0.9823718127269576,0.9823718127268708,8.659739592076222e-14,0,3859.843838237068,b3403,b3403,N,pck,COG1866,,,
b2920,1,28,0.9823718127269576,0.9823718127269612,-3.552713678800501e-15,0,3859.8438382370528,b2920,b2920,N,ygfH,COG0427,,,
b2501,2,425,0.9823718127269576,0.9683007850328256,0.0140710276941319,0,4087.8426830251287,b2501,b2501,N,ppk,COG0855,,,
b4383,2,34,0.9823718127269576,0.982371812727215,-2.574607194105738e-13,0,3903.910243190356,b4383,b4383,N,deoB,COG1015,,,
b3380,1,34,0.9823718127269576,0.9823718127269698,-1.2323475573339238e-14,0,3903.9102431918514,b3380,b3380,N,yhfW,COG1015,,,
b3850,2,441,0.9823718127269576,2.198769318578173e-15,0.9823718127269552,1,6788.592366635317,b3850,b3850,E,hemG,COG4635,N,u,1
b2536,1,34,0.9823718127269576,0.9823718127269708,-1.3433698597964394e-14,0,3903.910243191875,b2536,b2536,N,hcaT,COG0477,,,
b1702,1,34,0.9823718127269576,0.9823718127269836,-2.6090241078691182e-14,0,3903.910243191875,b1702,b1702,N,pps,COG0574,,,
b4005,1,441,0.9823718127269576,1.1213723524748681e-13,0.9823718127268454,1,6788.5923666346525,b4005,b4005,N,purD,COG0151,,,
b2499,1,441,0.9823718127269576,-1.0785773909755315e-14,0.9823718127269684,1,6788.592366635372,b2499,b2499,N,purM,COG0150,,,
b2026,2,441,0.9823718127269576,7.496493015272243e-17,0.9823718127269574,1,6788.592366635302,b2026,b2026,N,hisI,COG0139,,,
b2476,1,441,0.9823718127269576,5.652503236059954e-15,0.9823718127269518,1,6788.592366635261,b2476,b2476,N,purC,COG0152,,,
b2557,1,441,0.9823718127269576,-1.6532725170007157e-14,0.982371812726974,1,6788.592366635404,b2557,b2557,N,purL,COG0046,,,
b2024,1,441,0.9823718127269576,-1.9201066869116862e-16,0.9823718127269576,1,6788.592366635304,b2024,b2024,N,hisA,COG0106,,,
b0194,1,34,0.9823718127269576,0.9823718127269814,-2.3869795029440862e-14,0,3903.91024319186,b0194,b0194,E,proS,COG0442,E,u,3
b1207,1,34,0.9823718127269576,0.9823718127269836,-2.6090241078691182e-14,0,3880.26373962272,b1207,b1207,E,prsA,COG0462,E,u,3
b0908,1,441,0.9823718127269576,4.397538637156345e-15,0.9823718127269532,1,6788.592366635281,b0908,b0908,N,aroA,COG0128,,,
b4160,7,441,0.9823718127269576,0.0,0.9823718127269576,1,6788.592366635286,b4160,b4160,E,psd,COG0688,N,u,0.5
b4388,1,429,0.9823718127269576,0.9606659976734248,0.0217058150535326,0,4161.631421390517,b4388,b4388,N,serB,COG0560,,,
b2297,2,31,0.9823718127269576,0.9823718127269802,-2.2648549702353197e-14,0,3881.1845169875633,b2297,b2297,N,pta,COG0280,,,
b2458,1,31,0.9823718127269576,0.9823718127269828,-2.5424107263916085e-14,0,3881.18451698757,b2458,b2458,N,eutI,COG0280,,,
b3634,1,439,0.9823718127269576,3.328936748327354e-12,0.9823718127236286,1,6793.341138581551,b3634,b3634,E,coaD,COG0669,E,u,3
b0692,2,31,0.9823718127269576,0.9823718127269796,-2.220446049250313e-14,0,3881.1845169875655,b0692,b0692,N,potE,COG0531,,,
b0854,1,31,0.9823718127269576,0.9823718127269828,-2.5424107263916085e-14,0,3881.18451698757,b0854,b0854,N,potF,COG0687,,,
b1123,2,31,0.9823718127269576,0.9823718127269828,-2.5424107263916085e-14,0,3881.18451698757,b1123,b1123,N,potD,COG0687,,,
b0856,1,31,0.9823718127269576,0.9823718127269828,-2.5424107263916085e-14,0,3881.18451698757,b0856,b0856,N,potH,COG1176,,,
b1442,2,31,0.9823718127269576,0.9823718127269828,-2.5424107263916085e-14,0,3881.18451698757,b1442,b1442,N,ydcU,COG1176,,,
b0857,1,31,0.9823718127269576,0.9823718127269828,-2.5424107263916085e-14,0,3881.18451698757,b0857,b0857,N,potI,COG1177,,,
b1124,2,31,0.9823718127269576,0.9823718127269828,-2.5424107263916085e-14,0,3881.18451698757,b1124,b1124,N,potC,COG1177,,,
b1443,2,31,0.9823718127269576,0.9823718127269828,-2.5424107263916085e-14,0,3881.18451698757,b1443,b1443,N,ydcV,COG1177,,,
b1440,2,31,0.9823718127269576,0.9823718127269828,-2.5424107263916085e-14,0,3881.18451698757,b1440,b1440,N,ydcS,COG0687,,,
b1126,2,31,0.9823718127269576,0.9823718127269828,-2.5424107263916085e-14,0,3881.18451698757,b1126,b1126,N,potA,COG3842,,,
b1125,2,31,0.9823718127269576,0.9823718127269828,-2.5424107263916085e-14,0,3881.18451698757,b1125,b1125,N,potB,COG1176,,,
b1441,2,31,0.9823718127269576,0.9823718127269828,-2.5424107263916085e-14,0,3881.18451698757,b1441,b1441,N,ydcT,COG3842,,,
b2407,5,31,0.9823718127269576,0.9823718127269828,-2.5424107263916085e-14,0,3881.18451698757,b2407,b2407,N,xapA,COG0005,,,
b1636,1,31,0.9823718127269576,0.9823718127269828,-2.5424107263916085e-14,0,3881.18451698757,b1636,b1636,N,pdxY,COG2240,,,
b1854,1,34,0.9823718127269576,0.9823718127269828,-2.5424107263916085e-14,0,3888.9677028401934,b1854,b1854,N,pykA,COG0469,,,
b1676,1,34,0.9823718127269576,0.9823718127269778,-2.0317081350640365e-14,0,3888.967702840191,b1676,b1676,N,pykF,COG0469,,,
b3831,1,34,0.9823718127269576,0.9823718127269778,-2.0317081350640365e-14,0,3888.967702840191,b3831,b3831,N,udp,COG2820,,,
b3029,2,34,0.9823718127269576,0.9823718127269778,-2.0317081350640365e-14,0,3888.967702840191,b3029,b3029,N,ygiN,COG1359,,,
b1692,2,441,0.9823718127269576,7.695692615023604e-15,0.9823718127269498,1,6866.757801338051,b1692,b1692,N,ydiB,COG0169,,,
b0750,1,441,0.9823718127269576,0.0,0.9823718127269576,1,6866.757801337778,b0750,b0750,N,nadA,COG0379,,,
b4094,1,30,0.9823718127269576,0.9823718127269744,-1.6764367671839864e-14,0,3913.6514371216567,b4094,b4094,N,phnN,COG3709,,,
b1662,1,441,0.9823718127269576,5.155767230735773e-16,0.982371812726957,1,6866.757801337816,b1662,b1662,E,ribC,COG0307,N,u,1
b0415,1,441,0.9823718127269576,0.0,0.9823718127269576,1,6866.757801337844,b0415,b0415,E,ribE,COG0054,N,u,1
b3752,1,30,0.9823718127269576,0.9823718127269868,-2.9198865547641623e-14,0,3913.651437121645,b3752,b3752,N,rbsK,COG0524,,,
b0063,3,30,0.9823718127269576,0.9823718127269612,-3.774758283725532e-15,0,3913.651437121646,b0063,b0063,u,araB,COG1069,,,
b4198,1,30,0.9823718127269576,0.9823718127269612,-3.774758283725532e-15,0,3913.651437121646,b4198,b4198,N,ulaF,COG0235,,,
b3583,1,30,0.9823718127269576,0.9823718127269612,-3.774758283725532e-15,0,3913.651437121646,b3583,b3583,N,sgbE,COG0235,,,
b0061,1,30,0.9823718127269576,0.9823718127269612,-3.774758283725532e-15,0,3913.651437121646,b0061,b0061,u,araD,COG0235,,,
b2687,1,441,0.9823718127269576,0.0,0.9823718127269576,1,6866.757801337814,b2687,b2687,N,luxS,COG1854,,,
b3748,1,30,0.9823718127269576,0.9823718127269766,-1.9095836023552686e-14,0,3913.6514371216585,b3748,b3748,N,rbsD,COG1869,,,
b3749,1,30,0.9823718127269576,0.9823718127269612,-3.774758283725532e-15,0,3913.651437121646,b3749,b3749,N,rbsA,COG1129,,,
b3751,1,30,0.9823718127269576,0.9823718127269612,-3.774758283725532e-15,0,3913.651437121646,b3751,b3751,N,rbsB,COG1879,,,
b3750,1,30,0.9823718127269576,0.9823718127269612,-3.774758283725532e-15,0,3913.651437121646,b3750,b3750,N,rbsC,COG1172,,,
b3904,1,30,0.9823718127269576,0.9823718127269612,-3.774758283725532e-15,0,3913.651437121646,b3904,b3904,u,rhaB,COG1070,,,
b3902,1,30,0.9823718127269576,0.9823718127269612,-3.774758283725532e-15,0,3913.651437121646,b3902,b3902,u,rhaD,COG0235,,,
b2234,4,30,0.9823718127269576,0.9823718127269612,-3.774758283725532e-15,0,3913.651437121646,b2234,b2234,E,nrdA,COG0209,E,u,3
b2235,4,30,0.9823718127269576,0.9823718127269612,-3.774758283725532e-15,0,3913.651437121646,b2235,b2235,E,nrdB,COG0208,E,u,3
b2676,4,30,0.9823718127269576,0.9823718127269612,-3.774758283725532e-15,0,3913.651437121646,b2676,b2676,N,nrdF,COG0208,,,
b2675,4,30,0.9823718127269576,0.9823718127269612,-3.774758283725532e-15,0,3913.651437121646,b2675,b2675,N,nrdE,COG0209,,,
b4238,4,306,0.9823718127269576,0.9822634765924126,0.0001083361345448,0,3917.97746594788,b4238,b4238,N,nrdD,COG1328,,,
b4237,4,306,0.9823718127269576,0.9822634765924292,0.0001083361345282,0,3917.9774659478953,b4237,b4237,N,nrdG,COG0602,,,
b3386,1,418,0.9823718127269576,0.97742371082652,0.0049481019004373,0,3945.6269869197527,b3386,b3386,N,rpe,COG0036,,,
b4301,1,418,0.9823718127269576,0.97742371082655,0.0049481019004076,0,3945.626986919728,b4301,b4301,N,sgcE,COG0036,,,
b2914,1,448,0.9823718127269576,0.3344382452963519,0.6479335674306056,0,5021.953709933841,b2914,b2914,N,rpiA,COG0120,,,
b0638,1,27,0.9823718127269576,0.9823718127269844,-2.6978419498391304e-14,0,3902.805728147688,b0638,b0638,N,cobC,COG0406,,,
b1683,6,27,0.9823718127269576,0.9823718127269758,-1.8318679906315083e-14,0,3902.8057281476895,b1683,b1683,N,sufB,COG0719,,,
b1679,4,27,0.9823718127269576,0.9823718127269758,-1.8318679906315083e-14,0,3902.8057281476895,b1679,b1679,N,sufE,COG2166,,,
b1680,4,27,0.9823718127269576,0.9823718127269758,-1.8318679906315083e-14,0,3902.8057281476895,b1680,b1680,N,sufS,COG0520,,,
b1682,6,27,0.9823718127269576,0.9823718127269758,-1.8318679906315083e-14,0,3902.8057281476895,b1682,b1682,N,sufC,COG0396,,,
b1681,6,27,0.9823718127269576,0.9823718127269758,-1.8318679906315083e-14,0,3902.8057281476895,b1681,b1681,N,sufD,COG0719,,,
b1684,2,27,0.9823718127269576,0.9823718127269758,-1.8318679906315083e-14,0,3902.8057281476895,b1684,b1684,N,sufA,COG0316,,,
b0222,1,27,0.9823718127269576,0.9823718127269758,-1.8318679906315083e-14,0,3902.8057281476895,b0222,b0222,N,lpcA,COG0279,,,
b1745,1,27,0.9823718127269576,0.9823718127269758,-1.8318679906315083e-14,0,3902.8057281476895,b1745,b1745,N,astB,COG3724,,,
b2751,1,441,0.9823718127269576,1.3192615911469035e-14,0.9823718127269444,1,6866.757801337884,b2751,b2751,N,cysN,COG2895,,,
b2752,1,441,0.9823718127269576,0.0,0.9823718127269576,1,6866.757801337803,b2752,b2752,N,cysD,COG0175,,,
b2705,1,27,0.9823718127269576,0.982371812726988,-3.0531133177191805e-14,0,3902.805728147676,b2705,b2705,N,srlD,COG1028,,,
b2704,1,27,0.9823718127269576,0.9823718127269758,-1.8318679906315083e-14,0,3902.8057281476895,b2704,b2704,N,srlB,COG3731,,,
b2472,1,441,0.9823718127269576,0.0,0.9823718127269576,1,6866.757801337973,b2472,b2472,E,dapE,COG0624,N,u,1
b3591,1,27,0.9823718127269576,0.9823718127269832,-2.5757174171303632e-14,0,3902.805728147682,b3591,b3591,N,selA,COG1921,,,
b1764,1,27,0.9823718127269576,0.9823718127269758,-1.8318679906315083e-14,0,3902.8057281476895,b1764,b1764,N,selD,COG0709,,,
b2264,1,27,0.9823718127269576,0.9823718127269758,-1.8318679906315083e-14,0,3902.8057281476895,b2264,b2264,N,menD,COG1165,,,
b0586,1,27,0.9823718127269576,0.9823718127269758,-1.8318679906315083e-14,0,3902.8057281476895,b0586,b0586,N,entF,COG1020,,,
b3607,1,441,0.9823718127269576,1.3192615911469035e-14,0.9823718127269444,1,6866.757801337884,b3607,b3607,N,cysE,COG1045,,,
b2366,1,27,0.9823718127269576,0.9823718127269824,-2.4980018054066022e-14,0,3902.805728147701,b2366,b2366,N,dsdA,COG3048,,,
b2797,1,27,0.9823718127269576,0.9823718127269758,-1.8318679906315083e-14,0,3902.8057281476895,b2797,b2797,N,sdaB,COG1760,,,
b1814,1,27,0.9823718127269576,0.9823718127269758,-1.8318679906315083e-14,0,3902.8057281476895,b1814,b1814,N,sdaA,COG1760,,,
b0893,2,27,0.9823718127269576,0.9823718127269758,-1.8318679906315083e-14,0,3902.8057281476895,b0893,b0893,E,serS,COG0172,E,u,3
b2796,1,27,0.9823718127269576,0.9823718127269758,-1.8318679906315083e-14,0,3902.8057281476895,b2796,b2796,N,sdaC,COG0814,,,
b3116,2,23,0.9823718127269576,0.9823718127269758,-1.8318679906315083e-14,0,3902.805623566581,b3116,b3116,N,tdcC,COG0814,,,
b3089,2,23,0.9823718127269576,0.9823718127269824,-2.4868995751603507e-14,0,3902.805623566571,b3089,b3089,N,sstT,COG3633,,,
b2154,1,23,0.9823718127269576,0.9823718127269824,-2.4868995751603507e-14,0,3902.805623566571,b2154,b2154,N,yeiG,COG0627,,,
b0355,1,23,0.9823718127269576,0.9823718127269824,-2.4868995751603507e-14,0,3902.805623566571,b0355,b0355,N,frmB,COG0627,,,
b1744,1,23,0.9823718127269576,0.9823718127269824,-2.4868995751603507e-14,0,3902.805623566571,b1744,b1744,N,astE,COG2988,,,
b1746,1,23,0.9823718127269576,0.9823718127269824,-2.4868995751603507e-14,0,3902.805623566571,b1746,b1746,N,astD,COG1012,,,
b2263,1,23,0.9823718127269576,0.9823718127269824,-2.4868995751603507e-14,0,3902.805623566571,b2263,b2263,N,yfbB,COG0596,,,
b3368,3,441,0.9823718127269576,4.695994687335574e-16,0.9823718127269572,1,6866.757801337787,b3368,b3368,N,cysG,COG0007,,,
b3281,1,441,0.9823718127269576,0.0,0.9823718127269576,1,6866.757801337852,b3281,b3281,N,aroE,COG0169,,,
b0388,1,441,0.9823718127269576,2.497289581028299e-30,0.9823718127269576,1,6866.757801337778,b0388,b0388,N,aroL,COG0703,,,
b3939,1,441,0.9823718127269576,0.0,0.9823718127269576,1,6866.757801337805,b3939,b3939,N,metB,COG0626,,,
b1981,1,23,0.9823718127269576,0.9823718127269766,-1.9095836023552686e-14,0,3902.8056235665817,b1981,b1981,N,shiA,COG0477,,,
b1206,1,324,0.9823718127269576,0.9816016874721472,0.0007701252548103,0,3913.463404303898,b1206,b1206,N,ychM,COG0659,,,
b1584,2,23,0.9823718127269576,0.9823718127269792,-2.1649348980190556e-14,0,3902.805623566575,b1584,b1584,N,speG,COG1670,,,
b1599,1,23,0.9823718127269576,0.9823718127269824,-2.4868995751603507e-14,0,3902.805623566571,b1599,b1599,N,mdtI,COG2076,,,
b1600,1,23,0.9823718127269576,0.9823718127269824,-2.4868995751603507e-14,0,3902.805623566571,b1600,b1600,N,mdtJ,COG2076,,,
b1656,1,23,0.9823718127269576,0.9823718127269824,-2.4868995751603507e-14,0,3902.805623566571,b1656,b1656,N,sodB,COG0605,,,
b1646,1,23,0.9823718127269576,0.9823718127269824,-2.4868995751603507e-14,0,3902.805623566571,b1646,b1646,N,sodC,COG2032,,,
b1525,2,23,0.9823718127269576,0.9823718127269824,-2.4868995751603507e-14,0,3902.805623566571,b1525,b1525,N,yneI,COG1012,,,
b2661,1,23,0.9823718127269576,0.9823718127269824,-2.4868995751603507e-14,0,3902.805623566571,b2661,b2661,N,gabD,COG1012,,,
b2260,1,23,0.9823718127269576,0.9823718127269824,-2.4868995751603507e-14,0,3902.805623566571,b2260,b2260,N,menE,COG0318,,,
b2261,1,23,0.9823718127269576,0.9823718127269824,-2.4868995751603507e-14,0,3902.805623566571,b2261,b2261,N,menC,COG1441,,,
b0721,1,436,0.9823718127269576,0.9566911236138222,0.0256806891131352,0,3178.930221198913,b0721,b0721,N,sdhC,COG2009,,,
b0722,1,436,0.9823718127269576,0.9566911236138248,0.0256806891131328,0,3178.930221198908,b0722,b0722,N,sdhD,COG2142,,,
b0724,1,436,0.9823718127269576,0.9566911236138248,0.0256806891131328,0,3178.930221198908,b0724,b0724,N,sdhB,COG0479,,,
b0723,1,436,0.9823718127269576,0.9566911236138248,0.0256806891131328,0,3178.930221198908,b0723,b0723,N,sdhA,COG1053,,,
b0728,1,370,0.9823718127269576,0.9794797645370018,0.0028920481899556,0,139.22211671215345,b0728,b0728,N,sucC,COG0045,,,
b0729,1,370,0.9823718127269576,0.9794797645369996,0.002892048189958,0,139.2221167121538,b0729,b0729,N,sucD,COG0074,,,
b2464,1,26,0.9823718127269576,0.9823718127269704,-1.2878587085651816e-14,0,56.79574283035007,b2464,b2464,N,talA,COG0176,,,
b0008,1,26,0.9823718127269576,0.9823718127269696,-1.199040866595169e-14,0,56.7957428303502,b0008,b0008,N,talB,COG0176,,,
b3062,1,26,0.9823718127269576,0.9823718127269696,-1.199040866595169e-14,0,56.7957428303502,b3062,b3062,N,ttdB,COG1838,,,
b3061,1,26,0.9823718127269576,0.9823718127269696,-1.199040866595169e-14,0,56.7957428303502,b3061,b3061,N,ttdA,COG1951,,,
b3063,1,26,0.9823718127269576,0.9823718127269696,-1.199040866595169e-14,0,56.7957428303502,b3063,b3063,N,ygjE,COG0471,,,
b0368,1,26,0.9823718127269576,0.9823718127269696,-1.199040866595169e-14,0,56.7957428303502,b0368,b0368,N,tauD,COG2175,,,
b3791,1,26,0.9823718127269576,0.9823718127269696,-1.199040866595169e-14,0,56.7957428303502,b3791,b3791,N,rffA,COG0399,,,
b2038,1,26,0.9823718127269576,0.9823718127269696,-1.199040866595169e-14,0,56.7957428303502,b2038,b2038,N,rfbC,COG1898,,,
b2040,1,26,0.9823718127269576,0.9823718127269696,-1.199040866595169e-14,0,56.7957428303502,b2040,b2040,N,rfbD,COG1091,,,
b2041,1,26,0.9823718127269576,0.9823718127269696,-1.199040866595169e-14,0,56.7957428303502,b2041,b2041,N,rfbB,COG1088,,,
b0915,1,441,0.9823718127269576,4.955629643239284e-16,0.9823718127269572,1,4486.966489406478,b0915,b0915,E,lpxK,COG1663,u,u,2
b2095,1,26,0.9823718127269576,0.9823718127269808,-2.3314683517128287e-14,0,56.79574283034934,b2095,b2095,N,gatZ,COG4573,,,
b3137,1,26,0.9823718127269576,0.9823718127269744,-1.6986412276764895e-14,0,56.795742830349845,b3137,b3137,N,kbaY,COG0191,,,
b2096,1,26,0.9823718127269576,0.9823718127269744,-1.6986412276764895e-14,0,56.795742830349845,b2096,b2096,N,gatY,COG0191,,,
b3132,1,26,0.9823718127269576,0.9823718127269744,-1.6986412276764895e-14,0,56.795742830349845,b3132,b3132,N,kbaZ,COG4573,,,
b0166,1,443,0.9823718127269576,1.1780435783931448e-16,0.9823718127269574,1,6470.967589364073,b0166,b0166,E,dapD,COG2171,N,u,1
b2480,1,26,0.9823718127269576,0.9823718127269784,-2.0872192862952943e-14,0,56.79574283034962,b2480,b2480,N,bcp,COG1225,,,
b0066,1,26,0.9823718127269576,0.9823718127269718,-1.4321877017664523e-14,0,56.79574283035008,b0066,b0066,N,thiQ,COG3840,,,
b0067,1,26,0.9823718127269576,0.9823718127269718,-1.4321877017664523e-14,0,56.79574283035008,b0067,b0067,N,thiP,COG1178,,,
b0068,1,26,0.9823718127269576,0.9823718127269718,-1.4321877017664523e-14,0,56.79574283035008,b0068,b0068,N,tbpA,COG4143,,,
b3616,1,26,0.9823718127269576,0.9823718127269718,-1.4321877017664523e-14,0,56.79574283035008,b3616,b3616,N,tdh,COG1063,,,
b3772,1,437,0.9823718127269576,-4.955588104715289e-16,0.982371812726958,1,6104.258543840929,b3772,b3772,N,ilvA,COG1171,,,
b3117,1,437,0.9823718127269576,0.0,0.9823718127269576,1,6104.258543841027,b3117,b3117,N,tdcB,COG1171,,,
b1719,1,26,0.9823718127269576,0.9823718127269808,-2.3314683517128287e-14,0,56.79574283034944,b1719,b1719,E,thrS,COG0441,E,u,3
b3990,1,437,0.9823718127269576,0.0,0.9823718127269576,1,6104.258543841025,b3990,b3990,N,thiH,COG1060,,,
b0423,1,437,0.9823718127269576,0.0,0.9823718127269576,1,6104.258543841025,b0423,b0423,N,thiI,COG0301,,,
b2465,2,437,0.9823718127269576,0.0,0.9823718127269576,1,6104.258543841001,b2465,b2465,N,tktB,COG0021,,,
b0997,2,26,0.9823718127269576,0.98237181272697,-1.2434497875801752e-14,0,56.79574283035016,b0997,b0997,N,torA,COG0243,,,
b0996,2,26,0.9823718127269576,0.9823718127269624,-4.773959005888173e-15,0,56.79574283035071,b0996,b0996,N,torC,COG3005,,,
b2827,1,437,0.9823718127269576,0.0,0.9823718127269576,1,6104.258543840644,b2827,b2827,N,thyA,COG0207,,,
b1106,1,26,0.9823718127269576,0.9823718127269814,-2.3869795029440862e-14,0,56.79574283034938,b1106,b1106,N,ycfN,COG0510,,,
b0417,1,437,0.9823718127269576,1.0993846592890865e-15,0.9823718127269564,1,6104.258543840636,b0417,b0417,E,thiL,COG0611,u,u,2
b3993,1,437,0.9823718127269576,0.0,0.9823718127269576,1,6104.258543840987,b3993,b3993,N,thiE,COG0352,,,
b3919,1,429,0.9823718127269576,0.9470535202806007,0.0353182924463567,0,955.4691828700508,b3919,b3919,N,tpiA,COG0149,,,
b0613,1,21,0.9823718127269576,0.9823718127269762,-1.8651746813702633e-14,0,49.98884858985691,b0613,b0613,N,citG,COG1767,,,
b0888,1,26,0.9823718127269576,0.9823718127269834,-2.5868196473766147e-14,0,50.28531584450975,b0888,b0888,N,trxB,COG0492,,,
b4239,1,26,0.9823718127269576,0.9823718127269848,-2.731148640577885e-14,0,50.28531584450968,b4239,b4239,N,treC,COG0366,,,
b1897,1,26,0.9823718127269576,0.9823718127269848,-2.731148640577885e-14,0,50.28531584450968,b1897,b1897,N,otsB,COG1877,,,
b1896,1,26,0.9823718127269576,0.9823718127269848,-2.731148640577885e-14,0,50.28531584450968,b1896,b1896,N,otsA,COG0380,,,
b3519,1,26,0.9823718127269576,0.9823718127269848,-2.731148640577885e-14,0,50.28531584450968,b3519,b3519,N,treF,COG1626,,,
b1197,1,26,0.9823718127269576,0.9823718127269848,-2.731148640577885e-14,0,50.28531584450968,b1197,b1197,N,treA,COG1626,,,
b4240,1,26,0.9823718127269576,0.9823718127269848,-2.731148640577885e-14,0,50.28531584450968,b4240,b4240,N,treB,COG1263,,,
b1260,3,443,0.9823718127269576,1.0993846592890865e-15,0.9823718127269564,1,6470.967589365527,b1260,b1260,N,trpA,COG0159,,,
b1261,3,443,0.9823718127269576,0.0,0.9823718127269576,1,6470.967589364151,b1261,b1261,N,trpB,COG0133,,,
b3384,1,26,0.9823718127269576,0.9823718127269734,-1.5876189252139742e-14,0,50.28531584451062,b3384,b3384,E,trpS,COG0180,E,u,3
b3709,1,26,0.9823718127269576,0.982371812726982,-2.4424906541753444e-14,0,50.28531584450988,b3709,b3709,E,tnaB,COG0814,N,u,0
b0509,1,26,0.9823718127269576,0.982371812726982,-2.4424906541753444e-14,0,50.28531584450988,b0509,b0509,N,glxR,COG2084,,,
b3125,1,26,0.9823718127269576,0.982371812726982,-2.4424906541753444e-14,0,50.28531584450988,b3125,b3125,N,garR,COG2084,,,
b1637,1,26,0.9823718127269576,0.9823718127269804,-2.2870594307278225e-14,0,50.28531584451004,b1637,b1637,E,tyrS,COG0162,E,u,3
b1907,1,26,0.9823718127269576,0.9823718127269812,-2.3758772726978353e-14,0,50.28531584450989,b1907,b1907,N,tyrP,COG0814,,,
b0179,1,439,0.9823718127269576,5.217335164953805e-16,0.982371812726957,1,4485.498945878257,b0179,b0179,E,lpxD,COG1044,E,u,2.5
b0085,1,439,0.9823718127269576,0.0,0.9823718127269576,1,4485.498945878074,b0085,b0085,E,murE,COG0769,E,u,3
b0181,1,439,0.9823718127269576,-2.2070371286605899e-16,0.9823718127269576,1,4485.498945878141,b0181,b0181,E,lpxA,COG1043,E,u,3
b3189,1,439,0.9823718127269576,0.0,0.9823718127269576,1,4485.498945878024,b3189,b3189,E,murA,COG0766,E,u,2
b0090,1,439,0.9823718127269576,0.0,0.9823718127269576,1,4485.498945878083,b0090,b0090,E,murG,COG0707,E,u,3
b0088,1,439,0.9823718127269576,0.0,0.9823718127269576,1,4485.498945878097,b0088,b0088,E,murD,COG0771,E,u,3
b0091,1,439,0.9823718127269576,0.0,0.9823718127269576,1,4485.498945878123,b0091,b0091,E,murC,COG0773,E,u,3
b3972,1,439,0.9823718127269576,0.0,0.9823718127269576,1,4485.498945878123,b3972,b3972,E,murB,COG0812,E,u,2
b0841,2,439,0.9823718127269576,0.0,0.9823718127269576,1,4485.498945878024,b0841,b0841,N,ybjG,COG0671,,,
b3057,2,439,0.9823718127269576,0.0,0.9823718127269576,1,4485.4989458780965,b3057,b3057,N,bacA,COG1968,,,
b0174,1,439,0.9823718127269576,0.0,0.9823718127269576,1,4485.4989458780965,b0174,b0174,E,ispU,COG0020,E,u,3
b2036,1,26,0.9823718127269576,0.982371812726991,-3.3528735343679734e-14,0,50.28531584450918,b2036,b2036,N,glf,COG0562,,,
b2028,1,26,0.9823718127269576,0.982371812726991,-3.3528735343679734e-14,0,50.28531584450918,b2028,b2028,N,ugd,COG1004,,,
b2255,2,26,0.9823718127269576,0.982371812726991,-3.3528735343679734e-14,0,50.28531584450918,b2255,b2255,N,yfbG,COG0451,,,
b0758,1,26,0.9823718127269576,0.982371812726991,-3.3528735343679734e-14,0,50.28531584450918,b0758,b0758,N,galT,COG1085,,,
b0505,1,26,0.9823718127269576,0.982371812726991,-3.3528735343679734e-14,0,50.28531584450918,b0505,b0505,N,allA,COG3194,,,
b0086,1,437,0.9823718127269576,-1.0993846592890865e-15,0.9823718127269586,1,6104.258543840788,b0086,b0086,E,murF,COG0770,E,u,2
b0096,1,440,0.9823718127269576,2.6002605786740325e-14,0.9823718127269316,1,3340.024638168404,b0096,b0096,E,lpxC,COG0774,E,u,2.5
b4233,2,26,0.9823718127269576,0.982371812726991,-3.3528735343679734e-14,0,50.28531584450918,b4233,b4233,N,mpl,COG0773,,,
b0171,1,456,0.9823718127269576,0.0,0.9823718127269576,1,3829.2887590857417,b0171,b0171,E,pyrH,COG0528,E,u,3
b2256,1,26,0.9823718127269576,0.9823718127269814,-2.3869795029440862e-14,0,50.28531584450993,b2256,b2256,N,yfbH,COG0726,,,
b2254,1,26,0.9823718127269576,0.9823718127269768,-1.9206858326015208e-14,0,50.28531584451031,b2254,b2254,N,yfbF,COG0463,,,
b3803,1,437,0.9823718127269576,0.0,0.9823718127269576,1,6104.258543840762,b3803,b3803,N,hemX,COG2959,,,
b3804,1,437,0.9823718127269576,0.0,0.9823718127269576,1,6104.258543841019,b3804,b3804,E,hemD,COG1587,u,u,2
b3997,1,437,0.9823718127269576,0.0,0.9823718127269576,1,6104.258543840981,b3997,b3997,N,hemE,COG0407,,,
b2498,1,26,0.9823718127269576,0.9823718127269736,-1.6209256159527282e-14,0,50.28531584451049,b2498,b2498,N,upp,COG0035,,,
b1011,1,26,0.9823718127269576,0.9823718127269768,-1.9206858326015208e-14,0,50.28531584451031,b1011,b1011,N,ycdL,COG1335,,,
b2497,1,26,0.9823718127269576,0.9823718127269768,-1.9206858326015208e-14,0,50.28531584451031,b2497,b2497,N,uraA,COG2233,,,
b0517,1,26,0.9823718127269576,0.9823718127269768,-1.9206858326015208e-14,0,50.28531584451031,b0517,b0517,N,allD,COG2055,,,
b0524,1,448,0.9823718127269576,-1.1985442805409902e-17,0.9823718127269576,1,4540.7293983946,b0524,b0524,E,lpxH,COG2908,E,u,3
b4258,1,26,0.9823718127269576,0.9823718127269792,-2.1649348980190556e-14,0,50.285315844510144,b4258,b4258,E,valS,COG0525,E,u,3
b2682,1,26,0.9823718127269576,0.9823718127269748,-1.7208456881689926e-14,0,50.28531584451051,b2682,b2682,N,ygaZ,COG1296,,,
b4197,1,29,0.9823718127269576,0.9823718127269704,-1.2989609388114332e-14,0,50.80374135302939,b4197,b4197,N,ulaE,COG3623,,,
b2882,1,29,0.9823718127269576,0.9823718127269704,-1.2989609388114332e-14,0,50.80374135302939,b2882,b2882,N,ygfO,COG2233,,,
b3565,2,29,0.9823718127269576,0.9823718127269704,-1.2989609388114332e-14,0,50.80374135302939,b3565,b3565,N,xylA,COG2115,,,
b3579,1,29,0.9823718127269576,0.9823718127269704,-1.2989609388114332e-14,0,50.80374135302939,b3579,b3579,N,yiaO,COG1638,,,
b3577,1,29,0.9823718127269576,0.9823718127269704,-1.2989609388114332e-14,0,50.80374135302939,b3577,b3577,N,yiaM,COG3090,,,
b3567,1,29,0.9823718127269576,0.9823718127269704,-1.2989609388114332e-14,0,50.80374135302939,b3567,b3567,N,xylG,COG1129,,,
b3568,1,29,0.9823718127269576,0.9823718127269704,-1.2989609388114332e-14,0,50.80374135302939,b3568,b3568,N,xylH,COG4214,,,
b3566,1,29,0.9823718127269576,0.9823718127269704,-1.2989609388114332e-14,0,50.80374135302939,b3566,b3566,N,xylF,COG4213,,,
b4031,1,29,0.9823718127269576,0.9823718127269704,-1.2989609388114332e-14,0,50.80374135302939,b4031,b4031,N,xylE,COG0477,,,
b1859,1,29,0.9823718127269576,0.9823718127269704,-1.2989609388114332e-14,0,50.80374135302939,b1859,b1859,N,znuB,COG1108,,,
b1858,1,29,0.9823718127269576,0.9823718127269704,-1.2989609388114332e-14,0,50.80374135302939,b1858,b1858,N,znuC,COG1121,,,
