gene_id,gene_name,n_gpr_rxns,n_changed,b_wt,b_ko,delta_b,y_essential,kV,L1,solve_src
b1377,,270,424,0.4962399415792551,0.0,0.4962399415792551,1,20059.441999762763,0.0,infeasible
b2215,,271,424,0.4962399415792551,0.0,0.4962399415792551,1,20059.441999762763,0.0,infeasible
b0929,,271,424,0.4962399415792551,0.0,0.4962399415792551,1,20059.441999762763,0.0,infeasible
b0241,,270,424,0.4962399415792551,0.0,0.4962399415792551,1,20059.441999762763,0.0,infeasible
b4034,,6,8,0.4962399415792551,0.4962399415792551,0.0,0,2.6735070602018996e-05,747.9191570995355,highs_pfba
b4033,,6,8,0.4962399415792551,0.4962399415792551,0.0,0,2.6735070602018996e-05,747.9191570995355,highs_pfba
b4032,,6,8,0.4962399415792551,0.4962399415792551,0.0,0,2.6735070602018996e-05,747.9191570995355,highs_pfba
b4035,,6,8,0.4962399415792551,0.4962399415792551,0.0,0,2.6735070602018996e-05,747.9191570995355,highs_pfba
b4036,,7,2,0.4962399415792551,0.4962399415792599,-4.829470157119431e-15,0,199.99999999999656,747.9191570995367,highs_pfba
b4213,,8,0,0.4962399415792551,0.4962399415792551,0.0,0,0.0,747.9191570995346,highs_pfba
b2835,,21,4,0.4962399415792551,0.4962399415792598,-4.718447854656915e-15,0,4.8983876527723785e-08,747.9191570995388,highs_pfba
b2836,,23,451,0.4962399415792551,0.4839276977273589,0.0123122438518962,0,10.680508182043514,747.413898852082,highs_pfba
b3553,,10,8,0.4962399415792551,0.4962399415792598,-4.718447854656915e-15,0,2.6735070602041416e-05,747.9191570995391,highs_pfba
b1134,,2,8,0.4962399415792551,0.4962399415792599,-4.829470157119431e-15,0,2.673507060204545e-05,747.9191570995404,highs_pfba
b0446,,2,8,0.4962399415792551,0.4962399415792599,-4.829470157119431e-15,0,2.673507060203464e-05,747.919157099537,highs_pfba
b1009,,1,4,0.4962399415792551,0.4962399415792598,-4.718447854656915e-15,0,4.8983876527330635e-08,747.9191570995392,highs_pfba
b0954,,13,4,0.4962399415792551,0.4962399415792574,-2.3314683517128287e-15,0,2.6686086725514643e-05,747.9191570995356,highs_pfba
b0180,,14,424,0.4962399415792551,-0.0,0.4962399415792551,1,3743.843283813396,398.2978723404252,highs_pfba
b0347,,2,0,0.4962399415792551,0.4962399415792551,0.0,0,0.0,747.9191570995349,highs_pfba
b3580,,2,0,0.4962399415792551,0.4962399415792551,0.0,0,0.0,747.919157099536,highs_pfba
b1093,,14,424,0.4962399415792551,-0.0,0.4962399415792551,1,3743.843283813381,398.2978723404256,highs_pfba
b2323,,13,424,0.4962399415792551,-0.0,0.4962399415792551,1,3743.843283813381,398.2978723404256,highs_pfba
b1095,,9,424,0.4962399415792551,-0.0,0.4962399415792551,1,3743.843283813382,398.2978723404256,highs_pfba
b1397,,2,0,0.4962399415792551,0.4962399415792551,0.0,0,0.0,747.9191570995337,highs_pfba
b1245,,2,4,0.4962399415792551,0.4962399415792598,-4.718447854656915e-15,0,4.898387652905066e-08,747.9191570995396,highs_pfba
b1244,,2,4,0.4962399415792551,0.4962399415792598,-4.718447854656915e-15,0,4.898387652905066e-08,747.9191570995396,highs_pfba
b1329,,1,0,0.4962399415792551,0.4962399415792598,-4.718447854656915e-15,0,0.0,747.9191570995392,highs_pfba
b1246,,2,4,0.4962399415792551,0.4962399415792598,-4.718447854656915e-15,0,4.898387652905066e-08,747.9191570995396,highs_pfba
b1247,,2,4,0.4962399415792551,0.4962399415792598,-4.718447854656915e-15,0,4.898387652905066e-08,747.9191570995396,highs_pfba
b1386,,3,0,0.4962399415792551,0.4962399415792551,0.0,0,0.0,747.9191570995343,highs_pfba
b0004,,2,424,0.4962399415792551,-0.0,0.4962399415792551,1,3743.8432838133817,398.2978723404256,highs_pfba
b1192,,4,8,0.4962399415792551,0.4962399415792575,-2.4424906541753444e-15,0,2.673507060202635e-05,747.9191570995358,highs_pfba
b1243,,1,0,0.4962399415792551,0.4962399415792551,0.0,0,0.0,747.9191570995358,highs_pfba
b4266,,1,0,0.4962399415792551,0.4962399415792551,0.0,0,0.0,747.9191570995347,highs_pfba
b4265,,3,8,0.4962399415792551,0.4962399415792643,-9.214851104388801e-15,0,2.673507060206181e-05,747.9191570995422,highs_pfba
b0159,,3,424,0.4962399415792551,-0.0,0.4962399415792551,1,3743.8432838133817,398.2978723404256,highs_pfba
b3197,,1,424,0.4962399415792551,-0.0,0.4962399415792551,1,3743.8432838133817,398.29787234042544,highs_pfba
b2708,,1,424,0.4962399415792551,-0.0,0.4962399415792551,1,3743.8432838133817,398.29787234042544,highs_pfba
b1094,,26,424,0.4962399415792551,-0.0,0.4962399415792551,1,3743.843283813373,398.2978723404267,highs_pfba
b4481,,1,8,0.4962399415792551,0.4962399415792586,-3.497202527569243e-15,0,2.6735070602036137e-05,747.9191570995381,highs_pfba
b1927,,1,8,0.4962399415792551,0.4962399415792551,0.0,0,2.6735070602018996e-05,747.9191570995355,highs_pfba
b3571,,1,8,0.4962399415792551,0.4962399415792551,0.0,0,2.6735070602018996e-05,747.9191570995355,highs_pfba
b2901,,1,0,0.4962399415792551,0.4962399415792551,0.0,0,0.0,747.9191570995343,highs_pfba
b1302,,1,0,0.4962399415792551,0.4962399415792598,-4.718447854656915e-15,0,0.0,747.9191570995399,highs_pfba
b2662,,1,0,0.4962399415792551,0.4962399415792598,-4.718447854656915e-15,0,0.0,747.9191570995399,highs_pfba
b1444,,1,0,0.4962399415792551,0.4962399415792598,-4.718447854656915e-15,0,0.0,747.9191570995372,highs_pfba
b2663,,1,0,0.4962399415792551,0.4962399415792599,-4.829470157119431e-15,0,0.0,747.9191570995367,highs_pfba
b2222,,3,0,0.4962399415792551,0.4962399415792599,-4.829470157119431e-15,0,0.0,747.9191570995365,highs_pfba
b2221,,3,0,0.4962399415792551,0.4962399415792599,-4.829470157119431e-15,0,0.0,747.9191570995365,highs_pfba
b2224,,1,454,0.4962399415792551,0.4839276977273588,0.0123122438518962,0,10.680600019028583,747.4138988520807,highs_pfba
b2342,,8,454,0.4962399415792551,0.4839276977273538,0.0123122438519012,0,10.680600019027032,747.4138988520747,highs_pfba
b3845,,8,454,0.4962399415792551,0.4839276977273538,0.0123122438519012,0,10.680600019027032,747.4138988520747,highs_pfba
b2223,,3,8,0.4962399415792551,0.4962399415792598,-4.718447854656915e-15,0,2.6735070603707374e-05,747.9191570995399,highs_pfba
b1241,,2,4,0.4962399415792551,0.4962399415792599,-4.829470157119431e-15,0,4.8983876525807286e-08,747.9191570995382,highs_pfba
b0351,,1,0,0.4962399415792551,0.4962399415792598,-4.718447854656915e-15,0,0.0,747.9191570995397,highs_pfba
s0001,,39,424,0.4962399415792551,0.0,0.4962399415792551,1,20059.441999762763,0.0,infeasible
b1463,,1,0,0.4962399415792551,0.4962399415792551,0.0,0,0.0,747.9191570995343,highs_pfba
b1993,,2,0,0.4962399415792551,0.4962399415792551,0.0,0,0.0,747.9191570995343,highs_pfba
b2316,,1,424,0.4962399415792551,-0.0,0.4962399415792551,1,3743.843283813397,398.2978723404249,highs_pfba
b3255,,1,424,0.4962399415792551,-0.0,0.4962399415792551,1,3743.843283813397,398.2978723404249,highs_pfba
b0185,,1,424,0.4962399415792551,-0.0,0.4962399415792551,1,3743.843283813397,398.2978723404249,highs_pfba
b3256,,1,424,0.4962399415792551,-0.0,0.4962399415792551,1,3743.843283813397,398.2978723404249,highs_pfba
b4069,,2,4,0.4962399415792551,0.4962399415792598,-4.718447854656915e-15,0,4.8983876518288215e-08,747.919157099538,highs_pfba
b1119,,1,0,0.4962399415792551,0.4962399415792585,-3.4416913763379853e-15,0,0.0,747.919157099539,highs_pfba
b3784,,1,8,0.4962399415792551,0.4962399415792586,-3.497202527569243e-15,0,2.6735070602028276e-05,747.919157099537,highs_pfba
b2415,,18,422,0.4962399415792551,0.4714279445002948,0.0248119970789602,0,792.1182126030407,768.7557910152871,highs_pfba
b0679,,1,4,0.4962399415792551,0.4962399415792551,0.0,0,4.898387650196823e-08,747.9191570995345,highs_pfba
b1101,,2,419,0.4962399415792551,0.47142794450029,0.024811997078965,0,397.61127917934095,760.146688345601,highs_pfba
b2417,,6,422,0.4962399415792551,0.47142794450029,0.024811997078965,0,509.9426357593069,760.1466883456008,highs_pfba
b2416,,19,422,0.4962399415792551,0.4714279445002948,0.0248119970789602,0,792.1182126030407,768.7557910152871,highs_pfba
b3959,,1,424,0.4962399415792551,-0.0,0.4962399415792551,1,3743.843283813381,398.2978723404256,highs_pfba
b2818,,1,424,0.4962399415792551,-0.0,0.4962399415792551,1,3743.843283813393,398.297872340425,highs_pfba
b0078,,2,424,0.4962399415792551,-0.0,0.4962399415792551,1,3743.8432838133754,398.2978723404258,highs_pfba
b3670,,2,424,0.4962399415792551,-0.0,0.4962399415792551,1,3743.8432838133754,398.2978723404258,highs_pfba
b3671,,2,424,0.4962399415792551,-0.0,0.4962399415792551,1,3743.8432838133754,398.2978723404258,highs_pfba
b0077,,2,424,0.4962399415792551,-0.0,0.4962399415792551,1,3743.8432838133754,398.2978723404258,highs_pfba
b3115,,2,430,0.4962399415792551,0.4008026516090865,0.0954372899701685,0,850.5564778526475,728.0771288836731,highs_pfba
b1849,,2,428,0.4962399415792551,0.4008026516090865,0.0954372899701685,0,850.5564562986533,728.0771288836688,highs_pfba
b2296,,1,430,0.4962399415792551,0.4008026516090865,0.0954372899701685,0,850.5564778526382,728.077128883673,highs_pfba
b2428,,1,4,0.4962399415792551,0.4962399415792585,-3.4416913763379853e-15,0,2.66860867255147e-05,747.9191570995383,highs_pfba
b3794,,1,8,0.4962399415792551,0.4962399415792586,-3.497202527569243e-15,0,2.6735070602028276e-05,747.919157099537,highs_pfba
b1818,,5,419,0.4962399415792551,0.47142794450029,0.024811997078965,0,397.6112791793258,760.1466883455967,highs_pfba
b1819,,5,419,0.4962399415792551,0.47142794450029,0.024811997078965,0,397.6112791793258,760.1466883455967,highs_pfba
b1817,,5,419,0.4962399415792551,0.47142794450029,0.024811997078965,0,397.6112791793258,760.1466883455967,highs_pfba
b2429,,2,0,0.4962399415792551,0.4962399415792551,0.0,0,0.0,747.9191570995343,highs_pfba
b3224,,1,0,0.4962399415792551,0.4962399415792551,0.0,0,0.0,747.9191570995343,highs_pfba
b4311,,1,0,0.4962399415792551,0.4962399415792551,0.0,0,0.0,747.9191570995343,highs_pfba
b3225,,1,0,0.4962399415792551,0.4962399415792551,0.0,0,0.0,747.9191570995343,highs_pfba
b0221,,8,453,0.4962399415792551,0.4839276977273639,0.0123122438518911,0,10.68193921493222,747.4138988520838,highs_pfba
b1091,,3,424,0.4962399415792551,-0.0,0.4962399415792551,1,3743.843283813384,398.29787234042544,highs_pfba
b3957,,2,424,0.4962399415792551,-0.0,0.4962399415792551,1,3743.843283813386,398.2978723404253,highs_pfba
b3200,,9,424,0.4962399415792551,-0.0,0.4962399415792551,1,3743.843283813384,398.29787234042544,highs_pfba
b4261,,9,424,0.4962399415792551,-0.0,0.4962399415792551,1,3743.843283813384,398.29787234042544,highs_pfba
b3201,,9,424,0.4962399415792551,-0.0,0.4962399415792551,1,3743.843283813384,398.29787234042544,highs_pfba
b4262,,9,424,0.4962399415792551,-0.0,0.4962399415792551,1,3743.843283813384,398.29787234042544,highs_pfba
b3199,,9,424,0.4962399415792551,-0.0,0.4962399415792551,1,3743.843283813384,398.29787234042544,highs_pfba
b1519,,1,0,0.4962399415792551,0.4962399415792551,0.0,0,0.0,747.9191570995343,highs_pfba
b1276,,2,423,0.4962399415792551,-0.0,0.4962399415792551,1,4101.279799353859,409.090909090909,highs_pfba
b0118,,3,423,0.4962399415792551,-0.0,0.4962399415792551,1,4101.279799353859,409.090909090909,highs_pfba
b1748,,2,424,0.4962399415792551,-0.0,0.4962399415792551,1,3743.843283813384,398.2978723404258,highs_pfba
b3359,,2,424,0.4962399415792551,-0.0,0.4962399415792551,1,3743.843283813376,398.2978723404261,highs_pfba
b1090,,7,8,0.4962399415792551,0.4962399415792551,0.0,0,2.673507060202199e-05,747.9191570995362,highs_pfba
b3475,,1,0,0.4962399415792551,0.4962399415792551,0.0,0,0.0,747.9191570995343,highs_pfba
b2563,,1,0,0.4962399415792551,0.4962399415792551,0.0,0,0.0,747.9191570995343,highs_pfba
b2578,,2,0,0.4962399415792551,0.4962399415792598,-4.718447854656915e-15,0,0.0,747.9191570995399,highs_pfba
b1533,,2,0,0.4962399415792551,0.4962399415792598,-4.718447854656915e-15,0,0.0,747.9191570995399,highs_pfba
b4067,,2,4,0.4962399415792551,0.4962399415792598,-4.718447854656915e-15,0,2.668608672551477e-05,747.9191570995399,highs_pfba
b1623,,2,4,0.4962399415792551,0.4962399415792598,-4.718447854656915e-15,0,4.898387653165526e-08,747.9191570995407,highs_pfba
b1096,,1,424,0.4962399415792551,-0.0,0.4962399415792551,1,3743.843283813375,398.297872340426,highs_pfba
b1812,,2,424,0.4962399415792551,-0.0,0.4962399415792551,1,3743.843283813381,398.2978723404258,highs_pfba
b3360,,1,424,0.4962399415792551,-0.0,0.4962399415792551,1,3743.8432838133776,398.297872340426,highs_pfba
b3665,,1,0,0.4962399415792551,0.4962399415792598,-4.718447854656915e-15,0,0.0,747.9191570995373,highs_pfba
b3654,,3,0,0.4962399415792551,0.4962399415792598,-4.718447854656915e-15,0,0.0,747.9191570995372,highs_pfba
b3714,,1,0,0.4962399415792551,0.4962399415792598,-4.718447854656915e-15,0,0.0,747.9191570995372,highs_pfba
b0474,,13,424,0.4962399415792551,-0.0,0.4962399415792551,1,3743.843283813382,398.2978723404256,highs_pfba
b0120,,1,4,0.4962399415792551,0.4962399415792599,-4.829470157119431e-15,0,4.8983876526937586e-08,747.9191570995392,highs_pfba
b3806,,1,8,0.4962399415792551,0.4962399415792551,0.0,0,2.673507060201236e-05,747.9191570995342,highs_pfba
b0030,,5,4,0.4962399415792551,0.4962399415792575,-2.4424906541753444e-15,0,4.898387651199575e-08,747.9191570995363,highs_pfba
b2393,,7,4,0.4962399415792551,0.4962399415792551,0.0,0,4.8983876504818564e-08,747.9191570995353,highs_pfba
b2964,,11,8,0.4962399415792551,0.4962399415792551,0.0,0,2.673507060202022e-05,747.9191570995356,highs_pfba
b2406,,6,4,0.4962399415792551,0.4962399415792575,-2.4424906541753444e-15,0,4.898387651226604e-08,747.9191570995362,highs_pfba
b0411,,7,4,0.4962399415792551,0.4962399415792596,-4.496403249731884e-15,0,4.8983876519664034e-08,747.9191570995373,highs_pfba
b1992,,1,0,0.4962399415792551,0.4962399415792551,0.0,0,0.0,747.9191570995343,highs_pfba
b1709,,3,0,0.4962399415792551,0.4962399415792551,0.0,0,0.0,747.9191570995343,highs_pfba
b0158,,3,0,0.4962399415792551,0.4962399415792551,0.0,0,0.0,747.9191570995343,highs_pfba
b1711,,3,0,0.4962399415792551,0.4962399415792551,0.0,0,0.0,747.9191570995343,highs_pfba
b3966,,3,0,0.4962399415792551,0.4962399415792551,0.0,0,0.0,747.9191570995343,highs_pfba
b3005,,10,4,0.4962399415792551,0.4962399415792575,-2.4424906541753444e-15,0,4.8983876512290626e-08,747.9191570995364,highs_pfba
b3006,,10,4,0.4962399415792551,0.4962399415792575,-2.4424906541753444e-15,0,4.8983876512290626e-08,747.9191570995364,highs_pfba
b1252,,10,4,0.4962399415792551,0.4962399415792575,-2.4424906541753444e-15,0,4.8983876512290626e-08,747.9191570995364,highs_pfba
b3397,,1,8,0.4962399415792551,0.4962399415792599,-4.829470157119431e-15,0,2.6735070602044567e-05,747.91915709954,highs_pfba
b3034,,1,8,0.4962399415792551,0.4962399415792599,-4.829470157119431e-15,0,2.6735070602044567e-05,747.91915709954,highs_pfba
b0469,,1,0,0.4962399415792551,0.4962399415792598,-4.718447854656915e-15,0,0.0,747.9191570995399,highs_pfba
b2750,,1,424,0.4962399415792551,-0.0,0.4962399415792551,1,3743.843283813372,398.2978723404261,highs_pfba
b1131,,2,424,0.4962399415792551,-0.0,0.4962399415792551,1,3743.843283813383,398.2978723404255,highs_pfba
b4177,,1,424,0.4962399415792551,-0.0,0.4962399415792551,1,3743.8432838133713,398.297872340426,highs_pfba
b0677,,1,4,0.4962399415792551,0.4962399415792585,-3.4416913763379853e-15,0,4.898387651573157e-08,747.9191570995365,highs_pfba
b0110,,4,4,0.4962399415792551,0.4962399415792551,0.0,0,4.898387649990421e-08,747.919157099534,highs_pfba
b2817,,2,4,0.4962399415792551,0.4962399415792599,-4.829470157119431e-15,0,4.8983876526937586e-08,747.9191570995392,highs_pfba
b2435,,2,4,0.4962399415792551,0.4962399415792599,-4.829470157119431e-15,0,4.8983876526937586e-08,747.9191570995392,highs_pfba
b4169,,2,4,0.4962399415792551,0.4962399415792599,-4.829470157119431e-15,0,4.8983876526937586e-08,747.9191570995392,highs_pfba
b1107,,3,4,0.4962399415792551,0.4962399415792585,-3.4416913763379853e-15,0,4.898387651573157e-08,747.9191570995365,highs_pfba
b0433,,3,0,0.4962399415792551,0.4962399415792585,-3.4416913763379853e-15,0,0.0,747.9191570995392,highs_pfba
b3619,,1,4,0.4962399415792551,0.4962399415792576,-2.4980018054066026e-15,0,2.668608672551465e-05,747.9191570995335,highs_pfba
b2937,,1,8,0.4962399415792551,0.4962399415792598,-4.718447854656915e-15,0,2.6735070602034927e-05,747.9191570995373,highs_pfba
b3018,,7,424,0.4962399415792551,-0.0,0.4962399415792551,1,3743.843283813381,398.29787234042567,highs_pfba
b3958,,1,424,0.4962399415792551,-0.0,0.4962399415792551,1,3743.843283813393,398.297872340425,highs_pfba
b0575,,2,0,0.4962399415792551,0.4962399415792551,0.0,0,0.0,747.9191570995343,highs_pfba
b0572,,2,0,0.4962399415792551,0.4962399415792551,0.0,0,0.0,747.9191570995343,highs_pfba
b0573,,2,0,0.4962399415792551,0.4962399415792551,0.0,0,0.0,747.9191570995343,highs_pfba
b0574,,2,0,0.4962399415792551,0.4962399415792551,0.0,0,0.0,747.9191570995343,highs_pfba
b4006,,2,424,0.4962399415792551,-0.0,0.4962399415792551,1,3743.843283813383,398.2978723404255,highs_pfba
b0522,,1,424,0.4962399415792551,-0.0,0.4962399415792551,1,3743.843283813381,398.2978723404256,highs_pfba
b0523,,1,424,0.4962399415792551,-0.0,0.4962399415792551,1,3743.843283813388,398.2978723404264,highs_pfba
b0727,,1,418,0.4962399415792551,0.4845824693371725,0.0116574722420826,0,40.61983685603201,748.0950458007776,highs_pfba
b0116,,3,429,0.4962399415792551,0.4078149720736065,0.0884249695056486,0,1519.404910008447,730.8161602055701,highs_pfba
b0726,,1,418,0.4962399415792551,0.4845824693371725,0.0116574722420826,0,40.61983685603201,748.0950458007776,highs_pfba
b2587,,1,0,0.4962399415792551,0.4962399415792598,-4.718447854656915e-15,0,0.0,747.9191570995408,highs_pfba
b1488,,1,0,0.4962399415792551,0.4962399415792598,-4.718447854656915e-15,0,0.0,747.919157099539,highs_pfba
b3542,,3,8,0.4962399415792551,0.4962399415792574,-2.3314683517128287e-15,0,2.673507060203136e-05,747.9191570995368,highs_pfba
b1486,,1,0,0.4962399415792551,0.4962399415792598,-4.718447854656915e-15,0,0.0,747.9191570995403,highs_pfba
b1485,,1,0,0.4962399415792551,0.4962399415792598,-4.718447854656915e-15,0,0.0,747.9191570995403,highs_pfba
b3543,,3,8,0.4962399415792551,0.4962399415792574,-2.3314683517128287e-15,0,2.673507060203136e-05,747.9191570995368,highs_pfba
b3541,,3,8,0.4962399415792551,0.4962399415792574,-2.3314683517128287e-15,0,2.673507060203136e-05,747.9191570995368,highs_pfba
b1484,,1,0,0.4962399415792551,0.4962399415792598,-4.718447854656915e-15,0,0.0,747.9191570995403,highs_pfba
b3540,,3,8,0.4962399415792551,0.4962399415792574,-2.3314683517128287e-15,0,2.673507060203136e-05,747.9191570995368,highs_pfba
b3544,,3,8,0.4962399415792551,0.4962399415792574,-2.3314683517128287e-15,0,2.673507060203136e-05,747.9191570995368,highs_pfba
b1483,,1,0,0.4962399415792551,0.4962399415792598,-4.718447854656915e-15,0,0.0,747.9191570995403,highs_pfba
b1487,,1,0,0.4962399415792551,0.4962399415792598,-4.718447854656915e-15,0,0.0,747.9191570995403,highs_pfba
b0092,,1,424,0.4962399415792551,-0.0,0.4962399415792551,1,3743.8432838133817,398.2978723404256,highs_pfba
b0381,,1,424,0.4962399415792551,-0.0,0.4962399415792551,1,3743.8432838133817,398.2978723404256,highs_pfba
b1325,,1,0,0.4962399415792551,0.4962399415792596,-4.496403249731884e-15,0,0.0,747.919157099537,highs_pfba
b1190,,1,424,0.4962399415792551,-0.0,0.4962399415792551,1,3743.84328381338,398.2978723404256,highs_pfba
b4053,,1,424,0.4962399415792551,-0.0,0.4962399415792551,1,3743.84328381338,398.2978723404256,highs_pfba
b2551,,6,417,0.4962399415792551,0.4796323631366265,0.0166075784426286,0,9.223109434364329,752.3854368093638,highs_pfba
b0870,,4,4,0.4962399415792551,0.4962399415792599,-4.829470157119431e-15,0,4.8983876529689616e-08,747.9191570995398,highs_pfba
b2379,,1,3,0.4962399415792551,0.496239941579262,-6.9388939039072276e-15,0,0.2496830189910343,748.2076491670174,highs_pfba
b2290,,1,3,0.4962399415792551,0.496239941579262,-6.9388939039072276e-15,0,0.2496830189910343,748.2076491670174,highs_pfba
b2697,,1,0,0.4962399415792551,0.4962399415792551,0.0,0,0.0,747.9191570995343,highs_pfba
b3460,,5,8,0.4962399415792551,0.4962399415792598,-4.718447854656915e-15,0,2.673507060204476e-05,747.91915709954,highs_pfba
b3456,,5,8,0.4962399415792551,0.4962399415792598,-4.718447854656915e-15,0,2.673507060204476e-05,747.91915709954,highs_pfba
b3457,,5,8,0.4962399415792551,0.4962399415792598,-4.718447854656915e-15,0,2.673507060204476e-05,747.91915709954,highs_pfba
b3455,,5,8,0.4962399415792551,0.4962399415792598,-4.718447854656915e-15,0,2.673507060204476e-05,747.91915709954,highs_pfba
b3454,,5,8,0.4962399415792551,0.4962399415792598,-4.718447854656915e-15,0,2.673507060204476e-05,747.91915709954,highs_pfba
b4208,,5,282,0.4962399415792551,0.4961373191804905,0.0001026223987645,0,0.0008662614467068,747.9347527479672,highs_pfba
b0007,,2,8,0.4962399415792551,0.4962399415792575,-2.4424906541753444e-15,0,2.673507060203165e-05,747.9191570995374,highs_pfba
b0356,,3,8,0.4962399415792551,0.4962399415792576,-2.4980018054066026e-15,0,2.673507060253192e-05,747.9191570995358,highs_pfba
b1478,,1,4,0.4962399415792551,0.4962399415792598,-4.718447854656915e-15,0,2.668608672551477e-05,747.9191570995388,highs_pfba
b1385,,1,0,0.4962399415792551,0.4962399415792551,0.0,0,0.0,747.9191570995357,highs_pfba
b1300,,2,4,0.4962399415792551,0.4962399415792551,0.0,0,4.898387649312238e-08,747.9191570995328,highs_pfba
b3588,,2,4,0.4962399415792551,0.4962399415792598,-4.718447854656915e-15,0,2.668608672551477e-05,747.9191570995392,highs_pfba
b4084,,1,0,0.4962399415792551,0.4962399415792551,0.0,0,0.0,747.9191570995356,highs_pfba
b4090,,2,427,0.4962399415792551,0.2548464741965175,0.2413934673827376,0,945.482223127265,735.7595187176912,highs_pfba
b0516,,1,4,0.4962399415792551,0.4962399415792575,-2.4424906541753444e-15,0,2.6686086725514646e-05,747.919157099536,highs_pfba
b0512,,1,4,0.4962399415792551,0.4962399415792575,-2.4424906541753444e-15,0,2.6686086725514646e-05,747.919157099536,highs_pfba
b0511,,1,4,0.4962399415792551,0.4962399415792598,-4.718447854656915e-15,0,2.668608672551477e-05,747.9191570995399,highs_pfba
b4085,,1,0,0.4962399415792551,0.4962399415792551,0.0,0,0.0,747.9191570995343,highs_pfba
b4087,,2,0,0.4962399415792551,0.4962399415792551,0.0,0,0.0,747.9191570995343,highs_pfba
b4086,,2,0,0.4962399415792551,0.4962399415792551,0.0,0,0.0,747.9191570995343,highs_pfba
b4088,,2,0,0.4962399415792551,0.4962399415792551,0.0,0,0.0,747.9191570995343,highs_pfba
b0657,,2,0,0.4962399415792551,0.4962399415792551,0.0,0,0.0,747.9191570995343,highs_pfba
b1677,,2,0,0.4962399415792551,0.4962399415792551,0.0,0,0.0,747.9191570995343,highs_pfba
b1781,,1,4,0.4962399415792551,0.4962399415792599,-4.829470157119431e-15,0,2.6686086725514772e-05,747.9191570995391,highs_pfba
b3001,,1,4,0.4962399415792551,0.4962399415792599,-4.829470157119431e-15,0,2.6686086725514772e-05,747.9191570995391,highs_pfba
b0207,,2,4,0.4962399415792551,0.4962399415792599,-4.829470157119431e-15,0,4.898387653401426e-08,747.9191570995409,highs_pfba
b3012,,2,4,0.4962399415792551,0.4962399415792599,-4.829470157119431e-15,0,4.898387653401426e-08,747.9191570995409,highs_pfba
b3945,,4,4,0.4962399415792551,0.4962399415792599,-4.829470157119431e-15,0,2.6686086726480576e-05,747.919157099537,highs_pfba
b3091,,1,4,0.4962399415792551,0.4962399415792551,0.0,0,4.898387650196823e-08,747.9191570995345,highs_pfba
b3416,,4,4,0.4962399415792551,0.4962399415792551,0.0,0,4.8983876500887074e-08,747.9191570995338,highs_pfba
b3223,,1,0,0.4962399415792551,0.4962399415792551,0.0,0,0.0,747.9191570995366,highs_pfba
b3222,,1,0,0.4962399415792551,0.4962399415792551,0.0,0,0.0,747.9191570995343,highs_pfba
b0774,,1,424,0.4962399415792551,-0.0,0.4962399415792551,1,3743.843283813383,398.2978723404256,highs_pfba
b3833,,2,8,0.4962399415792551,0.4962399415792598,-4.718447854656915e-15,0,2.6735070602041683e-05,747.9191570995393,highs_pfba
b3994,,1,424,0.4962399415792551,-0.0,0.4962399415792551,1,3743.843283813381,398.2978723404256,highs_pfba
b1982,,1,4,0.4962399415792551,0.4962399415792598,-4.718447854656915e-15,0,2.668608672551477e-05,747.9191570995373,highs_pfba
b0932,,2,4,0.4962399415792551,0.4962399415792598,-4.718447854656915e-15,0,2.66860867264714e-05,747.9191570995372,highs_pfba
b0237,,3,8,0.4962399415792551,0.4962399415792593,-4.218847493575595e-15,0,2.673507060203372e-05,747.9191570995372,highs_pfba
b4260,,2,4,0.4962399415792551,0.4962399415792598,-4.718447854656915e-15,0,2.66860867264714e-05,747.9191570995372,highs_pfba
b2523,,2,4,0.4962399415792551,0.4962399415792598,-4.718447854656915e-15,0,2.66860867264714e-05,747.9191570995372,highs_pfba
b1640,,1,4,0.4962399415792551,0.4962399415792585,-3.4416913763379853e-15,0,2.66860867255147e-05,747.9191570995383,highs_pfba
b1263,,2,424,0.4962399415792551,-0.0,0.4962399415792551,1,3743.843283813381,398.2978723404256,highs_pfba
b1264,,1,424,0.4962399415792551,-0.0,0.4962399415792551,1,3743.843283813381,398.2978723404256,highs_pfba
b0776,,1,424,0.4962399415792551,-0.0,0.4962399415792551,1,3743.843283813383,398.2978723404256,highs_pfba
b0049,,3,4,0.4962399415792551,0.4962399415792598,-4.718447854656915e-15,0,2.668608672551477e-05,747.9191570995388,highs_pfba
b4129,,2,4,0.4962399415792551,0.4962399415792598,-4.718447854656915e-15,0,2.668608672551477e-05,747.9191570995388,highs_pfba
b0121,,2,4,0.4962399415792551,0.4962399415792599,-4.829470157119431e-15,0,4.8983876526937586e-08,747.9191570995392,highs_pfba
b3059,,7,4,0.4962399415792551,0.4962399415792598,-4.718447854656915e-15,0,4.8983876521040264e-08,747.9191570995388,highs_pfba
b0968,,7,8,0.4962399415792551,0.4962399415792551,0.0,0,2.6735070602100887e-05,747.9191570995343,highs_pfba
b0414,,2,424,0.4962399415792551,-0.0,0.4962399415792551,1,3743.843283813373,398.2978723404267,highs_pfba
b0062,,1,8,0.4962399415792551,0.4962399415792551,0.0,0,2.6735070602015994e-05,747.9191570995347,highs_pfba
b0153,,5,4,0.4962399415792551,0.4962399415792551,0.0,0,4.898387650609629e-08,747.9191570995358,highs_pfba
b0151,,5,4,0.4962399415792551,0.4962399415792551,0.0,0,4.898387650609629e-08,747.9191570995358,highs_pfba
b0152,,5,4,0.4962399415792551,0.4962399415792551,0.0,0,4.898387650609629e-08,747.9191570995358,highs_pfba
b2715,,1,0,0.4962399415792551,0.4962399415792551,0.0,0,0.0,747.9191570995343,highs_pfba
b3722,,1,0,0.4962399415792551,0.4962399415792551,0.0,0,0.0,747.9191570995343,highs_pfba
b1900,,1,4,0.4962399415792551,0.4962399415792599,-4.829470157119431e-15,0,2.6686086725514772e-05,747.91915709954,highs_pfba
b4460,,1,4,0.4962399415792551,0.4962399415792599,-4.829470157119431e-15,0,2.6686086725514772e-05,747.91915709954,highs_pfba
b1901,,1,4,0.4962399415792551,0.4962399415792599,-4.829470157119431e-15,0,2.6686086725514772e-05,747.91915709954,highs_pfba
b2841,,1,4,0.4962399415792551,0.4962399415792575,-2.4424906541753444e-15,0,2.6686086725514646e-05,747.9191570995363,highs_pfba
b1528,,3,8,0.4962399415792551,0.4962399415792551,0.0,0,2.6735070602015405e-05,747.919157099534,highs_pfba
b4115,,1,4,0.4962399415792551,0.4962399415792598,-4.718447854656915e-15,0,4.898387652094196e-08,747.9191570995375,highs_pfba
b4117,,1,0,0.4962399415792551,0.4962399415792598,-4.718447854656915e-15,0,0.0,747.9191570995399,highs_pfba
b2938,,1,0,0.4962399415792551,0.4962399415792597,-4.6074255521944004e-15,0,0.0,747.9191570995368,highs_pfba
b1605,,1,4,0.4962399415792551,0.4962399415792598,-4.718447854656915e-15,0,2.668608672551477e-05,747.9191570995372,highs_pfba
b3960,,1,424,0.4962399415792551,-0.0,0.4962399415792551,1,3743.843283813381,398.2978723404256,highs_pfba
b3172,,1,424,0.4962399415792551,-0.0,0.4962399415792551,1,3743.843283813384,398.29787234042544,highs_pfba
b1876,,1,0,0.4962399415792551,0.4962399415792551,0.0,0,0.0,747.9191570995343,highs_pfba
b2310,,3,0,0.4962399415792551,0.4962399415792575,-2.4424906541753444e-15,0,0.0,747.9191570995375,highs_pfba
b0863,,1,4,0.4962399415792551,0.4962399415792598,-4.718447854656915e-15,0,2.668608672551477e-05,747.9191570995392,highs_pfba
b0860,,1,4,0.4962399415792551,0.4962399415792598,-4.718447854656915e-15,0,2.668608672551477e-05,747.9191570995392,highs_pfba
b2307,,4,8,0.4962399415792551,0.4962399415792598,-4.718447854656915e-15,0,2.67350706020424e-05,747.9191570995395,highs_pfba
b2308,,4,8,0.4962399415792551,0.4962399415792598,-4.718447854656915e-15,0,2.67350706020424e-05,747.9191570995395,highs_pfba
b0862,,1,4,0.4962399415792551,0.4962399415792598,-4.718447854656915e-15,0,2.668608672551477e-05,747.9191570995392,highs_pfba
b2306,,4,8,0.4962399415792551,0.4962399415792598,-4.718447854656915e-15,0,2.67350706020424e-05,747.9191570995395,highs_pfba
b0864,,1,4,0.4962399415792551,0.4962399415792598,-4.718447854656915e-15,0,2.668608672551477e-05,747.9191570995392,highs_pfba
b0861,,1,4,0.4962399415792551,0.4962399415792598,-4.718447854656915e-15,0,2.668608672551477e-05,747.9191570995392,highs_pfba
b2923,,2,8,0.4962399415792551,0.4962399415792595,-4.3853809472693675e-15,0,2.673507060204051e-05,747.9191570995388,highs_pfba
b3433,,1,424,0.4962399415792551,-0.0,0.4962399415792551,1,3743.843283813381,398.2978723404256,highs_pfba
b4192,,1,0,0.4962399415792551,0.4962399415792551,0.0,0,0.0,747.9191570995343,highs_pfba
b4194,,1,0,0.4962399415792551,0.4962399415792551,0.0,0,0.0,747.9191570995343,highs_pfba
b4193,,1,0,0.4962399415792551,0.4962399415792551,0.0,0,0.0,747.9191570995343,highs_pfba
b4195,,1,0,0.4962399415792551,0.4962399415792551,0.0,0,0.0,747.9191570995343,highs_pfba
b1767,,1,4,0.4962399415792551,0.4962399415792598,-4.718447854656915e-15,0,2.6686086725514772e-05,747.9191570995399,highs_pfba
b0828,,1,4,0.4962399415792551,0.4962399415792598,-4.718447854656915e-15,0,2.6686086725514772e-05,747.9191570995399,highs_pfba
b2957,,2,4,0.4962399415792551,0.4962399415792598,-4.718447854656915e-15,0,2.6686086725514772e-05,747.9191570995401,highs_pfba
b0674,,1,4,0.4962399415792551,0.4962399415792598,-4.718447854656915e-15,0,2.6686086725514772e-05,747.9191570995389,highs_pfba
b3744,,1,319,0.4962399415792551,0.49505555957801956,0.001184382001235551,0,0.05153973004395434,747.9241234730035,highs_pfba
b0930,,1,0,0.4962399415792551,0.4962399415792551,0.0,0,0.0,747.9191570995343,highs_pfba
b1453,,1,4,0.4962399415792551,0.4962399415792598,-4.718447854656915e-15,0,2.6686086725514772e-05,747.9191570995389,highs_pfba
b3502,,1,0,0.4962399415792551,0.4962399415792551,0.0,0,0.0,747.9191570995343,highs_pfba
b0131,,1,424,0.4962399415792551,-0.0,0.4962399415792551,1,3743.843283813384,398.29787234042544,highs_pfba
b4245,,1,424,0.4962399415792551,-0.0,0.4962399415792551,1,3743.843283813357,398.2978723404264,highs_pfba
b4244,,1,424,0.4962399415792551,-0.0,0.4962399415792551,1,3743.843283813357,398.2978723404264,highs_pfba
b0002,,2,424,0.4962399415792551,-0.0,0.4962399415792551,1,3743.8432838133836,398.29787234042544,highs_pfba
b4024,,1,424,0.4962399415792551,-0.0,0.4962399415792551,1,3743.843283813377,398.29787234042584,highs_pfba
b3940,,2,424,0.4962399415792551,-0.0,0.4962399415792551,1,3743.8432838133836,398.29787234042544,highs_pfba
b2574,,4,424,0.4962399415792551,-0.0,0.4962399415792551,1,3743.8432838133776,398.297872340426,highs_pfba
b4139,,1,4,0.4962399415792551,0.4962399415792598,-4.718447854656915e-15,0,2.6686086725514772e-05,747.9191570995396,highs_pfba
b0928,,3,424,0.4962399415792551,-0.0,0.4962399415792551,1,3743.843283813381,398.2978723404256,highs_pfba
b1866,,1,0,0.4962399415792551,0.4962399415792551,0.0,0,0.0,747.9191570995343,highs_pfba
b0654,,2,4,0.4962399415792551,0.4962399415792551,0.0,0,4.8983876499904205e-08,747.919157099534,highs_pfba
b0655,,2,4,0.4962399415792551,0.4962399415792551,0.0,0,4.8983876499904205e-08,747.919157099534,highs_pfba
b0652,,2,4,0.4962399415792551,0.4962399415792551,0.0,0,4.8983876499904205e-08,747.919157099534,highs_pfba
b0653,,2,4,0.4962399415792551,0.4962399415792551,0.0,0,4.8983876499904205e-08,747.919157099534,highs_pfba
b3528,,6,4,0.4962399415792551,0.49623994157925994,-4.829470157119431e-15,0,4.898387651671572e-08,747.9191570995356,highs_pfba
b4123,,9,4,0.4962399415792551,0.49623994157925994,-4.829470157119431e-15,0,4.898387652978791e-08,747.9191570995399,highs_pfba
b4138,,7,4,0.4962399415792551,0.49623994157925994,-4.829470157119431e-15,0,4.898387652978791e-08,747.9191570995399,highs_pfba
b4077,,2,4,0.4962399415792551,0.49623994157925994,-4.829470157119431e-15,0,4.8983876532441665e-08,747.9191570995406,highs_pfba
b3503,,1,0,0.4962399415792551,0.4962399415792551,0.0,0,0.0,747.9191570995343,highs_pfba
b1064,,7,8,0.4962399415792551,0.4962399415792598,-4.718447854656915e-15,0,2.6735070603521782e-05,747.9191570995392,highs_pfba
b1747,,1,8,0.4962399415792551,0.4962399415792598,-4.718447854656915e-15,0,2.6735070602035713e-05,747.9191570995375,highs_pfba
b1539,,4,4,0.4962399415792551,0.49623994157925955,-4.440892098500626e-15,0,4.898387652750238e-08,747.9191570995393,highs_pfba
b2019,,1,424,0.4962399415792551,-0.0,0.4962399415792551,1,3743.843283813381,398.29787234042556,highs_pfba
b3738,,1,424,0.4962399415792551,0.0,0.4962399415792551,1,20059.441999762763,0.0,infeasible
b3733,,1,424,0.4962399415792551,0.0,0.4962399415792551,1,20059.441999762763,0.0,infeasible
b3732,,1,424,0.4962399415792551,0.0,0.4962399415792551,1,20059.441999762763,0.0,infeasible
b3739,,1,424,0.4962399415792551,0.0,0.4962399415792551,1,20059.441999762763,0.0,infeasible
b3736,,1,424,0.4962399415792551,0.0,0.4962399415792551,1,20059.441999762763,0.0,infeasible
b3737,,1,424,0.4962399415792551,0.0,0.4962399415792551,1,20059.441999762763,0.0,infeasible
b3734,,1,424,0.4962399415792551,0.0,0.4962399415792551,1,20059.441999762763,0.0,infeasible
b3735,,1,424,0.4962399415792551,0.0,0.4962399415792551,1,20059.441999762763,0.0,infeasible
b3731,,1,424,0.4962399415792551,0.0,0.4962399415792551,1,20059.441999762763,0.0,infeasible
b0312,,2,0,0.4962399415792551,0.4962399415792551,0.0,0,0.0,747.9191570995345,highs_pfba
b0827,,4,424,0.4962399415792551,-0.0,0.4962399415792551,1,3743.843283813382,398.29787234042556,highs_pfba
b3857,,5,424,0.4962399415792551,-0.0,0.4962399415792551,1,3743.843283813383,398.29787234042556,highs_pfba
b3856,,5,424,0.4962399415792551,-0.0,0.4962399415792551,1,3743.843283813383,398.29787234042556,highs_pfba
b4214,,1,424,0.4962399415792551,-0.0,0.4962399415792551,1,3743.843283813382,398.29787234042556,highs_pfba
b3551,,3,4,0.4962399415792551,0.4962399415792551,0.0,0,2.6686086725514518e-05,747.9191570995342,highs_pfba
b0775,,1,424,0.4962399415792551,-0.0,0.4962399415792551,1,3743.843283813383,398.29787234042556,highs_pfba
b0934,,5,0,0.4962399415792551,0.4962399415792551,0.0,0,0.0,747.9191570995343,highs_pfba
b0367,,3,0,0.4962399415792551,0.4962399415792551,0.0,0,0.0,747.9191570995343,highs_pfba
b0933,,5,0,0.4962399415792551,0.4962399415792551,0.0,0,0.0,747.9191570995343,highs_pfba
b0936,,5,0,0.4962399415792551,0.4962399415792551,0.0,0,0.0,747.9191570995343,highs_pfba
b0365,,3,0,0.4962399415792551,0.4962399415792551,0.0,0,0.0,747.9191570995343,highs_pfba
b0366,,3,0,0.4962399415792551,0.4962399415792551,0.0,0,0.0,747.9191570995343,highs_pfba
b1216,,3,4,0.4962399415792551,0.49623994157925994,-4.829470157119431e-15,0,4.8983876526741e-08,747.9191570995392,highs_pfba
b4132,,1,4,0.4962399415792551,0.4962399415792598,-4.718447854656915e-15,0,2.6686086725514772e-05,747.9191570995414,highs_pfba
b3942,,1,0,0.4962399415792551,0.4962399415792551,0.0,0,0.0,747.9191570995343,highs_pfba
b1732,,1,0,0.4962399415792551,0.4962399415792551,0.0,0,0.0,747.9191570995343,highs_pfba
b3196,,1,424,0.4962399415792551,-0.0,0.4962399415792551,1,3743.843283813382,398.29787234042556,highs_pfba
b1270,,2,0,0.4962399415792551,0.4962399415792551,0.0,0,0.0,747.9191570995343,highs_pfba
b2874,,1,408,0.4962399415792551,0.4901437784083506,0.0060961631709045006,0,0.6155396176259038,747.9447196486045,highs_pfba
b0521,,1,408,0.4962399415792551,0.4901437784083506,0.0060961631709045006,0,0.6155396176259038,747.9447196486045,highs_pfba
b0323,,1,408,0.4962399415792551,0.4901437784083506,0.0060961631709045006,0,0.6155396176259038,747.9447196486045,highs_pfba
b0033,,1,4,0.4962399415792551,0.4962399415792598,-4.718447854656915e-15,0,2.6686086725514772e-05,747.9191570995399,highs_pfba
b0032,,1,4,0.4962399415792551,0.4962399415792598,-4.718447854656915e-15,0,2.6686086725514772e-05,747.9191570995399,highs_pfba
b0444,,1,0,0.4962399415792551,0.4962399415792551,0.0,0,0.0,747.9191570995343,highs_pfba
b3469,,6,8,0.4962399415792551,0.49623994157925994,-4.829470157119431e-15,0,2.6735070602036405e-05,747.9191570995376,highs_pfba
b3915,,7,8,0.4962399415792551,0.49623994157925994,-4.829470157119431e-15,0,2.6735070603726025e-05,747.9191570995399,highs_pfba
b0752,,5,4,0.4962399415792551,0.4962399415792596,-4.496403249731884e-15,0,4.898387651514282e-08,747.9191570995374,highs_pfba
b3040,,6,424,0.4962399415792551,-0.0,0.4962399415792551,1,3743.843283813382,398.2978723404258,highs_pfba
b3918,,7,0,0.4962399415792551,0.4962399415792598,-4.718447854656915e-15,0,0.0,747.9191570995392,highs_pfba
b2794,,1,0,0.4962399415792551,0.4962399415792551,0.0,0,0.0,747.9191570995343,highs_pfba
b1208,,1,424,0.4962399415792551,-0.0,0.4962399415792551,1,3743.8432838133845,398.29787234042544,highs_pfba
b1661,,4,0,0.4962399415792551,0.4962399415792551,0.0,0,0.0,747.9191570995343,highs_pfba
b2129,,2,4,0.4962399415792551,0.4962399415792551,0.0,0,4.8983876501378506e-08,747.9191570995345,highs_pfba
b2128,,2,4,0.4962399415792551,0.4962399415792551,0.0,0,4.8983876501378506e-08,747.9191570995345,highs_pfba
b2131,,2,4,0.4962399415792551,0.4962399415792551,0.0,0,4.8983876501378506e-08,747.9191570995345,highs_pfba
b2130,,2,4,0.4962399415792551,0.4962399415792551,0.0,0,4.8983876501378506e-08,747.9191570995345,highs_pfba
b1801,,3,8,0.4962399415792551,0.4962399415792551,0.0,0,2.673507060201688e-05,747.9191570995347,highs_pfba
b0314,,1,4,0.4962399415792551,0.4962399415792551,0.0,0,2.6686086725514518e-05,747.9191570995354,highs_pfba
b0311,,1,0,0.4962399415792551,0.4962399415792551,0.0,0,0.0,747.9191570995357,highs_pfba
b2600,,2,424,0.4962399415792551,-0.0,0.4962399415792551,1,3743.843283813379,398.29787234042556,highs_pfba
b2599,,2,424,0.4962399415792551,-0.0,0.4962399415792551,1,3743.8432838133817,398.29787234042556,highs_pfba
b2329,,1,424,0.4962399415792551,-0.0,0.4962399415792551,1,3743.8432838133813,398.29787234042556,highs_pfba
b4039,,1,424,0.4962399415792551,-0.0,0.4962399415792551,1,3743.843283813385,398.29787234042544,highs_pfba
b2542,,2,0,0.4962399415792551,0.4962399415792551,0.0,0,0.0,747.9191570995343,highs_pfba
b2540,,2,0,0.4962399415792551,0.4962399415792551,0.0,0,0.0,747.9191570995343,highs_pfba
b2538,,2,0,0.4962399415792551,0.4962399415792551,0.0,0,0.0,747.9191570995343,highs_pfba
b2539,,2,0,0.4962399415792551,0.4962399415792551,0.0,0,0.0,747.9191570995343,highs_pfba
b0617,,1,4,0.4962399415792551,0.4962399415792598,-4.718447854656915e-15,0,2.6686086725514772e-05,747.9191570995393,highs_pfba
b0614,,1,4,0.4962399415792551,0.4962399415792598,-4.718447854656915e-15,0,2.6686086725514772e-05,747.9191570995393,highs_pfba
b0616,,1,4,0.4962399415792551,0.4962399415792598,-4.718447854656915e-15,0,2.6686086725514772e-05,747.9191570995393,highs_pfba
b0615,,1,4,0.4962399415792551,0.4962399415792598,-4.718447854656915e-15,0,2.6686086725514772e-05,747.9191570995393,highs_pfba
b0612,,1,8,0.4962399415792551,0.4962399415792598,-4.718447854656915e-15,0,2.67350706020423e-05,747.9191570995395,highs_pfba
b0789,,7,4,0.4962399415792551,0.4962399415792598,-4.718447854656915e-15,0,2.6686086725514772e-05,747.9191570995399,highs_pfba
b1249,,7,4,0.4962399415792551,0.4962399415792598,-4.718447854656915e-15,0,2.6686086725514772e-05,747.9191570995399,highs_pfba
b0155,,1,424,0.4962399415792551,-0.0,0.4962399415792551,1,3743.843283813383,398.29787234042556,highs_pfba
b1592,,1,424,0.4962399415792551,-0.0,0.4962399415792551,1,3743.843283813383,398.29787234042556,highs_pfba
b3035,,9,8,0.4962399415792551,0.4962399415792551,0.0,0,2.6735070602054907e-05,747.9191570995345,highs_pfba
b2470,,7,8,0.4962399415792551,0.4962399415792551,0.0,0,2.673507060202022e-05,747.9191570995356,highs_pfba
b0463,,7,8,0.4962399415792551,0.4962399415792551,0.0,0,2.673507060202022e-05,747.9191570995356,highs_pfba
b0462,,7,8,0.4962399415792551,0.4962399415792551,0.0,0,2.673507060202022e-05,747.9191570995356,highs_pfba
b3816,,3,424,0.4962399415792551,-0.0,0.4962399415792551,1,3743.843283813381,398.2978723404256,highs_pfba
b2174,,1,4,0.4962399415792551,0.4962399415792598,-4.718447854656915e-15,0,2.6686086725514772e-05,747.9191570995399,highs_pfba
b0914,,32,424,0.4962399415792551,-0.0,0.4962399415792551,1,3743.843283813425,398.2978723404237,highs_pfba
b1102,,1,8,0.4962399415792551,0.49623994157925955,-4.440892098500626e-15,0,2.6735070602035205e-05,747.9191570995374,highs_pfba
b2765,,1,0,0.4962399415792551,0.4962399415792551,0.0,0,0.0,747.9191570995343,highs_pfba
b0783,,1,424,0.4962399415792551,-0.0,0.4962399415792551,1,3743.8432838134204,398.29787234042385,highs_pfba
b0781,,1,424,0.4962399415792551,-0.0,0.4962399415792551,1,3743.8432838134204,398.29787234042385,highs_pfba
b2436,,1,230,0.4962399415792551,0.49622868432938755,1.1257249867557828e-05,0,2.9796002303000422e-05,747.9165816854343,highs_pfba
b3867,,1,8,0.4962399415792551,0.4962399415792598,-4.718447854656915e-15,0,2.673507060204053e-05,747.9191570995395,highs_pfba
b0038,,2,4,0.4962399415792551,0.4962399415792551,0.0,0,2.6686086725514518e-05,747.9191570995371,highs_pfba
b0037,,3,4,0.4962399415792551,0.4962399415792551,0.0,0,4.898387650570314e-08,747.9191570995355,highs_pfba
b0036,,2,8,0.4962399415792551,0.4962399415792551,0.0,0,2.673507060202022e-05,747.9191570995358,highs_pfba
b2679,,4,8,0.4962399415792551,0.4962399415792598,-4.718447854656915e-15,0,2.6735070602044953e-05,747.9191570995401,highs_pfba
b2677,,4,8,0.4962399415792551,0.4962399415792598,-4.718447854656915e-15,0,2.6735070602044953e-05,747.9191570995401,highs_pfba
b2678,,4,8,0.4962399415792551,0.4962399415792598,-4.718447854656915e-15,0,2.6735070602044953e-05,747.9191570995401,highs_pfba
b4111,,5,8,0.4962399415792551,0.4962399415792551,0.0,0,2.6735070602015994e-05,747.9191570995347,highs_pfba
b0040,,2,4,0.4962399415792551,0.4962399415792551,0.0,0,2.6686086725514518e-05,747.9191570995354,highs_pfba
b0720,,1,423,0.4962399415792551,-0.0,0.4962399415792551,1,4101.279799353859,409.090909090909,highs_pfba
b0337,,1,4,0.4962399415792551,0.49623994157925755,-2.4424906541753444e-15,0,2.6686086725514646e-05,747.9191570995381,highs_pfba
b0336,,1,0,0.4962399415792551,0.4962399415792551,0.0,0,0.0,747.9191570995343,highs_pfba
b3846,,19,454,0.4962399415792551,0.4839276977273589,0.01231224385189622,0,10.680600019028821,747.413898852081,highs_pfba
b2780,,1,424,0.4962399415792551,-0.0,0.4962399415792551,1,3743.8432838133836,398.2978723404256,highs_pfba
b0123,,2,4,0.4962399415792551,0.4962399415792551,0.0,0,2.6686086725514518e-05,747.9191570995338,highs_pfba
b0484,,1,0,0.4962399415792551,0.4962399415792551,0.0,0,0.0,747.9191570995343,highs_pfba
b3425,,1,0,0.4962399415792551,0.4962399415792551,0.0,0,0.0,747.9191570995343,highs_pfba
b1308,,1,0,0.4962399415792551,0.4962399415792551,0.0,0,0.0,747.9191570995343,highs_pfba
b0340,,1,0,0.4962399415792551,0.4962399415792551,0.0,0,0.0,747.9191570995343,highs_pfba
b0341,,1,0,0.4962399415792551,0.4962399415792551,0.0,0,0.0,747.9191570995343,highs_pfba
b1919,,1,0,0.4962399415792551,0.4962399415792551,0.0,0,0.0,747.9191570995343,highs_pfba
b3008,,2,424,0.4962399415792551,-0.0,0.4962399415792551,1,3743.8432838133726,398.297872340426,highs_pfba
b3708,,3,300,0.4962399415792551,0.4958902426687007,0.00034969891055441904,0,0.012695456629661848,747.8896167857904,highs_pfba
b2414,,1,424,0.4962399415792551,-0.0,0.4962399415792551,1,3743.8432838133795,398.29787234042584,highs_pfba
b2421,,1,424,0.4962399415792551,-0.0,0.4962399415792551,1,3743.8432838133795,398.29787234042584,highs_pfba
b2810,,1,0,0.4962399415792551,0.4962399415792551,0.0,0,0.0,747.9191570995343,highs_pfba
b1622,,1,424,0.4962399415792551,-0.0,0.4962399415792551,1,3743.843283813385,398.2978723404254,highs_pfba
b0526,,1,0,0.4962399415792551,0.4962399415792551,0.0,0,0.0,747.9191570995343,highs_pfba
b0886,,2,8,0.4962399415792551,0.4962399415792593,-4.218847493575595e-15,0,2.6735070602036178e-05,747.9191570995376,highs_pfba
b0887,,2,8,0.4962399415792551,0.4962399415792593,-4.218847493575595e-15,0,2.6735070602036178e-05,747.9191570995376,highs_pfba
b0978,,2,4,0.4962399415792551,0.49623994157925755,-2.4424906541753444e-15,0,4.8983876511700886e-08,747.9191570995358,highs_pfba
b0979,,2,4,0.4962399415792551,0.49623994157925755,-2.4424906541753444e-15,0,4.8983876511700886e-08,747.9191570995358,highs_pfba
b0734,,1,4,0.4962399415792551,0.4962399415792598,-4.718447854656915e-15,0,2.6686086725514772e-05,747.9191570995396,highs_pfba
b0733,,1,4,0.4962399415792551,0.4962399415792598,-4.718447854656915e-15,0,2.6686086725514772e-05,747.9191570995396,highs_pfba
b0432,,1,423,0.4962399415792551,0.29775649044945435,0.19848345112980076,0,6529.657040332439,708.753965819314,highs_pfba
b0430,,1,423,0.4962399415792551,0.29775649044945435,0.19848345112980076,0,6529.657040332439,708.753965819314,highs_pfba
b0429,,1,423,0.4962399415792551,0.29775649044945435,0.19848345112980076,0,6529.657040332439,708.753965819314,highs_pfba
b0431,,1,423,0.4962399415792551,0.29775649044945435,0.19848345112980076,0,6529.657040332439,708.753965819314,highs_pfba
b2143,,2,8,0.4962399415792551,0.49623994157925755,-2.4424906541753444e-15,0,2.6735070602025464e-05,747.919157099536,highs_pfba
b0651,,2,8,0.4962399415792551,0.49623994157925755,-2.4424906541753444e-15,0,2.673507060203254e-05,747.9191570995379,highs_pfba
b2162,,2,8,0.4962399415792551,0.49623994157925755,-2.4424906541753444e-15,0,2.673507060203254e-05,747.9191570995379,highs_pfba
b2066,,2,8,0.4962399415792551,0.4962399415792551,0.0,0,2.673507060202022e-05,747.9191570995355,highs_pfba
b0910,,3,424,0.4962399415792551,-0.0,0.4962399415792551,1,3743.8432838133867,398.2978723404252,highs_pfba
b2975,,3,8,0.4962399415792551,0.4962399415792598,-4.718447854656915e-15,0,2.6735070602042103e-05,747.9191570995392,highs_pfba
b3603,,3,8,0.4962399415792551,0.4962399415792598,-4.718447854656915e-15,0,2.6735070602042103e-05,747.9191570995392,highs_pfba
b1189,,1,4,0.4962399415792551,0.4962399415792598,-4.718447854656915e-15,0,2.6686086725514772e-05,747.9191570995399,highs_pfba
b4042,,7,8,0.4962399415792551,0.4962399415792598,-4.718447854656915e-15,0,2.673507060351192e-05,747.9191570995392,highs_pfba
b2871,,1,0,0.4962399415792551,0.4962399415792551,0.0,0,0.0,747.9191570995343,highs_pfba
b2838,,1,424,0.4962399415792551,-0.0,0.4962399415792551,1,3743.8432838133845,398.29787234042533,highs_pfba
b3809,,1,424,0.4962399415792551,-0.0,0.4962399415792551,1,3743.8432838133876,398.2978723404251,highs_pfba
b0175,,7,424,0.4962399415792551,-0.0,0.4962399415792551,1,3743.8432838133817,398.29787234042556,highs_pfba
b3041,,1,424,0.4962399415792551,-0.0,0.4962399415792551,1,3743.843283813373,398.2978723404267,highs_pfba
b0778,,1,424,0.4962399415792551,-0.0,0.4962399415792551,1,3743.843283813383,398.29787234042556,highs_pfba
b1734,,1,0,0.4962399415792551,0.4962399415792551,0.0,0,0.0,747.9191570995343,highs_pfba
b2065,,1,4,0.4962399415792551,0.4962399415792598,-4.718447854656915e-15,0,2.6686086725514772e-05,747.9191570995393,highs_pfba
b2344,,7,4,0.4962399415792551,0.4962399415792551,0.0,0,4.8983876505211713e-08,747.9191570995356,highs_pfba
b3693,,1,0,0.4962399415792551,0.4962399415792551,0.0,0,0.0,747.9191570995343,highs_pfba
b3909,,2,4,0.4962399415792551,0.4962399415792551,0.0,0,4.898387650098536e-08,747.9191570995342,highs_pfba
b3526,,1,8,0.4962399415792551,0.4962399415792551,0.0,0,2.6735070602015012e-05,747.919157099534,highs_pfba
b1704,,1,424,0.4962399415792551,-0.0,0.4962399415792551,1,3743.843283813384,398.29787234042544,highs_pfba
b2601,,1,424,0.4962399415792551,-0.0,0.4962399415792551,1,3743.843283813384,398.29787234042544,highs_pfba
b0754,,1,424,0.4962399415792551,-0.0,0.4962399415792551,1,3743.843283813384,398.29787234042544,highs_pfba
b4477,,1,0,0.4962399415792551,0.4962399415792551,0.0,0,0.0,747.9191570995343,highs_pfba
b3648,,2,424,0.4962399415792551,-0.0,0.4962399415792551,1,3743.8432838133813,398.29787234042556,highs_pfba
b1393,,1,0,0.4962399415792551,0.4962399415792551,0.0,0,0.0,747.9191570995345,highs_pfba
b3771,,2,424,0.4962399415792551,-0.0,0.4962399415792551,1,3743.8432838133745,398.2978723404258,highs_pfba
b1198,,1,9,0.4962399415792551,0.49623994157925994,-4.829470157119431e-15,0,151.6898695617933,753.42714843715,highs_pfba
b1199,,1,9,0.4962399415792551,0.49623994157925994,-4.829470157119431e-15,0,151.6898695617933,753.42714843715,highs_pfba
b1200,,1,9,0.4962399415792551,0.49623994157925994,-4.829470157119431e-15,0,151.6898695617933,753.42714843715,highs_pfba
b0596,,1,8,0.4962399415792551,0.4962399415792598,-4.718447854656915e-15,0,2.6735070602034927e-05,747.9191570995374,highs_pfba
b0594,,1,8,0.4962399415792551,0.4962399415792598,-4.718447854656915e-15,0,2.6735070602045996e-05,747.9191570995403,highs_pfba
b2541,,2,0,0.4962399415792551,0.4962399415792551,0.0,0,0.0,747.9191570995343,highs_pfba
b0348,,2,0,0.4962399415792551,0.4962399415792551,0.0,0,0.0,747.9191570995343,highs_pfba
b0031,,1,424,0.4962399415792551,-0.0,0.4962399415792551,1,3743.8432838133876,398.2978723404251,highs_pfba
b2478,,1,424,0.4962399415792551,-0.0,0.4962399415792551,1,3743.8432838133795,398.29787234042556,highs_pfba
b0048,,1,424,0.4962399415792551,-0.0,0.4962399415792551,1,3743.8432838133826,398.29787234042556,highs_pfba
b1606,,2,424,0.4962399415792551,-0.0,0.4962399415792551,1,3743.8432838133826,398.29787234042556,highs_pfba
b2315,,1,424,0.4962399415792551,-0.0,0.4962399415792551,1,3743.8432838133776,398.297872340426,highs_pfba
b3930,,1,4,0.4962399415792551,0.4962399415792596,-4.496403249731884e-15,0,4.8983876521531484e-08,747.9191570995381,highs_pfba
b2262,,1,4,0.4962399415792551,0.4962399415792596,-4.496403249731884e-15,0,4.8983876521531484e-08,747.9191570995381,highs_pfba
b0736,,1,4,0.4962399415792551,0.4962399415792596,-4.496403249731884e-15,0,4.8983876521531484e-08,747.9191570995381,highs_pfba
b3058,,2,424,0.4962399415792551,-0.0,0.4962399415792551,1,3743.843283813375,398.297872340426,highs_pfba
b0945,,2,7,0.4962399415792551,0.4962399415792598,-4.718447854656915e-15,0,0.080839352258158,748.0833107910134,highs_pfba
b1062,,1,424,0.4962399415792551,-0.0,0.4962399415792551,1,3743.843283813357,398.2978723404264,highs_pfba
b3177,,1,424,0.4962399415792551,-0.0,0.4962399415792551,1,3743.8432838133776,398.297872340426,highs_pfba
b0578,,2,0,0.4962399415792551,0.4962399415792551,0.0,0,0.0,747.9191570995343,highs_pfba
b2303,,1,0,0.4962399415792551,0.4962399415792551,0.0,0,0.0,747.9191570995343,highs_pfba
b3389,,1,424,0.4962399415792551,-0.0,0.4962399415792551,1,3743.843283813384,398.29787234042544,highs_pfba
b1693,,1,424,0.4962399415792551,-0.0,0.4962399415792551,1,3743.8432838133754,398.297872340426,highs_pfba
b0421,,2,424,0.4962399415792551,-0.0,0.4962399415792551,1,3743.843283813384,398.29787234042544,highs_pfba
b0029,,2,424,0.4962399415792551,-0.0,0.4962399415792551,1,3743.8432838133804,398.2978723404258,highs_pfba
b2232,,2,0,0.4962399415792551,0.4962399415792598,-4.718447854656915e-15,0,0.0,747.9191570995374,highs_pfba
b1588,,3,0,0.4962399415792551,0.4962399415792551,0.0,0,0.0,747.9191570995343,highs_pfba
b0895,,4,0,0.4962399415792551,0.4962399415792551,0.0,0,0.0,747.9191570995343,highs_pfba
b1587,,3,0,0.4962399415792551,0.4962399415792551,0.0,0,0.0,747.9191570995343,highs_pfba
b0894,,4,0,0.4962399415792551,0.4962399415792551,0.0,0,0.0,747.9191570995343,highs_pfba
b1590,,3,0,0.4962399415792551,0.4962399415792551,0.0,0,0.0,747.9191570995343,highs_pfba
b0896,,4,0,0.4962399415792551,0.4962399415792551,0.0,0,0.0,747.9191570995343,highs_pfba
b1589,,3,0,0.4962399415792551,0.4962399415792551,0.0,0,0.0,747.9191570995343,highs_pfba
b1872,,4,4,0.4962399415792551,0.4962399415792551,0.0,0,4.8983876505260855e-08,747.9191570995354,highs_pfba
b1873,,4,4,0.4962399415792551,0.4962399415792551,0.0,0,4.8983876505260855e-08,747.9191570995354,highs_pfba
b0099,,3,424,0.4962399415792551,-0.0,0.4962399415792551,1,3743.843283813386,398.29787234042533,highs_pfba
b1865,,2,424,0.4962399415792551,-0.0,0.4962399415792551,1,3743.8432838133813,398.29787234042556,highs_pfba
b3575,,1,0,0.4962399415792551,0.4962399415792551,0.0,0,0.0,747.9191570995343,highs_pfba
b0103,,1,424,0.4962399415792551,-0.0,0.4962399415792551,1,3743.843283813384,398.29787234042544,highs_pfba
b3774,,3,424,0.4962399415792551,-0.0,0.4962399415792551,1,3743.843283813382,398.2978723404258,highs_pfba
b0425,,1,424,0.4962399415792551,-0.0,0.4962399415792551,1,3743.843283813384,398.29787234042544,highs_pfba
b4381,,1,8,0.4962399415792551,0.4962399415792598,-4.718447854656915e-15,0,2.6735070602040948e-05,747.9191570995389,highs_pfba
b1185,,2,0,0.4962399415792551,0.4962399415792551,0.0,0,0.0,747.9191570995343,highs_pfba
b3860,,2,0,0.4962399415792551,0.4962399415792551,0.0,0,0.0,747.9191570995343,highs_pfba
b2893,,2,0,0.4962399415792551,0.4962399415792551,0.0,0,0.0,747.9191570995343,highs_pfba
b2582,,10,13,0.4962399415792551,0.4962399415792551,0.0,0,0.07567663891300871,748.0421610863344,highs_pfba
b4136,,3,0,0.4962399415792551,0.4962399415792551,0.0,0,0.0,747.9191570995343,highs_pfba
b3781,,10,13,0.4962399415792551,0.4962399415792551,0.0,0,0.07567663891300871,748.0421610863344,highs_pfba
b0604,,2,0,0.4962399415792551,0.4962399415792551,0.0,0,0.0,747.9191570995343,highs_pfba
b4122,,2,441,0.4962399415792551,0.4500773540634559,0.046162587515799214,0,663.0367261654708,745.3094888119577,highs_pfba
b1098,,1,424,0.4962399415792551,-0.0,0.4962399415792551,1,3743.8432838133826,398.29787234042544,highs_pfba
b2146,,1,0,0.4962399415792551,0.4962399415792551,0.0,0,0.0,747.9191570995343,highs_pfba
b2147,,1,0,0.4962399415792551,0.4962399415792551,0.0,0,0.0,747.9191570995343,highs_pfba
b1238,,2,8,0.4962399415792551,0.4962399415792551,0.0,0,2.6735070602016486e-05,747.9191570995345,highs_pfba
b4384,,7,15,0.4962399415792551,0.49623994157925755,-2.4424906541753444e-15,0,2.751581990025468e-05,747.9194910690187,highs_pfba
b4382,,2,8,0.4962399415792551,0.4962399415792551,0.0,0,2.6735070602019925e-05,747.9191570995354,highs_pfba
b2251,,3,302,0.4962399415792551,0.4961111053520882,0.00012883622716691745,0,0.003006597856261027,747.9975847971915,highs_pfba
b3640,,1,299,0.4962399415792551,0.49611110535208813,0.00012883622716697296,0,0.0030063667552589746,747.9975847971875,highs_pfba
b0173,,1,424,0.4962399415792551,-0.0,0.4962399415792551,1,3743.8432838133845,398.29787234042544,highs_pfba
b0420,,1,424,0.4962399415792551,-0.0,0.4962399415792551,1,3743.8432838133795,398.29787234042567,highs_pfba
b3564,,2,0,0.4962399415792551,0.4962399415792551,0.0,0,0.0,747.9191570995343,highs_pfba
b1779,,2,431,0.4962399415792551,-0.0,0.4962399415792551,1,4000.673328970586,445.925925925926,highs_pfba
b2927,,1,424,0.4962399415792551,-0.0,0.4962399415792551,1,3743.843283813384,398.29787234042544,highs_pfba
b1288,,26,424,0.4962399415792551,-0.0,0.4962399415792551,1,3743.8432838133717,398.2978723404262,highs_pfba
b3622,,2,8,0.4962399415792551,0.4962399415792586,-3.497202527569243e-15,0,2.673507060203014e-05,747.9191570995366,highs_pfba
b3793,,3,8,0.4962399415792551,0.4962399415792586,-3.497202527569243e-15,0,2.673507060203014e-05,747.9191570995366,highs_pfba
b3785,,3,8,0.4962399415792551,0.4962399415792586,-3.497202527569243e-15,0,2.673507060203014e-05,747.9191570995366,highs_pfba
b3792,,1,8,0.4962399415792551,0.4962399415792586,-3.497202527569243e-15,0,2.6735070602028273e-05,747.919157099537,highs_pfba
b2341,,16,454,0.4962399415792551,0.48392769772735383,0.012312243851901272,0,10.680600019027663,747.413898852079,highs_pfba
b1850,,2,8,0.4962399415792551,0.4962399415792551,0.0,0,2.673507060202209e-05,747.9191570995351,highs_pfba
b1851,,1,0,0.4962399415792551,0.4962399415792598,-4.718447854656915e-15,0,0.0,747.9191570995392,highs_pfba
b1054,,1,4,0.4962399415792551,0.4962399415792551,0.0,0,2.6686086725514518e-05,747.9191570995383,highs_pfba
b1855,,2,8,0.4962399415792551,0.49623994157925944,-4.3298697960381105e-15,0,2.6735070602935008e-05,747.919157099537,highs_pfba
b2378,,1,4,0.4962399415792551,0.49623994157925994,-4.829470157119431e-15,0,2.6686086725514775e-05,747.9191570995374,highs_pfba
b2779,,1,432,0.4962399415792551,0.28518457189972424,0.21105536967953087,0,2280.292177219827,726.7176980022915,highs_pfba
b0583,,1,8,0.4962399415792551,0.4962399415792598,-4.718447854656915e-15,0,2.6735070602045996e-05,747.9191570995403,highs_pfba
b0585,,2,8,0.4962399415792551,0.49623994157925755,-2.4424906541753444e-15,0,2.6735070602032932e-05,747.9191570995379,highs_pfba
b2441,,1,0,0.4962399415792551,0.4962399415792551,0.0,0,0.0,747.9191570995367,highs_pfba
b2440,,1,0,0.4962399415792551,0.4962399415792551,0.0,0,0.0,747.9191570995367,highs_pfba
b3946,,1,9,0.4962399415792551,0.4962399415792598,-4.718447854656915e-15,0,151.68986956180677,753.4271484371641,highs_pfba
b0825,,1,9,0.4962399415792551,0.4962399415792598,-4.718447854656915e-15,0,151.68986956180677,753.4271484371641,highs_pfba
b0822,,5,8,0.4962399415792551,0.49623994157925755,-2.4424906541753444e-15,0,2.673507060202664e-05,747.919157099536,highs_pfba
b3666,,4,0,0.4962399415792551,0.4962399415792551,0.0,0,0.0,747.9191570995343,highs_pfba
b0404,,7,4,0.4962399415792551,0.4962399415792598,-4.718447854656915e-15,0,2.668608672715045e-05,747.9191570995397,highs_pfba
b0452,,10,454,0.4962399415792551,0.48392769772736555,0.01231224385188956,0,10.680600019030804,747.4138988520866,highs_pfba
b1805,,10,4,0.4962399415792551,0.49623994157925994,-4.829470157119431e-15,0,4.8983876528510175e-08,747.9191570995395,highs_pfba
b1701,,10,4,0.4962399415792551,0.49623994157925994,-4.829470157119431e-15,0,4.8983876528510175e-08,747.9191570995395,highs_pfba
b3844,,6,363,0.4962399415792551,0.4935630384598461,0.002676903119408991,0,5.41510745368086,746.7436199802108,highs_pfba
b2764,,4,424,0.4962399415792551,-0.0,0.4962399415792551,1,3743.8432838133726,398.297872340426,highs_pfba
b2763,,4,424,0.4962399415792551,-0.0,0.4962399415792551,1,3743.8432838133726,398.297872340426,highs_pfba
b2925,,2,419,0.4962399415792551,0.48771708362073934,0.008522857958515762,0,86.7251575232734,748.1107936632475,highs_pfba
b1773,,1,9,0.4962399415792551,0.4962399415792551,0.0,0,45.841106751597216,750.9470633089672,highs_pfba
b2097,,1,9,0.4962399415792551,0.4962399415792551,0.0,0,45.841106751597216,750.9470633089672,highs_pfba
b3925,,1,4,0.4962399415792551,0.4962399415792598,-4.718447854656915e-15,0,2.6686086725514772e-05,747.9191570995399,highs_pfba
b2930,,1,4,0.4962399415792551,0.4962399415792598,-4.718447854656915e-15,0,2.6686086725514772e-05,747.9191570995399,highs_pfba
b4232,,1,4,0.4962399415792551,0.4962399415792598,-4.718447854656915e-15,0,2.6686086725514772e-05,747.9191570995399,highs_pfba
b2802,,1,0,0.4962399415792551,0.4962399415792551,0.0,0,0.0,747.9191570995343,highs_pfba
b2803,,1,0,0.4962399415792551,0.4962399415792551,0.0,0,0.0,747.9191570995343,highs_pfba
b2738,,1,0,0.4962399415792551,0.4962399415792551,0.0,0,0.0,747.9191570995343,highs_pfba
b2800,,1,0,0.4962399415792551,0.4962399415792551,0.0,0,0.0,747.9191570995343,highs_pfba
b0475,,1,424,0.4962399415792551,-0.0,0.4962399415792551,1,3743.843283813384,398.2978723404254,highs_pfba
b1476,,2,4,0.4962399415792551,0.49623994157925755,-2.4424906541753444e-15,0,4.898387651789299e-08,747.9191570995379,highs_pfba
b1474,,2,4,0.4962399415792551,0.49623994157925755,-2.4424906541753444e-15,0,4.898387651789299e-08,747.9191570995379,highs_pfba
b1475,,2,4,0.4962399415792551,0.49623994157925755,-2.4424906541753444e-15,0,4.898387651789299e-08,747.9191570995379,highs_pfba
b3892,,2,4,0.4962399415792551,0.49623994157925755,-2.4424906541753444e-15,0,4.898387651789299e-08,747.9191570995379,highs_pfba
b3893,,2,4,0.4962399415792551,0.49623994157925755,-2.4424906541753444e-15,0,4.898387651789299e-08,747.9191570995379,highs_pfba
b3894,,2,4,0.4962399415792551,0.49623994157925755,-2.4424906541753444e-15,0,4.898387651789299e-08,747.9191570995379,highs_pfba
b0935,,5,0,0.4962399415792551,0.4962399415792551,0.0,0,0.0,747.9191570995343,highs_pfba
b3409,,1,4,0.4962399415792551,0.4962399415792598,-4.718447854656915e-15,0,2.6686086725514772e-05,747.9191570995417,highs_pfba
b2392,,2,8,0.4962399415792551,0.49623994157925755,-2.4424906541753444e-15,0,2.673507060202625e-05,747.919157099536,highs_pfba
b4290,,1,0,0.4962399415792551,0.4962399415792551,0.0,0,0.0,747.9191570995343,highs_pfba
b4288,,1,0,0.4962399415792551,0.4962399415792551,0.0,0,0.0,747.9191570995343,highs_pfba
b4287,,1,0,0.4962399415792551,0.4962399415792551,0.0,0,0.0,747.9191570995343,highs_pfba
b4289,,1,0,0.4962399415792551,0.4962399415792551,0.0,0,0.0,747.9191570995343,highs_pfba
b4291,,1,0,0.4962399415792551,0.4962399415792551,0.0,0,0.0,747.9191570995343,highs_pfba
b0589,,2,8,0.4962399415792551,0.4962399415792598,-4.718447854656915e-15,0,2.6735070602035713e-05,747.9191570995375,highs_pfba
b0588,,2,8,0.4962399415792551,0.4962399415792598,-4.718447854656915e-15,0,2.6735070602035713e-05,747.9191570995375,highs_pfba
b0592,,2,8,0.4962399415792551,0.4962399415792598,-4.718447854656915e-15,0,2.6735070602035713e-05,747.9191570995375,highs_pfba
b0590,,2,8,0.4962399415792551,0.4962399415792598,-4.718447854656915e-15,0,2.6735070602035713e-05,747.9191570995375,highs_pfba
b2155,,1,0,0.4962399415792551,0.4962399415792551,0.0,0,0.0,747.9191570995343,highs_pfba
b0805,,1,0,0.4962399415792551,0.4962399415792551,0.0,0,0.0,747.9191570995343,highs_pfba
b0150,,3,0,0.4962399415792551,0.49623994157925994,-4.829470157119431e-15,0,0.0,747.9191570995391,highs_pfba
b0584,,1,8,0.4962399415792551,0.4962399415792598,-4.718447854656915e-15,0,2.6735070602035713e-05,747.9191570995375,highs_pfba
b0591,,1,8,0.4962399415792551,0.4962399415792551,0.0,0,2.673507060201511e-05,747.9191570995345,highs_pfba
b4367,,3,8,0.4962399415792551,0.49623994157925955,-4.440892098500626e-15,0,2.6735070602034026e-05,747.9191570995383,highs_pfba
b4209,,1,235,0.4962399415792551,0.49622552135940623,1.4420219848876314e-05,0,7.791758412715934e-05,747.9185724735042,highs_pfba
b2486,,1,0,0.4962399415792551,0.4962399415792551,0.0,0,0.0,747.9191570995343,highs_pfba
b4079,,1,0,0.4962399415792551,0.4962399415792551,0.0,0,0.0,747.9191570995343,highs_pfba
b2722,,2,4,0.4962399415792551,0.4962399415792551,0.0,0,2.6686086725514518e-05,747.9191570995358,highs_pfba
b2483,,1,0,0.4962399415792551,0.4962399415792551,0.0,0,0.0,747.9191570995343,highs_pfba
b2719,,2,4,0.4962399415792551,0.4962399415792551,0.0,0,2.6686086725514518e-05,747.9191570995358,highs_pfba
b2723,,2,4,0.4962399415792551,0.4962399415792551,0.0,0,2.6686086725514518e-05,747.9191570995358,highs_pfba
b2721,,2,4,0.4962399415792551,0.4962399415792551,0.0,0,2.6686086725514518e-05,747.9191570995358,highs_pfba
b2481,,1,0,0.4962399415792551,0.4962399415792551,0.0,0,0.0,747.9191570995343,highs_pfba
b2485,,1,0,0.4962399415792551,0.4962399415792551,0.0,0,0.0,747.9191570995343,highs_pfba
b2484,,1,0,0.4962399415792551,0.4962399415792551,0.0,0,0.0,747.9191570995343,highs_pfba
b2724,,2,4,0.4962399415792551,0.4962399415792551,0.0,0,2.6686086725514518e-05,747.9191570995358,highs_pfba
b2482,,1,0,0.4962399415792551,0.4962399415792551,0.0,0,0.0,747.9191570995343,highs_pfba
b2489,,1,0,0.4962399415792551,0.4962399415792551,0.0,0,0.0,747.9191570995343,highs_pfba
b2720,,2,4,0.4962399415792551,0.4962399415792551,0.0,0,2.6686086725514518e-05,747.9191570995358,highs_pfba
b2488,,1,0,0.4962399415792551,0.4962399415792551,0.0,0,0.0,747.9191570995343,highs_pfba
b2490,,1,0,0.4962399415792551,0.4962399415792551,0.0,0,0.0,747.9191570995343,highs_pfba
b2487,,1,0,0.4962399415792551,0.4962399415792551,0.0,0,0.0,747.9191570995343,highs_pfba
b3924,,5,299,0.4962399415792551,0.49610901082672143,0.0001309307525336756,0,0.017424155864365676,747.9274103961686,highs_pfba
b0684,,7,424,0.4962399415792551,-0.0,0.4962399415792551,1,3743.8432838133804,398.29787234042556,highs_pfba
b2895,,7,424,0.4962399415792551,-0.0,0.4962399415792551,1,3743.8432838133804,398.29787234042556,highs_pfba
b3288,,1,0,0.4962399415792551,0.4962399415792551,0.0,0,0.0,747.9191570995343,highs_pfba
b0025,,2,424,0.4962399415792551,-0.0,0.4962399415792551,1,3743.8432838133804,398.29787234042556,highs_pfba
b0937,,2,4,0.4962399415792551,0.49623994157925994,-4.829470157119431e-15,0,4.898387652163007e-08,747.9191570995376,highs_pfba
b2912,,1,0,0.4962399415792551,0.4962399415792551,0.0,0,0.0,747.9191570995343,highs_pfba
b2374,,1,0,0.4962399415792551,0.4962399415792551,0.0,0,0.0,747.9191570995343,highs_pfba
b2492,,2,4,0.4962399415792551,0.49623994157926005,-4.9404924595819466e-15,0,2.6686086725514782e-05,747.9191570995397,highs_pfba
b0904,,2,4,0.4962399415792551,0.49623994157926005,-4.9404924595819466e-15,0,2.6686086725514782e-05,747.9191570995397,highs_pfba
b4154,,2,4,0.4962399415792551,0.4962399415792598,-4.718447854656915e-15,0,4.8983876529198085e-08,747.9191570995399,highs_pfba
b4152,,2,4,0.4962399415792551,0.4962399415792598,-4.718447854656915e-15,0,4.8983876529198085e-08,747.9191570995399,highs_pfba
b4153,,2,4,0.4962399415792551,0.4962399415792598,-4.718447854656915e-15,0,4.8983876529198085e-08,747.9191570995399,highs_pfba
b4151,,2,4,0.4962399415792551,0.4962399415792598,-4.718447854656915e-15,0,4.8983876529198085e-08,747.9191570995399,highs_pfba
b2168,,1,8,0.4962399415792551,0.4962399415792551,0.0,0,2.6735070602015405e-05,747.919157099534,highs_pfba
b3371,,1,0,0.4962399415792551,0.4962399415792551,0.0,0,0.0,747.9191570995343,highs_pfba
b4474,,1,0,0.4962399415792551,0.4962399415792551,0.0,0,0.0,747.9191570995343,highs_pfba
b3374,,1,0,0.4962399415792551,0.4962399415792551,0.0,0,0.0,747.9191570995343,highs_pfba
b3370,,2,0,0.4962399415792551,0.4962399415792551,0.0,0,0.0,747.9191570995343,highs_pfba
b4321,,2,4,0.4962399415792551,0.4962399415792643,-9.2148511043888e-15,0,2.6686086725515012e-05,747.9191570995425,highs_pfba
b2169,,1,8,0.4962399415792551,0.4962399415792551,0.0,0,2.6735070602015405e-05,747.919157099534,highs_pfba
b2167,,1,8,0.4962399415792551,0.4962399415792551,0.0,0,2.6735070602015405e-05,747.919157099534,highs_pfba
b1232,,1,4,0.4962399415792551,0.4962399415792598,-4.718447854656915e-15,0,2.6686086725514772e-05,747.9191570995399,highs_pfba
b2801,,1,0,0.4962399415792551,0.4962399415792551,0.0,0,0.0,747.9191570995347,highs_pfba
b1611,,1,441,0.4962399415792551,0.4500773540634559,0.046162587515799214,0,663.0367261654708,745.3094888119577,highs_pfba
b1612,,1,441,0.4962399415792551,0.4500773540634559,0.046162587515799214,0,663.0367261654708,745.3094888119577,highs_pfba
b0621,,4,4,0.4962399415792551,0.4962399415792551,0.0,0,2.6686086725514518e-05,747.9191570995342,highs_pfba
b3730,,2,424,0.4962399415792551,-0.0,0.4962399415792551,1,3743.843283813382,398.2978723404258,highs_pfba
b1002,,2,0,0.4962399415792551,0.4962399415792551,0.0,0,0.0,747.9191570995357,highs_pfba
b3789,,1,4,0.4962399415792551,0.49623994157925927,-4.163336342344337e-15,0,2.668608672551474e-05,747.9191570995388,highs_pfba
b2039,,1,4,0.4962399415792551,0.49623994157925927,-4.163336342344337e-15,0,2.668608672551474e-05,747.9191570995388,highs_pfba
b0154,,1,424,0.4962399415792551,-0.0,0.4962399415792551,1,3743.8432838133813,398.29787234042556,highs_pfba
b2533,,2,8,0.4962399415792551,0.4962399415792551,0.0,0,2.6735070602015503e-05,747.9191570995346,highs_pfba
b4055,,17,4,0.4962399415792551,0.4962399415792551,0.0,0,4.898387650128022e-08,747.9191570995345,highs_pfba
b4041,,7,6,0.4962399415792551,0.49623994157925755,-2.4424906541753444e-15,0,0.007187692930975267,747.9881483461354,highs_pfba
b3451,,7,8,0.4962399415792551,0.4962399415792598,-4.718447854656915e-15,0,2.673507060375414e-05,747.9191570995399,highs_pfba
b3452,,7,8,0.4962399415792551,0.4962399415792598,-4.718447854656915e-15,0,2.673507060375414e-05,747.9191570995399,highs_pfba
b3453,,7,8,0.4962399415792551,0.4962399415792598,-4.718447854656915e-15,0,2.673507060375414e-05,747.9191570995399,highs_pfba
b3450,,7,8,0.4962399415792551,0.4962399415792598,-4.718447854656915e-15,0,2.673507060375414e-05,747.9191570995399,highs_pfba
b3608,,1,424,0.4962399415792551,-0.0,0.4962399415792551,1,3743.8432838133804,398.29787234042556,highs_pfba
b2242,,3,0,0.4962399415792551,0.4962399415792598,-4.718447854656915e-15,0,0.0,747.9191570995408,highs_pfba
b2241,,3,0,0.4962399415792551,0.4962399415792598,-4.718447854656915e-15,0,0.0,747.9191570995408,highs_pfba
b2243,,3,0,0.4962399415792551,0.4962399415792598,-4.718447854656915e-15,0,0.0,747.9191570995408,highs_pfba
b3426,,1,4,0.4962399415792551,0.4962399415792598,-4.718447854656915e-15,0,2.6686086725514772e-05,747.9191570995389,highs_pfba
b0243,,1,316,0.4962399415792551,0.49515361099720745,0.0010863305820476565,0,0.09298788922510587,747.8142561404245,highs_pfba
b0678,,1,4,0.4962399415792551,0.49623994157925855,-3.4416913763379853e-15,0,2.66860867255147e-05,747.9191570995381,highs_pfba
b1852,,1,412,0.4962399415792551,0.4893286289999333,0.0069113125793218155,0,31.190399490480072,752.6299311938351,highs_pfba
b3128,,1,0,0.4962399415792551,0.4962399415792551,0.0,0,0.0,747.9191570995343,highs_pfba
b4358,,1,0,0.4962399415792551,0.4962399415792551,0.0,0,0.0,747.9191570995343,highs_pfba
b4478,,1,0,0.4962399415792551,0.4962399415792551,0.0,0,0.0,747.9191570995343,highs_pfba
b4356,,1,0,0.4962399415792551,0.4962399415792551,0.0,0,0.0,747.9191570995343,highs_pfba
b3691,,1,0,0.4962399415792551,0.4962399415792551,0.0,0,0.0,747.9191570995343,highs_pfba
b3127,,3,4,0.4962399415792551,0.4962399415792598,-4.718447854656915e-15,0,2.6686086725514772e-05,747.9191570995372,highs_pfba
b2789,,3,4,0.4962399415792551,0.4962399415792598,-4.718447854656915e-15,0,2.6686086725514772e-05,747.9191570995372,highs_pfba
b0757,,1,4,0.4962399415792551,0.4962399415792551,0.0,0,2.6686086725514518e-05,747.9191570995347,highs_pfba
b2045,,1,4,0.4962399415792551,0.4962399415792551,0.0,0,2.6686086725514518e-05,747.9191570995347,highs_pfba
b0756,,1,0,0.4962399415792551,0.4962399415792551,0.0,0,0.0,747.9191570995343,highs_pfba
b4119,,1,0,0.4962399415792551,0.4962399415792551,0.0,0,0.0,747.9191570995343,highs_pfba
b3628,,1,8,0.4962399415792551,0.4962399415792576,-2.4980018054066022e-15,0,2.673507060203569e-05,747.9191570995389,highs_pfba
b2093,,1,0,0.4962399415792551,0.4962399415792551,0.0,0,0.0,747.9191570995343,highs_pfba
b2092,,1,0,0.4962399415792551,0.4962399415792551,0.0,0,0.0,747.9191570995343,highs_pfba
b2094,,1,0,0.4962399415792551,0.4962399415792551,0.0,0,0.0,747.9191570995343,highs_pfba
b3093,,2,4,0.4962399415792551,0.4962399415792551,0.0,0,2.6686086725514518e-05,747.9191570995347,highs_pfba
b1236,,1,4,0.4962399415792551,0.4962399415792598,-4.718447854656915e-15,0,2.6686086725514772e-05,747.9191570995395,highs_pfba
b4230,,2,4,0.4962399415792551,0.4962399415792551,0.0,0,2.6686086725514518e-05,747.9191570995358,highs_pfba
b2148,,2,4,0.4962399415792551,0.4962399415792598,-4.718447854656915e-15,0,4.8983876534014156e-08,747.9191570995413,highs_pfba
b2149,,2,4,0.4962399415792551,0.4962399415792598,-4.718447854656915e-15,0,4.8983876534014156e-08,747.9191570995413,highs_pfba
b2150,,2,4,0.4962399415792551,0.4962399415792598,-4.718447854656915e-15,0,4.8983876534014156e-08,747.9191570995413,highs_pfba
b4231,,2,4,0.4962399415792551,0.4962399415792551,0.0,0,2.6686086725514518e-05,747.9191570995358,highs_pfba
b4485,,2,4,0.4962399415792551,0.4962399415792551,0.0,0,2.6686086725514518e-05,747.9191570995358,highs_pfba
b4227,,2,4,0.4962399415792551,0.4962399415792551,0.0,0,2.6686086725514518e-05,747.9191570995358,highs_pfba
b2943,,2,4,0.4962399415792551,0.4962399415792598,-4.718447854656915e-15,0,4.89838765298861e-08,747.9191570995399,highs_pfba
b2500,,1,350,0.4962399415792551,0.4943875194500811,0.001852422129174025,0,0.17200463071806327,747.9134268201074,highs_pfba
b1415,,2,424,0.4962399415792551,-0.0,0.4962399415792551,1,3743.8432838133817,398.29787234042556,highs_pfba
b2052,,2,0,0.4962399415792551,0.4962399415792551,0.0,0,0.0,747.9191570995343,highs_pfba
b2784,,2,8,0.4962399415792551,0.4962399415792551,0.0,0,2.6735070602020223e-05,747.9191570995355,highs_pfba
b3650,,3,8,0.4962399415792551,0.4962399415792551,0.0,0,2.6735070602020223e-05,747.9191570995355,highs_pfba
b2051,,1,4,0.4962399415792551,0.4962399415792598,-4.718447854656915e-15,0,4.8983876529198085e-08,747.9191570995399,highs_pfba
b2467,,1,4,0.4962399415792551,0.4962399415792551,0.0,0,2.6686086725535273e-05,747.9191570995342,highs_pfba
b3729,,1,424,0.4962399415792551,-0.0,0.4962399415792551,1,3743.843283813378,398.29787234042567,highs_pfba
b1298,,1,4,0.4962399415792551,0.4962399415792598,-4.718447854656915e-15,0,2.6686086725514772e-05,747.9191570995372,highs_pfba
b1301,,1,4,0.4962399415792551,0.4962399415792598,-4.718447854656915e-15,0,2.6686086725514772e-05,747.9191570995372,highs_pfba
b1297,,2,424,0.4962399415792551,-0.0,0.4962399415792551,1,3743.8432838133785,398.2978723404257,highs_pfba
b3882,,1,0,0.4962399415792551,0.4962399415792551,0.0,0,0.0,747.9191570995343,highs_pfba
b3432,,1,0,0.4962399415792551,0.4962399415792551,0.0,0,0.0,747.9191570995343,highs_pfba
b0459,,2,0,0.4962399415792551,0.4962399415792551,0.0,0,0.0,747.9191570995343,highs_pfba
b0124,,1,8,0.4962399415792551,0.49623994157925994,-4.829470157119431e-15,0,2.6735070602045647e-05,747.9191570995408,highs_pfba
b0837,,1,8,0.4962399415792551,0.49623994157925994,-4.829470157119431e-15,0,2.6735070602045647e-05,747.9191570995408,highs_pfba
b4476,,1,0,0.4962399415792551,0.4962399415792643,-9.2148511043888e-15,0,0.0,747.9191570995433,highs_pfba
b3415,,1,0,0.4962399415792551,0.4962399415792643,-9.2148511043888e-15,0,0.0,747.9191570995433,highs_pfba
b3417,,5,0,0.4962399415792551,0.49623994157925855,-3.4416913763379853e-15,0,0.0,747.9191570995363,highs_pfba
b3428,,2,4,0.4962399415792551,0.49623994157925994,-4.829470157119431e-15,0,4.898387652978791e-08,747.9191570995401,highs_pfba
b3126,,1,0,0.4962399415792551,0.4962399415792551,0.0,0,0.0,747.9191570995343,highs_pfba
b2787,,1,0,0.4962399415792551,0.4962399415792551,0.0,0,0.0,747.9191570995343,highs_pfba
b2788,,1,0,0.4962399415792551,0.4962399415792551,0.0,0,0.0,747.9191570995343,highs_pfba
b3429,,1,4,0.4962399415792551,0.49623994157925994,-4.829470157119431e-15,0,2.6686086725514775e-05,747.91915709954,highs_pfba
b3631,,1,8,0.4962399415792551,0.4962399415792576,-2.4980018054066022e-15,0,2.673507060202178e-05,747.9191570995347,highs_pfba
b3627,,1,8,0.4962399415792551,0.4962399415792576,-2.4980018054066022e-15,0,2.673507060202178e-05,747.9191570995347,highs_pfba
b3626,,1,8,0.4962399415792551,0.4962399415792576,-2.4980018054066022e-15,0,2.673507060202178e-05,747.9191570995347,highs_pfba
b1621,,2,419,0.4962399415792551,0.47142794450029,0.024811997078965087,0,397.6112791793258,760.1466883455967,highs_pfba
b3431,,1,8,0.4962399415792551,0.4962399415792551,0.0,0,2.673507060202081e-05,747.9191570995358,highs_pfba
b3430,,1,4,0.4962399415792551,0.49623994157925994,-4.829470157119431e-15,0,2.6686086725514775e-05,747.9191570995392,highs_pfba
b3870,,1,424,0.4962399415792551,-0.0,0.4962399415792551,1,3743.843283813375,398.297872340426,highs_pfba
b0680,,1,0,0.4962399415792551,0.4962399415792551,0.0,0,0.0,747.9191570995343,highs_pfba
b0809,,1,8,0.4962399415792551,0.4962399415792551,0.0,0,2.6735070602026067e-05,747.9191570995372,highs_pfba
b0810,,1,8,0.4962399415792551,0.4962399415792551,0.0,0,2.6735070602026067e-05,747.9191570995372,highs_pfba
b0811,,1,8,0.4962399415792551,0.4962399415792551,0.0,0,2.6735070602026067e-05,747.9191570995372,highs_pfba
b2091,,1,0,0.4962399415792551,0.4962399415792551,0.0,0,0.0,747.9191570995366,highs_pfba
b0242,,1,316,0.4962399415792551,0.49515361099720745,0.0010863305820476565,0,0.09298788922510587,747.8142561404245,highs_pfba
b1492,,1,8,0.4962399415792551,0.4962399415792551,0.0,0,2.6735070602015798e-05,747.9191570995345,highs_pfba
b2688,,1,4,0.4962399415792551,0.49623994157925755,-2.4424906541753444e-15,0,2.6686086725514646e-05,747.919157099538,highs_pfba
b1493,,1,4,0.4962399415792551,0.4962399415792598,-4.718447854656915e-15,0,2.6686086725514772e-05,747.919157099537,highs_pfba
b3517,,1,4,0.4962399415792551,0.4962399415792598,-4.718447854656915e-15,0,2.6686086725514772e-05,747.919157099537,highs_pfba
b1761,,1,418,0.4962399415792551,0.457474262477987,0.0387656791012681,0,57.444729645152584,748.0692200166487,highs_pfba
b1524,,1,4,0.4962399415792551,0.4962399415792598,-4.718447854656915e-15,0,2.6686086725514772e-05,747.9191570995396,highs_pfba
b0485,,1,4,0.4962399415792551,0.4962399415792598,-4.718447854656915e-15,0,2.6686086725514772e-05,747.9191570995396,highs_pfba
b2312,,1,424,0.4962399415792551,-0.0,0.4962399415792551,1,3743.8432838133767,398.2978723404262,highs_pfba
b3967,,1,424,0.4962399415792551,-0.0,0.4962399415792551,1,3743.843283813376,398.2978723404259,highs_pfba
b3213,,1,4,0.4962399415792551,0.4962399415792598,-4.718447854656915e-15,0,2.6686086725514772e-05,747.9191570995398,highs_pfba
b3212,,1,4,0.4962399415792551,0.4962399415792598,-4.718447854656915e-15,0,2.6686086725514772e-05,747.9191570995398,highs_pfba
b1210,,1,424,0.4962399415792551,-0.0,0.4962399415792551,1,3743.8432838133813,398.29787234042556,highs_pfba
b2400,,1,424,0.4962399415792551,-0.0,0.4962399415792551,1,3743.8432838133813,398.29787234042556,highs_pfba
b3653,,1,4,0.4962399415792551,0.4962399415792598,-4.718447854656915e-15,0,2.6686086725514772e-05,747.9191570995392,highs_pfba
b0507,,1,4,0.4962399415792551,0.4962399415792598,-4.718447854656915e-15,0,2.6686086725514772e-05,747.9191570995401,highs_pfba
b3927,,3,8,0.4962399415792551,0.4962399415792551,0.0,0,2.6735070602014324e-05,747.9191570995338,highs_pfba
b3617,,1,4,0.4962399415792551,0.4962399415792598,-4.718447854656915e-15,0,2.6686086725514772e-05,747.9191570995399,highs_pfba
b2240,,1,4,0.4962399415792551,0.4962399415792598,-4.718447854656915e-15,0,2.6686086725514772e-05,747.9191570995393,highs_pfba
b0514,,1,4,0.4962399415792551,0.4962399415792598,-4.718447854656915e-15,0,2.6686086725514772e-05,747.9191570995399,highs_pfba
b3124,,1,4,0.4962399415792551,0.4962399415792598,-4.718447854656915e-15,0,2.6686086725514772e-05,747.9191570995373,highs_pfba
b2904,,1,296,0.4962399415792551,0.4960383248138443,0.00020161676541080586,0,0.0320754560691827,747.9064595604964,highs_pfba
b2903,,1,296,0.4962399415792551,0.4960383248138443,0.00020161676541080586,0,0.0320754560691827,747.9064595604964,highs_pfba
b2905,,1,296,0.4962399415792551,0.4960383248138443,0.00020161676541080586,0,0.0320754560691827,747.9064595604964,highs_pfba
b1033,,4,4,0.4962399415792551,0.4962399415792598,-4.718447854656915e-15,0,2.6686086725514772e-05,747.9191570995403,highs_pfba
b4468,,3,87,0.4962399415792551,0.49623788228806465,2.0592911904593336e-06,0,2.737980751442358e-05,747.9194811185855,highs_pfba
b4467,,3,87,0.4962399415792551,0.49623788228806465,2.0592911904593336e-06,0,2.737980751442358e-05,747.9194811185855,highs_pfba
b2979,,3,87,0.4962399415792551,0.49623788228806465,2.0592911904593336e-06,0,2.737980751442358e-05,747.9194811185855,highs_pfba
b3926,,1,4,0.4962399415792551,0.4962399415792598,-4.718447854656915e-15,0,2.6686086725514772e-05,747.9191570995395,highs_pfba
b0212,,1,4,0.4962399415792551,0.4962399415792551,0.0,0,2.6686086725514518e-05,747.9191570995356,highs_pfba
b3559,,1,0,0.4962399415792551,0.4962399415792551,0.0,0,0.0,747.9191570995343,highs_pfba
b3560,,1,0,0.4962399415792551,0.4962399415792551,0.0,0,0.0,747.9191570995343,highs_pfba
b2053,,1,0,0.4962399415792551,0.4962399415792551,0.0,0,0.0,747.9191570995343,highs_pfba
b3052,,2,4,0.4962399415792551,0.4962399415792576,-2.4980018054066022e-15,0,2.668608672551465e-05,747.9191570995379,highs_pfba
b0200,,1,4,0.4962399415792551,0.4962399415792576,-2.4980018054066022e-15,0,2.668608672551465e-05,747.9191570995379,highs_pfba
b0104,,1,4,0.4962399415792551,0.4962399415792598,-4.718447854656915e-15,0,2.6686086725514772e-05,747.9191570995399,highs_pfba
b2507,,1,424,0.4962399415792551,-0.0,0.4962399415792551,1,3743.843283813383,398.2978723404255,highs_pfba
b2029,,1,412,0.4962399415792551,0.48932862899993324,0.006911312579321871,0,31.190399490477375,752.6299311938355,highs_pfba
b3437,,1,4,0.4962399415792551,0.4962399415792598,-4.718447854656915e-15,0,2.6686086725514772e-05,747.9191570995391,highs_pfba
b4268,,1,4,0.4962399415792551,0.4962399415792598,-4.718447854656915e-15,0,2.6686086725514772e-05,747.9191570995391,highs_pfba
b3449,,5,8,0.4962399415792551,0.4962399415792598,-4.718447854656915e-15,0,2.6735070604115166e-05,747.9191570995413,highs_pfba
b2239,,5,8,0.4962399415792551,0.4962399415792598,-4.718447854656915e-15,0,2.6735070602044163e-05,747.9191570995399,highs_pfba
b1654,,6,8,0.4962399415792551,0.4962399415792598,-4.718447854656915e-15,0,2.6735070603521782e-05,747.9191570995392,highs_pfba
b3610,,6,8,0.4962399415792551,0.4962399415792598,-4.718447854656915e-15,0,2.6735070603521782e-05,747.9191570995392,highs_pfba
b0849,,6,8,0.4962399415792551,0.4962399415792598,-4.718447854656915e-15,0,2.6735070603521782e-05,747.9191570995392,highs_pfba
b0477,,2,4,0.4962399415792551,0.49623994157925755,-2.4424906541753444e-15,0,4.898387651789299e-08,747.9191570995379,highs_pfba
b2988,,2,4,0.4962399415792551,0.4962399415792551,0.0,0,2.6686086725514518e-05,747.9191570995346,highs_pfba
b3500,,1,4,0.4962399415792551,0.4962399415792598,-4.718447854656915e-15,0,4.8983876534014156e-08,747.9191570995408,highs_pfba
b1710,,2,8,0.4962399415792551,0.49623994157925994,-4.829470157119431e-15,0,2.6735070602033067e-05,747.9191570995383,highs_pfba
b3447,,1,0,0.4962399415792551,0.4962399415792598,-4.718447854656915e-15,0,0.0,747.9191570995399,highs_pfba
b0832,,1,4,0.4962399415792551,0.4962399415792598,-4.718447854656915e-15,0,2.6686086725514772e-05,747.9191570995395,highs_pfba
b0829,,1,4,0.4962399415792551,0.4962399415792598,-4.718447854656915e-15,0,2.6686086725514772e-05,747.9191570995395,highs_pfba
b0831,,1,4,0.4962399415792551,0.4962399415792598,-4.718447854656915e-15,0,2.6686086725514772e-05,747.9191570995395,highs_pfba
b0830,,1,4,0.4962399415792551,0.4962399415792598,-4.718447854656915e-15,0,2.6686086725514772e-05,747.9191570995395,highs_pfba
b2947,,1,4,0.4962399415792551,0.49623994157925755,-2.4424906541753444e-15,0,2.6686086725514646e-05,747.919157099538,highs_pfba
b2153,,1,424,0.4962399415792551,-0.0,0.4962399415792551,1,3743.8432838133776,398.297872340426,highs_pfba
b1277,,1,424,0.4962399415792551,-0.0,0.4962399415792551,1,3743.843283813373,398.2978723404267,highs_pfba
b3779,,1,4,0.4962399415792551,0.4962399415792551,0.0,0,4.8983876500493925e-08,747.919157099534,highs_pfba
b2883,,1,4,0.4962399415792551,0.49623994157925994,-4.829470157119431e-15,0,2.6686086725514775e-05,747.9191570995374,highs_pfba
b0125,,2,4,0.4962399415792551,0.49623994157925755,-2.4424906541753444e-15,0,4.8983876510988306e-08,747.9191570995358,highs_pfba
b0238,,3,8,0.4962399415792551,0.49623994157925994,-4.829470157119431e-15,0,2.673507060204447e-05,747.9191570995398,highs_pfba
b3092,,2,8,0.4962399415792551,0.4962399415792551,0.0,0,2.6735070602016093e-05,747.9191570995346,highs_pfba
b1319,,1,440,0.4962399415792551,0.15173357089991352,0.3445063706793416,0,19645.341318266932,861.5763838902498,highs_pfba
b3875,,1,440,0.4962399415792551,0.15173357089991352,0.3445063706793416,0,19645.341318266932,861.5763838902498,highs_pfba
b0957,,1,440,0.4962399415792551,0.15173357089991352,0.3445063706793416,0,19645.341318266932,861.5763838902498,highs_pfba
b0875,,1,443,0.4962399415792551,0.1565017882318309,0.3397381533474242,0,20422.80658877977,893.32664214789,highs_pfba
b1395,,1,0,0.4962399415792551,0.4962399415792551,0.0,0,0.0,747.9191570995337,highs_pfba
b4040,,1,424,0.4962399415792551,-0.0,0.4962399415792551,1,3743.843283813385,398.29787234042544,highs_pfba
b0353,,2,0,0.4962399415792551,0.4962399415792551,0.0,0,0.0,747.9191570995343,highs_pfba
b0339,,1,424,0.4962399415792551,-1.4802940771013966e-09,0.49623994305954916,1,3743.8432838133826,398.2978723404255,highs_pfba
b0126,,1,424,0.4962399415792551,-1.4802940771013966e-09,0.49623994305954916,1,3743.8432838133826,398.2978723404255,highs_pfba
b0261,,2,4,0.4962399415792551,0.4962399415792598,-4.718447854656915e-15,0,2.6686086725514772e-05,747.9191570995399,highs_pfba
b0428,,1,0,0.4962399415792551,0.4962399415792551,0.0,0,0.0,747.9191570995345,highs_pfba
b3630,,1,8,0.4962399415792551,0.4962399415792576,-2.4980018054066022e-15,0,2.673507060202178e-05,747.9191570995347,highs_pfba
b3625,,1,8,0.4962399415792551,0.4962399415792576,-2.4980018054066022e-15,0,2.673507060202178e-05,747.9191570995347,highs_pfba
b3621,,1,8,0.4962399415792551,0.4962399415792576,-2.4980018054066022e-15,0,2.673507060202178e-05,747.9191570995347,highs_pfba
b3620,,1,8,0.4962399415792551,0.4962399415792576,-2.4980018054066022e-15,0,2.673507060202178e-05,747.9191570995347,highs_pfba
b3632,,1,8,0.4962399415792551,0.4962399415792576,-2.4980018054066022e-15,0,2.673507060202178e-05,747.9191570995347,highs_pfba
b3623,,1,8,0.4962399415792551,0.4962399415792576,-2.4980018054066022e-15,0,2.673507060202178e-05,747.9191570995347,highs_pfba
b2104,,1,0,0.4962399415792551,0.4962399415792551,0.0,0,0.0,747.9191570995343,highs_pfba
b2388,,1,4,0.4962399415792551,0.49623994157925994,-4.829470157119431e-15,0,2.6686086725514775e-05,747.9191570995372,highs_pfba
b0394,,1,4,0.4962399415792551,0.49623994157925994,-4.829470157119431e-15,0,2.6686086725514775e-05,747.9191570995372,highs_pfba
b2020,,1,424,0.4962399415792551,-0.0,0.4962399415792551,1,3743.843283813475,398.29787234042163,highs_pfba
b2022,,2,424,0.4962399415792551,-0.0,0.4962399415792551,1,3743.843283813475,398.29787234042163,highs_pfba
b2514,,1,0,0.4962399415792551,0.4962399415792551,0.0,0,0.0,747.9191570995343,highs_pfba
b2309,,1,8,0.4962399415792551,0.4962399415792598,-4.718447854656915e-15,0,2.6735070602035713e-05,747.9191570995375,highs_pfba
b0112,,4,0,0.4962399415792551,0.4962399415792551,0.0,0,0.0,747.9191570995342,highs_pfba
b0349,,2,0,0.4962399415792551,0.4962399415792551,0.0,0,0.0,747.919157099536,highs_pfba
b3805,,1,424,0.4962399415792551,-0.0,0.4962399415792551,1,3743.8432838133813,398.29787234042556,highs_pfba
b2418,,4,8,0.4962399415792551,0.4962399415792551,0.0,0,2.6735070602020223e-05,747.9191570995355,highs_pfba
b2103,,2,424,0.4962399415792551,-0.0,0.4962399415792551,1,3743.843283813381,398.2978723404256,highs_pfba
b0813,,2,4,0.4962399415792551,0.4962399415792551,0.0,0,4.898387650140308e-08,747.9191570995342,highs_pfba
b3824,,1,4,0.4962399415792551,0.49623994157925994,-4.829470157119431e-15,0,2.6686086725514775e-05,747.9191570995375,highs_pfba
b0352,,1,0,0.4962399415792551,0.4962399415792551,0.0,0,0.0,747.9191570995343,highs_pfba
b0142,,1,424,0.4962399415792551,-0.0,0.4962399415792551,1,3743.8432838133776,398.297872340426,highs_pfba
b0508,,1,0,0.4962399415792551,0.4962399415792598,-4.718447854656915e-15,0,0.0,747.9191570995403,highs_pfba
b0003,,1,424,0.4962399415792551,-0.0,0.4962399415792551,1,3743.8432838133817,398.29787234042556,highs_pfba
b4013,,1,424,0.4962399415792551,-0.0,0.4962399415792551,1,3743.843283813385,398.2978723404254,highs_pfba
b2021,,1,424,0.4962399415792551,-0.0,0.4962399415792551,1,3743.843283813475,398.29787234042163,highs_pfba
b2867,,2,4,0.4962399415792551,0.4962399415792598,-4.718447854656915e-15,0,4.898387653077068e-08,747.9191570995404,highs_pfba
b2866,,2,4,0.4962399415792551,0.4962399415792598,-4.718447854656915e-15,0,4.898387653077068e-08,747.9191570995404,highs_pfba
b2868,,2,4,0.4962399415792551,0.4962399415792598,-4.718447854656915e-15,0,4.898387653077068e-08,747.9191570995404,highs_pfba
b2994,,3,4,0.4962399415792551,0.4962399415792551,0.0,0,4.898387650570314e-08,747.9191570995355,highs_pfba
b0973,,3,4,0.4962399415792551,0.4962399415792551,0.0,0,4.898387650570314e-08,747.9191570995355,highs_pfba
b0974,,3,4,0.4962399415792551,0.4962399415792551,0.0,0,4.898387650570314e-08,747.9191570995355,highs_pfba
b2997,,3,4,0.4962399415792551,0.4962399415792551,0.0,0,4.898387650570314e-08,747.9191570995355,highs_pfba
b2995,,3,4,0.4962399415792551,0.4962399415792551,0.0,0,4.898387650570314e-08,747.9191570995355,highs_pfba
b2996,,3,4,0.4962399415792551,0.4962399415792551,0.0,0,4.898387650570314e-08,747.9191570995355,highs_pfba
b0972,,3,4,0.4962399415792551,0.4962399415792551,0.0,0,4.898387650570314e-08,747.9191570995355,highs_pfba
b2530,,6,424,0.4962399415792551,-0.0,0.4962399415792551,1,3743.8432838133713,398.29787234042595,highs_pfba
b2529,,6,122,0.4962399415792551,0.4962372426492213,2.698930033795399e-06,0,7.778990579994731e-07,747.9188964787329,highs_pfba
b3807,,4,424,0.4962399415792551,-0.0,0.4962399415792551,1,3743.843283813383,398.29787234042544,highs_pfba
b2528,,2,125,0.4962399415792551,0.4962372426492213,2.698930033795399e-06,0,8.306989904491361e-07,747.9188964787319,highs_pfba
b1136,,1,423,0.4962399415792551,-0.0,0.4962399415792551,1,4101.279799353859,409.090909090909,highs_pfba
b2265,,1,0,0.4962399415792551,0.4962399415792551,0.0,0,0.0,747.9191570995345,highs_pfba
b0593,,1,0,0.4962399415792551,0.4962399415792551,0.0,0,0.0,747.9191570995343,highs_pfba
b0595,,1,8,0.4962399415792551,0.4962399415792598,-4.718447854656915e-15,0,2.6735070602034927e-05,747.9191570995374,highs_pfba
b4015,,1,0,0.4962399415792551,0.4962399415792598,-4.718447854656915e-15,0,0.0,747.9191570995374,highs_pfba
b4267,,2,4,0.4962399415792551,0.49623994157925994,-4.829470157119431e-15,0,4.89838765268393e-08,747.9191570995392,highs_pfba
b2023,,1,424,0.4962399415792551,-0.0,0.4962399415792551,1,3743.843283813475,398.29787234042163,highs_pfba
b2025,,1,424,0.4962399415792551,-0.0,0.4962399415792551,1,3743.843283813475,398.29787234042163,highs_pfba
b1262,,2,424,0.4962399415792551,-0.0,0.4962399415792551,1,3743.8432838133704,398.2978723404264,highs_pfba
b3770,,4,424,0.4962399415792551,-0.0,0.4962399415792551,1,3743.8432838133804,398.2978723404258,highs_pfba
b0026,,1,0,0.4962399415792551,0.4962399415792551,0.0,0,0.0,747.9191570995343,highs_pfba
b0401,,3,0,0.4962399415792551,0.49623994157925944,-4.3298697960381105e-15,0,0.0,747.9191570995389,highs_pfba
b2508,,1,325,0.4962399415792551,0.4950425167636795,0.0011974248155756095,0,0.1248109221900276,748.5270939108491,highs_pfba
b3265,,1,0,0.4962399415792551,0.4962399415792551,0.0,0,0.0,747.919157099534,highs_pfba
b3266,,1,0,0.4962399415792551,0.4962399415792551,0.0,0,0.0,747.919157099534,highs_pfba
b3161,,2,8,0.4962399415792551,0.49623994157925994,-4.829470157119431e-15,0,2.673507060203356e-05,747.9191570995359,highs_pfba
b3679,,1,0,0.4962399415792551,0.4962399415792551,0.0,0,0.0,747.9191570995343,highs_pfba
b2889,,1,4,0.4962399415792551,0.4962399415792644,-9.270362255620057e-15,0,2.6686086725515012e-05,747.9191570995423,highs_pfba
b0073,,1,424,0.4962399415792551,-0.0,0.4962399415792551,1,3743.843283813384,398.29787234042544,highs_pfba
b0071,,2,424,0.4962399415792551,-0.0,0.4962399415792551,1,3743.8432838133776,398.297872340426,highs_pfba
b0072,,2,424,0.4962399415792551,-0.0,0.4962399415792551,1,3743.8432838133776,398.297872340426,highs_pfba
b0074,,1,424,0.4962399415792551,-0.0,0.4962399415792551,1,3743.843283813384,398.29787234042544,highs_pfba
b0918,,1,424,0.4962399415792551,-0.0,0.4962399415792551,1,3743.843283813382,398.29787234042544,highs_pfba
b3198,,1,424,0.4962399415792551,-0.0,0.4962399415792551,1,3743.8432838133754,398.29787234042607,highs_pfba
b1215,,1,424,0.4962399415792551,-0.0,0.4962399415792551,1,3743.843283813382,398.29787234042544,highs_pfba
b4196,,1,0,0.4962399415792551,0.4962399415792551,0.0,0,0.0,747.9191570995343,highs_pfba
b3581,,1,0,0.4962399415792551,0.4962399415792551,0.0,0,0.0,747.9191570995343,highs_pfba
b0697,,1,4,0.4962399415792551,0.4962399415792598,-4.718447854656915e-15,0,2.6686086725514772e-05,747.9191570995401,highs_pfba
b4513,,1,4,0.4962399415792551,0.4962399415792598,-4.718447854656915e-15,0,2.6686086725514772e-05,747.9191570995401,highs_pfba
b0698,,1,4,0.4962399415792551,0.4962399415792598,-4.718447854656915e-15,0,2.6686086725514772e-05,747.9191570995401,highs_pfba
b0696,,1,4,0.4962399415792551,0.4962399415792598,-4.718447854656915e-15,0,2.6686086725514772e-05,747.9191570995401,highs_pfba
b3747,,1,318,0.4962399415792551,0.4955199815484218,0.0007199600308332998,0,0.02300296938037023,747.873815033958,highs_pfba
b1363,,1,318,0.4962399415792551,0.4955199815484218,0.0007199600308332998,0,0.02300296938037023,747.873815033958,highs_pfba
b1250,,1,318,0.4962399415792551,0.4955199815484218,0.0007199600308332998,0,0.02300296938037023,747.873815033958,highs_pfba
b3849,,1,318,0.4962399415792551,0.4955199815484218,0.0007199600308332998,0,0.02300296938037023,747.873815033958,highs_pfba
b1291,,1,318,0.4962399415792551,0.4955199815484218,0.0007199600308332998,0,0.02300296938037023,747.873815033958,highs_pfba
b3290,,1,318,0.4962399415792551,0.4955199815484218,0.0007199600308332998,0,0.02300296938037023,747.873815033958,highs_pfba
b0047,,1,8,0.4962399415792551,0.49623994157925994,-4.829470157119431e-15,0,2.6735070602041714e-05,747.9191570995392,highs_pfba
b0842,,2,8,0.4962399415792551,0.4962399415792551,0.0,0,2.673507060253828e-05,747.919157099536,highs_pfba
b3350,,1,8,0.4962399415792551,0.49623994157925994,-4.829470157119431e-15,0,2.6735070602041714e-05,747.9191570995392,highs_pfba
b3605,,2,4,0.4962399415792551,0.4962399415792551,0.0,0,4.898387650128022e-08,747.9191570995345,highs_pfba
b0306,,2,4,0.4962399415792551,0.4962399415792551,0.0,0,4.898387650128022e-08,747.9191570995345,highs_pfba
b0307,,2,4,0.4962399415792551,0.4962399415792551,0.0,0,4.898387650128022e-08,747.9191570995345,highs_pfba
b0308,,2,4,0.4962399415792551,0.4962399415792551,0.0,0,4.898387650128022e-08,747.9191570995345,highs_pfba
b2257,,1,8,0.4962399415792551,0.49623994157925994,-4.829470157119431e-15,0,2.6735070602035425e-05,747.9191570995372,highs_pfba
b0344,,1,0,0.4962399415792551,0.4962399415792551,0.0,0,0.0,747.9191570995343,highs_pfba
b2132,,1,4,0.4962399415792551,0.4962399415792551,0.0,0,2.6686086725514518e-05,747.919157099533,highs_pfba
b1326,,1,0,0.4962399415792551,0.4962399415792596,-4.496403249731884e-15,0,0.0,747.9191570995367,highs_pfba
b4130,,2,0,0.4962399415792551,0.4962399415792551,0.0,0,0.0,747.9191570995343,highs_pfba
b3496,,2,0,0.4962399415792551,0.4962399415792551,0.0,0,0.0,747.9191570995343,highs_pfba
b0709,,2,0,0.4962399415792551,0.4962399415792551,0.0,0,0.0,747.9191570995343,highs_pfba
b1634,,2,0,0.4962399415792551,0.4962399415792551,0.0,0,0.0,747.9191570995343,highs_pfba
b2799,,1,4,0.4962399415792551,0.49623994157925994,-4.829470157119431e-15,0,2.6686086725514775e-05,747.9191570995404,highs_pfba
b2170,,1,4,0.4962399415792551,0.4962399415792551,0.0,0,2.6686086725514518e-05,747.919157099534,highs_pfba
b0070,,1,4,0.4962399415792551,0.4962399415792551,0.0,0,2.6686086725514518e-05,747.919157099534,highs_pfba
b0343,,1,4,0.4962399415792551,0.4962399415792551,0.0,0,4.8983876501968226e-08,747.9191570995343,highs_pfba
b1380,,1,4,0.4962399415792551,0.49623994157925994,-4.829470157119431e-15,0,2.6686086725514775e-05,747.919157099539,highs_pfba
b2133,,2,4,0.4962399415792551,0.4962399415792551,0.0,0,4.898387650570314e-08,747.9191570995355,highs_pfba
b4054,,3,424,0.4962399415792551,-0.0,0.4962399415792551,1,3743.843283813383,398.29787234042544,highs_pfba
b0642,,1,0,0.4962399415792551,0.4962399415792551,0.0,0,0.0,747.9191570995343,highs_pfba
b3458,,1,8,0.4962399415792551,0.4962399415792598,-4.718447854656915e-15,0,2.6735070602041243e-05,747.919157099539,highs_pfba
b1651,,1,4,0.4962399415792551,0.4962399415792551,0.0,0,2.6686086725514518e-05,747.9191570995356,highs_pfba
b0622,,2,8,0.4962399415792551,0.4962399415792551,0.0,0,2.67350706020157e-05,747.9191570995343,highs_pfba
b4386,,3,0,0.4962399415792551,0.4962399415792551,0.0,0,0.0,747.919157099534,highs_pfba
b0630,,1,0,0.4962399415792551,0.4962399415792551,0.0,0,0.0,747.919157099534,highs_pfba
b0628,,1,0,0.4962399415792551,0.4962399415792551,0.0,0,0.0,747.9191570995343,highs_pfba
b0182,,1,424,0.4962399415792551,-0.0,0.4962399415792551,1,3743.8432838133817,398.29787234042556,highs_pfba
b0494,,21,4,0.4962399415792551,0.4962399415792598,-4.718447854656915e-15,0,4.898387652094196e-08,747.9191570995374,highs_pfba
b3825,,35,8,0.4962399415792551,0.4962399415792551,0.0,0,2.6735070602029754e-05,747.9191570995383,highs_pfba
b0186,,1,4,0.4962399415792551,0.4962399415792598,-4.718447854656915e-15,0,2.6686086725514772e-05,747.9191570995414,highs_pfba
b4131,,1,4,0.4962399415792551,0.4962399415792598,-4.718447854656915e-15,0,2.6686086725514772e-05,747.9191570995414,highs_pfba
b2890,,1,0,0.4962399415792551,0.4962399415792551,0.0,0,0.0,747.9191570995343,highs_pfba
b2156,,1,4,0.4962399415792551,0.49623994157925994,-4.829470157119431e-15,0,2.6686086725514775e-05,747.91915709954,highs_pfba
b3903,,2,0,0.4962399415792551,0.4962399415792551,0.0,0,0.0,747.9191570995366,highs_pfba
b3907,,2,0,0.4962399415792551,0.4962399415792551,0.0,0,0.0,747.9191570995343,highs_pfba
b3600,,1,0,0.4962399415792551,0.4962399415792551,0.0,0,0.0,747.9191570995343,highs_pfba
b0777,,1,424,0.4962399415792551,-0.0,0.4962399415792551,1,3743.843283813383,398.29787234042556,highs_pfba
b1800,,1,0,0.4962399415792551,0.4962399415792551,0.0,0,0.0,747.9191570995343,highs_pfba
b4014,,1,87,0.4962399415792551,0.49623788228806476,2.0592911903483113e-06,0,2.7379807514282363e-05,747.9194811185855,highs_pfba
b2976,,1,87,0.4962399415792551,0.49623788228806476,2.0592911903483113e-06,0,2.7379807514282363e-05,747.9194811185855,highs_pfba
b2049,,1,0,0.4962399415792551,0.4962399415792551,0.0,0,0.0,747.9191570995343,highs_pfba
b1613,,1,0,0.4962399415792551,0.49623994157925755,-2.4424906541753444e-15,0,0.0,747.919157099536,highs_pfba
b4323,,1,4,0.4962399415792551,0.4962399415792551,0.0,0,2.6686086725514518e-05,747.9191570995347,highs_pfba
b0731,,1,0,0.4962399415792551,0.4962399415792551,0.0,0,0.0,747.9191570995343,highs_pfba
b0732,,1,0,0.4962399415792551,0.4962399415792551,0.0,0,0.0,747.9191570995343,highs_pfba
b0334,,1,4,0.4962399415792551,0.4962399415792598,-4.718447854656915e-15,0,4.8983876529198085e-08,747.9191570995399,highs_pfba
b0331,,1,4,0.4962399415792551,0.4962399415792598,-4.718447854656915e-15,0,4.898387652094196e-08,747.9191570995374,highs_pfba
b0333,,1,4,0.4962399415792551,0.4962399415792598,-4.718447854656915e-15,0,4.898387653047582e-08,747.9191570995401,highs_pfba
b1092,,1,424,0.4962399415792551,-0.0,0.4962399415792551,1,3743.8432838133817,398.29787234042556,highs_pfba
b2521,,1,0,0.4962399415792551,0.4962399415792551,0.0,0,0.0,747.9191570995343,highs_pfba
b0149,,5,424,0.4962399415792551,-0.0,0.4962399415792551,1,3743.8432838133767,398.29787234042567,highs_pfba
b0635,,2,424,0.4962399415792551,-0.0,0.4962399415792551,1,3743.8432838133813,398.29787234042556,highs_pfba
b3396,,5,424,0.4962399415792551,-0.0,0.4962399415792551,1,3743.8432838133767,398.29787234042567,highs_pfba
b0084,,2,424,0.4962399415792551,-0.0,0.4962399415792551,1,3743.8432838133813,398.29787234042556,highs_pfba
b0839,,5,8,0.4962399415792551,0.4962399415792551,0.0,0,2.6735070602016584e-05,747.9191570995345,highs_pfba
b2010,,5,8,0.4962399415792551,0.4962399415792551,0.0,0,2.6735070602016584e-05,747.9191570995345,highs_pfba
b3182,,9,8,0.4962399415792551,0.4962399415792598,-4.718447854656915e-15,0,2.6735070602043848e-05,747.9191570995396,highs_pfba
b0632,,5,8,0.4962399415792551,0.4962399415792551,0.0,0,2.6735070602016584e-05,747.9191570995345,highs_pfba
b2134,,4,4,0.4962399415792551,0.4962399415792598,-4.718447854656915e-15,0,4.8983876529198085e-08,747.9191570995399,highs_pfba
b2328,,4,4,0.4962399415792551,0.4962399415792598,-4.718447854656915e-15,0,4.8983876529198085e-08,747.9191570995399,highs_pfba
b3236,,1,419,0.4962399415792551,0.4737097790989052,0.02253016248034989,0,35.37019993589176,740.4462851022671,highs_pfba
b2210,,2,4,0.4962399415792551,0.4962399415792576,-2.4980018054066022e-15,0,4.8983876511602656e-08,747.9191570995359,highs_pfba
b1479,,1,4,0.4962399415792551,0.49623994157925994,-4.829470157119431e-15,0,2.6686086725514775e-05,747.9191570995406,highs_pfba
b2463,,1,4,0.4962399415792551,0.49623994157925994,-4.829470157119431e-15,0,2.6686086725514775e-05,747.9191570995379,highs_pfba
b2515,,1,424,0.4962399415792551,-0.0,0.4962399415792551,1,3743.8432838133845,398.29787234042544,highs_pfba
b2746,,1,424,0.4962399415792551,-0.0,0.4962399415792551,1,3743.8432838133845,398.29787234042544,highs_pfba
b4120,,1,4,0.4962399415792551,0.4962399415792551,0.0,0,2.6686086725514518e-05,747.9191570995362,highs_pfba
b2747,,1,424,0.4962399415792551,-0.0,0.4962399415792551,1,3743.8432838133845,398.29787234042544,highs_pfba
b2942,,1,424,0.4962399415792551,-0.0,0.4962399415792551,1,3743.843283813378,398.29787234042567,highs_pfba
b0199,,2,0,0.4962399415792551,0.4962399415792551,0.0,0,0.0,747.9191570995343,highs_pfba
b0197,,2,0,0.4962399415792551,0.4962399415792551,0.0,0,0.0,747.9191570995343,highs_pfba
b0198,,2,0,0.4962399415792551,0.4962399415792551,0.0,0,0.0,747.9191570995343,highs_pfba
b4019,,1,424,0.4962399415792551,-0.0,0.4962399415792551,1,3743.8432838134204,398.29787234042385,highs_pfba
b3829,,1,424,0.4962399415792551,-0.0,0.4962399415792551,1,3743.8432838134204,398.29787234042385,highs_pfba
b4219,,1,4,0.4962399415792551,0.4962399415792551,0.0,0,2.6686086725514518e-05,747.9191570995342,highs_pfba
b1778,,1,4,0.4962399415792551,0.4962399415792551,0.0,0,2.6686086725514518e-05,747.9191570995342,highs_pfba
b2114,,1,0,0.4962399415792551,0.4962399415792551,0.0,0,0.0,747.9191570995343,highs_pfba
b4242,,2,4,0.4962399415792551,0.4962399415792551,0.0,0,4.898387650432712e-08,747.9191570995354,highs_pfba
b0963,,1,4,0.4962399415792551,0.4962399415792598,-4.718447854656915e-15,0,2.6686086725514772e-05,747.9191570995414,highs_pfba
b0403,,5,4,0.4962399415792551,0.49623994157925994,-4.829470157119431e-15,0,4.898387653067249e-08,747.9191570995404,highs_pfba
b4392,,4,8,0.4962399415792551,0.4962399415792584,-3.2751579226442118e-15,0,2.673507060345397e-05,747.919157099539,highs_pfba
b2963,,4,8,0.4962399415792551,0.4962399415792584,-3.2751579226442118e-15,0,2.673507060345397e-05,747.919157099539,highs_pfba
b2558,,4,8,0.4962399415792551,0.4962399415792584,-3.2751579226442118e-15,0,2.673507060345397e-05,747.919157099539,highs_pfba
b2813,,4,8,0.4962399415792551,0.4962399415792584,-3.2751579226442118e-15,0,2.673507060345397e-05,747.919157099539,highs_pfba
b2701,,4,8,0.4962399415792551,0.4962399415792584,-3.2751579226442118e-15,0,2.673507060345397e-05,747.919157099539,highs_pfba
b1193,,4,8,0.4962399415792551,0.4962399415792584,-3.2751579226442118e-15,0,2.673507060345397e-05,747.919157099539,highs_pfba
b2919,,1,4,0.4962399415792551,0.4962399415792598,-4.718447854656915e-15,0,2.6686086725514772e-05,747.9191570995414,highs_pfba
b0260,,1,0,0.4962399415792551,0.4962399415792551,0.0,0,0.0,747.9191570995343,highs_pfba
b2917,,1,4,0.4962399415792551,0.4962399415792598,-4.718447854656915e-15,0,2.6686086725514772e-05,747.9191570995414,highs_pfba
b3599,,1,0,0.4962399415792551,0.4962399415792551,0.0,0,0.0,747.9191570995343,highs_pfba
b4322,,1,4,0.4962399415792551,0.4962399415792551,0.0,0,2.6686086725514518e-05,747.9191570995342,highs_pfba
b0784,,2,424,0.4962399415792551,-0.0,0.4962399415792551,1,3743.843283813383,398.2978723404255,highs_pfba
b3633,,2,424,0.4962399415792551,-0.0,0.4962399415792551,1,3743.843283813381,398.2978723404256,highs_pfba
b3624,,1,8,0.4962399415792551,0.4962399415792576,-2.4980018054066022e-15,0,2.673507060202178e-05,747.9191570995347,highs_pfba
b3917,,3,424,0.4962399415792551,-0.0,0.4962399415792551,1,3743.8432838133854,398.2978723404254,highs_pfba
b0763,,3,424,0.4962399415792551,-0.0,0.4962399415792551,1,3743.8432838133854,398.2978723404254,highs_pfba
b2423,,5,424,0.4962399415792551,-0.0,0.4962399415792551,1,3743.8432838133854,398.2978723404254,highs_pfba
b0765,,3,424,0.4962399415792551,-0.0,0.4962399415792551,1,3743.8432838133854,398.2978723404254,highs_pfba
b2425,,5,424,0.4962399415792551,-0.0,0.4962399415792551,1,3743.8432838133854,398.2978723404254,highs_pfba
b2422,,5,424,0.4962399415792551,-0.0,0.4962399415792551,1,3743.8432838133854,398.2978723404254,highs_pfba
b0764,,3,424,0.4962399415792551,-0.0,0.4962399415792551,1,3743.8432838133854,398.2978723404254,highs_pfba
b2424,,5,424,0.4962399415792551,-0.0,0.4962399415792551,1,3743.8432838133854,398.2978723404254,highs_pfba
b2877,,1,0,0.4962399415792551,0.4962399415792551,0.0,0,0.0,747.9191570995345,highs_pfba
b0134,,1,424,0.4962399415792551,-0.0,0.4962399415792551,1,3743.843283813384,398.29787234042544,highs_pfba
b0009,,1,424,0.4962399415792551,-0.0,0.4962399415792551,1,3743.843283813383,398.2978723404255,highs_pfba
b2519,,2,424,0.4962399415792551,-0.0,0.4962399415792551,1,3743.843283813381,398.2978723404256,highs_pfba
b1069,,2,424,0.4962399415792551,-0.0,0.4962399415792551,1,3743.843283813381,398.2978723404256,highs_pfba
b0785,,1,424,0.4962399415792551,-0.0,0.4962399415792551,1,3743.843283813383,398.2978723404255,highs_pfba
b0826,,1,424,0.4962399415792551,-0.0,0.4962399415792551,1,3743.843283813383,398.2978723404255,highs_pfba
b1008,,1,4,0.4962399415792551,0.4962399415792598,-4.718447854656915e-15,0,4.898387652733063e-08,747.9191570995392,highs_pfba
b0529,,2,417,0.4962399415792551,0.48235912761671373,0.013880813962541372,0,6.507889434305081,751.3231998652477,highs_pfba
b3941,,1,424,0.4962399415792551,-0.0,0.4962399415792551,1,3743.8432838134204,398.29787234042385,highs_pfba
b1059,,2,0,0.4962399415792551,0.4962399415792551,0.0,0,0.0,747.9191570995343,highs_pfba
b3996,,1,8,0.4962399415792551,0.496239941579255,1.1102230246251565e-16,0,2.673507060201442e-05,747.9191570995343,highs_pfba
b2411,,1,8,0.4962399415792551,0.496239941579255,1.1102230246251565e-16,0,2.673507060201442e-05,747.9191570995343,highs_pfba
b1109,,3,8,0.4962399415792551,0.49623994157925994,-4.829470157119431e-15,0,2.673507060204545e-05,747.9191570995404,highs_pfba
b2284,,3,424,0.4962399415792551,0.2512798651588143,0.24496007642044082,0,4070.3421972833175,697.9772738137707,highs_pfba
b2288,,3,424,0.4962399415792551,0.2512798651588143,0.24496007642044082,0,4070.3421972833175,697.9772738137707,highs_pfba
b2280,,3,424,0.4962399415792551,0.2512798651588143,0.24496007642044082,0,4070.3421972833175,697.9772738137707,highs_pfba
b2282,,3,424,0.4962399415792551,0.2512798651588143,0.24496007642044082,0,4070.3421972833175,697.9772738137707,highs_pfba
b2277,,3,424,0.4962399415792551,0.2512798651588143,0.24496007642044082,0,4070.3421972833175,697.9772738137707,highs_pfba
b2287,,3,424,0.4962399415792551,0.2512798651588143,0.24496007642044082,0,4070.3421972833175,697.9772738137707,highs_pfba
b2276,,3,424,0.4962399415792551,0.2512798651588143,0.24496007642044082,0,4070.3421972833175,697.9772738137707,highs_pfba
b2278,,3,424,0.4962399415792551,0.2512798651588143,0.24496007642044082,0,4070.3421972833175,697.9772738137707,highs_pfba
b2286,,3,424,0.4962399415792551,0.2512798651588143,0.24496007642044082,0,4070.3421972833175,697.9772738137707,highs_pfba
b2283,,3,424,0.4962399415792551,0.2512798651588143,0.24496007642044082,0,4070.3421972833175,697.9772738137707,highs_pfba
b2279,,3,424,0.4962399415792551,0.2512798651588143,0.24496007642044082,0,4070.3421972833175,697.9772738137707,highs_pfba
b2285,,3,424,0.4962399415792551,0.2512798651588143,0.24496007642044082,0,4070.3421972833175,697.9772738137707,highs_pfba
b2281,,3,424,0.4962399415792551,0.2512798651588143,0.24496007642044082,0,4070.3421972833175,697.9772738137707,highs_pfba
b2615,,1,424,0.4962399415792551,-0.0,0.4962399415792551,1,3743.8432838133917,398.2978723404251,highs_pfba
b3028,,3,8,0.4962399415792551,0.49623994157925994,-4.829470157119431e-15,0,2.6735070602036405e-05,747.9191570995376,highs_pfba
b1740,,1,424,0.4962399415792551,-0.0,0.4962399415792551,1,3743.843283813379,398.2978723404262,highs_pfba
b1602,,2,4,0.4962399415792551,0.4962399415792598,-4.718447854656915e-15,0,4.898387652627405e-08,747.919157099539,highs_pfba
b1603,,2,4,0.4962399415792551,0.4962399415792598,-4.718447854656915e-15,0,4.898387652627405e-08,747.919157099539,highs_pfba
b3962,,1,8,0.4962399415792551,0.4962399415792551,0.0,0,2.673507060201285e-05,747.9191570995345,highs_pfba
b0931,,1,8,0.4962399415792551,0.4962399415792551,0.0,0,2.6735070602022876e-05,747.9191570995365,highs_pfba
b1186,,1,8,0.4962399415792551,0.49623994157925994,-4.829470157119431e-15,0,2.6735070602044567e-05,747.91915709954,highs_pfba
b0019,,1,8,0.4962399415792551,0.49623994157925994,-4.829470157119431e-15,0,2.6735070602044567e-05,747.91915709954,highs_pfba
b2518,,8,424,0.4962399415792551,-0.0,0.4962399415792551,1,3743.8432838133826,398.29787234042556,highs_pfba
b0451,,1,424,0.4962399415792551,-0.0,0.4962399415792551,1,3743.8432838133813,398.29787234042556,highs_pfba
b2711,,1,8,0.4962399415792551,0.4962399415792551,0.0,0,2.6735070602016486e-05,747.9191570995345,highs_pfba
b2710,,1,8,0.4962399415792551,0.4962399415792551,0.0,0,2.6735070602016486e-05,747.9191570995345,highs_pfba
b3477,,1,8,0.4962399415792551,0.49623994157925994,-4.829470157119431e-15,0,2.6735070602044567e-05,747.91915709954,highs_pfba
b3476,,1,8,0.4962399415792551,0.49623994157925994,-4.829470157119431e-15,0,2.6735070602044567e-05,747.91915709954,highs_pfba
b3479,,1,8,0.4962399415792551,0.49623994157925994,-4.829470157119431e-15,0,2.6735070602044567e-05,747.91915709954,highs_pfba
b3480,,1,8,0.4962399415792551,0.49623994157925994,-4.829470157119431e-15,0,2.6735070602044567e-05,747.91915709954,highs_pfba
b3478,,1,8,0.4962399415792551,0.49623994157925994,-4.829470157119431e-15,0,2.6735070602044567e-05,747.91915709954,highs_pfba
b4390,,1,8,0.4962399415792551,0.49623994157925994,-4.829470157119431e-15,0,2.6735070602042256e-05,747.9191570995395,highs_pfba
b0639,,2,424,0.4962399415792551,-0.0,0.4962399415792551,1,3743.8432838133813,398.29787234042556,highs_pfba
b0751,,1,0,0.4962399415792551,0.4962399415792551,0.0,0,0.0,747.9191570995343,highs_pfba
b1768,,1,8,0.4962399415792551,0.4962399415792551,0.0,0,2.6735070602022876e-05,747.9191570995365,highs_pfba
b1991,,1,0,0.4962399415792551,0.4962399415792551,0.0,0,0.0,747.9191570995343,highs_pfba
b0109,,1,424,0.4962399415792551,-0.0,0.4962399415792551,1,3743.8432838134054,398.2978723404249,highs_pfba
b3367,,1,8,0.4962399415792551,0.4962399415792551,0.0,0,2.6735070602016486e-05,747.9191570995345,highs_pfba
b1223,,2,4,0.4962399415792551,0.4962399415792551,0.0,0,4.8983876501968226e-08,747.9191570995343,highs_pfba
b2206,,2,4,0.4962399415792551,0.4962399415792551,0.0,0,4.8983876500493925e-08,747.919157099534,highs_pfba
b2204,,1,8,0.4962399415792551,0.4962399415792551,0.0,0,2.673507060201919e-05,747.9191570995354,highs_pfba
b2203,,2,4,0.4962399415792551,0.4962399415792551,0.0,0,4.8983876500493925e-08,747.919157099534,highs_pfba
b2205,,1,8,0.4962399415792551,0.4962399415792551,0.0,0,2.673507060201919e-05,747.9191570995354,highs_pfba
b2202,,2,4,0.4962399415792551,0.4962399415792551,0.0,0,4.8983876500493925e-08,747.919157099534,highs_pfba
b1468,,2,4,0.4962399415792551,0.4962399415792551,0.0,0,4.898387650088707e-08,747.919157099534,highs_pfba
b1226,,2,4,0.4962399415792551,0.4962399415792551,0.0,0,4.898387650088707e-08,747.919157099534,highs_pfba
b1227,,2,4,0.4962399415792551,0.4962399415792551,0.0,0,4.898387650088707e-08,747.919157099534,highs_pfba
b1225,,2,4,0.4962399415792551,0.4962399415792551,0.0,0,4.898387650088707e-08,747.919157099534,highs_pfba
b1465,,2,4,0.4962399415792551,0.4962399415792551,0.0,0,4.898387650088707e-08,747.919157099534,highs_pfba
b1224,,2,4,0.4962399415792551,0.4962399415792551,0.0,0,4.898387650088707e-08,747.919157099534,highs_pfba
b1466,,2,4,0.4962399415792551,0.4962399415792551,0.0,0,4.898387650088707e-08,747.919157099534,highs_pfba
b1467,,2,4,0.4962399415792551,0.4962399415792551,0.0,0,4.898387650088707e-08,747.919157099534,highs_pfba
b1469,,1,8,0.4962399415792551,0.4962399415792551,0.0,0,2.6735070602015798e-05,747.9191570995345,highs_pfba
b2552,,2,4,0.4962399415792551,0.4962399415792551,0.0,0,4.898387650570314e-08,747.9191570995355,highs_pfba
b4374,,3,8,0.4962399415792551,0.4962399415792508,4.3298697960381105e-15,0,2.6735070601994822e-05,747.9191570995308,highs_pfba
b2291,,6,0,0.4962399415792551,0.49623994157924617,8.93729534823251e-15,0,0.0,747.9191570995289,highs_pfba
b2744,,14,8,0.4962399415792551,0.49623994157925816,-3.0531133177191805e-15,0,2.673507060202422e-05,747.9191570995349,highs_pfba
b0480,,17,4,0.4962399415792551,0.4962399415792551,0.0,0,4.898387650884833e-08,747.9191570995356,highs_pfba
b4161,,4,8,0.4962399415792551,0.4962399415792551,0.0,0,2.6735070602012356e-05,747.9191570995346,highs_pfba
b0650,,1,8,0.4962399415792551,0.4962399415792551,0.0,0,2.673507060201236e-05,747.9191570995342,highs_pfba
b4394,,3,0,0.4962399415792551,0.49623994157925994,-4.829470157119431e-15,0,0.0,747.9191570995399,highs_pfba
b0980,,2,0,0.4962399415792551,0.4962399415792551,0.0,0,0.0,747.9191570995343,highs_pfba
b2781,,8,4,0.4962399415792551,0.4962399415792595,-4.385380947269368e-15,0,4.898387652575773e-08,747.9191570995388,highs_pfba
b2954,,3,0,0.4962399415792551,0.4962399415792598,-4.718447854656915e-15,0,0.0,747.9191570995397,highs_pfba
b1759,,2,4,0.4962399415792551,0.4962399415792551,0.0,0,4.898387650884833e-08,747.9191570995356,highs_pfba
b0160,,2,4,0.4962399415792551,0.4962399415792577,-2.609024107869118e-15,0,4.898387651238905e-08,747.9191570995362,highs_pfba
b3365,,1,8,0.4962399415792551,0.4962399415792551,0.0,0,2.6735070602023686e-05,747.9191570995364,highs_pfba
b3366,,1,8,0.4962399415792551,0.4962399415792551,0.0,0,2.6735070602023686e-05,747.9191570995364,highs_pfba
b4073,,2,4,0.4962399415792551,0.4962399415792551,0.0,0,4.898387649872475e-08,747.9191570995339,highs_pfba
b4071,,2,4,0.4962399415792551,0.4962399415792551,0.0,0,4.898387649872475e-08,747.9191570995339,highs_pfba
b4070,,2,4,0.4962399415792551,0.4962399415792551,0.0,0,4.898387649872475e-08,747.9191570995339,highs_pfba
b4072,,2,4,0.4962399415792551,0.4962399415792551,0.0,0,4.898387649872475e-08,747.9191570995339,highs_pfba
b2035,,3,0,0.4962399415792551,0.4962399415792551,0.0,0,0.0,747.9191570995343,highs_pfba
b2027,,3,0,0.4962399415792551,0.4962399415792551,0.0,0,0.0,747.9191570995343,highs_pfba
b2033,,1,0,0.4962399415792551,0.4962399415792551,0.0,0,0.0,747.9191570995343,highs_pfba
b2037,,1,0,0.4962399415792551,0.4962399415792551,0.0,0,0.0,747.9191570995343,highs_pfba
b2034,,1,0,0.4962399415792551,0.4962399415792551,0.0,0,0.0,747.9191570995343,highs_pfba
b2032,,1,0,0.4962399415792551,0.4962399415792551,0.0,0,0.0,747.9191570995343,highs_pfba
b3114,,2,4,0.4962399415792551,0.4962399415792598,-4.718447854656915e-15,0,4.89838765199591e-08,747.9191570995372,highs_pfba
b0903,,2,4,0.4962399415792551,0.4962399415792598,-4.718447854656915e-15,0,4.89838765199591e-08,747.9191570995372,highs_pfba
b0902,,2,4,0.4962399415792551,0.4962399415792598,-4.718447854656915e-15,0,4.89838765199591e-08,747.9191570995372,highs_pfba
b2579,,2,4,0.4962399415792551,0.4962399415792598,-4.718447854656915e-15,0,4.89838765199591e-08,747.9191570995372,highs_pfba
b0273,,1,424,0.4962399415792551,-0.0,0.4962399415792551,1,3743.8432838133813,398.29787234042556,highs_pfba
b4254,,1,424,0.4962399415792551,-0.0,0.4962399415792551,1,3743.8432838133813,398.29787234042556,highs_pfba
b3187,,1,424,0.4962399415792551,-0.0,0.4962399415792551,1,3743.843283813382,398.2978723404254,highs_pfba
b0907,,2,424,0.4962399415792551,-0.0,0.4962399415792551,1,3743.8432838133804,398.29787234042556,highs_pfba
b0662,,1,0,0.4962399415792551,0.4962399415792598,-4.718447854656915e-15,0,0.0,747.9191570995399,highs_pfba
b1281,,1,424,0.4962399415792551,-0.0,0.4962399415792551,1,3743.8432838133795,398.29787234042556,highs_pfba
b2907,,1,0,0.4962399415792551,0.4962399415792598,-4.718447854656915e-15,0,0.0,747.9191570995399,highs_pfba
b0350,,1,0,0.4962399415792551,0.4962399415792551,0.0,0,0.0,747.9191570995343,highs_pfba
b3843,,1,424,0.4962399415792551,-0.0,0.4962399415792551,1,3743.843283813385,398.29787234042544,highs_pfba
b2311,,1,424,0.4962399415792551,-0.0,0.4962399415792551,1,3743.843283813385,398.29787234042544,highs_pfba
b3835,,1,35,0.4962399415792551,0.49623966700611294,2.745731421671671e-07,0,8.80521576532242e-08,747.9195455659462,highs_pfba
b2965,,1,8,0.4962399415792551,0.49623994157925994,-4.829470157119431e-15,0,2.673507060204162e-05,747.9191570995392,highs_pfba
b0693,,1,8,0.4962399415792551,0.49623994157925994,-4.829470157119431e-15,0,2.673507060204162e-05,747.9191570995392,highs_pfba
b3642,,1,424,0.4962399415792551,-0.0,0.4962399415792551,1,3743.8432838133795,398.29787234042556,highs_pfba
b2373,,1,0,0.4962399415792551,0.4962399415792551,0.0,0,0.0,747.9191570995343,highs_pfba
b1387,,1,0,0.4962399415792551,0.4962399415792551,0.0,0,0.0,747.9191570995357,highs_pfba
b1394,,2,0,0.4962399415792551,0.4962399415792551,0.0,0,0.0,747.9191570995337,highs_pfba
b1014,,2,4,0.4962399415792551,0.49623994157925766,-2.55351295663786e-15,0,4.898387651258557e-08,747.9191570995363,highs_pfba
b0386,,1,424,0.4962399415792551,-0.0,0.4962399415792551,1,3743.843283813383,398.2978723404254,highs_pfba
b1391,,1,0,0.4962399415792551,0.4962399415792551,0.0,0,0.0,747.9191570995346,highs_pfba
b1390,,1,0,0.4962399415792551,0.4962399415792551,0.0,0,0.0,747.9191570995346,highs_pfba
b1392,,1,0,0.4962399415792551,0.4962399415792551,0.0,0,0.0,747.9191570995346,highs_pfba
b1388,,1,0,0.4962399415792551,0.4962399415792551,0.0,0,0.0,747.9191570995346,highs_pfba
b1389,,1,0,0.4962399415792551,0.4962399415792551,0.0,0,0.0,747.9191570995346,highs_pfba
b1398,,1,0,0.4962399415792551,0.4962399415792551,0.0,0,0.0,747.9191570995337,highs_pfba
b0133,,1,424,0.4962399415792551,-0.0,0.4962399415792551,1,3743.843283813384,398.29787234042544,highs_pfba
b1278,,30,424,0.4962399415792551,-0.0,0.4962399415792551,1,3743.8432838133813,398.29787234042556,highs_pfba
b0087,,1,424,0.4962399415792551,-0.0,0.4962399415792551,1,3743.843283813377,398.29787234042624,highs_pfba
b2762,,2,424,0.4962399415792551,-0.0,0.4962399415792551,1,3743.8432838133904,398.2978723404255,highs_pfba
b1489,,2,4,0.4962399415792551,0.4962399415792551,0.0,0,4.898387650177166e-08,747.9191570995345,highs_pfba
b0114,,1,427,0.4962399415792551,0.43612904920414997,0.06011089237510514,0,2123.879829638281,773.7094209728932,highs_pfba
b0115,,1,427,0.4962399415792551,0.43612904920414997,0.06011089237510514,0,2123.879829638281,773.7094209728932,highs_pfba
b1638,,2,4,0.4962399415792551,0.49623994157925994,-4.829470157119431e-15,0,4.8983876524578685e-08,747.9191570995376,highs_pfba
b2564,,1,424,0.4962399415792551,-0.0,0.4962399415792551,1,3743.843283813384,398.29787234042544,highs_pfba
b0052,,1,424,0.4962399415792551,-0.0,0.4962399415792551,1,3743.843283813384,398.29787234042544,highs_pfba
b0766,,2,4,0.4962399415792551,0.4962399415792551,0.0,0,4.8983876501329364e-08,747.9191570995346,highs_pfba
b2320,,1,424,0.4962399415792551,-0.0,0.4962399415792551,1,3743.8432838133813,398.29787234042556,highs_pfba
b3546,,2,8,0.4962399415792551,0.49623994157925944,-4.3298697960381105e-15,0,2.673507060384963e-05,747.9191570995408,highs_pfba
b1723,,1,13,0.4962399415792551,0.4962399415792598,-4.718447854656915e-15,0,45.841106800608024,750.9470633089707,highs_pfba
b3916,,3,421,0.4962399415792551,0.48771708362073435,0.008522857958520758,0,86.72518375102344,748.1107936632397,highs_pfba
b3952,,1,8,0.4962399415792551,0.4962399415792598,-4.718447854656915e-15,0,2.673507060203473e-05,747.9191570995372,highs_pfba
b3951,,1,8,0.4962399415792551,0.4962399415792598,-4.718447854656915e-15,0,2.673507060203473e-05,747.9191570995372,highs_pfba
b3176,,1,424,0.4962399415792551,-0.0,0.4962399415792551,1,3743.843283813382,398.2978723404258,highs_pfba
b2913,,1,420,0.4962399415792551,0.470786479049518,0.025453462529737125,0,21.3456486622627,756.3989132750971,highs_pfba
b4025,,1,421,0.4962399415792551,0.47545761702085504,0.020782324558400067,0,423.50987129078953,757.6690797553713,highs_pfba
b2926,,1,441,0.4962399415792551,0.1787092935976386,0.3175306479816165,0,3393.235945278733,696.4291241177827,highs_pfba
b0767,,1,412,0.4962399415792551,0.4893286289999333,0.0069113125793218155,0,31.190399490480072,752.6299311938351,highs_pfba
b3385,,1,0,0.4962399415792551,0.4962399415792551,0.0,0,0.0,747.9191570995343,highs_pfba
b3612,,1,433,0.4962399415792551,0.2851845718997243,0.2110553696795308,0,2280.2922569581374,726.7176980022913,highs_pfba
b0755,,1,433,0.4962399415792551,0.2851845718997243,0.2110553696795308,0,2280.2922569581374,726.7176980022913,highs_pfba
b4395,,1,433,0.4962399415792551,0.2851845718997243,0.2110553696795308,0,2280.2922569581374,726.7176980022913,highs_pfba
b0688,,1,8,0.4962399415792551,0.49623994157925994,-4.829470157119431e-15,0,2.6735070602035425e-05,747.9191570995372,highs_pfba
b2690,,1,8,0.4962399415792551,0.49623994157925994,-4.829470157119431e-15,0,2.6735070602035425e-05,747.9191570995372,highs_pfba
b0418,,14,8,0.4962399415792551,0.4962399415792598,-4.718447854656915e-15,0,2.673507060204171e-05,747.9191570995393,highs_pfba
b1912,,7,4,0.4962399415792551,0.4962399415792598,-4.718447854656915e-15,0,4.898387652649519e-08,747.9191570995395,highs_pfba
b2199,,1,8,0.4962399415792551,0.4962399415792598,-4.718447854656915e-15,0,2.673507060204397e-05,747.9191570995399,highs_pfba
b2200,,1,8,0.4962399415792551,0.4962399415792598,-4.718447854656915e-15,0,2.673507060204397e-05,747.9191570995399,highs_pfba
b2197,,1,8,0.4962399415792551,0.4962399415792598,-4.718447854656915e-15,0,2.673507060204397e-05,747.9191570995399,highs_pfba
b2198,,1,8,0.4962399415792551,0.4962399415792598,-4.718447854656915e-15,0,2.673507060204397e-05,747.9191570995399,highs_pfba
b2201,,1,8,0.4962399415792551,0.4962399415792598,-4.718447854656915e-15,0,2.673507060204397e-05,747.9191570995399,highs_pfba
b1713,,1,0,0.4962399415792551,0.4962399415792551,0.0,0,0.0,747.9191570995343,highs_pfba
b1714,,1,0,0.4962399415792551,0.4962399415792551,0.0,0,0.0,747.9191570995343,highs_pfba
b1473,,3,0,0.4962399415792551,0.49623994157925994,-4.829470157119431e-15,0,0.0,747.9191570995389,highs_pfba
b0576,,2,4,0.4962399415792551,0.4962399415792551,0.0,0,4.898387650540828e-08,747.9191570995355,highs_pfba
b3493,,1,373,0.4962399415792551,0.4927021790827963,0.0035377624964588184,0,0.557373636877754,747.6963538156601,highs_pfba
b2987,,1,373,0.4962399415792551,0.4927021790827963,0.0035377624964588184,0,0.557373636877754,747.6963538156601,highs_pfba
b3725,,1,8,0.4962399415792551,0.4962399415792598,-4.718447854656915e-15,0,2.67350706020453e-05,747.9191570995401,highs_pfba
b3726,,1,8,0.4962399415792551,0.4962399415792598,-4.718447854656915e-15,0,2.67350706020453e-05,747.9191570995401,highs_pfba
b3727,,1,8,0.4962399415792551,0.4962399415792598,-4.718447854656915e-15,0,2.67350706020453e-05,747.9191570995401,highs_pfba
b3728,,1,8,0.4962399415792551,0.4962399415792598,-4.718447854656915e-15,0,2.67350706020453e-05,747.9191570995401,highs_pfba
b3821,,42,4,0.4962399415792551,0.4962399415792598,-4.718447854656915e-15,0,4.89838765298861e-08,747.9191570995401,highs_pfba
b2048,,1,4,0.4962399415792551,0.4962399415792551,0.0,0,4.8983876501968226e-08,747.9191570995345,highs_pfba
b3412,,1,424,0.4962399415792551,-0.0,0.4962399415792551,1,3743.843283813383,398.29787234042556,highs_pfba
b3974,,1,424,0.4962399415792551,-0.0,0.4962399415792551,1,3743.843283813384,398.29787234042544,highs_pfba
b3258,,1,0,0.4962399415792551,0.4962399415792551,0.0,0,0.0,747.9191570995343,highs_pfba
b1010,,1,4,0.4962399415792551,0.4962399415792598,-4.718447854656915e-15,0,4.898387652733063e-08,747.9191570995392,highs_pfba
b1378,,1,299,0.4962399415792551,0.49610607089116626,0.00013387068808884406,0,0.01644794081344335,747.9143230471178,highs_pfba
b0871,,1,8,0.4962399415792551,0.4962399415792598,-4.718447854656915e-15,0,2.6735070602044265e-05,747.91915709954,highs_pfba
b4226,,1,8,0.4962399415792551,0.49623994157925855,-3.4416913763379853e-15,0,2.6735070602036625e-05,747.9191570995382,highs_pfba
b2502,,2,4,0.4962399415792551,0.49623994157925855,-3.4416913763379853e-15,0,4.898387652212024e-08,747.9191570995381,highs_pfba
b1015,,2,8,0.4962399415792551,0.4962399415792598,-4.718447854656915e-15,0,2.6735070602048785e-05,747.9191570995409,highs_pfba
b0369,,1,424,0.4962399415792551,-0.0,0.4962399415792551,1,3743.8432838133813,398.29787234042556,highs_pfba
b3956,,1,376,0.4962399415792551,0.4926227319720148,0.0036172096072403237,0,32.552038843917565,746.330693127542,highs_pfba
b3639,,2,424,0.4962399415792551,-0.0,0.4962399415792551,1,3743.843283813384,398.29787234042544,highs_pfba
b3403,,1,8,0.4962399415792551,0.4962399415792598,-4.718447854656915e-15,0,2.6735070602044756e-05,747.9191570995401,highs_pfba
b2920,,1,8,0.4962399415792551,0.49623994157925994,-4.829470157119431e-15,0,2.6735070602044665e-05,747.91915709954,highs_pfba
b2501,,2,414,0.4962399415792551,0.47956433575084456,0.016675605828410545,0,7.672931182375209,746.3088857197731,highs_pfba
b4383,,2,11,0.4962399415792551,0.4962399415792596,-4.496403249731884e-15,0,8.297331747318831e-07,747.9194910690187,highs_pfba
b3380,,1,15,0.4962399415792551,0.49623994157925944,-4.3298697960381105e-15,0,2.7515819900269646e-05,747.9194910690211,highs_pfba
b3850,,2,424,0.4962399415792551,-0.0,0.4962399415792551,1,3743.843283813384,398.2978723404254,highs_pfba
b2536,,1,0,0.4962399415792551,0.4962399415792551,0.0,0,0.0,747.9191570995343,highs_pfba
b1702,,1,8,0.4962399415792551,0.4962399415792598,-4.718447854656915e-15,0,2.673507060204548e-05,747.9191570995403,highs_pfba
b0383,,1,0,0.4962399415792551,0.4962399415792551,0.0,0,0.0,747.9191570995343,highs_pfba
b4005,,1,424,0.4962399415792551,-0.0,0.4962399415792551,1,3743.8432838133767,398.2978723404262,highs_pfba
b2499,,1,424,0.4962399415792551,-0.0,0.4962399415792551,1,3743.843283813383,398.29787234042556,highs_pfba
b2026,,2,424,0.4962399415792551,-0.0,0.4962399415792551,1,3743.843283813475,398.29787234042163,highs_pfba
b2476,,1,424,0.4962399415792551,-0.0,0.4962399415792551,1,3743.843283813388,398.29787234042635,highs_pfba
b2557,,1,424,0.4962399415792551,-0.0,0.4962399415792551,1,3743.843283813383,398.29787234042556,highs_pfba
b2024,,1,424,0.4962399415792551,-0.0,0.4962399415792551,1,3743.8432838133826,398.2978723404255,highs_pfba
b0194,,1,0,0.4962399415792551,0.4962399415792551,0.0,0,0.0,747.9191570995343,highs_pfba
b1207,,1,13,0.4962399415792551,0.4962399415792598,-4.718447854656915e-15,0,1.0715859515368515,748.3820953711197,highs_pfba
b0908,,1,424,0.4962399415792551,-0.0,0.4962399415792551,1,3743.8432838133813,398.29787234042556,highs_pfba
b4160,,7,424,0.4962399415792551,-0.0,0.4962399415792551,1,3743.843283813377,398.29787234042567,highs_pfba
b4388,,1,420,0.4962399415792551,0.470786479049518,0.025453462529737125,0,21.3456486622627,756.3989132750971,highs_pfba
b2585,,7,424,0.4962399415792551,-0.0,0.4962399415792551,1,3743.8432838133735,398.29787234042607,highs_pfba
b2297,,2,430,0.4962399415792551,0.40080265160908657,0.09543728997016854,0,850.5564778526475,728.0771288836731,highs_pfba
b2458,,1,430,0.4962399415792551,0.40080265160908657,0.09543728997016854,0,850.5564778526382,728.077128883673,highs_pfba
b3634,,1,424,0.4962399415792551,-0.0,0.4962399415792551,1,3743.843283813384,398.29787234042544,highs_pfba
b0692,,2,4,0.4962399415792551,0.49623994157925994,-4.829470157119431e-15,0,4.8983876527920455e-08,747.9191570995395,highs_pfba
b3073,,1,0,0.4962399415792551,0.4962399415792598,-4.718447854656915e-15,0,0.0,747.9191570995372,highs_pfba
b0854,,1,8,0.4962399415792551,0.49623994157925994,-4.829470157119431e-15,0,2.673507060204211e-05,747.9191570995392,highs_pfba
b1123,,2,4,0.4962399415792551,0.4962399415792598,-4.718447854656915e-15,0,4.8983876523792294e-08,747.9191570995386,highs_pfba
b0856,,1,8,0.4962399415792551,0.49623994157925994,-4.829470157119431e-15,0,2.673507060204211e-05,747.9191570995392,highs_pfba
b1442,,2,4,0.4962399415792551,0.4962399415792598,-4.718447854656915e-15,0,4.8983876523792294e-08,747.9191570995386,highs_pfba
b0857,,1,8,0.4962399415792551,0.49623994157925994,-4.829470157119431e-15,0,2.673507060204211e-05,747.9191570995392,highs_pfba
b0855,,1,8,0.4962399415792551,0.49623994157925994,-4.829470157119431e-15,0,2.673507060204211e-05,747.9191570995392,highs_pfba
b1124,,2,4,0.4962399415792551,0.4962399415792598,-4.718447854656915e-15,0,4.8983876523792294e-08,747.9191570995386,highs_pfba
b1443,,2,4,0.4962399415792551,0.4962399415792598,-4.718447854656915e-15,0,4.8983876523792294e-08,747.9191570995386,highs_pfba
b1440,,2,4,0.4962399415792551,0.4962399415792598,-4.718447854656915e-15,0,4.8983876523792294e-08,747.9191570995386,highs_pfba
b1126,,2,4,0.4962399415792551,0.4962399415792598,-4.718447854656915e-15,0,4.8983876523792294e-08,747.9191570995386,highs_pfba
b1125,,2,4,0.4962399415792551,0.4962399415792598,-4.718447854656915e-15,0,4.8983876523792294e-08,747.9191570995386,highs_pfba
b1441,,2,4,0.4962399415792551,0.4962399415792598,-4.718447854656915e-15,0,4.8983876523792294e-08,747.9191570995386,highs_pfba
b1296,,1,8,0.4962399415792551,0.4962399415792598,-4.718447854656915e-15,0,2.6735070602044265e-05,747.91915709954,highs_pfba
b2407,,5,4,0.4962399415792551,0.4962399415792596,-4.496403249731884e-15,0,2.668608672641633e-05,747.919157099537,highs_pfba
b1636,,1,8,0.4962399415792551,0.4962399415792551,0.0,0,2.673507060201904e-05,747.9191570995354,highs_pfba
b3826,,1,8,0.4962399415792551,0.4962399415792551,0.0,0,2.673507060201904e-05,747.9191570995354,highs_pfba
b1854,,1,8,0.4962399415792551,0.4962399415792598,-4.718447854656915e-15,0,2.6735070602035666e-05,747.9191570995373,highs_pfba
b1676,,1,8,0.4962399415792551,0.4962399415792598,-4.718447854656915e-15,0,2.6735070602035666e-05,747.9191570995373,highs_pfba
b3831,,1,8,0.4962399415792551,0.4962399415792598,-4.718447854656915e-15,0,2.67350706020453e-05,747.9191570995401,highs_pfba
b1007,,1,4,0.4962399415792551,0.4962399415792598,-4.718447854656915e-15,0,4.898387652733063e-08,747.9191570995392,highs_pfba
b1012,,1,4,0.4962399415792551,0.4962399415792598,-4.718447854656915e-15,0,4.898387652733063e-08,747.9191570995392,highs_pfba
b3029,,2,4,0.4962399415792551,0.4962399415792551,0.0,0,4.898387649833161e-08,747.9191570995345,highs_pfba
b1692,,2,424,0.4962399415792551,-0.0,0.4962399415792551,1,3743.843283813373,398.29787234042595,highs_pfba
b0750,,1,424,0.4962399415792551,-0.0,0.4962399415792551,1,3743.8432838134054,398.2978723404249,highs_pfba
b4094,,1,8,0.4962399415792551,0.49623994157925977,-4.6629367034256575e-15,0,2.673507060204549e-05,747.9191570995404,highs_pfba
b1662,,1,424,0.4962399415792551,-0.0,0.4962399415792551,1,3743.843283813373,398.2978723404267,highs_pfba
b0415,,1,424,0.4962399415792551,-0.0,0.4962399415792551,1,3743.843283813373,398.2978723404267,highs_pfba
b3752,,1,8,0.4962399415792551,0.49623994157925755,-2.4424906541753444e-15,0,2.6735070602026643e-05,747.9191570995363,highs_pfba
b0063,,3,8,0.4962399415792551,0.4962399415792551,0.0,0,2.6735070602013735e-05,747.9191570995347,highs_pfba
b4198,,1,8,0.4962399415792551,0.4962399415792551,0.0,0,2.6735070602013735e-05,747.9191570995347,highs_pfba
b3583,,1,8,0.4962399415792551,0.4962399415792551,0.0,0,2.6735070602013735e-05,747.9191570995347,highs_pfba
b0061,,1,8,0.4962399415792551,0.4962399415792551,0.0,0,2.6735070602013735e-05,747.9191570995347,highs_pfba
b3629,,1,8,0.4962399415792551,0.4962399415792576,-2.4980018054066022e-15,0,2.673507060202178e-05,747.9191570995347,highs_pfba
b2687,,1,424,0.4962399415792551,-0.0,0.4962399415792551,1,3743.843283813382,398.29787234042556,highs_pfba
b3748,,1,0,0.4962399415792551,0.4962399415792551,0.0,0,0.0,747.9191570995343,highs_pfba
b3749,,1,0,0.4962399415792551,0.4962399415792551,0.0,0,0.0,747.9191570995343,highs_pfba
b3751,,1,0,0.4962399415792551,0.4962399415792551,0.0,0,0.0,747.9191570995343,highs_pfba
b3750,,1,0,0.4962399415792551,0.4962399415792551,0.0,0,0.0,747.9191570995343,highs_pfba
b3904,,1,0,0.4962399415792551,0.4962399415792551,0.0,0,0.0,747.9191570995343,highs_pfba
b3902,,1,0,0.4962399415792551,0.4962399415792551,0.0,0,0.0,747.9191570995366,highs_pfba
b2234,,4,8,0.4962399415792551,0.4962399415792598,-4.718447854656915e-15,0,2.6735070602045322e-05,747.9191570995403,highs_pfba
b2235,,4,8,0.4962399415792551,0.4962399415792598,-4.718447854656915e-15,0,2.6735070602045322e-05,747.9191570995403,highs_pfba
b2676,,4,8,0.4962399415792551,0.4962399415792598,-4.718447854656915e-15,0,2.673507060204446e-05,747.9191570995397,highs_pfba
b2675,,4,8,0.4962399415792551,0.4962399415792598,-4.718447854656915e-15,0,2.673507060204446e-05,747.9191570995397,highs_pfba
b4238,,4,296,0.4962399415792551,0.4961090108267234,0.0001309307525317327,0,0.01738287707499246,747.9274103961686,highs_pfba
b4237,,4,296,0.4962399415792551,0.4961090108267234,0.0001309307525317327,0,0.01738287707499246,747.9274103961686,highs_pfba
b3386,,1,411,0.4962399415792551,0.49166237862810896,0.004577562951146141,0,13.84540538708451,750.1575237709351,highs_pfba
b4301,,1,411,0.4962399415792551,0.49166237862810896,0.004577562951146141,0,13.84540538708451,750.1575237709351,highs_pfba
b2914,,1,427,0.4962399415792551,0.2548464741965175,0.2413934673827376,0,945.482223127265,735.7595187176912,highs_pfba
b0638,,1,0,0.4962399415792551,0.4962399415792551,0.0,0,0.0,747.9191570995343,highs_pfba
b1683,,6,0,0.4962399415792551,0.4962399415792551,0.0,0,0.0,747.9191570995347,highs_pfba
b1679,,4,0,0.4962399415792551,0.4962399415792551,0.0,0,0.0,747.9191570995347,highs_pfba
b1680,,4,0,0.4962399415792551,0.4962399415792551,0.0,0,0.0,747.9191570995347,highs_pfba
b1682,,6,0,0.4962399415792551,0.4962399415792551,0.0,0,0.0,747.9191570995347,highs_pfba
b1681,,6,0,0.4962399415792551,0.4962399415792551,0.0,0,0.0,747.9191570995347,highs_pfba
b1684,,2,4,0.4962399415792551,0.4962399415792551,0.0,0,4.898387650088707e-08,747.9191570995339,highs_pfba
b0222,,1,4,0.4962399415792551,0.4962399415792576,-2.4980018054066022e-15,0,2.668608672551465e-05,747.9191570995379,highs_pfba
b1745,,1,8,0.4962399415792551,0.4962399415792598,-4.718447854656915e-15,0,2.6735070602035713e-05,747.9191570995375,highs_pfba
b2751,,1,424,0.4962399415792551,-0.0,0.4962399415792551,1,3743.8432838133717,398.2978723404261,highs_pfba
b2752,,1,424,0.4962399415792551,-0.0,0.4962399415792551,1,3743.8432838133717,398.2978723404261,highs_pfba
b2705,,1,0,0.4962399415792551,0.4962399415792551,0.0,0,0.0,747.9191570995343,highs_pfba
b2703,,1,0,0.4962399415792551,0.4962399415792551,0.0,0,0.0,747.9191570995343,highs_pfba
b2704,,1,0,0.4962399415792551,0.4962399415792551,0.0,0,0.0,747.9191570995343,highs_pfba
b2702,,1,0,0.4962399415792551,0.4962399415792551,0.0,0,0.0,747.9191570995343,highs_pfba
b2472,,1,424,0.4962399415792551,-0.0,0.4962399415792551,1,3743.8432838133795,398.29787234042556,highs_pfba
b3591,,1,0,0.4962399415792551,0.4962399415792551,0.0,0,0.0,747.9191570995343,highs_pfba
b1764,,1,0,0.4962399415792551,0.4962399415792551,0.0,0,0.0,747.9191570995343,highs_pfba
b2264,,1,4,0.4962399415792551,0.4962399415792596,-4.496403249731884e-15,0,4.8983876521531484e-08,747.9191570995381,highs_pfba
b0586,,1,8,0.4962399415792551,0.4962399415792598,-4.718447854656915e-15,0,2.6735070602044167e-05,747.9191570995399,highs_pfba
b3607,,1,424,0.4962399415792551,-0.0,0.4962399415792551,1,3743.843283813381,398.2978723404256,highs_pfba
b2366,,1,4,0.4962399415792551,0.4962399415792551,0.0,0,2.6686086725514518e-05,747.9191570995365,highs_pfba
b2797,,1,8,0.4962399415792551,0.4962399415792551,0.0,0,2.6735070602016486e-05,747.9191570995345,highs_pfba
b4471,,1,8,0.4962399415792551,0.4962399415792551,0.0,0,2.6735070602016486e-05,747.9191570995345,highs_pfba
b1814,,1,8,0.4962399415792551,0.4962399415792551,0.0,0,2.6735070602016486e-05,747.9191570995345,highs_pfba
b0893,,2,0,0.4962399415792551,0.4962399415792551,0.0,0,0.0,747.9191570995343,highs_pfba
b2796,,1,8,0.4962399415792551,0.4962399415792597,-4.6074255521944e-15,0,2.673507060205035e-05,747.9191570995415,highs_pfba
b3116,,2,4,0.4962399415792551,0.4962399415792551,0.0,0,4.898387650128022e-08,747.9191570995345,highs_pfba
b3089,,2,4,0.4962399415792551,0.496239941579264,-8.881784197001252e-15,0,4.898387654433811e-08,747.9191570995422,highs_pfba
b2154,,1,4,0.4962399415792551,0.4962399415792551,0.0,0,4.8983876501034504e-08,747.9191570995343,highs_pfba
b0355,,1,4,0.4962399415792551,0.4962399415792551,0.0,0,4.8983876501034504e-08,747.9191570995343,highs_pfba
b1744,,1,8,0.4962399415792551,0.4962399415792598,-4.718447854656915e-15,0,2.6735070602035713e-05,747.9191570995375,highs_pfba
b1746,,1,8,0.4962399415792551,0.4962399415792598,-4.718447854656915e-15,0,2.6735070602035713e-05,747.9191570995375,highs_pfba
b2263,,1,4,0.4962399415792551,0.4962399415792596,-4.496403249731884e-15,0,4.8983876521531484e-08,747.9191570995381,highs_pfba
b3368,,3,424,0.4962399415792551,-0.0,0.4962399415792551,1,3743.843283813383,398.29787234042556,highs_pfba
b3281,,1,424,0.4962399415792551,-0.0,0.4962399415792551,1,3743.8432838133813,398.29787234042556,highs_pfba
b0388,,1,424,0.4962399415792551,-0.0,0.4962399415792551,1,3743.8432838133813,398.29787234042556,highs_pfba
b3390,,1,424,0.4962399415792551,-0.0,0.4962399415792551,1,3743.8432838133813,398.29787234042556,highs_pfba
b3939,,1,424,0.4962399415792551,-0.0,0.4962399415792551,1,3743.843283813385,398.2978723404254,highs_pfba
b1981,,1,0,0.4962399415792551,0.4962399415792551,0.0,0,0.0,747.9191570995343,highs_pfba
b1206,,1,314,0.4962399415792551,0.4953100711503264,0.0009298704289287252,0,0.03833880280525962,747.8605951736456,highs_pfba
b1584,,2,0,0.4962399415792551,0.4962399415792551,0.0,0,0.0,747.9191570995343,highs_pfba
b1599,,1,0,0.4962399415792551,0.4962399415792598,-4.718447854656915e-15,0,0.0,747.9191570995399,highs_pfba
b1600,,1,0,0.4962399415792551,0.4962399415792598,-4.718447854656915e-15,0,0.0,747.9191570995399,highs_pfba
b3908,,1,0,0.4962399415792551,0.4962399415792551,0.0,0,0.0,747.9191570995343,highs_pfba
b1656,,1,0,0.4962399415792551,0.4962399415792551,0.0,0,0.0,747.9191570995343,highs_pfba
b1646,,1,0,0.4962399415792551,0.4962399415792551,0.0,0,0.0,747.9191570995343,highs_pfba
b1525,,2,4,0.4962399415792551,0.4962399415792598,-4.718447854656915e-15,0,4.8983876534014156e-08,747.9191570995408,highs_pfba
b2661,,1,8,0.4962399415792551,0.4962399415792598,-4.718447854656915e-15,0,2.6735070602044855e-05,747.9191570995399,highs_pfba
b2260,,1,4,0.4962399415792551,0.4962399415792596,-4.496403249731884e-15,0,4.8983876521531484e-08,747.9191570995381,highs_pfba
b2261,,1,4,0.4962399415792551,0.4962399415792596,-4.496403249731884e-15,0,4.8983876521531484e-08,747.9191570995381,highs_pfba
b0721,,1,428,0.4962399415792551,0.46536420076548524,0.03087574081376987,0,540.2693725661139,746.2735855753388,highs_pfba
b0722,,1,428,0.4962399415792551,0.46536420076548524,0.03087574081376987,0,540.2693725661139,746.2735855753388,highs_pfba
b0724,,1,428,0.4962399415792551,0.46536420076548524,0.03087574081376987,0,540.2693725661139,746.2735855753388,highs_pfba
b0723,,1,428,0.4962399415792551,0.46536420076548524,0.03087574081376987,0,540.2693725661139,746.2735855753388,highs_pfba
b0728,,1,421,0.4962399415792551,0.4869044370634191,0.00933550451583598,0,36.4882829956166,747.2234141186209,highs_pfba
b0729,,1,421,0.4962399415792551,0.4869044370634191,0.00933550451583598,0,36.4882829956166,747.2234141186209,highs_pfba
b1521,,1,4,0.4962399415792551,0.4962399415792551,0.0,0,4.898387651199352e-08,747.9191570995373,highs_pfba
b2464,,1,8,0.4962399415792551,0.4962399415792608,-5.717648576819556e-15,0,2.6735070602029872e-05,747.9191570995356,highs_pfba
b0008,,1,8,0.4962399415792551,0.4962399415792608,-5.717648576819556e-15,0,2.6735070602029872e-05,747.9191570995356,highs_pfba
b3062,,1,0,0.4962399415792551,0.4962399415792551,0.0,0,0.0,747.9191570995343,highs_pfba
b3061,,1,0,0.4962399415792551,0.4962399415792551,0.0,0,0.0,747.9191570995343,highs_pfba
b3063,,1,0,0.4962399415792551,0.4962399415792551,0.0,0,0.0,747.9191570995343,highs_pfba
b0368,,1,0,0.4962399415792551,0.4962399415792551,0.0,0,0.0,747.9191570995343,highs_pfba
b3790,,1,8,0.4962399415792551,0.4962399415792586,-3.497202527569243e-15,0,2.6735070602028273e-05,747.919157099537,highs_pfba
b3791,,1,8,0.4962399415792551,0.4962399415792586,-3.497202527569243e-15,0,2.6735070602028273e-05,747.919157099537,highs_pfba
b2038,,1,8,0.4962399415792551,0.4962399415792576,-2.4980018054066022e-15,0,2.673507060202178e-05,747.9191570995347,highs_pfba
b2040,,1,8,0.4962399415792551,0.4962399415792576,-2.4980018054066022e-15,0,2.673507060202178e-05,747.9191570995347,highs_pfba
b2041,,1,4,0.4962399415792551,0.4962399415792576,-2.4980018054066022e-15,0,2.668608672551465e-05,747.9191570995381,highs_pfba
b3788,,1,4,0.4962399415792551,0.4962399415792576,-2.4980018054066022e-15,0,2.668608672551465e-05,747.9191570995381,highs_pfba
b0915,,1,424,0.4962399415792551,-0.0,0.4962399415792551,1,3743.843283813381,398.2978723404256,highs_pfba
b2095,,1,0,0.4962399415792551,0.4962399415792551,0.0,0,0.0,747.9191570995366,highs_pfba
b3137,,1,0,0.4962399415792551,0.4962399415792551,0.0,0,0.0,747.9191570995366,highs_pfba
b2096,,1,0,0.4962399415792551,0.4962399415792551,0.0,0,0.0,747.9191570995366,highs_pfba
b3132,,1,0,0.4962399415792551,0.4962399415792551,0.0,0,0.0,747.9191570995366,highs_pfba
b0166,,1,424,0.4962399415792551,-0.0,0.4962399415792551,1,3743.8432838133795,398.29787234042556,highs_pfba
b2480,,1,8,0.4962399415792551,0.4962399415792551,0.0,0,2.673507060201565e-05,747.9191570995346,highs_pfba
b0066,,1,0,0.4962399415792551,0.4962399415792551,0.0,0,0.0,747.9191570995343,highs_pfba
b0067,,1,0,0.4962399415792551,0.4962399415792551,0.0,0,0.0,747.9191570995343,highs_pfba
b0068,,1,0,0.4962399415792551,0.4962399415792551,0.0,0,0.0,747.9191570995343,highs_pfba
b3616,,1,8,0.4962399415792551,0.4962399415792598,-4.718447854656915e-15,0,2.6735070602038983e-05,747.9191570995384,highs_pfba
b3772,,1,424,0.4962399415792551,-0.0,0.4962399415792551,1,3743.8432838133854,398.29787234042533,highs_pfba
b3117,,1,424,0.4962399415792551,-0.0,0.4962399415792551,1,3743.8432838133854,398.29787234042533,highs_pfba
b1719,,1,0,0.4962399415792551,0.4962399415792551,0.0,0,0.0,747.9191570995343,highs_pfba
b3823,,1,8,0.4962399415792551,0.4962399415792598,-4.718447854656915e-15,0,2.6735070602044167e-05,747.9191570995399,highs_pfba
b3992,,1,424,0.4962399415792551,-0.0,0.4962399415792551,1,3743.8432838133945,398.2978723404257,highs_pfba
b3990,,1,424,0.4962399415792551,-0.0,0.4962399415792551,1,3743.8432838133945,398.2978723404257,highs_pfba
b0423,,1,424,0.4962399415792551,-0.0,0.4962399415792551,1,3743.8432838133945,398.2978723404257,highs_pfba
b4407,,1,424,0.4962399415792551,-0.0,0.4962399415792551,1,3743.8432838133945,398.2978723404257,highs_pfba
b2935,,2,424,0.4962399415792551,-0.0,0.4962399415792551,1,3743.8432838133817,398.29787234042556,highs_pfba
b2465,,2,424,0.4962399415792551,-0.0,0.4962399415792551,1,3743.8432838133817,398.29787234042556,highs_pfba
b0997,,2,4,0.4962399415792551,0.4962399415792551,0.0,0,4.898387650835689e-08,747.9191570995365,highs_pfba
b0996,,2,4,0.4962399415792551,0.4962399415792551,0.0,0,4.898387650835689e-08,747.9191570995365,highs_pfba
b2827,,1,424,0.4962399415792551,-0.0,0.4962399415792551,1,3743.8432838133813,398.29787234042556,highs_pfba
b1106,,1,0,0.4962399415792551,0.4962399415792551,0.0,0,0.0,747.9191570995343,highs_pfba
b0417,,1,424,0.4962399415792551,-0.0,0.4962399415792551,1,3743.843283813361,398.2978723404261,highs_pfba
b3993,,1,424,0.4962399415792551,-0.0,0.4962399415792551,1,3743.8432838133945,398.2978723404257,highs_pfba
b3919,,1,436,0.4962399415792551,0.40278646856597955,0.09345347301327556,0,943.4573749574351,710.221822597529,highs_pfba
b0613,,1,0,0.4962399415792551,0.4962399415792551,0.0,0,0.0,747.9191570995343,highs_pfba
b0888,,1,13,0.4962399415792551,0.4962399415792551,0.0,0,0.07567663891300844,748.0421610863363,highs_pfba
b4239,,1,8,0.4962399415792551,0.49623994157925994,-4.829470157119431e-15,0,2.673507060204211e-05,747.9191570995392,highs_pfba
b1897,,1,8,0.4962399415792551,0.49623994157925994,-4.829470157119431e-15,0,2.6735070602036408e-05,747.9191570995376,highs_pfba
b1896,,1,8,0.4962399415792551,0.4962399415792551,0.0,0,2.6735070602015405e-05,747.919157099534,highs_pfba
b3519,,1,8,0.4962399415792551,0.49623994157925994,-4.829470157119431e-15,0,2.6735070602044174e-05,747.9191570995397,highs_pfba
b1197,,1,0,0.4962399415792551,0.4962399415792551,0.0,0,0.0,747.9191570995345,highs_pfba
b4240,,1,4,0.4962399415792551,0.4962399415792551,0.0,0,4.898387650272996e-08,747.9191570995347,highs_pfba
b1260,,3,424,0.4962399415792551,-0.0,0.4962399415792551,1,3743.8432838133817,398.29787234042556,highs_pfba
b1261,,3,424,0.4962399415792551,-0.0,0.4962399415792551,1,3743.8432838133817,398.29787234042556,highs_pfba
b3384,,1,0,0.4962399415792551,0.4962399415792551,0.0,0,0.0,747.9191570995343,highs_pfba
b3709,,1,8,0.4962399415792551,0.49623994157925994,-4.829470157119431e-15,0,2.673507060203356e-05,747.9191570995359,highs_pfba
b0509,,1,8,0.4962399415792551,0.4962399415792551,0.0,0,2.6735070602016486e-05,747.9191570995345,highs_pfba
b3125,,1,8,0.4962399415792551,0.4962399415792551,0.0,0,2.6735070602016486e-05,747.9191570995345,highs_pfba
b3991,,1,424,0.4962399415792551,-0.0,0.4962399415792551,1,3743.8432838133945,398.2978723404257,highs_pfba
b1637,,1,0,0.4962399415792551,0.4962399415792551,0.0,0,0.0,747.9191570995343,highs_pfba
b1907,,1,0,0.4962399415792551,0.49623994157925994,-4.829470157119431e-15,0,0.0,747.9191570995379,highs_pfba
b0179,,1,424,0.4962399415792551,-0.0,0.4962399415792551,1,3743.8432838133817,398.29787234042544,highs_pfba
b0085,,1,424,0.4962399415792551,-0.0,0.4962399415792551,1,3743.8432838133813,398.29787234042556,highs_pfba
b3787,,1,8,0.4962399415792551,0.4962399415792586,-3.497202527569243e-15,0,2.6735070602028273e-05,747.919157099537,highs_pfba
b3786,,1,8,0.4962399415792551,0.4962399415792586,-3.497202527569243e-15,0,2.6735070602028273e-05,747.919157099537,highs_pfba
b0181,,1,424,0.4962399415792551,-0.0,0.4962399415792551,1,3743.8432838133704,398.2978723404269,highs_pfba
b3189,,1,424,0.4962399415792551,-0.0,0.4962399415792551,1,3743.843283813382,398.2978723404254,highs_pfba
b0090,,1,424,0.4962399415792551,-0.0,0.4962399415792551,1,3743.843283813377,398.29787234042624,highs_pfba
b0088,,1,424,0.4962399415792551,-0.0,0.4962399415792551,1,3743.843283813376,398.29787234042595,highs_pfba
b0091,,1,424,0.4962399415792551,-0.0,0.4962399415792551,1,3743.843283813376,398.29787234042595,highs_pfba
b3972,,1,424,0.4962399415792551,-0.0,0.4962399415792551,1,3743.843283813382,398.2978723404254,highs_pfba
b0841,,2,424,0.4962399415792551,-0.0,0.4962399415792551,1,3743.843283813382,398.29787234042556,highs_pfba
b3057,,2,424,0.4962399415792551,-0.0,0.4962399415792551,1,3743.843283813382,398.29787234042556,highs_pfba
b0174,,1,424,0.4962399415792551,-0.0,0.4962399415792551,1,3743.843283813373,398.29787234042635,highs_pfba
b0759,,1,4,0.4962399415792551,0.4962399415792551,0.0,0,2.6686086725514518e-05,747.9191570995358,highs_pfba
b2036,,1,0,0.4962399415792551,0.4962399415792551,0.0,0,0.0,747.9191570995343,highs_pfba
b2028,,1,8,0.4962399415792551,0.49623994157925994,-4.829470157119431e-15,0,2.6735070602041717e-05,747.9191570995391,highs_pfba
b2255,,2,8,0.4962399415792551,0.49623994157925994,-4.829470157119431e-15,0,2.6735070602035425e-05,747.9191570995372,highs_pfba
b2253,,1,8,0.4962399415792551,0.49623994157925994,-4.829470157119431e-15,0,2.6735070602035425e-05,747.9191570995372,highs_pfba
b0758,,1,4,0.4962399415792551,0.4962399415792551,0.0,0,2.6686086725514518e-05,747.9191570995349,highs_pfba
b0505,,1,8,0.4962399415792551,0.4962399415792598,-4.718447854656915e-15,0,2.6735070602044387e-05,747.9191570995399,highs_pfba
b0086,,1,424,0.4962399415792551,-0.0,0.4962399415792551,1,3743.843283813377,398.29787234042624,highs_pfba
b0096,,1,424,0.4962399415792551,-0.0,0.4962399415792551,1,3743.8432838133704,398.2978723404269,highs_pfba
b2258,,1,8,0.4962399415792551,0.49623994157925994,-4.829470157119431e-15,0,2.6735070602035425e-05,747.9191570995372,highs_pfba
b4544,,1,8,0.4962399415792551,0.49623994157925994,-4.829470157119431e-15,0,2.6735070602035425e-05,747.9191570995372,highs_pfba
b4233,,2,4,0.4962399415792551,0.49623994157925855,-3.4416913763379853e-15,0,4.898387652212024e-08,747.9191570995381,highs_pfba
b0171,,1,424,0.4962399415792551,-0.0,0.4962399415792551,1,3743.843283813378,398.29787234042624,highs_pfba
b2256,,1,8,0.4962399415792551,0.49623994157925994,-4.829470157119431e-15,0,2.6735070602035425e-05,747.9191570995372,highs_pfba
b2254,,1,8,0.4962399415792551,0.49623994157925994,-4.829470157119431e-15,0,2.6735070602035425e-05,747.9191570995372,highs_pfba
b3803,,1,424,0.4962399415792551,-0.0,0.4962399415792551,1,3743.843283813383,398.29787234042556,highs_pfba
b3804,,1,424,0.4962399415792551,-0.0,0.4962399415792551,1,3743.8432838133813,398.29787234042556,highs_pfba
b3997,,1,424,0.4962399415792551,-0.0,0.4962399415792551,1,3743.8432838133813,398.29787234042556,highs_pfba
b2498,,1,8,0.4962399415792551,0.49623994157925994,-4.829470157119431e-15,0,2.6735070602044665e-05,747.91915709954,highs_pfba
b1011,,1,4,0.4962399415792551,0.4962399415792598,-4.718447854656915e-15,0,4.898387652733063e-08,747.9191570995392,highs_pfba
b2497,,1,0,0.4962399415792551,0.4962399415792551,0.0,0,0.0,747.9191570995343,highs_pfba
b1006,,1,4,0.4962399415792551,0.49623994157925994,-4.829470157119431e-15,0,4.898387652703586e-08,747.9191570995386,highs_pfba
b0517,,1,8,0.4962399415792551,0.49623994157925994,-4.829470157119431e-15,0,2.6735070602044665e-05,747.91915709954,highs_pfba
b0524,,1,424,0.4962399415792551,-0.0,0.4962399415792551,1,3743.843283813381,398.2978723404256,highs_pfba
b4258,,1,0,0.4962399415792551,0.4962399415792551,0.0,0,0.0,747.9191570995343,highs_pfba
b2682,,1,0,0.4962399415792551,0.49623994157925955,-4.440892098500626e-15,0,0.0,747.9191570995349,highs_pfba
b2683,,1,0,0.4962399415792551,0.49623994157925955,-4.440892098500626e-15,0,0.0,747.9191570995349,highs_pfba
b3572,,1,8,0.4962399415792551,0.49623994157926077,-5.662137425588298e-15,0,2.67350706020409e-05,747.9191570995383,highs_pfba
b4197,,1,0,0.4962399415792551,0.4962399415792551,0.0,0,0.0,747.9191570995345,highs_pfba
b2882,,1,0,0.4962399415792551,0.4962399415792598,-4.718447854656915e-15,0,0.0,747.9191570995399,highs_pfba
b3565,,2,8,0.4962399415792551,0.49623994157925755,-2.4424906541753444e-15,0,2.6735070602026643e-05,747.9191570995363,highs_pfba
b3579,,1,0,0.4962399415792551,0.4962399415792551,0.0,0,0.0,747.9191570995343,highs_pfba
b3577,,1,0,0.4962399415792551,0.4962399415792551,0.0,0,0.0,747.9191570995343,highs_pfba
b3578,,1,0,0.4962399415792551,0.4962399415792551,0.0,0,0.0,747.9191570995343,highs_pfba
b3567,,1,0,0.4962399415792551,0.4962399415792551,0.0,0,0.0,747.9191570995343,highs_pfba
b3568,,1,0,0.4962399415792551,0.4962399415792551,0.0,0,0.0,747.9191570995343,highs_pfba
b3566,,1,0,0.4962399415792551,0.4962399415792551,0.0,0,0.0,747.9191570995343,highs_pfba
b4031,,1,0,0.4962399415792551,0.4962399415792551,0.0,0,0.0,747.9191570995343,highs_pfba
b1857,,1,8,0.4962399415792551,0.49623994157925994,-4.829470157119431e-15,0,2.6735070602044665e-05,747.91915709954,highs_pfba
b1859,,1,8,0.4962399415792551,0.49623994157925994,-4.829470157119431e-15,0,2.6735070602044665e-05,747.91915709954,highs_pfba
b1858,,1,8,0.4962399415792551,0.49623994157925994,-4.829470157119431e-15,0,2.6735070602044665e-05,747.91915709954,highs_pfba
