level,gene_id,n_gpr_rxns,n_changed,b_wt,b_ko,delta_b,y_essential,kV
baseline,b1377,270,440,0.9823718127269576,0.0,0.9823718127269576,1,16029.07240264258
baseline,b2215,271,440,0.9823718127269576,0.0,0.9823718127269576,1,16029.07240264258
baseline,b0929,271,440,0.9823718127269576,0.0,0.9823718127269576,1,16029.07240264258
baseline,b0241,270,440,0.9823718127269576,0.0,0.9823718127269576,1,16029.07240264258
baseline,b4034,6,6,0.9823718127269576,0.982371812726983,-2.55351295663786e-14,0,200.0000001919648
baseline,b4033,6,0,0.9823718127269576,0.9823718127269886,-3.108624468950438e-14,0,0.0
baseline,b4032,6,0,0.9823718127269576,0.9823718127269886,-3.108624468950438e-14,0,0.0
baseline,b4035,6,0,0.9823718127269576,0.9823718127269886,-3.108624468950438e-14,0,0.0
baseline,b4036,7,6,0.9823718127269576,0.9823718127269886,-3.108624468950438e-14,0,200.0000001919648
baseline,b4213,8,4,0.9823718127269576,0.9823718127269886,-3.108624468950438e-14,0,1.9196475645351957e-07
baseline,b2835,21,0,0.9823718127269576,0.9823718127269886,-3.108624468950438e-14,0,0.0
baseline,b2836,23,451,0.9823718127269576,0.9720365831108414,0.0103352296161161,0,41.41399252912644
baseline,b3553,10,0,0.9823718127269576,0.98237181272698,-2.242650509742816e-14,0,0.0
baseline,b1134,2,4,0.9823718127269576,0.9823718127269804,-2.2759572004815712e-14,0,1.9196475613602002e-07
baseline,b0446,2,0,0.9823718127269576,0.9823718127269804,-2.2759572004815712e-14,0,0.0
baseline,b1009,1,0,0.9823718127269576,0.9823718127269804,-2.2759572004815712e-14,0,0.0
baseline,b0954,13,4,0.9823718127269576,0.9823718127269804,-2.2759572004815712e-14,0,1.9196475630084437e-07
baseline,b0180,14,440,0.9823718127269576,1.0993846592890865e-15,0.9823718127269564,1,15078.516174378754
baseline,b0347,2,0,0.9823718127269576,0.9823718127269796,-2.19824158875781e-14,0,0.0
baseline,b3580,2,0,0.9823718127269576,0.9823718127269898,-3.230749001659205e-14,0,0.0
baseline,b1093,14,440,0.9823718127269576,-4.845435633478782e-16,0.982371812726958,1,15078.51617437875
baseline,b2323,13,440,0.9823718127269576,-3.317309166909023e-16,0.9823718127269578,1,15078.516174378748
baseline,b1095,9,440,0.9823718127269576,0.0,0.9823718127269576,1,15078.51617437875
baseline,b1397,2,0,0.9823718127269576,0.982371812726979,-2.153832667772804e-14,0,0.0
baseline,b1245,2,0,0.9823718127269576,0.9823718127269742,-1.6653345369377348e-14,0,0.0
baseline,b1244,2,0,0.9823718127269576,0.9823718127269742,-1.6653345369377348e-14,0,0.0
baseline,b1329,1,0,0.9823718127269576,0.9823718127269742,-1.6653345369377348e-14,0,0.0
baseline,b1246,2,0,0.9823718127269576,0.9823718127269742,-1.6653345369377348e-14,0,0.0
baseline,b1247,2,0,0.9823718127269576,0.9823718127269742,-1.6653345369377348e-14,0,0.0
baseline,b1386,3,0,0.9823718127269576,0.9823718127269742,-1.6653345369377348e-14,0,0.0
baseline,b0004,2,440,0.9823718127269576,1.3734935574713578e-15,0.9823718127269562,1,15078.51617437875
baseline,b1192,4,4,0.9823718127269576,0.9823718127269772,-1.965094753586527e-14,0,0.0001045811093882
baseline,b1243,1,0,0.9823718127269576,0.9823718127269812,-2.3647750424515834e-14,0,0.0
baseline,b4266,1,0,0.9823718127269576,0.9823718127269812,-2.3647750424515834e-14,0,0.0
baseline,b4265,3,0,0.9823718127269576,0.9823718127269812,-2.3647750424515834e-14,0,0.0
baseline,b0159,3,440,0.9823718127269576,1.15565959917787e-15,0.9823718127269564,1,15078.516174378758
baseline,b3197,1,440,0.9823718127269576,9.84917258097253e-15,0.9823718127269476,1,15078.51617437875
baseline,b2708,1,440,0.9823718127269576,0.0,0.9823718127269576,1,15078.516174378754
baseline,b1094,26,440,0.9823718127269576,0.0,0.9823718127269576,1,15078.516174378738
baseline,b4481,1,0,0.9823718127269576,0.9823718127269752,-1.7652546091539992e-14,0,0.0
baseline,b1927,1,0,0.9823718127269576,0.9823718127269756,-1.7985612998927536e-14,0,0.0
baseline,b3571,1,0,0.9823718127269576,0.9823718127269756,-1.7985612998927536e-14,0,0.0
baseline,b2901,1,0,0.9823718127269576,0.9823718127269756,-1.7985612998927536e-14,0,0.0
baseline,b1302,1,4,0.9823718127269576,0.9823718127269756,-1.7985612998927536e-14,0,1.9196475632378798e-07
baseline,b2662,1,4,0.9823718127269576,0.9823718127269756,-1.7985612998927536e-14,0,1.9196475632378798e-07
baseline,b1444,1,0,0.9823718127269576,0.9823718127269756,-1.7985612998927536e-14,0,0.0
baseline,b2663,1,0,0.9823718127269576,0.9823718127269756,-1.7985612998927536e-14,0,0.0
baseline,b2222,3,4,0.9823718127269576,0.9823718127269756,-1.7985612998927536e-14,0,1.919647563284729e-07
baseline,b2221,3,4,0.9823718127269576,0.9823718127269756,-1.7985612998927536e-14,0,1.919647563284729e-07
baseline,b2224,1,452,0.9823718127269576,0.972036583110828,0.0103352296161296,0,41.41388334309967
baseline,b2342,8,452,0.9823718127269576,0.9720365831108332,0.0103352296161244,0,41.41388334312291
baseline,b3845,8,452,0.9823718127269576,0.9720365831108332,0.0103352296161244,0,41.41388334312291
baseline,b2223,3,4,0.9823718127269576,0.9823718127269888,-3.11972669919669e-14,0,1.9196475608774187e-07
baseline,b1241,2,4,0.9823718127269576,0.9823718127269568,6.661338147750939e-16,0,1.919647562126756e-07
baseline,b0351,1,4,0.9823718127269576,0.9823718127269568,6.661338147750939e-16,0,1.919647562029133e-07
baseline,s0001,39,443,0.9823718127269576,-3.4989724584142327e-15,0.9823718127269612,1,15490.474733203971
baseline,b1463,1,0,0.9823718127269576,0.982371812726986,-2.8643754035329045e-14,0,0.0
baseline,b1993,2,0,0.9823718127269576,0.9823718127269776,-2.009503674571533e-14,0,0.0
baseline,b2316,1,440,0.9823718127269576,-1.0868281842647202e-15,0.9823718127269586,1,15078.516174378748
baseline,b3255,1,440,0.9823718127269576,0.0,0.9823718127269576,1,15078.51617437875
baseline,b0185,1,440,0.9823718127269576,0.0,0.9823718127269576,1,15078.516174378756
baseline,b3256,1,440,0.9823718127269576,0.0,0.9823718127269576,1,15078.516174378748
baseline,b4069,2,4,0.9823718127269576,0.9823718127269988,-4.1411318818518345e-14,0,0.0001045811093882
baseline,b1119,1,0,0.9823718127269576,0.9823718127269864,-2.886579864025407e-14,0,0.0
baseline,b3784,1,0,0.9823718127269576,0.9823718127269864,-2.886579864025407e-14,0,0.0
baseline,b2415,18,419,0.9823718127269576,0.9720026781193548,0.0103691346076026,0,453.2316103796181
baseline,b0679,1,0,0.9823718127269576,0.9823718127269896,-3.219646771412954e-14,0,0.0
baseline,b1101,2,419,0.9823718127269576,0.9720026781193573,0.0103691346076003,0,506.3418731904349
baseline,b2417,6,420,0.9823718127269576,0.97200267811936,0.0103691346075973,0,506.34196110653903
baseline,b2416,19,419,0.9823718127269576,0.97200267811936,0.0103691346075973,0,453.23161038026
baseline,b3959,1,440,0.9823718127269576,3.9571471317105687e-16,0.9823718127269572,1,15078.516174378754
baseline,b2818,1,440,0.9823718127269576,0.0,0.9823718127269576,1,15078.516174378754
baseline,b0078,2,440,0.9823718127269576,-2.839444777958404e-15,0.9823718127269604,1,15078.516174378748
baseline,b3670,2,440,0.9823718127269576,0.0,0.9823718127269576,1,15078.516174378752
baseline,b3671,2,440,0.9823718127269576,0.0,0.9823718127269576,1,15078.516174378758
baseline,b0077,2,440,0.9823718127269576,0.0,0.9823718127269576,1,15078.516174378756
baseline,b3115,2,5,0.9823718127269576,0.9823718127269788,-2.131628207280301e-14,0,1.6376721684217026
baseline,b1849,2,8,0.9823718127269576,0.982371812726982,-2.4535928844215963e-14,0,1.6376895892229857
baseline,b2296,1,5,0.9823718127269576,0.9823718127269748,-1.7319479184152442e-14,0,1.637672168421549
baseline,b2428,1,0,0.9823718127269576,0.9823718127269748,-1.7319479184152442e-14,0,0.0
baseline,b3794,1,0,0.9823718127269576,0.9823718127269748,-1.7319479184152442e-14,0,0.0
baseline,b1818,5,419,0.9823718127269576,0.9720026781193442,0.0103691346076133,0,506.34187317406816
baseline,b1819,5,419,0.9823718127269576,0.9720026781193424,0.0103691346076151,0,506.34187317406816
baseline,b1817,5,419,0.9823718127269576,0.9720026781193424,0.0103691346076151,0,506.34187317406816
baseline,b2429,2,0,0.9823718127269576,0.982371812726974,-1.6431300764452317e-14,0,0.0
baseline,b3224,1,0,0.9823718127269576,0.9823718127269748,-1.7319479184152442e-14,0,0.0
baseline,b4311,1,4,0.9823718127269576,0.9823718127269748,-1.7319479184152442e-14,0,1.9196475618578882e-07
baseline,b3225,1,0,0.9823718127269576,0.9823718127269748,-1.7319479184152442e-14,0,0.0
baseline,b0221,8,452,0.9823718127269576,0.9720365831108274,0.01033522961613,0,41.41388334311624
baseline,b1091,3,440,0.9823718127269576,-4.525453894013642e-16,0.982371812726958,1,15078.516174378748
baseline,b3957,2,440,0.9823718127269576,0.0,0.9823718127269576,1,15078.516174378748
baseline,b3200,9,440,0.9823718127269576,-3.8685152166850486e-30,0.9823718127269576,1,15078.516174378748
baseline,b4261,9,440,0.9823718127269576,0.0,0.9823718127269576,1,15078.516174378745
baseline,b3201,9,440,0.9823718127269576,0.0,0.9823718127269576,1,15078.51617437875
baseline,b4262,9,440,0.9823718127269576,0.0,0.9823718127269576,1,15078.516174378754
baseline,b3199,9,440,0.9823718127269576,0.0,0.9823718127269576,1,15078.516174378754
baseline,b1519,1,0,0.9823718127269576,0.9823718127269744,-1.6986412276764895e-14,0,0.0
baseline,b1276,2,442,0.9823718127269576,-2.3389147472644374e-15,0.9823718127269598,1,15247.972020260577
baseline,b0118,3,442,0.9823718127269576,0.0,0.9823718127269576,1,15247.972020260577
baseline,b1748,2,440,0.9823718127269576,0.0,0.9823718127269576,1,15078.516174378748
baseline,b3359,2,440,0.9823718127269576,0.0,0.9823718127269576,1,15078.51617437876
baseline,b1090,7,0,0.9823718127269576,0.9823718127269826,-2.5091040356528535e-14,0,0.0
baseline,b3475,1,0,0.9823718127269576,0.9823718127269802,-2.2648549702353197e-14,0,0.0
baseline,b2563,1,0,0.9823718127269576,0.9823718127269802,-2.2648549702353197e-14,0,0.0
baseline,b2578,2,4,0.9823718127269576,0.9823718127269802,-2.2648549702353197e-14,0,1.919647562401425e-07
baseline,b1533,2,4,0.9823718127269576,0.9823718127269802,-2.2648549702353197e-14,0,1.919647562401425e-07
baseline,b4067,2,0,0.9823718127269576,0.9823718127269802,-2.2648549702353197e-14,0,0.0
baseline,b1623,2,0,0.9823718127269576,0.9823718127269802,-2.2648549702353197e-14,0,0.0
baseline,b1096,1,440,0.9823718127269576,-1.6244993518279647e-16,0.9823718127269576,1,15078.51617437875
baseline,b1812,2,440,0.9823718127269576,0.0,0.9823718127269576,1,15078.516174378754
baseline,b3360,1,440,0.9823718127269576,0.0,0.9823718127269576,1,15078.51617437876
baseline,b3665,1,8,0.9823718127269576,0.9823718127269728,-1.5432100042289676e-14,0,0.0001047730741444
baseline,b3654,3,4,0.9823718127269576,0.9823718127269752,-1.7652546091539992e-14,0,1.91964756000188e-07
baseline,b3714,1,4,0.9823718127269576,0.9823718127269752,-1.7652546091539992e-14,0,1.91964756000188e-07
baseline,b0474,13,440,0.9823718127269576,-1.7424712253592894e-14,0.9823718127269748,1,15078.51617437875
baseline,b0120,1,4,0.9823718127269576,0.9823718127269888,-3.11972669919669e-14,0,0.0001045811093882
baseline,b3806,1,0,0.9823718127269576,0.9823718127269764,-1.887379141862766e-14,0,0.0
baseline,b0030,5,4,0.9823718127269576,0.9823718127269764,-1.887379141862766e-14,0,1.919647562665774e-07
baseline,b2393,7,0,0.9823718127269576,0.9823718127269764,-1.887379141862766e-14,0,0.0
baseline,b2964,11,0,0.9823718127269576,0.9823718127269764,-1.887379141862766e-14,0,0.0
baseline,b2406,6,4,0.9823718127269576,0.9823718127269764,-1.887379141862766e-14,0,1.9196475639032813e-07
baseline,b0411,7,4,0.9823718127269576,0.9823718127269764,-1.887379141862766e-14,0,1.919647562517414e-07
baseline,b1992,1,0,0.9823718127269576,0.9823718127269764,-1.887379141862766e-14,0,0.0
baseline,b1709,3,0,0.9823718127269576,0.9823718127269764,-1.887379141862766e-14,0,0.0
baseline,b0158,3,0,0.9823718127269576,0.9823718127269764,-1.887379141862766e-14,0,0.0
baseline,b1711,3,0,0.9823718127269576,0.9823718127269764,-1.887379141862766e-14,0,0.0
baseline,b3966,3,0,0.9823718127269576,0.9823718127269764,-1.887379141862766e-14,0,0.0
baseline,b3005,10,0,0.9823718127269576,0.9823718127269764,-1.887379141862766e-14,0,0.0
baseline,b3006,10,0,0.9823718127269576,0.9823718127269764,-1.887379141862766e-14,0,0.0
baseline,b1252,10,0,0.9823718127269576,0.9823718127269764,-1.887379141862766e-14,0,0.0
baseline,b3397,1,0,0.9823718127269576,0.9823718127269764,-1.887379141862766e-14,0,0.0
baseline,b3034,1,0,0.9823718127269576,0.9823718127269764,-1.887379141862766e-14,0,0.0
baseline,b0469,1,0,0.9823718127269576,0.9823718127269764,-1.887379141862766e-14,0,0.0
baseline,b2750,1,440,0.9823718127269576,-7.063584573756516e-15,0.9823718127269646,1,15078.51617437875
baseline,b1131,2,440,0.9823718127269576,-4.1661684944416206e-14,0.9823718127269992,1,15078.516174378754
baseline,b4177,1,440,0.9823718127269576,2.8256256078802263e-14,0.9823718127269292,1,15078.51617437876
baseline,b0677,1,4,0.9823718127269576,0.982371812726979,-2.153832667772804e-14,0,0.0001045811093882
baseline,b0110,4,0,0.9823718127269576,0.9823718127269576,0.0,0,0.0
baseline,b2817,2,0,0.9823718127269576,0.9823718127269576,0.0,0,0.0
baseline,b2435,2,0,0.9823718127269576,0.9823718127269576,0.0,0,0.0
baseline,b4169,2,0,0.9823718127269576,0.9823718127269576,0.0,0,0.0
baseline,b1107,3,0,0.9823718127269576,0.9823718127269576,0.0,0,0.0
baseline,b0433,3,0,0.9823718127269576,0.9823718127269576,0.0,0,0.0
baseline,b3619,1,4,0.9823718127269576,0.9823718127269576,0.0,0,1.919647561943994e-07
baseline,b2937,1,0,0.9823718127269576,0.9823718127269576,0.0,0,0.0
baseline,b3018,7,440,0.9823718127269576,1.5335108658895002e-15,0.982371812726956,1,15078.51617437875
baseline,b3958,1,440,0.9823718127269576,0.0,0.9823718127269576,1,15078.516174378748
baseline,b0575,2,4,0.9823718127269576,0.9823718127269766,-1.9095836023552686e-14,0,0.0001045811093882
baseline,b0572,2,4,0.9823718127269576,0.982371812726967,-9.547918011776346e-15,0,1.919647562718981e-07
baseline,b0573,2,4,0.9823718127269576,0.982371812726967,-9.547918011776346e-15,0,1.919647562718981e-07
baseline,b0574,2,4,0.9823718127269576,0.982371812726967,-9.547918011776346e-15,0,1.919647562718981e-07
baseline,b4006,2,440,0.9823718127269576,-2.2818453602789243e-14,0.9823718127269804,1,15078.516174378752
baseline,b0522,1,440,0.9823718127269576,-1.4123728937908902e-15,0.982371812726959,1,15078.516174378748
baseline,b0523,1,440,0.9823718127269576,7.815359675938674e-15,0.9823718127269496,1,15078.516174378754
baseline,b0727,1,411,0.9823718127269576,0.977722339631274,0.0046494730956836,0,125.97623923403384
baseline,b0116,3,419,0.9823718127269576,0.9539511626708428,0.0284206500561148,0,711.7258613053971
baseline,b0726,1,411,0.9823718127269576,0.9777223396312756,0.0046494730956818,0,125.97623923860463
baseline,b2587,1,0,0.9823718127269576,0.9823718127269636,-6.217248937900877e-15,0,0.0
baseline,b1488,1,0,0.9823718127269576,0.9823718127269916,-3.397282455352979e-14,0,0.0
baseline,b3542,3,0,0.9823718127269576,0.9823718127269916,-3.397282455352979e-14,0,0.0
baseline,b1486,1,4,0.9823718127269576,0.9823718127269916,-3.397282455352979e-14,0,1.919647562619105e-07
baseline,b1485,1,4,0.9823718127269576,0.9823718127269916,-3.397282455352979e-14,0,1.919647562619105e-07
baseline,b3543,3,0,0.9823718127269576,0.9823718127269916,-3.397282455352979e-14,0,0.0
baseline,b3541,3,0,0.9823718127269576,0.9823718127269916,-3.397282455352979e-14,0,0.0
baseline,b1484,1,4,0.9823718127269576,0.9823718127269916,-3.397282455352979e-14,0,1.919647562619105e-07
baseline,b3540,3,0,0.9823718127269576,0.9823718127269916,-3.397282455352979e-14,0,0.0
baseline,b3544,3,0,0.9823718127269576,0.9823718127269916,-3.397282455352979e-14,0,0.0
baseline,b1483,1,4,0.9823718127269576,0.9823718127269916,-3.397282455352979e-14,0,1.919647562619105e-07
baseline,b1487,1,4,0.9823718127269576,0.9823718127269916,-3.397282455352979e-14,0,1.919647562619105e-07
baseline,b0092,1,440,0.9823718127269576,5.672510427483092e-16,0.982371812726957,1,15078.516174378765
baseline,b0381,1,440,0.9823718127269576,0.0,0.9823718127269576,1,15078.51617437875
baseline,b1325,1,0,0.9823718127269576,0.9823718127269776,-2.0206059048177852e-14,0,0.0
baseline,b1190,1,440,0.9823718127269576,1.0942524102884077e-15,0.9823718127269564,1,15078.516174378745
baseline,b4053,1,440,0.9823718127269576,0.0,0.9823718127269576,1,15078.516174378754
baseline,b2551,6,418,0.9823718127269576,0.9683593276136148,0.0140124851133427,0,41.68216990066223
baseline,b0870,4,4,0.9823718127269576,0.9823718127269728,-1.532107773982716e-14,0,1.9196475622593018e-07
baseline,b2379,1,3,0.9823718127269576,0.9823718127269916,-3.397282455352979e-14,0,0.978492177968173
baseline,b2290,1,3,0.9823718127269576,0.9823718127269722,-1.4654943925052066e-14,0,0.978492177968173
baseline,b2697,1,0,0.9823718127269576,0.9823718127269722,-1.4654943925052066e-14,0,0.0
baseline,b3460,5,0,0.9823718127269576,0.9823718127269722,-1.4654943925052066e-14,0,0.0
baseline,b3456,5,0,0.9823718127269576,0.9823718127269722,-1.4654943925052066e-14,0,0.0
baseline,b3457,5,0,0.9823718127269576,0.9823718127269722,-1.4654943925052066e-14,0,0.0
baseline,b3455,5,0,0.9823718127269576,0.9823718127269722,-1.4654943925052066e-14,0,0.0
baseline,b3454,5,0,0.9823718127269576,0.9823718127269722,-1.4654943925052066e-14,0,0.0
baseline,b4208,5,315,0.9823718127269576,0.9817353444718218,0.0006364682551357,0,0.0069871429571633
baseline,b0007,2,0,0.9823718127269576,0.9823718127269574,1.1102230246251563e-16,0,0.0
baseline,b0356,3,0,0.9823718127269576,0.9823718127269676,-9.992007221626407e-15,0,0.0
baseline,b1478,1,0,0.9823718127269576,0.9823718127269676,-9.992007221626407e-15,0,0.0
baseline,b1385,1,4,0.9823718127269576,0.9823718127269676,-9.992007221626407e-15,0,1.919647565633801e-07
baseline,b1300,2,0,0.9823718127269576,0.9823718127269676,-9.992007221626407e-15,0,0.0
baseline,b3588,2,0,0.9823718127269576,0.9823718127269676,-9.992007221626407e-15,0,0.0
baseline,b4084,1,0,0.9823718127269576,0.9823718127269676,-9.992007221626407e-15,0,0.0
baseline,b4090,2,440,0.9823718127269576,0.3344382452962239,0.6479335674307336,0,3949.7006641565736
baseline,b0516,1,0,0.9823718127269576,0.9823718127269674,-9.880984919163892e-15,0,0.0
baseline,b0512,1,4,0.9823718127269576,0.9823718127269676,-9.992007221626407e-15,0,1.91964756382298e-07
baseline,b0511,1,0,0.9823718127269576,0.9823718127269676,-9.992007221626407e-15,0,0.0
baseline,b4085,1,0,0.9823718127269576,0.9823718127269676,-9.992007221626407e-15,0,0.0
baseline,b4087,2,0,0.9823718127269576,0.9823718127269676,-9.992007221626407e-15,0,0.0
baseline,b4086,2,0,0.9823718127269576,0.9823718127269676,-9.992007221626407e-15,0,0.0
baseline,b4088,2,0,0.9823718127269576,0.9823718127269676,-9.992007221626407e-15,0,0.0
baseline,b0657,2,0,0.9823718127269576,0.9823718127269676,-9.992007221626407e-15,0,0.0
baseline,b1677,2,0,0.9823718127269576,0.9823718127269676,-9.992007221626407e-15,0,0.0
baseline,b1781,1,0,0.9823718127269576,0.9823718127269676,-9.992007221626407e-15,0,0.0
baseline,b3001,1,0,0.9823718127269576,0.9823718127269676,-9.992007221626407e-15,0,0.0
baseline,b0207,2,4,0.9823718127269576,0.9823718127269676,-9.992007221626407e-15,0,1.919647563181989e-07
baseline,b3012,2,4,0.9823718127269576,0.9823718127269676,-9.992007221626407e-15,0,1.919647563181989e-07
baseline,b3945,4,0,0.9823718127269576,0.9823718127269676,-9.992007221626407e-15,0,0.0
baseline,b3091,1,0,0.9823718127269576,0.9823718127269676,-9.992007221626407e-15,0,0.0
baseline,b3416,4,0,0.9823718127269576,0.9823718127269676,-9.992007221626407e-15,0,0.0
baseline,b3223,1,0,0.9823718127269576,0.9823718127269676,-9.992007221626407e-15,0,0.0
baseline,b3222,1,0,0.9823718127269576,0.9823718127269676,-9.992007221626407e-15,0,0.0
baseline,b0774,1,440,0.9823718127269576,1.2067393375050445e-15,0.9823718127269564,1,15078.516174378754
baseline,b3833,2,0,0.9823718127269576,0.9823718127269774,-1.9872992140790302e-14,0,0.0
baseline,b3994,1,440,0.9823718127269576,9.237695310306617e-16,0.9823718127269566,1,15078.516174378758
baseline,b1982,1,0,0.9823718127269576,0.9823718127269652,-7.771561172376096e-15,0,0.0
baseline,b0932,2,0,0.9823718127269576,0.9823718127269826,-2.5091040356528535e-14,0,0.0
baseline,b0237,3,0,0.9823718127269576,0.9823718127269826,-2.5091040356528535e-14,0,0.0
baseline,b4260,2,0,0.9823718127269576,0.9823718127269826,-2.5091040356528535e-14,0,0.0
baseline,b2523,2,0,0.9823718127269576,0.9823718127269826,-2.5091040356528535e-14,0,0.0
baseline,b1640,1,0,0.9823718127269576,0.9823718127269826,-2.5091040356528535e-14,0,0.0
baseline,b1263,2,440,0.9823718127269576,-3.6088308931360576e-16,0.9823718127269578,1,15078.516174378754
baseline,b1264,1,440,0.9823718127269576,0.0,0.9823718127269576,1,15078.516174378748
baseline,b0776,1,440,0.9823718127269576,0.0,0.9823718127269576,1,15078.516174378754
baseline,b0049,3,0,0.9823718127269576,0.9823718127269616,-4.107825191113079e-15,0,0.0
baseline,b4129,2,0,0.9823718127269576,0.9823718127269826,-2.5091040356528535e-14,0,0.0
baseline,b0121,2,0,0.9823718127269576,0.9823718127269826,-2.5091040356528535e-14,0,0.0
baseline,b3059,7,0,0.9823718127269576,0.9823718127269826,-2.5091040356528535e-14,0,0.0
baseline,b0968,7,0,0.9823718127269576,0.9823718127269826,-2.5091040356528535e-14,0,0.0
baseline,b0414,2,440,0.9823718127269576,-1.738646477784992e-15,0.9823718127269592,1,15078.51617437874
baseline,b0062,1,4,0.9823718127269576,0.9823718127269844,-2.6867397195928788e-14,0,0.0001045811093882
baseline,b0153,5,0,0.9823718127269576,0.9823718127269826,-2.5091040356528535e-14,0,0.0
baseline,b0151,5,0,0.9823718127269576,0.9823718127269826,-2.5091040356528535e-14,0,0.0
baseline,b0152,5,0,0.9823718127269576,0.9823718127269826,-2.5091040356528535e-14,0,0.0
baseline,b2715,1,0,0.9823718127269576,0.9823718127269826,-2.5091040356528535e-14,0,0.0
baseline,b3722,1,0,0.9823718127269576,0.9823718127269826,-2.5091040356528535e-14,0,0.0
baseline,b1900,1,0,0.9823718127269576,0.9823718127269826,-2.5091040356528535e-14,0,0.0
baseline,b4460,1,0,0.9823718127269576,0.9823718127269826,-2.5091040356528535e-14,0,0.0
baseline,b1901,1,0,0.9823718127269576,0.9823718127269826,-2.5091040356528535e-14,0,0.0
baseline,b2841,1,0,0.9823718127269576,0.9823718127269826,-2.5091040356528535e-14,0,0.0
baseline,b1528,3,0,0.9823718127269576,0.9823718127269826,-2.5091040356528535e-14,0,0.0
baseline,b4115,1,0,0.9823718127269576,0.9823718127269826,-2.5091040356528535e-14,0,0.0
baseline,b4117,1,0,0.9823718127269576,0.9823718127269826,-2.5091040356528535e-14,0,0.0
baseline,b2938,1,0,0.9823718127269576,0.9823718127269826,-2.5091040356528535e-14,0,0.0
baseline,b1605,1,4,0.9823718127269576,0.9823718127269826,-2.5091040356528535e-14,0,1.9196475616165912e-07
baseline,b3960,1,440,0.9823718127269576,7.130251501241799e-16,0.9823718127269568,1,15078.516174378754
baseline,b3172,1,440,0.9823718127269576,0.0,0.9823718127269576,1,15078.516174378754
baseline,b1876,1,0,0.9823718127269576,0.9823718127269804,-2.2870594307278225e-14,0,0.0
baseline,b2310,3,0,0.9823718127269576,0.9823718127269826,-2.5091040356528535e-14,0,0.0
baseline,b0863,1,0,0.9823718127269576,0.9823718127269826,-2.5091040356528535e-14,0,0.0
baseline,b0860,1,0,0.9823718127269576,0.9823718127269826,-2.5091040356528535e-14,0,0.0
baseline,b2307,4,0,0.9823718127269576,0.9823718127269826,-2.5091040356528535e-14,0,0.0
baseline,b2308,4,0,0.9823718127269576,0.9823718127269826,-2.5091040356528535e-14,0,0.0
baseline,b0862,1,0,0.9823718127269576,0.9823718127269826,-2.5091040356528535e-14,0,0.0
baseline,b2306,4,0,0.9823718127269576,0.9823718127269826,-2.5091040356528535e-14,0,0.0
baseline,b0864,1,0,0.9823718127269576,0.9823718127269826,-2.5091040356528535e-14,0,0.0
baseline,b0861,1,0,0.9823718127269576,0.9823718127269826,-2.5091040356528535e-14,0,0.0
baseline,b2923,2,4,0.9823718127269576,0.9823718127269826,-2.5091040356528535e-14,0,1.9196475618688665e-07
baseline,b3433,1,440,0.9823718127269576,0.0,0.9823718127269576,1,15078.51617437875
baseline,b4192,1,4,0.9823718127269576,0.9823718127269794,-2.1871393585115584e-14,0,0.0001045811093882
baseline,b4194,1,0,0.9823718127269576,0.9823718127269826,-2.5091040356528535e-14,0,0.0
baseline,b4193,1,0,0.9823718127269576,0.9823718127269826,-2.5091040356528535e-14,0,0.0
baseline,b4195,1,0,0.9823718127269576,0.9823718127269826,-2.5091040356528535e-14,0,0.0
baseline,b1767,1,4,0.9823718127269576,0.9823718127269826,-2.5091040356528535e-14,0,1.919647562210632e-07
baseline,b0828,1,4,0.9823718127269576,0.9823718127269826,-2.5091040356528535e-14,0,1.919647562210632e-07
baseline,b2957,2,0,0.9823718127269576,0.9823718127269826,-2.5091040356528535e-14,0,0.0
baseline,b0674,1,0,0.9823718127269576,0.9823718127269826,-2.5091040356528535e-14,0,0.0
baseline,b3744,1,314,0.9823718127269576,0.9813906059383148,0.0009812067886427,0,0.2142352817650099
baseline,b0930,1,0,0.9823718127269576,0.982371812726973,-1.554312234475219e-14,0,0.0
baseline,b1453,1,0,0.9823718127269576,0.9823718127269826,-2.5091040356528535e-14,0,0.0
baseline,b3502,1,0,0.9823718127269576,0.9823718127269826,-2.5091040356528535e-14,0,0.0
baseline,b0131,1,440,0.9823718127269576,-1.1123903921161802e-15,0.9823718127269586,1,15078.51617437875
baseline,b4245,1,440,0.9823718127269576,0.0,0.9823718127269576,1,15078.51617437875
baseline,b4244,1,440,0.9823718127269576,0.0,0.9823718127269576,1,15078.516174378754
baseline,b0002,2,440,0.9823718127269576,0.0,0.9823718127269576,1,15078.51617437875
baseline,b4024,1,440,0.9823718127269576,0.0,0.9823718127269576,1,15078.51617437875
baseline,b3940,2,440,0.9823718127269576,0.0,0.9823718127269576,1,15078.516174378748
baseline,b2574,4,440,0.9823718127269576,0.0,0.9823718127269576,1,15078.516174378748
baseline,b4139,1,0,0.9823718127269576,0.9823718127269916,-3.397282455352979e-14,0,0.0
baseline,b0928,3,440,0.9823718127269576,-1.1742118062302012e-14,0.9823718127269692,1,15078.516174378754
baseline,b1866,1,0,0.9823718127269576,0.9823718127269898,-3.230749001659205e-14,0,0.0
baseline,b0654,2,0,0.9823718127269576,0.9823718127269826,-2.5091040356528535e-14,0,0.0
baseline,b0655,2,0,0.9823718127269576,0.9823718127269826,-2.5091040356528535e-14,0,0.0
baseline,b0652,2,0,0.9823718127269576,0.9823718127269826,-2.5091040356528535e-14,0,0.0
baseline,b0653,2,0,0.9823718127269576,0.9823718127269826,-2.5091040356528535e-14,0,0.0
baseline,b3528,6,0,0.9823718127269576,0.9823718127269826,-2.5091040356528535e-14,0,0.0
baseline,b4123,9,0,0.9823718127269576,0.9823718127269826,-2.5091040356528535e-14,0,0.0
baseline,b4138,7,0,0.9823718127269576,0.9823718127269826,-2.5091040356528535e-14,0,0.0
baseline,b4077,2,4,0.9823718127269576,0.9823718127269826,-2.5091040356528535e-14,0,1.9196475618936652e-07
baseline,b3503,1,0,0.9823718127269576,0.9823718127269826,-2.5091040356528535e-14,0,0.0
baseline,b1064,7,4,0.9823718127269576,0.9823718127269826,-2.5091040356528535e-14,0,1.9196475621303207e-07
baseline,b1747,1,4,0.9823718127269576,0.9823718127269826,-2.5091040356528535e-14,0,1.919647562549682e-07
baseline,b1539,4,0,0.9823718127269576,0.9823718127269826,-2.5091040356528535e-14,0,0.0
baseline,b2019,1,440,0.9823718127269576,4.049309846382832e-16,0.9823718127269572,1,15078.516174378754
baseline,b3738,1,453,0.9823718127269576,0.402477301490721,0.5798945112362366,0,14395.126197221414
baseline,b3733,1,453,0.9823718127269576,0.4024773014907203,0.5798945112362371,0,14436.549429296285
baseline,b3732,1,453,0.9823718127269576,0.4024773014907203,0.5798945112362371,0,14436.549429296285
baseline,b3739,1,453,0.9823718127269576,0.4024773014907203,0.5798945112362371,0,14436.549429296285
baseline,b3736,1,453,0.9823718127269576,0.4024773014907203,0.5798945112362371,0,14436.549429296285
baseline,b3737,1,453,0.9823718127269576,0.4024773014907203,0.5798945112362371,0,14436.549429296285
baseline,b3734,1,453,0.9823718127269576,0.4024773014907203,0.5798945112362371,0,14436.549429296285
baseline,b3735,1,453,0.9823718127269576,0.4024773014907203,0.5798945112362371,0,14436.549429296285
baseline,b3731,1,453,0.9823718127269576,0.4024773014907203,0.5798945112362371,0,14436.549429296285
baseline,b0312,2,0,0.9823718127269576,0.9823718127269704,-1.2878587085651816e-14,0,0.0
baseline,b0827,4,440,0.9823718127269576,-5.143077196154372e-17,0.9823718127269576,1,15078.516174378748
baseline,b3857,5,440,0.9823718127269576,0.0,0.9823718127269576,1,15078.516174378754
baseline,b3856,5,440,0.9823718127269576,0.0,0.9823718127269576,1,15078.516174378758
baseline,b4214,1,440,0.9823718127269576,-2.0030003764692268e-14,0.9823718127269776,1,15078.516174378748
baseline,b3551,3,0,0.9823718127269576,0.98237181272698,-2.242650509742816e-14,0,0.0
baseline,b0775,1,440,0.9823718127269576,-3.7713030078533227e-17,0.9823718127269576,1,15078.516174378754
baseline,b0934,5,4,0.9823718127269576,0.982371812726976,-1.8429702208777602e-14,0,0.0001045811093882
baseline,b0367,3,0,0.9823718127269576,0.982371812726982,-2.4424906541753444e-14,0,0.0
baseline,b0933,5,4,0.9823718127269576,0.982371812726982,-2.4424906541753444e-14,0,1.919647561862641e-07
baseline,b0936,5,4,0.9823718127269576,0.982371812726982,-2.4424906541753444e-14,0,1.919647561862641e-07
baseline,b0365,3,0,0.9823718127269576,0.982371812726982,-2.4424906541753444e-14,0,0.0
baseline,b0366,3,0,0.9823718127269576,0.982371812726982,-2.4424906541753444e-14,0,0.0
baseline,b1216,3,0,0.9823718127269576,0.982371812726982,-2.4424906541753444e-14,0,0.0
baseline,b4132,1,0,0.9823718127269576,0.982371812726982,-2.4424906541753444e-14,0,0.0
baseline,b3942,1,0,0.9823718127269576,0.982371812726982,-2.4424906541753444e-14,0,0.0
baseline,b1732,1,0,0.9823718127269576,0.982371812726982,-2.4424906541753444e-14,0,0.0
baseline,b3196,1,440,0.9823718127269576,-2.6399127153829833e-16,0.9823718127269576,1,15078.516174378754
baseline,b1270,2,4,0.9823718127269576,0.9823718127269964,-3.874678355941796e-14,0,0.0001045811093882
baseline,b2874,1,406,0.9823718127269576,0.9772921102938718,0.0050797024330857,0,2.750806576435912
baseline,b0521,1,406,0.9823718127269576,0.9772921102938692,0.0050797024330884,0,2.750806576435912
baseline,b0323,1,406,0.9823718127269576,0.9772921102938692,0.0050797024330884,0,2.750806576435912
baseline,b0033,1,0,0.9823718127269576,0.9823718127269788,-2.131628207280301e-14,0,0.0
baseline,b0032,1,0,0.9823718127269576,0.982371812726982,-2.4424906541753444e-14,0,0.0
baseline,b0444,1,0,0.9823718127269576,0.982371812726982,-2.4424906541753444e-14,0,0.0
baseline,b3469,6,0,0.9823718127269576,0.982371812726982,-2.4424906541753444e-14,0,0.0
baseline,b3915,7,0,0.9823718127269576,0.982371812726982,-2.4424906541753444e-14,0,0.0
baseline,b0752,5,0,0.9823718127269576,0.982371812726982,-2.4424906541753444e-14,0,0.0
baseline,b3040,6,440,0.9823718127269576,9.051127066377136e-16,0.9823718127269566,1,15078.516174378752
baseline,b3918,7,0,0.9823718127269576,0.9823718127269844,-2.6978419498391304e-14,0,0.0
baseline,b2794,1,0,0.9823718127269576,0.9823718127269814,-2.3869795029440862e-14,0,0.0
baseline,b1208,1,440,0.9823718127269576,1.4712184713646713e-15,0.982371812726956,1,15078.516174378754
baseline,b1661,4,4,0.9823718127269576,0.982371812726976,-1.8540724511240114e-14,0,0.0001045811093882
baseline,b2129,2,0,0.9823718127269576,0.9823718127269924,-3.4861002973229915e-14,0,0.0
baseline,b2128,2,0,0.9823718127269576,0.9823718127269924,-3.4861002973229915e-14,0,0.0
baseline,b2131,2,0,0.9823718127269576,0.9823718127269924,-3.4861002973229915e-14,0,0.0
baseline,b2130,2,0,0.9823718127269576,0.9823718127269924,-3.4861002973229915e-14,0,0.0
baseline,b1801,3,0,0.9823718127269576,0.9823718127269924,-3.4861002973229915e-14,0,0.0
baseline,b0314,1,4,0.9823718127269576,0.9823718127269924,-3.4861002973229915e-14,0,1.9196475620495159e-07
baseline,b0311,1,4,0.9823718127269576,0.9823718127269924,-3.4861002973229915e-14,0,1.9196475624466346e-07
baseline,b2600,2,440,0.9823718127269576,1.5431493469321583e-16,0.9823718127269574,1,15078.516174378754
baseline,b2599,2,440,0.9823718127269576,0.0,0.9823718127269576,1,15078.51617437875
baseline,b2329,1,440,0.9823718127269576,0.0,0.9823718127269576,1,15078.516174378748
baseline,b4039,1,440,0.9823718127269576,0.0,0.9823718127269576,1,15078.51617437875
baseline,b2542,2,0,0.9823718127269576,0.982371812726988,-3.064215547965432e-14,0,0.0
baseline,b2540,2,0,0.9823718127269576,0.9823718127269924,-3.4861002973229915e-14,0,0.0
baseline,b2538,2,0,0.9823718127269576,0.9823718127269924,-3.4861002973229915e-14,0,0.0
baseline,b2539,2,0,0.9823718127269576,0.9823718127269924,-3.4861002973229915e-14,0,0.0
baseline,b0617,1,0,0.9823718127269576,0.9823718127269924,-3.4861002973229915e-14,0,0.0
baseline,b0614,1,0,0.9823718127269576,0.9823718127269924,-3.4861002973229915e-14,0,0.0
baseline,b0616,1,0,0.9823718127269576,0.9823718127269924,-3.4861002973229915e-14,0,0.0
baseline,b0615,1,0,0.9823718127269576,0.9823718127269924,-3.4861002973229915e-14,0,0.0
baseline,b0612,1,4,0.9823718127269576,0.9823718127269924,-3.4861002973229915e-14,0,1.9196475623365e-07
baseline,b0789,7,4,0.9823718127269576,0.9823718127269924,-3.4861002973229915e-14,0,1.9196475630182878e-07
baseline,b1249,7,4,0.9823718127269576,0.9823718127269924,-3.4861002973229915e-14,0,1.9196475630182878e-07
baseline,b0155,1,440,0.9823718127269576,6.929756046219638e-16,0.9823718127269568,1,15078.516174378754
baseline,b1592,1,440,0.9823718127269576,0.0,0.9823718127269576,1,15078.516174378754
baseline,b3035,9,0,0.9823718127269576,0.9823718127269832,-2.564615186884112e-14,0,0.0
baseline,b2470,7,0,0.9823718127269576,0.9823718127269924,-3.4861002973229915e-14,0,0.0
baseline,b0463,7,0,0.9823718127269576,0.9823718127269924,-3.4861002973229915e-14,0,0.0
baseline,b0462,7,0,0.9823718127269576,0.9823718127269924,-3.4861002973229915e-14,0,0.0
baseline,b3816,3,440,0.9823718127269576,7.523761706743744e-16,0.9823718127269568,1,15078.516174378754
baseline,b2174,1,0,0.9823718127269576,0.982371812726977,-1.9539925233402755e-14,0,0.0
baseline,b0914,32,440,0.9823718127269576,-4.0529470843301206e-29,0.9823718127269576,1,15078.516174378752
baseline,b1102,1,4,0.9823718127269576,0.9823718127269858,-2.831068712794149e-14,0,0.0001045811093882
baseline,b2765,1,0,0.9823718127269576,0.982371812726989,-3.1530333899354446e-14,0,0.0
baseline,b0783,1,440,0.9823718127269576,7.384655639467122e-16,0.9823718127269568,1,15078.516174378754
baseline,b0781,1,440,0.9823718127269576,0.0,0.9823718127269576,1,15078.516174378756
baseline,b2436,1,279,0.9823718127269576,0.9823300178921056,4.1794834851893725e-05,0,0.0001212828266221
baseline,b3867,1,0,0.9823718127269576,0.9823718127269854,-2.7866597918091432e-14,0,0.0
baseline,b0038,2,0,0.9823718127269576,0.9823718127269696,-1.199040866595169e-14,0,0.0
baseline,b0037,3,0,0.9823718127269576,0.9823718127269696,-1.199040866595169e-14,0,0.0
baseline,b0036,2,0,0.9823718127269576,0.9823718127269696,-1.199040866595169e-14,0,0.0
baseline,b2679,4,0,0.9823718127269576,0.9823718127269696,-1.199040866595169e-14,0,0.0
baseline,b2677,4,0,0.9823718127269576,0.9823718127269696,-1.199040866595169e-14,0,0.0
baseline,b2678,4,0,0.9823718127269576,0.9823718127269696,-1.199040866595169e-14,0,0.0
baseline,b4111,5,0,0.9823718127269576,0.9823718127269696,-1.199040866595169e-14,0,0.0
baseline,b0040,2,0,0.9823718127269576,0.9823718127269764,-1.887379141862766e-14,0,0.0
baseline,b0720,1,442,0.9823718127269576,-3.4222034416657723e-16,0.9823718127269578,1,15247.972020260571
baseline,b0337,1,8,0.9823718127269576,0.982371812726814,1.4355183708403274e-13,0,0.0001047730741446
baseline,b0336,1,0,0.9823718127269576,0.9823718127269796,-2.2093438190040612e-14,0,0.0
baseline,b3846,19,451,0.9823718127269576,0.9720365831108336,0.0103352296161238,0,41.4139925291168
baseline,b2780,1,440,0.9823718127269576,-9.050907788027292e-16,0.9823718127269584,1,15078.51617437875
baseline,b0123,2,4,0.9823718127269576,0.9823718127269796,-2.2093438190040612e-14,0,0.0001045811093882
baseline,b0484,1,0,0.9823718127269576,0.9823718127269832,-2.564615186884112e-14,0,0.0
baseline,b3425,1,4,0.9823718127269576,0.9823718127269832,-2.564615186884112e-14,0,1.9196475618148322e-07
baseline,b1308,1,0,0.9823718127269576,0.9823718127269832,-2.564615186884112e-14,0,0.0
baseline,b0340,1,0,0.9823718127269576,0.9823718127269832,-2.564615186884112e-14,0,0.0
baseline,b0341,1,0,0.9823718127269576,0.9823718127269832,-2.564615186884112e-14,0,0.0
baseline,b1919,1,4,0.9823718127269576,0.9823718127269832,-2.564615186884112e-14,0,1.919647560571566e-07
baseline,b3008,2,440,0.9823718127269576,-3.978846839523757e-16,0.982371812726958,1,15078.516174378752
baseline,b3708,3,299,0.9823718127269576,0.9820823868022824,0.0002894259246751,0,0.0511853874438194
baseline,b2414,1,440,0.9823718127269576,1.0993846592890865e-15,0.9823718127269564,1,15078.516174378748
baseline,b2421,1,440,0.9823718127269576,0.0,0.9823718127269576,1,15078.516174378748
baseline,b2810,1,4,0.9823718127269576,0.9823718127269838,-2.6312285683616213e-14,0,0.0001045811093882
baseline,b1622,1,440,0.9823718127269576,-3.978846839523757e-16,0.982371812726958,1,15078.516174378752
baseline,b0526,1,4,0.9823718127269576,0.9823718127269808,-2.3314683517128287e-14,0,0.0001045811093882
baseline,b0886,2,4,0.9823718127269576,0.9823718127269832,-2.564615186884112e-14,0,1.919647561351984e-07
baseline,b0887,2,4,0.9823718127269576,0.9823718127269832,-2.564615186884112e-14,0,1.919647561351984e-07
baseline,b0978,2,0,0.9823718127269576,0.9823718127269832,-2.564615186884112e-14,0,0.0
baseline,b0979,2,0,0.9823718127269576,0.9823718127269832,-2.564615186884112e-14,0,0.0
baseline,b0734,1,0,0.9823718127269576,0.9823718127269832,-2.564615186884112e-14,0,0.0
baseline,b0733,1,0,0.9823718127269576,0.9823718127269832,-2.564615186884112e-14,0,0.0
baseline,b0432,1,425,0.9823718127269576,0.8620050398511754,0.1203667728757821,0,4914.533214233078
baseline,b0430,1,425,0.9823718127269576,0.8620050398511463,0.1203667728758112,0,4914.533214233078
baseline,b0429,1,425,0.9823718127269576,0.8620050398511463,0.1203667728758112,0,4914.533214233078
baseline,b0431,1,425,0.9823718127269576,0.8620050398511463,0.1203667728758112,0,4914.533214233078
baseline,b2143,2,0,0.9823718127269576,0.9823718127269544,3.1086244689504387e-15,0,0.0
baseline,b0651,2,4,0.9823718127269576,0.9823718127269772,-1.9761969838327783e-14,0,1.9196475629144786e-07
baseline,b2162,2,4,0.9823718127269576,0.9823718127269772,-1.9761969838327783e-14,0,1.9196475629144786e-07
baseline,b2066,2,0,0.9823718127269576,0.9823718127269772,-1.9761969838327783e-14,0,0.0
baseline,b0910,3,440,0.9823718127269576,2.972184985719973e-16,0.9823718127269572,1,15078.516174378754
baseline,b2975,3,0,0.9823718127269576,0.9823718127269844,-2.6756374893466276e-14,0,0.0
baseline,b3603,3,0,0.9823718127269576,0.9823718127269724,-1.4876988529977098e-14,0,0.0
baseline,b1189,1,0,0.9823718127269576,0.9823718127269724,-1.4876988529977098e-14,0,0.0
baseline,b4042,7,0,0.9823718127269576,0.9823718127269724,-1.4876988529977098e-14,0,0.0
baseline,b2871,1,0,0.9823718127269576,0.9823718127269724,-1.4876988529977098e-14,0,0.0
baseline,b2838,1,440,0.9823718127269576,0.0,0.9823718127269576,1,15078.516174378754
baseline,b3809,1,440,0.9823718127269576,0.0,0.9823718127269576,1,15078.516174378754
baseline,b0175,7,440,0.9823718127269576,0.0,0.9823718127269576,1,15078.51617437875
baseline,b3041,1,440,0.9823718127269576,0.0,0.9823718127269576,1,15078.516174378748
baseline,b0778,1,440,0.9823718127269576,0.0,0.9823718127269576,1,15078.516174378752
baseline,b1734,1,4,0.9823718127269576,0.9823718127269712,-1.376676550535194e-14,0,0.0001045811093882
baseline,b2065,1,0,0.9823718127269576,0.9823718127269656,-7.993605777301127e-15,0,0.0
baseline,b2344,7,0,0.9823718127269576,0.9823718127269656,-7.993605777301127e-15,0,0.0
baseline,b3693,1,0,0.9823718127269576,0.9823718127269656,-7.993605777301127e-15,0,0.0
baseline,b3909,2,0,0.9823718127269576,0.9823718127269656,-7.993605777301127e-15,0,0.0
baseline,b3526,1,0,0.9823718127269576,0.9823718127269656,-7.993605777301127e-15,0,0.0
baseline,b1704,1,440,0.9823718127269576,-2.972183520636594e-16,0.9823718127269578,1,15078.51617437876
baseline,b2601,1,440,0.9823718127269576,0.0,0.9823718127269576,1,15078.516174378768
baseline,b0754,1,440,0.9823718127269576,0.0,0.9823718127269576,1,15078.516174378748
baseline,b4477,1,4,0.9823718127269576,0.9823718127269662,-8.659739592076221e-15,0,0.0001045811093882
baseline,b3648,2,440,0.9823718127269576,3.7152294007957427e-17,0.9823718127269576,1,15078.516174378748
baseline,b1393,1,4,0.9823718127269576,0.9823718127269776,-2.009503674571533e-14,0,0.0001045811093882
baseline,b3771,2,440,0.9823718127269576,3.7152294007957427e-17,0.9823718127269576,1,15078.516174378754
baseline,b1198,1,5,0.9823718127269576,0.9823718127269796,-2.2093438190040612e-14,0,3.744371119157152
baseline,b1199,1,5,0.9823718127269576,0.9823718127269656,-7.993605777301127e-15,0,3.744371119176656
baseline,b1200,1,5,0.9823718127269576,0.9823718127269656,-7.993605777301127e-15,0,3.744371119176656
baseline,b0596,1,0,0.9823718127269576,0.9823718127269656,-7.993605777301127e-15,0,0.0
baseline,b0594,1,0,0.9823718127269576,0.9823718127269656,-7.993605777301127e-15,0,0.0
baseline,b2541,2,0,0.9823718127269576,0.9823718127269656,-7.993605777301127e-15,0,0.0
baseline,b0348,2,4,0.9823718127269576,0.9823718127269656,-7.993605777301127e-15,0,1.919647562325304e-07
baseline,b0031,1,440,0.9823718127269576,-2.972183520636594e-16,0.9823718127269578,1,15078.51617437875
baseline,b2478,1,440,0.9823718127269576,0.0,0.9823718127269576,1,15078.516174378754
baseline,b0048,1,440,0.9823718127269576,0.0,0.9823718127269576,1,15078.516174378754
baseline,b1606,2,440,0.9823718127269576,0.0,0.9823718127269576,1,15078.516174378754
baseline,b2315,1,440,0.9823718127269576,0.0,0.9823718127269576,1,15078.516174378758
baseline,b3930,1,4,0.9823718127269576,0.9823718127269776,-2.0206059048177852e-14,0,0.0001045811093882
baseline,b2262,1,0,0.9823718127269576,0.9823718127269656,-7.993605777301127e-15,0,0.0
baseline,b0736,1,0,0.9823718127269576,0.9823718127269656,-7.993605777301127e-15,0,0.0
baseline,b3058,2,440,0.9823718127269576,0.0,0.9823718127269576,1,15078.51617437875
baseline,b0945,2,11,0.9823718127269576,0.9823718127269776,-2.0206059048177852e-14,0,0.3169089604223464
baseline,b1062,1,440,0.9823718127269576,-1.3003302902785106e-15,0.9823718127269588,1,15078.516174378752
baseline,b3177,1,440,0.9823718127269576,0.0,0.9823718127269576,1,15078.516174378756
baseline,b0578,2,0,0.9823718127269576,0.9823718127269804,-2.2870594307278225e-14,0,0.0
baseline,b2303,1,0,0.9823718127269576,0.9823718127269584,-8.881784197001252e-16,0,0.0
baseline,b3389,1,440,0.9823718127269576,-1.4860917603182978e-16,0.9823718127269576,1,15078.51617437876
baseline,b1693,1,440,0.9823718127269576,0.0,0.9823718127269576,1,15078.516174378748
baseline,b0421,2,440,0.9823718127269576,0.0,0.9823718127269576,1,15078.516174378754
baseline,b0029,2,440,0.9823718127269576,0.0,0.9823718127269576,1,15078.516174378758
baseline,b2232,2,4,0.9823718127269576,0.9823718127269776,-2.009503674571533e-14,0,0.0001045811093882
baseline,b1588,3,0,0.9823718127269576,0.9823718127269668,-9.325873406851317e-15,0,0.0
baseline,b0895,4,4,0.9823718127269576,0.9823718127269668,-9.325873406851317e-15,0,1.919647566042177e-07
baseline,b1587,3,0,0.9823718127269576,0.9823718127269668,-9.325873406851317e-15,0,0.0
baseline,b0894,4,4,0.9823718127269576,0.9823718127269668,-9.325873406851317e-15,0,1.919647566042177e-07
baseline,b1590,3,0,0.9823718127269576,0.9823718127269668,-9.325873406851317e-15,0,0.0
baseline,b0896,4,4,0.9823718127269576,0.9823718127269668,-9.325873406851317e-15,0,1.919647566042177e-07
baseline,b1589,3,0,0.9823718127269576,0.9823718127269668,-9.325873406851317e-15,0,0.0
baseline,b1872,4,0,0.9823718127269576,0.9823718127269668,-9.325873406851317e-15,0,0.0
baseline,b1873,4,0,0.9823718127269576,0.9823718127269668,-9.325873406851317e-15,0,0.0
baseline,b0099,3,440,0.9823718127269576,-1.4860917603182978e-16,0.9823718127269576,1,15078.516174378748
baseline,b1865,2,440,0.9823718127269576,0.0,0.9823718127269576,1,15078.516174378754
baseline,b3575,1,4,0.9823718127269576,0.9823718127269766,-1.9095836023552686e-14,0,0.0001045811093882
baseline,b0103,1,440,0.9823718127269576,3.715229400795745e-17,0.9823718127269576,1,15078.516174378748
baseline,b3774,3,440,0.9823718127269576,0.0,0.9823718127269576,1,15078.516174378765
baseline,b0425,1,440,0.9823718127269576,0.0,0.9823718127269576,1,15078.51617437879
baseline,b4381,1,0,0.9823718127269576,0.9823718127269904,-3.2751579226442124e-14,0,0.0
baseline,b1185,2,0,0.9823718127269576,0.9823718127269716,-1.4099832412739488e-14,0,0.0
baseline,b3860,2,0,0.9823718127269576,0.9823718127269716,-1.4099832412739488e-14,0,0.0
baseline,b2893,2,0,0.9823718127269576,0.9823718127269716,-1.4099832412739488e-14,0,0.0
baseline,b2582,10,9,0.9823718127269576,0.9823718127269716,-1.4099832412739488e-14,0,0.296467446618143
baseline,b4136,3,0,0.9823718127269576,0.9823718127269796,-2.2093438190040612e-14,0,0.0
baseline,b3781,10,9,0.9823718127269576,0.9823718127269796,-2.2093438190040612e-14,0,0.296467446618143
baseline,b0604,2,4,0.9823718127269576,0.9823718127269796,-2.2093438190040612e-14,0,1.9196475619129638e-07
baseline,b4122,2,443,0.9823718127269576,0.9027057627389348,0.0796660499880227,0,1471.0517948754416
baseline,b1098,1,440,0.9823718127269576,3.189162978637714e-16,0.9823718127269572,1,15078.516174378752
baseline,b2146,1,4,0.9823718127269576,0.9823718127269784,-2.0761170560490427e-14,0,0.0001045811093882
baseline,b2147,1,0,0.9823718127269576,0.9823718127269768,-1.9428902930940243e-14,0,0.0
baseline,b1238,2,0,0.9823718127269576,0.9823718127269768,-1.9428902930940243e-14,0,0.0
baseline,b4384,7,7,0.9823718127269576,0.9823718127269768,-1.9428902930940243e-14,0,3.0597078012035983e-06
baseline,b4382,2,0,0.9823718127269576,0.9823718127269804,-2.2759572004815712e-14,0,0.0
baseline,b2251,3,291,0.9823718127269576,0.9822652099291332,0.0001066027978242,0,0.0117949750350141
baseline,b3640,1,291,0.9823718127269576,0.9822652099291296,0.0001066027978279,0,0.0117949750350141
baseline,b0173,1,440,0.9823718127269576,0.0,0.9823718127269576,1,15078.51617437876
baseline,b0420,1,440,0.9823718127269576,0.0,0.9823718127269576,1,15078.516174378745
baseline,b3564,2,0,0.9823718127269576,0.9823718127269816,-2.4091839634365897e-14,0,0.0
baseline,b1779,2,447,0.9823718127269576,8.052275523746192e-29,0.9823718127269576,1,14981.022974507889
baseline,b2927,1,440,0.9823718127269576,0.0,0.9823718127269576,1,15078.516174378754
baseline,b1288,26,440,0.9823718127269576,0.0,0.9823718127269576,1,15078.516174378754
baseline,b3622,2,4,0.9823718127269576,0.9823718127269496,7.882583474838611e-15,0,0.0001045811093882
baseline,b3793,3,0,0.9823718127269576,0.98237181272698,-2.242650509742816e-14,0,0.0
baseline,b3785,3,0,0.9823718127269576,0.98237181272698,-2.242650509742816e-14,0,0.0
baseline,b3792,1,0,0.9823718127269576,0.98237181272698,-2.242650509742816e-14,0,0.0
baseline,b2341,16,451,0.9823718127269576,0.972036583110834,0.0103352296161236,0,41.413992529131775
baseline,b1850,2,0,0.9823718127269576,0.9823718127269722,-1.4654943925052066e-14,0,0.0
baseline,b1851,1,0,0.9823718127269576,0.9823718127269824,-2.4868995751603507e-14,0,0.0
baseline,b1054,1,0,0.9823718127269576,0.9823718127269824,-2.4868995751603507e-14,0,0.0
baseline,b1855,2,4,0.9823718127269576,0.9823718127269824,-2.4868995751603507e-14,0,1.9196475598059217e-07
baseline,b2378,1,0,0.9823718127269576,0.9823718127269824,-2.4868995751603507e-14,0,0.0
baseline,b2779,1,433,0.9823718127269576,0.87473885962697,0.1076329530999875,0,1701.4124728314946
baseline,b0583,1,4,0.9823718127269576,0.9823718127269836,-2.620126338115369e-14,0,1.9196475634228718e-07
baseline,b0585,2,0,0.9823718127269576,0.9823718127269816,-2.4091839634365897e-14,0,0.0
baseline,b2441,1,0,0.9823718127269576,0.9823718127269816,-2.4091839634365897e-14,0,0.0
baseline,b2440,1,0,0.9823718127269576,0.9823718127269816,-2.4091839634365897e-14,0,0.0
baseline,b3946,1,9,0.9823718127269576,0.9823718127269816,-2.4091839634365897e-14,0,3.74437131110394
baseline,b0825,1,9,0.9823718127269576,0.9823718127269816,-2.4091839634365897e-14,0,3.74437131110394
baseline,b0822,5,4,0.9823718127269576,0.9823718127269816,-2.4091839634365897e-14,0,1.9196475609036733e-07
baseline,b3666,4,4,0.9823718127269576,0.9823718127269816,-2.4091839634365897e-14,0,1.9196475621070201e-07
baseline,b0404,7,0,0.9823718127269576,0.9823718127269816,-2.4091839634365897e-14,0,0.0
baseline,b0452,10,451,0.9823718127269576,0.9720365831108354,0.010335229616122,0,41.413992529120335
baseline,b1805,10,0,0.9823718127269576,0.9823718127269832,-2.5757174171303632e-14,0,0.0
baseline,b1701,10,0,0.9823718127269576,0.9823718127269806,-2.3092638912203256e-14,0,0.0
baseline,b3844,6,349,0.9823718127269576,0.9801502250406412,0.0022215876863164,0,20.845860408970243
baseline,b2764,4,440,0.9823718127269576,6.893640968456644e-15,0.9823718127269506,1,15078.516174378748
baseline,b2763,4,440,0.9823718127269576,0.0,0.9823718127269576,1,15078.516174378754
baseline,b2925,2,411,0.9823718127269576,0.975249617680057,0.0071221950469004,0,332.19849751744454
baseline,b1773,1,5,0.9823718127269576,0.9823718127269772,-1.965094753586527e-14,0,165.4292099280947
baseline,b2097,1,5,0.9823718127269576,0.9823718127269736,-1.609823385706477e-14,0,165.4292099280947
baseline,b3925,1,0,0.9823718127269576,0.9823718127269736,-1.609823385706477e-14,0,0.0
baseline,b2930,1,0,0.9823718127269576,0.9823718127269736,-1.609823385706477e-14,0,0.0
baseline,b4232,1,0,0.9823718127269576,0.9823718127269736,-1.609823385706477e-14,0,0.0
baseline,b2802,1,0,0.9823718127269576,0.9823718127269736,-1.609823385706477e-14,0,0.0
baseline,b2803,1,0,0.9823718127269576,0.9823718127269736,-1.609823385706477e-14,0,0.0
baseline,b2738,1,0,0.9823718127269576,0.9823718127269736,-1.609823385706477e-14,0,0.0
baseline,b2800,1,0,0.9823718127269576,0.9823718127269736,-1.609823385706477e-14,0,0.0
baseline,b0475,1,440,0.9823718127269576,1.4268643489215555e-16,0.9823718127269574,1,15078.516174378754
baseline,b1476,2,4,0.9823718127269576,0.9823718127269854,-2.7866597918091432e-14,0,0.0001045811093882
baseline,b1474,2,0,0.9823718127269576,0.9823718127269844,-2.6978419498391304e-14,0,0.0
baseline,b1475,2,0,0.9823718127269576,0.9823718127269844,-2.6978419498391304e-14,0,0.0
baseline,b3892,2,0,0.9823718127269576,0.9823718127269844,-2.6978419498391304e-14,0,0.0
baseline,b3893,2,0,0.9823718127269576,0.9823718127269844,-2.6978419498391304e-14,0,0.0
baseline,b3894,2,0,0.9823718127269576,0.9823718127269844,-2.6978419498391304e-14,0,0.0
baseline,b0935,5,0,0.9823718127269576,0.9823718127269844,-2.6978419498391304e-14,0,0.0
baseline,b3409,1,0,0.9823718127269576,0.9823718127269844,-2.6978419498391304e-14,0,0.0
baseline,b2392,2,0,0.9823718127269576,0.9823718127269844,-2.6978419498391304e-14,0,0.0
baseline,b4290,1,0,0.9823718127269576,0.9823718127269844,-2.6978419498391304e-14,0,0.0
baseline,b4288,1,0,0.9823718127269576,0.9823718127269844,-2.6978419498391304e-14,0,0.0
baseline,b4287,1,0,0.9823718127269576,0.9823718127269844,-2.6978419498391304e-14,0,0.0
baseline,b4289,1,0,0.9823718127269576,0.9823718127269844,-2.6978419498391304e-14,0,0.0
baseline,b4291,1,0,0.9823718127269576,0.9823718127269844,-2.6978419498391304e-14,0,0.0
baseline,b0589,2,4,0.9823718127269576,0.9823718127269844,-2.6978419498391304e-14,0,1.9196475624144118e-07
baseline,b0588,2,4,0.9823718127269576,0.9823718127269844,-2.6978419498391304e-14,0,1.9196475624144118e-07
baseline,b0592,2,4,0.9823718127269576,0.9823718127269844,-2.6978419498391304e-14,0,1.9196475624144118e-07
baseline,b0590,2,4,0.9823718127269576,0.9823718127269844,-2.6978419498391304e-14,0,1.9196475624144118e-07
baseline,b2155,1,0,0.9823718127269576,0.9823718127269844,-2.6978419498391304e-14,0,0.0
baseline,b0805,1,0,0.9823718127269576,0.9823718127269844,-2.6978419498391304e-14,0,0.0
baseline,b0150,3,0,0.9823718127269576,0.9823718127269844,-2.6978419498391304e-14,0,0.0
baseline,b0584,1,0,0.9823718127269576,0.9823718127269844,-2.6978419498391304e-14,0,0.0
baseline,b0591,1,4,0.9823718127269576,0.9823718127269844,-2.6978419498391304e-14,0,1.9196475634338636e-07
baseline,b4367,3,0,0.9823718127269576,0.9823718127269844,-2.6978419498391304e-14,0,0.0
baseline,b4209,1,221,0.9823718127269576,0.982359882623946,1.193010301137054e-05,0,0.0003303314457182
baseline,b2486,1,0,0.9823718127269576,0.9823718127269676,-1.021405182655144e-14,0,0.0
baseline,b4079,1,0,0.9823718127269576,0.9823718127269844,-2.6978419498391304e-14,0,0.0
baseline,b2722,2,0,0.9823718127269576,0.9823718127269844,-2.6978419498391304e-14,0,0.0
baseline,b2483,1,0,0.9823718127269576,0.9823718127269844,-2.6978419498391304e-14,0,0.0
baseline,b2719,2,0,0.9823718127269576,0.9823718127269844,-2.6978419498391304e-14,0,0.0
baseline,b2723,2,0,0.9823718127269576,0.9823718127269844,-2.6978419498391304e-14,0,0.0
baseline,b2721,2,0,0.9823718127269576,0.9823718127269844,-2.6978419498391304e-14,0,0.0
baseline,b2481,1,0,0.9823718127269576,0.9823718127269844,-2.6978419498391304e-14,0,0.0
baseline,b2485,1,0,0.9823718127269576,0.9823718127269844,-2.6978419498391304e-14,0,0.0
baseline,b2484,1,0,0.9823718127269576,0.9823718127269844,-2.6978419498391304e-14,0,0.0
baseline,b2724,2,0,0.9823718127269576,0.9823718127269844,-2.6978419498391304e-14,0,0.0
baseline,b2482,1,0,0.9823718127269576,0.9823718127269844,-2.6978419498391304e-14,0,0.0
baseline,b2489,1,0,0.9823718127269576,0.9823718127269844,-2.6978419498391304e-14,0,0.0
baseline,b2720,2,0,0.9823718127269576,0.9823718127269844,-2.6978419498391304e-14,0,0.0
baseline,b2488,1,0,0.9823718127269576,0.9823718127269844,-2.6978419498391304e-14,0,0.0
baseline,b2490,1,0,0.9823718127269576,0.9823718127269844,-2.6978419498391304e-14,0,0.0
baseline,b2487,1,0,0.9823718127269576,0.9823718127269844,-2.6978419498391304e-14,0,0.0
baseline,b3924,5,289,0.9823718127269576,0.9822634765924388,0.0001083361345186,0,0.0667054275551132
baseline,b0684,7,440,0.9823718127269576,6.7615160548401395e-16,0.9823718127269568,1,15078.516174378748
baseline,b2895,7,440,0.9823718127269576,0.0,0.9823718127269576,1,15078.516174378745
baseline,b3288,1,4,0.9823718127269576,0.9823718127270314,-7.394085344003544e-14,0,0.0001045811093882
baseline,b0025,2,440,0.9823718127269576,4.735619134277613e-16,0.9823718127269572,1,15078.51617437875
baseline,b0937,2,4,0.9823718127269576,0.9823718127269788,-2.1205259770340493e-14,0,0.0001045811093882
baseline,b2912,1,0,0.9823718127269576,0.9823718127269734,-1.5876189252139742e-14,0,0.0
baseline,b2374,1,0,0.9823718127269576,0.9823718127269734,-1.5876189252139742e-14,0,0.0
baseline,b2492,2,0,0.9823718127269576,0.9823718127269734,-1.5876189252139742e-14,0,0.0
baseline,b0904,2,0,0.9823718127269576,0.9823718127269734,-1.5876189252139742e-14,0,0.0
baseline,b4154,2,0,0.9823718127269576,0.9823718127269734,-1.5876189252139742e-14,0,0.0
baseline,b4152,2,0,0.9823718127269576,0.9823718127269734,-1.5876189252139742e-14,0,0.0
baseline,b4153,2,0,0.9823718127269576,0.9823718127269734,-1.5876189252139742e-14,0,0.0
baseline,b4151,2,0,0.9823718127269576,0.9823718127269734,-1.5876189252139742e-14,0,0.0
baseline,b2168,1,0,0.9823718127269576,0.9823718127269734,-1.5876189252139742e-14,0,0.0
baseline,b3371,1,4,0.9823718127269576,0.9823718127269734,-1.5876189252139742e-14,0,1.9196475596277325e-07
baseline,b4474,1,0,0.9823718127269576,0.9823718127269734,-1.5876189252139742e-14,0,0.0
baseline,b3374,1,0,0.9823718127269576,0.9823718127269734,-1.5876189252139742e-14,0,0.0
baseline,b3370,2,0,0.9823718127269576,0.9823718127269734,-1.5876189252139742e-14,0,0.0
baseline,b4321,2,0,0.9823718127269576,0.9823718127269734,-1.5876189252139742e-14,0,0.0
baseline,b2169,1,0,0.9823718127269576,0.9823718127269734,-1.5876189252139742e-14,0,0.0
baseline,b2167,1,0,0.9823718127269576,0.9823718127269734,-1.5876189252139742e-14,0,0.0
baseline,b1232,1,0,0.9823718127269576,0.9823718127269734,-1.5876189252139742e-14,0,0.0
baseline,b2801,1,0,0.9823718127269576,0.9823718127269734,-1.5876189252139742e-14,0,0.0
baseline,b1611,1,442,0.9823718127269576,0.9027057627323584,0.079666049994599,0,1472.2364538369836
baseline,b1612,1,442,0.9823718127269576,0.9027057627325143,0.079666049994443,0,1472.2364538369836
baseline,b0621,4,0,0.9823718127269576,0.9823718127269868,-2.9420910152566655e-14,0,0.0
baseline,b3730,2,440,0.9823718127269576,-2.760267129403464e-16,0.9823718127269576,1,15078.51617437875
baseline,b1002,2,0,0.9823718127269576,0.9823718127269816,-2.398081733190338e-14,0,0.0
baseline,b3789,1,0,0.9823718127269576,0.9823718127269794,-2.1871393585115584e-14,0,0.0
baseline,b2039,1,0,0.9823718127269576,0.9823718127269794,-2.1871393585115584e-14,0,0.0
baseline,b0154,1,440,0.9823718127269576,5.910387306194869e-16,0.982371812726957,1,15078.516174378754
baseline,b2533,2,4,0.9823718127269576,0.9823718127269802,-2.2648549702353197e-14,0,0.0001045811093882
baseline,b4055,17,4,0.9823718127269576,0.9823718127269754,-1.787459069646502e-14,0,1.9196475647415282e-07
baseline,b4041,7,10,0.9823718127269576,0.9823718127269754,-1.787459069646502e-14,0,0.0281683122438907
baseline,b3451,7,0,0.9823718127269576,0.9823718127269754,-1.787459069646502e-14,0,0.0
baseline,b3452,7,0,0.9823718127269576,0.9823718127269754,-1.787459069646502e-14,0,0.0
baseline,b3453,7,0,0.9823718127269576,0.9823718127269754,-1.787459069646502e-14,0,0.0
baseline,b3450,7,0,0.9823718127269576,0.9823718127269754,-1.787459069646502e-14,0,0.0
baseline,b3608,1,440,0.9823718127269576,-1.0993846592890865e-15,0.9823718127269586,1,15078.516174378745
baseline,b2242,3,0,0.9823718127269576,0.9823718127269756,-1.8207657603852567e-14,0,0.0
baseline,b2241,3,0,0.9823718127269576,0.9823718127269754,-1.787459069646502e-14,0,0.0
baseline,b2243,3,0,0.9823718127269576,0.9823718127269754,-1.787459069646502e-14,0,0.0
baseline,b3426,1,0,0.9823718127269576,0.9823718127269754,-1.787459069646502e-14,0,0.0
baseline,b0243,1,314,0.9823718127269576,0.9814719407360808,0.0008998719908768,0,0.4155309779217488
baseline,b0678,1,0,0.9823718127269576,0.982371812726984,-2.642330798607873e-14,0,0.0
baseline,b1852,1,408,0.9823718127269576,0.9755115436722516,0.0068602690547059,0,176.2664490756792
baseline,b3128,1,0,0.9823718127269576,0.9823718127269776,-2.009503674571533e-14,0,0.0
baseline,b4358,1,0,0.9823718127269576,0.9823718127269744,-1.6764367671839864e-14,0,0.0
baseline,b4478,1,0,0.9823718127269576,0.9823718127269744,-1.6764367671839864e-14,0,0.0
baseline,b4356,1,0,0.9823718127269576,0.9823718127269744,-1.6764367671839864e-14,0,0.0
baseline,b3691,1,0,0.9823718127269576,0.9823718127269744,-1.6764367671839864e-14,0,0.0
baseline,b3127,3,0,0.9823718127269576,0.9823718127269744,-1.6764367671839864e-14,0,0.0
baseline,b2789,3,0,0.9823718127269576,0.9823718127269744,-1.6764367671839864e-14,0,0.0
baseline,b0757,1,0,0.9823718127269576,0.9823718127269744,-1.6764367671839864e-14,0,0.0
baseline,b2045,1,0,0.9823718127269576,0.9823718127269744,-1.6764367671839864e-14,0,0.0
baseline,b0756,1,0,0.9823718127269576,0.9823718127269744,-1.6764367671839864e-14,0,0.0
baseline,b4119,1,0,0.9823718127269576,0.9823718127269744,-1.6764367671839864e-14,0,0.0
baseline,b3628,1,0,0.9823718127269576,0.9823718127269744,-1.6764367671839864e-14,0,0.0
baseline,b2093,1,4,0.9823718127269576,0.9823718127269744,-1.6764367671839864e-14,0,1.9196475606785973e-07
baseline,b2092,1,4,0.9823718127269576,0.9823718127269744,-1.6764367671839864e-14,0,1.9196475606785973e-07
baseline,b2094,1,4,0.9823718127269576,0.9823718127269744,-1.6764367671839864e-14,0,1.9196475606785973e-07
baseline,b3093,2,0,0.9823718127269576,0.9823718127269744,-1.6764367671839864e-14,0,0.0
baseline,b1236,1,0,0.9823718127269576,0.9823718127269744,-1.6764367671839864e-14,0,0.0
baseline,b4230,2,0,0.9823718127269576,0.9823718127269744,-1.6764367671839864e-14,0,0.0
baseline,b2148,2,0,0.9823718127269576,0.9823718127269744,-1.6764367671839864e-14,0,0.0
baseline,b2149,2,0,0.9823718127269576,0.9823718127269744,-1.6764367671839864e-14,0,0.0
baseline,b2150,2,0,0.9823718127269576,0.9823718127269744,-1.6764367671839864e-14,0,0.0
baseline,b4231,2,0,0.9823718127269576,0.9823718127269744,-1.6764367671839864e-14,0,0.0
baseline,b4485,2,0,0.9823718127269576,0.9823718127269744,-1.6764367671839864e-14,0,0.0
baseline,b4227,2,0,0.9823718127269576,0.9823718127269744,-1.6764367671839864e-14,0,0.0
baseline,b2943,2,0,0.9823718127269576,0.9823718127269744,-1.6764367671839864e-14,0,0.0
baseline,b2500,1,341,0.9823718127269576,0.9808359597901825,0.001535852936775,0,0.7193531918055808
baseline,b1415,2,440,0.9823718127269576,1.4806883824448114e-15,0.982371812726956,1,15078.516174378748
baseline,b2052,2,0,0.9823718127269576,0.9823718127269724,-1.4765966227514582e-14,0,0.0
baseline,b2784,2,0,0.9823718127269576,0.9823718127269808,-2.320366121466577e-14,0,0.0
baseline,b3650,3,0,0.9823718127269576,0.9823718127269808,-2.320366121466577e-14,0,0.0
baseline,b2051,1,0,0.9823718127269576,0.9823718127269808,-2.320366121466577e-14,0,0.0
baseline,b2467,1,0,0.9823718127269576,0.9823718127269808,-2.320366121466577e-14,0,0.0
baseline,b3729,1,440,0.9823718127269576,1.2883107105407541e-22,0.9823718127269576,1,15078.51617437875
baseline,b1298,1,0,0.9823718127269576,0.982371812726974,-1.6542323066914832e-14,0,0.0
baseline,b1301,1,0,0.9823718127269576,0.9823718127269648,-7.438494264988549e-15,0,0.0
baseline,b1297,2,440,0.9823718127269576,-2.9535603559875274e-14,0.982371812726987,1,15078.516174378754
baseline,b3882,1,0,0.9823718127269576,0.9823718127269824,-2.4980018054066022e-14,0,0.0
baseline,b3432,1,0,0.9823718127269576,0.9823718127269792,-2.1649348980190556e-14,0,0.0
baseline,b0459,2,0,0.9823718127269576,0.9823718127269792,-2.1649348980190556e-14,0,0.0
baseline,b0124,1,0,0.9823718127269576,0.9823718127269792,-2.1649348980190556e-14,0,0.0
baseline,b0837,1,0,0.9823718127269576,0.9823718127269792,-2.1649348980190556e-14,0,0.0
baseline,b4476,1,0,0.9823718127269576,0.9823718127269792,-2.1649348980190556e-14,0,0.0
baseline,b3415,1,0,0.9823718127269576,0.9823718127269792,-2.1649348980190556e-14,0,0.0
baseline,b3417,5,4,0.9823718127269576,0.9823718127269792,-2.1649348980190556e-14,0,1.9196475565566485e-07
baseline,b3428,2,4,0.9823718127269576,0.9823718127269792,-2.1649348980190556e-14,0,1.9196475608729156e-07
baseline,b3126,1,0,0.9823718127269576,0.9823718127269792,-2.1649348980190556e-14,0,0.0
baseline,b2787,1,0,0.9823718127269576,0.9823718127269792,-2.1649348980190556e-14,0,0.0
baseline,b2788,1,0,0.9823718127269576,0.9823718127269792,-2.1649348980190556e-14,0,0.0
baseline,b3429,1,0,0.9823718127269576,0.9823718127269792,-2.1649348980190556e-14,0,0.0
baseline,b3631,1,0,0.9823718127269576,0.9823718127269792,-2.1649348980190556e-14,0,0.0
baseline,b3627,1,4,0.9823718127269576,0.9823718127269792,-2.1649348980190556e-14,0,1.919647563901805e-07
baseline,b3626,1,0,0.9823718127269576,0.9823718127269792,-2.1649348980190556e-14,0,0.0
baseline,b1621,2,419,0.9823718127269576,0.972002678119349,0.0103691346076084,0,506.3418731692788
baseline,b3431,1,0,0.9823718127269576,0.9823718127269756,-1.7985612998927536e-14,0,0.0
baseline,b3430,1,0,0.9823718127269576,0.9823718127269752,-1.7763568394002505e-14,0,0.0
baseline,b3870,1,440,0.9823718127269576,3.7079329919974164e-30,0.9823718127269576,1,15078.516174378754
baseline,b0680,1,0,0.9823718127269576,0.9823718127269876,-2.9976021664879227e-14,0,0.0
baseline,b0809,1,0,0.9823718127269576,0.9823718127269704,-1.2989609388114332e-14,0,0.0
baseline,b0810,1,0,0.9823718127269576,0.9823718127269704,-1.2989609388114332e-14,0,0.0
baseline,b0811,1,0,0.9823718127269576,0.9823718127269704,-1.2989609388114332e-14,0,0.0
baseline,b2091,1,4,0.9823718127269576,0.9823718127269704,-1.2989609388114332e-14,0,1.919647562909705e-07
baseline,b0242,1,316,0.9823718127269576,0.981471940736075,0.0008998719908824,0,0.4155388589383259
baseline,b1492,1,0,0.9823718127269576,0.9823718127269884,-3.086420008457935e-14,0,0.0
baseline,b2688,1,0,0.9823718127269576,0.9823718127269704,-1.2989609388114332e-14,0,0.0
baseline,b1493,1,0,0.9823718127269576,0.9823718127269704,-1.2989609388114332e-14,0,0.0
baseline,b3517,1,0,0.9823718127269576,0.9823718127269704,-1.2989609388114332e-14,0,0.0
baseline,b1761,1,416,0.9823718127269576,0.9487730068948004,0.0335988058321572,0,254.98926927629847
baseline,b1524,1,0,0.9823718127269576,0.9823718127269774,-1.9872992140790302e-14,0,0.0
baseline,b0485,1,0,0.9823718127269576,0.9823718127269744,-1.6986412276764895e-14,0,0.0
baseline,b2312,1,440,0.9823718127269576,-2.4332219246049907e-14,0.9823718127269818,1,15078.516174378748
baseline,b3967,1,440,0.9823718127269576,6.485153454920422e-17,0.9823718127269574,1,15078.51617437876
baseline,b3213,1,0,0.9823718127269576,0.9823718127269876,-2.9976021664879227e-14,0,0.0
baseline,b3212,1,4,0.9823718127269576,0.9823718127269744,-1.6986412276764895e-14,0,1.919647561651006e-07
baseline,b1210,1,440,0.9823718127269576,0.0,0.9823718127269576,1,15078.51617437875
baseline,b2400,1,440,0.9823718127269576,0.0,0.9823718127269576,1,15078.516174378748
baseline,b3653,1,0,0.9823718127269576,0.9823718127269752,-1.7652546091539992e-14,0,0.0
baseline,b0507,1,0,0.9823718127269576,0.9823718127269744,-1.6986412276764895e-14,0,0.0
baseline,b3927,3,0,0.9823718127269576,0.9823718127269744,-1.6986412276764895e-14,0,0.0
baseline,b3617,1,0,0.9823718127269576,0.9823718127269744,-1.6986412276764895e-14,0,0.0
baseline,b2240,1,4,0.9823718127269576,0.9823718127269744,-1.6986412276764895e-14,0,1.9196475629592213e-07
baseline,b0514,1,0,0.9823718127269576,0.9823718127269744,-1.6986412276764895e-14,0,0.0
baseline,b3124,1,0,0.9823718127269576,0.9823718127269744,-1.6986412276764895e-14,0,0.0
baseline,b2904,1,287,0.9823718127269576,0.9822049749742512,0.0001668377527064,0,0.1277759410377766
baseline,b2903,1,287,0.9823718127269576,0.982204974974257,0.0001668377527005,0,0.1277759410377766
baseline,b2905,1,287,0.9823718127269576,0.982204974974257,0.0001668377527005,0,0.1277759410377766
baseline,b1033,4,0,0.9823718127269576,0.98237181272698,-2.242650509742816e-14,0,0.0
baseline,b4468,3,231,0.9823718127269576,0.9823568206923756,1.499203458188436e-05,0,1.2534536290676264e-05
baseline,b4467,3,231,0.9823718127269576,0.9823568206923728,1.499203458465992e-05,0,1.2534536290676264e-05
baseline,b2979,3,231,0.9823718127269576,0.9823568206923728,1.499203458465992e-05,0,1.2534536290676264e-05
baseline,b3926,1,4,0.9823718127269576,0.9823718127269722,-1.4654943925052066e-14,0,1.9196475639137501e-07
baseline,b0212,1,0,0.9823718127269576,0.9823718127269792,-2.1649348980190556e-14,0,0.0
baseline,b3559,1,0,0.9823718127269576,0.9823718127269792,-2.1649348980190556e-14,0,0.0
baseline,b3560,1,0,0.9823718127269576,0.9823718127269792,-2.1649348980190556e-14,0,0.0
baseline,b2053,1,0,0.9823718127269576,0.9823718127269792,-2.1649348980190556e-14,0,0.0
baseline,b3052,2,4,0.9823718127269576,0.9823718127269792,-2.1649348980190556e-14,0,1.9196475615787117e-07
baseline,b0200,1,0,0.9823718127269576,0.9823718127269792,-2.1649348980190556e-14,0,0.0
baseline,b0104,1,0,0.9823718127269576,0.9823718127269792,-2.1649348980190556e-14,0,0.0
baseline,b2507,1,440,0.9823718127269576,7.559352243083071e-17,0.9823718127269574,1,15078.516174378758
baseline,b2029,1,409,0.9823718127269576,0.975511543672254,0.0068602690547033,0,176.26591877260344
baseline,b3437,1,0,0.9823718127269576,0.9823718127269754,-1.787459069646502e-14,0,0.0
baseline,b4268,1,0,0.9823718127269576,0.982371812726972,-1.4432899320127035e-14,0,0.0
baseline,b3449,5,0,0.9823718127269576,0.982371812726972,-1.4432899320127035e-14,0,0.0
baseline,b2239,5,0,0.9823718127269576,0.982371812726972,-1.4432899320127035e-14,0,0.0
baseline,b1654,6,0,0.9823718127269576,0.982371812726972,-1.4432899320127035e-14,0,0.0
baseline,b3610,6,0,0.9823718127269576,0.9823718127269724,-1.4765966227514582e-14,0,0.0
baseline,b0849,6,0,0.9823718127269576,0.9823718127269724,-1.4765966227514582e-14,0,0.0
baseline,b0477,2,0,0.9823718127269576,0.9823718127269724,-1.4765966227514582e-14,0,0.0
baseline,b2988,2,4,0.9823718127269576,0.9823718127269724,-1.4765966227514582e-14,0,1.9196475622541093e-07
baseline,b3500,1,0,0.9823718127269576,0.9823718127269724,-1.4765966227514582e-14,0,0.0
baseline,b1710,2,0,0.9823718127269576,0.9823718127269724,-1.4765966227514582e-14,0,0.0
baseline,b3447,1,4,0.9823718127269576,0.9823718127269724,-1.4765966227514582e-14,0,1.9196475619371043e-07
baseline,b0832,1,0,0.9823718127269576,0.9823718127269724,-1.4765966227514582e-14,0,0.0
baseline,b0829,1,0,0.9823718127269576,0.9823718127269724,-1.4765966227514582e-14,0,0.0
baseline,b0831,1,0,0.9823718127269576,0.9823718127269724,-1.4765966227514582e-14,0,0.0
baseline,b0830,1,0,0.9823718127269576,0.9823718127269724,-1.4765966227514582e-14,0,0.0
baseline,b2947,1,0,0.9823718127269576,0.9823718127269724,-1.4765966227514582e-14,0,0.0
baseline,b2153,1,440,0.9823718127269576,-6.906449103125618e-16,0.9823718127269582,1,15078.516174378765
baseline,b1277,1,440,0.9823718127269576,0.0,0.9823718127269576,1,15078.516174378748
baseline,b3779,1,4,0.9823718127269576,0.9823718127269772,-1.965094753586527e-14,0,0.0001045811093882
baseline,b2883,1,0,0.9823718127269576,0.9823718127269724,-1.4765966227514582e-14,0,0.0
baseline,b0125,2,0,0.9823718127269576,0.9823718127269724,-1.4765966227514582e-14,0,0.0
baseline,b0238,3,4,0.9823718127269576,0.9823718127269724,-1.4765966227514582e-14,0,1.9196475619113997e-07
baseline,b3092,2,0,0.9823718127269576,0.9823718127269724,-1.4765966227514582e-14,0,0.0
baseline,b1319,1,455,0.9823718127269576,0.3286782581954898,0.6536935545314677,0,17175.36717503055
baseline,b3875,1,455,0.9823718127269576,0.3286782581955088,0.6536935545314486,0,17175.36717503055
baseline,b0957,1,455,0.9823718127269576,0.3286782581955088,0.6536935545314486,0,17175.36717503055
baseline,b0875,1,458,0.9823718127269576,0.3772057054034193,0.6051661073235381,0,20862.90256685233
baseline,b1395,1,0,0.9823718127269576,0.9823718127270128,-5.540012892879532e-14,0,0.0
baseline,b4040,1,440,0.9823718127269576,1.0993846592890865e-15,0.9823718127269564,1,15078.51617437875
baseline,b0353,2,0,0.9823718127269576,0.9823718127269796,-2.220446049250313e-14,0,0.0
baseline,b0339,1,440,0.9823718127269576,8.200478040474157e-14,0.9823718127268756,1,15078.516174378748
baseline,b0126,1,440,0.9823718127269576,-4.263603644542154e-14,0.982371812727,1,15078.516174378748
baseline,b0261,2,4,0.9823718127269576,0.982371812726984,-2.642330798607873e-14,0,0.0001045811093882
baseline,b0428,1,0,0.9823718127269576,0.9823718127269824,-2.4868995751603507e-14,0,0.0
baseline,b3630,1,0,0.9823718127269576,0.9823718127269824,-2.4868995751603507e-14,0,0.0
baseline,b3625,1,0,0.9823718127269576,0.9823718127269824,-2.4868995751603507e-14,0,0.0
baseline,b3621,1,0,0.9823718127269576,0.9823718127269824,-2.4868995751603507e-14,0,0.0
baseline,b3620,1,0,0.9823718127269576,0.9823718127269824,-2.4868995751603507e-14,0,0.0
baseline,b3632,1,4,0.9823718127269576,0.9823718127269824,-2.4868995751603507e-14,0,1.9196475621453958e-07
baseline,b3623,1,0,0.9823718127269576,0.9823718127269824,-2.4868995751603507e-14,0,0.0
baseline,b2104,1,4,0.9823718127269576,0.9823718127269824,-2.4868995751603507e-14,0,1.919647511222193e-07
baseline,b2388,1,0,0.9823718127269576,0.9823718127269824,-2.4868995751603507e-14,0,0.0
baseline,b0394,1,0,0.9823718127269576,0.9823718127269824,-2.4868995751603507e-14,0,0.0
baseline,b2020,1,440,0.9823718127269576,-1.0993846592890865e-15,0.9823718127269586,1,15078.516174378748
baseline,b2022,2,440,0.9823718127269576,0.0,0.9823718127269576,1,15078.51617437875
baseline,b2514,1,4,0.9823718127269576,0.9823718127269778,-2.0317081350640365e-14,0,0.0001045811093882
baseline,b2309,1,0,0.9823718127269576,0.9823718127269824,-2.4868995751603507e-14,0,0.0
baseline,b0112,4,0,0.9823718127269576,0.9823718127269824,-2.4868995751603507e-14,0,0.0
baseline,b0349,2,0,0.9823718127269576,0.9823718127269824,-2.4868995751603507e-14,0,0.0
baseline,b3805,1,440,0.9823718127269576,1.0993846592890865e-15,0.9823718127269564,1,15078.51617437875
baseline,b2418,4,0,0.9823718127269576,0.9823718127269851,-2.76445533131664e-14,0,0.0
baseline,b2103,2,440,0.9823718127269576,0.0,0.9823718127269576,1,15078.516174378745
baseline,b0813,2,4,0.9823718127269576,0.9823718127269808,-2.3314683517128287e-14,0,0.0001045811093882
baseline,b3824,1,0,0.9823718127269576,0.9823718127269824,-2.4868995751603507e-14,0,0.0
baseline,b0352,1,0,0.9823718127269576,0.9823718127269824,-2.4868995751603507e-14,0,0.0
baseline,b0142,1,440,0.9823718127269576,-1.5490329849383226e-12,0.9823718127285064,1,15078.516174378758
baseline,b0508,1,0,0.9823718127269576,0.9823718127269768,-1.9206858326015208e-14,0,0.0
baseline,b0003,1,440,0.9823718127269576,-1.0993846592890865e-15,0.9823718127269586,1,15078.516174378748
baseline,b4013,1,440,0.9823718127269576,0.0,0.9823718127269576,1,15078.516174378754
baseline,b2021,1,440,0.9823718127269576,0.0,0.9823718127269576,1,15078.516174378745
baseline,b2867,2,0,0.9823718127269576,0.9823718127269824,-2.4980018054066022e-14,0,0.0
baseline,b2866,2,4,0.9823718127269576,0.9823718127269824,-2.4868995751603507e-14,0,1.919647562015847e-07
baseline,b2868,2,4,0.9823718127269576,0.9823718127269824,-2.4868995751603507e-14,0,1.919647562015847e-07
baseline,b2994,3,0,0.9823718127269576,0.9823718127269824,-2.4868995751603507e-14,0,0.0
baseline,b0973,3,0,0.9823718127269576,0.9823718127269824,-2.4868995751603507e-14,0,0.0
baseline,b0974,3,0,0.9823718127269576,0.9823718127269824,-2.4868995751603507e-14,0,0.0
baseline,b2997,3,0,0.9823718127269576,0.9823718127269824,-2.4868995751603507e-14,0,0.0
baseline,b2995,3,0,0.9823718127269576,0.9823718127269824,-2.4868995751603507e-14,0,0.0
baseline,b2996,3,0,0.9823718127269576,0.9823718127269824,-2.4868995751603507e-14,0,0.0
baseline,b0972,3,0,0.9823718127269576,0.9823718127269824,-2.4868995751603507e-14,0,0.0
baseline,b2530,6,440,0.9823718127269576,0.0,0.9823718127269576,1,15078.51617437875
baseline,b2529,6,112,0.9823718127269576,0.9823695798851084,2.232841849081346e-06,0,0.0001076854085875
baseline,b3807,4,440,0.9823718127269576,-1.0993846592890865e-15,0.9823718127269586,1,15078.516174378754
baseline,b2528,2,108,0.9823718127269576,0.9823695798850964,2.232841861071755e-06,0,3.1045369013866354e-06
baseline,b1136,1,442,0.9823718127269576,2.198769318578173e-15,0.9823718127269552,1,15247.972020260571
baseline,b2265,1,4,0.9823718127269576,0.9823718127269802,-2.2648549702353197e-14,0,1.919647562636097e-07
baseline,b0593,1,4,0.9823718127269576,0.982371812726974,-1.6542323066914832e-14,0,1.9196475619522145e-07
baseline,b0595,1,4,0.9823718127269576,0.982371812726974,-1.6542323066914832e-14,0,1.9196475625212317e-07
baseline,b4015,1,4,0.9823718127269576,0.982371812726974,-1.6542323066914832e-14,0,1.9196475618627657e-07
baseline,b4267,2,0,0.9823718127269576,0.982371812726974,-1.6542323066914832e-14,0,0.0
baseline,b2023,1,440,0.9823718127269576,-1.0993846592890865e-15,0.9823718127269586,1,15078.516174378756
baseline,b2025,1,440,0.9823718127269576,0.0,0.9823718127269576,1,15078.516174378754
baseline,b1262,2,440,0.9823718127269576,0.0,0.9823718127269576,1,15078.516174378748
baseline,b3770,4,440,0.9823718127269576,0.0,0.9823718127269576,1,15078.51617437875
baseline,b0026,1,4,0.9823718127269576,0.982371812726982,-2.4535928844215963e-14,0,0.0001045811093882
baseline,b0401,3,0,0.9823718127269576,0.982371812726974,-1.6542323066914832e-14,0,0.0
baseline,b2508,1,320,0.9823718127269576,0.981379785359556,0.0009920273674014,0,0.5035804247732417
baseline,b3265,1,0,0.9823718127269576,0.9823718127269768,-1.9428902930940243e-14,0,0.0
baseline,b3266,1,0,0.9823718127269576,0.9823718127269756,-1.7985612998927536e-14,0,0.0
baseline,b3161,2,4,0.9823718127269576,0.9823718127269756,-1.7985612998927536e-14,0,1.919647557765105e-07
baseline,b3679,1,4,0.9823718127269576,0.9823718127269756,-1.7985612998927536e-14,0,1.9196475633573813e-07
baseline,b2889,1,0,0.9823718127269576,0.9823718127269756,-1.7985612998927536e-14,0,0.0
baseline,b0073,1,440,0.9823718127269576,1.0993846592890865e-15,0.9823718127269564,1,15078.516174378752
baseline,b0071,2,440,0.9823718127269576,0.0,0.9823718127269576,1,15078.51617437875
baseline,b0072,2,440,0.9823718127269576,0.0,0.9823718127269576,1,15078.516174378748
baseline,b0074,1,440,0.9823718127269576,0.0,0.9823718127269576,1,15078.516174378754
baseline,b0918,1,440,0.9823718127269576,1.4250232379417314e-14,0.9823718127269432,1,15078.516174378754
baseline,b3198,1,440,0.9823718127269576,0.0,0.9823718127269576,1,15078.516174378752
baseline,b1215,1,440,0.9823718127269576,0.0,0.9823718127269576,1,15078.516174378758
baseline,b4196,1,0,0.9823718127269576,0.9823718127269911,-3.3639757646142243e-14,0,0.0
baseline,b3581,1,4,0.9823718127269576,0.9823718127269742,-1.6653345369377348e-14,0,1.919647562056584e-07
baseline,b0697,1,0,0.9823718127269576,0.9823718127269742,-1.6653345369377348e-14,0,0.0
baseline,b4513,1,0,0.9823718127269576,0.9823718127269742,-1.6653345369377348e-14,0,0.0
baseline,b0698,1,0,0.9823718127269576,0.9823718127269742,-1.6653345369377348e-14,0,0.0
baseline,b0696,1,0,0.9823718127269576,0.9823718127269742,-1.6653345369377348e-14,0,0.0
baseline,b3747,1,313,0.9823718127269576,0.981775683688674,0.0005961290382834,0,0.1010806388371275
baseline,b1363,1,313,0.9823718127269576,0.9817756836886704,0.0005961290382869,0,0.1010806388371275
baseline,b1250,1,313,0.9823718127269576,0.9817756836886704,0.0005961290382869,0,0.1010806388371275
baseline,b3849,1,313,0.9823718127269576,0.9817756836886704,0.0005961290382869,0,0.1010806388371275
baseline,b1291,1,313,0.9823718127269576,0.9817756836886704,0.0005961290382869,0,0.1010806388371275
baseline,b3290,1,313,0.9823718127269576,0.9817756836886704,0.0005961290382869,0,0.1010806388371275
baseline,b0047,1,0,0.9823718127269576,0.9823718127269708,-1.3211653993039364e-14,0,0.0
baseline,b0842,2,0,0.9823718127269576,0.9823718127269742,-1.6653345369377348e-14,0,0.0
baseline,b3350,1,0,0.9823718127269576,0.9823718127269742,-1.6653345369377348e-14,0,0.0
baseline,b3605,2,0,0.9823718127269576,0.9823718127269742,-1.6653345369377348e-14,0,0.0
baseline,b0306,2,0,0.9823718127269576,0.9823718127269742,-1.6653345369377348e-14,0,0.0
baseline,b0307,2,0,0.9823718127269576,0.9823718127269742,-1.6653345369377348e-14,0,0.0
baseline,b0308,2,0,0.9823718127269576,0.9823718127269742,-1.6653345369377348e-14,0,0.0
baseline,b2257,1,0,0.9823718127269576,0.9823718127269742,-1.6653345369377348e-14,0,0.0
baseline,b0344,1,0,0.9823718127269576,0.9823718127269742,-1.6653345369377348e-14,0,0.0
baseline,b2132,1,0,0.9823718127269576,0.9823718127269742,-1.6653345369377348e-14,0,0.0
baseline,b1326,1,0,0.9823718127269576,0.9823718127269742,-1.6653345369377348e-14,0,0.0
baseline,b4130,2,4,0.9823718127269576,0.9823718127269742,-1.6653345369377348e-14,0,1.9196475630681386e-07
baseline,b3496,2,4,0.9823718127269576,0.9823718127269742,-1.6653345369377348e-14,0,1.9196475630681386e-07
baseline,b0709,2,4,0.9823718127269576,0.9823718127269742,-1.6653345369377348e-14,0,1.9196475630681386e-07
baseline,b1634,2,4,0.9823718127269576,0.9823718127269742,-1.6653345369377348e-14,0,1.9196475630681386e-07
baseline,b2799,1,0,0.9823718127269576,0.9823718127269742,-1.6653345369377348e-14,0,0.0
baseline,b2170,1,0,0.9823718127269576,0.9823718127269742,-1.6653345369377348e-14,0,0.0
baseline,b0070,1,0,0.9823718127269576,0.9823718127269742,-1.6653345369377348e-14,0,0.0
baseline,b0343,1,0,0.9823718127269576,0.9823718127269742,-1.6653345369377348e-14,0,0.0
baseline,b1380,1,0,0.9823718127269576,0.9823718127269742,-1.6653345369377348e-14,0,0.0
baseline,b2133,2,0,0.9823718127269576,0.9823718127269742,-1.6653345369377348e-14,0,0.0
baseline,b4054,3,440,0.9823718127269576,0.0,0.9823718127269576,1,15078.516174378754
baseline,b0642,1,0,0.9823718127269576,0.9823718127269728,-1.5432100042289676e-14,0,0.0
baseline,b3458,1,0,0.9823718127269576,0.9823718127269856,-2.8088642523016464e-14,0,0.0
baseline,b1651,1,0,0.9823718127269576,0.9823718127269856,-2.8088642523016464e-14,0,0.0
baseline,b0622,2,0,0.9823718127269576,0.9823718127269856,-2.8088642523016464e-14,0,0.0
baseline,b4386,3,4,0.9823718127269576,0.9823718127269856,-2.8088642523016464e-14,0,1.9196475647413246e-07
baseline,b0630,1,0,0.9823718127269576,0.9823718127269856,-2.8088642523016464e-14,0,0.0
baseline,b0628,1,0,0.9823718127269576,0.9823718127269856,-2.8088642523016464e-14,0,0.0
baseline,b0182,1,440,0.9823718127269576,6.929719559086865e-16,0.9823718127269568,1,15078.516174378754
baseline,b0494,21,4,0.9823718127269576,0.9823718127269708,-1.3211653993039364e-14,0,0.0001045811093882
baseline,b3825,35,0,0.9823718127269576,0.9823718127269784,-2.0761170560490427e-14,0,0.0
baseline,b0186,1,0,0.9823718127269576,0.9823718127269784,-2.0761170560490427e-14,0,0.0
baseline,b4131,1,0,0.9823718127269576,0.9823718127269784,-2.0761170560490427e-14,0,0.0
baseline,b2890,1,0,0.9823718127269576,0.9823718127269784,-2.0761170560490427e-14,0,0.0
baseline,b2156,1,0,0.9823718127269576,0.9823718127269784,-2.0761170560490427e-14,0,0.0
baseline,b3903,2,4,0.9823718127269576,0.9823718127269784,-2.0761170560490427e-14,0,1.919643021221426e-07
baseline,b3907,2,0,0.9823718127269576,0.9823718127269784,-2.0761170560490427e-14,0,0.0
baseline,b3600,1,0,0.9823718127269576,0.9823718127269784,-2.0761170560490427e-14,0,0.0
baseline,b0777,1,440,0.9823718127269576,-1.0993846592890865e-15,0.9823718127269586,1,15078.51617437875
baseline,b1800,1,4,0.9823718127269576,0.9823718127269756,-1.7985612998927536e-14,0,0.0001045811093882
baseline,b4014,1,84,0.9823718127269576,0.9823697683316764,2.0443952810644817e-06,0,3.825112888509744e-06
baseline,b2976,1,84,0.9823718127269576,0.9823697683316812,2.0443952761795003e-06,0,3.825112888509744e-06
baseline,b2049,1,0,0.9823718127269576,0.9823718127269806,-2.3092638912203256e-14,0,0.0
baseline,b1613,1,0,0.9823718127269576,0.9823718127269704,-1.2989609388114332e-14,0,0.0
baseline,b4323,1,0,0.9823718127269576,0.9823718127269704,-1.2989609388114332e-14,0,0.0
baseline,b0731,1,0,0.9823718127269576,0.9823718127269704,-1.2989609388114332e-14,0,0.0
baseline,b0732,1,0,0.9823718127269576,0.9823718127269704,-1.2989609388114332e-14,0,0.0
baseline,b0334,1,0,0.9823718127269576,0.9823718127269704,-1.2989609388114332e-14,0,0.0
baseline,b0331,1,4,0.9823718127269576,0.9823718127269704,-1.2989609388114332e-14,0,1.9196475612810357e-07
baseline,b0333,1,0,0.9823718127269576,0.9823718127269704,-1.2989609388114332e-14,0,0.0
baseline,b1092,1,440,0.9823718127269576,6.448436111394444e-16,0.9823718127269568,1,15078.51617437875
baseline,b2521,1,0,0.9823718127269576,0.9823718127269776,-2.009503674571533e-14,0,0.0
baseline,b0149,5,440,0.9823718127269576,-1.0993846592890865e-15,0.9823718127269586,1,15078.516174378752
baseline,b0635,2,440,0.9823718127269576,0.0,0.9823718127269576,1,15078.516174378768
baseline,b3396,5,440,0.9823718127269576,0.0,0.9823718127269576,1,15078.516174378758
baseline,b0084,2,440,0.9823718127269576,0.0,0.9823718127269576,1,15078.516174378748
baseline,b0839,5,4,0.9823718127269576,0.9823718127269724,-1.4765966227514582e-14,0,0.0001045811093882
baseline,b2010,5,4,0.9823718127269576,0.9823718127269812,-2.3758772726978353e-14,0,1.919647562862084e-07
baseline,b3182,9,4,0.9823718127269576,0.9823718127269812,-2.3758772726978353e-14,0,1.9196475609525801e-07
baseline,b0632,5,4,0.9823718127269576,0.9823718127269812,-2.3758772726978353e-14,0,1.919647562862084e-07
baseline,b2134,4,0,0.9823718127269576,0.9823718127269812,-2.3758772726978353e-14,0,0.0
baseline,b2328,4,0,0.9823718127269576,0.9823718127269812,-2.3758772726978353e-14,0,0.0
baseline,b3236,1,415,0.9823718127269576,0.9663946546521008,0.0159771580748566,0,75.3325956445724
baseline,b2210,2,4,0.9823718127269576,0.98237181272697,-1.2434497875801752e-14,0,1.919647561316997e-07
baseline,b1479,1,0,0.9823718127269576,0.9823718127269772,-1.965094753586527e-14,0,0.0
baseline,b2463,1,0,0.9823718127269576,0.9823718127269772,-1.965094753586527e-14,0,0.0
baseline,b2515,1,440,0.9823718127269576,-1.0993846592890865e-15,0.9823718127269586,1,15078.516174378756
baseline,b2746,1,440,0.9823718127269576,0.0,0.9823718127269576,1,15078.51617437874
baseline,b4120,1,0,0.9823718127269576,0.982371812726979,-2.153832667772804e-14,0,0.0
baseline,b2747,1,440,0.9823718127269576,-6.074257615498389e-16,0.982371812726958,1,15078.516174378754
baseline,b2942,1,440,0.9823718127269576,0.0,0.9823718127269576,1,15078.516174378756
baseline,b0199,2,0,0.9823718127269576,0.9823718127269808,-2.3425705819590803e-14,0,0.0
baseline,b0197,2,0,0.9823718127269576,0.9823718127269772,-1.965094753586527e-14,0,0.0
baseline,b0198,2,0,0.9823718127269576,0.9823718127269772,-1.965094753586527e-14,0,0.0
baseline,b4019,1,440,0.9823718127269576,-1.0993846592890865e-15,0.9823718127269586,1,15078.516174378754
baseline,b3829,1,440,0.9823718127269576,0.0,0.9823718127269576,1,15078.516174378748
baseline,b4219,1,0,0.9823718127269576,0.9823718127269692,-1.1768364061026661e-14,0,0.0
baseline,b1778,1,0,0.9823718127269576,0.9823718127269772,-1.965094753586527e-14,0,0.0
baseline,b2114,1,0,0.9823718127269576,0.9823718127269772,-1.965094753586527e-14,0,0.0
baseline,b4242,2,0,0.9823718127269576,0.9823718127269772,-1.965094753586527e-14,0,0.0
baseline,b0963,1,0,0.9823718127269576,0.9823718127269772,-1.965094753586527e-14,0,0.0
baseline,b0403,5,0,0.9823718127269576,0.9823718127269772,-1.965094753586527e-14,0,0.0
baseline,b4392,4,0,0.9823718127269576,0.9823718127269772,-1.965094753586527e-14,0,0.0
baseline,b2963,4,0,0.9823718127269576,0.9823718127269772,-1.965094753586527e-14,0,0.0
baseline,b2558,4,0,0.9823718127269576,0.9823718127269772,-1.965094753586527e-14,0,0.0
baseline,b2813,4,0,0.9823718127269576,0.9823718127269772,-1.965094753586527e-14,0,0.0
baseline,b2701,4,0,0.9823718127269576,0.9823718127269772,-1.965094753586527e-14,0,0.0
baseline,b1193,4,0,0.9823718127269576,0.9823718127269772,-1.965094753586527e-14,0,0.0
baseline,b2919,1,0,0.9823718127269576,0.9823718127269772,-1.965094753586527e-14,0,0.0
baseline,b0260,1,0,0.9823718127269576,0.9823718127269772,-1.965094753586527e-14,0,0.0
baseline,b2917,1,0,0.9823718127269576,0.9823718127269772,-1.965094753586527e-14,0,0.0
baseline,b3599,1,0,0.9823718127269576,0.9823718127269772,-1.965094753586527e-14,0,0.0
baseline,b4322,1,0,0.9823718127269576,0.9823718127269772,-1.965094753586527e-14,0,0.0
baseline,b0784,2,440,0.9823718127269576,1.0993846592890865e-15,0.9823718127269564,1,15078.516174378752
baseline,b3633,2,440,0.9823718127269576,1.0961717214936453e-15,0.9823718127269564,1,15078.51617437875
baseline,b3624,1,4,0.9823718127269576,0.9823718127269888,-3.11972669919669e-14,0,0.0001045811093882
baseline,b3917,3,440,0.9823718127269576,-6.660732796349233e-16,0.9823718127269582,1,15078.516174378758
baseline,b0763,3,440,0.9823718127269576,0.0,0.9823718127269576,1,15078.516174378754
baseline,b2423,5,440,0.9823718127269576,0.0,0.9823718127269576,1,15078.51617437875
baseline,b0765,3,440,0.9823718127269576,0.0,0.9823718127269576,1,15078.516174378765
baseline,b2425,5,440,0.9823718127269576,0.0,0.9823718127269576,1,15078.516174378778
baseline,b2422,5,440,0.9823718127269576,0.0,0.9823718127269576,1,15078.516174378752
baseline,b0764,3,440,0.9823718127269576,0.0,0.9823718127269576,1,15078.516174378756
baseline,b2424,5,440,0.9823718127269576,0.0,0.9823718127269576,1,15078.516174378754
baseline,b2877,1,4,0.9823718127269576,0.9823718127269854,-2.7866597918091432e-14,0,0.0001045811093882
baseline,b0134,1,440,0.9823718127269576,-3.17971754074492e-12,0.9823718127301372,1,15078.516174378748
baseline,b0009,1,440,0.9823718127269576,0.0,0.9823718127269576,1,15078.516174378748
baseline,b2519,2,440,0.9823718127269576,0.0,0.9823718127269576,1,15078.516174378754
baseline,b1069,2,440,0.9823718127269576,0.0,0.9823718127269576,1,15078.516174378748
baseline,b0785,1,440,0.9823718127269576,0.0,0.9823718127269576,1,15078.516174378748
baseline,b0826,1,440,0.9823718127269576,0.0,0.9823718127269576,1,15078.51617437876
baseline,b1008,1,0,0.9823718127269576,0.9823718127269788,-2.142730437526552e-14,0,0.0
baseline,b0529,2,416,0.9823718127269576,0.970698089339366,0.0116737233875916,0,29.209110212380526
baseline,b3941,1,440,0.9823718127269576,0.0,0.9823718127269576,1,15078.51617437875
baseline,b1059,2,0,0.9823718127269576,0.9823718127269828,-2.5424107263916085e-14,0,0.0
baseline,b3996,1,4,0.9823718127269576,0.9823718127269776,-2.009503674571533e-14,0,1.9196475647542032e-07
baseline,b2411,1,4,0.9823718127269576,0.9823718127269776,-2.009503674571533e-14,0,1.9196475647542032e-07
baseline,b1109,3,0,0.9823718127269576,0.9823718127269776,-2.009503674571533e-14,0,0.0
baseline,b2284,3,426,0.9823718127269576,0.8226902785299907,0.1596815341969668,0,2209.966592266341
baseline,b2288,3,426,0.9823718127269576,0.8226902785299678,0.1596815341969897,0,2209.966592266341
baseline,b2280,3,426,0.9823718127269576,0.8226902785299678,0.1596815341969897,0,2209.966592266341
baseline,b2282,3,426,0.9823718127269576,0.8226902785299678,0.1596815341969897,0,2209.966592266341
baseline,b2277,3,426,0.9823718127269576,0.8226902785299678,0.1596815341969897,0,2209.966592266341
baseline,b2287,3,426,0.9823718127269576,0.8226902785299678,0.1596815341969897,0,2209.966592266341
baseline,b2276,3,426,0.9823718127269576,0.8226902785299678,0.1596815341969897,0,2209.966592266341
baseline,b2278,3,426,0.9823718127269576,0.8226902785299678,0.1596815341969897,0,2209.966592266341
baseline,b2286,3,426,0.9823718127269576,0.8226902785299678,0.1596815341969897,0,2209.966592266341
baseline,b2283,3,426,0.9823718127269576,0.8226902785299678,0.1596815341969897,0,2209.966592266341
baseline,b2279,3,426,0.9823718127269576,0.8226902785299678,0.1596815341969897,0,2209.966592266341
baseline,b2285,3,426,0.9823718127269576,0.8226902785299678,0.1596815341969897,0,2209.966592266341
baseline,b2281,3,426,0.9823718127269576,0.8226902785299678,0.1596815341969897,0,2209.966592266341
baseline,b2615,1,440,0.9823718127269576,6.600887541264015e-16,0.9823718127269568,1,15078.516174378758
baseline,b3028,3,0,0.9823718127269576,0.982371812726967,-9.547918011776346e-15,0,0.0
baseline,b1740,1,440,0.9823718127269576,1.2025754746746502e-12,0.9823718127257548,1,15078.51617437875
baseline,b1602,2,0,0.9823718127269576,0.982371812726986,-2.853273173286652e-14,0,0.0
baseline,b1603,2,0,0.9823718127269576,0.9823718127269806,-2.3092638912203256e-14,0,0.0
baseline,b3962,1,0,0.9823718127269576,0.9823718127269806,-2.3092638912203256e-14,0,0.0
baseline,b0931,1,0,0.9823718127269576,0.9823718127269806,-2.3092638912203256e-14,0,0.0
baseline,b1186,1,0,0.9823718127269576,0.9823718127269806,-2.3092638912203256e-14,0,0.0
baseline,b0019,1,0,0.9823718127269576,0.9823718127269806,-2.3092638912203256e-14,0,0.0
baseline,b2518,8,440,0.9823718127269576,5.067271472253304e-17,0.9823718127269576,1,15078.516174378756
baseline,b0451,1,440,0.9823718127269576,8.698909973709196e-15,0.9823718127269488,1,15078.516174378748
baseline,b2711,1,4,0.9823718127269576,0.9823718127270314,-7.394085344003544e-14,0,0.0001045811093882
baseline,b2710,1,0,0.9823718127269576,0.9823718127269756,-1.8207657603852567e-14,0,0.0
baseline,b3477,1,0,0.9823718127269576,0.9823718127269756,-1.8207657603852567e-14,0,0.0
baseline,b3476,1,0,0.9823718127269576,0.9823718127269756,-1.8207657603852567e-14,0,0.0
baseline,b3479,1,0,0.9823718127269576,0.9823718127269756,-1.8207657603852567e-14,0,0.0
baseline,b3480,1,0,0.9823718127269576,0.9823718127269756,-1.8207657603852567e-14,0,0.0
baseline,b3478,1,0,0.9823718127269576,0.9823718127269756,-1.8207657603852567e-14,0,0.0
baseline,b4390,1,0,0.9823718127269576,0.9823718127269756,-1.8207657603852567e-14,0,0.0
baseline,b0639,2,440,0.9823718127269576,-9.113898825506524e-13,0.9823718127278688,1,15078.516174378758
baseline,b0751,1,4,0.9823718127269576,0.9823718127269908,-3.341771304121721e-14,0,0.0001045811093882
baseline,b1768,1,0,0.9823718127269576,0.9823718127269688,-1.1324274851176595e-14,0,0.0
baseline,b1991,1,4,0.9823718127269576,0.9823718127269688,-1.1324274851176595e-14,0,1.919647565182101e-07
baseline,b0109,1,440,0.9823718127269576,7.653915997970618e-12,0.9823718127193036,1,15078.51617437875
baseline,b3367,1,4,0.9823718127269576,0.9823718127269848,-2.731148640577885e-14,0,0.0001045811093882
baseline,b1223,2,4,0.9823718127269576,0.9823718127269688,-1.1324274851176595e-14,0,1.919647561840367e-07
baseline,b2206,2,0,0.9823718127269576,0.9823718127269688,-1.1324274851176595e-14,0,0.0
baseline,b2204,1,0,0.9823718127269576,0.9823718127269688,-1.1324274851176595e-14,0,0.0
baseline,b2203,2,0,0.9823718127269576,0.9823718127269688,-1.1324274851176595e-14,0,0.0
baseline,b2205,1,0,0.9823718127269576,0.9823718127269688,-1.1324274851176595e-14,0,0.0
baseline,b2202,2,0,0.9823718127269576,0.9823718127269688,-1.1324274851176595e-14,0,0.0
baseline,b1468,2,0,0.9823718127269576,0.9823718127269688,-1.1324274851176595e-14,0,0.0
baseline,b1226,2,0,0.9823718127269576,0.9823718127269688,-1.1324274851176595e-14,0,0.0
baseline,b1227,2,0,0.9823718127269576,0.9823718127269688,-1.1324274851176595e-14,0,0.0
baseline,b1225,2,0,0.9823718127269576,0.9823718127269688,-1.1324274851176595e-14,0,0.0
baseline,b1465,2,0,0.9823718127269576,0.9823718127269688,-1.1324274851176595e-14,0,0.0
baseline,b1224,2,0,0.9823718127269576,0.9823718127269688,-1.1324274851176595e-14,0,0.0
baseline,b1466,2,0,0.9823718127269576,0.9823718127269688,-1.1324274851176595e-14,0,0.0
baseline,b1467,2,0,0.9823718127269576,0.9823718127269688,-1.1324274851176595e-14,0,0.0
baseline,b1469,1,0,0.9823718127269576,0.9823718127269688,-1.1324274851176595e-14,0,0.0
baseline,b2552,2,0,0.9823718127269576,0.9823718127269688,-1.1324274851176595e-14,0,0.0
baseline,b4374,3,4,0.9823718127269576,0.9823718127269688,-1.1324274851176595e-14,0,1.919647563084202e-07
baseline,b2291,6,0,0.9823718127269576,0.9823718127269688,-1.1324274851176595e-14,0,0.0
baseline,b2744,14,0,0.9823718127269576,0.9823718127269688,-1.1324274851176595e-14,0,0.0
baseline,b0480,17,4,0.9823718127269576,0.9823718127269688,-1.1324274851176595e-14,0,1.9196475605306802e-07
baseline,b4161,4,0,0.9823718127269576,0.9823718127269688,-1.1324274851176595e-14,0,0.0
baseline,b0650,1,0,0.9823718127269576,0.9823718127269688,-1.1324274851176595e-14,0,0.0
baseline,b4394,3,0,0.9823718127269576,0.9823718127269688,-1.1324274851176595e-14,0,0.0
baseline,b0980,2,0,0.9823718127269576,0.9823718127269688,-1.1324274851176595e-14,0,0.0
baseline,b2781,8,0,0.9823718127269576,0.9823718127269688,-1.1324274851176595e-14,0,0.0
baseline,b2954,3,0,0.9823718127269576,0.9823718127269688,-1.1324274851176595e-14,0,0.0
baseline,b1759,2,0,0.9823718127269576,0.9823718127269688,-1.1324274851176595e-14,0,0.0
baseline,b0160,2,0,0.9823718127269576,0.9823718127269688,-1.1324274851176595e-14,0,0.0
baseline,b3365,1,0,0.9823718127269576,0.9823718127269688,-1.1324274851176595e-14,0,0.0
baseline,b3366,1,0,0.9823718127269576,0.9823718127269688,-1.1324274851176595e-14,0,0.0
baseline,b4073,2,0,0.9823718127269576,0.9823718127269688,-1.1324274851176595e-14,0,0.0
baseline,b4071,2,0,0.9823718127269576,0.9823718127269688,-1.1324274851176595e-14,0,0.0
baseline,b4070,2,0,0.9823718127269576,0.9823718127269688,-1.1324274851176595e-14,0,0.0
baseline,b4072,2,0,0.9823718127269576,0.9823718127269688,-1.1324274851176595e-14,0,0.0
baseline,b2035,3,0,0.9823718127269576,0.9823718127269688,-1.1324274851176595e-14,0,0.0
baseline,b2027,3,0,0.9823718127269576,0.9823718127269688,-1.1324274851176595e-14,0,0.0
baseline,b2033,1,0,0.9823718127269576,0.9823718127269688,-1.1324274851176595e-14,0,0.0
baseline,b2037,1,0,0.9823718127269576,0.9823718127269688,-1.1324274851176595e-14,0,0.0
baseline,b2034,1,0,0.9823718127269576,0.9823718127269688,-1.1324274851176595e-14,0,0.0
baseline,b2032,1,0,0.9823718127269576,0.9823718127269688,-1.1324274851176595e-14,0,0.0
baseline,b3114,2,4,0.9823718127269576,0.9823718127269688,-1.1324274851176595e-14,0,1.9196475605836684e-07
baseline,b0903,2,4,0.9823718127269576,0.9823718127269688,-1.1324274851176595e-14,0,1.9196475605836684e-07
baseline,b0902,2,4,0.9823718127269576,0.9823718127269688,-1.1324274851176595e-14,0,1.9196475605836684e-07
baseline,b2579,2,4,0.9823718127269576,0.9823718127269688,-1.1324274851176595e-14,0,1.9196475605836684e-07
baseline,b0273,1,440,0.9823718127269576,0.0,0.9823718127269576,1,15078.516174378748
baseline,b4254,1,440,0.9823718127269576,0.0,0.9823718127269576,1,15078.51617437875
baseline,b3187,1,440,0.9823718127269576,0.0,0.9823718127269576,1,15078.516174378748
baseline,b0907,2,440,0.9823718127269576,7.224401100943821e-31,0.9823718127269576,1,15078.516174378748
baseline,b0662,1,0,0.9823718127269576,0.982371812726999,-4.1522341120980855e-14,0,0.0
baseline,b1281,1,440,0.9823718127269576,-2.198769318578173e-15,0.9823718127269596,1,15078.51617437875
baseline,b2907,1,4,0.9823718127269576,0.9823718127269864,-2.886579864025407e-14,0,0.0001045811093882
baseline,b0350,1,0,0.9823718127269576,0.9823718127269688,-1.1324274851176595e-14,0,0.0
baseline,b3843,1,440,0.9823718127269576,-1.0993846592890865e-15,0.9823718127269586,1,15078.51617437875
baseline,b2311,1,440,0.9823718127269576,0.0,0.9823718127269576,1,15078.516174378754
baseline,b3835,1,51,0.9823718127269576,0.9823715855715334,2.271554241373153e-07,0,0.0001049618651318
baseline,b2965,1,4,0.9823718127269576,0.9823718127269756,-1.8207657603852567e-14,0,1.919647561448167e-07
baseline,b0693,1,4,0.9823718127269576,0.9823718127269724,-1.4765966227514582e-14,0,1.919647561448167e-07
baseline,b3642,1,440,0.9823718127269576,-6.122711196116904e-16,0.9823718127269582,1,15078.516174378752
baseline,b2373,1,0,0.9823718127269576,0.982371812726982,-2.4424906541753444e-14,0,0.0
baseline,b1387,1,0,0.9823718127269576,0.9823718127269724,-1.4765966227514582e-14,0,0.0
baseline,b1394,2,0,0.9823718127269576,0.9823718127269724,-1.4765966227514582e-14,0,0.0
baseline,b1014,2,4,0.9823718127269576,0.9823718127269724,-1.4765966227514582e-14,0,1.9196475639981297e-07
baseline,b0386,1,440,0.9823718127269576,-3.426779904593432e-16,0.9823718127269578,1,15078.516174378752
baseline,b1391,1,0,0.9823718127269576,0.9823718127269888,-3.1308289294429414e-14,0,0.0
baseline,b1390,1,0,0.9823718127269576,0.9823718127269724,-1.4765966227514582e-14,0,0.0
baseline,b1392,1,0,0.9823718127269576,0.9823718127269724,-1.4765966227514582e-14,0,0.0
baseline,b1388,1,0,0.9823718127269576,0.9823718127269724,-1.4765966227514582e-14,0,0.0
baseline,b1389,1,0,0.9823718127269576,0.9823718127269724,-1.4765966227514582e-14,0,0.0
baseline,b1398,1,4,0.9823718127269576,0.9823718127269724,-1.4765966227514582e-14,0,1.9196475709931734e-07
baseline,b0133,1,440,0.9823718127269576,-1.6244993518278903e-16,0.9823718127269576,1,15078.516174378754
baseline,b1278,30,440,0.9823718127269576,0.0,0.9823718127269576,1,15078.516174378754
baseline,b0087,1,440,0.9823718127269576,0.0,0.9823718127269576,1,15078.516174378754
baseline,b2762,2,440,0.9823718127269576,0.0,0.9823718127269576,1,15078.516174378756
baseline,b1489,2,8,0.9823718127269576,0.9823718127269864,-2.8754776337791554e-14,0,0.0001047730741445
baseline,b0114,1,415,0.9823718127269576,0.965267486542292,0.0171043261846655,0,385.1367751525344
baseline,b0115,1,415,0.9823718127269576,0.9652674865422944,0.0171043261846631,0,385.1367751525344
baseline,b1638,2,0,0.9823718127269576,0.9823718127269774,-1.9872992140790302e-14,0,0.0
baseline,b2564,1,440,0.9823718127269576,-8.077410974511691e-17,0.9823718127269576,1,15078.516174378752
baseline,b0052,1,440,0.9823718127269576,0.0,0.9823718127269576,1,15078.516174378748
baseline,b0766,2,0,0.9823718127269576,0.98237181272697,-1.2434497875801752e-14,0,0.0
baseline,b2320,1,440,0.9823718127269576,-1.0993846592890865e-15,0.9823718127269586,1,15078.516174378754
baseline,b3546,2,0,0.9823718127269576,0.9823718127269916,-3.4083846855992306e-14,0,0.0
baseline,b1723,1,5,0.9823718127269576,0.9823718127269708,-1.3433698597964394e-14,0,165.42920992966472
baseline,b3916,3,412,0.9823718127269576,0.975249617695129,0.0071221950318285,0,332.19955456259
baseline,b3952,1,4,0.9823718127269576,0.9823718127269812,-2.3758772726978353e-14,0,1.919647563570876e-07
baseline,b3951,1,4,0.9823718127269576,0.982371812726988,-3.0531133177191805e-14,0,1.919647563570876e-07
baseline,b3176,1,440,0.9823718127269576,-3.4558021659414537e-15,0.982371812726961,1,15078.516174378754
baseline,b2913,1,419,0.9823718127269576,0.960665997674493,0.0217058150524644,0,98.58009603115876
baseline,b4025,1,411,0.9823718127269576,0.9761293262947351,0.0062424864322223,0,315.6344609908285
baseline,b2926,1,435,0.9823718127269576,0.7592591987990766,0.2231126139278809,0,2605.1935536544297
baseline,b0767,1,408,0.9823718127269576,0.9755115436722483,0.0068602690547091,0,176.26644907579455
baseline,b3385,1,0,0.9823718127269576,0.9823718127269784,-2.0983215165415462e-14,0,0.0
baseline,b3612,1,433,0.9823718127269576,0.8747388596269837,0.1076329530999737,0,1701.4124728315105
baseline,b0755,1,433,0.9823718127269576,0.8747388596269788,0.1076329530999786,0,1701.4124728315105
baseline,b4395,1,433,0.9823718127269576,0.8747388596269788,0.1076329530999786,0,1701.4124728315105
baseline,b0688,1,4,0.9823718127269576,0.9823718127269916,-3.4083846855992306e-14,0,1.919647562599627e-07
baseline,b2690,1,4,0.9823718127269576,0.9823718127269824,-2.4980018054066022e-14,0,1.919647562599627e-07
baseline,b0418,14,4,0.9823718127269576,0.9823718127269824,-2.4980018054066022e-14,0,1.9196475629991954e-07
baseline,b1912,7,4,0.9823718127269576,0.9823718127269824,-2.4980018054066022e-14,0,1.9196475627540165e-07
baseline,b2199,1,0,0.9823718127269576,0.9823718127269824,-2.4980018054066022e-14,0,0.0
baseline,b2200,1,0,0.9823718127269576,0.9823718127269824,-2.4980018054066022e-14,0,0.0
baseline,b2197,1,0,0.9823718127269576,0.9823718127269824,-2.4980018054066022e-14,0,0.0
baseline,b2198,1,0,0.9823718127269576,0.9823718127269824,-2.4980018054066022e-14,0,0.0
baseline,b2201,1,0,0.9823718127269576,0.9823718127269824,-2.4980018054066022e-14,0,0.0
baseline,b1713,1,0,0.9823718127269576,0.9823718127269824,-2.4980018054066022e-14,0,0.0
baseline,b1714,1,0,0.9823718127269576,0.9823718127269824,-2.4980018054066022e-14,0,0.0
baseline,b1473,3,4,0.9823718127269576,0.9823718127269824,-2.4980018054066022e-14,0,1.9196475622603813e-07
baseline,b0576,2,0,0.9823718127269576,0.9823718127269824,-2.4980018054066022e-14,0,0.0
baseline,b3493,1,365,0.9823718127269576,0.9794328124225709,0.0029390003043867,0,2.461168563544329
baseline,b2987,1,365,0.9823718127269576,0.9794328124225664,0.0029390003043909,0,2.461168563544329
baseline,b3725,1,0,0.9823718127269576,0.9823718127269788,-2.1205259770340493e-14,0,0.0
baseline,b3726,1,0,0.9823718127269576,0.9823718127269824,-2.4980018054066022e-14,0,0.0
baseline,b3727,1,0,0.9823718127269576,0.9823718127269824,-2.4980018054066022e-14,0,0.0
baseline,b3728,1,0,0.9823718127269576,0.9823718127269824,-2.4980018054066022e-14,0,0.0
baseline,b3821,42,0,0.9823718127269576,0.9823718127269824,-2.4980018054066022e-14,0,0.0
baseline,b2048,1,4,0.9823718127269576,0.9823718127269824,-2.4980018054066022e-14,0,1.919647560418383e-07
baseline,b3412,1,440,0.9823718127269576,-1.0993846592890865e-15,0.9823718127269586,1,15078.516174378756
baseline,b3974,1,440,0.9823718127269576,0.0,0.9823718127269576,1,15078.516174378754
baseline,b3258,1,4,0.9823718127269576,0.9823718127269732,-1.5654144647214707e-14,0,0.0001045811093882
baseline,b1010,1,0,0.9823718127269576,0.9823718127269724,-1.4765966227514582e-14,0,0.0
baseline,b1378,1,284,0.9823718127269576,0.9822610436172046,0.0001107691097529,0,0.0575670334056155
baseline,b0871,1,0,0.9823718127269576,0.9823718127269844,-2.6867397195928788e-14,0,0.0
baseline,b4226,1,0,0.9823718127269576,0.9823718127269698,-1.2323475573339238e-14,0,0.0
baseline,b2502,2,0,0.9823718127269576,0.9823718127269698,-1.2323475573339238e-14,0,0.0
baseline,b1015,2,0,0.9823718127269576,0.9823718127269698,-1.2323475573339238e-14,0,0.0
baseline,b0369,1,440,0.9823718127269576,0.0,0.9823718127269576,1,15078.516174378748
baseline,b3956,1,365,0.9823718127269576,0.9793665304080766,0.0030052823188808,0,125.60931037807973
baseline,b3639,2,440,0.9823718127269576,-1.971196694105332e-12,0.9823718127289288,1,15078.51617437876
baseline,b3403,1,0,0.9823718127269576,0.9823718127268708,8.659739592076222e-14,0,0.0
baseline,b2920,1,4,0.9823718127269576,0.9823718127269612,-3.552713678800501e-15,0,1.919647562473476e-07
baseline,b2501,2,413,0.9823718127269576,0.9683007850328256,0.0140710276941319,0,33.03277919999337
baseline,b4383,2,7,0.9823718127269576,0.982371812727215,-2.574607194105738e-13,0,3.0597078016773447e-06
baseline,b3380,1,7,0.9823718127269576,0.9823718127269698,-1.2323475573339238e-14,0,3.059707801475483e-06
baseline,b3850,2,440,0.9823718127269576,2.198769318578173e-15,0.9823718127269552,1,15078.516174378748
baseline,b2536,1,8,0.9823718127269576,0.9823718127269708,-1.3433698597964394e-14,0,0.0001047730741445
baseline,b1702,1,0,0.9823718127269576,0.9823718127269836,-2.6090241078691182e-14,0,0.0
baseline,b0383,1,0,0.9823718127269576,0.9823718127269836,-2.6090241078691182e-14,0,0.0
baseline,b4005,1,440,0.9823718127269576,1.1213723524748681e-13,0.9823718127268454,1,15078.51617437875
baseline,b2499,1,440,0.9823718127269576,-1.0785773909755315e-14,0.9823718127269684,1,15078.516174378754
baseline,b2026,2,440,0.9823718127269576,7.496493015272243e-17,0.9823718127269574,1,15078.516174378748
baseline,b2476,1,440,0.9823718127269576,5.652503236059954e-15,0.9823718127269518,1,15078.516174378758
baseline,b2557,1,440,0.9823718127269576,-1.6532725170007157e-14,0.982371812726974,1,15078.516174378754
baseline,b2024,1,440,0.9823718127269576,-1.9201066869116862e-16,0.9823718127269576,1,15078.516174378754
baseline,b0194,1,0,0.9823718127269576,0.9823718127269814,-2.3869795029440862e-14,0,0.0
baseline,b1207,1,9,0.9823718127269576,0.9823718127269836,-2.6090241078691182e-14,0,4.19937392502488
baseline,b0908,1,440,0.9823718127269576,4.397538637156345e-15,0.9823718127269532,1,15078.516174378748
baseline,b4160,7,440,0.9823718127269576,0.0,0.9823718127269576,1,15078.51617437875
baseline,b4388,1,419,0.9823718127269576,0.9606659976734248,0.0217058150535326,0,98.58009603115774
baseline,b2585,7,440,0.9823718127269576,0.0,0.9823718127269576,1,15078.51617437875
baseline,b2297,2,9,0.9823718127269576,0.9823718127269802,-2.2648549702353197e-14,0,1.6377767495312558
baseline,b2458,1,5,0.9823718127269576,0.9823718127269828,-2.5424107263916085e-14,0,1.637672168420394
baseline,b3634,1,440,0.9823718127269576,3.328936748327354e-12,0.9823718127236286,1,15078.516174378756
baseline,b0692,2,4,0.9823718127269576,0.9823718127269796,-2.220446049250313e-14,0,0.0001045811093882
baseline,b3073,1,0,0.9823718127269576,0.9823718127269828,-2.5424107263916085e-14,0,0.0
baseline,b0854,1,0,0.9823718127269576,0.9823718127269828,-2.5424107263916085e-14,0,0.0
baseline,b1123,2,0,0.9823718127269576,0.9823718127269828,-2.5424107263916085e-14,0,0.0
baseline,b0856,1,0,0.9823718127269576,0.9823718127269828,-2.5424107263916085e-14,0,0.0
baseline,b1442,2,0,0.9823718127269576,0.9823718127269828,-2.5424107263916085e-14,0,0.0
baseline,b0857,1,0,0.9823718127269576,0.9823718127269828,-2.5424107263916085e-14,0,0.0
baseline,b0855,1,0,0.9823718127269576,0.9823718127269828,-2.5424107263916085e-14,0,0.0
baseline,b1124,2,0,0.9823718127269576,0.9823718127269828,-2.5424107263916085e-14,0,0.0
baseline,b1443,2,0,0.9823718127269576,0.9823718127269828,-2.5424107263916085e-14,0,0.0
baseline,b1440,2,0,0.9823718127269576,0.9823718127269828,-2.5424107263916085e-14,0,0.0
baseline,b1126,2,0,0.9823718127269576,0.9823718127269828,-2.5424107263916085e-14,0,0.0
baseline,b1125,2,0,0.9823718127269576,0.9823718127269828,-2.5424107263916085e-14,0,0.0
baseline,b1441,2,0,0.9823718127269576,0.9823718127269828,-2.5424107263916085e-14,0,0.0
baseline,b1296,1,4,0.9823718127269576,0.9823718127269828,-2.5424107263916085e-14,0,1.919647567057693e-07
baseline,b2407,5,4,0.9823718127269576,0.9823718127269828,-2.5424107263916085e-14,0,1.9196475618567997e-07
baseline,b1636,1,0,0.9823718127269576,0.9823718127269828,-2.5424107263916085e-14,0,0.0
baseline,b3826,1,4,0.9823718127269576,0.9823718127269828,-2.5424107263916085e-14,0,1.919647562535084e-07
baseline,b1854,1,4,0.9823718127269576,0.9823718127269828,-2.5424107263916085e-14,0,1.919647562773709e-07
baseline,b1676,1,4,0.9823718127269576,0.9823718127269778,-2.0317081350640365e-14,0,1.919647562773709e-07
baseline,b3831,1,0,0.9823718127269576,0.9823718127269778,-2.0317081350640365e-14,0,0.0
baseline,b1007,1,0,0.9823718127269576,0.9823718127269778,-2.0317081350640365e-14,0,0.0
baseline,b1012,1,0,0.9823718127269576,0.9823718127269778,-2.0317081350640365e-14,0,0.0
baseline,b3029,2,0,0.9823718127269576,0.9823718127269778,-2.0317081350640365e-14,0,0.0
baseline,b1692,2,440,0.9823718127269576,7.695692615023604e-15,0.9823718127269498,1,15078.516174378752
baseline,b0750,1,440,0.9823718127269576,0.0,0.9823718127269576,1,15078.516174378756
baseline,b4094,1,4,0.9823718127269576,0.9823718127269744,-1.6764367671839864e-14,0,0.0001045811093882
baseline,b1662,1,440,0.9823718127269576,5.155767230735773e-16,0.982371812726957,1,15078.516174378748
baseline,b0415,1,440,0.9823718127269576,0.0,0.9823718127269576,1,15078.51617437875
baseline,b3752,1,0,0.9823718127269576,0.9823718127269868,-2.9198865547641623e-14,0,0.0
baseline,b0063,3,0,0.9823718127269576,0.9823718127269612,-3.774758283725532e-15,0,0.0
baseline,b4198,1,0,0.9823718127269576,0.9823718127269612,-3.774758283725532e-15,0,0.0
baseline,b3583,1,0,0.9823718127269576,0.9823718127269612,-3.774758283725532e-15,0,0.0
baseline,b0061,1,0,0.9823718127269576,0.9823718127269612,-3.774758283725532e-15,0,0.0
baseline,b3629,1,0,0.9823718127269576,0.9823718127269612,-3.774758283725532e-15,0,0.0
baseline,b2687,1,440,0.9823718127269576,0.0,0.9823718127269576,1,15078.516174378754
baseline,b3748,1,0,0.9823718127269576,0.9823718127269766,-1.9095836023552686e-14,0,0.0
baseline,b3749,1,0,0.9823718127269576,0.9823718127269612,-3.774758283725532e-15,0,0.0
baseline,b3751,1,0,0.9823718127269576,0.9823718127269612,-3.774758283725532e-15,0,0.0
baseline,b3750,1,0,0.9823718127269576,0.9823718127269612,-3.774758283725532e-15,0,0.0
baseline,b3904,1,0,0.9823718127269576,0.9823718127269612,-3.774758283725532e-15,0,0.0
baseline,b3902,1,0,0.9823718127269576,0.9823718127269612,-3.774758283725532e-15,0,0.0
baseline,b2234,4,4,0.9823718127269576,0.9823718127269612,-3.774758283725532e-15,0,1.919647564636885e-07
baseline,b2235,4,4,0.9823718127269576,0.9823718127269612,-3.774758283725532e-15,0,1.919647564636885e-07
baseline,b2676,4,0,0.9823718127269576,0.9823718127269612,-3.774758283725532e-15,0,0.0
baseline,b2675,4,0,0.9823718127269576,0.9823718127269612,-3.774758283725532e-15,0,0.0
baseline,b4238,4,289,0.9823718127269576,0.9822634765924126,0.0001083361345448,0,0.0667054275487813
baseline,b4237,4,289,0.9823718127269576,0.9822634765924292,0.0001083361345282,0,0.0667054275487813
baseline,b3386,1,407,0.9823718127269576,0.97742371082652,0.0049481019004373,0,92.67243614534648
baseline,b4301,1,407,0.9823718127269576,0.97742371082655,0.0049481019004076,0,92.67243614534648
baseline,b2914,1,439,0.9823718127269576,0.3344382452963519,0.6479335674306056,0,3949.7011586138337
baseline,b0638,1,0,0.9823718127269576,0.9823718127269844,-2.6978419498391304e-14,0,0.0
baseline,b1683,6,0,0.9823718127269576,0.9823718127269758,-1.8318679906315083e-14,0,0.0
baseline,b1679,4,0,0.9823718127269576,0.9823718127269758,-1.8318679906315083e-14,0,0.0
baseline,b1680,4,0,0.9823718127269576,0.9823718127269758,-1.8318679906315083e-14,0,0.0
baseline,b1682,6,0,0.9823718127269576,0.9823718127269758,-1.8318679906315083e-14,0,0.0
baseline,b1681,6,0,0.9823718127269576,0.9823718127269758,-1.8318679906315083e-14,0,0.0
baseline,b1684,2,0,0.9823718127269576,0.9823718127269758,-1.8318679906315083e-14,0,0.0
baseline,b0222,1,4,0.9823718127269576,0.9823718127269758,-1.8318679906315083e-14,0,1.919647566967089e-07
baseline,b1745,1,4,0.9823718127269576,0.9823718127269758,-1.8318679906315083e-14,0,1.9196475623132112e-07
baseline,b2751,1,440,0.9823718127269576,1.3192615911469035e-14,0.9823718127269444,1,15078.516174378754
baseline,b2752,1,440,0.9823718127269576,0.0,0.9823718127269576,1,15078.516174378754
baseline,b2705,1,0,0.9823718127269576,0.982371812726988,-3.0531133177191805e-14,0,0.0
baseline,b2703,1,0,0.9823718127269576,0.9823718127269758,-1.8318679906315083e-14,0,0.0
baseline,b2704,1,0,0.9823718127269576,0.9823718127269758,-1.8318679906315083e-14,0,0.0
baseline,b2702,1,0,0.9823718127269576,0.9823718127269758,-1.8318679906315083e-14,0,0.0
baseline,b2472,1,440,0.9823718127269576,0.0,0.9823718127269576,1,15078.516174378752
baseline,b3591,1,4,0.9823718127269576,0.9823718127269832,-2.5757174171303632e-14,0,0.0001045811093882
baseline,b1764,1,4,0.9823718127269576,0.9823718127269758,-1.8318679906315083e-14,0,1.919647562363676e-07
baseline,b2264,1,0,0.9823718127269576,0.9823718127269758,-1.8318679906315083e-14,0,0.0
baseline,b0586,1,0,0.9823718127269576,0.9823718127269758,-1.8318679906315083e-14,0,0.0
baseline,b3607,1,440,0.9823718127269576,1.3192615911469035e-14,0.9823718127269444,1,15078.516174378748
baseline,b2366,1,4,0.9823718127269576,0.9823718127269824,-2.4980018054066022e-14,0,0.0001045811093882
baseline,b2797,1,0,0.9823718127269576,0.9823718127269758,-1.8318679906315083e-14,0,0.0
baseline,b4471,1,0,0.9823718127269576,0.9823718127269758,-1.8318679906315083e-14,0,0.0
baseline,b1814,1,0,0.9823718127269576,0.9823718127269758,-1.8318679906315083e-14,0,0.0
baseline,b0893,2,4,0.9823718127269576,0.9823718127269758,-1.8318679906315083e-14,0,1.919647562342756e-07
baseline,b2796,1,4,0.9823718127269576,0.9823718127269758,-1.8318679906315083e-14,0,1.9196475617706697e-07
baseline,b3116,2,8,0.9823718127269576,0.9823718127269758,-1.8318679906315083e-14,0,0.0001047730741446
baseline,b3089,2,4,0.9823718127269576,0.9823718127269824,-2.4868995751603507e-14,0,0.0001045811093882
baseline,b2154,1,0,0.9823718127269576,0.9823718127269824,-2.4868995751603507e-14,0,0.0
baseline,b0355,1,0,0.9823718127269576,0.9823718127269824,-2.4868995751603507e-14,0,0.0
baseline,b1744,1,0,0.9823718127269576,0.9823718127269824,-2.4868995751603507e-14,0,0.0
baseline,b1746,1,4,0.9823718127269576,0.9823718127269824,-2.4868995751603507e-14,0,1.9196475606695565e-07
baseline,b2263,1,0,0.9823718127269576,0.9823718127269824,-2.4868995751603507e-14,0,0.0
baseline,b3368,3,440,0.9823718127269576,4.695994687335574e-16,0.9823718127269572,1,15078.51617437875
baseline,b3281,1,440,0.9823718127269576,0.0,0.9823718127269576,1,15078.516174378754
baseline,b0388,1,440,0.9823718127269576,2.497289581028299e-30,0.9823718127269576,1,15078.516174378754
baseline,b3390,1,440,0.9823718127269576,0.0,0.9823718127269576,1,15078.51617437876
baseline,b3939,1,440,0.9823718127269576,0.0,0.9823718127269576,1,15078.516174378748
baseline,b1981,1,0,0.9823718127269576,0.9823718127269766,-1.9095836023552686e-14,0,0.0
baseline,b1206,1,314,0.9823718127269576,0.9816016874721472,0.0007701252548103,0,0.1687198272678621
baseline,b1584,2,0,0.9823718127269576,0.9823718127269792,-2.1649348980190556e-14,0,0.0
baseline,b1599,1,0,0.9823718127269576,0.9823718127269824,-2.4868995751603507e-14,0,0.0
baseline,b1600,1,0,0.9823718127269576,0.9823718127269824,-2.4868995751603507e-14,0,0.0
baseline,b3908,1,0,0.9823718127269576,0.9823718127269824,-2.4868995751603507e-14,0,0.0
baseline,b1656,1,0,0.9823718127269576,0.9823718127269824,-2.4868995751603507e-14,0,0.0
baseline,b1646,1,0,0.9823718127269576,0.9823718127269824,-2.4868995751603507e-14,0,0.0
baseline,b1525,2,0,0.9823718127269576,0.9823718127269824,-2.4868995751603507e-14,0,0.0
baseline,b2661,1,0,0.9823718127269576,0.9823718127269824,-2.4868995751603507e-14,0,0.0
baseline,b2260,1,4,0.9823718127269576,0.9823718127269824,-2.4868995751603507e-14,0,1.9196475615785203e-07
baseline,b2261,1,0,0.9823718127269576,0.9823718127269824,-2.4868995751603507e-14,0,0.0
baseline,b0721,1,433,0.9823718127269576,0.9566911236138222,0.0256806891131352,0,1534.606237794696
baseline,b0722,1,433,0.9823718127269576,0.9566911236138248,0.0256806891131328,0,1534.606237794696
baseline,b0724,1,433,0.9823718127269576,0.9566911236138248,0.0256806891131328,0,1534.606237794696
baseline,b0723,1,433,0.9823718127269576,0.9566911236138248,0.0256806891131328,0,1534.606237794696
baseline,b0728,1,362,0.9823718127269576,0.9794797645370018,0.0028920481899556,0,116.32212551319311
baseline,b0729,1,362,0.9823718127269576,0.9794797645369996,0.002892048189958,0,116.32212551319311
baseline,b1521,1,0,0.9823718127269576,0.9823718127269836,-2.620126338115369e-14,0,0.0
baseline,b2464,1,0,0.9823718127269576,0.9823718127269704,-1.2878587085651816e-14,0,0.0
baseline,b0008,1,0,0.9823718127269576,0.9823718127269696,-1.199040866595169e-14,0,0.0
baseline,b3062,1,0,0.9823718127269576,0.9823718127269696,-1.199040866595169e-14,0,0.0
baseline,b3061,1,0,0.9823718127269576,0.9823718127269696,-1.199040866595169e-14,0,0.0
baseline,b3063,1,0,0.9823718127269576,0.9823718127269696,-1.199040866595169e-14,0,0.0
baseline,b0368,1,0,0.9823718127269576,0.9823718127269696,-1.199040866595169e-14,0,0.0
baseline,b3790,1,4,0.9823718127269576,0.9823718127269696,-1.199040866595169e-14,0,1.919647562219113e-07
baseline,b3791,1,4,0.9823718127269576,0.9823718127269696,-1.199040866595169e-14,0,1.919647562219113e-07
baseline,b2038,1,0,0.9823718127269576,0.9823718127269696,-1.199040866595169e-14,0,0.0
baseline,b2040,1,0,0.9823718127269576,0.9823718127269696,-1.199040866595169e-14,0,0.0
baseline,b2041,1,0,0.9823718127269576,0.9823718127269696,-1.199040866595169e-14,0,0.0
baseline,b3788,1,0,0.9823718127269576,0.9823718127269696,-1.199040866595169e-14,0,0.0
baseline,b0915,1,440,0.9823718127269576,4.955629643239284e-16,0.9823718127269572,1,15078.51617437879
baseline,b2095,1,4,0.9823718127269576,0.9823718127269808,-2.3314683517128287e-14,0,0.0001045811093882
baseline,b3137,1,4,0.9823718127269576,0.9823718127269744,-1.6986412276764895e-14,0,1.9196475629355057e-07
baseline,b2096,1,4,0.9823718127269576,0.9823718127269744,-1.6986412276764895e-14,0,1.9196475629355057e-07
baseline,b3132,1,4,0.9823718127269576,0.9823718127269744,-1.6986412276764895e-14,0,1.9196475629355057e-07
baseline,b0166,1,440,0.9823718127269576,1.1780435783931448e-16,0.9823718127269574,1,15078.516174378752
baseline,b2480,1,4,0.9823718127269576,0.9823718127269784,-2.0872192862952943e-14,0,0.0001045811093882
baseline,b0066,1,0,0.9823718127269576,0.9823718127269718,-1.4321877017664523e-14,0,0.0
baseline,b0067,1,0,0.9823718127269576,0.9823718127269718,-1.4321877017664523e-14,0,0.0
baseline,b0068,1,0,0.9823718127269576,0.9823718127269718,-1.4321877017664523e-14,0,0.0
baseline,b3616,1,4,0.9823718127269576,0.9823718127269718,-1.4321877017664523e-14,0,1.919647560244022e-07
baseline,b3772,1,440,0.9823718127269576,-4.955588104715289e-16,0.982371812726958,1,15078.516174378754
baseline,b3117,1,440,0.9823718127269576,0.0,0.9823718127269576,1,15078.516174378754
baseline,b1719,1,8,0.9823718127269576,0.9823718127269808,-2.3314683517128287e-14,0,0.0001047730741444
baseline,b3823,1,0,0.9823718127269576,0.9823718127269718,-1.4321877017664523e-14,0,0.0
baseline,b3992,1,440,0.9823718127269576,0.0,0.9823718127269576,1,15078.516174378754
baseline,b3990,1,440,0.9823718127269576,0.0,0.9823718127269576,1,15078.51617437875
baseline,b0423,1,440,0.9823718127269576,0.0,0.9823718127269576,1,15078.516174378748
baseline,b4407,1,440,0.9823718127269576,0.0,0.9823718127269576,1,15078.516174378756
baseline,b2935,2,440,0.9823718127269576,-2.8119199620000153e-16,0.9823718127269578,1,15078.516174378754
baseline,b2465,2,440,0.9823718127269576,0.0,0.9823718127269576,1,15078.51617437875
baseline,b0997,2,0,0.9823718127269576,0.98237181272697,-1.2434497875801752e-14,0,0.0
baseline,b0996,2,0,0.9823718127269576,0.9823718127269624,-4.773959005888173e-15,0,0.0
baseline,b2827,1,440,0.9823718127269576,0.0,0.9823718127269576,1,15078.516174378748
baseline,b1106,1,0,0.9823718127269576,0.9823718127269814,-2.3869795029440862e-14,0,0.0
baseline,b0417,1,440,0.9823718127269576,1.0993846592890865e-15,0.9823718127269564,1,15078.516174378748
baseline,b3993,1,440,0.9823718127269576,0.0,0.9823718127269576,1,15078.516174378754
baseline,b3919,1,423,0.9823718127269576,0.9470535202806007,0.0353182924463567,0,791.3525810812714
baseline,b0613,1,0,0.9823718127269576,0.9823718127269762,-1.8651746813702633e-14,0,0.0
baseline,b0888,1,5,0.9823718127269576,0.9823718127269834,-2.5868196473766147e-14,0,0.2964672546533867
baseline,b4239,1,0,0.9823718127269576,0.9823718127269848,-2.731148640577885e-14,0,0.0
baseline,b1897,1,0,0.9823718127269576,0.9823718127269848,-2.731148640577885e-14,0,0.0
baseline,b1896,1,0,0.9823718127269576,0.9823718127269848,-2.731148640577885e-14,0,0.0
baseline,b3519,1,0,0.9823718127269576,0.9823718127269848,-2.731148640577885e-14,0,0.0
baseline,b1197,1,0,0.9823718127269576,0.9823718127269848,-2.731148640577885e-14,0,0.0
baseline,b4240,1,0,0.9823718127269576,0.9823718127269848,-2.731148640577885e-14,0,0.0
baseline,b1260,3,440,0.9823718127269576,1.0993846592890865e-15,0.9823718127269564,1,15078.51617437875
baseline,b1261,3,440,0.9823718127269576,0.0,0.9823718127269576,1,15078.51617437875
baseline,b3384,1,4,0.9823718127269576,0.9823718127269734,-1.5876189252139742e-14,0,0.0001045811093882
baseline,b3709,1,4,0.9823718127269576,0.982371812726982,-2.4424906541753444e-14,0,1.919647557765105e-07
baseline,b0509,1,0,0.9823718127269576,0.982371812726982,-2.4424906541753444e-14,0,0.0
baseline,b3125,1,0,0.9823718127269576,0.982371812726982,-2.4424906541753444e-14,0,0.0
baseline,b3991,1,440,0.9823718127269576,0.0,0.9823718127269576,1,15078.51617437875
baseline,b1637,1,0,0.9823718127269576,0.9823718127269804,-2.2870594307278225e-14,0,0.0
baseline,b1907,1,0,0.9823718127269576,0.9823718127269812,-2.3758772726978353e-14,0,0.0
baseline,b0179,1,440,0.9823718127269576,5.217335164953805e-16,0.982371812726957,1,15078.516174378748
baseline,b0085,1,440,0.9823718127269576,0.0,0.9823718127269576,1,15078.516174378728
baseline,b3787,1,0,0.9823718127269576,0.9823718127269802,-2.2648549702353197e-14,0,0.0
baseline,b3786,1,0,0.9823718127269576,0.9823718127269788,-2.1205259770340493e-14,0,0.0
baseline,b0181,1,440,0.9823718127269576,-2.2070371286605899e-16,0.9823718127269576,1,15078.516174378754
baseline,b3189,1,440,0.9823718127269576,0.0,0.9823718127269576,1,15078.51617437875
baseline,b0090,1,440,0.9823718127269576,0.0,0.9823718127269576,1,15078.516174378748
baseline,b0088,1,440,0.9823718127269576,0.0,0.9823718127269576,1,15078.516174378756
baseline,b0091,1,440,0.9823718127269576,0.0,0.9823718127269576,1,15078.516174378754
baseline,b3972,1,440,0.9823718127269576,0.0,0.9823718127269576,1,15078.51617437875
baseline,b0841,2,440,0.9823718127269576,0.0,0.9823718127269576,1,15078.516174378754
baseline,b3057,2,440,0.9823718127269576,0.0,0.9823718127269576,1,15078.516174378748
baseline,b0174,1,440,0.9823718127269576,0.0,0.9823718127269576,1,15078.516174378754
baseline,b0759,1,4,0.9823718127269576,0.982371812726982,-2.4535928844215963e-14,0,0.0001045811093882
baseline,b2036,1,4,0.9823718127269576,0.982371812726991,-3.3528735343679734e-14,0,1.9196475638309466e-07
baseline,b2028,1,0,0.9823718127269576,0.982371812726991,-3.3528735343679734e-14,0,0.0
baseline,b2255,2,0,0.9823718127269576,0.982371812726991,-3.3528735343679734e-14,0,0.0
baseline,b2253,1,0,0.9823718127269576,0.982371812726991,-3.3528735343679734e-14,0,0.0
baseline,b0758,1,0,0.9823718127269576,0.982371812726991,-3.3528735343679734e-14,0,0.0
baseline,b0505,1,4,0.9823718127269576,0.982371812726991,-3.3528735343679734e-14,0,1.919647562590501e-07
baseline,b0086,1,440,0.9823718127269576,-1.0993846592890865e-15,0.9823718127269586,1,15078.51617437875
baseline,b0096,1,440,0.9823718127269576,2.6002605786740325e-14,0.9823718127269316,1,15078.516174378754
baseline,b2258,1,4,0.9823718127269576,0.9823718127269796,-2.2093438190040612e-14,0,0.0001045811093882
baseline,b4544,1,0,0.9823718127269576,0.982371812726991,-3.3528735343679734e-14,0,0.0
baseline,b4233,2,0,0.9823718127269576,0.982371812726991,-3.3528735343679734e-14,0,0.0
baseline,b0171,1,440,0.9823718127269576,0.0,0.9823718127269576,1,15078.516174378758
baseline,b2256,1,0,0.9823718127269576,0.9823718127269814,-2.3869795029440862e-14,0,0.0
baseline,b2254,1,0,0.9823718127269576,0.9823718127269768,-1.9206858326015208e-14,0,0.0
baseline,b3803,1,440,0.9823718127269576,0.0,0.9823718127269576,1,15078.516174378748
baseline,b3804,1,440,0.9823718127269576,0.0,0.9823718127269576,1,15078.51617437874
baseline,b3997,1,440,0.9823718127269576,0.0,0.9823718127269576,1,15078.51617437876
baseline,b2498,1,0,0.9823718127269576,0.9823718127269736,-1.6209256159527282e-14,0,0.0
baseline,b1011,1,0,0.9823718127269576,0.9823718127269768,-1.9206858326015208e-14,0,0.0
baseline,b2497,1,0,0.9823718127269576,0.9823718127269768,-1.9206858326015208e-14,0,0.0
baseline,b1006,1,4,0.9823718127269576,0.9823718127269768,-1.9206858326015208e-14,0,1.9196475633871585e-07
baseline,b0517,1,0,0.9823718127269576,0.9823718127269768,-1.9206858326015208e-14,0,0.0
baseline,b0524,1,440,0.9823718127269576,-1.1985442805409902e-17,0.9823718127269576,1,15078.51617437874
baseline,b4258,1,0,0.9823718127269576,0.9823718127269792,-2.1649348980190556e-14,0,0.0
baseline,b2682,1,0,0.9823718127269576,0.9823718127269748,-1.7208456881689926e-14,0,0.0
baseline,b2683,1,0,0.9823718127269576,0.9823718127269748,-1.7208456881689926e-14,0,0.0
baseline,b3572,1,0,0.9823718127269576,0.9823718127269746,-1.709743457922741e-14,0,0.0
baseline,b4197,1,0,0.9823718127269576,0.9823718127269704,-1.2989609388114332e-14,0,0.0
baseline,b2882,1,0,0.9823718127269576,0.9823718127269704,-1.2989609388114332e-14,0,0.0
baseline,b3565,2,0,0.9823718127269576,0.9823718127269704,-1.2989609388114332e-14,0,0.0
baseline,b3579,1,0,0.9823718127269576,0.9823718127269704,-1.2989609388114332e-14,0,0.0
baseline,b3577,1,0,0.9823718127269576,0.9823718127269704,-1.2989609388114332e-14,0,0.0
baseline,b3578,1,0,0.9823718127269576,0.9823718127269704,-1.2989609388114332e-14,0,0.0
baseline,b3567,1,0,0.9823718127269576,0.9823718127269704,-1.2989609388114332e-14,0,0.0
baseline,b3568,1,0,0.9823718127269576,0.9823718127269704,-1.2989609388114332e-14,0,0.0
baseline,b3566,1,0,0.9823718127269576,0.9823718127269704,-1.2989609388114332e-14,0,0.0
baseline,b4031,1,0,0.9823718127269576,0.9823718127269704,-1.2989609388114332e-14,0,0.0
baseline,b1857,1,0,0.9823718127269576,0.9823718127269704,-1.2989609388114332e-14,0,0.0
baseline,b1859,1,0,0.9823718127269576,0.9823718127269704,-1.2989609388114332e-14,0,0.0
baseline,b1858,1,0,0.9823718127269576,0.9823718127269704,-1.2989609388114332e-14,0,0.0
