o2_bound,gene_id,gene_name,n_gpr_rxns,n_changed,b_wt,b_ko,delta_b,y_essential,kV
-10.0,b1377,,270,446,0.7108337341354214,0.0,0.7108337341354214,1,7728.458809173055
-10.0,b2215,,271,446,0.7108337341354214,0.0,0.7108337341354214,1,7728.458809173055
-10.0,b0929,,271,446,0.7108337341354214,0.0,0.7108337341354214,1,7728.458809173055
-10.0,b0241,,270,446,0.7108337341354214,0.0,0.7108337341354214,1,7728.458809173055
-10.0,b4034,,6,23,0.7108337341354214,0.7108337341354183,3.1086244689504383e-15,0,209.25902621382141
-10.0,b4033,,6,23,0.7108337341354214,0.7108337341354148,6.5503158452884236e-15,0,209.2590262138214
-10.0,b4032,,6,23,0.7108337341354214,0.7108337341354148,6.5503158452884236e-15,0,209.2590262138214
-10.0,b4035,,6,23,0.7108337341354214,0.7108337341354148,6.5503158452884236e-15,0,209.2590262138214
-10.0,b4036,,7,21,0.7108337341354214,0.7108337341354148,6.5503158452884236e-15,0,9.259026213821386
-10.0,b4213,,8,21,0.7108337341354214,0.7108337341354148,6.5503158452884236e-15,0,9.259026213821386
-10.0,b2835,,21,21,0.7108337341354214,0.7108337341354148,6.5503158452884236e-15,0,9.259026213821386
-10.0,b2836,,23,461,0.7108337341354214,0.6878146354065012,0.023019098728920162,0,47.589459613743315
-10.0,b3553,,10,21,0.7108337341354214,0.7108337341354225,-1.1102230246251565e-15,0,9.259026213821485
-10.0,b1134,,2,21,0.7108337341354214,0.7108337341354183,3.1086244689504383e-15,0,9.259026213821445
-10.0,b0446,,2,21,0.7108337341354214,0.7108337341354183,3.1086244689504383e-15,0,9.259026213821445
-10.0,b1009,,1,21,0.7108337341354214,0.7108337341354183,3.1086244689504383e-15,0,9.259026213821445
-10.0,b0954,,13,21,0.7108337341354214,0.7108337341354183,3.1086244689504383e-15,0,9.259026213821445
-10.0,b0180,,14,440,0.7108337341354214,0.0,0.7108337341354214,1,9390.989387353235
-10.0,b0347,,2,21,0.7108337341354214,0.7108337341354025,1.887379141862766e-14,0,9.259026213821217
-10.0,b3580,,2,21,0.7108337341354214,0.7108337341354183,3.1086244689504383e-15,0,9.259026213821445
-10.0,b1093,,14,440,0.7108337341354214,-9.43520255030755e-16,0.7108337341354223,1,9390.989387352996
-10.0,b2323,,13,440,0.7108337341354214,0.0,0.7108337341354214,1,9390.989387353227
-10.0,b1095,,9,440,0.7108337341354214,0.0,0.7108337341354214,1,9390.9893873532
-10.0,b1397,,2,21,0.7108337341354214,0.7108337341354087,1.2656542480726785e-14,0,9.259026213821302
-10.0,b1245,,2,21,0.7108337341354214,0.7108337341354183,3.1086244689504383e-15,0,9.259026213821445
-10.0,b1244,,2,21,0.7108337341354214,0.7108337341354183,3.1086244689504383e-15,0,9.259026213821445
-10.0,b1329,,1,21,0.7108337341354214,0.7108337341354183,3.1086244689504383e-15,0,9.259026213821445
-10.0,b1246,,2,21,0.7108337341354214,0.7108337341354183,3.1086244689504383e-15,0,9.259026213821445
-10.0,b1247,,2,21,0.7108337341354214,0.7108337341354183,3.1086244689504383e-15,0,9.259026213821445
-10.0,b1386,,3,21,0.7108337341354214,0.7108337341354183,3.1086244689504383e-15,0,9.259026213821445
-10.0,b0004,,2,440,0.7108337341354214,8.413250926742553e-17,0.7108337341354213,1,9390.989387353558
-10.0,b1192,,4,21,0.7108337341354214,0.7108337341354186,2.7755575615628914e-15,0,9.259026213821462
-10.0,b1243,,1,21,0.7108337341354214,0.7108337341354183,3.1086244689504383e-15,0,9.259026213821445
-10.0,b4266,,1,21,0.7108337341354214,0.7108337341354183,3.1086244689504383e-15,0,9.259026213821445
-10.0,b4265,,3,21,0.7108337341354214,0.7108337341354183,3.1086244689504383e-15,0,9.259026213821445
-10.0,b0159,,3,440,0.7108337341354214,8.413250926742553e-17,0.7108337341354213,1,9390.989387353551
-10.0,b3197,,1,440,0.7108337341354214,0.0,0.7108337341354214,1,9390.989387353404
-10.0,b2708,,1,440,0.7108337341354214,0.0,0.7108337341354214,1,9390.989387353186
-10.0,b1094,,26,440,0.7108337341354214,0.0,0.7108337341354214,1,9390.989387353186
-10.0,b4481,,1,21,0.7108337341354214,0.710833734135419,2.4424906541753444e-15,0,9.259026213821384
-10.0,b1927,,1,21,0.7108337341354214,0.7108337341354357,-1.432187701766452e-14,0,9.259026213821704
-10.0,b3571,,1,21,0.7108337341354214,0.7108337341354357,-1.432187701766452e-14,0,9.259026213821704
-10.0,b2901,,1,21,0.7108337341354214,0.7108337341354357,-1.432187701766452e-14,0,9.259026213821704
-10.0,b1302,,1,21,0.7108337341354214,0.7108337341354357,-1.432187701766452e-14,0,9.259026213821704
-10.0,b2662,,1,21,0.7108337341354214,0.7108337341354357,-1.432187701766452e-14,0,9.259026213821704
-10.0,b1444,,1,21,0.7108337341354214,0.7108337341354357,-1.432187701766452e-14,0,9.259026213821704
-10.0,b2663,,1,21,0.7108337341354214,0.7108337341354357,-1.432187701766452e-14,0,9.259026213821704
-10.0,b2222,,3,21,0.7108337341354214,0.7108337341354357,-1.432187701766452e-14,0,9.259026213821704
-10.0,b2221,,3,21,0.7108337341354214,0.7108337341354357,-1.432187701766452e-14,0,9.259026213821704
-10.0,b2224,,1,450,0.7108337341354214,0.6885533405606538,0.022280393574767632,0,34.89178514572526
-10.0,b2342,,8,461,0.7108337341354214,0.6878146354065008,0.023019098728920606,0,47.58945961374213
-10.0,b3845,,8,461,0.7108337341354214,0.687814635406495,0.02301909872892638,0,47.589459613742434
-10.0,b2223,,3,21,0.7108337341354214,0.7108337341354082,1.3211653993039363e-14,0,9.259026213821294
-10.0,b1241,,2,21,0.7108337341354214,0.710833734135412,9.43689570931383e-15,0,9.259026213821352
-10.0,b0351,,1,21,0.7108337341354214,0.710833734135412,9.43689570931383e-15,0,9.259026213821352
-10.0,s0001,,39,449,0.7108337341354214,2.6970037461769035e-16,0.7108337341354212,1,6669.269337478454
-10.0,b1463,,1,17,0.7108337341354214,0.7108337341353939,2.7533531010703882e-14,0,9.007314517054192
-10.0,b1993,,2,17,0.7108337341354214,0.7108337341353999,2.1538326677728037e-14,0,9.007314517054306
-10.0,b2316,,1,440,0.7108337341354214,0.0,0.7108337341354214,1,9390.989387353207
-10.0,b3255,,1,440,0.7108337341354214,0.0,0.7108337341354214,1,9390.98938735318
-10.0,b0185,,1,440,0.7108337341354214,0.0,0.7108337341354214,1,9390.98938735318
-10.0,b3256,,1,440,0.7108337341354214,0.0,0.7108337341354214,1,9390.98938735318
-10.0,b4069,,2,14,0.7108337341354214,0.7108337341354097,1.1657341758564144e-14,0,8.841441712480906
-10.0,b1119,,1,14,0.7108337341354214,0.7108337341354075,1.3877787807814457e-14,0,8.84144171248088
-10.0,b3784,,1,14,0.7108337341354214,0.7108337341354075,1.3877787807814457e-14,0,8.84144171248088
-10.0,b2415,,18,423,0.7108337341354214,0.684250572799001,0.026583161336420358,0,624.4535734208483
-10.0,b0679,,1,14,0.7108337341354214,0.7108337341354141,7.327471962526033e-15,0,8.841441712480972
-10.0,b1101,,2,424,0.7108337341354214,0.6842505727990033,0.026583161336418137,0,444.7504006485755
-10.0,b2417,,6,424,0.7108337341354214,0.6842505727989981,0.026583161336423244,0,444.7504006485737
-10.0,b2416,,19,424,0.7108337341354214,0.6842505727989981,0.026583161336423244,0,444.7504006485737
-10.0,b3959,,1,444,0.7108337341354214,-1.3678630474502842e-15,0.7108337341354227,1,9728.65650198826
-10.0,b2818,,1,444,0.7108337341354214,0.0,0.7108337341354214,1,9728.656501988262
-10.0,b0078,,2,444,0.7108337341354214,0.0,0.7108337341354214,1,9728.656501988258
-10.0,b3670,,2,444,0.7108337341354214,2.4312062816799607e-15,0.710833734135419,1,9728.65650198836
-10.0,b3671,,2,444,0.7108337341354214,2.4312062816799607e-15,0.710833734135419,1,9728.65650198836
-10.0,b0077,,2,444,0.7108337341354214,2.4312062816799607e-15,0.710833734135419,1,9728.65650198836
-10.0,b3115,,2,433,0.7108337341354214,0.6584526508562776,0.052381083279143814,0,755.8778089570706
-10.0,b1849,,2,433,0.7108337341354214,0.6584526508562719,0.052381083279149476,0,755.8778089570701
-10.0,b2296,,1,433,0.7108337341354214,0.6584526508562719,0.052381083279149476,0,755.8778089570701
-10.0,b2428,,1,48,0.7108337341354214,0.7108337341354201,1.3322676295501878e-15,0,491.6603353951323
-10.0,b3794,,1,48,0.7108337341354214,0.7108337341354067,1.4654943925052066e-14,0,491.6603353951113
-10.0,b1818,,5,424,0.7108337341354214,0.6842505727990029,0.02658316133641847,0,989.8306485399906
-10.0,b1819,,5,424,0.7108337341354214,0.6842505727990025,0.026583161336418915,0,989.8306485399901
-10.0,b1817,,5,424,0.7108337341354214,0.6842505727990025,0.026583161336418915,0,989.8306485399901
-10.0,b2429,,2,48,0.7108337341354214,0.7108337341354062,1.5210055437364645e-14,0,491.66033539511096
-10.0,b3224,,1,48,0.7108337341354214,0.7108337341354067,1.4654943925052066e-14,0,491.6603353951113
-10.0,b4311,,1,48,0.7108337341354214,0.7108337341354067,1.4654943925052066e-14,0,491.6603353951113
-10.0,b3225,,1,48,0.7108337341354214,0.7108337341354067,1.4654943925052066e-14,0,491.6603353951113
-10.0,b0221,,8,460,0.7108337341354214,0.6878146354064936,0.023019098728927823,0,479.58700683001666
-10.0,b1091,,3,440,0.7108337341354214,0.0,0.7108337341354214,1,9390.989387353235
-10.0,b3957,,2,440,0.7108337341354214,0.0,0.7108337341354214,1,9390.98938735324
-10.0,b3200,,9,440,0.7108337341354214,0.0,0.7108337341354214,1,9390.989387353175
-10.0,b4261,,9,440,0.7108337341354214,0.0,0.7108337341354214,1,9390.98938735335
-10.0,b3201,,9,440,0.7108337341354214,0.0,0.7108337341354214,1,9390.98938735335
-10.0,b4262,,9,440,0.7108337341354214,0.0,0.7108337341354214,1,9390.98938735335
-10.0,b3199,,9,440,0.7108337341354214,0.0,0.7108337341354214,1,9390.98938735335
-10.0,b1519,,1,48,0.7108337341354214,0.7108337341354165,4.884981308350689e-15,0,491.6603353951241
-10.0,b1276,,2,440,0.7108337341354214,3.717972298932172e-16,0.7108337341354211,1,9390.98938735324
-10.0,b0118,,3,440,0.7108337341354214,1.9896662510061197e-30,0.7108337341354214,1,9390.989387353291
-10.0,b1748,,2,440,0.7108337341354214,1.9896662510061197e-30,0.7108337341354214,1,9390.989387353291
-10.0,b3359,,2,440,0.7108337341354214,0.0,0.7108337341354214,1,9390.989387353336
-10.0,b1090,,7,48,0.7108337341354214,0.7108337341354185,2.886579864025407e-15,0,491.660335395122
-10.0,b3475,,1,48,0.7108337341354214,0.7108337341354094,1.199040866595169e-14,0,491.6603353951137
-10.0,b2563,,1,48,0.7108337341354214,0.7108337341354094,1.199040866595169e-14,0,491.6603353951137
-10.0,b2578,,2,48,0.7108337341354214,0.7108337341354094,1.199040866595169e-14,0,491.6603353951137
-10.0,b1533,,2,48,0.7108337341354214,0.7108337341354094,1.199040866595169e-14,0,491.6603353951137
-10.0,b4067,,2,48,0.7108337341354214,0.7108337341354094,1.199040866595169e-14,0,491.6603353951137
-10.0,b1623,,2,48,0.7108337341354214,0.7108337341354094,1.199040866595169e-14,0,491.6603353951137
-10.0,b1096,,1,440,0.7108337341354214,2.3156471535369067e-16,0.7108337341354212,1,9390.989387353233
-10.0,b1812,,2,440,0.7108337341354214,0.0,0.7108337341354214,1,9390.989387352838
-10.0,b3360,,1,440,0.7108337341354214,0.0,0.7108337341354214,1,9390.989387352838
-10.0,b3665,,1,48,0.7108337341354214,0.7108337341354015,1.9872992140790302e-14,0,491.66033539511034
-10.0,b3654,,3,48,0.7108337341354214,0.7108337341354094,1.199040866595169e-14,0,491.6603353951137
-10.0,b3714,,1,48,0.7108337341354214,0.7108337341354094,1.199040866595169e-14,0,491.6603353951137
-10.0,b0474,,13,440,0.7108337341354214,5.6319400748090205e-15,0.7108337341354157,1,9390.989387353093
-10.0,b0120,,1,48,0.7108337341354214,0.7108337341354062,1.5210055437364645e-14,0,491.66033539511216
-10.0,b3806,,1,48,0.7108337341354214,0.7108337341354114,9.992007221626409e-15,0,491.66033539511767
-10.0,b0030,,5,48,0.7108337341354214,0.7108337341354114,9.992007221626409e-15,0,491.66033539511767
-10.0,b2393,,7,48,0.7108337341354214,0.7108337341354114,9.992007221626409e-15,0,491.66033539511767
-10.0,b2964,,11,48,0.7108337341354214,0.7108337341354114,9.992007221626409e-15,0,491.66033539511767
-10.0,b2406,,6,48,0.7108337341354214,0.7108337341354114,9.992007221626409e-15,0,491.66033539511767
-10.0,b0411,,7,48,0.7108337341354214,0.7108337341354114,9.992007221626409e-15,0,491.66033539511767
-10.0,b1992,,1,48,0.7108337341354214,0.7108337341354114,9.992007221626409e-15,0,491.66033539511767
-10.0,b1709,,3,48,0.7108337341354214,0.7108337341354114,9.992007221626409e-15,0,491.66033539511767
-10.0,b0158,,3,48,0.7108337341354214,0.7108337341354114,9.992007221626409e-15,0,491.66033539511767
-10.0,b1711,,3,48,0.7108337341354214,0.7108337341354114,9.992007221626409e-15,0,491.66033539511767
-10.0,b3966,,3,48,0.7108337341354214,0.7108337341354114,9.992007221626409e-15,0,491.66033539511767
-10.0,b3005,,10,48,0.7108337341354214,0.7108337341354114,9.992007221626409e-15,0,491.66033539511767
-10.0,b3006,,10,48,0.7108337341354214,0.7108337341354114,9.992007221626409e-15,0,491.66033539511767
-10.0,b1252,,10,48,0.7108337341354214,0.7108337341354114,9.992007221626409e-15,0,491.66033539511767
-10.0,b3397,,1,48,0.7108337341354214,0.7108337341354114,9.992007221626409e-15,0,491.66033539511767
-10.0,b3034,,1,48,0.7108337341354214,0.7108337341354114,9.992007221626409e-15,0,491.66033539511767
-10.0,b0469,,1,42,0.7108337341354214,0.7108337341354114,9.992007221626409e-15,0,491.6603340219695
-10.0,b2750,,1,440,0.7108337341354214,-3.5692979688076884e-16,0.7108337341354217,1,9390.989387353276
-10.0,b1131,,2,440,0.7108337341354214,3.2221052102225134e-14,0.7108337341353892,1,9390.989387352365
-10.0,b4177,,1,440,0.7108337341354214,-1.3081516675739702e-14,0.7108337341354345,1,9390.989387353473
-10.0,b0677,,1,42,0.7108337341354214,0.7108337341354068,1.454392162258955e-14,0,491.6603340219709
-10.0,b0110,,4,42,0.7108337341354214,0.7108337341353993,2.2093438190040615e-14,0,491.6603340219636
-10.0,b2817,,2,42,0.7108337341354214,0.7108337341353993,2.2093438190040615e-14,0,491.6603340219636
-10.0,b2435,,2,42,0.7108337341354214,0.7108337341353993,2.2093438190040615e-14,0,491.6603340219636
-10.0,b4169,,2,42,0.7108337341354214,0.7108337341353993,2.2093438190040615e-14,0,491.6603340219636
-10.0,b1107,,3,42,0.7108337341354214,0.7108337341353993,2.2093438190040615e-14,0,491.6603340219636
-10.0,b0433,,3,42,0.7108337341354214,0.7108337341353993,2.2093438190040615e-14,0,491.6603340219636
-10.0,b3619,,1,42,0.7108337341354214,0.7108337341353993,2.2093438190040615e-14,0,491.6603340219636
-10.0,b2937,,1,42,0.7108337341354214,0.7108337341353993,2.2093438190040615e-14,0,491.6603340219636
-10.0,b3018,,7,440,0.7108337341354214,1.1978089413414256e-16,0.7108337341354213,1,9390.989387353267
-10.0,b3958,,1,440,0.7108337341354214,0.0,0.7108337341354214,1,9390.98938735328
-10.0,b0575,,2,42,0.7108337341354214,0.7108337341354075,1.3877787807814457e-14,0,491.66033402196865
-10.0,b0572,,2,42,0.7108337341354214,0.7108337341354023,1.9095836023552692e-14,0,491.6603340219604
-10.0,b0573,,2,42,0.7108337341354214,0.7108337341354023,1.9095836023552692e-14,0,491.6603340219604
-10.0,b0574,,2,42,0.7108337341354214,0.7108337341354023,1.9095836023552692e-14,0,491.6603340219604
-10.0,b4006,,2,440,0.7108337341354214,-4.293014209286787e-14,0.7108337341354644,1,9390.989387354266
-10.0,b0522,,1,440,0.7108337341354214,3.314866527236327e-14,0.7108337341353882,1,9390.989387352349
-10.0,b0523,,1,440,0.7108337341354214,2.4547467471222356e-14,0.7108337341353969,1,9390.989387352593
-10.0,b0727,,1,42,0.7108337341354214,0.710833734135413,8.43769498715119e-15,0,491.6603340219693
-10.0,b0116,,3,421,0.7108337341354214,0.692227779144699,0.018605954990722373,0,95.80970553841236
-10.0,b0726,,1,8,0.7108337341354214,0.7108337341353996,2.1760371282653068e-14,0,8.841440339332474
-10.0,b2587,,1,8,0.7108337341354214,0.7108337341354171,4.3298697960381105e-15,0,8.841440339332713
-10.0,b1488,,1,8,0.7108337341354214,0.7108337341354171,4.3298697960381105e-15,0,8.841440339332713
-10.0,b3542,,3,8,0.7108337341354214,0.7108337341354171,4.3298697960381105e-15,0,8.841440339332713
-10.0,b1486,,1,8,0.7108337341354214,0.7108337341354171,4.3298697960381105e-15,0,8.841440339332713
-10.0,b1485,,1,8,0.7108337341354214,0.7108337341354171,4.3298697960381105e-15,0,8.841440339332713
-10.0,b3543,,3,8,0.7108337341354214,0.7108337341354171,4.3298697960381105e-15,0,8.841440339332713
-10.0,b3541,,3,8,0.7108337341354214,0.7108337341354171,4.3298697960381105e-15,0,8.841440339332713
-10.0,b1484,,1,8,0.7108337341354214,0.7108337341354171,4.3298697960381105e-15,0,8.841440339332713
-10.0,b3540,,3,8,0.7108337341354214,0.7108337341354171,4.3298697960381105e-15,0,8.841440339332713
-10.0,b3544,,3,8,0.7108337341354214,0.7108337341354171,4.3298697960381105e-15,0,8.841440339332713
-10.0,b1483,,1,8,0.7108337341354214,0.7108337341354171,4.3298697960381105e-15,0,8.841440339332713
-10.0,b1487,,1,8,0.7108337341354214,0.7108337341354171,4.3298697960381105e-15,0,8.841440339332713
-10.0,b0092,,1,440,0.7108337341354214,8.92455225011009e-16,0.7108337341354205,1,9390.98938735357
-10.0,b0381,,1,440,0.7108337341354214,0.0,0.7108337341354214,1,9390.989387353236
-10.0,b1325,,1,8,0.7108337341354214,0.7108337341354106,1.0769163338864018e-14,0,8.841440339332637
-10.0,b1190,,1,440,0.7108337341354214,6.563551659255374e-17,0.7108337341354213,1,9390.989387353586
-10.0,b4053,,1,440,0.7108337341354214,0.0,0.7108337341354214,1,9390.989387353235
-10.0,b2551,,6,421,0.7108337341354214,0.6913370356792907,0.019496698456130668,0,30.386153014690354
-10.0,b0870,,4,8,0.7108337341354214,0.7108337341354177,3.6637359812630166e-15,0,8.841440339332745
-10.0,b2379,,1,8,0.7108337341354214,0.7108337341354171,4.3298697960381105e-15,0,10.099584335197628
-10.0,b2290,,1,8,0.7108337341354214,0.7108337341354097,1.1657341758564144e-14,0,10.099584335197525
-10.0,b2697,,1,8,0.7108337341354214,0.7108337341354097,1.1657341758564144e-14,0,10.099584335197525
-10.0,b3460,,5,8,0.7108337341354214,0.7108337341354097,1.1657341758564144e-14,0,10.099584335197525
-10.0,b3456,,5,8,0.7108337341354214,0.7108337341354097,1.1657341758564144e-14,0,10.099584335197525
-10.0,b3457,,5,8,0.7108337341354214,0.7108337341354097,1.1657341758564144e-14,0,10.099584335197525
-10.0,b3455,,5,8,0.7108337341354214,0.7108337341354097,1.1657341758564144e-14,0,10.099584335197525
-10.0,b3454,,5,8,0.7108337341354214,0.7108337341354097,1.1657341758564144e-14,0,10.099584335197525
-10.0,b4208,,5,288,0.7108337341354214,0.7107287320835849,0.00010500205183650024,0,10.127169784634578
-10.0,b0007,,2,12,0.7108337341354214,0.7108337341353986,2.275957200481571e-14,0,10.099639091929136
-10.0,b0356,,3,12,0.7108337341354214,0.7108337341354086,1.27675647831893e-14,0,10.09963909192929
-10.0,b1478,,1,12,0.7108337341354214,0.7108337341354086,1.27675647831893e-14,0,10.09963909192929
-10.0,b1385,,1,12,0.7108337341354214,0.7108337341354086,1.27675647831893e-14,0,10.09963909192929
-10.0,b1300,,2,12,0.7108337341354214,0.7108337341354086,1.27675647831893e-14,0,10.09963909192929
-10.0,b3588,,2,12,0.7108337341354214,0.7108337341354086,1.27675647831893e-14,0,10.09963909192929
-10.0,b4084,,1,12,0.7108337341354214,0.7108337341354086,1.27675647831893e-14,0,10.09963909192929
-10.0,b4090,,2,434,0.7108337341354214,0.334438245298088,0.37639548883733337,0,1921.1052415199088
-10.0,b0516,,1,49,0.7108337341354214,0.7108337341354056,1.5765166949677223e-14,0,493.3361171753933
-10.0,b0512,,1,49,0.7108337341354214,0.7108337341354124,8.992806499463768e-15,0,493.33611717539986
-10.0,b0511,,1,49,0.7108337341354214,0.7108337341354124,8.992806499463768e-15,0,493.33611717539986
-10.0,b4085,,1,49,0.7108337341354214,0.7108337341354124,8.992806499463768e-15,0,493.33611717539986
-10.0,b4087,,2,49,0.7108337341354214,0.7108337341354124,8.992806499463768e-15,0,493.33611717539986
-10.0,b4086,,2,49,0.7108337341354214,0.7108337341354124,8.992806499463768e-15,0,493.33611717539986
-10.0,b4088,,2,49,0.7108337341354214,0.7108337341354124,8.992806499463768e-15,0,493.33611717539986
-10.0,b0657,,2,49,0.7108337341354214,0.7108337341354124,8.992806499463768e-15,0,493.33611717539986
-10.0,b1677,,2,49,0.7108337341354214,0.7108337341354124,8.992806499463768e-15,0,493.33611717539986
-10.0,b1781,,1,49,0.7108337341354214,0.7108337341354124,8.992806499463768e-15,0,493.33611717539986
-10.0,b3001,,1,49,0.7108337341354214,0.7108337341354124,8.992806499463768e-15,0,493.33611717539986
-10.0,b0207,,2,49,0.7108337341354214,0.7108337341354124,8.992806499463768e-15,0,493.33611717539986
-10.0,b3012,,2,49,0.7108337341354214,0.7108337341354124,8.992806499463768e-15,0,493.33611717539986
-10.0,b3945,,4,49,0.7108337341354214,0.7108337341354124,8.992806499463768e-15,0,493.33611717539986
-10.0,b3091,,1,49,0.7108337341354214,0.7108337341354124,8.992806499463768e-15,0,493.33611717539986
-10.0,b3416,,4,49,0.7108337341354214,0.7108337341354124,8.992806499463768e-15,0,493.33611717539986
-10.0,b3223,,1,49,0.7108337341354214,0.7108337341354124,8.992806499463768e-15,0,493.33611717539986
-10.0,b3222,,1,49,0.7108337341354214,0.7108337341354124,8.992806499463768e-15,0,493.33611717539986
-10.0,b0774,,1,440,0.7108337341354214,0.0,0.7108337341354214,1,9390.989387353102
-10.0,b3833,,2,49,0.7108337341354214,0.7108337341354153,6.106226635438361e-15,0,493.3361171754012
-10.0,b3994,,1,440,0.7108337341354214,2.2829812568755743e-16,0.7108337341354212,1,9390.98938735353
-10.0,b1982,,1,49,0.7108337341354214,0.7108337341354057,1.5654144647214707e-14,0,493.33611717539185
-10.0,b0932,,2,49,0.7108337341354214,0.7108337341354124,8.992806499463768e-15,0,493.33611717539986
-10.0,b0237,,3,49,0.7108337341354214,0.7108337341354124,8.992806499463768e-15,0,493.33611717539986
-10.0,b4260,,2,49,0.7108337341354214,0.7108337341354124,8.992806499463768e-15,0,493.33611717539986
-10.0,b2523,,2,49,0.7108337341354214,0.7108337341354124,8.992806499463768e-15,0,493.33611717539986
-10.0,b1640,,1,49,0.7108337341354214,0.7108337341354124,8.992806499463768e-15,0,493.33611717539986
-10.0,b1263,,2,440,0.7108337341354214,-2.8343940765005306e-16,0.7108337341354217,1,9390.989387353557
-10.0,b1264,,1,440,0.7108337341354214,0.0,0.7108337341354214,1,9390.989387353284
-10.0,b0776,,1,440,0.7108337341354214,0.0,0.7108337341354214,1,9390.989387353284
-10.0,b0049,,3,49,0.7108337341354214,0.7108337341354107,1.0658141036401503e-14,0,493.3361171753975
-10.0,b4129,,2,49,0.7108337341354214,0.7108337341354124,8.992806499463768e-15,0,493.33611717539986
-10.0,b0121,,2,49,0.7108337341354214,0.7108337341354124,8.992806499463768e-15,0,493.33611717539986
-10.0,b3059,,7,49,0.7108337341354214,0.7108337341354124,8.992806499463768e-15,0,493.33611717539986
-10.0,b0968,,7,49,0.7108337341354214,0.7108337341354124,8.992806499463768e-15,0,493.33611717539986
-10.0,b0414,,2,440,0.7108337341354214,-2.4520960964243003e-16,0.7108337341354216,1,9390.98938735354
-10.0,b0062,,1,49,0.7108337341354214,0.7108337341354,2.142730437526552e-14,0,493.33611717538764
-10.0,b0153,,5,49,0.7108337341354214,0.7108337341354124,8.992806499463768e-15,0,493.33611717539986
-10.0,b0151,,5,49,0.7108337341354214,0.7108337341354124,8.992806499463768e-15,0,493.33611717539986
-10.0,b0152,,5,49,0.7108337341354214,0.7108337341354124,8.992806499463768e-15,0,493.33611717539986
-10.0,b2715,,1,49,0.7108337341354214,0.7108337341354124,8.992806499463768e-15,0,493.33611717539986
-10.0,b3722,,1,49,0.7108337341354214,0.7108337341354124,8.992806499463768e-15,0,493.33611717539986
-10.0,b1900,,1,49,0.7108337341354214,0.7108337341354124,8.992806499463768e-15,0,493.33611717539986
-10.0,b4460,,1,49,0.7108337341354214,0.7108337341354124,8.992806499463768e-15,0,493.33611717539986
-10.0,b1901,,1,49,0.7108337341354214,0.7108337341354124,8.992806499463768e-15,0,493.33611717539986
-10.0,b2841,,1,49,0.7108337341354214,0.7108337341354124,8.992806499463768e-15,0,493.33611717539986
-10.0,b1528,,3,49,0.7108337341354214,0.7108337341354124,8.992806499463768e-15,0,493.33611717539986
-10.0,b4115,,1,49,0.7108337341354214,0.7108337341354124,8.992806499463768e-15,0,493.33611717539986
-10.0,b4117,,1,49,0.7108337341354214,0.7108337341354124,8.992806499463768e-15,0,493.33611717539986
-10.0,b2938,,1,49,0.7108337341354214,0.7108337341354124,8.992806499463768e-15,0,493.33611717539986
-10.0,b1605,,1,49,0.7108337341354214,0.7108337341354124,8.992806499463768e-15,0,493.33611717539986
-10.0,b3960,,1,440,0.7108337341354214,-2.8343940765005306e-16,0.7108337341354217,1,9390.989387353557
-10.0,b3172,,1,440,0.7108337341354214,0.0,0.7108337341354214,1,9390.989387353287
-10.0,b1876,,1,49,0.7108337341354214,0.7108337341354084,1.2989609388114332e-14,0,493.3361171753941
-10.0,b2310,,3,49,0.7108337341354214,0.7108337341354124,8.992806499463768e-15,0,493.33611717539986
-10.0,b0863,,1,49,0.7108337341354214,0.7108337341354124,8.992806499463768e-15,0,493.33611717539986
-10.0,b0860,,1,49,0.7108337341354214,0.7108337341354124,8.992806499463768e-15,0,493.33611717539986
-10.0,b2307,,4,49,0.7108337341354214,0.7108337341354124,8.992806499463768e-15,0,493.33611717539986
-10.0,b2308,,4,49,0.7108337341354214,0.7108337341354124,8.992806499463768e-15,0,493.33611717539986
-10.0,b0862,,1,49,0.7108337341354214,0.7108337341354124,8.992806499463768e-15,0,493.33611717539986
-10.0,b2306,,4,49,0.7108337341354214,0.7108337341354124,8.992806499463768e-15,0,493.33611717539986
-10.0,b0864,,1,49,0.7108337341354214,0.7108337341354124,8.992806499463768e-15,0,493.33611717539986
-10.0,b0861,,1,49,0.7108337341354214,0.7108337341354124,8.992806499463768e-15,0,493.33611717539986
-10.0,b2923,,2,49,0.7108337341354214,0.7108337341354124,8.992806499463768e-15,0,493.33611717539986
-10.0,b3433,,1,440,0.7108337341354214,-2.352149182564628e-17,0.7108337341354214,1,9390.989387353542
-10.0,b4192,,1,49,0.7108337341354214,0.7108337341354104,1.099120794378905e-14,0,493.33611717539657
-10.0,b4194,,1,49,0.7108337341354214,0.7108337341354124,8.992806499463768e-15,0,493.33611717539986
-10.0,b4193,,1,49,0.7108337341354214,0.7108337341354124,8.992806499463768e-15,0,493.33611717539986
-10.0,b4195,,1,49,0.7108337341354214,0.7108337341354124,8.992806499463768e-15,0,493.33611717539986
-10.0,b1767,,1,49,0.7108337341354214,0.7108337341354124,8.992806499463768e-15,0,493.33611717539986
-10.0,b0828,,1,49,0.7108337341354214,0.7108337341354124,8.992806499463768e-15,0,493.33611717539986
-10.0,b2957,,2,49,0.7108337341354214,0.7108337341354124,8.992806499463768e-15,0,493.33611717539986
-10.0,b0674,,1,49,0.7108337341354214,0.7108337341354124,8.992806499463768e-15,0,493.33611717539986
-10.0,b3744,,1,357,0.7108337341354214,0.7090163822225669,0.0018173519128544813,0,488.15862114523225
-10.0,b0930,,1,49,0.7108337341354214,0.7108337341354093,1.2101430968414206e-14,0,493.3361171753983
-10.0,b1453,,1,49,0.7108337341354214,0.7108337341354124,8.992806499463768e-15,0,493.33611717539986
-10.0,b3502,,1,49,0.7108337341354214,0.7108337341354124,8.992806499463768e-15,0,493.33611717539986
-10.0,b0131,,1,440,0.7108337341354214,6.77686040600277e-17,0.7108337341354213,1,9390.989387353546
-10.0,b4245,,1,440,0.7108337341354214,0.0,0.7108337341354214,1,9390.98938735324
-10.0,b4244,,1,440,0.7108337341354214,0.0,0.7108337341354214,1,9390.989387353247
-10.0,b0002,,2,440,0.7108337341354214,0.0,0.7108337341354214,1,9390.989387353247
-10.0,b4024,,1,440,0.7108337341354214,0.0,0.7108337341354214,1,9390.989387353244
-10.0,b3940,,2,440,0.7108337341354214,0.0,0.7108337341354214,1,9390.989387353244
-10.0,b2574,,4,440,0.7108337341354214,0.0,0.7108337341354214,1,9390.989387353244
-10.0,b4139,,1,49,0.7108337341354214,0.7108337341354123,9.103828801926284e-15,0,493.336117175396
-10.0,b0928,,3,440,0.7108337341354214,4.29182878103812e-14,0.7108337341353784,1,9390.989387352356
-10.0,b1866,,1,49,0.7108337341354214,0.7108337341354071,1.432187701766452e-14,0,493.3361171753922
-10.0,b0654,,2,49,0.7108337341354214,0.7108337341354124,8.992806499463768e-15,0,493.33611717539986
-10.0,b0655,,2,49,0.7108337341354214,0.7108337341354124,8.992806499463768e-15,0,493.33611717539986
-10.0,b0652,,2,49,0.7108337341354214,0.7108337341354124,8.992806499463768e-15,0,493.33611717539986
-10.0,b0653,,2,49,0.7108337341354214,0.7108337341354124,8.992806499463768e-15,0,493.33611717539986
-10.0,b3528,,6,49,0.7108337341354214,0.7108337341354124,8.992806499463768e-15,0,493.33611717539986
-10.0,b4123,,9,49,0.7108337341354214,0.7108337341354124,8.992806499463768e-15,0,493.33611717539986
-10.0,b4138,,7,49,0.7108337341354214,0.7108337341354124,8.992806499463768e-15,0,493.33611717539986
-10.0,b4077,,2,49,0.7108337341354214,0.7108337341354124,8.992806499463768e-15,0,493.33611717539986
-10.0,b3503,,1,49,0.7108337341354214,0.7108337341354124,8.992806499463768e-15,0,493.33611717539986
-10.0,b1064,,7,49,0.7108337341354214,0.7108337341354124,8.992806499463768e-15,0,493.33611717539986
-10.0,b1747,,1,49,0.7108337341354214,0.7108337341354124,8.992806499463768e-15,0,493.33611717539986
-10.0,b1539,,4,49,0.7108337341354214,0.7108337341354124,8.992806499463768e-15,0,493.33611717539986
-10.0,b2019,,1,440,0.7108337341354214,4.619323834763236e-16,0.710833734135421,1,9390.989387353546
-10.0,b3738,,1,432,0.7108337341354214,0.40247730149073235,0.30835643264468904,0,2666.1458164833125
-10.0,b3733,,1,432,0.7108337341354214,0.4024773014907261,0.3083564326446953,0,2666.1458164833
-10.0,b3732,,1,432,0.7108337341354214,0.4024773014907261,0.3083564326446953,0,2666.1458164833
-10.0,b3739,,1,432,0.7108337341354214,0.4024773014907261,0.3083564326446953,0,2666.1458164833
-10.0,b3736,,1,432,0.7108337341354214,0.4024773014907261,0.3083564326446953,0,2666.1458164833
-10.0,b3737,,1,432,0.7108337341354214,0.4024773014907261,0.3083564326446953,0,2666.1458164833
-10.0,b3734,,1,432,0.7108337341354214,0.4024773014907261,0.3083564326446953,0,2666.1458164833
-10.0,b3735,,1,432,0.7108337341354214,0.4024773014907261,0.3083564326446953,0,2666.1458164833
-10.0,b3731,,1,432,0.7108337341354214,0.4024773014907261,0.3083564326446953,0,2666.1458164833
-10.0,b0312,,2,49,0.7108337341354214,0.7108337341354146,6.772360450213455e-15,0,493.3361171753986
-10.0,b0827,,4,440,0.7108337341354214,3.7466739216577166e-17,0.7108337341354214,1,9390.989387353213
-10.0,b3857,,5,440,0.7108337341354214,0.0,0.7108337341354214,1,9390.989387353458
-10.0,b3856,,5,440,0.7108337341354214,0.0,0.7108337341354214,1,9390.989387353175
-10.0,b4214,,1,440,0.7108337341354214,0.0,0.7108337341354214,1,9390.989387353175
-10.0,b3551,,3,49,0.7108337341354214,0.7108337341354104,1.099120794378905e-14,0,493.33611717539856
-10.0,b0775,,1,440,0.7108337341354214,0.0,0.7108337341354214,1,9390.989387353065
-10.0,b0934,,5,49,0.7108337341354214,0.7108337341354067,1.4654943925052066e-14,0,493.3361171753939
-10.0,b0367,,3,49,0.7108337341354214,0.7108337341354178,3.552713678800501e-15,0,493.3361171754026
-10.0,b0933,,5,49,0.7108337341354214,0.7108337341354178,3.552713678800501e-15,0,493.3361171754026
-10.0,b0936,,5,49,0.7108337341354214,0.7108337341354178,3.552713678800501e-15,0,493.3361171754026
-10.0,b0365,,3,49,0.7108337341354214,0.7108337341354178,3.552713678800501e-15,0,493.3361171754026
-10.0,b0366,,3,49,0.7108337341354214,0.7108337341354178,3.552713678800501e-15,0,493.3361171754026
-10.0,b1216,,3,49,0.7108337341354214,0.7108337341354178,3.552713678800501e-15,0,493.3361171754026
-10.0,b4132,,1,49,0.7108337341354214,0.7108337341354178,3.552713678800501e-15,0,493.3361171754026
-10.0,b3942,,1,49,0.7108337341354214,0.7108337341354178,3.552713678800501e-15,0,493.3361171754026
-10.0,b1732,,1,49,0.7108337341354214,0.7108337341354178,3.552713678800501e-15,0,493.3361171754026
-10.0,b3196,,1,440,0.7108337341354214,3.2436849754205416e-17,0.7108337341354214,1,9390.989387353211
-10.0,b1270,,2,49,0.7108337341354214,0.7108337341354143,7.105427357601002e-15,0,493.3361171753987
-10.0,b2874,,1,423,0.7108337341354214,0.7014861985928723,0.00934753554254908,0,467.9248125559507
-10.0,b0521,,1,423,0.7108337341354214,0.7014861985928699,0.009347535542551522,0,467.92481255595044
-10.0,b0323,,1,423,0.7108337341354214,0.7014861985928699,0.009347535542551522,0,467.92481255595044
-10.0,b0033,,1,49,0.7108337341354214,0.710833734135415,6.439293542825908e-15,0,493.3361171754024
-10.0,b0032,,1,49,0.7108337341354214,0.7108337341354185,2.886579864025407e-15,0,493.33611717540236
-10.0,b0444,,1,49,0.7108337341354214,0.7108337341354185,2.886579864025407e-15,0,493.33611717540236
-10.0,b3469,,6,49,0.7108337341354214,0.7108337341354185,2.886579864025407e-15,0,493.33611717540236
-10.0,b3915,,7,49,0.7108337341354214,0.7108337341354185,2.886579864025407e-15,0,493.33611717540236
-10.0,b0752,,5,49,0.7108337341354214,0.7108337341354185,2.886579864025407e-15,0,493.33611717540236
-10.0,b3040,,6,440,0.7108337341354214,-1.44189607903026e-16,0.7108337341354215,1,9390.989387353256
-10.0,b3918,,7,49,0.7108337341354214,0.7108337341354113,1.0103029524088925e-14,0,493.3361171753977
-10.0,b2794,,1,49,0.7108337341354214,0.7108337341354185,2.886579864025407e-15,0,493.33611717540236
-10.0,b1208,,1,440,0.7108337341354214,-1.160536618203506e-16,0.7108337341354215,1,9390.989387353258
-10.0,b1661,,4,49,0.7108337341354214,0.7108337341354153,6.106226635438361e-15,0,493.3361171754
-10.0,b2129,,2,49,0.7108337341354214,0.7108337341354185,2.886579864025407e-15,0,493.33611717540236
-10.0,b2128,,2,49,0.7108337341354214,0.7108337341354185,2.886579864025407e-15,0,493.33611717540236
-10.0,b2131,,2,49,0.7108337341354214,0.7108337341354185,2.886579864025407e-15,0,493.33611717540236
-10.0,b2130,,2,49,0.7108337341354214,0.7108337341354185,2.886579864025407e-15,0,493.33611717540236
-10.0,b1801,,3,49,0.7108337341354214,0.7108337341354185,2.886579864025407e-15,0,493.33611717540236
-10.0,b0314,,1,49,0.7108337341354214,0.7108337341354185,2.886579864025407e-15,0,493.33611717540236
-10.0,b0311,,1,49,0.7108337341354214,0.7108337341354185,2.886579864025407e-15,0,493.33611717540236
-10.0,b2600,,2,440,0.7108337341354214,-5.1729999337680924e-17,0.7108337341354214,1,9390.98938735326
-10.0,b2599,,2,440,0.7108337341354214,0.0,0.7108337341354214,1,9390.989387353235
-10.0,b2329,,1,440,0.7108337341354214,0.0,0.7108337341354214,1,9390.989387353235
-10.0,b4039,,1,440,0.7108337341354214,0.0,0.7108337341354214,1,9390.989387353298
-10.0,b2542,,2,49,0.7108337341354214,0.710833734135413,8.43769498715119e-15,0,493.33611717539884
-10.0,b2540,,2,49,0.7108337341354214,0.7108337341354185,2.886579864025407e-15,0,493.33611717540236
-10.0,b2538,,2,49,0.7108337341354214,0.7108337341354185,2.886579864025407e-15,0,493.33611717540236
-10.0,b2539,,2,49,0.7108337341354214,0.7108337341354185,2.886579864025407e-15,0,493.33611717540236
-10.0,b0617,,1,49,0.7108337341354214,0.7108337341354185,2.886579864025407e-15,0,493.33611717540236
-10.0,b0614,,1,49,0.7108337341354214,0.7108337341354185,2.886579864025407e-15,0,493.33611717540236
-10.0,b0616,,1,49,0.7108337341354214,0.7108337341354185,2.886579864025407e-15,0,493.33611717540236
-10.0,b0615,,1,49,0.7108337341354214,0.7108337341354185,2.886579864025407e-15,0,493.33611717540236
-10.0,b0612,,1,49,0.7108337341354214,0.7108337341354185,2.886579864025407e-15,0,493.33611717540236
-10.0,b0789,,7,49,0.7108337341354214,0.7108337341354185,2.886579864025407e-15,0,493.33611717540236
-10.0,b1249,,7,49,0.7108337341354214,0.7108337341354185,2.886579864025407e-15,0,493.33611717540236
-10.0,b0155,,1,440,0.7108337341354214,1.7925006674702388e-16,0.7108337341354212,1,9390.989387353251
-10.0,b1592,,1,440,0.7108337341354214,0.0,0.7108337341354214,1,9390.989387353444
-10.0,b3035,,9,49,0.7108337341354214,0.7108337341354144,6.994405055138486e-15,0,493.3361171753992
-10.0,b2470,,7,49,0.7108337341354214,0.7108337341354185,2.886579864025407e-15,0,493.33611717540236
-10.0,b0463,,7,49,0.7108337341354214,0.7108337341354185,2.886579864025407e-15,0,493.33611717540236
-10.0,b0462,,7,49,0.7108337341354214,0.7108337341354185,2.886579864025407e-15,0,493.33611717540236
-10.0,b3816,,3,440,0.7108337341354214,1.5111412066434843e-16,0.7108337341354213,1,9390.989387353251
-10.0,b2174,,1,49,0.7108337341354214,0.7108337341354101,1.1324274851176597e-14,0,493.33611717539566
-10.0,b0914,,32,440,0.7108337341354214,-5.23359535715497e-16,0.710833734135422,1,9390.989387353267
-10.0,b1102,,1,49,0.7108337341354214,0.7108337341354147,6.661338147750939e-15,0,493.3361171753989
-10.0,b2765,,1,49,0.7108337341354214,0.7108337341354185,2.886579864025407e-15,0,493.33611717540236
-10.0,b0783,,1,440,0.7108337341354214,3.1371142736178567e-16,0.7108337341354211,1,9390.989387353247
-10.0,b0781,,1,440,0.7108337341354214,0.0,0.7108337341354214,1,9390.989387353344
-10.0,b2436,,1,236,0.7108337341354214,0.7108219355390829,1.17985963384859e-05,0,493.4179352260382
-10.0,b3867,,1,49,0.7108337341354214,0.7108337341354238,-2.4424906541753444e-15,0,493.3361171754061
-10.0,b0038,,2,49,0.7108337341354214,0.7108337341354185,2.886579864025407e-15,0,493.33611717540236
-10.0,b0037,,3,49,0.7108337341354214,0.7108337341354185,2.886579864025407e-15,0,493.33611717540236
-10.0,b0036,,2,49,0.7108337341354214,0.7108337341354185,2.886579864025407e-15,0,493.33611717540236
-10.0,b2679,,4,49,0.7108337341354214,0.7108337341354185,2.886579864025407e-15,0,493.33611717540236
-10.0,b2677,,4,49,0.7108337341354214,0.7108337341354185,2.886579864025407e-15,0,493.33611717540236
-10.0,b2678,,4,49,0.7108337341354214,0.7108337341354185,2.886579864025407e-15,0,493.33611717540236
-10.0,b4111,,5,49,0.7108337341354214,0.7108337341354185,2.886579864025407e-15,0,493.336117175402
-10.0,b0040,,2,49,0.7108337341354214,0.7108337341354227,-1.3322676295501878e-15,0,493.3361171754074
-10.0,b0720,,1,440,0.7108337341354214,7.687567035125634e-17,0.7108337341354213,1,9390.989387353467
-10.0,b0337,,1,49,0.7108337341354214,0.7108337341354045,1.687538997430238e-14,0,493.33611717539424
-10.0,b0336,,1,49,0.7108337341354214,0.7108337341354227,-1.3322676295501878e-15,0,493.3361171754074
-10.0,b3846,,19,462,0.7108337341354214,0.6878146354065088,0.023019098728912613,0,481.1319680484611
-10.0,b2780,,1,440,0.7108337341354214,1.7689449650437735e-16,0.7108337341354212,1,9390.989387353075
-10.0,b0123,,2,49,0.7108337341354214,0.7108337341354009,2.0539125955565396e-14,0,493.33611717538804
-10.0,b0484,,1,49,0.7108337341354214,0.7108337341353984,2.298161660974074e-14,0,493.33611717538656
-10.0,b3425,,1,49,0.7108337341354214,0.7108337341353984,2.298161660974074e-14,0,493.33611717538656
-10.0,b1308,,1,49,0.7108337341354214,0.7108337341353984,2.298161660974074e-14,0,493.33611717538656
-10.0,b0340,,1,49,0.7108337341354214,0.7108337341353984,2.298161660974074e-14,0,493.33611717538656
-10.0,b0341,,1,49,0.7108337341354214,0.7108337341353984,2.298161660974074e-14,0,493.33611717538656
-10.0,b1919,,1,49,0.7108337341354214,0.7108337341353984,2.298161660974074e-14,0,493.33611717538656
-10.0,b3008,,2,440,0.7108337341354214,2.6388878016082444e-16,0.7108337341354212,1,9390.989387352949
-10.0,b3708,,3,324,0.7108337341354214,0.7101898476233883,0.000643886512033065,0,491.94552596161003
-10.0,b2414,,1,440,0.7108337341354214,-1.3153820835061488e-17,0.7108337341354214,1,9390.989387353222
-10.0,b2421,,1,440,0.7108337341354214,0.0,0.7108337341354214,1,9390.989387353298
-10.0,b2810,,1,49,0.7108337341354214,0.7108337341354128,8.548717289613705e-15,0,493.33611717539884
-10.0,b1622,,1,440,0.7108337341354214,2.6388878016082444e-16,0.7108337341354212,1,9390.989387352949
-10.0,b0526,,1,49,0.7108337341354214,0.7108337341354087,1.2656542480726785e-14,0,493.3361171753977
-10.0,b0886,,2,49,0.7108337341354214,0.7108337341353984,2.298161660974074e-14,0,493.33611717538656
-10.0,b0887,,2,49,0.7108337341354214,0.7108337341353984,2.298161660974074e-14,0,493.33611717538656
-10.0,b0978,,2,49,0.7108337341354214,0.7108337341353984,2.298161660974074e-14,0,493.33611717538656
-10.0,b0979,,2,49,0.7108337341354214,0.7108337341353984,2.298161660974074e-14,0,493.33611717538656
-10.0,b0734,,1,49,0.7108337341354214,0.7108337341353984,2.298161660974074e-14,0,493.33611717538656
-10.0,b0733,,1,49,0.7108337341354214,0.7108337341353984,2.298161660974074e-14,0,493.33611717538656
-10.0,b0432,,1,428,0.7108337341354214,0.6045283343327453,0.10630539980267606,0,1280.579429918587
-10.0,b0430,,1,428,0.7108337341354214,0.6045283343327529,0.10630539980266851,0,1280.5794299185925
-10.0,b0429,,1,428,0.7108337341354214,0.6045283343327529,0.10630539980266851,0,1280.5794299185925
-10.0,b0431,,1,428,0.7108337341354214,0.6045283343327529,0.10630539980266851,0,1280.5794299185925
-10.0,b2143,,2,49,0.7108337341354214,0.7108337341354116,9.769962616701378e-15,0,493.33611717539816
-10.0,b0651,,2,49,0.7108337341354214,0.7108337341354116,9.769962616701378e-15,0,493.3361171753957
-10.0,b2162,,2,49,0.7108337341354214,0.7108337341354116,9.769962616701378e-15,0,493.3361171753957
-10.0,b2066,,2,49,0.7108337341354214,0.7108337341354116,9.769962616701378e-15,0,493.3361171753957
-10.0,b0910,,3,440,0.7108337341354214,-7.548038252533196e-17,0.7108337341354215,1,9390.989387353206
-10.0,b2975,,3,115,0.7108337341354214,0.7108312058317873,2.5283036341194887e-06,0,493.3066807441431
-10.0,b3603,,3,115,0.7108337341354214,0.7108312058317883,2.528303633120288e-06,0,493.3066807441428
-10.0,b1189,,1,49,0.7108337341354214,0.7108337341354041,1.7319479184152442e-14,0,493.3361171753932
-10.0,b4042,,7,49,0.7108337341354214,0.7108337341354116,9.769962616701378e-15,0,493.3361171753957
-10.0,b2871,,1,49,0.7108337341354214,0.7108337341354116,9.769962616701378e-15,0,493.3361171753957
-10.0,b2838,,1,440,0.7108337341354214,-7.912274962696845e-16,0.7108337341354222,1,9390.989387353244
-10.0,b3809,,1,440,0.7108337341354214,0.0,0.7108337341354214,1,9390.98938735355
-10.0,b0175,,7,440,0.7108337341354214,0.0,0.7108337341354214,1,9390.989387353266
-10.0,b3041,,1,440,0.7108337341354214,0.0,0.7108337341354214,1,9390.989387353242
-10.0,b0778,,1,440,0.7108337341354214,0.0,0.7108337341354214,1,9390.989387353233
-10.0,b1734,,1,49,0.7108337341354214,0.7108337341354082,1.3211653993039363e-14,0,493.3361171753957
-10.0,b2065,,1,49,0.7108337341354214,0.7108337341354067,1.4654943925052066e-14,0,493.3361171753922
-10.0,b2344,,7,49,0.7108337341354214,0.7108337341354067,1.4654943925052066e-14,0,493.3361171753922
-10.0,b3693,,1,49,0.7108337341354214,0.7108337341354067,1.4654943925052066e-14,0,493.3361171753922
-10.0,b3909,,2,49,0.7108337341354214,0.7108337341354067,1.4654943925052066e-14,0,493.3361171753922
-10.0,b3526,,1,49,0.7108337341354214,0.7108337341354067,1.4654943925052066e-14,0,493.3361171753922
-10.0,b1704,,1,440,0.7108337341354214,-2.2266566322747977e-17,0.7108337341354214,1,9390.989387353284
-10.0,b2601,,1,440,0.7108337341354214,1.879352398114192e-30,0.7108337341354214,1,9390.989387353233
-10.0,b0754,,1,440,0.7108337341354214,1.879352398114192e-30,0.7108337341354214,1,9390.989387353233
-10.0,b4477,,1,49,0.7108337341354214,0.710833734135412,9.43689570931383e-15,0,493.33611717539804
-10.0,b3648,,2,440,0.7108337341354214,-9.023600330156416e-16,0.7108337341354223,1,9390.9893873533
-10.0,b1393,,1,49,0.7108337341354214,0.7108337341354067,1.4654943925052066e-14,0,493.33611717539407
-10.0,b3771,,2,440,0.7108337341354214,-6.187557235948601e-16,0.7108337341354221,1,9390.98938735296
-10.0,b1198,,1,49,0.7108337341354214,0.7108337341354064,1.4988010832439613e-14,0,493.33611717539424
-10.0,b1199,,1,49,0.7108337341354214,0.7108337341353945,2.6867397195928788e-14,0,493.33611717538133
-10.0,b1200,,1,49,0.7108337341354214,0.7108337341353945,2.6867397195928788e-14,0,493.33611717538133
-10.0,b0596,,1,49,0.7108337341354214,0.7108337341353945,2.6867397195928788e-14,0,493.33611717538133
-10.0,b0594,,1,49,0.7108337341354214,0.7108337341353945,2.6867397195928788e-14,0,493.33611717538133
-10.0,b2541,,2,49,0.7108337341354214,0.7108337341353945,2.6867397195928788e-14,0,493.33611717538133
-10.0,b0348,,2,49,0.7108337341354214,0.7108337341353945,2.6867397195928788e-14,0,493.33611717538133
-10.0,b0031,,1,440,0.7108337341354214,-2.8838858922487207e-16,0.7108337341354217,1,9390.989387352973
-10.0,b2478,,1,440,0.7108337341354214,0.0,0.7108337341354214,1,9390.989387353276
-10.0,b0048,,1,440,0.7108337341354214,0.0,0.7108337341354214,1,9390.989387353302
-10.0,b1606,,2,440,0.7108337341354214,0.0,0.7108337341354214,1,9390.98938735352
-10.0,b2315,,1,440,0.7108337341354214,0.0,0.7108337341354214,1,9390.98938735352
-10.0,b3930,,1,49,0.7108337341354214,0.7108337341354148,6.5503158452884236e-15,0,493.3361171754008
-10.0,b2262,,1,49,0.7108337341354214,0.7108337341353945,2.6867397195928788e-14,0,493.33611717538133
-10.0,b0736,,1,49,0.7108337341354214,0.7108337341353945,2.6867397195928788e-14,0,493.33611717538133
-10.0,b3058,,2,440,0.7108337341354214,2.4646943859670415e-16,0.7108337341354212,1,9390.989387352942
-10.0,b0945,,2,49,0.7108337341354214,0.7108337341354093,1.2101430968414206e-14,0,493.3361171753952
-10.0,b1062,,1,440,0.7108337341354214,1.4420532502272655e-15,0.71083373413542,1,9390.98938735293
-10.0,b3177,,1,440,0.7108337341354214,0.0,0.7108337341354214,1,9390.989387352925
-10.0,b0578,,2,49,0.7108337341354214,0.7108337341354113,1.0103029524088925e-14,0,493.33611717539935
-10.0,b2303,,1,49,0.7108337341354214,0.7108337341353945,2.6867397195928788e-14,0,493.33611717538133
-10.0,b3389,,1,440,0.7108337341354214,-4.1936120490154e-17,0.7108337341354214,1,9390.98938735295
-10.0,b1693,,1,440,0.7108337341354214,0.0,0.7108337341354214,1,9390.989387353256
-10.0,b0421,,2,440,0.7108337341354214,0.0,0.7108337341354214,1,9390.989387353162
-10.0,b0029,,2,440,0.7108337341354214,0.0,0.7108337341354214,1,9390.989387353236
-10.0,b2232,,2,49,0.7108337341354214,0.7108337341354045,1.687538997430238e-14,0,493.3361171753907
-10.0,b1588,,3,49,0.7108337341354214,0.7108337341353945,2.6867397195928788e-14,0,493.33611717538133
-10.0,b0895,,4,49,0.7108337341354214,0.7108337341353945,2.6867397195928788e-14,0,493.33611717538133
-10.0,b1587,,3,49,0.7108337341354214,0.7108337341353945,2.6867397195928788e-14,0,493.33611717538133
-10.0,b0894,,4,49,0.7108337341354214,0.7108337341353945,2.6867397195928788e-14,0,493.33611717538133
-10.0,b1590,,3,49,0.7108337341354214,0.7108337341353945,2.6867397195928788e-14,0,493.33611717538133
-10.0,b0896,,4,49,0.7108337341354214,0.7108337341353945,2.6867397195928788e-14,0,493.33611717538133
-10.0,b1589,,3,49,0.7108337341354214,0.7108337341353945,2.6867397195928788e-14,0,493.33611717538133
-10.0,b1872,,4,49,0.7108337341354214,0.7108337341353945,2.6867397195928788e-14,0,493.33611717538133
-10.0,b1873,,4,49,0.7108337341354214,0.7108337341353945,2.6867397195928788e-14,0,493.33611717538133
-10.0,b0099,,3,440,0.7108337341354214,-6.187557235948601e-16,0.7108337341354221,1,9390.98938735296
-10.0,b1865,,2,440,0.7108337341354214,1.070638126481945e-27,0.7108337341354214,1,9390.989387353226
-10.0,b3575,,1,49,0.7108337341354214,0.7108337341354106,1.0769163338864018e-14,0,493.3361171753957
-10.0,b0103,,1,440,0.7108337341354214,-1.0225987110848087e-15,0.7108337341354224,1,9390.98938735297
-10.0,b3774,,3,440,0.7108337341354214,0.0,0.7108337341354214,1,9390.98938735316
-10.0,b0425,,1,440,0.7108337341354214,0.0,0.7108337341354214,1,9390.98938735316
-10.0,b4381,,1,49,0.7108337341354214,0.710833734135404,1.7430501486614958e-14,0,493.3361171753917
-10.0,b1185,,2,49,0.7108337341354214,0.7108337341353945,2.6867397195928788e-14,0,493.33611717538133
-10.0,b3860,,2,49,0.7108337341354214,0.7108337341353945,2.6867397195928788e-14,0,493.33611717538133
-10.0,b2893,,2,49,0.7108337341354214,0.7108337341353945,2.6867397195928788e-14,0,493.33611717538133
-10.0,b2582,,10,54,0.7108337341354214,0.7108337341353945,2.6867397195928788e-14,0,493.4913419386808
-10.0,b4136,,3,54,0.7108337341354214,0.7108337341354044,1.6986412276764895e-14,0,493.49134193868974
-10.0,b3781,,10,54,0.7108337341354214,0.7108337341354044,1.6986412276764895e-14,0,493.49134193868974
-10.0,b0604,,2,54,0.7108337341354214,0.7108337341354044,1.6986412276764895e-14,0,493.49134193868974
-10.0,b4122,,2,432,0.7108337341354214,0.7011155399801268,0.009718194155294624,0,567.5907961645617
-10.0,b1098,,1,441,0.7108337341354214,0.0,0.7108337341354214,1,3688.642306257624
-10.0,b2146,,1,57,0.7108337341354214,0.71083373413541,1.1435297153639112e-14,0,493.65721474326944
-10.0,b2147,,1,57,0.7108337341354214,0.7108337341354017,1.965094753586527e-14,0,493.65721474326574
-10.0,b1238,,2,57,0.7108337341354214,0.7108337341354017,1.965094753586527e-14,0,493.65721474326574
-10.0,b4384,,7,63,0.7108337341354214,0.7108337341354017,1.965094753586527e-14,0,493.6572161164139
-10.0,b4382,,2,63,0.7108337341354214,0.7108337341354011,2.0317081350640365e-14,0,493.65721611641334
-10.0,b2251,,3,318,0.7108337341354214,0.7106360138773985,0.00019772025802289317,0,493.08650294284564
-10.0,b3640,,1,318,0.7108337341354214,0.7106360138774015,0.00019772025801989557,0,493.0865029428527
-10.0,b0173,,1,440,0.7108337341354214,1.432031020247804e-16,0.7108337341354213,1,9390.989387353227
-10.0,b0420,,1,440,0.7108337341354214,0.0,0.7108337341354214,1,9390.989387353353
-10.0,b3564,,2,63,0.7108337341354214,0.7108337341354107,1.0658141036401503e-14,0,493.65721611642124
-10.0,b1779,,2,462,0.7108337341354214,0.0,0.7108337341354214,1,7038.864919471889
-10.0,b2927,,1,462,0.7108337341354214,0.0,0.7108337341354214,1,7038.864919471891
-10.0,b1288,,26,462,0.7108337341354214,0.0,0.7108337341354214,1,7038.864919471891
-10.0,b3622,,2,57,0.7108337341354214,0.7108337341354062,1.5210055437364645e-14,0,783.678298090273
-10.0,b3793,,3,57,0.7108337341354214,0.7108337341354226,-1.2212453270876722e-15,0,783.6782980902931
-10.0,b3785,,3,57,0.7108337341354214,0.7108337341354226,-1.2212453270876722e-15,0,783.6782980902931
-10.0,b3792,,1,57,0.7108337341354214,0.7108337341354226,-1.2212453270876722e-15,0,783.6782980902931
-10.0,b2341,,16,467,0.7108337341354214,0.6878146354065078,0.023019098728913612,0,772.2468993008383
-10.0,b1850,,2,57,0.7108337341354214,0.7108337341354037,1.765254609153999e-14,0,783.6782980902743
-10.0,b1851,,1,57,0.7108337341354214,0.710833734135411,1.0436096431476471e-14,0,783.678298090282
-10.0,b1054,,1,57,0.7108337341354214,0.710833734135411,1.0436096431476471e-14,0,783.678298090282
-10.0,b1855,,2,57,0.7108337341354214,0.710833734135411,1.0436096431476471e-14,0,783.678298090282
-10.0,b2378,,1,57,0.7108337341354214,0.710833734135411,1.0436096431476471e-14,0,783.678298090282
-10.0,b2779,,1,440,0.7108337341354214,0.4843681302668986,0.22646560386852277,0,2169.2636054065074
-10.0,b0583,,1,18,0.7108337341354214,0.7108337341354107,1.0658141036401503e-14,0,2.2683187151608966
-10.0,b0585,,2,18,0.7108337341354214,0.710833734135401,2.042810365310288e-14,0,2.2683187151608633
-10.0,b2441,,1,18,0.7108337341354214,0.710833734135401,2.042810365310288e-14,0,2.2683187151608633
-10.0,b2440,,1,18,0.7108337341354214,0.710833734135401,2.042810365310288e-14,0,2.2683187151608633
-10.0,b3946,,1,18,0.7108337341354214,0.710833734135401,2.042810365310288e-14,0,2.2683187151608633
-10.0,b0825,,1,18,0.7108337341354214,0.710833734135401,2.042810365310288e-14,0,2.2683187151608633
-10.0,b0822,,5,18,0.7108337341354214,0.710833734135401,2.042810365310288e-14,0,2.2683187151608633
-10.0,b3666,,4,18,0.7108337341354214,0.710833734135401,2.042810365310288e-14,0,2.2683187151608633
-10.0,b0404,,7,18,0.7108337341354214,0.710833734135401,2.042810365310288e-14,0,2.2683187151608633
-10.0,b0452,,10,465,0.7108337341354214,0.6878146354064893,0.02301909872893204,0,41.390603288947325
-10.0,b1805,,10,18,0.7108337341354214,0.7108337341354067,1.4654943925052066e-14,0,2.268318715160883
-10.0,b1701,,10,18,0.7108337341354214,0.7108337341354218,-4.440892098500626e-16,0,2.268318715160935
-10.0,b3844,,6,421,0.7108337341354214,0.7026676307543454,0.00816610338107604,0,36.30422384589799
-10.0,b2764,,4,440,0.7108337341354214,5.029153032284565e-16,0.7108337341354208,1,9390.989387353371
-10.0,b2763,,4,440,0.7108337341354214,0.0,0.7108337341354214,1,9390.989387353187
-10.0,b2925,,2,431,0.7108337341354214,0.6978680086666482,0.01296572546877317,0,352.1494378236826
-10.0,b1773,,1,26,0.7108337341354214,0.7108337341354087,1.2656542480726785e-14,0,156.4960262342608
-10.0,b2097,,1,26,0.7108337341354214,0.7108337341353965,2.4868995751603507e-14,0,156.4960262342609
-10.0,b3925,,1,26,0.7108337341354214,0.7108337341353965,2.4868995751603507e-14,0,156.4960262342609
-10.0,b2930,,1,26,0.7108337341354214,0.7108337341353965,2.4868995751603507e-14,0,156.4960262342609
-10.0,b4232,,1,26,0.7108337341354214,0.7108337341353965,2.4868995751603507e-14,0,156.4960262342609
-10.0,b2802,,1,26,0.7108337341354214,0.7108337341353965,2.4868995751603507e-14,0,156.4960262342609
-10.0,b2803,,1,26,0.7108337341354214,0.7108337341353965,2.4868995751603507e-14,0,156.4960262342609
-10.0,b2738,,1,26,0.7108337341354214,0.7108337341353965,2.4868995751603507e-14,0,156.4960262342609
-10.0,b2800,,1,26,0.7108337341354214,0.7108337341353965,2.4868995751603507e-14,0,156.4960262342609
-10.0,b0475,,1,442,0.7108337341354214,1.0113828801174509e-15,0.7108337341354204,1,9615.164654057668
-10.0,b1476,,2,26,0.7108337341354214,0.710833734135419,2.4424906541753444e-15,0,156.49602623426048
-10.0,b1474,,2,26,0.7108337341354214,0.7108337341353965,2.4868995751603507e-14,0,156.4960262342609
-10.0,b1475,,2,26,0.7108337341354214,0.7108337341353965,2.4868995751603507e-14,0,156.4960262342609
-10.0,b3892,,2,26,0.7108337341354214,0.7108337341353965,2.4868995751603507e-14,0,156.4960262342609
-10.0,b3893,,2,26,0.7108337341354214,0.7108337341353965,2.4868995751603507e-14,0,156.4960262342609
-10.0,b3894,,2,26,0.7108337341354214,0.7108337341353965,2.4868995751603507e-14,0,156.4960262342609
-10.0,b0935,,5,26,0.7108337341354214,0.7108337341353965,2.4868995751603507e-14,0,156.4960262342609
-10.0,b3409,,1,26,0.7108337341354214,0.7108337341353965,2.4868995751603507e-14,0,156.4960262342609
-10.0,b2392,,2,26,0.7108337341354214,0.7108337341353965,2.4868995751603507e-14,0,156.4960262342609
-10.0,b4290,,1,26,0.7108337341354214,0.7108337341353965,2.4868995751603507e-14,0,156.4960262342609
-10.0,b4288,,1,26,0.7108337341354214,0.7108337341353965,2.4868995751603507e-14,0,156.4960262342609
-10.0,b4287,,1,26,0.7108337341354214,0.7108337341353965,2.4868995751603507e-14,0,156.4960262342609
-10.0,b4289,,1,26,0.7108337341354214,0.7108337341353965,2.4868995751603507e-14,0,156.4960262342609
-10.0,b4291,,1,26,0.7108337341354214,0.7108337341353965,2.4868995751603507e-14,0,156.4960262342609
-10.0,b0589,,2,26,0.7108337341354214,0.7108337341353965,2.4868995751603507e-14,0,156.4960262342609
-10.0,b0588,,2,26,0.7108337341354214,0.7108337341353965,2.4868995751603507e-14,0,156.4960262342609
-10.0,b0592,,2,26,0.7108337341354214,0.7108337341353965,2.4868995751603507e-14,0,156.4960262342609
-10.0,b0590,,2,26,0.7108337341354214,0.7108337341353965,2.4868995751603507e-14,0,156.4960262342609
-10.0,b2155,,1,26,0.7108337341354214,0.7108337341353965,2.4868995751603507e-14,0,156.4960262342609
-10.0,b0805,,1,26,0.7108337341354214,0.7108337341353965,2.4868995751603507e-14,0,156.4960262342609
-10.0,b0150,,3,26,0.7108337341354214,0.7108337341353965,2.4868995751603507e-14,0,156.4960262342609
-10.0,b0584,,1,26,0.7108337341354214,0.7108337341353965,2.4868995751603507e-14,0,156.4960262342609
-10.0,b0591,,1,26,0.7108337341354214,0.7108337341353965,2.4868995751603507e-14,0,156.4960262342609
-10.0,b4367,,3,26,0.7108337341354214,0.7108337341353965,2.4868995751603507e-14,0,156.4960262342609
-10.0,b4209,,1,264,0.7108337341354214,0.7108116035857933,2.213054962807437e-05,0,156.49561288822852
-10.0,b2486,,1,26,0.7108337341354214,0.7108337341353971,2.4313884239290928e-14,0,156.49602623426082
-10.0,b4079,,1,26,0.7108337341354214,0.7108337341354132,8.215650382226158e-15,0,156.49602623426065
-10.0,b2722,,2,26,0.7108337341354214,0.7108337341354132,8.215650382226158e-15,0,156.49602623426065
-10.0,b2483,,1,26,0.7108337341354214,0.7108337341354132,8.215650382226158e-15,0,156.49602623426065
-10.0,b2719,,2,26,0.7108337341354214,0.7108337341354132,8.215650382226158e-15,0,156.49602623426065
-10.0,b2723,,2,26,0.7108337341354214,0.7108337341354132,8.215650382226158e-15,0,156.49602623426065
-10.0,b2721,,2,26,0.7108337341354214,0.7108337341354132,8.215650382226158e-15,0,156.49602623426065
-10.0,b2481,,1,26,0.7108337341354214,0.7108337341354132,8.215650382226158e-15,0,156.49602623426065
-10.0,b2485,,1,26,0.7108337341354214,0.7108337341354132,8.215650382226158e-15,0,156.49602623426065
-10.0,b2484,,1,26,0.7108337341354214,0.7108337341354132,8.215650382226158e-15,0,156.49602623426065
-10.0,b2724,,2,26,0.7108337341354214,0.7108337341354132,8.215650382226158e-15,0,156.49602623426065
-10.0,b2482,,1,26,0.7108337341354214,0.7108337341354132,8.215650382226158e-15,0,156.49602623426065
-10.0,b2489,,1,26,0.7108337341354214,0.7108337341354132,8.215650382226158e-15,0,156.49602623426065
-10.0,b2720,,2,26,0.7108337341354214,0.7108337341354132,8.215650382226158e-15,0,156.49602623426065
-10.0,b2488,,1,26,0.7108337341354214,0.7108337341354132,8.215650382226158e-15,0,156.49602623426065
-10.0,b2490,,1,26,0.7108337341354214,0.7108337341354132,8.215650382226158e-15,0,156.49602623426065
-10.0,b2487,,1,26,0.7108337341354214,0.7108337341354132,8.215650382226158e-15,0,156.49602623426065
-10.0,b3924,,5,322,0.7108337341354214,0.7104319785232137,0.0004017556122076771,0,156.35272075054064
-10.0,b0684,,7,442,0.7108337341354214,1.6027202998660245e-16,0.7108337341354213,1,9615.164654057811
-10.0,b2895,,7,442,0.7108337341354214,0.0,0.7108337341354214,1,9615.1646540578
-10.0,b3288,,1,26,0.7108337341354214,0.7108337341354224,-9.992007221626409e-16,0,156.49602623425935
-10.0,b0025,,2,442,0.7108337341354214,0.0,0.7108337341354214,1,9615.164654058113
-10.0,b0937,,2,26,0.7108337341354214,0.7108337341354131,8.326672684688674e-15,0,156.49602623426057
-10.0,b2912,,1,26,0.7108337341354214,0.7108337341354248,-3.4416913763379853e-15,0,156.4960262342604
-10.0,b2374,,1,26,0.7108337341354214,0.7108337341354248,-3.4416913763379853e-15,0,156.4960262342604
-10.0,b2492,,2,393,0.7108337341354214,0.7068384214000963,0.003995312735325052,0,788.2618534944371
-10.0,b0904,,2,393,0.7108337341354214,0.7068384214000761,0.003995312735345258,0,788.261853494429
-10.0,b4154,,2,56,0.7108337341354214,0.7108337341354086,1.27675647831893e-14,0,661.0427805498425
-10.0,b4152,,2,56,0.7108337341354214,0.7108337341354137,7.66053886991358e-15,0,661.0427805498416
-10.0,b4153,,2,56,0.7108337341354214,0.7108337341354137,7.66053886991358e-15,0,661.0427805498416
-10.0,b4151,,2,56,0.7108337341354214,0.7108337341354137,7.66053886991358e-15,0,661.0427805498416
-10.0,b2168,,1,56,0.7108337341354214,0.7108337341354137,7.66053886991358e-15,0,661.0427805498416
-10.0,b3371,,1,56,0.7108337341354214,0.7108337341354137,7.66053886991358e-15,0,661.0427805498416
-10.0,b4474,,1,56,0.7108337341354214,0.7108337341354137,7.66053886991358e-15,0,661.0427805498416
-10.0,b3374,,1,56,0.7108337341354214,0.7108337341354137,7.66053886991358e-15,0,661.0427805498416
-10.0,b3370,,2,56,0.7108337341354214,0.7108337341354137,7.66053886991358e-15,0,661.0427805498416
-10.0,b4321,,2,56,0.7108337341354214,0.7108337341354137,7.66053886991358e-15,0,661.0427805498416
-10.0,b2169,,1,56,0.7108337341354214,0.7108337341354137,7.66053886991358e-15,0,661.0427805498416
-10.0,b2167,,1,56,0.7108337341354214,0.7108337341354137,7.66053886991358e-15,0,661.0427805498416
-10.0,b1232,,1,56,0.7108337341354214,0.7108337341354137,7.66053886991358e-15,0,661.0427805498416
-10.0,b2801,,1,56,0.7108337341354214,0.7108337341354137,7.66053886991358e-15,0,661.0427805498416
-10.0,b1611,,1,434,0.7108337341354214,0.7011155399801371,0.009718194155284299,0,741.7358227303778
-10.0,b1612,,1,434,0.7108337341354214,0.7011155399801268,0.009718194155294624,0,741.735822730363
-10.0,b0621,,4,59,0.7108337341354214,0.7108337341354038,1.7541523789077473e-14,0,661.2086533544082
-10.0,b3730,,2,442,0.7108337341354214,-4.18361787220893e-16,0.7108337341354218,1,9615.164654057931
-10.0,b1002,,2,59,0.7108337341354214,0.7108337341354009,2.0539125955565396e-14,0,661.2086533544074
-10.0,b3789,,1,59,0.7108337341354214,0.7108337341354155,5.88418203051333e-15,0,661.2086533544212
-10.0,b2039,,1,59,0.7108337341354214,0.7108337341354155,5.88418203051333e-15,0,661.2086533544212
-10.0,b0154,,1,442,0.7108337341354214,4.18361787220893e-16,0.710833734135421,1,9615.164654057911
-10.0,b2533,,2,59,0.7108337341354214,0.7108337341354027,1.865174681370263e-14,0,661.2086533544096
-10.0,b4055,,17,59,0.7108337341354214,0.7108337341354155,5.88418203051333e-15,0,661.2086533544212
-10.0,b4041,,7,65,0.7108337341354214,0.7108337341354155,5.88418203051333e-15,0,661.2234016604627
-10.0,b3451,,7,65,0.7108337341354214,0.7108337341354086,1.27675647831893e-14,0,661.2234016604565
-10.0,b3452,,7,65,0.7108337341354214,0.7108337341354086,1.27675647831893e-14,0,661.2234016604565
-10.0,b3453,,7,65,0.7108337341354214,0.7108337341354086,1.27675647831893e-14,0,661.2234016604565
-10.0,b3450,,7,65,0.7108337341354214,0.7108337341354086,1.27675647831893e-14,0,661.2234016604565
-10.0,b3608,,1,442,0.7108337341354214,0.0,0.7108337341354214,1,9615.164654057658
-10.0,b2242,,3,65,0.7108337341354214,0.7108337341354117,9.658940314238862e-15,0,661.2234016604586
-10.0,b2241,,3,65,0.7108337341354214,0.7108337341354086,1.27675647831893e-14,0,661.2234016604565
-10.0,b2243,,3,65,0.7108337341354214,0.7108337341354086,1.27675647831893e-14,0,661.2234016604565
-10.0,b3426,,1,65,0.7108337341354214,0.7108337341354086,1.27675647831893e-14,0,661.2234016604565
-10.0,b0243,,1,358,0.7108337341354214,0.7091668118073958,0.0016669223280255663,0,655.5471994169953
-10.0,b0678,,1,65,0.7108337341354214,0.7108337341354142,7.216449660063518e-15,0,661.2234016604524
-10.0,b1852,,1,65,0.7108337341354214,0.7108337341354086,1.27675647831893e-14,0,661.2234016604565
-10.0,b3128,,1,65,0.7108337341354214,0.7108337341354086,1.27675647831893e-14,0,661.2234016604565
-10.0,b4358,,1,65,0.7108337341354214,0.7108337341354086,1.27675647831893e-14,0,661.2234016604565
-10.0,b4478,,1,65,0.7108337341354214,0.7108337341354086,1.27675647831893e-14,0,661.2234016604565
-10.0,b4356,,1,65,0.7108337341354214,0.7108337341354086,1.27675647831893e-14,0,661.2234016604565
-10.0,b3691,,1,65,0.7108337341354214,0.7108337341354086,1.27675647831893e-14,0,661.2234016604565
-10.0,b3127,,3,65,0.7108337341354214,0.7108337341354086,1.27675647831893e-14,0,661.2234016604565
-10.0,b2789,,3,65,0.7108337341354214,0.7108337341354086,1.27675647831893e-14,0,661.2234016604565
-10.0,b0757,,1,65,0.7108337341354214,0.7108337341354086,1.27675647831893e-14,0,661.2234016604565
-10.0,b2045,,1,65,0.7108337341354214,0.7108337341354086,1.27675647831893e-14,0,661.2234016604565
-10.0,b0756,,1,65,0.7108337341354214,0.7108337341354086,1.27675647831893e-14,0,661.2234016604565
-10.0,b4119,,1,65,0.7108337341354214,0.7108337341354086,1.27675647831893e-14,0,661.2234016604565
-10.0,b3628,,1,65,0.7108337341354214,0.7108337341354086,1.27675647831893e-14,0,661.2234016604565
-10.0,b2093,,1,65,0.7108337341354214,0.7108337341354086,1.27675647831893e-14,0,661.2234016604565
-10.0,b2092,,1,65,0.7108337341354214,0.7108337341354086,1.27675647831893e-14,0,661.2234016604565
-10.0,b2094,,1,65,0.7108337341354214,0.7108337341354086,1.27675647831893e-14,0,661.2234016604565
-10.0,b3093,,2,65,0.7108337341354214,0.7108337341354086,1.27675647831893e-14,0,661.2234016604565
-10.0,b1236,,1,65,0.7108337341354214,0.7108337341354086,1.27675647831893e-14,0,661.2234016604565
-10.0,b4230,,2,65,0.7108337341354214,0.7108337341354086,1.27675647831893e-14,0,661.2234016604565
-10.0,b2148,,2,65,0.7108337341354214,0.7108337341354086,1.27675647831893e-14,0,661.2234016604565
-10.0,b2149,,2,65,0.7108337341354214,0.7108337341354086,1.27675647831893e-14,0,661.2234016604565
-10.0,b2150,,2,65,0.7108337341354214,0.7108337341354086,1.27675647831893e-14,0,661.2234016604565
-10.0,b4231,,2,65,0.7108337341354214,0.7108337341354086,1.27675647831893e-14,0,661.2234016604565
-10.0,b4485,,2,65,0.7108337341354214,0.7108337341354086,1.27675647831893e-14,0,661.2234016604565
-10.0,b4227,,2,65,0.7108337341354214,0.7108337341354086,1.27675647831893e-14,0,661.2234016604565
-10.0,b2943,,2,65,0.7108337341354214,0.7108337341354086,1.27675647831893e-14,0,661.2234016604565
-10.0,b2500,,1,382,0.7108337341354214,0.7082988023871128,0.0025349317483085443,0,653.8994340236392
-10.0,b1415,,2,442,0.7108337341354214,-6.330353706424293e-16,0.7108337341354221,1,9615.16465405799
-10.0,b2052,,2,65,0.7108337341354214,0.7108337341354136,7.771561172376096e-15,0,661.223401660458
-10.0,b2784,,2,65,0.7108337341354214,0.7108337341354086,1.27675647831893e-14,0,661.2234016604565
-10.0,b3650,,3,65,0.7108337341354214,0.7108337341354086,1.27675647831893e-14,0,661.2234016604565
-10.0,b2051,,1,65,0.7108337341354214,0.7108337341354086,1.27675647831893e-14,0,661.2234016604565
-10.0,b2467,,1,65,0.7108337341354214,0.7108337341354086,1.27675647831893e-14,0,661.2234016604565
-10.0,b3729,,1,442,0.7108337341354214,0.0,0.7108337341354214,1,9615.164654057658
-10.0,b1298,,1,65,0.7108337341354214,0.7108337341354038,1.7541523789077473e-14,0,661.2234016604513
-10.0,b1301,,1,65,0.7108337341354214,0.7108337341354086,1.27675647831893e-14,0,661.2234016604565
-10.0,b1297,,2,442,0.7108337341354214,-1.1711154356884942e-14,0.710833734135433,1,9615.164654057988
-10.0,b3882,,1,65,0.7108337341354214,0.7108337341354093,1.2101430968414206e-14,0,661.2234016604536
-10.0,b3432,,1,65,0.7108337341354214,0.7108337341354086,1.27675647831893e-14,0,661.2234016604565
-10.0,b0459,,2,65,0.7108337341354214,0.7108337341354086,1.27675647831893e-14,0,661.2234016604565
-10.0,b0124,,1,65,0.7108337341354214,0.7108337341354086,1.27675647831893e-14,0,661.2234016604565
-10.0,b0837,,1,65,0.7108337341354214,0.7108337341354086,1.27675647831893e-14,0,661.2234016604565
-10.0,b4476,,1,65,0.7108337341354214,0.7108337341354086,1.27675647831893e-14,0,661.2234016604565
-10.0,b3415,,1,65,0.7108337341354214,0.7108337341354086,1.27675647831893e-14,0,661.2234016604565
-10.0,b3417,,5,65,0.7108337341354214,0.7108337341354086,1.27675647831893e-14,0,661.2234016604565
-10.0,b3428,,2,65,0.7108337341354214,0.7108337341354086,1.27675647831893e-14,0,661.2234016604565
-10.0,b3126,,1,65,0.7108337341354214,0.7108337341354086,1.27675647831893e-14,0,661.2234016604565
-10.0,b2787,,1,65,0.7108337341354214,0.7108337341354086,1.27675647831893e-14,0,661.2234016604565
-10.0,b2788,,1,65,0.7108337341354214,0.7108337341354086,1.27675647831893e-14,0,661.2234016604565
-10.0,b3429,,1,65,0.7108337341354214,0.7108337341354086,1.27675647831893e-14,0,661.2234016604565
-10.0,b3631,,1,65,0.7108337341354214,0.7108337341354086,1.27675647831893e-14,0,661.2234016604565
-10.0,b3627,,1,65,0.7108337341354214,0.7108337341354086,1.27675647831893e-14,0,661.2234016604565
-10.0,b3626,,1,65,0.7108337341354214,0.7108337341354086,1.27675647831893e-14,0,661.2234016604565
-10.0,b1621,,2,437,0.7108337341354214,0.6842505727990057,0.026583161336415695,0,1110.0326886524626
-10.0,b3431,,1,65,0.7108337341354214,0.710833734135405,1.6431300764452317e-14,0,529.5607614836259
-10.0,b3430,,1,65,0.7108337341354214,0.7108337341354118,9.547918011776346e-15,0,529.5607614836329
-10.0,b3870,,1,442,0.7108337341354214,3.709447393959341e-14,0.7108337341353843,1,9615.164654056924
-10.0,b0680,,1,65,0.7108337341354214,0.7108337341354146,6.772360450213455e-15,0,529.5607614836301
-10.0,b0809,,1,65,0.7108337341354214,0.7108337341354118,9.547918011776346e-15,0,529.5607614836329
-10.0,b0810,,1,65,0.7108337341354214,0.7108337341354118,9.547918011776346e-15,0,529.5607614836329
-10.0,b0811,,1,65,0.7108337341354214,0.7108337341354118,9.547918011776346e-15,0,529.5607614836329
-10.0,b2091,,1,65,0.7108337341354214,0.7108337341354118,9.547918011776346e-15,0,529.5607614836329
-10.0,b0242,,1,358,0.7108337341354214,0.7091668118073986,0.0016669223280227907,0,524.2543149369778
-10.0,b1492,,1,65,0.7108337341354214,0.7108337341354051,1.63202784619898e-14,0,529.5607614836258
-10.0,b2688,,1,65,0.7108337341354214,0.7108337341354118,9.547918011776346e-15,0,529.5607614836329
-10.0,b1493,,1,65,0.7108337341354214,0.7108337341354118,9.547918011776346e-15,0,529.5607614836329
-10.0,b3517,,1,65,0.7108337341354214,0.7108337341354118,9.547918011776346e-15,0,529.5607614836329
-10.0,b1761,,1,438,0.7108337341354214,0.6519305423009267,0.05890319183449466,0,508.159273304712
-10.0,b1524,,1,65,0.7108337341354214,0.7108337341354072,1.4210854715202004e-14,0,529.5607614836298
-10.0,b0485,,1,65,0.7108337341354214,0.7108337341354118,9.547918011776346e-15,0,529.5607614836329
-10.0,b2312,,1,442,0.7108337341354214,7.492486717842207e-14,0.7108337341353465,1,9615.164654055881
-10.0,b3967,,1,442,0.7108337341354214,0.0,0.7108337341354214,1,9615.164654057911
-10.0,b3213,,1,65,0.7108337341354214,0.7108337341354116,9.769962616701378e-15,0,529.5607614836313
-10.0,b3212,,1,65,0.7108337341354214,0.7108337341354118,9.547918011776346e-15,0,529.5607614836329
-10.0,b1210,,1,442,0.7108337341354214,0.0,0.7108337341354214,1,9615.16465405783
-10.0,b2400,,1,442,0.7108337341354214,0.0,0.7108337341354214,1,9615.164654057851
-10.0,b3653,,1,65,0.7108337341354214,0.7108337341354082,1.3211653993039363e-14,0,529.5607614836289
-10.0,b0507,,1,65,0.7108337341354214,0.7108337341354118,9.547918011776346e-15,0,529.5607614836329
-10.0,b3927,,3,65,0.7108337341354214,0.7108337341354118,9.547918011776346e-15,0,529.5607614836329
-10.0,b3617,,1,65,0.7108337341354214,0.7108337341354118,9.547918011776346e-15,0,529.5607614836329
-10.0,b2240,,1,65,0.7108337341354214,0.7108337341354118,9.547918011776346e-15,0,529.5607614836329
-10.0,b0514,,1,65,0.7108337341354214,0.7108337341354118,9.547918011776346e-15,0,529.5607614836329
-10.0,b3124,,1,65,0.7108337341354214,0.7108337341354118,9.547918011776346e-15,0,529.5607614836329
-10.0,b2904,,1,65,0.7108337341354214,0.7108337341354118,9.547918011776346e-15,0,529.5607614836329
-10.0,b2903,,1,65,0.7108337341354214,0.7108337341354118,9.547918011776346e-15,0,529.5607614836329
-10.0,b2905,,1,65,0.7108337341354214,0.7108337341354118,9.547918011776346e-15,0,529.5607614836329
-10.0,b1033,,4,65,0.7108337341354214,0.7108337341354118,9.547918011776346e-15,0,529.5607614836329
-10.0,b4468,,3,65,0.7108337341354214,0.7108337341354118,9.547918011776346e-15,0,529.5607614836329
-10.0,b4467,,3,65,0.7108337341354214,0.7108337341354118,9.547918011776346e-15,0,529.5607614836329
-10.0,b2979,,3,65,0.7108337341354214,0.7108337341354118,9.547918011776346e-15,0,529.5607614836329
-10.0,b3926,,1,65,0.7108337341354214,0.7108337341354118,9.547918011776346e-15,0,529.5607614836329
-10.0,b0212,,1,65,0.7108337341354214,0.7108337341354118,9.547918011776346e-15,0,529.5607614836329
-10.0,b3559,,1,65,0.7108337341354214,0.7108337341354118,9.547918011776346e-15,0,529.5607614836329
-10.0,b3560,,1,65,0.7108337341354214,0.7108337341354118,9.547918011776346e-15,0,529.5607614836329
-10.0,b2053,,1,65,0.7108337341354214,0.7108337341354118,9.547918011776346e-15,0,529.5607614836329
-10.0,b3052,,2,65,0.7108337341354214,0.7108337341354118,9.547918011776346e-15,0,529.5607614836329
-10.0,b0200,,1,65,0.7108337341354214,0.7108337341354118,9.547918011776346e-15,0,529.5607614836329
-10.0,b0104,,1,65,0.7108337341354214,0.7108337341354118,9.547918011776346e-15,0,529.5607614836329
-10.0,b2507,,1,442,0.7108337341354214,-4.827115441323647e-16,0.7108337341354218,1,9615.164654057995
-10.0,b2029,,1,65,0.7108337341354214,0.7108337341354045,1.687538997430238e-14,0,529.560761483625
-10.0,b3437,,1,65,0.7108337341354214,0.7108337341354118,9.547918011776346e-15,0,529.5607614836329
-10.0,b4268,,1,65,0.7108337341354214,0.7108337341354118,9.547918011776346e-15,0,529.5607614836329
-10.0,b3449,,5,65,0.7108337341354214,0.7108337341354118,9.547918011776346e-15,0,529.5607614836329
-10.0,b2239,,5,65,0.7108337341354214,0.7108337341354118,9.547918011776346e-15,0,529.5607614836329
-10.0,b1654,,6,60,0.7108337341354214,0.7108337341354118,9.547918011776346e-15,0,529.4055367203332
-10.0,b3610,,6,60,0.7108337341354214,0.7108337341353991,2.2315482794965646e-14,0,529.4055367203213
-10.0,b0849,,6,60,0.7108337341354214,0.7108337341353991,2.2315482794965646e-14,0,529.4055367203213
-10.0,b0477,,2,60,0.7108337341354214,0.7108337341353991,2.2315482794965646e-14,0,529.4055367203213
-10.0,b2988,,2,60,0.7108337341354214,0.7108337341353991,2.2315482794965646e-14,0,529.4055367203213
-10.0,b3500,,1,60,0.7108337341354214,0.7108337341353991,2.2315482794965646e-14,0,529.4055367203213
-10.0,b1710,,2,60,0.7108337341354214,0.7108337341353991,2.2315482794965646e-14,0,529.4055367203213
-10.0,b3447,,1,60,0.7108337341354214,0.7108337341353991,2.2315482794965646e-14,0,529.4055367203213
-10.0,b0832,,1,60,0.7108337341354214,0.7108337341353991,2.2315482794965646e-14,0,529.4055367203213
-10.0,b0829,,1,60,0.7108337341354214,0.7108337341353991,2.2315482794965646e-14,0,529.4055367203213
-10.0,b0831,,1,60,0.7108337341354214,0.7108337341353991,2.2315482794965646e-14,0,529.4055367203213
-10.0,b0830,,1,60,0.7108337341354214,0.7108337341353991,2.2315482794965646e-14,0,529.4055367203213
-10.0,b2947,,1,60,0.7108337341354214,0.7108337341353991,2.2315482794965646e-14,0,529.4055367203213
-10.0,b2153,,1,442,0.7108337341354214,1.96143822833235e-30,0.7108337341354214,1,9615.164654057502
-10.0,b1277,,1,442,0.7108337341354214,0.0,0.7108337341354214,1,9615.164654057742
-10.0,b3779,,1,60,0.7108337341354214,0.7108337341354081,1.3322676295501878e-14,0,529.4055367203279
-10.0,b2883,,1,60,0.7108337341354214,0.7108337341353991,2.2315482794965646e-14,0,529.4055367203213
-10.0,b0125,,2,60,0.7108337341354214,0.7108337341353991,2.2315482794965646e-14,0,529.4055367203213
-10.0,b0238,,3,60,0.7108337341354214,0.7108337341353991,2.2315482794965646e-14,0,529.4055367203213
-10.0,b3092,,2,60,0.7108337341354214,0.7108337341353991,2.2315482794965646e-14,0,529.4055367203213
-10.0,b1319,,1,454,0.7108337341354214,0.3286782581953076,0.3821554759401138,0,6862.856078908617
-10.0,b3875,,1,454,0.7108337341354214,0.32867825819550084,0.38215547593992055,0,6862.856078913416
-10.0,b0957,,1,454,0.7108337341354214,0.32867825819550084,0.38215547593992055,0,6862.856078913416
-10.0,b0875,,1,456,0.7108337341354214,0.3444495171688494,0.366384216966572,0,7608.583773039643
-10.0,b1395,,1,27,0.7108337341354214,0.7108337341354068,1.454392162258955e-14,0,39.09501409358189
-10.0,b4040,,1,442,0.7108337341354214,0.0,0.7108337341354214,1,9615.164654057979
-10.0,b0353,,2,27,0.7108337341354214,0.7108337341354113,1.0103029524088925e-14,0,39.09501409358232
-10.0,b0339,,1,442,0.7108337341354214,7.764646490681589e-14,0.7108337341353438,1,9615.164654055876
-10.0,b0126,,1,442,0.7108337341354214,-8.221822888813968e-15,0.7108337341354296,1,9615.16465405798
-10.0,b0261,,2,27,0.7108337341354214,0.7108337341354106,1.0769163338864018e-14,0,39.09501409358215
-10.0,b0428,,1,27,0.7108337341354214,0.710833734135405,1.6431300764452317e-14,0,39.095014093581796
-10.0,b3630,,1,27,0.7108337341354214,0.710833734135405,1.6431300764452317e-14,0,39.095014093581796
-10.0,b3625,,1,27,0.7108337341354214,0.710833734135405,1.6431300764452317e-14,0,39.095014093581796
-10.0,b3621,,1,27,0.7108337341354214,0.710833734135405,1.6431300764452317e-14,0,39.095014093581796
-10.0,b3620,,1,27,0.7108337341354214,0.710833734135405,1.6431300764452317e-14,0,39.095014093581796
-10.0,b3632,,1,27,0.7108337341354214,0.710833734135405,1.6431300764452317e-14,0,39.095014093581796
-10.0,b3623,,1,27,0.7108337341354214,0.710833734135405,1.6431300764452317e-14,0,39.095014093581796
-10.0,b2104,,1,27,0.7108337341354214,0.710833734135405,1.6431300764452317e-14,0,39.095014093581796
-10.0,b2388,,1,27,0.7108337341354214,0.710833734135405,1.6431300764452317e-14,0,39.095014093581796
-10.0,b0394,,1,27,0.7108337341354214,0.710833734135405,1.6431300764452317e-14,0,39.095014093581796
-10.0,b2020,,1,442,0.7108337341354214,0.0,0.7108337341354214,1,9615.164654058013
-10.0,b2022,,2,442,0.7108337341354214,0.0,0.7108337341354214,1,9615.16465405801
-10.0,b2514,,1,27,0.7108337341354214,0.7108337341354262,-4.773959005888173e-15,0,39.095014093583444
-10.0,b2309,,1,27,0.7108337341354214,0.710833734135405,1.6431300764452317e-14,0,39.095014093581796
-10.0,b0112,,4,27,0.7108337341354214,0.710833734135405,1.6431300764452317e-14,0,39.095014093581796
-10.0,b0349,,2,27,0.7108337341354214,0.710833734135405,1.6431300764452317e-14,0,39.095014093581796
-10.0,b3805,,1,442,0.7108337341354214,-3.863008204319198e-16,0.7108337341354217,1,9615.164654058004
-10.0,b2418,,4,27,0.7108337341354214,0.710833734135414,7.438494264988549e-15,0,39.09501409358259
-10.0,b2103,,2,442,0.7108337341354214,-3.863008204319198e-16,0.7108337341354217,1,9615.164654058002
-10.0,b0813,,2,27,0.7108337341354214,0.7108337341354194,1.9984014443252818e-15,0,39.09501409358286
-10.0,b3824,,1,27,0.7108337341354214,0.710833734135405,1.6431300764452317e-14,0,39.095014093581796
-10.0,b0352,,1,27,0.7108337341354214,0.710833734135405,1.6431300764452317e-14,0,39.095014093581796
-10.0,b0142,,1,442,0.7108337341354214,-3.863008204319198e-16,0.7108337341354217,1,9615.164654058019
-10.0,b0508,,1,27,0.7108337341354214,0.7108337341354172,4.218847493575595e-15,0,39.09501409358272
-10.0,b0003,,1,442,0.7108337341354214,7.726016408638396e-16,0.7108337341354206,1,9615.16465405797
-10.0,b4013,,1,442,0.7108337341354214,0.0,0.7108337341354214,1,9615.164654057759
-10.0,b2021,,1,442,0.7108337341354214,0.0,0.7108337341354214,1,9615.164654057753
-10.0,b2867,,2,27,0.7108337341354214,0.7108337341354162,5.218048215738236e-15,0,39.095014093582805
-10.0,b2866,,2,27,0.7108337341354214,0.710833734135405,1.6431300764452317e-14,0,39.095014093581796
-10.0,b2868,,2,27,0.7108337341354214,0.710833734135405,1.6431300764452317e-14,0,39.095014093581796
-10.0,b2994,,3,27,0.7108337341354214,0.710833734135405,1.6431300764452317e-14,0,39.095014093581796
-10.0,b0973,,3,27,0.7108337341354214,0.710833734135405,1.6431300764452317e-14,0,39.095014093581796
-10.0,b0974,,3,27,0.7108337341354214,0.710833734135405,1.6431300764452317e-14,0,39.095014093581796
-10.0,b2997,,3,27,0.7108337341354214,0.710833734135405,1.6431300764452317e-14,0,39.095014093581796
-10.0,b2995,,3,27,0.7108337341354214,0.710833734135405,1.6431300764452317e-14,0,39.095014093581796
-10.0,b2996,,3,27,0.7108337341354214,0.710833734135405,1.6431300764452317e-14,0,39.095014093581796
-10.0,b0972,,3,27,0.7108337341354214,0.710833734135405,1.6431300764452317e-14,0,39.095014093581796
-10.0,b2530,,6,442,0.7108337341354214,-3.863008204319198e-16,0.7108337341354217,1,9615.164654057995
-10.0,b2529,,6,208,0.7108337341354214,0.7108295921107909,4.142024630504615e-06,0,39.09566003740778
-10.0,b3807,,4,442,0.7108337341354214,-4.810054766132942e-16,0.7108337341354218,1,9615.164654058955
-10.0,b2528,,2,208,0.7108337341354214,0.7108295921107897,4.14202463172586e-06,0,39.09566003740765
-10.0,b1136,,1,442,0.7108337341354214,-1.7940694554846497e-17,0.7108337341354214,1,9615.16465405897
-10.0,b2265,,1,27,0.7108337341354214,0.7108337341354033,1.8096635301390052e-14,0,39.09501409358163
-10.0,b0593,,1,27,0.7108337341354214,0.710833734135405,1.6431300764452317e-14,0,39.095014093581796
-10.0,b0595,,1,27,0.7108337341354214,0.710833734135405,1.6431300764452317e-14,0,39.095014093581796
-10.0,b4015,,1,27,0.7108337341354214,0.710833734135405,1.6431300764452317e-14,0,39.095014093581796
-10.0,b4267,,2,27,0.7108337341354214,0.710833734135405,1.6431300764452317e-14,0,39.095014093581796
-10.0,b2023,,1,442,0.7108337341354214,0.0,0.7108337341354214,1,9615.16465405799
-10.0,b2025,,1,442,0.7108337341354214,0.0,0.7108337341354214,1,9615.16465405811
-10.0,b1262,,2,442,0.7108337341354214,0.0,0.7108337341354214,1,9615.16465405811
-10.0,b3770,,4,442,0.7108337341354214,0.0,0.7108337341354214,1,9615.164654057746
-10.0,b0026,,1,24,0.7108337341354214,0.7108337341354037,1.765254609153999e-14,0,37.56543210385677
-10.0,b0401,,3,24,0.7108337341354214,0.7108337341354196,1.7763568394002505e-15,0,37.56543210385838
-10.0,b2508,,1,365,0.7108337341354214,0.7089963723765862,0.0018373617588351987,0,38.12222852842275
-10.0,b3265,,1,24,0.7108337341354214,0.7108337341353969,2.453592884421596e-14,0,37.565432103856615
-10.0,b3266,,1,24,0.7108337341354214,0.7108337341354196,1.7763568394002505e-15,0,37.56543210385838
-10.0,b3161,,2,24,0.7108337341354214,0.7108337341354196,1.7763568394002505e-15,0,37.56543210385838
-10.0,b3679,,1,24,0.7108337341354214,0.7108337341354196,1.7763568394002505e-15,0,37.56543210385838
-10.0,b2889,,1,27,0.7108337341354214,0.7108337341354196,1.7763568394002505e-15,0,37.56543222100962
-10.0,b0073,,1,442,0.7108337341354214,0.0,0.7108337341354214,1,9615.164654058563
-10.0,b0071,,2,442,0.7108337341354214,0.0,0.7108337341354214,1,9615.16465405785
-10.0,b0072,,2,442,0.7108337341354214,0.0,0.7108337341354214,1,9615.164654057742
-10.0,b0074,,1,442,0.7108337341354214,0.0,0.7108337341354214,1,9615.164654057742
-10.0,b0918,,1,442,0.7108337341354214,0.0,0.7108337341354214,1,9615.164654057755
-10.0,b3198,,1,442,0.7108337341354214,0.0,0.7108337341354214,1,9615.164654057755
-10.0,b1215,,1,442,0.7108337341354214,0.0,0.7108337341354214,1,9615.164654057755
-10.0,b4196,,1,27,0.7108337341354214,0.7108337341354114,9.992007221626409e-15,0,37.565432221008805
-10.0,b3581,,1,27,0.7108337341354214,0.710833734135427,-5.662137425588298e-15,0,37.56543222100996
-10.0,b0697,,1,27,0.7108337341354214,0.710833734135427,-5.662137425588298e-15,0,37.56543222100996
-10.0,b4513,,1,27,0.7108337341354214,0.710833734135427,-5.662137425588298e-15,0,37.56543222100996
-10.0,b0698,,1,27,0.7108337341354214,0.710833734135427,-5.662137425588298e-15,0,37.56543222100996
-10.0,b0696,,1,27,0.7108337341354214,0.710833734135427,-5.662137425588298e-15,0,37.56543222100996
-10.0,b3747,,1,331,0.7108337341354214,0.7097289316817497,0.0011048024536717271,0,37.79137275016282
-10.0,b1363,,1,331,0.7108337341354214,0.7097289316817335,0.0011048024536879364,0,37.791372750161486
-10.0,b1250,,1,331,0.7108337341354214,0.7097289316817335,0.0011048024536879364,0,37.791372750161486
-10.0,b3849,,1,331,0.7108337341354214,0.7097289316817335,0.0011048024536879364,0,37.791372750161486
-10.0,b1291,,1,331,0.7108337341354214,0.7097289316817335,0.0011048024536879364,0,37.791372750161486
-10.0,b3290,,1,331,0.7108337341354214,0.7097289316817335,0.0011048024536879364,0,37.791372750161486
-10.0,b0047,,1,27,0.7108337341354214,0.7108337341354111,1.0325074129013956e-14,0,37.565432221008734
-10.0,b0842,,2,27,0.7108337341354214,0.710833734135427,-5.662137425588298e-15,0,37.56543222100996
-10.0,b3350,,1,27,0.7108337341354214,0.710833734135427,-5.662137425588298e-15,0,37.56543222100996
-10.0,b3605,,2,27,0.7108337341354214,0.710833734135427,-5.662137425588298e-15,0,37.56543222100996
-10.0,b0306,,2,27,0.7108337341354214,0.710833734135427,-5.662137425588298e-15,0,37.56543222100996
-10.0,b0307,,2,27,0.7108337341354214,0.710833734135427,-5.662137425588298e-15,0,37.56543222100996
-10.0,b0308,,2,27,0.7108337341354214,0.710833734135427,-5.662137425588298e-15,0,37.56543222100996
-10.0,b2257,,1,27,0.7108337341354214,0.710833734135427,-5.662137425588298e-15,0,37.56543222100996
-10.0,b0344,,1,27,0.7108337341354214,0.710833734135427,-5.662137425588298e-15,0,37.56543222100996
-10.0,b2132,,1,27,0.7108337341354214,0.710833734135427,-5.662137425588298e-15,0,37.56543222100996
-10.0,b1326,,1,27,0.7108337341354214,0.710833734135427,-5.662137425588298e-15,0,37.56543222100996
-10.0,b4130,,2,27,0.7108337341354214,0.710833734135427,-5.662137425588298e-15,0,37.56543222100996
-10.0,b3496,,2,27,0.7108337341354214,0.710833734135427,-5.662137425588298e-15,0,37.56543222100996
-10.0,b0709,,2,27,0.7108337341354214,0.710833734135427,-5.662137425588298e-15,0,37.56543222100996
-10.0,b1634,,2,27,0.7108337341354214,0.710833734135427,-5.662137425588298e-15,0,37.56543222100996
-10.0,b2799,,1,27,0.7108337341354214,0.710833734135427,-5.662137425588298e-15,0,37.56543222100996
-10.0,b2170,,1,27,0.7108337341354214,0.710833734135427,-5.662137425588298e-15,0,37.56543222100996
-10.0,b0070,,1,27,0.7108337341354214,0.710833734135427,-5.662137425588298e-15,0,37.56543222100996
-10.0,b0343,,1,27,0.7108337341354214,0.710833734135427,-5.662137425588298e-15,0,37.56543222100996
-10.0,b1380,,1,27,0.7108337341354214,0.710833734135427,-5.662137425588298e-15,0,37.56543222100996
-10.0,b2133,,2,27,0.7108337341354214,0.710833734135427,-5.662137425588298e-15,0,37.56543222100996
-10.0,b4054,,3,442,0.7108337341354214,0.0,0.7108337341354214,1,9615.164654058563
-10.0,b0642,,1,27,0.7108337341354214,0.7108337341354047,1.6653345369377348e-14,0,37.565432221007946
-10.0,b3458,,1,27,0.7108337341354214,0.710833734135427,-5.662137425588298e-15,0,37.56543222100996
-10.0,b1651,,1,27,0.7108337341354214,0.710833734135427,-5.662137425588298e-15,0,37.56543222100996
-10.0,b0622,,2,27,0.7108337341354214,0.710833734135427,-5.662137425588298e-15,0,37.56543222100996
-10.0,b4386,,3,27,0.7108337341354214,0.710833734135427,-5.662137425588298e-15,0,37.56543222100996
-10.0,b0630,,1,27,0.7108337341354214,0.710833734135427,-5.662137425588298e-15,0,37.56543222100996
-10.0,b0628,,1,27,0.7108337341354214,0.710833734135427,-5.662137425588298e-15,0,37.56543222100996
-10.0,b0182,,1,442,0.7108337341354214,1.5452032817276838e-15,0.7108337341354198,1,9615.164654058535
-10.0,b0494,,21,27,0.7108337341354214,0.7108337341354206,7.771561172376096e-16,0,37.56543222100943
-10.0,b3825,,35,27,0.7108337341354214,0.7108337341354185,2.886579864025407e-15,0,37.56543222100946
-10.0,b0186,,1,27,0.7108337341354214,0.7108337341354185,2.886579864025407e-15,0,37.56543222100946
-10.0,b4131,,1,27,0.7108337341354214,0.7108337341354185,2.886579864025407e-15,0,37.56543222100946
-10.0,b2890,,1,27,0.7108337341354214,0.7108337341354185,2.886579864025407e-15,0,37.56543222100946
-10.0,b2156,,1,27,0.7108337341354214,0.7108337341354185,2.886579864025407e-15,0,37.56543222100946
-10.0,b3903,,2,27,0.7108337341354214,0.7108337341354185,2.886579864025407e-15,0,37.56543222100946
-10.0,b3907,,2,27,0.7108337341354214,0.7108337341354185,2.886579864025407e-15,0,37.56543222100946
-10.0,b3600,,1,27,0.7108337341354214,0.7108337341354185,2.886579864025407e-15,0,37.56543222100946
-10.0,b0777,,1,442,0.7108337341354214,0.0,0.7108337341354214,1,9615.164654057766
-10.0,b1800,,1,27,0.7108337341354214,0.710833734135416,5.440092820663267e-15,0,37.565432221009274
-10.0,b4014,,1,27,0.7108337341354214,0.7108337341354185,2.886579864025407e-15,0,37.56543222100946
-10.0,b2976,,1,27,0.7108337341354214,0.7108337341354185,2.886579864025407e-15,0,37.56543222100946
-10.0,b2049,,1,27,0.7108337341354214,0.7108337341354185,2.886579864025407e-15,0,37.56543222100946
-10.0,b1613,,1,27,0.7108337341354214,0.7108337341354185,2.886579864025407e-15,0,37.56543222100946
-10.0,b4323,,1,27,0.7108337341354214,0.7108337341354185,2.886579864025407e-15,0,37.56543222100946
-10.0,b0731,,1,27,0.7108337341354214,0.7108337341354185,2.886579864025407e-15,0,37.56543222100946
-10.0,b0732,,1,27,0.7108337341354214,0.7108337341354185,2.886579864025407e-15,0,37.56543222100946
-10.0,b0334,,1,27,0.7108337341354214,0.7108337341354185,2.886579864025407e-15,0,37.56543222100946
-10.0,b0331,,1,27,0.7108337341354214,0.7108337341354185,2.886579864025407e-15,0,37.56543222100946
-10.0,b0333,,1,27,0.7108337341354214,0.7108337341354185,2.886579864025407e-15,0,37.56543222100946
-10.0,b1092,,1,442,0.7108337341354214,-4.276847330300145e-16,0.7108337341354218,1,9615.164654057931
-10.0,b2521,,1,27,0.7108337341354214,0.7108337341354071,1.432187701766452e-14,0,37.56543222100854
-10.0,b0149,,5,442,0.7108337341354214,-3.479132872466802e-16,0.7108337341354217,1,9615.164654057719
-10.0,b0635,,2,442,0.7108337341354214,0.0,0.7108337341354214,1,9615.164654057804
-10.0,b3396,,5,442,0.7108337341354214,0.0,0.7108337341354214,1,9615.164654057746
-10.0,b0084,,2,442,0.7108337341354214,0.0,0.7108337341354214,1,9615.164654057746
-10.0,b0839,,5,27,0.7108337341354214,0.7108337341354101,1.1324274851176597e-14,0,37.56543222100875
-10.0,b2010,,5,27,0.7108337341354214,0.7108337341354098,1.1546319456101628e-14,0,37.56543222100852
-10.0,b3182,,9,27,0.7108337341354214,0.7108337341354098,1.1546319456101628e-14,0,37.56543222100852
-10.0,b0632,,5,27,0.7108337341354214,0.7108337341354098,1.1546319456101628e-14,0,37.56543222100852
-10.0,b2134,,4,27,0.7108337341354214,0.7108337341354098,1.1546319456101628e-14,0,37.56543222100852
-10.0,b2328,,4,27,0.7108337341354214,0.7108337341354098,1.1546319456101628e-14,0,37.56543222100852
-10.0,b3236,,1,390,0.7108337341354214,0.7069203832121278,0.00391335092329359,0,31.23811733829405
-10.0,b2210,,2,24,0.7108337341354214,0.710833734135405,1.6431300764452317e-14,0,37.39955941643473
-10.0,b1479,,1,24,0.7108337341354214,0.7108337341354222,-7.771561172376096e-16,0,37.39955941643618
-10.0,b2463,,1,24,0.7108337341354214,0.7108337341354222,-7.771561172376096e-16,0,37.39955941643618
-10.0,b2515,,1,442,0.7108337341354214,-2.8359331836620234e-16,0.7108337341354217,1,9615.164654057935
-10.0,b2746,,1,442,0.7108337341354214,0.0,0.7108337341354214,1,9615.164654057859
-10.0,b4120,,1,24,0.7108337341354214,0.7108337341354053,1.609823385706477e-14,0,37.39955941643508
-10.0,b2747,,1,442,0.7108337341354214,5.971111318077133e-17,0.7108337341354213,1,9615.164654057924
-10.0,b2942,,1,442,0.7108337341354214,0.0,0.7108337341354214,1,9615.164654057726
-10.0,b0199,,2,24,0.7108337341354214,0.7108337341354057,1.5654144647214707e-14,0,37.39955941643487
-10.0,b0197,,2,24,0.7108337341354214,0.7108337341354222,-7.771561172376096e-16,0,37.39955941643618
-10.0,b0198,,2,24,0.7108337341354214,0.7108337341354222,-7.771561172376096e-16,0,37.39955941643618
-10.0,b4019,,1,442,0.7108337341354214,2.850161940377371e-17,0.7108337341354214,1,9615.164654057924
-10.0,b3829,,1,442,0.7108337341354214,0.0,0.7108337341354214,1,9615.164654057755
-10.0,b4219,,1,24,0.7108337341354214,0.7108337341354021,1.9317880628477724e-14,0,37.39955941643436
-10.0,b1778,,1,24,0.7108337341354214,0.7108337341354222,-7.771561172376096e-16,0,37.39955941643618
-10.0,b2114,,1,24,0.7108337341354214,0.7108337341354222,-7.771561172376096e-16,0,37.39955941643618
-10.0,b4242,,2,24,0.7108337341354214,0.7108337341354222,-7.771561172376096e-16,0,37.39955941643618
-10.0,b0963,,1,24,0.7108337341354214,0.7108337341354222,-7.771561172376096e-16,0,37.39955941643618
-10.0,b0403,,5,24,0.7108337341354214,0.7108337341354222,-7.771561172376096e-16,0,37.39955941643618
-10.0,b4392,,4,24,0.7108337341354214,0.7108337341354222,-7.771561172376096e-16,0,37.39955941643618
-10.0,b2963,,4,24,0.7108337341354214,0.7108337341354222,-7.771561172376096e-16,0,37.39955941643618
-10.0,b2558,,4,24,0.7108337341354214,0.7108337341354222,-7.771561172376096e-16,0,37.39955941643618
-10.0,b2813,,4,24,0.7108337341354214,0.7108337341354222,-7.771561172376096e-16,0,37.39955941643618
-10.0,b2701,,4,24,0.7108337341354214,0.7108337341354222,-7.771561172376096e-16,0,37.39955941643618
-10.0,b1193,,4,24,0.7108337341354214,0.7108337341354222,-7.771561172376096e-16,0,37.39955941643618
-10.0,b2919,,1,24,0.7108337341354214,0.7108337341354222,-7.771561172376096e-16,0,37.39955941643618
-10.0,b0260,,1,24,0.7108337341354214,0.7108337341354222,-7.771561172376096e-16,0,37.39955941643618
-10.0,b2917,,1,24,0.7108337341354214,0.7108337341354222,-7.771561172376096e-16,0,37.39955941643618
-10.0,b3599,,1,24,0.7108337341354214,0.7108337341354222,-7.771561172376096e-16,0,37.39955941643618
-10.0,b4322,,1,24,0.7108337341354214,0.7108337341354222,-7.771561172376096e-16,0,37.39955941643618
-10.0,b0784,,2,442,0.7108337341354214,2.850161940377371e-17,0.7108337341354214,1,9615.164654057924
-10.0,b3633,,2,442,0.7108337341354214,0.0,0.7108337341354214,1,9615.164654057746
-10.0,b3624,,1,24,0.7108337341354214,0.7108337341354198,1.5543122344752192e-15,0,37.39955941643586
-10.0,b3917,,3,442,0.7108337341354214,-1.2754584948121436e-16,0.7108337341354215,1,9615.164654057928
-10.0,b0763,,3,442,0.7108337341354214,0.0,0.7108337341354214,1,9615.164654057733
-10.0,b2423,,5,442,0.7108337341354214,0.0,0.7108337341354214,1,9615.164654057733
-10.0,b0765,,3,442,0.7108337341354214,0.0,0.7108337341354214,1,9615.164654057733
-10.0,b2425,,5,442,0.7108337341354214,0.0,0.7108337341354214,1,9615.164654057733
-10.0,b2422,,5,442,0.7108337341354214,0.0,0.7108337341354214,1,9615.164654057733
-10.0,b0764,,3,442,0.7108337341354214,0.0,0.7108337341354214,1,9615.164654057733
-10.0,b2424,,5,442,0.7108337341354214,0.0,0.7108337341354214,1,9615.164654057733
-10.0,b2877,,1,24,0.7108337341354214,0.710833734135409,1.2434497875801753e-14,0,37.399559416434954
-10.0,b0134,,1,442,0.7108337341354214,2.850161940377371e-17,0.7108337341354214,1,9615.164654057926
-10.0,b0009,,1,442,0.7108337341354214,0.0,0.7108337341354214,1,9615.16465405788
-10.0,b2519,,2,442,0.7108337341354214,0.0,0.7108337341354214,1,9615.164654057806
-10.0,b1069,,2,442,0.7108337341354214,0.0,0.7108337341354214,1,9615.164654057804
-10.0,b0785,,1,442,0.7108337341354214,0.0,0.7108337341354214,1,9615.164654057804
-10.0,b0826,,1,442,0.7108337341354214,0.0,0.7108337341354214,1,9615.16465405777
-10.0,b1008,,1,24,0.7108337341354214,0.7108337341354092,1.2212453270876722e-14,0,37.39955941643517
-10.0,b0529,,2,430,0.7108337341354214,0.694593259701049,0.016240474434372376,0,52.53315275922023
-10.0,b3941,,1,442,0.7108337341354214,3.0894978011234983e-16,0.7108337341354211,1,9615.164654057082
-10.0,b1059,,2,24,0.7108337341354214,0.7108337341354132,8.215650382226158e-15,0,37.39955941643569
-10.0,b3996,,1,24,0.7108337341354214,0.7108337341354111,1.0325074129013956e-14,0,37.39955941643527
-10.0,b2411,,1,24,0.7108337341354214,0.7108337341354111,1.0325074129013956e-14,0,37.39955941643527
-10.0,b1109,,3,24,0.7108337341354214,0.7108337341354111,1.0325074129013956e-14,0,37.39955941643527
-10.0,b2284,,3,442,0.7108337341354214,0.5762615388500691,0.13457219528535225,0,1424.5579800105588
-10.0,b2288,,3,442,0.7108337341354214,0.5762615388500698,0.13457219528535158,0,1424.5579800105595
-10.0,b2280,,3,442,0.7108337341354214,0.5762615388500698,0.13457219528535158,0,1424.5579800105595
-10.0,b2282,,3,442,0.7108337341354214,0.5762615388500698,0.13457219528535158,0,1424.5579800105595
-10.0,b2277,,3,442,0.7108337341354214,0.5762615388500698,0.13457219528535158,0,1424.5579800105595
-10.0,b2287,,3,442,0.7108337341354214,0.5762615388500698,0.13457219528535158,0,1424.5579800105595
-10.0,b2276,,3,442,0.7108337341354214,0.5762615388500698,0.13457219528535158,0,1424.5579800105595
-10.0,b2278,,3,442,0.7108337341354214,0.5762615388500698,0.13457219528535158,0,1424.5579800105595
-10.0,b2286,,3,442,0.7108337341354214,0.5762615388500698,0.13457219528535158,0,1424.5579800105595
-10.0,b2283,,3,442,0.7108337341354214,0.5762615388500698,0.13457219528535158,0,1424.5579800105595
-10.0,b2279,,3,442,0.7108337341354214,0.5762615388500698,0.13457219528535158,0,1424.5579800105595
-10.0,b2285,,3,442,0.7108337341354214,0.5762615388500698,0.13457219528535158,0,1424.5579800105595
-10.0,b2281,,3,442,0.7108337341354214,0.5762615388500698,0.13457219528535158,0,1424.5579800105595
-10.0,b2615,,1,444,0.7108337341354214,-4.786955535065378e-16,0.7108337341354218,1,9283.95638131802
-10.0,b3028,,3,24,0.7108337341354214,0.7108337341343278,1.0935696792557792e-12,0,37.399559416389764
-10.0,b1740,,1,442,0.7108337341354214,-1.3725124955916496e-12,0.7108337341367938,1,9615.16465409472
-10.0,b1602,,2,24,0.7108337341354214,0.7108337341354058,1.554312234475219e-14,0,37.399559416434535
-10.0,b1603,,2,24,0.7108337341354214,0.7108337341354192,2.220446049250313e-15,0,37.3995594164358
-10.0,b3962,,1,24,0.7108337341354214,0.7108337341354192,2.220446049250313e-15,0,37.3995594164358
-10.0,b0931,,1,24,0.7108337341354214,0.7108337341354192,2.220446049250313e-15,0,37.3995594164358
-10.0,b1186,,1,24,0.7108337341354214,0.7108337341354192,2.220446049250313e-15,0,37.3995594164358
-10.0,b0019,,1,24,0.7108337341354214,0.7108337341354192,2.220446049250313e-15,0,37.3995594164358
-10.0,b2518,,8,442,0.7108337341354214,3.7911128915499904e-16,0.7108337341354211,1,9615.164654057939
-10.0,b0451,,1,442,0.7108337341354214,-6.376416026230234e-15,0.7108337341354277,1,9615.164654057884
-10.0,b2711,,1,30,0.7108337341354214,0.7108337341354152,6.217248937900877e-15,0,39.294643116053514
-10.0,b2710,,1,30,0.7108337341354214,0.7108337341354454,-2.398081733190338e-14,0,39.294643116054175
-10.0,b3477,,1,30,0.7108337341354214,0.7108337341354454,-2.398081733190338e-14,0,39.294643116054175
-10.0,b3476,,1,30,0.7108337341354214,0.7108337341354454,-2.398081733190338e-14,0,39.294643116054175
-10.0,b3479,,1,30,0.7108337341354214,0.7108337341354454,-2.398081733190338e-14,0,39.294643116054175
-10.0,b3480,,1,30,0.7108337341354214,0.7108337341354454,-2.398081733190338e-14,0,39.294643116054175
-10.0,b3478,,1,30,0.7108337341354214,0.7108337341354454,-2.398081733190338e-14,0,39.294643116054175
-10.0,b4390,,1,30,0.7108337341354214,0.7108337341354454,-2.398081733190338e-14,0,39.294643116054175
-10.0,b0639,,2,442,0.7108337341354214,-1.7883644594475695e-12,0.7108337341372097,1,9615.164654106697
-10.0,b0751,,1,30,0.7108337341354214,0.7108337341354082,1.3211653993039363e-14,0,39.294643116053244
-10.0,b1768,,1,30,0.7108337341354214,0.7108337341354454,-2.398081733190338e-14,0,39.294643116054175
-10.0,b1991,,1,30,0.7108337341354214,0.7108337341354454,-2.398081733190338e-14,0,39.294643116054175
-10.0,b0109,,1,442,0.7108337341354214,-2.7365062147951094e-13,0.7108337341356951,1,9615.164654066119
-10.0,b3367,,1,30,0.7108337341354214,0.7108337341354116,9.769962616701378e-15,0,39.29464311605358
-10.0,b1223,,2,30,0.7108337341354214,0.7108337341354454,-2.398081733190338e-14,0,39.294643116054175
-10.0,b2206,,2,30,0.7108337341354214,0.7108337341354454,-2.398081733190338e-14,0,39.294643116054175
-10.0,b2204,,1,30,0.7108337341354214,0.7108337341354454,-2.398081733190338e-14,0,39.294643116054175
-10.0,b2203,,2,30,0.7108337341354214,0.7108337341354454,-2.398081733190338e-14,0,39.294643116054175
-10.0,b2205,,1,30,0.7108337341354214,0.7108337341354454,-2.398081733190338e-14,0,39.294643116054175
-10.0,b2202,,2,30,0.7108337341354214,0.7108337341354454,-2.398081733190338e-14,0,39.294643116054175
-10.0,b1468,,2,30,0.7108337341354214,0.7108337341354454,-2.398081733190338e-14,0,39.294643116054175
-10.0,b1226,,2,30,0.7108337341354214,0.7108337341354454,-2.398081733190338e-14,0,39.294643116054175
-10.0,b1227,,2,30,0.7108337341354214,0.7108337341354454,-2.398081733190338e-14,0,39.294643116054175
-10.0,b1225,,2,30,0.7108337341354214,0.7108337341354454,-2.398081733190338e-14,0,39.294643116054175
-10.0,b1465,,2,30,0.7108337341354214,0.7108337341354454,-2.398081733190338e-14,0,39.294643116054175
-10.0,b1224,,2,30,0.7108337341354214,0.7108337341354454,-2.398081733190338e-14,0,39.294643116054175
-10.0,b1466,,2,30,0.7108337341354214,0.7108337341354454,-2.398081733190338e-14,0,39.294643116054175
-10.0,b1467,,2,30,0.7108337341354214,0.7108337341354454,-2.398081733190338e-14,0,39.294643116054175
-10.0,b1469,,1,30,0.7108337341354214,0.7108337341354454,-2.398081733190338e-14,0,39.294643116054175
-10.0,b2552,,2,30,0.7108337341354214,0.7108337341354454,-2.398081733190338e-14,0,39.294643116054175
-10.0,b4374,,3,30,0.7108337341354214,0.7108337341354454,-2.398081733190338e-14,0,39.294643116054175
-10.0,b2291,,6,30,0.7108337341354214,0.7108337341354454,-2.398081733190338e-14,0,39.294643116054175
-10.0,b2744,,14,30,0.7108337341354214,0.7108337341354454,-2.398081733190338e-14,0,39.294643116054175
-10.0,b0480,,17,30,0.7108337341354214,0.7108337341354454,-2.398081733190338e-14,0,39.294643116054175
-10.0,b4161,,4,30,0.7108337341354214,0.7108337341354454,-2.398081733190338e-14,0,39.294643116054175
-10.0,b0650,,1,30,0.7108337341354214,0.7108337341354454,-2.398081733190338e-14,0,39.294643116054175
-10.0,b4394,,3,30,0.7108337341354214,0.7108337341354454,-2.398081733190338e-14,0,39.294643116054175
-10.0,b0980,,2,30,0.7108337341354214,0.7108337341354454,-2.398081733190338e-14,0,39.294643116054175
-10.0,b2781,,8,30,0.7108337341354214,0.7108337341354454,-2.398081733190338e-14,0,39.294643116054175
-10.0,b2954,,3,30,0.7108337341354214,0.7108337341354454,-2.398081733190338e-14,0,39.294643116054175
-10.0,b1759,,2,30,0.7108337341354214,0.7108337341354454,-2.398081733190338e-14,0,39.294643116054175
-10.0,b0160,,2,30,0.7108337341354214,0.7108337341354454,-2.398081733190338e-14,0,39.294643116054175
-10.0,b3365,,1,30,0.7108337341354214,0.7108337341354454,-2.398081733190338e-14,0,39.294643116054175
-10.0,b3366,,1,30,0.7108337341354214,0.7108337341354454,-2.398081733190338e-14,0,39.294643116054175
-10.0,b4073,,2,30,0.7108337341354214,0.7108337341354454,-2.398081733190338e-14,0,39.294643116054175
-10.0,b4071,,2,30,0.7108337341354214,0.7108337341354454,-2.398081733190338e-14,0,39.294643116054175
-10.0,b4070,,2,30,0.7108337341354214,0.7108337341354454,-2.398081733190338e-14,0,39.294643116054175
-10.0,b4072,,2,30,0.7108337341354214,0.7108337341354454,-2.398081733190338e-14,0,39.294643116054175
-10.0,b2035,,3,30,0.7108337341354214,0.7108337341354454,-2.398081733190338e-14,0,39.294643116054175
-10.0,b2027,,3,30,0.7108337341354214,0.7108337341354454,-2.398081733190338e-14,0,39.294643116054175
-10.0,b2033,,1,30,0.7108337341354214,0.7108337341354454,-2.398081733190338e-14,0,39.294643116054175
-10.0,b2037,,1,30,0.7108337341354214,0.7108337341354454,-2.398081733190338e-14,0,39.294643116054175
-10.0,b2034,,1,30,0.7108337341354214,0.7108337341354454,-2.398081733190338e-14,0,39.294643116054175
-10.0,b2032,,1,30,0.7108337341354214,0.7108337341354454,-2.398081733190338e-14,0,39.294643116054175
-10.0,b3114,,2,427,0.7108337341354214,0.7061774023828313,0.004656331752590059,0,656.3303240194076
-10.0,b0903,,2,427,0.7108337341354214,0.7061774023827809,0.0046563317526404635,0,656.3303240193896
-10.0,b0902,,2,427,0.7108337341354214,0.7061774023827809,0.0046563317526404635,0,656.3303240193896
-10.0,b2579,,2,427,0.7108337341354214,0.7061774023827809,0.0046563317526404635,0,656.3303240193896
-10.0,b0273,,1,446,0.7108337341354214,-7.110890156905007e-19,0.7108337341354214,1,6086.579217599677
-10.0,b4254,,1,446,0.7108337341354214,0.0,0.7108337341354214,1,6086.579217599685
-10.0,b3187,,1,446,0.7108337341354214,0.0,0.7108337341354214,1,6086.579217599685
-10.0,b0907,,2,446,0.7108337341354214,-7.224401100943477e-31,0.7108337341354214,1,6086.579217599683
-10.0,b0662,,1,63,0.7108337341354214,0.7108337341354245,-3.1086244689504383e-15,0,529.6051657428056
-10.0,b1281,,1,442,0.7108337341354214,-1.9637568780416668e-16,0.7108337341354216,1,9615.164654058004
-10.0,b2907,,1,63,0.7108337341354214,0.7108337341354126,8.770761894538737e-15,0,529.6051657428035
-10.0,b0350,,1,63,0.7108337341354214,0.7108337341354141,7.327471962526033e-15,0,529.6051657428034
-10.0,b3843,,1,442,0.7108337341354214,1.9637568780416668e-16,0.7108337341354212,1,9615.164654057995
-10.0,b2311,,1,442,0.7108337341354214,0.0,0.7108337341354214,1,9615.164654057755
-10.0,b3835,,1,74,0.7108337341354214,0.7108333127502222,4.213851991785589e-07,0,529.6023859680943
-10.0,b2965,,1,63,0.7108337341354214,0.710833734135418,3.4416913763379853e-15,0,529.6051657428067
-10.0,b0693,,1,63,0.7108337341354214,0.7108337341354141,7.327471962526033e-15,0,529.6051657428034
-10.0,b3642,,1,442,0.7108337341354214,-1.9637568780416668e-16,0.7108337341354216,1,9615.164654058004
-10.0,b2373,,1,63,0.7108337341354214,0.7108337341354088,1.2545520178264269e-14,0,529.6051657427998
-10.0,b1387,,1,63,0.7108337341354214,0.7108337341354141,7.327471962526033e-15,0,529.6051657428034
-10.0,b1394,,2,63,0.7108337341354214,0.7108337341354141,7.327471962526033e-15,0,529.6051657428034
-10.0,b1014,,2,63,0.7108337341354214,0.7108337341354141,7.327471962526033e-15,0,529.6051657428034
-10.0,b0386,,1,442,0.7108337341354214,0.0,0.7108337341354214,1,9615.164654057999
-10.0,b1391,,1,63,0.7108337341354214,0.7108337341354122,9.2148511043888e-15,0,529.6051657428022
-10.0,b1390,,1,63,0.7108337341354214,0.7108337341354141,7.327471962526033e-15,0,529.6051657428034
-10.0,b1392,,1,63,0.7108337341354214,0.7108337341354141,7.327471962526033e-15,0,529.6051657428034
-10.0,b1388,,1,63,0.7108337341354214,0.7108337341354141,7.327471962526033e-15,0,529.6051657428034
-10.0,b1389,,1,63,0.7108337341354214,0.7108337341354141,7.327471962526033e-15,0,529.6051657428034
-10.0,b1398,,1,63,0.7108337341354214,0.7108337341354141,7.327471962526033e-15,0,529.6051657428034
-10.0,b0133,,1,442,0.7108337341354214,-1.9637568780416668e-16,0.7108337341354216,1,9615.164654058004
-10.0,b1278,,30,442,0.7108337341354214,0.0,0.7108337341354214,1,9615.16465405781
-10.0,b0087,,1,442,0.7108337341354214,0.0,0.7108337341354214,1,9615.16465405779
-10.0,b2762,,2,442,0.7108337341354214,0.0,0.7108337341354214,1,9615.164654057748
-10.0,b1489,,2,63,0.7108337341354214,0.7108337341353992,2.220446049250313e-14,0,529.6051657427945
-10.0,b0114,,1,430,0.7108337341354214,0.6962067043901099,0.014627029745311493,0,188.69860235813428
-10.0,b0115,,1,430,0.7108337341354214,0.6962067043899265,0.014627029745494902,0,188.6986023581028
-10.0,b1638,,2,30,0.7108337341354214,0.7108337341354148,6.5503158452884236e-15,0,39.2946431160536
-10.0,b2564,,1,442,0.7108337341354214,-1.6085751162895455e-16,0.7108337341354215,1,9615.16465405761
-10.0,b0052,,1,442,0.7108337341354214,0.0,0.7108337341354214,1,9615.164654058037
-10.0,b0766,,2,30,0.7108337341354214,0.7108337341354051,1.63202784619898e-14,0,39.294643116053024
-10.0,b2320,,1,442,0.7108337341354214,2.789761442347358e-16,0.7108337341354211,1,9615.164654057573
-10.0,b3546,,2,30,0.7108337341354214,0.7108337341354232,-1.7763568394002505e-15,0,39.29464311605368
-10.0,b1723,,1,30,0.7108337341354214,0.7108337341354032,1.8207657603852567e-14,0,156.55517879947416
-10.0,b3916,,3,432,0.7108337341354214,0.6978680086663198,0.012965725469101574,0,352.04890791141463
-10.0,b3952,,1,427,0.7108337341354214,0.7061774023827879,0.004656331752633469,0,656.3303240193909
-10.0,b3951,,1,427,0.7108337341354214,0.7061774023827925,0.004656331752628917,0,656.3303240193957
-10.0,b3176,,1,446,0.7108337341354214,-4.7174772602374036e-18,0.7108337341354214,1,6086.579217599734
-10.0,b2913,,1,432,0.7108337341354214,0.6807298867818785,0.03010384735354288,0,577.7008007499055
-10.0,b4025,,1,431,0.7108337341354214,0.6955617172877734,0.015272016847648007,0,348.41279510545263
-10.0,b2926,,1,454,0.7108337341354214,0.3909027635657306,0.3199309705696908,0,3878.510770153485
-10.0,b0767,,1,64,0.7108337341354214,0.7108337341354131,8.326672684688674e-15,0,783.9033234600685
-10.0,b3385,,1,64,0.7108337341354214,0.7108337341353999,2.1538326677728037e-14,0,783.9033234600624
-10.0,b3612,,1,442,0.7108337341354214,0.4843681302666542,0.22646560386876718,0,2173.1277946851774
-10.0,b0755,,1,442,0.7108337341354214,0.48436813026691283,0.22646560386850856,0,2173.1277946859946
-10.0,b4395,,1,442,0.7108337341354214,0.48436813026691283,0.22646560386850856,0,2173.1277946859946
-10.0,b0688,,1,25,0.7108337341354214,0.7108337341354186,2.7755575615628914e-15,0,2.4933440849469535
-10.0,b2690,,1,25,0.7108337341354214,0.7108337341354146,6.772360450213455e-15,0,2.493344084947204
-10.0,b0418,,14,25,0.7108337341354214,0.7108337341354146,6.772360450213455e-15,0,2.493344084947204
-10.0,b1912,,7,25,0.7108337341354214,0.7108337341354146,6.772360450213455e-15,0,2.493344084947204
-10.0,b2199,,1,25,0.7108337341354214,0.7108337341354146,6.772360450213455e-15,0,2.493344084947204
-10.0,b2200,,1,25,0.7108337341354214,0.7108337341354146,6.772360450213455e-15,0,2.493344084947204
-10.0,b2197,,1,25,0.7108337341354214,0.7108337341354146,6.772360450213455e-15,0,2.493344084947204
-10.0,b2198,,1,25,0.7108337341354214,0.7108337341354146,6.772360450213455e-15,0,2.493344084947204
-10.0,b2201,,1,25,0.7108337341354214,0.7108337341354146,6.772360450213455e-15,0,2.493344084947204
-10.0,b1713,,1,25,0.7108337341354214,0.7108337341354146,6.772360450213455e-15,0,2.493344084947204
-10.0,b1714,,1,25,0.7108337341354214,0.7108337341354146,6.772360450213455e-15,0,2.493344084947204
-10.0,b1473,,3,25,0.7108337341354214,0.7108337341354146,6.772360450213455e-15,0,2.493344084947204
-10.0,b0576,,2,25,0.7108337341354214,0.7108337341354146,6.772360450213455e-15,0,2.493344084947204
-10.0,b3493,,1,420,0.7108337341354214,0.7054071200805876,0.0054266140548338004,0,3.6521818044643557
-10.0,b2987,,1,420,0.7108337341354214,0.7054071200805757,0.00542661405484568,0,3.652181804465074
-10.0,b3725,,1,25,0.7108337341354214,0.7108337341354045,1.687538997430238e-14,0,2.493344084947697
-10.0,b3726,,1,25,0.7108337341354214,0.710833734135418,3.4416913763379853e-15,0,2.493344084947027
-10.0,b3727,,1,25,0.7108337341354214,0.710833734135418,3.4416913763379853e-15,0,2.493344084947027
-10.0,b3728,,1,25,0.7108337341354214,0.710833734135418,3.4416913763379853e-15,0,2.493344084947027
-10.0,b3821,,42,25,0.7108337341354214,0.710833734135418,3.4416913763379853e-15,0,2.493344084947027
-10.0,b2048,,1,25,0.7108337341354214,0.710833734135418,3.4416913763379853e-15,0,2.493344084947027
-10.0,b3412,,1,440,0.7108337341354214,0.0,0.7108337341354214,1,9390.989387353125
-10.0,b3974,,1,440,0.7108337341354214,0.0,0.7108337341354214,1,9390.989387353271
-10.0,b3258,,1,30,0.7108337341354214,0.7108337341354203,1.1102230246251565e-15,0,2.6485688482465126
-10.0,b1010,,1,30,0.7108337341354214,0.7108337341354014,1.9984014443252818e-14,0,2.648568848247378
-10.0,b1378,,1,327,0.7108337341354214,0.7104229602324387,0.00041077390298271954,0,2.6471254093591137
-10.0,b0871,,1,30,0.7108337341354214,0.7108337341354113,1.0103029524088925e-14,0,2.648568848246879
-10.0,b4226,,1,30,0.7108337341354214,0.7108337341354076,1.3766765505351941e-14,0,2.648568848247032
-10.0,b2502,,2,30,0.7108337341354214,0.7108337341354076,1.3766765505351941e-14,0,2.648568848247032
-10.0,b1015,,2,30,0.7108337341354214,0.7108337341354076,1.3766765505351941e-14,0,2.648568848247032
-10.0,b0369,,1,440,0.7108337341354214,-8.259058154635404e-16,0.7108337341354222,1,9390.989387353231
-10.0,b3956,,1,435,0.7108337341354214,0.6737301223048312,0.03710361183059019,0,451.67690167906665
-10.0,b3639,,2,440,0.7108337341354214,1.5651641116877287e-16,0.7108337341354213,1,9390.989387352927
-10.0,b3403,,1,30,0.7108337341354214,0.7108337341354086,1.27675647831893e-14,0,2.6485688482470717
-10.0,b2920,,1,27,0.7108337341354214,0.7108337341353803,4.107825191113079e-14,0,2.230984447417394
-10.0,b2501,,2,429,0.7108337341354214,0.6853030578949072,0.025530676240514194,0,20.15186505884539
-10.0,b4383,,2,30,0.7108337341354214,0.7108337341354456,-2.4202861936828413e-14,0,17.749400811684108
-10.0,b3380,,1,30,0.7108337341354214,0.7108337341354098,1.1546319456101628e-14,0,17.74940081168395
-10.0,b3850,,2,440,0.7108337341354214,0.0,0.7108337341354214,1,9390.989387353387
-10.0,b2536,,1,30,0.7108337341354214,0.7108337341354033,1.8096635301390052e-14,0,17.749400811684282
-10.0,b1702,,1,30,0.7108337341354214,0.7108337341354098,1.1546319456101628e-14,0,17.74940081168395
-10.0,b0383,,1,30,0.7108337341354214,0.7108337341354098,1.1546319456101628e-14,0,17.74940081168395
-10.0,b4005,,1,440,0.7108337341354214,6.976101541996451e-14,0.7108337341353517,1,9390.989387351554
-10.0,b2499,,1,440,0.7108337341354214,2.1148947533783143e-13,0.7108337341352099,1,9390.989387348136
-10.0,b2026,,2,440,0.7108337341354214,6.412878773916772e-16,0.7108337341354207,1,9390.989387353487
-10.0,b2476,,1,440,0.7108337341354214,3.543705250821736e-14,0.710833734135386,1,9390.989387352322
-10.0,b2557,,1,440,0.7108337341354214,1.1979770152444163e-13,0.7108337341353016,1,9390.98938735034
-10.0,b2024,,1,440,0.7108337341354214,6.412878773916772e-16,0.7108337341354207,1,9390.989387353486
-10.0,b0194,,1,30,0.7108337341354214,0.710833734135416,5.440092820663267e-15,0,17.74940081168375
-10.0,b1207,,1,26,0.7108337341354214,0.7108337341354098,1.1546319456101628e-14,0,7.569313189926894
-10.0,b0908,,1,440,0.7108337341354214,0.0,0.7108337341354214,1,9390.98938735351
-10.0,b4160,,7,440,0.7108337341354214,0.0,0.7108337341354214,1,9390.989387353184
-10.0,b4388,,1,430,0.7108337341354214,0.6807298867818772,0.03010384735354421,0,64.26535458562466
-10.0,b2585,,7,440,0.7108337341354214,-1.932580374480935e-16,0.7108337341354216,1,9390.989387353296
-10.0,b2297,,2,443,0.7108337341354214,0.6584526508562775,0.052381083279143925,0,763.1974313586646
-10.0,b2458,,1,443,0.7108337341354214,0.6584526508562745,0.05238108327914692,0,763.1974313586641
-10.0,b3634,,1,466,0.7108337341354214,1.371687814688305e-12,0.7108337341340497,1,2347.0828846324393
-10.0,b0692,,2,31,0.7108337341354214,0.7108337341354064,1.4988010832439613e-14,0,16.391027131656454
-10.0,b3073,,1,31,0.7108337341354214,0.710833734135412,9.43689570931383e-15,0,16.391027131657367
-10.0,b0854,,1,31,0.7108337341354214,0.710833734135412,9.43689570931383e-15,0,16.391027131657367
-10.0,b1123,,2,31,0.7108337341354214,0.710833734135412,9.43689570931383e-15,0,16.391027131657367
-10.0,b0856,,1,31,0.7108337341354214,0.710833734135412,9.43689570931383e-15,0,16.391027131657367
-10.0,b1442,,2,31,0.7108337341354214,0.710833734135412,9.43689570931383e-15,0,16.391027131657367
-10.0,b0857,,1,31,0.7108337341354214,0.710833734135412,9.43689570931383e-15,0,16.391027131657367
-10.0,b0855,,1,31,0.7108337341354214,0.710833734135412,9.43689570931383e-15,0,16.391027131657367
-10.0,b1124,,2,31,0.7108337341354214,0.710833734135412,9.43689570931383e-15,0,16.391027131657367
-10.0,b1443,,2,31,0.7108337341354214,0.710833734135412,9.43689570931383e-15,0,16.391027131657367
-10.0,b1440,,2,31,0.7108337341354214,0.710833734135412,9.43689570931383e-15,0,16.391027131657367
-10.0,b1126,,2,31,0.7108337341354214,0.710833734135412,9.43689570931383e-15,0,16.391027131657367
-10.0,b1125,,2,31,0.7108337341354214,0.710833734135412,9.43689570931383e-15,0,16.391027131657367
-10.0,b1441,,2,31,0.7108337341354214,0.710833734135412,9.43689570931383e-15,0,16.391027131657367
-10.0,b1296,,1,31,0.7108337341354214,0.710833734135412,9.43689570931383e-15,0,16.391027131657367
-10.0,b2407,,5,31,0.7108337341354214,0.710833734135412,9.43689570931383e-15,0,16.391027131657367
-10.0,b1636,,1,31,0.7108337341354214,0.710833734135412,9.43689570931383e-15,0,16.391027131657367
-10.0,b3826,,1,31,0.7108337341354214,0.710833734135412,9.43689570931383e-15,0,16.391027131657367
-10.0,b1854,,1,34,0.7108337341354214,0.710833734135412,9.43689570931383e-15,0,44.78819662186403
-10.0,b1676,,1,34,0.7108337341354214,0.7108337341354158,5.551115123125783e-15,0,44.78819662186417
-10.0,b3831,,1,34,0.7108337341354214,0.7108337341354158,5.551115123125783e-15,0,44.78819662186417
-10.0,b1007,,1,34,0.7108337341354214,0.7108337341354158,5.551115123125783e-15,0,44.78819662186417
-10.0,b1012,,1,34,0.7108337341354214,0.7108337341354158,5.551115123125783e-15,0,44.78819662186417
-10.0,b3029,,2,34,0.7108337341354214,0.7108337341354158,5.551115123125783e-15,0,44.78819662186417
-10.0,b1692,,2,442,0.7108337341354214,-3.262069163201351e-16,0.7108337341354217,1,9615.164654057928
-10.0,b0750,,1,442,0.7108337341354214,3.829313627205787e-12,0.7108337341315921,1,9615.164653954778
-10.0,b4094,,1,34,0.7108337341354214,0.710833734135416,5.440092820663267e-15,0,54.9629268266944
-10.0,b1662,,1,442,0.7108337341354214,1.0091009206470736e-15,0.7108337341354204,1,9615.164654058166
-10.0,b0415,,1,442,0.7108337341354214,0.0,0.7108337341354214,1,9615.164654057784
-10.0,b3752,,1,34,0.7108337341354214,0.7108337341354124,8.992806499463768e-15,0,54.96292682669411
-10.0,b0063,,3,34,0.7108337341354214,0.7108337341354287,-7.327471962526033e-15,0,54.96292682669485
-10.0,b4198,,1,34,0.7108337341354214,0.7108337341354287,-7.327471962526033e-15,0,54.96292682669485
-10.0,b3583,,1,34,0.7108337341354214,0.7108337341354287,-7.327471962526033e-15,0,54.96292682669485
-10.0,b0061,,1,34,0.7108337341354214,0.7108337341354287,-7.327471962526033e-15,0,54.96292682669485
-10.0,b3629,,1,34,0.7108337341354214,0.7108337341354287,-7.327471962526033e-15,0,54.96292682669485
-10.0,b2687,,1,442,0.7108337341354214,-6.908999307260034e-16,0.7108337341354221,1,9615.164654058195
-10.0,b3748,,1,34,0.7108337341354214,0.7108337341354082,1.3211653993039363e-14,0,54.962926826693995
-10.0,b3749,,1,34,0.7108337341354214,0.7108337341354287,-7.327471962526033e-15,0,54.96292682669485
-10.0,b3751,,1,34,0.7108337341354214,0.7108337341354287,-7.327471962526033e-15,0,54.96292682669485
-10.0,b3750,,1,34,0.7108337341354214,0.7108337341354287,-7.327471962526033e-15,0,54.96292682669485
-10.0,b3904,,1,34,0.7108337341354214,0.7108337341354287,-7.327471962526033e-15,0,54.96292682669485
-10.0,b3902,,1,34,0.7108337341354214,0.7108337341354287,-7.327471962526033e-15,0,54.96292682669485
-10.0,b2234,,4,34,0.7108337341354214,0.7108337341354287,-7.327471962526033e-15,0,54.96292682669485
-10.0,b2235,,4,34,0.7108337341354214,0.7108337341354287,-7.327471962526033e-15,0,54.96292682669485
-10.0,b2676,,4,34,0.7108337341354214,0.7108337341354287,-7.327471962526033e-15,0,54.96292682669485
-10.0,b2675,,4,34,0.7108337341354214,0.7108337341354287,-7.327471962526033e-15,0,54.96292682669485
-10.0,b4238,,4,328,0.7108337341354214,0.7104319785232317,0.00040175561218969147,0,55.01318211893645
-10.0,b4237,,4,328,0.7108337341354214,0.7104319785232189,0.00040175561220245903,0,55.01318211893595
-10.0,b3386,,1,67,0.7108337341354214,0.7108337341354188,2.55351295663786e-15,0,378.49239917066853
-10.0,b4301,,1,67,0.7108337341354214,0.710833734135416,5.440092820663267e-15,0,378.4923991690634
-10.0,b2914,,1,444,0.7108337341354214,0.3344382452962942,0.3763954888391272,0,1974.7575805462454
-10.0,b0638,,1,67,0.7108337341354214,0.710833734135443,-2.1649348980190553e-14,0,545.2734494534666
-10.0,b1683,,6,67,0.7108337341354214,0.7108337341354107,1.0658141036401503e-14,0,545.2734494534454
-10.0,b1679,,4,67,0.7108337341354214,0.7108337341354107,1.0658141036401503e-14,0,545.2734494534454
-10.0,b1680,,4,67,0.7108337341354214,0.7108337341354107,1.0658141036401503e-14,0,545.2734494534454
-10.0,b1682,,6,67,0.7108337341354214,0.7108337341354107,1.0658141036401503e-14,0,545.2734494534454
-10.0,b1681,,6,67,0.7108337341354214,0.7108337341354107,1.0658141036401503e-14,0,545.2734494534454
-10.0,b1684,,2,67,0.7108337341354214,0.7108337341354107,1.0658141036401503e-14,0,545.2734494534454
-10.0,b0222,,1,67,0.7108337341354214,0.7108337341354107,1.0658141036401503e-14,0,545.2734494534454
-10.0,b1745,,1,67,0.7108337341354214,0.7108337341354107,1.0658141036401503e-14,0,545.2734494534454
-10.0,b2751,,1,442,0.7108337341354214,4.19560510997747e-16,0.710833734135421,1,9615.164654057839
-10.0,b2752,,1,442,0.7108337341354214,0.0,0.7108337341354214,1,9615.164654057833
-10.0,b2705,,1,67,0.7108337341354214,0.7108337341354112,1.021405182655144e-14,0,545.2734494534433
-10.0,b2703,,1,67,0.7108337341354214,0.7108337341354107,1.0658141036401503e-14,0,545.2734494534454
-10.0,b2704,,1,67,0.7108337341354214,0.7108337341354107,1.0658141036401503e-14,0,545.2734494534454
-10.0,b2702,,1,67,0.7108337341354214,0.7108337341354107,1.0658141036401503e-14,0,545.2734494534454
-10.0,b2472,,1,442,0.7108337341354214,2.777751438288224e-16,0.7108337341354211,1,9615.164654057835
-10.0,b3591,,1,67,0.7108337341354214,0.7108337341354141,7.327471962526033e-15,0,545.2734494534442
-10.0,b1764,,1,67,0.7108337341354214,0.7108337341354107,1.0658141036401503e-14,0,545.2734494534454
-10.0,b2264,,1,67,0.7108337341354214,0.7108337341354107,1.0658141036401503e-14,0,545.2734494534454
-10.0,b0586,,1,67,0.7108337341354214,0.7108337341354107,1.0658141036401503e-14,0,545.2734494534454
-10.0,b3607,,1,442,0.7108337341354214,2.777751438288224e-16,0.7108337341354211,1,9615.164654057835
-10.0,b2366,,1,67,0.7108337341354214,0.7108337341354087,1.2656542480726785e-14,0,545.2734494534419
-10.0,b2797,,1,67,0.7108337341354214,0.7108337341354107,1.0658141036401503e-14,0,545.2734494534454
-10.0,b4471,,1,67,0.7108337341354214,0.7108337341354107,1.0658141036401503e-14,0,545.2734494534454
-10.0,b1814,,1,67,0.7108337341354214,0.7108337341354107,1.0658141036401503e-14,0,545.2734494534454
-10.0,b0893,,2,67,0.7108337341354214,0.7108337341354107,1.0658141036401503e-14,0,545.2734494534454
-10.0,b2796,,1,67,0.7108337341354214,0.7108337341354107,1.0658141036401503e-14,0,545.2734494534454
-10.0,b3116,,2,63,0.7108337341354214,0.7108337341354107,1.0658141036401503e-14,0,545.2733946967135
-10.0,b3089,,2,63,0.7108337341354214,0.7108337341354071,1.432187701766452e-14,0,545.2733946967029
-10.0,b2154,,1,63,0.7108337341354214,0.7108337341354071,1.432187701766452e-14,0,545.2733946967029
-10.0,b0355,,1,63,0.7108337341354214,0.7108337341354071,1.432187701766452e-14,0,545.2733946967029
-10.0,b1744,,1,63,0.7108337341354214,0.7108337341354071,1.432187701766452e-14,0,545.2733946967029
-10.0,b1746,,1,63,0.7108337341354214,0.7108337341354071,1.432187701766452e-14,0,545.2733946967029
-10.0,b2263,,1,63,0.7108337341354214,0.7108337341354071,1.432187701766452e-14,0,545.2733946967029
-10.0,b3368,,3,442,0.7108337341354214,0.0,0.7108337341354214,1,9615.164654057875
-10.0,b3281,,1,442,0.7108337341354214,0.0,0.7108337341354214,1,9615.164654057751
-10.0,b0388,,1,442,0.7108337341354214,2.3307294400131712e-30,0.7108337341354214,1,9615.164654057822
-10.0,b3390,,1,442,0.7108337341354214,0.0,0.7108337341354214,1,9615.164654057755
-10.0,b3939,,1,442,0.7108337341354214,0.0,0.7108337341354214,1,9615.164654057755
-10.0,b1981,,1,63,0.7108337341354214,0.7108337341354076,1.3766765505351941e-14,0,545.2733946967071
-10.0,b1206,,1,339,0.7108337341354214,0.7094068603211624,0.0014268738142589887,0,541.1421762527639
-10.0,b1584,,2,63,0.7108337341354214,0.7108337341354111,1.0325074129013956e-14,0,545.2733946967069
-10.0,b1599,,1,63,0.7108337341354214,0.7108337341354071,1.432187701766452e-14,0,545.2733946967029
-10.0,b1600,,1,63,0.7108337341354214,0.7108337341354071,1.432187701766452e-14,0,545.2733946967029
-10.0,b3908,,1,63,0.7108337341354214,0.7108337341354071,1.432187701766452e-14,0,545.2733946967029
-10.0,b1656,,1,63,0.7108337341354214,0.7108337341354071,1.432187701766452e-14,0,545.2733946967029
-10.0,b1646,,1,63,0.7108337341354214,0.7108337341354071,1.432187701766452e-14,0,545.2733946967029
-10.0,b1525,,2,63,0.7108337341354214,0.7108337341354071,1.432187701766452e-14,0,545.2733946967029
-10.0,b2661,,1,63,0.7108337341354214,0.7108337341354071,1.432187701766452e-14,0,545.2733946967029
-10.0,b2260,,1,63,0.7108337341354214,0.7108337341354071,1.432187701766452e-14,0,545.2733946967029
-10.0,b2261,,1,63,0.7108337341354214,0.7108337341354071,1.432187701766452e-14,0,545.2733946967029
-10.0,b0721,,1,205,0.7108337341354214,0.7108286775461606,5.056589260754585e-06,0,545.4281978439792
-10.0,b0722,,1,205,0.7108337341354214,0.710828677546165,5.056589256424715e-06,0,545.4281978439851
-10.0,b0724,,1,205,0.7108337341354214,0.710828677546165,5.056589256424715e-06,0,545.4281978439851
-10.0,b0723,,1,205,0.7108337341354214,0.710828677546165,5.056589256424715e-06,0,545.4281978439851
-10.0,b0728,,1,66,0.7108337341354214,0.7108337341354117,9.658940314238862e-15,0,545.4392675012833
-10.0,b0729,,1,66,0.7108337341354214,0.7108337341354125,8.881784197001252e-15,0,545.4392675012806
-10.0,b1521,,1,66,0.7108337341354214,0.7108337341354125,8.881784197001252e-15,0,545.4392675012806
-10.0,b2464,,1,65,0.7108337341354214,0.7108337341354125,8.881784197001252e-15,0,456.2991070057054
-10.0,b0008,,1,65,0.7108337341354214,0.710833734135412,9.43689570931383e-15,0,456.29910700570673
-10.0,b3062,,1,65,0.7108337341354214,0.710833734135412,9.43689570931383e-15,0,456.29910700570673
-10.0,b3061,,1,65,0.7108337341354214,0.710833734135412,9.43689570931383e-15,0,456.29910700570673
-10.0,b3063,,1,65,0.7108337341354214,0.710833734135412,9.43689570931383e-15,0,456.29910700570673
-10.0,b0368,,1,65,0.7108337341354214,0.710833734135412,9.43689570931383e-15,0,456.29910700570673
-10.0,b3790,,1,65,0.7108337341354214,0.710833734135412,9.43689570931383e-15,0,456.29910700570673
-10.0,b3791,,1,65,0.7108337341354214,0.710833734135412,9.43689570931383e-15,0,456.29910700570673
-10.0,b2038,,1,65,0.7108337341354214,0.710833734135412,9.43689570931383e-15,0,456.29910700570673
-10.0,b2040,,1,65,0.7108337341354214,0.710833734135412,9.43689570931383e-15,0,456.29910700570673
-10.0,b2041,,1,65,0.7108337341354214,0.710833734135412,9.43689570931383e-15,0,456.29910700570673
-10.0,b3788,,1,65,0.7108337341354214,0.710833734135412,9.43689570931383e-15,0,456.29910700570673
-10.0,b0915,,1,442,0.7108337341354214,2.1859812437001133e-16,0.7108337341354212,1,9615.164654057786
-10.0,b2095,,1,65,0.7108337341354214,0.7108337341354083,1.3100631690576847e-14,0,456.2991070056992
-10.0,b3137,,1,65,0.7108337341354214,0.710833734135404,1.7430501486614958e-14,0,456.2991070056927
-10.0,b2096,,1,65,0.7108337341354214,0.710833734135404,1.7430501486614958e-14,0,456.2991070056927
-10.0,b3132,,1,65,0.7108337341354214,0.710833734135404,1.7430501486614958e-14,0,456.2991070056927
-10.0,b0166,,1,442,0.7108337341354214,1.7740690830035552e-16,0.7108337341354212,1,9615.164654057546
-10.0,b2480,,1,65,0.7108337341354214,0.7108337341354038,1.7541523789077473e-14,0,456.29910700569354
-10.0,b0066,,1,65,0.7108337341354214,0.710833734135404,1.7430501486614958e-14,0,456.2991070056927
-10.0,b0067,,1,65,0.7108337341354214,0.710833734135404,1.7430501486614958e-14,0,456.2991070056927
-10.0,b0068,,1,65,0.7108337341354214,0.710833734135404,1.7430501486614958e-14,0,456.2991070056927
-10.0,b3616,,1,65,0.7108337341354214,0.710833734135404,1.7430501486614958e-14,0,456.2991070056927
-10.0,b3772,,1,442,0.7108337341354214,-1.7740690830035552e-16,0.7108337341354216,1,9615.164654057555
-10.0,b3117,,1,442,0.7108337341354214,0.0,0.7108337341354214,1,9615.164654057871
-10.0,b1719,,1,65,0.7108337341354214,0.7108337341354134,7.993605777301127e-15,0,456.29910700570844
-10.0,b3823,,1,65,0.7108337341354214,0.710833734135404,1.7430501486614958e-14,0,456.2991070056927
-10.0,b3992,,1,442,0.7108337341354214,3.548138166007111e-17,0.7108337341354214,1,9615.164654057548
-10.0,b3990,,1,442,0.7108337341354214,0.0,0.7108337341354214,1,9615.164654057859
-10.0,b0423,,1,442,0.7108337341354214,0.0,0.7108337341354214,1,9615.164654057859
-10.0,b4407,,1,442,0.7108337341354214,0.0,0.7108337341354214,1,9615.164654057859
-10.0,b2935,,2,442,0.7108337341354214,0.0,0.7108337341354214,1,9615.164654057859
-10.0,b2465,,2,442,0.7108337341354214,4.190108273151232e-30,0.7108337341354214,1,9615.1646540578
-10.0,b0997,,2,65,0.7108337341354214,0.7108337341354105,1.0880185641326534e-14,0,456.2991070057047
-10.0,b0996,,2,65,0.7108337341354214,0.710833734135404,1.7430501486614958e-14,0,456.2991070056927
-10.0,b2827,,1,442,0.7108337341354214,3.548138166007111e-17,0.7108337341354214,1,9615.164654057548
-10.0,b1106,,1,65,0.7108337341354214,0.7108337341354128,8.548717289613705e-15,0,456.29910700570656
-10.0,b0417,,1,442,0.7108337341354214,3.548138166007111e-17,0.7108337341354214,1,9615.164654057546
-10.0,b3993,,1,442,0.7108337341354214,0.0,0.7108337341354214,1,9615.164654057826
-10.0,b3919,,1,445,0.7108337341354214,0.641450620626068,0.06938311350935344,0,918.8911949506946
-10.0,b0613,,1,30,0.7108337341354214,0.7108337341354082,1.3211653993039363e-14,0,26.73157538432916
-10.0,b0888,,1,30,0.7108337341354214,0.710833734135417,4.440892098500626e-15,0,26.731575384328934
-10.0,b4239,,1,30,0.7108337341354214,0.710833734135417,4.440892098500626e-15,0,26.731575384328934
-10.0,b1897,,1,30,0.7108337341354214,0.710833734135417,4.440892098500626e-15,0,26.731575384328934
-10.0,b1896,,1,30,0.7108337341354214,0.710833734135417,4.440892098500626e-15,0,26.731575384328934
-10.0,b3519,,1,30,0.7108337341354214,0.710833734135417,4.440892098500626e-15,0,26.731575384328934
-10.0,b1197,,1,30,0.7108337341354214,0.710833734135417,4.440892098500626e-15,0,26.731575384328934
-10.0,b4240,,1,30,0.7108337341354214,0.710833734135417,4.440892098500626e-15,0,26.731575384328934
-10.0,b1260,,3,440,0.7108337341354214,2.46089436842663e-16,0.7108337341354212,1,9390.989387353577
-10.0,b1261,,3,440,0.7108337341354214,0.0,0.7108337341354214,1,9390.989387353236
-10.0,b3384,,1,30,0.7108337341354214,0.7108337341354047,1.6653345369377348e-14,0,26.731575384329247
-10.0,b3709,,1,30,0.7108337341354214,0.710833734135417,4.440892098500626e-15,0,26.731575384328934
-10.0,b0509,,1,30,0.7108337341354214,0.710833734135417,4.440892098500626e-15,0,26.731575384328934
-10.0,b3125,,1,30,0.7108337341354214,0.710833734135417,4.440892098500626e-15,0,26.731575384328934
-10.0,b3991,,1,440,0.7108337341354214,3.621067435656821e-16,0.7108337341354211,1,9390.989387353566
-10.0,b1637,,1,30,0.7108337341354214,0.7108337341354152,6.217248937900877e-15,0,26.731575384328995
-10.0,b1907,,1,30,0.7108337341354214,0.710833734135417,4.440892098500626e-15,0,26.731575384328934
-10.0,b0179,,1,440,0.7108337341354214,3.621067435656821e-16,0.7108337341354211,1,9390.989387353558
-10.0,b0085,,1,440,0.7108337341354214,0.0,0.7108337341354214,1,9390.989387353213
-10.0,b3787,,1,30,0.7108337341354214,0.7108337341354025,1.887379141862766e-14,0,26.73157538432926
-10.0,b3786,,1,30,0.7108337341354214,0.710833734135417,4.440892098500626e-15,0,26.731575384328934
-10.0,b0181,,1,440,0.7108337341354214,3.621067435656821e-16,0.7108337341354211,1,9390.989387353558
-10.0,b3189,,1,440,0.7108337341354214,0.0,0.7108337341354214,1,9390.989387353218
-10.0,b0090,,1,440,0.7108337341354214,0.0,0.7108337341354214,1,9390.989387353335
-10.0,b0088,,1,440,0.7108337341354214,0.0,0.7108337341354214,1,9390.989387353127
-10.0,b0091,,1,440,0.7108337341354214,0.0,0.7108337341354214,1,9390.989387353122
-10.0,b3972,,1,440,0.7108337341354214,0.0,0.7108337341354214,1,9390.989387353273
-10.0,b0841,,2,440,0.7108337341354214,0.0,0.7108337341354214,1,9390.989387353244
-10.0,b3057,,2,440,0.7108337341354214,0.0,0.7108337341354214,1,9390.989387353158
-10.0,b0174,,1,440,0.7108337341354214,0.0,0.7108337341354214,1,9390.989387353158
-10.0,b0759,,1,30,0.7108337341354214,0.7108337341354038,1.7541523789077473e-14,0,26.731575384329258
-10.0,b2036,,1,30,0.7108337341354214,0.710833734135417,4.440892098500626e-15,0,26.731575384328934
-10.0,b2028,,1,30,0.7108337341354214,0.710833734135417,4.440892098500626e-15,0,26.731575384328934
-10.0,b2255,,2,30,0.7108337341354214,0.710833734135417,4.440892098500626e-15,0,26.731575384328934
-10.0,b2253,,1,30,0.7108337341354214,0.710833734135417,4.440892098500626e-15,0,26.731575384328934
-10.0,b0758,,1,30,0.7108337341354214,0.710833734135417,4.440892098500626e-15,0,26.731575384328934
-10.0,b0505,,1,30,0.7108337341354214,0.710833734135417,4.440892098500626e-15,0,26.731575384328934
-10.0,b0086,,1,440,0.7108337341354214,3.182939413972363e-17,0.7108337341354214,1,9390.989387353555
-10.0,b0096,,1,440,0.7108337341354214,0.0,0.7108337341354214,1,9390.989387353235
-10.0,b2258,,1,30,0.7108337341354214,0.710833734135415,6.439293542825908e-15,0,26.731575384328984
-10.0,b4544,,1,30,0.7108337341354214,0.710833734135417,4.440892098500626e-15,0,26.731575384328934
-10.0,b4233,,2,30,0.7108337341354214,0.710833734135417,4.440892098500626e-15,0,26.731575384328934
-10.0,b0171,,1,440,0.7108337341354214,3.621067435656821e-16,0.7108337341354211,1,9390.989387353564
-10.0,b2256,,1,30,0.7108337341354214,0.7108337341354092,1.2212453270876722e-14,0,26.731575384329147
-10.0,b2254,,1,30,0.7108337341354214,0.710833734135409,1.2434497875801753e-14,0,26.731575384329116
-10.0,b3803,,1,440,0.7108337341354214,5.824290041812063e-16,0.7108337341354208,1,9390.989387353218
-10.0,b3804,,1,440,0.7108337341354214,0.0,0.7108337341354214,1,9390.989387353236
-10.0,b3997,,1,440,0.7108337341354214,0.0,0.7108337341354214,1,9390.989387353055
-10.0,b2498,,1,30,0.7108337341354214,0.7108337341354137,7.66053886991358e-15,0,26.731575384329023
-10.0,b1011,,1,30,0.7108337341354214,0.710833734135409,1.2434497875801753e-14,0,26.731575384329116
-10.0,b2497,,1,30,0.7108337341354214,0.710833734135409,1.2434497875801753e-14,0,26.731575384329116
-10.0,b1006,,1,30,0.7108337341354214,0.710833734135409,1.2434497875801753e-14,0,26.731575384329116
-10.0,b0517,,1,30,0.7108337341354214,0.710833734135409,1.2434497875801753e-14,0,26.731575384329116
-10.0,b0524,,1,440,0.7108337341354214,5.824290041812063e-16,0.7108337341354208,1,9390.989387353224
-10.0,b4258,,1,30,0.7108337341354214,0.7108337341354117,9.658940314238862e-15,0,26.73157538432907
-10.0,b2682,,1,30,0.7108337341354214,0.710833734135409,1.2434497875801753e-14,0,26.731575384329116
-10.0,b2683,,1,30,0.7108337341354214,0.710833734135409,1.2434497875801753e-14,0,26.731575384329116
-10.0,b3572,,1,33,0.7108337341354214,0.710833734135409,1.2434497875801753e-14,0,27.003013378188996
-10.0,b4197,,1,33,0.7108337341354214,0.7108337341354212,2.220446049250313e-16,0,27.003013378188708
-10.0,b2882,,1,33,0.7108337341354214,0.7108337341354212,2.220446049250313e-16,0,27.003013378188708
-10.0,b3565,,2,33,0.7108337341354214,0.7108337341354212,2.220446049250313e-16,0,27.003013378188708
-10.0,b3579,,1,33,0.7108337341354214,0.7108337341354212,2.220446049250313e-16,0,27.003013378188708
-10.0,b3577,,1,33,0.7108337341354214,0.7108337341354212,2.220446049250313e-16,0,27.003013378188708
-10.0,b3578,,1,33,0.7108337341354214,0.7108337341354212,2.220446049250313e-16,0,27.003013378188708
-10.0,b3567,,1,33,0.7108337341354214,0.7108337341354212,2.220446049250313e-16,0,27.003013378188708
-10.0,b3568,,1,33,0.7108337341354214,0.7108337341354212,2.220446049250313e-16,0,27.003013378188708
-10.0,b3566,,1,33,0.7108337341354214,0.7108337341354212,2.220446049250313e-16,0,27.003013378188708
-10.0,b4031,,1,33,0.7108337341354214,0.7108337341354212,2.220446049250313e-16,0,27.003013378188708
-10.0,b1857,,1,33,0.7108337341354214,0.7108337341354212,2.220446049250313e-16,0,27.003013378188708
-10.0,b1859,,1,33,0.7108337341354214,0.7108337341354212,2.220446049250313e-16,0,27.003013378188708
-10.0,b1858,,1,33,0.7108337341354214,0.7108337341354212,2.220446049250313e-16,0,27.003013378188708
-5.0,b1377,,270,429,0.491467123922894,0.0,0.491467123922894,1,6361.809228179017
-5.0,b2215,,271,429,0.491467123922894,0.0,0.491467123922894,1,6361.809228179017
-5.0,b0929,,271,429,0.491467123922894,0.0,0.491467123922894,1,6361.809228179017
-5.0,b0241,,270,429,0.491467123922894,0.0,0.491467123922894,1,6361.809228179017
-5.0,b4034,,6,18,0.491467123922894,0.49146712392292174,-2.7755575615628914e-14,0,201.21357422574084
-5.0,b4033,,6,18,0.491467123922894,0.4914671239229208,-2.681188604469753e-14,0,201.2135742257408
-5.0,b4032,,6,18,0.491467123922894,0.4914671239229208,-2.681188604469753e-14,0,201.2135742257408
-5.0,b4035,,6,18,0.491467123922894,0.4914671239229208,-2.681188604469753e-14,0,201.2135742257408
-5.0,b4036,,7,16,0.491467123922894,0.4914671239229208,-2.681188604469753e-14,0,1.2135742257539368
-5.0,b4213,,8,16,0.491467123922894,0.4914671239229208,-2.681188604469753e-14,0,1.2135742257539368
-5.0,b2835,,21,16,0.491467123922894,0.4914671239229208,-2.681188604469753e-14,0,1.2135742257539368
-5.0,b2836,,23,462,0.491467123922894,0.47490345794728056,0.01656366597561343,0,10.106434710812632
-5.0,b3553,,10,16,0.491467123922894,0.49146712392292746,-3.347322419244847e-14,0,1.2135742257538682
-5.0,b1134,,2,16,0.491467123922894,0.4914671239229353,-4.1300296516055823e-14,0,1.2135742257538211
-5.0,b0446,,2,16,0.491467123922894,0.4914671239229353,-4.1300296516055823e-14,0,1.2135742257538211
-5.0,b1009,,1,16,0.491467123922894,0.4914671239229353,-4.1300296516055823e-14,0,1.2135742257538211
-5.0,b0954,,13,16,0.491467123922894,0.4914671239229353,-4.1300296516055823e-14,0,1.2135742257538211
-5.0,b0180,,14,436,0.491467123922894,0.0,0.491467123922894,1,843.0807515812836
-5.0,b0347,,2,16,0.491467123922894,0.4914671239229267,-3.269606807521086e-14,0,391.1477772709064
-5.0,b3580,,2,16,0.491467123922894,0.49146712392293124,-3.7247982476174e-14,0,391.14777727090626
-5.0,b1093,,14,433,0.491467123922894,0.0,0.491467123922894,1,2400.203587604278
-5.0,b2323,,13,433,0.491467123922894,0.0,0.491467123922894,1,2400.203587604277
-5.0,b1095,,9,433,0.491467123922894,0.0,0.491467123922894,1,2400.2035876042796
-5.0,b1397,,2,16,0.491467123922894,0.4914671239229279,-3.391731340229853e-14,0,391.1477772709064
-5.0,b1245,,2,16,0.491467123922894,0.49146712392292935,-3.5360603334311236e-14,0,391.14777727090626
-5.0,b1244,,2,16,0.491467123922894,0.49146712392292935,-3.5360603334311236e-14,0,391.14777727090626
-5.0,b1329,,1,16,0.491467123922894,0.49146712392292935,-3.5360603334311236e-14,0,391.14777727090626
-5.0,b1246,,2,16,0.491467123922894,0.49146712392292935,-3.5360603334311236e-14,0,391.14777727090626
-5.0,b1247,,2,16,0.491467123922894,0.49146712392292935,-3.5360603334311236e-14,0,391.14777727090626
-5.0,b1386,,3,16,0.491467123922894,0.49146712392292935,-3.5360603334311236e-14,0,391.14777727090626
-5.0,b0004,,2,431,0.491467123922894,3.851105631136943e-16,0.4914671239228936,1,2679.0933573759094
-5.0,b1192,,4,16,0.491467123922894,0.4914671239229285,-3.452793606584237e-14,0,391.14777727090643
-5.0,b1243,,1,16,0.491467123922894,0.49146712392292496,-3.097522238704187e-14,0,391.14777727090643
-5.0,b4266,,1,16,0.491467123922894,0.49146712392292496,-3.097522238704187e-14,0,391.14777727090643
-5.0,b4265,,3,16,0.491467123922894,0.49146712392292496,-3.097522238704187e-14,0,391.14777727090643
-5.0,b0159,,3,425,0.491467123922894,-1.3027708212575673e-13,0.4914671239230243,1,2570.169463909605
-5.0,b3197,,1,449,0.491467123922894,1.4917138383352585e-14,0.49146712392287906,1,2388.981596570325
-5.0,b2708,,1,449,0.491467123922894,0.0,0.491467123922894,1,2388.981596570357
-5.0,b1094,,26,449,0.491467123922894,0.0,0.491467123922894,1,2388.981596570357
-5.0,b4481,,1,20,0.491467123922894,0.49146712392283126,6.272760089132134e-14,0,391.14838451748517
-5.0,b1927,,1,20,0.491467123922894,0.4914671239229149,-2.09277040141842e-14,0,391.14838451747835
-5.0,b3571,,1,20,0.491467123922894,0.4914671239229149,-2.09277040141842e-14,0,391.14838451747835
-5.0,b2901,,1,20,0.491467123922894,0.4914671239229149,-2.09277040141842e-14,0,391.14838451747835
-5.0,b1302,,1,20,0.491467123922894,0.4914671239229149,-2.09277040141842e-14,0,391.14838451747835
-5.0,b2662,,1,20,0.491467123922894,0.4914671239229149,-2.09277040141842e-14,0,391.14838451747835
-5.0,b1444,,1,20,0.491467123922894,0.4914671239229149,-2.09277040141842e-14,0,391.14838451747835
-5.0,b2663,,1,20,0.491467123922894,0.4914671239229149,-2.09277040141842e-14,0,391.14838451747835
-5.0,b2222,,3,20,0.491467123922894,0.4914671239229149,-2.09277040141842e-14,0,391.14838451747835
-5.0,b2221,,3,20,0.491467123922894,0.4914671239229149,-2.09277040141842e-14,0,391.14838451747835
-5.0,b2224,,1,452,0.491467123922894,0.475434300534655,0.01603282338823897,0,397.203643696544
-5.0,b2342,,8,464,0.491467123922894,0.47490345794728356,0.01656366597561043,0,400.268111070164
-5.0,b3845,,8,464,0.491467123922894,0.47490345794728805,0.016563665975605935,0,400.268111070165
-5.0,b2223,,3,20,0.491467123922894,0.4914671239229262,-3.219646771412954e-14,0,391.1483845174781
-5.0,b1241,,2,421,0.491467123922894,0.48417588383525745,0.007291240087636541,0,411.3495623782928
-5.0,b0351,,1,421,0.491467123922894,0.4841758838352437,0.007291240087650308,0,411.3495623782975
-5.0,s0001,,39,429,0.491467123922894,-1.5487013016593893e-15,0.49146712392289554,1,2043.6611792748802
-5.0,b1463,,1,17,0.491467123922894,0.49146712392290426,-1.0269562977782698e-14,0,1.2051466211642758
-5.0,b1993,,2,17,0.491467123922894,0.49146712392291986,-2.5868196473766147e-14,0,1.2051466211641868
-5.0,b2316,,1,431,0.491467123922894,9.86132235650172e-16,0.491467123922893,1,1980.51438146591
-5.0,b3255,,1,431,0.491467123922894,0.0,0.491467123922894,1,1980.5143814659125
-5.0,b0185,,1,431,0.491467123922894,0.0,0.491467123922894,1,1980.5143814659125
-5.0,b3256,,1,431,0.491467123922894,0.0,0.491467123922894,1,1980.5143814659125
-5.0,b4069,,2,16,0.491467123922894,0.49146712392295766,-6.367129046225273e-14,0,1.4041562025250482
-5.0,b1119,,1,16,0.491467123922894,0.49146712392293107,-3.708144902248023e-14,0,1.4041562025252217
-5.0,b3784,,1,16,0.491467123922894,0.49146712392293107,-3.708144902248023e-14,0,1.4041562025252217
-5.0,b2415,,18,428,0.491467123922894,0.4637632274222013,0.027703896500692715,0,615.3223822656016
-5.0,b0679,,1,16,0.491467123922894,0.4914671239229235,-2.9531932455029164e-14,0,1.4041562025252696
-5.0,b1101,,2,428,0.491467123922894,0.46376322742219583,0.027703896500698155,0,615.3223822656006
-5.0,b2417,,6,428,0.491467123922894,0.46376322742219545,0.027703896500698544,0,615.3223822656006
-5.0,b2416,,19,428,0.491467123922894,0.46376322742219545,0.027703896500698544,0,615.3223822656006
-5.0,b3959,,1,434,0.491467123922894,1.35624579774856e-16,0.4914671239228939,1,2740.79443595698
-5.0,b2818,,1,434,0.491467123922894,0.0,0.491467123922894,1,2740.7944359569387
-5.0,b0078,,2,434,0.491467123922894,1.662397807311258e-14,0.4914671239228774,1,2740.7944359569024
-5.0,b3670,,2,434,0.491467123922894,4.077077214398233e-16,0.4914671239228936,1,2740.794435956884
-5.0,b3671,,2,434,0.491467123922894,4.077077214398233e-16,0.4914671239228936,1,2740.794435956884
-5.0,b0077,,2,434,0.491467123922894,4.077077214398233e-16,0.4914671239228936,1,2740.794435956884
-5.0,b3115,,2,440,0.491467123922894,0.43006859231344097,0.06139853160945302,0,2447.034000994707
-5.0,b1849,,2,440,0.491467123922894,0.43006859231345124,0.06139853160944275,0,2447.0340009947076
-5.0,b2296,,1,440,0.491467123922894,0.43006859231345124,0.06139853160944275,0,2447.0340009947076
-5.0,b2428,,1,16,0.491467123922894,0.4914671239229345,-4.0523140398818214e-14,0,1.4041562025251977
-5.0,b3794,,1,16,0.491467123922894,0.4914671239229264,-3.241851231905457e-14,0,1.404156202525253
-5.0,b1818,,5,428,0.491467123922894,0.4637632274221972,0.027703896500696767,0,615.322382265601
-5.0,b1819,,5,428,0.491467123922894,0.46376322742219805,0.027703896500695935,0,615.3223822656012
-5.0,b1817,,5,428,0.491467123922894,0.46376322742219805,0.027703896500695935,0,615.3223822656012
-5.0,b2429,,2,16,0.491467123922894,0.4914671239229271,-3.3084646133829665e-14,0,1.4041562025252492
-5.0,b3224,,1,16,0.491467123922894,0.4914671239229264,-3.241851231905457e-14,0,1.404156202525253
-5.0,b4311,,1,16,0.491467123922894,0.4914671239229264,-3.241851231905457e-14,0,1.404156202525253
-5.0,b3225,,1,16,0.491467123922894,0.4914671239229264,-3.241851231905457e-14,0,1.404156202525253
-5.0,b0221,,8,461,0.491467123922894,0.4749034579472847,0.016563665975609265,0,10.264885969101877
-5.0,b1091,,3,480,0.491467123922894,0.0,0.491467123922894,1,1871.6558669707679
-5.0,b3957,,2,480,0.491467123922894,0.0,0.491467123922894,1,1871.6558669707679
-5.0,b3200,,9,428,0.491467123922894,0.0,0.491467123922894,1,1944.0102240668384
-5.0,b4261,,9,428,0.491467123922894,0.0,0.491467123922894,1,1944.0102240668373
-5.0,b3201,,9,428,0.491467123922894,0.0,0.491467123922894,1,1944.0102240668373
-5.0,b4262,,9,428,0.491467123922894,0.0,0.491467123922894,1,1944.0102240668373
-5.0,b3199,,9,428,0.491467123922894,0.0,0.491467123922894,1,1944.0102240668373
-5.0,b1519,,1,16,0.491467123922894,0.4914671239229354,-4.141131881851834e-14,0,1.404156202525179
-5.0,b1276,,2,423,0.491467123922894,3.6105454893468283e-16,0.4914671239228936,1,2173.517436250619
-5.0,b0118,,3,423,0.491467123922894,-1.1594598818653562e-29,0.491467123922894,1,2173.5174362506077
-5.0,b1748,,2,423,0.491467123922894,-1.1594598818653562e-29,0.491467123922894,1,2173.5174362506077
-5.0,b3359,,2,423,0.491467123922894,0.0,0.491467123922894,1,2173.517436250617
-5.0,b1090,,7,22,0.491467123922894,0.4914671239229348,-4.08006961549745e-14,0,1.4112062984184781
-5.0,b3475,,1,22,0.491467123922894,0.4914671239229264,-3.241851231905457e-14,0,1.4112062984185325
-5.0,b2563,,1,22,0.491467123922894,0.4914671239229264,-3.241851231905457e-14,0,1.4112062984185325
-5.0,b2578,,2,22,0.491467123922894,0.4914671239229264,-3.241851231905457e-14,0,1.4112062984185325
-5.0,b1533,,2,22,0.491467123922894,0.4914671239229264,-3.241851231905457e-14,0,1.4112062984185325
-5.0,b4067,,2,22,0.491467123922894,0.4914671239229264,-3.241851231905457e-14,0,1.4112062984185325
-5.0,b1623,,2,22,0.491467123922894,0.4914671239229264,-3.241851231905457e-14,0,1.4112062984185325
-5.0,b1096,,1,423,0.491467123922894,-3.610560823763844e-16,0.4914671239228944,1,2173.517436250612
-5.0,b1812,,2,423,0.491467123922894,0.0,0.491467123922894,1,2173.517436250598
-5.0,b3360,,1,423,0.491467123922894,0.0,0.491467123922894,1,2173.517436250598
-5.0,b3665,,1,22,0.491467123922894,0.49146712392292385,-2.986499936241671e-14,0,1.4112062984185219
-5.0,b3654,,3,22,0.491467123922894,0.4914671239229245,-3.0531133177191805e-14,0,1.4112062984185465
-5.0,b3714,,1,22,0.491467123922894,0.4914671239229245,-3.0531133177191805e-14,0,1.4112062984185465
-5.0,b0474,,13,428,0.491467123922894,1.3359018310583233e-14,0.4914671239228806,1,1944.0102240667975
-5.0,b0120,,1,26,0.491467123922894,0.4914671239229205,-2.653433028854124e-14,0,8.683438807363977
-5.0,b3806,,1,26,0.491467123922894,0.49146712392292946,-3.547162563677375e-14,0,8.683438807367093
-5.0,b0030,,5,26,0.491467123922894,0.49146712392292946,-3.547162563677375e-14,0,8.683438807367093
-5.0,b2393,,7,26,0.491467123922894,0.49146712392292946,-3.547162563677375e-14,0,8.683438807367093
-5.0,b2964,,11,26,0.491467123922894,0.49146712392292946,-3.547162563677375e-14,0,8.683438807367093
-5.0,b2406,,6,26,0.491467123922894,0.49146712392292946,-3.547162563677375e-14,0,8.683438807367093
-5.0,b0411,,7,26,0.491467123922894,0.49146712392292946,-3.547162563677375e-14,0,8.683438807367093
-5.0,b1992,,1,26,0.491467123922894,0.49146712392292946,-3.547162563677375e-14,0,8.683438807367093
-5.0,b1709,,3,26,0.491467123922894,0.49146712392292946,-3.547162563677375e-14,0,8.683438807367093
-5.0,b0158,,3,26,0.491467123922894,0.49146712392292946,-3.547162563677375e-14,0,8.683438807367093
-5.0,b1711,,3,26,0.491467123922894,0.49146712392292946,-3.547162563677375e-14,0,8.683438807367093
-5.0,b3966,,3,26,0.491467123922894,0.49146712392292946,-3.547162563677375e-14,0,8.683438807367093
-5.0,b3005,,10,26,0.491467123922894,0.49146712392292946,-3.547162563677375e-14,0,8.683438807367093
-5.0,b3006,,10,26,0.491467123922894,0.49146712392292946,-3.547162563677375e-14,0,8.683438807367093
-5.0,b1252,,10,26,0.491467123922894,0.49146712392292946,-3.547162563677375e-14,0,8.683438807367093
-5.0,b3397,,1,26,0.491467123922894,0.49146712392292946,-3.547162563677375e-14,0,8.683438807367093
-5.0,b3034,,1,26,0.491467123922894,0.49146712392292946,-3.547162563677375e-14,0,8.683438807367093
-5.0,b0469,,1,22,0.491467123922894,0.49146712392292946,-3.547162563677375e-14,0,8.68173133307991
-5.0,b2750,,1,425,0.491467123922894,5.459307241211881e-18,0.491467123922894,1,2176.128574260036
-5.0,b1131,,2,425,0.491467123922894,2.0824685662659842e-14,0.4914671239228732,1,2176.1285742599352
-5.0,b4177,,1,425,0.491467123922894,-2.0583447897220774e-15,0.49146712392289604,1,2176.1285742600357
-5.0,b0677,,1,22,0.491467123922894,0.4914671239229661,-7.210898544940392e-14,0,8.681731333078172
-5.0,b0110,,4,22,0.491467123922894,0.4914671239229397,-4.568567746332519e-14,0,8.681731333079314
-5.0,b2817,,2,22,0.491467123922894,0.4914671239229397,-4.568567746332519e-14,0,8.681731333079314
-5.0,b2435,,2,22,0.491467123922894,0.4914671239229397,-4.568567746332519e-14,0,8.681731333079314
-5.0,b4169,,2,22,0.491467123922894,0.4914671239229397,-4.568567746332519e-14,0,8.681731333079314
-5.0,b1107,,3,22,0.491467123922894,0.4914671239229397,-4.568567746332519e-14,0,8.681731333079314
-5.0,b0433,,3,22,0.491467123922894,0.4914671239229397,-4.568567746332519e-14,0,8.681731333079314
-5.0,b3619,,1,22,0.491467123922894,0.4914671239229397,-4.568567746332519e-14,0,8.681731333079314
-5.0,b2937,,1,22,0.491467123922894,0.4914671239229397,-4.568567746332519e-14,0,8.681731333079314
-5.0,b3018,,7,425,0.491467123922894,3.7629093288581405e-16,0.4914671239228936,1,2176.128574260045
-5.0,b3958,,1,425,0.491467123922894,0.0,0.491467123922894,1,2176.1285742600253
-5.0,b0575,,2,22,0.491467123922894,0.4914671239229268,-3.2807090377673376e-14,0,8.681731333080112
-5.0,b0572,,2,22,0.491467123922894,0.49146712392292957,-3.558264793923627e-14,0,8.68173133307992
-5.0,b0573,,2,22,0.491467123922894,0.49146712392292957,-3.558264793923627e-14,0,8.68173133307992
-5.0,b0574,,2,22,0.491467123922894,0.49146712392292957,-3.558264793923627e-14,0,8.68173133307992
-5.0,b4006,,2,425,0.491467123922894,6.201016798070297e-15,0.49146712392288777,1,2176.128574260001
-5.0,b0522,,1,425,0.491467123922894,-3.418511538956108e-14,0.4914671239229282,1,2176.12857426017
-5.0,b0523,,1,425,0.491467123922894,4.613456702636101e-14,0.49146712392284786,1,2176.1285742598316
-5.0,b0727,,1,22,0.491467123922894,0.49146712392293096,-3.697042672001771e-14,0,8.681731333079837
-5.0,b0116,,3,263,0.491467123922894,0.49143638010914004,3.074381375395285e-05,0,8.68556656276102
-5.0,b0726,,1,22,0.491467123922894,0.49146712392295716,-6.317169010117141e-14,0,8.68173133307837
-5.0,b2587,,1,22,0.491467123922894,0.4914671239229289,-3.4916514124461173e-14,0,8.681731333079949
-5.0,b1488,,1,22,0.491467123922894,0.4914671239229289,-3.4916514124461173e-14,0,8.681731333079949
-5.0,b3542,,3,22,0.491467123922894,0.4914671239229289,-3.4916514124461173e-14,0,8.681731333079949
-5.0,b1486,,1,22,0.491467123922894,0.4914671239229289,-3.4916514124461173e-14,0,8.681731333079949
-5.0,b1485,,1,22,0.491467123922894,0.4914671239229289,-3.4916514124461173e-14,0,8.681731333079949
-5.0,b3543,,3,22,0.491467123922894,0.4914671239229289,-3.4916514124461173e-14,0,8.681731333079949
-5.0,b3541,,3,22,0.491467123922894,0.4914671239229289,-3.4916514124461173e-14,0,8.681731333079949
-5.0,b1484,,1,22,0.491467123922894,0.4914671239229289,-3.4916514124461173e-14,0,8.681731333079949
-5.0,b3540,,3,22,0.491467123922894,0.4914671239229289,-3.4916514124461173e-14,0,8.681731333079949
-5.0,b3544,,3,22,0.491467123922894,0.4914671239229289,-3.4916514124461173e-14,0,8.681731333079949
-5.0,b1483,,1,22,0.491467123922894,0.4914671239229289,-3.4916514124461173e-14,0,8.681731333079949
-5.0,b1487,,1,22,0.491467123922894,0.4914671239229289,-3.4916514124461173e-14,0,8.681731333079949
-5.0,b0092,,1,425,0.491467123922894,-5.64436399328721e-16,0.49146712392289454,1,2176.1285742600367
-5.0,b0381,,1,425,0.491467123922894,0.0,0.491467123922894,1,2176.1285742600235
-5.0,b1325,,1,22,0.491467123922894,0.49146712392292274,-2.8754776337791554e-14,0,8.681731333080384
-5.0,b1190,,1,425,0.491467123922894,3.7629093288581405e-16,0.4914671239228936,1,2176.128574260031
-5.0,b4053,,1,425,0.491467123922894,0.0,0.491467123922894,1,2176.1285742600303
-5.0,b2551,,6,426,0.491467123922894,0.4801770479361712,0.01129007598672277,0,25.49403166509684
-5.0,b0870,,4,22,0.491467123922894,0.49146712392292197,-2.7977620220553945e-14,0,8.681731333080373
-5.0,b2379,,1,25,0.491467123922894,0.49146712392289515,-1.1657341758564144e-15,0,9.412913590475487
-5.0,b2290,,1,25,0.491467123922894,0.49146712392292347,-2.9476421303797906e-14,0,9.412913590473748
-5.0,b2697,,1,25,0.491467123922894,0.49146712392292347,-2.9476421303797906e-14,0,9.412913590473748
-5.0,b3460,,5,25,0.491467123922894,0.49146712392292347,-2.9476421303797906e-14,0,9.412913590473748
-5.0,b3456,,5,25,0.491467123922894,0.49146712392292347,-2.9476421303797906e-14,0,9.412913590473748
-5.0,b3457,,5,25,0.491467123922894,0.49146712392292347,-2.9476421303797906e-14,0,9.412913590473748
-5.0,b3455,,5,25,0.491467123922894,0.49146712392292347,-2.9476421303797906e-14,0,9.412913590473748
-5.0,b3454,,5,25,0.491467123922894,0.49146712392292347,-2.9476421303797906e-14,0,9.412913590473748
-5.0,b4208,,5,291,0.491467123922894,0.49141037812208843,5.674580080555769e-05,0,9.42581346554626
-5.0,b0007,,2,29,0.491467123922894,0.4914671239229224,-2.842170943040401e-14,0,9.412939765697482
-5.0,b0356,,3,424,0.491467123922894,0.4841758838352464,0.007291240087647588,0,29.32954623449621
-5.0,b1478,,1,424,0.491467123922894,0.4841758838352428,0.007291240087651196,0,29.329546234494654
-5.0,b1385,,1,29,0.491467123922894,0.49146712392291864,-2.4646951146678475e-14,0,9.412939765697702
-5.0,b1300,,2,29,0.491467123922894,0.4914671239229204,-2.6423307986078726e-14,0,9.412939765697663
-5.0,b3588,,2,29,0.491467123922894,0.4914671239229204,-2.6423307986078726e-14,0,9.412939765697663
-5.0,b4084,,1,29,0.491467123922894,0.4914671239229204,-2.6423307986078726e-14,0,9.412939765697663
-5.0,b4090,,2,436,0.491467123922894,0.2984237360971812,0.1930433878257128,0,2965.3148697849692
-5.0,b0516,,1,29,0.491467123922894,0.4914671239229265,-3.2529534621517087e-14,0,9.412939765697228
-5.0,b0512,,1,29,0.491467123922894,0.4914671239228413,5.268008251846368e-14,0,9.41293976570199
-5.0,b0511,,1,29,0.491467123922894,0.4914671239228413,5.268008251846368e-14,0,9.41293976570199
-5.0,b4085,,1,29,0.491467123922894,0.4914671239228413,5.268008251846368e-14,0,9.41293976570199
-5.0,b4087,,2,29,0.491467123922894,0.4914671239228413,5.268008251846368e-14,0,9.41293976570199
-5.0,b4086,,2,29,0.491467123922894,0.4914671239228413,5.268008251846368e-14,0,9.41293976570199
-5.0,b4088,,2,29,0.491467123922894,0.4914671239228413,5.268008251846368e-14,0,9.41293976570199
-5.0,b0657,,2,29,0.491467123922894,0.4914671239228413,5.268008251846368e-14,0,9.41293976570199
-5.0,b1677,,2,29,0.491467123922894,0.4914671239228413,5.268008251846368e-14,0,9.41293976570199
-5.0,b1781,,1,29,0.491467123922894,0.4914671239228413,5.268008251846368e-14,0,9.41293976570199
-5.0,b3001,,1,29,0.491467123922894,0.4914671239228413,5.268008251846368e-14,0,9.41293976570199
-5.0,b0207,,2,29,0.491467123922894,0.4914671239228413,5.268008251846368e-14,0,9.41293976570199
-5.0,b3012,,2,29,0.491467123922894,0.4914671239228413,5.268008251846368e-14,0,9.41293976570199
-5.0,b3945,,4,29,0.491467123922894,0.4914671239228413,5.268008251846368e-14,0,9.41293976570199
-5.0,b3091,,1,29,0.491467123922894,0.4914671239228413,5.268008251846368e-14,0,9.41293976570199
-5.0,b3416,,4,29,0.491467123922894,0.4914671239228413,5.268008251846368e-14,0,9.41293976570199
-5.0,b3223,,1,29,0.491467123922894,0.4914671239228413,5.268008251846368e-14,0,9.41293976570199
-5.0,b3222,,1,29,0.491467123922894,0.4914671239228413,5.268008251846368e-14,0,9.41293976570199
-5.0,b0774,,1,425,0.491467123922894,-1.734055917359942e-15,0.4914671239228957,1,2176.1285742597693
-5.0,b3833,,2,29,0.491467123922894,0.49146712392292424,-3.0253577421035516e-14,0,9.412939765697415
-5.0,b3994,,1,425,0.491467123922894,5.075371943161409e-16,0.4914671239228935,1,2176.1285742600435
-5.0,b1982,,1,29,0.491467123922894,0.4914671239229219,-2.7922109069322687e-14,0,9.412939765697532
-5.0,b0932,,2,29,0.491467123922894,0.49146712392293035,-3.6359804056473877e-14,0,9.41293976569696
-5.0,b0237,,3,29,0.491467123922894,0.49146712392293035,-3.6359804056473877e-14,0,9.41293976569696
-5.0,b4260,,2,29,0.491467123922894,0.49146712392293035,-3.6359804056473877e-14,0,9.41293976569696
-5.0,b2523,,2,29,0.491467123922894,0.49146712392293035,-3.6359804056473877e-14,0,9.41293976569696
-5.0,b1640,,1,29,0.491467123922894,0.49146712392293035,-3.6359804056473877e-14,0,9.41293976569696
-5.0,b1263,,2,425,0.491467123922894,1.9166060911476276e-16,0.4914671239228938,1,2176.1285742600435
-5.0,b1264,,1,425,0.491467123922894,0.0,0.491467123922894,1,2176.1285742600257
-5.0,b0776,,1,425,0.491467123922894,0.0,0.491467123922894,1,2176.1285742600257
-5.0,b0049,,3,29,0.491467123922894,0.4914671239229201,-2.609024107869118e-14,0,9.41293976569756
-5.0,b4129,,2,29,0.491467123922894,0.49146712392293035,-3.6359804056473877e-14,0,9.41293976569696
-5.0,b0121,,2,29,0.491467123922894,0.49146712392293035,-3.6359804056473877e-14,0,9.41293976569696
-5.0,b3059,,7,29,0.491467123922894,0.49146712392293035,-3.6359804056473877e-14,0,9.41293976569696
-5.0,b0968,,7,29,0.491467123922894,0.49146712392293035,-3.6359804056473877e-14,0,9.41293976569696
-5.0,b0414,,2,425,0.491467123922894,-5.7174878620786735e-18,0.491467123922894,1,2176.128574260041
-5.0,b0062,,1,29,0.491467123922894,0.49146712392292763,-3.3639757646142243e-14,0,9.412939765697178
-5.0,b0153,,5,29,0.491467123922894,0.49146712392293035,-3.6359804056473877e-14,0,9.41293976569696
-5.0,b0151,,5,29,0.491467123922894,0.49146712392293035,-3.6359804056473877e-14,0,9.41293976569696
-5.0,b0152,,5,29,0.491467123922894,0.49146712392293035,-3.6359804056473877e-14,0,9.41293976569696
-5.0,b2715,,1,29,0.491467123922894,0.49146712392293035,-3.6359804056473877e-14,0,9.41293976569696
-5.0,b3722,,1,29,0.491467123922894,0.49146712392293035,-3.6359804056473877e-14,0,9.41293976569696
-5.0,b1900,,1,29,0.491467123922894,0.49146712392293035,-3.6359804056473877e-14,0,9.41293976569696
-5.0,b4460,,1,29,0.491467123922894,0.49146712392293035,-3.6359804056473877e-14,0,9.41293976569696
-5.0,b1901,,1,29,0.491467123922894,0.49146712392293035,-3.6359804056473877e-14,0,9.41293976569696
-5.0,b2841,,1,29,0.491467123922894,0.49146712392293035,-3.6359804056473877e-14,0,9.41293976569696
-5.0,b1528,,3,29,0.491467123922894,0.49146712392293035,-3.6359804056473877e-14,0,9.41293976569696
-5.0,b4115,,1,29,0.491467123922894,0.49146712392293035,-3.6359804056473877e-14,0,9.41293976569696
-5.0,b4117,,1,29,0.491467123922894,0.49146712392293035,-3.6359804056473877e-14,0,9.41293976569696
-5.0,b2938,,1,29,0.491467123922894,0.49146712392293035,-3.6359804056473877e-14,0,9.41293976569696
-5.0,b1605,,1,29,0.491467123922894,0.49146712392293035,-3.6359804056473877e-14,0,9.41293976569696
-5.0,b3960,,1,425,0.491467123922894,-3.5468100729172364e-17,0.49146712392289404,1,2176.128574260044
-5.0,b3172,,1,425,0.491467123922894,0.0,0.491467123922894,1,2176.1285742600176
-5.0,b1876,,1,29,0.491467123922894,0.49146712392292574,-3.175237850427948e-14,0,9.412939765697317
-5.0,b2310,,3,29,0.491467123922894,0.49146712392293035,-3.6359804056473877e-14,0,9.41293976569696
-5.0,b0863,,1,29,0.491467123922894,0.49146712392293035,-3.6359804056473877e-14,0,9.41293976569696
-5.0,b0860,,1,29,0.491467123922894,0.49146712392293035,-3.6359804056473877e-14,0,9.41293976569696
-5.0,b2307,,4,29,0.491467123922894,0.49146712392293035,-3.6359804056473877e-14,0,9.41293976569696
-5.0,b2308,,4,29,0.491467123922894,0.49146712392293035,-3.6359804056473877e-14,0,9.41293976569696
-5.0,b0862,,1,29,0.491467123922894,0.49146712392293035,-3.6359804056473877e-14,0,9.41293976569696
-5.0,b2306,,4,29,0.491467123922894,0.49146712392293035,-3.6359804056473877e-14,0,9.41293976569696
-5.0,b0864,,1,29,0.491467123922894,0.49146712392293035,-3.6359804056473877e-14,0,9.41293976569696
-5.0,b0861,,1,29,0.491467123922894,0.49146712392293035,-3.6359804056473877e-14,0,9.41293976569696
-5.0,b2923,,2,29,0.491467123922894,0.49146712392293035,-3.6359804056473877e-14,0,9.41293976569696
-5.0,b3433,,1,425,0.491467123922894,1.1262596486668197e-16,0.4914671239228939,1,2176.128574260041
-5.0,b4192,,1,29,0.491467123922894,0.4914671239229243,-3.0309088572266774e-14,0,9.412939765697336
-5.0,b4194,,1,29,0.491467123922894,0.49146712392293035,-3.6359804056473877e-14,0,9.41293976569696
-5.0,b4193,,1,29,0.491467123922894,0.49146712392293035,-3.6359804056473877e-14,0,9.41293976569696
-5.0,b4195,,1,29,0.491467123922894,0.49146712392293035,-3.6359804056473877e-14,0,9.41293976569696
-5.0,b1767,,1,29,0.491467123922894,0.49146712392293035,-3.6359804056473877e-14,0,9.41293976569696
-5.0,b0828,,1,29,0.491467123922894,0.49146712392293035,-3.6359804056473877e-14,0,9.41293976569696
-5.0,b2957,,2,29,0.491467123922894,0.49146712392293035,-3.6359804056473877e-14,0,9.41293976569696
-5.0,b0674,,1,29,0.491467123922894,0.49146712392293035,-3.6359804056473877e-14,0,9.41293976569696
-5.0,b3744,,1,332,0.491467123922894,0.49015778254082204,0.001309341382071949,0,9.42863505696891
-5.0,b0930,,1,29,0.491467123922894,0.4914671239229238,-2.980948821118545e-14,0,9.412939765697336
-5.0,b1453,,1,29,0.491467123922894,0.49146712392293035,-3.6359804056473877e-14,0,9.41293976569696
-5.0,b3502,,1,29,0.491467123922894,0.49146712392293035,-3.6359804056473877e-14,0,9.41293976569696
-5.0,b0131,,1,425,0.491467123922894,7.315674995282195e-17,0.49146712392289393,1,2176.128574260043
-5.0,b4245,,1,425,0.491467123922894,-9.70854363119367e-16,0.49146712392289493,1,2176.128574260036
-5.0,b4244,,1,425,0.491467123922894,0.0,0.491467123922894,1,2176.1285742600326
-5.0,b0002,,2,425,0.491467123922894,0.0,0.491467123922894,1,2176.1285742600326
-5.0,b4024,,1,425,0.491467123922894,0.0,0.491467123922894,1,2176.12857426003
-5.0,b3940,,2,425,0.491467123922894,0.0,0.491467123922894,1,2176.1285742600116
-5.0,b2574,,4,425,0.491467123922894,-7.702458745787409e-13,0.49146712392366426,1,2176.1285742634827
-5.0,b4139,,1,29,0.491467123922894,0.4914671239229237,-2.969846590872294e-14,0,9.412939765697375
-5.0,b0928,,3,425,0.491467123922894,3.1190019999404316e-14,0.4914671239228628,1,2176.1285742599043
-5.0,b1866,,1,29,0.491467123922894,0.4914671239229349,-4.091171845743702e-14,0,9.412939765696903
-5.0,b0654,,2,29,0.491467123922894,0.49146712392293035,-3.6359804056473877e-14,0,9.41293976569696
-5.0,b0655,,2,29,0.491467123922894,0.49146712392293035,-3.6359804056473877e-14,0,9.41293976569696
-5.0,b0652,,2,29,0.491467123922894,0.49146712392293035,-3.6359804056473877e-14,0,9.41293976569696
-5.0,b0653,,2,29,0.491467123922894,0.49146712392293035,-3.6359804056473877e-14,0,9.41293976569696
-5.0,b3528,,6,29,0.491467123922894,0.49146712392293035,-3.6359804056473877e-14,0,9.41293976569696
-5.0,b4123,,9,29,0.491467123922894,0.49146712392293035,-3.6359804056473877e-14,0,9.41293976569696
-5.0,b4138,,7,29,0.491467123922894,0.49146712392293035,-3.6359804056473877e-14,0,9.41293976569696
-5.0,b4077,,2,29,0.491467123922894,0.49146712392293035,-3.6359804056473877e-14,0,9.41293976569696
-5.0,b3503,,1,29,0.491467123922894,0.49146712392293035,-3.6359804056473877e-14,0,9.41293976569696
-5.0,b1064,,7,29,0.491467123922894,0.49146712392293035,-3.6359804056473877e-14,0,9.41293976569696
-5.0,b1747,,1,29,0.491467123922894,0.49146712392293035,-3.6359804056473877e-14,0,9.41293976569696
-5.0,b1539,,4,29,0.491467123922894,0.49146712392293035,-3.6359804056473877e-14,0,9.41293976569696
-5.0,b2019,,1,425,0.491467123922894,4.3407992776550946e-17,0.49146712392289393,1,2176.1285742600458
-5.0,b3738,,1,439,0.491467123922894,0.3793955279856976,0.1120715959371964,0,237.08348622245677
-5.0,b3733,,1,439,0.491467123922894,0.3793955279856978,0.11207159593719618,0,237.08348622245663
-5.0,b3732,,1,439,0.491467123922894,0.3793955279856978,0.11207159593719618,0,237.08348622245663
-5.0,b3739,,1,439,0.491467123922894,0.3793955279856978,0.11207159593719618,0,237.08348622245663
-5.0,b3736,,1,439,0.491467123922894,0.3793955279856978,0.11207159593719618,0,237.08348622245663
-5.0,b3737,,1,439,0.491467123922894,0.3793955279856978,0.11207159593719618,0,237.08348622245663
-5.0,b3734,,1,439,0.491467123922894,0.3793955279856978,0.11207159593719618,0,237.08348622245663
-5.0,b3735,,1,439,0.491467123922894,0.3793955279856978,0.11207159593719618,0,237.08348622245663
-5.0,b3731,,1,439,0.491467123922894,0.3793955279856978,0.11207159593719618,0,237.08348622245663
-5.0,b0312,,2,29,0.491467123922894,0.4914671239229267,-3.269606807521086e-14,0,9.412939765697258
-5.0,b0827,,4,425,0.491467123922894,-2.0701079017696666e-16,0.4914671239228942,1,2176.128574260027
-5.0,b3857,,5,425,0.491467123922894,0.0,0.491467123922894,1,2176.1285742600166
-5.0,b3856,,5,425,0.491467123922894,0.0,0.491467123922894,1,2176.1285742600285
-5.0,b4214,,1,425,0.491467123922894,-1.26390280457203e-14,0.49146712392290665,1,2176.1285742600835
-5.0,b3551,,3,29,0.491467123922894,0.4914671239229286,-3.4583447217073626e-14,0,9.412939765697121
-5.0,b0775,,1,425,0.491467123922894,-4.744245865961887e-16,0.4914671239228945,1,2176.1285742600417
-5.0,b0934,,5,29,0.491467123922894,0.4914671239229291,-3.5138558729386205e-14,0,9.412939765697072
-5.0,b0367,,3,29,0.491467123922894,0.49146712392292796,-3.397282455352979e-14,0,9.412939765697104
-5.0,b0933,,5,29,0.491467123922894,0.49146712392292796,-3.397282455352979e-14,0,9.412939765697104
-5.0,b0936,,5,29,0.491467123922894,0.49146712392292796,-3.397282455352979e-14,0,9.412939765697104
-5.0,b0365,,3,29,0.491467123922894,0.49146712392292796,-3.397282455352979e-14,0,9.412939765697104
-5.0,b0366,,3,29,0.491467123922894,0.49146712392292796,-3.397282455352979e-14,0,9.412939765697104
-5.0,b1216,,3,29,0.491467123922894,0.49146712392292796,-3.397282455352979e-14,0,9.412939765697104
-5.0,b4132,,1,29,0.491467123922894,0.49146712392292796,-3.397282455352979e-14,0,9.412939765697104
-5.0,b3942,,1,29,0.491467123922894,0.49146712392292796,-3.397282455352979e-14,0,9.412939765697104
-5.0,b1732,,1,29,0.491467123922894,0.49146712392292796,-3.397282455352979e-14,0,9.412939765697104
-5.0,b3196,,1,425,0.491467123922894,7.363613433789405e-16,0.49146712392289327,1,2176.1285742600344
-5.0,b1270,,2,29,0.491467123922894,0.4914671239229362,-4.218847493575595e-14,0,9.412939765696706
-5.0,b2874,,1,421,0.491467123922894,0.48473554273112957,0.006731581191764424,0,9.844636417921244
-5.0,b0521,,1,421,0.491467123922894,0.4847355427311263,0.006731581191767699,0,9.844636417921237
-5.0,b0323,,1,421,0.491467123922894,0.4847355427311263,0.006731581191767699,0,9.844636417921237
-5.0,b0033,,1,29,0.491467123922894,0.49146712392292347,-2.9476421303797906e-14,0,9.41293976569751
-5.0,b0032,,1,29,0.491467123922894,0.4914671239229167,-2.270406085358445e-14,0,9.412939765697818
-5.0,b0444,,1,29,0.491467123922894,0.4914671239229167,-2.270406085358445e-14,0,9.412939765697818
-5.0,b3469,,6,29,0.491467123922894,0.4914671239229167,-2.270406085358445e-14,0,9.412939765697818
-5.0,b3915,,7,29,0.491467123922894,0.4914671239229167,-2.270406085358445e-14,0,9.412939765697818
-5.0,b0752,,5,29,0.491467123922894,0.4914671239229167,-2.270406085358445e-14,0,9.412939765697818
-5.0,b3040,,6,425,0.491467123922894,-1.1288745466127217e-15,0.4914671239228951,1,2176.1285742600207
-5.0,b3918,,7,29,0.491467123922894,0.49146712392292613,-3.214095656289828e-14,0,9.41293976569726
-5.0,b2794,,1,29,0.491467123922894,0.49146712392292796,-3.397282455352979e-14,0,9.412939765697104
-5.0,b1208,,1,425,0.491467123922894,7.369163140184747e-16,0.49146712392289327,1,2176.128574260036
-5.0,b1661,,4,29,0.491467123922894,0.4914671239229194,-2.5424107263916085e-14,0,9.412939765697669
-5.0,b2129,,2,29,0.491467123922894,0.49146712392292796,-3.397282455352979e-14,0,9.412939765697104
-5.0,b2128,,2,29,0.491467123922894,0.49146712392292796,-3.397282455352979e-14,0,9.412939765697104
-5.0,b2131,,2,29,0.491467123922894,0.49146712392292796,-3.397282455352979e-14,0,9.412939765697104
-5.0,b2130,,2,29,0.491467123922894,0.49146712392292796,-3.397282455352979e-14,0,9.412939765697104
-5.0,b1801,,3,29,0.491467123922894,0.49146712392292796,-3.397282455352979e-14,0,9.412939765697104
-5.0,b0314,,1,29,0.491467123922894,0.49146712392292796,-3.397282455352979e-14,0,9.412939765697104
-5.0,b0311,,1,29,0.491467123922894,0.49146712392292796,-3.397282455352979e-14,0,9.412939765697104
-5.0,b2600,,2,425,0.491467123922894,1.1380236125168393e-15,0.4914671239228928,1,2176.128574260033
-5.0,b2599,,2,425,0.491467123922894,0.0,0.491467123922894,1,2176.128574260042
-5.0,b2329,,1,425,0.491467123922894,0.0,0.491467123922894,1,2176.128574260042
-5.0,b4039,,1,425,0.491467123922894,0.0,0.491467123922894,1,2176.128574260018
-5.0,b2542,,2,29,0.491467123922894,0.4914671239229325,-3.852473895449293e-14,0,9.412939765696855
-5.0,b2540,,2,29,0.491467123922894,0.4914671239229187,-2.4702462297909733e-14,0,9.412939765697736
-5.0,b2538,,2,29,0.491467123922894,0.4914671239229187,-2.4702462297909733e-14,0,9.412939765697736
-5.0,b2539,,2,29,0.491467123922894,0.4914671239229187,-2.4702462297909733e-14,0,9.412939765697736
-5.0,b0617,,1,29,0.491467123922894,0.4914671239229187,-2.4702462297909733e-14,0,9.412939765697736
-5.0,b0614,,1,29,0.491467123922894,0.4914671239229187,-2.4702462297909733e-14,0,9.412939765697736
-5.0,b0616,,1,29,0.491467123922894,0.4914671239229187,-2.4702462297909733e-14,0,9.412939765697736
-5.0,b0615,,1,29,0.491467123922894,0.4914671239229187,-2.4702462297909733e-14,0,9.412939765697736
-5.0,b0612,,1,29,0.491467123922894,0.4914671239229187,-2.4702462297909733e-14,0,9.412939765697736
-5.0,b0789,,7,29,0.491467123922894,0.4914671239229187,-2.4702462297909733e-14,0,9.412939765697736
-5.0,b1249,,7,29,0.491467123922894,0.4914671239229187,-2.4702462297909733e-14,0,9.412939765697736
-5.0,b0155,,1,425,0.491467123922894,4.1449288210181933e-16,0.4914671239228936,1,2176.12857426001
-5.0,b1592,,1,425,0.491467123922894,0.0,0.491467123922894,1,2176.128574260047
-5.0,b3035,,9,29,0.491467123922894,0.49146712392293546,-4.1466829969749597e-14,0,9.412939765696677
-5.0,b2470,,7,29,0.491467123922894,0.4914671239229187,-2.4702462297909733e-14,0,9.412939765697736
-5.0,b0463,,7,29,0.491467123922894,0.4914671239229187,-2.4702462297909733e-14,0,9.412939765697736
-5.0,b0462,,7,29,0.491467123922894,0.4914671239229187,-2.4702462297909733e-14,0,9.412939765697736
-5.0,b3816,,3,425,0.491467123922894,-4.0559758535731844e-17,0.49146712392289404,1,2176.128574260013
-5.0,b2174,,1,29,0.491467123922894,0.4914671239229353,-4.1300296516055823e-14,0,9.412939765696782
-5.0,b0914,,32,431,0.491467123922894,4.3372158477802887e-16,0.49146712392289355,1,1983.910448716161
-5.0,b1102,,1,29,0.491467123922894,0.49146712392292013,-2.6145752229922437e-14,0,9.412939765697534
-5.0,b2765,,1,29,0.491467123922894,0.4914671239229245,-3.0531133177191805e-14,0,9.412939765697343
-5.0,b0783,,1,431,0.491467123922894,4.538225977706708e-18,0.491467123922894,1,2301.3555072926333
-5.0,b0781,,1,431,0.491467123922894,0.0,0.491467123922894,1,2301.355507292635
-5.0,b2436,,1,221,0.491467123922894,0.4914602418104359,6.882112458084233e-06,0,9.415585201371053
-5.0,b3867,,1,29,0.491467123922894,0.49146712392292985,-3.5860203695392556e-14,0,9.412939765697061
-5.0,b0038,,2,29,0.491467123922894,0.49146712392292036,-2.6367796834847468e-14,0,9.412939765697578
-5.0,b0037,,3,29,0.491467123922894,0.49146712392292036,-2.6367796834847468e-14,0,9.412939765697578
-5.0,b0036,,2,29,0.491467123922894,0.49146712392292036,-2.6367796834847468e-14,0,9.412939765697578
-5.0,b2679,,4,29,0.491467123922894,0.49146712392292036,-2.6367796834847468e-14,0,9.412939765697578
-5.0,b2677,,4,29,0.491467123922894,0.49146712392292036,-2.6367796834847468e-14,0,9.412939765697578
-5.0,b2678,,4,29,0.491467123922894,0.49146712392292036,-2.6367796834847468e-14,0,9.412939765697578
-5.0,b4111,,5,29,0.491467123922894,0.49146712392292036,-2.6367796834847468e-14,0,9.412939765697578
-5.0,b0040,,2,29,0.491467123922894,0.49146712392292036,-2.6367796834847468e-14,0,9.412939765697578
-5.0,b0720,,1,425,0.491467123922894,-1.9781710058491421e-16,0.4914671239228942,1,2176.1285742600066
-5.0,b0337,,1,29,0.491467123922894,0.4914671239229255,-3.1530333899354446e-14,0,9.412939765697303
-5.0,b0336,,1,29,0.491467123922894,0.49146712392293135,-3.735900477863652e-14,0,9.41293976569695
-5.0,b3846,,19,466,0.491467123922894,0.4749034579472892,0.01656366597560477,0,16.091024250575902
-5.0,b2780,,1,449,0.491467123922894,-2.613885773362292e-16,0.49146712392289427,1,1990.921375251069
-5.0,b0123,,2,29,0.491467123922894,0.491467123922924,-3.0031532816110484e-14,0,9.412939765697422
-5.0,b0484,,1,29,0.491467123922894,0.4914671239229281,-3.4083846855992306e-14,0,9.412939765697116
-5.0,b3425,,1,29,0.491467123922894,0.4914671239229281,-3.4083846855992306e-14,0,9.412939765697116
-5.0,b1308,,1,29,0.491467123922894,0.4914671239229281,-3.4083846855992306e-14,0,9.412939765697116
-5.0,b0340,,1,29,0.491467123922894,0.4914671239229281,-3.4083846855992306e-14,0,9.412939765697116
-5.0,b0341,,1,29,0.491467123922894,0.4914671239229281,-3.4083846855992306e-14,0,9.412939765697116
-5.0,b1919,,1,29,0.491467123922894,0.4914671239229281,-3.4083846855992306e-14,0,9.412939765697116
-5.0,b3008,,2,425,0.491467123922894,1.5210776157652287e-16,0.4914671239228938,1,2176.1285742600326
-5.0,b3708,,3,325,0.491467123922894,0.49100319290141015,0.00046393102148384324,0,9.409269168021673
-5.0,b2414,,1,425,0.491467123922894,-3.032686175062722e-15,0.49146712392289704,1,2176.1285742600503
-5.0,b2421,,1,425,0.491467123922894,8.696229656819272e-16,0.4914671239228931,1,2176.128574260027
-5.0,b2810,,1,29,0.491467123922894,0.49146712392292685,-3.2862601528904634e-14,0,9.412939765697189
-5.0,b1622,,1,425,0.491467123922894,1.1039663470866612e-16,0.4914671239228939,1,2176.128574260025
-5.0,b0526,,1,29,0.491467123922894,0.49146712392292896,-3.497202527569243e-14,0,9.41293976569707
-5.0,b0886,,2,29,0.491467123922894,0.49146712392292596,-3.197442310920451e-14,0,9.412939765697264
-5.0,b0887,,2,29,0.491467123922894,0.49146712392292596,-3.197442310920451e-14,0,9.412939765697264
-5.0,b0978,,2,29,0.491467123922894,0.49146712392292596,-3.197442310920451e-14,0,9.412939765697264
-5.0,b0979,,2,29,0.491467123922894,0.49146712392292596,-3.197442310920451e-14,0,9.412939765697264
-5.0,b0734,,1,29,0.491467123922894,0.49146712392292596,-3.197442310920451e-14,0,9.412939765697264
-5.0,b0733,,1,29,0.491467123922894,0.49146712392292596,-3.197442310920451e-14,0,9.412939765697264
-5.0,b0432,,1,433,0.491467123922894,0.4360798132355493,0.055387310687344704,0,246.22847556661483
-5.0,b0430,,1,433,0.491467123922894,0.436079813235387,0.05538731068750696,0,246.22847556654133
-5.0,b0429,,1,433,0.491467123922894,0.436079813235387,0.05538731068750696,0,246.22847556654133
-5.0,b0431,,1,433,0.491467123922894,0.436079813235387,0.05538731068750696,0,246.22847556654133
-5.0,b2143,,2,29,0.491467123922894,0.4914671239229297,-3.569367024169878e-14,0,9.41293976569707
-5.0,b0651,,2,29,0.491467123922894,0.4914671239229477,-5.3734794391857577e-14,0,9.412939765696171
-5.0,b2162,,2,29,0.491467123922894,0.4914671239229477,-5.3734794391857577e-14,0,9.412939765696171
-5.0,b2066,,2,29,0.491467123922894,0.4914671239229477,-5.3734794391857577e-14,0,9.412939765696171
-5.0,b0910,,3,431,0.491467123922894,1.0808383218839325e-17,0.491467123922894,1,1983.910448716121
-5.0,b2975,,3,103,0.491467123922894,0.49146530216850054,1.8217543934495595e-06,0,9.412892354234534
-5.0,b3603,,3,103,0.491467123922894,0.4914653021685189,1.8217543750753684e-06,0,9.412892354233405
-5.0,b1189,,1,29,0.491467123922894,0.49146712392293607,-4.207745263329343e-14,0,9.412939765696635
-5.0,b4042,,7,29,0.491467123922894,0.4914671239229281,-3.4083846855992306e-14,0,9.412939765697143
-5.0,b2871,,1,29,0.491467123922894,0.4914671239229281,-3.4083846855992306e-14,0,9.412939765697143
-5.0,b2838,,1,425,0.491467123922894,-3.478530484100963e-17,0.49146712392289404,1,2176.128574260032
-5.0,b3809,,1,425,0.491467123922894,0.0,0.491467123922894,1,2176.128574260023
-5.0,b0175,,7,425,0.491467123922894,0.0,0.491467123922894,1,2176.1285742600176
-5.0,b3041,,1,425,0.491467123922894,0.0,0.491467123922894,1,2176.128574260025
-5.0,b0778,,1,425,0.491467123922894,0.0,0.491467123922894,1,2176.128574260026
-5.0,b1734,,1,29,0.491467123922894,0.49146712392291964,-2.5646151868841116e-14,0,9.412939765697699
-5.0,b2065,,1,29,0.491467123922894,0.49146712392292685,-3.2862601528904634e-14,0,9.41293976569716
-5.0,b2344,,7,29,0.491467123922894,0.49146712392292685,-3.2862601528904634e-14,0,9.41293976569716
-5.0,b3693,,1,29,0.491467123922894,0.49146712392292685,-3.2862601528904634e-14,0,9.41293976569716
-5.0,b3909,,2,29,0.491467123922894,0.49146712392292685,-3.2862601528904634e-14,0,9.41293976569716
-5.0,b3526,,1,29,0.491467123922894,0.49146712392292685,-3.2862601528904634e-14,0,9.41293976569716
-5.0,b1704,,1,425,0.491467123922894,-2.5957754502603307e-16,0.49146712392289427,1,2176.1285742600435
-5.0,b2601,,1,425,0.491467123922894,0.0,0.491467123922894,1,2176.1285742600267
-5.0,b0754,,1,425,0.491467123922894,0.0,0.491467123922894,1,2176.1285742600267
-5.0,b4477,,1,29,0.491467123922894,0.4914671239229282,-3.419486915845482e-14,0,9.41293976569714
-5.0,b3648,,2,425,0.491467123922894,4.523413043413522e-16,0.49146712392289355,1,2176.1285742600326
-5.0,b1393,,1,29,0.491467123922894,0.49146712392292463,-3.064215547965432e-14,0,9.412939765697448
-5.0,b3771,,2,425,0.491467123922894,-1.4513875367613388e-16,0.49146712392289416,1,2176.1285742600317
-5.0,b1198,,1,29,0.491467123922894,0.4914671239229327,-3.8691272408186705e-14,0,9.412939765696892
-5.0,b1199,,1,29,0.491467123922894,0.491467123922925,-3.1030733538273125e-14,0,9.412939765697372
-5.0,b1200,,1,29,0.491467123922894,0.491467123922925,-3.1030733538273125e-14,0,9.412939765697372
-5.0,b0596,,1,29,0.491467123922894,0.491467123922925,-3.1030733538273125e-14,0,9.412939765697372
-5.0,b0594,,1,29,0.491467123922894,0.491467123922925,-3.1030733538273125e-14,0,9.412939765697372
-5.0,b2541,,2,29,0.491467123922894,0.491467123922925,-3.1030733538273125e-14,0,9.412939765697372
-5.0,b0348,,2,29,0.491467123922894,0.491467123922925,-3.1030733538273125e-14,0,9.412939765697372
-5.0,b0031,,1,425,0.491467123922894,-6.685500860582563e-16,0.49146712392289466,1,2176.128574260035
-5.0,b2478,,1,425,0.491467123922894,0.0,0.491467123922894,1,2176.1285742600257
-5.0,b0048,,1,425,0.491467123922894,0.0,0.491467123922894,1,2176.128574260017
-5.0,b1606,,2,425,0.491467123922894,0.0,0.491467123922894,1,2176.1285742600335
-5.0,b2315,,1,425,0.491467123922894,0.0,0.491467123922894,1,2176.1285742600335
-5.0,b3930,,1,29,0.491467123922894,0.49146712392292896,-3.497202527569243e-14,0,9.412939765697137
-5.0,b2262,,1,29,0.491467123922894,0.491467123922925,-3.1030733538273125e-14,0,9.412939765697372
-5.0,b0736,,1,29,0.491467123922894,0.491467123922925,-3.1030733538273125e-14,0,9.412939765697372
-5.0,b3058,,2,425,0.491467123922894,2.617056368117396e-16,0.4914671239228937,1,2176.1285742600303
-5.0,b0945,,2,29,0.491467123922894,0.49146712392292635,-3.236300116782331e-14,0,9.412939765697303
-5.0,b1062,,1,425,0.491467123922894,-2.5671113679751663e-16,0.49146712392289427,1,2176.128574260046
-5.0,b3177,,1,425,0.491467123922894,0.0,0.491467123922894,1,2176.1285742600426
-5.0,b0578,,2,29,0.491467123922894,0.4914671239229243,-3.0309088572266774e-14,0,9.412939765697395
-5.0,b2303,,1,29,0.491467123922894,0.491467123922925,-3.1030733538273125e-14,0,9.412939765697333
-5.0,b3389,,1,425,0.491467123922894,9.63261918781785e-16,0.49146712392289305,1,2176.128574260037
-5.0,b1693,,1,425,0.491467123922894,0.0,0.491467123922894,1,2176.1285742600207
-5.0,b0421,,2,425,0.491467123922894,0.0,0.491467123922894,1,2176.128574260033
-5.0,b0029,,2,425,0.491467123922894,0.0,0.491467123922894,1,2176.1285742600253
-5.0,b2232,,2,32,0.491467123922894,0.49146712392292946,-3.547162563677375e-14,0,9.41294299483553
-5.0,b1588,,3,32,0.491467123922894,0.49146712392292385,-2.986499936241671e-14,0,9.412942994835838
-5.0,b0895,,4,32,0.491467123922894,0.49146712392292385,-2.986499936241671e-14,0,9.412942994835838
-5.0,b1587,,3,32,0.491467123922894,0.49146712392292385,-2.986499936241671e-14,0,9.412942994835838
-5.0,b0894,,4,32,0.491467123922894,0.49146712392292385,-2.986499936241671e-14,0,9.412942994835838
-5.0,b1590,,3,32,0.491467123922894,0.49146712392292385,-2.986499936241671e-14,0,9.412942994835838
-5.0,b0896,,4,32,0.491467123922894,0.49146712392292385,-2.986499936241671e-14,0,9.412942994835838
-5.0,b1589,,3,32,0.491467123922894,0.49146712392292385,-2.986499936241671e-14,0,9.412942994835838
-5.0,b1872,,4,32,0.491467123922894,0.49146712392292385,-2.986499936241671e-14,0,9.412942994835838
-5.0,b1873,,4,32,0.491467123922894,0.49146712392292385,-2.986499936241671e-14,0,9.412942994835838
-5.0,b0099,,3,425,0.491467123922894,-2.8960820123538237e-16,0.49146712392289427,1,2176.1285742600344
-5.0,b1865,,2,425,0.491467123922894,0.0,0.491467123922894,1,2176.128574260029
-5.0,b3575,,1,32,0.491467123922894,0.49146712392292213,-2.8144153674247718e-14,0,9.412942994835964
-5.0,b0103,,1,425,0.491467123922894,-3.7409194095953966e-13,0.4914671239232681,1,2176.1285742617215
-5.0,b3774,,3,425,0.491467123922894,-5.568738680883098e-16,0.49146712392289454,1,2176.1285742600276
-5.0,b0425,,1,425,0.491467123922894,-5.568738680910079e-16,0.49146712392289454,1,2176.1285742600353
-5.0,b4381,,1,32,0.491467123922894,0.49146712392068653,2.2074564398621987e-12,0,9.41294299496451
-5.0,b1185,,2,32,0.491467123922894,0.49146712392292385,-2.986499936241671e-14,0,9.412942994835838
-5.0,b3860,,2,32,0.491467123922894,0.49146712392292385,-2.986499936241671e-14,0,9.412942994835838
-5.0,b2893,,2,32,0.491467123922894,0.49146712392292385,-2.986499936241671e-14,0,9.412942994835838
-5.0,b2582,,10,27,0.491467123922894,0.49146712392292385,-2.986499936241671e-14,0,9.338741289013482
-5.0,b4136,,3,27,0.491467123922894,0.4914671239229238,-2.980948821118545e-14,0,9.338741289013528
-5.0,b3781,,10,27,0.491467123922894,0.4914671239229238,-2.980948821118545e-14,0,9.338741289013528
-5.0,b0604,,2,27,0.491467123922894,0.4914671239229238,-2.980948821118545e-14,0,9.338741289013528
-5.0,b4122,,2,426,0.491467123922894,0.48585244933630195,0.005614674586592039,0,16.91742723909996
-5.0,b1098,,1,425,0.491467123922894,-1.8033497043294245e-16,0.49146712392289416,1,2176.1285742600166
-5.0,b2146,,1,28,0.491467123922894,0.4914671239229261,-3.2085445411667024e-14,0,9.259449574667698
-5.0,b2147,,1,28,0.491467123922894,0.4914671239229245,-3.0531133177191805e-14,0,9.259449574667599
-5.0,b1238,,2,28,0.491467123922894,0.4914671239229245,-3.0531133177191805e-14,0,9.259449574667599
-5.0,b4384,,7,32,0.491467123922894,0.4914671239229245,-3.0531133177191805e-14,0,9.261157048954782
-5.0,b4382,,2,32,0.491467123922894,0.4914671239229289,-3.4916514124461173e-14,0,9.261157048954598
-5.0,b2251,,3,316,0.491467123922894,0.4913246593940619,0.00014246452883209804,0,9.326796903953243
-5.0,b3640,,1,316,0.491467123922894,0.491324659394066,0.0001424645288279902,0,9.326796903953037
-5.0,b0173,,1,425,0.491467123922894,1.7469379484023448e-16,0.4914671239228938,1,2176.1285742600317
-5.0,b0420,,1,425,0.491467123922894,0.0,0.491467123922894,1,2176.128574260019
-5.0,b3564,,2,32,0.491467123922894,0.49146712392293,-3.602673714908633e-14,0,9.261157048954555
-5.0,b1779,,2,439,0.491467123922894,-8.579590820435814e-32,0.491467123922894,1,5958.349167218394
-5.0,b2927,,1,439,0.491467123922894,0.0,0.491467123922894,1,5958.3491672183945
-5.0,b1288,,26,439,0.491467123922894,0.0,0.491467123922894,1,5958.3491672183945
-5.0,b3622,,2,31,0.491467123922894,0.4914671239229345,-4.0523140398818214e-14,0,8.737313905772352
-5.0,b3793,,3,31,0.491467123922894,0.49146712392290937,-1.5376588891058418e-14,0,8.737313905773885
-5.0,b3785,,3,31,0.491467123922894,0.49146712392290937,-1.5376588891058418e-14,0,8.737313905773885
-5.0,b3792,,1,31,0.491467123922894,0.49146712392290937,-1.5376588891058418e-14,0,8.737313905773885
-5.0,b2341,,16,467,0.491467123922894,0.4749034579472707,0.01656366597562331,0,15.472774415743935
-5.0,b1850,,2,31,0.491467123922894,0.4914671239228888,5.162537064506978e-15,0,8.737313905774883
-5.0,b1851,,1,31,0.491467123922894,0.4914671239229143,-2.0317081350640365e-14,0,8.737313905773615
-5.0,b1054,,1,31,0.491467123922894,0.4914671239229143,-2.0317081350640365e-14,0,8.737313905773615
-5.0,b1855,,2,31,0.491467123922894,0.4914671239229143,-2.0317081350640365e-14,0,8.737313905773615
-5.0,b2378,,1,31,0.491467123922894,0.4914671239229143,-2.0317081350640365e-14,0,8.737313905773615
-5.0,b2779,,1,456,0.491467123922894,0.2519583359455763,0.23950878797731767,0,2944.396761693001
-5.0,b0583,,1,33,0.491467123922894,0.49146712392293185,-3.785860513971784e-14,0,466.73981484265335
-5.0,b0585,,2,33,0.491467123922894,0.49146712392293185,-3.785860513971784e-14,0,466.7398148426534
-5.0,b2441,,1,33,0.491467123922894,0.49146712392293185,-3.785860513971784e-14,0,466.7398148426534
-5.0,b2440,,1,33,0.491467123922894,0.49146712392293185,-3.785860513971784e-14,0,466.7398148426534
-5.0,b3946,,1,33,0.491467123922894,0.49146712392293185,-3.785860513971784e-14,0,466.7398148426534
-5.0,b0825,,1,33,0.491467123922894,0.49146712392293185,-3.785860513971784e-14,0,466.7398148426534
-5.0,b0822,,5,33,0.491467123922894,0.49146712392293185,-3.785860513971784e-14,0,466.7398148426534
-5.0,b3666,,4,33,0.491467123922894,0.49146712392293185,-3.785860513971784e-14,0,466.7398148426534
-5.0,b0404,,7,33,0.491467123922894,0.49146712392293185,-3.785860513971784e-14,0,466.7398148426534
-5.0,b0452,,10,468,0.491467123922894,0.47490345794729355,0.01656366597560044,0,474.24002772763373
-5.0,b1805,,10,33,0.491467123922894,0.4914671239229238,-2.980948821118545e-14,0,466.73981484265295
-5.0,b1701,,10,33,0.491467123922894,0.491467123922927,-3.302913498259841e-14,0,466.7398148426531
-5.0,b3844,,6,422,0.491467123922894,0.48558593334996886,0.005881190572925132,0,473.81247256205984
-5.0,b2764,,4,428,0.491467123922894,1.947044771078359e-15,0.49146712392289205,1,2509.3063021579314
-5.0,b2763,,4,428,0.491467123922894,-4.845400295523562e-15,0.4914671239228988,1,2509.306302157958
-5.0,b2925,,2,432,0.491467123922894,0.4821319234435771,0.009335200479316907,0,470.71514595048683
-5.0,b1773,,1,32,0.491467123922894,0.49146712392293157,-3.758104938356155e-14,0,340.25469788990205
-5.0,b2097,,1,32,0.491467123922894,0.4914671239229285,-3.452793606584237e-14,0,340.2546978899023
-5.0,b3925,,1,32,0.491467123922894,0.4914671239229285,-3.452793606584237e-14,0,340.2546978899023
-5.0,b2930,,1,32,0.491467123922894,0.4914671239229285,-3.452793606584237e-14,0,340.2546978899023
-5.0,b4232,,1,32,0.491467123922894,0.4914671239229285,-3.452793606584237e-14,0,340.2546978899023
-5.0,b2802,,1,32,0.491467123922894,0.4914671239229285,-3.452793606584237e-14,0,340.2546978899023
-5.0,b2803,,1,32,0.491467123922894,0.4914671239229285,-3.452793606584237e-14,0,340.2546978899023
-5.0,b2738,,1,32,0.491467123922894,0.4914671239229285,-3.452793606584237e-14,0,340.2546978899023
-5.0,b2800,,1,32,0.491467123922894,0.4914671239229285,-3.452793606584237e-14,0,340.2546978899023
-5.0,b0475,,1,429,0.491467123922894,3.549991228908918e-16,0.49146712392289366,1,2546.4209721484376
-5.0,b1476,,2,32,0.491467123922894,0.4914671239229285,-3.452793606584237e-14,0,340.2546978899022
-5.0,b1474,,2,32,0.491467123922894,0.4914671239229285,-3.452793606584237e-14,0,340.2546978899023
-5.0,b1475,,2,32,0.491467123922894,0.4914671239229285,-3.452793606584237e-14,0,340.2546978899023
-5.0,b3892,,2,32,0.491467123922894,0.4914671239229285,-3.452793606584237e-14,0,340.2546978899023
-5.0,b3893,,2,32,0.491467123922894,0.4914671239229285,-3.452793606584237e-14,0,340.2546978899023
-5.0,b3894,,2,32,0.491467123922894,0.4914671239229285,-3.452793606584237e-14,0,340.2546978899023
-5.0,b0935,,5,32,0.491467123922894,0.4914671239229285,-3.452793606584237e-14,0,340.2546978899023
-5.0,b3409,,1,32,0.491467123922894,0.4914671239229285,-3.452793606584237e-14,0,340.2546978899023
-5.0,b2392,,2,32,0.491467123922894,0.4914671239229285,-3.452793606584237e-14,0,340.2546978899023
-5.0,b4290,,1,32,0.491467123922894,0.4914671239229285,-3.452793606584237e-14,0,340.2546978899023
-5.0,b4288,,1,32,0.491467123922894,0.4914671239229285,-3.452793606584237e-14,0,340.2546978899023
-5.0,b4287,,1,32,0.491467123922894,0.4914671239229285,-3.452793606584237e-14,0,340.2546978899023
-5.0,b4289,,1,32,0.491467123922894,0.4914671239229285,-3.452793606584237e-14,0,340.2546978899023
-5.0,b4291,,1,32,0.491467123922894,0.4914671239229285,-3.452793606584237e-14,0,340.2546978899023
-5.0,b0589,,2,32,0.491467123922894,0.4914671239229285,-3.452793606584237e-14,0,340.2546978899023
-5.0,b0588,,2,32,0.491467123922894,0.4914671239229285,-3.452793606584237e-14,0,340.2546978899023
-5.0,b0592,,2,32,0.491467123922894,0.4914671239229285,-3.452793606584237e-14,0,340.2546978899023
-5.0,b0590,,2,32,0.491467123922894,0.4914671239229285,-3.452793606584237e-14,0,340.2546978899023
-5.0,b2155,,1,32,0.491467123922894,0.4914671239229285,-3.452793606584237e-14,0,340.2546978899023
-5.0,b0805,,1,32,0.491467123922894,0.4914671239229285,-3.452793606584237e-14,0,340.2546978899023
-5.0,b0150,,3,32,0.491467123922894,0.4914671239229285,-3.452793606584237e-14,0,340.2546978899023
-5.0,b0584,,1,32,0.491467123922894,0.4914671239229285,-3.452793606584237e-14,0,340.2546978899023
-5.0,b0591,,1,32,0.491467123922894,0.4914671239229285,-3.452793606584237e-14,0,340.2546978899023
-5.0,b4367,,3,32,0.491467123922894,0.4914671239229285,-3.452793606584237e-14,0,340.2546978899023
-5.0,b4209,,1,260,0.491467123922894,0.4914511779030891,1.5946019804868872e-05,0,340.25513242113624
-5.0,b2486,,1,32,0.491467123922894,0.4914671239229183,-2.4313884239290928e-14,0,340.2546978899024
-5.0,b4079,,1,32,0.491467123922894,0.4914671239229285,-3.452793606584237e-14,0,340.2546978899023
-5.0,b2722,,2,32,0.491467123922894,0.4914671239229285,-3.452793606584237e-14,0,340.2546978899023
-5.0,b2483,,1,32,0.491467123922894,0.4914671239229285,-3.452793606584237e-14,0,340.2546978899023
-5.0,b2719,,2,32,0.491467123922894,0.4914671239229285,-3.452793606584237e-14,0,340.2546978899023
-5.0,b2723,,2,32,0.491467123922894,0.4914671239229285,-3.452793606584237e-14,0,340.2546978899023
-5.0,b2721,,2,32,0.491467123922894,0.4914671239229285,-3.452793606584237e-14,0,340.2546978899023
-5.0,b2481,,1,32,0.491467123922894,0.4914671239229285,-3.452793606584237e-14,0,340.2546978899023
-5.0,b2485,,1,32,0.491467123922894,0.4914671239229285,-3.452793606584237e-14,0,340.2546978899023
-5.0,b2484,,1,32,0.491467123922894,0.4914671239229285,-3.452793606584237e-14,0,340.2546978899023
-5.0,b2724,,2,32,0.491467123922894,0.4914671239229285,-3.452793606584237e-14,0,340.2546978899023
-5.0,b2482,,1,32,0.491467123922894,0.4914671239229285,-3.452793606584237e-14,0,340.2546978899023
-5.0,b2489,,1,32,0.491467123922894,0.4914671239229285,-3.452793606584237e-14,0,340.2546978899023
-5.0,b2720,,2,32,0.491467123922894,0.4914671239229285,-3.452793606584237e-14,0,340.2546978899023
-5.0,b2488,,1,32,0.491467123922894,0.4914671239229285,-3.452793606584237e-14,0,340.2546978899023
-5.0,b2490,,1,32,0.491467123922894,0.4914671239229285,-3.452793606584237e-14,0,340.2546978899023
-5.0,b2487,,1,32,0.491467123922894,0.4914671239229285,-3.452793606584237e-14,0,340.2546978899023
-5.0,b3924,,5,324,0.491467123922894,0.49117764811517733,0.0002894758077166548,0,340.2780824325223
-5.0,b0684,,7,429,0.491467123922894,-1.1786008988669675e-15,0.49146712392289515,1,2546.420972148433
-5.0,b2895,,7,429,0.491467123922894,0.0,0.491467123922894,1,2546.4209721484217
-5.0,b3288,,1,32,0.491467123922894,0.4914671239228401,5.390132784555135e-14,0,340.25469788990216
-5.0,b0025,,2,429,0.491467123922894,-5.505748113772982e-16,0.49146712392289454,1,2546.4209721484294
-5.0,b0937,,2,32,0.491467123922894,0.4914671239229277,-3.36952687973735e-14,0,340.2546978899023
-5.0,b2912,,1,32,0.491467123922894,0.4914671239229282,-3.419486915845482e-14,0,340.2546978899023
-5.0,b2374,,1,32,0.491467123922894,0.4914671239229282,-3.419486915845482e-14,0,340.2546978899023
-5.0,b2492,,2,442,0.491467123922894,0.44970237481153014,0.04176474911136385,0,2413.037334085125
-5.0,b0904,,2,442,0.491467123922894,0.4497023748115147,0.041764749111379285,0,2413.0373340851224
-5.0,b4154,,2,36,0.491467123922894,0.49146712392291175,-1.7763568394002505e-14,0,340.25469793794844
-5.0,b4152,,2,36,0.491467123922894,0.4914671239229211,-2.708944180085382e-14,0,340.25469793794827
-5.0,b4153,,2,36,0.491467123922894,0.4914671239229211,-2.708944180085382e-14,0,340.25469793794827
-5.0,b4151,,2,36,0.491467123922894,0.4914671239229211,-2.708944180085382e-14,0,340.25469793794827
-5.0,b2168,,1,36,0.491467123922894,0.4914671239229211,-2.708944180085382e-14,0,340.25469793794827
-5.0,b3371,,1,36,0.491467123922894,0.4914671239229211,-2.708944180085382e-14,0,340.25469793794827
-5.0,b4474,,1,36,0.491467123922894,0.4914671239229211,-2.708944180085382e-14,0,340.25469793794827
-5.0,b3374,,1,36,0.491467123922894,0.4914671239229211,-2.708944180085382e-14,0,340.25469793794827
-5.0,b3370,,2,36,0.491467123922894,0.4914671239229211,-2.708944180085382e-14,0,340.25469793794827
-5.0,b4321,,2,36,0.491467123922894,0.4914671239229211,-2.708944180085382e-14,0,340.25469793794827
-5.0,b2169,,1,36,0.491467123922894,0.4914671239229211,-2.708944180085382e-14,0,340.25469793794827
-5.0,b2167,,1,36,0.491467123922894,0.4914671239229211,-2.708944180085382e-14,0,340.25469793794827
-5.0,b1232,,1,36,0.491467123922894,0.4914671239229211,-2.708944180085382e-14,0,340.25469793794827
-5.0,b2801,,1,36,0.491467123922894,0.4914671239229211,-2.708944180085382e-14,0,340.25469793794827
-5.0,b1611,,1,429,0.491467123922894,0.4858524493373972,0.005614674585496804,0,346.9812550462029
-5.0,b1612,,1,429,0.491467123922894,0.48585244933617516,0.005614674586718826,0,346.98125504631446
-5.0,b0621,,4,33,0.491467123922894,0.49146712392291914,-2.5146551507759796e-14,0,340.1754061755565
-5.0,b3730,,2,445,0.491467123922894,2.3620552085611915e-16,0.49146712392289377,1,2246.3775744382783
-5.0,b1002,,2,37,0.491467123922894,0.49146712392291986,-2.5868196473766147e-14,0,340.17711364984376
-5.0,b3789,,1,37,0.491467123922894,0.4914671239229199,-2.5923707624997405e-14,0,340.1771136498437
-5.0,b2039,,1,37,0.491467123922894,0.4914671239229199,-2.5923707624997405e-14,0,340.1771136498437
-5.0,b0154,,1,435,0.491467123922894,1.538490017911087e-15,0.49146712392289243,1,2664.097896829893
-5.0,b2533,,2,37,0.491467123922894,0.49146712392292347,-2.9476421303797906e-14,0,340.17711364984353
-5.0,b4055,,17,37,0.491467123922894,0.49146712392291686,-2.2870594307278225e-14,0,340.17711364984376
-5.0,b4041,,7,31,0.491467123922894,0.49146712392291686,-2.2870594307278225e-14,0,340.17006355395046
-5.0,b3451,,7,31,0.491467123922894,0.4914671239229165,-2.2537527399890678e-14,0,340.17006355395023
-5.0,b3452,,7,31,0.491467123922894,0.4914671239229165,-2.2537527399890678e-14,0,340.17006355395023
-5.0,b3453,,7,31,0.491467123922894,0.4914671239229165,-2.2537527399890678e-14,0,340.17006355395023
-5.0,b3450,,7,31,0.491467123922894,0.4914671239229165,-2.2537527399890678e-14,0,340.17006355395023
-5.0,b3608,,1,429,0.491467123922894,4.0802896297654617e-16,0.4914671239228936,1,2546.4209721484103
-5.0,b2242,,3,31,0.491467123922894,0.49146712392292424,-3.0253577421035516e-14,0,340.1700635539501
-5.0,b2241,,3,31,0.491467123922894,0.49146712392292197,-2.7977620220553945e-14,0,340.17006355395034
-5.0,b2243,,3,31,0.491467123922894,0.49146712392292197,-2.7977620220553945e-14,0,340.17006355395034
-5.0,b3426,,1,31,0.491467123922894,0.49146712392292197,-2.7977620220553945e-14,0,340.17006355395034
-5.0,b0243,,1,336,0.491467123922894,0.4902661513207856,0.0012009726021083855,0,340.2951332361484
-5.0,b0678,,1,31,0.491467123922894,0.4914671239229343,-4.030109579389318e-14,0,340.1700635539501
-5.0,b1852,,1,31,0.491467123922894,0.49146712392292197,-2.7977620220553945e-14,0,340.17006355395034
-5.0,b3128,,1,31,0.491467123922894,0.49146712392292197,-2.7977620220553945e-14,0,340.17006355395034
-5.0,b4358,,1,31,0.491467123922894,0.49146712392292197,-2.7977620220553945e-14,0,340.17006355395034
-5.0,b4478,,1,31,0.491467123922894,0.49146712392292197,-2.7977620220553945e-14,0,340.17006355395034
-5.0,b4356,,1,31,0.491467123922894,0.49146712392292197,-2.7977620220553945e-14,0,340.17006355395034
-5.0,b3691,,1,31,0.491467123922894,0.49146712392292197,-2.7977620220553945e-14,0,340.17006355395034
-5.0,b3127,,3,31,0.491467123922894,0.49146712392292197,-2.7977620220553945e-14,0,340.17006355395034
-5.0,b2789,,3,31,0.491467123922894,0.49146712392292197,-2.7977620220553945e-14,0,340.17006355395034
-5.0,b0757,,1,31,0.491467123922894,0.49146712392292197,-2.7977620220553945e-14,0,340.17006355395034
-5.0,b2045,,1,31,0.491467123922894,0.49146712392292197,-2.7977620220553945e-14,0,340.17006355395034
-5.0,b0756,,1,31,0.491467123922894,0.49146712392292197,-2.7977620220553945e-14,0,340.17006355395034
-5.0,b4119,,1,31,0.491467123922894,0.49146712392292197,-2.7977620220553945e-14,0,340.17006355395034
-5.0,b3628,,1,31,0.491467123922894,0.49146712392292197,-2.7977620220553945e-14,0,340.17006355395034
-5.0,b2093,,1,31,0.491467123922894,0.49146712392292197,-2.7977620220553945e-14,0,340.17006355395034
-5.0,b2092,,1,31,0.491467123922894,0.49146712392292197,-2.7977620220553945e-14,0,340.17006355395034
-5.0,b2094,,1,31,0.491467123922894,0.49146712392292197,-2.7977620220553945e-14,0,340.17006355395034
-5.0,b3093,,2,31,0.491467123922894,0.49146712392292197,-2.7977620220553945e-14,0,340.17006355395034
-5.0,b1236,,1,31,0.491467123922894,0.49146712392292197,-2.7977620220553945e-14,0,340.17006355395034
-5.0,b4230,,2,31,0.491467123922894,0.49146712392292197,-2.7977620220553945e-14,0,340.17006355395034
-5.0,b2148,,2,31,0.491467123922894,0.49146712392292197,-2.7977620220553945e-14,0,340.17006355395034
-5.0,b2149,,2,31,0.491467123922894,0.49146712392292197,-2.7977620220553945e-14,0,340.17006355395034
-5.0,b2150,,2,31,0.491467123922894,0.49146712392292197,-2.7977620220553945e-14,0,340.17006355395034
-5.0,b4231,,2,31,0.491467123922894,0.49146712392292197,-2.7977620220553945e-14,0,340.17006355395034
-5.0,b4485,,2,31,0.491467123922894,0.49146712392292197,-2.7977620220553945e-14,0,340.17006355395034
-5.0,b4227,,2,31,0.491467123922894,0.49146712392292197,-2.7977620220553945e-14,0,340.17006355395034
-5.0,b2943,,2,31,0.491467123922894,0.49146712392292197,-2.7977620220553945e-14,0,340.17006355395034
-5.0,b2500,,1,365,0.491467123922894,0.48964086794183215,0.0018262559810618417,0,340.31206153425006
-5.0,b1415,,2,429,0.491467123922894,-2.8112804196568e-15,0.4914671239228968,1,2546.420972148421
-5.0,b2052,,2,27,0.491467123922894,0.49146712392292835,-3.4361402612148595e-14,0,340.16835607966294
-5.0,b2784,,2,27,0.491467123922894,0.49146712392291386,-1.9872992140790302e-14,0,340.16835607966334
-5.0,b3650,,3,27,0.491467123922894,0.49146712392291386,-1.9872992140790302e-14,0,340.16835607966334
-5.0,b2051,,1,27,0.491467123922894,0.49146712392291386,-1.9872992140790302e-14,0,340.16835607966334
-5.0,b2467,,1,27,0.491467123922894,0.49146712392291386,-1.9872992140790302e-14,0,340.16835607966334
-5.0,b3729,,1,449,0.491467123922894,-8.1605917577183e-16,0.4914671239228948,1,2380.6556623546276
-5.0,b1298,,1,31,0.491467123922894,0.4914671239229216,-2.758904216193514e-14,0,340.17006355395034
-5.0,b1301,,1,31,0.491467123922894,0.491467123922913,-1.8984813721090177e-14,0,340.1700635539504
-5.0,b1297,,2,435,0.491467123922894,2.459800084621171e-14,0.4914671239228694,1,2491.0300773913805
-5.0,b3882,,1,30,0.491467123922894,0.4914671239229306,-3.6637359812630166e-14,0,340.2476478420545
-5.0,b3432,,1,30,0.491467123922894,0.49146712392292646,-3.247402347028583e-14,0,340.247647842055
-5.0,b0459,,2,30,0.491467123922894,0.49146712392292646,-3.247402347028583e-14,0,340.247647842055
-5.0,b0124,,1,30,0.491467123922894,0.49146712392292646,-3.247402347028583e-14,0,340.247647842055
-5.0,b0837,,1,30,0.491467123922894,0.49146712392292646,-3.247402347028583e-14,0,340.247647842055
-5.0,b4476,,1,30,0.491467123922894,0.49146712392292646,-3.247402347028583e-14,0,340.247647842055
-5.0,b3415,,1,30,0.491467123922894,0.49146712392292646,-3.247402347028583e-14,0,340.247647842055
-5.0,b3417,,5,30,0.491467123922894,0.49146712392292646,-3.247402347028583e-14,0,340.247647842055
-5.0,b3428,,2,30,0.491467123922894,0.49146712392292646,-3.247402347028583e-14,0,340.247647842055
-5.0,b3126,,1,30,0.491467123922894,0.49146712392292646,-3.247402347028583e-14,0,340.247647842055
-5.0,b2787,,1,30,0.491467123922894,0.49146712392292646,-3.247402347028583e-14,0,340.247647842055
-5.0,b2788,,1,30,0.491467123922894,0.49146712392292646,-3.247402347028583e-14,0,340.247647842055
-5.0,b3429,,1,30,0.491467123922894,0.49146712392292646,-3.247402347028583e-14,0,340.247647842055
-5.0,b3631,,1,30,0.491467123922894,0.49146712392292646,-3.247402347028583e-14,0,340.247647842055
-5.0,b3627,,1,30,0.491467123922894,0.49146712392292646,-3.247402347028583e-14,0,340.247647842055
-5.0,b3626,,1,30,0.491467123922894,0.49146712392292646,-3.247402347028583e-14,0,340.247647842055
-5.0,b1621,,2,432,0.491467123922894,0.4637632274221976,0.02770389650069638,0,885.2934040321231
-5.0,b3431,,1,27,0.491467123922894,0.4914671239229179,-2.3925306180672123e-14,0,196.9322859470465
-5.0,b3430,,1,27,0.491467123922894,0.4914671239229281,-3.4083846855992306e-14,0,196.9322859470482
-5.0,b3870,,1,434,0.491467123922894,9.633440320088482e-15,0.49146712392288433,1,2353.877158596016
-5.0,b0680,,1,27,0.491467123922894,0.49146712392292774,-3.375077994860476e-14,0,196.9322859470474
-5.0,b0809,,1,27,0.491467123922894,0.4914671239229186,-2.4591439995447217e-14,0,196.93228594704695
-5.0,b0810,,1,27,0.491467123922894,0.4914671239229186,-2.4591439995447217e-14,0,196.93228594704695
-5.0,b0811,,1,27,0.491467123922894,0.4914671239229186,-2.4591439995447217e-14,0,196.93228594704695
-5.0,b2091,,1,27,0.491467123922894,0.4914671239229186,-2.4591439995447217e-14,0,196.93228594704695
-5.0,b0242,,1,333,0.491467123922894,0.4902661513207811,0.001200972602112882,0,197.43770540146875
-5.0,b1492,,1,27,0.491467123922894,0.49146712392293707,-4.3076653355456074e-14,0,196.93228594704985
-5.0,b2688,,1,27,0.491467123922894,0.4914671239229186,-2.4591439995447217e-14,0,196.93228594704695
-5.0,b1493,,1,27,0.491467123922894,0.4914671239229186,-2.4591439995447217e-14,0,196.93228594704695
-5.0,b3517,,1,27,0.491467123922894,0.4914671239229186,-2.4591439995447217e-14,0,196.93228594704695
-5.0,b1761,,1,432,0.491467123922894,0.4491725247660193,0.04229459915687467,0,267.31756262052886
-5.0,b1524,,1,27,0.491467123922894,0.49146712392292524,-3.1252778143198157e-14,0,196.93228594704723
-5.0,b0485,,1,27,0.491467123922894,0.49146712392291236,-1.837419105754634e-14,0,196.93228594704615
-5.0,b2312,,1,427,0.491467123922894,-1.1873354320322134e-13,0.4914671239230127,1,2516.1290018306017
-5.0,b3967,,1,427,0.491467123922894,0.0,0.491467123922894,1,2516.129001830086
-5.0,b3213,,1,27,0.491467123922894,0.49146712392292674,-3.275157922644212e-14,0,196.93228594704826
-5.0,b3212,,1,27,0.491467123922894,0.49146712392291236,-1.837419105754634e-14,0,196.93228594704615
-5.0,b1210,,1,427,0.491467123922894,0.0,0.491467123922894,1,2516.1290018300956
-5.0,b2400,,1,427,0.491467123922894,0.0,0.491467123922894,1,2516.1290018300956
-5.0,b3653,,1,27,0.491467123922894,0.4914671239229244,-3.042011087472929e-14,0,196.9322859470477
-5.0,b0507,,1,27,0.491467123922894,0.49146712392291236,-1.837419105754634e-14,0,196.93228594704615
-5.0,b3927,,3,27,0.491467123922894,0.49146712392291236,-1.837419105754634e-14,0,196.93228594704615
-5.0,b3617,,1,27,0.491467123922894,0.49146712392291236,-1.837419105754634e-14,0,196.93228594704615
-5.0,b2240,,1,27,0.491467123922894,0.49146712392291236,-1.837419105754634e-14,0,196.93228594704615
-5.0,b0514,,1,27,0.491467123922894,0.49146712392291236,-1.837419105754634e-14,0,196.93228594704615
-5.0,b3124,,1,27,0.491467123922894,0.49146712392291236,-1.837419105754634e-14,0,196.93228594704615
-5.0,b2904,,1,27,0.491467123922894,0.49146712392291236,-1.837419105754634e-14,0,196.93228594704615
-5.0,b2903,,1,27,0.491467123922894,0.49146712392291236,-1.837419105754634e-14,0,196.93228594704615
-5.0,b2905,,1,27,0.491467123922894,0.49146712392291236,-1.837419105754634e-14,0,196.93228594704615
-5.0,b1033,,4,27,0.491467123922894,0.49146712392291236,-1.837419105754634e-14,0,196.93228594704615
-5.0,b4468,,3,27,0.491467123922894,0.49146712392291236,-1.837419105754634e-14,0,196.93228594704615
-5.0,b4467,,3,27,0.491467123922894,0.49146712392291236,-1.837419105754634e-14,0,196.93228594704615
-5.0,b2979,,3,27,0.491467123922894,0.49146712392291236,-1.837419105754634e-14,0,196.93228594704615
-5.0,b3926,,1,27,0.491467123922894,0.49146712392291236,-1.837419105754634e-14,0,196.93228594704615
-5.0,b0212,,1,27,0.491467123922894,0.49146712392291236,-1.837419105754634e-14,0,196.93228594704615
-5.0,b3559,,1,27,0.491467123922894,0.49146712392291236,-1.837419105754634e-14,0,196.93228594704615
-5.0,b3560,,1,27,0.491467123922894,0.49146712392291236,-1.837419105754634e-14,0,196.93228594704615
-5.0,b2053,,1,27,0.491467123922894,0.49146712392291236,-1.837419105754634e-14,0,196.93228594704615
-5.0,b3052,,2,27,0.491467123922894,0.49146712392291236,-1.837419105754634e-14,0,196.93228594704615
-5.0,b0200,,1,27,0.491467123922894,0.49146712392291236,-1.837419105754634e-14,0,196.93228594704615
-5.0,b0104,,1,27,0.491467123922894,0.49146712392291236,-1.837419105754634e-14,0,196.93228594704615
-5.0,b2507,,1,427,0.491467123922894,-2.748461648222716e-16,0.49146712392289427,1,2516.1290018300638
-5.0,b2029,,1,27,0.491467123922894,0.4914671239229276,-3.3584246494910985e-14,0,196.9322859470481
-5.0,b3437,,1,27,0.491467123922894,0.49146712392291236,-1.837419105754634e-14,0,196.93228594704615
-5.0,b4268,,1,27,0.491467123922894,0.49146712392291236,-1.837419105754634e-14,0,196.93228594704615
-5.0,b3449,,5,27,0.491467123922894,0.49146712392291236,-1.837419105754634e-14,0,196.93228594704615
-5.0,b2239,,5,27,0.491467123922894,0.49146712392291236,-1.837419105754634e-14,0,196.93228594704615
-5.0,b1654,,6,32,0.491467123922894,0.49146712392291236,-1.837419105754634e-14,0,197.00648765286851
-5.0,b3610,,6,32,0.491467123922894,0.49146712392293096,-3.697042672001771e-14,0,197.00648765287056
-5.0,b0849,,6,32,0.491467123922894,0.49146712392293096,-3.697042672001771e-14,0,197.00648765287056
-5.0,b0477,,2,32,0.491467123922894,0.49146712392293096,-3.697042672001771e-14,0,197.00648765287056
-5.0,b2988,,2,32,0.491467123922894,0.49146712392293096,-3.697042672001771e-14,0,197.00648765287056
-5.0,b3500,,1,32,0.491467123922894,0.49146712392293096,-3.697042672001771e-14,0,197.00648765287056
-5.0,b1710,,2,32,0.491467123922894,0.49146712392293096,-3.697042672001771e-14,0,197.00648765287056
-5.0,b3447,,1,32,0.491467123922894,0.49146712392293096,-3.697042672001771e-14,0,197.00648765287056
-5.0,b0832,,1,32,0.491467123922894,0.49146712392293096,-3.697042672001771e-14,0,197.00648765287056
-5.0,b0829,,1,32,0.491467123922894,0.49146712392293096,-3.697042672001771e-14,0,197.00648765287056
-5.0,b0831,,1,32,0.491467123922894,0.49146712392293096,-3.697042672001771e-14,0,197.00648765287056
-5.0,b0830,,1,32,0.491467123922894,0.49146712392293096,-3.697042672001771e-14,0,197.00648765287056
-5.0,b2947,,1,32,0.491467123922894,0.49146712392293096,-3.697042672001771e-14,0,197.00648765287056
-5.0,b2153,,1,427,0.491467123922894,-8.160581591477685e-16,0.4914671239228948,1,2516.1290018301124
-5.0,b1277,,1,427,0.491467123922894,0.0,0.491467123922894,1,2516.1290018300942
-5.0,b3779,,1,32,0.491467123922894,0.4914671239229246,-3.058664432842306e-14,0,197.0064876528697
-5.0,b2883,,1,32,0.491467123922894,0.491467123922924,-3.0031532816110484e-14,0,197.00648765286988
-5.0,b0125,,2,32,0.491467123922894,0.491467123922924,-3.0031532816110484e-14,0,197.00648765286988
-5.0,b0238,,3,32,0.491467123922894,0.491467123922924,-3.0031532816110484e-14,0,197.00648765286988
-5.0,b3092,,2,32,0.491467123922894,0.491467123922924,-3.0031532816110484e-14,0,197.00648765286988
-5.0,b1319,,1,451,0.491467123922894,0.3265515330413736,0.1649155908815204,0,3169.5174219929745
-5.0,b3875,,1,451,0.491467123922894,0.3265515330413708,0.1649155908815232,0,3169.5174219930045
-5.0,b0957,,1,451,0.491467123922894,0.3265515330413708,0.1649155908815232,0,3169.5174219930045
-5.0,b0875,,1,454,0.491467123922894,0.32656473376137846,0.16490239016151553,0,3168.820570763151
-5.0,b1395,,1,29,0.491467123922894,0.49146712392293107,-3.708144902248023e-14,0,196.80687082493787
-5.0,b4040,,1,427,0.491467123922894,5.07198040612695e-16,0.4914671239228935,1,2516.129001830094
-5.0,b0353,,2,29,0.491467123922894,0.49146712392292896,-3.497202527569243e-14,0,196.80687082493736
-5.0,b0339,,1,437,0.491467123922894,-5.107405517458738e-14,0.49146712392294506,1,2292.3119689769114
-5.0,b0126,,1,437,0.491467123922894,-5.5028298593196615e-14,0.491467123922949,1,2292.311968976921
-5.0,b0261,,2,29,0.491467123922894,0.4914671239229207,-2.6700863742235015e-14,0,196.8068708249373
-5.0,b0428,,1,29,0.491467123922894,0.49146712392292946,-3.547162563677375e-14,0,196.80687082493822
-5.0,b3630,,1,29,0.491467123922894,0.49146712392292946,-3.547162563677375e-14,0,196.80687082493822
-5.0,b3625,,1,29,0.491467123922894,0.49146712392292946,-3.547162563677375e-14,0,196.80687082493822
-5.0,b3621,,1,29,0.491467123922894,0.49146712392292946,-3.547162563677375e-14,0,196.80687082493822
-5.0,b3620,,1,29,0.491467123922894,0.49146712392292946,-3.547162563677375e-14,0,196.80687082493822
-5.0,b3632,,1,29,0.491467123922894,0.49146712392292946,-3.547162563677375e-14,0,196.80687082493822
-5.0,b3623,,1,29,0.491467123922894,0.49146712392292946,-3.547162563677375e-14,0,196.80687082493822
-5.0,b2104,,1,29,0.491467123922894,0.49146712392292946,-3.547162563677375e-14,0,196.80687082493822
-5.0,b2388,,1,29,0.491467123922894,0.49146712392292946,-3.547162563677375e-14,0,196.80687082493822
-5.0,b0394,,1,29,0.491467123922894,0.49146712392292946,-3.547162563677375e-14,0,196.80687082493822
-5.0,b2020,,1,427,0.491467123922894,-5.45539497161845e-31,0.491467123922894,1,2516.129001830104
-5.0,b2022,,2,427,0.491467123922894,0.0,0.491467123922894,1,2516.129001830092
-5.0,b2514,,1,29,0.491467123922894,0.49146712392292985,-3.5860203695392556e-14,0,196.80687082493793
-5.0,b2309,,1,29,0.491467123922894,0.49146712392292946,-3.547162563677375e-14,0,196.80687082493822
-5.0,b0112,,4,29,0.491467123922894,0.49146712392292946,-3.547162563677375e-14,0,196.80687082493822
-5.0,b0349,,2,29,0.491467123922894,0.49146712392292946,-3.547162563677375e-14,0,196.80687082493822
-5.0,b3805,,1,427,0.491467123922894,8.288434598787955e-22,0.491467123922894,1,2516.1290018301033
-5.0,b2418,,4,29,0.491467123922894,0.4914671239229262,-3.219646771412954e-14,0,196.8068708249372
-5.0,b2103,,2,427,0.491467123922894,-1.6000542326277914e-16,0.49146712392289416,1,2516.129001830105
-5.0,b0813,,2,29,0.491467123922894,0.49146712392293285,-3.885780586188048e-14,0,196.80687082493816
-5.0,b3824,,1,29,0.491467123922894,0.49146712392292946,-3.547162563677375e-14,0,196.80687082493822
-5.0,b0352,,1,29,0.491467123922894,0.49146712392292946,-3.547162563677375e-14,0,196.80687082493822
-5.0,b0142,,1,427,0.491467123922894,3.5373505629752384e-22,0.491467123922894,1,2516.129001830104
-5.0,b0508,,1,29,0.491467123922894,0.4914671239229268,-3.2807090377673376e-14,0,196.80687082493736
-5.0,b0003,,1,427,0.491467123922894,1.6000556758149312e-16,0.4914671239228938,1,2516.129001830103
-5.0,b4013,,1,427,0.491467123922894,0.0,0.491467123922894,1,2516.1290018300992
-5.0,b2021,,1,427,0.491467123922894,-6.891966758317044e-16,0.49146712392289466,1,2516.1290018301047
-5.0,b2867,,2,29,0.491467123922894,0.49146712392292863,-3.4638958368304884e-14,0,196.80687082493725
-5.0,b2866,,2,29,0.491467123922894,0.49146712392292946,-3.547162563677375e-14,0,196.80687082493822
-5.0,b2868,,2,29,0.491467123922894,0.49146712392292946,-3.547162563677375e-14,0,196.80687082493822
-5.0,b2994,,3,29,0.491467123922894,0.49146712392292946,-3.547162563677375e-14,0,196.80687082493822
-5.0,b0973,,3,29,0.491467123922894,0.49146712392292946,-3.547162563677375e-14,0,196.80687082493822
-5.0,b0974,,3,29,0.491467123922894,0.49146712392292946,-3.547162563677375e-14,0,196.80687082493822
-5.0,b2997,,3,29,0.491467123922894,0.49146712392292946,-3.547162563677375e-14,0,196.80687082493822
-5.0,b2995,,3,29,0.491467123922894,0.49146712392292946,-3.547162563677375e-14,0,196.80687082493822
-5.0,b2996,,3,29,0.491467123922894,0.49146712392292946,-3.547162563677375e-14,0,196.80687082493822
-5.0,b0972,,3,29,0.491467123922894,0.49146712392292946,-3.547162563677375e-14,0,196.80687082493822
-5.0,b2530,,6,427,0.491467123922894,1.6000556758149305e-16,0.4914671239228938,1,2516.129001830105
-5.0,b2529,,6,163,0.491467123922894,0.4914641394115447,2.984511349279906e-06,0,196.80788482626238
-5.0,b3807,,4,427,0.491467123922894,3.6054429775493283e-16,0.49146712392289366,1,2516.1290018300906
-5.0,b2528,,2,163,0.491467123922894,0.49146413941154093,2.984511353054664e-06,0,196.8078848262626
-5.0,b1136,,1,427,0.491467123922894,1.372474619366468e-30,0.491467123922894,1,2516.1290018300824
-5.0,b2265,,1,29,0.491467123922894,0.49146712392292746,-3.347322419244847e-14,0,196.80687082493765
-5.0,b0593,,1,29,0.491467123922894,0.49146712392292946,-3.547162563677375e-14,0,196.80687082493822
-5.0,b0595,,1,29,0.491467123922894,0.49146712392292946,-3.547162563677375e-14,0,196.80687082493822
-5.0,b4015,,1,29,0.491467123922894,0.49146712392292946,-3.547162563677375e-14,0,196.80687082493822
-5.0,b4267,,2,29,0.491467123922894,0.49146712392292946,-3.547162563677375e-14,0,196.80687082493822
-5.0,b2023,,1,427,0.491467123922894,-3.200111351629878e-16,0.4914671239228943,1,2516.129001830103
-5.0,b2025,,1,427,0.491467123922894,0.0,0.491467123922894,1,2516.1290018301042
-5.0,b1262,,2,427,0.491467123922894,0.0,0.491467123922894,1,2516.1290018301042
-5.0,b3770,,4,427,0.491467123922894,0.0,0.491467123922894,1,2516.129001830096
-5.0,b0026,,1,29,0.491467123922894,0.49146712392292285,-2.886579864025407e-14,0,196.8068708249365
-5.0,b0401,,3,29,0.491467123922894,0.49146712392292946,-3.547162563677375e-14,0,196.80687082493822
-5.0,b2508,,1,337,0.491467123922894,0.4901433676856467,0.0013237562372472866,0,197.9941466041596
-5.0,b3265,,1,29,0.491467123922894,0.4914671239229267,-3.269606807521086e-14,0,196.80687082493742
-5.0,b3266,,1,29,0.491467123922894,0.49146712392292946,-3.547162563677375e-14,0,196.80687082493822
-5.0,b3161,,2,29,0.491467123922894,0.49146712392292946,-3.547162563677375e-14,0,196.80687082493822
-5.0,b3679,,1,29,0.491467123922894,0.49146712392292946,-3.547162563677375e-14,0,196.80687082493822
-5.0,b2889,,1,26,0.491467123922894,0.49146712392292946,-3.547162563677375e-14,0,196.8068675957998
-5.0,b0073,,1,427,0.491467123922894,-1.6000556758149445e-16,0.49146712392289416,1,2516.1290018301056
-5.0,b0071,,2,427,0.491467123922894,0.0,0.491467123922894,1,2516.1290018300947
-5.0,b0072,,2,427,0.491467123922894,0.0,0.491467123922894,1,2516.1290018300933
-5.0,b0074,,1,427,0.491467123922894,0.0,0.491467123922894,1,2516.1290018300933
-5.0,b0918,,1,437,0.491467123922894,4.438732724871482e-14,0.4914671239228496,1,2292.311968976658
-5.0,b3198,,1,437,0.491467123922894,0.0,0.491467123922894,1,2292.31196897677
-5.0,b1215,,1,437,0.491467123922894,0.0,0.491467123922894,1,2292.31196897677
-5.0,b4196,,1,26,0.491467123922894,0.49146712392292463,-3.064215547965432e-14,0,196.80686759579865
-5.0,b3581,,1,26,0.491467123922894,0.4914671239229219,-2.7922109069322687e-14,0,196.80686759579893
-5.0,b0697,,1,26,0.491467123922894,0.4914671239229219,-2.7922109069322687e-14,0,196.80686759579893
-5.0,b4513,,1,26,0.491467123922894,0.4914671239229219,-2.7922109069322687e-14,0,196.80686759579893
-5.0,b0698,,1,26,0.491467123922894,0.4914671239229219,-2.7922109069322687e-14,0,196.80686759579893
-5.0,b0696,,1,26,0.491467123922894,0.4914671239229219,-2.7922109069322687e-14,0,196.80686759579893
-5.0,b3747,,1,329,0.491467123922894,0.49067111700144905,0.0007960069214449361,0,197.0999024780651
-5.0,b1363,,1,329,0.491467123922894,0.4906711170014437,0.0007960069214502652,0,197.09990247806465
-5.0,b1250,,1,329,0.491467123922894,0.4906711170014437,0.0007960069214502652,0,197.09990247806465
-5.0,b3849,,1,329,0.491467123922894,0.4906711170014437,0.0007960069214502652,0,197.09990247806465
-5.0,b1291,,1,329,0.491467123922894,0.4906711170014437,0.0007960069214502652,0,197.09990247806465
-5.0,b3290,,1,329,0.491467123922894,0.4906711170014437,0.0007960069214502652,0,197.09990247806465
-5.0,b0047,,1,26,0.491467123922894,0.49146712392291647,-2.248201624865942e-14,0,196.80686759579837
-5.0,b0842,,2,26,0.491467123922894,0.4914671239229219,-2.7922109069322687e-14,0,196.80686759579893
-5.0,b3350,,1,26,0.491467123922894,0.4914671239229219,-2.7922109069322687e-14,0,196.80686759579893
-5.0,b3605,,2,26,0.491467123922894,0.4914671239229219,-2.7922109069322687e-14,0,196.80686759579893
-5.0,b0306,,2,26,0.491467123922894,0.4914671239229219,-2.7922109069322687e-14,0,196.80686759579893
-5.0,b0307,,2,26,0.491467123922894,0.4914671239229219,-2.7922109069322687e-14,0,196.80686759579893
-5.0,b0308,,2,26,0.491467123922894,0.4914671239229219,-2.7922109069322687e-14,0,196.80686759579893
-5.0,b2257,,1,26,0.491467123922894,0.4914671239229219,-2.7922109069322687e-14,0,196.80686759579893
-5.0,b0344,,1,26,0.491467123922894,0.4914671239229219,-2.7922109069322687e-14,0,196.80686759579893
-5.0,b2132,,1,26,0.491467123922894,0.4914671239229219,-2.7922109069322687e-14,0,196.80686759579893
-5.0,b1326,,1,26,0.491467123922894,0.4914671239229219,-2.7922109069322687e-14,0,196.80686759579893
-5.0,b4130,,2,26,0.491467123922894,0.4914671239229219,-2.7922109069322687e-14,0,196.80686759579893
-5.0,b3496,,2,26,0.491467123922894,0.4914671239229219,-2.7922109069322687e-14,0,196.80686759579893
-5.0,b0709,,2,26,0.491467123922894,0.4914671239229219,-2.7922109069322687e-14,0,196.80686759579893
-5.0,b1634,,2,26,0.491467123922894,0.4914671239229219,-2.7922109069322687e-14,0,196.80686759579893
-5.0,b2799,,1,26,0.491467123922894,0.4914671239229219,-2.7922109069322687e-14,0,196.80686759579893
-5.0,b2170,,1,26,0.491467123922894,0.4914671239229219,-2.7922109069322687e-14,0,196.80686759579893
-5.0,b0070,,1,26,0.491467123922894,0.4914671239229219,-2.7922109069322687e-14,0,196.80686759579893
-5.0,b0343,,1,26,0.491467123922894,0.4914671239229219,-2.7922109069322687e-14,0,196.80686759579893
-5.0,b1380,,1,26,0.491467123922894,0.4914671239229219,-2.7922109069322687e-14,0,196.80686759579893
-5.0,b2133,,2,26,0.491467123922894,0.4914671239229219,-2.7922109069322687e-14,0,196.80686759579893
-5.0,b4054,,3,433,0.491467123922894,4.800167027444808e-16,0.4914671239228935,1,2641.566318139077
-5.0,b0642,,1,26,0.491467123922894,0.49146712392292535,-3.136380044566067e-14,0,196.80686759579876
-5.0,b3458,,1,26,0.491467123922894,0.49146712392292713,-3.314015728506092e-14,0,196.806867595799
-5.0,b1651,,1,26,0.491467123922894,0.49146712392292713,-3.314015728506092e-14,0,196.806867595799
-5.0,b0622,,2,26,0.491467123922894,0.49146712392292713,-3.314015728506092e-14,0,196.806867595799
-5.0,b4386,,3,26,0.491467123922894,0.49146712392292713,-3.314015728506092e-14,0,196.806867595799
-5.0,b0630,,1,26,0.491467123922894,0.49146712392292713,-3.314015728506092e-14,0,196.806867595799
-5.0,b0628,,1,26,0.491467123922894,0.49146712392292713,-3.314015728506092e-14,0,196.806867595799
-5.0,b0182,,1,444,0.491467123922894,1.3447763049730152e-15,0.49146712392289266,1,2180.0602442672766
-5.0,b0494,,21,30,0.491467123922894,0.491467123922925,-3.1030733538273125e-14,0,196.8085750700852
-5.0,b3825,,35,30,0.491467123922894,0.49146712392293007,-3.608224830031759e-14,0,196.80857507008668
-5.0,b0186,,1,30,0.491467123922894,0.49146712392293007,-3.608224830031759e-14,0,196.80857507008668
-5.0,b4131,,1,30,0.491467123922894,0.49146712392293007,-3.608224830031759e-14,0,196.80857507008668
-5.0,b2890,,1,30,0.491467123922894,0.49146712392293007,-3.608224830031759e-14,0,196.80857507008668
-5.0,b2156,,1,30,0.491467123922894,0.49146712392293007,-3.608224830031759e-14,0,196.80857507008668
-5.0,b3903,,2,30,0.491467123922894,0.49146712392293007,-3.608224830031759e-14,0,196.80857507008668
-5.0,b3907,,2,30,0.491467123922894,0.49146712392293007,-3.608224830031759e-14,0,196.80857507008668
-5.0,b3600,,1,30,0.491467123922894,0.49146712392293007,-3.608224830031759e-14,0,196.80857507008668
-5.0,b0777,,1,433,0.491467123922894,-2.724734810345251e-11,0.49146712395014136,1,2641.566318291099
-5.0,b1800,,1,30,0.491467123922894,0.49146712392292535,-3.136380044566067e-14,0,196.8085750700857
-5.0,b4014,,1,30,0.491467123922894,0.49146712392292463,-3.064215547965432e-14,0,196.808575070086
-5.0,b2976,,1,30,0.491467123922894,0.49146712392292463,-3.064215547965432e-14,0,196.808575070086
-5.0,b2049,,1,30,0.491467123922894,0.49146712392292463,-3.064215547965432e-14,0,196.808575070086
-5.0,b1613,,1,30,0.491467123922894,0.49146712392292463,-3.064215547965432e-14,0,196.808575070086
-5.0,b4323,,1,30,0.491467123922894,0.49146712392292463,-3.064215547965432e-14,0,196.808575070086
-5.0,b0731,,1,30,0.491467123922894,0.49146712392292463,-3.064215547965432e-14,0,196.808575070086
-5.0,b0732,,1,30,0.491467123922894,0.49146712392292463,-3.064215547965432e-14,0,196.808575070086
-5.0,b0334,,1,30,0.491467123922894,0.49146712392292463,-3.064215547965432e-14,0,196.808575070086
-5.0,b0331,,1,30,0.491467123922894,0.49146712392292463,-3.064215547965432e-14,0,196.808575070086
-5.0,b0333,,1,30,0.491467123922894,0.49146712392292463,-3.064215547965432e-14,0,196.808575070086
-5.0,b1092,,1,434,0.491467123922894,-5.511462153309447e-16,0.49146712392289454,1,2262.0089705263536
-5.0,b2521,,1,26,0.491467123922894,0.49146712392295017,-5.617728504603292e-14,0,196.80857502205308
-5.0,b0149,,5,427,0.491467123922894,-1.4079290598593127e-15,0.4914671239228954,1,2516.129001830076
-5.0,b0635,,2,427,0.491467123922894,0.0,0.491467123922894,1,2516.1290018300956
-5.0,b3396,,5,427,0.491467123922894,0.0,0.491467123922894,1,2516.1290018300956
-5.0,b0084,,2,427,0.491467123922894,0.0,0.491467123922894,1,2516.1290018300956
-5.0,b0839,,5,26,0.491467123922894,0.4914671239229262,-3.219646771412954e-14,0,196.80857502203955
-5.0,b2010,,5,26,0.491467123922894,0.4914671239229108,-1.6819878823071122e-14,0,196.8085750220383
-5.0,b3182,,9,26,0.491467123922894,0.4914671239229108,-1.6819878823071122e-14,0,196.8085750220383
-5.0,b0632,,5,26,0.491467123922894,0.4914671239229108,-1.6819878823071122e-14,0,196.8085750220383
-5.0,b2134,,4,26,0.491467123922894,0.4914671239229108,-1.6819878823071122e-14,0,196.8085750220383
-5.0,b2328,,4,26,0.491467123922894,0.4914671239229135,-1.9484414082171497e-14,0,196.80857502203858
-5.0,b3236,,1,376,0.491467123922894,0.4886480356411971,0.002819088281696913,0,174.91919345765038
-5.0,b2210,,2,26,0.491467123922894,0.49146712392293457,-4.057865155004947e-14,0,196.8085750220409
-5.0,b1479,,1,26,0.491467123922894,0.49146712392291436,-2.0372592501871623e-14,0,196.80857502203892
-5.0,b2463,,1,26,0.491467123922894,0.49146712392291436,-2.0372592501871623e-14,0,196.80857502203892
-5.0,b2515,,1,427,0.491467123922894,-3.8579549747637154e-16,0.4914671239228944,1,2516.1290018300624
-5.0,b2746,,1,427,0.491467123922894,0.0,0.491467123922894,1,2516.1290018300947
-5.0,b4120,,1,26,0.491467123922894,0.49146712392292907,-3.5083047578154947e-14,0,196.80857502204017
-5.0,b2747,,1,427,0.491467123922894,2.5459221984881656e-15,0.49146712392289144,1,2516.12900183008
-5.0,b2942,,1,427,0.491467123922894,3.7603802219646317e-28,0.491467123922894,1,2516.129001830092
-5.0,b0199,,2,26,0.491467123922894,0.49146712392293074,-3.674838211509268e-14,0,196.8085750220404
-5.0,b0197,,2,26,0.491467123922894,0.4914671239229219,-2.7922109069322687e-14,0,196.8085750220395
-5.0,b0198,,2,26,0.491467123922894,0.4914671239229219,-2.7922109069322687e-14,0,196.8085750220395
-5.0,b4019,,1,427,0.491467123922894,-1.8840648700481016e-15,0.4914671239228959,1,2516.129001830095
-5.0,b3829,,1,427,0.491467123922894,-6.871874732317505e-16,0.49146712392289466,1,2516.1290018300992
-5.0,b4219,,1,26,0.491467123922894,0.4914671239229219,-2.7922109069322687e-14,0,196.80857502203978
-5.0,b1778,,1,26,0.491467123922894,0.4914671239229219,-2.7922109069322687e-14,0,196.8085750220395
-5.0,b2114,,1,26,0.491467123922894,0.4914671239229219,-2.7922109069322687e-14,0,196.8085750220395
-5.0,b4242,,2,26,0.491467123922894,0.4914671239229219,-2.7922109069322687e-14,0,196.8085750220395
-5.0,b0963,,1,26,0.491467123922894,0.4914671239229219,-2.7922109069322687e-14,0,196.8085750220395
-5.0,b0403,,5,26,0.491467123922894,0.4914671239229219,-2.7922109069322687e-14,0,196.8085750220395
-5.0,b4392,,4,26,0.491467123922894,0.4914671239229219,-2.7922109069322687e-14,0,196.8085750220395
-5.0,b2963,,4,26,0.491467123922894,0.4914671239229219,-2.7922109069322687e-14,0,196.8085750220395
-5.0,b2558,,4,26,0.491467123922894,0.4914671239229219,-2.7922109069322687e-14,0,196.8085750220395
-5.0,b2813,,4,26,0.491467123922894,0.4914671239229219,-2.7922109069322687e-14,0,196.8085750220395
-5.0,b2701,,4,26,0.491467123922894,0.4914671239229219,-2.7922109069322687e-14,0,196.8085750220395
-5.0,b1193,,4,26,0.491467123922894,0.4914671239229219,-2.7922109069322687e-14,0,196.8085750220395
-5.0,b2919,,1,26,0.491467123922894,0.4914671239229219,-2.7922109069322687e-14,0,196.8085750220395
-5.0,b0260,,1,26,0.491467123922894,0.4914671239229219,-2.7922109069322687e-14,0,196.8085750220395
-5.0,b2917,,1,26,0.491467123922894,0.4914671239229219,-2.7922109069322687e-14,0,196.8085750220395
-5.0,b3599,,1,26,0.491467123922894,0.4914671239229219,-2.7922109069322687e-14,0,196.8085750220395
-5.0,b4322,,1,26,0.491467123922894,0.4914671239229219,-2.7922109069322687e-14,0,196.8085750220395
-5.0,b0784,,2,427,0.491467123922894,1.3316793248779957e-15,0.49146712392289266,1,2516.1290018300856
-5.0,b3633,,2,444,0.491467123922894,-6.9908133725605485e-15,0.491467123922901,1,2180.060244267278
-5.0,b3624,,1,26,0.491467123922894,0.4914671239229237,-2.969846590872294e-14,0,196.80857502203955
-5.0,b3917,,3,433,0.491467123922894,-1.800806261354592e-16,0.49146712392289416,1,2641.566318139059
-5.0,b0763,,3,433,0.491467123922894,0.0,0.491467123922894,1,2641.5663181390714
-5.0,b2423,,5,433,0.491467123922894,0.0,0.491467123922894,1,2641.5663181390714
-5.0,b0765,,3,433,0.491467123922894,0.0,0.491467123922894,1,2641.5663181390714
-5.0,b2425,,5,433,0.491467123922894,0.0,0.491467123922894,1,2641.5663181390714
-5.0,b2422,,5,433,0.491467123922894,0.0,0.491467123922894,1,2641.5663181390714
-5.0,b0764,,3,433,0.491467123922894,0.0,0.491467123922894,1,2641.5663181390714
-5.0,b2424,,5,433,0.491467123922894,0.0,0.491467123922894,1,2641.5663181390714
-5.0,b2877,,1,26,0.491467123922894,0.49146712392292974,-3.574918139293004e-14,0,196.8085750220404
-5.0,b0134,,1,427,0.491467123922894,-8.071810219561898e-13,0.4914671239237012,1,2516.1290018338436
-5.0,b0009,,1,427,0.491467123922894,0.0,0.491467123922894,1,2516.1290018300815
-5.0,b2519,,2,427,0.491467123922894,0.0,0.491467123922894,1,2516.1290018300997
-5.0,b1069,,2,427,0.491467123922894,0.0,0.491467123922894,1,2516.129001830088
-5.0,b0785,,1,427,0.491467123922894,0.0,0.491467123922894,1,2516.129001830088
-5.0,b0826,,1,427,0.491467123922894,0.0,0.491467123922894,1,2516.1290018300792
-5.0,b1008,,1,26,0.491467123922894,0.491467123922927,-3.302913498259841e-14,0,196.8085750220395
-5.0,b0529,,2,428,0.491467123922894,0.4820698405022115,0.009397283420682467,0,211.91779997886556
-5.0,b3941,,1,427,0.491467123922894,-2.0313786253201447e-15,0.49146712392289604,1,2516.1290018300847
-5.0,b1059,,2,26,0.491467123922894,0.4914671239229346,-4.063416270128073e-14,0,196.8085750220409
-5.0,b3996,,1,26,0.491467123922894,0.49146712392293157,-3.758104938356155e-14,0,196.80857502204006
-5.0,b2411,,1,26,0.491467123922894,0.49146712392293157,-3.758104938356155e-14,0,196.80857502204006
-5.0,b1109,,3,26,0.491467123922894,0.49146712392293157,-3.758104938356155e-14,0,196.80857502204006
-5.0,b2284,,3,442,0.491467123922894,0.4095513540332678,0.08191576988962618,0,584.4727189918062
-5.0,b2288,,3,442,0.491467123922894,0.40955135403327314,0.08191576988962085,0,584.4727189918125
-5.0,b2280,,3,442,0.491467123922894,0.40955135403327314,0.08191576988962085,0,584.4727189918125
-5.0,b2282,,3,442,0.491467123922894,0.40955135403327314,0.08191576988962085,0,584.4727189918125
-5.0,b2277,,3,442,0.491467123922894,0.40955135403327314,0.08191576988962085,0,584.4727189918125
-5.0,b2287,,3,442,0.491467123922894,0.40955135403327314,0.08191576988962085,0,584.4727189918125
-5.0,b2276,,3,442,0.491467123922894,0.40955135403327314,0.08191576988962085,0,584.4727189918125
-5.0,b2278,,3,442,0.491467123922894,0.40955135403327314,0.08191576988962085,0,584.4727189918125
-5.0,b2286,,3,442,0.491467123922894,0.40955135403327314,0.08191576988962085,0,584.4727189918125
-5.0,b2283,,3,442,0.491467123922894,0.40955135403327314,0.08191576988962085,0,584.4727189918125
-5.0,b2279,,3,442,0.491467123922894,0.40955135403327314,0.08191576988962085,0,584.4727189918125
-5.0,b2285,,3,442,0.491467123922894,0.40955135403327314,0.08191576988962085,0,584.4727189918125
-5.0,b2281,,3,442,0.491467123922894,0.40955135403327314,0.08191576988962085,0,584.4727189918125
-5.0,b2615,,1,429,0.491467123922894,-7.892464750360641e-17,0.49146712392289404,1,2301.5961349209865
-5.0,b3028,,3,33,0.491467123922894,0.491467123923071,-1.770250612764812e-13,0,586.7518129664481
-5.0,b1740,,1,429,0.491467123922894,7.921066470177866e-13,0.4914671239221019,1,2912.781029484908
-5.0,b1602,,2,436,0.491467123922894,0.47801019993367894,0.013456923989215053,0,812.5657980238437
-5.0,b1603,,2,436,0.491467123922894,0.47801019992841437,0.01345692399447962,0,812.5657980211201
-5.0,b3962,,1,33,0.491467123922894,0.49146712392293573,-4.1744385725905886e-14,0,586.7518129664008
-5.0,b0931,,1,33,0.491467123922894,0.491467123922933,-3.902433931557425e-14,0,586.7518129664008
-5.0,b1186,,1,33,0.491467123922894,0.491467123922933,-3.902433931557425e-14,0,586.7518129664008
-5.0,b0019,,1,33,0.491467123922894,0.491467123922933,-3.902433931557425e-14,0,586.7518129664008
-5.0,b2518,,8,435,0.491467123922894,-1.5531083472325473e-16,0.49146712392289416,1,2726.7796608926797
-5.0,b0451,,1,447,0.491467123922894,9.140285652394493e-15,0.49146712392288483,1,2184.9685512542155
-5.0,b2711,,1,35,0.491467123922894,0.49146712392292996,-3.597122599785507e-14,0,591.6684903662278
-5.0,b2710,,1,35,0.491467123922894,0.4914671239229243,-3.0309088572266774e-14,0,591.668490366228
-5.0,b3477,,1,35,0.491467123922894,0.4914671239229243,-3.0309088572266774e-14,0,591.668490366228
-5.0,b3476,,1,35,0.491467123922894,0.4914671239229243,-3.0309088572266774e-14,0,591.668490366228
-5.0,b3479,,1,35,0.491467123922894,0.4914671239229243,-3.0309088572266774e-14,0,591.668490366228
-5.0,b3480,,1,35,0.491467123922894,0.4914671239229243,-3.0309088572266774e-14,0,591.668490366228
-5.0,b3478,,1,35,0.491467123922894,0.4914671239229243,-3.0309088572266774e-14,0,591.668490366228
-5.0,b4390,,1,35,0.491467123922894,0.4914671239229243,-3.0309088572266774e-14,0,591.668490366228
-5.0,b0639,,2,429,0.491467123922894,-4.763084036369967e-13,0.4914671239233703,1,2912.781029490687
-5.0,b0751,,1,35,0.491467123922894,0.49146712392351705,-6.230571614196379e-13,0,591.66849036655
-5.0,b1768,,1,35,0.491467123922894,0.4914671239229202,-2.6201263381153694e-14,0,591.6684903662275
-5.0,b1991,,1,35,0.491467123922894,0.4914671239229202,-2.6201263381153694e-14,0,591.6684903662275
-5.0,b0109,,1,429,0.491467123922894,2.9636094348438324e-13,0.4914671239225976,1,2912.7810294871397
-5.0,b3367,,1,31,0.491467123922894,0.49146712392292596,-3.197442310920451e-14,0,591.6662688074028
-5.0,b1223,,2,31,0.491467123922894,0.4914671239229295,-3.552713678800501e-14,0,591.6662688074036
-5.0,b2206,,2,31,0.491467123922894,0.4914671239229295,-3.552713678800501e-14,0,591.6662688074036
-5.0,b2204,,1,31,0.491467123922894,0.4914671239229295,-3.552713678800501e-14,0,591.6662688074036
-5.0,b2203,,2,31,0.491467123922894,0.4914671239229295,-3.552713678800501e-14,0,591.6662688074036
-5.0,b2205,,1,31,0.491467123922894,0.4914671239229295,-3.552713678800501e-14,0,591.6662688074036
-5.0,b2202,,2,31,0.491467123922894,0.4914671239229295,-3.552713678800501e-14,0,591.6662688074036
-5.0,b1468,,2,31,0.491467123922894,0.4914671239229295,-3.552713678800501e-14,0,591.6662688074036
-5.0,b1226,,2,31,0.491467123922894,0.4914671239229295,-3.552713678800501e-14,0,591.6662688074036
-5.0,b1227,,2,31,0.491467123922894,0.4914671239229295,-3.552713678800501e-14,0,591.6662688074036
-5.0,b1225,,2,31,0.491467123922894,0.4914671239229295,-3.552713678800501e-14,0,591.6662688074036
-5.0,b1465,,2,31,0.491467123922894,0.4914671239229295,-3.552713678800501e-14,0,591.6662688074036
-5.0,b1224,,2,31,0.491467123922894,0.4914671239229295,-3.552713678800501e-14,0,591.6662688074036
-5.0,b1466,,2,31,0.491467123922894,0.4914671239229295,-3.552713678800501e-14,0,591.6662688074036
-5.0,b1467,,2,31,0.491467123922894,0.4914671239229295,-3.552713678800501e-14,0,591.6662688074036
-5.0,b1469,,1,31,0.491467123922894,0.4914671239229295,-3.552713678800501e-14,0,591.6662688074036
-5.0,b2552,,2,31,0.491467123922894,0.4914671239229295,-3.552713678800501e-14,0,591.6662688074036
-5.0,b4374,,3,31,0.491467123922894,0.4914671239229295,-3.552713678800501e-14,0,591.6662688074036
-5.0,b2291,,6,31,0.491467123922894,0.4914671239229295,-3.552713678800501e-14,0,591.6662688074036
-5.0,b2744,,14,31,0.491467123922894,0.4914671239229295,-3.552713678800501e-14,0,591.6662688074036
-5.0,b0480,,17,31,0.491467123922894,0.4914671239229295,-3.552713678800501e-14,0,591.6662688074036
-5.0,b4161,,4,31,0.491467123922894,0.4914671239229295,-3.552713678800501e-14,0,591.6662688074036
-5.0,b0650,,1,31,0.491467123922894,0.4914671239229295,-3.552713678800501e-14,0,591.6662688074036
-5.0,b4394,,3,31,0.491467123922894,0.4914671239229295,-3.552713678800501e-14,0,591.6662688074036
-5.0,b0980,,2,31,0.491467123922894,0.4914671239229295,-3.552713678800501e-14,0,591.6662688074036
-5.0,b2781,,8,31,0.491467123922894,0.4914671239229295,-3.552713678800501e-14,0,591.6662688074036
-5.0,b2954,,3,31,0.491467123922894,0.4914671239229295,-3.552713678800501e-14,0,591.6662688074036
-5.0,b1759,,2,31,0.491467123922894,0.4914671239229295,-3.552713678800501e-14,0,591.6662688074036
-5.0,b0160,,2,31,0.491467123922894,0.4914671239229295,-3.552713678800501e-14,0,591.6662688074036
-5.0,b3365,,1,31,0.491467123922894,0.4914671239229295,-3.552713678800501e-14,0,591.6662688074036
-5.0,b3366,,1,31,0.491467123922894,0.4914671239229295,-3.552713678800501e-14,0,591.6662688074036
-5.0,b4073,,2,31,0.491467123922894,0.4914671239229295,-3.552713678800501e-14,0,591.6662688074036
-5.0,b4071,,2,31,0.491467123922894,0.4914671239229295,-3.552713678800501e-14,0,591.6662688074036
-5.0,b4070,,2,31,0.491467123922894,0.4914671239229295,-3.552713678800501e-14,0,591.6662688074036
-5.0,b4072,,2,31,0.491467123922894,0.4914671239229295,-3.552713678800501e-14,0,591.6662688074036
-5.0,b2035,,3,31,0.491467123922894,0.4914671239229295,-3.552713678800501e-14,0,591.6662688074036
-5.0,b2027,,3,31,0.491467123922894,0.4914671239229295,-3.552713678800501e-14,0,591.6662688074036
-5.0,b2033,,1,31,0.491467123922894,0.4914671239229295,-3.552713678800501e-14,0,591.6662688074036
-5.0,b2037,,1,31,0.491467123922894,0.4914671239229295,-3.552713678800501e-14,0,591.6662688074036
-5.0,b2034,,1,31,0.491467123922894,0.4914671239229295,-3.552713678800501e-14,0,591.6662688074036
-5.0,b2032,,1,31,0.491467123922894,0.4914671239229295,-3.552713678800501e-14,0,591.6662688074036
-5.0,b3114,,2,442,0.491467123922894,0.4492818235040924,0.042185300418801586,0,2687.5365573485606
-5.0,b0903,,2,442,0.491467123922894,0.4492818235046435,0.04218530041825047,0,2687.5365573487475
-5.0,b0902,,2,442,0.491467123922894,0.4492818235046435,0.04218530041825047,0,2687.5365573487475
-5.0,b2579,,2,442,0.491467123922894,0.4492818235046435,0.04218530041825047,0,2687.5365573487475
-5.0,b0273,,1,433,0.491467123922894,3.9718870068545185e-18,0.491467123922894,1,5015.60510516657
-5.0,b4254,,1,433,0.491467123922894,0.0,0.491467123922894,1,5015.605105166536
-5.0,b3187,,1,433,0.491467123922894,0.0,0.491467123922894,1,5015.605105166536
-5.0,b0907,,2,433,0.491467123922894,7.224401100944019e-31,0.491467123922894,1,5015.605105166527
-5.0,b0662,,1,31,0.491467123922894,0.49146712392294006,-4.6074255521943996e-14,0,591.6662688074034
-5.0,b1281,,1,429,0.491467123922894,2.343511504311725e-17,0.491467123922894,1,2912.781029488504
-5.0,b2907,,1,31,0.491467123922894,0.4914671239229267,-3.269606807521086e-14,0,591.6662688074031
-5.0,b0350,,1,31,0.491467123922894,0.49146712392291403,-2.0039525594484076e-14,0,591.6662688074027
-5.0,b3843,,1,429,0.491467123922894,1.6000564246476378e-16,0.4914671239228938,1,2912.7810294884894
-5.0,b2311,,1,429,0.491467123922894,0.0,0.491467123922894,1,2912.7810294885057
-5.0,b3835,,1,62,0.491467123922894,0.4914668202962526,3.036266413847244e-07,0,591.6728720733697
-5.0,b2965,,1,31,0.491467123922894,0.49146712392291597,-2.19824158875781e-14,0,591.6662688074031
-5.0,b0693,,1,31,0.491467123922894,0.49146712392291403,-2.0039525594484076e-14,0,591.6662688074027
-5.0,b3642,,1,429,0.491467123922894,-1.6000556758149357e-16,0.49146712392289416,1,2912.7810294884925
-5.0,b2373,,1,31,0.491467123922894,0.4914671239229192,-2.5202062658991053e-14,0,591.666268807403
-5.0,b1387,,1,31,0.491467123922894,0.49146712392291403,-2.0039525594484076e-14,0,591.6662688074027
-5.0,b1394,,2,31,0.491467123922894,0.49146712392291403,-2.0039525594484076e-14,0,591.6662688074027
-5.0,b1014,,2,31,0.491467123922894,0.49146712392291403,-2.0039525594484076e-14,0,591.6662688074027
-5.0,b0386,,1,429,0.491467123922894,-1.6000556758149357e-16,0.49146712392289416,1,2912.7810294884935
-5.0,b1391,,1,31,0.491467123922894,0.49146712392292696,-3.297362383136715e-14,0,591.666268807403
-5.0,b1390,,1,31,0.491467123922894,0.49146712392292624,-3.22519788653608e-14,0,591.6662688074033
-5.0,b1392,,1,31,0.491467123922894,0.49146712392292624,-3.22519788653608e-14,0,591.6662688074033
-5.0,b1388,,1,31,0.491467123922894,0.49146712392292624,-3.22519788653608e-14,0,591.6662688074033
-5.0,b1389,,1,31,0.491467123922894,0.49146712392292624,-3.22519788653608e-14,0,591.6662688074033
-5.0,b1398,,1,31,0.491467123922894,0.49146712392292624,-3.22519788653608e-14,0,591.6662688074033
-5.0,b0133,,1,429,0.491467123922894,-2.774297187716009e-12,0.49146712392566827,1,2912.7810295011345
-5.0,b1278,,30,429,0.491467123922894,0.0,0.491467123922894,1,2912.7810294884835
-5.0,b0087,,1,429,0.491467123922894,0.0,0.491467123922894,1,2912.7810294885044
-5.0,b2762,,2,429,0.491467123922894,0.0,0.491467123922894,1,2912.781029488494
-5.0,b1489,,2,31,0.491467123922894,0.4914671239229215,-2.7533531010703882e-14,0,591.6662688074031
-5.0,b0114,,1,272,0.491467123922894,0.49143638010914514,3.074381374884583e-05,0,591.5449177536519
-5.0,b0115,,1,272,0.491467123922894,0.49143638010913043,3.074381376355628e-05,0,591.5449177536501
-5.0,b1638,,2,27,0.491467123922894,0.4914671239229199,-2.5923707624997405e-14,0,591.6662687593564
-5.0,b2564,,1,429,0.491467123922894,-1.9127266349851429e-16,0.49146712392289416,1,2912.7810294885153
-5.0,b0052,,1,429,0.491467123922894,0.0,0.491467123922894,1,2912.7810294885035
-5.0,b0766,,2,27,0.491467123922894,0.4914671239229241,-3.008704396734174e-14,0,591.6662687593573
-5.0,b2320,,1,429,0.491467123922894,-3.733072131459912e-16,0.4914671239228944,1,2912.781029488515
-5.0,b3546,,2,27,0.491467123922894,0.49146712392293007,-3.608224830031759e-14,0,591.6662687593576
-5.0,b1723,,1,30,0.491467123922894,0.49146712392293157,-3.758104938356155e-14,0,734.9816306543637
-5.0,b3916,,3,433,0.491467123922894,0.48213192344358974,0.009335200479304251,0,865.3982666549343
-5.0,b3952,,1,444,0.491467123922894,0.44928182350465895,0.04218530041823504,0,2818.6658973939843
-5.0,b3951,,1,444,0.491467123922894,0.44928182350464935,0.04218530041824464,0,2818.665897393987
-5.0,b3176,,1,433,0.491467123922894,-4.557908845756352e-18,0.491467123922894,1,5015.605105166584
-5.0,b2913,,1,433,0.491467123922894,0.4739911404616672,0.017475983461226807,0,776.5559461685635
-5.0,b4025,,1,438,0.491467123922894,0.4637777341792381,0.027689389743655868,0,1278.4122650050906
-5.0,b2926,,1,466,0.491467123922894,0.1781572286194971,0.3133098953033969,0,5066.531401857374
-5.0,b0767,,1,31,0.491467123922894,0.4914671239229231,-2.90878432451791e-14,0,861.4667476071153
-5.0,b3385,,1,31,0.491467123922894,0.49146712392292463,-3.064215547965432e-14,0,861.4667476071152
-5.0,b3612,,1,456,0.491467123922894,0.25195833594555794,0.23950878797733605,0,2945.1869559908578
-5.0,b0755,,1,456,0.491467123922894,0.25195833594556455,0.23950878797732944,0,2945.186955990854
-5.0,b4395,,1,456,0.491467123922894,0.25195833594556455,0.23950878797732944,0,2945.186955990854
-5.0,b0688,,1,31,0.491467123922894,0.49146712392293157,-3.758104938356155e-14,0,861.4667476071147
-5.0,b2690,,1,31,0.491467123922894,0.49146712392292546,-3.147482274812319e-14,0,861.4667476071154
-5.0,b0418,,14,31,0.491467123922894,0.49146712392292546,-3.147482274812319e-14,0,861.4667476071154
-5.0,b1912,,7,31,0.491467123922894,0.49146712392292546,-3.147482274812319e-14,0,861.4667476071154
-5.0,b2199,,1,31,0.491467123922894,0.49146712392292546,-3.147482274812319e-14,0,861.4667476071154
-5.0,b2200,,1,31,0.491467123922894,0.49146712392292546,-3.147482274812319e-14,0,861.4667476071154
-5.0,b2197,,1,31,0.491467123922894,0.49146712392292546,-3.147482274812319e-14,0,861.4667476071154
-5.0,b2198,,1,31,0.491467123922894,0.49146712392292546,-3.147482274812319e-14,0,861.4667476071154
-5.0,b2201,,1,31,0.491467123922894,0.49146712392292546,-3.147482274812319e-14,0,861.4667476071154
-5.0,b1713,,1,31,0.491467123922894,0.49146712392292546,-3.147482274812319e-14,0,861.4667476071154
-5.0,b1714,,1,31,0.491467123922894,0.49146712392292546,-3.147482274812319e-14,0,861.4667476071154
-5.0,b1473,,3,31,0.491467123922894,0.49146712392292546,-3.147482274812319e-14,0,861.4667476071154
-5.0,b0576,,2,31,0.491467123922894,0.49146712392292546,-3.147482274812319e-14,0,861.4667476071154
-5.0,b3493,,1,393,0.491467123922894,0.487558266321902,0.003908857600991966,0,862.0802812941859
-5.0,b2987,,1,393,0.491467123922894,0.4875582663219029,0.003908857600991078,0,862.0802812941855
-5.0,b3725,,1,31,0.491467123922894,0.49146712392292624,-3.22519788653608e-14,0,861.4667476071154
-5.0,b3726,,1,31,0.491467123922894,0.49146712392292546,-3.147482274812319e-14,0,861.4667476071154
-5.0,b3727,,1,31,0.491467123922894,0.49146712392292546,-3.147482274812319e-14,0,861.4667476071154
-5.0,b3728,,1,31,0.491467123922894,0.49146712392292546,-3.147482274812319e-14,0,861.4667476071154
-5.0,b3821,,42,31,0.491467123922894,0.49146712392292546,-3.147482274812319e-14,0,861.4667476071154
-5.0,b2048,,1,31,0.491467123922894,0.49146712392292546,-3.147482274812319e-14,0,861.4667476071154
-5.0,b3412,,1,436,0.491467123922894,0.0,0.491467123922894,1,1088.4448633072254
-5.0,b3974,,1,436,0.491467123922894,0.0,0.491467123922894,1,1088.4448633072284
-5.0,b3258,,1,27,0.491467123922894,0.4914671239229336,-3.963496197911809e-14,0,861.4667475590695
-5.0,b1010,,1,27,0.491467123922894,0.49146712392293,-3.602673714908633e-14,0,861.4667475590692
-5.0,b1378,,1,322,0.491467123922894,0.4911711503505578,0.0002959735723361834,0,861.3111263911403
-5.0,b0871,,1,27,0.491467123922894,0.49146712392292363,-2.964295475749168e-14,0,861.4667475590693
-5.0,b4226,,1,27,0.491467123922894,0.4914671239229255,-3.1530333899354446e-14,0,861.4667475590691
-5.0,b2502,,2,27,0.491467123922894,0.4914671239229255,-3.1530333899354446e-14,0,861.4667475590691
-5.0,b1015,,2,27,0.491467123922894,0.4914671239229255,-3.1530333899354446e-14,0,861.4667475590691
-5.0,b0369,,1,429,0.491467123922894,1.5667370079156316e-16,0.4914671239228938,1,3030.522472863913
-5.0,b3956,,1,437,0.491467123922894,0.4542632698135696,0.037203854109324364,0,945.1428523942657
-5.0,b3639,,2,429,0.491467123922894,-1.1976597088268847e-12,0.49146712392409164,1,3030.522472870321
-5.0,b3403,,1,31,0.491467123922894,0.49146712392292385,-2.986499936241671e-14,0,861.4689691178937
-5.0,b2920,,1,34,0.491467123922894,0.4914671239229243,-3.0309088572266774e-14,0,861.6685859458269
-5.0,b2501,,2,431,0.491467123922894,0.47309895493441945,0.018368168988474542,0,869.5382972033152
-5.0,b4383,,2,30,0.491467123922894,0.4914671239229262,-3.219646771412954e-14,0,848.4286308964748
-5.0,b3380,,1,30,0.491467123922894,0.49146712392292835,-3.4361402612148595e-14,0,848.4286308964749
-5.0,b3850,,2,427,0.491467123922894,-7.421442324788688e-21,0.491467123922894,1,3027.9113348545143
-5.0,b2536,,1,30,0.491467123922894,0.4914671239229258,-3.1807889655510735e-14,0,848.4286308964752
-5.0,b1702,,1,30,0.491467123922894,0.49146712392292247,-2.8477220581635265e-14,0,848.4286308964743
-5.0,b0383,,1,30,0.491467123922894,0.49146712392292247,-2.8477220581635265e-14,0,848.4286308964743
-5.0,b4005,,1,427,0.491467123922894,-3.6759807777205904e-14,0.49146712392293074,1,3027.9113348546443
-5.0,b2499,,1,427,0.491467123922894,-3.500466534370044e-15,0.4914671239228975,1,3027.9113348545097
-5.0,b2026,,2,427,0.491467123922894,9.965174022016255e-16,0.491467123922893,1,3027.9113348544897
-5.0,b2476,,1,427,0.491467123922894,9.200004016556175e-15,0.4914671239228848,1,3027.9113348544565
-5.0,b2557,,1,427,0.491467123922894,1.0605504683964337e-16,0.4914671239228939,1,3027.911334854494
-5.0,b2024,,1,427,0.491467123922894,9.965174022016303e-16,0.491467123922893,1,3027.9113348544897
-5.0,b0194,,1,30,0.491467123922894,0.4914671239229247,-3.069766663088558e-14,0,848.4286308964746
-5.0,b1207,,1,32,0.491467123922894,0.49146712392292563,-3.164135620181696e-14,0,849.4802832836215
-5.0,b0908,,1,427,0.491467123922894,2.748461648222716e-16,0.4914671239228937,1,3027.911334854485
-5.0,b4160,,7,427,0.491467123922894,0.0,0.491467123922894,1,3027.9113348544943
-5.0,b4388,,1,431,0.491467123922894,0.4739911404616631,0.017475983461230915,0,891.6915411770444
-5.0,b2585,,7,427,0.491467123922894,-7.138730637607849e-16,0.4914671239228947,1,2609.6793496350388
-5.0,b2297,,2,448,0.491467123922894,0.430068592313458,0.06139853160943598,0,3263.493907200504
-5.0,b2458,,1,448,0.491467123922894,0.43006859231345285,0.06139853160944114,0,3263.4939072005072
-5.0,b3634,,1,438,0.491467123922894,3.2915576699115246e-12,0.49146712391960246,1,5382.54890930468
-5.0,b0692,,2,36,0.491467123922894,0.4914671239229315,-3.752553823233029e-14,0,849.4802833316684
-5.0,b3073,,1,36,0.491467123922894,0.49146712392293074,-3.674838211509268e-14,0,849.4802833316683
-5.0,b0854,,1,36,0.491467123922894,0.49146712392293074,-3.674838211509268e-14,0,849.4802833316683
-5.0,b1123,,2,36,0.491467123922894,0.49146712392293074,-3.674838211509268e-14,0,849.4802833316683
-5.0,b0856,,1,36,0.491467123922894,0.49146712392293074,-3.674838211509268e-14,0,849.4802833316683
-5.0,b1442,,2,36,0.491467123922894,0.49146712392293074,-3.674838211509268e-14,0,849.4802833316683
-5.0,b0857,,1,36,0.491467123922894,0.49146712392293074,-3.674838211509268e-14,0,849.4802833316683
-5.0,b0855,,1,36,0.491467123922894,0.49146712392293074,-3.674838211509268e-14,0,849.4802833316683
-5.0,b1124,,2,36,0.491467123922894,0.49146712392293074,-3.674838211509268e-14,0,849.4802833316683
-5.0,b1443,,2,36,0.491467123922894,0.49146712392293074,-3.674838211509268e-14,0,849.4802833316683
-5.0,b1440,,2,36,0.491467123922894,0.49146712392293074,-3.674838211509268e-14,0,849.4802833316683
-5.0,b1126,,2,36,0.491467123922894,0.49146712392293074,-3.674838211509268e-14,0,849.4802833316683
-5.0,b1125,,2,36,0.491467123922894,0.49146712392293074,-3.674838211509268e-14,0,849.4802833316683
-5.0,b1441,,2,36,0.491467123922894,0.49146712392293074,-3.674838211509268e-14,0,849.4802833316683
-5.0,b1296,,1,36,0.491467123922894,0.49146712392293074,-3.674838211509268e-14,0,849.4802833316683
-5.0,b2407,,5,36,0.491467123922894,0.49146712392293074,-3.674838211509268e-14,0,849.4802833316683
-5.0,b1636,,1,36,0.491467123922894,0.49146712392293074,-3.674838211509268e-14,0,849.4802833316683
-5.0,b3826,,1,36,0.491467123922894,0.49146712392293074,-3.674838211509268e-14,0,849.4802833316683
-5.0,b1854,,1,39,0.491467123922894,0.49146712392292957,-3.558264793923627e-14,0,722.995166426963
-5.0,b1676,,1,39,0.491467123922894,0.491467123922905,-1.099120794378905e-14,0,722.9951664269621
-5.0,b3831,,1,39,0.491467123922894,0.491467123922905,-1.099120794378905e-14,0,722.9951664269621
-5.0,b1007,,1,39,0.491467123922894,0.491467123922905,-1.099120794378905e-14,0,722.9951664269621
-5.0,b1012,,1,39,0.491467123922894,0.491467123922905,-1.099120794378905e-14,0,722.9951664269621
-5.0,b3029,,2,39,0.491467123922894,0.491467123922905,-1.099120794378905e-14,0,722.9951664269621
-5.0,b1692,,2,429,0.491467123922894,7.982409493317492e-16,0.4914671239228932,1,2940.461861797366
-5.0,b0750,,1,429,0.491467123922894,-1.733770536032949e-12,0.49146712392462777,1,2940.461861805198
-5.0,b4094,,1,30,0.491467123922894,0.49146712392293007,-3.608224830031759e-14,0,721.9435132740132
-5.0,b1662,,1,429,0.491467123922894,-4.25449599153448e-16,0.49146712392289443,1,2940.4618617974065
-5.0,b0415,,1,429,0.491467123922894,0.0,0.491467123922894,1,2940.461861797428
-5.0,b3752,,1,30,0.491467123922894,0.49146712392293274,-3.8746783559417963e-14,0,721.9435132740136
-5.0,b0063,,3,30,0.491467123922894,0.491467123922919,-2.503552920529728e-14,0,721.943513274013
-5.0,b4198,,1,30,0.491467123922894,0.491467123922919,-2.503552920529728e-14,0,721.943513274013
-5.0,b3583,,1,30,0.491467123922894,0.491467123922919,-2.503552920529728e-14,0,721.943513274013
-5.0,b0061,,1,30,0.491467123922894,0.491467123922919,-2.503552920529728e-14,0,721.943513274013
-5.0,b3629,,1,30,0.491467123922894,0.491467123922919,-2.503552920529728e-14,0,721.943513274013
-5.0,b2687,,1,429,0.491467123922894,-2.7484616482227163e-16,0.49146712392289427,1,2940.461861797385
-5.0,b3748,,1,30,0.491467123922894,0.4914671239229194,-2.5424107263916085e-14,0,721.9435132740133
-5.0,b3749,,1,30,0.491467123922894,0.491467123922919,-2.503552920529728e-14,0,721.943513274013
-5.0,b3751,,1,30,0.491467123922894,0.491467123922919,-2.503552920529728e-14,0,721.943513274013
-5.0,b3750,,1,30,0.491467123922894,0.491467123922919,-2.503552920529728e-14,0,721.943513274013
-5.0,b3904,,1,30,0.491467123922894,0.491467123922919,-2.503552920529728e-14,0,721.943513274013
-5.0,b3902,,1,30,0.491467123922894,0.491467123922919,-2.503552920529728e-14,0,721.943513274013
-5.0,b2234,,4,30,0.491467123922894,0.491467123922919,-2.503552920529728e-14,0,721.943513274013
-5.0,b2235,,4,30,0.491467123922894,0.491467123922919,-2.503552920529728e-14,0,721.943513274013
-5.0,b2676,,4,30,0.491467123922894,0.491467123922919,-2.503552920529728e-14,0,721.943513274013
-5.0,b2675,,4,30,0.491467123922894,0.491467123922919,-2.503552920529728e-14,0,721.943513274013
-5.0,b4238,,4,323,0.491467123922894,0.491177648115167,0.0002894758077269799,0,721.9879679071095
-5.0,b4237,,4,323,0.491467123922894,0.4911776481151771,0.00028947580771687687,0,721.9879679071097
-5.0,b3386,,1,386,0.491467123922894,0.48888536821609613,0.0025817557067978614,0,725.2204291964729
-5.0,b4301,,1,386,0.491467123922894,0.4888853682160926,0.002581755706801414,0,725.2204291964733
-5.0,b2914,,1,438,0.491467123922894,0.2984237360971845,0.1930433878257095,0,3647.711322762874
-5.0,b0638,,1,30,0.491467123922894,0.4914671239229392,-4.518607710224387e-14,0,721.9435132740139
-5.0,b1683,,6,30,0.491467123922894,0.49146712392292047,-2.6478819137309983e-14,0,721.943513274013
-5.0,b1679,,4,30,0.491467123922894,0.49146712392292047,-2.6478819137309983e-14,0,721.943513274013
-5.0,b1680,,4,30,0.491467123922894,0.49146712392292047,-2.6478819137309983e-14,0,721.943513274013
-5.0,b1682,,6,30,0.491467123922894,0.49146712392292047,-2.6478819137309983e-14,0,721.943513274013
-5.0,b1681,,6,30,0.491467123922894,0.49146712392292047,-2.6478819137309983e-14,0,721.943513274013
-5.0,b1684,,2,30,0.491467123922894,0.49146712392292047,-2.6478819137309983e-14,0,721.943513274013
-5.0,b0222,,1,30,0.491467123922894,0.49146712392292047,-2.6478819137309983e-14,0,721.943513274013
-5.0,b1745,,1,30,0.491467123922894,0.49146712392292047,-2.6478819137309983e-14,0,721.943513274013
-5.0,b2751,,1,429,0.491467123922894,-1.7783258392381412e-15,0.49146712392289577,1,2940.4618617974115
-5.0,b2752,,1,429,0.491467123922894,0.0,0.491467123922894,1,2940.4618617973997
-5.0,b2705,,1,30,0.491467123922894,0.4914671239229258,-3.1807889655510735e-14,0,721.9435132740128
-5.0,b2703,,1,30,0.491467123922894,0.4914671239229262,-3.219646771412954e-14,0,721.9435132740131
-5.0,b2704,,1,30,0.491467123922894,0.4914671239229262,-3.219646771412954e-14,0,721.9435132740131
-5.0,b2702,,1,30,0.491467123922894,0.4914671239229262,-3.219646771412954e-14,0,721.9435132740131
-5.0,b2472,,1,429,0.491467123922894,-2.8477344142007847e-16,0.49146712392289427,1,2940.4618617974083
-5.0,b3591,,1,30,0.491467123922894,0.491467123922933,-3.902433931557425e-14,0,721.9435132740138
-5.0,b1764,,1,30,0.491467123922894,0.4914671239229262,-3.219646771412954e-14,0,721.9435132740131
-5.0,b2264,,1,30,0.491467123922894,0.4914671239229262,-3.219646771412954e-14,0,721.9435132740131
-5.0,b0586,,1,30,0.491467123922894,0.4914671239229262,-3.219646771412954e-14,0,721.9435132740131
-5.0,b3607,,1,429,0.491467123922894,2.1104799299747384e-16,0.49146712392289377,1,2940.4618617974074
-5.0,b2366,,1,30,0.491467123922894,0.49146712392291825,-2.425837308805967e-14,0,721.9435132740126
-5.0,b2797,,1,30,0.491467123922894,0.4914671239229262,-3.219646771412954e-14,0,721.9435132740131
-5.0,b4471,,1,30,0.491467123922894,0.4914671239229262,-3.219646771412954e-14,0,721.9435132740131
-5.0,b1814,,1,30,0.491467123922894,0.4914671239229262,-3.219646771412954e-14,0,721.9435132740131
-5.0,b0893,,2,30,0.491467123922894,0.4914671239229262,-3.219646771412954e-14,0,721.9435132740131
-5.0,b2796,,1,30,0.491467123922894,0.4914671239229262,-3.219646771412954e-14,0,721.9435132740131
-5.0,b3116,,2,26,0.491467123922894,0.4914671239229262,-3.219646771412954e-14,0,721.9434870987892
-5.0,b3089,,2,26,0.491467123922894,0.49146712392292524,-3.1252778143198157e-14,0,721.9434870987893
-5.0,b2154,,1,26,0.491467123922894,0.49146712392292524,-3.1252778143198157e-14,0,721.9434870987893
-5.0,b0355,,1,26,0.491467123922894,0.49146712392292524,-3.1252778143198157e-14,0,721.9434870987893
-5.0,b1744,,1,26,0.491467123922894,0.49146712392292524,-3.1252778143198157e-14,0,721.9434870987893
-5.0,b1746,,1,26,0.491467123922894,0.49146712392292524,-3.1252778143198157e-14,0,721.9434870987893
-5.0,b2263,,1,26,0.491467123922894,0.49146712392292524,-3.1252778143198157e-14,0,721.9434870987893
-5.0,b3368,,3,429,0.491467123922894,-1.429713222858011e-15,0.49146712392289543,1,2940.461861797401
-5.0,b3281,,1,429,0.491467123922894,0.0,0.491467123922894,1,2940.4618617974274
-5.0,b0388,,1,429,0.491467123922894,0.0,0.491467123922894,1,2940.4618617974143
-5.0,b3390,,1,429,0.491467123922894,0.0,0.491467123922894,1,2940.4618617974243
-5.0,b3939,,1,429,0.491467123922894,0.0,0.491467123922894,1,2940.4618617974243
-5.0,b1981,,1,26,0.491467123922894,0.4914671239229234,-2.942091015256665e-14,0,721.9434870987894
-5.0,b1206,,1,329,0.491467123922894,0.4904390851689341,0.0010280387539599034,0,722.0438461897157
-5.0,b1584,,2,26,0.491467123922894,0.4914671239229057,-1.1712852909795402e-14,0,721.9434870987886
-5.0,b1599,,1,26,0.491467123922894,0.49146712392292524,-3.1252778143198157e-14,0,721.9434870987893
-5.0,b1600,,1,26,0.491467123922894,0.49146712392292524,-3.1252778143198157e-14,0,721.9434870987893
-5.0,b3908,,1,26,0.491467123922894,0.49146712392292524,-3.1252778143198157e-14,0,721.9434870987893
-5.0,b1656,,1,26,0.491467123922894,0.49146712392292524,-3.1252778143198157e-14,0,721.9434870987893
-5.0,b1646,,1,26,0.491467123922894,0.49146712392292524,-3.1252778143198157e-14,0,721.9434870987893
-5.0,b1525,,2,26,0.491467123922894,0.49146712392292524,-3.1252778143198157e-14,0,721.9434870987893
-5.0,b2661,,1,26,0.491467123922894,0.49146712392292524,-3.1252778143198157e-14,0,721.9434870987893
-5.0,b2260,,1,26,0.491467123922894,0.49146712392292524,-3.1252778143198157e-14,0,721.9434870987893
-5.0,b2261,,1,26,0.491467123922894,0.49146712392292524,-3.1252778143198157e-14,0,721.9434870987893
-5.0,b0721,,1,174,0.491467123922894,0.491463480429006,3.6434938879836842e-06,0,331.9211296730012
-5.0,b0722,,1,174,0.491467123922894,0.4914634804275967,3.6434952973007917e-06,0,331.9211296728399
-5.0,b0724,,1,174,0.491467123922894,0.4914634804275967,3.6434952973007917e-06,0,331.9211296728399
-5.0,b0723,,1,174,0.491467123922894,0.4914634804275967,3.6434952973007917e-06,0,331.9211296728399
-5.0,b0728,,1,17,0.491467123922894,0.4914671239233317,-4.3770542745846797e-13,0,331.72134061214945
-5.0,b0729,,1,17,0.491467123922894,0.49146712392292374,-2.9753977059954195e-14,0,331.7213406121506
-5.0,b1521,,1,17,0.491467123922894,0.49146712392292374,-2.9753977059954195e-14,0,331.7213406121506
-5.0,b2464,,1,331,0.491467123922894,0.4901731955284042,0.001293928394489774,0,188.80026128891444
-5.0,b0008,,1,331,0.491467123922894,0.4901731955284023,0.0012939283944917168,0,188.80026128891402
-5.0,b3062,,1,14,0.491467123922894,0.491467123922922,-2.8033131371785203e-14,0,188.40597871714232
-5.0,b3061,,1,14,0.491467123922894,0.4914671239229306,-3.6637359812630166e-14,0,188.40597871714425
-5.0,b3063,,1,14,0.491467123922894,0.4914671239229306,-3.6637359812630166e-14,0,188.40597871714425
-5.0,b0368,,1,14,0.491467123922894,0.4914671239229306,-3.6637359812630166e-14,0,188.40597871714425
-5.0,b3790,,1,14,0.491467123922894,0.4914671239229306,-3.6637359812630166e-14,0,188.40597871714425
-5.0,b3791,,1,14,0.491467123922894,0.4914671239229306,-3.6637359812630166e-14,0,188.40597871714425
-5.0,b2038,,1,14,0.491467123922894,0.4914671239229306,-3.6637359812630166e-14,0,188.40597871714425
-5.0,b2040,,1,14,0.491467123922894,0.4914671239229306,-3.6637359812630166e-14,0,188.40597871714425
-5.0,b2041,,1,14,0.491467123922894,0.4914671239229306,-3.6637359812630166e-14,0,188.40597871714425
-5.0,b3788,,1,14,0.491467123922894,0.4914671239229306,-3.6637359812630166e-14,0,188.40597871714425
-5.0,b0915,,1,431,0.491467123922894,3.1709291072361084e-22,0.491467123922894,1,2298.0976259900935
-5.0,b2095,,1,14,0.491467123922894,0.49146712392290937,-1.5376588891058418e-14,0,188.40597871713982
-5.0,b3137,,1,14,0.491467123922894,0.49146712392293135,-3.735900477863652e-14,0,188.40597871714442
-5.0,b2096,,1,14,0.491467123922894,0.49146712392293135,-3.735900477863652e-14,0,188.40597871714442
-5.0,b3132,,1,14,0.491467123922894,0.49146712392293135,-3.735900477863652e-14,0,188.40597871714442
-5.0,b0166,,1,431,0.491467123922894,-4.122847449511465e-18,0.491467123922894,1,2638.524659850228
-5.0,b2480,,1,14,0.491467123922894,0.49146712392293007,-3.608224830031759e-14,0,188.40597871714414
-5.0,b0066,,1,14,0.491467123922894,0.49146712392293757,-4.3576253716537394e-14,0,188.40597871714522
-5.0,b0067,,1,14,0.491467123922894,0.49146712392293757,-4.3576253716537394e-14,0,188.40597871714522
-5.0,b0068,,1,14,0.491467123922894,0.49146712392293757,-4.3576253716537394e-14,0,188.40597871714522
-5.0,b3616,,1,14,0.491467123922894,0.49146712392293757,-4.3576253716537394e-14,0,188.40597871714522
-5.0,b3772,,1,425,0.491467123922894,5.880277233845837e-16,0.4914671239228934,1,2513.5178638206944
-5.0,b3117,,1,425,0.491467123922894,0.0,0.491467123922894,1,2513.5178638206667
-5.0,b1719,,1,14,0.491467123922894,0.4914671239229283,-3.430589146091734e-14,0,188.40597871714317
-5.0,b3823,,1,14,0.491467123922894,0.49146712392292685,-3.2862601528904634e-14,0,188.40597871714346
-5.0,b3992,,1,425,0.491467123922894,-1.146476136627228e-16,0.4914671239228941,1,2513.517863820676
-5.0,b3990,,1,425,0.491467123922894,0.0,0.491467123922894,1,2513.517863820675
-5.0,b0423,,1,425,0.491467123922894,0.0,0.491467123922894,1,2513.517863820675
-5.0,b4407,,1,425,0.491467123922894,0.0,0.491467123922894,1,2513.517863820675
-5.0,b2935,,2,435,0.491467123922894,7.893790865929833e-17,0.49146712392289393,1,2328.9602677775
-5.0,b2465,,2,435,0.491467123922894,-8.611613154474274e-30,0.491467123922894,1,2328.960267777499
-5.0,b0997,,2,14,0.491467123922894,0.49146712392292163,-2.7644553313166398e-14,0,188.40597871714255
-5.0,b0996,,2,14,0.491467123922894,0.49146712392293,-3.602673714908633e-14,0,188.4059787171439
-5.0,b2827,,1,425,0.491467123922894,8.245384944668149e-16,0.49146712392289316,1,2513.5178638206617
-5.0,b1106,,1,14,0.491467123922894,0.49146712392292935,-3.5360603334311236e-14,0,188.40597871714363
-5.0,b0417,,1,425,0.491467123922894,-2.748461648222717e-16,0.49146712392289427,1,2513.5178638206894
-5.0,b3993,,1,425,0.491467123922894,0.0,0.491467123922894,1,2513.517863820659
-5.0,b3919,,1,436,0.491467123922894,0.4049620594539038,0.0865050644689902,0,1384.147382390988
-5.0,b0613,,1,8,0.491467123922894,0.49146712392294795,-5.395683899678261e-14,0,0.15349346821431264
-5.0,b0888,,1,3,0.491467123922894,0.49146712392293024,-3.624878175401136e-14,0,0.07929176239194924
-5.0,b4239,,1,3,0.491467123922894,0.49146712392289,3.9968028886505635e-15,0,0.07929176239194055
-5.0,b1897,,1,3,0.491467123922894,0.49146712392289,3.9968028886505635e-15,0,0.07929176239194055
-5.0,b1896,,1,3,0.491467123922894,0.49146712392289,3.9968028886505635e-15,0,0.07929176239194055
-5.0,b3519,,1,3,0.491467123922894,0.49146712392289,3.9968028886505635e-15,0,0.07929176239194055
-5.0,b1197,,1,3,0.491467123922894,0.49146712392289,3.9968028886505635e-15,0,0.07929176239194055
-5.0,b4240,,1,3,0.491467123922894,0.49146712392289,3.9968028886505635e-15,0,0.07929176239194055
-5.0,b1260,,3,423,0.491467123922894,1.1560372782399618e-15,0.4914671239228928,1,2173.5174362505013
-5.0,b1261,,3,423,0.491467123922894,0.0,0.491467123922894,1,2173.517436250598
-5.0,b3384,,1,3,0.491467123922894,0.4914671239229187,-2.4702462297909733e-14,0,0.0792917623919467
-5.0,b3709,,1,3,0.491467123922894,0.49146712392292774,-3.375077994860476e-14,0,0.07929176239194871
-5.0,b0509,,1,3,0.491467123922894,0.49146712392292774,-3.375077994860476e-14,0,0.07929176239194871
-5.0,b3125,,1,3,0.491467123922894,0.49146712392292774,-3.375077994860476e-14,0,0.07929176239194871
-5.0,b3991,,1,423,0.491467123922894,3.2756037678745675e-17,0.49146712392289393,1,2173.5174362506077
-5.0,b1637,,1,3,0.491467123922894,0.49146712392293784,-4.3853809472693683e-14,0,0.0792917623919508
-5.0,b1907,,1,3,0.491467123922894,0.49146712392293074,-3.674838211509268e-14,0,0.07929176239194934
-5.0,b0179,,1,432,0.491467123922894,5.117786285215914e-15,0.4914671239228889,1,1956.5325915881824
-5.0,b0085,,1,453,0.491467123922894,3.784224724977662e-14,0.49146712392285613,1,2101.120496983421
-5.0,b3787,,1,3,0.491467123922894,0.49146712392292463,-3.064215547965432e-14,0,0.07929176239194799
-5.0,b3786,,1,3,0.491467123922894,0.4914671239229407,-4.668487818548783e-14,0,0.07929176239195143
-5.0,b0181,,1,435,0.491467123922894,-6.585073489865799e-16,0.49146712392289466,1,1935.8989866903892
-5.0,b3189,,1,453,0.491467123922894,7.311891841482262e-14,0.4914671239228209,1,2101.120496983266
-5.0,b0090,,1,453,0.491467123922894,0.0,0.491467123922894,1,2101.120496983574
-5.0,b0088,,1,453,0.491467123922894,0.0,0.491467123922894,1,2101.1204969835603
-5.0,b0091,,1,453,0.491467123922894,0.0,0.491467123922894,1,2101.1204969835635
-5.0,b3972,,1,453,0.491467123922894,0.0,0.491467123922894,1,2101.1204969835762
-5.0,b0841,,2,453,0.491467123922894,0.0,0.491467123922894,1,2101.120496983574
-5.0,b3057,,2,453,0.491467123922894,0.0,0.491467123922894,1,2101.1204969835794
-5.0,b0174,,1,453,0.491467123922894,0.0,0.491467123922894,1,2101.1204969835794
-5.0,b0759,,1,3,0.491467123922894,0.49146712392292347,-2.9476421303797906e-14,0,0.07929176239194768
-5.0,b2036,,1,3,0.491467123922894,0.4914671239229306,-3.6637359812630166e-14,0,0.0792917623919493
-5.0,b2028,,1,3,0.491467123922894,0.4914671239229306,-3.6637359812630166e-14,0,0.0792917623919493
-5.0,b2255,,2,3,0.491467123922894,0.4914671239229306,-3.6637359812630166e-14,0,0.0792917623919493
-5.0,b2253,,1,3,0.491467123922894,0.4914671239229306,-3.6637359812630166e-14,0,0.0792917623919493
-5.0,b0758,,1,3,0.491467123922894,0.4914671239229306,-3.6637359812630166e-14,0,0.0792917623919493
-5.0,b0505,,1,3,0.491467123922894,0.4914671239229306,-3.6637359812630166e-14,0,0.0792917623919493
-5.0,b0086,,1,429,0.491467123922894,-1.1040130642138269e-17,0.491467123922894,1,2282.4413297175174
-5.0,b0096,,1,432,0.491467123922894,2.1583886888713694e-15,0.4914671239228918,1,1956.5325915881115
-5.0,b2258,,1,3,0.491467123922894,0.4914671239229277,-3.36952687973735e-14,0,0.0792917623919486
-5.0,b4544,,1,3,0.491467123922894,0.49146712392292785,-3.3861802251067274e-14,0,0.07929176239194877
-5.0,b4233,,2,3,0.491467123922894,0.49146712392292785,-3.3861802251067274e-14,0,0.07929176239194877
-5.0,b0171,,1,444,0.491467123922894,-3.7123289240240754e-16,0.4914671239228944,1,2012.2810414075252
-5.0,b2256,,1,3,0.491467123922894,0.49146712392293307,-3.907985046680551e-14,0,0.07929176239194777
-5.0,b2254,,1,3,0.491467123922894,0.49146712392292596,-3.197442310920451e-14,0,0.07929176239194831
-5.0,b3803,,1,429,0.491467123922894,-8.859904605649562e-16,0.4914671239228949,1,2282.441329717486
-5.0,b3804,,1,429,0.491467123922894,0.0,0.491467123922894,1,2282.441329717497
-5.0,b3997,,1,429,0.491467123922894,0.0,0.491467123922894,1,2282.4413297174883
-5.0,b2498,,1,3,0.491467123922894,0.49146712392292635,-3.236300116782331e-14,0,0.07929176239194831
-5.0,b1011,,1,3,0.491467123922894,0.49146712392292474,-3.0753177782116836e-14,0,0.07929176239194807
-5.0,b2497,,1,3,0.491467123922894,0.49146712392292474,-3.0753177782116836e-14,0,0.07929176239194807
-5.0,b1006,,1,3,0.491467123922894,0.49146712392292474,-3.0753177782116836e-14,0,0.07929176239194807
-5.0,b0517,,1,3,0.491467123922894,0.49146712392292474,-3.0753177782116836e-14,0,0.07929176239194807
-5.0,b0524,,1,438,0.491467123922894,-7.873517361870638e-17,0.49146712392289404,1,1887.4869193985955
-5.0,b4258,,1,3,0.491467123922894,0.4914671239229237,-2.969846590872294e-14,0,0.07929176239194774
-5.0,b2682,,1,3,0.491467123922894,0.4914671239229245,-3.0531133177191805e-14,0,0.07929176239194799
-5.0,b2683,,1,3,0.491467123922894,0.4914671239229245,-3.0531133177191805e-14,0,0.07929176239194799
-5.0,b3572,,1,6,0.491467123922894,0.4914671239229245,-3.0531133177191805e-14,0,0.2090465884987212
-5.0,b4197,,1,6,0.491467123922894,0.49146712392293074,-3.674838211509268e-14,0,0.2090465884987221
-5.0,b2882,,1,6,0.491467123922894,0.49146712392293074,-3.674838211509268e-14,0,0.2090465884987221
-5.0,b3565,,2,6,0.491467123922894,0.49146712392293074,-3.674838211509268e-14,0,0.2090465884987221
-5.0,b3579,,1,6,0.491467123922894,0.49146712392293074,-3.674838211509268e-14,0,0.2090465884987221
-5.0,b3577,,1,6,0.491467123922894,0.49146712392293074,-3.674838211509268e-14,0,0.2090465884987221
-5.0,b3578,,1,6,0.491467123922894,0.49146712392293074,-3.674838211509268e-14,0,0.2090465884987221
-5.0,b3567,,1,6,0.491467123922894,0.49146712392293074,-3.674838211509268e-14,0,0.2090465884987221
-5.0,b3568,,1,6,0.491467123922894,0.49146712392293074,-3.674838211509268e-14,0,0.2090465884987221
-5.0,b3566,,1,6,0.491467123922894,0.49146712392293074,-3.674838211509268e-14,0,0.2090465884987221
-5.0,b4031,,1,6,0.491467123922894,0.49146712392293074,-3.674838211509268e-14,0,0.2090465884987221
-5.0,b1857,,1,6,0.491467123922894,0.49146712392293074,-3.674838211509268e-14,0,0.2090465884987221
-5.0,b1859,,1,6,0.491467123922894,0.49146712392293074,-3.674838211509268e-14,0,0.2090465884987221
-5.0,b1858,,1,6,0.491467123922894,0.49146712392293074,-3.674838211509268e-14,0,0.2090465884987221
-2.5,b1377,,270,429,0.366799589669811,0.0,0.366799589669811,1,5689.232447520602
-2.5,b2215,,271,429,0.366799589669811,0.0,0.366799589669811,1,5689.232447520602
-2.5,b0929,,271,429,0.366799589669811,0.0,0.366799589669811,1,5689.232447520602
-2.5,b0241,,270,429,0.366799589669811,0.0,0.366799589669811,1,5689.232447520602
-2.5,b4034,,6,15,0.366799589669811,0.3667995896696425,1.6853185513809876e-13,0,204.78778124842043
-2.5,b4033,,6,15,0.366799589669811,0.3667995896696554,1.555977569012157e-13,0,204.78778124841983
-2.5,b4032,,6,15,0.366799589669811,0.3667995896696554,1.555977569012157e-13,0,204.78778124841983
-2.5,b4035,,6,15,0.366799589669811,0.3667995896696554,1.555977569012157e-13,0,204.78778124841983
-2.5,b4036,,7,13,0.366799589669811,0.3667995896696554,1.555977569012157e-13,0,4.787781248362409
-2.5,b4213,,8,13,0.366799589669811,0.3667995896696554,1.555977569012157e-13,0,4.787781248362409
-2.5,b2835,,21,13,0.366799589669811,0.3667995896696554,1.555977569012157e-13,0,4.787781248362409
-2.5,b2836,,23,460,0.366799589669811,0.35443753005762324,0.012362059612187781,0,8.52408990508451
-2.5,b3553,,10,13,0.366799589669811,0.36679958966964615,1.6486811915683575e-13,0,4.787781248362788
-2.5,b1134,,2,13,0.366799589669811,0.36679958966964293,1.680877659282487e-13,0,4.787781248362935
-2.5,b0446,,2,13,0.366799589669811,0.36679958966964293,1.680877659282487e-13,0,4.787781248362935
-2.5,b1009,,1,13,0.366799589669811,0.36679958966964293,1.680877659282487e-13,0,4.787781248362935
-2.5,b0954,,13,13,0.366799589669811,0.36679958966964293,1.680877659282487e-13,0,4.787781248362935
-2.5,b0180,,14,444,0.366799589669811,0.0,0.366799589669811,1,674.206011901477
-2.5,b0347,,2,10,0.366799589669811,0.3667995896696489,1.6214807274650411e-13,0,4.676591207651076
-2.5,b3580,,2,10,0.366799589669811,0.366799589669651,1.6003864899971632e-13,0,4.676591207650952
-2.5,b1093,,14,437,0.366799589669811,5.030286337639893e-16,0.3667995896698105,1,593.9101934163356
-2.5,b2323,,13,437,0.366799589669811,0.0,0.366799589669811,1,593.9101934163392
-2.5,b1095,,9,437,0.366799589669811,0.0,0.366799589669811,1,593.9101934163447
-2.5,b1397,,2,10,0.366799589669811,0.36679958966964843,1.6259216195635418e-13,0,4.676591207650999
-2.5,b1245,,2,10,0.366799589669811,0.366799589669647,1.6403545188836688e-13,0,4.676591207651091
-2.5,b1244,,2,10,0.366799589669811,0.366799589669647,1.6403545188836688e-13,0,4.676591207651091
-2.5,b1329,,1,10,0.366799589669811,0.366799589669647,1.6403545188836688e-13,0,4.676591207651091
-2.5,b1246,,2,10,0.366799589669811,0.366799589669647,1.6403545188836688e-13,0,4.676591207651091
-2.5,b1247,,2,10,0.366799589669811,0.366799589669647,1.6403545188836688e-13,0,4.676591207651091
-2.5,b1386,,3,10,0.366799589669811,0.366799589669647,1.6403545188836688e-13,0,4.676591207651091
-2.5,b0004,,2,431,0.366799589669811,1.5202747034100947e-16,0.36679958966981085,1,932.7602108270935
-2.5,b1192,,4,10,0.366799589669811,0.3667995896696509,1.6009416015094757e-13,0,4.676591207651005
-2.5,b1243,,1,10,0.366799589669811,0.3667995896696474,1.6364687382974807e-13,0,4.6765912076510965
-2.5,b4266,,1,10,0.366799589669811,0.3667995896696474,1.6364687382974807e-13,0,4.6765912076510965
-2.5,b4265,,3,10,0.366799589669811,0.3667995896696474,1.6364687382974807e-13,0,4.6765912076510965
-2.5,b0159,,3,425,0.366799589669811,-3.88402797288077e-13,0.36679958967019943,1,823.6165011400045
-2.5,b3197,,1,440,0.366799589669811,3.187292639079785e-14,0.36679958966977916,1,608.8290274904507
-2.5,b2708,,1,440,0.366799589669811,0.0,0.366799589669811,1,608.8290274905103
-2.5,b1094,,26,440,0.366799589669811,0.0,0.366799589669811,1,608.8290274905103
-2.5,b4481,,1,10,0.366799589669811,0.36679958966964865,1.6237011735142914e-13,0,4.676591207651007
-2.5,b1927,,1,10,0.366799589669811,0.36679958966963894,1.7208456881689926e-13,0,4.676591207651505
-2.5,b3571,,1,10,0.366799589669811,0.36679958966963894,1.7208456881689926e-13,0,4.676591207651505
-2.5,b2901,,1,10,0.366799589669811,0.36679958966963894,1.7208456881689926e-13,0,4.676591207651505
-2.5,b1302,,1,10,0.366799589669811,0.36679958966963894,1.7208456881689926e-13,0,4.676591207651505
-2.5,b2662,,1,10,0.366799589669811,0.36679958966963894,1.7208456881689926e-13,0,4.676591207651505
-2.5,b1444,,1,10,0.366799589669811,0.36679958966963894,1.7208456881689926e-13,0,4.676591207651505
-2.5,b2663,,1,10,0.366799589669811,0.36679958966963894,1.7208456881689926e-13,0,4.676591207651505
-2.5,b2222,,3,10,0.366799589669811,0.36679958966963894,1.7208456881689926e-13,0,4.676591207651505
-2.5,b2221,,3,10,0.366799589669811,0.36679958966963894,1.7208456881689926e-13,0,4.676591207651505
-2.5,b2224,,1,448,0.366799589669811,0.35483371697174654,0.011965872698064484,0,8.30484987154653
-2.5,b2342,,8,459,0.366799589669811,0.3544375300576165,0.012362059612194498,0,8.415440217244825
-2.5,b3845,,8,459,0.366799589669811,0.3544375300576156,0.012362059612195442,0,8.415440217244761
-2.5,b2223,,3,10,0.366799589669811,0.36679958966964654,1.6447954109821694e-13,0,4.676591207651135
-2.5,b1241,,2,425,0.366799589669811,0.3395594310768095,0.027240158593001496,0,284.8984293605086
-2.5,b0351,,1,425,0.366799589669811,0.3395594310768069,0.027240158593004105,0,284.89842936051025
-2.5,s0001,,39,429,0.366799589669811,1.5455214492560945e-14,0.3667995896697956,1,1230.9725733638973
-2.5,b1463,,1,16,0.366799589669811,0.36679958966966625,1.4477308241112041e-13,0,4.831948137395006
-2.5,b1993,,2,16,0.366799589669811,0.36679958966963766,1.733613252952182e-13,0,4.8319481373963376
-2.5,b2316,,1,441,0.366799589669811,-1.2855393173316675e-14,0.3667995896698239,1,608.9693626843115
-2.5,b3255,,1,441,0.366799589669811,0.0,0.366799589669811,1,608.9693626842816
-2.5,b0185,,1,441,0.366799589669811,0.0,0.366799589669811,1,608.9693626842816
-2.5,b3256,,1,441,0.366799589669811,0.0,0.366799589669811,1,608.9693626842816
-2.5,b4069,,2,13,0.366799589669811,0.36679958966964665,1.6436851879575443e-13,0,4.7877812483625775
-2.5,b1119,,1,13,0.366799589669811,0.36679958966965054,1.6048273820956638e-13,0,4.78778124836254
-2.5,b3784,,1,13,0.366799589669811,0.36679958966965054,1.6048273820956638e-13,0,4.78778124836254
-2.5,b2415,,18,427,0.366799589669811,0.33909569316892196,0.027703896500889058,0,618.2462970922957
-2.5,b0679,,1,13,0.366799589669811,0.3667995896696489,1.6214807274650411e-13,0,4.78778124836261
-2.5,b1101,,2,427,0.366799589669811,0.33909569316892196,0.027703896500889058,0,618.2462970922957
-2.5,b2417,,6,427,0.366799589669811,0.33909569316892024,0.02770389650089078,0,618.2462970922954
-2.5,b2416,,19,427,0.366799589669811,0.33909569316892024,0.02770389650089078,0,618.2462970922954
-2.5,b3959,,1,435,0.366799589669811,-4.057086495709628e-16,0.3667995896698114,1,1260.811189205519
-2.5,b2818,,1,435,0.366799589669811,0.0,0.366799589669811,1,1260.8111892055233
-2.5,b0078,,2,435,0.366799589669811,0.0,0.366799589669811,1,1260.8111892055233
-2.5,b3670,,2,435,0.366799589669811,0.0,0.366799589669811,1,1260.811189205504
-2.5,b3671,,2,435,0.366799589669811,0.0,0.366799589669811,1,1260.811189205504
-2.5,b0077,,2,435,0.366799589669811,0.0,0.366799589669811,1,1260.811189205504
-2.5,b3115,,2,437,0.366799589669811,0.31510788341123175,0.05169170625857927,0,2845.704145175595
-2.5,b1849,,2,438,0.366799589669811,0.3151078834112243,0.05169170625858671,0,2845.707041101703
-2.5,b2296,,1,438,0.366799589669811,0.3151078834112248,0.05169170625858621,0,2845.707041101705
-2.5,b2428,,1,16,0.366799589669811,0.36679958966964427,1.667554982986985e-13,0,4.79281381740458
-2.5,b3794,,1,16,0.366799589669811,0.3667995896696485,1.6253665080512292e-13,0,4.7928138174044
-2.5,b1818,,5,428,0.366799589669811,0.3390956931689201,0.027703896500890945,0,618.2501263012349
-2.5,b1819,,5,428,0.366799589669811,0.3390956931689196,0.027703896500891445,0,618.2501263012347
-2.5,b1817,,5,428,0.366799589669811,0.3390956931689196,0.027703896500891445,0,618.2501263012347
-2.5,b2429,,2,16,0.366799589669811,0.36679958966964726,1.637578961322106e-13,0,4.792813817404457
-2.5,b3224,,1,16,0.366799589669811,0.3667995896696485,1.6253665080512292e-13,0,4.7928138174044
-2.5,b4311,,1,16,0.366799589669811,0.3667995896696485,1.6253665080512292e-13,0,4.7928138174044
-2.5,b3225,,1,16,0.366799589669811,0.3667995896696485,1.6253665080512292e-13,0,4.7928138174044
-2.5,b0221,,8,462,0.366799589669811,0.35443753005761025,0.012362059612200771,0,8.544479489591863
-2.5,b1091,,3,481,0.366799589669811,0.0,0.366799589669811,1,577.5133112745792
-2.5,b3957,,2,481,0.366799589669811,0.0,0.366799589669811,1,577.5133112745805
-2.5,b3200,,9,429,0.366799589669811,0.0,0.366799589669811,1,582.9128403988924
-2.5,b4261,,9,429,0.366799589669811,0.0,0.366799589669811,1,582.9128403988931
-2.5,b3201,,9,429,0.366799589669811,0.0,0.366799589669811,1,582.9128403988931
-2.5,b4262,,9,429,0.366799589669811,0.0,0.366799589669811,1,582.9128403988931
-2.5,b3199,,9,429,0.366799589669811,0.0,0.366799589669811,1,582.9128403988931
-2.5,b1519,,1,16,0.366799589669811,0.3667995896696499,1.6114887202434147e-13,0,4.792813817404315
-2.5,b1276,,2,425,0.366799589669811,-1.0918614482423615e-17,0.366799589669811,1,823.6165011386375
-2.5,b0118,,3,425,0.366799589669811,1.823718338234606e-29,0.366799589669811,1,823.6165011386246
-2.5,b1748,,2,425,0.366799589669811,1.823718338234606e-29,0.366799589669811,1,823.6165011386246
-2.5,b3359,,2,425,0.366799589669811,0.0,0.366799589669811,1,823.6165011386437
-2.5,b1090,,7,22,0.366799589669811,0.36679958966965215,1.588729148238599e-13,0,4.796740843284346
-2.5,b3475,,1,22,0.366799589669811,0.36679958966964676,1.642574964932919e-13,0,4.796740843284558
-2.5,b2563,,1,22,0.366799589669811,0.36679958966964676,1.642574964932919e-13,0,4.796740843284558
-2.5,b2578,,2,22,0.366799589669811,0.36679958966964676,1.642574964932919e-13,0,4.796740843284558
-2.5,b1533,,2,22,0.366799589669811,0.36679958966964676,1.642574964932919e-13,0,4.796740843284558
-2.5,b4067,,2,22,0.366799589669811,0.36679958966964676,1.642574964932919e-13,0,4.796740843284558
-2.5,b1623,,2,22,0.366799589669811,0.36679958966964676,1.642574964932919e-13,0,4.796740843284558
-2.5,b1096,,1,425,0.366799589669811,-2.3519088056706237e-17,0.366799589669811,1,823.6165011386372
-2.5,b1812,,2,425,0.366799589669811,0.0,0.366799589669811,1,823.616501138635
-2.5,b3360,,1,425,0.366799589669811,0.0,0.366799589669811,1,823.616501138635
-2.5,b3665,,1,22,0.366799589669811,0.36679958966964354,1.6747714326470486e-13,0,4.79674084328468
-2.5,b3654,,3,22,0.366799589669811,0.36679958966964676,1.642574964932919e-13,0,4.796740843284558
-2.5,b3714,,1,22,0.366799589669811,0.36679958966964676,1.642574964932919e-13,0,4.796740843284558
-2.5,b0474,,13,432,0.366799589669811,1.0042264271390169e-14,0.366799589669801,1,594.4501980089007
-2.5,b0120,,1,26,0.366799589669811,0.3667995896696017,2.0933255129307327e-13,0,4.797691936127817
-2.5,b3806,,1,26,0.366799589669811,0.36679958966964255,1.684763439868675e-13,0,4.79769193612336
-2.5,b0030,,5,26,0.366799589669811,0.36679958966964255,1.684763439868675e-13,0,4.79769193612336
-2.5,b2393,,7,26,0.366799589669811,0.36679958966964255,1.684763439868675e-13,0,4.79769193612336
-2.5,b2964,,11,26,0.366799589669811,0.36679958966964255,1.684763439868675e-13,0,4.79769193612336
-2.5,b2406,,6,26,0.366799589669811,0.36679958966964255,1.684763439868675e-13,0,4.79769193612336
-2.5,b0411,,7,26,0.366799589669811,0.36679958966964255,1.684763439868675e-13,0,4.79769193612336
-2.5,b1992,,1,26,0.366799589669811,0.36679958966964255,1.684763439868675e-13,0,4.79769193612336
-2.5,b1709,,3,26,0.366799589669811,0.36679958966964255,1.684763439868675e-13,0,4.79769193612336
-2.5,b0158,,3,26,0.366799589669811,0.36679958966964255,1.684763439868675e-13,0,4.79769193612336
-2.5,b1711,,3,26,0.366799589669811,0.36679958966964255,1.684763439868675e-13,0,4.79769193612336
-2.5,b3966,,3,26,0.366799589669811,0.36679958966964255,1.684763439868675e-13,0,4.79769193612336
-2.5,b3005,,10,26,0.366799589669811,0.36679958966964255,1.684763439868675e-13,0,4.79769193612336
-2.5,b3006,,10,26,0.366799589669811,0.36679958966964255,1.684763439868675e-13,0,4.79769193612336
-2.5,b1252,,10,26,0.366799589669811,0.36679958966964255,1.684763439868675e-13,0,4.79769193612336
-2.5,b3397,,1,26,0.366799589669811,0.36679958966964255,1.684763439868675e-13,0,4.79769193612336
-2.5,b3034,,1,26,0.366799589669811,0.36679958966964255,1.684763439868675e-13,0,4.79769193612336
-2.5,b0469,,1,22,0.366799589669811,0.36679958966964255,1.684763439868675e-13,0,4.796740843284783
-2.5,b2750,,1,425,0.366799589669811,-7.09771731706264e-18,0.366799589669811,1,823.6165011386421
-2.5,b1131,,2,425,0.366799589669811,9.739545294536626e-14,0.3667995896697136,1,823.6165011383166
-2.5,b4177,,1,425,0.366799589669811,3.142848279260179e-14,0.3667995896697796,1,823.6165011385301
-2.5,b0677,,1,19,0.366799589669811,0.3667995896696076,2.0344836926255994e-13,0,4.791708274244344
-2.5,b0110,,4,19,0.366799589669811,0.3667995896696406,1.7041923427996153e-13,0,4.791708274243259
-2.5,b2817,,2,19,0.366799589669811,0.3667995896696406,1.7041923427996153e-13,0,4.791708274243259
-2.5,b2435,,2,19,0.366799589669811,0.3667995896696406,1.7041923427996153e-13,0,4.791708274243259
-2.5,b4169,,2,19,0.366799589669811,0.3667995896696406,1.7041923427996153e-13,0,4.791708274243259
-2.5,b1107,,3,19,0.366799589669811,0.3667995896696406,1.7041923427996153e-13,0,4.791708274243259
-2.5,b0433,,3,19,0.366799589669811,0.3667995896696406,1.7041923427996153e-13,0,4.791708274243259
-2.5,b3619,,1,19,0.366799589669811,0.3667995896696406,1.7041923427996153e-13,0,4.791708274243259
-2.5,b2937,,1,19,0.366799589669811,0.3667995896696406,1.7041923427996153e-13,0,4.791708274243259
-2.5,b3018,,7,425,0.366799589669811,-4.046130473839865e-15,0.3667995896698151,1,823.6165011386198
-2.5,b3958,,1,425,0.366799589669811,0.0,0.366799589669811,1,823.6165011386435
-2.5,b0575,,2,19,0.366799589669811,0.36679958966964454,1.6647794254254222e-13,0,4.791708274242958
-2.5,b0572,,2,19,0.366799589669811,0.36679958966966175,1.492694856608523e-13,0,4.791708274242136
-2.5,b0573,,2,19,0.366799589669811,0.36679958966966175,1.492694856608523e-13,0,4.791708274242136
-2.5,b0574,,2,19,0.366799589669811,0.36679958966966175,1.492694856608523e-13,0,4.791708274242136
-2.5,b4006,,2,425,0.366799589669811,1.2875730097232696e-13,0.3667995896696823,1,823.6165011382283
-2.5,b0522,,1,425,0.366799589669811,1.8634710136090376e-14,0.36679958966979237,1,823.6165011385744
-2.5,b0523,,1,425,0.366799589669811,3.123596854625193e-14,0.36679958966977977,1,823.6165011385359
-2.5,b0727,,1,19,0.366799589669811,0.36679958966964415,1.6686652060116103e-13,0,4.791708274242901
-2.5,b0116,,3,254,0.366799589669811,0.3667766444557616,2.2945214049441276e-05,0,4.793848251339127
-2.5,b0726,,1,19,0.366799589669811,0.36679958966965565,1.5537571229629066e-13,0,4.791708274242439
-2.5,b2587,,1,19,0.366799589669811,0.36679958966966175,1.492694856608523e-13,0,4.791708274242136
-2.5,b1488,,1,19,0.366799589669811,0.36679958966966175,1.492694856608523e-13,0,4.791708274242136
-2.5,b3542,,3,19,0.366799589669811,0.36679958966966175,1.492694856608523e-13,0,4.791708274242136
-2.5,b1486,,1,19,0.366799589669811,0.36679958966966175,1.492694856608523e-13,0,4.791708274242136
-2.5,b1485,,1,19,0.366799589669811,0.36679958966966175,1.492694856608523e-13,0,4.791708274242136
-2.5,b3543,,3,19,0.366799589669811,0.36679958966966175,1.492694856608523e-13,0,4.791708274242136
-2.5,b3541,,3,19,0.366799589669811,0.36679958966966175,1.492694856608523e-13,0,4.791708274242136
-2.5,b1484,,1,19,0.366799589669811,0.36679958966966175,1.492694856608523e-13,0,4.791708274242136
-2.5,b3540,,3,19,0.366799589669811,0.36679958966966175,1.492694856608523e-13,0,4.791708274242136
-2.5,b3544,,3,19,0.366799589669811,0.36679958966966175,1.492694856608523e-13,0,4.791708274242136
-2.5,b1483,,1,19,0.366799589669811,0.36679958966966175,1.492694856608523e-13,0,4.791708274242136
-2.5,b1487,,1,19,0.366799589669811,0.36679958966966175,1.492694856608523e-13,0,4.791708274242136
-2.5,b0092,,1,425,0.366799589669811,-1.0250880402890962e-16,0.36679958966981113,1,823.6165011386802
-2.5,b0381,,1,425,0.366799589669811,0.0,0.366799589669811,1,823.6165011386355
-2.5,b1325,,1,19,0.366799589669811,0.3667995896696485,1.6253665080512292e-13,0,4.791708274242809
-2.5,b1190,,1,425,0.366799589669811,4.428013161458951e-16,0.3667995896698106,1,823.6165011386832
-2.5,b4053,,1,425,0.366799589669811,0.0,0.366799589669811,1,823.6165011386224
-2.5,b2551,,6,426,0.366799589669811,0.3583733999253033,0.008426189744507706,0,13.964208278005838
-2.5,b0870,,4,19,0.366799589669811,0.36679958966964604,1.6497914145929826e-13,0,4.791708274242892
-2.5,b2379,,1,22,0.366799589669811,0.36679958966964343,1.6758816556716738e-13,0,5.198989493011513
-2.5,b2290,,1,22,0.366799589669811,0.36679958966964843,1.6259216195635418e-13,0,5.198989493011323
-2.5,b2697,,1,22,0.366799589669811,0.36679958966964843,1.6259216195635418e-13,0,5.198989493011323
-2.5,b3460,,5,22,0.366799589669811,0.36679958966964843,1.6259216195635418e-13,0,5.198989493011323
-2.5,b3456,,5,22,0.366799589669811,0.36679958966964843,1.6259216195635418e-13,0,5.198989493011323
-2.5,b3457,,5,22,0.366799589669811,0.36679958966964843,1.6259216195635418e-13,0,5.198989493011323
-2.5,b3455,,5,22,0.366799589669811,0.36679958966964843,1.6259216195635418e-13,0,5.198989493011323
-2.5,b3454,,5,22,0.366799589669811,0.36679958966964843,1.6259216195635418e-13,0,5.198989493011323
-2.5,b4208,,5,282,0.366799589669811,0.36675723823768386,4.235143212716341e-05,0,5.206181753847056
-2.5,b0007,,2,26,0.366799589669811,0.3667995896696546,1.5643042416968456e-13,0,5.199004073065113
-2.5,b0356,,3,431,0.366799589669811,0.33955943107681236,0.027240158592998664,0,285.3832137565939
-2.5,b1478,,1,431,0.366799589669811,0.33955943107680636,0.02724015859300466,0,285.3832137566009
-2.5,b1385,,1,26,0.366799589669811,0.36679958966964066,1.7036372312873027e-13,0,5.199004073065932
-2.5,b1300,,2,26,0.366799589669811,0.36679958966964943,1.6159296123419153e-13,0,5.199004073065511
-2.5,b3588,,2,26,0.366799589669811,0.36679958966964943,1.6159296123419153e-13,0,5.199004073065511
-2.5,b4084,,1,26,0.366799589669811,0.36679958966964943,1.6159296123419153e-13,0,5.199004073065511
-2.5,b4090,,2,435,0.366799589669811,0.23472603362180944,0.13207355604800158,0,494.664371622858
-2.5,b0516,,1,26,0.366799589669811,0.3667995896696533,1.5770718064800349e-13,0,5.199004073065319
-2.5,b0512,,1,26,0.366799589669811,0.3667995896696506,1.6042722705833512e-13,0,5.199004073065482
-2.5,b0511,,1,26,0.366799589669811,0.3667995896696506,1.6042722705833512e-13,0,5.199004073065482
-2.5,b4085,,1,26,0.366799589669811,0.3667995896696506,1.6042722705833512e-13,0,5.199004073065482
-2.5,b4087,,2,26,0.366799589669811,0.3667995896696506,1.6042722705833512e-13,0,5.199004073065482
-2.5,b4086,,2,26,0.366799589669811,0.3667995896696506,1.6042722705833512e-13,0,5.199004073065482
-2.5,b4088,,2,26,0.366799589669811,0.3667995896696506,1.6042722705833512e-13,0,5.199004073065482
-2.5,b0657,,2,26,0.366799589669811,0.3667995896696506,1.6042722705833512e-13,0,5.199004073065482
-2.5,b1677,,2,26,0.366799589669811,0.3667995896696506,1.6042722705833512e-13,0,5.199004073065482
-2.5,b1781,,1,26,0.366799589669811,0.3667995896696506,1.6042722705833512e-13,0,5.199004073065482
-2.5,b3001,,1,26,0.366799589669811,0.3667995896696506,1.6042722705833512e-13,0,5.199004073065482
-2.5,b0207,,2,26,0.366799589669811,0.3667995896696506,1.6042722705833512e-13,0,5.199004073065482
-2.5,b3012,,2,26,0.366799589669811,0.3667995896696506,1.6042722705833512e-13,0,5.199004073065482
-2.5,b3945,,4,26,0.366799589669811,0.3667995896696506,1.6042722705833512e-13,0,5.199004073065482
-2.5,b3091,,1,26,0.366799589669811,0.3667995896696506,1.6042722705833512e-13,0,5.199004073065482
-2.5,b3416,,4,26,0.366799589669811,0.3667995896696506,1.6042722705833512e-13,0,5.199004073065482
-2.5,b3223,,1,26,0.366799589669811,0.3667995896696506,1.6042722705833512e-13,0,5.199004073065482
-2.5,b3222,,1,26,0.366799589669811,0.3667995896696506,1.6042722705833512e-13,0,5.199004073065482
-2.5,b0774,,1,425,0.366799589669811,-8.732111365124348e-16,0.3667995896698119,1,823.6165011386486
-2.5,b3833,,2,26,0.366799589669811,0.36679958966965204,1.5898393712632242e-13,0,5.199004073065465
-2.5,b3994,,1,425,0.366799589669811,2.351793043793408e-16,0.3667995896698108,1,823.6165011386347
-2.5,b1982,,1,26,0.366799589669811,0.36679958966964515,1.6586731987899839e-13,0,5.199004073065734
-2.5,b0932,,2,26,0.366799589669811,0.36679958966964904,1.6198153929281034e-13,0,5.1990040730655895
-2.5,b0237,,3,26,0.366799589669811,0.36679958966964904,1.6198153929281034e-13,0,5.1990040730655895
-2.5,b4260,,2,26,0.366799589669811,0.36679958966964904,1.6198153929281034e-13,0,5.1990040730655895
-2.5,b2523,,2,26,0.366799589669811,0.36679958966964904,1.6198153929281034e-13,0,5.1990040730655895
-2.5,b1640,,1,26,0.366799589669811,0.36679958966964904,1.6198153929281034e-13,0,5.1990040730655895
-2.5,b1263,,2,425,0.366799589669811,0.0,0.366799589669811,1,823.6165011386383
-2.5,b1264,,1,425,0.366799589669811,0.0,0.366799589669811,1,823.6165011386515
-2.5,b0776,,1,425,0.366799589669811,0.0,0.366799589669811,1,823.6165011386515
-2.5,b0049,,3,26,0.366799589669811,0.36679958966965287,1.5815126985785355e-13,0,5.199004073065396
-2.5,b4129,,2,26,0.366799589669811,0.36679958966964904,1.6198153929281034e-13,0,5.1990040730655895
-2.5,b0121,,2,26,0.366799589669811,0.36679958966964904,1.6198153929281034e-13,0,5.1990040730655895
-2.5,b3059,,7,26,0.366799589669811,0.36679958966964904,1.6198153929281034e-13,0,5.1990040730655895
-2.5,b0968,,7,26,0.366799589669811,0.36679958966964904,1.6198153929281034e-13,0,5.1990040730655895
-2.5,b0414,,2,425,0.366799589669811,7.221081220356857e-16,0.3667995896698103,1,823.6165011386405
-2.5,b0062,,1,26,0.366799589669811,0.36679958966964504,1.659783421814609e-13,0,5.199004073065695
-2.5,b0153,,5,26,0.366799589669811,0.3667995896696146,1.963984530561902e-13,0,5.199004073067121
-2.5,b0151,,5,26,0.366799589669811,0.3667995896696146,1.963984530561902e-13,0,5.199004073067121
-2.5,b0152,,5,26,0.366799589669811,0.3667995896696146,1.963984530561902e-13,0,5.199004073067121
-2.5,b2715,,1,26,0.366799589669811,0.3667995896696146,1.963984530561902e-13,0,5.199004073067121
-2.5,b3722,,1,26,0.366799589669811,0.3667995896696146,1.963984530561902e-13,0,5.199004073067121
-2.5,b1900,,1,26,0.366799589669811,0.3667995896696146,1.963984530561902e-13,0,5.199004073067121
-2.5,b4460,,1,26,0.366799589669811,0.3667995896696146,1.963984530561902e-13,0,5.199004073067121
-2.5,b1901,,1,26,0.366799589669811,0.3667995896696146,1.963984530561902e-13,0,5.199004073067121
-2.5,b2841,,1,26,0.366799589669811,0.3667995896696146,1.963984530561902e-13,0,5.199004073067121
-2.5,b1528,,3,26,0.366799589669811,0.3667995896696146,1.963984530561902e-13,0,5.199004073067121
-2.5,b4115,,1,26,0.366799589669811,0.3667995896696146,1.963984530561902e-13,0,5.199004073067121
-2.5,b4117,,1,26,0.366799589669811,0.3667995896696146,1.963984530561902e-13,0,5.199004073067121
-2.5,b2938,,1,26,0.366799589669811,0.3667995896696146,1.963984530561902e-13,0,5.199004073067121
-2.5,b1605,,1,26,0.366799589669811,0.3667995896696146,1.963984530561902e-13,0,5.199004073067121
-2.5,b3960,,1,425,0.366799589669811,-2.117243191222609e-15,0.36679958966981313,1,823.6165011385343
-2.5,b3172,,1,425,0.366799589669811,0.0,0.366799589669811,1,823.6165011386627
-2.5,b1876,,1,26,0.366799589669811,0.3667995896696466,1.6442402994698568e-13,0,5.199004073065702
-2.5,b2310,,3,26,0.366799589669811,0.3667995896696146,1.963984530561902e-13,0,5.199004073067121
-2.5,b0863,,1,26,0.366799589669811,0.3667995896696146,1.963984530561902e-13,0,5.199004073067121
-2.5,b0860,,1,26,0.366799589669811,0.3667995896696146,1.963984530561902e-13,0,5.199004073067121
-2.5,b2307,,4,26,0.366799589669811,0.3667995896696146,1.963984530561902e-13,0,5.199004073067121
-2.5,b2308,,4,26,0.366799589669811,0.3667995896696146,1.963984530561902e-13,0,5.199004073067121
-2.5,b0862,,1,26,0.366799589669811,0.3667995896696146,1.963984530561902e-13,0,5.199004073067121
-2.5,b2306,,4,26,0.366799589669811,0.3667995896696146,1.963984530561902e-13,0,5.199004073067121
-2.5,b0864,,1,26,0.366799589669811,0.3667995896696146,1.963984530561902e-13,0,5.199004073067121
-2.5,b0861,,1,26,0.366799589669811,0.3667995896696146,1.963984530561902e-13,0,5.199004073067121
-2.5,b2923,,2,26,0.366799589669811,0.3667995896696146,1.963984530561902e-13,0,5.199004073067121
-2.5,b3433,,1,425,0.366799589669811,0.0,0.366799589669811,1,823.6165011385262
-2.5,b4192,,1,26,0.366799589669811,0.36679958966964654,1.6447954109821694e-13,0,5.199004073065691
-2.5,b4194,,1,26,0.366799589669811,0.3667995896696146,1.963984530561902e-13,0,5.199004073067121
-2.5,b4193,,1,26,0.366799589669811,0.3667995896696146,1.963984530561902e-13,0,5.199004073067121
-2.5,b4195,,1,26,0.366799589669811,0.3667995896696146,1.963984530561902e-13,0,5.199004073067121
-2.5,b1767,,1,26,0.366799589669811,0.3667995896696146,1.963984530561902e-13,0,5.199004073067121
-2.5,b0828,,1,26,0.366799589669811,0.3667995896696146,1.963984530561902e-13,0,5.199004073067121
-2.5,b2957,,2,26,0.366799589669811,0.3667995896696146,1.963984530561902e-13,0,5.199004073067121
-2.5,b0674,,1,26,0.366799589669811,0.3667995896696146,1.963984530561902e-13,0,5.199004073067121
-2.5,b3744,,1,328,0.366799589669811,0.36582238110709225,0.0009772085627187677,0,5.207903671126193
-2.5,b0930,,1,26,0.366799589669811,0.3667995896696493,1.6170398353665405e-13,0,5.199004073065376
-2.5,b1453,,1,26,0.366799589669811,0.3667995896696146,1.963984530561902e-13,0,5.199004073067121
-2.5,b3502,,1,26,0.366799589669811,0.3667995896696146,1.963984530561902e-13,0,5.199004073067121
-2.5,b0131,,1,425,0.366799589669811,-2.3713168104440493e-12,0.36679958967218235,1,823.6165011468446
-2.5,b4245,,1,425,0.366799589669811,6.032967529062257e-28,0.366799589669811,1,823.6165011386386
-2.5,b4244,,1,425,0.366799589669811,5.6198465617191965e-31,0.366799589669811,1,823.6165011386378
-2.5,b0002,,2,425,0.366799589669811,5.6198465617191965e-31,0.366799589669811,1,823.6165011386378
-2.5,b4024,,1,425,0.366799589669811,0.0,0.366799589669811,1,823.6165011386328
-2.5,b3940,,2,425,0.366799589669811,-1.6114505317663626e-16,0.3667995896698112,1,823.6165011386212
-2.5,b2574,,4,425,0.366799589669811,1.71667957217595e-12,0.36679958966809434,1,823.6165011326019
-2.5,b4139,,1,26,0.366799589669811,0.3667995896700478,-2.3675506000131463e-13,0,5.199004073048404
-2.5,b0928,,3,425,0.366799589669811,-9.527594360501737e-14,0.3667995896699063,1,823.6165011388666
-2.5,b1866,,1,26,0.366799589669811,0.3667995896696474,1.6364687382974807e-13,0,5.1990040730656535
-2.5,b0654,,2,26,0.366799589669811,0.3667995896696146,1.963984530561902e-13,0,5.199004073067121
-2.5,b0655,,2,26,0.366799589669811,0.3667995896696146,1.963984530561902e-13,0,5.199004073067121
-2.5,b0652,,2,26,0.366799589669811,0.3667995896696146,1.963984530561902e-13,0,5.199004073067121
-2.5,b0653,,2,26,0.366799589669811,0.3667995896696146,1.963984530561902e-13,0,5.199004073067121
-2.5,b3528,,6,26,0.366799589669811,0.3667995896696146,1.963984530561902e-13,0,5.199004073067121
-2.5,b4123,,9,26,0.366799589669811,0.3667995896696146,1.963984530561902e-13,0,5.199004073067121
-2.5,b4138,,7,26,0.366799589669811,0.3667995896696146,1.963984530561902e-13,0,5.199004073067121
-2.5,b4077,,2,26,0.366799589669811,0.3667995896696146,1.963984530561902e-13,0,5.199004073067121
-2.5,b3503,,1,26,0.366799589669811,0.3667995896696146,1.963984530561902e-13,0,5.199004073067121
-2.5,b1064,,7,26,0.366799589669811,0.3667995896696146,1.963984530561902e-13,0,5.199004073067121
-2.5,b1747,,1,26,0.366799589669811,0.3667995896696146,1.963984530561902e-13,0,5.199004073067121
-2.5,b1539,,4,26,0.366799589669811,0.3667995896696146,1.963984530561902e-13,0,5.199004073067121
-2.5,b2019,,1,425,0.366799589669811,4.234486382445218e-15,0.3667995896698068,1,823.6165011385282
-2.5,b3738,,1,433,0.366799589669811,0.3496156592270119,0.017183930442799145,0,10.52935895242223
-2.5,b3733,,1,433,0.366799589669811,0.34961565922701804,0.017183930442792983,0,10.529358952422813
-2.5,b3732,,1,433,0.366799589669811,0.34961565922701804,0.017183930442792983,0,10.529358952422813
-2.5,b3739,,1,433,0.366799589669811,0.34961565922701804,0.017183930442792983,0,10.529358952422813
-2.5,b3736,,1,433,0.366799589669811,0.34961565922701804,0.017183930442792983,0,10.529358952422813
-2.5,b3737,,1,433,0.366799589669811,0.34961565922701804,0.017183930442792983,0,10.529358952422813
-2.5,b3734,,1,433,0.366799589669811,0.34961565922701804,0.017183930442792983,0,10.529358952422813
-2.5,b3735,,1,433,0.366799589669811,0.34961565922701804,0.017183930442792983,0,10.529358952422813
-2.5,b3731,,1,433,0.366799589669811,0.34961565922701804,0.017183930442792983,0,10.529358952422813
-2.5,b0312,,2,26,0.366799589669811,0.36679958966965687,1.5415446696920299e-13,0,5.199004073065197
-2.5,b0827,,4,425,0.366799589669811,7.221054673093628e-16,0.3667995896698103,1,823.6165011386292
-2.5,b3857,,5,425,0.366799589669811,0.0,0.366799589669811,1,823.6165011386345
-2.5,b3856,,5,425,0.366799589669811,0.0,0.366799589669811,1,823.6165011386338
-2.5,b4214,,1,425,0.366799589669811,0.0,0.366799589669811,1,823.6165011386338
-2.5,b3551,,3,26,0.366799589669811,0.3667995896696424,1.6864287744056128e-13,0,5.1990040730658835
-2.5,b0775,,1,425,0.366799589669811,7.22109097869365e-16,0.3667995896698103,1,823.6165011386285
-2.5,b0934,,5,26,0.366799589669811,0.3667995896696508,1.602051824534101e-13,0,5.199004073065475
-2.5,b0367,,3,26,0.366799589669811,0.3667995896696469,1.641464741908294e-13,0,5.199004073065715
-2.5,b0933,,5,26,0.366799589669811,0.3667995896696469,1.641464741908294e-13,0,5.199004073065715
-2.5,b0936,,5,26,0.366799589669811,0.3667995896696469,1.641464741908294e-13,0,5.199004073065715
-2.5,b0365,,3,26,0.366799589669811,0.3667995896696469,1.641464741908294e-13,0,5.199004073065715
-2.5,b0366,,3,26,0.366799589669811,0.3667995896696469,1.641464741908294e-13,0,5.199004073065715
-2.5,b1216,,3,26,0.366799589669811,0.3667995896696469,1.641464741908294e-13,0,5.199004073065715
-2.5,b4132,,1,26,0.366799589669811,0.3667995896696469,1.641464741908294e-13,0,5.199004073065715
-2.5,b3942,,1,26,0.366799589669811,0.3667995896696469,1.641464741908294e-13,0,5.199004073065715
-2.5,b1732,,1,26,0.366799589669811,0.3667995896696469,1.641464741908294e-13,0,5.199004073065715
-2.5,b3196,,1,425,0.366799589669811,0.0,0.366799589669811,1,823.6165011386323
-2.5,b1270,,2,26,0.366799589669811,0.3667995896696527,1.5831780331154732e-13,0,5.199004073065429
-2.5,b2874,,1,420,0.366799589669811,0.36177556853214154,0.0050240211376694766,0,5.440274022910973
-2.5,b0521,,1,420,0.366799589669811,0.3617755685321377,0.005024021137673307,0,5.440274022911004
-2.5,b0323,,1,420,0.366799589669811,0.3617755685321377,0.005024021137673307,0,5.440274022911004
-2.5,b0033,,1,26,0.366799589669811,0.3667995896696469,1.641464741908294e-13,0,5.19900407306566
-2.5,b0032,,1,26,0.366799589669811,0.3667995896696469,1.641464741908294e-13,0,5.199004073065715
-2.5,b0444,,1,26,0.366799589669811,0.3667995896696469,1.641464741908294e-13,0,5.199004073065715
-2.5,b3469,,6,26,0.366799589669811,0.3667995896696469,1.641464741908294e-13,0,5.199004073065715
-2.5,b3915,,7,26,0.366799589669811,0.3667995896696469,1.641464741908294e-13,0,5.199004073065715
-2.5,b0752,,5,26,0.366799589669811,0.3667995896696469,1.641464741908294e-13,0,5.199004073065715
-2.5,b3040,,6,425,0.366799589669811,3.610528915531153e-16,0.36679958966981063,1,823.616501138631
-2.5,b3918,,7,26,0.366799589669811,0.366799589669646,1.6503465261052952e-13,0,5.199004073065728
-2.5,b2794,,1,26,0.366799589669811,0.36679958966964726,1.637578961322106e-13,0,5.199004073065632
-2.5,b1208,,1,425,0.366799589669811,3.27557879923444e-17,0.36679958966981097,1,823.6165011386367
-2.5,b1661,,4,26,0.366799589669811,0.3667995896696457,1.653122083666858e-13,0,5.199004073065708
-2.5,b2129,,2,26,0.366799589669811,0.36679958966964726,1.637578961322106e-13,0,5.199004073065632
-2.5,b2128,,2,26,0.366799589669811,0.36679958966964726,1.637578961322106e-13,0,5.199004073065632
-2.5,b2131,,2,26,0.366799589669811,0.36679958966964726,1.637578961322106e-13,0,5.199004073065632
-2.5,b2130,,2,26,0.366799589669811,0.36679958966964726,1.637578961322106e-13,0,5.199004073065632
-2.5,b1801,,3,26,0.366799589669811,0.36679958966964726,1.637578961322106e-13,0,5.199004073065632
-2.5,b0314,,1,26,0.366799589669811,0.36679958966964726,1.637578961322106e-13,0,5.199004073065632
-2.5,b0311,,1,26,0.366799589669811,0.36679958966964726,1.637578961322106e-13,0,5.199004073065632
-2.5,b2600,,2,425,0.366799589669811,1.0918614482423764e-17,0.366799589669811,1,823.6165011386366
-2.5,b2599,,2,425,0.366799589669811,0.0,0.366799589669811,1,823.6165011386428
-2.5,b2329,,1,425,0.366799589669811,0.0,0.366799589669811,1,823.6165011386428
-2.5,b4039,,1,425,0.366799589669811,0.0,0.366799589669811,1,823.6165011386428
-2.5,b2542,,2,26,0.366799589669811,0.3667995896696514,1.5959455978986625e-13,0,5.199004073065468
-2.5,b2540,,2,26,0.366799589669811,0.36679958966964304,1.6797674362578618e-13,0,5.19900407306584
-2.5,b2538,,2,26,0.366799589669811,0.36679958966964304,1.6797674362578618e-13,0,5.19900407306584
-2.5,b2539,,2,26,0.366799589669811,0.36679958966964304,1.6797674362578618e-13,0,5.19900407306584
-2.5,b0617,,1,26,0.366799589669811,0.36679958966964304,1.6797674362578618e-13,0,5.19900407306584
-2.5,b0614,,1,26,0.366799589669811,0.36679958966964304,1.6797674362578618e-13,0,5.19900407306584
-2.5,b0616,,1,26,0.366799589669811,0.36679958966964304,1.6797674362578618e-13,0,5.19900407306584
-2.5,b0615,,1,26,0.366799589669811,0.36679958966964304,1.6797674362578618e-13,0,5.19900407306584
-2.5,b0612,,1,26,0.366799589669811,0.36679958966964304,1.6797674362578618e-13,0,5.19900407306584
-2.5,b0789,,7,26,0.366799589669811,0.36679958966964304,1.6797674362578618e-13,0,5.19900407306584
-2.5,b1249,,7,26,0.366799589669811,0.36679958966964304,1.6797674362578618e-13,0,5.19900407306584
-2.5,b0155,,1,425,0.366799589669811,1.2368295939192156e-16,0.3667995896698109,1,823.6165011386216
-2.5,b1592,,1,425,0.366799589669811,0.0,0.366799589669811,1,823.6165011386331
-2.5,b3035,,9,26,0.366799589669811,0.3667995896696469,1.641464741908294e-13,0,5.199004073065679
-2.5,b2470,,7,26,0.366799589669811,0.36679958966964304,1.6797674362578618e-13,0,5.19900407306584
-2.5,b0463,,7,26,0.366799589669811,0.36679958966964304,1.6797674362578618e-13,0,5.19900407306584
-2.5,b0462,,7,26,0.366799589669811,0.36679958966964304,1.6797674362578618e-13,0,5.19900407306584
-2.5,b3816,,3,425,0.366799589669811,4.947321529872722e-17,0.36679958966981097,1,823.6165011386219
-2.5,b2174,,1,26,0.366799589669811,0.36679958966965176,1.592614928824787e-13,0,5.199004073065427
-2.5,b0914,,32,442,0.366799589669811,7.086165625683575e-16,0.3667995896698103,1,609.6316726060011
-2.5,b1102,,1,26,0.366799589669811,0.36679958966965037,1.6064927166326015e-13,0,5.199004073065499
-2.5,b2765,,1,26,0.366799589669811,0.36679958966964965,1.613709166292665e-13,0,5.199004073065531
-2.5,b0783,,1,431,0.366799589669811,1.41111553366874e-16,0.36679958966981085,1,945.031329369005
-2.5,b0781,,1,431,0.366799589669811,0.0,0.366799589669811,1,945.0313293690012
-2.5,b2436,,1,207,0.366799589669811,0.3667944533015881,5.136368222913301e-06,0,5.200478452151712
-2.5,b3867,,1,26,0.366799589669811,0.36679958966964027,1.7075230118734908e-13,0,5.199004073065979
-2.5,b0038,,2,26,0.366799589669811,0.36679958966963816,1.7286172493413687e-13,0,5.199004073066028
-2.5,b0037,,3,26,0.366799589669811,0.36679958966963816,1.7286172493413687e-13,0,5.199004073066028
-2.5,b0036,,2,26,0.366799589669811,0.36679958966963816,1.7286172493413687e-13,0,5.199004073066028
-2.5,b2679,,4,26,0.366799589669811,0.36679958966963816,1.7286172493413687e-13,0,5.199004073066028
-2.5,b2677,,4,26,0.366799589669811,0.36679958966963816,1.7286172493413687e-13,0,5.199004073066028
-2.5,b2678,,4,26,0.366799589669811,0.36679958966963816,1.7286172493413687e-13,0,5.199004073066028
-2.5,b4111,,5,26,0.366799589669811,0.36679958966963816,1.7286172493413687e-13,0,5.199004073066028
-2.5,b0040,,2,26,0.366799589669811,0.36679958966963816,1.7286172493413687e-13,0,5.199004073066028
-2.5,b0720,,1,425,0.366799589669811,4.0257406656531496e-16,0.36679958966981063,1,823.6165011386074
-2.5,b0337,,1,26,0.366799589669811,0.3667995896696413,1.6969758931395518e-13,0,5.19900407306588
-2.5,b0336,,1,26,0.366799589669811,0.3667995896696452,1.6581180872776713e-13,0,5.19900407306573
-2.5,b3846,,19,466,0.366799589669811,0.3544375300576173,0.012362059612193721,0,8.936710455933339
-2.5,b2780,,1,444,0.366799589669811,-8.276198779323946e-16,0.36679958966981185,1,636.7681419057493
-2.5,b0123,,2,26,0.366799589669811,0.36679958966964366,1.6736612096224235e-13,0,5.199004073065814
-2.5,b0484,,1,26,0.366799589669811,0.3667995896696452,1.6581180872776713e-13,0,5.199004073065751
-2.5,b3425,,1,26,0.366799589669811,0.3667995896696452,1.6581180872776713e-13,0,5.199004073065751
-2.5,b1308,,1,26,0.366799589669811,0.3667995896696452,1.6581180872776713e-13,0,5.199004073065751
-2.5,b0340,,1,26,0.366799589669811,0.3667995896696452,1.6581180872776713e-13,0,5.199004073065751
-2.5,b0341,,1,26,0.366799589669811,0.3667995896696452,1.6581180872776713e-13,0,5.199004073065751
-2.5,b1919,,1,26,0.366799589669811,0.3667995896696452,1.6581180872776713e-13,0,5.199004073065751
-2.5,b3008,,2,425,0.366799589669811,2.5671113679751663e-16,0.36679958966981074,1,823.6165011386288
-2.5,b3708,,3,312,0.366799589669811,0.36645334126351037,0.00034624840630065323,0,5.197015132322933
-2.5,b2414,,1,425,0.366799589669811,-8.506620524450574e-16,0.36679958966981185,1,823.616501138653
-2.5,b2421,,1,425,0.366799589669811,0.0,0.366799589669811,1,823.6165011386502
-2.5,b2810,,1,26,0.366799589669811,0.36679958966965037,1.6064927166326015e-13,0,5.199004073065538
-2.5,b1622,,1,425,0.366799589669811,2.5671113679751663e-16,0.36679958966981074,1,823.6165011386288
-2.5,b0526,,1,26,0.366799589669811,0.366799589669646,1.6503465261052952e-13,0,5.19900407306564
-2.5,b0886,,2,26,0.366799589669811,0.3667995896696452,1.6581180872776713e-13,0,5.199004073065751
-2.5,b0887,,2,26,0.366799589669811,0.3667995896696452,1.6581180872776713e-13,0,5.199004073065751
-2.5,b0978,,2,26,0.366799589669811,0.3667995896696452,1.6581180872776713e-13,0,5.199004073065751
-2.5,b0979,,2,26,0.366799589669811,0.3667995896696452,1.6581180872776713e-13,0,5.199004073065751
-2.5,b0734,,1,26,0.366799589669811,0.3667995896696452,1.6581180872776713e-13,0,5.199004073065751
-2.5,b0733,,1,26,0.366799589669811,0.3667995896696452,1.6581180872776713e-13,0,5.199004073065751
-2.5,b0432,,1,432,0.366799589669811,0.3391116209657628,0.027687968704048216,0,157.3101293657399
-2.5,b0430,,1,432,0.366799589669811,0.3391116209657619,0.027687968704049104,0,157.31012936573967
-2.5,b0429,,1,432,0.366799589669811,0.3391116209657619,0.027687968704049104,0,157.31012936573967
-2.5,b0431,,1,432,0.366799589669811,0.3391116209657619,0.027687968704049104,0,157.31012936573967
-2.5,b2143,,2,30,0.366799589669811,0.36679958966964704,1.6397994073713562e-13,0,100.27358590378988
-2.5,b0651,,2,30,0.366799589669811,0.36679958966964527,1.6575629757653587e-13,0,100.27358590378996
-2.5,b2162,,2,30,0.366799589669811,0.36679958966964527,1.6575629757653587e-13,0,100.27358590378996
-2.5,b2066,,2,30,0.366799589669811,0.36679958966964527,1.6575629757653587e-13,0,100.27358590378996
-2.5,b0910,,3,433,0.366799589669811,-8.245530626130056e-17,0.3667995896698111,1,681.3900829177687
-2.5,b2975,,3,101,0.366799589669811,0.36679823002880296,1.3596410080585208e-06,0,100.2663909351982
-2.5,b3603,,3,101,0.366799589669811,0.36679823002881495,1.3596409960681122e-06,0,100.26639093519758
-2.5,b1189,,1,30,0.366799589669811,0.36679958966965415,1.5687451337953462e-13,0,100.27358590378944
-2.5,b4042,,7,30,0.366799589669811,0.3667995896696466,1.6442402994698568e-13,0,100.27358590378985
-2.5,b2871,,1,30,0.366799589669811,0.3667995896696466,1.6442402994698568e-13,0,100.27358590378985
-2.5,b2838,,1,427,0.366799589669811,-1.6429612810903738e-16,0.3667995896698112,1,921.1537903536466
-2.5,b3809,,1,427,0.366799589669811,0.0,0.366799589669811,1,921.1537903536644
-2.5,b0175,,7,427,0.366799589669811,7.470643152792853e-29,0.366799589669811,1,921.1537903536487
-2.5,b3041,,1,427,0.366799589669811,0.0,0.366799589669811,1,921.1537903536548
-2.5,b0778,,1,427,0.366799589669811,0.0,0.366799589669811,1,921.1537903536533
-2.5,b1734,,1,30,0.366799589669811,0.36679958966964116,1.6986412276764895e-13,0,100.27358590379012
-2.5,b2065,,1,30,0.366799589669811,0.36679958966964504,1.659783421814609e-13,0,100.27358590378996
-2.5,b2344,,7,30,0.366799589669811,0.36679958966964504,1.659783421814609e-13,0,100.27358590378996
-2.5,b3693,,1,30,0.366799589669811,0.36679958966964504,1.659783421814609e-13,0,100.27358590378996
-2.5,b3909,,2,30,0.366799589669811,0.36679958966964504,1.659783421814609e-13,0,100.27358590378996
-2.5,b3526,,1,30,0.366799589669811,0.36679958966964504,1.659783421814609e-13,0,100.27358590378996
-2.5,b1704,,1,427,0.366799589669811,1.1543742876579334e-16,0.3667995896698109,1,921.1537903536413
-2.5,b2601,,1,427,0.366799589669811,0.0,0.366799589669811,1,921.1537903536547
-2.5,b0754,,1,427,0.366799589669811,0.0,0.366799589669811,1,921.1537903536547
-2.5,b4477,,1,30,0.366799589669811,0.3667995896696495,1.6153745008296028e-13,0,100.27358590378977
-2.5,b3648,,2,427,0.366799589669811,1.3192849001804956e-16,0.3667995896698109,1,921.153790353641
-2.5,b1393,,1,30,0.366799589669811,0.3667995896696514,1.5959455978986625e-13,0,100.2735859037897
-2.5,b3771,,2,427,0.366799589669811,-1.0999198442397444e-18,0.366799589669811,1,921.1537903536746
-2.5,b1198,,1,30,0.366799589669811,0.3667995896696482,1.628142065612792e-13,0,100.27358590378981
-2.5,b1199,,1,30,0.366799589669811,0.3667995896696524,1.585953590677036e-13,0,100.27358590378957
-2.5,b1200,,1,30,0.366799589669811,0.3667995896696524,1.585953590677036e-13,0,100.27358590378957
-2.5,b0596,,1,30,0.366799589669811,0.3667995896696524,1.585953590677036e-13,0,100.27358590378957
-2.5,b0594,,1,30,0.366799589669811,0.3667995896696524,1.585953590677036e-13,0,100.27358590378957
-2.5,b2541,,2,30,0.366799589669811,0.3667995896696524,1.585953590677036e-13,0,100.27358590378957
-2.5,b0348,,2,30,0.366799589669811,0.3667995896696524,1.585953590677036e-13,0,100.27358590378957
-2.5,b0031,,1,427,0.366799589669811,-1.0999198442397444e-18,0.366799589669811,1,921.1537903536746
-2.5,b2478,,1,427,0.366799589669811,0.0,0.366799589669811,1,921.1537903536556
-2.5,b0048,,1,427,0.366799589669811,0.0,0.366799589669811,1,921.1537903536723
-2.5,b1606,,2,427,0.366799589669811,6.216460180315552e-16,0.3667995896698104,1,921.1537903536622
-2.5,b2315,,1,427,0.366799589669811,8.415719702223409e-13,0.3667995896689695,1,921.1537903507068
-2.5,b3930,,1,30,0.366799589669811,0.3667995896696508,1.602051824534101e-13,0,100.2735859037897
-2.5,b2262,,1,30,0.366799589669811,0.3667995896696524,1.585953590677036e-13,0,100.27358590378957
-2.5,b0736,,1,30,0.366799589669811,0.3667995896696524,1.585953590677036e-13,0,100.27358590378957
-2.5,b3058,,2,427,0.366799589669811,9.675859414829982e-17,0.3667995896698109,1,921.1537903536747
-2.5,b0945,,2,30,0.366799589669811,0.3667995896696489,1.6214807274650411e-13,0,100.27358590378968
-2.5,b1062,,1,427,0.366799589669811,-3.444973701118157e-16,0.36679958966981135,1,921.1537903536264
-2.5,b3177,,1,427,0.366799589669811,0.0,0.366799589669811,1,921.1537903536516
-2.5,b0578,,2,30,0.366799589669811,0.36679958966965415,1.5687451337953462e-13,0,100.27358590378951
-2.5,b2303,,1,30,0.366799589669811,0.36679958966963594,1.7508217098338719e-13,0,100.27358590379039
-2.5,b3389,,1,427,0.366799589669811,-2.151588476610636e-16,0.36679958966981124,1,921.1537903536259
-2.5,b1693,,1,427,0.366799589669811,0.0,0.366799589669811,1,921.153790353654
-2.5,b0421,,2,427,0.366799589669811,0.0,0.366799589669811,1,921.153790353654
-2.5,b0029,,2,427,0.366799589669811,0.0,0.366799589669811,1,921.1537903537093
-2.5,b2232,,2,33,0.366799589669811,0.36679958966964865,1.6237011735142914e-13,0,100.27358770247595
-2.5,b1588,,3,33,0.366799589669811,0.36679958966963594,1.7508217098338719e-13,0,100.2735877024766
-2.5,b0895,,4,33,0.366799589669811,0.36679958966963594,1.7508217098338719e-13,0,100.2735877024766
-2.5,b1587,,3,33,0.366799589669811,0.36679958966963594,1.7508217098338719e-13,0,100.2735877024766
-2.5,b0894,,4,33,0.366799589669811,0.36679958966963594,1.7508217098338719e-13,0,100.2735877024766
-2.5,b1590,,3,33,0.366799589669811,0.36679958966963594,1.7508217098338719e-13,0,100.2735877024766
-2.5,b0896,,4,33,0.366799589669811,0.36679958966963594,1.7508217098338719e-13,0,100.2735877024766
-2.5,b1589,,3,33,0.366799589669811,0.36679958966963594,1.7508217098338719e-13,0,100.2735877024766
-2.5,b1872,,4,33,0.366799589669811,0.36679958966963594,1.7508217098338719e-13,0,100.2735877024766
-2.5,b1873,,4,33,0.366799589669811,0.36679958966963594,1.7508217098338719e-13,0,100.2735877024766
-2.5,b0099,,3,427,0.366799589669811,-8.502307567262546e-29,0.366799589669811,1,921.1537903536263
-2.5,b1865,,2,427,0.366799589669811,0.0,0.366799589669811,1,921.1537903536486
-2.5,b3575,,1,33,0.366799589669811,0.3667995896696491,1.6192602814157908e-13,0,100.27358770247596
-2.5,b0103,,1,427,0.366799589669811,1.0018699973545924e-28,0.366799589669811,1,921.1537903536263
-2.5,b3774,,3,427,0.366799589669811,0.0,0.366799589669811,1,921.1537903536358
-2.5,b0425,,1,427,0.366799589669811,8.353108021364519e-16,0.3667995896698102,1,921.153790353633
-2.5,b4381,,1,33,0.366799589669811,0.3667995896696497,1.6131540547803525e-13,0,100.27358770247588
-2.5,b1185,,2,33,0.366799589669811,0.36679958966963594,1.7508217098338719e-13,0,100.2735877024766
-2.5,b3860,,2,33,0.366799589669811,0.36679958966963594,1.7508217098338719e-13,0,100.2735877024766
-2.5,b2893,,2,33,0.366799589669811,0.36679958966963594,1.7508217098338719e-13,0,100.2735877024766
-2.5,b2582,,10,28,0.366799589669811,0.36679958966963594,1.7508217098338719e-13,0,100.23225606337232
-2.5,b4136,,3,28,0.366799589669811,0.3667995896696609,1.5010215292932116e-13,0,100.23225606337071
-2.5,b3781,,10,28,0.366799589669811,0.3667995896696609,1.5010215292932116e-13,0,100.23225606337071
-2.5,b0604,,2,28,0.366799589669811,0.3667995896696609,1.5010215292932116e-13,0,100.23225606337071
-2.5,b4122,,2,398,0.366799589669811,0.3626091560998306,0.004190433569980445,0,112.01146786225475
-2.5,b1098,,1,427,0.366799589669811,-3.4223233780953784e-16,0.36679958966981135,1,921.153790353651
-2.5,b2146,,1,28,0.366799589669811,0.36679958966964205,1.6897594434794883e-13,0,100.23225606337199
-2.5,b2147,,1,28,0.366799589669811,0.366799589669653,1.5804024755539103e-13,0,100.2322560633715
-2.5,b1238,,2,28,0.366799589669811,0.366799589669653,1.5804024755539103e-13,0,100.2322560633715
-2.5,b4384,,7,32,0.366799589669811,0.366799589669653,1.5804024755539103e-13,0,100.23320715621009
-2.5,b4382,,2,32,0.366799589669811,0.3667995896696489,1.6214807274650411e-13,0,100.2332071562102
-2.5,b2251,,3,312,0.366799589669811,0.36669326326817797,0.00010632640163305007,0,100.23334967934397
-2.5,b3640,,1,312,0.366799589669811,0.36669326326816043,0.0001063264016505916,0,100.23334967934485
-2.5,b0173,,1,427,0.366799589669811,-6.799630826170534e-17,0.3667995896698111,1,921.1537903536133
-2.5,b0420,,1,427,0.366799589669811,0.0,0.366799589669811,1,921.153790353651
-2.5,b3564,,2,32,0.366799589669811,0.36679958966965365,1.5737411374061594e-13,0,100.23320715621003
-2.5,b1779,,2,447,0.366799589669811,-9.494962329552576e-33,0.366799589669811,1,5225.76798106569
-2.5,b2927,,1,447,0.366799589669811,0.0,0.366799589669811,1,5225.767981065691
-2.5,b1288,,26,446,0.366799589669811,-6.495713589748895e-16,0.3667995896698117,1,1233.595651619926
-2.5,b3622,,2,30,0.366799589669811,0.36679958966964527,1.6575629757653587e-13,0,568.7004003405426
-2.5,b3793,,3,30,0.366799589669811,0.3667995896696404,1.7064127888488656e-13,0,568.7004003405419
-2.5,b3785,,3,30,0.366799589669811,0.3667995896696404,1.7064127888488656e-13,0,568.7004003405419
-2.5,b3792,,1,30,0.366799589669811,0.3667995896696404,1.7064127888488656e-13,0,568.7004003405419
-2.5,b2341,,16,468,0.366799589669811,0.3544375300576096,0.012362059612201437,0,573.1026393172281
-2.5,b1850,,2,30,0.366799589669811,0.366799589669651,1.6003864899971632e-13,0,568.7004003405423
-2.5,b1851,,1,30,0.366799589669811,0.36679958966964543,1.655897641228421e-13,0,568.7004003405423
-2.5,b1054,,1,30,0.366799589669811,0.36679958966964543,1.655897641228421e-13,0,568.7004003405423
-2.5,b1855,,2,30,0.366799589669811,0.36679958966964543,1.655897641228421e-13,0,568.7004003405423
-2.5,b2378,,1,30,0.366799589669811,0.36679958966964543,1.655897641228421e-13,0,568.7004003405423
-2.5,b2779,,1,457,0.366799589669811,0.11394762402032588,0.25285196564948514,0,2486.7812698941243
-2.5,b0583,,1,25,0.366799589669811,0.36679958966964826,1.6275869541004795e-13,0,100.12106602266013
-2.5,b0585,,2,25,0.366799589669811,0.36679958966965537,1.5565326805244695e-13,0,100.12106602265969
-2.5,b2441,,1,25,0.366799589669811,0.36679958966965537,1.5565326805244695e-13,0,100.12106602265969
-2.5,b2440,,1,25,0.366799589669811,0.36679958966965537,1.5565326805244695e-13,0,100.12106602265969
-2.5,b3946,,1,25,0.366799589669811,0.36679958966965537,1.5565326805244695e-13,0,100.12106602265969
-2.5,b0825,,1,25,0.366799589669811,0.36679958966965537,1.5565326805244695e-13,0,100.12106602265969
-2.5,b0822,,5,25,0.366799589669811,0.36679958966965537,1.5565326805244695e-13,0,100.12106602265969
-2.5,b3666,,4,25,0.366799589669811,0.36679958966965537,1.5565326805244695e-13,0,100.12106602265969
-2.5,b0404,,7,25,0.366799589669811,0.36679958966965537,1.5565326805244695e-13,0,100.12106602265969
-2.5,b0452,,10,466,0.366799589669811,0.35443753005762135,0.012362059612189669,0,103.94541056493365
-2.5,b1805,,10,25,0.366799589669811,0.3667995896696499,1.6114887202434147e-13,0,100.12106602265997
-2.5,b1701,,10,25,0.366799589669811,0.3667995896696443,1.6669998714746725e-13,0,100.1210660226603
-2.5,b3844,,6,392,0.366799589669811,0.36241024563435764,0.00438934403545338,0,105.72624646592242
-2.5,b2764,,4,429,0.366799589669811,9.123221871891821e-16,0.36679958966981013,1,855.0049711843644
-2.5,b2763,,4,429,0.366799589669811,0.0,0.366799589669811,1,855.0049711843634
-2.5,b2925,,2,427,0.366799589669811,0.35983239382147414,0.006967195848336882,0,555.620583147096
-2.5,b1773,,1,35,0.366799589669811,0.3667995896696428,1.6819878823071122e-13,0,456.75937969875395
-2.5,b2097,,1,35,0.366799589669811,0.3667995896696497,1.6131540547803525e-13,0,456.75937969875457
-2.5,b3925,,1,35,0.366799589669811,0.3667995896696497,1.6131540547803525e-13,0,456.75937969875457
-2.5,b2930,,1,35,0.366799589669811,0.3667995896696497,1.6131540547803525e-13,0,456.75937969875457
-2.5,b4232,,1,35,0.366799589669811,0.3667995896696497,1.6131540547803525e-13,0,456.75937969875457
-2.5,b2802,,1,35,0.366799589669811,0.3667995896696497,1.6131540547803525e-13,0,456.75937969875457
-2.5,b2803,,1,35,0.366799589669811,0.3667995896696497,1.6131540547803525e-13,0,456.75937969875457
-2.5,b2738,,1,35,0.366799589669811,0.3667995896696497,1.6131540547803525e-13,0,456.75937969875457
-2.5,b2800,,1,35,0.366799589669811,0.3667995896696497,1.6131540547803525e-13,0,456.75937969875457
-2.5,b0475,,1,430,0.366799589669811,2.748461648222716e-16,0.36679958966981074,1,1294.0265718099165
-2.5,b1476,,2,35,0.366799589669811,0.36679958966965054,1.6048273820956638e-13,0,456.75937969875457
-2.5,b1474,,2,35,0.366799589669811,0.3667995896696476,1.6342482922482304e-13,0,456.7593796987546
-2.5,b1475,,2,35,0.366799589669811,0.3667995896696476,1.6342482922482304e-13,0,456.7593796987546
-2.5,b3892,,2,35,0.366799589669811,0.3667995896696476,1.6342482922482304e-13,0,456.7593796987546
-2.5,b3893,,2,35,0.366799589669811,0.3667995896696476,1.6342482922482304e-13,0,456.7593796987546
-2.5,b3894,,2,35,0.366799589669811,0.3667995896696476,1.6342482922482304e-13,0,456.7593796987546
-2.5,b0935,,5,35,0.366799589669811,0.3667995896696476,1.6342482922482304e-13,0,456.7593796987546
-2.5,b3409,,1,35,0.366799589669811,0.3667995896696476,1.6342482922482304e-13,0,456.7593796987546
-2.5,b2392,,2,35,0.366799589669811,0.3667995896696476,1.6342482922482304e-13,0,456.7593796987546
-2.5,b4290,,1,35,0.366799589669811,0.3667995896696476,1.6342482922482304e-13,0,456.7593796987546
-2.5,b4288,,1,35,0.366799589669811,0.3667995896696476,1.6342482922482304e-13,0,456.7593796987546
-2.5,b4287,,1,35,0.366799589669811,0.3667995896696476,1.6342482922482304e-13,0,456.7593796987546
-2.5,b4289,,1,35,0.366799589669811,0.3667995896696476,1.6342482922482304e-13,0,456.7593796987546
-2.5,b4291,,1,35,0.366799589669811,0.3667995896696476,1.6342482922482304e-13,0,456.7593796987546
-2.5,b0589,,2,35,0.366799589669811,0.3667995896696476,1.6342482922482304e-13,0,456.7593796987546
-2.5,b0588,,2,35,0.366799589669811,0.3667995896696476,1.6342482922482304e-13,0,456.7593796987546
-2.5,b0592,,2,35,0.366799589669811,0.3667995896696476,1.6342482922482304e-13,0,456.7593796987546
-2.5,b0590,,2,35,0.366799589669811,0.3667995896696476,1.6342482922482304e-13,0,456.7593796987546
-2.5,b2155,,1,35,0.366799589669811,0.3667995896696476,1.6342482922482304e-13,0,456.7593796987546
-2.5,b0805,,1,35,0.366799589669811,0.3667995896696476,1.6342482922482304e-13,0,456.7593796987546
-2.5,b0150,,3,35,0.366799589669811,0.3667995896696476,1.6342482922482304e-13,0,456.7593796987546
-2.5,b0584,,1,35,0.366799589669811,0.3667995896696476,1.6342482922482304e-13,0,456.7593796987546
-2.5,b0591,,1,35,0.366799589669811,0.3667995896696476,1.6342482922482304e-13,0,456.7593796987546
-2.5,b4367,,3,35,0.366799589669811,0.3667995896696476,1.6342482922482304e-13,0,456.7593796987546
-2.5,b4209,,1,248,0.366799589669811,0.36678768858156,1.1901088250998448e-05,0,456.802666895346
-2.5,b2486,,1,35,0.366799589669811,0.36679958966963905,1.7197354651443675e-13,0,456.75937969875395
-2.5,b4079,,1,35,0.366799589669811,0.3667995896696476,1.6342482922482304e-13,0,456.7593796987546
-2.5,b2722,,2,35,0.366799589669811,0.3667995896696476,1.6342482922482304e-13,0,456.7593796987546
-2.5,b2483,,1,35,0.366799589669811,0.3667995896696476,1.6342482922482304e-13,0,456.7593796987546
-2.5,b2719,,2,35,0.366799589669811,0.3667995896696476,1.6342482922482304e-13,0,456.7593796987546
-2.5,b2723,,2,35,0.366799589669811,0.3667995896696476,1.6342482922482304e-13,0,456.7593796987546
-2.5,b2721,,2,35,0.366799589669811,0.3667995896696476,1.6342482922482304e-13,0,456.7593796987546
-2.5,b2481,,1,35,0.366799589669811,0.3667995896696476,1.6342482922482304e-13,0,456.7593796987546
-2.5,b2485,,1,35,0.366799589669811,0.3667995896696476,1.6342482922482304e-13,0,456.7593796987546
-2.5,b2484,,1,35,0.366799589669811,0.3667995896696476,1.6342482922482304e-13,0,456.7593796987546
-2.5,b2724,,2,35,0.366799589669811,0.3667995896696476,1.6342482922482304e-13,0,456.7593796987546
-2.5,b2482,,1,35,0.366799589669811,0.3667995896696476,1.6342482922482304e-13,0,456.7593796987546
-2.5,b2489,,1,35,0.366799589669811,0.3667995896696476,1.6342482922482304e-13,0,456.7593796987546
-2.5,b2720,,2,35,0.366799589669811,0.3667995896696476,1.6342482922482304e-13,0,456.7593796987546
-2.5,b2488,,1,35,0.366799589669811,0.3667995896696476,1.6342482922482304e-13,0,456.7593796987546
-2.5,b2490,,1,35,0.366799589669811,0.3667995896696476,1.6342482922482304e-13,0,456.7593796987546
-2.5,b2487,,1,35,0.366799589669811,0.3667995896696476,1.6342482922482304e-13,0,456.7593796987546
-2.5,b3924,,5,322,0.366799589669811,0.3665835434636368,0.0002160462061742141,0,456.7810702096877
-2.5,b0684,,7,430,0.366799589669811,-9.794550154671154e-17,0.36679958966981113,1,1294.026571809941
-2.5,b2895,,7,430,0.366799589669811,0.0,0.366799589669811,1,1294.026571809939
-2.5,b3288,,1,35,0.366799589669811,0.3667995896696147,1.9634294190495893e-13,0,456.7593796987509
-2.5,b0025,,2,430,0.366799589669811,1.4941164248749968e-16,0.36679958966981085,1,1294.026571809961
-2.5,b0937,,2,35,0.366799589669811,0.36679958966964454,1.6647794254254222e-13,0,456.75937969875457
-2.5,b2912,,1,35,0.366799589669811,0.36679958966965726,1.5376588891058418e-13,0,456.7593796987547
-2.5,b2374,,1,35,0.366799589669811,0.36679958966965726,1.5376588891058418e-13,0,456.7593796987547
-2.5,b2492,,2,443,0.366799589669811,0.32113435151726305,0.04566523815254797,0,3052.1081913382286
-2.5,b0904,,2,443,0.366799589669811,0.3211343515172536,0.04566523815255741,0,3052.108191338233
-2.5,b4154,,2,31,0.366799589669811,0.366799589669599,2.1199708655217364e-13,0,361.6847978680275
-2.5,b4152,,2,31,0.366799589669811,0.36679958966964193,1.6908696665041134e-13,0,361.68479786802993
-2.5,b4153,,2,31,0.366799589669811,0.36679958966964193,1.6908696665041134e-13,0,361.68479786802993
-2.5,b4151,,2,31,0.366799589669811,0.36679958966964193,1.6908696665041134e-13,0,361.68479786802993
-2.5,b2168,,1,31,0.366799589669811,0.36679958966964193,1.6908696665041134e-13,0,361.68479786802993
-2.5,b3371,,1,31,0.366799589669811,0.36679958966964193,1.6908696665041134e-13,0,361.68479786802993
-2.5,b4474,,1,31,0.366799589669811,0.36679958966964193,1.6908696665041134e-13,0,361.68479786802993
-2.5,b3374,,1,31,0.366799589669811,0.36679958966964193,1.6908696665041134e-13,0,361.68479786802993
-2.5,b3370,,2,31,0.366799589669811,0.36679958966964193,1.6908696665041134e-13,0,361.68479786802993
-2.5,b4321,,2,31,0.366799589669811,0.36679958966964193,1.6908696665041134e-13,0,361.68479786802993
-2.5,b2169,,1,31,0.366799589669811,0.36679958966964193,1.6908696665041134e-13,0,361.68479786802993
-2.5,b2167,,1,31,0.366799589669811,0.36679958966964193,1.6908696665041134e-13,0,361.68479786802993
-2.5,b1232,,1,31,0.366799589669811,0.36679958966964193,1.6908696665041134e-13,0,361.68479786802993
-2.5,b2801,,1,31,0.366799589669811,0.36679958966964193,1.6908696665041134e-13,0,361.68479786802993
-2.5,b1611,,1,402,0.366799589669811,0.362609156099833,0.004190433569978003,0,362.00195327917737
-2.5,b1612,,1,402,0.366799589669811,0.3626091560998119,0.004190433569999097,0,362.00195327918095
-2.5,b0621,,4,34,0.366799589669811,0.3667995896696279,1.8313128791191957e-13,0,361.72896475706216
-2.5,b3730,,2,436,0.366799589669811,1.9138161159524628e-28,0.366799589669811,1,960.670534565196
-2.5,b1002,,2,34,0.366799589669811,0.3667995896696593,1.5171197631502764e-13,0,361.7289647570647
-2.5,b3789,,1,34,0.366799589669811,0.3667995896696496,1.6142642778049776e-13,0,361.7289647570631
-2.5,b2039,,1,34,0.366799589669811,0.3667995896696496,1.6142642778049776e-13,0,361.7289647570631
-2.5,b0154,,1,434,0.366799589669811,2.132681845095627e-15,0.3667995896698089,1,1317.6342064013504
-2.5,b2533,,2,34,0.366799589669811,0.3667995896696515,1.59539048638635e-13,0,361.72896475706335
-2.5,b4055,,17,34,0.366799589669811,0.3667995896696503,1.607047828144914e-13,0,361.7289647570634
-2.5,b4041,,7,28,0.366799589669811,0.3667995896696503,1.607047828144914e-13,0,361.7250377311833
-2.5,b3451,,7,28,0.366799589669811,0.36679958966965204,1.5898393712632242e-13,0,361.7250377311831
-2.5,b3452,,7,28,0.366799589669811,0.36679958966965204,1.5898393712632242e-13,0,361.7250377311831
-2.5,b3453,,7,28,0.366799589669811,0.36679958966965204,1.5898393712632242e-13,0,361.7250377311831
-2.5,b3450,,7,28,0.366799589669811,0.36679958966965204,1.5898393712632242e-13,0,361.7250377311831
-2.5,b3608,,1,428,0.366799589669811,-3.1681668631083243e-15,0.3667995896698142,1,1196.4892825949257
-2.5,b2242,,3,28,0.366799589669811,0.36679958966965387,1.571520691356909e-13,0,361.72503773118353
-2.5,b2241,,3,28,0.366799589669811,0.3667995896696466,1.6442402994698568e-13,0,361.7250377311831
-2.5,b2243,,3,28,0.366799589669811,0.3667995896696466,1.6442402994698568e-13,0,361.7250377311831
-2.5,b3426,,1,28,0.366799589669811,0.3667995896696466,1.6442402994698568e-13,0,361.7250377311831
-2.5,b0243,,1,331,0.366799589669811,0.3659032606249873,0.0008963290448237293,0,361.87539403095684
-2.5,b0678,,1,28,0.366799589669811,0.36679958966964366,1.6736612096224235e-13,0,361.725037731183
-2.5,b1852,,1,28,0.366799589669811,0.3667995896696466,1.6442402994698568e-13,0,361.7250377311831
-2.5,b3128,,1,28,0.366799589669811,0.3667995896696466,1.6442402994698568e-13,0,361.7250377311831
-2.5,b4358,,1,28,0.366799589669811,0.3667995896696466,1.6442402994698568e-13,0,361.7250377311831
-2.5,b4478,,1,28,0.366799589669811,0.3667995896696466,1.6442402994698568e-13,0,361.7250377311831
-2.5,b4356,,1,28,0.366799589669811,0.3667995896696466,1.6442402994698568e-13,0,361.7250377311831
-2.5,b3691,,1,28,0.366799589669811,0.3667995896696466,1.6442402994698568e-13,0,361.7250377311831
-2.5,b3127,,3,28,0.366799589669811,0.3667995896696466,1.6442402994698568e-13,0,361.7250377311831
-2.5,b2789,,3,28,0.366799589669811,0.3667995896696466,1.6442402994698568e-13,0,361.7250377311831
-2.5,b0757,,1,28,0.366799589669811,0.3667995896696466,1.6442402994698568e-13,0,361.7250377311831
-2.5,b2045,,1,28,0.366799589669811,0.3667995896696466,1.6442402994698568e-13,0,361.7250377311831
-2.5,b0756,,1,28,0.366799589669811,0.3667995896696466,1.6442402994698568e-13,0,361.7250377311831
-2.5,b4119,,1,28,0.366799589669811,0.3667995896696466,1.6442402994698568e-13,0,361.7250377311831
-2.5,b3628,,1,28,0.366799589669811,0.3667995896696466,1.6442402994698568e-13,0,361.7250377311831
-2.5,b2093,,1,28,0.366799589669811,0.3667995896696466,1.6442402994698568e-13,0,361.7250377311831
-2.5,b2092,,1,28,0.366799589669811,0.3667995896696466,1.6442402994698568e-13,0,361.7250377311831
-2.5,b2094,,1,28,0.366799589669811,0.3667995896696466,1.6442402994698568e-13,0,361.7250377311831
-2.5,b3093,,2,28,0.366799589669811,0.3667995896696466,1.6442402994698568e-13,0,361.7250377311831
-2.5,b1236,,1,28,0.366799589669811,0.3667995896696466,1.6442402994698568e-13,0,361.7250377311831
-2.5,b4230,,2,28,0.366799589669811,0.3667995896696466,1.6442402994698568e-13,0,361.7250377311831
-2.5,b2148,,2,28,0.366799589669811,0.3667995896696466,1.6442402994698568e-13,0,361.7250377311831
-2.5,b2149,,2,28,0.366799589669811,0.3667995896696466,1.6442402994698568e-13,0,361.7250377311831
-2.5,b2150,,2,28,0.366799589669811,0.3667995896696466,1.6442402994698568e-13,0,361.7250377311831
-2.5,b4231,,2,28,0.366799589669811,0.3667995896696466,1.6442402994698568e-13,0,361.7250377311831
-2.5,b4485,,2,28,0.366799589669811,0.3667995896696466,1.6442402994698568e-13,0,361.7250377311831
-2.5,b4227,,2,28,0.366799589669811,0.3667995896696466,1.6442402994698568e-13,0,361.7250377311831
-2.5,b2943,,2,28,0.366799589669811,0.3667995896696466,1.6442402994698568e-13,0,361.7250377311831
-2.5,b2500,,1,334,0.366799589669811,0.36543658915163296,0.0013630005181780591,0,361.9268268994556
-2.5,b1415,,2,428,0.366799589669811,-9.6730284223146e-17,0.36679958966981113,1,1196.4892825949328
-2.5,b2052,,2,28,0.366799589669811,0.3667995896696345,1.765254609153999e-13,0,361.72503773118206
-2.5,b2784,,2,28,0.366799589669811,0.3667995896696466,1.6442402994698568e-13,0,361.7250377311831
-2.5,b3650,,3,28,0.366799589669811,0.3667995896696466,1.6442402994698568e-13,0,361.7250377311831
-2.5,b2051,,1,28,0.366799589669811,0.3667995896696466,1.6442402994698568e-13,0,361.7250377311831
-2.5,b2467,,1,28,0.366799589669811,0.3667995896696466,1.6442402994698568e-13,0,361.7250377311831
-2.5,b3729,,1,436,0.366799589669811,-1.1818003180272157e-28,0.366799589669811,1,960.6705345652028
-2.5,b1298,,1,28,0.366799589669811,0.3667995896696459,1.6514567491299204e-13,0,361.725037731183
-2.5,b1301,,1,28,0.366799589669811,0.366799589669657,1.5404344466674047e-13,0,361.7250377311837
-2.5,b1297,,2,437,0.366799589669811,6.451371502094287e-14,0.3667995896697465,1,1019.1224155698638
-2.5,b3882,,1,28,0.366799589669811,0.3667995896696501,1.6092682741941644e-13,0,361.72503773118353
-2.5,b3432,,1,28,0.366799589669811,0.36679958966963755,1.734723475976807e-13,0,361.72503773118257
-2.5,b0459,,2,28,0.366799589669811,0.36679958966963755,1.734723475976807e-13,0,361.72503773118257
-2.5,b0124,,1,28,0.366799589669811,0.36679958966963755,1.734723475976807e-13,0,361.72503773118257
-2.5,b0837,,1,28,0.366799589669811,0.36679958966963755,1.734723475976807e-13,0,361.72503773118257
-2.5,b4476,,1,28,0.366799589669811,0.36679958966963755,1.734723475976807e-13,0,361.72503773118257
-2.5,b3415,,1,28,0.366799589669811,0.36679958966963755,1.734723475976807e-13,0,361.72503773118257
-2.5,b3417,,5,28,0.366799589669811,0.36679958966963755,1.734723475976807e-13,0,361.72503773118257
-2.5,b3428,,2,28,0.366799589669811,0.36679958966963755,1.734723475976807e-13,0,361.72503773118257
-2.5,b3126,,1,28,0.366799589669811,0.36679958966963755,1.734723475976807e-13,0,361.72503773118257
-2.5,b2787,,1,28,0.366799589669811,0.36679958966963755,1.734723475976807e-13,0,361.72503773118257
-2.5,b2788,,1,28,0.366799589669811,0.36679958966963755,1.734723475976807e-13,0,361.72503773118257
-2.5,b3429,,1,28,0.366799589669811,0.36679958966963755,1.734723475976807e-13,0,361.72503773118257
-2.5,b3631,,1,28,0.366799589669811,0.36679958966963755,1.734723475976807e-13,0,361.72503773118257
-2.5,b3627,,1,28,0.366799589669811,0.36679958966963755,1.734723475976807e-13,0,361.72503773118257
-2.5,b3626,,1,28,0.366799589669811,0.36679958966963755,1.734723475976807e-13,0,361.72503773118257
-2.5,b1621,,2,432,0.366799589669811,0.3390956931689078,0.027703896500903213,0,888.0119856054567
-2.5,b3431,,1,28,0.366799589669811,0.36679958966964044,1.705857677336553e-13,0,361.72503773118274
-2.5,b3430,,1,28,0.366799589669811,0.3667995896696448,1.6620038678638593e-13,0,361.7250377311828
-2.5,b3870,,1,445,0.366799589669811,1.503101798090509e-14,0.366799589669796,1,835.459536403883
-2.5,b0680,,1,30,0.366799589669811,0.3667995896696433,1.676991878696299e-13,0,361.72220248125393
-2.5,b0809,,1,30,0.366799589669811,0.36679958966964377,1.6725509865977983e-13,0,361.7222024812542
-2.5,b0810,,1,30,0.366799589669811,0.36679958966964377,1.6725509865977983e-13,0,361.7222024812542
-2.5,b0811,,1,30,0.366799589669811,0.36679958966964377,1.6725509865977983e-13,0,361.7222024812542
-2.5,b2091,,1,30,0.366799589669811,0.36679958966964377,1.6725509865977983e-13,0,361.7222024812542
-2.5,b0242,,1,332,0.366799589669811,0.36590326062498196,0.0008963290448290584,0,361.8725498266573
-2.5,b1492,,1,30,0.366799589669811,0.3667995896696523,1.5870638137016613e-13,0,361.7222024812546
-2.5,b2688,,1,30,0.366799589669811,0.36679958966964377,1.6725509865977983e-13,0,361.7222024812542
-2.5,b1493,,1,30,0.366799589669811,0.36679958966964377,1.6725509865977983e-13,0,361.7222024812542
-2.5,b3517,,1,30,0.366799589669811,0.36679958966964377,1.6725509865977983e-13,0,361.7222024812542
-2.5,b1761,,1,431,0.366799589669811,0.3352336092391287,0.03156598043068232,0,396.3464571012539
-2.5,b1524,,1,30,0.366799589669811,0.3667995896696431,1.6792123247455493e-13,0,361.72220248125404
-2.5,b0485,,1,30,0.366799589669811,0.36679958966964377,1.6725509865977983e-13,0,361.7222024812542
-2.5,b2312,,1,428,0.366799589669811,1.4106167848967876e-14,0.3667995896697969,1,1196.4892825948757
-2.5,b3967,,1,428,0.366799589669811,-6.94722250550185e-17,0.3667995896698111,1,1196.4892825949382
-2.5,b3213,,1,30,0.366799589669811,0.36679958966964976,1.61259894326804e-13,0,361.72220248125404
-2.5,b3212,,1,30,0.366799589669811,0.3667995896696437,1.673106098110111e-13,0,361.72220248125427
-2.5,b1210,,1,428,0.366799589669811,0.0,0.366799589669811,1,1196.4892825949184
-2.5,b2400,,1,428,0.366799589669811,0.0,0.366799589669811,1,1196.4892825949175
-2.5,b3653,,1,30,0.366799589669811,0.3667995896696457,1.653122083666858e-13,0,361.722202481254
-2.5,b0507,,1,30,0.366799589669811,0.3667995896696437,1.673106098110111e-13,0,361.72220248125427
-2.5,b3927,,3,30,0.366799589669811,0.3667995896696437,1.673106098110111e-13,0,361.72220248125427
-2.5,b3617,,1,30,0.366799589669811,0.3667995896696437,1.673106098110111e-13,0,361.72220248125427
-2.5,b2240,,1,30,0.366799589669811,0.3667995896696437,1.673106098110111e-13,0,361.72220248125427
-2.5,b0514,,1,30,0.366799589669811,0.3667995896696437,1.673106098110111e-13,0,361.72220248125427
-2.5,b3124,,1,30,0.366799589669811,0.3667995896696437,1.673106098110111e-13,0,361.72220248125427
-2.5,b2904,,1,30,0.366799589669811,0.3667995896696437,1.673106098110111e-13,0,361.72220248125427
-2.5,b2903,,1,30,0.366799589669811,0.3667995896696437,1.673106098110111e-13,0,361.72220248125427
-2.5,b2905,,1,30,0.366799589669811,0.3667995896696437,1.673106098110111e-13,0,361.72220248125427
-2.5,b1033,,4,30,0.366799589669811,0.3667995896696437,1.673106098110111e-13,0,361.72220248125427
-2.5,b4468,,3,30,0.366799589669811,0.3667995896696437,1.673106098110111e-13,0,361.72220248125427
-2.5,b4467,,3,30,0.366799589669811,0.3667995896696437,1.673106098110111e-13,0,361.72220248125427
-2.5,b2979,,3,30,0.366799589669811,0.3667995896696437,1.673106098110111e-13,0,361.72220248125427
-2.5,b3926,,1,30,0.366799589669811,0.3667995896696437,1.673106098110111e-13,0,361.72220248125427
-2.5,b0212,,1,30,0.366799589669811,0.3667995896696437,1.673106098110111e-13,0,361.72220248125427
-2.5,b3559,,1,30,0.366799589669811,0.3667995896696437,1.673106098110111e-13,0,361.72220248125427
-2.5,b3560,,1,30,0.366799589669811,0.3667995896696437,1.673106098110111e-13,0,361.72220248125427
-2.5,b2053,,1,30,0.366799589669811,0.3667995896696437,1.673106098110111e-13,0,361.72220248125427
-2.5,b3052,,2,30,0.366799589669811,0.3667995896696437,1.673106098110111e-13,0,361.72220248125427
-2.5,b0200,,1,30,0.366799589669811,0.3667995896696437,1.673106098110111e-13,0,361.72220248125427
-2.5,b0104,,1,30,0.366799589669811,0.3667995896696437,1.673106098110111e-13,0,361.72220248125427
-2.5,b2507,,1,428,0.366799589669811,-3.2000368490103227e-16,0.36679958966981135,1,1196.4892825949323
-2.5,b2029,,1,30,0.366799589669811,0.36679958966964843,1.6259216195635418e-13,0,361.7222024812541
-2.5,b3437,,1,30,0.366799589669811,0.3667995896696437,1.673106098110111e-13,0,361.72220248125427
-2.5,b4268,,1,30,0.366799589669811,0.3667995896696437,1.673106098110111e-13,0,361.72220248125427
-2.5,b3449,,5,30,0.366799589669811,0.3667995896696437,1.673106098110111e-13,0,361.72220248125427
-2.5,b2239,,5,30,0.366799589669811,0.3667995896696437,1.673106098110111e-13,0,361.72220248125427
-2.5,b1654,,6,30,0.366799589669811,0.3667995896696437,1.673106098110111e-13,0,361.72220248125427
-2.5,b3610,,6,30,0.366799589669811,0.3667995896696437,1.673106098110111e-13,0,361.72220248125427
-2.5,b0849,,6,30,0.366799589669811,0.3667995896696437,1.673106098110111e-13,0,361.72220248125427
-2.5,b0477,,2,30,0.366799589669811,0.3667995896696437,1.673106098110111e-13,0,361.72220248125427
-2.5,b2988,,2,30,0.366799589669811,0.3667995896696437,1.673106098110111e-13,0,361.72220248125427
-2.5,b3500,,1,30,0.366799589669811,0.3667995896696437,1.673106098110111e-13,0,361.72220248125427
-2.5,b1710,,2,30,0.366799589669811,0.3667995896696437,1.673106098110111e-13,0,361.72220248125427
-2.5,b3447,,1,30,0.366799589669811,0.3667995896696437,1.673106098110111e-13,0,361.72220248125427
-2.5,b0832,,1,30,0.366799589669811,0.3667995896696437,1.673106098110111e-13,0,361.72220248125427
-2.5,b0829,,1,30,0.366799589669811,0.3667995896696437,1.673106098110111e-13,0,361.72220248125427
-2.5,b0831,,1,30,0.366799589669811,0.3667995896696437,1.673106098110111e-13,0,361.72220248125427
-2.5,b0830,,1,30,0.366799589669811,0.3667995896696437,1.673106098110111e-13,0,361.72220248125427
-2.5,b2947,,1,30,0.366799589669811,0.3667995896696437,1.673106098110111e-13,0,361.72220248125427
-2.5,b2153,,1,428,0.366799589669811,1.6000129045611822e-16,0.36679958966981085,1,1196.4892825949319
-2.5,b1277,,1,428,0.366799589669811,1.0362158723949801e-16,0.3667995896698109,1,1196.489282594926
-2.5,b3779,,1,30,0.366799589669811,0.36679958966965415,1.5687451337953462e-13,0,361.72220248125467
-2.5,b2883,,1,30,0.366799589669811,0.3667995896696632,1.478261957288396e-13,0,361.7222024812555
-2.5,b0125,,2,30,0.366799589669811,0.3667995896696632,1.478261957288396e-13,0,361.7222024812555
-2.5,b0238,,3,30,0.366799589669811,0.3667995896696632,1.478261957288396e-13,0,361.7222024812555
-2.5,b3092,,2,30,0.366799589669811,0.3667995896696632,1.478261957288396e-13,0,361.7222024812555
-2.5,b1319,,1,453,0.366799589669811,0.29888070009726214,0.06791888957254888,0,941.4947811715512
-2.5,b3875,,1,453,0.366799589669811,0.29888070009724116,0.06791888957256986,0,941.4947811716293
-2.5,b0957,,1,453,0.366799589669811,0.29888070009724116,0.06791888957256986,0,941.4947811716293
-2.5,b0875,,1,456,0.366799589669811,0.2988927822344797,0.06790680743533134,0,941.2348985206805
-2.5,b1395,,1,30,0.366799589669811,0.36679958966965287,1.5815126985785355e-13,0,361.72220248125467
-2.5,b4040,,1,428,0.366799589669811,-1.2131500987835218e-15,0.36679958966981224,1,1196.4892825949407
-2.5,b0353,,2,30,0.366799589669811,0.366799589669643,1.6803225477701744e-13,0,361.72220248125416
-2.5,b0339,,1,441,0.366799589669811,1.2130431159144344e-14,0.36679958966979886,1,952.3298593329176
-2.5,b0126,,1,441,0.366799589669811,-8.98279623787836e-15,0.36679958966982,1,952.3298593329602
-2.5,b0261,,2,30,0.366799589669811,0.36679958966964554,1.6547874182037958e-13,0,361.7222024812539
-2.5,b0428,,1,30,0.366799589669811,0.3667995896696443,1.6669998714746725e-13,0,361.722202481254
-2.5,b3630,,1,30,0.366799589669811,0.3667995896696443,1.6669998714746725e-13,0,361.722202481254
-2.5,b3625,,1,30,0.366799589669811,0.3667995896696443,1.6669998714746725e-13,0,361.722202481254
-2.5,b3621,,1,30,0.366799589669811,0.3667995896696443,1.6669998714746725e-13,0,361.722202481254
-2.5,b3620,,1,30,0.366799589669811,0.3667995896696443,1.6669998714746725e-13,0,361.722202481254
-2.5,b3632,,1,30,0.366799589669811,0.3667995896696443,1.6669998714746725e-13,0,361.722202481254
-2.5,b3623,,1,30,0.366799589669811,0.3667995896696443,1.6669998714746725e-13,0,361.722202481254
-2.5,b2104,,1,30,0.366799589669811,0.3667995896696443,1.6669998714746725e-13,0,361.722202481254
-2.5,b2388,,1,30,0.366799589669811,0.3667995896696443,1.6669998714746725e-13,0,361.722202481254
-2.5,b0394,,1,30,0.366799589669811,0.3667995896696443,1.6669998714746725e-13,0,361.722202481254
-2.5,b2020,,1,428,0.366799589669811,4.492666204791984e-16,0.3667995896698106,1,1196.4892825949182
-2.5,b2022,,2,428,0.366799589669811,0.0,0.366799589669811,1,1196.4892825949278
-2.5,b2514,,1,30,0.366799589669811,0.3667995896696478,1.63202784619898e-13,0,361.7222024812544
-2.5,b2309,,1,30,0.366799589669811,0.3667995896696443,1.6669998714746725e-13,0,361.722202481254
-2.5,b0112,,4,30,0.366799589669811,0.3667995896696443,1.6669998714746725e-13,0,361.722202481254
-2.5,b0349,,2,30,0.366799589669811,0.3667995896696443,1.6669998714746725e-13,0,361.722202481254
-2.5,b3805,,1,428,0.366799589669811,1.3941863433335477e-15,0.36679958966980963,1,1196.489282594913
-2.5,b2418,,4,30,0.366799589669811,0.36679958966965137,1.596500709410975e-13,0,361.72220248125427
-2.5,b2103,,2,428,0.366799589669811,-4.480793324065164e-16,0.36679958966981147,1,1196.4892825949125
-2.5,b0813,,2,30,0.366799589669811,0.36679958966964854,1.6248113965389166e-13,0,361.72220248125416
-2.5,b3824,,1,30,0.366799589669811,0.36679958966964754,1.634803403760543e-13,0,361.72220248125427
-2.5,b0352,,1,30,0.366799589669811,0.36679958966964754,1.634803403760543e-13,0,361.72220248125427
-2.5,b0142,,1,428,0.366799589669811,-1.3006198526547842e-15,0.3667995896698123,1,1196.4892825949316
-2.5,b0508,,1,30,0.366799589669811,0.36679958966964216,1.688649220454863e-13,0,361.72220248125393
-2.5,b0003,,1,428,0.366799589669811,1.1724367950670042e-15,0.36679958966980986,1,1196.4892825949112
-2.5,b4013,,1,428,0.366799589669811,0.0,0.366799589669811,1,1196.4892825949273
-2.5,b2021,,1,428,0.366799589669811,0.0,0.366799589669811,1,1196.4892825949069
-2.5,b2867,,2,30,0.366799589669811,0.36679958966964654,1.6447954109821694e-13,0,361.72220248125416
-2.5,b2866,,2,30,0.366799589669811,0.3667995896696418,1.6919798895287386e-13,0,361.7222024812538
-2.5,b2868,,2,30,0.366799589669811,0.3667995896696418,1.6919798895287386e-13,0,361.7222024812538
-2.5,b2994,,3,30,0.366799589669811,0.3667995896696418,1.6919798895287386e-13,0,361.7222024812538
-2.5,b0973,,3,30,0.366799589669811,0.3667995896696418,1.6919798895287386e-13,0,361.7222024812538
-2.5,b0974,,3,30,0.366799589669811,0.3667995896696418,1.6919798895287386e-13,0,361.7222024812538
-2.5,b2997,,3,30,0.366799589669811,0.3667995896696418,1.6919798895287386e-13,0,361.7222024812538
-2.5,b2995,,3,30,0.366799589669811,0.3667995896696418,1.6919798895287386e-13,0,361.7222024812538
-2.5,b2996,,3,30,0.366799589669811,0.3667995896696418,1.6919798895287386e-13,0,361.7222024812538
-2.5,b0972,,3,30,0.366799589669811,0.3667995896696418,1.6919798895287386e-13,0,361.7222024812538
-2.5,b2530,,6,428,0.366799589669811,1.1202810262963234e-15,0.3667995896698099,1,1196.4892825949057
-2.5,b2529,,6,116,0.366799589669811,0.3667973622214697,2.2274483413298185e-06,0,361.72244097685183
-2.5,b3807,,4,428,0.366799589669811,-2.78486526706788e-16,0.3667995896698113,1,1196.4892825949103
-2.5,b2528,,2,116,0.366799589669811,0.3667973622214733,2.2274483377215937e-06,0,361.7224409768522
-2.5,b1136,,1,428,0.366799589669811,-1.7144728534808558e-15,0.36679958966981274,1,1196.4892825949137
-2.5,b2265,,1,30,0.366799589669811,0.366799589669652,1.5903944827755367e-13,0,361.7222024812544
-2.5,b0593,,1,30,0.366799589669811,0.3667995896696418,1.6919798895287386e-13,0,361.7222024812538
-2.5,b0595,,1,30,0.366799589669811,0.3667995896696418,1.6919798895287386e-13,0,361.7222024812538
-2.5,b4015,,1,30,0.366799589669811,0.3667995896696418,1.6919798895287386e-13,0,361.7222024812538
-2.5,b4267,,2,30,0.366799589669811,0.3667995896696418,1.6919798895287386e-13,0,361.7222024812538
-2.5,b2023,,1,428,0.366799589669811,-7.695548935551352e-16,0.3667995896698118,1,1196.4892825949096
-2.5,b2025,,1,428,0.366799589669811,0.0,0.366799589669811,1,1196.4892825949369
-2.5,b1262,,2,428,0.366799589669811,0.0,0.366799589669811,1,1196.4892825949369
-2.5,b3770,,4,428,0.366799589669811,0.0,0.366799589669811,1,1196.4892825949078
-2.5,b0026,,1,27,0.366799589669811,0.36679958966963816,1.7286172493413687e-13,0,361.31492126248486
-2.5,b0401,,3,27,0.366799589669811,0.3667995896696529,1.580957587066223e-13,0,361.31492126248594
-2.5,b2508,,1,334,0.366799589669811,0.36581162278229895,0.0009879668875120706,0,361.611971929727
-2.5,b3265,,1,27,0.366799589669811,0.3667995896696467,1.6431300764452317e-13,0,361.31492126248594
-2.5,b3266,,1,27,0.366799589669811,0.3667995896696529,1.580957587066223e-13,0,361.31492126248594
-2.5,b3161,,2,27,0.366799589669811,0.3667995896696529,1.580957587066223e-13,0,361.31492126248594
-2.5,b3679,,1,27,0.366799589669811,0.3667995896696529,1.580957587066223e-13,0,361.31492126248594
-2.5,b2889,,1,24,0.366799589669811,0.3667995896696529,1.580957587066223e-13,0,361.3149194637997
-2.5,b0073,,1,428,0.366799589669811,-3.200036849010322e-16,0.36679958966981135,1,1196.4892825949316
-2.5,b0071,,2,428,0.366799589669811,0.0,0.366799589669811,1,1196.489282594925
-2.5,b0072,,2,428,0.366799589669811,0.0,0.366799589669811,1,1196.4892825949169
-2.5,b0074,,1,428,0.366799589669811,0.0,0.366799589669811,1,1196.4892825949169
-2.5,b0918,,1,439,0.366799589669811,-7.762911142000895e-15,0.3667995896698188,1,924.7574744734726
-2.5,b3198,,1,439,0.366799589669811,0.0,0.366799589669811,1,924.7574744734579
-2.5,b1215,,1,439,0.366799589669811,0.0,0.366799589669811,1,924.7574744734579
-2.5,b4196,,1,24,0.366799589669811,0.36679958966965204,1.5898393712632242e-13,0,361.3149194637995
-2.5,b3581,,1,24,0.366799589669811,0.3667995896696445,1.6653345369377348e-13,0,361.31491946379936
-2.5,b0697,,1,24,0.366799589669811,0.3667995896696445,1.6653345369377348e-13,0,361.31491946379936
-2.5,b4513,,1,24,0.366799589669811,0.3667995896696445,1.6653345369377348e-13,0,361.31491946379936
-2.5,b0698,,1,24,0.366799589669811,0.3667995896696445,1.6653345369377348e-13,0,361.31491946379936
-2.5,b0696,,1,24,0.366799589669811,0.3667995896696445,1.6653345369377348e-13,0,361.31491946379936
-2.5,b3747,,1,328,0.366799589669811,0.36620550107661815,0.0005940885931928763,0,361.3918191455977
-2.5,b1363,,1,328,0.366799589669811,0.36620550107661637,0.0005940885931946527,0,361.39181914559765
-2.5,b1250,,1,328,0.366799589669811,0.36620550107661637,0.0005940885931946527,0,361.39181914559765
-2.5,b3849,,1,328,0.366799589669811,0.36620550107661637,0.0005940885931946527,0,361.39181914559765
-2.5,b1291,,1,328,0.366799589669811,0.36620550107661637,0.0005940885931946527,0,361.39181914559765
-2.5,b3290,,1,328,0.366799589669811,0.36620550107661637,0.0005940885931946527,0,361.39181914559765
-2.5,b0047,,1,24,0.366799589669811,0.36679958966964404,1.6697754290362354e-13,0,361.31491946379924
-2.5,b0842,,2,24,0.366799589669811,0.3667995896696445,1.6653345369377348e-13,0,361.31491946379936
-2.5,b3350,,1,24,0.366799589669811,0.3667995896696445,1.6653345369377348e-13,0,361.31491946379936
-2.5,b3605,,2,24,0.366799589669811,0.3667995896696445,1.6653345369377348e-13,0,361.31491946379936
-2.5,b0306,,2,24,0.366799589669811,0.3667995896696445,1.6653345369377348e-13,0,361.31491946379936
-2.5,b0307,,2,24,0.366799589669811,0.3667995896696445,1.6653345369377348e-13,0,361.31491946379936
-2.5,b0308,,2,24,0.366799589669811,0.3667995896696445,1.6653345369377348e-13,0,361.31491946379936
-2.5,b2257,,1,24,0.366799589669811,0.3667995896696445,1.6653345369377348e-13,0,361.31491946379936
-2.5,b0344,,1,24,0.366799589669811,0.3667995896696445,1.6653345369377348e-13,0,361.31491946379936
-2.5,b2132,,1,24,0.366799589669811,0.3667995896696445,1.6653345369377348e-13,0,361.31491946379936
-2.5,b1326,,1,24,0.366799589669811,0.3667995896696445,1.6653345369377348e-13,0,361.31491946379936
-2.5,b4130,,2,24,0.366799589669811,0.3667995896696445,1.6653345369377348e-13,0,361.31491946379936
-2.5,b3496,,2,24,0.366799589669811,0.3667995896696445,1.6653345369377348e-13,0,361.31491946379936
-2.5,b0709,,2,24,0.366799589669811,0.3667995896696445,1.6653345369377348e-13,0,361.31491946379936
-2.5,b1634,,2,24,0.366799589669811,0.3667995896696445,1.6653345369377348e-13,0,361.31491946379936
-2.5,b2799,,1,24,0.366799589669811,0.3667995896696445,1.6653345369377348e-13,0,361.31491946379936
-2.5,b2170,,1,24,0.366799589669811,0.3667995896696445,1.6653345369377348e-13,0,361.31491946379936
-2.5,b0070,,1,24,0.366799589669811,0.3667995896696445,1.6653345369377348e-13,0,361.31491946379936
-2.5,b0343,,1,24,0.366799589669811,0.3667995896696445,1.6653345369377348e-13,0,361.31491946379936
-2.5,b1380,,1,24,0.366799589669811,0.3667995896696445,1.6653345369377348e-13,0,361.31491946379936
-2.5,b2133,,2,24,0.366799589669811,0.3667995896696445,1.6653345369377348e-13,0,361.31491946379936
-2.5,b4054,,3,428,0.366799589669811,3.6054418654256487e-16,0.3667995896698107,1,1196.4892825949116
-2.5,b0642,,1,24,0.366799589669811,0.366799589669648,1.6303625116620424e-13,0,361.31491946379936
-2.5,b3458,,1,24,0.366799589669811,0.3667995896696433,1.676991878696299e-13,0,361.31491946379936
-2.5,b1651,,1,24,0.366799589669811,0.3667995896696433,1.676991878696299e-13,0,361.31491946379936
-2.5,b0622,,2,24,0.366799589669811,0.3667995896696433,1.676991878696299e-13,0,361.31491946379936
-2.5,b4386,,3,24,0.366799589669811,0.3667995896696433,1.676991878696299e-13,0,361.31491946379936
-2.5,b0630,,1,24,0.366799589669811,0.3667995896696433,1.676991878696299e-13,0,361.31491946379936
-2.5,b0628,,1,24,0.366799589669811,0.3667995896696433,1.676991878696299e-13,0,361.31491946379936
-2.5,b0182,,1,436,0.366799589669811,6.298813889496511e-16,0.3667995896698104,1,941.7912617369002
-2.5,b0494,,21,24,0.366799589669811,0.36679958966965265,1.5837331446277858e-13,0,361.31491946379975
-2.5,b3825,,35,24,0.366799589669811,0.36679958966964915,1.6187051699034782e-13,0,361.31491946379964
-2.5,b0186,,1,24,0.366799589669811,0.36679958966964915,1.6187051699034782e-13,0,361.31491946379964
-2.5,b4131,,1,24,0.366799589669811,0.36679958966964915,1.6187051699034782e-13,0,361.31491946379964
-2.5,b2890,,1,24,0.366799589669811,0.36679958966964915,1.6187051699034782e-13,0,361.31491946379964
-2.5,b2156,,1,24,0.366799589669811,0.36679958966964915,1.6187051699034782e-13,0,361.31491946379964
-2.5,b3903,,2,24,0.366799589669811,0.36679958966964915,1.6187051699034782e-13,0,361.31491946379964
-2.5,b3907,,2,24,0.366799589669811,0.36679958966964915,1.6187051699034782e-13,0,361.31491946379964
-2.5,b3600,,1,24,0.366799589669811,0.36679958966964915,1.6187051699034782e-13,0,361.31491946379964
-2.5,b0777,,1,434,0.366799589669811,-4.087083754362845e-11,0.3667995897106819,1,1317.6342065763151
-2.5,b1800,,1,24,0.366799589669811,0.36679958966964876,1.6225909504896663e-13,0,361.31491946379975
-2.5,b4014,,1,24,0.366799589669811,0.36679958966964327,1.6775469902086115e-13,0,361.31491946379913
-2.5,b2976,,1,24,0.366799589669811,0.36679958966964327,1.6775469902086115e-13,0,361.31491946379913
-2.5,b2049,,1,24,0.366799589669811,0.36679958966964327,1.6775469902086115e-13,0,361.31491946379913
-2.5,b1613,,1,24,0.366799589669811,0.36679958966964327,1.6775469902086115e-13,0,361.31491946379913
-2.5,b4323,,1,24,0.366799589669811,0.36679958966964327,1.6775469902086115e-13,0,361.31491946379913
-2.5,b0731,,1,24,0.366799589669811,0.36679958966964327,1.6775469902086115e-13,0,361.31491946379913
-2.5,b0732,,1,24,0.366799589669811,0.36679958966964327,1.6775469902086115e-13,0,361.31491946379913
-2.5,b0334,,1,24,0.366799589669811,0.36679958966964327,1.6775469902086115e-13,0,361.31491946379913
-2.5,b0331,,1,24,0.366799589669811,0.36679958966964327,1.6775469902086115e-13,0,361.31491946379913
-2.5,b0333,,1,24,0.366799589669811,0.36679958966964327,1.6775469902086115e-13,0,361.31491946379913
-2.5,b1092,,1,439,0.366799589669811,-2.7581636459140416e-14,0.3667995896698386,1,924.7574744735083
-2.5,b2521,,1,24,0.366799589669811,0.3667995896696428,1.6819878823071122e-13,0,361.314919463798
-2.5,b0149,,5,434,0.366799589669811,2.8157521131528495e-16,0.36679958966981074,1,1317.6342064013713
-2.5,b0635,,2,434,0.366799589669811,0.0,0.366799589669811,1,1317.634206401351
-2.5,b3396,,5,434,0.366799589669811,0.0,0.366799589669811,1,1317.634206401367
-2.5,b0084,,2,434,0.366799589669811,0.0,0.366799589669811,1,1317.634206401367
-2.5,b0839,,5,24,0.366799589669811,0.3667995896696545,1.5654144647214707e-13,0,361.31491946379975
-2.5,b2010,,5,24,0.366799589669811,0.3667995896696485,1.6253665080512292e-13,0,361.3149194637996
-2.5,b3182,,9,24,0.366799589669811,0.3667995896696485,1.6253665080512292e-13,0,361.3149194637996
-2.5,b0632,,5,24,0.366799589669811,0.3667995896696485,1.6253665080512292e-13,0,361.3149194637996
-2.5,b2134,,4,24,0.366799589669811,0.3667995896696485,1.6253665080512292e-13,0,361.3149194637996
-2.5,b2328,,4,24,0.366799589669811,0.36679958966964177,1.6925350010410511e-13,0,361.3149194637993
-2.5,b3236,,1,364,0.366799589669811,0.3646956026995211,0.002103986970289906,0,357.89444593680406
-2.5,b2210,,2,24,0.366799589669811,0.36679958966966403,1.4699352846037073e-13,0,361.3149194638005
-2.5,b1479,,1,24,0.366799589669811,0.36679958966964915,1.6187051699034782e-13,0,361.3149194637997
-2.5,b2463,,1,24,0.366799589669811,0.36679958966964915,1.6187051699034782e-13,0,361.3149194637997
-2.5,b2515,,1,428,0.366799589669811,3.5500018482218633e-16,0.3667995896698107,1,1196.489282594922
-2.5,b2746,,1,428,0.366799589669811,0.0,0.366799589669811,1,1196.4892825949369
-2.5,b4120,,1,24,0.366799589669811,0.36679958966965076,1.6026069360464135e-13,0,361.3149194637996
-2.5,b2747,,1,428,0.366799589669811,3.605423401106382e-16,0.3667995896698107,1,1196.4892825949198
-2.5,b2942,,1,428,0.366799589669811,1.3933657490772726e-13,0.3667995896696717,1,1196.4892825944496
-2.5,b0199,,2,24,0.366799589669811,0.36679958966964366,1.6736612096224235e-13,0,361.3149194637996
-2.5,b0197,,2,24,0.366799589669811,0.36679958966964776,1.6325829577112927e-13,0,361.3149194637995
-2.5,b0198,,2,24,0.366799589669811,0.36679958966964776,1.6325829577112927e-13,0,361.3149194637995
-2.5,b4019,,1,428,0.366799589669811,-2.1632651192553806e-15,0.3667995896698132,1,1196.4892825949275
-2.5,b3829,,1,428,0.366799589669811,-1.0307812098476388e-15,0.3667995896698121,1,1196.489282594936
-2.5,b4219,,1,24,0.366799589669811,0.36679958966964427,1.667554982986985e-13,0,361.3149194637995
-2.5,b1778,,1,24,0.366799589669811,0.36679958966964776,1.6325829577112927e-13,0,361.3149194637995
-2.5,b2114,,1,24,0.366799589669811,0.36679958966964776,1.6325829577112927e-13,0,361.3149194637995
-2.5,b4242,,2,24,0.366799589669811,0.36679958966964776,1.6325829577112927e-13,0,361.3149194637995
-2.5,b0963,,1,24,0.366799589669811,0.36679958966964776,1.6325829577112927e-13,0,361.3149194637995
-2.5,b0403,,5,24,0.366799589669811,0.36679958966964776,1.6325829577112927e-13,0,361.3149194637995
-2.5,b4392,,4,24,0.366799589669811,0.36679958966964776,1.6325829577112927e-13,0,361.3149194637995
-2.5,b2963,,4,24,0.366799589669811,0.36679958966964776,1.6325829577112927e-13,0,361.3149194637995
-2.5,b2558,,4,24,0.366799589669811,0.36679958966964776,1.6325829577112927e-13,0,361.3149194637995
-2.5,b2813,,4,24,0.366799589669811,0.36679958966964776,1.6325829577112927e-13,0,361.3149194637995
-2.5,b2701,,4,24,0.366799589669811,0.36679958966964776,1.6325829577112927e-13,0,361.3149194637995
-2.5,b1193,,4,24,0.366799589669811,0.36679958966964776,1.6325829577112927e-13,0,361.3149194637995
-2.5,b2919,,1,24,0.366799589669811,0.36679958966964776,1.6325829577112927e-13,0,361.3149194637995
-2.5,b0260,,1,24,0.366799589669811,0.36679958966964776,1.6325829577112927e-13,0,361.3149194637995
-2.5,b2917,,1,24,0.366799589669811,0.36679958966964776,1.6325829577112927e-13,0,361.3149194637995
-2.5,b3599,,1,24,0.366799589669811,0.36679958966964776,1.6325829577112927e-13,0,361.3149194637995
-2.5,b4322,,1,24,0.366799589669811,0.36679958966964776,1.6325829577112927e-13,0,361.3149194637995
-2.5,b0784,,2,428,0.366799589669811,7.210874956380477e-16,0.3667995896698103,1,1196.4892825949187
-2.5,b3633,,2,436,0.366799589669811,1.4441350980708562e-15,0.3667995896698096,1,941.7912617369007
-2.5,b3624,,1,24,0.366799589669811,0.36679958966964554,1.6547874182037958e-13,0,361.31491946379936
-2.5,b3917,,3,434,0.366799589669811,-1.911860138384336e-16,0.3667995896698112,1,1317.6342064013043
-2.5,b0763,,3,434,0.366799589669811,0.0,0.366799589669811,1,1317.6342064013345
-2.5,b2423,,5,434,0.366799589669811,0.0,0.366799589669811,1,1317.6342064013345
-2.5,b0765,,3,434,0.366799589669811,0.0,0.366799589669811,1,1317.6342064013345
-2.5,b2425,,5,434,0.366799589669811,0.0,0.366799589669811,1,1317.6342064013345
-2.5,b2422,,5,434,0.366799589669811,0.0,0.366799589669811,1,1317.6342064013345
-2.5,b0764,,3,434,0.366799589669811,0.0,0.366799589669811,1,1317.6342064013345
-2.5,b2424,,5,434,0.366799589669811,0.0,0.366799589669811,1,1317.6342064013345
-2.5,b2877,,1,24,0.366799589669811,0.36679958966965,1.6103784972187896e-13,0,361.3149194637994
-2.5,b0134,,1,428,0.366799589669811,5.771872955890897e-17,0.36679958966981097,1,1196.4892825949275
-2.5,b0009,,1,428,0.366799589669811,3.3983566447978197e-12,0.3667995896664127,1,1196.4892825831043
-2.5,b2519,,2,428,0.366799589669811,0.0,0.366799589669811,1,1196.4892825949357
-2.5,b1069,,2,428,0.366799589669811,0.0,0.366799589669811,1,1196.4892825949057
-2.5,b0785,,1,428,0.366799589669811,0.0,0.366799589669811,1,1196.4892825949057
-2.5,b0826,,1,428,0.366799589669811,0.0,0.366799589669811,1,1196.4892825949353
-2.5,b1008,,1,24,0.366799589669811,0.366799589669647,1.6403545188836688e-13,0,361.3149194637993
-2.5,b0529,,2,422,0.366799589669811,0.3597860590895871,0.0070135305802239145,0,368.7137042454416
-2.5,b3941,,1,428,0.366799589669811,-4.947230966800889e-15,0.36679958966981596,1,1196.4892825949555
-2.5,b1059,,2,24,0.366799589669811,0.36679958966965154,1.5948353748740374e-13,0,361.3149194637996
-2.5,b3996,,1,24,0.366799589669811,0.36679958966964943,1.6159296123419153e-13,0,361.31491946379987
-2.5,b2411,,1,24,0.366799589669811,0.36679958966964943,1.6159296123419153e-13,0,361.31491946379987
-2.5,b1109,,3,24,0.366799589669811,0.36679958966964943,1.6159296123419153e-13,0,361.31491946379987
-2.5,b2284,,3,442,0.366799589669811,0.32619626162487536,0.04060332804493566,0,431.34371458051703
-2.5,b2288,,3,442,0.366799589669811,0.32619626162486526,0.04060332804494576,0,431.34371458051163
-2.5,b2280,,3,442,0.366799589669811,0.32619626162486526,0.04060332804494576,0,431.34371458051163
-2.5,b2282,,3,442,0.366799589669811,0.32619626162486526,0.04060332804494576,0,431.34371458051163
-2.5,b2277,,3,442,0.366799589669811,0.32619626162486526,0.04060332804494576,0,431.34371458051163
-2.5,b2287,,3,442,0.366799589669811,0.32619626162486526,0.04060332804494576,0,431.34371458051163
-2.5,b2276,,3,442,0.366799589669811,0.32619626162486526,0.04060332804494576,0,431.34371458051163
-2.5,b2278,,3,442,0.366799589669811,0.32619626162486526,0.04060332804494576,0,431.34371458051163
-2.5,b2286,,3,442,0.366799589669811,0.32619626162486526,0.04060332804494576,0,431.34371458051163
-2.5,b2283,,3,442,0.366799589669811,0.32619626162486526,0.04060332804494576,0,431.34371458051163
-2.5,b2279,,3,442,0.366799589669811,0.32619626162486526,0.04060332804494576,0,431.34371458051163
-2.5,b2285,,3,442,0.366799589669811,0.32619626162486526,0.04060332804494576,0,431.34371458051163
-2.5,b2281,,3,442,0.366799589669811,0.32619626162486526,0.04060332804494576,0,431.34371458051163
-2.5,b2615,,1,429,0.366799589669811,-5.6008262840533944e-18,0.366799589669811,1,1073.7609221992018
-2.5,b3028,,3,24,0.366799589669811,0.3667995896696556,1.5543122344752192e-13,0,361.31491946380015
-2.5,b1740,,1,428,0.366799589669811,-6.393673624322628e-13,0.3667995896704504,1,1196.4892825971424
-2.5,b1602,,2,434,0.366799589669811,0.356756203329963,0.010043386339848026,0,474.53030112397227
-2.5,b1603,,2,434,0.366799589669811,0.3567562033287654,0.010043386341045624,0,474.5303011233403
-2.5,b3962,,1,24,0.366799589669811,0.3667995896696592,1.5182299861749016e-13,0,361.31491946380027
-2.5,b0931,,1,24,0.366799589669811,0.3667995896696452,1.6581180872776713e-13,0,361.3149194637996
-2.5,b1186,,1,24,0.366799589669811,0.3667995896696452,1.6581180872776713e-13,0,361.3149194637996
-2.5,b0019,,1,24,0.366799589669811,0.3667995896696452,1.6581180872776713e-13,0,361.3149194637996
-2.5,b2518,,8,432,0.366799589669811,-4.0801665590221985e-16,0.3667995896698114,1,951.6899810495287
-2.5,b0451,,1,429,0.366799589669811,5.044794063092402e-15,0.36679958966980597,1,1625.4334234983887
-2.5,b2711,,1,31,0.366799589669811,0.36679958966964477,1.662558979376172e-13,0,366.56814395821584
-2.5,b2710,,1,31,0.366799589669811,0.36679958966965204,1.5898393712632242e-13,0,366.56814395821596
-2.5,b3477,,1,31,0.366799589669811,0.36679958966965204,1.5898393712632242e-13,0,366.56814395821596
-2.5,b3476,,1,31,0.366799589669811,0.36679958966965204,1.5898393712632242e-13,0,366.56814395821596
-2.5,b3479,,1,31,0.366799589669811,0.36679958966965204,1.5898393712632242e-13,0,366.56814395821596
-2.5,b3480,,1,31,0.366799589669811,0.36679958966965204,1.5898393712632242e-13,0,366.56814395821596
-2.5,b3478,,1,31,0.366799589669811,0.36679958966965204,1.5898393712632242e-13,0,366.56814395821596
-2.5,b4390,,1,31,0.366799589669811,0.36679958966965204,1.5898393712632242e-13,0,366.56814395821596
-2.5,b0639,,2,429,0.366799589669811,-5.554182986597445e-13,0.36679958967036647,1,1198.6738006780915
-2.5,b0751,,1,31,0.366799589669811,0.36679958966937676,4.3426373608213e-13,0,366.5681439581665
-2.5,b1768,,1,31,0.366799589669811,0.36679958966964477,1.662558979376172e-13,0,366.5681439582162
-2.5,b1991,,1,31,0.366799589669811,0.36679958966964477,1.662558979376172e-13,0,366.5681439582162
-2.5,b0109,,1,429,0.366799589669811,-1.7920273573831227e-14,0.36679958966982895,1,1198.6738006762018
-2.5,b3367,,1,27,0.366799589669811,0.36679958966963955,1.7147394615335543e-13,0,366.5669065113578
-2.5,b1223,,2,27,0.366799589669811,0.36679958966965226,1.5876189252139739e-13,0,366.5669065113593
-2.5,b2206,,2,27,0.366799589669811,0.36679958966965226,1.5876189252139739e-13,0,366.5669065113593
-2.5,b2204,,1,27,0.366799589669811,0.36679958966965226,1.5876189252139739e-13,0,366.5669065113593
-2.5,b2203,,2,27,0.366799589669811,0.36679958966965226,1.5876189252139739e-13,0,366.5669065113593
-2.5,b2205,,1,27,0.366799589669811,0.36679958966965226,1.5876189252139739e-13,0,366.5669065113593
-2.5,b2202,,2,27,0.366799589669811,0.36679958966965226,1.5876189252139739e-13,0,366.5669065113593
-2.5,b1468,,2,27,0.366799589669811,0.36679958966965226,1.5876189252139739e-13,0,366.5669065113593
-2.5,b1226,,2,27,0.366799589669811,0.36679958966965226,1.5876189252139739e-13,0,366.5669065113593
-2.5,b1227,,2,27,0.366799589669811,0.36679958966965226,1.5876189252139739e-13,0,366.5669065113593
-2.5,b1225,,2,27,0.366799589669811,0.36679958966965226,1.5876189252139739e-13,0,366.5669065113593
-2.5,b1465,,2,27,0.366799589669811,0.36679958966965226,1.5876189252139739e-13,0,366.5669065113593
-2.5,b1224,,2,27,0.366799589669811,0.36679958966965226,1.5876189252139739e-13,0,366.5669065113593
-2.5,b1466,,2,27,0.366799589669811,0.36679958966965226,1.5876189252139739e-13,0,366.5669065113593
-2.5,b1467,,2,27,0.366799589669811,0.36679958966965226,1.5876189252139739e-13,0,366.5669065113593
-2.5,b1469,,1,27,0.366799589669811,0.36679958966965226,1.5876189252139739e-13,0,366.5669065113593
-2.5,b2552,,2,27,0.366799589669811,0.36679958966965226,1.5876189252139739e-13,0,366.5669065113593
-2.5,b4374,,3,27,0.366799589669811,0.36679958966965226,1.5876189252139739e-13,0,366.5669065113593
-2.5,b2291,,6,27,0.366799589669811,0.36679958966965226,1.5876189252139739e-13,0,366.5669065113593
-2.5,b2744,,14,27,0.366799589669811,0.36679958966965226,1.5876189252139739e-13,0,366.5669065113593
-2.5,b0480,,17,27,0.366799589669811,0.36679958966965226,1.5876189252139739e-13,0,366.5669065113593
-2.5,b4161,,4,27,0.366799589669811,0.36679958966965226,1.5876189252139739e-13,0,366.5669065113593
-2.5,b0650,,1,27,0.366799589669811,0.36679958966965226,1.5876189252139739e-13,0,366.5669065113593
-2.5,b4394,,3,27,0.366799589669811,0.36679958966965226,1.5876189252139739e-13,0,366.5669065113593
-2.5,b0980,,2,27,0.366799589669811,0.36679958966965226,1.5876189252139739e-13,0,366.5669065113593
-2.5,b2781,,8,27,0.366799589669811,0.36679958966965226,1.5876189252139739e-13,0,366.5669065113593
-2.5,b2954,,3,27,0.366799589669811,0.36679958966965226,1.5876189252139739e-13,0,366.5669065113593
-2.5,b1759,,2,27,0.366799589669811,0.36679958966965226,1.5876189252139739e-13,0,366.5669065113593
-2.5,b0160,,2,27,0.366799589669811,0.36679958966965226,1.5876189252139739e-13,0,366.5669065113593
-2.5,b3365,,1,27,0.366799589669811,0.36679958966965226,1.5876189252139739e-13,0,366.5669065113593
-2.5,b3366,,1,27,0.366799589669811,0.36679958966965226,1.5876189252139739e-13,0,366.5669065113593
-2.5,b4073,,2,27,0.366799589669811,0.36679958966965226,1.5876189252139739e-13,0,366.5669065113593
-2.5,b4071,,2,27,0.366799589669811,0.36679958966965226,1.5876189252139739e-13,0,366.5669065113593
-2.5,b4070,,2,27,0.366799589669811,0.36679958966965226,1.5876189252139739e-13,0,366.5669065113593
-2.5,b4072,,2,27,0.366799589669811,0.36679958966965226,1.5876189252139739e-13,0,366.5669065113593
-2.5,b2035,,3,27,0.366799589669811,0.36679958966965226,1.5876189252139739e-13,0,366.5669065113593
-2.5,b2027,,3,27,0.366799589669811,0.36679958966965226,1.5876189252139739e-13,0,366.5669065113593
-2.5,b2033,,1,27,0.366799589669811,0.36679958966965226,1.5876189252139739e-13,0,366.5669065113593
-2.5,b2037,,1,27,0.366799589669811,0.36679958966965226,1.5876189252139739e-13,0,366.5669065113593
-2.5,b2034,,1,27,0.366799589669811,0.36679958966965226,1.5876189252139739e-13,0,366.5669065113593
-2.5,b2032,,1,27,0.366799589669811,0.36679958966965226,1.5876189252139739e-13,0,366.5669065113593
-2.5,b3114,,2,441,0.366799589669811,0.32083403406558,0.045965555604231045,0,2970.021240454601
-2.5,b0903,,2,441,0.366799589669811,0.32083403406557787,0.045965555604233155,0,2970.021240454604
-2.5,b0902,,2,441,0.366799589669811,0.32083403406557787,0.045965555604233155,0,2970.021240454604
-2.5,b2579,,2,441,0.366799589669811,0.32083403406557787,0.045965555604233155,0,2970.021240454604
-2.5,b0273,,1,431,0.366799589669811,-6.961946106828855e-19,0.366799589669811,1,4203.432003301944
-2.5,b4254,,1,431,0.366799589669811,0.0,0.366799589669811,1,4203.432003301945
-2.5,b3187,,1,431,0.366799589669811,0.0,0.366799589669811,1,4203.432003301945
-2.5,b0907,,2,431,0.366799589669811,0.0,0.366799589669811,1,4203.4320033019485
-2.5,b0662,,1,27,0.366799589669811,0.3667995896696482,1.628142065612792e-13,0,366.5669065113596
-2.5,b1281,,1,435,0.366799589669811,-9.165359261752984e-17,0.36679958966981113,1,1320.2521720647778
-2.5,b2907,,1,27,0.366799589669811,0.36679958966964665,1.6436851879575443e-13,0,366.56690651135955
-2.5,b0350,,1,27,0.366799589669811,0.3667995896696445,1.6653345369377348e-13,0,366.56690651135983
-2.5,b3843,,1,429,0.366799589669811,-4.0801689977871376e-16,0.3667995896698114,1,1198.6738006761284
-2.5,b2311,,1,429,0.366799589669811,0.0,0.366799589669811,1,1198.673800676158
-2.5,b3835,,1,56,0.366799589669811,0.3667993630621405,2.266076705170761e-07,0,366.5669253019854
-2.5,b2965,,1,27,0.366799589669811,0.36679958966964754,1.634803403760543e-13,0,366.5669065113601
-2.5,b0693,,1,27,0.366799589669811,0.3667995896696552,1.5581980150614072e-13,0,366.56690651135983
-2.5,b3642,,1,429,0.366799589669811,-3.7329099038458346e-16,0.3667995896698114,1,1198.6738006761677
-2.5,b2373,,1,27,0.366799589669811,0.3667995896696591,1.5193402091995267e-13,0,366.56690651135955
-2.5,b1387,,1,27,0.366799589669811,0.3667995896696552,1.5581980150614072e-13,0,366.56690651135983
-2.5,b1394,,2,27,0.366799589669811,0.3667995896696552,1.5581980150614072e-13,0,366.56690651135983
-2.5,b1014,,2,27,0.366799589669811,0.3667995896696552,1.5581980150614072e-13,0,366.56690651135983
-2.5,b0386,,1,429,0.366799589669811,6.525035160535138e-17,0.36679958966981097,1,1198.6738006761666
-2.5,b1391,,1,27,0.366799589669811,0.3667995896696545,1.5654144647214707e-13,0,366.5669065113598
-2.5,b1390,,1,27,0.366799589669811,0.3667995896696518,1.5920598173124745e-13,0,366.5669065113595
-2.5,b1392,,1,27,0.366799589669811,0.3667995896696518,1.5920598173124745e-13,0,366.5669065113595
-2.5,b1388,,1,27,0.366799589669811,0.3667995896696518,1.5920598173124745e-13,0,366.5669065113595
-2.5,b1389,,1,27,0.366799589669811,0.3667995896696518,1.5920598173124745e-13,0,366.5669065113595
-2.5,b1398,,1,27,0.366799589669811,0.3667995896696518,1.5920598173124745e-13,0,366.5669065113595
-2.5,b0133,,1,429,0.366799589669811,7.926686970212774e-13,0.3667995896690184,1,1198.6738006734106
-2.5,b1278,,30,429,0.366799589669811,2.7202910958703314e-28,0.366799589669811,1,1198.6738006761518
-2.5,b0087,,1,429,0.366799589669811,0.0,0.366799589669811,1,1198.6738006761373
-2.5,b2762,,2,429,0.366799589669811,0.0,0.366799589669811,1,1198.6738006761657
-2.5,b1489,,2,27,0.366799589669811,0.36679958966964815,1.6286971771251046e-13,0,366.5669065113596
-2.5,b0114,,1,261,0.366799589669811,0.3667766444557556,2.294521405543648e-05,0,366.4322323712529
-2.5,b0115,,1,261,0.366799589669811,0.3667766444557498,2.294521406120964e-05,0,366.4322323712526
-2.5,b1638,,2,27,0.366799589669811,0.3667995896696493,1.6170398353665405e-13,0,366.56690651135983
-2.5,b2564,,1,429,0.366799589669811,0.0,0.366799589669811,1,1198.67380067621
-2.5,b0052,,1,429,0.366799589669811,0.0,0.366799589669811,1,1198.673800676141
-2.5,b0766,,2,27,0.366799589669811,0.36679958966964327,1.6775469902086115e-13,0,366.5669065113596
-2.5,b2320,,1,429,0.366799589669811,5.496923296445432e-16,0.36679958966981047,1,1198.6738006762093
-2.5,b3546,,2,27,0.366799589669811,0.36679958966965753,1.534883331544279e-13,0,366.56690651135983
-2.5,b1723,,1,27,0.366799589669811,0.36679958966964626,1.6475709685437323e-13,0,366.56690651135955
-2.5,b3916,,3,424,0.366799589669811,0.35983239382147575,0.0069671958483352725,0,465.2138216373474
-2.5,b3952,,1,437,0.366799589669811,0.32083403406557304,0.045965555604237984,0,4514.381003639233
-2.5,b3951,,1,437,0.366799589669811,0.32083403406558175,0.04596555560422927,0,4514.381003639225
-2.5,b3176,,1,427,0.366799589669811,-1.0164341073687484e-16,0.36679958966981113,1,6511.385708651054
-2.5,b2913,,1,429,0.366799589669811,0.353756634707585,0.013042954962226017,0,391.0364337527221
-2.5,b4025,,1,435,0.366799589669811,0.33910630026006156,0.027693289409749466,0,891.0726322573433
-2.5,b2926,,1,458,0.366799589669811,0.071784461146376,0.29501512852343503,0,5204.4357416728635
-2.5,b0767,,1,25,0.366799589669811,0.366799589669652,1.5903944827755367e-13,0,475.9943284978629
-2.5,b3385,,1,25,0.366799589669811,0.36679958966964854,1.6248113965389166e-13,0,475.99432849786274
-2.5,b3612,,1,453,0.366799589669811,0.11394762402032912,0.25285196564948187,0,2624.410535187404
-2.5,b0755,,1,453,0.366799589669811,0.11394762402032461,0.2528519656494864,0,2624.410535187385
-2.5,b4395,,1,453,0.366799589669811,0.11394762402032461,0.2528519656494864,0,2624.410535187385
-2.5,b0688,,1,20,0.366799589669811,0.36679958966964027,1.7075230118734908e-13,0,7.414994179981543
-2.5,b2690,,1,20,0.366799589669811,0.3667995896696445,1.6653345369377348e-13,0,7.41499417998107
-2.5,b0418,,14,20,0.366799589669811,0.3667995896696445,1.6653345369377348e-13,0,7.41499417998107
-2.5,b1912,,7,20,0.366799589669811,0.3667995896696445,1.6653345369377348e-13,0,7.41499417998107
-2.5,b2199,,1,20,0.366799589669811,0.3667995896696445,1.6653345369377348e-13,0,7.41499417998107
-2.5,b2200,,1,20,0.366799589669811,0.3667995896696445,1.6653345369377348e-13,0,7.41499417998107
-2.5,b2197,,1,20,0.366799589669811,0.3667995896696445,1.6653345369377348e-13,0,7.41499417998107
-2.5,b2198,,1,20,0.366799589669811,0.3667995896696445,1.6653345369377348e-13,0,7.41499417998107
-2.5,b2201,,1,20,0.366799589669811,0.3667995896696445,1.6653345369377348e-13,0,7.41499417998107
-2.5,b1713,,1,20,0.366799589669811,0.3667995896696445,1.6653345369377348e-13,0,7.41499417998107
-2.5,b1714,,1,20,0.366799589669811,0.3667995896696445,1.6653345369377348e-13,0,7.41499417998107
-2.5,b1473,,3,20,0.366799589669811,0.3667995896696445,1.6653345369377348e-13,0,7.41499417998107
-2.5,b0576,,2,20,0.366799589669811,0.3667995896696445,1.6653345369377348e-13,0,7.41499417998107
-2.5,b3493,,1,375,0.366799589669811,0.36388226866414514,0.002917321005665885,0,7.6268620263750115
-2.5,b2987,,1,375,0.366799589669811,0.36388226866414863,0.0029173210056623877,0,7.626862026374712
-2.5,b3725,,1,20,0.366799589669811,0.3667995896696473,1.6370238498097933e-13,0,7.414994179980818
-2.5,b3726,,1,20,0.366799589669811,0.3667995896696527,1.5831780331154732e-13,0,7.414994179980279
-2.5,b3727,,1,20,0.366799589669811,0.3667995896696527,1.5831780331154732e-13,0,7.414994179980279
-2.5,b3728,,1,20,0.366799589669811,0.3667995896696527,1.5831780331154732e-13,0,7.414994179980279
-2.5,b3821,,42,20,0.366799589669811,0.3667995896696527,1.5831780331154732e-13,0,7.414994179980279
-2.5,b2048,,1,20,0.366799589669811,0.3667995896696527,1.5831780331154732e-13,0,7.414994179980279
-2.5,b3412,,1,442,0.366799589669811,-4.724110417122383e-16,0.3667995896698115,1,932.735937253159
-2.5,b3974,,1,442,0.366799589669811,0.0,0.366799589669811,1,932.7359372531556
-2.5,b3258,,1,20,0.366799589669811,0.3667995896696489,1.6214807274650411e-13,0,7.414994179980672
-2.5,b1010,,1,20,0.366799589669811,0.36679958966965714,1.538769112130467e-13,0,7.414994179979874
-2.5,b1378,,1,316,0.366799589669811,0.36657869394822407,0.00022089572158695558,0,7.3184762740181615
-2.5,b0871,,1,20,0.366799589669811,0.3667995896696535,1.5754064719430971e-13,0,7.414994179980168
-2.5,b4226,,1,20,0.366799589669811,0.36679958966965714,1.538769112130467e-13,0,7.414994179979874
-2.5,b2502,,2,20,0.366799589669811,0.36679958966965714,1.538769112130467e-13,0,7.414994179979874
-2.5,b1015,,2,20,0.366799589669811,0.36679958966965714,1.538769112130467e-13,0,7.414994179979874
-2.5,b0369,,1,425,0.366799589669811,-2.4531762236462436e-16,0.36679958966981124,1,823.616501138662
-2.5,b3956,,1,431,0.366799589669811,0.3390330153512781,0.02776657431853291,0,82.24904892617023
-2.5,b3639,,2,425,0.366799589669811,4.786974587456508e-16,0.3667995896698105,1,823.6165011386341
-2.5,b3403,,1,20,0.366799589669811,0.36679958966964854,1.6248113965389166e-13,0,7.41499417998075
-2.5,b2920,,1,23,0.366799589669811,0.36679958966966103,1.4999113062685865e-13,0,7.526184220691091
-2.5,b2501,,2,426,0.366799589669811,0.35309076456209837,0.013708825107712652,0,11.30059713771326
-2.5,b4383,,2,23,0.366799589669811,0.3667995896696485,1.6253665080512292e-13,0,0.15253671319837528
-2.5,b3380,,1,23,0.366799589669811,0.36679958966965154,1.5948353748740374e-13,0,0.1525367131983762
-2.5,b3850,,2,423,0.366799589669811,-4.938830355459387e-16,0.3667995896698115,1,819.7859676881483
-2.5,b2536,,1,23,0.366799589669811,0.3667995896696451,1.6592283103022964e-13,0,0.15253671319837434
-2.5,b1702,,1,23,0.366799589669811,0.3667995896696442,1.6681100944992977e-13,0,0.15253671319837414
-2.5,b0383,,1,23,0.366799589669811,0.3667995896696442,1.6681100944992977e-13,0,0.15253671319837414
-2.5,b4005,,1,423,0.366799589669811,-7.785127223313027e-15,0.3667995896698188,1,819.7859676881649
-2.5,b2499,,1,423,0.366799589669811,9.844403836661069e-15,0.3667995896698012,1,819.7859676881097
-2.5,b2026,,2,423,0.366799589669811,2.543470094163488e-15,0.36679958966980847,1,819.7859676881146
-2.5,b2476,,1,423,0.366799589669811,3.027633715672044e-14,0.36679958966978077,1,819.7859676880437
-2.5,b2557,,1,423,0.366799589669811,-2.3780032169303187e-13,0.36679958967004883,1,819.785967688907
-2.5,b2024,,1,423,0.366799589669811,-3.560858131828883e-15,0.3667995896698146,1,819.7859676881343
-2.5,b0194,,1,23,0.366799589669811,0.3667995896696484,1.6264767310758543e-13,0,0.15253671319837528
-2.5,b1207,,1,25,0.366799589669811,0.3667995896696442,1.6681100944992977e-13,0,0.7383253611409283
-2.5,b0908,,1,423,0.366799589669811,-8.615901636961682e-17,0.36679958966981113,1,819.7859676881254
-2.5,b4160,,7,423,0.366799589669811,0.0,0.366799589669811,1,819.7859676881337
-2.5,b4388,,1,426,0.366799589669811,0.3537566347075815,0.013042954962229514,0,24.116685077369883
-2.5,b2585,,7,423,0.366799589669811,6.864788315968243e-17,0.36679958966981097,1,819.7859676881498
-2.5,b2297,,2,438,0.366799589669811,0.31510788341227697,0.051691706257534054,0,4548.665109307023
-2.5,b2458,,1,438,0.366799589669811,0.3151078834112294,0.051691706258581605,0,4548.665109303252
-2.5,b3634,,1,430,0.366799589669811,-1.373227862512004e-12,0.36679958967118426,1,5089.639682344503
-2.5,b0692,,2,28,0.366799589669811,0.36679958966965,1.6103784972187896e-13,0,0.7824922501740247
-2.5,b3073,,1,28,0.366799589669811,0.3667995896696533,1.5770718064800349e-13,0,0.7824922501740238
-2.5,b0854,,1,28,0.366799589669811,0.3667995896696533,1.5770718064800349e-13,0,0.7824922501740238
-2.5,b1123,,2,28,0.366799589669811,0.3667995896696533,1.5770718064800349e-13,0,0.7824922501740238
-2.5,b0856,,1,28,0.366799589669811,0.3667995896696533,1.5770718064800349e-13,0,0.7824922501740238
-2.5,b1442,,2,28,0.366799589669811,0.3667995896696533,1.5770718064800349e-13,0,0.7824922501740238
-2.5,b0857,,1,28,0.366799589669811,0.3667995896696533,1.5770718064800349e-13,0,0.7824922501740238
-2.5,b0855,,1,28,0.366799589669811,0.3667995896696533,1.5770718064800349e-13,0,0.7824922501740238
-2.5,b1124,,2,28,0.366799589669811,0.3667995896696533,1.5770718064800349e-13,0,0.7824922501740238
-2.5,b1443,,2,28,0.366799589669811,0.3667995896696533,1.5770718064800349e-13,0,0.7824922501740238
-2.5,b1440,,2,28,0.366799589669811,0.3667995896696533,1.5770718064800349e-13,0,0.7824922501740238
-2.5,b1126,,2,28,0.366799589669811,0.3667995896696533,1.5770718064800349e-13,0,0.7824922501740238
-2.5,b1125,,2,28,0.366799589669811,0.3667995896696533,1.5770718064800349e-13,0,0.7824922501740238
-2.5,b1441,,2,28,0.366799589669811,0.3667995896696533,1.5770718064800349e-13,0,0.7824922501740238
-2.5,b1296,,1,28,0.366799589669811,0.3667995896696533,1.5770718064800349e-13,0,0.7824922501740238
-2.5,b2407,,5,28,0.366799589669811,0.3667995896696533,1.5770718064800349e-13,0,0.7824922501740238
-2.5,b1636,,1,28,0.366799589669811,0.3667995896696533,1.5770718064800349e-13,0,0.7824922501740238
-2.5,b3826,,1,28,0.366799589669811,0.3667995896696533,1.5770718064800349e-13,0,0.7824922501740238
-2.5,b1854,,1,33,0.366799589669811,0.3667995896696541,1.5693002453076588e-13,0,254.0496372366318
-2.5,b1676,,1,33,0.366799589669811,0.36679958966964293,1.680877659282487e-13,0,254.04963723662954
-2.5,b3831,,1,33,0.366799589669811,0.36679958966964293,1.680877659282487e-13,0,254.04963723662954
-2.5,b1007,,1,33,0.366799589669811,0.36679958966964293,1.680877659282487e-13,0,254.04963723662954
-2.5,b1012,,1,33,0.366799589669811,0.36679958966964293,1.680877659282487e-13,0,254.04963723662954
-2.5,b3029,,2,33,0.366799589669811,0.36679958966964293,1.680877659282487e-13,0,254.04963723662954
-2.5,b1692,,2,425,0.366799589669811,-4.80016702744481e-16,0.3667995896698115,1,1148.2910473942613
-2.5,b0750,,1,425,0.366799589669811,-1.7337705360368676e-12,0.3667995896715448,1,1148.2910474004266
-2.5,b4094,,1,24,0.366799589669811,0.3667995896696496,1.6142642778049776e-13,0,253.46384816212387
-2.5,b1662,,1,425,0.366799589669811,1.1994706621378024e-15,0.3667995896698098,1,1148.2910473942625
-2.5,b0415,,1,425,0.366799589669811,0.0,0.366799589669811,1,1148.2910473942732
-2.5,b3752,,1,24,0.366799589669811,0.36679958966965126,1.5976109324356003e-13,0,253.46384816212318
-2.5,b0063,,3,24,0.366799589669811,0.36679958966963105,1.7996715229173788e-13,0,253.46384816211977
-2.5,b4198,,1,24,0.366799589669811,0.36679958966963105,1.7996715229173788e-13,0,253.46384816211977
-2.5,b3583,,1,24,0.366799589669811,0.36679958966963105,1.7996715229173788e-13,0,253.46384816211977
-2.5,b0061,,1,24,0.366799589669811,0.36679958966963105,1.7996715229173788e-13,0,253.46384816211977
-2.5,b3629,,1,24,0.366799589669811,0.36679958966963105,1.7996715229173788e-13,0,253.46384816211977
-2.5,b2687,,1,425,0.366799589669811,-3.8988097976382297e-13,0.3667995896702009,1,1148.2910473956026
-2.5,b3748,,1,24,0.366799589669811,0.3667995896696481,1.6292522886374172e-13,0,253.46384816212273
-2.5,b3749,,1,24,0.366799589669811,0.36679958966963977,1.712519015484304e-13,0,253.46384816212125
-2.5,b3751,,1,24,0.366799589669811,0.36679958966963977,1.712519015484304e-13,0,253.46384816212125
-2.5,b3750,,1,24,0.366799589669811,0.36679958966963977,1.712519015484304e-13,0,253.46384816212125
-2.5,b3904,,1,24,0.366799589669811,0.36679958966963977,1.712519015484304e-13,0,253.46384816212125
-2.5,b3902,,1,24,0.366799589669811,0.36679958966963977,1.712519015484304e-13,0,253.46384816212125
-2.5,b2234,,4,24,0.366799589669811,0.36679958966963977,1.712519015484304e-13,0,253.46384816212125
-2.5,b2235,,4,24,0.366799589669811,0.36679958966963977,1.712519015484304e-13,0,253.46384816212125
-2.5,b2676,,4,24,0.366799589669811,0.36679958966963977,1.712519015484304e-13,0,253.46384816212125
-2.5,b2675,,4,24,0.366799589669811,0.36679958966963977,1.712519015484304e-13,0,253.46384816212125
-2.5,b4238,,4,315,0.366799589669811,0.3665835434636291,0.00021604620618193016,0,253.57008362583449
-2.5,b4237,,4,315,0.366799589669811,0.3665835434636344,0.00021604620617660109,0,253.57008362583534
-2.5,b3386,,1,366,0.366799589669811,0.36487273253557134,0.001926857134239679,0,255.25716496088185
-2.5,b4301,,1,366,0.366799589669811,0.36487273253556723,0.0019268571342437868,0,255.2571649608815
-2.5,b2914,,1,433,0.366799589669811,0.23472603362179048,0.13207355604802054,0,680.1482018451849
-2.5,b0638,,1,21,0.366799589669811,0.3667995896696395,1.7152945730458669e-13,0,253.4196812730894
-2.5,b1683,,6,21,0.366799589669811,0.36679958966965115,1.5987211554602254e-13,0,253.41968127309093
-2.5,b1679,,4,21,0.366799589669811,0.36679958966965115,1.5987211554602254e-13,0,253.41968127309093
-2.5,b1680,,4,21,0.366799589669811,0.36679958966965115,1.5987211554602254e-13,0,253.41968127309093
-2.5,b1682,,6,21,0.366799589669811,0.36679958966965115,1.5987211554602254e-13,0,253.41968127309093
-2.5,b1681,,6,21,0.366799589669811,0.36679958966965115,1.5987211554602254e-13,0,253.41968127309093
-2.5,b1684,,2,21,0.366799589669811,0.36679958966965115,1.5987211554602254e-13,0,253.41968127309093
-2.5,b0222,,1,21,0.366799589669811,0.36679958966965115,1.5987211554602254e-13,0,253.41968127309093
-2.5,b1745,,1,21,0.366799589669811,0.36679958966965115,1.5987211554602254e-13,0,253.41968127309093
-2.5,b2751,,1,425,0.366799589669811,-4.122692472334074e-15,0.36679958966981513,1,1148.2910473943532
-2.5,b2752,,1,425,0.366799589669811,0.0,0.366799589669811,1,1148.291047394257
-2.5,b2705,,1,21,0.366799589669811,0.36679958966964354,1.6747714326470486e-13,0,253.4196812730887
-2.5,b2703,,1,21,0.366799589669811,0.3667995896696476,1.6342482922482304e-13,0,253.4196812730895
-2.5,b2704,,1,21,0.366799589669811,0.3667995896696476,1.6342482922482304e-13,0,253.4196812730895
-2.5,b2702,,1,21,0.366799589669811,0.3667995896696476,1.6342482922482304e-13,0,253.4196812730895
-2.5,b2472,,1,425,0.366799589669811,-2.893364575905832e-16,0.3667995896698113,1,1148.2910473942684
-2.5,b3591,,1,21,0.366799589669811,0.3667995896696531,1.5792922525292852e-13,0,253.41968127309053
-2.5,b1764,,1,21,0.366799589669811,0.3667995896696476,1.6342482922482304e-13,0,253.4196812730895
-2.5,b2264,,1,21,0.366799589669811,0.3667995896696476,1.6342482922482304e-13,0,253.4196812730895
-2.5,b0586,,1,21,0.366799589669811,0.3667995896696476,1.6342482922482304e-13,0,253.4196812730895
-2.5,b3607,,1,425,0.366799589669811,-8.758883461246958e-16,0.3667995896698119,1,1148.2910473942693
-2.5,b2366,,1,21,0.366799589669811,0.36679958966964776,1.6325829577112927e-13,0,253.41968127308894
-2.5,b2797,,1,21,0.366799589669811,0.3667995896696476,1.6342482922482304e-13,0,253.4196812730895
-2.5,b4471,,1,21,0.366799589669811,0.3667995896696476,1.6342482922482304e-13,0,253.4196812730895
-2.5,b1814,,1,21,0.366799589669811,0.3667995896696476,1.6342482922482304e-13,0,253.4196812730895
-2.5,b0893,,2,21,0.366799589669811,0.3667995896696476,1.6342482922482304e-13,0,253.4196812730895
-2.5,b2796,,1,21,0.366799589669811,0.3667995896696476,1.6342482922482304e-13,0,253.4196812730895
-2.5,b3116,,2,17,0.366799589669811,0.3667995896696476,1.6342482922482304e-13,0,253.4196666930352
-2.5,b3089,,2,17,0.366799589669811,0.3667995896696556,1.5543122344752192e-13,0,253.4196666930372
-2.5,b2154,,1,17,0.366799589669811,0.3667995896696556,1.5543122344752192e-13,0,253.4196666930372
-2.5,b0355,,1,17,0.366799589669811,0.3667995896696556,1.5543122344752192e-13,0,253.4196666930372
-2.5,b1744,,1,17,0.366799589669811,0.3667995896696556,1.5543122344752192e-13,0,253.4196666930372
-2.5,b1746,,1,17,0.366799589669811,0.3667995896696556,1.5543122344752192e-13,0,253.4196666930372
-2.5,b2263,,1,17,0.366799589669811,0.3667995896696556,1.5543122344752192e-13,0,253.4196666930372
-2.5,b3368,,3,425,0.366799589669811,-2.748461648222716e-16,0.3667995896698113,1,1148.2910473943125
-2.5,b3281,,1,425,0.366799589669811,0.0,0.366799589669811,1,1148.2910473942638
-2.5,b0388,,1,425,0.366799589669811,7.034167863099867e-30,0.366799589669811,1,1148.2910473942725
-2.5,b3390,,1,425,0.366799589669811,0.0,0.366799589669811,1,1148.2910473942366
-2.5,b3939,,1,425,0.366799589669811,0.0,0.366799589669811,1,1148.2910473942366
-2.5,b1981,,1,17,0.366799589669811,0.3667995896696461,1.64923630308067e-13,0,253.41966669303474
-2.5,b1206,,1,324,0.366799589669811,0.3660323273752402,0.000767262294570803,0,253.7649513719538
-2.5,b1584,,2,17,0.366799589669811,0.3667995896696495,1.6153745008296028e-13,0,253.41966669303594
-2.5,b1599,,1,17,0.366799589669811,0.36679958966965076,1.6026069360464135e-13,0,253.41966669303605
-2.5,b1600,,1,17,0.366799589669811,0.36679958966965076,1.6026069360464135e-13,0,253.41966669303605
-2.5,b3908,,1,17,0.366799589669811,0.36679958966965076,1.6026069360464135e-13,0,253.41966669303605
-2.5,b1656,,1,17,0.366799589669811,0.36679958966965076,1.6026069360464135e-13,0,253.41966669303605
-2.5,b1646,,1,17,0.366799589669811,0.36679958966965076,1.6026069360464135e-13,0,253.41966669303605
-2.5,b1525,,2,17,0.366799589669811,0.36679958966965076,1.6026069360464135e-13,0,253.41966669303605
-2.5,b2661,,1,17,0.366799589669811,0.36679958966965076,1.6026069360464135e-13,0,253.41966669303605
-2.5,b2260,,1,17,0.366799589669811,0.36679958966965076,1.6026069360464135e-13,0,253.41966669303605
-2.5,b2261,,1,17,0.366799589669811,0.36679958966965076,1.6026069360464135e-13,0,253.41966669303605
-2.5,b0721,,1,122,0.366799589669811,0.3667968703980525,2.7192717585444726e-06,0,253.46504182584243
-2.5,b0722,,1,122,0.366799589669811,0.3667968703980549,2.719271756101982e-06,0,253.4650418258422
-2.5,b0724,,1,122,0.366799589669811,0.3667968703980549,2.719271756101982e-06,0,253.4650418258422
-2.5,b0723,,1,122,0.366799589669811,0.3667968703980549,2.719271756101982e-06,0,253.4650418258422
-2.5,b0728,,1,17,0.366799589669811,0.3667995896696536,1.574296248918472e-13,0,253.3526435413574
-2.5,b0729,,1,17,0.366799589669811,0.36679958966965065,1.6037171590710386e-13,0,253.35264354135757
-2.5,b1521,,1,17,0.366799589669811,0.36679958966965065,1.6037171590710386e-13,0,253.35264354135757
-2.5,b2464,,1,330,0.366799589669811,0.3658338843740789,0.0009657052957321444,0,252.98515743021326
-2.5,b0008,,1,330,0.366799589669811,0.36583388437407816,0.000965705295732866,0,252.98515743021235
-2.5,b3062,,1,17,0.366799589669811,0.36679958966964965,1.613709166292665e-13,0,253.3526435413566
-2.5,b3061,,1,17,0.366799589669811,0.3667995896696615,1.4954704141700859e-13,0,253.35264354135973
-2.5,b3063,,1,17,0.366799589669811,0.3667995896696615,1.4954704141700859e-13,0,253.35264354135973
-2.5,b0368,,1,17,0.366799589669811,0.3667995896696615,1.4954704141700859e-13,0,253.35264354135973
-2.5,b3790,,1,17,0.366799589669811,0.3667995896696615,1.4954704141700859e-13,0,253.35264354135973
-2.5,b3791,,1,17,0.366799589669811,0.3667995896696615,1.4954704141700859e-13,0,253.35264354135973
-2.5,b2038,,1,17,0.366799589669811,0.3667995896696615,1.4954704141700859e-13,0,253.35264354135973
-2.5,b2040,,1,17,0.366799589669811,0.3667995896696615,1.4954704141700859e-13,0,253.35264354135973
-2.5,b2041,,1,17,0.366799589669811,0.3667995896696615,1.4954704141700859e-13,0,253.35264354135973
-2.5,b3788,,1,17,0.366799589669811,0.3667995896696615,1.4954704141700859e-13,0,253.35264354135973
-2.5,b0915,,1,431,0.366799589669811,1.4857078548640436e-16,0.36679958966981085,1,885.0906613135863
-2.5,b2095,,1,17,0.366799589669811,0.3667995896696404,1.7064127888488656e-13,0,253.35264354135586
-2.5,b3137,,1,17,0.366799589669811,0.3667995896696517,1.5931700403370996e-13,0,253.35264354135825
-2.5,b2096,,1,17,0.366799589669811,0.3667995896696517,1.5931700403370996e-13,0,253.35264354135825
-2.5,b3132,,1,17,0.366799589669811,0.3667995896696517,1.5931700403370996e-13,0,253.35264354135825
-2.5,b0166,,1,431,0.366799589669811,-4.1761051118427025e-17,0.3667995896698111,1,1281.176224105246
-2.5,b2480,,1,17,0.366799589669811,0.3667995896696452,1.6581180872776713e-13,0,253.35264354135637
-2.5,b0066,,1,17,0.366799589669811,0.3667995896696511,1.599276266972538e-13,0,253.3526435413579
-2.5,b0067,,1,17,0.366799589669811,0.3667995896696511,1.599276266972538e-13,0,253.3526435413579
-2.5,b0068,,1,17,0.366799589669811,0.3667995896696511,1.599276266972538e-13,0,253.3526435413579
-2.5,b3616,,1,17,0.366799589669811,0.3667995896696511,1.599276266972538e-13,0,253.3526435413579
-2.5,b3772,,1,425,0.366799589669811,-2.4737084697068815e-17,0.366799589669811,1,1148.2910473942725
-2.5,b3117,,1,425,0.366799589669811,0.0,0.366799589669811,1,1148.2910473942632
-2.5,b1719,,1,17,0.366799589669811,0.36679958966965115,1.5987211554602254e-13,0,253.35264354135666
-2.5,b3823,,1,17,0.366799589669811,0.36679958966964576,1.6525669721545455e-13,0,253.35264354135666
-2.5,b3992,,1,425,0.366799589669811,2.3326841879060807e-22,0.366799589669811,1,1148.2910473942559
-2.5,b3990,,1,425,0.366799589669811,0.0,0.366799589669811,1,1148.291047394283
-2.5,b0423,,1,425,0.366799589669811,0.0,0.366799589669811,1,1148.291047394283
-2.5,b4407,,1,425,0.366799589669811,0.0,0.366799589669811,1,1148.291047394283
-2.5,b2935,,2,432,0.366799589669811,1.3343203211182072e-17,0.366799589669811,1,946.9449002278693
-2.5,b2465,,2,432,0.366799589669811,0.0,0.366799589669811,1,946.9449002278703
-2.5,b0997,,2,17,0.366799589669811,0.3667995896696474,1.6364687382974807e-13,0,253.35264354135757
-2.5,b0996,,2,17,0.366799589669811,0.366799589669644,1.670330540548548e-13,0,253.35264354135643
-2.5,b2827,,1,425,0.366799589669811,1.600055675814936e-16,0.36679958966981085,1,1148.291047394253
-2.5,b1106,,1,17,0.366799589669811,0.36679958966964454,1.6647794254254222e-13,0,253.35264354135558
-2.5,b0417,,1,425,0.366799589669811,7.82197081023194e-16,0.36679958966981024,1,1148.2910473942632
-2.5,b3993,,1,425,0.366799589669811,0.0,0.366799589669811,1,1148.2910473942661
-2.5,b3919,,1,444,0.366799589669811,0.27233256399956485,0.09446702567024617,0,1428.2729909103082
-2.5,b0613,,1,12,0.366799589669811,0.36679958966962833,1.826871987020695e-13,0,0.08549855489996405
-2.5,b0888,,1,7,0.366799589669811,0.3667995896696457,1.653122083666858e-13,0,0.04416691579568982
-2.5,b4239,,1,7,0.366799589669811,0.3667995896696446,1.6642243139131097e-13,0,0.04416691579568974
-2.5,b1897,,1,7,0.366799589669811,0.3667995896696446,1.6642243139131097e-13,0,0.04416691579568974
-2.5,b1896,,1,7,0.366799589669811,0.3667995896696446,1.6642243139131097e-13,0,0.04416691579568974
-2.5,b3519,,1,7,0.366799589669811,0.3667995896696446,1.6642243139131097e-13,0,0.04416691579568974
-2.5,b1197,,1,7,0.366799589669811,0.3667995896696446,1.6642243139131097e-13,0,0.04416691579568974
-2.5,b4240,,1,7,0.366799589669811,0.3667995896696446,1.6642243139131097e-13,0,0.04416691579568974
-2.5,b1260,,3,423,0.366799589669811,-1.0918832010256924e-17,0.366799589669811,1,819.785967688146
-2.5,b1261,,3,423,0.366799589669811,0.0,0.366799589669811,1,819.7859676881427
-2.5,b3384,,1,7,0.366799589669811,0.3667995896696452,1.6581180872776713e-13,0,0.04416691579568981
-2.5,b3709,,1,7,0.366799589669811,0.3667995896696449,1.6614487563515468e-13,0,0.04416691579568975
-2.5,b0509,,1,7,0.366799589669811,0.3667995896696449,1.6614487563515468e-13,0,0.04416691579568975
-2.5,b3125,,1,7,0.366799589669811,0.3667995896696449,1.6614487563515468e-13,0,0.04416691579568975
-2.5,b3991,,1,423,0.366799589669811,-1.2010783175244813e-16,0.36679958966981113,1,819.7859676881343
-2.5,b1637,,1,7,0.366799589669811,0.36679958966965154,1.5948353748740374e-13,0,0.04416691579569028
-2.5,b1907,,1,7,0.366799589669811,0.36679958966964205,1.6897594434794883e-13,0,0.04416691579568952
-2.5,b0179,,1,432,0.366799589669811,8.032693745327245e-15,0.366799589669803,1,586.5262792938258
-2.5,b0085,,1,453,0.366799589669811,6.927055428772668e-14,0.36679958966974174,1,779.2593672121507
-2.5,b3787,,1,7,0.366799589669811,0.36679958966964854,1.6248113965389166e-13,0,0.044166915795690063
-2.5,b3786,,1,7,0.366799589669811,0.3667995896696452,1.6581180872776713e-13,0,0.04416691579568977
-2.5,b0181,,1,435,0.366799589669811,-5.780443934818111e-16,0.3667995896698116,1,574.8251284633192
-2.5,b3189,,1,453,0.366799589669811,-1.0390583143159003e-13,0.36679958966991494,1,779.2593672128819
-2.5,b0090,,1,453,0.366799589669811,0.0,0.366799589669811,1,779.2593672124857
-2.5,b0088,,1,453,0.366799589669811,0.0,0.366799589669811,1,779.2593672124798
-2.5,b0091,,1,453,0.366799589669811,0.0,0.366799589669811,1,779.2593672124831
-2.5,b3972,,1,453,0.366799589669811,0.0,0.366799589669811,1,779.2593672124847
-2.5,b0841,,2,453,0.366799589669811,0.0,0.366799589669811,1,779.2593672124857
-2.5,b3057,,2,453,0.366799589669811,0.0,0.366799589669811,1,779.2593672124744
-2.5,b0174,,1,453,0.366799589669811,0.0,0.366799589669811,1,779.2593672124744
-2.5,b0759,,1,7,0.366799589669811,0.36679958966964876,1.6225909504896663e-13,0,0.04416691579569006
-2.5,b2036,,1,7,0.366799589669811,0.36679958966964654,1.6447954109821694e-13,0,0.044166915795689876
-2.5,b2028,,1,7,0.366799589669811,0.36679958966964654,1.6447954109821694e-13,0,0.044166915795689876
-2.5,b2255,,2,7,0.366799589669811,0.36679958966964654,1.6447954109821694e-13,0,0.044166915795689876
-2.5,b2253,,1,7,0.366799589669811,0.36679958966964654,1.6447954109821694e-13,0,0.044166915795689876
-2.5,b0758,,1,7,0.366799589669811,0.36679958966964654,1.6447954109821694e-13,0,0.044166915795689876
-2.5,b0505,,1,7,0.366799589669811,0.36679958966964654,1.6447954109821694e-13,0,0.044166915795689876
-2.5,b0086,,1,429,0.366799589669811,0.0,0.366799589669811,1,928.2116261952522
-2.5,b0096,,1,432,0.366799589669811,-1.143946005101826e-13,0.36679958966992543,1,586.5262792940276
-2.5,b2258,,1,7,0.366799589669811,0.36679958966964527,1.6575629757653587e-13,0,0.044166915795689765
-2.5,b4544,,1,7,0.366799589669811,0.36679958966964754,1.634803403760543e-13,0,0.04416691579568996
-2.5,b4233,,2,7,0.366799589669811,0.36679958966964754,1.634803403760543e-13,0,0.04416691579568996
-2.5,b0171,,1,435,0.366799589669811,-9.172091489091723e-16,0.36679958966981197,1,638.5747289616465
-2.5,b2256,,1,14,0.366799589669811,0.366799589669646,1.6503465261052952e-13,0,0.044167342361308246
-2.5,b2254,,1,14,0.366799589669811,0.3667995896696487,1.6231460620019789e-13,0,0.04416734236131064
-2.5,b3803,,1,429,0.366799589669811,-3.2423588791497606e-22,0.366799589669811,1,928.211626195248
-2.5,b3804,,1,429,0.366799589669811,0.0,0.366799589669811,1,928.2116261952519
-2.5,b3997,,1,429,0.366799589669811,0.0,0.366799589669811,1,928.2116261952592
-2.5,b2498,,1,14,0.366799589669811,0.3667995896696474,1.6364687382974807e-13,0,0.04416734236131059
-2.5,b1011,,1,14,0.366799589669811,0.3667995896696479,1.6314727346866675e-13,0,0.04416734236131058
-2.5,b2497,,1,14,0.366799589669811,0.3667995896696479,1.6314727346866675e-13,0,0.04416734236131058
-2.5,b1006,,1,14,0.366799589669811,0.3667995896696479,1.6314727346866675e-13,0,0.04416734236131058
-2.5,b0517,,1,14,0.366799589669811,0.3667995896696479,1.6314727346866675e-13,0,0.04416734236131058
-2.5,b0524,,1,444,0.366799589669811,2.362055208561191e-16,0.3667995896698108,1,540.5434499128476
-2.5,b4258,,1,14,0.366799589669811,0.36679958966964005,1.709743457922741e-13,0,0.0441673423613115
-2.5,b2682,,1,14,0.366799589669811,0.3667995896696472,1.6381340728344185e-13,0,0.04416734236131052
-2.5,b2683,,1,14,0.366799589669811,0.3667995896696472,1.6381340728344185e-13,0,0.04416734236131052
-2.5,b3572,,1,17,0.366799589669811,0.3667995896696472,1.6381340728344185e-13,0,0.1164430344798381
-2.5,b4197,,1,17,0.366799589669811,0.3667995896696475,1.6353585152728556e-13,0,0.11644303447983814
-2.5,b2882,,1,17,0.366799589669811,0.3667995896696475,1.6353585152728556e-13,0,0.11644303447983814
-2.5,b3565,,2,17,0.366799589669811,0.3667995896696475,1.6353585152728556e-13,0,0.11644303447983814
-2.5,b3579,,1,17,0.366799589669811,0.3667995896696475,1.6353585152728556e-13,0,0.11644303447983814
-2.5,b3577,,1,17,0.366799589669811,0.3667995896696475,1.6353585152728556e-13,0,0.11644303447983814
-2.5,b3578,,1,17,0.366799589669811,0.3667995896696475,1.6353585152728556e-13,0,0.11644303447983814
-2.5,b3567,,1,17,0.366799589669811,0.3667995896696475,1.6353585152728556e-13,0,0.11644303447983814
-2.5,b3568,,1,17,0.366799589669811,0.3667995896696475,1.6353585152728556e-13,0,0.11644303447983814
-2.5,b3566,,1,17,0.366799589669811,0.3667995896696475,1.6353585152728556e-13,0,0.11644303447983814
-2.5,b4031,,1,17,0.366799589669811,0.3667995896696475,1.6353585152728556e-13,0,0.11644303447983814
-2.5,b1857,,1,17,0.366799589669811,0.3667995896696475,1.6353585152728556e-13,0,0.11644303447983814
-2.5,b1859,,1,17,0.366799589669811,0.3667995896696475,1.6353585152728556e-13,0,0.11644303447983814
-2.5,b1858,,1,17,0.366799589669811,0.3667995896696475,1.6353585152728556e-13,0,0.11644303447983814
0.0,b1377,,270,47,-9.449629182554199e-32,0.0,-9.449629182554199e-32,0,140.10570000000118
0.0,b2215,,271,47,-9.449629182554199e-32,0.0,-9.449629182554199e-32,0,140.10570000000118
0.0,b0929,,271,47,-9.449629182554199e-32,0.0,-9.449629182554199e-32,0,140.10570000000118
0.0,b0241,,270,47,-9.449629182554199e-32,0.0,-9.449629182554199e-32,0,140.10570000000118
0.0,b4034,,6,48,-9.449629182554199e-32,-4.124417867860637e-30,4.029921576035095e-30,1,141.59407499999992
0.0,b4033,,6,48,-9.449629182554199e-32,4.385845347910117e-17,-4.3858453479101264e-17,0,141.59407500000034
0.0,b4032,,6,48,-9.449629182554199e-32,4.385845347910117e-17,-4.3858453479101264e-17,0,141.59407500000034
0.0,b4035,,6,48,-9.449629182554199e-32,4.385845347910117e-17,-4.3858453479101264e-17,0,141.59407500000034
0.0,b4036,,7,47,-9.449629182554199e-32,-2.6786431146653313e-30,2.5841468228397892e-30,1,135.6405750000003
0.0,b4213,,8,47,-9.449629182554199e-32,0.0,-9.449629182554199e-32,0,135.64057500000033
0.0,b2835,,21,47,-9.449629182554199e-32,0.0,-9.449629182554199e-32,0,135.64057500000033
0.0,b2836,,23,47,-9.449629182554199e-32,0.0,-9.449629182554199e-32,0,135.64057500000033
0.0,b3553,,10,47,-9.449629182554199e-32,0.0,-9.449629182554199e-32,0,135.64057500000033
0.0,b1134,,2,47,-9.449629182554199e-32,0.0,-9.449629182554199e-32,0,135.64057500000033
0.0,b0446,,2,47,-9.449629182554199e-32,0.0,-9.449629182554199e-32,0,135.64057500000033
0.0,b1009,,1,47,-9.449629182554199e-32,0.0,-9.449629182554199e-32,0,135.64057500000033
0.0,b0954,,13,47,-9.449629182554199e-32,0.0,-9.449629182554199e-32,0,135.64057500000033
0.0,b0180,,14,47,-9.449629182554199e-32,0.0,-9.449629182554199e-32,0,135.64057500000033
0.0,b0347,,2,47,-9.449629182554199e-32,0.0,-9.449629182554199e-32,0,135.64057500000033
0.0,b3580,,2,47,-9.449629182554199e-32,0.0,-9.449629182554199e-32,0,135.64057500000033
0.0,b1093,,14,47,-9.449629182554199e-32,0.0,-9.449629182554199e-32,0,135.64057500000033
0.0,b2323,,13,47,-9.449629182554199e-32,0.0,-9.449629182554199e-32,0,135.64057500000033
0.0,b1095,,9,47,-9.449629182554199e-32,0.0,-9.449629182554199e-32,0,135.64057500000033
0.0,b1397,,2,47,-9.449629182554199e-32,0.0,-9.449629182554199e-32,0,135.64057500000033
0.0,b1245,,2,47,-9.449629182554199e-32,0.0,-9.449629182554199e-32,0,135.64057500000033
0.0,b1244,,2,47,-9.449629182554199e-32,0.0,-9.449629182554199e-32,0,135.64057500000033
0.0,b1329,,1,47,-9.449629182554199e-32,0.0,-9.449629182554199e-32,0,135.64057500000033
0.0,b1246,,2,47,-9.449629182554199e-32,0.0,-9.449629182554199e-32,0,135.64057500000033
0.0,b1247,,2,47,-9.449629182554199e-32,0.0,-9.449629182554199e-32,0,135.64057500000033
0.0,b1386,,3,47,-9.449629182554199e-32,0.0,-9.449629182554199e-32,0,135.64057500000033
0.0,b0004,,2,47,-9.449629182554199e-32,0.0,-9.449629182554199e-32,0,135.64057500000033
0.0,b1192,,4,47,-9.449629182554199e-32,0.0,-9.449629182554199e-32,0,135.64057500000033
0.0,b1243,,1,47,-9.449629182554199e-32,0.0,-9.449629182554199e-32,0,135.64057500000033
0.0,b4266,,1,47,-9.449629182554199e-32,0.0,-9.449629182554199e-32,0,135.64057500000033
0.0,b4265,,3,47,-9.449629182554199e-32,0.0,-9.449629182554199e-32,0,135.64057500000033
0.0,b0159,,3,47,-9.449629182554199e-32,0.0,-9.449629182554199e-32,0,135.64057500000033
0.0,b3197,,1,47,-9.449629182554199e-32,0.0,-9.449629182554199e-32,0,135.64057500000033
0.0,b2708,,1,47,-9.449629182554199e-32,0.0,-9.449629182554199e-32,0,135.64057500000033
0.0,b1094,,26,47,-9.449629182554199e-32,0.0,-9.449629182554199e-32,0,135.64057500000033
0.0,b4481,,1,47,-9.449629182554199e-32,0.0,-9.449629182554199e-32,0,135.64057500000033
0.0,b1927,,1,47,-9.449629182554199e-32,0.0,-9.449629182554199e-32,0,135.64057500000033
0.0,b3571,,1,47,-9.449629182554199e-32,0.0,-9.449629182554199e-32,0,135.64057500000033
0.0,b2901,,1,47,-9.449629182554199e-32,0.0,-9.449629182554199e-32,0,135.64057500000033
0.0,b1302,,1,47,-9.449629182554199e-32,0.0,-9.449629182554199e-32,0,135.64057500000033
0.0,b2662,,1,47,-9.449629182554199e-32,0.0,-9.449629182554199e-32,0,135.64057500000033
0.0,b1444,,1,47,-9.449629182554199e-32,0.0,-9.449629182554199e-32,0,135.64057500000033
0.0,b2663,,1,47,-9.449629182554199e-32,0.0,-9.449629182554199e-32,0,135.64057500000033
0.0,b2222,,3,47,-9.449629182554199e-32,0.0,-9.449629182554199e-32,0,135.64057500000033
0.0,b2221,,3,47,-9.449629182554199e-32,0.0,-9.449629182554199e-32,0,135.64057500000033
0.0,b2224,,1,47,-9.449629182554199e-32,0.0,-9.449629182554199e-32,0,135.64057500000033
0.0,b2342,,8,47,-9.449629182554199e-32,0.0,-9.449629182554199e-32,0,135.64057500000033
0.0,b3845,,8,47,-9.449629182554199e-32,0.0,-9.449629182554199e-32,0,135.64057500000033
0.0,b2223,,3,47,-9.449629182554199e-32,0.0,-9.449629182554199e-32,0,135.64057500000033
0.0,b1241,,2,123,-9.449629182554199e-32,1.1426676246371767e-14,-1.1426676246371767e-14,0,1117.5420046885258
0.0,b0351,,1,123,-9.449629182554199e-32,0.0,-9.449629182554199e-32,0,1117.542004687556
0.0,s0001,,39,61,-9.449629182554199e-32,5.75045087550685e-16,-5.750450875506851e-16,0,81.67320000000184
0.0,b1463,,1,61,-9.449629182554199e-32,0.0,-9.449629182554199e-32,0,81.67319999999842
0.0,b1993,,2,61,-9.449629182554199e-32,0.0,-9.449629182554199e-32,0,81.67319999999916
0.0,b2316,,1,61,-9.449629182554199e-32,0.0,-9.449629182554199e-32,0,81.67319999999916
0.0,b3255,,1,61,-9.449629182554199e-32,0.0,-9.449629182554199e-32,0,81.67319999999916
0.0,b0185,,1,61,-9.449629182554199e-32,0.0,-9.449629182554199e-32,0,81.67319999999916
0.0,b3256,,1,61,-9.449629182554199e-32,0.0,-9.449629182554199e-32,0,81.67319999999916
0.0,b4069,,2,61,-9.449629182554199e-32,0.0,-9.449629182554199e-32,0,81.67319999999916
0.0,b1119,,1,61,-9.449629182554199e-32,0.0,-9.449629182554199e-32,0,81.67319999999916
0.0,b3784,,1,61,-9.449629182554199e-32,0.0,-9.449629182554199e-32,0,81.67319999999916
0.0,b2415,,18,64,-9.449629182554199e-32,4.6891634754334413e-32,-1.413879265798764e-31,0,190.11510000000607
0.0,b0679,,1,64,-9.449629182554199e-32,0.0,-9.449629182554199e-32,0,190.11509999999774
0.0,b1101,,2,64,-9.449629182554199e-32,0.0,-9.449629182554199e-32,0,190.11509999999774
0.0,b2417,,6,64,-9.449629182554199e-32,0.0,-9.449629182554199e-32,0,190.11509999999774
0.0,b2416,,19,64,-9.449629182554199e-32,0.0,-9.449629182554199e-32,0,190.11509999999774
0.0,b3959,,1,64,-9.449629182554199e-32,0.0,-9.449629182554199e-32,0,190.11509999999774
0.0,b2818,,1,64,-9.449629182554199e-32,0.0,-9.449629182554199e-32,0,190.11509999999774
0.0,b0078,,2,64,-9.449629182554199e-32,0.0,-9.449629182554199e-32,0,190.11509999999774
0.0,b3670,,2,64,-9.449629182554199e-32,0.0,-9.449629182554199e-32,0,190.11509999999774
0.0,b3671,,2,64,-9.449629182554199e-32,0.0,-9.449629182554199e-32,0,190.11509999999774
0.0,b0077,,2,64,-9.449629182554199e-32,0.0,-9.449629182554199e-32,0,190.11509999999774
0.0,b3115,,2,64,-9.449629182554199e-32,0.0,-9.449629182554199e-32,0,190.11509999999774
0.0,b1849,,2,64,-9.449629182554199e-32,0.0,-9.449629182554199e-32,0,190.11509999999774
0.0,b2296,,1,64,-9.449629182554199e-32,0.0,-9.449629182554199e-32,0,190.11509999999774
0.0,b2428,,1,64,-9.449629182554199e-32,0.0,-9.449629182554199e-32,0,190.11509999999774
0.0,b3794,,1,64,-9.449629182554199e-32,0.0,-9.449629182554199e-32,0,190.11509999999774
0.0,b1818,,5,64,-9.449629182554199e-32,0.0,-9.449629182554199e-32,0,190.11509999999774
0.0,b1819,,5,64,-9.449629182554199e-32,0.0,-9.449629182554199e-32,0,190.11509999999774
0.0,b1817,,5,64,-9.449629182554199e-32,0.0,-9.449629182554199e-32,0,190.11509999999774
0.0,b2429,,2,64,-9.449629182554199e-32,0.0,-9.449629182554199e-32,0,190.11509999999774
0.0,b3224,,1,64,-9.449629182554199e-32,0.0,-9.449629182554199e-32,0,190.11509999999774
0.0,b4311,,1,64,-9.449629182554199e-32,0.0,-9.449629182554199e-32,0,190.11509999999774
0.0,b3225,,1,64,-9.449629182554199e-32,0.0,-9.449629182554199e-32,0,190.11509999999774
0.0,b0221,,8,56,-9.449629182554199e-32,0.0,-9.449629182554199e-32,0,146.34270000000038
0.0,b1091,,3,56,-9.449629182554199e-32,0.0,-9.449629182554199e-32,0,146.3426999999999
0.0,b3957,,2,56,-9.449629182554199e-32,0.0,-9.449629182554199e-32,0,146.3426999999999
0.0,b3200,,9,56,-9.449629182554199e-32,0.0,-9.449629182554199e-32,0,146.3426999999999
0.0,b4261,,9,56,-9.449629182554199e-32,0.0,-9.449629182554199e-32,0,146.3426999999999
0.0,b3201,,9,56,-9.449629182554199e-32,0.0,-9.449629182554199e-32,0,146.3426999999999
0.0,b4262,,9,56,-9.449629182554199e-32,0.0,-9.449629182554199e-32,0,146.3426999999999
0.0,b3199,,9,56,-9.449629182554199e-32,0.0,-9.449629182554199e-32,0,146.3426999999999
0.0,b1519,,1,56,-9.449629182554199e-32,0.0,-9.449629182554199e-32,0,146.3426999999999
0.0,b1276,,2,56,-9.449629182554199e-32,0.0,-9.449629182554199e-32,0,146.3426999999999
0.0,b0118,,3,56,-9.449629182554199e-32,0.0,-9.449629182554199e-32,0,146.3426999999999
0.0,b1748,,2,56,-9.449629182554199e-32,0.0,-9.449629182554199e-32,0,146.3426999999999
0.0,b3359,,2,56,-9.449629182554199e-32,0.0,-9.449629182554199e-32,0,146.3426999999999
0.0,b1090,,7,56,-9.449629182554199e-32,0.0,-9.449629182554199e-32,0,146.3426999999999
0.0,b3475,,1,56,-9.449629182554199e-32,0.0,-9.449629182554199e-32,0,146.3426999999999
0.0,b2563,,1,56,-9.449629182554199e-32,0.0,-9.449629182554199e-32,0,146.3426999999999
0.0,b2578,,2,56,-9.449629182554199e-32,0.0,-9.449629182554199e-32,0,146.3426999999999
0.0,b1533,,2,56,-9.449629182554199e-32,0.0,-9.449629182554199e-32,0,146.3426999999999
0.0,b4067,,2,56,-9.449629182554199e-32,0.0,-9.449629182554199e-32,0,146.3426999999999
0.0,b1623,,2,56,-9.449629182554199e-32,0.0,-9.449629182554199e-32,0,146.3426999999999
0.0,b1096,,1,56,-9.449629182554199e-32,0.0,-9.449629182554199e-32,0,146.3426999999999
0.0,b1812,,2,56,-9.449629182554199e-32,0.0,-9.449629182554199e-32,0,146.3426999999999
0.0,b3360,,1,56,-9.449629182554199e-32,0.0,-9.449629182554199e-32,0,146.3426999999999
0.0,b3665,,1,56,-9.449629182554199e-32,0.0,-9.449629182554199e-32,0,146.3426999999999
0.0,b3654,,3,56,-9.449629182554199e-32,0.0,-9.449629182554199e-32,0,146.3426999999999
0.0,b3714,,1,56,-9.449629182554199e-32,0.0,-9.449629182554199e-32,0,146.3426999999999
0.0,b0474,,13,56,-9.449629182554199e-32,0.0,-9.449629182554199e-32,0,146.3426999999999
0.0,b0120,,1,56,-9.449629182554199e-32,0.0,-9.449629182554199e-32,0,146.3426999999999
0.0,b3806,,1,56,-9.449629182554199e-32,0.0,-9.449629182554199e-32,0,146.3426999999999
0.0,b0030,,5,56,-9.449629182554199e-32,0.0,-9.449629182554199e-32,0,146.3426999999999
0.0,b2393,,7,56,-9.449629182554199e-32,0.0,-9.449629182554199e-32,0,146.3426999999999
0.0,b2964,,11,56,-9.449629182554199e-32,0.0,-9.449629182554199e-32,0,146.3426999999999
0.0,b2406,,6,56,-9.449629182554199e-32,0.0,-9.449629182554199e-32,0,146.3426999999999
0.0,b0411,,7,56,-9.449629182554199e-32,0.0,-9.449629182554199e-32,0,146.3426999999999
0.0,b1992,,1,56,-9.449629182554199e-32,0.0,-9.449629182554199e-32,0,146.3426999999999
0.0,b1709,,3,56,-9.449629182554199e-32,0.0,-9.449629182554199e-32,0,146.3426999999999
0.0,b0158,,3,56,-9.449629182554199e-32,0.0,-9.449629182554199e-32,0,146.3426999999999
0.0,b1711,,3,56,-9.449629182554199e-32,0.0,-9.449629182554199e-32,0,146.3426999999999
0.0,b3966,,3,56,-9.449629182554199e-32,0.0,-9.449629182554199e-32,0,146.3426999999999
0.0,b3005,,10,56,-9.449629182554199e-32,0.0,-9.449629182554199e-32,0,146.3426999999999
0.0,b3006,,10,56,-9.449629182554199e-32,0.0,-9.449629182554199e-32,0,146.3426999999999
0.0,b1252,,10,56,-9.449629182554199e-32,0.0,-9.449629182554199e-32,0,146.3426999999999
0.0,b3397,,1,56,-9.449629182554199e-32,0.0,-9.449629182554199e-32,0,146.3426999999999
0.0,b3034,,1,56,-9.449629182554199e-32,0.0,-9.449629182554199e-32,0,146.3426999999999
0.0,b0469,,1,56,-9.449629182554199e-32,0.0,-9.449629182554199e-32,0,146.3426999999999
0.0,b2750,,1,56,-9.449629182554199e-32,0.0,-9.449629182554199e-32,0,146.3426999999999
0.0,b1131,,2,56,-9.449629182554199e-32,0.0,-9.449629182554199e-32,0,146.3426999999999
0.0,b4177,,1,56,-9.449629182554199e-32,0.0,-9.449629182554199e-32,0,146.3426999999999
0.0,b0677,,1,56,-9.449629182554199e-32,0.0,-9.449629182554199e-32,0,146.3426999999999
0.0,b0110,,4,56,-9.449629182554199e-32,0.0,-9.449629182554199e-32,0,146.3426999999999
0.0,b2817,,2,56,-9.449629182554199e-32,0.0,-9.449629182554199e-32,0,146.3426999999999
0.0,b2435,,2,56,-9.449629182554199e-32,0.0,-9.449629182554199e-32,0,146.3426999999999
0.0,b4169,,2,56,-9.449629182554199e-32,0.0,-9.449629182554199e-32,0,146.3426999999999
0.0,b1107,,3,56,-9.449629182554199e-32,0.0,-9.449629182554199e-32,0,146.3426999999999
0.0,b0433,,3,56,-9.449629182554199e-32,0.0,-9.449629182554199e-32,0,146.3426999999999
0.0,b3619,,1,56,-9.449629182554199e-32,0.0,-9.449629182554199e-32,0,146.3426999999999
0.0,b2937,,1,56,-9.449629182554199e-32,0.0,-9.449629182554199e-32,0,146.3426999999999
0.0,b3018,,7,56,-9.449629182554199e-32,0.0,-9.449629182554199e-32,0,146.3426999999999
0.0,b3958,,1,56,-9.449629182554199e-32,0.0,-9.449629182554199e-32,0,146.3426999999999
0.0,b0575,,2,56,-9.449629182554199e-32,0.0,-9.449629182554199e-32,0,146.3426999999999
0.0,b0572,,2,56,-9.449629182554199e-32,0.0,-9.449629182554199e-32,0,146.3426999999999
0.0,b0573,,2,56,-9.449629182554199e-32,0.0,-9.449629182554199e-32,0,146.3426999999999
0.0,b0574,,2,56,-9.449629182554199e-32,0.0,-9.449629182554199e-32,0,146.3426999999999
0.0,b4006,,2,56,-9.449629182554199e-32,0.0,-9.449629182554199e-32,0,146.3426999999999
0.0,b0522,,1,56,-9.449629182554199e-32,0.0,-9.449629182554199e-32,0,146.3426999999999
0.0,b0523,,1,56,-9.449629182554199e-32,0.0,-9.449629182554199e-32,0,146.3426999999999
0.0,b0727,,1,56,-9.449629182554199e-32,0.0,-9.449629182554199e-32,0,146.3426999999999
0.0,b0116,,3,56,-9.449629182554199e-32,0.0,-9.449629182554199e-32,0,146.3426999999999
0.0,b0726,,1,56,-9.449629182554199e-32,0.0,-9.449629182554199e-32,0,146.3426999999999
0.0,b2587,,1,56,-9.449629182554199e-32,0.0,-9.449629182554199e-32,0,146.3426999999999
0.0,b1488,,1,56,-9.449629182554199e-32,0.0,-9.449629182554199e-32,0,146.3426999999999
0.0,b3542,,3,56,-9.449629182554199e-32,0.0,-9.449629182554199e-32,0,146.3426999999999
0.0,b1486,,1,56,-9.449629182554199e-32,0.0,-9.449629182554199e-32,0,146.3426999999999
0.0,b1485,,1,56,-9.449629182554199e-32,0.0,-9.449629182554199e-32,0,146.3426999999999
0.0,b3543,,3,56,-9.449629182554199e-32,0.0,-9.449629182554199e-32,0,146.3426999999999
0.0,b3541,,3,56,-9.449629182554199e-32,0.0,-9.449629182554199e-32,0,146.3426999999999
0.0,b1484,,1,56,-9.449629182554199e-32,0.0,-9.449629182554199e-32,0,146.3426999999999
0.0,b3540,,3,56,-9.449629182554199e-32,0.0,-9.449629182554199e-32,0,146.3426999999999
0.0,b3544,,3,56,-9.449629182554199e-32,0.0,-9.449629182554199e-32,0,146.3426999999999
0.0,b1483,,1,56,-9.449629182554199e-32,0.0,-9.449629182554199e-32,0,146.3426999999999
0.0,b1487,,1,56,-9.449629182554199e-32,0.0,-9.449629182554199e-32,0,146.3426999999999
0.0,b0092,,1,56,-9.449629182554199e-32,0.0,-9.449629182554199e-32,0,146.3426999999999
0.0,b0381,,1,56,-9.449629182554199e-32,0.0,-9.449629182554199e-32,0,146.3426999999999
0.0,b1325,,1,56,-9.449629182554199e-32,0.0,-9.449629182554199e-32,0,146.3426999999999
0.0,b1190,,1,56,-9.449629182554199e-32,0.0,-9.449629182554199e-32,0,146.3426999999999
0.0,b4053,,1,56,-9.449629182554199e-32,0.0,-9.449629182554199e-32,0,146.3426999999999
0.0,b2551,,6,56,-9.449629182554199e-32,0.0,-9.449629182554199e-32,0,146.3426999999999
0.0,b0870,,4,56,-9.449629182554199e-32,0.0,-9.449629182554199e-32,0,146.3426999999999
0.0,b2379,,1,56,-9.449629182554199e-32,0.0,-9.449629182554199e-32,0,146.3426999999999
0.0,b2290,,1,56,-9.449629182554199e-32,0.0,-9.449629182554199e-32,0,146.3426999999999
0.0,b2697,,1,56,-9.449629182554199e-32,0.0,-9.449629182554199e-32,0,146.3426999999999
0.0,b3460,,5,56,-9.449629182554199e-32,0.0,-9.449629182554199e-32,0,146.3426999999999
0.0,b3456,,5,56,-9.449629182554199e-32,0.0,-9.449629182554199e-32,0,146.3426999999999
0.0,b3457,,5,56,-9.449629182554199e-32,0.0,-9.449629182554199e-32,0,146.3426999999999
0.0,b3455,,5,56,-9.449629182554199e-32,0.0,-9.449629182554199e-32,0,146.3426999999999
0.0,b3454,,5,56,-9.449629182554199e-32,0.0,-9.449629182554199e-32,0,146.3426999999999
0.0,b4208,,5,56,-9.449629182554199e-32,0.0,-9.449629182554199e-32,0,146.3426999999999
0.0,b0007,,2,56,-9.449629182554199e-32,0.0,-9.449629182554199e-32,0,146.3426999999999
0.0,b0356,,3,56,-9.449629182554199e-32,0.0,-9.449629182554199e-32,0,146.3426999999999
0.0,b1478,,1,56,-9.449629182554199e-32,0.0,-9.449629182554199e-32,0,146.3426999999999
0.0,b1385,,1,56,-9.449629182554199e-32,0.0,-9.449629182554199e-32,0,146.3426999999999
0.0,b1300,,2,56,-9.449629182554199e-32,0.0,-9.449629182554199e-32,0,146.3426999999999
0.0,b3588,,2,56,-9.449629182554199e-32,0.0,-9.449629182554199e-32,0,146.3426999999999
0.0,b4084,,1,56,-9.449629182554199e-32,0.0,-9.449629182554199e-32,0,146.3426999999999
0.0,b4090,,2,56,-9.449629182554199e-32,0.0,-9.449629182554199e-32,0,146.3426999999999
0.0,b0516,,1,56,-9.449629182554199e-32,0.0,-9.449629182554199e-32,0,146.3426999999999
0.0,b0512,,1,56,-9.449629182554199e-32,0.0,-9.449629182554199e-32,0,146.3426999999999
0.0,b0511,,1,56,-9.449629182554199e-32,0.0,-9.449629182554199e-32,0,146.3426999999999
0.0,b4085,,1,56,-9.449629182554199e-32,0.0,-9.449629182554199e-32,0,146.3426999999999
0.0,b4087,,2,56,-9.449629182554199e-32,0.0,-9.449629182554199e-32,0,146.3426999999999
0.0,b4086,,2,56,-9.449629182554199e-32,0.0,-9.449629182554199e-32,0,146.3426999999999
0.0,b4088,,2,56,-9.449629182554199e-32,0.0,-9.449629182554199e-32,0,146.3426999999999
0.0,b0657,,2,56,-9.449629182554199e-32,0.0,-9.449629182554199e-32,0,146.3426999999999
0.0,b1677,,2,56,-9.449629182554199e-32,0.0,-9.449629182554199e-32,0,146.3426999999999
0.0,b1781,,1,56,-9.449629182554199e-32,0.0,-9.449629182554199e-32,0,146.3426999999999
0.0,b3001,,1,56,-9.449629182554199e-32,0.0,-9.449629182554199e-32,0,146.3426999999999
0.0,b0207,,2,56,-9.449629182554199e-32,0.0,-9.449629182554199e-32,0,146.3426999999999
0.0,b3012,,2,56,-9.449629182554199e-32,0.0,-9.449629182554199e-32,0,146.3426999999999
0.0,b3945,,4,56,-9.449629182554199e-32,0.0,-9.449629182554199e-32,0,146.3426999999999
0.0,b3091,,1,56,-9.449629182554199e-32,0.0,-9.449629182554199e-32,0,146.3426999999999
0.0,b3416,,4,56,-9.449629182554199e-32,0.0,-9.449629182554199e-32,0,146.3426999999999
0.0,b3223,,1,56,-9.449629182554199e-32,0.0,-9.449629182554199e-32,0,146.3426999999999
0.0,b3222,,1,56,-9.449629182554199e-32,0.0,-9.449629182554199e-32,0,146.3426999999999
0.0,b0774,,1,56,-9.449629182554199e-32,0.0,-9.449629182554199e-32,0,146.3426999999999
0.0,b3833,,2,56,-9.449629182554199e-32,0.0,-9.449629182554199e-32,0,146.3426999999999
0.0,b3994,,1,56,-9.449629182554199e-32,0.0,-9.449629182554199e-32,0,146.3426999999999
0.0,b1982,,1,56,-9.449629182554199e-32,0.0,-9.449629182554199e-32,0,146.3426999999999
0.0,b0932,,2,56,-9.449629182554199e-32,0.0,-9.449629182554199e-32,0,146.3426999999999
0.0,b0237,,3,56,-9.449629182554199e-32,0.0,-9.449629182554199e-32,0,146.3426999999999
0.0,b4260,,2,56,-9.449629182554199e-32,0.0,-9.449629182554199e-32,0,146.3426999999999
0.0,b2523,,2,56,-9.449629182554199e-32,0.0,-9.449629182554199e-32,0,146.3426999999999
0.0,b1640,,1,56,-9.449629182554199e-32,0.0,-9.449629182554199e-32,0,146.3426999999999
0.0,b1263,,2,56,-9.449629182554199e-32,0.0,-9.449629182554199e-32,0,146.3426999999999
0.0,b1264,,1,56,-9.449629182554199e-32,0.0,-9.449629182554199e-32,0,146.3426999999999
0.0,b0776,,1,56,-9.449629182554199e-32,0.0,-9.449629182554199e-32,0,146.3426999999999
0.0,b0049,,3,56,-9.449629182554199e-32,0.0,-9.449629182554199e-32,0,146.3426999999999
0.0,b4129,,2,56,-9.449629182554199e-32,0.0,-9.449629182554199e-32,0,146.3426999999999
0.0,b0121,,2,56,-9.449629182554199e-32,0.0,-9.449629182554199e-32,0,146.3426999999999
0.0,b3059,,7,56,-9.449629182554199e-32,0.0,-9.449629182554199e-32,0,146.3426999999999
0.0,b0968,,7,56,-9.449629182554199e-32,0.0,-9.449629182554199e-32,0,146.3426999999999
0.0,b0414,,2,56,-9.449629182554199e-32,0.0,-9.449629182554199e-32,0,146.3426999999999
0.0,b0062,,1,56,-9.449629182554199e-32,0.0,-9.449629182554199e-32,0,146.3426999999999
0.0,b0153,,5,56,-9.449629182554199e-32,0.0,-9.449629182554199e-32,0,146.3426999999999
0.0,b0151,,5,56,-9.449629182554199e-32,0.0,-9.449629182554199e-32,0,146.3426999999999
0.0,b0152,,5,56,-9.449629182554199e-32,0.0,-9.449629182554199e-32,0,146.3426999999999
0.0,b2715,,1,56,-9.449629182554199e-32,0.0,-9.449629182554199e-32,0,146.3426999999999
0.0,b3722,,1,56,-9.449629182554199e-32,0.0,-9.449629182554199e-32,0,146.3426999999999
0.0,b1900,,1,56,-9.449629182554199e-32,0.0,-9.449629182554199e-32,0,146.3426999999999
0.0,b4460,,1,56,-9.449629182554199e-32,0.0,-9.449629182554199e-32,0,146.3426999999999
0.0,b1901,,1,56,-9.449629182554199e-32,0.0,-9.449629182554199e-32,0,146.3426999999999
0.0,b2841,,1,56,-9.449629182554199e-32,0.0,-9.449629182554199e-32,0,146.3426999999999
0.0,b1528,,3,56,-9.449629182554199e-32,0.0,-9.449629182554199e-32,0,146.3426999999999
0.0,b4115,,1,56,-9.449629182554199e-32,0.0,-9.449629182554199e-32,0,146.3426999999999
0.0,b4117,,1,56,-9.449629182554199e-32,0.0,-9.449629182554199e-32,0,146.3426999999999
0.0,b2938,,1,56,-9.449629182554199e-32,0.0,-9.449629182554199e-32,0,146.3426999999999
0.0,b1605,,1,56,-9.449629182554199e-32,0.0,-9.449629182554199e-32,0,146.3426999999999
0.0,b3960,,1,56,-9.449629182554199e-32,0.0,-9.449629182554199e-32,0,146.3426999999999
0.0,b3172,,1,56,-9.449629182554199e-32,0.0,-9.449629182554199e-32,0,146.3426999999999
0.0,b1876,,1,56,-9.449629182554199e-32,0.0,-9.449629182554199e-32,0,146.3426999999999
0.0,b2310,,3,56,-9.449629182554199e-32,0.0,-9.449629182554199e-32,0,146.3426999999999
0.0,b0863,,1,56,-9.449629182554199e-32,0.0,-9.449629182554199e-32,0,146.3426999999999
0.0,b0860,,1,56,-9.449629182554199e-32,0.0,-9.449629182554199e-32,0,146.3426999999999
0.0,b2307,,4,56,-9.449629182554199e-32,0.0,-9.449629182554199e-32,0,146.3426999999999
0.0,b2308,,4,56,-9.449629182554199e-32,0.0,-9.449629182554199e-32,0,146.3426999999999
0.0,b0862,,1,56,-9.449629182554199e-32,0.0,-9.449629182554199e-32,0,146.3426999999999
0.0,b2306,,4,56,-9.449629182554199e-32,0.0,-9.449629182554199e-32,0,146.3426999999999
0.0,b0864,,1,56,-9.449629182554199e-32,0.0,-9.449629182554199e-32,0,146.3426999999999
0.0,b0861,,1,56,-9.449629182554199e-32,0.0,-9.449629182554199e-32,0,146.3426999999999
0.0,b2923,,2,56,-9.449629182554199e-32,0.0,-9.449629182554199e-32,0,146.3426999999999
0.0,b3433,,1,56,-9.449629182554199e-32,0.0,-9.449629182554199e-32,0,146.3426999999999
0.0,b4192,,1,56,-9.449629182554199e-32,0.0,-9.449629182554199e-32,0,146.3426999999999
0.0,b4194,,1,56,-9.449629182554199e-32,0.0,-9.449629182554199e-32,0,146.3426999999999
0.0,b4193,,1,56,-9.449629182554199e-32,0.0,-9.449629182554199e-32,0,146.3426999999999
0.0,b4195,,1,56,-9.449629182554199e-32,0.0,-9.449629182554199e-32,0,146.3426999999999
0.0,b1767,,1,56,-9.449629182554199e-32,0.0,-9.449629182554199e-32,0,146.3426999999999
0.0,b0828,,1,56,-9.449629182554199e-32,0.0,-9.449629182554199e-32,0,146.3426999999999
0.0,b2957,,2,56,-9.449629182554199e-32,0.0,-9.449629182554199e-32,0,146.3426999999999
0.0,b0674,,1,56,-9.449629182554199e-32,0.0,-9.449629182554199e-32,0,146.3426999999999
0.0,b3744,,1,56,-9.449629182554199e-32,0.0,-9.449629182554199e-32,0,146.3426999999999
0.0,b0930,,1,56,-9.449629182554199e-32,0.0,-9.449629182554199e-32,0,146.3426999999999
0.0,b1453,,1,56,-9.449629182554199e-32,0.0,-9.449629182554199e-32,0,146.3426999999999
0.0,b3502,,1,56,-9.449629182554199e-32,0.0,-9.449629182554199e-32,0,146.3426999999999
0.0,b0131,,1,56,-9.449629182554199e-32,0.0,-9.449629182554199e-32,0,146.3426999999999
0.0,b4245,,1,56,-9.449629182554199e-32,0.0,-9.449629182554199e-32,0,146.3426999999999
0.0,b4244,,1,56,-9.449629182554199e-32,0.0,-9.449629182554199e-32,0,146.3426999999999
0.0,b0002,,2,56,-9.449629182554199e-32,0.0,-9.449629182554199e-32,0,146.3426999999999
0.0,b4024,,1,56,-9.449629182554199e-32,0.0,-9.449629182554199e-32,0,146.3426999999999
0.0,b3940,,2,56,-9.449629182554199e-32,0.0,-9.449629182554199e-32,0,146.3426999999999
0.0,b2574,,4,56,-9.449629182554199e-32,0.0,-9.449629182554199e-32,0,146.3426999999999
0.0,b4139,,1,56,-9.449629182554199e-32,0.0,-9.449629182554199e-32,0,146.3426999999999
0.0,b0928,,3,56,-9.449629182554199e-32,0.0,-9.449629182554199e-32,0,146.3426999999999
0.0,b1866,,1,56,-9.449629182554199e-32,0.0,-9.449629182554199e-32,0,146.3426999999999
0.0,b0654,,2,56,-9.449629182554199e-32,0.0,-9.449629182554199e-32,0,146.3426999999999
0.0,b0655,,2,56,-9.449629182554199e-32,0.0,-9.449629182554199e-32,0,146.3426999999999
0.0,b0652,,2,56,-9.449629182554199e-32,0.0,-9.449629182554199e-32,0,146.3426999999999
0.0,b0653,,2,56,-9.449629182554199e-32,0.0,-9.449629182554199e-32,0,146.3426999999999
0.0,b3528,,6,56,-9.449629182554199e-32,0.0,-9.449629182554199e-32,0,146.3426999999999
0.0,b4123,,9,56,-9.449629182554199e-32,0.0,-9.449629182554199e-32,0,146.3426999999999
0.0,b4138,,7,56,-9.449629182554199e-32,0.0,-9.449629182554199e-32,0,146.3426999999999
0.0,b4077,,2,56,-9.449629182554199e-32,0.0,-9.449629182554199e-32,0,146.3426999999999
0.0,b3503,,1,56,-9.449629182554199e-32,0.0,-9.449629182554199e-32,0,146.3426999999999
0.0,b1064,,7,56,-9.449629182554199e-32,0.0,-9.449629182554199e-32,0,146.3426999999999
0.0,b1747,,1,56,-9.449629182554199e-32,0.0,-9.449629182554199e-32,0,146.3426999999999
0.0,b1539,,4,56,-9.449629182554199e-32,0.0,-9.449629182554199e-32,0,146.3426999999999
0.0,b2019,,1,56,-9.449629182554199e-32,0.0,-9.449629182554199e-32,0,146.3426999999999
0.0,b3738,,1,53,-9.449629182554199e-32,6.981009605813734e-32,-1.6430638788367933e-31,0,108.35370000000019
0.0,b3733,,1,53,-9.449629182554199e-32,0.0,-9.449629182554199e-32,0,108.35370000000026
0.0,b3732,,1,53,-9.449629182554199e-32,0.0,-9.449629182554199e-32,0,108.35370000000026
0.0,b3739,,1,53,-9.449629182554199e-32,0.0,-9.449629182554199e-32,0,108.35370000000026
0.0,b3736,,1,53,-9.449629182554199e-32,0.0,-9.449629182554199e-32,0,108.35370000000026
0.0,b3737,,1,53,-9.449629182554199e-32,0.0,-9.449629182554199e-32,0,108.35370000000026
0.0,b3734,,1,53,-9.449629182554199e-32,0.0,-9.449629182554199e-32,0,108.35370000000026
0.0,b3735,,1,53,-9.449629182554199e-32,0.0,-9.449629182554199e-32,0,108.35370000000026
0.0,b3731,,1,53,-9.449629182554199e-32,0.0,-9.449629182554199e-32,0,108.35370000000026
0.0,b0312,,2,53,-9.449629182554199e-32,0.0,-9.449629182554199e-32,0,108.35370000000026
0.0,b0827,,4,53,-9.449629182554199e-32,0.0,-9.449629182554199e-32,0,108.35370000000026
0.0,b3857,,5,53,-9.449629182554199e-32,0.0,-9.449629182554199e-32,0,108.35370000000026
0.0,b3856,,5,53,-9.449629182554199e-32,0.0,-9.449629182554199e-32,0,108.35370000000026
0.0,b4214,,1,53,-9.449629182554199e-32,0.0,-9.449629182554199e-32,0,108.35370000000026
0.0,b3551,,3,53,-9.449629182554199e-32,0.0,-9.449629182554199e-32,0,108.35370000000026
0.0,b0775,,1,53,-9.449629182554199e-32,0.0,-9.449629182554199e-32,0,108.35370000000026
0.0,b0934,,5,53,-9.449629182554199e-32,0.0,-9.449629182554199e-32,0,108.35370000000026
0.0,b0367,,3,53,-9.449629182554199e-32,0.0,-9.449629182554199e-32,0,108.35370000000026
0.0,b0933,,5,53,-9.449629182554199e-32,0.0,-9.449629182554199e-32,0,108.35370000000026
0.0,b0936,,5,53,-9.449629182554199e-32,0.0,-9.449629182554199e-32,0,108.35370000000026
0.0,b0365,,3,53,-9.449629182554199e-32,0.0,-9.449629182554199e-32,0,108.35370000000026
0.0,b0366,,3,53,-9.449629182554199e-32,0.0,-9.449629182554199e-32,0,108.35370000000026
0.0,b1216,,3,53,-9.449629182554199e-32,0.0,-9.449629182554199e-32,0,108.35370000000026
0.0,b4132,,1,53,-9.449629182554199e-32,0.0,-9.449629182554199e-32,0,108.35370000000026
0.0,b3942,,1,53,-9.449629182554199e-32,0.0,-9.449629182554199e-32,0,108.35370000000026
0.0,b1732,,1,53,-9.449629182554199e-32,0.0,-9.449629182554199e-32,0,108.35370000000026
0.0,b3196,,1,53,-9.449629182554199e-32,0.0,-9.449629182554199e-32,0,108.35370000000026
0.0,b1270,,2,53,-9.449629182554199e-32,0.0,-9.449629182554199e-32,0,108.35370000000026
0.0,b2874,,1,53,-9.449629182554199e-32,0.0,-9.449629182554199e-32,0,108.35370000000026
0.0,b0521,,1,53,-9.449629182554199e-32,0.0,-9.449629182554199e-32,0,108.35370000000026
0.0,b0323,,1,53,-9.449629182554199e-32,0.0,-9.449629182554199e-32,0,108.35370000000026
0.0,b0033,,1,53,-9.449629182554199e-32,0.0,-9.449629182554199e-32,0,108.35370000000026
0.0,b0032,,1,53,-9.449629182554199e-32,0.0,-9.449629182554199e-32,0,108.35370000000026
0.0,b0444,,1,53,-9.449629182554199e-32,0.0,-9.449629182554199e-32,0,108.35370000000026
0.0,b3469,,6,53,-9.449629182554199e-32,0.0,-9.449629182554199e-32,0,108.35370000000026
0.0,b3915,,7,53,-9.449629182554199e-32,0.0,-9.449629182554199e-32,0,108.35370000000026
0.0,b0752,,5,53,-9.449629182554199e-32,0.0,-9.449629182554199e-32,0,108.35370000000026
0.0,b3040,,6,53,-9.449629182554199e-32,0.0,-9.449629182554199e-32,0,108.35370000000026
0.0,b3918,,7,53,-9.449629182554199e-32,0.0,-9.449629182554199e-32,0,108.35370000000026
0.0,b2794,,1,53,-9.449629182554199e-32,0.0,-9.449629182554199e-32,0,108.35370000000026
0.0,b1208,,1,53,-9.449629182554199e-32,0.0,-9.449629182554199e-32,0,108.35370000000026
0.0,b1661,,4,53,-9.449629182554199e-32,0.0,-9.449629182554199e-32,0,108.35370000000026
0.0,b2129,,2,53,-9.449629182554199e-32,0.0,-9.449629182554199e-32,0,108.35370000000026
0.0,b2128,,2,53,-9.449629182554199e-32,0.0,-9.449629182554199e-32,0,108.35370000000026
0.0,b2131,,2,53,-9.449629182554199e-32,0.0,-9.449629182554199e-32,0,108.35370000000026
0.0,b2130,,2,53,-9.449629182554199e-32,0.0,-9.449629182554199e-32,0,108.35370000000026
0.0,b1801,,3,53,-9.449629182554199e-32,0.0,-9.449629182554199e-32,0,108.35370000000026
0.0,b0314,,1,53,-9.449629182554199e-32,0.0,-9.449629182554199e-32,0,108.35370000000026
0.0,b0311,,1,53,-9.449629182554199e-32,0.0,-9.449629182554199e-32,0,108.35370000000026
0.0,b2600,,2,53,-9.449629182554199e-32,0.0,-9.449629182554199e-32,0,108.35370000000026
0.0,b2599,,2,53,-9.449629182554199e-32,0.0,-9.449629182554199e-32,0,108.35370000000026
0.0,b2329,,1,53,-9.449629182554199e-32,0.0,-9.449629182554199e-32,0,108.35370000000026
0.0,b4039,,1,53,-9.449629182554199e-32,0.0,-9.449629182554199e-32,0,108.35370000000026
0.0,b2542,,2,53,-9.449629182554199e-32,0.0,-9.449629182554199e-32,0,108.35370000000026
0.0,b2540,,2,53,-9.449629182554199e-32,0.0,-9.449629182554199e-32,0,108.35370000000026
0.0,b2538,,2,53,-9.449629182554199e-32,0.0,-9.449629182554199e-32,0,108.35370000000026
0.0,b2539,,2,53,-9.449629182554199e-32,0.0,-9.449629182554199e-32,0,108.35370000000026
0.0,b0617,,1,53,-9.449629182554199e-32,0.0,-9.449629182554199e-32,0,108.35370000000026
0.0,b0614,,1,53,-9.449629182554199e-32,0.0,-9.449629182554199e-32,0,108.35370000000026
0.0,b0616,,1,53,-9.449629182554199e-32,0.0,-9.449629182554199e-32,0,108.35370000000026
0.0,b0615,,1,53,-9.449629182554199e-32,0.0,-9.449629182554199e-32,0,108.35370000000026
0.0,b0612,,1,53,-9.449629182554199e-32,0.0,-9.449629182554199e-32,0,108.35370000000026
0.0,b0789,,7,53,-9.449629182554199e-32,0.0,-9.449629182554199e-32,0,108.35370000000026
0.0,b1249,,7,53,-9.449629182554199e-32,0.0,-9.449629182554199e-32,0,108.35370000000026
0.0,b0155,,1,53,-9.449629182554199e-32,0.0,-9.449629182554199e-32,0,108.35370000000026
0.0,b1592,,1,53,-9.449629182554199e-32,0.0,-9.449629182554199e-32,0,108.35370000000026
0.0,b3035,,9,53,-9.449629182554199e-32,0.0,-9.449629182554199e-32,0,108.35370000000026
0.0,b2470,,7,53,-9.449629182554199e-32,0.0,-9.449629182554199e-32,0,108.35370000000026
0.0,b0463,,7,53,-9.449629182554199e-32,0.0,-9.449629182554199e-32,0,108.35370000000026
0.0,b0462,,7,53,-9.449629182554199e-32,0.0,-9.449629182554199e-32,0,108.35370000000026
0.0,b3816,,3,53,-9.449629182554199e-32,0.0,-9.449629182554199e-32,0,108.35370000000026
0.0,b2174,,1,53,-9.449629182554199e-32,0.0,-9.449629182554199e-32,0,108.35370000000026
0.0,b0914,,32,53,-9.449629182554199e-32,0.0,-9.449629182554199e-32,0,108.35370000000026
0.0,b1102,,1,53,-9.449629182554199e-32,0.0,-9.449629182554199e-32,0,108.35370000000026
0.0,b2765,,1,53,-9.449629182554199e-32,0.0,-9.449629182554199e-32,0,108.35370000000026
0.0,b0783,,1,53,-9.449629182554199e-32,0.0,-9.449629182554199e-32,0,108.35370000000026
0.0,b0781,,1,53,-9.449629182554199e-32,0.0,-9.449629182554199e-32,0,108.35370000000026
0.0,b2436,,1,53,-9.449629182554199e-32,0.0,-9.449629182554199e-32,0,108.35370000000026
0.0,b3867,,1,53,-9.449629182554199e-32,0.0,-9.449629182554199e-32,0,108.35370000000026
0.0,b0038,,2,53,-9.449629182554199e-32,0.0,-9.449629182554199e-32,0,108.35370000000026
0.0,b0037,,3,53,-9.449629182554199e-32,0.0,-9.449629182554199e-32,0,108.35370000000026
0.0,b0036,,2,53,-9.449629182554199e-32,0.0,-9.449629182554199e-32,0,108.35370000000026
0.0,b2679,,4,53,-9.449629182554199e-32,0.0,-9.449629182554199e-32,0,108.35370000000026
0.0,b2677,,4,53,-9.449629182554199e-32,0.0,-9.449629182554199e-32,0,108.35370000000026
0.0,b2678,,4,53,-9.449629182554199e-32,0.0,-9.449629182554199e-32,0,108.35370000000026
0.0,b4111,,5,53,-9.449629182554199e-32,0.0,-9.449629182554199e-32,0,108.35370000000026
0.0,b0040,,2,53,-9.449629182554199e-32,0.0,-9.449629182554199e-32,0,108.35370000000026
0.0,b0720,,1,53,-9.449629182554199e-32,0.0,-9.449629182554199e-32,0,108.35370000000026
0.0,b0337,,1,53,-9.449629182554199e-32,0.0,-9.449629182554199e-32,0,108.35370000000026
0.0,b0336,,1,53,-9.449629182554199e-32,0.0,-9.449629182554199e-32,0,108.35370000000026
0.0,b3846,,19,53,-9.449629182554199e-32,0.0,-9.449629182554199e-32,0,108.35370000000026
0.0,b2780,,1,53,-9.449629182554199e-32,0.0,-9.449629182554199e-32,0,108.35370000000026
0.0,b0123,,2,53,-9.449629182554199e-32,0.0,-9.449629182554199e-32,0,108.35370000000026
0.0,b0484,,1,53,-9.449629182554199e-32,0.0,-9.449629182554199e-32,0,108.35370000000026
0.0,b3425,,1,53,-9.449629182554199e-32,0.0,-9.449629182554199e-32,0,108.35370000000026
0.0,b1308,,1,53,-9.449629182554199e-32,0.0,-9.449629182554199e-32,0,108.35370000000026
0.0,b0340,,1,53,-9.449629182554199e-32,0.0,-9.449629182554199e-32,0,108.35370000000026
0.0,b0341,,1,53,-9.449629182554199e-32,0.0,-9.449629182554199e-32,0,108.35370000000026
0.0,b1919,,1,53,-9.449629182554199e-32,0.0,-9.449629182554199e-32,0,108.35370000000026
0.0,b3008,,2,53,-9.449629182554199e-32,0.0,-9.449629182554199e-32,0,108.35370000000026
0.0,b3708,,3,53,-9.449629182554199e-32,0.0,-9.449629182554199e-32,0,108.35370000000026
0.0,b2414,,1,53,-9.449629182554199e-32,0.0,-9.449629182554199e-32,0,108.35370000000026
0.0,b2421,,1,53,-9.449629182554199e-32,0.0,-9.449629182554199e-32,0,108.35370000000026
0.0,b2810,,1,53,-9.449629182554199e-32,0.0,-9.449629182554199e-32,0,108.35370000000026
0.0,b1622,,1,53,-9.449629182554199e-32,0.0,-9.449629182554199e-32,0,108.35370000000026
0.0,b0526,,1,53,-9.449629182554199e-32,0.0,-9.449629182554199e-32,0,108.35370000000026
0.0,b0886,,2,53,-9.449629182554199e-32,0.0,-9.449629182554199e-32,0,108.35370000000026
0.0,b0887,,2,53,-9.449629182554199e-32,0.0,-9.449629182554199e-32,0,108.35370000000026
0.0,b0978,,2,53,-9.449629182554199e-32,0.0,-9.449629182554199e-32,0,108.35370000000026
0.0,b0979,,2,53,-9.449629182554199e-32,0.0,-9.449629182554199e-32,0,108.35370000000026
0.0,b0734,,1,53,-9.449629182554199e-32,0.0,-9.449629182554199e-32,0,108.35370000000026
0.0,b0733,,1,53,-9.449629182554199e-32,0.0,-9.449629182554199e-32,0,108.35370000000026
0.0,b0432,,1,53,-9.449629182554199e-32,0.0,-9.449629182554199e-32,0,108.35370000000026
0.0,b0430,,1,53,-9.449629182554199e-32,0.0,-9.449629182554199e-32,0,108.35370000000026
0.0,b0429,,1,53,-9.449629182554199e-32,0.0,-9.449629182554199e-32,0,108.35370000000026
0.0,b0431,,1,53,-9.449629182554199e-32,0.0,-9.449629182554199e-32,0,108.35370000000026
0.0,b2143,,2,53,-9.449629182554199e-32,0.0,-9.449629182554199e-32,0,108.35370000000026
0.0,b0651,,2,53,-9.449629182554199e-32,0.0,-9.449629182554199e-32,0,108.35370000000026
0.0,b2162,,2,53,-9.449629182554199e-32,0.0,-9.449629182554199e-32,0,108.35370000000026
0.0,b2066,,2,53,-9.449629182554199e-32,0.0,-9.449629182554199e-32,0,108.35370000000026
0.0,b0910,,3,53,-9.449629182554199e-32,0.0,-9.449629182554199e-32,0,108.35370000000026
0.0,b2975,,3,128,-9.449629182554199e-32,1.29745641851483e-46,-9.449629182554212e-32,0,367.6081975980137
0.0,b3603,,3,128,-9.449629182554199e-32,0.0,-9.449629182554199e-32,0,367.60819759803263
0.0,b1189,,1,128,-9.449629182554199e-32,0.0,-9.449629182554199e-32,0,367.60819759803263
0.0,b4042,,7,128,-9.449629182554199e-32,0.0,-9.449629182554199e-32,0,367.60819759803263
0.0,b2871,,1,128,-9.449629182554199e-32,0.0,-9.449629182554199e-32,0,367.60819759803263
0.0,b2838,,1,128,-9.449629182554199e-32,0.0,-9.449629182554199e-32,0,367.60819759803263
0.0,b3809,,1,128,-9.449629182554199e-32,0.0,-9.449629182554199e-32,0,367.60819759803263
0.0,b0175,,7,128,-9.449629182554199e-32,0.0,-9.449629182554199e-32,0,367.60819759803263
0.0,b3041,,1,128,-9.449629182554199e-32,0.0,-9.449629182554199e-32,0,367.60819759803263
0.0,b0778,,1,128,-9.449629182554199e-32,0.0,-9.449629182554199e-32,0,367.60819759803263
0.0,b1734,,1,128,-9.449629182554199e-32,0.0,-9.449629182554199e-32,0,367.60819759803263
0.0,b2065,,1,128,-9.449629182554199e-32,0.0,-9.449629182554199e-32,0,367.60819759803263
0.0,b2344,,7,128,-9.449629182554199e-32,0.0,-9.449629182554199e-32,0,367.60819759803263
0.0,b3693,,1,128,-9.449629182554199e-32,0.0,-9.449629182554199e-32,0,367.60819759803263
0.0,b3909,,2,128,-9.449629182554199e-32,0.0,-9.449629182554199e-32,0,367.60819759803263
0.0,b3526,,1,128,-9.449629182554199e-32,0.0,-9.449629182554199e-32,0,367.60819759803263
0.0,b1704,,1,128,-9.449629182554199e-32,0.0,-9.449629182554199e-32,0,367.60819759803263
0.0,b2601,,1,128,-9.449629182554199e-32,0.0,-9.449629182554199e-32,0,367.60819759803263
0.0,b0754,,1,128,-9.449629182554199e-32,0.0,-9.449629182554199e-32,0,367.60819759803263
0.0,b4477,,1,128,-9.449629182554199e-32,0.0,-9.449629182554199e-32,0,367.60819759803263
0.0,b3648,,2,128,-9.449629182554199e-32,0.0,-9.449629182554199e-32,0,367.60819759803263
0.0,b1393,,1,128,-9.449629182554199e-32,0.0,-9.449629182554199e-32,0,367.60819759803263
0.0,b3771,,2,128,-9.449629182554199e-32,0.0,-9.449629182554199e-32,0,367.60819759803263
0.0,b1198,,1,128,-9.449629182554199e-32,0.0,-9.449629182554199e-32,0,367.60819759803263
0.0,b1199,,1,128,-9.449629182554199e-32,0.0,-9.449629182554199e-32,0,367.60819759803263
0.0,b1200,,1,128,-9.449629182554199e-32,0.0,-9.449629182554199e-32,0,367.60819759803263
0.0,b0596,,1,128,-9.449629182554199e-32,0.0,-9.449629182554199e-32,0,367.60819759803263
0.0,b0594,,1,128,-9.449629182554199e-32,0.0,-9.449629182554199e-32,0,367.60819759803263
0.0,b2541,,2,128,-9.449629182554199e-32,0.0,-9.449629182554199e-32,0,367.60819759803263
0.0,b0348,,2,128,-9.449629182554199e-32,0.0,-9.449629182554199e-32,0,367.60819759803263
0.0,b0031,,1,128,-9.449629182554199e-32,0.0,-9.449629182554199e-32,0,367.60819759803263
0.0,b2478,,1,128,-9.449629182554199e-32,0.0,-9.449629182554199e-32,0,367.60819759803263
0.0,b0048,,1,128,-9.449629182554199e-32,0.0,-9.449629182554199e-32,0,367.60819759803263
0.0,b1606,,2,128,-9.449629182554199e-32,0.0,-9.449629182554199e-32,0,367.60819759803263
0.0,b2315,,1,128,-9.449629182554199e-32,0.0,-9.449629182554199e-32,0,367.60819759803263
0.0,b3930,,1,128,-9.449629182554199e-32,0.0,-9.449629182554199e-32,0,367.60819759803263
0.0,b2262,,1,128,-9.449629182554199e-32,0.0,-9.449629182554199e-32,0,367.60819759803263
0.0,b0736,,1,128,-9.449629182554199e-32,0.0,-9.449629182554199e-32,0,367.60819759803263
0.0,b3058,,2,128,-9.449629182554199e-32,0.0,-9.449629182554199e-32,0,367.60819759803263
0.0,b0945,,2,128,-9.449629182554199e-32,0.0,-9.449629182554199e-32,0,367.60819759803263
0.0,b1062,,1,128,-9.449629182554199e-32,0.0,-9.449629182554199e-32,0,367.60819759803263
0.0,b3177,,1,128,-9.449629182554199e-32,0.0,-9.449629182554199e-32,0,367.60819759803263
0.0,b0578,,2,128,-9.449629182554199e-32,0.0,-9.449629182554199e-32,0,367.60819759803263
0.0,b2303,,1,128,-9.449629182554199e-32,0.0,-9.449629182554199e-32,0,367.60819759803263
0.0,b3389,,1,128,-9.449629182554199e-32,0.0,-9.449629182554199e-32,0,367.60819759803263
0.0,b1693,,1,128,-9.449629182554199e-32,0.0,-9.449629182554199e-32,0,367.60819759803263
0.0,b0421,,2,128,-9.449629182554199e-32,0.0,-9.449629182554199e-32,0,367.60819759803263
0.0,b0029,,2,128,-9.449629182554199e-32,0.0,-9.449629182554199e-32,0,367.60819759803263
0.0,b2232,,2,128,-9.449629182554199e-32,0.0,-9.449629182554199e-32,0,367.60819759803263
0.0,b1588,,3,128,-9.449629182554199e-32,0.0,-9.449629182554199e-32,0,367.60819759803263
0.0,b0895,,4,128,-9.449629182554199e-32,0.0,-9.449629182554199e-32,0,367.60819759803263
0.0,b1587,,3,128,-9.449629182554199e-32,0.0,-9.449629182554199e-32,0,367.60819759803263
0.0,b0894,,4,128,-9.449629182554199e-32,0.0,-9.449629182554199e-32,0,367.60819759803263
0.0,b1590,,3,128,-9.449629182554199e-32,0.0,-9.449629182554199e-32,0,367.60819759803263
0.0,b0896,,4,128,-9.449629182554199e-32,0.0,-9.449629182554199e-32,0,367.60819759803263
0.0,b1589,,3,128,-9.449629182554199e-32,0.0,-9.449629182554199e-32,0,367.60819759803263
0.0,b1872,,4,128,-9.449629182554199e-32,0.0,-9.449629182554199e-32,0,367.60819759803263
0.0,b1873,,4,128,-9.449629182554199e-32,0.0,-9.449629182554199e-32,0,367.60819759803263
0.0,b0099,,3,128,-9.449629182554199e-32,0.0,-9.449629182554199e-32,0,367.60819759803263
0.0,b1865,,2,128,-9.449629182554199e-32,0.0,-9.449629182554199e-32,0,367.60819759803263
0.0,b3575,,1,128,-9.449629182554199e-32,0.0,-9.449629182554199e-32,0,367.60819759803263
0.0,b0103,,1,128,-9.449629182554199e-32,0.0,-9.449629182554199e-32,0,367.60819759803263
0.0,b3774,,3,128,-9.449629182554199e-32,0.0,-9.449629182554199e-32,0,367.60819759803263
0.0,b0425,,1,128,-9.449629182554199e-32,0.0,-9.449629182554199e-32,0,367.60819759803263
0.0,b4381,,1,128,-9.449629182554199e-32,0.0,-9.449629182554199e-32,0,367.60819759803263
0.0,b1185,,2,128,-9.449629182554199e-32,0.0,-9.449629182554199e-32,0,367.60819759803263
0.0,b3860,,2,128,-9.449629182554199e-32,0.0,-9.449629182554199e-32,0,367.60819759803263
0.0,b2893,,2,128,-9.449629182554199e-32,0.0,-9.449629182554199e-32,0,367.60819759803263
0.0,b2582,,10,128,-9.449629182554199e-32,0.0,-9.449629182554199e-32,0,367.60819759803263
0.0,b4136,,3,128,-9.449629182554199e-32,0.0,-9.449629182554199e-32,0,367.60819759803263
0.0,b3781,,10,128,-9.449629182554199e-32,0.0,-9.449629182554199e-32,0,367.60819759803263
0.0,b0604,,2,128,-9.449629182554199e-32,0.0,-9.449629182554199e-32,0,367.60819759803263
0.0,b4122,,2,128,-9.449629182554199e-32,0.0,-9.449629182554199e-32,0,367.60819759803263
0.0,b1098,,1,128,-9.449629182554199e-32,0.0,-9.449629182554199e-32,0,367.60819759803263
0.0,b2146,,1,128,-9.449629182554199e-32,0.0,-9.449629182554199e-32,0,367.60819759803263
0.0,b2147,,1,128,-9.449629182554199e-32,0.0,-9.449629182554199e-32,0,367.60819759803263
0.0,b1238,,2,128,-9.449629182554199e-32,0.0,-9.449629182554199e-32,0,367.60819759803263
0.0,b4384,,7,128,-9.449629182554199e-32,0.0,-9.449629182554199e-32,0,367.60819759803263
0.0,b4382,,2,128,-9.449629182554199e-32,0.0,-9.449629182554199e-32,0,367.60819759803263
0.0,b2251,,3,128,-9.449629182554199e-32,0.0,-9.449629182554199e-32,0,367.60819759803263
0.0,b3640,,1,128,-9.449629182554199e-32,0.0,-9.449629182554199e-32,0,367.60819759803263
0.0,b0173,,1,128,-9.449629182554199e-32,0.0,-9.449629182554199e-32,0,367.60819759803263
0.0,b0420,,1,128,-9.449629182554199e-32,0.0,-9.449629182554199e-32,0,367.60819759803263
0.0,b3564,,2,128,-9.449629182554199e-32,0.0,-9.449629182554199e-32,0,367.60819759803263
0.0,b1779,,2,47,-9.449629182554199e-32,0.0,-9.449629182554199e-32,0,140.10570000000118
0.0,b2927,,1,50,-9.449629182554199e-32,-3.842956620202781e-17,3.842956620202772e-17,1,19.60882809917437
0.0,b1288,,26,50,-9.449629182554199e-32,-1.9880403621978962e-28,1.9870953992796408e-28,1,19.608828099172165
0.0,b3622,,2,50,-9.449629182554199e-32,-1.9880403621978962e-28,1.9870953992796408e-28,1,19.608828099172165
0.0,b3793,,3,50,-9.449629182554199e-32,-1.9880403621978962e-28,1.9870953992796408e-28,1,19.608828099172165
0.0,b3785,,3,50,-9.449629182554199e-32,-1.9880403621978962e-28,1.9870953992796408e-28,1,19.608828099172165
0.0,b3792,,1,50,-9.449629182554199e-32,-1.9880403621978962e-28,1.9870953992796408e-28,1,19.608828099172165
0.0,b2341,,16,50,-9.449629182554199e-32,-1.9880403621978962e-28,1.9870953992796408e-28,1,19.608828099172165
0.0,b1850,,2,75,-9.449629182554199e-32,6.048034082064114e-47,-9.449629182554205e-32,0,31.538926562499718
0.0,b1851,,1,75,-9.449629182554199e-32,-4.81684411388446e-30,4.7223478220589176e-30,1,31.53892656249958
0.0,b1054,,1,75,-9.449629182554199e-32,-4.81684411388446e-30,4.7223478220589176e-30,1,31.53892656249958
0.0,b1855,,2,75,-9.449629182554199e-32,-4.81684411388446e-30,4.7223478220589176e-30,1,31.53892656249958
0.0,b2378,,1,75,-9.449629182554199e-32,-4.81684411388446e-30,4.7223478220589176e-30,1,31.53892656249958
0.0,b2779,,1,47,-9.449629182554199e-32,0.0,-9.449629182554199e-32,0,140.10570000000118
0.0,b0583,,1,54,-9.449629182554199e-32,4.1228625417861705e-30,-4.2173588336117126e-30,0,98.41479917356239
0.0,b0585,,2,54,-9.449629182554199e-32,0.0,-9.449629182554199e-32,0,98.41479917355248
0.0,b2441,,1,54,-9.449629182554199e-32,0.0,-9.449629182554199e-32,0,98.41479917355248
0.0,b2440,,1,54,-9.449629182554199e-32,0.0,-9.449629182554199e-32,0,98.41479917355248
0.0,b3946,,1,54,-9.449629182554199e-32,0.0,-9.449629182554199e-32,0,98.41479917355248
0.0,b0825,,1,54,-9.449629182554199e-32,0.0,-9.449629182554199e-32,0,98.41479917355248
0.0,b0822,,5,54,-9.449629182554199e-32,0.0,-9.449629182554199e-32,0,98.41479917355248
0.0,b3666,,4,54,-9.449629182554199e-32,0.0,-9.449629182554199e-32,0,98.41479917355248
0.0,b0404,,7,54,-9.449629182554199e-32,0.0,-9.449629182554199e-32,0,98.41479917355248
0.0,b0452,,10,54,-9.449629182554199e-32,0.0,-9.449629182554199e-32,0,98.41479917355248
0.0,b1805,,10,54,-9.449629182554199e-32,0.0,-9.449629182554199e-32,0,98.41479917355248
0.0,b1701,,10,54,-9.449629182554199e-32,0.0,-9.449629182554199e-32,0,98.41479917355248
0.0,b3844,,6,54,-9.449629182554199e-32,0.0,-9.449629182554199e-32,0,98.41479917355248
0.0,b2764,,4,54,-9.449629182554199e-32,0.0,-9.449629182554199e-32,0,98.41479917355248
0.0,b2763,,4,54,-9.449629182554199e-32,0.0,-9.449629182554199e-32,0,98.41479917355248
0.0,b2925,,2,54,-9.449629182554199e-32,0.0,-9.449629182554199e-32,0,98.41479917355248
0.0,b1773,,1,54,-9.449629182554199e-32,0.0,-9.449629182554199e-32,0,98.41479917355248
0.0,b2097,,1,54,-9.449629182554199e-32,0.0,-9.449629182554199e-32,0,98.41479917355248
0.0,b3925,,1,54,-9.449629182554199e-32,0.0,-9.449629182554199e-32,0,98.41479917355248
0.0,b2930,,1,54,-9.449629182554199e-32,0.0,-9.449629182554199e-32,0,98.41479917355248
0.0,b4232,,1,54,-9.449629182554199e-32,0.0,-9.449629182554199e-32,0,98.41479917355248
0.0,b2802,,1,54,-9.449629182554199e-32,0.0,-9.449629182554199e-32,0,98.41479917355248
0.0,b2803,,1,54,-9.449629182554199e-32,0.0,-9.449629182554199e-32,0,98.41479917355248
0.0,b2738,,1,54,-9.449629182554199e-32,0.0,-9.449629182554199e-32,0,98.41479917355248
0.0,b2800,,1,54,-9.449629182554199e-32,0.0,-9.449629182554199e-32,0,98.41479917355248
0.0,b0475,,1,54,-9.449629182554199e-32,0.0,-9.449629182554199e-32,0,98.41479917355248
0.0,b1476,,2,54,-9.449629182554199e-32,0.0,-9.449629182554199e-32,0,98.41479917355248
0.0,b1474,,2,54,-9.449629182554199e-32,0.0,-9.449629182554199e-32,0,98.41479917355248
0.0,b1475,,2,54,-9.449629182554199e-32,0.0,-9.449629182554199e-32,0,98.41479917355248
0.0,b3892,,2,54,-9.449629182554199e-32,0.0,-9.449629182554199e-32,0,98.41479917355248
0.0,b3893,,2,54,-9.449629182554199e-32,0.0,-9.449629182554199e-32,0,98.41479917355248
0.0,b3894,,2,54,-9.449629182554199e-32,0.0,-9.449629182554199e-32,0,98.41479917355248
0.0,b0935,,5,54,-9.449629182554199e-32,0.0,-9.449629182554199e-32,0,98.41479917355248
0.0,b3409,,1,54,-9.449629182554199e-32,0.0,-9.449629182554199e-32,0,98.41479917355248
0.0,b2392,,2,54,-9.449629182554199e-32,0.0,-9.449629182554199e-32,0,98.41479917355248
0.0,b4290,,1,54,-9.449629182554199e-32,0.0,-9.449629182554199e-32,0,98.41479917355248
0.0,b4288,,1,54,-9.449629182554199e-32,0.0,-9.449629182554199e-32,0,98.41479917355248
0.0,b4287,,1,54,-9.449629182554199e-32,0.0,-9.449629182554199e-32,0,98.41479917355248
0.0,b4289,,1,54,-9.449629182554199e-32,0.0,-9.449629182554199e-32,0,98.41479917355248
0.0,b4291,,1,54,-9.449629182554199e-32,0.0,-9.449629182554199e-32,0,98.41479917355248
0.0,b0589,,2,54,-9.449629182554199e-32,0.0,-9.449629182554199e-32,0,98.41479917355248
0.0,b0588,,2,54,-9.449629182554199e-32,0.0,-9.449629182554199e-32,0,98.41479917355248
0.0,b0592,,2,54,-9.449629182554199e-32,0.0,-9.449629182554199e-32,0,98.41479917355248
0.0,b0590,,2,54,-9.449629182554199e-32,0.0,-9.449629182554199e-32,0,98.41479917355248
0.0,b2155,,1,54,-9.449629182554199e-32,0.0,-9.449629182554199e-32,0,98.41479917355248
0.0,b0805,,1,54,-9.449629182554199e-32,0.0,-9.449629182554199e-32,0,98.41479917355248
0.0,b0150,,3,54,-9.449629182554199e-32,0.0,-9.449629182554199e-32,0,98.41479917355248
0.0,b0584,,1,54,-9.449629182554199e-32,0.0,-9.449629182554199e-32,0,98.41479917355248
0.0,b0591,,1,54,-9.449629182554199e-32,0.0,-9.449629182554199e-32,0,98.41479917355248
0.0,b4367,,3,54,-9.449629182554199e-32,0.0,-9.449629182554199e-32,0,98.41479917355248
0.0,b4209,,1,54,-9.449629182554199e-32,0.0,-9.449629182554199e-32,0,98.41479917355248
0.0,b2486,,1,54,-9.449629182554199e-32,0.0,-9.449629182554199e-32,0,98.41479917355248
0.0,b4079,,1,54,-9.449629182554199e-32,0.0,-9.449629182554199e-32,0,98.41479917355248
0.0,b2722,,2,54,-9.449629182554199e-32,0.0,-9.449629182554199e-32,0,98.41479917355248
0.0,b2483,,1,54,-9.449629182554199e-32,0.0,-9.449629182554199e-32,0,98.41479917355248
0.0,b2719,,2,54,-9.449629182554199e-32,0.0,-9.449629182554199e-32,0,98.41479917355248
0.0,b2723,,2,54,-9.449629182554199e-32,0.0,-9.449629182554199e-32,0,98.41479917355248
0.0,b2721,,2,54,-9.449629182554199e-32,0.0,-9.449629182554199e-32,0,98.41479917355248
0.0,b2481,,1,54,-9.449629182554199e-32,0.0,-9.449629182554199e-32,0,98.41479917355248
0.0,b2485,,1,54,-9.449629182554199e-32,0.0,-9.449629182554199e-32,0,98.41479917355248
0.0,b2484,,1,54,-9.449629182554199e-32,0.0,-9.449629182554199e-32,0,98.41479917355248
0.0,b2724,,2,54,-9.449629182554199e-32,0.0,-9.449629182554199e-32,0,98.41479917355248
0.0,b2482,,1,54,-9.449629182554199e-32,0.0,-9.449629182554199e-32,0,98.41479917355248
0.0,b2489,,1,54,-9.449629182554199e-32,0.0,-9.449629182554199e-32,0,98.41479917355248
0.0,b2720,,2,54,-9.449629182554199e-32,0.0,-9.449629182554199e-32,0,98.41479917355248
0.0,b2488,,1,54,-9.449629182554199e-32,0.0,-9.449629182554199e-32,0,98.41479917355248
0.0,b2490,,1,54,-9.449629182554199e-32,0.0,-9.449629182554199e-32,0,98.41479917355248
0.0,b2487,,1,54,-9.449629182554199e-32,0.0,-9.449629182554199e-32,0,98.41479917355248
0.0,b3924,,5,54,-9.449629182554199e-32,0.0,-9.449629182554199e-32,0,98.41479917355248
0.0,b0684,,7,54,-9.449629182554199e-32,0.0,-9.449629182554199e-32,0,98.41479917355248
0.0,b2895,,7,54,-9.449629182554199e-32,0.0,-9.449629182554199e-32,0,98.41479917355248
0.0,b3288,,1,54,-9.449629182554199e-32,0.0,-9.449629182554199e-32,0,98.41479917355248
0.0,b0025,,2,54,-9.449629182554199e-32,0.0,-9.449629182554199e-32,0,98.41479917355248
0.0,b0937,,2,54,-9.449629182554199e-32,0.0,-9.449629182554199e-32,0,98.41479917355248
0.0,b2912,,1,54,-9.449629182554199e-32,0.0,-9.449629182554199e-32,0,98.41479917355248
0.0,b2374,,1,54,-9.449629182554199e-32,0.0,-9.449629182554199e-32,0,98.41479917355248
0.0,b2492,,2,54,-9.449629182554199e-32,0.0,-9.449629182554199e-32,0,110.83432500000086
0.0,b0904,,2,54,-9.449629182554199e-32,0.0,-9.449629182554199e-32,0,110.83432500000066
0.0,b4154,,2,54,-9.449629182554199e-32,0.0,-9.449629182554199e-32,0,110.83432500000066
0.0,b4152,,2,54,-9.449629182554199e-32,0.0,-9.449629182554199e-32,0,110.83432500000066
0.0,b4153,,2,54,-9.449629182554199e-32,0.0,-9.449629182554199e-32,0,110.83432500000066
0.0,b4151,,2,54,-9.449629182554199e-32,0.0,-9.449629182554199e-32,0,110.83432500000066
0.0,b2168,,1,54,-9.449629182554199e-32,0.0,-9.449629182554199e-32,0,110.83432500000066
0.0,b3371,,1,54,-9.449629182554199e-32,0.0,-9.449629182554199e-32,0,110.83432500000066
0.0,b4474,,1,54,-9.449629182554199e-32,0.0,-9.449629182554199e-32,0,110.83432500000066
0.0,b3374,,1,54,-9.449629182554199e-32,0.0,-9.449629182554199e-32,0,110.83432500000066
0.0,b3370,,2,54,-9.449629182554199e-32,0.0,-9.449629182554199e-32,0,110.83432500000066
0.0,b4321,,2,54,-9.449629182554199e-32,0.0,-9.449629182554199e-32,0,110.83432500000066
0.0,b2169,,1,54,-9.449629182554199e-32,0.0,-9.449629182554199e-32,0,110.83432500000066
0.0,b2167,,1,54,-9.449629182554199e-32,0.0,-9.449629182554199e-32,0,110.83432500000066
0.0,b1232,,1,54,-9.449629182554199e-32,0.0,-9.449629182554199e-32,0,110.83432500000066
0.0,b2801,,1,54,-9.449629182554199e-32,0.0,-9.449629182554199e-32,0,110.83432500000066
0.0,b1611,,1,54,-9.449629182554199e-32,0.0,-9.449629182554199e-32,0,110.83432500000066
0.0,b1612,,1,54,-9.449629182554199e-32,0.0,-9.449629182554199e-32,0,110.83432500000066
0.0,b0621,,4,54,-9.449629182554199e-32,0.0,-9.449629182554199e-32,0,110.83432500000066
0.0,b3730,,2,54,-9.449629182554199e-32,0.0,-9.449629182554199e-32,0,110.83432500000066
0.0,b1002,,2,54,-9.449629182554199e-32,0.0,-9.449629182554199e-32,0,110.83432500000066
0.0,b3789,,1,54,-9.449629182554199e-32,0.0,-9.449629182554199e-32,0,110.83432500000066
0.0,b2039,,1,54,-9.449629182554199e-32,0.0,-9.449629182554199e-32,0,110.83432500000066
0.0,b0154,,1,54,-9.449629182554199e-32,0.0,-9.449629182554199e-32,0,110.83432500000066
0.0,b2533,,2,54,-9.449629182554199e-32,0.0,-9.449629182554199e-32,0,110.83432500000066
0.0,b4055,,17,54,-9.449629182554199e-32,0.0,-9.449629182554199e-32,0,110.83432500000066
0.0,b4041,,7,54,-9.449629182554199e-32,0.0,-9.449629182554199e-32,0,110.83432500000066
0.0,b3451,,7,54,-9.449629182554199e-32,0.0,-9.449629182554199e-32,0,110.83432500000066
0.0,b3452,,7,54,-9.449629182554199e-32,0.0,-9.449629182554199e-32,0,110.83432500000066
0.0,b3453,,7,54,-9.449629182554199e-32,0.0,-9.449629182554199e-32,0,110.83432500000066
0.0,b3450,,7,54,-9.449629182554199e-32,0.0,-9.449629182554199e-32,0,110.83432500000066
0.0,b3608,,1,54,-9.449629182554199e-32,0.0,-9.449629182554199e-32,0,110.83432500000066
0.0,b2242,,3,54,-9.449629182554199e-32,0.0,-9.449629182554199e-32,0,110.83432500000066
0.0,b2241,,3,54,-9.449629182554199e-32,0.0,-9.449629182554199e-32,0,110.83432500000066
0.0,b2243,,3,54,-9.449629182554199e-32,0.0,-9.449629182554199e-32,0,110.83432500000066
0.0,b3426,,1,54,-9.449629182554199e-32,0.0,-9.449629182554199e-32,0,110.83432500000066
0.0,b0243,,1,54,-9.449629182554199e-32,0.0,-9.449629182554199e-32,0,110.83432500000066
0.0,b0678,,1,54,-9.449629182554199e-32,0.0,-9.449629182554199e-32,0,110.83432500000066
0.0,b1852,,1,54,-9.449629182554199e-32,0.0,-9.449629182554199e-32,0,110.83432500000066
0.0,b3128,,1,54,-9.449629182554199e-32,0.0,-9.449629182554199e-32,0,110.83432500000066
0.0,b4358,,1,54,-9.449629182554199e-32,0.0,-9.449629182554199e-32,0,110.83432500000066
0.0,b4478,,1,54,-9.449629182554199e-32,0.0,-9.449629182554199e-32,0,110.83432500000066
0.0,b4356,,1,54,-9.449629182554199e-32,0.0,-9.449629182554199e-32,0,110.83432500000066
0.0,b3691,,1,54,-9.449629182554199e-32,0.0,-9.449629182554199e-32,0,110.83432500000066
0.0,b3127,,3,54,-9.449629182554199e-32,0.0,-9.449629182554199e-32,0,110.83432500000066
0.0,b2789,,3,54,-9.449629182554199e-32,0.0,-9.449629182554199e-32,0,110.83432500000066
0.0,b0757,,1,54,-9.449629182554199e-32,0.0,-9.449629182554199e-32,0,110.83432500000066
0.0,b2045,,1,54,-9.449629182554199e-32,0.0,-9.449629182554199e-32,0,110.83432500000066
0.0,b0756,,1,54,-9.449629182554199e-32,0.0,-9.449629182554199e-32,0,110.83432500000066
0.0,b4119,,1,54,-9.449629182554199e-32,0.0,-9.449629182554199e-32,0,110.83432500000066
0.0,b3628,,1,54,-9.449629182554199e-32,0.0,-9.449629182554199e-32,0,110.83432500000066
0.0,b2093,,1,54,-9.449629182554199e-32,0.0,-9.449629182554199e-32,0,110.83432500000066
0.0,b2092,,1,54,-9.449629182554199e-32,0.0,-9.449629182554199e-32,0,110.83432500000066
0.0,b2094,,1,54,-9.449629182554199e-32,0.0,-9.449629182554199e-32,0,110.83432500000066
0.0,b3093,,2,54,-9.449629182554199e-32,0.0,-9.449629182554199e-32,0,110.83432500000066
0.0,b1236,,1,54,-9.449629182554199e-32,0.0,-9.449629182554199e-32,0,110.83432500000066
0.0,b4230,,2,54,-9.449629182554199e-32,0.0,-9.449629182554199e-32,0,110.83432500000066
0.0,b2148,,2,54,-9.449629182554199e-32,0.0,-9.449629182554199e-32,0,110.83432500000066
0.0,b2149,,2,54,-9.449629182554199e-32,0.0,-9.449629182554199e-32,0,110.83432500000066
0.0,b2150,,2,54,-9.449629182554199e-32,0.0,-9.449629182554199e-32,0,110.83432500000066
0.0,b4231,,2,54,-9.449629182554199e-32,0.0,-9.449629182554199e-32,0,110.83432500000066
0.0,b4485,,2,54,-9.449629182554199e-32,0.0,-9.449629182554199e-32,0,110.83432500000066
0.0,b4227,,2,54,-9.449629182554199e-32,0.0,-9.449629182554199e-32,0,110.83432500000066
0.0,b2943,,2,54,-9.449629182554199e-32,0.0,-9.449629182554199e-32,0,110.83432500000066
0.0,b2500,,1,54,-9.449629182554199e-32,0.0,-9.449629182554199e-32,0,110.83432500000066
0.0,b1415,,2,54,-9.449629182554199e-32,0.0,-9.449629182554199e-32,0,110.83432500000066
0.0,b2052,,2,54,-9.449629182554199e-32,0.0,-9.449629182554199e-32,0,110.83432500000066
0.0,b2784,,2,54,-9.449629182554199e-32,0.0,-9.449629182554199e-32,0,110.83432500000066
0.0,b3650,,3,54,-9.449629182554199e-32,0.0,-9.449629182554199e-32,0,110.83432500000066
0.0,b2051,,1,54,-9.449629182554199e-32,0.0,-9.449629182554199e-32,0,110.83432500000066
0.0,b2467,,1,54,-9.449629182554199e-32,0.0,-9.449629182554199e-32,0,110.83432500000066
0.0,b3729,,1,54,-9.449629182554199e-32,0.0,-9.449629182554199e-32,0,110.83432500000066
0.0,b1298,,1,54,-9.449629182554199e-32,0.0,-9.449629182554199e-32,0,110.83432500000066
0.0,b1301,,1,54,-9.449629182554199e-32,0.0,-9.449629182554199e-32,0,110.83432500000066
0.0,b1297,,2,54,-9.449629182554199e-32,0.0,-9.449629182554199e-32,0,110.83432500000066
0.0,b3882,,1,54,-9.449629182554199e-32,0.0,-9.449629182554199e-32,0,110.83432500000066
0.0,b3432,,1,54,-9.449629182554199e-32,0.0,-9.449629182554199e-32,0,110.83432500000066
0.0,b0459,,2,54,-9.449629182554199e-32,0.0,-9.449629182554199e-32,0,110.83432500000066
0.0,b0124,,1,54,-9.449629182554199e-32,0.0,-9.449629182554199e-32,0,110.83432500000066
0.0,b0837,,1,54,-9.449629182554199e-32,0.0,-9.449629182554199e-32,0,110.83432500000066
0.0,b4476,,1,54,-9.449629182554199e-32,0.0,-9.449629182554199e-32,0,110.83432500000066
0.0,b3415,,1,54,-9.449629182554199e-32,0.0,-9.449629182554199e-32,0,110.83432500000066
0.0,b3417,,5,54,-9.449629182554199e-32,0.0,-9.449629182554199e-32,0,110.83432500000066
0.0,b3428,,2,54,-9.449629182554199e-32,0.0,-9.449629182554199e-32,0,110.83432500000066
0.0,b3126,,1,54,-9.449629182554199e-32,0.0,-9.449629182554199e-32,0,110.83432500000066
0.0,b2787,,1,54,-9.449629182554199e-32,0.0,-9.449629182554199e-32,0,110.83432500000066
0.0,b2788,,1,54,-9.449629182554199e-32,0.0,-9.449629182554199e-32,0,110.83432500000066
0.0,b3429,,1,54,-9.449629182554199e-32,0.0,-9.449629182554199e-32,0,110.83432500000066
0.0,b3631,,1,54,-9.449629182554199e-32,0.0,-9.449629182554199e-32,0,110.83432500000066
0.0,b3627,,1,54,-9.449629182554199e-32,0.0,-9.449629182554199e-32,0,110.83432500000066
0.0,b3626,,1,54,-9.449629182554199e-32,0.0,-9.449629182554199e-32,0,110.83432500000066
0.0,b1621,,2,57,-9.449629182554199e-32,0.0,-9.449629182554199e-32,0,149.58269999999993
0.0,b3431,,1,57,-9.449629182554199e-32,0.0,-9.449629182554199e-32,0,149.5826999999999
0.0,b3430,,1,57,-9.449629182554199e-32,0.0,-9.449629182554199e-32,0,149.5826999999999
0.0,b3870,,1,57,-9.449629182554199e-32,0.0,-9.449629182554199e-32,0,149.5826999999999
0.0,b0680,,1,57,-9.449629182554199e-32,0.0,-9.449629182554199e-32,0,149.5826999999999
0.0,b0809,,1,57,-9.449629182554199e-32,0.0,-9.449629182554199e-32,0,149.5826999999999
0.0,b0810,,1,57,-9.449629182554199e-32,0.0,-9.449629182554199e-32,0,149.5826999999999
0.0,b0811,,1,57,-9.449629182554199e-32,0.0,-9.449629182554199e-32,0,149.5826999999999
0.0,b2091,,1,57,-9.449629182554199e-32,0.0,-9.449629182554199e-32,0,149.5826999999999
0.0,b0242,,1,57,-9.449629182554199e-32,0.0,-9.449629182554199e-32,0,149.5826999999999
0.0,b1492,,1,57,-9.449629182554199e-32,0.0,-9.449629182554199e-32,0,149.5826999999999
0.0,b2688,,1,57,-9.449629182554199e-32,0.0,-9.449629182554199e-32,0,149.5826999999999
0.0,b1493,,1,57,-9.449629182554199e-32,0.0,-9.449629182554199e-32,0,149.5826999999999
0.0,b3517,,1,57,-9.449629182554199e-32,0.0,-9.449629182554199e-32,0,149.5826999999999
0.0,b1761,,1,57,-9.449629182554199e-32,0.0,-9.449629182554199e-32,0,149.5826999999999
0.0,b1524,,1,57,-9.449629182554199e-32,0.0,-9.449629182554199e-32,0,149.5826999999999
0.0,b0485,,1,57,-9.449629182554199e-32,0.0,-9.449629182554199e-32,0,149.5826999999999
0.0,b2312,,1,57,-9.449629182554199e-32,0.0,-9.449629182554199e-32,0,149.5826999999999
0.0,b3967,,1,57,-9.449629182554199e-32,0.0,-9.449629182554199e-32,0,149.5826999999999
0.0,b3213,,1,57,-9.449629182554199e-32,0.0,-9.449629182554199e-32,0,149.5826999999999
0.0,b3212,,1,57,-9.449629182554199e-32,0.0,-9.449629182554199e-32,0,149.5826999999999
0.0,b1210,,1,57,-9.449629182554199e-32,0.0,-9.449629182554199e-32,0,149.5826999999999
0.0,b2400,,1,57,-9.449629182554199e-32,0.0,-9.449629182554199e-32,0,149.5826999999999
0.0,b3653,,1,57,-9.449629182554199e-32,0.0,-9.449629182554199e-32,0,149.5826999999999
0.0,b0507,,1,57,-9.449629182554199e-32,0.0,-9.449629182554199e-32,0,149.5826999999999
0.0,b3927,,3,57,-9.449629182554199e-32,0.0,-9.449629182554199e-32,0,149.5826999999999
0.0,b3617,,1,57,-9.449629182554199e-32,0.0,-9.449629182554199e-32,0,149.5826999999999
0.0,b2240,,1,57,-9.449629182554199e-32,0.0,-9.449629182554199e-32,0,149.5826999999999
0.0,b0514,,1,57,-9.449629182554199e-32,0.0,-9.449629182554199e-32,0,149.5826999999999
0.0,b3124,,1,57,-9.449629182554199e-32,0.0,-9.449629182554199e-32,0,149.5826999999999
0.0,b2904,,1,57,-9.449629182554199e-32,0.0,-9.449629182554199e-32,0,149.5826999999999
0.0,b2903,,1,57,-9.449629182554199e-32,0.0,-9.449629182554199e-32,0,149.5826999999999
0.0,b2905,,1,57,-9.449629182554199e-32,0.0,-9.449629182554199e-32,0,149.5826999999999
0.0,b1033,,4,57,-9.449629182554199e-32,0.0,-9.449629182554199e-32,0,149.5826999999999
0.0,b4468,,3,57,-9.449629182554199e-32,0.0,-9.449629182554199e-32,0,149.5826999999999
0.0,b4467,,3,57,-9.449629182554199e-32,0.0,-9.449629182554199e-32,0,149.5826999999999
0.0,b2979,,3,57,-9.449629182554199e-32,0.0,-9.449629182554199e-32,0,149.5826999999999
0.0,b3926,,1,57,-9.449629182554199e-32,0.0,-9.449629182554199e-32,0,149.5826999999999
0.0,b0212,,1,57,-9.449629182554199e-32,0.0,-9.449629182554199e-32,0,149.5826999999999
0.0,b3559,,1,57,-9.449629182554199e-32,0.0,-9.449629182554199e-32,0,149.5826999999999
0.0,b3560,,1,57,-9.449629182554199e-32,0.0,-9.449629182554199e-32,0,149.5826999999999
0.0,b2053,,1,57,-9.449629182554199e-32,0.0,-9.449629182554199e-32,0,149.5826999999999
0.0,b3052,,2,57,-9.449629182554199e-32,0.0,-9.449629182554199e-32,0,149.5826999999999
0.0,b0200,,1,57,-9.449629182554199e-32,0.0,-9.449629182554199e-32,0,149.5826999999999
0.0,b0104,,1,57,-9.449629182554199e-32,0.0,-9.449629182554199e-32,0,149.5826999999999
0.0,b2507,,1,57,-9.449629182554199e-32,0.0,-9.449629182554199e-32,0,149.5826999999999
0.0,b2029,,1,57,-9.449629182554199e-32,0.0,-9.449629182554199e-32,0,149.5826999999999
0.0,b3437,,1,57,-9.449629182554199e-32,0.0,-9.449629182554199e-32,0,149.5826999999999
0.0,b4268,,1,57,-9.449629182554199e-32,0.0,-9.449629182554199e-32,0,149.5826999999999
0.0,b3449,,5,57,-9.449629182554199e-32,0.0,-9.449629182554199e-32,0,149.5826999999999
0.0,b2239,,5,57,-9.449629182554199e-32,0.0,-9.449629182554199e-32,0,149.5826999999999
0.0,b1654,,6,57,-9.449629182554199e-32,0.0,-9.449629182554199e-32,0,149.5826999999999
0.0,b3610,,6,57,-9.449629182554199e-32,0.0,-9.449629182554199e-32,0,149.5826999999999
0.0,b0849,,6,57,-9.449629182554199e-32,0.0,-9.449629182554199e-32,0,149.5826999999999
0.0,b0477,,2,57,-9.449629182554199e-32,0.0,-9.449629182554199e-32,0,149.5826999999999
0.0,b2988,,2,57,-9.449629182554199e-32,0.0,-9.449629182554199e-32,0,149.5826999999999
0.0,b3500,,1,57,-9.449629182554199e-32,0.0,-9.449629182554199e-32,0,149.5826999999999
0.0,b1710,,2,57,-9.449629182554199e-32,0.0,-9.449629182554199e-32,0,149.5826999999999
0.0,b3447,,1,57,-9.449629182554199e-32,0.0,-9.449629182554199e-32,0,149.5826999999999
0.0,b0832,,1,57,-9.449629182554199e-32,0.0,-9.449629182554199e-32,0,149.5826999999999
0.0,b0829,,1,57,-9.449629182554199e-32,0.0,-9.449629182554199e-32,0,149.5826999999999
0.0,b0831,,1,57,-9.449629182554199e-32,0.0,-9.449629182554199e-32,0,149.5826999999999
0.0,b0830,,1,57,-9.449629182554199e-32,0.0,-9.449629182554199e-32,0,149.5826999999999
0.0,b2947,,1,57,-9.449629182554199e-32,0.0,-9.449629182554199e-32,0,149.5826999999999
0.0,b2153,,1,57,-9.449629182554199e-32,0.0,-9.449629182554199e-32,0,149.5826999999999
0.0,b1277,,1,57,-9.449629182554199e-32,0.0,-9.449629182554199e-32,0,149.5826999999999
0.0,b3779,,1,57,-9.449629182554199e-32,0.0,-9.449629182554199e-32,0,149.5826999999999
0.0,b2883,,1,57,-9.449629182554199e-32,0.0,-9.449629182554199e-32,0,149.5826999999999
0.0,b0125,,2,57,-9.449629182554199e-32,0.0,-9.449629182554199e-32,0,149.5826999999999
0.0,b0238,,3,57,-9.449629182554199e-32,0.0,-9.449629182554199e-32,0,149.5826999999999
0.0,b3092,,2,57,-9.449629182554199e-32,0.0,-9.449629182554199e-32,0,149.5826999999999
0.0,b1319,,1,57,-9.449629182554199e-32,0.0,-9.449629182554199e-32,0,149.5826999999999
0.0,b3875,,1,57,-9.449629182554199e-32,0.0,-9.449629182554199e-32,0,149.5826999999999
0.0,b0957,,1,57,-9.449629182554199e-32,0.0,-9.449629182554199e-32,0,149.5826999999999
0.0,b0875,,1,57,-9.449629182554199e-32,0.0,-9.449629182554199e-32,0,149.5826999999999
0.0,b1395,,1,57,-9.449629182554199e-32,0.0,-9.449629182554199e-32,0,149.5826999999999
0.0,b4040,,1,57,-9.449629182554199e-32,0.0,-9.449629182554199e-32,0,149.5826999999999
0.0,b0353,,2,57,-9.449629182554199e-32,0.0,-9.449629182554199e-32,0,149.5826999999999
0.0,b0339,,1,57,-9.449629182554199e-32,0.0,-9.449629182554199e-32,0,149.5826999999999
0.0,b0126,,1,57,-9.449629182554199e-32,0.0,-9.449629182554199e-32,0,149.5826999999999
0.0,b0261,,2,57,-9.449629182554199e-32,0.0,-9.449629182554199e-32,0,149.5826999999999
0.0,b0428,,1,57,-9.449629182554199e-32,0.0,-9.449629182554199e-32,0,149.5826999999999
0.0,b3630,,1,57,-9.449629182554199e-32,0.0,-9.449629182554199e-32,0,149.5826999999999
0.0,b3625,,1,57,-9.449629182554199e-32,0.0,-9.449629182554199e-32,0,149.5826999999999
0.0,b3621,,1,57,-9.449629182554199e-32,0.0,-9.449629182554199e-32,0,149.5826999999999
0.0,b3620,,1,57,-9.449629182554199e-32,0.0,-9.449629182554199e-32,0,149.5826999999999
0.0,b3632,,1,57,-9.449629182554199e-32,0.0,-9.449629182554199e-32,0,149.5826999999999
0.0,b3623,,1,57,-9.449629182554199e-32,0.0,-9.449629182554199e-32,0,149.5826999999999
0.0,b2104,,1,57,-9.449629182554199e-32,0.0,-9.449629182554199e-32,0,149.5826999999999
0.0,b2388,,1,57,-9.449629182554199e-32,0.0,-9.449629182554199e-32,0,149.5826999999999
0.0,b0394,,1,56,-9.449629182554199e-32,0.0,-9.449629182554199e-32,0,147.31470000000024
0.0,b2020,,1,56,-9.449629182554199e-32,0.0,-9.449629182554199e-32,0,147.3147000000005
0.0,b2022,,2,56,-9.449629182554199e-32,0.0,-9.449629182554199e-32,0,147.3147000000005
0.0,b2514,,1,56,-9.449629182554199e-32,0.0,-9.449629182554199e-32,0,147.3147000000005
0.0,b2309,,1,56,-9.449629182554199e-32,0.0,-9.449629182554199e-32,0,147.3147000000005
0.0,b0112,,4,56,-9.449629182554199e-32,0.0,-9.449629182554199e-32,0,147.3147000000005
0.0,b0349,,2,56,-9.449629182554199e-32,0.0,-9.449629182554199e-32,0,147.3147000000005
0.0,b3805,,1,56,-9.449629182554199e-32,0.0,-9.449629182554199e-32,0,147.3147000000005
0.0,b2418,,4,56,-9.449629182554199e-32,0.0,-9.449629182554199e-32,0,147.3147000000005
0.0,b2103,,2,56,-9.449629182554199e-32,0.0,-9.449629182554199e-32,0,147.3147000000005
0.0,b0813,,2,56,-9.449629182554199e-32,0.0,-9.449629182554199e-32,0,147.3147000000005
0.0,b3824,,1,56,-9.449629182554199e-32,0.0,-9.449629182554199e-32,0,147.3147000000005
0.0,b0352,,1,56,-9.449629182554199e-32,0.0,-9.449629182554199e-32,0,147.3147000000005
0.0,b0142,,1,56,-9.449629182554199e-32,0.0,-9.449629182554199e-32,0,147.3147000000005
0.0,b0508,,1,56,-9.449629182554199e-32,0.0,-9.449629182554199e-32,0,147.3147000000005
0.0,b0003,,1,56,-9.449629182554199e-32,0.0,-9.449629182554199e-32,0,147.3147000000005
0.0,b4013,,1,56,-9.449629182554199e-32,0.0,-9.449629182554199e-32,0,147.3147000000005
0.0,b2021,,1,56,-9.449629182554199e-32,0.0,-9.449629182554199e-32,0,147.3147000000005
0.0,b2867,,2,56,-9.449629182554199e-32,0.0,-9.449629182554199e-32,0,147.3147000000005
0.0,b2866,,2,56,-9.449629182554199e-32,0.0,-9.449629182554199e-32,0,147.3147000000005
0.0,b2868,,2,56,-9.449629182554199e-32,0.0,-9.449629182554199e-32,0,147.3147000000005
0.0,b2994,,3,56,-9.449629182554199e-32,0.0,-9.449629182554199e-32,0,147.3147000000005
0.0,b0973,,3,56,-9.449629182554199e-32,0.0,-9.449629182554199e-32,0,147.3147000000005
0.0,b0974,,3,56,-9.449629182554199e-32,0.0,-9.449629182554199e-32,0,147.3147000000005
0.0,b2997,,3,56,-9.449629182554199e-32,0.0,-9.449629182554199e-32,0,147.3147000000005
0.0,b2995,,3,56,-9.449629182554199e-32,0.0,-9.449629182554199e-32,0,147.3147000000005
0.0,b2996,,3,56,-9.449629182554199e-32,0.0,-9.449629182554199e-32,0,147.3147000000005
0.0,b0972,,3,56,-9.449629182554199e-32,0.0,-9.449629182554199e-32,0,147.3147000000005
0.0,b2530,,6,56,-9.449629182554199e-32,0.0,-9.449629182554199e-32,0,147.3147000000005
0.0,b2529,,6,56,-9.449629182554199e-32,0.0,-9.449629182554199e-32,0,147.3147000000005
0.0,b3807,,4,56,-9.449629182554199e-32,0.0,-9.449629182554199e-32,0,147.3147000000005
0.0,b2528,,2,56,-9.449629182554199e-32,0.0,-9.449629182554199e-32,0,147.3147000000005
0.0,b1136,,1,56,-9.449629182554199e-32,0.0,-9.449629182554199e-32,0,147.3147000000005
0.0,b2265,,1,56,-9.449629182554199e-32,0.0,-9.449629182554199e-32,0,147.3147000000005
0.0,b0593,,1,56,-9.449629182554199e-32,0.0,-9.449629182554199e-32,0,147.3147000000005
0.0,b0595,,1,56,-9.449629182554199e-32,0.0,-9.449629182554199e-32,0,147.3147000000005
0.0,b4015,,1,56,-9.449629182554199e-32,0.0,-9.449629182554199e-32,0,147.3147000000005
0.0,b4267,,2,56,-9.449629182554199e-32,0.0,-9.449629182554199e-32,0,147.3147000000005
0.0,b2023,,1,56,-9.449629182554199e-32,0.0,-9.449629182554199e-32,0,147.3147000000005
0.0,b2025,,1,56,-9.449629182554199e-32,0.0,-9.449629182554199e-32,0,147.3147000000005
0.0,b1262,,2,56,-9.449629182554199e-32,0.0,-9.449629182554199e-32,0,147.3147000000005
0.0,b3770,,4,56,-9.449629182554199e-32,0.0,-9.449629182554199e-32,0,147.3147000000005
0.0,b0026,,1,56,-9.449629182554199e-32,0.0,-9.449629182554199e-32,0,147.3147000000005
0.0,b0401,,3,56,-9.449629182554199e-32,0.0,-9.449629182554199e-32,0,147.3147000000005
0.0,b2508,,1,56,-9.449629182554199e-32,0.0,-9.449629182554199e-32,0,147.3147000000005
0.0,b3265,,1,56,-9.449629182554199e-32,0.0,-9.449629182554199e-32,0,147.3147000000005
0.0,b3266,,1,56,-9.449629182554199e-32,0.0,-9.449629182554199e-32,0,147.3147000000005
0.0,b3161,,2,56,-9.449629182554199e-32,0.0,-9.449629182554199e-32,0,147.3147000000005
0.0,b3679,,1,56,-9.449629182554199e-32,0.0,-9.449629182554199e-32,0,147.3147000000005
0.0,b2889,,1,56,-9.449629182554199e-32,0.0,-9.449629182554199e-32,0,147.3147000000005
0.0,b0073,,1,56,-9.449629182554199e-32,0.0,-9.449629182554199e-32,0,147.3147000000005
0.0,b0071,,2,56,-9.449629182554199e-32,0.0,-9.449629182554199e-32,0,147.3147000000005
0.0,b0072,,2,56,-9.449629182554199e-32,0.0,-9.449629182554199e-32,0,147.3147000000005
0.0,b0074,,1,56,-9.449629182554199e-32,0.0,-9.449629182554199e-32,0,147.3147000000005
0.0,b0918,,1,56,-9.449629182554199e-32,0.0,-9.449629182554199e-32,0,147.3147000000005
0.0,b3198,,1,56,-9.449629182554199e-32,0.0,-9.449629182554199e-32,0,147.3147000000005
0.0,b1215,,1,56,-9.449629182554199e-32,0.0,-9.449629182554199e-32,0,147.3147000000005
0.0,b4196,,1,56,-9.449629182554199e-32,0.0,-9.449629182554199e-32,0,147.3147000000005
0.0,b3581,,1,56,-9.449629182554199e-32,0.0,-9.449629182554199e-32,0,147.3147000000005
0.0,b0697,,1,56,-9.449629182554199e-32,0.0,-9.449629182554199e-32,0,147.3147000000005
0.0,b4513,,1,56,-9.449629182554199e-32,0.0,-9.449629182554199e-32,0,147.3147000000005
0.0,b0698,,1,56,-9.449629182554199e-32,0.0,-9.449629182554199e-32,0,147.3147000000005
0.0,b0696,,1,56,-9.449629182554199e-32,0.0,-9.449629182554199e-32,0,147.3147000000005
0.0,b3747,,1,56,-9.449629182554199e-32,0.0,-9.449629182554199e-32,0,147.3147000000005
0.0,b1363,,1,56,-9.449629182554199e-32,0.0,-9.449629182554199e-32,0,147.3147000000005
0.0,b1250,,1,56,-9.449629182554199e-32,0.0,-9.449629182554199e-32,0,147.3147000000005
0.0,b3849,,1,56,-9.449629182554199e-32,0.0,-9.449629182554199e-32,0,147.3147000000005
0.0,b1291,,1,56,-9.449629182554199e-32,0.0,-9.449629182554199e-32,0,147.3147000000005
0.0,b3290,,1,56,-9.449629182554199e-32,0.0,-9.449629182554199e-32,0,147.3147000000005
0.0,b0047,,1,56,-9.449629182554199e-32,0.0,-9.449629182554199e-32,0,147.3147000000005
0.0,b0842,,2,56,-9.449629182554199e-32,0.0,-9.449629182554199e-32,0,147.3147000000005
0.0,b3350,,1,56,-9.449629182554199e-32,0.0,-9.449629182554199e-32,0,147.3147000000005
0.0,b3605,,2,56,-9.449629182554199e-32,0.0,-9.449629182554199e-32,0,147.3147000000005
0.0,b0306,,2,56,-9.449629182554199e-32,0.0,-9.449629182554199e-32,0,147.3147000000005
0.0,b0307,,2,56,-9.449629182554199e-32,0.0,-9.449629182554199e-32,0,147.3147000000005
0.0,b0308,,2,56,-9.449629182554199e-32,0.0,-9.449629182554199e-32,0,147.3147000000005
0.0,b2257,,1,56,-9.449629182554199e-32,0.0,-9.449629182554199e-32,0,147.3147000000005
0.0,b0344,,1,56,-9.449629182554199e-32,0.0,-9.449629182554199e-32,0,147.3147000000005
0.0,b2132,,1,56,-9.449629182554199e-32,0.0,-9.449629182554199e-32,0,147.3147000000005
0.0,b1326,,1,56,-9.449629182554199e-32,0.0,-9.449629182554199e-32,0,147.3147000000005
0.0,b4130,,2,56,-9.449629182554199e-32,0.0,-9.449629182554199e-32,0,147.3147000000005
0.0,b3496,,2,56,-9.449629182554199e-32,0.0,-9.449629182554199e-32,0,147.3147000000005
0.0,b0709,,2,56,-9.449629182554199e-32,0.0,-9.449629182554199e-32,0,147.3147000000005
0.0,b1634,,2,56,-9.449629182554199e-32,0.0,-9.449629182554199e-32,0,147.3147000000005
0.0,b2799,,1,56,-9.449629182554199e-32,0.0,-9.449629182554199e-32,0,147.3147000000005
0.0,b2170,,1,56,-9.449629182554199e-32,0.0,-9.449629182554199e-32,0,147.3147000000005
0.0,b0070,,1,56,-9.449629182554199e-32,0.0,-9.449629182554199e-32,0,147.3147000000005
0.0,b0343,,1,56,-9.449629182554199e-32,0.0,-9.449629182554199e-32,0,147.3147000000005
0.0,b1380,,1,133,-9.449629182554199e-32,1.347279393913484e-29,-1.356729023096038e-29,0,1636.6930384953046
0.0,b2133,,2,133,-9.449629182554199e-32,8.141879634979357e-30,-8.236375926804899e-30,0,1636.6930384953469
0.0,b4054,,3,133,-9.449629182554199e-32,8.141879634979357e-30,-8.236375926804899e-30,0,1636.6930384953469
0.0,b0642,,1,133,-9.449629182554199e-32,8.141879634979357e-30,-8.236375926804899e-30,0,1636.6930384953469
0.0,b3458,,1,133,-9.449629182554199e-32,8.141879634979357e-30,-8.236375926804899e-30,0,1636.6930384953469
0.0,b1651,,1,133,-9.449629182554199e-32,8.141879634979357e-30,-8.236375926804899e-30,0,1636.6930384953469
0.0,b0622,,2,133,-9.449629182554199e-32,8.141879634979357e-30,-8.236375926804899e-30,0,1636.6930384953469
0.0,b4386,,3,133,-9.449629182554199e-32,8.141879634979357e-30,-8.236375926804899e-30,0,1636.6930384953469
0.0,b0630,,1,133,-9.449629182554199e-32,8.141879634979357e-30,-8.236375926804899e-30,0,1636.6930384953469
0.0,b0628,,1,133,-9.449629182554199e-32,8.141879634979357e-30,-8.236375926804899e-30,0,1636.6930384953469
0.0,b0182,,1,71,-9.449629182554199e-32,-1.9261943606200553e-30,1.831698068794513e-30,1,138.5640223140461
0.0,b0494,,21,71,-9.449629182554199e-32,0.0,-9.449629182554199e-32,0,138.56402231404817
0.0,b3825,,35,71,-9.449629182554199e-32,0.0,-9.449629182554199e-32,0,138.56402231405113
0.0,b0186,,1,71,-9.449629182554199e-32,0.0,-9.449629182554199e-32,0,138.56402231405113
0.0,b4131,,1,71,-9.449629182554199e-32,0.0,-9.449629182554199e-32,0,138.56402231405113
0.0,b2890,,1,71,-9.449629182554199e-32,0.0,-9.449629182554199e-32,0,138.56402231405113
0.0,b2156,,1,71,-9.449629182554199e-32,0.0,-9.449629182554199e-32,0,138.56402231405113
0.0,b3903,,2,71,-9.449629182554199e-32,0.0,-9.449629182554199e-32,0,138.56402231405113
0.0,b3907,,2,71,-9.449629182554199e-32,0.0,-9.449629182554199e-32,0,138.56402231405113
0.0,b3600,,1,71,-9.449629182554199e-32,0.0,-9.449629182554199e-32,0,138.56402231405113
0.0,b0777,,1,71,-9.449629182554199e-32,0.0,-9.449629182554199e-32,0,138.56402231405113
0.0,b1800,,1,71,-9.449629182554199e-32,0.0,-9.449629182554199e-32,0,138.56402231405113
0.0,b4014,,1,71,-9.449629182554199e-32,0.0,-9.449629182554199e-32,0,138.56402231405113
0.0,b2976,,1,71,-9.449629182554199e-32,0.0,-9.449629182554199e-32,0,138.56402231405113
0.0,b2049,,1,71,-9.449629182554199e-32,0.0,-9.449629182554199e-32,0,138.56402231405113
0.0,b1613,,1,71,-9.449629182554199e-32,0.0,-9.449629182554199e-32,0,138.56402231405113
0.0,b4323,,1,71,-9.449629182554199e-32,0.0,-9.449629182554199e-32,0,138.56402231405113
0.0,b0731,,1,71,-9.449629182554199e-32,0.0,-9.449629182554199e-32,0,138.56402231405113
0.0,b0732,,1,71,-9.449629182554199e-32,0.0,-9.449629182554199e-32,0,138.56402231405113
0.0,b0334,,1,71,-9.449629182554199e-32,0.0,-9.449629182554199e-32,0,138.56402231405113
0.0,b0331,,1,71,-9.449629182554199e-32,0.0,-9.449629182554199e-32,0,138.56402231405113
0.0,b0333,,1,71,-9.449629182554199e-32,0.0,-9.449629182554199e-32,0,138.56402231405113
0.0,b1092,,1,71,-9.449629182554199e-32,0.0,-9.449629182554199e-32,0,138.56402231405113
0.0,b2521,,1,71,-9.449629182554199e-32,0.0,-9.449629182554199e-32,0,138.56402231405113
0.0,b0149,,5,71,-9.449629182554199e-32,0.0,-9.449629182554199e-32,0,138.56402231405113
0.0,b0635,,2,71,-9.449629182554199e-32,0.0,-9.449629182554199e-32,0,138.56402231405113
0.0,b3396,,5,71,-9.449629182554199e-32,0.0,-9.449629182554199e-32,0,138.56402231405113
0.0,b0084,,2,71,-9.449629182554199e-32,0.0,-9.449629182554199e-32,0,138.56402231405113
0.0,b0839,,5,71,-9.449629182554199e-32,0.0,-9.449629182554199e-32,0,138.56402231405113
0.0,b2010,,5,71,-9.449629182554199e-32,0.0,-9.449629182554199e-32,0,138.56402231405113
0.0,b3182,,9,71,-9.449629182554199e-32,0.0,-9.449629182554199e-32,0,138.56402231405113
0.0,b0632,,5,71,-9.449629182554199e-32,0.0,-9.449629182554199e-32,0,138.56402231405113
0.0,b2134,,4,71,-9.449629182554199e-32,0.0,-9.449629182554199e-32,0,138.56402231405113
0.0,b2328,,4,71,-9.449629182554199e-32,0.0,-9.449629182554199e-32,0,138.56402231405113
0.0,b3236,,1,71,-9.449629182554199e-32,0.0,-9.449629182554199e-32,0,138.56402231405113
0.0,b2210,,2,71,-9.449629182554199e-32,0.0,-9.449629182554199e-32,0,138.56402231405113
0.0,b1479,,1,71,-9.449629182554199e-32,0.0,-9.449629182554199e-32,0,138.56402231405113
0.0,b2463,,1,71,-9.449629182554199e-32,0.0,-9.449629182554199e-32,0,138.56402231405113
0.0,b2515,,1,71,-9.449629182554199e-32,0.0,-9.449629182554199e-32,0,138.56402231405113
0.0,b2746,,1,71,-9.449629182554199e-32,0.0,-9.449629182554199e-32,0,138.56402231405113
0.0,b4120,,1,71,-9.449629182554199e-32,0.0,-9.449629182554199e-32,0,138.56402231405113
0.0,b2747,,1,71,-9.449629182554199e-32,0.0,-9.449629182554199e-32,0,138.56402231405113
0.0,b2942,,1,71,-9.449629182554199e-32,0.0,-9.449629182554199e-32,0,138.56402231405113
0.0,b0199,,2,71,-9.449629182554199e-32,0.0,-9.449629182554199e-32,0,138.56402231405113
0.0,b0197,,2,71,-9.449629182554199e-32,0.0,-9.449629182554199e-32,0,138.56402231405113
0.0,b0198,,2,71,-9.449629182554199e-32,0.0,-9.449629182554199e-32,0,138.56402231405113
0.0,b4019,,1,71,-9.449629182554199e-32,0.0,-9.449629182554199e-32,0,138.56402231405113
0.0,b3829,,1,71,-9.449629182554199e-32,0.0,-9.449629182554199e-32,0,138.56402231405113
0.0,b4219,,1,71,-9.449629182554199e-32,0.0,-9.449629182554199e-32,0,138.56402231405113
0.0,b1778,,1,71,-9.449629182554199e-32,0.0,-9.449629182554199e-32,0,138.56402231405113
0.0,b2114,,1,71,-9.449629182554199e-32,0.0,-9.449629182554199e-32,0,138.56402231405113
0.0,b4242,,2,71,-9.449629182554199e-32,0.0,-9.449629182554199e-32,0,138.56402231405113
0.0,b0963,,1,71,-9.449629182554199e-32,0.0,-9.449629182554199e-32,0,138.56402231405113
0.0,b0403,,5,71,-9.449629182554199e-32,0.0,-9.449629182554199e-32,0,138.56402231405113
0.0,b4392,,4,71,-9.449629182554199e-32,0.0,-9.449629182554199e-32,0,138.56402231405113
0.0,b2963,,4,71,-9.449629182554199e-32,0.0,-9.449629182554199e-32,0,138.56402231405113
0.0,b2558,,4,71,-9.449629182554199e-32,0.0,-9.449629182554199e-32,0,138.56402231405113
0.0,b2813,,4,71,-9.449629182554199e-32,0.0,-9.449629182554199e-32,0,138.56402231405113
0.0,b2701,,4,71,-9.449629182554199e-32,0.0,-9.449629182554199e-32,0,138.56402231405113
0.0,b1193,,4,71,-9.449629182554199e-32,0.0,-9.449629182554199e-32,0,138.56402231405113
0.0,b2919,,1,71,-9.449629182554199e-32,0.0,-9.449629182554199e-32,0,138.56402231405113
0.0,b0260,,1,71,-9.449629182554199e-32,0.0,-9.449629182554199e-32,0,138.56402231405113
0.0,b2917,,1,71,-9.449629182554199e-32,0.0,-9.449629182554199e-32,0,138.56402231405113
0.0,b3599,,1,71,-9.449629182554199e-32,0.0,-9.449629182554199e-32,0,138.56402231405113
0.0,b4322,,1,71,-9.449629182554199e-32,0.0,-9.449629182554199e-32,0,138.56402231405113
0.0,b0784,,2,71,-9.449629182554199e-32,0.0,-9.449629182554199e-32,0,138.56402231405113
0.0,b3633,,2,71,-9.449629182554199e-32,0.0,-9.449629182554199e-32,0,138.56402231405113
0.0,b3624,,1,71,-9.449629182554199e-32,0.0,-9.449629182554199e-32,0,138.56402231405113
0.0,b3917,,3,71,-9.449629182554199e-32,0.0,-9.449629182554199e-32,0,138.56402231405113
0.0,b0763,,3,71,-9.449629182554199e-32,0.0,-9.449629182554199e-32,0,138.56402231405113
0.0,b2423,,5,71,-9.449629182554199e-32,0.0,-9.449629182554199e-32,0,138.56402231405113
0.0,b0765,,3,71,-9.449629182554199e-32,0.0,-9.449629182554199e-32,0,138.56402231405113
0.0,b2425,,5,71,-9.449629182554199e-32,0.0,-9.449629182554199e-32,0,138.56402231405113
0.0,b2422,,5,71,-9.449629182554199e-32,0.0,-9.449629182554199e-32,0,138.56402231405113
0.0,b0764,,3,71,-9.449629182554199e-32,0.0,-9.449629182554199e-32,0,138.56402231405113
0.0,b2424,,5,71,-9.449629182554199e-32,0.0,-9.449629182554199e-32,0,138.56402231405113
0.0,b2877,,1,71,-9.449629182554199e-32,0.0,-9.449629182554199e-32,0,138.56402231405113
0.0,b0134,,1,71,-9.449629182554199e-32,0.0,-9.449629182554199e-32,0,138.56402231405113
0.0,b0009,,1,71,-9.449629182554199e-32,0.0,-9.449629182554199e-32,0,138.56402231405113
0.0,b2519,,2,71,-9.449629182554199e-32,0.0,-9.449629182554199e-32,0,138.56402231405113
0.0,b1069,,2,71,-9.449629182554199e-32,0.0,-9.449629182554199e-32,0,138.56402231405113
0.0,b0785,,1,71,-9.449629182554199e-32,0.0,-9.449629182554199e-32,0,138.56402231405113
0.0,b0826,,1,71,-9.449629182554199e-32,0.0,-9.449629182554199e-32,0,138.56402231405113
0.0,b1008,,1,71,-9.449629182554199e-32,0.0,-9.449629182554199e-32,0,138.56402231405113
0.0,b0529,,2,71,-9.449629182554199e-32,0.0,-9.449629182554199e-32,0,138.56402231405113
0.0,b3941,,1,71,-9.449629182554199e-32,0.0,-9.449629182554199e-32,0,138.56402231405113
0.0,b1059,,2,71,-9.449629182554199e-32,0.0,-9.449629182554199e-32,0,138.56402231405113
0.0,b3996,,1,71,-9.449629182554199e-32,0.0,-9.449629182554199e-32,0,138.56402231405113
0.0,b2411,,1,71,-9.449629182554199e-32,0.0,-9.449629182554199e-32,0,138.56402231405113
0.0,b1109,,3,71,-9.449629182554199e-32,0.0,-9.449629182554199e-32,0,138.56402231405113
0.0,b2284,,3,71,-9.449629182554199e-32,0.0,-9.449629182554199e-32,0,138.56402231405113
0.0,b2288,,3,71,-9.449629182554199e-32,0.0,-9.449629182554199e-32,0,138.56402231405113
0.0,b2280,,3,71,-9.449629182554199e-32,0.0,-9.449629182554199e-32,0,138.56402231405113
0.0,b2282,,3,71,-9.449629182554199e-32,0.0,-9.449629182554199e-32,0,138.56402231405113
0.0,b2277,,3,71,-9.449629182554199e-32,0.0,-9.449629182554199e-32,0,138.56402231405113
0.0,b2287,,3,71,-9.449629182554199e-32,0.0,-9.449629182554199e-32,0,138.56402231405113
0.0,b2276,,3,71,-9.449629182554199e-32,0.0,-9.449629182554199e-32,0,138.56402231405113
0.0,b2278,,3,71,-9.449629182554199e-32,0.0,-9.449629182554199e-32,0,138.56402231405113
0.0,b2286,,3,71,-9.449629182554199e-32,0.0,-9.449629182554199e-32,0,138.56402231405113
0.0,b2283,,3,71,-9.449629182554199e-32,0.0,-9.449629182554199e-32,0,138.56402231405113
0.0,b2279,,3,71,-9.449629182554199e-32,0.0,-9.449629182554199e-32,0,138.56402231405113
0.0,b2285,,3,71,-9.449629182554199e-32,0.0,-9.449629182554199e-32,0,138.56402231405113
0.0,b2281,,3,71,-9.449629182554199e-32,0.0,-9.449629182554199e-32,0,138.56402231405113
0.0,b2615,,1,71,-9.449629182554199e-32,0.0,-9.449629182554199e-32,0,138.56402231405113
0.0,b3028,,3,71,-9.449629182554199e-32,0.0,-9.449629182554199e-32,0,138.56402231405113
0.0,b1740,,1,71,-9.449629182554199e-32,0.0,-9.449629182554199e-32,0,138.56402231405113
0.0,b1602,,2,71,-9.449629182554199e-32,0.0,-9.449629182554199e-32,0,138.56402231405113
0.0,b1603,,2,71,-9.449629182554199e-32,0.0,-9.449629182554199e-32,0,138.56402231405113
0.0,b3962,,1,71,-9.449629182554199e-32,0.0,-9.449629182554199e-32,0,138.56402231405113
0.0,b0931,,1,71,-9.449629182554199e-32,0.0,-9.449629182554199e-32,0,138.56402231405113
0.0,b1186,,1,71,-9.449629182554199e-32,0.0,-9.449629182554199e-32,0,138.56402231405113
0.0,b0019,,1,71,-9.449629182554199e-32,0.0,-9.449629182554199e-32,0,138.56402231405113
0.0,b2518,,8,71,-9.449629182554199e-32,0.0,-9.449629182554199e-32,0,138.56402231405113
0.0,b0451,,1,71,-9.449629182554199e-32,0.0,-9.449629182554199e-32,0,138.56402231405113
0.0,b2711,,1,71,-9.449629182554199e-32,0.0,-9.449629182554199e-32,0,138.56402231405113
0.0,b2710,,1,71,-9.449629182554199e-32,0.0,-9.449629182554199e-32,0,138.56402231405113
0.0,b3477,,1,71,-9.449629182554199e-32,0.0,-9.449629182554199e-32,0,138.56402231405113
0.0,b3476,,1,71,-9.449629182554199e-32,0.0,-9.449629182554199e-32,0,138.56402231405113
0.0,b3479,,1,71,-9.449629182554199e-32,0.0,-9.449629182554199e-32,0,138.56402231405113
0.0,b3480,,1,71,-9.449629182554199e-32,0.0,-9.449629182554199e-32,0,138.56402231405113
0.0,b3478,,1,71,-9.449629182554199e-32,0.0,-9.449629182554199e-32,0,138.56402231405113
0.0,b4390,,1,71,-9.449629182554199e-32,0.0,-9.449629182554199e-32,0,138.56402231405113
0.0,b0639,,2,71,-9.449629182554199e-32,0.0,-9.449629182554199e-32,0,138.56402231405113
0.0,b0751,,1,71,-9.449629182554199e-32,0.0,-9.449629182554199e-32,0,138.56402231405113
0.0,b1768,,1,71,-9.449629182554199e-32,0.0,-9.449629182554199e-32,0,138.56402231405113
0.0,b1991,,1,71,-9.449629182554199e-32,0.0,-9.449629182554199e-32,0,138.56402231405113
0.0,b0109,,1,71,-9.449629182554199e-32,0.0,-9.449629182554199e-32,0,138.56402231405113
0.0,b3367,,1,71,-9.449629182554199e-32,0.0,-9.449629182554199e-32,0,138.56402231405113
0.0,b1223,,2,71,-9.449629182554199e-32,0.0,-9.449629182554199e-32,0,138.56402231405113
0.0,b2206,,2,71,-9.449629182554199e-32,0.0,-9.449629182554199e-32,0,138.56402231405113
0.0,b2204,,1,71,-9.449629182554199e-32,0.0,-9.449629182554199e-32,0,138.56402231405113
0.0,b2203,,2,71,-9.449629182554199e-32,0.0,-9.449629182554199e-32,0,138.56402231405113
0.0,b2205,,1,71,-9.449629182554199e-32,0.0,-9.449629182554199e-32,0,138.56402231405113
0.0,b2202,,2,71,-9.449629182554199e-32,0.0,-9.449629182554199e-32,0,138.56402231405113
0.0,b1468,,2,71,-9.449629182554199e-32,0.0,-9.449629182554199e-32,0,138.56402231405113
0.0,b1226,,2,71,-9.449629182554199e-32,0.0,-9.449629182554199e-32,0,138.56402231405113
0.0,b1227,,2,71,-9.449629182554199e-32,0.0,-9.449629182554199e-32,0,138.56402231405113
0.0,b1225,,2,71,-9.449629182554199e-32,0.0,-9.449629182554199e-32,0,138.56402231405113
0.0,b1465,,2,71,-9.449629182554199e-32,0.0,-9.449629182554199e-32,0,138.56402231405113
0.0,b1224,,2,71,-9.449629182554199e-32,0.0,-9.449629182554199e-32,0,138.56402231405113
0.0,b1466,,2,71,-9.449629182554199e-32,0.0,-9.449629182554199e-32,0,138.56402231405113
0.0,b1467,,2,71,-9.449629182554199e-32,0.0,-9.449629182554199e-32,0,138.56402231405113
0.0,b1469,,1,71,-9.449629182554199e-32,0.0,-9.449629182554199e-32,0,138.56402231405113
0.0,b2552,,2,71,-9.449629182554199e-32,0.0,-9.449629182554199e-32,0,138.56402231405113
0.0,b4374,,3,71,-9.449629182554199e-32,0.0,-9.449629182554199e-32,0,138.56402231405113
0.0,b2291,,6,71,-9.449629182554199e-32,0.0,-9.449629182554199e-32,0,138.56402231405113
0.0,b2744,,14,71,-9.449629182554199e-32,0.0,-9.449629182554199e-32,0,138.56402231405113
0.0,b0480,,17,71,-9.449629182554199e-32,0.0,-9.449629182554199e-32,0,138.56402231405113
0.0,b4161,,4,71,-9.449629182554199e-32,0.0,-9.449629182554199e-32,0,138.56402231405113
0.0,b0650,,1,71,-9.449629182554199e-32,0.0,-9.449629182554199e-32,0,138.56402231405113
0.0,b4394,,3,71,-9.449629182554199e-32,0.0,-9.449629182554199e-32,0,138.56402231405113
0.0,b0980,,2,71,-9.449629182554199e-32,0.0,-9.449629182554199e-32,0,138.56402231405113
0.0,b2781,,8,71,-9.449629182554199e-32,0.0,-9.449629182554199e-32,0,138.56402231405113
0.0,b2954,,3,71,-9.449629182554199e-32,0.0,-9.449629182554199e-32,0,138.56402231405113
0.0,b1759,,2,71,-9.449629182554199e-32,0.0,-9.449629182554199e-32,0,138.56402231405113
0.0,b0160,,2,71,-9.449629182554199e-32,0.0,-9.449629182554199e-32,0,138.56402231405113
0.0,b3365,,1,71,-9.449629182554199e-32,0.0,-9.449629182554199e-32,0,138.56402231405113
0.0,b3366,,1,71,-9.449629182554199e-32,0.0,-9.449629182554199e-32,0,138.56402231405113
0.0,b4073,,2,71,-9.449629182554199e-32,0.0,-9.449629182554199e-32,0,138.56402231405113
0.0,b4071,,2,71,-9.449629182554199e-32,0.0,-9.449629182554199e-32,0,138.56402231405113
0.0,b4070,,2,71,-9.449629182554199e-32,0.0,-9.449629182554199e-32,0,138.56402231405113
0.0,b4072,,2,71,-9.449629182554199e-32,0.0,-9.449629182554199e-32,0,138.56402231405113
0.0,b2035,,3,71,-9.449629182554199e-32,0.0,-9.449629182554199e-32,0,138.56402231405113
0.0,b2027,,3,71,-9.449629182554199e-32,0.0,-9.449629182554199e-32,0,138.56402231405113
0.0,b2033,,1,71,-9.449629182554199e-32,0.0,-9.449629182554199e-32,0,138.56402231405113
0.0,b2037,,1,71,-9.449629182554199e-32,0.0,-9.449629182554199e-32,0,138.56402231405113
0.0,b2034,,1,71,-9.449629182554199e-32,0.0,-9.449629182554199e-32,0,138.56402231405113
0.0,b2032,,1,71,-9.449629182554199e-32,0.0,-9.449629182554199e-32,0,138.56402231405113
0.0,b3114,,2,71,-9.449629182554199e-32,0.0,-9.449629182554199e-32,0,753.3243000000007
0.0,b0903,,2,71,-9.449629182554199e-32,-2.4508075607319116e-30,2.3563112689063695e-30,1,753.3242999999999
0.0,b0902,,2,71,-9.449629182554199e-32,-2.4508075607319116e-30,2.3563112689063695e-30,1,753.3242999999999
0.0,b2579,,2,71,-9.449629182554199e-32,-2.4508075607319116e-30,2.3563112689063695e-30,1,753.3242999999999
0.0,b0273,,1,71,-9.449629182554199e-32,-2.4508075607319116e-30,2.3563112689063695e-30,1,753.3242999999999
0.0,b4254,,1,71,-9.449629182554199e-32,-2.4508075607319116e-30,2.3563112689063695e-30,1,753.3242999999999
0.0,b3187,,1,71,-9.449629182554199e-32,-2.4508075607319116e-30,2.3563112689063695e-30,1,753.3242999999999
0.0,b0907,,2,71,-9.449629182554199e-32,-2.4508075607319116e-30,2.3563112689063695e-30,1,753.3242999999999
0.0,b0662,,1,71,-9.449629182554199e-32,-2.4508075607319116e-30,2.3563112689063695e-30,1,753.3242999999999
0.0,b1281,,1,71,-9.449629182554199e-32,-2.4508075607319116e-30,2.3563112689063695e-30,1,753.3242999999999
0.0,b2907,,1,71,-9.449629182554199e-32,-2.4508075607319116e-30,2.3563112689063695e-30,1,753.3242999999999
0.0,b0350,,1,71,-9.449629182554199e-32,-2.4508075607319116e-30,2.3563112689063695e-30,1,753.3242999999999
0.0,b3843,,1,71,-9.449629182554199e-32,-2.4508075607319116e-30,2.3563112689063695e-30,1,753.3242999999999
0.0,b2311,,1,71,-9.449629182554199e-32,-2.4508075607319116e-30,2.3563112689063695e-30,1,753.3242999999999
0.0,b3835,,1,71,-9.449629182554199e-32,-2.4508075607319116e-30,2.3563112689063695e-30,1,753.3242999999999
0.0,b2965,,1,71,-9.449629182554199e-32,-2.4508075607319116e-30,2.3563112689063695e-30,1,753.3242999999999
0.0,b0693,,1,71,-9.449629182554199e-32,-2.4508075607319116e-30,2.3563112689063695e-30,1,753.3242999999999
0.0,b3642,,1,71,-9.449629182554199e-32,-2.4508075607319116e-30,2.3563112689063695e-30,1,753.3242999999999
0.0,b2373,,1,71,-9.449629182554199e-32,-2.4508075607319116e-30,2.3563112689063695e-30,1,753.3242999999999
0.0,b1387,,1,71,-9.449629182554199e-32,-2.4508075607319116e-30,2.3563112689063695e-30,1,753.3242999999999
0.0,b1394,,2,71,-9.449629182554199e-32,-2.4508075607319116e-30,2.3563112689063695e-30,1,753.3242999999999
0.0,b1014,,2,71,-9.449629182554199e-32,-2.4508075607319116e-30,2.3563112689063695e-30,1,753.3242999999999
0.0,b0386,,1,71,-9.449629182554199e-32,-2.4508075607319116e-30,2.3563112689063695e-30,1,753.3242999999999
0.0,b1391,,1,71,-9.449629182554199e-32,-2.4508075607319116e-30,2.3563112689063695e-30,1,753.3242999999999
0.0,b1390,,1,71,-9.449629182554199e-32,-2.4508075607319116e-30,2.3563112689063695e-30,1,753.3242999999999
0.0,b1392,,1,71,-9.449629182554199e-32,-2.4508075607319116e-30,2.3563112689063695e-30,1,753.3242999999999
0.0,b1388,,1,71,-9.449629182554199e-32,-2.4508075607319116e-30,2.3563112689063695e-30,1,753.3242999999999
0.0,b1389,,1,71,-9.449629182554199e-32,-2.4508075607319116e-30,2.3563112689063695e-30,1,753.3242999999999
0.0,b1398,,1,71,-9.449629182554199e-32,-2.4508075607319116e-30,2.3563112689063695e-30,1,753.3242999999999
0.0,b0133,,1,71,-9.449629182554199e-32,-2.4508075607319116e-30,2.3563112689063695e-30,1,753.3242999999999
0.0,b1278,,30,71,-9.449629182554199e-32,-2.4508075607319116e-30,2.3563112689063695e-30,1,753.3242999999999
0.0,b0087,,1,71,-9.449629182554199e-32,-2.4508075607319116e-30,2.3563112689063695e-30,1,753.3242999999999
0.0,b2762,,2,71,-9.449629182554199e-32,-2.4508075607319116e-30,2.3563112689063695e-30,1,753.3242999999999
0.0,b1489,,2,71,-9.449629182554199e-32,-2.4508075607319116e-30,2.3563112689063695e-30,1,753.3242999999999
0.0,b0114,,1,71,-9.449629182554199e-32,-2.4508075607319116e-30,2.3563112689063695e-30,1,753.3242999999999
0.0,b0115,,1,71,-9.449629182554199e-32,-2.4508075607319116e-30,2.3563112689063695e-30,1,753.3242999999999
0.0,b1638,,2,71,-9.449629182554199e-32,-2.4508075607319116e-30,2.3563112689063695e-30,1,753.3242999999999
0.0,b2564,,1,71,-9.449629182554199e-32,-2.4508075607319116e-30,2.3563112689063695e-30,1,753.3242999999999
0.0,b0052,,1,71,-9.449629182554199e-32,-2.4508075607319116e-30,2.3563112689063695e-30,1,753.3242999999999
0.0,b0766,,2,71,-9.449629182554199e-32,-2.4508075607319116e-30,2.3563112689063695e-30,1,753.3242999999999
0.0,b2320,,1,71,-9.449629182554199e-32,-2.4508075607319116e-30,2.3563112689063695e-30,1,753.3242999999999
0.0,b3546,,2,71,-9.449629182554199e-32,-2.4508075607319116e-30,2.3563112689063695e-30,1,753.3242999999999
0.0,b1723,,1,71,-9.449629182554199e-32,-2.4508075607319116e-30,2.3563112689063695e-30,1,753.3242999999999
0.0,b3916,,3,69,-9.449629182554199e-32,0.0,-9.449629182554199e-32,0,714.8330999999921
0.0,b3952,,1,69,-9.449629182554199e-32,-1.206789623881284e-28,1.2058446609630285e-28,1,714.8331000000137
0.0,b3951,,1,69,-9.449629182554199e-32,-1.206789623881284e-28,1.2058446609630285e-28,1,714.8331000000137
0.0,b3176,,1,69,-9.449629182554199e-32,-1.206789623881284e-28,1.2058446609630285e-28,1,714.8331000000137
0.0,b2913,,1,69,-9.449629182554199e-32,-1.206789623881284e-28,1.2058446609630285e-28,1,714.8331000000137
0.0,b4025,,1,71,-9.449629182554199e-32,9.260029216511351e-34,-9.542229474719312e-32,0,707.1219000000075
0.0,b2926,,1,47,-9.449629182554199e-32,0.0,-9.449629182554199e-32,0,140.10570000000118
0.0,b0767,,1,74,-9.449629182554199e-32,-3.695791348350335e-32,-5.753837834203864e-32,1,36.61712578124941
0.0,b3385,,1,74,-9.449629182554199e-32,-1.1430112500384314e-29,1.1335616208558772e-29,1,36.61712578124935
0.0,b3612,,1,47,-9.449629182554199e-32,0.0,-9.449629182554199e-32,0,140.10570000000118
0.0,b0755,,1,47,-9.449629182554199e-32,0.0,-9.449629182554199e-32,0,140.10570000000118
0.0,b4395,,1,47,-9.449629182554199e-32,0.0,-9.449629182554199e-32,0,140.10570000000118
0.0,b0688,,1,54,-9.449629182554199e-32,-1.012820919231781e-28,1.0118759563135254e-28,1,98.41479917359051
0.0,b2690,,1,54,-9.449629182554199e-32,1.571066266180345e-28,-1.5720112290986006e-28,0,98.4147991735625
0.0,b0418,,14,54,-9.449629182554199e-32,1.571066266180345e-28,-1.5720112290986006e-28,0,98.4147991735625
0.0,b1912,,7,54,-9.449629182554199e-32,1.571066266180345e-28,-1.5720112290986006e-28,0,98.4147991735625
0.0,b2199,,1,54,-9.449629182554199e-32,1.571066266180345e-28,-1.5720112290986006e-28,0,98.4147991735625
0.0,b2200,,1,54,-9.449629182554199e-32,1.571066266180345e-28,-1.5720112290986006e-28,0,98.4147991735625
0.0,b2197,,1,54,-9.449629182554199e-32,1.571066266180345e-28,-1.5720112290986006e-28,0,98.4147991735625
0.0,b2198,,1,54,-9.449629182554199e-32,1.571066266180345e-28,-1.5720112290986006e-28,0,98.4147991735625
0.0,b2201,,1,54,-9.449629182554199e-32,1.571066266180345e-28,-1.5720112290986006e-28,0,98.4147991735625
0.0,b1713,,1,54,-9.449629182554199e-32,1.571066266180345e-28,-1.5720112290986006e-28,0,98.4147991735625
0.0,b1714,,1,54,-9.449629182554199e-32,1.571066266180345e-28,-1.5720112290986006e-28,0,98.4147991735625
0.0,b1473,,3,54,-9.449629182554199e-32,1.571066266180345e-28,-1.5720112290986006e-28,0,98.4147991735625
0.0,b0576,,2,54,-9.449629182554199e-32,1.571066266180345e-28,-1.5720112290986006e-28,0,98.4147991735625
0.0,b3493,,1,54,-9.449629182554199e-32,1.571066266180345e-28,-1.5720112290986006e-28,0,98.4147991735625
0.0,b2987,,1,54,-9.449629182554199e-32,1.571066266180345e-28,-1.5720112290986006e-28,0,98.4147991735625
0.0,b3725,,1,54,-9.449629182554199e-32,1.571066266180345e-28,-1.5720112290986006e-28,0,98.4147991735625
0.0,b3726,,1,54,-9.449629182554199e-32,1.571066266180345e-28,-1.5720112290986006e-28,0,98.4147991735625
0.0,b3727,,1,54,-9.449629182554199e-32,1.571066266180345e-28,-1.5720112290986006e-28,0,98.4147991735625
0.0,b3728,,1,54,-9.449629182554199e-32,1.571066266180345e-28,-1.5720112290986006e-28,0,98.4147991735625
0.0,b3821,,42,54,-9.449629182554199e-32,1.571066266180345e-28,-1.5720112290986006e-28,0,98.4147991735625
0.0,b2048,,1,54,-9.449629182554199e-32,1.571066266180345e-28,-1.5720112290986006e-28,0,98.4147991735625
0.0,b3412,,1,54,-9.449629182554199e-32,1.571066266180345e-28,-1.5720112290986006e-28,0,98.4147991735625
0.0,b3974,,1,54,-9.449629182554199e-32,1.571066266180345e-28,-1.5720112290986006e-28,0,98.4147991735625
0.0,b3258,,1,54,-9.449629182554199e-32,1.571066266180345e-28,-1.5720112290986006e-28,0,98.4147991735625
0.0,b1010,,1,54,-9.449629182554199e-32,1.571066266180345e-28,-1.5720112290986006e-28,0,98.4147991735625
0.0,b1378,,1,54,-9.449629182554199e-32,1.571066266180345e-28,-1.5720112290986006e-28,0,98.4147991735625
0.0,b0871,,1,54,-9.449629182554199e-32,1.571066266180345e-28,-1.5720112290986006e-28,0,98.4147991735625
0.0,b4226,,1,54,-9.449629182554199e-32,1.571066266180345e-28,-1.5720112290986006e-28,0,98.4147991735625
0.0,b2502,,2,54,-9.449629182554199e-32,1.571066266180345e-28,-1.5720112290986006e-28,0,98.4147991735625
0.0,b1015,,2,54,-9.449629182554199e-32,1.571066266180345e-28,-1.5720112290986006e-28,0,98.4147991735625
0.0,b0369,,1,54,-9.449629182554199e-32,1.571066266180345e-28,-1.5720112290986006e-28,0,98.4147991735625
0.0,b3956,,1,54,-9.449629182554199e-32,1.571066266180345e-28,-1.5720112290986006e-28,0,98.4147991735625
0.0,b3639,,2,54,-9.449629182554199e-32,1.571066266180345e-28,-1.5720112290986006e-28,0,98.4147991735625
0.0,b3403,,1,54,-9.449629182554199e-32,1.571066266180345e-28,-1.5720112290986006e-28,0,98.4147991735625
0.0,b2920,,1,54,-9.449629182554199e-32,1.571066266180345e-28,-1.5720112290986006e-28,0,98.4147991735625
0.0,b2501,,2,54,-9.449629182554199e-32,1.571066266180345e-28,-1.5720112290986006e-28,0,98.4147991735625
0.0,b4383,,2,54,-9.449629182554199e-32,1.571066266180345e-28,-1.5720112290986006e-28,0,98.4147991735625
0.0,b3380,,1,54,-9.449629182554199e-32,1.571066266180345e-28,-1.5720112290986006e-28,0,98.4147991735625
0.0,b3850,,2,54,-9.449629182554199e-32,1.571066266180345e-28,-1.5720112290986006e-28,0,98.4147991735625
0.0,b2536,,1,54,-9.449629182554199e-32,1.571066266180345e-28,-1.5720112290986006e-28,0,98.4147991735625
0.0,b1702,,1,54,-9.449629182554199e-32,1.571066266180345e-28,-1.5720112290986006e-28,0,98.4147991735625
0.0,b0383,,1,54,-9.449629182554199e-32,1.571066266180345e-28,-1.5720112290986006e-28,0,98.4147991735625
0.0,b4005,,1,54,-9.449629182554199e-32,1.571066266180345e-28,-1.5720112290986006e-28,0,98.4147991735625
0.0,b2499,,1,54,-9.449629182554199e-32,1.571066266180345e-28,-1.5720112290986006e-28,0,98.4147991735625
0.0,b2026,,2,54,-9.449629182554199e-32,1.571066266180345e-28,-1.5720112290986006e-28,0,98.4147991735625
0.0,b2476,,1,54,-9.449629182554199e-32,1.571066266180345e-28,-1.5720112290986006e-28,0,98.4147991735625
0.0,b2557,,1,54,-9.449629182554199e-32,1.571066266180345e-28,-1.5720112290986006e-28,0,98.4147991735625
0.0,b2024,,1,54,-9.449629182554199e-32,1.571066266180345e-28,-1.5720112290986006e-28,0,98.4147991735625
0.0,b0194,,1,54,-9.449629182554199e-32,1.571066266180345e-28,-1.5720112290986006e-28,0,98.4147991735625
0.0,b1207,,1,54,-9.449629182554199e-32,1.571066266180345e-28,-1.5720112290986006e-28,0,98.4147991735625
0.0,b0908,,1,54,-9.449629182554199e-32,1.571066266180345e-28,-1.5720112290986006e-28,0,98.4147991735625
0.0,b4160,,7,54,-9.449629182554199e-32,1.571066266180345e-28,-1.5720112290986006e-28,0,98.4147991735625
0.0,b4388,,1,66,-9.449629182554199e-32,0.0,-9.449629182554199e-32,0,29.892165794163844
0.0,b2585,,7,66,-9.449629182554199e-32,0.0,-9.449629182554199e-32,0,29.892165794171117
0.0,b2297,,2,53,-9.449629182554199e-32,-2.1983826657832e-17,2.1983826657831905e-17,1,74.61719999999922
0.0,b2458,,1,53,-9.449629182554199e-32,0.0,-9.449629182554199e-32,0,74.61719999999866
0.0,b3634,,1,53,-9.449629182554199e-32,0.0,-9.449629182554199e-32,0,74.61719999999866
0.0,b0692,,2,53,-9.449629182554199e-32,0.0,-9.449629182554199e-32,0,74.61719999999866
0.0,b3073,,1,53,-9.449629182554199e-32,0.0,-9.449629182554199e-32,0,74.61719999999866
0.0,b0854,,1,53,-9.449629182554199e-32,0.0,-9.449629182554199e-32,0,74.61719999999866
0.0,b1123,,2,53,-9.449629182554199e-32,0.0,-9.449629182554199e-32,0,74.61719999999866
0.0,b0856,,1,53,-9.449629182554199e-32,0.0,-9.449629182554199e-32,0,74.61719999999866
0.0,b1442,,2,53,-9.449629182554199e-32,0.0,-9.449629182554199e-32,0,74.61719999999866
0.0,b0857,,1,53,-9.449629182554199e-32,0.0,-9.449629182554199e-32,0,74.61719999999866
0.0,b0855,,1,53,-9.449629182554199e-32,0.0,-9.449629182554199e-32,0,74.61719999999866
0.0,b1124,,2,53,-9.449629182554199e-32,0.0,-9.449629182554199e-32,0,74.61719999999866
0.0,b1443,,2,53,-9.449629182554199e-32,0.0,-9.449629182554199e-32,0,74.61719999999866
0.0,b1440,,2,53,-9.449629182554199e-32,0.0,-9.449629182554199e-32,0,74.61719999999866
0.0,b1126,,2,53,-9.449629182554199e-32,0.0,-9.449629182554199e-32,0,74.61719999999866
0.0,b1125,,2,53,-9.449629182554199e-32,0.0,-9.449629182554199e-32,0,74.61719999999866
0.0,b1441,,2,53,-9.449629182554199e-32,0.0,-9.449629182554199e-32,0,74.61719999999866
0.0,b1296,,1,53,-9.449629182554199e-32,0.0,-9.449629182554199e-32,0,74.61719999999866
0.0,b2407,,5,53,-9.449629182554199e-32,0.0,-9.449629182554199e-32,0,74.61719999999866
0.0,b1636,,1,53,-9.449629182554199e-32,0.0,-9.449629182554199e-32,0,74.61719999999866
0.0,b3826,,1,53,-9.449629182554199e-32,0.0,-9.449629182554199e-32,0,74.61719999999866
0.0,b1854,,1,69,-9.449629182554199e-32,-1.1082736631178599e-32,-8.341355519436338e-32,1,679.5124809917114
0.0,b1676,,1,69,-9.449629182554199e-32,5.980454945427398e-28,-5.981399908345653e-28,0,679.5124809916856
0.0,b3831,,1,69,-9.449629182554199e-32,5.980454945427398e-28,-5.981399908345653e-28,0,679.5124809916856
0.0,b1007,,1,69,-9.449629182554199e-32,5.980454945427398e-28,-5.981399908345653e-28,0,679.5124809916856
0.0,b1012,,1,69,-9.449629182554199e-32,5.980454945427398e-28,-5.981399908345653e-28,0,679.5124809916856
0.0,b3029,,2,69,-9.449629182554199e-32,5.980454945427398e-28,-5.981399908345653e-28,0,679.5124809916856
0.0,b1692,,2,69,-9.449629182554199e-32,5.980454945427398e-28,-5.981399908345653e-28,0,679.5124809916856
0.0,b0750,,1,69,-9.449629182554199e-32,5.980454945427398e-28,-5.981399908345653e-28,0,679.5124809916856
0.0,b4094,,1,69,-9.449629182554199e-32,5.980454945427398e-28,-5.981399908345653e-28,0,679.5124809916856
0.0,b1662,,1,69,-9.449629182554199e-32,5.980454945427398e-28,-5.981399908345653e-28,0,679.5124809916856
0.0,b0415,,1,69,-9.449629182554199e-32,5.980454945427398e-28,-5.981399908345653e-28,0,679.5124809916856
0.0,b3752,,1,69,-9.449629182554199e-32,5.980454945427398e-28,-5.981399908345653e-28,0,679.5124809916856
0.0,b0063,,3,69,-9.449629182554199e-32,5.980454945427398e-28,-5.981399908345653e-28,0,679.5124809916856
0.0,b4198,,1,69,-9.449629182554199e-32,5.980454945427398e-28,-5.981399908345653e-28,0,679.5124809916856
0.0,b3583,,1,69,-9.449629182554199e-32,5.980454945427398e-28,-5.981399908345653e-28,0,679.5124809916856
0.0,b0061,,1,69,-9.449629182554199e-32,5.980454945427398e-28,-5.981399908345653e-28,0,679.5124809916856
0.0,b3629,,1,69,-9.449629182554199e-32,5.980454945427398e-28,-5.981399908345653e-28,0,679.5124809916856
0.0,b2687,,1,69,-9.449629182554199e-32,5.980454945427398e-28,-5.981399908345653e-28,0,679.5124809916856
0.0,b3748,,1,69,-9.449629182554199e-32,5.980454945427398e-28,-5.981399908345653e-28,0,679.5124809916856
0.0,b3749,,1,69,-9.449629182554199e-32,5.980454945427398e-28,-5.981399908345653e-28,0,679.5124809916856
0.0,b3751,,1,69,-9.449629182554199e-32,5.980454945427398e-28,-5.981399908345653e-28,0,679.5124809916856
0.0,b3750,,1,69,-9.449629182554199e-32,5.980454945427398e-28,-5.981399908345653e-28,0,679.5124809916856
0.0,b3904,,1,69,-9.449629182554199e-32,5.980454945427398e-28,-5.981399908345653e-28,0,679.5124809916856
0.0,b3902,,1,69,-9.449629182554199e-32,5.980454945427398e-28,-5.981399908345653e-28,0,679.5124809916856
0.0,b2234,,4,69,-9.449629182554199e-32,5.980454945427398e-28,-5.981399908345653e-28,0,679.5124809916856
0.0,b2235,,4,69,-9.449629182554199e-32,5.980454945427398e-28,-5.981399908345653e-28,0,679.5124809916856
0.0,b2676,,4,69,-9.449629182554199e-32,5.980454945427398e-28,-5.981399908345653e-28,0,679.5124809916856
0.0,b2675,,4,69,-9.449629182554199e-32,5.980454945427398e-28,-5.981399908345653e-28,0,679.5124809916856
0.0,b4238,,4,69,-9.449629182554199e-32,5.980454945427398e-28,-5.981399908345653e-28,0,679.5124809916856
0.0,b4237,,4,69,-9.449629182554199e-32,5.980454945427398e-28,-5.981399908345653e-28,0,679.5124809916856
0.0,b3386,,1,69,-9.449629182554199e-32,5.980454945427398e-28,-5.981399908345653e-28,0,679.5124809916856
0.0,b4301,,1,69,-9.449629182554199e-32,5.980454945427398e-28,-5.981399908345653e-28,0,679.5124809916856
0.0,b2914,,1,69,-9.449629182554199e-32,5.980454945427398e-28,-5.981399908345653e-28,0,679.5124809916856
0.0,b0638,,1,69,-9.449629182554199e-32,5.980454945427398e-28,-5.981399908345653e-28,0,679.5124809916856
0.0,b1683,,6,69,-9.449629182554199e-32,5.980454945427398e-28,-5.981399908345653e-28,0,679.5124809916856
0.0,b1679,,4,69,-9.449629182554199e-32,5.980454945427398e-28,-5.981399908345653e-28,0,679.5124809916856
0.0,b1680,,4,69,-9.449629182554199e-32,5.980454945427398e-28,-5.981399908345653e-28,0,679.5124809916856
0.0,b1682,,6,69,-9.449629182554199e-32,5.980454945427398e-28,-5.981399908345653e-28,0,679.5124809916856
0.0,b1681,,6,69,-9.449629182554199e-32,5.980454945427398e-28,-5.981399908345653e-28,0,679.5124809916856
0.0,b1684,,2,69,-9.449629182554199e-32,5.980454945427398e-28,-5.981399908345653e-28,0,679.5124809916856
0.0,b0222,,1,69,-9.449629182554199e-32,5.980454945427398e-28,-5.981399908345653e-28,0,679.5124809916856
0.0,b1745,,1,69,-9.449629182554199e-32,5.980454945427398e-28,-5.981399908345653e-28,0,679.5124809916856
0.0,b2751,,1,69,-9.449629182554199e-32,5.980454945427398e-28,-5.981399908345653e-28,0,679.5124809916856
0.0,b2752,,1,69,-9.449629182554199e-32,5.980454945427398e-28,-5.981399908345653e-28,0,679.5124809916856
0.0,b2705,,1,69,-9.449629182554199e-32,5.980454945427398e-28,-5.981399908345653e-28,0,679.5124809916856
0.0,b2703,,1,69,-9.449629182554199e-32,5.980454945427398e-28,-5.981399908345653e-28,0,679.5124809916856
0.0,b2704,,1,69,-9.449629182554199e-32,5.980454945427398e-28,-5.981399908345653e-28,0,679.5124809916856
0.0,b2702,,1,69,-9.449629182554199e-32,5.980454945427398e-28,-5.981399908345653e-28,0,679.5124809916856
0.0,b2472,,1,69,-9.449629182554199e-32,5.980454945427398e-28,-5.981399908345653e-28,0,679.5124809916856
0.0,b3591,,1,69,-9.449629182554199e-32,5.980454945427398e-28,-5.981399908345653e-28,0,679.5124809916856
0.0,b1764,,1,69,-9.449629182554199e-32,5.980454945427398e-28,-5.981399908345653e-28,0,679.5124809916856
0.0,b2264,,1,69,-9.449629182554199e-32,5.980454945427398e-28,-5.981399908345653e-28,0,679.5124809916856
0.0,b0586,,1,69,-9.449629182554199e-32,5.980454945427398e-28,-5.981399908345653e-28,0,679.5124809916856
0.0,b3607,,1,69,-9.449629182554199e-32,5.980454945427398e-28,-5.981399908345653e-28,0,679.5124809916856
0.0,b2366,,1,69,-9.449629182554199e-32,5.980454945427398e-28,-5.981399908345653e-28,0,679.5124809916856
0.0,b2797,,1,69,-9.449629182554199e-32,5.980454945427398e-28,-5.981399908345653e-28,0,679.5124809916856
0.0,b4471,,1,69,-9.449629182554199e-32,5.980454945427398e-28,-5.981399908345653e-28,0,679.5124809916856
0.0,b1814,,1,69,-9.449629182554199e-32,5.980454945427398e-28,-5.981399908345653e-28,0,679.5124809916856
0.0,b0893,,2,69,-9.449629182554199e-32,5.980454945427398e-28,-5.981399908345653e-28,0,679.5124809916856
0.0,b2796,,1,69,-9.449629182554199e-32,5.980454945427398e-28,-5.981399908345653e-28,0,679.5124809916856
0.0,b3116,,2,69,-9.449629182554199e-32,5.980454945427398e-28,-5.981399908345653e-28,0,679.5124809916856
0.0,b3089,,2,69,-9.449629182554199e-32,5.980454945427398e-28,-5.981399908345653e-28,0,679.5124809916856
0.0,b2154,,1,69,-9.449629182554199e-32,5.980454945427398e-28,-5.981399908345653e-28,0,679.5124809916856
0.0,b0355,,1,69,-9.449629182554199e-32,5.980454945427398e-28,-5.981399908345653e-28,0,679.5124809916856
0.0,b1744,,1,69,-9.449629182554199e-32,5.980454945427398e-28,-5.981399908345653e-28,0,679.5124809916856
0.0,b1746,,1,69,-9.449629182554199e-32,5.980454945427398e-28,-5.981399908345653e-28,0,679.5124809916856
0.0,b2263,,1,69,-9.449629182554199e-32,5.980454945427398e-28,-5.981399908345653e-28,0,679.5124809916856
0.0,b3368,,3,69,-9.449629182554199e-32,5.980454945427398e-28,-5.981399908345653e-28,0,679.5124809916856
0.0,b3281,,1,69,-9.449629182554199e-32,5.980454945427398e-28,-5.981399908345653e-28,0,679.5124809916856
0.0,b0388,,1,69,-9.449629182554199e-32,5.980454945427398e-28,-5.981399908345653e-28,0,679.5124809916856
0.0,b3390,,1,69,-9.449629182554199e-32,5.980454945427398e-28,-5.981399908345653e-28,0,679.5124809916856
0.0,b3939,,1,69,-9.449629182554199e-32,5.980454945427398e-28,-5.981399908345653e-28,0,679.5124809916856
0.0,b1981,,1,69,-9.449629182554199e-32,5.980454945427398e-28,-5.981399908345653e-28,0,679.5124809916856
0.0,b1206,,1,69,-9.449629182554199e-32,5.980454945427398e-28,-5.981399908345653e-28,0,679.5124809916856
0.0,b1584,,2,69,-9.449629182554199e-32,5.980454945427398e-28,-5.981399908345653e-28,0,679.5124809916856
0.0,b1599,,1,69,-9.449629182554199e-32,5.980454945427398e-28,-5.981399908345653e-28,0,679.5124809916856
0.0,b1600,,1,69,-9.449629182554199e-32,5.980454945427398e-28,-5.981399908345653e-28,0,679.5124809916856
0.0,b3908,,1,69,-9.449629182554199e-32,5.980454945427398e-28,-5.981399908345653e-28,0,679.5124809916856
0.0,b1656,,1,69,-9.449629182554199e-32,5.980454945427398e-28,-5.981399908345653e-28,0,679.5124809916856
0.0,b1646,,1,69,-9.449629182554199e-32,5.980454945427398e-28,-5.981399908345653e-28,0,679.5124809916856
0.0,b1525,,2,69,-9.449629182554199e-32,5.980454945427398e-28,-5.981399908345653e-28,0,679.5124809916856
0.0,b2661,,1,69,-9.449629182554199e-32,5.980454945427398e-28,-5.981399908345653e-28,0,679.5124809916856
0.0,b2260,,1,69,-9.449629182554199e-32,5.980454945427398e-28,-5.981399908345653e-28,0,679.5124809916856
0.0,b2261,,1,69,-9.449629182554199e-32,5.980454945427398e-28,-5.981399908345653e-28,0,679.5124809916856
0.0,b0721,,1,69,-9.449629182554199e-32,5.980454945427398e-28,-5.981399908345653e-28,0,679.5124809916856
0.0,b0722,,1,69,-9.449629182554199e-32,5.980454945427398e-28,-5.981399908345653e-28,0,679.5124809916856
0.0,b0724,,1,69,-9.449629182554199e-32,5.980454945427398e-28,-5.981399908345653e-28,0,679.5124809916856
0.0,b0723,,1,69,-9.449629182554199e-32,5.980454945427398e-28,-5.981399908345653e-28,0,679.5124809916856
0.0,b0728,,1,69,-9.449629182554199e-32,5.980454945427398e-28,-5.981399908345653e-28,0,679.5124809916856
0.0,b0729,,1,69,-9.449629182554199e-32,5.980454945427398e-28,-5.981399908345653e-28,0,679.5124809916856
0.0,b1521,,1,69,-9.449629182554199e-32,5.980454945427398e-28,-5.981399908345653e-28,0,679.5124809916856
0.0,b2464,,1,69,-9.449629182554199e-32,5.980454945427398e-28,-5.981399908345653e-28,0,679.5124809916856
0.0,b0008,,1,69,-9.449629182554199e-32,5.980454945427398e-28,-5.981399908345653e-28,0,679.5124809916856
0.0,b3062,,1,69,-9.449629182554199e-32,5.980454945427398e-28,-5.981399908345653e-28,0,679.5124809916856
0.0,b3061,,1,69,-9.449629182554199e-32,5.980454945427398e-28,-5.981399908345653e-28,0,679.5124809916856
0.0,b3063,,1,69,-9.449629182554199e-32,5.980454945427398e-28,-5.981399908345653e-28,0,679.5124809916856
0.0,b0368,,1,69,-9.449629182554199e-32,5.980454945427398e-28,-5.981399908345653e-28,0,679.5124809916856
0.0,b3790,,1,69,-9.449629182554199e-32,5.980454945427398e-28,-5.981399908345653e-28,0,679.5124809916856
0.0,b3791,,1,69,-9.449629182554199e-32,5.980454945427398e-28,-5.981399908345653e-28,0,679.5124809916856
0.0,b2038,,1,69,-9.449629182554199e-32,5.980454945427398e-28,-5.981399908345653e-28,0,679.5124809916856
0.0,b2040,,1,69,-9.449629182554199e-32,5.980454945427398e-28,-5.981399908345653e-28,0,679.5124809916856
0.0,b2041,,1,69,-9.449629182554199e-32,5.980454945427398e-28,-5.981399908345653e-28,0,679.5124809916856
0.0,b3788,,1,69,-9.449629182554199e-32,5.980454945427398e-28,-5.981399908345653e-28,0,679.5124809916856
0.0,b0915,,1,69,-9.449629182554199e-32,5.980454945427398e-28,-5.981399908345653e-28,0,679.5124809916856
0.0,b2095,,1,69,-9.449629182554199e-32,5.980454945427398e-28,-5.981399908345653e-28,0,679.5124809916856
0.0,b3137,,1,69,-9.449629182554199e-32,5.980454945427398e-28,-5.981399908345653e-28,0,679.5124809916856
0.0,b2096,,1,69,-9.449629182554199e-32,5.980454945427398e-28,-5.981399908345653e-28,0,679.5124809916856
0.0,b3132,,1,69,-9.449629182554199e-32,5.980454945427398e-28,-5.981399908345653e-28,0,679.5124809916856
0.0,b0166,,1,69,-9.449629182554199e-32,5.980454945427398e-28,-5.981399908345653e-28,0,679.5124809916856
0.0,b2480,,1,69,-9.449629182554199e-32,5.980454945427398e-28,-5.981399908345653e-28,0,679.5124809916856
0.0,b0066,,1,69,-9.449629182554199e-32,5.980454945427398e-28,-5.981399908345653e-28,0,679.5124809916856
0.0,b0067,,1,69,-9.449629182554199e-32,5.980454945427398e-28,-5.981399908345653e-28,0,679.5124809916856
0.0,b0068,,1,69,-9.449629182554199e-32,5.980454945427398e-28,-5.981399908345653e-28,0,679.5124809916856
0.0,b3616,,1,69,-9.449629182554199e-32,5.980454945427398e-28,-5.981399908345653e-28,0,679.5124809916856
0.0,b3772,,1,69,-9.449629182554199e-32,5.980454945427398e-28,-5.981399908345653e-28,0,679.5124809916856
0.0,b3117,,1,69,-9.449629182554199e-32,5.980454945427398e-28,-5.981399908345653e-28,0,679.5124809916856
0.0,b1719,,1,69,-9.449629182554199e-32,5.980454945427398e-28,-5.981399908345653e-28,0,679.5124809916856
0.0,b3823,,1,69,-9.449629182554199e-32,5.980454945427398e-28,-5.981399908345653e-28,0,679.5124809916856
0.0,b3992,,1,69,-9.449629182554199e-32,5.980454945427398e-28,-5.981399908345653e-28,0,679.5124809916856
0.0,b3990,,1,69,-9.449629182554199e-32,5.980454945427398e-28,-5.981399908345653e-28,0,679.5124809916856
0.0,b0423,,1,69,-9.449629182554199e-32,5.980454945427398e-28,-5.981399908345653e-28,0,679.5124809916856
0.0,b4407,,1,69,-9.449629182554199e-32,5.980454945427398e-28,-5.981399908345653e-28,0,679.5124809916856
0.0,b2935,,2,69,-9.449629182554199e-32,5.980454945427398e-28,-5.981399908345653e-28,0,679.5124809916856
0.0,b2465,,2,69,-9.449629182554199e-32,5.980454945427398e-28,-5.981399908345653e-28,0,679.5124809916856
0.0,b0997,,2,69,-9.449629182554199e-32,5.980454945427398e-28,-5.981399908345653e-28,0,679.5124809916856
0.0,b0996,,2,69,-9.449629182554199e-32,5.980454945427398e-28,-5.981399908345653e-28,0,679.5124809916856
0.0,b2827,,1,69,-9.449629182554199e-32,5.980454945427398e-28,-5.981399908345653e-28,0,679.5124809916856
0.0,b1106,,1,69,-9.449629182554199e-32,5.980454945427398e-28,-5.981399908345653e-28,0,679.5124809916856
0.0,b0417,,1,69,-9.449629182554199e-32,5.980454945427398e-28,-5.981399908345653e-28,0,679.5124809916856
0.0,b3993,,1,69,-9.449629182554199e-32,5.980454945427398e-28,-5.981399908345653e-28,0,679.5124809916856
0.0,b3919,,1,75,-9.449629182554199e-32,1.40240719144313e-29,-1.4118568206256842e-29,0,2110.707741195114
0.0,b0613,,1,75,-9.449629182554199e-32,2.114965787126554e-27,-2.1150602834183796e-27,0,2110.7077411950777
0.0,b0888,,1,75,-9.449629182554199e-32,2.114965787126554e-27,-2.1150602834183796e-27,0,2110.7077411950777
0.0,b4239,,1,75,-9.449629182554199e-32,2.114965787126554e-27,-2.1150602834183796e-27,0,2110.7077411950777
0.0,b1897,,1,75,-9.449629182554199e-32,2.114965787126554e-27,-2.1150602834183796e-27,0,2110.7077411950777
0.0,b1896,,1,75,-9.449629182554199e-32,2.114965787126554e-27,-2.1150602834183796e-27,0,2110.7077411950777
0.0,b3519,,1,75,-9.449629182554199e-32,2.114965787126554e-27,-2.1150602834183796e-27,0,2110.7077411950777
0.0,b1197,,1,75,-9.449629182554199e-32,2.114965787126554e-27,-2.1150602834183796e-27,0,2110.7077411950777
0.0,b4240,,1,75,-9.449629182554199e-32,2.114965787126554e-27,-2.1150602834183796e-27,0,2110.7077411950777
0.0,b1260,,3,75,-9.449629182554199e-32,2.114965787126554e-27,-2.1150602834183796e-27,0,2110.7077411950777
0.0,b1261,,3,75,-9.449629182554199e-32,2.114965787126554e-27,-2.1150602834183796e-27,0,2110.7077411950777
0.0,b3384,,1,75,-9.449629182554199e-32,2.114965787126554e-27,-2.1150602834183796e-27,0,2110.7077411950777
0.0,b3709,,1,75,-9.449629182554199e-32,2.114965787126554e-27,-2.1150602834183796e-27,0,2110.7077411950777
0.0,b0509,,1,75,-9.449629182554199e-32,2.114965787126554e-27,-2.1150602834183796e-27,0,2110.7077411950777
0.0,b3125,,1,75,-9.449629182554199e-32,2.114965787126554e-27,-2.1150602834183796e-27,0,2110.7077411950777
0.0,b3991,,1,75,-9.449629182554199e-32,2.114965787126554e-27,-2.1150602834183796e-27,0,2110.7077411950777
0.0,b1637,,1,75,-9.449629182554199e-32,2.114965787126554e-27,-2.1150602834183796e-27,0,2110.7077411950777
0.0,b1907,,1,75,-9.449629182554199e-32,2.114965787126554e-27,-2.1150602834183796e-27,0,2110.7077411950777
0.0,b0179,,1,75,-9.449629182554199e-32,2.114965787126554e-27,-2.1150602834183796e-27,0,2110.7077411950777
0.0,b0085,,1,75,-9.449629182554199e-32,2.114965787126554e-27,-2.1150602834183796e-27,0,2110.7077411950777
0.0,b3787,,1,75,-9.449629182554199e-32,2.114965787126554e-27,-2.1150602834183796e-27,0,2110.7077411950777
0.0,b3786,,1,75,-9.449629182554199e-32,2.114965787126554e-27,-2.1150602834183796e-27,0,2110.7077411950777
0.0,b0181,,1,75,-9.449629182554199e-32,2.114965787126554e-27,-2.1150602834183796e-27,0,2110.7077411950777
0.0,b3189,,1,75,-9.449629182554199e-32,2.114965787126554e-27,-2.1150602834183796e-27,0,2110.7077411950777
0.0,b0090,,1,75,-9.449629182554199e-32,2.114965787126554e-27,-2.1150602834183796e-27,0,2110.7077411950777
0.0,b0088,,1,75,-9.449629182554199e-32,2.114965787126554e-27,-2.1150602834183796e-27,0,2110.7077411950777
0.0,b0091,,1,75,-9.449629182554199e-32,2.114965787126554e-27,-2.1150602834183796e-27,0,2110.7077411950777
0.0,b3972,,1,75,-9.449629182554199e-32,2.114965787126554e-27,-2.1150602834183796e-27,0,2110.7077411950777
0.0,b0841,,2,75,-9.449629182554199e-32,2.114965787126554e-27,-2.1150602834183796e-27,0,2110.7077411950777
0.0,b3057,,2,75,-9.449629182554199e-32,2.114965787126554e-27,-2.1150602834183796e-27,0,2110.7077411950777
0.0,b0174,,1,75,-9.449629182554199e-32,2.114965787126554e-27,-2.1150602834183796e-27,0,2110.7077411950777
0.0,b0759,,1,75,-9.449629182554199e-32,2.114965787126554e-27,-2.1150602834183796e-27,0,2110.7077411950777
0.0,b2036,,1,75,-9.449629182554199e-32,2.114965787126554e-27,-2.1150602834183796e-27,0,2110.7077411950777
0.0,b2028,,1,75,-9.449629182554199e-32,2.114965787126554e-27,-2.1150602834183796e-27,0,2110.7077411950777
0.0,b2255,,2,75,-9.449629182554199e-32,2.114965787126554e-27,-2.1150602834183796e-27,0,2110.7077411950777
0.0,b2253,,1,75,-9.449629182554199e-32,2.114965787126554e-27,-2.1150602834183796e-27,0,2110.7077411950777
0.0,b0758,,1,75,-9.449629182554199e-32,2.114965787126554e-27,-2.1150602834183796e-27,0,2110.7077411950777
0.0,b0505,,1,75,-9.449629182554199e-32,2.114965787126554e-27,-2.1150602834183796e-27,0,2110.7077411950777
0.0,b0086,,1,75,-9.449629182554199e-32,2.114965787126554e-27,-2.1150602834183796e-27,0,2110.7077411950777
0.0,b0096,,1,75,-9.449629182554199e-32,2.114965787126554e-27,-2.1150602834183796e-27,0,2110.7077411950777
0.0,b2258,,1,75,-9.449629182554199e-32,2.114965787126554e-27,-2.1150602834183796e-27,0,2110.7077411950777
0.0,b4544,,1,75,-9.449629182554199e-32,2.114965787126554e-27,-2.1150602834183796e-27,0,2110.7077411950777
0.0,b4233,,2,75,-9.449629182554199e-32,2.114965787126554e-27,-2.1150602834183796e-27,0,2110.7077411950777
0.0,b0171,,1,75,-9.449629182554199e-32,2.114965787126554e-27,-2.1150602834183796e-27,0,2110.7077411950777
0.0,b2256,,1,75,-9.449629182554199e-32,2.114965787126554e-27,-2.1150602834183796e-27,0,2110.7077411950777
0.0,b2254,,1,75,-9.449629182554199e-32,2.114965787126554e-27,-2.1150602834183796e-27,0,2110.7077411950777
0.0,b3803,,1,75,-9.449629182554199e-32,2.114965787126554e-27,-2.1150602834183796e-27,0,2110.7077411950777
0.0,b3804,,1,75,-9.449629182554199e-32,2.114965787126554e-27,-2.1150602834183796e-27,0,2110.7077411950777
0.0,b3997,,1,75,-9.449629182554199e-32,2.114965787126554e-27,-2.1150602834183796e-27,0,2110.7077411950777
0.0,b2498,,1,75,-9.449629182554199e-32,2.114965787126554e-27,-2.1150602834183796e-27,0,2110.7077411950777
0.0,b1011,,1,75,-9.449629182554199e-32,2.114965787126554e-27,-2.1150602834183796e-27,0,2110.7077411950777
0.0,b2497,,1,75,-9.449629182554199e-32,2.114965787126554e-27,-2.1150602834183796e-27,0,2110.7077411950777
0.0,b1006,,1,75,-9.449629182554199e-32,2.114965787126554e-27,-2.1150602834183796e-27,0,2110.7077411950777
0.0,b0517,,1,75,-9.449629182554199e-32,2.114965787126554e-27,-2.1150602834183796e-27,0,2110.7077411950777
0.0,b0524,,1,75,-9.449629182554199e-32,2.114965787126554e-27,-2.1150602834183796e-27,0,2110.7077411950777
0.0,b4258,,1,75,-9.449629182554199e-32,2.114965787126554e-27,-2.1150602834183796e-27,0,2110.7077411950777
0.0,b2682,,1,146,-9.449629182554199e-32,1.5609911395988651e-29,-1.5704407687814192e-29,0,2478.200930436642
0.0,b2683,,1,146,-9.449629182554199e-32,-2.2759937608606114e-13,2.2759937608606114e-13,1,2478.2009304376493
0.0,b3572,,1,146,-9.449629182554199e-32,-2.2759937608606114e-13,2.2759937608606114e-13,1,2478.2009304376493
0.0,b4197,,1,146,-9.449629182554199e-32,-2.2759937608606114e-13,2.2759937608606114e-13,1,2478.2009304376493
0.0,b2882,,1,146,-9.449629182554199e-32,-2.2759937608606114e-13,2.2759937608606114e-13,1,2478.2009304376493
0.0,b3565,,2,62,-9.449629182554199e-32,-5.009355443539252e-14,5.009355443539252e-14,1,2380.175087755059
0.0,b3579,,1,62,-9.449629182554199e-32,0.0,-9.449629182554199e-32,0,2380.175087755099
0.0,b3577,,1,62,-9.449629182554199e-32,0.0,-9.449629182554199e-32,0,2380.175087755099
0.0,b3578,,1,62,-9.449629182554199e-32,0.0,-9.449629182554199e-32,0,2380.175087755099
0.0,b3567,,1,62,-9.449629182554199e-32,0.0,-9.449629182554199e-32,0,2380.175087755099
0.0,b3568,,1,62,-9.449629182554199e-32,0.0,-9.449629182554199e-32,0,2380.175087755099
0.0,b3566,,1,62,-9.449629182554199e-32,0.0,-9.449629182554199e-32,0,2380.175087755099
0.0,b4031,,1,62,-9.449629182554199e-32,0.0,-9.449629182554199e-32,0,2380.175087755099
0.0,b1857,,1,62,-9.449629182554199e-32,0.0,-9.449629182554199e-32,0,2380.175087755099
0.0,b1859,,1,62,-9.449629182554199e-32,0.0,-9.449629182554199e-32,0,2380.175087755099
0.0,b1858,,1,62,-9.449629182554199e-32,0.0,-9.449629182554199e-32,0,2380.175087755099
