atpm_bound,gene_id,n_gpr_rxns,n_changed,b_wt,b_ko,delta_b,y_essential,kV
60.0,b0870,5,106,0.3983895354016885,0.3983871463701887,2.389031499794303e-06,0,2.3749609150735618e-06
60.0,b2551,6,405,0.3983895354016885,0.3876146476187757,0.0107748877829128,0,5.912923267534015
60.0,b3368,3,408,0.3983895354016885,5.093606127415711e-16,0.398389535401688,1,3558.8931628485057
60.0,b2436,1,209,0.3983895354016885,0.3983808642388975,8.671162790963027e-06,0,1.9407915343211285e-06
60.0,b3500,1,0,0.3983895354016885,0.3983895354016865,2.05391259555654e-15,0,0.0
60.0,b0945,2,0,0.3983895354016885,0.3983895354016935,-4.996003610813205e-15,0,0.0
60.0,b4467,3,0,0.3983895354016885,0.3983895354016935,-4.996003610813205e-15,0,0.0
60.0,b2979,3,0,0.3983895354016885,0.3983895354016935,-4.996003610813205e-15,0,0.0
60.0,b4468,3,0,0.3983895354016885,0.3983895354016935,-4.996003610813205e-15,0,0.0
60.0,b3916,3,405,0.3983895354016885,0.3928783931583449,0.0055111422433436,0,79.89960813136375
60.0,b1260,3,408,0.3983895354016885,1.948213006904341e-16,0.3983895354016883,1,3558.893162848197
60.0,b1261,3,408,0.3983895354016885,0.0,0.3983895354016885,1,3558.8931628485007
60.0,b3426,1,11,0.3983895354016885,0.3983895354016746,1.3877787807814455e-14,0,2.0890956451962213
60.0,b2243,3,11,0.3983895354016885,0.3983895354017193,-3.075317778211684e-14,0,2.089095645198126
60.0,b2242,3,11,0.3983895354016885,0.3983895354017193,-3.075317778211684e-14,0,2.089095645198126
60.0,b2241,3,11,0.3983895354016885,0.3983895354017193,-3.075317778211684e-14,0,2.089095645198126
60.0,b3770,5,408,0.3983895354016885,1.0745860645235997e-15,0.3983895354016875,1,3558.8931628491127
60.0,b4054,4,408,0.3983895354016885,0.0,0.3983895354016885,1,3558.893162848543
60.0,b3281,1,408,0.3983895354016885,0.0,0.3983895354016885,1,3558.893162848543
60.0,b1692,3,408,0.3983895354016885,4.738269266138432e-30,0.3983895354016885,1,3558.8931628485097
60.0,b0243,1,408,0.3983895354016885,4.738269266138432e-30,0.3983895354016885,1,3558.8931628485097
60.0,b1613,1,11,0.3983895354016885,0.3983895354016823,6.217248937900877e-15,0,2.089095645196553
60.0,b0414,2,408,0.3983895354016885,1.0745860645235997e-15,0.3983895354016875,1,3558.8931628491155
60.0,b3041,1,408,0.3983895354016885,0.0,0.3983895354016885,1,3558.893162848547
60.0,b0025,2,408,0.3983895354016885,0.0,0.3983895354016885,1,3558.89316284847
60.0,b0446,4,11,0.3983895354016885,0.3983895354016798,8.715250743307479e-15,0,2.0890956451964966
60.0,b3812,2,408,0.3983895354016885,1.0745860645235997e-15,0.3983895354016875,1,3558.8931628490845
60.0,b0844,2,408,0.3983895354016885,0.0,0.3983895354016885,1,3558.893162848512
60.0,b1662,1,408,0.3983895354016885,0.0,0.3983895354016885,1,3558.893162848512
60.0,b0421,2,408,0.3983895354016885,0.0,0.3983895354016885,1,3558.8931628485075
60.0,b3804,1,408,0.3983895354016885,0.0,0.3983895354016885,1,3558.89316284851
60.0,b3997,1,408,0.3983895354016885,0.0,0.3983895354016885,1,3558.893162848517
60.0,b4382,2,11,0.3983895354016885,0.3983895354016862,2.275957200481571e-15,0,2.089095645196768
60.0,b0126,1,408,0.3983895354016885,4.1156646271253883e-13,0.398389535401277,1,3558.893162841772
60.0,b0339,1,408,0.3983895354016885,-2.684047884534656e-14,0.3983895354017154,1,3558.8931628489045
60.0,b4006,2,408,0.3983895354016885,-2.2014182754024874e-14,0.3983895354017105,1,3558.8931628488203
60.0,b2508,1,353,0.3983895354016885,0.3968513476751782,0.0015381877265102,0,2.2248415720481844
60.0,b3846,19,442,0.3983895354016885,0.3915030231418144,0.0068865122598741,0,9.501213188065885
60.0,b2341,16,442,0.3983895354016885,0.3915030231418059,0.0068865122598825,0,9.501213188064966
60.0,b2400,1,408,0.3983895354016885,2.3760564205078013e-15,0.3983895354016861,1,3558.893162848107
60.0,b3993,1,408,0.3983895354016885,0.0,0.3983895354016885,1,3558.8931628484606
60.0,b2066,4,11,0.3983895354016885,0.3983895354016823,6.217248937900877e-15,0,2.0890956451965708
60.0,b0238,3,11,0.3983895354016885,0.3983895354016821,6.439293542825908e-15,0,2.0890956451965903
60.0,b0125,2,11,0.3983895354016885,0.3983895354016821,6.439293542825908e-15,0,2.0890956451965903
60.0,b2518,8,11,0.3983895354016885,0.3983895354016821,6.439293542825908e-15,0,0.6195637136715972
60.0,b0474,13,90,0.3983895354016885,0.3983873991197125,2.1362819760395446e-06,0,2.888986718096352
60.0,b1062,1,408,0.3983895354016885,0.0,0.3983895354016885,1,3558.8931628483124
60.0,b1281,1,408,0.3983895354016885,0.0,0.3983895354016885,1,3558.8931628487594
60.0,b0720,1,408,0.3983895354016885,8.459094243380817e-16,0.3983895354016877,1,3558.893162848577
60.0,b1136,1,408,0.3983895354016885,0.0,0.3983895354016885,1,3558.893162848507
60.0,b0351,1,16,0.3983895354016885,0.3983895354016774,1.1102230246251564e-14,0,2.8882982565096658
60.0,b1241,3,16,0.3983895354016885,0.398389535401681,7.494005416219807e-15,0,2.888298256509426
60.0,b4069,2,16,0.3983895354016885,0.398389535401681,7.494005416219807e-15,0,2.888298256509426
60.0,b4226,1,408,0.3983895354016885,-2.2692764628742772e-14,0.3983895354017112,1,3558.8931628486857
60.0,b2502,2,408,0.3983895354016885,-7.156482104197731e-15,0.3983895354016957,1,3558.89316284856
60.0,b2744,14,408,0.3983895354016885,-7.156482104197731e-15,0.3983895354016957,1,3558.89316284856
60.0,b3403,1,33,0.3983895354016885,0.3983895354011986,4.899414207670816e-13,0,2.886721900827068
60.0,b1479,1,33,0.3983895354016885,0.3983895354016904,-1.887379141862766e-15,0,2.8867219008340386
60.0,b1190,1,408,0.3983895354016885,6.925717063389488e-16,0.3983895354016878,1,3558.893162848728
60.0,b4053,1,408,0.3983895354016885,0.0,0.3983895354016885,1,3558.893162848556
60.0,b2379,1,36,0.3983895354016885,0.3983895354016849,3.608224830031759e-15,0,3.047916400846309
60.0,b2290,1,36,0.3983895354016885,0.3983895354016942,-5.6621374255882976e-15,0,3.047916400845923
60.0,b3564,2,36,0.3983895354016885,0.3983895354016942,-5.6621374255882976e-15,0,3.047916400845923
60.0,b0063,3,36,0.3983895354016885,0.3983895354016942,-5.6621374255882976e-15,0,3.047916400845923
60.0,b3752,1,36,0.3983895354016885,0.3983895354016942,-5.6621374255882976e-15,0,3.047916400845923
60.0,b3926,1,36,0.3983895354016885,0.3983895354016942,-5.6621374255882976e-15,0,3.047916400845923
60.0,b4383,2,105,0.3983895354016885,0.3983873991197231,2.136281965381404e-06,0,1.470057213825356
60.0,b0928,4,408,0.3983895354016885,-9.666969674869527e-15,0.3983895354016982,1,3558.893162848621
60.0,b3925,1,36,0.3983895354016885,0.3983895354016793,9.214851104388801e-15,0,1.4694896811053215
60.0,b2930,1,36,0.3983895354016885,0.3983895354016893,-7.771561172376099e-16,0,1.469489681105247
60.0,b4232,1,36,0.3983895354016885,0.3983895354016893,-7.771561172376099e-16,0,1.469489681105247
60.0,b3697,6,36,0.3983895354016885,0.3983895354016893,-7.771561172376099e-16,0,1.469489681105247
60.0,b3430,1,36,0.3983895354016885,0.3983895354016893,-7.771561172376099e-16,0,1.469489681105247
60.0,b1676,1,36,0.3983895354016885,0.3983895354016893,-7.771561172376099e-16,0,1.469489681105247
60.0,b1854,5,35,0.3983895354016885,0.3983895354016893,-7.771561172376099e-16,0,2.950191886107726
60.0,b3197,1,408,0.3983895354016885,-2.888609166538779e-15,0.3983895354016914,1,3558.893162849203
60.0,b2708,1,408,0.3983895354016885,0.0,0.3983895354016885,1,3558.89316284862
60.0,b0072,2,408,0.3983895354016885,0.0,0.3983895354016885,1,3558.89316284862
60.0,b0071,2,408,0.3983895354016885,0.0,0.3983895354016885,1,3558.8931628485484
60.0,b3671,2,408,0.3983895354016885,0.0,0.3983895354016885,1,3558.8931628485484
60.0,b3670,2,408,0.3983895354016885,0.0,0.3983895354016885,1,3558.89316284836
60.0,b0078,2,408,0.3983895354016885,0.0,0.3983895354016885,1,3558.89316284836
60.0,b0077,2,408,0.3983895354016885,0.0,0.3983895354016885,1,3558.89316284836
60.0,b0908,1,408,0.3983895354016885,0.0,0.3983895354016885,1,3558.89316284836
60.0,b1264,1,408,0.3983895354016885,-5.044297844516176e-30,0.3983895354016885,1,3558.893162848444
60.0,b1263,2,408,0.3983895354016885,0.0,0.3983895354016885,1,3558.893162848535
60.0,b2599,2,408,0.3983895354016885,0.0,0.3983895354016885,1,3558.893162848535
60.0,b2600,2,408,0.3983895354016885,0.0,0.3983895354016885,1,3558.8931628482915
60.0,b2329,1,408,0.3983895354016885,0.0,0.3983895354016885,1,3558.8931628482915
60.0,b1262,2,408,0.3983895354016885,0.0,0.3983895354016885,1,3558.893162848576
60.0,b2779,1,433,0.3983895354016885,0.2269370199002059,0.1714525155014825,0,2287.2105076396165
60.0,b2097,1,35,0.3983895354016885,0.3983895354016921,-3.552713678800501e-15,0,45.36411513126261
60.0,b2925,2,415,0.3983895354016885,0.3928783931583928,0.0055111422432957,0,80.74221843475496
60.0,b0963,1,35,0.3983895354016885,0.3983895354016936,-5.10702591327572e-15,0,2.950191886107983
60.0,b1702,1,35,0.3983895354016885,0.3983895354016957,-7.160938508832261e-15,0,2.950191886107998
60.0,b4025,1,419,0.3983895354016885,0.3810617436099215,0.0173277917917669,0,460.44313011875033
60.0,b2926,1,442,0.3983895354016885,0.1426545566231416,0.2557349787785469,0,3840.149239049929
60.0,b1850,2,20,0.3983895354016885,0.3983895354016962,-7.66053886991358e-15,0,388.4285994001376
60.0,b0767,1,387,0.3983895354016885,0.3939247349057799,0.0044648004959085,0,448.82493616379344
60.0,b3386,1,376,0.3983895354016885,0.395435050717755,0.0029544846839335,0,423.7825320641786
60.0,b2464,1,71,0.3983895354016885,0.3983895354016973,-8.826273045769994e-15,0,178.00547896915583
60.0,b0008,1,71,0.3983895354016885,0.3983895354016922,-3.719247132494274e-15,0,178.00547896915504
60.0,b2465,2,409,0.3983895354016885,2.5476035472621213e-14,0.398389535401663,1,3771.5012250508457
60.0,b2935,2,409,0.3983895354016885,1.932427691999964e-14,0.3983895354016692,1,3771.501225050941
60.0,b0678,1,71,0.3983895354016885,0.3983895354016872,1.27675647831893e-15,0,178.00547896915415
60.0,b1478,2,71,0.3983895354016885,0.3983895354016922,-3.719247132494274e-15,0,178.00547896915504
60.0,b3011,3,71,0.3983895354016885,0.3983895354016922,-3.719247132494274e-15,0,178.00547896915504
60.0,b3003,1,71,0.3983895354016885,0.3983895354016922,-3.719247132494274e-15,0,178.00547896915504
60.0,b4269,2,71,0.3983895354016885,0.3983895354016922,-3.719247132494274e-15,0,178.00547896915504
60.0,b0493,1,71,0.3983895354016885,0.3983895354016922,-3.719247132494274e-15,0,178.00547896915504
60.0,b3588,2,71,0.3983895354016885,0.3983895354016922,-3.719247132494274e-15,0,178.00547896915504
60.0,b3903,2,71,0.3983895354016885,0.3983895354016922,-3.719247132494274e-15,0,178.00547896915504
60.0,b3996,1,71,0.3983895354016885,0.3983895354016922,-3.719247132494274e-15,0,178.00547896915504
60.0,b2411,1,71,0.3983895354016885,0.3983895354016922,-3.719247132494274e-15,0,178.00547896915504
60.0,b0639,2,409,0.3983895354016885,-9.825097453969389e-13,0.398389535402671,1,3771.501225069028
60.0,b4390,1,20,0.3983895354016885,0.3983895354016883,2.220446049250313e-16,0,178.00896215681533
60.0,b2103,2,409,0.3983895354016885,-6.594164192269455e-17,0.3983895354016886,1,3771.5012250514087
60.0,b2418,4,20,0.3983895354016885,0.3983895354016743,1.4210854715202004e-14,0,178.00896215681288
60.0,b3831,1,20,0.3983895354016885,0.3983895354016908,-2.3314683517128287e-15,0,178.00896215681553
60.0,b4384,7,92,0.3983895354016885,0.3983873991197189,2.1362819696557622e-06,0,178.00993827130685
60.0,b3073,1,20,0.3983895354016885,0.3983895354016706,1.787459069646502e-14,0,178.00896215681237
60.0,b3008,2,409,0.3983895354016885,-8.094641046065092e-17,0.3983895354016886,1,3771.501225051488
60.0,b3708,3,302,0.3983895354016885,0.398164118206795,0.0002254171948934,0,177.51088667915613
60.0,b1134,3,20,0.3983895354016885,0.3983895354016877,7.771561172376099e-16,0,178.00896215681516
60.0,b3614,3,20,0.3983895354016885,0.3983895354016868,1.7208456881689926e-15,0,178.00896215681553
60.0,b3642,1,409,0.3983895354016885,-7.294693578097983e-16,0.3983895354016892,1,3771.501225051488
60.0,b0415,1,409,0.3983895354016885,0.0,0.3983895354016885,1,3771.501225051539
60.0,b3771,2,409,0.3983895354016885,0.0,0.3983895354016885,1,3771.50122505157
60.0,b3885,1,20,0.3983895354016885,0.3983895354016873,1.2212453270876722e-15,0,178.00896215681516
60.0,b2293,8,20,0.3983895354016885,0.3983895354016868,1.7208456881689926e-15,0,178.00896215681553
60.0,b3114,2,20,0.3983895354016885,0.3983895354016868,1.7208456881689926e-15,0,178.00896215681553
60.0,b3951,1,20,0.3983895354016885,0.3983895354016868,1.7208456881689926e-15,0,178.00896215681553
60.0,b3952,1,20,0.3983895354016885,0.3983895354016868,1.7208456881689926e-15,0,178.00896215681553
60.0,b0902,2,20,0.3983895354016885,0.3983895354016868,1.7208456881689926e-15,0,178.00896215681553
60.0,b0903,2,20,0.3983895354016885,0.3983895354016868,1.7208456881689926e-15,0,178.00896215681553
60.0,b2579,2,20,0.3983895354016885,0.3983895354016868,1.7208456881689926e-15,0,178.00896215681553
60.0,b4154,2,20,0.3983895354016885,0.3983895354016868,1.7208456881689926e-15,0,178.00896215681553
60.0,b4151,2,20,0.3983895354016885,0.3983895354016868,1.7208456881689926e-15,0,178.00896215681553
60.0,b4153,2,20,0.3983895354016885,0.3983895354016868,1.7208456881689926e-15,0,178.00896215681553
60.0,b4152,2,20,0.3983895354016885,0.3983895354016868,1.7208456881689926e-15,0,178.00896215681553
60.0,b0871,1,20,0.3983895354016885,0.3983895354016868,1.7208456881689926e-15,0,178.00896215681553
60.0,b2458,1,421,0.3983895354016885,0.3051999640990128,0.0931895713026757,0,1525.508392502248
60.0,b2297,2,421,0.3983895354016885,0.3051999640989965,0.093189571302692,0,1525.508392502229
60.0,b3115,2,421,0.3983895354016885,0.3051999640989965,0.093189571302692,0,1525.508392502229
60.0,b2296,1,421,0.3983895354016885,0.3051999640989965,0.093189571302692,0,1525.508392502229
60.0,b1849,2,421,0.3983895354016885,0.3051999640989965,0.093189571302692,0,1525.508392502229
60.0,b3633,2,414,0.3983895354016885,-7.21134506730324e-16,0.3983895354016892,1,3648.189108430569
60.0,b0174,1,414,0.3983895354016885,0.0,0.3983895354016885,1,3648.1891084308486
60.0,b0524,1,414,0.3983895354016885,0.0,0.3983895354016885,1,3648.189108430782
60.0,b0182,1,414,0.3983895354016885,0.0,0.3983895354016885,1,3648.189108430936
60.0,b0915,1,414,0.3983895354016885,0.0,0.3983895354016885,1,3648.1891084307927
60.0,b0099,3,414,0.3983895354016885,-4.9347058758617655e-27,0.3983895354016885,1,3648.1891084307913
60.0,b2781,8,69,0.3983895354016885,0.3983895354016899,-1.3877787807814457e-15,0,186.3073948878513
60.0,b0160,2,69,0.3983895354016885,0.3983895354016871,1.4432899320127037e-15,0,186.3073948878504
60.0,b1800,2,409,0.3983895354016885,5.614057586008916e-16,0.398389535401688,1,3771.5012250514674
60.0,b0073,1,409,0.3983895354016885,0.0,0.3983895354016885,1,3771.501225051519
60.0,b0523,1,409,0.3983895354016885,9.55696794602672e-15,0.398389535401679,1,3771.5012250513446
60.0,b1131,2,409,0.3983895354016885,-1.2913873681372787e-14,0.3983895354017014,1,3771.50122505166
60.0,b2407,5,69,0.3983895354016885,0.3983895354016861,2.3869795029440866e-15,0,186.3073948878507
60.0,b2234,4,69,0.3983895354016885,0.3983895354016871,1.4432899320127037e-15,0,186.3073948878504
60.0,b2235,4,69,0.3983895354016885,0.3983895354016871,1.4432899320127037e-15,0,186.3073948878504
60.0,b3781,10,74,0.3983895354016885,0.3983895354016871,1.4432899320127037e-15,0,186.35599900767065
60.0,b2582,10,74,0.3983895354016885,0.3983895354016666,2.192690473634684e-14,0,186.35599900766672
60.0,b2827,1,409,0.3983895354016885,-1.5930211147094834e-16,0.3983895354016887,1,3771.5012250510144
60.0,b1238,2,74,0.3983895354016885,0.3983895354016878,6.661338147750939e-16,0,186.35599900767107
60.0,b3639,2,409,0.3983895354016885,4.638222940391017e-16,0.3983895354016881,1,3771.501225051004
60.0,b1232,1,22,0.3983895354016885,0.398389535401685,3.497202527569243e-15,0,186.3604366637009
60.0,b1851,1,22,0.3983895354016885,0.3983895354017305,-4.1966430330830936e-14,0,186.3604366637106
60.0,b1693,1,409,0.3983895354016885,1.8452524390468383e-14,0.3983895354016701,1,3771.5012250518894
60.0,b4146,1,22,0.3983895354016885,0.3983895354016916,-3.0531133177191805e-15,0,186.36043666370207
60.0,b1109,3,22,0.3983895354016885,0.3983895354017305,-4.1966430330830936e-14,0,186.3604366637106
60.0,b1004,3,22,0.3983895354016885,0.3983895354017305,-4.1966430330830936e-14,0,186.3604366637106
60.0,b0046,3,22,0.3983895354016885,0.3983895354017305,-4.1966430330830936e-14,0,186.3604366637106
60.0,b3713,3,22,0.3983895354016885,0.3983895354017305,-4.1966430330830936e-14,0,186.3604366637106
60.0,b3236,1,413,0.3983895354016885,0.3837328646303484,0.0146566707713401,0,211.19356365191143
60.0,b4122,2,433,0.3983895354016885,0.3687869171551525,0.029602618246536,0,541.7423168294586
60.0,b1611,1,433,0.3983895354016885,0.3687869171550391,0.0296026182466494,0,541.7423168290026
60.0,b1612,1,433,0.3983895354016885,0.3687869171550391,0.0296026182466494,0,541.7423168290026
60.0,b1638,2,27,0.3983895354016885,0.3983895354016763,1.2212453270876722e-14,0,186.4127804023537
60.0,b0907,3,409,0.3983895354016885,-1.1373953608731798e-16,0.3983895354016886,1,3771.501225050701
60.0,b1210,1,409,0.3983895354016885,0.0,0.3983895354016885,1,3771.50122505164
60.0,b3429,1,27,0.3983895354016885,0.3983895354016822,6.3282712403633915e-15,0,186.412780402356
60.0,b3417,5,27,0.3983895354016885,0.3983895354016768,1.1712852909795402e-14,0,186.4127804023541
60.0,b3428,2,27,0.3983895354016885,0.3983895354016768,1.1712852909795402e-14,0,186.4127804023541
60.0,b0428,1,27,0.3983895354016885,0.3983895354016768,1.1712852909795402e-14,0,186.4127804023541
60.0,b0120,1,27,0.3983895354016885,0.3983895354016768,1.1712852909795402e-14,0,186.4127804023541
60.0,b2937,1,27,0.3983895354016885,0.3983895354016768,1.1712852909795402e-14,0,186.4127804023541
60.0,b4117,1,27,0.3983895354016885,0.3983895354016768,1.1712852909795402e-14,0,186.4127804023541
60.0,b3172,1,409,0.3983895354016885,-2.6279999559291727e-16,0.3983895354016888,1,3771.501225051029
60.0,b3958,1,409,0.3983895354016885,0.0,0.3983895354016885,1,3771.50122505131
60.0,b0121,2,27,0.3983895354016885,0.3983895354016827,5.773159728050814e-15,0,186.41278040235565
60.0,b0154,1,409,0.3983895354016885,-2.6279999559291727e-16,0.3983895354016888,1,3771.501225051028
60.0,b0918,1,409,0.3983895354016885,0.0,0.3983895354016885,1,3771.5012250513937
60.0,b4322,1,27,0.3983895354016885,0.3983895354016856,2.886579864025407e-15,0,186.4127804023564
60.0,b3091,1,27,0.3983895354016885,0.3983895354016768,1.1712852909795402e-14,0,186.4127804023541
60.0,b3092,2,27,0.3983895354016885,0.3983895354016768,1.1712852909795402e-14,0,186.4127804023541
60.0,b3176,1,409,0.3983895354016885,7.762740456366103e-17,0.3983895354016885,1,3771.501225051036
60.0,b3730,2,409,0.3983895354016885,0.0,0.3983895354016885,1,3771.5012250515247
60.0,b3189,1,409,0.3983895354016885,0.0,0.3983895354016885,1,3771.501225051322
60.0,b3967,1,409,0.3983895354016885,0.0,0.3983895354016885,1,3771.501225051442
60.0,b3786,1,27,0.3983895354016885,0.3983895354016891,-5.551115123125786e-16,0,186.4127804023568
60.0,b2323,13,409,0.3983895354016885,7.762740456366103e-17,0.3983895354016885,1,3771.501225051039
60.0,b2232,2,27,0.3983895354016885,0.3983895354016835,4.996003610813205e-15,0,186.41278040235585
60.0,b0593,1,27,0.3983895354016885,0.3983895354016857,2.775557561562892e-15,0,186.41278040235628
60.0,b0142,1,409,0.3983895354016885,-2.117202095260348e-13,0.3983895354019002,1,3771.501225055116
60.0,b3634,1,409,0.3983895354016885,-6.2194239409704485e-27,0.3983895354016885,1,3771.501225051324
60.0,b0394,1,27,0.3983895354016885,0.3983895354016848,3.6637359812630166e-15,0,186.4127804023568
60.0,b0173,1,409,0.3983895354016885,2.463330332585503e-11,0.3983895353770552,1,3771.501224611959
60.0,b3843,1,409,0.3983895354016885,3.298758057383248e-11,0.398389535368701,1,3771.501224463059
60.0,b0477,2,27,0.3983895354016885,0.3983895354016995,-1.0991207943789051e-14,0,186.41278040235903
60.0,b1302,3,409,0.3983895354016885,-4.328357358086503e-16,0.398389535401689,1,3771.5012250513337
60.0,b2662,3,409,0.3983895354016885,0.0,0.3983895354016885,1,3771.501225051481
60.0,b1525,2,27,0.3983895354016885,0.3983895354016912,-2.664535259100376e-15,0,186.41278040235755
60.0,b4139,1,27,0.3983895354016885,0.3983895354016857,2.775557561562892e-15,0,186.41278040235628
60.0,b3117,2,409,0.3983895354016885,-8.789365092912457e-17,0.3983895354016886,1,3771.5012250513337
60.0,b2797,1,27,0.3983895354016885,0.3983895354016784,1.0103029524088925e-14,0,186.4127804023548
60.0,b1814,1,27,0.3983895354016885,0.3983895354016857,2.775557561562892e-15,0,186.41278040235628
60.0,b4471,1,27,0.3983895354016885,0.3983895354016857,2.775557561562892e-15,0,186.41278040235628
60.0,b3616,1,27,0.3983895354016885,0.3983895354016857,2.775557561562892e-15,0,186.41278040235628
60.0,b3589,1,27,0.3983895354016885,0.3983895354016857,2.775557561562892e-15,0,186.41278040235628
60.0,b3774,3,409,0.3983895354016885,-1.1617938268374691e-16,0.3983895354016886,1,3771.5012250513273
60.0,b0185,1,409,0.3983895354016885,0.0,0.3983895354016885,1,3771.5012250515583
60.0,b3256,1,409,0.3983895354016885,0.0,0.3983895354016885,1,3771.501225051422
60.0,b3255,1,409,0.3983895354016885,0.0,0.3983895354016885,1,3771.501225051422
60.0,b2316,1,409,0.3983895354016885,0.0,0.3983895354016885,1,3771.501225051422
60.0,b2615,1,409,0.3983895354016885,3.639084585724235e-26,0.3983895354016885,1,3771.501225051422
60.0,b2265,1,27,0.3983895354016885,0.398389535401692,-3.497202527569243e-15,0,186.41278040235767
60.0,b2261,1,27,0.3983895354016885,0.3983895354016857,2.775557561562892e-15,0,186.41278040235628
60.0,b0596,1,27,0.3983895354016885,0.3983895354016857,2.775557561562892e-15,0,186.41278040235628
60.0,b0595,1,27,0.3983895354016885,0.3983895354016857,2.775557561562892e-15,0,186.41278040235628
60.0,b4198,1,27,0.3983895354016885,0.3983895354016857,2.775557561562892e-15,0,186.41278040235628
60.0,b0061,1,27,0.3983895354016885,0.3983895354016857,2.775557561562892e-15,0,186.41278040235628
60.0,b3583,1,27,0.3983895354016885,0.3983895354016857,2.775557561562892e-15,0,186.41278040235628
60.0,b4374,3,27,0.3983895354016885,0.3983895354016857,2.775557561562892e-15,0,186.41278040235628
60.0,b0675,7,27,0.3983895354016885,0.3983895354016857,2.775557561562892e-15,0,186.41278040235628
60.0,b2291,6,27,0.3983895354016885,0.3983895354016857,2.775557561562892e-15,0,186.41278040235628
60.0,b2361,8,27,0.3983895354016885,0.3983895354016857,2.775557561562892e-15,0,186.41278040235628
60.0,b1651,1,27,0.3983895354016885,0.3983895354016857,2.775557561562892e-15,0,186.41278040235628
60.0,b0766,2,27,0.3983895354016885,0.3983895354016857,2.775557561562892e-15,0,186.41278040235628
60.0,b3826,6,27,0.3983895354016885,0.3983895354016857,2.775557561562892e-15,0,186.41278040235628
60.0,b0758,1,27,0.3983895354016885,0.3983895354016857,2.775557561562892e-15,0,186.41278040235628
60.0,b0420,1,409,0.3983895354016885,2.075758497057793e-11,0.3983895353809309,1,3771.501224680972
60.0,b1208,1,409,0.3983895354016885,2.463367255914084e-11,0.3983895353770548,1,3771.501224611977
60.0,b2746,1,409,0.3983895354016885,2.46336725591284e-11,0.3983895353770548,1,3771.501224612002
60.0,b3526,1,27,0.3983895354016885,0.3983895354016894,-8.881784197001252e-16,0,186.4127804023572
60.0,b3565,2,27,0.3983895354016885,0.3983895354016857,2.775557561562892e-15,0,186.41278040235628
60.0,b2048,1,27,0.3983895354016885,0.3983895354016857,2.775557561562892e-15,0,186.41278040235628
60.0,b4015,1,27,0.3983895354016885,0.3983895354016857,2.775557561562892e-15,0,186.41278040235628
60.0,b0116,3,424,0.3983895354016885,0.3256482470526958,0.0727412883489927,0,1862.0500843263533
60.0,b2903,1,298,0.3983895354016885,0.3982605222959018,0.0001290131057866,0,186.7225581048297
60.0,b2904,1,298,0.3983895354016885,0.3982605222959536,0.0001290131057348,0,186.72255810483765
60.0,b2905,1,298,0.3983895354016885,0.3982605222959536,0.0001290131057348,0,186.72255810483765
60.0,b0261,2,25,0.3983895354016885,0.3983895354017336,-4.507505479978136e-14,0,186.4125387330029
60.0,b0759,1,25,0.3983895354016885,0.398389535401713,-2.4535928844215963e-14,0,186.4125387329977
60.0,b0344,1,25,0.3983895354016885,0.398389535401713,-2.4535928844215963e-14,0,186.4125387329977
60.0,b4239,1,25,0.3983895354016885,0.398389535401713,-2.4535928844215963e-14,0,186.4125387329977
60.0,b3956,1,373,0.3983895354016885,0.3960541587546961,0.0023353766469924,0,209.2684970896608
60.0,b0822,7,25,0.3983895354016885,0.3983895354017188,-3.025357742103552e-14,0,186.4125387329988
60.0,b2540,2,25,0.3983895354016885,0.398389535401713,-2.4535928844215963e-14,0,186.4125387329977
60.0,b2542,2,25,0.3983895354016885,0.398389535401713,-2.4535928844215963e-14,0,186.4125387329977
60.0,b2539,2,25,0.3983895354016885,0.398389535401713,-2.4535928844215963e-14,0,186.4125387329977
60.0,b2538,2,25,0.3983895354016885,0.398389535401713,-2.4535928844215963e-14,0,186.4125387329977
60.0,b2541,2,25,0.3983895354016885,0.398389535401713,-2.4535928844215963e-14,0,186.4125387329977
60.0,b0616,1,25,0.3983895354016885,0.398389535401713,-2.4535928844215963e-14,0,186.4125387329977
60.0,b0617,1,25,0.3983895354016885,0.398389535401713,-2.4535928844215963e-14,0,186.4125387329977
60.0,b0614,1,25,0.3983895354016885,0.398389535401713,-2.4535928844215963e-14,0,186.4125387329977
60.0,b0615,1,25,0.3983895354016885,0.398389535401713,-2.4535928844215963e-14,0,186.4125387329977
60.0,b2052,2,25,0.3983895354016885,0.398389535401713,-2.4535928844215963e-14,0,186.4125387329977
60.0,b1636,1,25,0.3983895354016885,0.398389535401713,-2.4535928844215963e-14,0,186.4125387329977
60.0,b1277,1,409,0.3983895354016885,8.599149569833926e-16,0.3983895354016877,1,3771.501225051924
60.0,b2751,1,409,0.3983895354016885,0.0,0.3983895354016885,1,3771.5012250516047
60.0,b2752,1,409,0.3983895354016885,1.6993584192353458e-15,0.3983895354016868,1,3771.501225051384
60.0,b2799,1,25,0.3983895354016885,0.3983895354016822,6.272760089132135e-15,0,186.41253873299192
60.0,b3902,1,25,0.3983895354016885,0.3983895354016872,1.27675647831893e-15,0,186.4125387329926
60.0,b2705,1,25,0.3983895354016885,0.3983895354016872,1.27675647831893e-15,0,186.4125387329926
60.0,b2091,1,25,0.3983895354016885,0.3983895354016872,1.27675647831893e-15,0,186.4125387329926
60.0,b3137,1,25,0.3983895354016885,0.3983895354016872,1.27675647831893e-15,0,186.4125387329926
60.0,b3132,1,25,0.3983895354016885,0.3983895354016872,1.27675647831893e-15,0,186.4125387329926
60.0,b2096,1,25,0.3983895354016885,0.3983895354016872,1.27675647831893e-15,0,186.4125387329926
60.0,b2095,1,25,0.3983895354016885,0.3983895354016872,1.27675647831893e-15,0,186.4125387329926
60.0,b4323,1,25,0.3983895354016885,0.3983895354016872,1.27675647831893e-15,0,186.4125387329926
60.0,b1521,1,25,0.3983895354016885,0.3983895354016872,1.27675647831893e-15,0,186.4125387329926
60.0,b3385,1,25,0.3983895354016885,0.3983895354016872,1.27675647831893e-15,0,186.4125387329926
60.0,b0507,1,25,0.3983895354016885,0.3983895354016872,1.27675647831893e-15,0,186.4125387329926
60.0,b3061,1,25,0.3983895354016885,0.3983895354016872,1.27675647831893e-15,0,186.4125387329926
60.0,b3062,1,25,0.3983895354016885,0.3983895354016872,1.27675647831893e-15,0,186.4125387329926
60.0,b3126,1,25,0.3983895354016885,0.3983895354016872,1.27675647831893e-15,0,186.4125387329926
60.0,b1095,9,409,0.3983895354016885,-6.497036379609364e-16,0.3983895354016892,1,3771.501225051399
60.0,b1054,1,25,0.3983895354016885,0.3983895354016803,8.215650382226158e-15,0,186.4125387329913
60.0,b1855,2,25,0.3983895354016885,0.398389535401704,-1.5487611193520934e-14,0,186.41253873299573
60.0,b2378,1,25,0.3983895354016885,0.398389535401704,-1.5487611193520934e-14,0,186.41253873299573
60.0,b0109,1,409,0.3983895354016885,-1.1984432683446473e-12,0.3983895354028869,1,3771.501225073206
60.0,b1094,26,409,0.3983895354016885,-3.977631306728215e-28,0.3983895354016885,1,3771.501225051436
60.0,b2836,23,448,0.3983895354016885,0.391503023141822,0.0068865122598665,0,187.3181310356127
60.0,b2472,1,409,0.3983895354016885,-2.216805937399088e-15,0.3983895354016907,1,3771.501225052282
60.0,b1589,3,25,0.3983895354016885,0.3983895354016822,6.3282712403633915e-15,0,186.4125387329917
60.0,b1588,3,25,0.3983895354016885,0.3983895354017038,-1.5265566588595902e-14,0,186.4125387329959
60.0,b1587,3,25,0.3983895354016885,0.3983895354017038,-1.5265566588595902e-14,0,186.4125387329959
60.0,b1590,3,25,0.3983895354016885,0.3983895354017038,-1.5265566588595902e-14,0,186.4125387329959
60.0,b0894,4,25,0.3983895354016885,0.3983895354017038,-1.5265566588595902e-14,0,186.4125387329959
60.0,b0895,4,25,0.3983895354016885,0.3983895354017038,-1.5265566588595902e-14,0,186.4125387329959
60.0,b0896,4,25,0.3983895354016885,0.3983895354017038,-1.5265566588595902e-14,0,186.4125387329959
60.0,b3553,10,25,0.3983895354016885,0.3983895354017038,-1.5265566588595902e-14,0,186.4125387329959
60.0,b0638,1,25,0.3983895354016885,0.3983895354017038,-1.5265566588595902e-14,0,186.4125387329959
60.0,b3399,5,25,0.3983895354016885,0.3983895354017038,-1.5265566588595902e-14,0,186.4125387329959
60.0,b0469,1,25,0.3983895354016885,0.3983895354017038,-1.5265566588595902e-14,0,186.4125387329959
60.0,b3187,1,409,0.3983895354016885,3.298825199726487e-11,0.3983895353687002,1,3771.501224463049
60.0,b3222,1,25,0.3983895354016885,0.398389535401694,-5.495603971894525e-15,0,186.412538732994
60.0,b3225,1,25,0.3983895354016885,0.3983895354017038,-1.5265566588595902e-14,0,186.4125387329959
60.0,b1732,1,25,0.3983895354016885,0.3983895354017038,-1.5265566588595902e-14,0,186.4125387329959
60.0,b3942,1,25,0.3983895354016885,0.3983895354017038,-1.5265566588595902e-14,0,186.4125387329959
60.0,b0586,1,25,0.3983895354016885,0.3983895354017038,-1.5265566588595902e-14,0,186.4125387329959
60.0,b3794,1,25,0.3983895354016885,0.3983895354017038,-1.5265566588595902e-14,0,186.4125387329959
60.0,b3693,1,25,0.3983895354016885,0.3983895354017038,-1.5265566588595902e-14,0,186.4125387329959
60.0,b2901,1,25,0.3983895354016885,0.3983895354017038,-1.5265566588595902e-14,0,186.4125387329959
60.0,b3721,2,25,0.3983895354016885,0.3983895354017038,-1.5265566588595902e-14,0,186.4125387329959
60.0,b2716,2,25,0.3983895354016885,0.3983895354017038,-1.5265566588595902e-14,0,186.4125387329959
60.0,b3416,4,25,0.3983895354016885,0.3983895354017038,-1.5265566588595902e-14,0,186.4125387329959
60.0,b1398,1,25,0.3983895354016885,0.3983895354017038,-1.5265566588595902e-14,0,186.4125387329959
60.0,b0049,3,25,0.3983895354016885,0.3983895354017038,-1.5265566588595902e-14,0,186.4125387329959
60.0,b3784,1,25,0.3983895354016885,0.3983895354017038,-1.5265566588595902e-14,0,186.4125387329959
60.0,b4481,1,25,0.3983895354016885,0.3983895354017038,-1.5265566588595902e-14,0,186.4125387329959
60.0,b3052,2,25,0.3983895354016885,0.3983895354017038,-1.5265566588595902e-14,0,186.4125387329959
60.0,b1896,1,25,0.3983895354016885,0.3983895354017038,-1.5265566588595902e-14,0,186.4125387329959
60.0,b0841,2,409,0.3983895354016885,-2.967525176719579e-17,0.3983895354016886,1,3771.501225051592
60.0,b1278,30,409,0.3983895354016885,0.0,0.3983895354016885,1,3771.501225051186
60.0,b3057,2,409,0.3983895354016885,0.0,0.3983895354016885,1,3771.501225051186
60.0,b3519,1,25,0.3983895354016885,0.3983895354016691,1.9373391779708985e-14,0,186.41253873298885
60.0,b0910,3,409,0.3983895354016885,5.938709139975217e-16,0.3983895354016879,1,3771.5012250516047
60.0,b3648,2,409,0.3983895354016885,2.6532013426966026e-29,0.3983895354016885,1,3771.501225051517
60.0,b1694,1,25,0.3983895354016885,0.3983895354016872,1.3322676295501878e-15,0,186.41253873299385
60.0,b2221,3,25,0.3983895354016885,0.3983895354017006,-1.2045919817182948e-14,0,186.4125387329952
60.0,b2222,3,25,0.3983895354016885,0.3983895354017006,-1.2045919817182948e-14,0,186.4125387329952
60.0,b2039,1,25,0.3983895354016885,0.3983895354017006,-1.2045919817182948e-14,0,186.4125387329952
60.0,b3789,1,25,0.3983895354016885,0.3983895354017006,-1.2045919817182948e-14,0,186.4125387329952
60.0,b2041,1,25,0.3983895354016885,0.3983895354017006,-1.2045919817182948e-14,0,186.4125387329952
60.0,b3788,1,25,0.3983895354016885,0.3983895354017006,-1.2045919817182948e-14,0,186.4125387329952
60.0,b2036,1,25,0.3983895354016885,0.3983895354017006,-1.2045919817182948e-14,0,186.4125387329952
60.0,b2038,1,25,0.3983895354016885,0.3983895354017006,-1.2045919817182948e-14,0,186.4125387329952
60.0,b2040,1,25,0.3983895354016885,0.3983895354017006,-1.2045919817182948e-14,0,186.4125387329952
60.0,b0512,1,25,0.3983895354016885,0.3983895354017006,-1.2045919817182948e-14,0,186.4125387329952
60.0,b3972,1,409,0.3983895354016885,2.97791538657879e-16,0.3983895354016882,1,3771.5012250516256
60.0,s0001,45,414,0.3983895354016885,0.0,0.3983895354016885,1,19948.90823518949
60.0,b3617,1,36,0.3983895354016885,0.3983895354021788,-4.902744876744691e-13,0,186.2114994798883
60.0,b0030,5,36,0.3983895354016885,0.398389535401695,-6.494804694057166e-15,0,186.21149948036663
60.0,b0200,1,36,0.3983895354016885,0.3983895354017189,-3.0420110874729296e-14,0,186.21149948037169
60.0,b0222,1,36,0.3983895354016885,0.3983895354017189,-3.0420110874729296e-14,0,186.21149948037169
60.0,b0038,2,36,0.3983895354016885,0.3983895354017189,-3.0420110874729296e-14,0,186.21149948037169
60.0,b0036,2,36,0.3983895354016885,0.3983895354017189,-3.0420110874729296e-14,0,186.21149948037169
60.0,b3844,6,362,0.3983895354016885,0.3966623965199808,0.0017271388817077,0,185.80455570227736
60.0,b2784,2,36,0.3983895354016885,0.3983895354016991,-1.0602629885170243e-14,0,186.2114994803676
60.0,b2431,1,409,0.3983895354016885,5.214753624196816e-16,0.398389535401688,1,3771.501225050773
60.0,b1019,1,409,0.3983895354016885,0.0,0.3983895354016885,1,3771.5012250514046
60.0,b0475,1,409,0.3983895354016885,0.0,0.3983895354016885,1,3771.5012250514046
60.0,b4040,1,409,0.3983895354016885,3.2987580573828315e-11,0.398389535368701,1,3771.501224462853
60.0,b3974,1,409,0.3983895354016885,4.2292900344789813e-23,0.3983895354016885,1,3771.501225051317
60.0,b0103,1,409,0.3983895354016885,-7.907288512439174e-14,0.3983895354017676,1,3771.501225052616
60.0,b2104,1,36,0.3983895354016885,0.3983895354016893,-8.326672684688674e-16,0,186.2114994803657
60.0,b1215,1,409,0.3983895354016885,7.449648034566881e-17,0.3983895354016885,1,3771.501225050784
60.0,b3198,1,409,0.3983895354016885,0.0,0.3983895354016885,1,3771.501225051439
60.0,b1747,1,36,0.3983895354016885,0.3983895354016823,6.161737786669619e-15,0,186.21149948036413
60.0,b1744,1,36,0.3983895354016885,0.3983895354017068,-1.8318679906315083e-14,0,186.21149948036896
60.0,b0340,1,36,0.3983895354016885,0.3983895354017068,-1.8318679906315083e-14,0,186.21149948036896
60.0,b2988,2,36,0.3983895354016885,0.3983895354017068,-1.8318679906315083e-14,0,186.21149948036896
60.0,b2883,1,36,0.3983895354016885,0.3983895354017068,-1.8318679906315083e-14,0,186.21149948036896
60.0,b1098,1,409,0.3983895354016885,5.296769741547893e-16,0.398389535401688,1,3771.50122505188
60.0,b0888,1,41,0.3983895354016885,0.3983895354016932,-4.6629367034256575e-15,0,186.2601036001868
60.0,b2690,7,41,0.3983895354016885,0.3983895354016646,2.3925306180672123e-14,0,186.2601036001812
60.0,b0688,1,41,0.3983895354016885,0.3983895354016646,2.3925306180672123e-14,0,186.2601036001812
60.0,b1317,1,41,0.3983895354016885,0.3983895354016646,2.3925306180672123e-14,0,186.2601036001812
60.0,b2168,1,41,0.3983895354016885,0.3983895354016646,2.3925306180672123e-14,0,186.2601036001812
60.0,b2687,1,409,0.3983895354016885,4.9259355896245633e-11,0.3983895353524291,1,3771.501224172071
60.0,b3581,1,41,0.3983895354016885,0.3983895354016892,-7.2164496600635185e-16,0,186.26010360018608
60.0,b4196,1,41,0.3983895354016885,0.3983895354016646,2.3925306180672123e-14,0,186.2601036001812
60.0,b3582,1,41,0.3983895354016885,0.3983895354016646,2.3925306180672123e-14,0,186.2601036001812
60.0,b4197,1,41,0.3983895354016885,0.3983895354016646,2.3925306180672123e-14,0,186.2601036001812
60.0,b3575,1,41,0.3983895354016885,0.3983895354016646,2.3925306180672123e-14,0,186.2601036001812
60.0,b0312,2,41,0.3983895354016885,0.3983895354016646,2.3925306180672123e-14,0,186.2601036001812
60.0,b0403,5,41,0.3983895354016885,0.3983895354016646,2.3925306180672123e-14,0,186.2601036001812
60.0,b0207,2,41,0.3983895354016885,0.3983895354016646,2.3925306180672123e-14,0,186.2601036001812
60.0,b3012,2,41,0.3983895354016885,0.3983895354016646,2.3925306180672123e-14,0,186.2601036001812
60.0,b3962,1,41,0.3983895354016885,0.3983895354016646,2.3925306180672123e-14,0,186.2601036001812
60.0,b2764,4,409,0.3983895354016885,1.5588014522178177e-15,0.398389535401687,1,3771.5012250509167
60.0,b2763,4,409,0.3983895354016885,0.0,0.3983895354016885,1,3771.5012250515697
60.0,b0937,2,41,0.3983895354016885,0.3983895354016893,-8.326672684688674e-16,0,186.2601036001857
60.0,b2563,1,41,0.3983895354016885,0.3983895354016646,2.3925306180672123e-14,0,186.2601036001812
60.0,b3475,1,41,0.3983895354016885,0.3983895354016646,2.3925306180672123e-14,0,186.2601036001812
60.0,b2507,2,409,0.3983895354016885,7.623225342343487e-17,0.3983895354016885,1,3771.501225050961
60.0,b1982,1,41,0.3983895354016885,0.3983895354016918,-3.275157922644212e-15,0,186.2601036001861
60.0,b3360,1,409,0.3983895354016885,-5.232045221182115e-16,0.398389535401689,1,3771.501225050956
60.0,b1812,1,409,0.3983895354016885,-4.455440787826421e-27,0.3983895354016885,1,3771.5012250515
60.0,b1096,2,409,0.3983895354016885,3.2987580573843147e-11,0.398389535368701,1,3771.501224462951
60.0,b4039,2,409,0.3983895354016885,3.2987580573827346e-11,0.398389535368701,1,3771.501224463144
60.0,b2416,21,424,0.3983895354016885,0.3784700586316178,0.0199194767700706,0,857.056407289547
60.0,b1200,1,41,0.3983895354016885,0.3983895354016847,3.774758283725532e-15,0,186.26010360018512
60.0,b2415,21,424,0.3983895354016885,0.3784700586315795,0.0199194767701089,0,857.0564072895256
60.0,b1199,1,41,0.3983895354016885,0.3983895354016847,3.774758283725532e-15,0,186.26010360018512
60.0,b1198,1,41,0.3983895354016885,0.3983895354016646,2.3925306180672123e-14,0,186.2601036001812
60.0,b0171,1,409,0.3983895354016885,4.454718336690658e-16,0.3983895354016881,1,3771.501225050951
60.0,b4477,1,41,0.3983895354016885,0.3983895354016872,1.3322676295501878e-15,0,186.26010360018543
60.0,b2498,1,41,0.3983895354016885,0.3983895354016646,2.3925306180672123e-14,0,186.2601036001812
60.0,b2780,1,409,0.3983895354016885,5.650673046720132e-17,0.3983895354016885,1,3771.501225050943
60.0,b0087,1,409,0.3983895354016885,4.47062722424784e-29,0.3983895354016885,1,3771.5012250513128
60.0,b0090,1,409,0.3983895354016885,0.0,0.3983895354016885,1,3771.50122505156
60.0,b3946,1,41,0.3983895354016885,0.3983895354016838,4.6629367034256575e-15,0,186.26010360018464
60.0,b0825,1,41,0.3983895354016885,0.3983895354016646,2.3925306180672123e-14,0,186.2601036001812
60.0,b3619,1,41,0.3983895354016885,0.3983895354016646,2.3925306180672123e-14,0,186.2601036001812
60.0,b4267,2,41,0.3983895354016885,0.3983895354016646,2.3925306180672123e-14,0,186.2601036001812
60.0,b1033,4,41,0.3983895354016885,0.3983895354016646,2.3925306180672123e-14,0,186.2601036001812
60.0,b3957,1,409,0.3983895354016885,1.5328776554743126e-16,0.3983895354016883,1,3771.501225050932
60.0,b1623,2,41,0.3983895354016885,0.398389535401683,5.551115123125783e-15,0,186.26010360018435
60.0,b3665,1,41,0.3983895354016885,0.3983895354016646,2.3925306180672123e-14,0,186.2601036001812
60.0,b4177,1,409,0.3983895354016885,-4.894198783297095e-13,0.398389535402178,1,3771.501225059688
60.0,b0677,1,41,0.3983895354016885,0.3983895354016863,2.164934898019056e-15,0,186.2601036001852
60.0,b0828,1,41,0.3983895354016885,0.3983895354016646,2.3925306180672123e-14,0,186.2601036001812
60.0,b1767,1,41,0.3983895354016885,0.3983895354016646,2.3925306180672123e-14,0,186.2601036001812
60.0,b0674,2,409,0.3983895354016885,7.623225342343487e-17,0.3983895354016885,1,3771.501225050964
60.0,b3744,1,334,0.3983895354016885,0.3976258251062656,0.0007637102954229,0,186.41499372992791
60.0,b4245,1,409,0.3983895354016885,7.014439373465793e-17,0.3983895354016885,1,3771.501225051588
60.0,b4244,1,409,0.3983895354016885,2.1694627644685802e-29,0.3983895354016885,1,3771.501225051296
60.0,b0029,2,409,0.3983895354016885,2.4633672559100168e-11,0.3983895353770548,1,3771.501224611316
60.0,b1092,1,409,0.3983895354016885,2.7348870456204983e-27,0.3983895354016885,1,3771.501225051481
60.0,b3809,1,409,0.3983895354016885,0.0,0.3983895354016885,1,3771.5012250514014
60.0,b0031,1,409,0.3983895354016885,0.0,0.3983895354016885,1,3771.501225051458
60.0,b0003,2,409,0.3983895354016885,0.0,0.3983895354016885,1,3771.501225051328
60.0,b1748,3,409,0.3983895354016885,0.0,0.3983895354016885,1,3771.5012250514446
60.0,b3359,2,409,0.3983895354016885,0.0,0.3983895354016885,1,3771.5012250513614
60.0,b0004,1,409,0.3983895354016885,0.0,0.3983895354016885,1,3771.5012250513614
60.0,b4013,1,409,0.3983895354016885,0.0,0.3983895354016885,1,3771.5012250514446
60.0,b1704,1,409,0.3983895354016885,1.9301662913596555e-14,0.3983895354016692,1,3771.5012250509626
60.0,b2601,1,409,0.3983895354016885,1.9301662913596602e-14,0.3983895354016692,1,3771.501225051036
60.0,b0754,1,409,0.3983895354016885,1.9301662913596602e-14,0.3983895354016692,1,3771.501225051036
60.0,b2700,1,41,0.3983895354016885,0.3983895354016899,-1.3877787807814457e-15,0,186.2601036001864
60.0,b1768,1,41,0.3983895354016885,0.3983895354016646,2.3925306180672123e-14,0,186.2601036001812
60.0,b1014,2,41,0.3983895354016885,0.3983895354016646,2.3925306180672123e-14,0,186.2601036001812
60.0,b1584,2,41,0.3983895354016885,0.3983895354016646,2.3925306180672123e-14,0,186.2601036001812
60.0,b3790,1,41,0.3983895354016885,0.3983895354016646,2.3925306180672123e-14,0,186.2601036001812
60.0,b4014,1,41,0.3983895354016885,0.3983895354016646,2.3925306180672123e-14,0,186.2601036001812
60.0,b2976,1,41,0.3983895354016885,0.3983895354016646,2.3925306180672123e-14,0,186.2601036001812
60.0,b1897,1,41,0.3983895354016885,0.3983895354016646,2.3925306180672123e-14,0,186.2601036001812
60.0,b3034,1,41,0.3983895354016885,0.3983895354016646,2.3925306180672123e-14,0,186.2601036001812
60.0,b3397,1,41,0.3983895354016885,0.3983895354016646,2.3925306180672123e-14,0,186.2601036001812
60.0,b0062,1,41,0.3983895354016885,0.3983895354016646,2.3925306180672123e-14,0,186.2601036001812
60.0,b3600,1,41,0.3983895354016885,0.3983895354016646,2.3925306180672123e-14,0,186.2601036001812
60.0,b3608,1,320,0.3983895354016885,0.3980588243468814,0.0003307110548071,0,186.7436056744578
60.0,b4119,1,41,0.3983895354016885,0.3983895354016801,8.437694987151191e-15,0,186.26010360018404
60.0,b2802,2,41,0.3983895354016885,0.3983895354016646,2.3925306180672123e-14,0,186.2601036001812
60.0,b2803,1,41,0.3983895354016885,0.3983895354016646,2.3925306180672123e-14,0,186.2601036001812
60.0,b2800,1,41,0.3983895354016885,0.3983895354016646,2.3925306180672123e-14,0,186.2601036001812
60.0,b2738,1,41,0.3983895354016885,0.3983895354016646,2.3925306180672123e-14,0,186.2601036001812
60.0,b0335,1,41,0.3983895354016885,0.3983895354016646,2.3925306180672123e-14,0,186.2601036001812
60.0,b1236,1,41,0.3983895354016885,0.3983895354016646,2.3925306180672123e-14,0,186.2601036001812
60.0,b0179,1,409,0.3983895354016885,2.899728445885608e-16,0.3983895354016882,1,3771.501225050967
60.0,b0085,1,409,0.3983895354016885,0.0,0.3983895354016885,1,3771.501225051268
60.0,b0091,1,409,0.3983895354016885,0.0,0.3983895354016885,1,3771.5012250514815
60.0,b0088,1,409,0.3983895354016885,0.0,0.3983895354016885,1,3771.501225051532
60.0,b0505,1,41,0.3983895354016885,0.3983895354016808,7.66053886991358e-15,0,186.26010360018407
60.0,b0350,1,41,0.3983895354016885,0.3983895354017034,-1.4876988529977098e-14,0,186.2601036001884
60.0,b0352,1,41,0.3983895354016885,0.3983895354017034,-1.4876988529977098e-14,0,186.2601036001884
60.0,b0347,2,41,0.3983895354016885,0.3983895354017034,-1.4876988529977098e-14,0,186.2601036001884
60.0,b0726,1,420,0.3983895354016885,0.3908406194987901,0.0075489159028984,0,221.64557934289087
60.0,b0727,1,420,0.3983895354016885,0.3908406194987716,0.0075489159029168,0,221.64557934288547
60.0,b3945,4,73,0.3983895354016885,0.3983895354016804,8.104628079763643e-15,0,186.24695809178468
60.0,b0131,1,409,0.3983895354016885,-1.6914633639987839e-16,0.3983895354016887,1,3771.5012250513983
60.0,b0086,1,409,0.3983895354016885,0.0,0.3983895354016885,1,3771.501225051558
60.0,b0096,1,409,0.3983895354016885,0.0,0.3983895354016885,1,3771.5012250514856
60.0,b0181,1,409,0.3983895354016885,0.0,0.3983895354016885,1,3771.501225051411
60.0,b2019,1,409,0.3983895354016885,0.0,0.3983895354016885,1,3771.501225051474
60.0,b2020,1,409,0.3983895354016885,0.0,0.3983895354016885,1,3771.5012250515447
60.0,b2022,2,409,0.3983895354016885,0.0,0.3983895354016885,1,3771.501225051351
60.0,b1207,1,17,0.3983895354016885,0.3983895354016892,-6.661338147750939e-16,0,185.56103640988445
60.0,b2026,2,409,0.3983895354016885,-7.577492760210623e-16,0.3983895354016893,1,3771.501225051232
60.0,b2024,1,409,0.3983895354016885,0.0,0.3983895354016885,1,3771.501225051589
60.0,b3607,1,409,0.3983895354016885,0.0,0.3983895354016885,1,3771.501225051484
60.0,b2421,1,409,0.3983895354016885,0.0,0.3983895354016885,1,3771.501225051563
60.0,b2414,1,409,0.3983895354016885,0.0,0.3983895354016885,1,3771.501225051563
60.0,b4214,1,409,0.3983895354016885,0.0,0.3983895354016885,1,3771.501225051563
60.0,b2762,2,409,0.3983895354016885,0.0,0.3983895354016885,1,3771.501225051456
60.0,b4024,1,409,0.3983895354016885,0.0,0.3983895354016885,1,3771.501225051158
60.0,b0002,2,409,0.3983895354016885,0.0,0.3983895354016885,1,3771.5012250513
60.0,b3940,2,409,0.3983895354016885,0.0,0.3983895354016885,1,3771.5012250513
60.0,b3433,1,409,0.3983895354016885,0.0,0.3983895354016885,1,3771.5012250513
60.0,b2838,1,409,0.3983895354016885,0.0,0.3983895354016885,1,3771.5012250513
60.0,b2942,1,409,0.3983895354016885,2.4575380182517902e-11,0.3983895353771131,1,3771.5012246130455
60.0,b4192,1,17,0.3983895354016885,0.3983895354016776,1.0880185641326534e-14,0,185.56103640988223
60.0,b1993,2,17,0.3983895354016885,0.3983895354016763,1.2212453270876722e-14,0,185.56103640988167
60.0,b1992,1,17,0.3983895354016885,0.3983895354016763,1.2212453270876722e-14,0,185.56103640988167
60.0,b0417,1,409,0.3983895354016885,-1.3991921175032156e-15,0.3983895354016899,1,3771.501225051224
60.0,b0348,2,17,0.3983895354016885,0.3983895354017074,-1.887379141862766e-14,0,185.5610364098894
60.0,b0349,2,17,0.3983895354016885,0.3983895354016763,1.2212453270876722e-14,0,185.56103640988167
60.0,b3124,1,17,0.3983895354016885,0.3983895354016763,1.2212453270876722e-14,0,185.56103640988167
60.0,b0583,1,17,0.3983895354016885,0.3983895354016763,1.2212453270876722e-14,0,185.56103640988167
60.0,b0732,1,17,0.3983895354016885,0.3983895354016763,1.2212453270876722e-14,0,185.56103640988167
60.0,b0517,1,17,0.3983895354016885,0.3983895354016763,1.2212453270876722e-14,0,185.56103640988167
60.0,b0521,1,382,0.3983895354016885,0.3944509317433408,0.0039386036583477,0,186.5507777899127
60.0,b3223,1,17,0.3983895354016885,0.3983895354016812,7.271960811294775e-15,0,185.5610364098827
60.0,b2428,1,17,0.3983895354016885,0.3983895354016763,1.2212453270876722e-14,0,185.56103640988167
60.0,b2162,2,17,0.3983895354016885,0.3983895354016763,1.2212453270876722e-14,0,185.56103640988167
60.0,b0651,2,17,0.3983895354016885,0.3983895354016763,1.2212453270876722e-14,0,185.56103640988167
60.0,b0522,1,409,0.3983895354016885,-1.3972900029074008e-13,0.3983895354018282,1,3771.501225053735
60.0,b1779,6,436,0.3983895354016885,0.1426539947619027,0.2557355406397857,0,6034.619850870799
60.0,b2388,1,25,0.3983895354016885,0.3983895354017004,-1.1879386363489175e-14,0,385.6823947159751
60.0,b2029,1,391,0.3983895354016885,0.3939247349057834,0.0044648004959051,0,445.8394238895224
60.0,b0368,1,75,0.3983895354016885,0.398389535401693,-4.496403249731884e-15,0,385.6805796707103
60.0,b2463,1,75,0.3983895354016885,0.3983895354016913,-2.775557561562892e-15,0,385.6805796707101
60.0,b3960,1,411,0.3983895354016885,2.241563387647945e-16,0.3983895354016883,1,4006.6904937497866
60.0,b0032,1,75,0.3983895354016885,0.398389535401681,7.549516567451064e-15,0,385.6805796707072
60.0,b0033,1,75,0.3983895354016885,0.3983895354016913,-2.775557561562892e-15,0,385.6805796707101
60.0,b0242,1,411,0.3983895354016885,-2.87437614075908e-18,0.3983895354016885,1,4006.690493749794
60.0,b0074,1,411,0.3983895354016885,0.0,0.3983895354016885,1,4006.690493749726
60.0,b1091,3,411,0.3983895354016885,0.0,0.3983895354016885,1,4006.69049374977
60.0,b3908,1,75,0.3983895354016885,0.3983895354016886,-5.551115123125783e-17,0,385.6805796707093
60.0,b1656,1,75,0.3983895354016885,0.3983895354016913,-2.775557561562892e-15,0,385.6805796707101
60.0,b0159,3,411,0.3983895354016885,4.9260198830704535e-11,0.3983895353524283,1,4006.6904928664608
60.0,b1106,1,25,0.3983895354016885,0.3983895354016742,1.4321877017664523e-14,0,385.6823947159676
60.0,b1759,2,25,0.3983895354016885,0.3983895354017094,-2.09277040141842e-14,0,385.6823947159767
60.0,b2251,3,41,0.3983895354016885,0.3983895354017094,-2.09277040141842e-14,0,385.8172703756516
60.0,b0905,1,41,0.3983895354016885,0.3983895354017073,-1.8818280267396403e-14,0,385.8172703756509
60.0,b3248,2,41,0.3983895354016885,0.3983895354017073,-1.8818280267396403e-14,0,385.8172703756509
60.0,b0386,1,411,0.3983895354016885,8.153167111495894e-16,0.3983895354016877,1,4006.690493750026
60.0,b3425,1,41,0.3983895354016885,0.3983895354016815,6.994405055138486e-15,0,385.8172703756448
60.0,b2668,1,41,0.3983895354016885,0.3983895354017073,-1.8818280267396403e-14,0,385.8172703756509
60.0,b2521,2,41,0.3983895354016885,0.3983895354017073,-1.8818280267396403e-14,0,385.8172703756509
60.0,b2053,1,41,0.3983895354016885,0.3983895354017073,-1.8818280267396403e-14,0,385.8172703756509
60.0,b2920,1,41,0.3983895354016885,0.3983895354017073,-1.8818280267396403e-14,0,385.8172703756509
60.0,b2143,2,41,0.3983895354016885,0.3983895354017073,-1.8818280267396403e-14,0,385.8172703756509
60.0,b0778,1,411,0.3983895354016885,-1.2760357533410455e-16,0.3983895354016886,1,4006.690493750044
60.0,b2065,1,41,0.3983895354016885,0.3983895354016813,7.160938508832261e-15,0,385.8172703756442
60.0,b2478,1,411,0.3983895354016885,5.197644401185575e-16,0.398389535401688,1,4006.6904937498166
60.0,b0337,1,41,0.3983895354016885,0.3983895354016858,2.720046410331633e-15,0,385.8172703756456
60.0,b3729,1,411,0.3983895354016885,-5.197644401185575e-16,0.398389535401689,1,4006.690493749824
60.0,b2688,1,41,0.3983895354016885,0.3983895354016853,3.1641356201816957e-15,0,385.8172703756453
60.0,b0485,1,41,0.3983895354016885,0.3983895354016936,-5.051514762044462e-15,0,385.8172703756477
60.0,b1524,1,41,0.3983895354016885,0.3983895354016936,-5.051514762044462e-15,0,385.8172703756477
60.0,b2312,1,411,0.3983895354016885,8.93994837003919e-14,0.3983895354015991,1,4006.690493748225
60.0,b0104,1,41,0.3983895354016885,0.3983895354016871,1.4432899320127037e-15,0,385.8172703756462
60.0,b1740,1,411,0.3983895354016885,-1.2279434897800922e-12,0.3983895354029165,1,4006.690493771837
60.0,b3366,1,41,0.3983895354016885,0.3983895354016884,1.1102230246251563e-16,0,385.8172703756462
60.0,b3365,1,41,0.3983895354016885,0.3983895354016936,-5.051514762044462e-15,0,385.8172703756477
60.0,b4254,1,411,0.3983895354016885,0.0,0.3983895354016885,1,4006.690493749819
60.0,b0273,1,411,0.3983895354016885,0.0,0.3983895354016885,1,4006.69049374968
60.0,b2500,1,340,0.3983895354016885,0.3971938792613885,0.0011956561403,0,386.4774503446273
60.0,b3449,5,41,0.3983895354016885,0.3983895354016976,-9.048317650695026e-15,0,385.8172703756488
60.0,b0331,1,41,0.3983895354016885,0.3983895354016936,-5.051514762044462e-15,0,385.8172703756477
60.0,b2210,2,41,0.3983895354016885,0.3983895354016936,-5.051514762044462e-15,0,385.8172703756477
60.0,b1746,1,41,0.3983895354016885,0.3983895354016936,-5.051514762044462e-15,0,385.8172703756477
60.0,b0052,1,411,0.3983895354016885,-1.039528880237115e-15,0.3983895354016896,1,4006.690493749844
60.0,b2564,1,411,0.3983895354016885,0.0,0.3983895354016885,1,4006.690493749563
60.0,b0369,1,411,0.3983895354016885,0.0,0.3983895354016885,1,4006.690493749563
60.0,b4005,1,411,0.3983895354016885,-1.8998685680590261e-13,0.3983895354018785,1,4006.69049375276
60.0,b2557,1,411,0.3983895354016885,5.2264552498743616e-14,0.3983895354016362,1,4006.6904937488025
60.0,b2441,1,41,0.3983895354016885,0.3983895354016828,5.6621374255882976e-15,0,385.81727037564445
60.0,b2440,1,41,0.3983895354016885,0.3983895354016936,-5.051514762044462e-15,0,385.8172703756477
60.0,b2049,1,41,0.3983895354016885,0.3983895354016936,-5.051514762044462e-15,0,385.8172703756477
60.0,b3806,1,41,0.3983895354016885,0.3983895354016936,-5.051514762044462e-15,0,385.8172703756477
60.0,b2533,2,41,0.3983895354016885,0.3983895354016936,-5.051514762044462e-15,0,385.8172703756477
60.0,b0333,1,41,0.3983895354016885,0.3983895354016936,-5.051514762044462e-15,0,385.8172703756477
60.0,b3590,1,41,0.3983895354016885,0.3983895354016936,-5.051514762044462e-15,0,385.8172703756477
60.0,b2173,1,41,0.3983895354016885,0.3983895354016936,-5.051514762044462e-15,0,385.8172703756477
60.0,b2918,1,41,0.3983895354016885,0.3983895354016936,-5.051514762044462e-15,0,385.8172703756477
60.0,b2727,1,41,0.3983895354016885,0.3983895354016936,-5.051514762044462e-15,0,385.8172703756477
60.0,b4173,1,41,0.3983895354016885,0.3983895354016936,-5.051514762044462e-15,0,385.8172703756477
60.0,b4352,1,41,0.3983895354016885,0.3983895354016936,-5.051514762044462e-15,0,385.8172703756477
60.0,b4161,4,41,0.3983895354016885,0.3983895354016936,-5.051514762044462e-15,0,385.8172703756477
60.0,b1852,1,401,0.3983895354016885,0.3939247349057865,0.004464800495902,0,445.9831730845034
60.0,b0134,1,411,0.3983895354016885,8.068506506839025e-16,0.3983895354016877,1,4006.690493749245
60.0,b2028,1,41,0.3983895354016885,0.3983895354016882,3.3306690738754696e-16,0,385.8172703756466
60.0,b2787,1,41,0.3983895354016885,0.3983895354016828,5.717648576819556e-15,0,385.8172703756449
60.0,b2788,1,41,0.3983895354016885,0.3983895354016828,5.717648576819556e-15,0,385.8172703756449
60.0,b3791,1,41,0.3983895354016885,0.3983895354016828,5.717648576819556e-15,0,385.8172703756449
60.0,b3787,1,41,0.3983895354016885,0.3983895354016828,5.717648576819556e-15,0,385.8172703756449
60.0,b1415,2,41,0.3983895354016885,0.3983895354016828,5.717648576819556e-15,0,385.8172703756449
60.0,b1493,1,41,0.3983895354016885,0.3983895354016828,5.717648576819556e-15,0,385.8172703756449
60.0,b3517,1,41,0.3983895354016885,0.3983895354016828,5.717648576819556e-15,0,385.8172703756449
60.0,b3551,3,41,0.3983895354016885,0.3983895354016828,5.717648576819556e-15,0,385.8172703756449
60.0,b2750,1,411,0.3983895354016885,3.7382470630349416e-16,0.3983895354016881,1,4006.6904937494255
60.0,b1622,1,411,0.3983895354016885,0.0,0.3983895354016885,1,4006.690493749699
60.0,b3939,1,411,0.3983895354016885,-1.7459235529728128e-29,0.3983895354016885,1,4006.690493749797
60.0,b2661,1,41,0.3983895354016885,0.3983895354016897,-1.1657341758564144e-15,0,385.8172703756465
60.0,b0241,283,414,0.3983895354016885,0.0,0.3983895354016885,1,19948.90823518949
60.0,b2215,285,414,0.3983895354016885,0.0,0.3983895354016885,1,19948.90823518949
60.0,b0929,285,414,0.3983895354016885,0.0,0.3983895354016885,1,19948.90823518949
60.0,b1377,284,414,0.3983895354016885,0.0,0.3983895354016885,1,19948.90823518949
60.0,b0411,7,22,0.3983895354016885,0.3983895354016978,-9.325873406851317e-15,0,387.8504230696992
60.0,b1319,1,438,0.3983895354016885,0.143625309728985,0.2547642256727034,0,20704.334607438053
60.0,b3875,3,438,0.3983895354016885,0.1436253097289766,0.2547642256727119,0,20704.33460743806
60.0,b0957,1,438,0.3983895354016885,0.1436253097289766,0.2547642256727119,0,20704.33460743806
60.0,b1805,10,75,0.3983895354016885,0.3983895354016817,6.772360450213455e-15,0,387.9007100937246
60.0,b1701,10,75,0.3983895354016885,0.3983895354016931,-4.551914400963142e-15,0,387.9007100937274
60.0,b1646,1,75,0.3983895354016885,0.3983895354016931,-4.551914400963142e-15,0,387.9007100937274
60.0,b2203,2,75,0.3983895354016885,0.3983895354016931,-4.551914400963142e-15,0,387.9007100937274
60.0,b2202,2,75,0.3983895354016885,0.3983895354016931,-4.551914400963142e-15,0,387.9007100937274
60.0,b2206,2,75,0.3983895354016885,0.3983895354016931,-4.551914400963142e-15,0,387.9007100937274
60.0,b2205,1,75,0.3983895354016885,0.3983895354016931,-4.551914400963142e-15,0,387.9007100937274
60.0,b2204,1,75,0.3983895354016885,0.3983895354016931,-4.551914400963142e-15,0,387.9007100937274
60.0,b0980,2,75,0.3983895354016885,0.3983895354016931,-4.551914400963142e-15,0,387.9007100937274
60.0,b0383,15,75,0.3983895354016885,0.3983895354016931,-4.551914400963142e-15,0,387.9007100937274
60.0,b1468,2,75,0.3983895354016885,0.3983895354016931,-4.551914400963142e-15,0,387.9007100937274
60.0,b1224,2,75,0.3983895354016885,0.3983895354016931,-4.551914400963142e-15,0,387.9007100937274
60.0,b1225,2,75,0.3983895354016885,0.3983895354016931,-4.551914400963142e-15,0,387.9007100937274
60.0,b1226,2,75,0.3983895354016885,0.3983895354016931,-4.551914400963142e-15,0,387.9007100937274
60.0,b1227,2,75,0.3983895354016885,0.3983895354016931,-4.551914400963142e-15,0,387.9007100937274
60.0,b1466,2,75,0.3983895354016885,0.3983895354016931,-4.551914400963142e-15,0,387.9007100937274
60.0,b1467,2,75,0.3983895354016885,0.3983895354016931,-4.551914400963142e-15,0,387.9007100937274
60.0,b1465,2,75,0.3983895354016885,0.3983895354016931,-4.551914400963142e-15,0,387.9007100937274
60.0,b1602,1,75,0.3983895354016885,0.3983895354016931,-4.551914400963142e-15,0,387.9007100937274
60.0,b1603,1,75,0.3983895354016885,0.3983895354016931,-4.551914400963142e-15,0,387.9007100937274
60.0,b0997,2,75,0.3983895354016885,0.3983895354016931,-4.551914400963142e-15,0,387.9007100937274
60.0,b0996,2,75,0.3983895354016885,0.3983895354016931,-4.551914400963142e-15,0,387.9007100937274
60.0,b1873,4,75,0.3983895354016885,0.3983895354016931,-4.551914400963142e-15,0,387.9007100937274
60.0,b1872,4,75,0.3983895354016885,0.3983895354016931,-4.551914400963142e-15,0,387.9007100937274
60.0,b3845,8,451,0.3983895354016885,0.391503023141823,0.0068865122598654,0,379.813619559561
60.0,b2342,8,451,0.3983895354016885,0.3915030231418252,0.0068865122598633,0,379.813619559561
60.0,b4388,1,415,0.3983895354016885,0.3818205324789472,0.0165690029227412,0,383.3978370543954
60.0,b0010,2,423,0.3983895354016885,0.3036382132470854,0.0947513221546031,0,1794.3822472147128
60.0,b3528,6,75,0.3983895354016885,0.3983895354016989,-1.0436096431476471e-14,0,387.9007100937294
60.0,b4123,9,75,0.3983895354016885,0.3983895354016662,2.2315482794965646e-14,0,387.9007100937214
60.0,b0621,4,75,0.3983895354016885,0.3983895354016662,2.2315482794965646e-14,0,387.9007100937214
60.0,b4138,7,75,0.3983895354016885,0.3983895354016662,2.2315482794965646e-14,0,387.9007100937214
60.0,b2417,6,417,0.3983895354016885,0.3784700586315818,0.0199194767701066,0,1056.9098347735185
60.0,b2429,2,75,0.3983895354016885,0.3983895354016714,1.7152945730458672e-14,0,387.9007100937222
60.0,b2423,5,411,0.3983895354016885,6.204075057580277e-16,0.3983895354016879,1,4006.6904937495865
60.0,b2422,5,411,0.3983895354016885,0.0,0.3983895354016885,1,4006.690493749577
60.0,b0764,3,411,0.3983895354016885,0.0,0.3983895354016885,1,4006.690493749577
60.0,b0765,3,411,0.3983895354016885,0.0,0.3983895354016885,1,4006.690493749577
60.0,b0763,3,411,0.3983895354016885,0.0,0.3983895354016885,1,4006.690493749577
60.0,b2425,5,411,0.3983895354016885,0.0,0.3983895354016885,1,4006.690493749577
60.0,b2424,5,411,0.3983895354016885,0.0,0.3983895354016885,1,4006.690493749577
60.0,b3917,5,411,0.3983895354016885,0.0,0.3983895354016885,1,4006.690493749577
60.0,b3063,1,25,0.3983895354016885,0.3983895354016926,-4.107825191113079e-15,0,387.9025251389898
60.0,b2913,3,415,0.3983895354016885,0.3818205324789487,0.0165690029227398,0,383.3978370543877
60.0,b0366,3,25,0.3983895354016885,0.3983895354016962,-7.716050021144838e-15,0,387.9025251389905
60.0,b0367,3,25,0.3983895354016885,0.3983895354016998,-1.126876369994534e-14,0,387.9025251389916
60.0,b0365,3,25,0.3983895354016885,0.3983895354016998,-1.126876369994534e-14,0,387.9025251389916
60.0,b2964,11,25,0.3983895354016885,0.3983895354016998,-1.126876369994534e-14,0,387.9025251389916
60.0,b2393,8,25,0.3983895354016885,0.3983895354016998,-1.126876369994534e-14,0,387.9025251389916
60.0,b1291,1,321,0.3983895354016885,0.3979253782376677,0.0004641571640208,0,388.0248462689837
60.0,b1250,1,321,0.3983895354016885,0.3979253782376664,0.0004641571640221,0,388.02484626898325
60.0,b1363,1,321,0.3983895354016885,0.3979253782376664,0.0004641571640221,0,388.02484626898325
60.0,b3290,1,321,0.3983895354016885,0.3979253782376664,0.0004641571640221,0,388.02484626898325
60.0,b3747,1,321,0.3983895354016885,0.3979253782376664,0.0004641571640221,0,388.02484626898325
60.0,b3849,1,321,0.3983895354016885,0.3979253782376664,0.0004641571640221,0,388.02484626898325
60.0,b2587,1,25,0.3983895354016885,0.3983895354016984,-9.880984919163892e-15,0,387.9025251389913
60.0,b4031,1,25,0.3983895354016885,0.3983895354016998,-1.126876369994534e-14,0,387.9025251389916
60.0,b0067,1,25,0.3983895354016885,0.3983895354016998,-1.126876369994534e-14,0,387.9025251389916
60.0,b0066,1,25,0.3983895354016885,0.3983895354016998,-1.126876369994534e-14,0,387.9025251389916
60.0,b0068,1,25,0.3983895354016885,0.3983895354016998,-1.126876369994534e-14,0,387.9025251389916
60.0,b2406,6,25,0.3983895354016885,0.3983895354016998,-1.126876369994534e-14,0,387.9025251389916
60.0,b3460,5,25,0.3983895354016885,0.3983895354016998,-1.126876369994534e-14,0,387.9025251389916
60.0,b3455,5,25,0.3983895354016885,0.3983895354016998,-1.126876369994534e-14,0,387.9025251389916
60.0,b3454,5,25,0.3983895354016885,0.3983895354016998,-1.126876369994534e-14,0,387.9025251389916
60.0,b3457,5,25,0.3983895354016885,0.3983895354016998,-1.126876369994534e-14,0,387.9025251389916
60.0,b3456,5,25,0.3983895354016885,0.3983895354016998,-1.126876369994534e-14,0,387.9025251389916
60.0,b4240,1,25,0.3983895354016885,0.3983895354016998,-1.126876369994534e-14,0,387.9025251389916
60.0,b3161,2,25,0.3983895354016885,0.3983895354016998,-1.126876369994534e-14,0,387.9025251389916
60.0,b3709,1,25,0.3983895354016885,0.3983895354016998,-1.126876369994534e-14,0,387.9025251389916
60.0,b0112,4,25,0.3983895354016885,0.3983895354016998,-1.126876369994534e-14,0,387.9025251389916
60.0,b1907,1,25,0.3983895354016885,0.3983895354016998,-1.126876369994534e-14,0,387.9025251389916
60.0,b3567,1,25,0.3983895354016885,0.3983895354016998,-1.126876369994534e-14,0,387.9025251389916
60.0,b3566,1,25,0.3983895354016885,0.3983895354016998,-1.126876369994534e-14,0,387.9025251389916
60.0,b3568,1,25,0.3983895354016885,0.3983895354016998,-1.126876369994534e-14,0,387.9025251389916
60.0,b3577,2,25,0.3983895354016885,0.3983895354016998,-1.126876369994534e-14,0,387.9025251389916
60.0,b3578,2,25,0.3983895354016885,0.3983895354016998,-1.126876369994534e-14,0,387.9025251389916
60.0,b3579,2,25,0.3983895354016885,0.3983895354016998,-1.126876369994534e-14,0,387.9025251389916
60.0,b3089,2,25,0.3983895354016885,0.3983895354016998,-1.126876369994534e-14,0,387.9025251389916
60.0,b2153,1,411,0.3983895354016885,9.685249401054373e-16,0.3983895354016876,1,4006.6904937498366
60.0,b0935,5,25,0.3983895354016885,0.3983895354016868,1.7208456881689926e-15,0,387.9025251389885
60.0,b0151,5,25,0.3983895354016885,0.3983895354016998,-1.126876369994534e-14,0,387.9025251389916
60.0,b0153,5,25,0.3983895354016885,0.3983895354016998,-1.126876369994534e-14,0,387.9025251389916
60.0,b0152,5,25,0.3983895354016885,0.3983895354016998,-1.126876369994534e-14,0,387.9025251389916
60.0,b0158,3,25,0.3983895354016885,0.3983895354016998,-1.126876369994534e-14,0,387.9025251389916
60.0,b1709,3,25,0.3983895354016885,0.3983895354016998,-1.126876369994534e-14,0,387.9025251389916
60.0,b1711,3,25,0.3983895354016885,0.3983895354016998,-1.126876369994534e-14,0,387.9025251389916
60.0,b2223,3,25,0.3983895354016885,0.3983895354016998,-1.126876369994534e-14,0,387.9025251389916
60.0,b1101,2,414,0.3983895354016885,0.3784700586316137,0.0199194767700747,0,1056.913956844141
60.0,b0679,1,25,0.3983895354016885,0.3983895354016874,1.1102230246251563e-15,0,387.90252513898855
60.0,b1817,6,414,0.3983895354016885,0.3784700586316137,0.0199194767700747,0,1056.913956844141
60.0,b1819,6,414,0.3983895354016885,0.3784700586316028,0.0199194767700857,0,1056.9139568441356
60.0,b1818,6,414,0.3983895354016885,0.3784700586316028,0.0199194767700857,0,1056.9139568441356
60.0,b3224,1,25,0.3983895354016885,0.3983895354016874,1.1102230246251563e-15,0,387.90252513898855
60.0,b0311,1,25,0.3983895354016885,0.3983895354016998,-1.126876369994534e-14,0,387.9025251389916
60.0,b4381,1,25,0.3983895354016885,0.3983895354016998,-1.126876369994534e-14,0,387.9025251389916
60.0,b0592,2,25,0.3983895354016885,0.3983895354016998,-1.126876369994534e-14,0,387.9025251389916
60.0,b0590,2,25,0.3983895354016885,0.3983895354016998,-1.126876369994534e-14,0,387.9025251389916
60.0,b0588,2,25,0.3983895354016885,0.3983895354016998,-1.126876369994534e-14,0,387.9025251389916
60.0,b0589,2,25,0.3983895354016885,0.3983895354016998,-1.126876369994534e-14,0,387.9025251389916
60.0,b2841,1,25,0.3983895354016885,0.3983895354016998,-1.126876369994534e-14,0,387.9025251389916
60.0,b2310,3,25,0.3983895354016885,0.3983895354016998,-1.126876369994534e-14,0,387.9025251389916
60.0,b2306,4,25,0.3983895354016885,0.3983895354016998,-1.126876369994534e-14,0,387.9025251389916
60.0,b2307,4,25,0.3983895354016885,0.3983895354016998,-1.126876369994534e-14,0,387.9025251389916
60.0,b2308,4,25,0.3983895354016885,0.3983895354016998,-1.126876369994534e-14,0,387.9025251389916
60.0,b0864,1,25,0.3983895354016885,0.3983895354016998,-1.126876369994534e-14,0,387.9025251389916
60.0,b0861,1,25,0.3983895354016885,0.3983895354016998,-1.126876369994534e-14,0,387.9025251389916
60.0,b0860,1,25,0.3983895354016885,0.3983895354016998,-1.126876369994534e-14,0,387.9025251389916
60.0,b0863,1,25,0.3983895354016885,0.3983895354016998,-1.126876369994534e-14,0,387.9025251389916
60.0,b0862,1,25,0.3983895354016885,0.3983895354016998,-1.126876369994534e-14,0,387.9025251389916
60.0,b4115,1,25,0.3983895354016885,0.3983895354016998,-1.126876369994534e-14,0,387.9025251389916
60.0,b4193,1,25,0.3983895354016885,0.3983895354016998,-1.126876369994534e-14,0,387.9025251389916
60.0,b4195,1,25,0.3983895354016885,0.3983895354016998,-1.126876369994534e-14,0,387.9025251389916
60.0,b4194,1,25,0.3983895354016885,0.3983895354016998,-1.126876369994534e-14,0,387.9025251389916
60.0,b1453,1,25,0.3983895354016885,0.3983895354016998,-1.126876369994534e-14,0,387.9025251389916
60.0,b0654,2,25,0.3983895354016885,0.3983895354016998,-1.126876369994534e-14,0,387.9025251389916
60.0,b0655,2,25,0.3983895354016885,0.3983895354016998,-1.126876369994534e-14,0,387.9025251389916
60.0,b0652,2,25,0.3983895354016885,0.3983895354016998,-1.126876369994534e-14,0,387.9025251389916
60.0,b0653,2,25,0.3983895354016885,0.3983895354016998,-1.126876369994534e-14,0,387.9025251389916
60.0,b4077,2,25,0.3983895354016885,0.3983895354016998,-1.126876369994534e-14,0,387.9025251389916
60.0,b0480,17,25,0.3983895354016885,0.3983895354016998,-1.126876369994534e-14,0,387.9025251389916
60.0,b4055,17,25,0.3983895354016885,0.3983895354016998,-1.126876369994534e-14,0,387.9025251389916
60.0,b3127,3,25,0.3983895354016885,0.3983895354016998,-1.126876369994534e-14,0,387.9025251389916
60.0,b2789,3,25,0.3983895354016885,0.3983895354016998,-1.126876369994534e-14,0,387.9025251389916
60.0,b2943,2,25,0.3983895354016885,0.3983895354016998,-1.126876369994534e-14,0,387.9025251389916
60.0,b2663,1,25,0.3983895354016885,0.3983895354016998,-1.126876369994534e-14,0,387.9025251389916
60.0,b1918,1,25,0.3983895354016885,0.3983895354016998,-1.126876369994534e-14,0,387.9025251389916
60.0,b1917,1,25,0.3983895354016885,0.3983895354016998,-1.126876369994534e-14,0,387.9025251389916
60.0,b1920,1,25,0.3983895354016885,0.3983895354016998,-1.126876369994534e-14,0,387.9025251389916
60.0,b2704,2,25,0.3983895354016885,0.3983895354016998,-1.126876369994534e-14,0,387.9025251389916
60.0,b2702,2,25,0.3983895354016885,0.3983895354016998,-1.126876369994534e-14,0,387.9025251389916
60.0,b2703,2,25,0.3983895354016885,0.3983895354016998,-1.126876369994534e-14,0,387.9025251389916
60.0,b1197,1,25,0.3983895354016885,0.3983895354016998,-1.126876369994534e-14,0,387.9025251389916
60.0,b4515,1,25,0.3983895354016885,0.3983895354016998,-1.126876369994534e-14,0,387.9025251389916
60.0,b0733,1,25,0.3983895354016885,0.3983895354016998,-1.126876369994534e-14,0,387.9025251389916
60.0,b0734,1,25,0.3983895354016885,0.3983895354016998,-1.126876369994534e-14,0,387.9025251389916
60.0,b0979,2,25,0.3983895354016885,0.3983895354016998,-1.126876369994534e-14,0,387.9025251389916
60.0,b0978,2,25,0.3983895354016885,0.3983895354016998,-1.126876369994534e-14,0,387.9025251389916
60.0,b3734,1,414,0.3983895354016885,0.0,0.3983895354016885,1,19948.90823518949
60.0,b3735,1,414,0.3983895354016885,0.0,0.3983895354016885,1,19948.90823518949
60.0,b3736,1,414,0.3983895354016885,0.0,0.3983895354016885,1,19948.90823518949
60.0,b3737,1,414,0.3983895354016885,0.0,0.3983895354016885,1,19948.90823518949
60.0,b3731,1,414,0.3983895354016885,0.0,0.3983895354016885,1,19948.90823518949
60.0,b3732,1,414,0.3983895354016885,0.0,0.3983895354016885,1,19948.90823518949
60.0,b3733,1,414,0.3983895354016885,0.0,0.3983895354016885,1,19948.90823518949
60.0,b3738,1,414,0.3983895354016885,0.0,0.3983895354016885,1,19948.90823518949
60.0,b3739,1,414,0.3983895354016885,0.0,0.3983895354016885,1,19948.90823518949
60.0,b4067,2,22,0.3983895354016885,0.3983895354014696,2.189359804560809e-13,0,387.8504230697628
60.0,b3714,1,22,0.3983895354016885,0.3983895354017147,-2.6145752229922443e-14,0,387.8504230697032
60.0,b3654,3,22,0.3983895354016885,0.3983895354017147,-2.6145752229922443e-14,0,387.8504230697032
60.0,b3664,1,22,0.3983895354016885,0.3983895354017147,-2.6145752229922443e-14,0,387.8504230697032
60.0,b4088,2,22,0.3983895354016885,0.3983895354017147,-2.6145752229922443e-14,0,387.8504230697032
60.0,b4087,2,22,0.3983895354016885,0.3983895354017147,-2.6145752229922443e-14,0,387.8504230697032
60.0,b4086,2,22,0.3983895354016885,0.3983895354017147,-2.6145752229922443e-14,0,387.8504230697032
60.0,b0511,1,22,0.3983895354016885,0.3983895354017147,-2.6145752229922443e-14,0,387.8504230697032
60.0,b1901,1,22,0.3983895354016885,0.3983895354017147,-2.6145752229922443e-14,0,387.8504230697032
60.0,b1900,1,22,0.3983895354016885,0.3983895354017147,-2.6145752229922443e-14,0,387.8504230697032
60.0,b4460,1,22,0.3983895354016885,0.3983895354017147,-2.6145752229922443e-14,0,387.8504230697032
60.0,b0124,1,22,0.3983895354016885,0.3983895354017147,-2.6145752229922443e-14,0,387.8504230697032
60.0,b0837,1,22,0.3983895354016885,0.3983895354017147,-2.6145752229922443e-14,0,387.8504230697032
60.0,b4464,2,22,0.3983895354016885,0.3983895354017147,-2.6145752229922443e-14,0,387.8504230697032
60.0,b4064,2,22,0.3983895354016885,0.3983895354017147,-2.6145752229922443e-14,0,387.8504230697032
60.0,b0974,3,22,0.3983895354016885,0.3983895354017147,-2.6145752229922443e-14,0,387.8504230697032
60.0,b0973,3,22,0.3983895354016885,0.3983895354017147,-2.6145752229922443e-14,0,387.8504230697032
60.0,b0972,3,22,0.3983895354016885,0.3983895354017147,-2.6145752229922443e-14,0,387.8504230697032
60.0,b2997,3,22,0.3983895354016885,0.3983895354017147,-2.6145752229922443e-14,0,387.8504230697032
60.0,b2996,3,22,0.3983895354016885,0.3983895354017147,-2.6145752229922443e-14,0,387.8504230697032
60.0,b2995,3,22,0.3983895354016885,0.3983895354017147,-2.6145752229922443e-14,0,387.8504230697032
60.0,b2994,3,22,0.3983895354016885,0.3983895354017147,-2.6145752229922443e-14,0,387.8504230697032
60.0,b4289,1,22,0.3983895354016885,0.3983895354017147,-2.6145752229922443e-14,0,387.8504230697032
60.0,b4288,1,22,0.3983895354016885,0.3983895354017147,-2.6145752229922443e-14,0,387.8504230697032
60.0,b4290,1,22,0.3983895354016885,0.3983895354017147,-2.6145752229922443e-14,0,387.8504230697032
60.0,b4287,1,22,0.3983895354016885,0.3983895354017147,-2.6145752229922443e-14,0,387.8504230697032
60.0,b1102,1,22,0.3983895354016885,0.3983895354017147,-2.6145752229922443e-14,0,387.8504230697032
60.0,b3006,10,22,0.3983895354016885,0.3983895354017147,-2.6145752229922443e-14,0,387.8504230697032
60.0,b3005,10,22,0.3983895354016885,0.3983895354017147,-2.6145752229922443e-14,0,387.8504230697032
60.0,b1252,10,22,0.3983895354016885,0.3983895354017147,-2.6145752229922443e-14,0,387.8504230697032
60.0,b2315,1,411,0.3983895354016885,-4.3863187699470735e-12,0.3983895354060748,1,4006.690493828904
60.0,b0612,1,22,0.3983895354016885,0.3983895354016869,1.609823385706477e-15,0,387.850423069698
60.0,b0040,2,22,0.3983895354016885,0.3983895354017147,-2.6145752229922443e-14,0,387.8504230697032
60.0,b2131,2,22,0.3983895354016885,0.3983895354017147,-2.6145752229922443e-14,0,387.8504230697032
60.0,b2130,2,22,0.3983895354016885,0.3983895354017147,-2.6145752229922443e-14,0,387.8504230697032
60.0,b2128,2,22,0.3983895354016885,0.3983895354017147,-2.6145752229922443e-14,0,387.8504230697032
60.0,b2129,2,22,0.3983895354016885,0.3983895354017147,-2.6145752229922443e-14,0,387.8504230697032
60.0,b3409,1,22,0.3983895354016885,0.3983895354017147,-2.6145752229922443e-14,0,387.8504230697032
60.0,b2167,1,22,0.3983895354016885,0.3983895354017147,-2.6145752229922443e-14,0,387.8504230697032
60.0,b2169,1,22,0.3983895354016885,0.3983895354017147,-2.6145752229922443e-14,0,387.8504230697032
60.0,b2801,1,22,0.3983895354016885,0.3983895354017147,-2.6145752229922443e-14,0,387.8504230697032
60.0,b0584,1,22,0.3983895354016885,0.3983895354017147,-2.6145752229922443e-14,0,387.8504230697032
60.0,b0336,1,22,0.3983895354016885,0.3983895354017147,-2.6145752229922443e-14,0,387.8504230697032
60.0,b0341,1,22,0.3983895354016885,0.3983895354017147,-2.6145752229922443e-14,0,387.8504230697032
60.0,b3909,2,22,0.3983895354016885,0.3983895354017147,-2.6145752229922443e-14,0,387.8504230697032
60.0,b4036,7,24,0.3983895354016885,0.3983895354017147,-2.6145752229922443e-14,0,587.8504230697032
60.0,b4291,1,24,0.3983895354016885,0.3983895354016874,1.1102230246251563e-15,0,587.8504230696973
60.0,b1119,1,24,0.3983895354016885,0.3983895354016874,1.1102230246251563e-15,0,587.8504230696973
60.0,b3829,1,413,0.3983895354016885,1.420484846881082e-13,0.3983895354015465,1,4206.690493747171
60.0,b4019,1,413,0.3983895354016885,1.4296990395053785e-13,0.3983895354015455,1,4206.690493747149
60.0,b0887,2,24,0.3983895354016885,0.3983895354016832,5.2735593669694936e-15,0,587.8504230696968
60.0,b0886,2,24,0.3983895354016885,0.3983895354016874,1.1102230246251563e-15,0,587.8504230696973
60.0,b2476,1,413,0.3983895354016885,3.8495277098769656e-14,0.39838953540165,1,4206.69049374905
60.0,b3125,1,24,0.3983895354016885,0.3983895354016735,1.504352198367087e-14,0,587.8504230696941
60.0,b0509,1,24,0.3983895354016885,0.3983895354016874,1.1102230246251563e-15,0,587.8504230696973
60.0,b2501,2,24,0.3983895354016885,0.3983895354016874,1.1102230246251563e-15,0,587.8504230696973
60.0,b3941,1,413,0.3983895354016885,1.4141447267271958e-13,0.3983895354015471,1,4206.6904937472
60.0,b2574,4,413,0.3983895354016885,1.4296990395053785e-13,0.3983895354015455,1,4206.690493747149
60.0,b3177,1,413,0.3983895354016885,8.885200489621693e-13,0.3983895354008,1,4206.690493733808
60.0,b0529,2,416,0.3983895354016885,0.389394538356606,0.0089949970450825,0,582.4327813642308
60.0,b4132,1,24,0.3983895354016885,0.3983895354017072,-1.8707257964933888e-14,0,587.8504230697017
60.0,b0750,1,413,0.3983895354016885,-6.904856612868394e-12,0.3983895354085934,1,4206.690493873362
60.0,b3605,2,24,0.3983895354016885,0.3983895354016888,-3.3306690738754696e-16,0,587.8504230696976
60.0,b0306,2,24,0.3983895354016885,0.3983895354016832,5.2735593669694936e-15,0,587.8504230696965
60.0,b0307,2,24,0.3983895354016885,0.3983895354016832,5.2735593669694936e-15,0,587.8504230696965
60.0,b0308,2,24,0.3983895354016885,0.3983895354016832,5.2735593669694936e-15,0,587.8504230696965
60.0,b0904,2,24,0.3983895354016885,0.3983895354016832,5.2735593669694936e-15,0,587.8504230696965
60.0,b2492,2,24,0.3983895354016885,0.3983895354016832,5.2735593669694936e-15,0,587.8504230696965
60.0,b3631,1,24,0.3983895354016885,0.3983895354016832,5.2735593669694936e-15,0,587.8504230696965
60.0,b0914,32,413,0.3983895354016885,2.403287704748683e-16,0.3983895354016883,1,4206.690493749496
60.0,b1300,2,24,0.3983895354016885,0.3983895354016847,3.774758283725532e-15,0,587.8504230696967
60.0,b1967,1,24,0.3983895354016885,0.3983895354016832,5.2735593669694936e-15,0,587.8504230696965
60.0,b0933,5,24,0.3983895354016885,0.3983895354016832,5.2735593669694936e-15,0,587.8504230696965
60.0,b0936,5,24,0.3983895354016885,0.3983895354016832,5.2735593669694936e-15,0,587.8504230696965
60.0,b0934,5,24,0.3983895354016885,0.3983895354016832,5.2735593669694936e-15,0,587.8504230696965
60.0,b2032,1,24,0.3983895354016885,0.3983895354016832,5.2735593669694936e-15,0,587.8504230696965
60.0,b2027,3,24,0.3983895354016885,0.3983895354016832,5.2735593669694936e-15,0,587.8504230696965
60.0,b2035,3,24,0.3983895354016885,0.3983895354016832,5.2735593669694936e-15,0,587.8504230696965
60.0,b3622,2,24,0.3983895354016885,0.3983895354016832,5.2735593669694936e-15,0,587.8504230696965
60.0,b0459,2,24,0.3983895354016885,0.3983895354016832,5.2735593669694936e-15,0,587.8504230696965
60.0,b0585,2,24,0.3983895354016885,0.3983895354016832,5.2735593669694936e-15,0,587.8504230696965
60.0,b1326,1,24,0.3983895354016885,0.3983895354016832,5.2735593669694936e-15,0,587.8504230696965
60.0,b1325,1,24,0.3983895354016885,0.3983895354016832,5.2735593669694936e-15,0,587.8504230696965
60.0,b0591,1,24,0.3983895354016885,0.3983895354016832,5.2735593669694936e-15,0,587.8504230696965
60.0,b3035,9,24,0.3983895354016885,0.3983895354016832,5.2735593669694936e-15,0,587.8504230696965
60.0,b0692,2,24,0.3983895354016885,0.3983895354016832,5.2735593669694936e-15,0,587.8504230696965
60.0,b2014,1,24,0.3983895354016885,0.3983895354016832,5.2735593669694936e-15,0,587.8504230696965
60.0,b1296,1,24,0.3983895354016885,0.3983895354016832,5.2735593669694936e-15,0,587.8504230696965
60.0,b1298,1,24,0.3983895354016885,0.3983895354016832,5.2735593669694936e-15,0,587.8504230696965
60.0,b3374,1,24,0.3983895354016885,0.3983895354016832,5.2735593669694936e-15,0,587.8504230696965
60.0,b1308,1,24,0.3983895354016885,0.3983895354016832,5.2735593669694936e-15,0,587.8504230696965
60.0,b2197,1,24,0.3983895354016885,0.3983895354016832,5.2735593669694936e-15,0,587.8504230696965
60.0,b2201,1,24,0.3983895354016885,0.3983895354016832,5.2735593669694936e-15,0,587.8504230696965
60.0,b2200,1,24,0.3983895354016885,0.3983895354016832,5.2735593669694936e-15,0,587.8504230696965
60.0,b2199,1,24,0.3983895354016885,0.3983895354016832,5.2735593669694936e-15,0,587.8504230696965
60.0,b2198,1,24,0.3983895354016885,0.3983895354016832,5.2735593669694936e-15,0,587.8504230696965
60.0,b0622,2,24,0.3983895354016885,0.3983895354016832,5.2735593669694936e-15,0,587.8504230696965
60.0,b3785,3,24,0.3983895354016885,0.3983895354016832,5.2735593669694936e-15,0,587.8504230696965
60.0,b3793,3,24,0.3983895354016885,0.3983895354016832,5.2735593669694936e-15,0,587.8504230696965
60.0,b2552,2,24,0.3983895354016885,0.3983895354016832,5.2735593669694936e-15,0,587.8504230696965
60.0,b0756,1,24,0.3983895354016885,0.3983895354016832,5.2735593669694936e-15,0,587.8504230696965
60.0,b0484,1,24,0.3983895354016885,0.3983895354016832,5.2735593669694936e-15,0,587.8504230696965
60.0,b3469,6,24,0.3983895354016885,0.3983895354016832,5.2735593669694936e-15,0,587.8504230696965
60.0,b3626,1,24,0.3983895354016885,0.3983895354016832,5.2735593669694936e-15,0,587.8504230696965
60.0,b3623,1,24,0.3983895354016885,0.3983895354016832,5.2735593669694936e-15,0,587.8504230696965
60.0,b2257,1,24,0.3983895354016885,0.3983895354016832,5.2735593669694936e-15,0,587.8504230696965
60.0,b2711,1,24,0.3983895354016885,0.3983895354016832,5.2735593669694936e-15,0,587.8504230696965
60.0,b2710,1,24,0.3983895354016885,0.3983895354016832,5.2735593669694936e-15,0,587.8504230696965
60.0,b4111,5,28,0.3983895354016885,0.3983895354016832,5.2735593669694936e-15,0,587.8504402692552
60.0,b1386,3,28,0.3983895354016885,0.3983895354016825,5.9952043329758445e-15,0,587.8504402692548
60.0,b4072,2,28,0.3983895354016885,0.3983895354016825,5.9952043329758445e-15,0,587.8504402692548
60.0,b4073,2,28,0.3983895354016885,0.3983895354016825,5.9952043329758445e-15,0,587.8504402692548
60.0,b4070,2,28,0.3983895354016885,0.3983895354016825,5.9952043329758445e-15,0,587.8504402692548
60.0,b4071,2,28,0.3983895354016885,0.3983895354016825,5.9952043329758445e-15,0,587.8504402692548
60.0,b3679,1,28,0.3983895354016885,0.3983895354016825,5.9952043329758445e-15,0,587.8504402692548
60.0,b0110,4,28,0.3983895354016885,0.3983895354016825,5.9952043329758445e-15,0,587.8504402692548
60.0,b1463,1,28,0.3983895354016885,0.3983895354016825,5.9952043329758445e-15,0,587.8504402692548
60.0,b4219,1,28,0.3983895354016885,0.3983895354016825,5.9952043329758445e-15,0,587.8504402692548
60.0,b1832,1,28,0.3983895354016885,0.3983895354016825,5.9952043329758445e-15,0,587.8504402692548
60.0,b1778,1,28,0.3983895354016885,0.3983895354016825,5.9952043329758445e-15,0,587.8504402692548
60.0,b2871,1,28,0.3983895354016885,0.3983895354016825,5.9952043329758445e-15,0,587.8504402692548
60.0,b0932,2,28,0.3983895354016885,0.3983895354016825,5.9952043329758445e-15,0,587.8504402692548
60.0,b4260,2,28,0.3983895354016885,0.3983895354016825,5.9952043329758445e-15,0,587.8504402692548
60.0,b2523,2,28,0.3983895354016885,0.3983895354016825,5.9952043329758445e-15,0,587.8504402692548
60.0,b0237,3,28,0.3983895354016885,0.3983895354016825,5.9952043329758445e-15,0,587.8504402692548
60.0,b2132,1,28,0.3983895354016885,0.3983895354016825,5.9952043329758445e-15,0,587.8504402692548
60.0,b2239,5,28,0.3983895354016885,0.3983895354016825,5.9952043329758445e-15,0,587.8504402692548
60.0,b2435,2,28,0.3983895354016885,0.3983895354016825,5.9952043329758445e-15,0,587.8504402692548
60.0,b0867,2,28,0.3983895354016885,0.3983895354016825,5.9952043329758445e-15,0,587.8504402692548
60.0,b2817,2,28,0.3983895354016885,0.3983895354016825,5.9952043329758445e-15,0,587.8504402692548
60.0,b4169,2,28,0.3983895354016885,0.3983895354016825,5.9952043329758445e-15,0,587.8504402692548
60.0,b3610,6,28,0.3983895354016885,0.3983895354016825,5.9952043329758445e-15,0,587.8504402692548
60.0,b2676,4,28,0.3983895354016885,0.3983895354016825,5.9952043329758445e-15,0,587.8504402692548
60.0,b1064,7,28,0.3983895354016885,0.3983895354016825,5.9952043329758445e-15,0,587.8504402692548
60.0,b2675,4,28,0.3983895354016885,0.3983895354016825,5.9952043329758445e-15,0,587.8504402692548
60.0,b0849,6,28,0.3983895354016885,0.3983895354016825,5.9952043329758445e-15,0,587.8504402692548
60.0,b1654,6,28,0.3983895354016885,0.3983895354016825,5.9952043329758445e-15,0,587.8504402692548
60.0,b3336,1,28,0.3983895354016885,0.3983895354016825,5.9952043329758445e-15,0,587.8504402692548
60.0,b0123,2,28,0.3983895354016885,0.3983895354016825,5.9952043329758445e-15,0,587.8504402692548
60.0,b1192,4,28,0.3983895354016885,0.3983895354016825,5.9952043329758445e-15,0,587.8504402692548
60.0,b1270,2,28,0.3983895354016885,0.3983895354016825,5.9952043329758445e-15,0,587.8504402692548
60.0,b1246,2,28,0.3983895354016885,0.3983895354016825,5.9952043329758445e-15,0,587.8504402692548
60.0,b1247,2,28,0.3983895354016885,0.3983895354016825,5.9952043329758445e-15,0,587.8504402692548
60.0,b1244,2,28,0.3983895354016885,0.3983895354016825,5.9952043329758445e-15,0,587.8504402692548
60.0,b1245,2,28,0.3983895354016885,0.3983895354016825,5.9952043329758445e-15,0,587.8504402692548
60.0,b1243,2,28,0.3983895354016885,0.3983895354016825,5.9952043329758445e-15,0,587.8504402692548
60.0,b2180,2,28,0.3983895354016885,0.3983895354016825,5.9952043329758445e-15,0,587.8504402692548
60.0,b2179,2,28,0.3983895354016885,0.3983895354016825,5.9952043329758445e-15,0,587.8504402692548
60.0,b1329,1,28,0.3983895354016885,0.3983895354016825,5.9952043329758445e-15,0,587.8504402692548
60.0,b2177,2,28,0.3983895354016885,0.3983895354016825,5.9952043329758445e-15,0,587.8504402692548
60.0,b2178,2,28,0.3983895354016885,0.3983895354016825,5.9952043329758445e-15,0,587.8504402692548
60.0,b0433,3,28,0.3983895354016885,0.3983895354016825,5.9952043329758445e-15,0,587.8504402692548
60.0,b4367,3,28,0.3983895354016885,0.3983895354016825,5.9952043329758445e-15,0,587.8504402692548
60.0,b0573,2,28,0.3983895354016885,0.3983895354016825,5.9952043329758445e-15,0,587.8504402692548
60.0,b0572,2,28,0.3983895354016885,0.3983895354016825,5.9952043329758445e-15,0,587.8504402692548
60.0,b0575,2,28,0.3983895354016885,0.3983895354016825,5.9952043329758445e-15,0,587.8504402692548
60.0,b0574,2,28,0.3983895354016885,0.3983895354016825,5.9952043329758445e-15,0,587.8504402692548
60.0,b3915,7,28,0.3983895354016885,0.3983895354016825,5.9952043329758445e-15,0,587.8504402692548
60.0,b0752,5,28,0.3983895354016885,0.3983895354016825,5.9952043329758445e-15,0,587.8504402692548
60.0,b1859,1,28,0.3983895354016885,0.3983895354016825,5.9952043329758445e-15,0,587.8504402692548
60.0,b1858,1,28,0.3983895354016885,0.3983895354016825,5.9952043329758445e-15,0,587.8504402692548
60.0,b1857,1,28,0.3983895354016885,0.3983895354016825,5.9952043329758445e-15,0,587.8504402692548
60.0,b1981,1,28,0.3983895354016885,0.3983895354016825,5.9952043329758445e-15,0,587.8504402692548
60.0,b2392,2,28,0.3983895354016885,0.3983895354016825,5.9952043329758445e-15,0,587.8504402692548
60.0,b0452,10,450,0.3983895354016885,0.3915030231418144,0.0068865122598741,0,579.7068544629099
60.0,b1927,1,28,0.3983895354016885,0.3983895354016594,2.90878432451791e-14,0,587.8504402692494
60.0,b3571,1,28,0.3983895354016885,0.3983895354016908,-2.3314683517128287e-15,0,587.8504402692569
60.0,b3650,3,28,0.3983895354016885,0.3983895354016908,-2.3314683517128287e-15,0,587.8504402692569
60.0,b2344,7,28,0.3983895354016885,0.3983895354016908,-2.3314683517128287e-15,0,587.8504402692569
60.0,b4213,8,28,0.3983895354016885,0.3983895354016908,-2.3314683517128287e-15,0,587.8504402692569
60.0,b1059,2,28,0.3983895354016885,0.3983895354016908,-2.3314683517128287e-15,0,587.8504402692569
60.0,b1727,4,28,0.3983895354016885,0.3983895354016908,-2.3314683517128287e-15,0,587.8504402692569
60.0,b3580,2,28,0.3983895354016885,0.3983895354016908,-2.3314683517128287e-15,0,587.8504402692569
60.0,b2051,1,28,0.3983895354016885,0.3983895354016908,-2.3314683517128287e-15,0,587.8504402692569
60.0,b4265,3,28,0.3983895354016885,0.3983895354016908,-2.3314683517128287e-15,0,587.8504402692569
60.0,b3266,1,28,0.3983895354016885,0.3983895354016908,-2.3314683517128287e-15,0,587.8504402692569
60.0,b3265,1,28,0.3983895354016885,0.3983895354016908,-2.3314683517128287e-15,0,587.8504402692569
60.0,b3907,2,28,0.3983895354016885,0.3983895354016908,-2.3314683517128287e-15,0,587.8504402692569
60.0,b3477,1,28,0.3983895354016885,0.3983895354016908,-2.3314683517128287e-15,0,587.8504402692569
60.0,b3476,1,28,0.3983895354016885,0.3983895354016908,-2.3314683517128287e-15,0,587.8504402692569
60.0,b3480,1,28,0.3983895354016885,0.3983895354016908,-2.3314683517128287e-15,0,587.8504402692569
60.0,b3478,1,28,0.3983895354016885,0.3983895354016908,-2.3314683517128287e-15,0,587.8504402692569
60.0,b3479,1,28,0.3983895354016885,0.3983895354016908,-2.3314683517128287e-15,0,587.8504402692569
60.0,b4242,2,28,0.3983895354016885,0.3983895354016908,-2.3314683517128287e-15,0,587.8504402692569
60.0,b4094,1,28,0.3983895354016885,0.3983895354016908,-2.3314683517128287e-15,0,586.2720135495157
60.0,b0698,1,28,0.3983895354016885,0.3983895354016946,-6.050715484207103e-15,0,586.2720135495166
60.0,b0696,1,28,0.3983895354016885,0.3983895354016946,-6.050715484207103e-15,0,586.2720135495166
60.0,b0697,1,28,0.3983895354016885,0.3983895354016946,-6.050715484207103e-15,0,586.2720135495166
60.0,b4513,1,28,0.3983895354016885,0.3983895354016946,-6.050715484207103e-15,0,586.2720135495166
60.0,b3458,1,28,0.3983895354016885,0.3983895354016946,-6.050715484207103e-15,0,586.2720135495166
60.0,b2975,3,28,0.3983895354016885,0.3983895354016946,-6.050715484207103e-15,0,586.2720135495166
60.0,b3603,3,28,0.3983895354016885,0.3983895354016946,-6.050715484207103e-15,0,586.2720135495166
60.0,b4034,6,28,0.3983895354016885,0.3983895354016946,-6.050715484207103e-15,0,586.2720135495166
60.0,b4035,6,28,0.3983895354016885,0.3983895354016946,-6.050715484207103e-15,0,586.2720135495166
60.0,b4032,6,28,0.3983895354016885,0.3983895354016946,-6.050715484207103e-15,0,586.2720135495166
60.0,b4033,6,28,0.3983895354016885,0.3983895354016946,-6.050715484207103e-15,0,586.2720135495166
60.0,b3666,4,28,0.3983895354016885,0.3983895354016946,-6.050715484207103e-15,0,586.2720135495166
60.0,b0731,1,28,0.3983895354016885,0.3983895354016946,-6.050715484207103e-15,0,586.2720135495166
60.0,b4120,1,28,0.3983895354016885,0.3983895354016946,-6.050715484207103e-15,0,586.2720135495166
60.0,b0343,2,28,0.3983895354016885,0.3983895354016946,-6.050715484207103e-15,0,586.2720135495166
60.0,b0197,2,28,0.3983895354016885,0.3983895354016946,-6.050715484207103e-15,0,586.2720135495166
60.0,b0199,2,28,0.3983895354016885,0.3983895354016946,-6.050715484207103e-15,0,586.2720135495166
60.0,b0198,2,28,0.3983895354016885,0.3983895354016946,-6.050715484207103e-15,0,586.2720135495166
60.0,b1297,1,28,0.3983895354016885,0.3983895354016946,-6.050715484207103e-15,0,586.2720135495166
60.0,b2933,1,28,0.3983895354016885,0.3983895354016946,-6.050715484207103e-15,0,586.2720135495166
60.0,b2934,1,28,0.3983895354016885,0.3983895354016946,-6.050715484207103e-15,0,586.2720135495166
60.0,b3599,1,28,0.3983895354016885,0.3983895354016946,-6.050715484207103e-15,0,586.2720135495166
60.0,b1186,1,28,0.3983895354016885,0.3983895354016946,-6.050715484207103e-15,0,586.2720135495166
60.0,b0019,1,28,0.3983895354016885,0.3983895354016946,-6.050715484207103e-15,0,586.2720135495166
60.0,b0451,1,413,0.3983895354016885,2.1628876693631395e-14,0.3983895354016669,1,4206.690493749439
60.0,b0751,1,28,0.3983895354016885,0.3983895354016816,6.9388939039072276e-15,0,586.2720135495134
60.0,b1223,2,28,0.3983895354016885,0.3983895354016872,1.3322676295501878e-15,0,586.2720135495146
60.0,b3367,1,28,0.3983895354016885,0.3983895354016872,1.3322676295501878e-15,0,586.2720135495146
60.0,b1469,1,28,0.3983895354016885,0.3983895354016872,1.3322676295501878e-15,0,586.2720135495146
60.0,b3728,1,28,0.3983895354016885,0.3983895354016872,1.3322676295501878e-15,0,586.2720135495146
60.0,b3727,1,28,0.3983895354016885,0.3983895354016872,1.3322676295501878e-15,0,586.2720135495146
60.0,b3726,1,28,0.3983895354016885,0.3983895354016872,1.3322676295501878e-15,0,586.2720135495146
60.0,b3725,1,28,0.3983895354016885,0.3983895354016872,1.3322676295501878e-15,0,586.2720135495146
60.0,b3258,1,28,0.3983895354016885,0.3983895354016872,1.3322676295501878e-15,0,586.2720135495146
60.0,b3371,1,28,0.3983895354016885,0.3983895354016872,1.3322676295501878e-15,0,586.2720135495146
60.0,b2677,5,28,0.3983895354016885,0.3983895354016872,1.3322676295501878e-15,0,586.2720135495146
60.0,b2678,5,28,0.3983895354016885,0.3983895354016872,1.3322676295501878e-15,0,586.2720135495146
60.0,b2679,5,28,0.3983895354016885,0.3983895354016872,1.3322676295501878e-15,0,586.2720135495146
60.0,b0402,1,28,0.3983895354016885,0.3983895354016872,1.3322676295501878e-15,0,586.2720135495146
60.0,b1015,2,28,0.3983895354016885,0.3983895354016872,1.3322676295501878e-15,0,586.2720135495146
60.0,b0854,1,28,0.3983895354016885,0.3983895354016872,1.3322676295501878e-15,0,586.2720135495146
60.0,b0855,1,28,0.3983895354016885,0.3983895354016872,1.3322676295501878e-15,0,586.2720135495146
60.0,b0856,1,28,0.3983895354016885,0.3983895354016872,1.3322676295501878e-15,0,586.2720135495146
60.0,b0857,1,28,0.3983895354016885,0.3983895354016872,1.3322676295501878e-15,0,586.2720135495146
60.0,b1440,2,28,0.3983895354016885,0.3983895354016872,1.3322676295501878e-15,0,586.2720135495146
60.0,b1441,2,28,0.3983895354016885,0.3983895354016872,1.3322676295501878e-15,0,586.2720135495146
60.0,b1442,2,28,0.3983895354016885,0.3983895354016872,1.3322676295501878e-15,0,586.2720135495146
60.0,b1443,2,28,0.3983895354016885,0.3983895354016872,1.3322676295501878e-15,0,586.2720135495146
60.0,b1126,2,28,0.3983895354016885,0.3983895354016872,1.3322676295501878e-15,0,586.2720135495146
60.0,b1125,2,28,0.3983895354016885,0.3983895354016872,1.3322676295501878e-15,0,586.2720135495146
60.0,b1124,2,28,0.3983895354016885,0.3983895354016872,1.3322676295501878e-15,0,586.2720135495146
60.0,b1123,2,28,0.3983895354016885,0.3983895354016872,1.3322676295501878e-15,0,586.2720135495146
60.0,b2957,2,28,0.3983895354016885,0.3983895354016872,1.3322676295501878e-15,0,586.2720135495146
60.0,b0150,3,28,0.3983895354016885,0.3983895354016872,1.3322676295501878e-15,0,586.2720135495146
60.0,b1865,2,413,0.3983895354016885,1.019595338706222e-12,0.3983895354006689,1,4206.690493731443
60.0,b2954,3,28,0.3983895354016885,0.3983895354016874,1.1102230246251563e-15,0,586.2720135495148
60.0,b1002,2,28,0.3983895354016885,0.3983895354016872,1.3322676295501878e-15,0,586.2720135495146
60.0,b2938,1,28,0.3983895354016885,0.3983895354016872,1.3322676295501878e-15,0,586.2720135495146
60.0,b4090,2,424,0.3983895354016885,0.2242989087467333,0.1740906266549552,0,1503.958595811786
60.0,b4084,1,28,0.3983895354016885,0.3983895354016858,2.720046410331633e-15,0,586.2720135495146
60.0,b4085,1,28,0.3983895354016885,0.3983895354016935,-4.9404924595819466e-15,0,586.2720135495168
60.0,b4230,2,28,0.3983895354016885,0.3983895354016935,-4.9404924595819466e-15,0,586.2720135495168
60.0,b4231,2,28,0.3983895354016885,0.3983895354016935,-4.9404924595819466e-15,0,586.2720135495168
60.0,b4485,2,28,0.3983895354016885,0.3983895354016935,-4.9404924595819466e-15,0,586.2720135495168
60.0,b4227,2,28,0.3983895354016885,0.3983895354016935,-4.9404924595819466e-15,0,586.2720135495168
60.0,b3750,1,28,0.3983895354016885,0.3983895354016935,-4.9404924595819466e-15,0,586.2720135495168
60.0,b3751,1,28,0.3983895354016885,0.3983895354016935,-4.9404924595819466e-15,0,586.2720135495168
60.0,b3749,1,28,0.3983895354016885,0.3983895354016935,-4.9404924595819466e-15,0,586.2720135495168
60.0,b3748,1,28,0.3983895354016885,0.3983895354016935,-4.9404924595819466e-15,0,586.2720135495168
60.0,b0260,1,28,0.3983895354016885,0.3983895354016935,-4.9404924595819466e-15,0,586.2720135495168
60.0,b0810,1,28,0.3983895354016885,0.3983895354016935,-4.9404924595819466e-15,0,586.2720135495168
60.0,b0811,1,28,0.3983895354016885,0.3983895354016935,-4.9404924595819466e-15,0,586.2720135495168
60.0,b0809,1,28,0.3983895354016885,0.3983895354016935,-4.9404924595819466e-15,0,586.2720135495168
60.0,b1492,1,28,0.3983895354016885,0.3983895354016935,-4.9404924595819466e-15,0,586.2720135495168
60.0,b3653,1,28,0.3983895354016885,0.3983895354016935,-4.9404924595819466e-15,0,586.2720135495168
60.0,b3927,4,28,0.3983895354016885,0.3983895354016935,-4.9404924595819466e-15,0,586.2720135495168
60.0,b3959,1,413,0.3983895354016885,-8.339193435123679e-16,0.3983895354016893,1,4206.6904937497575
60.0,b1528,3,28,0.3983895354016885,0.3983895354016848,3.6637359812630166e-15,0,586.2720135495142
60.0,b2170,1,28,0.3983895354016885,0.3983895354016935,-4.9404924595819466e-15,0,586.2720135495168
60.0,b0070,1,28,0.3983895354016885,0.3983895354016935,-4.9404924595819466e-15,0,586.2720135495168
60.0,b2303,1,28,0.3983895354016885,0.3983895354016935,-4.9404924595819466e-15,0,586.2720135495168
60.0,b3028,3,28,0.3983895354016885,0.3983895354016935,-4.9404924595819466e-15,0,586.2720135495168
60.0,b3432,1,28,0.3983895354016885,0.3983895354016935,-4.9404924595819466e-15,0,586.2720135495168
60.0,b3503,1,28,0.3983895354016885,0.3983895354016935,-4.9404924595819466e-15,0,586.2720135495168
60.0,b4321,2,28,0.3983895354016885,0.3983895354016935,-4.9404924595819466e-15,0,586.2720135495168
60.0,b3792,1,28,0.3983895354016885,0.3983895354016935,-4.9404924595819466e-15,0,586.2720135495168
60.0,b2033,1,28,0.3983895354016885,0.3983895354016935,-4.9404924595819466e-15,0,586.2720135495168
60.0,b2034,1,28,0.3983895354016885,0.3983895354016935,-4.9404924595819466e-15,0,586.2720135495168
60.0,b2037,1,28,0.3983895354016885,0.3983895354016935,-4.9404924595819466e-15,0,586.2720135495168
60.0,b2175,6,28,0.3983895354016885,0.3983895354016935,-4.9404924595819466e-15,0,586.2720135495168
60.0,b0356,1,28,0.3983895354016885,0.3983895354016935,-4.9404924595819466e-15,0,586.2720135495168
60.0,b2240,1,28,0.3983895354016885,0.3983895354016935,-4.9404924595819466e-15,0,586.2720135495168
60.0,b0875,1,440,0.3983895354016885,0.1436253097289717,0.2547642256727168,0,20905.098427115343
60.0,b0353,2,78,0.3983895354016885,0.3983895354016799,8.604228440844963e-15,0,586.2701459761944
60.0,b2309,1,78,0.3983895354016885,0.3983895354016906,-2.05391259555654e-15,0,586.2701459761969
60.0,b0325,2,78,0.3983895354016885,0.3983895354016906,-2.05391259555654e-15,0,586.2701459761969
60.0,b2092,1,78,0.3983895354016885,0.3983895354016906,-2.05391259555654e-15,0,586.2701459761969
60.0,b2093,1,78,0.3983895354016885,0.3983895354016906,-2.05391259555654e-15,0,586.2701459761969
60.0,b2094,1,78,0.3983895354016885,0.3983895354016906,-2.05391259555654e-15,0,586.2701459761969
60.0,b3093,2,78,0.3983895354016885,0.3983895354016906,-2.05391259555654e-15,0,586.2701459761969
60.0,b4476,1,78,0.3983895354016885,0.3983895354016906,-2.05391259555654e-15,0,586.2701459761969
60.0,b3415,1,78,0.3983895354016885,0.3983895354016906,-2.05391259555654e-15,0,586.2701459761969
60.0,b1621,2,419,0.3983895354016885,0.378470058631607,0.0199194767700815,0,1255.4537705645896
60.0,b2021,1,417,0.3983895354016885,2.7788805987238323e-16,0.3983895354016882,1,4728.215801113273
60.0,b0166,1,417,0.3983895354016885,0.0,0.3983895354016885,1,4728.215801113354
60.0,b1519,1,78,0.3983895354016885,0.3983895354016863,2.220446049250313e-15,0,586.2701459761951
60.0,b4268,1,78,0.3983895354016885,0.3983895354016951,-6.605826996519682e-15,0,586.2701459761976
60.0,b3437,1,78,0.3983895354016885,0.3983895354016951,-6.605826996519682e-15,0,586.2701459761976
60.0,b3805,1,413,0.3983895354016885,1.2902687528384142e-15,0.3983895354016872,1,4206.690493749916
60.0,b3904,1,28,0.3983895354016885,0.3983895354016804,8.1601392309949e-15,0,586.2720135495133
60.0,b2486,1,28,0.3983895354016885,0.3983895354016822,6.3282712403633915e-15,0,586.2720135495136
60.0,b2490,1,28,0.3983895354016885,0.3983895354016822,6.3282712403633915e-15,0,586.2720135495136
60.0,b2724,2,28,0.3983895354016885,0.3983895354016822,6.3282712403633915e-15,0,586.2720135495136
60.0,b2719,2,28,0.3983895354016885,0.3983895354016822,6.3282712403633915e-15,0,586.2720135495136
60.0,b2720,2,28,0.3983895354016885,0.3983895354016822,6.3282712403633915e-15,0,586.2720135495136
60.0,b2721,2,28,0.3983895354016885,0.3983895354016822,6.3282712403633915e-15,0,586.2720135495136
60.0,b2722,2,28,0.3983895354016885,0.3983895354016822,6.3282712403633915e-15,0,586.2720135495136
60.0,b2723,2,28,0.3983895354016885,0.3983895354016822,6.3282712403633915e-15,0,586.2720135495136
60.0,b2485,1,28,0.3983895354016885,0.3983895354016822,6.3282712403633915e-15,0,586.2720135495136
60.0,b2484,1,28,0.3983895354016885,0.3983895354016822,6.3282712403633915e-15,0,586.2720135495136
60.0,b2487,1,28,0.3983895354016885,0.3983895354016822,6.3282712403633915e-15,0,586.2720135495136
60.0,b4079,1,28,0.3983895354016885,0.3983895354016822,6.3282712403633915e-15,0,586.2720135495136
60.0,b2481,1,28,0.3983895354016885,0.3983895354016822,6.3282712403633915e-15,0,586.2720135495136
60.0,b2483,1,28,0.3983895354016885,0.3983895354016822,6.3282712403633915e-15,0,586.2720135495136
60.0,b2482,1,28,0.3983895354016885,0.3983895354016822,6.3282712403633915e-15,0,586.2720135495136
60.0,b2489,1,28,0.3983895354016885,0.3983895354016822,6.3282712403633915e-15,0,586.2720135495136
60.0,b2488,1,28,0.3983895354016885,0.3983895354016822,6.3282712403633915e-15,0,586.2720135495136
60.0,b2747,1,413,0.3983895354016885,2.4633286918366464e-11,0.3983895353770552,1,4206.690493307719
60.0,b3213,2,413,0.3983895354016885,1.629951029272643e-15,0.3983895354016869,1,4206.690493749665
60.0,b1761,1,413,0.3983895354016885,0.3730143930960768,0.0253751423056116,0,628.1971656121204
60.0,b3212,2,413,0.3983895354016885,4.100922328757618e-14,0.3983895354016475,1,4206.690493749349
60.0,b0186,1,28,0.3983895354016885,0.3983895354016832,5.2735593669694936e-15,0,586.2720135495138
60.0,b4131,1,28,0.3983895354016885,0.3983895354016558,3.2751579226442124e-14,0,586.2720135495066
60.0,b1189,1,28,0.3983895354016885,0.3983895354016558,3.2751579226442124e-14,0,586.2720135495066
60.0,b2888,2,28,0.3983895354016885,0.3983895354016558,3.2751579226442124e-14,0,586.2720135495066
60.0,b2882,1,28,0.3983895354016885,0.3983895354016558,3.2751579226442124e-14,0,586.2720135495066
60.0,b3451,7,28,0.3983895354016885,0.3983895354016558,3.2751579226442124e-14,0,586.2720135495066
60.0,b3450,7,28,0.3983895354016885,0.3983895354016558,3.2751579226442124e-14,0,586.2720135495066
60.0,b3453,7,28,0.3983895354016885,0.3983895354016558,3.2751579226442124e-14,0,586.2720135495066
60.0,b3452,7,28,0.3983895354016885,0.3983895354016558,3.2751579226442124e-14,0,586.2720135495066
60.0,b2536,1,28,0.3983895354016885,0.3983895354016558,3.2751579226442124e-14,0,586.2720135495066
60.0,b0212,1,28,0.3983895354016885,0.3983895354016558,3.2751579226442124e-14,0,586.2720135495066
60.0,b3779,1,28,0.3983895354016885,0.3983895354016558,3.2751579226442124e-14,0,586.2720135495066
60.0,b2868,2,28,0.3983895354016885,0.3983895354016558,3.2751579226442124e-14,0,586.2720135495066
60.0,b2867,2,28,0.3983895354016885,0.3983895354016558,3.2751579226442124e-14,0,586.2720135495066
60.0,b2866,2,28,0.3983895354016885,0.3983895354016558,3.2751579226442124e-14,0,586.2720135495066
60.0,b4311,1,28,0.3983895354016885,0.3983895354016558,3.2751579226442124e-14,0,586.2720135495066
60.0,b1991,1,28,0.3983895354016885,0.3983895354016558,3.2751579226442124e-14,0,586.2720135495066
60.0,b3502,1,28,0.3983895354016885,0.3983895354016558,3.2751579226442124e-14,0,586.2720135495066
60.0,b1444,1,28,0.3983895354016885,0.3983895354016558,3.2751579226442124e-14,0,586.2720135495066
60.0,b2927,1,100,0.3983895354016885,0.398387942710807,1.59269088151337e-06,0,586.2643332041121
60.0,b2025,1,413,0.3983895354016885,-6.30593438613009e-32,0.3983895354016885,1,4206.690493749898
60.0,b2023,1,413,0.3983895354016885,0.0,0.3983895354016885,1,4206.690493749595
60.0,b3640,1,44,0.3983895354016885,0.3983895354016848,3.719247132494274e-15,0,586.4068892091892
60.0,b0425,1,413,0.3983895354016885,-2.1134132376041885e-13,0.3983895354018998,1,4206.69049375286
60.0,b3772,1,413,0.3983895354016885,0.0,0.3983895354016885,1,4206.690493749647
60.0,b0931,1,44,0.3983895354016885,0.3983895354016933,-4.773959005888173e-15,0,586.4068892091916
60.0,b1764,1,44,0.3983895354016885,0.3983895354016898,-1.27675647831893e-15,0,586.4068892091904
60.0,b2150,2,44,0.3983895354016885,0.3983895354016898,-1.27675647831893e-15,0,586.4068892091904
60.0,b2148,2,44,0.3983895354016885,0.3983895354016898,-1.27675647831893e-15,0,586.4068892091904
60.0,b2149,2,44,0.3983895354016885,0.3983895354016898,-1.27675647831893e-15,0,586.4068892091904
60.0,b1640,1,44,0.3983895354016885,0.3983895354016898,-1.27675647831893e-15,0,586.4068892091904
60.0,b1606,2,413,0.3983895354016885,3.1139657320020987e-16,0.3983895354016882,1,4206.690493749629
60.0,b0048,1,413,0.3983895354016885,0.0,0.3983895354016885,1,4206.690493749717
60.0,b3390,1,413,0.3983895354016885,1.930166291359657e-14,0.3983895354016692,1,4206.690493749368
60.0,b0388,1,413,0.3983895354016885,1.9301662913596602e-14,0.3983895354016692,1,4206.690493749413
60.0,b1745,1,44,0.3983895354016885,0.3983895354016965,-7.993605777301127e-15,0,586.4068892091922
60.0,b0115,1,430,0.3983895354016885,0.3456785318271043,0.0527110035745841,0,3044.7085336195555
60.0,b0114,1,430,0.3983895354016885,0.3456785318270992,0.0527110035745893,0,3044.708533619534
60.0,b3128,1,93,0.3983895354016885,0.3983895354016936,-5.051514762044462e-15,0,588.3591842076952
60.0,b2255,2,93,0.3983895354016885,0.3983895354017057,-1.7208456881689926e-14,0,588.3591842076985
60.0,b0774,1,413,0.3983895354016885,2.2689632625911804e-15,0.3983895354016862,1,4206.690493750375
60.0,b1605,1,43,0.3983895354016885,0.3983895354016771,1.1379786002407856e-14,0,588.3612007973614
60.0,b2818,1,413,0.3983895354016885,2.242617761762196e-16,0.3983895354016883,1,4206.690493749407
60.0,b1489,3,43,0.3983895354016885,0.398389535401684,4.496403249731884e-15,0,588.3612007973628
60.0,b3032,1,43,0.3983895354016885,0.3983895354016737,1.482147737874584e-14,0,588.3612007973603
60.0,b0334,1,43,0.3983895354016885,0.3983895354016737,1.482147737874584e-14,0,588.3612007973603
60.0,b0092,1,413,0.3983895354016885,1.524373668111766e-15,0.398389535401687,1,4206.690493749433
60.0,b0381,1,413,0.3983895354016885,0.0,0.3983895354016885,1,4206.690493749817
60.0,b2715,2,43,0.3983895354016885,0.3983895354016899,-1.3877787807814457e-15,0,588.3612007973646
60.0,b1738,2,43,0.3983895354016885,0.3983895354016881,4.440892098500626e-16,0,588.3612007973638
60.0,b1736,2,43,0.3983895354016885,0.3983895354016881,4.440892098500626e-16,0,588.3612007973638
60.0,b1737,2,43,0.3983895354016885,0.3983895354016881,4.440892098500626e-16,0,588.3612007973638
60.0,b2224,1,459,0.3983895354016885,0.3915030231418217,0.0068865122598668,0,580.790631964697
60.0,b0842,2,43,0.3983895354016885,0.3983895354016862,2.275957200481571e-15,0,588.3612007973633
60.0,b0047,1,43,0.3983895354016885,0.3983895354016755,1.2989609388114332e-14,0,588.3612007973603
60.0,b3350,1,43,0.3983895354016885,0.3983895354016755,1.2989609388114332e-14,0,588.3612007973603
60.0,b1216,3,43,0.3983895354016885,0.3983895354016755,1.2989609388114332e-14,0,588.3612007973603
60.0,b0728,1,421,0.3983895354016885,0.3923500015530772,0.0060395338486113,0,614.1147139360796
60.0,b0729,1,421,0.3983895354016885,0.3923500015530805,0.006039533848608,0,614.1147139360802
60.0,b0650,1,76,0.3983895354016885,0.3983895354016578,3.075317778211684e-14,0,588.3506665098448
60.0,b0757,1,76,0.3983895354016885,0.3983895354016734,1.5154544286133387e-14,0,588.3506665098489
60.0,b0133,1,413,0.3983895354016885,-1.330260301661215e-15,0.3983895354016898,1,4206.69049374943
60.0,b2165,1,26,0.3983895354016885,0.398389535401682,6.494804694057166e-15,0,588.3526830995214
60.0,b3389,1,413,0.3983895354016885,1.832391284695726e-14,0.3983895354016702,1,4206.690493749173
60.0,b2366,1,26,0.3983895354016885,0.3983895354016833,5.218048215738236e-15,0,588.3526830995219
60.0,b1723,1,26,0.3983895354016885,0.3983895354016846,3.885780586188048e-15,0,588.3526830995226
60.0,b3612,1,429,0.3983895354016885,0.2500866613671837,0.1483028740345047,0,1497.5547251287949
60.0,b0755,1,429,0.3983895354016885,0.250086661367171,0.1483028740345175,0,1497.554725128767
60.0,b3919,1,423,0.3983895354016885,0.3224326332519162,0.0759569021497723,0,1385.0344180742427
60.0,b2914,1,421,0.3983895354016885,0.2242989087467199,0.1740906266549686,0,1297.360924056345
60.0,b2320,1,96,0.3983895354016885,0.3983879427108423,1.5926908462082778e-06,0,386.2333837644599
60.0,b1107,3,23,0.3983895354016885,0.3983895354016813,7.160938508832261e-15,0,386.2359162432673
60.0,b1539,4,23,0.3983895354016885,0.3983895354016868,1.6653345369377348e-15,0,386.2359162432687
60.0,b3823,1,23,0.3983895354016885,0.3983895354016868,1.6653345369377348e-15,0,386.2359162432687
60.0,b0813,2,23,0.3983895354016885,0.3983895354016868,1.6653345369377348e-15,0,386.2359162432687
60.0,b2919,1,23,0.3983895354016885,0.3983895354016868,1.6653345369377348e-15,0,386.2359162432687
60.0,b3870,1,411,0.3983895354016885,-3.9004204865488757e-14,0.3983895354017275,1,3971.501225052036
60.0,b2947,1,23,0.3983895354016885,0.3983895354016885,0.0,0,386.2359162432686
60.0,b2253,1,23,0.3983895354016885,0.3983895354016868,1.6653345369377348e-15,0,386.2359162432687
60.0,b2254,1,23,0.3983895354016885,0.3983895354016868,1.6653345369377348e-15,0,386.2359162432687
60.0,b2256,1,23,0.3983895354016885,0.3983895354016868,1.6653345369377348e-15,0,386.2359162432687
60.0,b2258,1,23,0.3983895354016885,0.3983895354016868,1.6653345369377348e-15,0,386.2359162432687
60.0,b4544,1,23,0.3983895354016885,0.3983895354016868,1.6653345369377348e-15,0,386.2359162432687
60.0,b3621,1,23,0.3983895354016885,0.3983895354016868,1.6653345369377348e-15,0,386.2359162432687
60.0,b3001,1,23,0.3983895354016885,0.3983895354016868,1.6653345369377348e-15,0,386.2359162432687
60.0,b1781,1,23,0.3983895354016885,0.3983895354016868,1.6653345369377348e-15,0,386.2359162432687
60.0,b3620,1,23,0.3983895354016885,0.3983895354016868,1.6653345369377348e-15,0,386.2359162432687
60.0,b3624,1,23,0.3983895354016885,0.3983895354016868,1.6653345369377348e-15,0,386.2359162432687
60.0,b3629,1,23,0.3983895354016885,0.3983895354016868,1.6653345369377348e-15,0,386.2359162432687
60.0,b3628,1,23,0.3983895354016885,0.3983895354016868,1.6653345369377348e-15,0,386.2359162432687
60.0,b3627,1,23,0.3983895354016885,0.3983895354016868,1.6653345369377348e-15,0,386.2359162432687
60.0,b3850,2,411,0.3983895354016885,5.934738344666567e-17,0.3983895354016885,1,3971.501225051329
60.0,b3630,1,23,0.3983895354016885,0.3983895354016911,-2.609024107869118e-15,0,386.2359162432695
60.0,b3632,1,23,0.3983895354016885,0.3983895354016868,1.6653345369377348e-15,0,386.2359162432687
60.0,b3625,1,23,0.3983895354016885,0.3983895354016868,1.6653345369377348e-15,0,386.2359162432687
60.0,b2810,1,23,0.3983895354016885,0.3983895354016868,1.6653345369377348e-15,0,386.2359162432687
60.0,b1680,5,23,0.3983895354016885,0.3983895354016868,1.6653345369377348e-15,0,386.2359162432687
60.0,b3867,1,23,0.3983895354016885,0.3983895354016868,1.6653345369377348e-15,0,386.2359162432687
60.0,b3824,1,23,0.3983895354016885,0.3983895354016868,1.6653345369377348e-15,0,386.2359162432687
60.0,b2133,1,23,0.3983895354016885,0.3983895354016868,1.6653345369377348e-15,0,386.2359162432687
60.0,b2260,1,23,0.3983895354016885,0.3983895354016868,1.6653345369377348e-15,0,386.2359162432687
60.0,b1919,1,23,0.3983895354016885,0.3983895354016868,1.6653345369377348e-15,0,386.2359162432687
60.0,b2578,2,23,0.3983895354016885,0.3983895354016868,1.6653345369377348e-15,0,386.2359162432687
60.0,b1533,3,23,0.3983895354016885,0.3983895354016868,1.6653345369377348e-15,0,386.2359162432687
60.0,b4394,3,23,0.3983895354016885,0.3983895354016868,1.6653345369377348e-15,0,386.2359162432687
60.0,b2499,1,411,0.3983895354016885,-6.912292264536677e-14,0.3983895354017576,1,3971.501225052571
60.0,b3825,35,23,0.3983895354016885,0.3983895354016832,5.3290705182007506e-15,0,386.2359162432675
60.0,b2835,21,23,0.3983895354016885,0.3983895354016868,1.6653345369377348e-15,0,386.2359162432687
60.0,b3029,2,23,0.3983895354016885,0.3983895354016868,1.6653345369377348e-15,0,386.2359162432687
60.0,b2889,1,26,0.3983895354016885,0.3983895354016868,1.6653345369377348e-15,0,386.23591836511326
60.0,b3821,42,26,0.3983895354016885,0.3983895354016752,1.3322676295501878e-14,0,386.23591836511054
60.0,b2146,1,26,0.3983895354016885,0.3983895354016752,1.3322676295501878e-14,0,386.23591836511054
60.0,b2147,1,26,0.3983895354016885,0.3983895354016752,1.3322676295501878e-14,0,386.23591836511054
60.0,b4478,1,26,0.3983895354016885,0.3983895354016752,1.3322676295501878e-14,0,386.23591836511054
60.0,b1380,1,26,0.3983895354016885,0.3983895354016752,1.3322676295501878e-14,0,386.23591836511054
60.0,b0693,1,26,0.3983895354016885,0.3983895354016752,1.3322676295501878e-14,0,386.23591836511054
60.0,b2965,1,26,0.3983895354016885,0.3983895354016752,1.3322676295501878e-14,0,386.23591836511054
60.0,b0954,13,26,0.3983895354016885,0.3983895354016752,1.3322676295501878e-14,0,386.23591836511054
60.0,b1288,26,411,0.3983895354016885,1.7090690955450553e-15,0.3983895354016868,1,3971.501225051081
60.0,b0175,7,411,0.3983895354016885,0.0,0.3983895354016885,1,3971.50122505144
60.0,b3918,7,26,0.3983895354016885,0.3983895354016917,-3.1641356201816957e-15,0,386.23591836511423
60.0,b1912,7,26,0.3983895354016885,0.3983895354016945,-5.9952043329758445e-15,0,386.2359183651147
60.0,b2585,7,411,0.3983895354016885,-3.032932880638642e-16,0.3983895354016888,1,3971.501225051562
60.0,b1093,14,411,0.3983895354016885,0.0,0.3983895354016885,1,3971.501225051544
60.0,b1661,4,26,0.3983895354016885,0.3983895354016825,5.9952043329758445e-15,0,386.2359183651122
60.0,b2497,1,26,0.3983895354016885,0.3983895354016781,1.0436096431476471e-14,0,386.2359183651113
60.0,b1006,1,26,0.3983895354016885,0.3983895354016781,1.0436096431476471e-14,0,386.2359183651113
60.0,b1488,1,26,0.3983895354016885,0.3983895354016781,1.0436096431476471e-14,0,386.2359183651113
60.0,b3543,3,26,0.3983895354016885,0.3983895354016781,1.0436096431476471e-14,0,386.2359183651113
60.0,b3542,3,26,0.3983895354016885,0.3983895354016781,1.0436096431476471e-14,0,386.2359183651113
60.0,b3541,3,26,0.3983895354016885,0.3983895354016781,1.0436096431476471e-14,0,386.2359183651113
60.0,b3540,3,26,0.3983895354016885,0.3983895354016781,1.0436096431476471e-14,0,386.2359183651113
60.0,b3544,3,26,0.3983895354016885,0.3983895354016781,1.0436096431476471e-14,0,386.2359183651113
60.0,b1484,1,26,0.3983895354016885,0.3983895354016781,1.0436096431476471e-14,0,386.2359183651113
60.0,b1485,1,26,0.3983895354016885,0.3983895354016781,1.0436096431476471e-14,0,386.2359183651113
60.0,b1486,1,26,0.3983895354016885,0.3983895354016781,1.0436096431476471e-14,0,386.2359183651113
60.0,b1487,1,26,0.3983895354016885,0.3983895354016781,1.0436096431476471e-14,0,386.2359183651113
60.0,b1483,1,26,0.3983895354016885,0.3983895354016781,1.0436096431476471e-14,0,386.2359183651113
60.0,b0829,1,26,0.3983895354016885,0.3983895354016781,1.0436096431476471e-14,0,386.2359183651113
60.0,b0832,1,26,0.3983895354016885,0.3983895354016781,1.0436096431476471e-14,0,386.2359183651113
60.0,b0830,1,26,0.3983895354016885,0.3983895354016781,1.0436096431476471e-14,0,386.2359183651113
60.0,b0831,1,26,0.3983895354016885,0.3983895354016781,1.0436096431476471e-14,0,386.2359183651113
60.0,b0789,7,26,0.3983895354016885,0.3983895354016781,1.0436096431476471e-14,0,386.2359183651113
60.0,b1249,7,26,0.3983895354016885,0.3983895354016781,1.0436096431476471e-14,0,386.2359183651113
60.0,b1677,2,26,0.3983895354016885,0.3983895354016781,1.0436096431476471e-14,0,386.2359183651113
60.0,b0657,2,26,0.3983895354016885,0.3983895354016781,1.0436096431476471e-14,0,386.2359183651113
60.0,b0418,14,26,0.3983895354016885,0.3983895354016781,1.0436096431476471e-14,0,386.2359183651113
60.0,b0508,1,26,0.3983895354016885,0.3983895354016781,1.0436096431476471e-14,0,386.2359183651113
60.0,b0613,1,26,0.3983895354016885,0.3983895354016781,1.0436096431476471e-14,0,386.2359183651113
60.0,b1301,1,26,0.3983895354016885,0.3983895354016781,1.0436096431476471e-14,0,386.2359183651113
60.0,b0805,1,26,0.3983895354016885,0.3983895354016781,1.0436096431476471e-14,0,386.2359183651113
60.0,b2155,1,26,0.3983895354016885,0.3983895354016781,1.0436096431476471e-14,0,386.2359183651113
60.0,b0576,1,26,0.3983895354016885,0.3983895354016781,1.0436096431476471e-14,0,386.2359183651113
60.0,b0594,1,26,0.3983895354016885,0.3983895354016781,1.0436096431476471e-14,0,386.2359183651113
60.0,b3182,9,26,0.3983895354016885,0.3983895354016781,1.0436096431476471e-14,0,386.2359183651113
60.0,b2010,5,26,0.3983895354016885,0.3983895354016781,1.0436096431476471e-14,0,386.2359183651113
60.0,b0839,5,26,0.3983895354016885,0.3983895354016781,1.0436096431476471e-14,0,386.2359183651113
60.0,b2430,5,26,0.3983895354016885,0.3983895354016781,1.0436096431476471e-14,0,386.2359183651113
60.0,b0632,5,26,0.3983895354016885,0.3983895354016781,1.0436096431476471e-14,0,386.2359183651113
60.0,b0376,9,26,0.3983895354016885,0.3983895354016781,1.0436096431476471e-14,0,386.2359183651113
60.0,b3833,2,26,0.3983895354016885,0.3983895354016781,1.0436096431476471e-14,0,386.2359183651113
60.0,b0514,1,26,0.3983895354016885,0.3983895354016781,1.0436096431476471e-14,0,386.2359183651113
60.0,b2519,2,411,0.3983895354016885,1.4489688083923945e-17,0.3983895354016885,1,3971.501225051387
60.0,b3396,4,411,0.3983895354016885,0.0,0.3983895354016885,1,3971.501225051436
60.0,b1069,2,411,0.3983895354016885,0.0,0.3983895354016885,1,3971.501225051436
60.0,b0089,2,411,0.3983895354016885,0.0,0.3983895354016885,1,3971.501225051436
60.0,b3208,2,411,0.3983895354016885,0.0,0.3983895354016885,1,3971.501225051436
60.0,b0149,4,411,0.3983895354016885,0.0,0.3983895354016885,1,3971.501225051436
60.0,b0084,2,411,0.3983895354016885,0.0,0.3983895354016885,1,3971.501225051436
60.0,b0635,2,411,0.3983895354016885,0.0,0.3983895354016885,1,3971.5012250515774
60.0,b0925,6,26,0.3983895354016885,0.3983895354016874,1.1102230246251563e-15,0,386.2359183651136
60.0,b1678,6,26,0.3983895354016885,0.3983895354016781,1.0436096431476471e-14,0,386.2359183651113
60.0,b0355,1,26,0.3983895354016885,0.3983895354016781,1.0436096431476471e-14,0,386.2359183651113
60.0,b2154,1,26,0.3983895354016885,0.3983895354016781,1.0436096431476471e-14,0,386.2359183651113
60.0,b2893,2,26,0.3983895354016885,0.3983895354016781,1.0436096431476471e-14,0,386.2359183651113
60.0,b0604,2,26,0.3983895354016885,0.3983895354016781,1.0436096431476471e-14,0,386.2359183651113
60.0,b3930,1,26,0.3983895354016885,0.3983895354016781,1.0436096431476471e-14,0,386.2359183651113
60.0,b3994,1,411,0.3983895354016885,8.11080754773326e-16,0.3983895354016877,1,3971.501225051381
60.0,b1710,2,26,0.3983895354016885,0.3983895354016842,4.274358644806853e-15,0,386.2359183651127
60.0,b2480,1,26,0.3983895354016885,0.3983895354016781,1.0436096431476471e-14,0,386.2359183651113
60.0,b0429,1,424,0.3983895354016885,0.2390406521746093,0.1593488832270792,0,4124.846829540243
60.0,b0432,1,424,0.3983895354016885,0.2390406521746187,0.1593488832270698,0,4124.84682954026
60.0,b0430,1,424,0.3983895354016885,0.2390406521746187,0.1593488832270698,0,4124.84682954026
60.0,b0431,1,424,0.3983895354016885,0.2390406521746187,0.1593488832270698,0,4124.84682954026
60.0,b4041,7,32,0.3983895354016885,0.398389535401693,-4.496403249731884e-15,0,386.2405509344189
60.0,b0180,14,411,0.3983895354016885,-1.6994157290480546e-15,0.3983895354016902,1,3971.501225051397
60.0,b2413,1,327,0.3983895354016885,0.3977909249822294,0.0005986104194591,0,386.3598253357362
60.0,b3018,7,411,0.3983895354016885,8.227630690428516e-16,0.3983895354016877,1,3971.501225051336
60.0,b4042,7,32,0.3983895354016885,0.3983895354016858,2.664535259100376e-15,0,386.2405509344196
60.0,b4160,7,411,0.3983895354016885,3.2275627124579406e-16,0.3983895354016882,1,3971.501225051448
60.0,b0722,1,431,0.3983895354016885,0.3782402345664512,0.0201493008352373,0,993.8430969096518
60.0,b0723,1,431,0.3983895354016885,0.3782402345664549,0.0201493008352335,0,993.8430969096598
60.0,b0721,1,431,0.3983895354016885,0.3782402345664549,0.0201493008352335,0,993.8430969096598
60.0,b0724,1,431,0.3983895354016885,0.3782402345664549,0.0201493008352335,0,993.8430969096598
60.0,b0494,21,87,0.3983895354016885,0.3983895354016897,-1.1657341758564144e-15,0,386.2885078734145
60.0,b0118,3,411,0.3983895354016885,2.9194573681988858e-15,0.3983895354016856,1,3971.501225051747
60.0,b1276,2,411,0.3983895354016885,2.5469951727063176e-29,0.3983895354016885,1,3971.5012250515
60.0,b3447,1,87,0.3983895354016885,0.3983895354017003,-1.1768364061026661e-14,0,386.288507873416
60.0,b1990,5,87,0.3983895354016885,0.3983895354017072,-1.8707257964933888e-14,0,386.2885078734181
60.0,b0819,5,87,0.3983895354016885,0.3983895354017072,-1.8707257964933888e-14,0,386.2885078734181
60.0,b1113,5,87,0.3983895354016885,0.3983895354017072,-1.8707257964933888e-14,0,386.2885078734181
60.0,b1097,4,87,0.3983895354016885,0.3983895354017072,-1.8707257964933888e-14,0,386.2885078734181
60.0,b2813,4,87,0.3983895354016885,0.3983895354017072,-1.8707257964933888e-14,0,386.2885078734181
60.0,b2701,4,87,0.3983895354016885,0.3983895354017072,-1.8707257964933888e-14,0,386.2885078734181
60.0,b0211,4,87,0.3983895354016885,0.3983895354017072,-1.8707257964933888e-14,0,386.2885078734181
60.0,b4392,4,87,0.3983895354016885,0.3983895354017072,-1.8707257964933888e-14,0,386.2885078734181
60.0,b2558,4,87,0.3983895354016885,0.3983895354017072,-1.8707257964933888e-14,0,386.2885078734181
60.0,b1193,4,87,0.3983895354016885,0.3983895354017072,-1.8707257964933888e-14,0,386.2885078734181
60.0,b2963,4,87,0.3983895354016885,0.3983895354017072,-1.8707257964933888e-14,0,386.2885078734181
60.0,b3546,2,87,0.3983895354016885,0.3983895354017072,-1.8707257964933888e-14,0,386.2885078734181
60.0,b2328,6,87,0.3983895354016885,0.3983895354017072,-1.8707257964933888e-14,0,386.2885078734181
60.0,b2134,4,87,0.3983895354016885,0.3983895354017072,-1.8707257964933888e-14,0,386.2885078734181
60.0,b1655,4,87,0.3983895354016885,0.3983895354017072,-1.8707257964933888e-14,0,386.2885078734181
60.0,b1856,4,87,0.3983895354016885,0.3983895354017072,-1.8707257964933888e-14,0,386.2885078734181
60.0,b3860,2,87,0.3983895354016885,0.3983895354017072,-1.8707257964933888e-14,0,386.2885078734181
60.0,b1185,2,87,0.3983895354016885,0.3983895354017072,-1.8707257964933888e-14,0,386.2885078734181
60.0,b4136,3,87,0.3983895354016885,0.3983895354017072,-1.8707257964933888e-14,0,386.2885078734181
60.0,b0605,1,87,0.3983895354016885,0.3983895354017072,-1.8707257964933888e-14,0,386.2885078734181
60.0,b0606,1,87,0.3983895354016885,0.3983895354017072,-1.8707257964933888e-14,0,386.2885078734181
60.0,b0221,8,457,0.3983895354016885,0.3915030231418437,0.0068865122598448,0,387.19862345477645
60.0,b2283,3,431,0.3983895354016885,0.201223195378982,0.1971663400227065,0,4919.018033989131
60.0,b2282,3,431,0.3983895354016885,0.2012231953790004,0.1971663400226881,0,4919.018033989114
60.0,b2281,3,431,0.3983895354016885,0.2012231953790004,0.1971663400226881,0,4919.018033989114
60.0,b2288,3,431,0.3983895354016885,0.2012231953790004,0.1971663400226881,0,4919.018033989114
60.0,b2276,3,431,0.3983895354016885,0.2012231953790004,0.1971663400226881,0,4919.018033989114
60.0,b2277,3,431,0.3983895354016885,0.2012231953790004,0.1971663400226881,0,4919.018033989114
60.0,b2285,3,431,0.3983895354016885,0.2012231953790004,0.1971663400226881,0,4919.018033989114
60.0,b2284,3,431,0.3983895354016885,0.2012231953790004,0.1971663400226881,0,4919.018033989114
60.0,b2278,3,431,0.3983895354016885,0.2012231953790004,0.1971663400226881,0,4919.018033989114
60.0,b2279,3,431,0.3983895354016885,0.2012231953790004,0.1971663400226881,0,4919.018033989114
60.0,b2280,3,431,0.3983895354016885,0.2012231953790004,0.1971663400226881,0,4919.018033989114
60.0,b2287,3,431,0.3983895354016885,0.2012231953790004,0.1971663400226881,0,4919.018033989114
60.0,b2286,3,431,0.3983895354016885,0.2012231953790004,0.1971663400226881,0,4919.018033989114
60.0,b1801,3,37,0.3983895354016885,0.3983895354017386,-5.0071058410594566e-14,0,386.29289467308695
60.0,b4208,5,298,0.3983895354016885,0.3983233911234096,6.614427827889013e-05,0,386.28506501831873
60.0,b0007,2,37,0.3983895354016885,0.3983895354016992,-1.071365218763276e-14,0,386.2928946730774
60.0,b2923,2,37,0.3983895354016885,0.3983895354016864,2.1094237467877974e-15,0,386.29289467307495
60.0,b0874,1,37,0.3983895354016885,0.3983895354016864,2.1094237467877974e-15,0,386.29289467307495
60.0,b0037,3,37,0.3983895354016885,0.3983895354016864,2.1094237467877974e-15,0,386.29289467307495
60.0,b1734,2,37,0.3983895354016885,0.3983895354016864,2.1094237467877974e-15,0,386.29289467307495
60.0,b2467,1,37,0.3983895354016885,0.3983895354016864,2.1094237467877974e-15,0,386.29289467307495
60.0,b0404,7,37,0.3983895354016885,0.3983895354016864,2.1094237467877974e-15,0,386.29289467307495
60.0,b0314,1,37,0.3983895354016885,0.3983895354016864,2.1094237467877974e-15,0,386.29289467307495
60.0,b4474,1,37,0.3983895354016885,0.3983895354016864,2.1094237467877974e-15,0,386.29289467307495
60.0,b3370,2,37,0.3983895354016885,0.3983895354016864,2.1094237467877974e-15,0,386.29289467307495
60.0,b3040,6,411,0.3983895354016885,-1.872225816211553e-16,0.3983895354016887,1,3971.5012250513737
60.0,b3816,3,411,0.3983895354016885,0.0,0.3983895354016885,1,3971.501225051537
60.0,b2373,1,37,0.3983895354016885,0.398389535401689,-4.996003610813204e-16,0,386.2928946730759
60.0,b4233,2,37,0.3983895354016885,0.3983895354016977,-9.15933995315754e-15,0,386.2928946730772
60.0,b3196,1,411,0.3983895354016885,-2.032571249614168e-16,0.3983895354016887,1,3971.501225051636
60.0,b3691,1,37,0.3983895354016885,0.3983895354016842,4.274358644806853e-15,0,386.2928946730746
60.0,b2843,1,37,0.3983895354016885,0.3983895354016977,-9.15933995315754e-15,0,386.2928946730772
60.0,b2156,1,37,0.3983895354016885,0.3983895354016977,-9.15933995315754e-15,0,386.2928946730772
60.0,b4130,3,37,0.3983895354016885,0.3983895354016977,-9.15933995315754e-15,0,386.2928946730772
60.0,b4356,1,37,0.3983895354016885,0.3983895354016977,-9.15933995315754e-15,0,386.2928946730772
60.0,b4358,1,37,0.3983895354016885,0.3983895354016977,-9.15933995315754e-15,0,386.2928946730772
60.0,b3431,1,37,0.3983895354016885,0.3983895354016977,-9.15933995315754e-15,0,386.2928946730772
60.0,b0155,1,107,0.3983895354016885,0.3983874701435912,2.0652580972613244e-06,0,386.2932342171814
60.0,b1378,1,307,0.3983895354016885,0.3983032492682046,8.62861334839371e-05,0,385.9931969065361
60.0,b0684,7,411,0.3983895354016885,2.4634389047853168e-11,0.3983895353770541,1,3971.501224611528
60.0,b2895,7,411,0.3983895354016885,2.463367255911375e-11,0.3983895353770548,1,3971.50122461208
60.0,b0777,1,411,0.3983895354016885,0.0,0.3983895354016885,1,3971.501225051536
60.0,b3199,9,411,0.3983895354016885,0.0,0.3983895354016885,1,3971.501225051272
60.0,b0641,9,411,0.3983895354016885,0.0,0.3983895354016885,1,3971.501225051512
60.0,b3200,9,411,0.3983895354016885,0.0,0.3983895354016885,1,3971.501225051512
60.0,b3201,9,411,0.3983895354016885,0.0,0.3983895354016885,1,3971.501225051512
60.0,b0054,9,411,0.3983895354016885,0.0,0.3983895354016885,1,3971.501225051512
60.0,b4262,9,411,0.3983895354016885,0.0,0.3983895354016885,1,3971.501225051512
60.0,b4261,9,411,0.3983895354016885,0.0,0.3983895354016885,1,3971.501225051512
60.0,b1535,1,37,0.3983895354016885,0.3983895354016913,-2.8310687127941488e-15,0,386.2928946730763
60.0,b1490,1,37,0.3983895354016885,0.3983895354016844,4.107825191113079e-15,0,386.2928946730748
60.0,b1794,1,37,0.3983895354016885,0.3983895354016844,4.107825191113079e-15,0,386.2928946730748
60.0,b1341,1,37,0.3983895354016885,0.3983895354016844,4.107825191113079e-15,0,386.2928946730748
60.0,b1025,1,37,0.3983895354016885,0.3983895354016844,4.107825191113079e-15,0,386.2928946730748
60.0,b1285,2,37,0.3983895354016885,0.3983895354016844,4.107825191113079e-15,0,386.2928946730748
60.0,b3525,1,37,0.3983895354016885,0.3983895354016844,4.107825191113079e-15,0,386.2928946730748
60.0,b0315,1,37,0.3983895354016885,0.3983895354016844,4.107825191113079e-15,0,386.2928946730748
60.0,b2503,1,37,0.3983895354016885,0.3983895354016844,4.107825191113079e-15,0,386.2928946730748
60.0,b0009,1,37,0.3983895354016885,0.3983895354016844,4.107825191113079e-15,0,386.2928946730748
60.0,b0784,2,37,0.3983895354016885,0.3983895354016844,4.107825191113079e-15,0,386.2928946730748
60.0,b2530,6,411,0.3983895354016885,-1.763373266340434e-16,0.3983895354016887,1,3971.501225051299
60.0,b2470,7,37,0.3983895354016885,0.3983895354016862,2.3314683517128287e-15,0,386.2928946730749
60.0,b0463,7,37,0.3983895354016885,0.3983895354016886,-5.551115123125783e-17,0,386.2928946730755
60.0,b0462,7,37,0.3983895354016885,0.3983895354016886,-5.551115123125783e-17,0,386.2928946730755
60.0,b1394,2,37,0.3983895354016885,0.3983895354016886,-5.551115123125783e-17,0,386.2928946730755
60.0,b1090,7,31,0.3983895354016885,0.3983895354016886,-5.551115123125783e-17,0,386.2882621037687
60.0,b3059,7,31,0.3983895354016885,0.3983895354016974,-8.881784197001252e-15,0,386.2882621037704
60.0,b2529,6,105,0.3983895354016885,0.3983877959014194,1.7395002691600323e-06,0,386.2885440072485
60.0,b1684,2,31,0.3983895354016885,0.3983895354016951,-6.550315845288424e-15,0,386.28826210377
60.0,b1682,6,31,0.3983895354016885,0.3983895354016865,2.05391259555654e-15,0,386.2882621037682
60.0,b1683,6,31,0.3983895354016885,0.3983895354016865,2.05391259555654e-15,0,386.2882621037682
60.0,b1681,6,31,0.3983895354016885,0.3983895354016865,2.05391259555654e-15,0,386.2882621037682
60.0,b0827,4,31,0.3983895354016885,0.3983895354016865,2.05391259555654e-15,0,386.2882621037682
60.0,b3857,5,31,0.3983895354016885,0.3983895354016865,2.05391259555654e-15,0,386.2882621037682
60.0,b3856,5,31,0.3983895354016885,0.3983895354016865,2.05391259555654e-15,0,386.2882621037682
60.0,b3058,2,411,0.3983895354016885,2.533997778957916e-12,0.3983895353991545,1,3971.501225006185
60.0,b0709,2,31,0.3983895354016885,0.3983895354016856,2.886579864025407e-15,0,386.288262103768
60.0,b3496,2,31,0.3983895354016885,0.3983895354016865,2.05391259555654e-15,0,386.2882621037682
60.0,b1634,2,31,0.3983895354016885,0.3983895354016865,2.05391259555654e-15,0,386.2882621037682
60.0,b2528,2,105,0.3983895354016885,0.3983877959014094,1.7395002790965286e-06,0,386.2885440072464
60.0,b1679,4,31,0.3983895354016885,0.3983895354016671,2.142730437526552e-14,0,386.28826210376434
60.0,b0775,1,411,0.3983895354016885,-1.4255592916356207e-16,0.3983895354016887,1,3971.501225051648
60.0,b1009,1,31,0.3983895354016885,0.3983895354016818,6.716849298982197e-15,0,386.2882621037676
60.0,b0444,1,31,0.3983895354016885,0.3983895354016955,-6.994405055138486e-15,0,386.2882621037696
60.0,b2794,1,31,0.3983895354016885,0.3983895354016955,-6.994405055138486e-15,0,386.2882621037696
60.0,b1008,1,31,0.3983895354016885,0.3983895354016955,-6.994405055138486e-15,0,386.2882621037696
60.0,b2765,1,31,0.3983895354016885,0.3983895354016955,-6.994405055138486e-15,0,386.2882621037696
60.0,b2263,1,31,0.3983895354016885,0.3983895354016955,-6.994405055138486e-15,0,386.2882621037696
60.0,b1011,1,31,0.3983895354016885,0.3983895354016955,-6.994405055138486e-15,0,386.2882621037696
60.0,b1010,1,31,0.3983895354016885,0.3983895354016955,-6.994405055138486e-15,0,386.2882621037696
60.0,b0968,7,31,0.3983895354016885,0.3983895354016955,-6.994405055138486e-15,0,386.2882621037696
60.0,b2264,1,31,0.3983895354016885,0.3983895354016955,-6.994405055138486e-15,0,386.2882621037696
60.0,b2262,1,31,0.3983895354016885,0.3983895354016955,-6.994405055138486e-15,0,386.2882621037696
60.0,b1686,1,31,0.3983895354016885,0.3983895354016955,-6.994405055138486e-15,0,386.2882621037696
60.0,b3991,1,411,0.3983895354016885,-3.458475766335517e-16,0.3983895354016888,1,3971.5012250515433
60.0,b4407,1,411,0.3983895354016885,0.0,0.3983895354016885,1,3971.5012250516734
60.0,b3990,1,411,0.3983895354016885,0.0,0.3983895354016885,1,3971.5012250516734
60.0,b0423,1,411,0.3983895354016885,0.0,0.3983895354016885,1,3971.5012250516734
60.0,b3992,1,411,0.3983895354016885,0.0,0.3983895354016885,1,3971.5012250516734
60.0,b2877,1,31,0.3983895354016885,0.3983895354016943,-5.773159728050814e-15,0,386.2882621037703
60.0,b2374,1,31,0.3983895354016885,0.3983895354016955,-6.994405055138486e-15,0,386.2882621037696
60.0,b1389,1,31,0.3983895354016885,0.3983895354016955,-6.994405055138486e-15,0,386.2882621037696
60.0,b1388,1,31,0.3983895354016885,0.3983895354016955,-6.994405055138486e-15,0,386.2882621037696
60.0,b1390,1,31,0.3983895354016885,0.3983895354016955,-6.994405055138486e-15,0,386.2882621037696
60.0,b1391,1,31,0.3983895354016885,0.3983895354016955,-6.994405055138486e-15,0,386.2882621037696
60.0,b1392,1,31,0.3983895354016885,0.3983895354016955,-6.994405055138486e-15,0,386.2882621037696
60.0,b1397,2,31,0.3983895354016885,0.3983895354016955,-6.994405055138486e-15,0,386.2882621037696
60.0,b1395,1,31,0.3983895354016885,0.3983895354016955,-6.994405055138486e-15,0,386.2882621037696
60.0,b1012,1,31,0.3983895354016885,0.3983895354016955,-6.994405055138486e-15,0,386.2882621037696
60.0,b1007,1,31,0.3983895354016885,0.3983895354016955,-6.994405055138486e-15,0,386.2882621037696
60.0,b0785,1,31,0.3983895354016885,0.3983895354016955,-6.994405055138486e-15,0,386.2882621037696
60.0,b3893,2,31,0.3983895354016885,0.3983895354016955,-6.994405055138486e-15,0,386.2882621037696
60.0,b3892,2,31,0.3983895354016885,0.3983895354016955,-6.994405055138486e-15,0,386.2882621037696
60.0,b3894,2,31,0.3983895354016885,0.3983895354016955,-6.994405055138486e-15,0,386.2882621037696
60.0,b1475,2,31,0.3983895354016885,0.3983895354016955,-6.994405055138486e-15,0,386.2882621037696
60.0,b1474,2,31,0.3983895354016885,0.3983895354016955,-6.994405055138486e-15,0,386.2882621037696
60.0,b1476,2,31,0.3983895354016885,0.3983895354016955,-6.994405055138486e-15,0,386.2882621037696
60.0,b0776,1,411,0.3983895354016885,1.5670353403781986e-16,0.3983895354016883,1,3971.501225051542
60.0,b3412,1,411,0.3983895354016885,0.0,0.3983895354016885,1,3971.501225051408
60.0,b2515,1,411,0.3983895354016885,2.4633672559106743e-11,0.3983895353770548,1,3971.501224612079
60.0,b4238,4,302,0.3983895354016885,0.3983051442974473,8.439110424118823e-05,0,385.9948713479122
60.0,b3924,5,302,0.3983895354016885,0.3983051442974361,8.439110425240148e-05,0,385.9948713479099
60.0,b4237,4,302,0.3983895354016885,0.3983051442974361,8.439110425240148e-05,0,385.9948713479099
60.0,b4209,1,31,0.3983895354016885,0.398389535401675,1.3489209749195652e-14,0,386.2882621037656
60.0,b1387,1,31,0.3983895354016885,0.3983895354016955,-6.994405055138486e-15,0,386.2882621037696
60.0,b1393,1,31,0.3983895354016885,0.3983895354016955,-6.994405055138486e-15,0,386.2882621037696
60.0,b2912,1,31,0.3983895354016885,0.3983895354016955,-6.994405055138486e-15,0,386.2882621037696
60.0,b2174,1,31,0.3983895354016885,0.3983895354016955,-6.994405055138486e-15,0,386.2882621037696
60.0,b0826,1,31,0.3983895354016885,0.3983895354016955,-6.994405055138486e-15,0,386.2882621037696
60.0,b0781,1,31,0.3983895354016885,0.3983895354016955,-6.994405055138486e-15,0,386.2882621037696
60.0,b0783,1,31,0.3983895354016885,0.3983895354016955,-6.994405055138486e-15,0,386.2882621037696
60.0,b0630,1,31,0.3983895354016885,0.3983895354016955,-6.994405055138486e-15,0,386.2882621037696
60.0,b0628,1,31,0.3983895354016885,0.3983895354016955,-6.994405055138486e-15,0,386.2882621037696
60.0,b4386,3,31,0.3983895354016885,0.3983895354016955,-6.994405055138486e-15,0,386.2882621037696
60.0,b1385,1,31,0.3983895354016885,0.3983895354016955,-6.994405055138486e-15,0,386.2882621037696
60.0,b2917,1,31,0.3983895354016885,0.3983895354016955,-6.994405055138486e-15,0,386.2882621037696
60.0,b3572,1,28,0.3983895354016885,0.3983895354016955,-6.994405055138486e-15,0,386.2030011039286
60.0,b4129,1,28,0.3983895354016885,0.3983895354016727,1.5765166949677223e-14,0,386.2030011039243
60.0,b3722,1,28,0.3983895354016885,0.3983895354016727,1.5765166949677223e-14,0,386.2030011039243
60.0,b0681,1,28,0.3983895354016885,0.3983895354016727,1.5765166949677223e-14,0,386.2030011039243
60.0,b1473,3,28,0.3983895354016885,0.3983895354016727,1.5765166949677223e-14,0,386.2030011039243
60.0,b3882,2,28,0.3983895354016885,0.3983895354016727,1.5765166949677223e-14,0,386.2030011039243
60.0,b1600,1,28,0.3983895354016885,0.3983895354016727,1.5765166949677223e-14,0,386.2030011039243
60.0,b1599,1,28,0.3983895354016885,0.3983895354016727,1.5765166949677223e-14,0,386.2030011039243
60.0,b2660,1,28,0.3983895354016885,0.3983895354016727,1.5765166949677223e-14,0,386.2030011039243
60.0,b4167,4,28,0.3983895354016885,0.3983895354016727,1.5765166949677223e-14,0,386.2030011039243
60.0,b2670,1,28,0.3983895354016885,0.3983895354016727,1.5765166949677223e-14,0,386.2030011039243
60.0,b3070,3,28,0.3983895354016885,0.3983895354016727,1.5765166949677223e-14,0,386.2030011039243
60.0,b4297,1,28,0.3983895354016885,0.3983895354016727,1.5765166949677223e-14,0,386.2030011039243
60.0,b0269,1,28,0.3983895354016885,0.3983895354016727,1.5765166949677223e-14,0,386.2030011039243
60.0,b4298,1,28,0.3983895354016885,0.3983895354016727,1.5765166949677223e-14,0,386.2030011039243
60.0,b0268,1,28,0.3983895354016885,0.3983895354016727,1.5765166949677223e-14,0,386.2030011039243
60.0,b3715,1,28,0.3983895354016885,0.3983895354016727,1.5765166949677223e-14,0,386.2030011039243
60.0,b0516,1,28,0.3983895354016885,0.3983895354016727,1.5765166949677223e-14,0,386.2030011039243
60.0,b0515,1,28,0.3983895354016885,0.3983895354016727,1.5765166949677223e-14,0,386.2030011039243
60.0,b1617,1,28,0.3983895354016885,0.3983895354016727,1.5765166949677223e-14,0,386.2030011039243
60.0,b1695,1,449,0.3983895354016885,0.3915030231418024,0.0068865122598861,0,387.1156188603157
60.0,b1771,1,28,0.3983895354016885,0.398389535401695,-6.494804694057166e-15,0,386.2030011039289
60.0,b2907,1,28,0.3983895354016885,0.398389535401682,6.494804694057166e-15,0,386.2030011039264
60.0,b0543,2,28,0.3983895354016885,0.398389535401682,6.494804694057166e-15,0,386.2030011039264
60.0,b1601,1,28,0.3983895354016885,0.398389535401682,6.494804694057166e-15,0,386.2030011039264
60.0,b0624,1,28,0.3983895354016885,0.398389535401682,6.494804694057166e-15,0,386.2030011039264
60.0,b3880,1,28,0.3983895354016885,0.398389535401682,6.494804694057166e-15,0,386.2030011039264
60.0,b3881,1,28,0.3983895354016885,0.398389535401682,6.494804694057166e-15,0,386.2030011039264
60.0,b3877,1,28,0.3983895354016885,0.398389535401682,6.494804694057166e-15,0,386.2030011039264
60.0,b3876,1,28,0.3983895354016885,0.398389535401682,6.494804694057166e-15,0,386.2030011039264
60.0,b1511,1,201,0.3983895354016885,0.3983849136971573,4.621704531193593e-06,0,386.2020967532193
60.0,b2371,1,28,0.3983895354016885,0.3983895354016839,4.6074255521944004e-15,0,386.2030011039269
60.0,b2302,1,28,0.3983895354016885,0.3983895354016727,1.5765166949677223e-14,0,386.2030011039244
60.0,b2989,1,28,0.3983895354016885,0.3983895354016727,1.5765166949677223e-14,0,386.2030011039244
60.0,b1619,1,28,0.3983895354016885,0.3983895354016727,1.5765166949677223e-14,0,386.2030011039244
60.0,b4337,1,28,0.3983895354016885,0.3983895354016727,1.5765166949677223e-14,0,386.2030011039244
60.0,b1337,1,28,0.3983895354016885,0.3983895354016727,1.5765166949677223e-14,0,386.2030011039244
60.0,b1338,1,28,0.3983895354016885,0.3983895354016727,1.5765166949677223e-14,0,386.2030011039244
60.0,b1336,1,28,0.3983895354016885,0.3983895354016727,1.5765166949677223e-14,0,386.2030011039244
60.0,b2873,1,28,0.3983895354016885,0.3983895354016727,1.5765166949677223e-14,0,386.2030011039244
60.0,b1430,1,28,0.3983895354016885,0.3983895354016727,1.5765166949677223e-14,0,386.2030011039244
60.0,b1396,2,28,0.3983895354016885,0.3983895354016727,1.5765166949677223e-14,0,386.2030011039244
60.0,b3943,1,28,0.3983895354016885,0.3983895354016727,1.5765166949677223e-14,0,386.2030011039244
60.0,b0578,2,28,0.3983895354016885,0.3983895354016727,1.5765166949677223e-14,0,386.2030011039244
60.0,b3253,1,28,0.3983895354016885,0.3983895354016727,1.5765166949677223e-14,0,386.2030011039244
60.0,b1022,2,28,0.3983895354016885,0.3983895354016727,1.5765166949677223e-14,0,386.2030011039244
60.0,b1021,2,28,0.3983895354016885,0.3983895354016727,1.5765166949677223e-14,0,386.2030011039244
60.0,b1733,1,28,0.3983895354016885,0.3983895354016727,1.5765166949677223e-14,0,386.2030011039244
60.0,b4266,2,28,0.3983895354016885,0.3983895354016727,1.5765166949677223e-14,0,386.2030011039244
60.0,b3493,1,373,0.3983895354016885,0.3961062466793774,0.002283288722311,0,386.9128165794309
60.0,b2987,1,373,0.3983895354016885,0.3961062466794021,0.0022832887222864,0,386.91281657943534
60.0,b0401,3,28,0.3983895354016885,0.3983895354016951,-6.605826996519682e-15,0,386.203001103929
60.0,b4141,4,28,0.3983895354016885,0.3983895354016727,1.5765166949677223e-14,0,386.2030011039244
60.0,b1798,2,28,0.3983895354016885,0.3983895354016727,1.5765166949677223e-14,0,386.2030011039244
60.0,b3662,2,28,0.3983895354016885,0.3983895354016727,1.5765166949677223e-14,0,386.2030011039244
60.0,b1592,1,28,0.3983895354016885,0.3983895354016727,1.5765166949677223e-14,0,386.2030011039244
60.0,b2842,1,28,0.3983895354016885,0.3983895354016727,1.5765166949677223e-14,0,386.2030011039244
60.0,b4020,1,28,0.3983895354016885,0.3983895354016727,1.5765166949677223e-14,0,386.2030011039244
60.0,b1985,2,28,0.3983895354016885,0.3983895354016727,1.5765166949677223e-14,0,386.2030011039244
60.0,b1516,1,28,0.3983895354016885,0.3983895354016727,1.5765166949677223e-14,0,386.2030011039244
60.0,b1514,1,28,0.3983895354016885,0.3983895354016727,1.5765166949677223e-14,0,386.2030011039244
60.0,b1515,1,28,0.3983895354016885,0.3983895354016727,1.5765166949677223e-14,0,386.2030011039244
60.0,b1513,1,28,0.3983895354016885,0.3983895354016727,1.5765166949677223e-14,0,386.2030011039244
60.0,b1518,1,201,0.3983895354016885,0.3983849136971469,4.621704541574179e-06,0,386.20209675321735
60.0,b3240,1,28,0.3983895354016885,0.3983895354016885,0.0,0,386.2030011039281
60.0,b3241,1,28,0.3983895354016885,0.3983895354016727,1.5765166949677223e-14,0,386.2030011039244
60.0,b1449,2,28,0.3983895354016885,0.3983895354016727,1.5765166949677223e-14,0,386.2030011039244
60.0,b2245,1,28,0.3983895354016885,0.3983895354016727,1.5765166949677223e-14,0,386.2030011039244
60.0,b1448,1,28,0.3983895354016885,0.3983895354016727,1.5765166949677223e-14,0,386.2030011039244
60.0,b3656,1,28,0.3983895354016885,0.3983895354016727,1.5765166949677223e-14,0,386.2030011039244
60.0,b3883,1,28,0.3983895354016885,0.3983895354016727,1.5765166949677223e-14,0,386.2030011039244
60.0,b3966,3,28,0.3983895354016885,0.3983895354016727,1.5765166949677223e-14,0,386.2030011039244
60.0,b4098,1,28,0.3983895354016885,0.3983895354016727,1.5765166949677223e-14,0,386.2030011039244
60.0,b3488,1,28,0.3983895354016885,0.3983895354016727,1.5765166949677223e-14,0,386.2030011039244
60.0,b1813,1,28,0.3983895354016885,0.3983895354016727,1.5765166949677223e-14,0,386.2030011039244
60.0,b2166,1,28,0.3983895354016885,0.3983895354016727,1.5765166949677223e-14,0,386.2030011039244
60.0,b1103,1,28,0.3983895354016885,0.3983895354016727,1.5765166949677223e-14,0,386.2030011039244
60.0,b4096,1,28,0.3983895354016885,0.3983895354016727,1.5765166949677223e-14,0,386.2030011039244
60.0,b4101,1,28,0.3983895354016885,0.3983895354016727,1.5765166949677223e-14,0,386.2030011039244
60.0,b4100,1,28,0.3983895354016885,0.3983895354016727,1.5765166949677223e-14,0,386.2030011039244
60.0,b4099,1,28,0.3983895354016885,0.3983895354016727,1.5765166949677223e-14,0,386.2030011039244
60.0,b4095,1,28,0.3983895354016885,0.3983895354016727,1.5765166949677223e-14,0,386.2030011039244
60.0,b4092,1,28,0.3983895354016885,0.3983895354016727,1.5765166949677223e-14,0,386.2030011039244
60.0,b2047,1,28,0.3983895354016885,0.3983895354016727,1.5765166949677223e-14,0,386.2030011039244
60.0,b4106,1,28,0.3983895354016885,0.3983895354016727,1.5765166949677223e-14,0,386.2030011039244
60.0,b4104,1,28,0.3983895354016885,0.3983895354016727,1.5765166949677223e-14,0,386.2030011039244
60.0,b4105,1,28,0.3983895354016885,0.3983895354016727,1.5765166949677223e-14,0,386.2030011039244
60.0,b0662,1,28,0.3983895354016885,0.3983895354016727,1.5765166949677223e-14,0,386.2030011039244
60.0,b2906,1,28,0.3983895354016885,0.3983895354016727,1.5765166949677223e-14,0,386.2030011039244
60.0,b1400,1,28,0.3983895354016885,0.3983895354016727,1.5765166949677223e-14,0,386.2030011039244
60.0,b2683,1,28,0.3983895354016885,0.3983895354016727,1.5765166949677223e-14,0,386.2030011039244
60.0,b2682,1,28,0.3983895354016885,0.3983895354016727,1.5765166949677223e-14,0,386.2030011039244
60.0,b1821,1,28,0.3983895354016885,0.3983895354016727,1.5765166949677223e-14,0,386.2030011039244
60.0,b2164,1,28,0.3983895354016885,0.3983895354016727,1.5765166949677223e-14,0,386.2030011039244
60.0,b1616,1,28,0.3983895354016885,0.3983895354016727,1.5765166949677223e-14,0,386.2030011039244
60.0,b1517,1,201,0.3983895354016885,0.3983849136971469,4.621704541574179e-06,0,386.20209675321735
60.0,b0577,1,28,0.3983895354016885,0.3983895354016847,3.774758283725532e-15,0,386.2030011039269
60.0,b2924,1,28,0.3983895354016885,0.3983895354016727,1.5765166949677223e-14,0,386.2030011039244
60.0,b1330,1,28,0.3983895354016885,0.3983895354016727,1.5765166949677223e-14,0,386.2030011039244
60.0,b0808,1,28,0.3983895354016885,0.3983895354016727,1.5765166949677223e-14,0,386.2030011039244
60.0,b0465,1,28,0.3983895354016885,0.3983895354016727,1.5765166949677223e-14,0,386.2030011039244
60.0,b3291,1,28,0.3983895354016885,0.3983895354016727,1.5765166949677223e-14,0,386.2030011039244
60.0,b4159,1,28,0.3983895354016885,0.3983895354016727,1.5765166949677223e-14,0,386.2030011039244
60.0,b2247,1,28,0.3983895354016885,0.3983895354016727,1.5765166949677223e-14,0,386.2030011039244
60.0,b0597,1,28,0.3983895354016885,0.3983895354016727,1.5765166949677223e-14,0,386.2030011039244
60.0,b1870,1,28,0.3983895354016885,0.3983895354016727,1.5765166949677223e-14,0,386.2030011039244
60.0,b3116,2,28,0.3983895354016885,0.3983895354016727,1.5765166949677223e-14,0,386.2030011039244
60.0,b2796,1,28,0.3983895354016885,0.3983895354016727,1.5765166949677223e-14,0,386.2030011039244
60.0,b4093,1,28,0.3983895354016885,0.3983895354016727,1.5765166949677223e-14,0,386.2030011039244
60.0,b3878,1,28,0.3983895354016885,0.3983895354016727,1.5765166949677223e-14,0,386.2030011039244
60.0,b1206,3,28,0.3983895354016885,0.3983895354016727,1.5765166949677223e-14,0,386.2030011039244
80.0,b0870,5,82,0.2390337212410147,0.2390322878220777,1.4334189369358263e-06,0,8.549744855994514e-07
80.0,b2551,6,405,0.2390337212410147,0.2325687885713145,0.0064649326697002,0,2.12865237631082
80.0,b3368,3,408,0.2390337212410147,1.557419067829206e-16,0.2390337212410145,1,1281.2015386252112
80.0,b2436,1,190,0.2390337212410147,0.2390285185433369,5.202697677786361e-06,0,6.986726933828614e-07
80.0,b3500,1,0,0.2390337212410147,0.2390337212409838,3.091971123581061e-14,0,0.0
80.0,b0945,2,0,0.2390337212410147,0.2390337212410338,-1.915134717478395e-14,0,0.0
80.0,b4467,3,0,0.2390337212410147,0.2390337212410338,-1.915134717478395e-14,0,0.0
80.0,b2979,3,0,0.2390337212410147,0.2390337212410338,-1.915134717478395e-14,0,0.0
80.0,b4468,3,0,0.2390337212410147,0.2390337212410338,-1.915134717478395e-14,0,0.0
80.0,b3916,3,374,0.2390337212410147,0.2357270358950242,0.0033066853459904,0,28.7638589272703
80.0,b1260,3,408,0.2390337212410147,-1.9280745419172719e-16,0.2390337212410149,1,1281.2015386254247
80.0,b1261,3,408,0.2390337212410147,0.0,0.2390337212410147,1,1281.2015386253645
80.0,b3426,1,11,0.2390337212410147,0.2390337212409987,1.5959455978986622e-14,0,0.7520744322703871
80.0,b2243,3,11,0.2390337212410147,0.2390337212410105,4.191091917959966e-15,0,0.7520744322707265
80.0,b2242,3,11,0.2390337212410147,0.2390337212410105,4.191091917959966e-15,0,0.7520744322707265
80.0,b2241,3,11,0.2390337212410147,0.2390337212410105,4.191091917959966e-15,0,0.7520744322707265
80.0,b3770,5,408,0.2390337212410147,7.396457488352244e-16,0.2390337212410139,1,1281.201538625446
80.0,b4054,4,408,0.2390337212410147,0.0,0.2390337212410147,1,1281.201538625386
80.0,b3281,1,408,0.2390337212410147,0.0,0.2390337212410147,1,1281.201538625386
80.0,b1692,3,408,0.2390337212410147,8.62808096339922e-29,0.2390337212410147,1,1281.2015386255482
80.0,b0243,1,408,0.2390337212410147,8.62808096339922e-29,0.2390337212410147,1,1281.2015386255482
80.0,b1613,1,11,0.2390337212410147,0.2390337212410156,-9.15933995315754e-16,0,0.7520744322708445
80.0,b0414,2,408,0.2390337212410147,-7.396457488352244e-16,0.2390337212410154,1,1281.2015386254493
80.0,b3041,1,408,0.2390337212410147,0.0,0.2390337212410147,1,1281.201538625587
80.0,b0025,2,408,0.2390337212410147,0.0,0.2390337212410147,1,1281.20153862552
80.0,b0446,4,11,0.2390337212410147,0.2390337212410218,-7.077671781985373e-15,0,0.7520744322710035
80.0,b3812,2,408,0.2390337212410147,-1.0314221867022777e-15,0.2390337212410157,1,1281.2015386256255
80.0,b0844,2,408,0.2390337212410147,0.0,0.2390337212410147,1,1281.201538625535
80.0,b1662,1,408,0.2390337212410147,0.0,0.2390337212410147,1,1281.201538625535
80.0,b0421,2,408,0.2390337212410147,0.0,0.2390337212410147,1,1281.201538625427
80.0,b3804,1,408,0.2390337212410147,0.0,0.2390337212410147,1,1281.201538625473
80.0,b3997,1,408,0.2390337212410147,0.0,0.2390337212410147,1,1281.2015386254152
80.0,b4382,2,11,0.2390337212410147,0.2390337212410075,7.188694084447889e-15,0,0.7520744322706033
80.0,b0126,1,408,0.2390337212410147,1.8289891043645573e-13,0.2390337212408318,1,1281.2015386236585
80.0,b0339,1,408,0.2390337212410147,2.3043678550374e-13,0.2390337212407842,1,1281.2015386231783
80.0,b4006,2,408,0.2390337212410147,1.9041657317640105e-13,0.2390337212408243,1,1281.2015386236146
80.0,b2508,1,322,0.2390337212410147,0.238110808605109,0.0009229126359056,0,0.8009429659243181
80.0,b3846,19,417,0.2390337212410147,0.2349018138850957,0.004131907355919,0,3.420436747682951
80.0,b2341,16,417,0.2390337212410147,0.2349018138850642,0.0041319073559505,0,3.420436747680637
80.0,b2400,1,408,0.2390337212410147,9.350901560735777e-16,0.2390337212410137,1,1281.2015386256696
80.0,b3993,1,408,0.2390337212410147,0.0,0.2390337212410147,1,1281.2015386255073
80.0,b2066,4,11,0.2390337212410147,0.239033721241008,6.63358257213531e-15,0,0.7520744322706547
80.0,b0238,3,11,0.2390337212410147,0.2390337212410098,4.912736883966318e-15,0,0.7520744322707007
80.0,b0125,2,11,0.2390337212410147,0.2390337212410098,4.912736883966318e-15,0,0.7520744322707007
80.0,b2518,8,11,0.2390337212410147,0.2390337212410098,4.912736883966318e-15,0,0.2230429369217789
80.0,b0474,13,81,0.2390337212410147,0.239032439471829,1.2817691857069935e-06,0,1.0400352185097783
80.0,b1062,1,408,0.2390337212410147,5.322639172685529e-16,0.2390337212410141,1,1281.2015386256037
80.0,b1281,1,408,0.2390337212410147,0.0,0.2390337212410147,1,1281.2015386255157
80.0,b0720,1,408,0.2390337212410147,-3.8515867241850014e-16,0.2390337212410151,1,1281.2015386254525
80.0,b1136,1,408,0.2390337212410147,-9.43044879673946e-16,0.2390337212410156,1,1281.2015386255414
80.0,b0351,1,16,0.2390337212410147,0.2390337212410171,-2.3869795029440866e-15,0,1.0397873723432254
80.0,b1241,3,16,0.2390337212410147,0.2390337212410213,-6.605826996519682e-15,0,1.0397873723431126
80.0,b4069,2,16,0.2390337212410147,0.2390337212410213,-6.605826996519682e-15,0,1.0397873723431126
80.0,b4226,1,408,0.2390337212410147,-1.1002014743821088e-14,0.2390337212410257,1,1281.201538625529
80.0,b2502,2,408,0.2390337212410147,6.064803548346726e-15,0.2390337212410086,1,1281.2015386254302
80.0,b2744,14,408,0.2390337212410147,6.064803548346726e-15,0.2390337212410086,1,1281.2015386254302
80.0,b3403,1,33,0.2390337212410147,0.2390337212033133,3.7701369803855294e-11,0,1.0392198839491191
80.0,b1479,1,33,0.2390337212410147,0.2390337212410142,4.996003610813204e-16,0,1.0392198843002771
80.0,b1190,1,408,0.2390337212410147,5.603566102638475e-16,0.2390337212410141,1,1281.2015386255237
80.0,b4053,1,408,0.2390337212410147,0.0,0.2390337212410147,1,1281.2015386254309
80.0,b2379,1,36,0.2390337212410147,0.2390337212410075,7.216449660063518e-15,0,1.0972499043048145
80.0,b2290,1,36,0.2390337212410147,0.2390337212409968,1.787459069646502e-14,0,1.0972499043050397
80.0,b3564,2,36,0.2390337212410147,0.2390337212409968,1.787459069646502e-14,0,1.0972499043050397
80.0,b0063,3,36,0.2390337212410147,0.2390337212409968,1.787459069646502e-14,0,1.0972499043050397
80.0,b3752,1,36,0.2390337212410147,0.2390337212409968,1.787459069646502e-14,0,1.0972499043050397
80.0,b3926,1,36,0.2390337212410147,0.2390337212409968,1.787459069646502e-14,0,1.0972499043050397
80.0,b4383,2,97,0.2390337212410147,0.2390324394718136,1.281769201111338e-06,0,0.5292205969728611
80.0,b0928,4,408,0.2390337212410147,3.759319736053636e-14,0.2390337212409771,1,1281.2015386251712
80.0,b3925,1,36,0.2390337212410147,0.2390337212410136,1.1102230246251563e-15,0,0.5290162851978902
80.0,b2930,1,36,0.2390337212410147,0.2390337212410078,6.8833827526759706e-15,0,0.5290162851979182
80.0,b4232,1,36,0.2390337212410147,0.2390337212410078,6.8833827526759706e-15,0,0.5290162851979182
80.0,b3697,6,36,0.2390337212410147,0.2390337212410078,6.8833827526759706e-15,0,0.5290162851979182
80.0,b3430,1,36,0.2390337212410147,0.2390337212410078,6.8833827526759706e-15,0,0.5290162851979182
80.0,b1676,1,36,0.2390337212410147,0.2390337212410078,6.8833827526759706e-15,0,0.5290162851979182
80.0,b1854,5,35,0.2390337212410147,0.2390337212410078,6.8833827526759706e-15,0,1.062069078998569
80.0,b3197,1,408,0.2390337212410147,9.499009847567833e-16,0.2390337212410137,1,1281.2015386258154
80.0,b2708,1,408,0.2390337212410147,0.0,0.2390337212410147,1,1281.2015386254943
80.0,b0072,2,408,0.2390337212410147,0.0,0.2390337212410147,1,1281.2015386254943
80.0,b0071,2,408,0.2390337212410147,0.0,0.2390337212410147,1,1281.201538625443
80.0,b3671,2,408,0.2390337212410147,0.0,0.2390337212410147,1,1281.201538625443
80.0,b3670,2,408,0.2390337212410147,0.0,0.2390337212410147,1,1281.2015386254325
80.0,b0078,2,408,0.2390337212410147,0.0,0.2390337212410147,1,1281.2015386254325
80.0,b0077,2,408,0.2390337212410147,0.0,0.2390337212410147,1,1281.2015386254325
80.0,b0908,1,408,0.2390337212410147,-2.3641301366382563e-14,0.2390337212410383,1,1281.201538625695
80.0,b1264,1,408,0.2390337212410147,0.0,0.2390337212410147,1,1281.20153862553
80.0,b1263,2,408,0.2390337212410147,0.0,0.2390337212410147,1,1281.2015386254077
80.0,b2599,2,408,0.2390337212410147,0.0,0.2390337212410147,1,1281.2015386254077
80.0,b2600,2,408,0.2390337212410147,0.0,0.2390337212410147,1,1281.201538625535
80.0,b2329,1,408,0.2390337212410147,0.0,0.2390337212410147,1,1281.201538625535
80.0,b1262,2,408,0.2390337212410147,-1.5053127012924044e-30,0.2390337212410147,1,1281.2015386254327
80.0,b2779,1,435,0.2390337212410147,0.061891914518692,0.1771418067223226,0,2858.070308289527
80.0,b2097,1,86,0.2390337212410147,0.2390337212410109,3.802513859341161e-15,0,16.333900942949114
80.0,b2925,2,384,0.2390337212410147,0.2357270358950416,0.003306685345973,0,29.067198636491973
80.0,b0963,1,35,0.2390337212410147,0.2390337212410113,3.386180225106728e-15,0,1.06206907899858
80.0,b1702,1,35,0.2390337212410147,0.2390337212410282,-1.3516965324811281e-14,0,1.062069078999014
80.0,b4025,1,412,0.2390337212410147,0.2206146936689015,0.0184190275721132,0,508.12374533976254
80.0,b2926,1,414,0.2390337212410147,0.0,0.2390337212410147,1,22835.210582030057
80.0,b1850,2,19,0.2390337212410147,0.2390337212410222,-7.494005416219807e-15,0,1.626848887696685
80.0,b0767,1,370,0.2390337212410147,0.2363548409434825,0.0026788802975322,0,8.559686075064189
80.0,b3386,1,353,0.2390337212410147,0.2372610304306508,0.0017726908103638,0,4.462586331565623
80.0,b2464,1,70,0.2390337212410147,0.2390337212410093,5.329070518200751e-15,0,1.625992771583633
80.0,b0008,1,70,0.2390337212410147,0.2390337212410608,-4.6157522248790883e-14,0,1.6259927715837477
80.0,b2465,2,408,0.2390337212410147,1.3475633951608158e-14,0.2390337212410012,1,1281.2015386257792
80.0,b2935,2,408,0.2390337212410147,1.932427691999963e-14,0.2390337212409954,1,1281.2015386251826
80.0,b0678,1,70,0.2390337212410147,0.2390337212410133,1.3877787807814457e-15,0,1.625992771583726
80.0,b1478,2,70,0.2390337212410147,0.2390337212410608,-4.6157522248790883e-14,0,1.6259927715837477
80.0,b3011,3,70,0.2390337212410147,0.2390337212410608,-4.6157522248790883e-14,0,1.6259927715837477
80.0,b3003,1,70,0.2390337212410147,0.2390337212410608,-4.6157522248790883e-14,0,1.6259927715837477
80.0,b4269,2,70,0.2390337212410147,0.2390337212410608,-4.6157522248790883e-14,0,1.6259927715837477
80.0,b0493,1,70,0.2390337212410147,0.2390337212410608,-4.6157522248790883e-14,0,1.6259927715837477
80.0,b3588,2,70,0.2390337212410147,0.2390337212410608,-4.6157522248790883e-14,0,1.6259927715837477
80.0,b3903,2,70,0.2390337212410147,0.2390337212410608,-4.6157522248790883e-14,0,1.6259927715837477
80.0,b3996,1,70,0.2390337212410147,0.2390337212410608,-4.6157522248790883e-14,0,1.6259927715837477
80.0,b2411,1,70,0.2390337212410147,0.2390337212410608,-4.6157522248790883e-14,0,1.6259927715837477
80.0,b0639,2,408,0.2390337212410147,-1.6785620128153836e-12,0.2390337212426933,1,1281.2015386441228
80.0,b4390,1,19,0.2390337212410147,0.2390337212410127,1.970645868709653e-15,0,1.6268488876967324
80.0,b2103,2,408,0.2390337212410147,-7.630988936384846e-17,0.2390337212410148,1,1281.2015386255453
80.0,b2418,4,19,0.2390337212410147,0.2390337212410168,-2.1094237467877974e-15,0,1.6268488876967675
80.0,b3831,1,19,0.2390337212410147,0.2390337212410201,-5.467848396278896e-15,0,1.626848887696714
80.0,b4384,7,83,0.2390337212410147,0.2390324394718368,1.2817691778521656e-06,0,1.6271222252033355
80.0,b3073,1,19,0.2390337212410147,0.2390337212410141,5.828670879282072e-16,0,1.6268488876967315
80.0,b3008,2,408,0.2390337212410147,-4.284438165113963e-15,0.239033721241019,1,1281.201538625218
80.0,b3708,3,294,0.2390337212410147,0.2388984709240666,0.000135250316948,0,1.5984371738139376
80.0,b1134,3,19,0.2390337212410147,0.239033721241015,-3.05311331771918e-16,0,1.62684888769671
80.0,b3614,3,19,0.2390337212410147,0.239033721240999,1.5709655798445965e-14,0,1.6268488876966547
80.0,b3642,1,408,0.2390337212410147,-2.518791202600149e-16,0.2390337212410149,1,1281.2015386251942
80.0,b0415,1,408,0.2390337212410147,0.0,0.2390337212410147,1,1281.2015386254448
80.0,b3771,2,408,0.2390337212410147,0.0,0.2390337212410147,1,1281.201538625412
80.0,b3885,1,19,0.2390337212410147,0.2390337212410146,5.551115123125783e-17,0,1.626848887696752
80.0,b2293,8,19,0.2390337212410147,0.239033721240999,1.5709655798445965e-14,0,1.6268488876966547
80.0,b3114,2,19,0.2390337212410147,0.239033721240999,1.5709655798445965e-14,0,1.6268488876966547
80.0,b3951,1,19,0.2390337212410147,0.239033721240999,1.5709655798445965e-14,0,1.6268488876966547
80.0,b3952,1,19,0.2390337212410147,0.239033721240999,1.5709655798445965e-14,0,1.6268488876966547
80.0,b0902,2,19,0.2390337212410147,0.239033721240999,1.5709655798445965e-14,0,1.6268488876966547
80.0,b0903,2,19,0.2390337212410147,0.239033721240999,1.5709655798445965e-14,0,1.6268488876966547
80.0,b2579,2,19,0.2390337212410147,0.239033721240999,1.5709655798445965e-14,0,1.6268488876966547
80.0,b4154,2,19,0.2390337212410147,0.239033721240999,1.5709655798445965e-14,0,1.6268488876966547
80.0,b4151,2,19,0.2390337212410147,0.239033721240999,1.5709655798445965e-14,0,1.6268488876966547
80.0,b4153,2,19,0.2390337212410147,0.239033721240999,1.5709655798445965e-14,0,1.6268488876966547
80.0,b4152,2,19,0.2390337212410147,0.239033721240999,1.5709655798445965e-14,0,1.6268488876966547
80.0,b0871,1,19,0.2390337212410147,0.239033721240999,1.5709655798445965e-14,0,1.6268488876966547
80.0,b2458,1,432,0.2390337212410147,0.1124420920364774,0.1265916292045373,0,2338.2809917078457
80.0,b2297,2,432,0.2390337212410147,0.1124420920364915,0.1265916292045232,0,2338.280991707858
80.0,b3115,2,432,0.2390337212410147,0.1124420920364915,0.1265916292045232,0,2338.280991707858
80.0,b2296,1,432,0.2390337212410147,0.1124420920364915,0.1265916292045232,0,2338.280991707858
80.0,b1849,2,432,0.2390337212410147,0.1124420920364915,0.1265916292045232,0,2338.280991707858
80.0,b3633,2,413,0.2390337212410147,-2.989333569090055e-16,0.239033721241015,1,2880.5476019865728
80.0,b0174,1,413,0.2390337212410147,0.0,0.2390337212410147,1,2880.5476019863927
80.0,b0524,1,413,0.2390337212410147,0.0,0.2390337212410147,1,2880.547601986397
80.0,b0182,1,413,0.2390337212410147,0.0,0.2390337212410147,1,2880.547601986474
80.0,b0915,1,413,0.2390337212410147,0.0,0.2390337212410147,1,2880.5476019865137
80.0,b0099,3,413,0.2390337212410147,-4.9347058758609856e-27,0.2390337212410147,1,2880.547601986418
80.0,b2781,8,68,0.2390337212410147,0.2390337212410172,-2.4980018054066026e-15,0,1.164819293079726
80.0,b0160,2,68,0.2390337212410147,0.2390337212410119,2.7478019859472624e-15,0,1.164819293079717
80.0,b1800,2,408,0.2390337212410147,-3.301119763856146e-16,0.239033721241015,1,1281.2015386254318
80.0,b0073,1,408,0.2390337212410147,0.0,0.2390337212410147,1,1281.2015386255173
80.0,b0523,1,408,0.2390337212410147,-1.911393589205141e-14,0.2390337212410338,1,1281.2015386257233
80.0,b1131,2,408,0.2390337212410147,3.8308772396493504e-14,0.2390337212409764,1,1281.2015386251474
80.0,b2407,5,68,0.2390337212410147,0.239033721240995,1.970645868709653e-14,0,1.164819293079884
80.0,b2234,4,68,0.2390337212410147,0.2390337212410119,2.7478019859472624e-15,0,1.164819293079717
80.0,b2235,4,68,0.2390337212410147,0.2390337212410119,2.7478019859472624e-15,0,1.164819293079717
80.0,b3781,10,73,0.2390337212410147,0.2390337212410119,2.7478019859472624e-15,0,1.1823167762149969
80.0,b2582,10,73,0.2390337212410147,0.2390337212410154,-6.938893903907228e-16,0,1.1823167762149809
80.0,b2827,1,408,0.2390337212410147,-3.108726943304037e-16,0.239033721241015,1,1281.2015386254868
80.0,b1238,2,73,0.2390337212410147,0.2390337212410242,-9.547918011776346e-15,0,1.1823167762148818
80.0,b3639,2,408,0.2390337212410147,-3.3674046220968976e-16,0.239033721241015,1,1281.2015386254948
80.0,b1232,1,21,0.2390337212410147,0.2390337212410101,4.6074255521944004e-15,0,1.1828293042327216
80.0,b1851,1,21,0.2390337212410147,0.239033721241021,-6.356026815979021e-15,0,1.1828293042326332
80.0,b1693,1,408,0.2390337212410147,1.9691943135088123e-14,0.239033721240995,1,1281.2015386253624
80.0,b4146,1,21,0.2390337212410147,0.2390337212410116,3.0531133177191805e-15,0,1.1828293042327311
80.0,b1109,3,21,0.2390337212410147,0.239033721241021,-6.356026815979021e-15,0,1.1828293042326332
80.0,b1004,3,21,0.2390337212410147,0.239033721241021,-6.356026815979021e-15,0,1.1828293042326332
80.0,b0046,3,21,0.2390337212410147,0.239033721241021,-6.356026815979021e-15,0,1.1828293042326332
80.0,b3713,3,21,0.2390337212410147,0.239033721241021,-6.356026815979021e-15,0,1.1828293042326332
80.0,b3236,1,412,0.2390337212410147,0.2302397187781903,0.0087940024628244,0,9.351841966007315
80.0,b4122,2,432,0.2390337212410147,0.2212721502930285,0.0177615709479861,0,197.71132851791336
80.0,b1611,1,432,0.2390337212410147,0.2212721502930277,0.017761570947987,0,197.7113285179199
80.0,b1612,1,432,0.2390337212410147,0.2212721502930277,0.017761570947987,0,197.7113285179199
80.0,b1638,2,24,0.2390337212410147,0.2390337212410044,1.0325074129013956e-14,0,1.182830193734952
80.0,b0907,3,408,0.2390337212410147,-1.029788991646854e-15,0.2390337212410157,1,1281.201538625143
80.0,b1210,1,408,0.2390337212410147,0.0,0.2390337212410147,1,1281.201538625506
80.0,b3429,1,24,0.2390337212410147,0.2390337212410107,3.9968028886505635e-15,0,1.182830193734969
80.0,b3417,5,24,0.2390337212410147,0.2390337212410077,7.022160630754115e-15,0,1.1828301937349806
80.0,b3428,2,24,0.2390337212410147,0.2390337212410077,7.022160630754115e-15,0,1.1828301937349806
80.0,b0428,1,24,0.2390337212410147,0.2390337212410077,7.022160630754115e-15,0,1.1828301937349806
80.0,b0120,1,24,0.2390337212410147,0.2390337212410077,7.022160630754115e-15,0,1.1828301937349806
80.0,b2937,1,24,0.2390337212410147,0.2390337212410077,7.022160630754115e-15,0,1.1828301937349806
80.0,b4117,1,24,0.2390337212410147,0.2390337212410077,7.022160630754115e-15,0,1.1828301937349806
80.0,b3172,1,408,0.2390337212410147,-1.3742821920131102e-15,0.2390337212410161,1,1281.2015386254093
80.0,b3958,1,408,0.2390337212410147,0.0,0.2390337212410147,1,1281.2015386255202
80.0,b0121,2,24,0.2390337212410147,0.2390337212410332,-1.8540724511240114e-14,0,1.1828301937347074
80.0,b0154,1,408,0.2390337212410147,-3.0035014845747407e-16,0.239033721241015,1,1281.2015386253986
80.0,b0918,1,408,0.2390337212410147,0.0,0.2390337212410147,1,1281.2015386257694
80.0,b4322,1,24,0.2390337212410147,0.2390337212410257,-1.0991207943789051e-14,0,1.1828301937349073
80.0,b3091,1,24,0.2390337212410147,0.2390337212410077,7.022160630754115e-15,0,1.1828301937349806
80.0,b3092,2,24,0.2390337212410147,0.2390337212410077,7.022160630754115e-15,0,1.1828301937349806
80.0,b3176,1,408,0.2390337212410147,-1.3115029326544359e-16,0.2390337212410148,1,1281.2015386253995
80.0,b3730,2,408,0.2390337212410147,0.0,0.2390337212410147,1,1281.201538625559
80.0,b3189,1,408,0.2390337212410147,0.0,0.2390337212410147,1,1281.2015386257756
80.0,b3967,1,408,0.2390337212410147,0.0,0.2390337212410147,1,1281.2015386254873
80.0,b3786,1,24,0.2390337212410147,0.2390337212410277,-1.3045120539345593e-14,0,1.1828301937347807
80.0,b2323,13,408,0.2390337212410147,-1.3115029326544359e-16,0.2390337212410148,1,1281.201538625399
80.0,b2232,2,24,0.2390337212410147,0.2390337212410119,2.803313137178521e-15,0,1.1828301937350112
80.0,b0593,1,24,0.2390337212410147,0.2390337212410146,8.326672684688674e-17,0,1.1828301937349242
80.0,b0142,1,408,0.2390337212410147,2.443431545830675e-16,0.2390337212410144,1,1281.2015386254768
80.0,b3634,1,408,0.2390337212410147,-4.934705875862202e-27,0.2390337212410147,1,1281.2015386254686
80.0,b0394,1,24,0.2390337212410147,0.239033721241023,-8.298917109073045e-15,0,1.1828301937348429
80.0,b0173,1,408,0.2390337212410147,2.46330781383014e-11,0.2390337212163816,1,1281.2015383618073
80.0,b3843,1,408,0.2390337212410147,3.2987580573862204e-11,0.2390337212080271,1,1281.201538272504
80.0,b0477,2,24,0.2390337212410147,0.239033721241017,-2.275957200481571e-15,0,1.1828301937349202
80.0,b1302,3,408,0.2390337212410147,-2.1996741341000423e-16,0.2390337212410149,1,1281.2015386254716
80.0,b2662,3,408,0.2390337212410147,0.0,0.2390337212410147,1,1281.2015386257715
80.0,b1525,2,24,0.2390337212410147,0.2390337212410341,-1.9456658506555868e-14,0,1.1828301937346786
80.0,b4139,1,24,0.2390337212410147,0.2390337212410146,8.326672684688674e-17,0,1.1828301937349242
80.0,b3117,2,408,0.2390337212410147,-7.138481795186601e-16,0.2390337212410154,1,1281.2015386254732
80.0,b2797,1,24,0.2390337212410147,0.2390337212410284,-1.3711254354120683e-14,0,1.182830193734807
80.0,b1814,1,24,0.2390337212410147,0.2390337212410146,8.326672684688674e-17,0,1.1828301937349242
80.0,b4471,1,24,0.2390337212410147,0.2390337212410146,8.326672684688674e-17,0,1.1828301937349242
80.0,b3616,1,24,0.2390337212410147,0.2390337212410146,8.326672684688674e-17,0,1.1828301937349242
80.0,b3589,1,24,0.2390337212410147,0.2390337212410146,8.326672684688674e-17,0,1.1828301937349242
80.0,b3774,3,408,0.2390337212410147,-7.138481795186601e-16,0.2390337212410154,1,1281.2015386254732
80.0,b0185,1,408,0.2390337212410147,0.0,0.2390337212410147,1,1281.2015386254902
80.0,b3256,1,408,0.2390337212410147,0.0,0.2390337212410147,1,1281.2015386256471
80.0,b3255,1,408,0.2390337212410147,0.0,0.2390337212410147,1,1281.2015386256471
80.0,b2316,1,408,0.2390337212410147,0.0,0.2390337212410147,1,1281.2015386256471
80.0,b2615,1,408,0.2390337212410147,-6.378745983627806e-27,0.2390337212410147,1,1281.2015386256471
80.0,b2265,1,24,0.2390337212410147,0.2390337212410062,8.465450562766819e-15,0,1.182830193735008
80.0,b2261,1,24,0.2390337212410147,0.2390337212410146,8.326672684688674e-17,0,1.1828301937349242
80.0,b0596,1,24,0.2390337212410147,0.2390337212410146,8.326672684688674e-17,0,1.1828301937349242
80.0,b0595,1,24,0.2390337212410147,0.2390337212410146,8.326672684688674e-17,0,1.1828301937349242
80.0,b4198,1,24,0.2390337212410147,0.2390337212410146,8.326672684688674e-17,0,1.1828301937349242
80.0,b0061,1,24,0.2390337212410147,0.2390337212410146,8.326672684688674e-17,0,1.1828301937349242
80.0,b3583,1,24,0.2390337212410147,0.2390337212410146,8.326672684688674e-17,0,1.1828301937349242
80.0,b4374,3,24,0.2390337212410147,0.2390337212410146,8.326672684688674e-17,0,1.1828301937349242
80.0,b0675,7,24,0.2390337212410147,0.2390337212410146,8.326672684688674e-17,0,1.1828301937349242
80.0,b2291,6,24,0.2390337212410147,0.2390337212410146,8.326672684688674e-17,0,1.1828301937349242
80.0,b2361,8,24,0.2390337212410147,0.2390337212410146,8.326672684688674e-17,0,1.1828301937349242
80.0,b1651,1,24,0.2390337212410147,0.2390337212410146,8.326672684688674e-17,0,1.1828301937349242
80.0,b0766,2,24,0.2390337212410147,0.2390337212410146,8.326672684688674e-17,0,1.1828301937349242
80.0,b3826,6,24,0.2390337212410147,0.2390337212410146,8.326672684688674e-17,0,1.1828301937349242
80.0,b0758,1,24,0.2390337212410147,0.2390337212410146,8.326672684688674e-17,0,1.1828301937349242
80.0,b0420,1,408,0.2390337212410147,2.0758383408688888e-11,0.2390337212202563,1,1281.2015384032338
80.0,b1208,1,408,0.2390337212410147,2.46336725591402e-11,0.239033721216381,1,1281.2015383617304
80.0,b2746,1,408,0.2390337212410147,2.4633672559130315e-11,0.239033721216381,1,1281.2015383620876
80.0,b3526,1,24,0.2390337212410147,0.23903372124103,-1.529332216421153e-14,0,1.1828301937347965
80.0,b3565,2,24,0.2390337212410147,0.2390337212410146,8.326672684688674e-17,0,1.1828301937349242
80.0,b2048,1,24,0.2390337212410147,0.2390337212410146,8.326672684688674e-17,0,1.1828301937349242
80.0,b4015,1,24,0.2390337212410147,0.2390337212410146,8.326672684688674e-17,0,1.1828301937349242
80.0,b0116,3,422,0.2390337212410147,0.1628241235257093,0.0762095977153053,0,2038.496174713696
80.0,b2903,1,287,0.2390337212410147,0.238956313377545,7.74078634696862e-05,0,1.2146943229115246
80.0,b2904,1,287,0.2390337212410147,0.2389563133775825,7.740786343216066e-05,0,1.2146943229110545
80.0,b2905,1,287,0.2390337212410147,0.2389563133775825,7.740786343216066e-05,0,1.2146943229110545
80.0,b0261,2,21,0.2390337212410147,0.2390337212410525,-3.777533841287095e-14,0,1.1828293042323144
80.0,b0759,1,21,0.2390337212410147,0.239033721241001,1.3627987627273795e-14,0,1.1828293042328293
80.0,b0344,1,21,0.2390337212410147,0.239033721241001,1.3627987627273795e-14,0,1.1828293042328293
80.0,b4239,1,21,0.2390337212410147,0.239033721241001,1.3627987627273795e-14,0,1.1828293042328293
80.0,b3956,1,326,0.2390337212410147,0.2376324952527918,0.0014012259882228,0,9.458820320529163
80.0,b0822,7,21,0.2390337212410147,0.2390337212410148,-1.6653345369377348e-16,0,1.182829304232674
80.0,b2540,2,21,0.2390337212410147,0.239033721241001,1.3627987627273795e-14,0,1.1828293042328293
80.0,b2542,2,21,0.2390337212410147,0.239033721241001,1.3627987627273795e-14,0,1.1828293042328293
80.0,b2539,2,21,0.2390337212410147,0.239033721241001,1.3627987627273795e-14,0,1.1828293042328293
80.0,b2538,2,21,0.2390337212410147,0.239033721241001,1.3627987627273795e-14,0,1.1828293042328293
80.0,b2541,2,21,0.2390337212410147,0.239033721241001,1.3627987627273795e-14,0,1.1828293042328293
80.0,b0616,1,21,0.2390337212410147,0.239033721241001,1.3627987627273795e-14,0,1.1828293042328293
80.0,b0617,1,21,0.2390337212410147,0.239033721241001,1.3627987627273795e-14,0,1.1828293042328293
80.0,b0614,1,21,0.2390337212410147,0.239033721241001,1.3627987627273795e-14,0,1.1828293042328293
80.0,b0615,1,21,0.2390337212410147,0.239033721241001,1.3627987627273795e-14,0,1.1828293042328293
80.0,b2052,2,21,0.2390337212410147,0.239033721241001,1.3627987627273795e-14,0,1.1828293042328293
80.0,b1636,1,21,0.2390337212410147,0.239033721241001,1.3627987627273795e-14,0,1.1828293042328293
80.0,b1277,1,408,0.2390337212410147,4.3204013360437903e-16,0.2390337212410142,1,1281.2015386253129
80.0,b2751,1,408,0.2390337212410147,0.0,0.2390337212410147,1,1281.201538625498
80.0,b2752,1,408,0.2390337212410147,0.0,0.2390337212410147,1,1281.201538625543
80.0,b2799,1,21,0.2390337212410147,0.2390337212410181,-3.4139358007223564e-15,0,1.1828293042326377
80.0,b3902,1,21,0.2390337212410147,0.2390337212410293,-1.4599432773820812e-14,0,1.1828293042325622
80.0,b2705,1,21,0.2390337212410147,0.2390337212410293,-1.4599432773820812e-14,0,1.1828293042325622
80.0,b2091,1,21,0.2390337212410147,0.2390337212410293,-1.4599432773820812e-14,0,1.1828293042325622
80.0,b3137,1,21,0.2390337212410147,0.2390337212410293,-1.4599432773820812e-14,0,1.1828293042325622
80.0,b3132,1,21,0.2390337212410147,0.2390337212410293,-1.4599432773820812e-14,0,1.1828293042325622
80.0,b2096,1,21,0.2390337212410147,0.2390337212410293,-1.4599432773820812e-14,0,1.1828293042325622
80.0,b2095,1,21,0.2390337212410147,0.2390337212410293,-1.4599432773820812e-14,0,1.1828293042325622
80.0,b4323,1,21,0.2390337212410147,0.2390337212410293,-1.4599432773820812e-14,0,1.1828293042325622
80.0,b1521,1,21,0.2390337212410147,0.2390337212410293,-1.4599432773820812e-14,0,1.1828293042325622
80.0,b3385,1,21,0.2390337212410147,0.2390337212410293,-1.4599432773820812e-14,0,1.1828293042325622
80.0,b0507,1,21,0.2390337212410147,0.2390337212410293,-1.4599432773820812e-14,0,1.1828293042325622
80.0,b3061,1,21,0.2390337212410147,0.2390337212410293,-1.4599432773820812e-14,0,1.1828293042325622
80.0,b3062,1,21,0.2390337212410147,0.2390337212410293,-1.4599432773820812e-14,0,1.1828293042325622
80.0,b3126,1,21,0.2390337212410147,0.2390337212410293,-1.4599432773820812e-14,0,1.1828293042325622
80.0,b1095,9,408,0.2390337212410147,-2.9079805927926795e-16,0.239033721241015,1,1281.2015386256978
80.0,b1054,1,21,0.2390337212410147,0.2390337212410218,-7.077671781985373e-15,0,1.1828293042326308
80.0,b1855,2,21,0.2390337212410147,0.2390337212410153,-6.661338147750939e-16,0,1.1828293042326916
80.0,b2378,1,21,0.2390337212410147,0.2390337212410153,-6.661338147750939e-16,0,1.1828293042326916
80.0,b0109,1,408,0.2390337212410147,-4.318818418056937e-12,0.2390337212453335,1,1281.201538671717
80.0,b1094,26,408,0.2390337212410147,-1.4208989203386857e-15,0.2390337212410161,1,1281.201538625557
80.0,b2836,23,420,0.2390337212410147,0.2349018138850717,0.0041319073559429,0,3.21277467003136
80.0,b2472,1,408,0.2390337212410147,-6.237405826018121e-16,0.2390337212410153,1,1281.2015386256262
80.0,b1589,3,21,0.2390337212410147,0.2390337212410193,-4.6074255521944004e-15,0,1.1828293042327274
80.0,b1588,3,21,0.2390337212410147,0.2390337212410209,-6.189493362285248e-15,0,1.1828293042326326
80.0,b1587,3,21,0.2390337212410147,0.2390337212410209,-6.189493362285248e-15,0,1.1828293042326326
80.0,b1590,3,21,0.2390337212410147,0.2390337212410209,-6.189493362285248e-15,0,1.1828293042326326
80.0,b0894,4,21,0.2390337212410147,0.2390337212410209,-6.189493362285248e-15,0,1.1828293042326326
80.0,b0895,4,21,0.2390337212410147,0.2390337212410209,-6.189493362285248e-15,0,1.1828293042326326
80.0,b0896,4,21,0.2390337212410147,0.2390337212410209,-6.189493362285248e-15,0,1.1828293042326326
80.0,b3553,10,21,0.2390337212410147,0.2390337212410209,-6.189493362285248e-15,0,1.1828293042326326
80.0,b0638,1,21,0.2390337212410147,0.2390337212410209,-6.189493362285248e-15,0,1.1828293042326326
80.0,b3399,5,21,0.2390337212410147,0.2390337212410209,-6.189493362285248e-15,0,1.1828293042326326
80.0,b0469,1,21,0.2390337212410147,0.2390337212410209,-6.189493362285248e-15,0,1.1828293042326326
80.0,b3187,1,408,0.2390337212410147,3.2987649206379095e-11,0.239033721208027,1,1281.201538272505
80.0,b3222,1,21,0.2390337212410147,0.2390337212410111,3.552713678800501e-15,0,1.182829304232716
80.0,b3225,1,21,0.2390337212410147,0.2390337212410029,1.1823875212257916e-14,0,1.18282930423286
80.0,b1732,1,21,0.2390337212410147,0.2390337212410029,1.1823875212257916e-14,0,1.18282930423286
80.0,b3942,1,21,0.2390337212410147,0.2390337212410029,1.1823875212257916e-14,0,1.18282930423286
80.0,b0586,1,21,0.2390337212410147,0.2390337212410029,1.1823875212257916e-14,0,1.18282930423286
80.0,b3794,1,21,0.2390337212410147,0.2390337212410029,1.1823875212257916e-14,0,1.18282930423286
80.0,b3693,1,21,0.2390337212410147,0.2390337212410029,1.1823875212257916e-14,0,1.18282930423286
80.0,b2901,1,21,0.2390337212410147,0.2390337212410029,1.1823875212257916e-14,0,1.18282930423286
80.0,b3721,2,21,0.2390337212410147,0.2390337212410029,1.1823875212257916e-14,0,1.18282930423286
80.0,b2716,2,21,0.2390337212410147,0.2390337212410029,1.1823875212257916e-14,0,1.18282930423286
80.0,b3416,4,21,0.2390337212410147,0.2390337212410029,1.1823875212257916e-14,0,1.18282930423286
80.0,b1398,1,21,0.2390337212410147,0.2390337212410029,1.1823875212257916e-14,0,1.18282930423286
80.0,b0049,3,21,0.2390337212410147,0.2390337212410029,1.1823875212257916e-14,0,1.18282930423286
80.0,b3784,1,21,0.2390337212410147,0.2390337212410029,1.1823875212257916e-14,0,1.18282930423286
80.0,b4481,1,21,0.2390337212410147,0.2390337212410029,1.1823875212257916e-14,0,1.18282930423286
80.0,b3052,2,21,0.2390337212410147,0.2390337212410029,1.1823875212257916e-14,0,1.18282930423286
80.0,b1896,1,21,0.2390337212410147,0.2390337212410029,1.1823875212257916e-14,0,1.18282930423286
80.0,b0841,2,408,0.2390337212410147,3.3623411655854776e-18,0.2390337212410147,1,1281.2015386254018
80.0,b1278,30,408,0.2390337212410147,0.0,0.2390337212410147,1,1281.2015386256892
80.0,b3057,2,408,0.2390337212410147,0.0,0.2390337212410147,1,1281.2015386256892
80.0,b3519,1,21,0.2390337212410147,0.2390337212410259,-1.1185496973098452e-14,0,1.1828293042326294
80.0,b0910,3,408,0.2390337212410147,2.0440950187589261e-16,0.2390337212410145,1,1281.2015386254018
80.0,b3648,2,408,0.2390337212410147,2.269709618180622e-28,0.2390337212410147,1,1281.2015386256508
80.0,b1694,1,21,0.2390337212410147,0.2390337212410138,8.326672684688674e-16,0,1.1828293042326428
80.0,b2221,3,21,0.2390337212410147,0.2390337212409939,2.0733414984874798e-14,0,1.1828293042328983
80.0,b2222,3,21,0.2390337212410147,0.2390337212409939,2.0733414984874798e-14,0,1.1828293042328983
80.0,b2039,1,21,0.2390337212410147,0.2390337212409939,2.0733414984874798e-14,0,1.1828293042328983
80.0,b3789,1,21,0.2390337212410147,0.2390337212409939,2.0733414984874798e-14,0,1.1828293042328983
80.0,b2041,1,21,0.2390337212410147,0.2390337212409939,2.0733414984874798e-14,0,1.1828293042328983
80.0,b3788,1,21,0.2390337212410147,0.2390337212409939,2.0733414984874798e-14,0,1.1828293042328983
80.0,b2036,1,21,0.2390337212410147,0.2390337212409939,2.0733414984874798e-14,0,1.1828293042328983
80.0,b2038,1,21,0.2390337212410147,0.2390337212409939,2.0733414984874798e-14,0,1.1828293042328983
80.0,b2040,1,21,0.2390337212410147,0.2390337212409939,2.0733414984874798e-14,0,1.1828293042328983
80.0,b0512,1,21,0.2390337212410147,0.2390337212409939,2.0733414984874798e-14,0,1.1828293042328983
80.0,b3972,1,408,0.2390337212410147,8.965625881670886e-16,0.2390337212410138,1,1281.201538625216
80.0,s0001,45,414,0.2390337212410147,0.0,0.2390337212410147,1,22835.210582030057
80.0,b3617,1,21,0.2390337212410147,0.2390337212410344,-1.973421426271216e-14,0,1.1828293042325124
80.0,b0030,5,21,0.2390337212410147,0.2390337212410216,-6.938893903907228e-15,0,1.182829304232595
80.0,b0200,1,21,0.2390337212410147,0.2390337212410184,-3.719247132494274e-15,0,1.182829304232656
80.0,b0222,1,21,0.2390337212410147,0.2390337212410184,-3.719247132494274e-15,0,1.182829304232656
80.0,b0038,2,21,0.2390337212410147,0.2390337212410184,-3.719247132494274e-15,0,1.182829304232656
80.0,b0036,2,21,0.2390337212410147,0.2390337212410184,-3.719247132494274e-15,0,1.182829304232656
80.0,b3844,6,322,0.2390337212410147,0.2379974379119755,0.0010362833290391,0,3.674805257562653
80.0,b2784,2,21,0.2390337212410147,0.2390337212410481,-3.347322419244848e-14,0,1.182829304232349
80.0,b2431,1,408,0.2390337212410147,-1.919959286243727e-15,0.2390337212410166,1,1281.2015386255202
80.0,b1019,1,408,0.2390337212410147,0.0,0.2390337212410147,1,1281.2015386254388
80.0,b0475,1,408,0.2390337212410147,0.0,0.2390337212410147,1,1281.2015386254388
80.0,b4040,1,408,0.2390337212410147,3.298758057384314e-11,0.2390337212080271,1,1281.201538272264
80.0,b3974,1,408,0.2390337212410147,4.282760448842923e-23,0.2390337212410147,1,1281.201538625519
80.0,b0103,1,408,0.2390337212410147,-7.233168969343191e-12,0.2390337212482478,1,1281.2015387029255
80.0,b2104,1,21,0.2390337212410147,0.2390337212410141,6.106226635438361e-16,0,1.182829304232749
80.0,b1215,1,408,0.2390337212410147,-1.3007452141699059e-15,0.239033721241016,1,1281.2015386255189
80.0,b3198,1,408,0.2390337212410147,0.0,0.2390337212410147,1,1281.201538625626
80.0,b1747,1,21,0.2390337212410147,0.2390337212410244,-9.71445146547012e-15,0,1.182829304232588
80.0,b1744,1,21,0.2390337212410147,0.2390337212410148,-8.326672684688674e-17,0,1.1828293042326956
80.0,b0340,1,21,0.2390337212410147,0.2390337212410148,-8.326672684688674e-17,0,1.1828293042326956
80.0,b2988,2,21,0.2390337212410147,0.2390337212410148,-8.326672684688674e-17,0,1.1828293042326956
80.0,b2883,1,21,0.2390337212410147,0.2390337212410148,-8.326672684688674e-17,0,1.1828293042326956
80.0,b1098,1,408,0.2390337212410147,3.095609110497875e-15,0.2390337212410116,1,1281.2015386254525
80.0,b0888,1,21,0.2390337212410147,0.2390337212410201,-5.384581669432009e-15,0,1.1828293042326987
80.0,b2690,7,21,0.2390337212410147,0.2390337212410148,-8.326672684688674e-17,0,1.1828293042326956
80.0,b0688,1,21,0.2390337212410147,0.2390337212410148,-8.326672684688674e-17,0,1.1828293042326956
80.0,b1317,1,21,0.2390337212410147,0.2390337212410148,-8.326672684688674e-17,0,1.1828293042326956
80.0,b2168,1,21,0.2390337212410147,0.2390337212410148,-8.326672684688674e-17,0,1.1828293042326956
80.0,b2687,1,408,0.2390337212410147,4.925915765485256e-11,0.2390337211917555,1,1281.2015380980945
80.0,b3581,1,21,0.2390337212410147,0.2390337212410155,-8.049116928532385e-16,0,1.1828293042326978
80.0,b4196,1,21,0.2390337212410147,0.2390337212410148,-8.326672684688674e-17,0,1.1828293042326956
80.0,b3582,1,21,0.2390337212410147,0.2390337212410148,-8.326672684688674e-17,0,1.1828293042326956
80.0,b4197,1,21,0.2390337212410147,0.2390337212410148,-8.326672684688674e-17,0,1.1828293042326956
80.0,b3575,1,21,0.2390337212410147,0.2390337212410148,-8.326672684688674e-17,0,1.1828293042326956
80.0,b0312,2,21,0.2390337212410147,0.2390337212410148,-8.326672684688674e-17,0,1.1828293042326956
80.0,b0403,5,21,0.2390337212410147,0.2390337212410148,-8.326672684688674e-17,0,1.1828293042326956
80.0,b0207,2,21,0.2390337212410147,0.2390337212410148,-8.326672684688674e-17,0,1.1828293042326956
80.0,b3012,2,21,0.2390337212410147,0.2390337212410148,-8.326672684688674e-17,0,1.1828293042326956
80.0,b3962,1,21,0.2390337212410147,0.2390337212410148,-8.326672684688674e-17,0,1.1828293042326956
80.0,b2764,4,408,0.2390337212410147,3.585616620391086e-16,0.2390337212410143,1,1281.2015386254752
80.0,b2763,4,408,0.2390337212410147,0.0,0.2390337212410147,1,1281.2015386254309
80.0,b0937,2,21,0.2390337212410147,0.2390337212410053,9.353628982466944e-15,0,1.1828293042327935
80.0,b2563,1,21,0.2390337212410147,0.2390337212410148,-8.326672684688674e-17,0,1.1828293042326956
80.0,b3475,1,21,0.2390337212410147,0.2390337212410148,-8.326672684688674e-17,0,1.1828293042326956
80.0,b2507,2,408,0.2390337212410147,2.5000608000753213e-15,0.2390337212410122,1,1281.2015386254598
80.0,b1982,1,21,0.2390337212410147,0.2390337212410153,-6.106226635438361e-16,0,1.1828293042327105
80.0,b3360,1,408,0.2390337212410147,1.4805595957270312e-15,0.2390337212410132,1,1281.201538625462
80.0,b1812,1,408,0.2390337212410147,-4.934705875862202e-27,0.2390337212410147,1,1281.2015386255223
80.0,b1096,2,408,0.2390337212410147,3.2987580573843166e-11,0.2390337212080271,1,1281.201538272346
80.0,b4039,2,408,0.2390337212410147,3.298758057384314e-11,0.2390337212080271,1,1281.201538272335
80.0,b2416,21,412,0.2390337212410147,0.2191142444708307,0.0199194767701839,0,1020.689155068664
80.0,b1200,1,20,0.2390337212410147,0.2390337212410673,-5.2652326942848055e-14,0,293.0164130181187
80.0,b2415,21,412,0.2390337212410147,0.2191142444709448,0.0199194767700698,0,1020.6891550688148
80.0,b1199,1,20,0.2390337212410147,0.2390337212410673,-5.2652326942848055e-14,0,293.0164130181187
80.0,b1198,1,20,0.2390337212410147,0.2390337212410282,-1.3544720900426911e-14,0,293.01641301810963
80.0,b0171,1,409,0.2390337212410147,-2.6269476983737414e-15,0.2390337212410173,1,1608.766375947423
80.0,b4477,1,37,0.2390337212410147,0.2390337212410121,2.55351295663786e-15,0,293.0194793893287
80.0,b2498,1,37,0.2390337212410147,0.2390337212410111,3.608224830031759e-15,0,293.0194793893284
80.0,b2780,1,409,0.2390337212410147,5.552339741677808e-16,0.2390337212410141,1,1608.7663759471484
80.0,b0087,1,409,0.2390337212410147,0.0,0.2390337212410147,1,1608.7663759471927
80.0,b0090,1,409,0.2390337212410147,0.0,0.2390337212410147,1,1608.7663759472423
80.0,b3946,1,37,0.2390337212410147,0.2390337212410211,-6.467049118441537e-15,0,293.0194793893309
80.0,b0825,1,37,0.2390337212410147,0.2390337212410111,3.608224830031759e-15,0,293.0194793893284
80.0,b3619,1,37,0.2390337212410147,0.2390337212410111,3.608224830031759e-15,0,293.0194793893284
80.0,b4267,2,37,0.2390337212410147,0.2390337212410111,3.608224830031759e-15,0,293.0194793893284
80.0,b1033,4,37,0.2390337212410147,0.2390337212410111,3.608224830031759e-15,0,293.0194793893284
80.0,b3957,1,409,0.2390337212410147,8.191702841450839e-16,0.2390337212410138,1,1608.766375947143
80.0,b1623,2,37,0.2390337212410147,0.2390337212410168,-2.164934898019056e-15,0,293.01947938933
80.0,b3665,1,37,0.2390337212410147,0.2390337212410111,3.608224830031759e-15,0,293.0194793893284
80.0,b4177,1,409,0.2390337212410147,-1.4008554700622108e-13,0.2390337212411548,1,1608.7663759486654
80.0,b0677,1,37,0.2390337212410147,0.239033721241005,9.631184738623231e-15,0,293.01947938932705
80.0,b0828,1,37,0.2390337212410147,0.2390337212410111,3.608224830031759e-15,0,293.0194793893284
80.0,b1767,1,37,0.2390337212410147,0.2390337212410111,3.608224830031759e-15,0,293.0194793893284
80.0,b0674,2,409,0.2390337212410147,2.912976641904801e-16,0.2390337212410144,1,1608.7663759471525
80.0,b3744,1,329,0.2390337212410147,0.2385754950637709,0.0004582261772437,0,293.1207028072838
80.0,b4245,1,409,0.2390337212410147,-1.37611412857562e-16,0.2390337212410148,1,1608.7663759472202
80.0,b4244,1,409,0.2390337212410147,0.0,0.2390337212410147,1,1608.766375947324
80.0,b0029,2,409,0.2390337212410147,2.4633672559119213e-11,0.239033721216381,1,1608.766375680614
80.0,b1092,1,409,0.2390337212410147,2.7348870456212e-27,0.2390337212410147,1,1608.7663759472634
80.0,b3809,1,409,0.2390337212410147,0.0,0.2390337212410147,1,1608.7663759472375
80.0,b0031,1,409,0.2390337212410147,0.0,0.2390337212410147,1,1608.7663759473653
80.0,b0003,2,409,0.2390337212410147,0.0,0.2390337212410147,1,1608.766375947295
80.0,b1748,3,409,0.2390337212410147,0.0,0.2390337212410147,1,1608.766375947236
80.0,b3359,2,409,0.2390337212410147,0.0,0.2390337212410147,1,1608.7663759471416
80.0,b0004,1,409,0.2390337212410147,0.0,0.2390337212410147,1,1608.7663759471416
80.0,b4013,1,409,0.2390337212410147,0.0,0.2390337212410147,1,1608.766375947236
80.0,b1704,1,409,0.2390337212410147,1.930166291359657e-14,0.2390337212409954,1,1608.7663759471636
80.0,b2601,1,409,0.2390337212410147,1.9301662913596583e-14,0.2390337212409954,1,1608.7663759470283
80.0,b0754,1,409,0.2390337212410147,1.9301662913596583e-14,0.2390337212409954,1,1608.7663759470283
80.0,b2700,1,37,0.2390337212410147,0.2390337212410151,-4.163336342344337e-16,0,293.01947938932915
80.0,b1768,1,37,0.2390337212410147,0.2390337212410111,3.608224830031759e-15,0,293.0194793893284
80.0,b1014,2,37,0.2390337212410147,0.2390337212410111,3.608224830031759e-15,0,293.0194793893284
80.0,b1584,2,37,0.2390337212410147,0.2390337212410111,3.608224830031759e-15,0,293.0194793893284
80.0,b3790,1,37,0.2390337212410147,0.2390337212410111,3.608224830031759e-15,0,293.0194793893284
80.0,b4014,1,37,0.2390337212410147,0.2390337212410111,3.608224830031759e-15,0,293.0194793893284
80.0,b2976,1,37,0.2390337212410147,0.2390337212410111,3.608224830031759e-15,0,293.0194793893284
80.0,b1897,1,37,0.2390337212410147,0.2390337212410111,3.608224830031759e-15,0,293.0194793893284
80.0,b3034,1,37,0.2390337212410147,0.2390337212410111,3.608224830031759e-15,0,293.0194793893284
80.0,b3397,1,37,0.2390337212410147,0.2390337212410111,3.608224830031759e-15,0,293.0194793893284
80.0,b0062,1,37,0.2390337212410147,0.2390337212410111,3.608224830031759e-15,0,293.0194793893284
80.0,b3600,1,37,0.2390337212410147,0.2390337212410111,3.608224830031759e-15,0,293.0194793893284
80.0,b3608,1,314,0.2390337212410147,0.2388352946081408,0.0001984266328738,0,293.37309124871695
80.0,b4119,1,37,0.2390337212410147,0.2390337212410317,-1.7069679003611782e-14,0,293.0194793893332
80.0,b2802,2,37,0.2390337212410147,0.2390337212410099,4.773959005888173e-15,0,293.01947938932784
80.0,b2803,1,37,0.2390337212410147,0.2390337212410099,4.773959005888173e-15,0,293.01947938932784
80.0,b2800,1,37,0.2390337212410147,0.2390337212410099,4.773959005888173e-15,0,293.01947938932784
80.0,b2738,1,37,0.2390337212410147,0.2390337212410099,4.773959005888173e-15,0,293.01947938932784
80.0,b0335,1,37,0.2390337212410147,0.2390337212410099,4.773959005888173e-15,0,293.01947938932784
80.0,b1236,1,37,0.2390337212410147,0.2390337212410099,4.773959005888173e-15,0,293.01947938932784
80.0,b0179,1,409,0.2390337212410147,-9.560990246161263e-17,0.2390337212410148,1,1608.766375947182
80.0,b0085,1,409,0.2390337212410147,0.0,0.2390337212410147,1,1608.766375947304
80.0,b0091,1,409,0.2390337212410147,0.0,0.2390337212410147,1,1608.7663759472923
80.0,b0088,1,409,0.2390337212410147,0.0,0.2390337212410147,1,1608.766375947262
80.0,b0505,1,37,0.2390337212410147,0.2390337212410156,-9.71445146547012e-16,0,293.0194793893299
80.0,b0350,1,37,0.2390337212410147,0.2390337212410234,-8.687495167691852e-15,0,293.0194793893318
80.0,b0352,1,37,0.2390337212410147,0.2390337212410234,-8.687495167691852e-15,0,293.0194793893318
80.0,b0347,2,37,0.2390337212410147,0.2390337212410234,-8.687495167691852e-15,0,293.0194793893318
80.0,b0726,1,418,0.2390337212410147,0.2345043716992798,0.0045293495417349,0,310.89113474424505
80.0,b0727,1,418,0.2390337212410147,0.2345043716992643,0.0045293495417503,0,310.8911347442418
80.0,b3945,4,72,0.2390337212410147,0.2390337212410059,8.770761894538737e-15,0,293.0131965147325
80.0,b0131,1,409,0.2390337212410147,-5.845121718589145e-16,0.2390337212410153,1,1608.7663759472307
80.0,b0086,1,409,0.2390337212410147,0.0,0.2390337212410147,1,1608.7663759472098
80.0,b0096,1,409,0.2390337212410147,0.0,0.2390337212410147,1,1608.766375947318
80.0,b0181,1,409,0.2390337212410147,0.0,0.2390337212410147,1,1608.7663759473187
80.0,b2019,1,409,0.2390337212410147,0.0,0.2390337212410147,1,1608.7663759473187
80.0,b2020,1,409,0.2390337212410147,0.0,0.2390337212410147,1,1608.7663759472166
80.0,b2022,2,409,0.2390337212410147,0.0,0.2390337212410147,1,1608.7663759473044
80.0,b1207,1,15,0.2390337212410147,0.2390337212410062,8.437694987151191e-15,0,292.1996685826832
80.0,b2026,2,409,0.2390337212410147,2.149172129047201e-15,0.2390337212410125,1,1608.7663759471022
80.0,b2024,1,409,0.2390337212410147,0.0,0.2390337212410147,1,1608.7663759472005
80.0,b3607,1,409,0.2390337212410147,0.0,0.2390337212410147,1,1608.7663759472769
80.0,b2421,1,409,0.2390337212410147,0.0,0.2390337212410147,1,1608.766375947266
80.0,b2414,1,409,0.2390337212410147,0.0,0.2390337212410147,1,1608.766375947266
80.0,b4214,1,409,0.2390337212410147,0.0,0.2390337212410147,1,1608.766375947266
80.0,b2762,2,409,0.2390337212410147,0.0,0.2390337212410147,1,1608.766375947191
80.0,b4024,1,409,0.2390337212410147,0.0,0.2390337212410147,1,1608.7663759472196
80.0,b0002,2,409,0.2390337212410147,0.0,0.2390337212410147,1,1608.766375947166
80.0,b3940,2,409,0.2390337212410147,0.0,0.2390337212410147,1,1608.766375947166
80.0,b3433,1,409,0.2390337212410147,0.0,0.2390337212410147,1,1608.766375947166
80.0,b2838,1,409,0.2390337212410147,0.0,0.2390337212410147,1,1608.766375947166
80.0,b2942,1,409,0.2390337212410147,2.4575380182523382e-11,0.2390337212164393,1,1608.7663756816196
80.0,b4192,1,15,0.2390337212410147,0.239033721241019,-4.3021142204224816e-15,0,292.1996685826861
80.0,b1993,2,15,0.2390337212410147,0.2390337212410111,3.608224830031759e-15,0,292.1996685826842
80.0,b1992,1,15,0.2390337212410147,0.2390337212410111,3.608224830031759e-15,0,292.1996685826842
80.0,b0417,1,409,0.2390337212410147,-2.149172129047201e-15,0.2390337212410168,1,1608.766375947128
80.0,b0348,2,15,0.2390337212410147,0.2390337212410354,-2.0761170560490427e-14,0,292.1996685826903
80.0,b0349,2,15,0.2390337212410147,0.2390337212410111,3.608224830031759e-15,0,292.1996685826842
80.0,b3124,1,15,0.2390337212410147,0.2390337212410111,3.608224830031759e-15,0,292.1996685826842
80.0,b0583,1,15,0.2390337212410147,0.2390337212410111,3.608224830031759e-15,0,292.1996685826842
80.0,b0732,1,15,0.2390337212410147,0.2390337212410111,3.608224830031759e-15,0,292.1996685826842
80.0,b0517,1,15,0.2390337212410147,0.2390337212410111,3.608224830031759e-15,0,292.1996685826842
80.0,b0521,1,369,0.2390337212410147,0.2366705590460097,0.002363162195005,0,292.8049868818782
80.0,b3223,1,15,0.2390337212410147,0.2390337212409962,1.84297022087776e-14,0,292.1996685826798
80.0,b2428,1,15,0.2390337212410147,0.2390337212410111,3.608224830031759e-15,0,292.1996685826842
80.0,b2162,2,15,0.2390337212410147,0.2390337212410111,3.608224830031759e-15,0,292.1996685826842
80.0,b0651,2,15,0.2390337212410147,0.2390337212410111,3.608224830031759e-15,0,292.1996685826842
80.0,b0522,1,409,0.2390337212410147,-1.1712988103307245e-13,0.2390337212411318,1,1608.7663759483971
80.0,b1779,6,414,0.2390337212410147,0.0,0.2390337212410147,1,22835.210582030057
80.0,b2388,1,73,0.2390337212410147,0.2390337212410164,-1.7208456881689926e-15,0,455.6831497070521
80.0,b2029,1,374,0.2390337212410147,0.2363548409434681,0.0026788802975465,0,488.470744391573
80.0,b0368,1,73,0.2390337212410147,0.2390337212410025,1.2184697695261091e-14,0,455.6831497070481
80.0,b2463,1,73,0.2390337212410147,0.2390337212410918,-7.707723348460149e-14,0,455.6831497070734
80.0,b3960,1,411,0.2390337212410147,3.389710178713489e-16,0.2390337212410143,1,1789.8799371673038
80.0,b0032,1,73,0.2390337212410147,0.239033721241014,6.661338147750939e-16,0,455.6831497070514
80.0,b0033,1,73,0.2390337212410147,0.2390337212410918,-7.707723348460149e-14,0,455.6831497070734
80.0,b0242,1,411,0.2390337212410147,2.7923682351681938e-15,0.2390337212410119,1,1789.8799371672458
80.0,b0074,1,411,0.2390337212410147,0.0,0.2390337212410147,1,1789.8799371662278
80.0,b1091,3,411,0.2390337212410147,0.0,0.2390337212410147,1,1789.8799371662417
80.0,b3908,1,73,0.2390337212410147,0.2390337212410168,-2.0816681711721685e-15,0,455.6831497070519
80.0,b1656,1,73,0.2390337212410147,0.2390337212410918,-7.707723348460149e-14,0,455.6831497070734
80.0,b0159,3,411,0.2390337212410147,4.9262568363381815e-11,0.2390337211917521,1,1789.8799366306837
80.0,b1106,1,22,0.2390337212410147,0.2390337212410196,-4.884981308350689e-15,0,455.6849943681245
80.0,b1759,2,22,0.2390337212410147,0.2390337212410146,8.326672684688674e-17,0,455.68499436812334
80.0,b2251,3,38,0.2390337212410147,0.2390337212410146,8.326672684688674e-17,0,455.7835860564062
80.0,b0905,1,38,0.2390337212410147,0.2390337212410209,-6.189493362285248e-15,0,455.7835860564084
80.0,b3248,2,38,0.2390337212410147,0.2390337212410209,-6.189493362285248e-15,0,455.7835860564084
80.0,b0386,1,411,0.2390337212410147,-1.5726552020428205e-15,0.2390337212410163,1,1789.87993716625
80.0,b3425,1,38,0.2390337212410147,0.2390337212410129,1.7486012637846217e-15,0,455.78358605640585
80.0,b2668,1,38,0.2390337212410147,0.2390337212410209,-6.189493362285248e-15,0,455.7835860564084
80.0,b2521,2,38,0.2390337212410147,0.2390337212410209,-6.189493362285248e-15,0,455.7835860564084
80.0,b2053,1,38,0.2390337212410147,0.2390337212410209,-6.189493362285248e-15,0,455.7835860564084
80.0,b2920,1,38,0.2390337212410147,0.2390337212410209,-6.189493362285248e-15,0,455.7835860564084
80.0,b2143,2,38,0.2390337212410147,0.2390337212410209,-6.189493362285248e-15,0,455.7835860564084
80.0,b0778,1,411,0.2390337212410147,-1.5726552020428205e-15,0.2390337212410163,1,1789.879937166266
80.0,b2065,1,38,0.2390337212410147,0.2390337212410214,-6.716849298982197e-15,0,455.7835860564082
80.0,b2478,1,411,0.2390337212410147,-3.5956956887427347e-16,0.239033721241015,1,1789.879937166039
80.0,b0337,1,38,0.2390337212410147,0.2390337212410131,1.5543122344752196e-15,0,455.78358605640585
80.0,b3729,1,411,0.2390337212410147,1.2442498598620693e-15,0.2390337212410134,1,1789.8799371660298
80.0,b2688,1,38,0.2390337212410147,0.2390337212410073,7.355227538141662e-15,0,455.7835860564046
80.0,b0485,1,38,0.2390337212410147,0.2390337212410087,5.9674487573602164e-15,0,455.7835860564048
80.0,b1524,1,38,0.2390337212410147,0.2390337212410087,5.9674487573602164e-15,0,455.7835860564048
80.0,b2312,1,411,0.2390337212410147,-1.202411559517627e-13,0.2390337212411349,1,1789.879937167348
80.0,b0104,1,38,0.2390337212410147,0.2390337212410232,-8.548717289613705e-15,0,455.7835860564082
80.0,b1740,1,411,0.2390337212410147,-2.951286434797342e-12,0.239033721243966,1,1789.879937198181
80.0,b3366,1,38,0.2390337212410147,0.2390337212410148,-1.1102230246251563e-16,0,455.7835860564063
80.0,b3365,1,38,0.2390337212410147,0.2390337212410087,5.9674487573602164e-15,0,455.7835860564048
80.0,b4254,1,411,0.2390337212410147,-4.506122415471082e-16,0.2390337212410151,1,1789.8799371660325
80.0,b0273,1,411,0.2390337212410147,0.0,0.2390337212410147,1,1789.8799371662817
80.0,b2500,1,333,0.2390337212410147,0.2383163275568432,0.0007173936841714,0,456.2146959212299
80.0,b3449,5,38,0.2390337212410147,0.2390337212410128,1.859623566247137e-15,0,455.7835860564056
80.0,b0331,1,38,0.2390337212410147,0.2390337212410087,5.9674487573602164e-15,0,455.7835860564048
80.0,b2210,2,38,0.2390337212410147,0.2390337212410087,5.9674487573602164e-15,0,455.7835860564048
80.0,b1746,1,38,0.2390337212410147,0.2390337212410087,5.9674487573602164e-15,0,455.7835860564048
80.0,b0052,1,411,0.2390337212410147,6.384489891641086e-16,0.239033721241014,1,1789.8799371660384
80.0,b2564,1,411,0.2390337212410147,0.0,0.2390337212410147,1,1789.8799371661637
80.0,b0369,1,411,0.2390337212410147,0.0,0.2390337212410147,1,1789.8799371661637
80.0,b4005,1,411,0.2390337212410147,7.188968294831922e-14,0.2390337212409428,1,1789.8799371654736
80.0,b2557,1,411,0.2390337212410147,-6.73220701786753e-13,0.2390337212416879,1,1789.879937172772
80.0,b2441,1,38,0.2390337212410147,0.2390337212410186,-3.913536161803677e-15,0,455.78358605640767
80.0,b2440,1,38,0.2390337212410147,0.2390337212410087,5.9674487573602164e-15,0,455.7835860564048
80.0,b2049,1,38,0.2390337212410147,0.2390337212410087,5.9674487573602164e-15,0,455.7835860564048
80.0,b3806,1,38,0.2390337212410147,0.2390337212410087,5.9674487573602164e-15,0,455.7835860564048
80.0,b2533,2,38,0.2390337212410147,0.2390337212410087,5.9674487573602164e-15,0,455.7835860564048
80.0,b0333,1,38,0.2390337212410147,0.2390337212410087,5.9674487573602164e-15,0,455.7835860564048
80.0,b3590,1,38,0.2390337212410147,0.2390337212410087,5.9674487573602164e-15,0,455.7835860564048
80.0,b2173,1,38,0.2390337212410147,0.2390337212410087,5.9674487573602164e-15,0,455.7835860564048
80.0,b2918,1,38,0.2390337212410147,0.2390337212410087,5.9674487573602164e-15,0,455.7835860564048
80.0,b2727,1,38,0.2390337212410147,0.2390337212410087,5.9674487573602164e-15,0,455.7835860564048
80.0,b4173,1,38,0.2390337212410147,0.2390337212410087,5.9674487573602164e-15,0,455.7835860564048
80.0,b4352,1,38,0.2390337212410147,0.2390337212410087,5.9674487573602164e-15,0,455.7835860564048
80.0,b4161,4,38,0.2390337212410147,0.2390337212410087,5.9674487573602164e-15,0,455.7835860564048
80.0,b1852,1,384,0.2390337212410147,0.2363548409434652,0.0026788802975495,0,488.5719697879093
80.0,b0134,1,411,0.2390337212410147,8.680648141865997e-17,0.2390337212410146,1,1789.8799371661394
80.0,b2028,1,38,0.2390337212410147,0.2390337212410133,1.3600232051658168e-15,0,455.783586056406
80.0,b2787,1,38,0.2390337212410147,0.2390337212410075,7.13318293321663e-15,0,455.7835860564044
80.0,b2788,1,38,0.2390337212410147,0.2390337212410075,7.13318293321663e-15,0,455.7835860564044
80.0,b3791,1,38,0.2390337212410147,0.2390337212410075,7.13318293321663e-15,0,455.7835860564044
80.0,b3787,1,38,0.2390337212410147,0.2390337212410075,7.13318293321663e-15,0,455.7835860564044
80.0,b1415,2,38,0.2390337212410147,0.2390337212410075,7.13318293321663e-15,0,455.7835860564044
80.0,b1493,1,38,0.2390337212410147,0.2390337212410075,7.13318293321663e-15,0,455.7835860564044
80.0,b3517,1,38,0.2390337212410147,0.2390337212410075,7.13318293321663e-15,0,455.7835860564044
80.0,b3551,3,38,0.2390337212410147,0.2390337212410075,7.13318293321663e-15,0,455.7835860564044
80.0,b2750,1,411,0.2390337212410147,3.0450301898806442e-15,0.2390337212410116,1,1789.8799371660407
80.0,b1622,1,411,0.2390337212410147,0.0,0.2390337212410147,1,1789.8799371662444
80.0,b3939,1,411,0.2390337212410147,0.0,0.2390337212410147,1,1789.8799371662612
80.0,b2661,1,38,0.2390337212410147,0.2390337212410143,3.3306690738754696e-16,0,455.7835860564063
80.0,b0241,283,414,0.2390337212410147,0.0,0.2390337212410147,1,22835.210582030057
80.0,b2215,285,414,0.2390337212410147,0.0,0.2390337212410147,1,22835.210582030057
80.0,b0929,285,414,0.2390337212410147,0.0,0.2390337212410147,1,22835.210582030057
80.0,b1377,284,414,0.2390337212410147,0.0,0.2390337212410147,1,22835.210582030057
80.0,b0411,7,38,0.2390337212410147,0.2390337212410163,-1.6653345369377348e-15,0,455.7835860564074
80.0,b1319,1,440,0.2390337212410147,0.0469260275456449,0.1921076936953697,0,16238.903131215768
80.0,b3875,3,440,0.2390337212410147,0.0469260275456653,0.1921076936953493,0,16238.903131215417
80.0,b0957,1,440,0.2390337212410147,0.0469260275456653,0.1921076936953493,0,16238.903131215417
80.0,b1805,10,73,0.2390337212410147,0.2390337212410212,-6.494804694057166e-15,0,455.683149707053
80.0,b1701,10,73,0.2390337212410147,0.2390337212410219,-7.271960811294775e-15,0,455.6831497070543
80.0,b1646,1,73,0.2390337212410147,0.2390337212410219,-7.271960811294775e-15,0,455.6831497070543
80.0,b2203,2,73,0.2390337212410147,0.2390337212410219,-7.271960811294775e-15,0,455.6831497070543
80.0,b2202,2,73,0.2390337212410147,0.2390337212410219,-7.271960811294775e-15,0,455.6831497070543
80.0,b2206,2,73,0.2390337212410147,0.2390337212410219,-7.271960811294775e-15,0,455.6831497070543
80.0,b2205,1,73,0.2390337212410147,0.2390337212410219,-7.271960811294775e-15,0,455.6831497070543
80.0,b2204,1,73,0.2390337212410147,0.2390337212410219,-7.271960811294775e-15,0,455.6831497070543
80.0,b0980,2,73,0.2390337212410147,0.2390337212410219,-7.271960811294775e-15,0,455.6831497070543
80.0,b0383,15,73,0.2390337212410147,0.2390337212410219,-7.271960811294775e-15,0,455.6831497070543
80.0,b1468,2,73,0.2390337212410147,0.2390337212410219,-7.271960811294775e-15,0,455.6831497070543
80.0,b1224,2,73,0.2390337212410147,0.2390337212410219,-7.271960811294775e-15,0,455.6831497070543
80.0,b1225,2,73,0.2390337212410147,0.2390337212410219,-7.271960811294775e-15,0,455.6831497070543
80.0,b1226,2,73,0.2390337212410147,0.2390337212410219,-7.271960811294775e-15,0,455.6831497070543
80.0,b1227,2,73,0.2390337212410147,0.2390337212410219,-7.271960811294775e-15,0,455.6831497070543
80.0,b1466,2,73,0.2390337212410147,0.2390337212410219,-7.271960811294775e-15,0,455.6831497070543
80.0,b1467,2,73,0.2390337212410147,0.2390337212410219,-7.271960811294775e-15,0,455.6831497070543
80.0,b1465,2,73,0.2390337212410147,0.2390337212410219,-7.271960811294775e-15,0,455.6831497070543
80.0,b1602,1,73,0.2390337212410147,0.2390337212410219,-7.271960811294775e-15,0,455.6831497070543
80.0,b1603,1,73,0.2390337212410147,0.2390337212410219,-7.271960811294775e-15,0,455.6831497070543
80.0,b0997,2,73,0.2390337212410147,0.2390337212410219,-7.271960811294775e-15,0,455.6831497070543
80.0,b0996,2,73,0.2390337212410147,0.2390337212410219,-7.271960811294775e-15,0,455.6831497070543
80.0,b1873,4,73,0.2390337212410147,0.2390337212410219,-7.271960811294775e-15,0,455.6831497070543
80.0,b1872,4,73,0.2390337212410147,0.2390337212410219,-7.271960811294775e-15,0,455.6831497070543
80.0,b3845,8,424,0.2390337212410147,0.2349018138851037,0.0041319073559109,0,448.8984684122595
80.0,b2342,8,424,0.2390337212410147,0.2349018138851032,0.0041319073559115,0,448.8984684122594
80.0,b4388,1,414,0.2390337212410147,0.2290923194873645,0.0099414017536501,0,449.3997342649694
80.0,b0010,2,434,0.2390337212410147,0.1118667101436177,0.1271670110973969,0,2856.580086861738
80.0,b3528,6,73,0.2390337212410147,0.2390337212409846,3.0031532816110484e-14,0,455.68314970704137
80.0,b4123,9,73,0.2390337212410147,0.2390337212410107,4.024558464266193e-15,0,455.6831497070503
80.0,b0621,4,73,0.2390337212410147,0.2390337212410107,4.024558464266193e-15,0,455.6831497070503
80.0,b4138,7,73,0.2390337212410147,0.2390337212410107,4.024558464266193e-15,0,455.6831497070503
80.0,b2417,6,416,0.2390337212410147,0.2191142444709253,0.0199194767700893,0,1183.7677279132472
80.0,b2429,2,73,0.2390337212410147,0.2390337212409989,1.5792922525292852e-14,0,455.68314970704745
80.0,b2423,5,411,0.2390337212410147,1.5257352050522842e-15,0.2390337212410132,1,1789.879937165828
80.0,b2422,5,411,0.2390337212410147,0.0,0.2390337212410147,1,1789.8799371661005
80.0,b0764,3,411,0.2390337212410147,0.0,0.2390337212410147,1,1789.8799371661005
80.0,b0765,3,411,0.2390337212410147,0.0,0.2390337212410147,1,1789.8799371661005
80.0,b0763,3,411,0.2390337212410147,0.0,0.2390337212410147,1,1789.8799371661005
80.0,b2425,5,411,0.2390337212410147,0.0,0.2390337212410147,1,1789.8799371661005
80.0,b2424,5,411,0.2390337212410147,0.0,0.2390337212410147,1,1789.8799371661005
80.0,b3917,5,411,0.2390337212410147,0.0,0.2390337212410147,1,1789.8799371661005
80.0,b3063,1,22,0.2390337212410147,0.2390337212410157,-1.0269562977782698e-15,0,455.6849943681238
80.0,b2913,3,414,0.2390337212410147,0.2290923194873254,0.0099414017536892,0,449.3997342648976
80.0,b0366,3,22,0.2390337212410147,0.2390337212410126,2.1094237467877974e-15,0,455.6849943681228
80.0,b0367,3,22,0.2390337212410147,0.2390337212409985,1.6181500583911657e-14,0,455.6849943681188
80.0,b0365,3,22,0.2390337212410147,0.2390337212409985,1.6181500583911657e-14,0,455.6849943681188
80.0,b2964,11,22,0.2390337212410147,0.2390337212409985,1.6181500583911657e-14,0,455.6849943681188
80.0,b2393,8,22,0.2390337212410147,0.2390337212409985,1.6181500583911657e-14,0,455.6849943681188
80.0,b1291,1,303,0.2390337212410147,0.2387552269425788,0.0002784942984358,0,455.765396682078
80.0,b1250,1,303,0.2390337212410147,0.2387552269426013,0.0002784942984133,0,455.765396682084
80.0,b1363,1,303,0.2390337212410147,0.2387552269426013,0.0002784942984133,0,455.765396682084
80.0,b3290,1,303,0.2390337212410147,0.2387552269426013,0.0002784942984133,0,455.765396682084
80.0,b3747,1,303,0.2390337212410147,0.2387552269426013,0.0002784942984133,0,455.765396682084
80.0,b3849,1,303,0.2390337212410147,0.2387552269426013,0.0002784942984133,0,455.765396682084
80.0,b2587,1,22,0.2390337212410147,0.2390337212410209,-6.189493362285248e-15,0,455.6849943681248
80.0,b4031,1,22,0.2390337212410147,0.2390337212409985,1.6181500583911657e-14,0,455.6849943681188
80.0,b0067,1,22,0.2390337212410147,0.2390337212409985,1.6181500583911657e-14,0,455.6849943681188
80.0,b0066,1,22,0.2390337212410147,0.2390337212409985,1.6181500583911657e-14,0,455.6849943681188
80.0,b0068,1,22,0.2390337212410147,0.2390337212409985,1.6181500583911657e-14,0,455.6849943681188
80.0,b2406,6,22,0.2390337212410147,0.2390337212409985,1.6181500583911657e-14,0,455.6849943681188
80.0,b3460,5,22,0.2390337212410147,0.2390337212409985,1.6181500583911657e-14,0,455.6849943681188
80.0,b3455,5,22,0.2390337212410147,0.2390337212409985,1.6181500583911657e-14,0,455.6849943681188
80.0,b3454,5,22,0.2390337212410147,0.2390337212409985,1.6181500583911657e-14,0,455.6849943681188
80.0,b3457,5,22,0.2390337212410147,0.2390337212409985,1.6181500583911657e-14,0,455.6849943681188
80.0,b3456,5,22,0.2390337212410147,0.2390337212409985,1.6181500583911657e-14,0,455.6849943681188
80.0,b4240,1,22,0.2390337212410147,0.2390337212409985,1.6181500583911657e-14,0,455.6849943681188
80.0,b3161,2,22,0.2390337212410147,0.2390337212409985,1.6181500583911657e-14,0,455.6849943681188
80.0,b3709,1,22,0.2390337212410147,0.2390337212409985,1.6181500583911657e-14,0,455.6849943681188
80.0,b0112,4,22,0.2390337212410147,0.2390337212409985,1.6181500583911657e-14,0,455.6849943681188
80.0,b1907,1,22,0.2390337212410147,0.2390337212409985,1.6181500583911657e-14,0,455.6849943681188
80.0,b3567,1,22,0.2390337212410147,0.2390337212409985,1.6181500583911657e-14,0,455.6849943681188
80.0,b3566,1,22,0.2390337212410147,0.2390337212409985,1.6181500583911657e-14,0,455.6849943681188
80.0,b3568,1,22,0.2390337212410147,0.2390337212409985,1.6181500583911657e-14,0,455.6849943681188
80.0,b3577,2,22,0.2390337212410147,0.2390337212409985,1.6181500583911657e-14,0,455.6849943681188
80.0,b3578,2,22,0.2390337212410147,0.2390337212409985,1.6181500583911657e-14,0,455.6849943681188
80.0,b3579,2,22,0.2390337212410147,0.2390337212409985,1.6181500583911657e-14,0,455.6849943681188
80.0,b3089,2,22,0.2390337212410147,0.2390337212409985,1.6181500583911657e-14,0,455.6849943681188
80.0,b2153,1,411,0.2390337212410147,1.2308894215311574e-12,0.2390337212397838,1,1789.879937152563
80.0,b0935,5,22,0.2390337212410147,0.2390337212410111,3.608224830031759e-15,0,455.6849943681224
80.0,b0151,5,22,0.2390337212410147,0.2390337212409985,1.6181500583911657e-14,0,455.6849943681188
80.0,b0153,5,22,0.2390337212410147,0.2390337212409985,1.6181500583911657e-14,0,455.6849943681188
80.0,b0152,5,22,0.2390337212410147,0.2390337212409985,1.6181500583911657e-14,0,455.6849943681188
80.0,b0158,3,22,0.2390337212410147,0.2390337212409985,1.6181500583911657e-14,0,455.6849943681188
80.0,b1709,3,22,0.2390337212410147,0.2390337212409985,1.6181500583911657e-14,0,455.6849943681188
80.0,b1711,3,22,0.2390337212410147,0.2390337212409985,1.6181500583911657e-14,0,455.6849943681188
80.0,b2223,3,22,0.2390337212410147,0.2390337212409985,1.6181500583911657e-14,0,455.6849943681188
80.0,b1101,2,413,0.2390337212410147,0.2191142444709142,0.0199194767701005,0,1183.770542431397
80.0,b0679,1,22,0.2390337212410147,0.2390337212410107,3.969047313034935e-15,0,455.6849943681224
80.0,b1817,6,413,0.2390337212410147,0.2191142444709142,0.0199194767701005,0,1183.770542431397
80.0,b1819,6,413,0.2390337212410147,0.219114244470927,0.0199194767700876,0,1183.7705424314058
80.0,b1818,6,413,0.2390337212410147,0.219114244470927,0.0199194767700876,0,1183.7705424314058
80.0,b3224,1,22,0.2390337212410147,0.2390337212410107,3.969047313034935e-15,0,455.6849943681224
80.0,b0311,1,22,0.2390337212410147,0.2390337212409985,1.6181500583911657e-14,0,455.6849943681188
80.0,b4381,1,22,0.2390337212410147,0.2390337212409985,1.6181500583911657e-14,0,455.6849943681188
80.0,b0592,2,22,0.2390337212410147,0.2390337212409985,1.6181500583911657e-14,0,455.6849943681188
80.0,b0590,2,22,0.2390337212410147,0.2390337212409985,1.6181500583911657e-14,0,455.6849943681188
80.0,b0588,2,22,0.2390337212410147,0.2390337212409985,1.6181500583911657e-14,0,455.6849943681188
80.0,b0589,2,22,0.2390337212410147,0.2390337212409985,1.6181500583911657e-14,0,455.6849943681188
80.0,b2841,1,22,0.2390337212410147,0.2390337212409985,1.6181500583911657e-14,0,455.6849943681188
80.0,b2310,3,22,0.2390337212410147,0.2390337212409985,1.6181500583911657e-14,0,455.6849943681188
80.0,b2306,4,22,0.2390337212410147,0.2390337212409985,1.6181500583911657e-14,0,455.6849943681188
80.0,b2307,4,22,0.2390337212410147,0.2390337212409985,1.6181500583911657e-14,0,455.6849943681188
80.0,b2308,4,22,0.2390337212410147,0.2390337212409985,1.6181500583911657e-14,0,455.6849943681188
80.0,b0864,1,22,0.2390337212410147,0.2390337212409985,1.6181500583911657e-14,0,455.6849943681188
80.0,b0861,1,22,0.2390337212410147,0.2390337212409985,1.6181500583911657e-14,0,455.6849943681188
80.0,b0860,1,22,0.2390337212410147,0.2390337212409985,1.6181500583911657e-14,0,455.6849943681188
80.0,b0863,1,22,0.2390337212410147,0.2390337212409985,1.6181500583911657e-14,0,455.6849943681188
80.0,b0862,1,22,0.2390337212410147,0.2390337212409985,1.6181500583911657e-14,0,455.6849943681188
80.0,b4115,1,22,0.2390337212410147,0.2390337212409985,1.6181500583911657e-14,0,455.6849943681188
80.0,b4193,1,22,0.2390337212410147,0.2390337212409985,1.6181500583911657e-14,0,455.6849943681188
80.0,b4195,1,22,0.2390337212410147,0.2390337212409985,1.6181500583911657e-14,0,455.6849943681188
80.0,b4194,1,22,0.2390337212410147,0.2390337212409985,1.6181500583911657e-14,0,455.6849943681188
80.0,b1453,1,22,0.2390337212410147,0.2390337212409985,1.6181500583911657e-14,0,455.6849943681188
80.0,b0654,2,22,0.2390337212410147,0.2390337212409985,1.6181500583911657e-14,0,455.6849943681188
80.0,b0655,2,22,0.2390337212410147,0.2390337212409985,1.6181500583911657e-14,0,455.6849943681188
80.0,b0652,2,22,0.2390337212410147,0.2390337212409985,1.6181500583911657e-14,0,455.6849943681188
80.0,b0653,2,22,0.2390337212410147,0.2390337212409985,1.6181500583911657e-14,0,455.6849943681188
80.0,b4077,2,22,0.2390337212410147,0.2390337212409985,1.6181500583911657e-14,0,455.6849943681188
80.0,b0480,17,22,0.2390337212410147,0.2390337212409985,1.6181500583911657e-14,0,455.6849943681188
80.0,b4055,17,22,0.2390337212410147,0.2390337212409985,1.6181500583911657e-14,0,455.6849943681188
80.0,b3127,3,22,0.2390337212410147,0.2390337212409985,1.6181500583911657e-14,0,455.6849943681188
80.0,b2789,3,22,0.2390337212410147,0.2390337212409985,1.6181500583911657e-14,0,455.6849943681188
80.0,b2943,2,22,0.2390337212410147,0.2390337212409985,1.6181500583911657e-14,0,455.6849943681188
80.0,b2663,1,22,0.2390337212410147,0.2390337212409985,1.6181500583911657e-14,0,455.6849943681188
80.0,b1918,1,22,0.2390337212410147,0.2390337212409985,1.6181500583911657e-14,0,455.6849943681188
80.0,b1917,1,22,0.2390337212410147,0.2390337212409985,1.6181500583911657e-14,0,455.6849943681188
80.0,b1920,1,22,0.2390337212410147,0.2390337212409985,1.6181500583911657e-14,0,455.6849943681188
80.0,b2704,2,22,0.2390337212410147,0.2390337212409985,1.6181500583911657e-14,0,455.6849943681188
80.0,b2702,2,22,0.2390337212410147,0.2390337212409985,1.6181500583911657e-14,0,455.6849943681188
80.0,b2703,2,22,0.2390337212410147,0.2390337212409985,1.6181500583911657e-14,0,455.6849943681188
80.0,b1197,1,22,0.2390337212410147,0.2390337212409985,1.6181500583911657e-14,0,455.6849943681188
80.0,b4515,1,22,0.2390337212410147,0.2390337212409985,1.6181500583911657e-14,0,455.6849943681188
80.0,b0733,1,22,0.2390337212410147,0.2390337212409985,1.6181500583911657e-14,0,455.6849943681188
80.0,b0734,1,22,0.2390337212410147,0.2390337212409985,1.6181500583911657e-14,0,455.6849943681188
80.0,b0979,2,22,0.2390337212410147,0.2390337212409985,1.6181500583911657e-14,0,455.6849943681188
80.0,b0978,2,22,0.2390337212410147,0.2390337212409985,1.6181500583911657e-14,0,455.6849943681188
80.0,b3734,1,414,0.2390337212410147,0.0,0.2390337212410147,1,22835.210582030057
80.0,b3735,1,414,0.2390337212410147,0.0,0.2390337212410147,1,22835.210582030057
80.0,b3736,1,414,0.2390337212410147,0.0,0.2390337212410147,1,22835.210582030057
80.0,b3737,1,414,0.2390337212410147,0.0,0.2390337212410147,1,22835.210582030057
80.0,b3731,1,414,0.2390337212410147,0.0,0.2390337212410147,1,22835.210582030057
80.0,b3732,1,414,0.2390337212410147,0.0,0.2390337212410147,1,22835.210582030057
80.0,b3733,1,414,0.2390337212410147,0.0,0.2390337212410147,1,22835.210582030057
80.0,b3738,1,414,0.2390337212410147,0.0,0.2390337212410147,1,22835.210582030057
80.0,b3739,1,414,0.2390337212410147,0.0,0.2390337212410147,1,22835.210582030057
80.0,b4067,2,38,0.2390337212410147,0.2390337212410171,-2.414735078559716e-15,0,455.7835860564079
80.0,b3714,1,38,0.2390337212410147,0.2390337212410093,5.412337245047638e-15,0,455.78358605640494
80.0,b3654,3,38,0.2390337212410147,0.2390337212410093,5.412337245047638e-15,0,455.78358605640494
80.0,b3664,1,38,0.2390337212410147,0.2390337212410093,5.412337245047638e-15,0,455.78358605640494
80.0,b4088,2,38,0.2390337212410147,0.2390337212410093,5.412337245047638e-15,0,455.78358605640494
80.0,b4087,2,38,0.2390337212410147,0.2390337212410093,5.412337245047638e-15,0,455.78358605640494
80.0,b4086,2,38,0.2390337212410147,0.2390337212410093,5.412337245047638e-15,0,455.78358605640494
80.0,b0511,1,38,0.2390337212410147,0.2390337212410093,5.412337245047638e-15,0,455.78358605640494
80.0,b1901,1,38,0.2390337212410147,0.2390337212410093,5.412337245047638e-15,0,455.78358605640494
80.0,b1900,1,38,0.2390337212410147,0.2390337212410093,5.412337245047638e-15,0,455.78358605640494
80.0,b4460,1,38,0.2390337212410147,0.2390337212410093,5.412337245047638e-15,0,455.78358605640494
80.0,b0124,1,38,0.2390337212410147,0.2390337212410093,5.412337245047638e-15,0,455.78358605640494
80.0,b0837,1,38,0.2390337212410147,0.2390337212410093,5.412337245047638e-15,0,455.78358605640494
80.0,b4464,2,38,0.2390337212410147,0.2390337212410093,5.412337245047638e-15,0,455.78358605640494
80.0,b4064,2,38,0.2390337212410147,0.2390337212410093,5.412337245047638e-15,0,455.78358605640494
80.0,b0974,3,38,0.2390337212410147,0.2390337212410093,5.412337245047638e-15,0,455.78358605640494
80.0,b0973,3,38,0.2390337212410147,0.2390337212410093,5.412337245047638e-15,0,455.78358605640494
80.0,b0972,3,38,0.2390337212410147,0.2390337212410093,5.412337245047638e-15,0,455.78358605640494
80.0,b2997,3,38,0.2390337212410147,0.2390337212410093,5.412337245047638e-15,0,455.78358605640494
80.0,b2996,3,38,0.2390337212410147,0.2390337212410093,5.412337245047638e-15,0,455.78358605640494
80.0,b2995,3,38,0.2390337212410147,0.2390337212410093,5.412337245047638e-15,0,455.78358605640494
80.0,b2994,3,38,0.2390337212410147,0.2390337212410093,5.412337245047638e-15,0,455.78358605640494
80.0,b4289,1,38,0.2390337212410147,0.2390337212410093,5.412337245047638e-15,0,455.78358605640494
80.0,b4288,1,38,0.2390337212410147,0.2390337212410093,5.412337245047638e-15,0,455.78358605640494
80.0,b4290,1,38,0.2390337212410147,0.2390337212410093,5.412337245047638e-15,0,455.78358605640494
80.0,b4287,1,38,0.2390337212410147,0.2390337212410093,5.412337245047638e-15,0,455.78358605640494
80.0,b1102,1,38,0.2390337212410147,0.2390337212410093,5.412337245047638e-15,0,455.78358605640494
80.0,b3006,10,38,0.2390337212410147,0.2390337212410093,5.412337245047638e-15,0,455.78358605640494
80.0,b3005,10,38,0.2390337212410147,0.2390337212410093,5.412337245047638e-15,0,455.78358605640494
80.0,b1252,10,38,0.2390337212410147,0.2390337212410093,5.412337245047638e-15,0,455.78358605640494
80.0,b2315,1,411,0.2390337212410147,-5.294541207684047e-16,0.2390337212410152,1,1789.8799371660823
80.0,b0612,1,38,0.2390337212410147,0.2390337212410138,8.604228440844963e-16,0,455.783586056406
80.0,b0040,2,38,0.2390337212410147,0.2390337212410093,5.412337245047638e-15,0,455.78358605640494
80.0,b2131,2,38,0.2390337212410147,0.2390337212410093,5.412337245047638e-15,0,455.78358605640494
80.0,b2130,2,38,0.2390337212410147,0.2390337212410093,5.412337245047638e-15,0,455.78358605640494
80.0,b2128,2,38,0.2390337212410147,0.2390337212410093,5.412337245047638e-15,0,455.78358605640494
80.0,b2129,2,38,0.2390337212410147,0.2390337212410093,5.412337245047638e-15,0,455.78358605640494
80.0,b3409,1,38,0.2390337212410147,0.2390337212410093,5.412337245047638e-15,0,455.78358605640494
80.0,b2167,1,38,0.2390337212410147,0.2390337212410093,5.412337245047638e-15,0,455.78358605640494
80.0,b2169,1,38,0.2390337212410147,0.2390337212410093,5.412337245047638e-15,0,455.78358605640494
80.0,b2801,1,38,0.2390337212410147,0.2390337212410093,5.412337245047638e-15,0,455.78358605640494
80.0,b0584,1,38,0.2390337212410147,0.2390337212410093,5.412337245047638e-15,0,455.78358605640494
80.0,b0336,1,38,0.2390337212410147,0.2390337212410093,5.412337245047638e-15,0,455.78358605640494
80.0,b0341,1,38,0.2390337212410147,0.2390337212410093,5.412337245047638e-15,0,455.78358605640494
80.0,b3909,2,38,0.2390337212410147,0.2390337212410093,5.412337245047638e-15,0,455.78358605640494
80.0,b4036,7,40,0.2390337212410147,0.2390337212410093,5.412337245047638e-15,0,655.7835860564048
80.0,b4291,1,40,0.2390337212410147,0.2390337212410093,5.412337245047638e-15,0,655.7835860564048
80.0,b1119,1,40,0.2390337212410147,0.2390337212410093,5.412337245047638e-15,0,655.7835860564048
80.0,b3829,1,413,0.2390337212410147,1.417698468318852e-13,0.2390337212408729,1,1989.8799371645232
80.0,b4019,1,413,0.2390337212410147,1.4296990395053785e-13,0.2390337212408717,1,1989.879937164548
80.0,b0887,2,40,0.2390337212410147,0.2390337212410112,3.4694469519536138e-15,0,655.7835860564053
80.0,b0886,2,40,0.2390337212410147,0.2390337212410093,5.412337245047638e-15,0,655.7835860564048
80.0,b2476,1,413,0.2390337212410147,-7.877145190894998e-14,0.2390337212410934,1,1989.8799371669509
80.0,b3125,1,40,0.2390337212410147,0.2390337212410136,1.0269562977782698e-15,0,655.7835860564061
80.0,b0509,1,40,0.2390337212410147,0.2390337212410093,5.412337245047638e-15,0,655.7835860564048
80.0,b2501,2,40,0.2390337212410147,0.2390337212410093,5.412337245047638e-15,0,655.7835860564048
80.0,b3941,1,413,0.2390337212410147,1.4416450331577394e-13,0.2390337212408705,1,1989.8799371645143
80.0,b2574,4,413,0.2390337212410147,-6.554753071367635e-12,0.2390337212475694,1,1989.879937237501
80.0,b3177,1,413,0.2390337212410147,6.126055748096354e-16,0.2390337212410141,1,1989.8799371662485
80.0,b0529,2,426,0.2390337212410147,0.233636723014108,0.0053969982269066,0,651.3521116476244
80.0,b4132,1,40,0.2390337212410147,0.2390337212410073,7.355227538141662e-15,0,655.7835860564044
80.0,b0750,1,413,0.2390337212410147,-4.498301332657608e-12,0.239033721245513,1,1989.8799372152253
80.0,b3605,2,40,0.2390337212410147,0.2390337212410082,6.439293542825908e-15,0,655.7835860564044
80.0,b0306,2,40,0.2390337212410147,0.2390337212410185,-3.858025010572419e-15,0,655.7835860564073
80.0,b0307,2,40,0.2390337212410147,0.2390337212410185,-3.858025010572419e-15,0,655.7835860564073
80.0,b0308,2,40,0.2390337212410147,0.2390337212410185,-3.858025010572419e-15,0,655.7835860564073
80.0,b0904,2,40,0.2390337212410147,0.2390337212410185,-3.858025010572419e-15,0,655.7835860564073
80.0,b2492,2,40,0.2390337212410147,0.2390337212410185,-3.858025010572419e-15,0,655.7835860564073
80.0,b3631,1,40,0.2390337212410147,0.2390337212410185,-3.858025010572419e-15,0,655.7835860564073
80.0,b0914,32,413,0.2390337212410147,5.106302986834692e-16,0.2390337212410142,1,1989.8799371662128
80.0,b1300,2,40,0.2390337212410147,0.2390337212410173,-2.6367796834847468e-15,0,655.7835860564071
80.0,b1967,1,40,0.2390337212410147,0.2390337212410185,-3.858025010572419e-15,0,655.7835860564073
80.0,b0933,5,40,0.2390337212410147,0.2390337212410185,-3.858025010572419e-15,0,655.7835860564073
80.0,b0936,5,40,0.2390337212410147,0.2390337212410185,-3.858025010572419e-15,0,655.7835860564073
80.0,b0934,5,40,0.2390337212410147,0.2390337212410185,-3.858025010572419e-15,0,655.7835860564073
80.0,b2032,1,40,0.2390337212410147,0.2390337212410185,-3.858025010572419e-15,0,655.7835860564073
80.0,b2027,3,40,0.2390337212410147,0.2390337212410185,-3.858025010572419e-15,0,655.7835860564073
80.0,b2035,3,40,0.2390337212410147,0.2390337212410185,-3.858025010572419e-15,0,655.7835860564073
80.0,b3622,2,40,0.2390337212410147,0.2390337212410185,-3.858025010572419e-15,0,655.7835860564073
80.0,b0459,2,40,0.2390337212410147,0.2390337212410185,-3.858025010572419e-15,0,655.7835860564073
80.0,b0585,2,40,0.2390337212410147,0.2390337212410185,-3.858025010572419e-15,0,655.7835860564073
80.0,b1326,1,40,0.2390337212410147,0.2390337212410185,-3.858025010572419e-15,0,655.7835860564073
80.0,b1325,1,40,0.2390337212410147,0.2390337212410185,-3.858025010572419e-15,0,655.7835860564073
80.0,b0591,1,40,0.2390337212410147,0.2390337212410185,-3.858025010572419e-15,0,655.7835860564073
80.0,b3035,9,40,0.2390337212410147,0.2390337212410185,-3.858025010572419e-15,0,655.7835860564073
80.0,b0692,2,40,0.2390337212410147,0.2390337212410185,-3.858025010572419e-15,0,655.7835860564073
80.0,b2014,1,40,0.2390337212410147,0.2390337212410185,-3.858025010572419e-15,0,655.7835860564073
80.0,b1296,1,40,0.2390337212410147,0.2390337212410185,-3.858025010572419e-15,0,655.7835860564073
80.0,b1298,1,40,0.2390337212410147,0.2390337212410185,-3.858025010572419e-15,0,655.7835860564073
80.0,b3374,1,40,0.2390337212410147,0.2390337212410185,-3.858025010572419e-15,0,655.7835860564073
80.0,b1308,1,40,0.2390337212410147,0.2390337212410185,-3.858025010572419e-15,0,655.7835860564073
80.0,b2197,1,40,0.2390337212410147,0.2390337212410185,-3.858025010572419e-15,0,655.7835860564073
80.0,b2201,1,40,0.2390337212410147,0.2390337212410185,-3.858025010572419e-15,0,655.7835860564073
80.0,b2200,1,40,0.2390337212410147,0.2390337212410185,-3.858025010572419e-15,0,655.7835860564073
80.0,b2199,1,40,0.2390337212410147,0.2390337212410185,-3.858025010572419e-15,0,655.7835860564073
80.0,b2198,1,40,0.2390337212410147,0.2390337212410185,-3.858025010572419e-15,0,655.7835860564073
80.0,b0622,2,40,0.2390337212410147,0.2390337212410185,-3.858025010572419e-15,0,655.7835860564073
80.0,b3785,3,40,0.2390337212410147,0.2390337212410185,-3.858025010572419e-15,0,655.7835860564073
80.0,b3793,3,40,0.2390337212410147,0.2390337212410185,-3.858025010572419e-15,0,655.7835860564073
80.0,b2552,2,40,0.2390337212410147,0.2390337212410185,-3.858025010572419e-15,0,655.7835860564073
80.0,b0756,1,40,0.2390337212410147,0.2390337212410185,-3.858025010572419e-15,0,655.7835860564073
80.0,b0484,1,40,0.2390337212410147,0.2390337212410185,-3.858025010572419e-15,0,655.7835860564073
80.0,b3469,6,40,0.2390337212410147,0.2390337212410185,-3.858025010572419e-15,0,655.7835860564073
80.0,b3626,1,40,0.2390337212410147,0.2390337212410185,-3.858025010572419e-15,0,655.7835860564073
80.0,b3623,1,40,0.2390337212410147,0.2390337212410185,-3.858025010572419e-15,0,655.7835860564073
80.0,b2257,1,40,0.2390337212410147,0.2390337212410185,-3.858025010572419e-15,0,655.7835860564073
80.0,b2711,1,40,0.2390337212410147,0.2390337212410185,-3.858025010572419e-15,0,655.7835860564073
80.0,b2710,1,40,0.2390337212410147,0.2390337212410185,-3.858025010572419e-15,0,655.7835860564073
80.0,b4111,5,44,0.2390337212410147,0.2390337212410185,-3.858025010572419e-15,0,655.7835922482483
80.0,b1386,3,44,0.2390337212410147,0.2390337212410124,2.275957200481571e-15,0,655.7835922482468
80.0,b4072,2,44,0.2390337212410147,0.2390337212410124,2.275957200481571e-15,0,655.7835922482468
80.0,b4073,2,44,0.2390337212410147,0.2390337212410124,2.275957200481571e-15,0,655.7835922482468
80.0,b4070,2,44,0.2390337212410147,0.2390337212410124,2.275957200481571e-15,0,655.7835922482468
80.0,b4071,2,44,0.2390337212410147,0.2390337212410124,2.275957200481571e-15,0,655.7835922482468
80.0,b3679,1,44,0.2390337212410147,0.2390337212410124,2.275957200481571e-15,0,655.7835922482468
80.0,b0110,4,44,0.2390337212410147,0.2390337212410124,2.275957200481571e-15,0,655.7835922482468
80.0,b1463,1,44,0.2390337212410147,0.2390337212410124,2.275957200481571e-15,0,655.7835922482468
80.0,b4219,1,44,0.2390337212410147,0.2390337212410124,2.275957200481571e-15,0,655.7835922482468
80.0,b1832,1,44,0.2390337212410147,0.2390337212410124,2.275957200481571e-15,0,655.7835922482468
80.0,b1778,1,44,0.2390337212410147,0.2390337212410124,2.275957200481571e-15,0,655.7835922482468
80.0,b2871,1,44,0.2390337212410147,0.2390337212410124,2.275957200481571e-15,0,655.7835922482468
80.0,b0932,2,44,0.2390337212410147,0.2390337212410124,2.275957200481571e-15,0,655.7835922482468
80.0,b4260,2,44,0.2390337212410147,0.2390337212410124,2.275957200481571e-15,0,655.7835922482468
80.0,b2523,2,44,0.2390337212410147,0.2390337212410124,2.275957200481571e-15,0,655.7835922482468
80.0,b0237,3,44,0.2390337212410147,0.2390337212410124,2.275957200481571e-15,0,655.7835922482468
80.0,b2132,1,44,0.2390337212410147,0.2390337212410124,2.275957200481571e-15,0,655.7835922482468
80.0,b2239,5,44,0.2390337212410147,0.2390337212410124,2.275957200481571e-15,0,655.7835922482468
80.0,b2435,2,44,0.2390337212410147,0.2390337212410124,2.275957200481571e-15,0,655.7835922482468
80.0,b0867,2,44,0.2390337212410147,0.2390337212410124,2.275957200481571e-15,0,655.7835922482468
80.0,b2817,2,44,0.2390337212410147,0.2390337212410124,2.275957200481571e-15,0,655.7835922482468
80.0,b4169,2,44,0.2390337212410147,0.2390337212410124,2.275957200481571e-15,0,655.7835922482468
80.0,b3610,6,44,0.2390337212410147,0.2390337212410124,2.275957200481571e-15,0,655.7835922482468
80.0,b2676,4,44,0.2390337212410147,0.2390337212410124,2.275957200481571e-15,0,655.7835922482468
80.0,b1064,7,44,0.2390337212410147,0.2390337212410124,2.275957200481571e-15,0,655.7835922482468
80.0,b2675,4,44,0.2390337212410147,0.2390337212410124,2.275957200481571e-15,0,655.7835922482468
80.0,b0849,6,44,0.2390337212410147,0.2390337212410124,2.275957200481571e-15,0,655.7835922482468
80.0,b1654,6,44,0.2390337212410147,0.2390337212410124,2.275957200481571e-15,0,655.7835922482468
80.0,b3336,1,44,0.2390337212410147,0.2390337212410124,2.275957200481571e-15,0,655.7835922482468
80.0,b0123,2,44,0.2390337212410147,0.2390337212410124,2.275957200481571e-15,0,655.7835922482468
80.0,b1192,4,44,0.2390337212410147,0.2390337212410124,2.275957200481571e-15,0,655.7835922482468
80.0,b1270,2,44,0.2390337212410147,0.2390337212410124,2.275957200481571e-15,0,655.7835922482468
80.0,b1246,2,44,0.2390337212410147,0.2390337212410124,2.275957200481571e-15,0,655.7835922482468
80.0,b1247,2,44,0.2390337212410147,0.2390337212410124,2.275957200481571e-15,0,655.7835922482468
80.0,b1244,2,44,0.2390337212410147,0.2390337212410124,2.275957200481571e-15,0,655.7835922482468
80.0,b1245,2,44,0.2390337212410147,0.2390337212410124,2.275957200481571e-15,0,655.7835922482468
80.0,b1243,2,44,0.2390337212410147,0.2390337212410124,2.275957200481571e-15,0,655.7835922482468
80.0,b2180,2,44,0.2390337212410147,0.2390337212410124,2.275957200481571e-15,0,655.7835922482468
80.0,b2179,2,44,0.2390337212410147,0.2390337212410124,2.275957200481571e-15,0,655.7835922482468
80.0,b1329,1,44,0.2390337212410147,0.2390337212410124,2.275957200481571e-15,0,655.7835922482468
80.0,b2177,2,44,0.2390337212410147,0.2390337212410124,2.275957200481571e-15,0,655.7835922482468
80.0,b2178,2,44,0.2390337212410147,0.2390337212410124,2.275957200481571e-15,0,655.7835922482468
80.0,b0433,3,44,0.2390337212410147,0.2390337212410124,2.275957200481571e-15,0,655.7835922482468
80.0,b4367,3,44,0.2390337212410147,0.2390337212410124,2.275957200481571e-15,0,655.7835922482468
80.0,b0573,2,44,0.2390337212410147,0.2390337212410124,2.275957200481571e-15,0,655.7835922482468
80.0,b0572,2,44,0.2390337212410147,0.2390337212410124,2.275957200481571e-15,0,655.7835922482468
80.0,b0575,2,44,0.2390337212410147,0.2390337212410124,2.275957200481571e-15,0,655.7835922482468
80.0,b0574,2,44,0.2390337212410147,0.2390337212410124,2.275957200481571e-15,0,655.7835922482468
80.0,b3915,7,44,0.2390337212410147,0.2390337212410124,2.275957200481571e-15,0,655.7835922482468
80.0,b0752,5,44,0.2390337212410147,0.2390337212410124,2.275957200481571e-15,0,655.7835922482468
80.0,b1859,1,44,0.2390337212410147,0.2390337212410124,2.275957200481571e-15,0,655.7835922482468
80.0,b1858,1,44,0.2390337212410147,0.2390337212410124,2.275957200481571e-15,0,655.7835922482468
80.0,b1857,1,44,0.2390337212410147,0.2390337212410124,2.275957200481571e-15,0,655.7835922482468
80.0,b1981,1,44,0.2390337212410147,0.2390337212410124,2.275957200481571e-15,0,655.7835922482468
80.0,b2392,2,44,0.2390337212410147,0.2390337212410124,2.275957200481571e-15,0,655.7835922482468
80.0,b0452,10,435,0.2390337212410147,0.234901813885092,0.0041319073559227,0,649.0044221464211
80.0,b1927,1,44,0.2390337212410147,0.2390337212410263,-1.1574075031717255e-14,0,655.7835922482501
80.0,b3571,1,44,0.2390337212410147,0.2390337212410088,5.9119376061289586e-15,0,655.7835922482459
80.0,b3650,3,44,0.2390337212410147,0.2390337212410088,5.9119376061289586e-15,0,655.7835922482459
80.0,b2344,7,44,0.2390337212410147,0.2390337212410088,5.9119376061289586e-15,0,655.7835922482459
80.0,b4213,8,44,0.2390337212410147,0.2390337212410088,5.9119376061289586e-15,0,655.7835922482459
80.0,b1059,2,44,0.2390337212410147,0.2390337212410088,5.9119376061289586e-15,0,655.7835922482459
80.0,b1727,4,44,0.2390337212410147,0.2390337212410088,5.9119376061289586e-15,0,655.7835922482459
80.0,b3580,2,44,0.2390337212410147,0.2390337212410088,5.9119376061289586e-15,0,655.7835922482459
80.0,b2051,1,44,0.2390337212410147,0.2390337212410088,5.9119376061289586e-15,0,655.7835922482459
80.0,b4265,3,44,0.2390337212410147,0.2390337212410088,5.9119376061289586e-15,0,655.7835922482459
80.0,b3266,1,44,0.2390337212410147,0.2390337212410088,5.9119376061289586e-15,0,655.7835922482459
80.0,b3265,1,44,0.2390337212410147,0.2390337212410088,5.9119376061289586e-15,0,655.7835922482459
80.0,b3907,2,44,0.2390337212410147,0.2390337212410088,5.9119376061289586e-15,0,655.7835922482459
80.0,b3477,1,44,0.2390337212410147,0.2390337212410088,5.9119376061289586e-15,0,655.7835922482459
80.0,b3476,1,44,0.2390337212410147,0.2390337212410088,5.9119376061289586e-15,0,655.7835922482459
80.0,b3480,1,44,0.2390337212410147,0.2390337212410088,5.9119376061289586e-15,0,655.7835922482459
80.0,b3478,1,44,0.2390337212410147,0.2390337212410088,5.9119376061289586e-15,0,655.7835922482459
80.0,b3479,1,44,0.2390337212410147,0.2390337212410088,5.9119376061289586e-15,0,655.7835922482459
80.0,b4242,2,44,0.2390337212410147,0.2390337212410088,5.9119376061289586e-15,0,655.7835922482459
80.0,b4094,1,44,0.2390337212410147,0.2390337212410088,5.9119376061289586e-15,0,655.2153586291389
80.0,b0698,1,44,0.2390337212410147,0.2390337212410403,-2.5590640717609852e-14,0,655.2153586291478
80.0,b0696,1,44,0.2390337212410147,0.2390337212410403,-2.5590640717609852e-14,0,655.2153586291478
80.0,b0697,1,44,0.2390337212410147,0.2390337212410403,-2.5590640717609852e-14,0,655.2153586291478
80.0,b4513,1,44,0.2390337212410147,0.2390337212410403,-2.5590640717609852e-14,0,655.2153586291478
80.0,b3458,1,44,0.2390337212410147,0.2390337212410403,-2.5590640717609852e-14,0,655.2153586291478
80.0,b2975,3,44,0.2390337212410147,0.2390337212410403,-2.5590640717609852e-14,0,655.2153586291478
80.0,b3603,3,44,0.2390337212410147,0.2390337212410403,-2.5590640717609852e-14,0,655.2153586291478
80.0,b4034,6,44,0.2390337212410147,0.2390337212410403,-2.5590640717609852e-14,0,655.2153586291478
80.0,b4035,6,44,0.2390337212410147,0.2390337212410403,-2.5590640717609852e-14,0,655.2153586291478
80.0,b4032,6,44,0.2390337212410147,0.2390337212410403,-2.5590640717609852e-14,0,655.2153586291478
80.0,b4033,6,44,0.2390337212410147,0.2390337212410403,-2.5590640717609852e-14,0,655.2153586291478
80.0,b3666,4,44,0.2390337212410147,0.2390337212410403,-2.5590640717609852e-14,0,655.2153586291478
80.0,b0731,1,44,0.2390337212410147,0.2390337212410403,-2.5590640717609852e-14,0,655.2153586291478
80.0,b4120,1,44,0.2390337212410147,0.2390337212410403,-2.5590640717609852e-14,0,655.2153586291478
80.0,b0343,2,44,0.2390337212410147,0.2390337212410403,-2.5590640717609852e-14,0,655.2153586291478
80.0,b0197,2,44,0.2390337212410147,0.2390337212410403,-2.5590640717609852e-14,0,655.2153586291478
80.0,b0199,2,44,0.2390337212410147,0.2390337212410403,-2.5590640717609852e-14,0,655.2153586291478
80.0,b0198,2,44,0.2390337212410147,0.2390337212410403,-2.5590640717609852e-14,0,655.2153586291478
80.0,b1297,1,44,0.2390337212410147,0.2390337212410403,-2.5590640717609852e-14,0,655.2153586291478
80.0,b2933,1,44,0.2390337212410147,0.2390337212410403,-2.5590640717609852e-14,0,655.2153586291478
80.0,b2934,1,44,0.2390337212410147,0.2390337212410403,-2.5590640717609852e-14,0,655.2153586291478
80.0,b3599,1,44,0.2390337212410147,0.2390337212410403,-2.5590640717609852e-14,0,655.2153586291478
80.0,b1186,1,44,0.2390337212410147,0.2390337212410403,-2.5590640717609852e-14,0,655.2153586291478
80.0,b0019,1,44,0.2390337212410147,0.2390337212410403,-2.5590640717609852e-14,0,655.2153586291478
80.0,b0451,1,413,0.2390337212410147,6.266578840082838e-14,0.239033721240952,1,1989.87993716578
80.0,b0751,1,44,0.2390337212410147,0.2390337212410118,2.858824288409778e-15,0,655.2153586291402
80.0,b1223,2,44,0.2390337212410147,0.2390337212410403,-2.5590640717609852e-14,0,655.2153586291478
80.0,b3367,1,44,0.2390337212410147,0.2390337212410403,-2.5590640717609852e-14,0,655.2153586291478
80.0,b1469,1,44,0.2390337212410147,0.2390337212410403,-2.5590640717609852e-14,0,655.2153586291478
80.0,b3728,1,44,0.2390337212410147,0.2390337212410403,-2.5590640717609852e-14,0,655.2153586291478
80.0,b3727,1,44,0.2390337212410147,0.2390337212410403,-2.5590640717609852e-14,0,655.2153586291478
80.0,b3726,1,44,0.2390337212410147,0.2390337212410403,-2.5590640717609852e-14,0,655.2153586291478
80.0,b3725,1,44,0.2390337212410147,0.2390337212410403,-2.5590640717609852e-14,0,655.2153586291478
80.0,b3258,1,44,0.2390337212410147,0.2390337212410403,-2.5590640717609852e-14,0,655.2153586291478
80.0,b3371,1,44,0.2390337212410147,0.2390337212410403,-2.5590640717609852e-14,0,655.2153586291478
80.0,b2677,5,44,0.2390337212410147,0.2390337212410403,-2.5590640717609852e-14,0,655.2153586291478
80.0,b2678,5,44,0.2390337212410147,0.2390337212410403,-2.5590640717609852e-14,0,655.2153586291478
80.0,b2679,5,44,0.2390337212410147,0.2390337212410403,-2.5590640717609852e-14,0,655.2153586291478
80.0,b0402,1,44,0.2390337212410147,0.2390337212410403,-2.5590640717609852e-14,0,655.2153586291478
80.0,b1015,2,44,0.2390337212410147,0.2390337212410403,-2.5590640717609852e-14,0,655.2153586291478
80.0,b0854,1,44,0.2390337212410147,0.2390337212410403,-2.5590640717609852e-14,0,655.2153586291478
80.0,b0855,1,44,0.2390337212410147,0.2390337212410403,-2.5590640717609852e-14,0,655.2153586291478
80.0,b0856,1,44,0.2390337212410147,0.2390337212410403,-2.5590640717609852e-14,0,655.2153586291478
80.0,b0857,1,44,0.2390337212410147,0.2390337212410403,-2.5590640717609852e-14,0,655.2153586291478
80.0,b1440,2,44,0.2390337212410147,0.2390337212410403,-2.5590640717609852e-14,0,655.2153586291478
80.0,b1441,2,44,0.2390337212410147,0.2390337212410403,-2.5590640717609852e-14,0,655.2153586291478
80.0,b1442,2,44,0.2390337212410147,0.2390337212410403,-2.5590640717609852e-14,0,655.2153586291478
80.0,b1443,2,44,0.2390337212410147,0.2390337212410403,-2.5590640717609852e-14,0,655.2153586291478
80.0,b1126,2,44,0.2390337212410147,0.2390337212410403,-2.5590640717609852e-14,0,655.2153586291478
80.0,b1125,2,44,0.2390337212410147,0.2390337212410403,-2.5590640717609852e-14,0,655.2153586291478
80.0,b1124,2,44,0.2390337212410147,0.2390337212410403,-2.5590640717609852e-14,0,655.2153586291478
80.0,b1123,2,44,0.2390337212410147,0.2390337212410403,-2.5590640717609852e-14,0,655.2153586291478
80.0,b2957,2,44,0.2390337212410147,0.2390337212410403,-2.5590640717609852e-14,0,655.2153586291478
80.0,b0150,3,44,0.2390337212410147,0.2390337212410403,-2.5590640717609852e-14,0,655.2153586291478
80.0,b1865,2,413,0.2390337212410147,-1.727546531779516e-15,0.2390337212410164,1,1989.8799371664709
80.0,b2954,3,44,0.2390337212410147,0.2390337212410112,3.4416913763379853e-15,0,655.2153586291397
80.0,b1002,2,44,0.2390337212410147,0.2390337212410403,-2.5590640717609852e-14,0,655.2153586291478
80.0,b2938,1,44,0.2390337212410147,0.2390337212410403,-2.5590640717609852e-14,0,655.2153586291478
80.0,b4090,2,429,0.2390337212410147,0.1345793452481223,0.1044543759928923,0,980.7995304702335
80.0,b4084,1,44,0.2390337212410147,0.239033721241052,-3.735900477863653e-14,0,655.2153586291514
80.0,b4085,1,44,0.2390337212410147,0.2390337212410117,2.997602166487923e-15,0,655.21535862914
80.0,b4230,2,44,0.2390337212410147,0.2390337212410117,2.997602166487923e-15,0,655.21535862914
80.0,b4231,2,44,0.2390337212410147,0.2390337212410117,2.997602166487923e-15,0,655.21535862914
80.0,b4485,2,44,0.2390337212410147,0.2390337212410117,2.997602166487923e-15,0,655.21535862914
80.0,b4227,2,44,0.2390337212410147,0.2390337212410117,2.997602166487923e-15,0,655.21535862914
80.0,b3750,1,44,0.2390337212410147,0.2390337212410117,2.997602166487923e-15,0,655.21535862914
80.0,b3751,1,44,0.2390337212410147,0.2390337212410117,2.997602166487923e-15,0,655.21535862914
80.0,b3749,1,44,0.2390337212410147,0.2390337212410117,2.997602166487923e-15,0,655.21535862914
80.0,b3748,1,44,0.2390337212410147,0.2390337212410117,2.997602166487923e-15,0,655.21535862914
80.0,b0260,1,44,0.2390337212410147,0.2390337212410117,2.997602166487923e-15,0,655.21535862914
80.0,b0810,1,44,0.2390337212410147,0.2390337212410117,2.997602166487923e-15,0,655.21535862914
80.0,b0811,1,44,0.2390337212410147,0.2390337212410117,2.997602166487923e-15,0,655.21535862914
80.0,b0809,1,44,0.2390337212410147,0.2390337212410117,2.997602166487923e-15,0,655.21535862914
80.0,b1492,1,44,0.2390337212410147,0.2390337212410117,2.997602166487923e-15,0,655.21535862914
80.0,b3653,1,44,0.2390337212410147,0.2390337212410117,2.997602166487923e-15,0,655.21535862914
80.0,b3927,4,44,0.2390337212410147,0.2390337212410117,2.997602166487923e-15,0,655.21535862914
80.0,b3959,1,413,0.2390337212410147,2.228992247136025e-17,0.2390337212410146,1,1989.879937166159
80.0,b1528,3,44,0.2390337212410147,0.239033721241017,-2.3592239273284576e-15,0,655.2153586291412
80.0,b2170,1,44,0.2390337212410147,0.2390337212410117,2.997602166487923e-15,0,655.21535862914
80.0,b0070,1,44,0.2390337212410147,0.2390337212410117,2.997602166487923e-15,0,655.21535862914
80.0,b2303,1,44,0.2390337212410147,0.2390337212410117,2.997602166487923e-15,0,655.21535862914
80.0,b3028,3,44,0.2390337212410147,0.2390337212410117,2.997602166487923e-15,0,655.21535862914
80.0,b3432,1,44,0.2390337212410147,0.2390337212410117,2.997602166487923e-15,0,655.21535862914
80.0,b3503,1,44,0.2390337212410147,0.2390337212410117,2.997602166487923e-15,0,655.21535862914
80.0,b4321,2,44,0.2390337212410147,0.2390337212410117,2.997602166487923e-15,0,655.21535862914
80.0,b3792,1,44,0.2390337212410147,0.2390337212410117,2.997602166487923e-15,0,655.21535862914
80.0,b2033,1,44,0.2390337212410147,0.2390337212410117,2.997602166487923e-15,0,655.21535862914
80.0,b2034,1,44,0.2390337212410147,0.2390337212410117,2.997602166487923e-15,0,655.21535862914
80.0,b2037,1,44,0.2390337212410147,0.2390337212410117,2.997602166487923e-15,0,655.21535862914
80.0,b2175,6,44,0.2390337212410147,0.2390337212410117,2.997602166487923e-15,0,655.21535862914
80.0,b0356,1,44,0.2390337212410147,0.2390337212410117,2.997602166487923e-15,0,655.21535862914
80.0,b2240,1,44,0.2390337212410147,0.2390337212410117,2.997602166487923e-15,0,655.21535862914
80.0,b0875,1,445,0.2390337212410147,0.04692602754567,0.1921076936953446,0,16438.929964152358
80.0,b0353,2,78,0.2390337212410147,0.2390337212410182,-3.497202527569243e-15,0,655.1149219150273
80.0,b2309,1,78,0.2390337212410147,0.2390337212410112,3.4416913763379853e-15,0,655.1149219150252
80.0,b0325,2,78,0.2390337212410147,0.2390337212410112,3.4416913763379853e-15,0,655.1149219150252
80.0,b2092,1,78,0.2390337212410147,0.2390337212410112,3.4416913763379853e-15,0,655.1149219150252
80.0,b2093,1,78,0.2390337212410147,0.2390337212410112,3.4416913763379853e-15,0,655.1149219150252
80.0,b2094,1,78,0.2390337212410147,0.2390337212410112,3.4416913763379853e-15,0,655.1149219150252
80.0,b3093,2,78,0.2390337212410147,0.2390337212410112,3.4416913763379853e-15,0,655.1149219150252
80.0,b4476,1,78,0.2390337212410147,0.2390337212410112,3.4416913763379853e-15,0,655.1149219150252
80.0,b3415,1,78,0.2390337212410147,0.2390337212410112,3.4416913763379853e-15,0,655.1149219150252
80.0,b1621,2,419,0.2390337212410147,0.2191142444709256,0.019919476770089,0,1383.316611566615
80.0,b2021,1,417,0.2390337212410147,-5.915531754726889e-16,0.2390337212410153,1,2627.7951215843127
80.0,b0166,1,417,0.2390337212410147,0.0,0.2390337212410147,1,2627.795121584375
80.0,b1519,1,78,0.2390337212410147,0.2390337212410115,3.191891195797325e-15,0,655.1149219150258
80.0,b4268,1,78,0.2390337212410147,0.2390337212410234,-8.743006318923108e-15,0,655.114921915029
80.0,b3437,1,78,0.2390337212410147,0.2390337212410234,-8.743006318923108e-15,0,655.114921915029
80.0,b3805,1,413,0.2390337212410147,-2.6273755703497034e-16,0.2390337212410149,1,1989.8799371662767
80.0,b3904,1,28,0.2390337212410147,0.239033721241017,-2.3592239273284576e-15,0,655.1167669408587
80.0,b2486,1,28,0.2390337212410147,0.2390337212410217,-7.049916206369744e-15,0,655.1167669408595
80.0,b2490,1,28,0.2390337212410147,0.2390337212410217,-7.049916206369744e-15,0,655.1167669408595
80.0,b2724,2,28,0.2390337212410147,0.2390337212410217,-7.049916206369744e-15,0,655.1167669408595
80.0,b2719,2,28,0.2390337212410147,0.2390337212410217,-7.049916206369744e-15,0,655.1167669408595
80.0,b2720,2,28,0.2390337212410147,0.2390337212410217,-7.049916206369744e-15,0,655.1167669408595
80.0,b2721,2,28,0.2390337212410147,0.2390337212410217,-7.049916206369744e-15,0,655.1167669408595
80.0,b2722,2,28,0.2390337212410147,0.2390337212410217,-7.049916206369744e-15,0,655.1167669408595
80.0,b2723,2,28,0.2390337212410147,0.2390337212410217,-7.049916206369744e-15,0,655.1167669408595
80.0,b2485,1,28,0.2390337212410147,0.2390337212410217,-7.049916206369744e-15,0,655.1167669408595
80.0,b2484,1,28,0.2390337212410147,0.2390337212410217,-7.049916206369744e-15,0,655.1167669408595
80.0,b2487,1,28,0.2390337212410147,0.2390337212410217,-7.049916206369744e-15,0,655.1167669408595
80.0,b4079,1,28,0.2390337212410147,0.2390337212410217,-7.049916206369744e-15,0,655.1167669408595
80.0,b2481,1,28,0.2390337212410147,0.2390337212410217,-7.049916206369744e-15,0,655.1167669408595
80.0,b2483,1,28,0.2390337212410147,0.2390337212410217,-7.049916206369744e-15,0,655.1167669408595
80.0,b2482,1,28,0.2390337212410147,0.2390337212410217,-7.049916206369744e-15,0,655.1167669408595
80.0,b2489,1,28,0.2390337212410147,0.2390337212410217,-7.049916206369744e-15,0,655.1167669408595
80.0,b2488,1,28,0.2390337212410147,0.2390337212410217,-7.049916206369744e-15,0,655.1167669408595
80.0,b2747,1,413,0.2390337212410147,2.4633670104129982e-11,0.239033721216381,1,1989.8799368978823
80.0,b3213,2,413,0.2390337212410147,3.2467087526650645e-15,0.2390337212410114,1,1989.8799371661617
80.0,b1761,1,412,0.2390337212410147,0.2238086358576474,0.0152250853833673,0,672.3071351923368
80.0,b3212,2,413,0.2390337212410147,4.143548965557711e-15,0.2390337212410105,1,1989.879937166154
80.0,b0186,1,28,0.2390337212410147,0.2390337212410155,-8.604228440844963e-16,0,655.1167669408578
80.0,b4131,1,28,0.2390337212410147,0.2390337212410212,-6.5503158452884236e-15,0,655.1167669408596
80.0,b1189,1,28,0.2390337212410147,0.2390337212410212,-6.5503158452884236e-15,0,655.1167669408596
80.0,b2888,2,28,0.2390337212410147,0.2390337212410212,-6.5503158452884236e-15,0,655.1167669408596
80.0,b2882,1,28,0.2390337212410147,0.2390337212410212,-6.5503158452884236e-15,0,655.1167669408596
80.0,b3451,7,28,0.2390337212410147,0.2390337212410212,-6.5503158452884236e-15,0,655.1167669408596
80.0,b3450,7,28,0.2390337212410147,0.2390337212410212,-6.5503158452884236e-15,0,655.1167669408596
80.0,b3453,7,28,0.2390337212410147,0.2390337212410212,-6.5503158452884236e-15,0,655.1167669408596
80.0,b3452,7,28,0.2390337212410147,0.2390337212410212,-6.5503158452884236e-15,0,655.1167669408596
80.0,b2536,1,28,0.2390337212410147,0.2390337212410212,-6.5503158452884236e-15,0,655.1167669408596
80.0,b0212,1,28,0.2390337212410147,0.2390337212410212,-6.5503158452884236e-15,0,655.1167669408596
80.0,b3779,1,28,0.2390337212410147,0.2390337212410212,-6.5503158452884236e-15,0,655.1167669408596
80.0,b2868,2,28,0.2390337212410147,0.2390337212410212,-6.5503158452884236e-15,0,655.1167669408596
80.0,b2867,2,28,0.2390337212410147,0.2390337212410212,-6.5503158452884236e-15,0,655.1167669408596
80.0,b2866,2,28,0.2390337212410147,0.2390337212410212,-6.5503158452884236e-15,0,655.1167669408596
80.0,b4311,1,28,0.2390337212410147,0.2390337212410212,-6.5503158452884236e-15,0,655.1167669408596
80.0,b1991,1,28,0.2390337212410147,0.2390337212410212,-6.5503158452884236e-15,0,655.1167669408596
80.0,b3502,1,28,0.2390337212410147,0.2390337212410212,-6.5503158452884236e-15,0,655.1167669408596
80.0,b1444,1,28,0.2390337212410147,0.2390337212410212,-6.5503158452884236e-15,0,655.1167669408596
80.0,b2927,1,88,0.2390337212410147,0.2390327656265112,9.55614503445057e-07,0,655.1119953929273
80.0,b2025,1,413,0.2390337212410147,-7.397098955140156e-16,0.2390337212410154,1,1989.8799371662287
80.0,b2023,1,413,0.2390337212410147,0.0,0.2390337212410147,1,1989.87993716618
80.0,b3640,1,44,0.2390337212410147,0.2390337212410143,3.6082248300317592e-16,0,655.2153586291406
80.0,b0425,1,413,0.2390337212410147,1.8671873120946287e-16,0.2390337212410145,1,1989.87993716624
80.0,b3772,1,413,0.2390337212410147,0.0,0.2390337212410147,1,1989.8799371661844
80.0,b0931,1,44,0.2390337212410147,0.239033721241012,2.720046410331633e-15,0,655.21535862914
80.0,b1764,1,44,0.2390337212410147,0.2390337212410089,5.773159728050814e-15,0,655.2153586291386
80.0,b2150,2,44,0.2390337212410147,0.2390337212410089,5.773159728050814e-15,0,655.2153586291386
80.0,b2148,2,44,0.2390337212410147,0.2390337212410089,5.773159728050814e-15,0,655.2153586291386
80.0,b2149,2,44,0.2390337212410147,0.2390337212410089,5.773159728050814e-15,0,655.2153586291386
80.0,b1640,1,44,0.2390337212410147,0.2390337212410089,5.773159728050814e-15,0,655.2153586291386
80.0,b1606,2,413,0.2390337212410147,8.692105100776919e-16,0.2390337212410138,1,1989.8799371660584
80.0,b0048,1,413,0.2390337212410147,0.0,0.2390337212410147,1,1989.8799371661244
80.0,b3390,1,413,0.2390337212410147,1.93016629135966e-14,0.2390337212409954,1,1989.879937165915
80.0,b0388,1,413,0.2390337212410147,1.9301662913596558e-14,0.2390337212409954,1,1989.8799371659093
80.0,b1745,1,44,0.2390337212410147,0.2390337212410122,2.4702462297909733e-15,0,655.2153586291397
80.0,b0115,1,430,0.2390337212410147,0.1780768194260794,0.0609569018149352,0,3721.825841583133
80.0,b0114,1,430,0.2390337212410147,0.1780768194261012,0.0609569018149134,0,3721.8258415831874
80.0,b3128,1,94,0.2390337212410147,0.2390337212410185,-3.802513859341161e-15,0,655.2135103026884
80.0,b2255,2,94,0.2390337212410147,0.2390337212410609,-4.618527782440651e-14,0,655.2135103027019
80.0,b0774,1,413,0.2390337212410147,8.097302541447517e-16,0.2390337212410139,1,1989.879937167289
80.0,b1605,1,44,0.2390337212410147,0.2390337212410082,6.467049118441537e-15,0,655.2153586291384
80.0,b2818,1,413,0.2390337212410147,9.529174337686221e-17,0.2390337212410146,1,1989.8799371661844
80.0,b1489,3,44,0.2390337212410147,0.2390337212410183,-3.635980405647388e-15,0,655.2153586291415
80.0,b3032,1,44,0.2390337212410147,0.2390337212410172,-2.525757381022231e-15,0,655.2153586291415
80.0,b0334,1,44,0.2390337212410147,0.2390337212410172,-2.525757381022231e-15,0,655.2153586291415
80.0,b0092,1,413,0.2390337212410147,-1.7189277336783724e-18,0.2390337212410147,1,1989.8799371661853
80.0,b0381,1,413,0.2390337212410147,0.0,0.2390337212410147,1,1989.879937166188
80.0,b2715,2,44,0.2390337212410147,0.2390337212410161,-1.3877787807814457e-15,0,655.215358629141
80.0,b1738,2,44,0.2390337212410147,0.2390337212410172,-2.525757381022231e-15,0,655.2153586291415
80.0,b1736,2,44,0.2390337212410147,0.2390337212410172,-2.525757381022231e-15,0,655.2153586291415
80.0,b1737,2,44,0.2390337212410147,0.2390337212410172,-2.525757381022231e-15,0,655.2153586291415
80.0,b2224,1,435,0.2390337212410147,0.2349018138850961,0.0041319073559185,0,648.6685678199474
80.0,b0842,2,44,0.2390337212410147,0.2390337212410381,-2.3453461395206432e-14,0,655.2153586291466
80.0,b0047,1,44,0.2390337212410147,0.239033721240968,4.668487818548783e-14,0,655.2153586291273
80.0,b3350,1,44,0.2390337212410147,0.239033721240968,4.668487818548783e-14,0,655.2153586291273
80.0,b1216,3,44,0.2390337212410147,0.239033721240968,4.668487818548783e-14,0,655.2153586291273
80.0,b0728,1,394,0.2390337212410147,0.2354100009318362,0.0036237203091784,0,667.7319793567124
80.0,b0729,1,394,0.2390337212410147,0.235410000931832,0.0036237203091827,0,667.7319793567126
80.0,b0650,1,78,0.2390337212410147,0.2390337212409847,3.0003777240494856e-14,0,655.1149219150175
80.0,b0757,1,78,0.2390337212410147,0.2390337212410051,9.547918011776346e-15,0,655.1149219150236
80.0,b0133,1,413,0.2390337212410147,0.0,0.2390337212410147,1,1989.8799371660275
80.0,b2165,1,28,0.2390337212410147,0.2390337212410153,-5.828670879282072e-16,0,655.1167669408578
80.0,b3389,1,413,0.2390337212410147,1.7828697003673343e-14,0.2390337212409969,1,1989.8799371658984
80.0,b2366,1,28,0.2390337212410147,0.23903372124101,4.6906922790412856e-15,0,655.1167669408569
80.0,b1723,1,28,0.2390337212410147,0.239033721241017,-2.3592239273284576e-15,0,655.1167669408567
80.0,b3612,1,436,0.2390337212410147,0.0833622204557274,0.1556715007852873,0,1720.6341121488872
80.0,b0755,1,436,0.2390337212410147,0.0833622204557364,0.1556715007852783,0,1720.6341121489038
80.0,b3919,1,440,0.2390337212410147,0.1612163166259614,0.0778174046150532,0,1557.9968201758784
80.0,b2914,1,431,0.2390337212410147,0.1345793452480917,0.1044543759929229,0,976.4943966456042
80.0,b2320,1,86,0.2390337212410147,0.2390327656265251,9.556144895672691e-07,0,656.794144518754
80.0,b1107,3,26,0.2390337212410147,0.2390337212410028,1.1879386363489175e-14,0,656.7989242488504
80.0,b1539,4,26,0.2390337212410147,0.2390337212409959,1.8818280267396403e-14,0,656.798924248848
80.0,b3823,1,26,0.2390337212410147,0.2390337212409959,1.8818280267396403e-14,0,656.798924248848
80.0,b0813,2,26,0.2390337212410147,0.2390337212409959,1.8818280267396403e-14,0,656.798924248848
80.0,b2919,1,26,0.2390337212410147,0.2390337212409959,1.8818280267396403e-14,0,656.798924248848
80.0,b3870,1,413,0.2390337212410147,-1.725430109562802e-13,0.2390337212411872,1,1989.879937167746
80.0,b2947,1,26,0.2390337212410147,0.2390337212410168,-2.164934898019056e-15,0,656.798924248854
80.0,b2253,1,26,0.2390337212410147,0.2390337212409959,1.8818280267396403e-14,0,656.798924248848
80.0,b2254,1,26,0.2390337212410147,0.2390337212409959,1.8818280267396403e-14,0,656.798924248848
80.0,b2256,1,26,0.2390337212410147,0.2390337212409959,1.8818280267396403e-14,0,656.798924248848
80.0,b2258,1,26,0.2390337212410147,0.2390337212409959,1.8818280267396403e-14,0,656.798924248848
80.0,b4544,1,26,0.2390337212410147,0.2390337212409959,1.8818280267396403e-14,0,656.798924248848
80.0,b3621,1,26,0.2390337212410147,0.2390337212409959,1.8818280267396403e-14,0,656.798924248848
80.0,b3001,1,26,0.2390337212410147,0.2390337212409959,1.8818280267396403e-14,0,656.798924248848
80.0,b1781,1,26,0.2390337212410147,0.2390337212409959,1.8818280267396403e-14,0,656.798924248848
80.0,b3620,1,26,0.2390337212410147,0.2390337212409959,1.8818280267396403e-14,0,656.798924248848
80.0,b3624,1,26,0.2390337212410147,0.2390337212409959,1.8818280267396403e-14,0,656.798924248848
80.0,b3629,1,26,0.2390337212410147,0.2390337212409959,1.8818280267396403e-14,0,656.798924248848
80.0,b3628,1,26,0.2390337212410147,0.2390337212409959,1.8818280267396403e-14,0,656.798924248848
80.0,b3627,1,26,0.2390337212410147,0.2390337212409959,1.8818280267396403e-14,0,656.798924248848
80.0,b3850,2,413,0.2390337212410147,1.5884567160583056e-15,0.2390337212410131,1,1989.8799371658613
80.0,b3630,1,26,0.2390337212410147,0.239033721241017,-2.3314683517128287e-15,0,656.7989242488547
80.0,b3632,1,26,0.2390337212410147,0.2390337212409959,1.8818280267396403e-14,0,656.798924248848
80.0,b3625,1,26,0.2390337212410147,0.2390337212409959,1.8818280267396403e-14,0,656.798924248848
80.0,b2810,1,26,0.2390337212410147,0.2390337212409959,1.8818280267396403e-14,0,656.798924248848
80.0,b1680,5,26,0.2390337212410147,0.2390337212409959,1.8818280267396403e-14,0,656.798924248848
80.0,b3867,1,26,0.2390337212410147,0.2390337212409959,1.8818280267396403e-14,0,656.798924248848
80.0,b3824,1,26,0.2390337212410147,0.2390337212409959,1.8818280267396403e-14,0,656.798924248848
80.0,b2133,1,26,0.2390337212410147,0.2390337212409959,1.8818280267396403e-14,0,656.798924248848
80.0,b2260,1,26,0.2390337212410147,0.2390337212409959,1.8818280267396403e-14,0,656.798924248848
80.0,b1919,1,26,0.2390337212410147,0.2390337212409959,1.8818280267396403e-14,0,656.798924248848
80.0,b2578,2,26,0.2390337212410147,0.2390337212409959,1.8818280267396403e-14,0,656.798924248848
80.0,b1533,3,26,0.2390337212410147,0.2390337212409959,1.8818280267396403e-14,0,656.798924248848
80.0,b4394,3,26,0.2390337212410147,0.2390337212409959,1.8818280267396403e-14,0,656.798924248848
80.0,b2499,1,413,0.2390337212410147,-3.027784390894237e-13,0.2390337212413175,1,1989.87993716916
80.0,b3825,35,26,0.2390337212410147,0.2390337212410129,1.7763568394002505e-15,0,656.798924248853
80.0,b2835,21,26,0.2390337212410147,0.2390337212409959,1.8818280267396403e-14,0,656.798924248848
80.0,b3029,2,26,0.2390337212410147,0.2390337212409959,1.8818280267396403e-14,0,656.798924248848
80.0,b2889,1,29,0.2390337212410147,0.2390337212409959,1.8818280267396403e-14,0,656.7989250127122
80.0,b3821,42,29,0.2390337212410147,0.2390337212410173,-2.581268532253489e-15,0,656.7989250127183
80.0,b2146,1,29,0.2390337212410147,0.2390337212410173,-2.581268532253489e-15,0,656.7989250127183
80.0,b2147,1,29,0.2390337212410147,0.2390337212410173,-2.581268532253489e-15,0,656.7989250127183
80.0,b4478,1,29,0.2390337212410147,0.2390337212410173,-2.581268532253489e-15,0,656.7989250127183
80.0,b1380,1,29,0.2390337212410147,0.2390337212410173,-2.581268532253489e-15,0,656.7989250127183
80.0,b0693,1,29,0.2390337212410147,0.2390337212410173,-2.581268532253489e-15,0,656.7989250127183
80.0,b2965,1,29,0.2390337212410147,0.2390337212410173,-2.581268532253489e-15,0,656.7989250127183
80.0,b0954,13,29,0.2390337212410147,0.2390337212410173,-2.581268532253489e-15,0,656.7989250127183
80.0,b1288,26,413,0.2390337212410147,-4.457493626502749e-16,0.2390337212410151,1,1989.8799371662008
80.0,b0175,7,413,0.2390337212410147,0.0,0.2390337212410147,1,1989.8799371662487
80.0,b3918,7,29,0.2390337212410147,0.2390337212410191,-4.468647674116255e-15,0,656.7989250127192
80.0,b1912,7,29,0.2390337212410147,0.2390337212410361,-2.1455059950881156e-14,0,656.7989250127247
80.0,b2585,7,413,0.2390337212410147,1.6492042345304977e-15,0.239033721241013,1,1989.879937166436
80.0,b1093,14,413,0.2390337212410147,0.0,0.2390337212410147,1,1989.8799371661896
80.0,b1661,4,29,0.2390337212410147,0.2390337212410141,6.106226635438361e-16,0,656.7989250127176
80.0,b2497,1,29,0.2390337212410147,0.2390337212410139,7.494005416219809e-16,0,656.7989250127176
80.0,b1006,1,29,0.2390337212410147,0.2390337212410139,7.494005416219809e-16,0,656.7989250127176
80.0,b1488,1,29,0.2390337212410147,0.2390337212410139,7.494005416219809e-16,0,656.7989250127176
80.0,b3543,3,29,0.2390337212410147,0.2390337212410139,7.494005416219809e-16,0,656.7989250127176
80.0,b3542,3,29,0.2390337212410147,0.2390337212410139,7.494005416219809e-16,0,656.7989250127176
80.0,b3541,3,29,0.2390337212410147,0.2390337212410139,7.494005416219809e-16,0,656.7989250127176
80.0,b3540,3,29,0.2390337212410147,0.2390337212410139,7.494005416219809e-16,0,656.7989250127176
80.0,b3544,3,29,0.2390337212410147,0.2390337212410139,7.494005416219809e-16,0,656.7989250127176
80.0,b1484,1,29,0.2390337212410147,0.2390337212410139,7.494005416219809e-16,0,656.7989250127176
80.0,b1485,1,29,0.2390337212410147,0.2390337212410139,7.494005416219809e-16,0,656.7989250127176
80.0,b1486,1,29,0.2390337212410147,0.2390337212410139,7.494005416219809e-16,0,656.7989250127176
80.0,b1487,1,29,0.2390337212410147,0.2390337212410139,7.494005416219809e-16,0,656.7989250127176
80.0,b1483,1,29,0.2390337212410147,0.2390337212410139,7.494005416219809e-16,0,656.7989250127176
80.0,b0829,1,29,0.2390337212410147,0.2390337212410139,7.494005416219809e-16,0,656.7989250127176
80.0,b0832,1,29,0.2390337212410147,0.2390337212410139,7.494005416219809e-16,0,656.7989250127176
80.0,b0830,1,29,0.2390337212410147,0.2390337212410139,7.494005416219809e-16,0,656.7989250127176
80.0,b0831,1,29,0.2390337212410147,0.2390337212410139,7.494005416219809e-16,0,656.7989250127176
80.0,b0789,7,29,0.2390337212410147,0.2390337212410139,7.494005416219809e-16,0,656.7989250127176
80.0,b1249,7,29,0.2390337212410147,0.2390337212410139,7.494005416219809e-16,0,656.7989250127176
80.0,b1677,2,29,0.2390337212410147,0.2390337212410139,7.494005416219809e-16,0,656.7989250127176
80.0,b0657,2,29,0.2390337212410147,0.2390337212410139,7.494005416219809e-16,0,656.7989250127176
80.0,b0418,14,29,0.2390337212410147,0.2390337212410139,7.494005416219809e-16,0,656.7989250127176
80.0,b0508,1,29,0.2390337212410147,0.2390337212410139,7.494005416219809e-16,0,656.7989250127176
80.0,b0613,1,29,0.2390337212410147,0.2390337212410139,7.494005416219809e-16,0,656.7989250127176
80.0,b1301,1,29,0.2390337212410147,0.2390337212410139,7.494005416219809e-16,0,656.7989250127176
80.0,b0805,1,29,0.2390337212410147,0.2390337212410139,7.494005416219809e-16,0,656.7989250127176
80.0,b2155,1,29,0.2390337212410147,0.2390337212410139,7.494005416219809e-16,0,656.7989250127176
80.0,b0576,1,29,0.2390337212410147,0.2390337212410139,7.494005416219809e-16,0,656.7989250127176
80.0,b0594,1,29,0.2390337212410147,0.2390337212410139,7.494005416219809e-16,0,656.7989250127176
80.0,b3182,9,29,0.2390337212410147,0.2390337212410139,7.494005416219809e-16,0,656.7989250127176
80.0,b2010,5,29,0.2390337212410147,0.2390337212410139,7.494005416219809e-16,0,656.7989250127176
80.0,b0839,5,29,0.2390337212410147,0.2390337212410139,7.494005416219809e-16,0,656.7989250127176
80.0,b2430,5,29,0.2390337212410147,0.2390337212410139,7.494005416219809e-16,0,656.7989250127176
80.0,b0632,5,29,0.2390337212410147,0.2390337212410139,7.494005416219809e-16,0,656.7989250127176
80.0,b0376,9,29,0.2390337212410147,0.2390337212410139,7.494005416219809e-16,0,656.7989250127176
80.0,b3833,2,29,0.2390337212410147,0.2390337212410139,7.494005416219809e-16,0,656.7989250127176
80.0,b0514,1,29,0.2390337212410147,0.2390337212410139,7.494005416219809e-16,0,656.7989250127176
80.0,b2519,2,413,0.2390337212410147,-2.702570859929694e-16,0.239033721241015,1,1989.879937166132
80.0,b3396,4,413,0.2390337212410147,0.0,0.2390337212410147,1,1989.8799371662376
80.0,b1069,2,413,0.2390337212410147,0.0,0.2390337212410147,1,1989.8799371662376
80.0,b0089,2,413,0.2390337212410147,0.0,0.2390337212410147,1,1989.8799371662376
80.0,b3208,2,413,0.2390337212410147,0.0,0.2390337212410147,1,1989.8799371662376
80.0,b0149,4,413,0.2390337212410147,0.0,0.2390337212410147,1,1989.8799371662376
80.0,b0084,2,413,0.2390337212410147,0.0,0.2390337212410147,1,1989.8799371662376
80.0,b0635,2,413,0.2390337212410147,0.0,0.2390337212410147,1,1989.879937166182
80.0,b0925,6,29,0.2390337212410147,0.2390337212410127,1.9984014443252818e-15,0,656.7989250127173
80.0,b1678,6,29,0.2390337212410147,0.2390337212410114,3.2751579226442118e-15,0,656.7989250127172
80.0,b0355,1,29,0.2390337212410147,0.2390337212410114,3.2751579226442118e-15,0,656.7989250127172
80.0,b2154,1,29,0.2390337212410147,0.2390337212410114,3.2751579226442118e-15,0,656.7989250127172
80.0,b2893,2,29,0.2390337212410147,0.2390337212410114,3.2751579226442118e-15,0,656.7989250127172
80.0,b0604,2,29,0.2390337212410147,0.2390337212410114,3.2751579226442118e-15,0,656.7989250127172
80.0,b3930,1,29,0.2390337212410147,0.2390337212410114,3.2751579226442118e-15,0,656.7989250127172
80.0,b3994,1,413,0.2390337212410147,6.32807344995967e-16,0.239033721241014,1,1989.8799371661253
80.0,b1710,2,29,0.2390337212410147,0.2390337212410154,-6.938893903907228e-16,0,656.7989250127183
80.0,b2480,1,29,0.2390337212410147,0.2390337212410114,3.2751579226442118e-15,0,656.7989250127172
80.0,b0429,1,425,0.2390337212410147,0.079680217391532,0.1593535038494827,0,4417.463058865895
80.0,b0432,1,425,0.2390337212410147,0.0796802173915428,0.1593535038494718,0,4417.463058865909
80.0,b0430,1,425,0.2390337212410147,0.0796802173915428,0.1593535038494718,0,4417.463058865909
80.0,b0431,1,425,0.2390337212410147,0.0796802173915428,0.1593535038494718,0,4417.463058865909
80.0,b4041,7,32,0.2390337212410147,0.2390337212410134,1.2490009027033013e-15,0,656.7425627176636
80.0,b0180,14,413,0.2390337212410147,8.833456407515296e-16,0.2390337212410138,1,1989.8799371663724
80.0,b2413,1,315,0.2390337212410147,0.2386745549893375,0.0003591662516771,0,656.8482552344144
80.0,b3018,7,413,0.2390337212410147,-2.2700773247855544e-32,0.2390337212410147,1,1989.879937166004
80.0,b4042,7,32,0.2390337212410147,0.2390337212410078,6.8833827526759706e-15,0,656.7425627176623
80.0,b4160,7,413,0.2390337212410147,1.5490318859769327e-16,0.2390337212410145,1,1989.8799371657417
80.0,b0722,1,429,0.2390337212410147,0.2269441407398819,0.0120895805011328,0,797.4886447238032
80.0,b0723,1,429,0.2390337212410147,0.2269441407398743,0.0120895805011403,0,797.4886447237963
80.0,b0721,1,429,0.2390337212410147,0.2269441407398743,0.0120895805011403,0,797.4886447237963
80.0,b0724,1,429,0.2390337212410147,0.2269441407398743,0.0120895805011403,0,797.4886447237963
80.0,b0494,21,86,0.2390337212410147,0.2390337212409939,2.0733414984874798e-14,0,656.75952646491
80.0,b0118,3,413,0.2390337212410147,-6.977677882797171e-16,0.2390337212410154,1,1989.879937166274
80.0,b1276,2,413,0.2390337212410147,0.0,0.2390337212410147,1,1989.879937166137
80.0,b3447,1,86,0.2390337212410147,0.2390337212409371,7.754907827006718e-14,0,656.7595264651715
80.0,b1990,5,86,0.2390337212410147,0.2390337212410188,-4.107825191113079e-15,0,656.7595264649161
80.0,b0819,5,86,0.2390337212410147,0.2390337212410188,-4.107825191113079e-15,0,656.7595264649161
80.0,b1113,5,86,0.2390337212410147,0.2390337212410188,-4.107825191113079e-15,0,656.7595264649161
80.0,b1097,4,86,0.2390337212410147,0.2390337212410188,-4.107825191113079e-15,0,656.7595264649161
80.0,b2813,4,86,0.2390337212410147,0.2390337212410188,-4.107825191113079e-15,0,656.7595264649161
80.0,b2701,4,86,0.2390337212410147,0.2390337212410188,-4.107825191113079e-15,0,656.7595264649161
80.0,b0211,4,86,0.2390337212410147,0.2390337212410188,-4.107825191113079e-15,0,656.7595264649161
80.0,b4392,4,86,0.2390337212410147,0.2390337212410188,-4.107825191113079e-15,0,656.7595264649161
80.0,b2558,4,86,0.2390337212410147,0.2390337212410188,-4.107825191113079e-15,0,656.7595264649161
80.0,b1193,4,86,0.2390337212410147,0.2390337212410188,-4.107825191113079e-15,0,656.7595264649161
80.0,b2963,4,86,0.2390337212410147,0.2390337212410188,-4.107825191113079e-15,0,656.7595264649161
80.0,b3546,2,86,0.2390337212410147,0.2390337212410188,-4.107825191113079e-15,0,656.7595264649161
80.0,b2328,6,86,0.2390337212410147,0.2390337212410188,-4.107825191113079e-15,0,656.7595264649161
80.0,b2134,4,86,0.2390337212410147,0.2390337212410188,-4.107825191113079e-15,0,656.7595264649161
80.0,b1655,4,86,0.2390337212410147,0.2390337212410188,-4.107825191113079e-15,0,656.7595264649161
80.0,b1856,4,86,0.2390337212410147,0.2390337212410188,-4.107825191113079e-15,0,656.7595264649161
80.0,b3860,2,86,0.2390337212410147,0.2390337212410188,-4.107825191113079e-15,0,656.7595264649161
80.0,b1185,2,86,0.2390337212410147,0.2390337212410188,-4.107825191113079e-15,0,656.7595264649161
80.0,b4136,3,86,0.2390337212410147,0.2390337212410188,-4.107825191113079e-15,0,656.7595264649161
80.0,b0605,1,86,0.2390337212410147,0.2390337212410188,-4.107825191113079e-15,0,656.7595264649161
80.0,b0606,1,86,0.2390337212410147,0.2390337212410188,-4.107825191113079e-15,0,656.7595264649161
80.0,b0221,8,433,0.2390337212410147,0.2349018138850969,0.0041319073559178,0,650.1576051149702
80.0,b2283,3,432,0.2390337212410147,0.0402446390757943,0.1987890821652203,0,5659.688715552708
80.0,b2282,3,432,0.2390337212410147,0.0402446390757948,0.1987890821652198,0,5659.688715552708
80.0,b2281,3,432,0.2390337212410147,0.0402446390757948,0.1987890821652198,0,5659.688715552708
80.0,b2288,3,432,0.2390337212410147,0.0402446390757948,0.1987890821652198,0,5659.688715552708
80.0,b2276,3,432,0.2390337212410147,0.0402446390757948,0.1987890821652198,0,5659.688715552708
80.0,b2277,3,432,0.2390337212410147,0.0402446390757948,0.1987890821652198,0,5659.688715552708
80.0,b2285,3,432,0.2390337212410147,0.0402446390757948,0.1987890821652198,0,5659.688715552708
80.0,b2284,3,432,0.2390337212410147,0.0402446390757948,0.1987890821652198,0,5659.688715552708
80.0,b2278,3,432,0.2390337212410147,0.0402446390757948,0.1987890821652198,0,5659.688715552708
80.0,b2279,3,432,0.2390337212410147,0.0402446390757948,0.1987890821652198,0,5659.688715552708
80.0,b2280,3,432,0.2390337212410147,0.0402446390757948,0.1987890821652198,0,5659.688715552708
80.0,b2287,3,432,0.2390337212410147,0.0402446390757948,0.1987890821652198,0,5659.688715552708
80.0,b2286,3,432,0.2390337212410147,0.0402446390757948,0.1987890821652198,0,5659.688715552708
80.0,b1801,3,35,0.2390337212410147,0.2390337212409986,1.607047828144914e-14,0,656.7613194626006
80.0,b4208,5,290,0.2390337212410147,0.2389940346740417,3.968656697300732e-05,0,656.7416062372521
80.0,b0007,2,35,0.2390337212410147,0.2390337212410193,-4.6351811278100286e-15,0,656.7613194626105
80.0,b2923,2,35,0.2390337212410147,0.239033721241008,6.716849298982197e-15,0,656.761319462607
80.0,b0874,1,35,0.2390337212410147,0.239033721241008,6.716849298982197e-15,0,656.761319462607
80.0,b0037,3,35,0.2390337212410147,0.239033721241008,6.716849298982197e-15,0,656.761319462607
80.0,b1734,2,35,0.2390337212410147,0.239033721241008,6.716849298982197e-15,0,656.761319462607
80.0,b2467,1,35,0.2390337212410147,0.239033721241008,6.716849298982197e-15,0,656.761319462607
80.0,b0404,7,35,0.2390337212410147,0.239033721241008,6.716849298982197e-15,0,656.761319462607
80.0,b0314,1,35,0.2390337212410147,0.239033721241008,6.716849298982197e-15,0,656.761319462607
80.0,b4474,1,35,0.2390337212410147,0.239033721241008,6.716849298982197e-15,0,656.761319462607
80.0,b3370,2,35,0.2390337212410147,0.239033721241008,6.716849298982197e-15,0,656.761319462607
80.0,b3040,6,413,0.2390337212410147,-1.6405412374163458e-15,0.2390337212410163,1,1989.8799371661044
80.0,b3816,3,413,0.2390337212410147,0.0,0.2390337212410147,1,1989.8799371660484
80.0,b2373,1,35,0.2390337212410147,0.239033721241013,1.6375789613221059e-15,0,656.7613194626078
80.0,b4233,2,35,0.2390337212410147,0.2390337212410274,-1.2712053631958042e-14,0,656.7613194626131
80.0,b3196,1,413,0.2390337212410147,7.750574499027501e-16,0.2390337212410139,1,1989.8799371663213
80.0,b3691,1,35,0.2390337212410147,0.2390337212410138,8.881784197001252e-16,0,656.7613194626086
80.0,b2843,1,35,0.2390337212410147,0.2390337212410274,-1.2712053631958042e-14,0,656.7613194626131
80.0,b2156,1,35,0.2390337212410147,0.2390337212410274,-1.2712053631958042e-14,0,656.7613194626131
80.0,b4130,3,35,0.2390337212410147,0.2390337212410274,-1.2712053631958042e-14,0,656.7613194626131
80.0,b4356,1,35,0.2390337212410147,0.2390337212410274,-1.2712053631958042e-14,0,656.7613194626131
80.0,b4358,1,35,0.2390337212410147,0.2390337212410274,-1.2712053631958042e-14,0,656.7613194626131
80.0,b3431,1,35,0.2390337212410147,0.2390337212410274,-1.2712053631958042e-14,0,656.7613194626131
80.0,b0155,1,96,0.2390337212410147,0.239032482086164,1.2391548506462955e-06,0,656.761658192277
80.0,b1378,1,303,0.2390337212410147,0.2389819495609266,5.1771680088047445e-05,0,656.294749649074
80.0,b0684,7,413,0.2390337212410147,2.4633745742204558e-11,0.2390337212163809,1,1989.8799368980967
80.0,b2895,7,413,0.2390337212410147,2.463367255911647e-11,0.239033721216381,1,1989.8799368979728
80.0,b0777,1,413,0.2390337212410147,0.0,0.2390337212410147,1,1989.8799371661264
80.0,b3199,9,413,0.2390337212410147,0.0,0.2390337212410147,1,1989.879937166154
80.0,b0641,9,413,0.2390337212410147,0.0,0.2390337212410147,1,1989.879937166137
80.0,b3200,9,413,0.2390337212410147,0.0,0.2390337212410147,1,1989.879937166137
80.0,b3201,9,413,0.2390337212410147,0.0,0.2390337212410147,1,1989.879937166137
80.0,b0054,9,413,0.2390337212410147,0.0,0.2390337212410147,1,1989.879937166137
80.0,b4262,9,413,0.2390337212410147,0.0,0.2390337212410147,1,1989.879937166137
80.0,b4261,9,413,0.2390337212410147,0.0,0.2390337212410147,1,1989.879937166137
80.0,b1535,1,35,0.2390337212410147,0.2390337212410112,3.4416913763379853e-15,0,656.7613194626082
80.0,b1490,1,35,0.2390337212410147,0.2390337212410274,-1.2712053631958042e-14,0,656.7613194626131
80.0,b1794,1,35,0.2390337212410147,0.2390337212410274,-1.2712053631958042e-14,0,656.7613194626131
80.0,b1341,1,35,0.2390337212410147,0.2390337212410274,-1.2712053631958042e-14,0,656.7613194626131
80.0,b1025,1,35,0.2390337212410147,0.2390337212410274,-1.2712053631958042e-14,0,656.7613194626131
80.0,b1285,2,35,0.2390337212410147,0.2390337212410274,-1.2712053631958042e-14,0,656.7613194626131
80.0,b3525,1,35,0.2390337212410147,0.2390337212410274,-1.2712053631958042e-14,0,656.7613194626131
80.0,b0315,1,35,0.2390337212410147,0.2390337212410274,-1.2712053631958042e-14,0,656.7613194626131
80.0,b2503,1,35,0.2390337212410147,0.2390337212410274,-1.2712053631958042e-14,0,656.7613194626131
80.0,b0009,1,35,0.2390337212410147,0.2390337212410274,-1.2712053631958042e-14,0,656.7613194626131
80.0,b0784,2,35,0.2390337212410147,0.2390337212410274,-1.2712053631958042e-14,0,656.7613194626131
80.0,b2530,6,413,0.2390337212410147,2.1222311406936263e-16,0.2390337212410145,1,1989.879937166328
80.0,b2470,7,35,0.2390337212410147,0.2390337212410146,8.326672684688674e-17,0,656.7613194626089
80.0,b0463,7,35,0.2390337212410147,0.2390337212410274,-1.2712053631958042e-14,0,656.7613194626131
80.0,b0462,7,35,0.2390337212410147,0.2390337212410274,-1.2712053631958042e-14,0,656.7613194626131
80.0,b1394,2,35,0.2390337212410147,0.2390337212410274,-1.2712053631958042e-14,0,656.7613194626131
80.0,b1090,7,29,0.2390337212410147,0.2390337212410274,-1.2712053631958042e-14,0,656.7596517376625
80.0,b3059,7,29,0.2390337212410147,0.2390337212410122,2.4980018054066026e-15,0,656.7596517376578
80.0,b2529,6,96,0.2390337212410147,0.2390326775408454,1.043700169234274e-06,0,656.7599355686389
80.0,b1684,2,29,0.2390337212410147,0.2390337212410192,-4.524158825347513e-15,0,656.7596517376596
80.0,b1682,6,29,0.2390337212410147,0.2390337212410142,4.996003610813204e-16,0,656.759651737658
80.0,b1683,6,29,0.2390337212410147,0.2390337212410142,4.996003610813204e-16,0,656.759651737658
80.0,b1681,6,29,0.2390337212410147,0.2390337212410142,4.996003610813204e-16,0,656.759651737658
80.0,b0827,4,29,0.2390337212410147,0.2390337212410142,4.996003610813204e-16,0,656.759651737658
80.0,b3857,5,29,0.2390337212410147,0.2390337212410142,4.996003610813204e-16,0,656.759651737658
80.0,b3856,5,29,0.2390337212410147,0.2390337212410142,4.996003610813204e-16,0,656.759651737658
80.0,b3058,2,413,0.2390337212410147,0.0,0.2390337212410147,1,1989.8799371661505
80.0,b0709,2,29,0.2390337212410147,0.2390337212410126,2.05391259555654e-15,0,656.7596517376578
80.0,b3496,2,29,0.2390337212410147,0.2390337212410142,4.996003610813204e-16,0,656.759651737658
80.0,b1634,2,29,0.2390337212410147,0.2390337212410142,4.996003610813204e-16,0,656.759651737658
80.0,b2528,2,96,0.2390337212410147,0.2390326775408468,1.0437001679020064e-06,0,656.7599355686391
80.0,b1679,4,29,0.2390337212410147,0.2390337212410132,1.5265566588595902e-15,0,656.7596517376579
80.0,b0775,1,413,0.2390337212410147,-1.7696848753189063e-16,0.2390337212410148,1,1989.879937166153
80.0,b1009,1,29,0.2390337212410147,0.239033721241014,6.38378239159465e-16,0,656.7596517376585
80.0,b0444,1,29,0.2390337212410147,0.2390337212410116,3.0808688933348094e-15,0,656.7596517376575
80.0,b2794,1,29,0.2390337212410147,0.2390337212410116,3.0808688933348094e-15,0,656.7596517376575
80.0,b1008,1,29,0.2390337212410147,0.2390337212410116,3.0808688933348094e-15,0,656.7596517376575
80.0,b2765,1,29,0.2390337212410147,0.2390337212410116,3.0808688933348094e-15,0,656.7596517376575
80.0,b2263,1,29,0.2390337212410147,0.2390337212410116,3.0808688933348094e-15,0,656.7596517376575
80.0,b1011,1,29,0.2390337212410147,0.2390337212410116,3.0808688933348094e-15,0,656.7596517376575
80.0,b1010,1,29,0.2390337212410147,0.2390337212410116,3.0808688933348094e-15,0,656.7596517376575
80.0,b0968,7,29,0.2390337212410147,0.2390337212410116,3.0808688933348094e-15,0,656.7596517376575
80.0,b2264,1,29,0.2390337212410147,0.2390337212410116,3.0808688933348094e-15,0,656.7596517376575
80.0,b2262,1,29,0.2390337212410147,0.2390337212410116,3.0808688933348094e-15,0,656.7596517376575
80.0,b1686,1,29,0.2390337212410147,0.2390337212410116,3.0808688933348094e-15,0,656.7596517376575
80.0,b3991,1,413,0.2390337212410147,1.2370866149111269e-16,0.2390337212410146,1,1989.87993716608
80.0,b4407,1,413,0.2390337212410147,0.0,0.2390337212410147,1,1989.8799371661728
80.0,b3990,1,413,0.2390337212410147,0.0,0.2390337212410147,1,1989.8799371661728
80.0,b0423,1,413,0.2390337212410147,0.0,0.2390337212410147,1,1989.8799371661728
80.0,b3992,1,413,0.2390337212410147,0.0,0.2390337212410147,1,1989.8799371661728
80.0,b2877,1,29,0.2390337212410147,0.2390337212410144,3.05311331771918e-16,0,656.7596517376579
80.0,b2374,1,29,0.2390337212410147,0.2390337212410116,3.0808688933348094e-15,0,656.7596517376575
80.0,b1389,1,29,0.2390337212410147,0.2390337212410116,3.0808688933348094e-15,0,656.7596517376575
80.0,b1388,1,29,0.2390337212410147,0.2390337212410116,3.0808688933348094e-15,0,656.7596517376575
80.0,b1390,1,29,0.2390337212410147,0.2390337212410116,3.0808688933348094e-15,0,656.7596517376575
80.0,b1391,1,29,0.2390337212410147,0.2390337212410116,3.0808688933348094e-15,0,656.7596517376575
80.0,b1392,1,29,0.2390337212410147,0.2390337212410116,3.0808688933348094e-15,0,656.7596517376575
80.0,b1397,2,29,0.2390337212410147,0.2390337212410116,3.0808688933348094e-15,0,656.7596517376575
80.0,b1395,1,29,0.2390337212410147,0.2390337212410116,3.0808688933348094e-15,0,656.7596517376575
80.0,b1012,1,29,0.2390337212410147,0.2390337212410116,3.0808688933348094e-15,0,656.7596517376575
80.0,b1007,1,29,0.2390337212410147,0.2390337212410116,3.0808688933348094e-15,0,656.7596517376575
80.0,b0785,1,29,0.2390337212410147,0.2390337212410116,3.0808688933348094e-15,0,656.7596517376575
80.0,b3893,2,29,0.2390337212410147,0.2390337212410116,3.0808688933348094e-15,0,656.7596517376575
80.0,b3892,2,29,0.2390337212410147,0.2390337212410116,3.0808688933348094e-15,0,656.7596517376575
80.0,b3894,2,29,0.2390337212410147,0.2390337212410116,3.0808688933348094e-15,0,656.7596517376575
80.0,b1475,2,29,0.2390337212410147,0.2390337212410116,3.0808688933348094e-15,0,656.7596517376575
80.0,b1474,2,29,0.2390337212410147,0.2390337212410116,3.0808688933348094e-15,0,656.7596517376575
80.0,b1476,2,29,0.2390337212410147,0.2390337212410116,3.0808688933348094e-15,0,656.7596517376575
80.0,b0776,1,413,0.2390337212410147,-1.032081766828917e-17,0.2390337212410147,1,1989.87993716607
80.0,b3412,1,413,0.2390337212410147,0.0,0.2390337212410147,1,1989.879937166198
80.0,b2515,1,413,0.2390337212410147,2.4633672559053678e-11,0.239033721216381,1,1989.87993689807
80.0,b4238,4,291,0.2390337212410147,0.23898308657848,5.063466253465987e-05,0,656.3031122276844
80.0,b3924,5,291,0.2390337212410147,0.2389830865785033,5.063466251137294e-05,0,656.3031122276914
80.0,b4237,4,291,0.2390337212410147,0.2389830865785033,5.063466251137294e-05,0,656.3031122276914
80.0,b4209,1,29,0.2390337212410147,0.2390337212410457,-3.0975222387041874e-14,0,656.7596517376672
80.0,b1387,1,29,0.2390337212410147,0.2390337212410121,2.581268532253489e-15,0,656.7596517376579
80.0,b1393,1,29,0.2390337212410147,0.2390337212410121,2.581268532253489e-15,0,656.7596517376579
80.0,b2912,1,29,0.2390337212410147,0.2390337212410121,2.581268532253489e-15,0,656.7596517376579
80.0,b2174,1,29,0.2390337212410147,0.2390337212410121,2.581268532253489e-15,0,656.7596517376579
80.0,b0826,1,29,0.2390337212410147,0.2390337212410121,2.581268532253489e-15,0,656.7596517376579
80.0,b0781,1,29,0.2390337212410147,0.2390337212410121,2.581268532253489e-15,0,656.7596517376579
80.0,b0783,1,29,0.2390337212410147,0.2390337212410121,2.581268532253489e-15,0,656.7596517376579
80.0,b0630,1,29,0.2390337212410147,0.2390337212410121,2.581268532253489e-15,0,656.7596517376579
80.0,b0628,1,29,0.2390337212410147,0.2390337212410121,2.581268532253489e-15,0,656.7596517376579
80.0,b4386,3,29,0.2390337212410147,0.2390337212410121,2.581268532253489e-15,0,656.7596517376579
80.0,b1385,1,29,0.2390337212410147,0.2390337212410121,2.581268532253489e-15,0,656.7596517376579
80.0,b2917,1,29,0.2390337212410147,0.2390337212410121,2.581268532253489e-15,0,656.7596517376579
80.0,b3572,1,29,0.2390337212410147,0.2390337212410121,2.581268532253489e-15,0,656.7596517376579
80.0,b4129,1,29,0.2390337212410147,0.2390337212410121,2.581268532253489e-15,0,656.7596517376579
80.0,b3722,1,29,0.2390337212410147,0.2390337212410121,2.581268532253489e-15,0,656.7596517376579
80.0,b0681,1,29,0.2390337212410147,0.2390337212410121,2.581268532253489e-15,0,656.7596517376579
80.0,b1473,3,29,0.2390337212410147,0.2390337212410121,2.581268532253489e-15,0,656.7596517376579
80.0,b3882,2,29,0.2390337212410147,0.2390337212410121,2.581268532253489e-15,0,656.7596517376579
80.0,b1600,1,29,0.2390337212410147,0.2390337212410121,2.581268532253489e-15,0,656.7596517376579
80.0,b1599,1,29,0.2390337212410147,0.2390337212410121,2.581268532253489e-15,0,656.7596517376579
80.0,b2660,1,29,0.2390337212410147,0.2390337212410121,2.581268532253489e-15,0,656.7596517376579
80.0,b4167,4,29,0.2390337212410147,0.2390337212410121,2.581268532253489e-15,0,656.7596517376579
80.0,b2670,1,29,0.2390337212410147,0.2390337212410121,2.581268532253489e-15,0,656.7596517376579
80.0,b3070,3,29,0.2390337212410147,0.2390337212410121,2.581268532253489e-15,0,656.7596517376579
80.0,b4297,1,29,0.2390337212410147,0.2390337212410121,2.581268532253489e-15,0,656.7596517376579
80.0,b0269,1,29,0.2390337212410147,0.2390337212410121,2.581268532253489e-15,0,656.7596517376579
80.0,b4298,1,29,0.2390337212410147,0.2390337212410121,2.581268532253489e-15,0,656.7596517376579
80.0,b0268,1,29,0.2390337212410147,0.2390337212410121,2.581268532253489e-15,0,656.7596517376579
80.0,b3715,1,29,0.2390337212410147,0.2390337212410121,2.581268532253489e-15,0,656.7596517376579
80.0,b0516,1,29,0.2390337212410147,0.2390337212410121,2.581268532253489e-15,0,656.7596517376579
80.0,b0515,1,29,0.2390337212410147,0.2390337212410121,2.581268532253489e-15,0,656.7596517376579
80.0,b1617,1,29,0.2390337212410147,0.2390337212410121,2.581268532253489e-15,0,656.7596517376579
80.0,b1695,1,425,0.2390337212410147,0.234901813885092,0.0041319073559226,0,650.1573218502288
80.0,b1771,1,29,0.2390337212410147,0.2390337212410059,8.743006318923108e-15,0,656.759651737656
80.0,b2907,1,29,0.2390337212410147,0.2390337212410197,-5.051514762044462e-15,0,656.7596517376604
80.0,b0543,2,29,0.2390337212410147,0.2390337212410197,-5.051514762044462e-15,0,656.7596517376604
80.0,b1601,1,29,0.2390337212410147,0.2390337212410197,-5.051514762044462e-15,0,656.7596517376604
80.0,b0624,1,29,0.2390337212410147,0.2390337212410197,-5.051514762044462e-15,0,656.7596517376604
80.0,b3880,1,29,0.2390337212410147,0.2390337212410197,-5.051514762044462e-15,0,656.7596517376604
80.0,b3881,1,29,0.2390337212410147,0.2390337212410197,-5.051514762044462e-15,0,656.7596517376604
80.0,b3877,1,29,0.2390337212410147,0.2390337212410197,-5.051514762044462e-15,0,656.7596517376604
80.0,b3876,1,29,0.2390337212410147,0.2390337212410197,-5.051514762044462e-15,0,656.7596517376604
80.0,b1511,1,134,0.2390337212410147,0.2390309482183053,2.7730227093736293e-06,0,656.7597000639735
80.0,b2371,1,29,0.2390337212410147,0.2390337212409894,2.5229818234606682e-14,0,656.7596517376511
80.0,b2302,1,29,0.2390337212410147,0.2390337212410197,-5.051514762044462e-15,0,656.7596517376604
80.0,b2989,1,29,0.2390337212410147,0.2390337212410197,-5.051514762044462e-15,0,656.7596517376604
80.0,b1619,1,29,0.2390337212410147,0.2390337212410197,-5.051514762044462e-15,0,656.7596517376604
80.0,b4337,1,29,0.2390337212410147,0.2390337212410197,-5.051514762044462e-15,0,656.7596517376604
80.0,b1337,1,29,0.2390337212410147,0.2390337212410197,-5.051514762044462e-15,0,656.7596517376604
80.0,b1338,1,29,0.2390337212410147,0.2390337212410197,-5.051514762044462e-15,0,656.7596517376604
80.0,b1336,1,29,0.2390337212410147,0.2390337212410197,-5.051514762044462e-15,0,656.7596517376604
80.0,b2873,1,29,0.2390337212410147,0.2390337212410197,-5.051514762044462e-15,0,656.7596517376604
80.0,b1430,1,29,0.2390337212410147,0.2390337212410197,-5.051514762044462e-15,0,656.7596517376604
80.0,b1396,2,29,0.2390337212410147,0.2390337212410197,-5.051514762044462e-15,0,656.7596517376604
80.0,b3943,1,29,0.2390337212410147,0.2390337212410197,-5.051514762044462e-15,0,656.7596517376604
80.0,b0578,2,29,0.2390337212410147,0.2390337212410197,-5.051514762044462e-15,0,656.7596517376604
80.0,b3253,1,29,0.2390337212410147,0.2390337212410197,-5.051514762044462e-15,0,656.7596517376604
80.0,b1022,2,29,0.2390337212410147,0.2390337212410197,-5.051514762044462e-15,0,656.7596517376604
80.0,b1021,2,29,0.2390337212410147,0.2390337212410197,-5.051514762044462e-15,0,656.7596517376604
80.0,b1733,1,29,0.2390337212410147,0.2390337212410197,-5.051514762044462e-15,0,656.7596517376604
80.0,b4266,2,29,0.2390337212410147,0.2390337212410197,-5.051514762044462e-15,0,656.7596517376604
80.0,b3493,1,329,0.2390337212410147,0.2376637480076441,0.0013699732333705,0,657.2541623142217
80.0,b2987,1,329,0.2390337212410147,0.2376637480076666,0.001369973233348,0,657.2541623142267
80.0,b0401,3,29,0.2390337212410147,0.2390337212410398,-2.509104035652853e-14,0,656.7596517376661
80.0,b4141,4,29,0.2390337212410147,0.2390337212410197,-5.051514762044462e-15,0,656.7596517376604
80.0,b1798,2,29,0.2390337212410147,0.2390337212410197,-5.051514762044462e-15,0,656.7596517376604
80.0,b3662,2,29,0.2390337212410147,0.2390337212410197,-5.051514762044462e-15,0,656.7596517376604
80.0,b1592,1,29,0.2390337212410147,0.2390337212410197,-5.051514762044462e-15,0,656.7596517376604
80.0,b2842,1,29,0.2390337212410147,0.2390337212410197,-5.051514762044462e-15,0,656.7596517376604
80.0,b4020,1,29,0.2390337212410147,0.2390337212410197,-5.051514762044462e-15,0,656.7596517376604
80.0,b1985,2,29,0.2390337212410147,0.2390337212410197,-5.051514762044462e-15,0,656.7596517376604
80.0,b1516,1,29,0.2390337212410147,0.2390337212410197,-5.051514762044462e-15,0,656.7596517376604
80.0,b1514,1,29,0.2390337212410147,0.2390337212410197,-5.051514762044462e-15,0,656.7596517376604
80.0,b1515,1,29,0.2390337212410147,0.2390337212410197,-5.051514762044462e-15,0,656.7596517376604
80.0,b1513,1,29,0.2390337212410147,0.2390337212410197,-5.051514762044462e-15,0,656.7596517376604
80.0,b1518,1,134,0.2390337212410147,0.2390309482183053,2.7730227093736293e-06,0,656.7597000639735
80.0,b3240,1,29,0.2390337212410147,0.2390337212410155,-8.049116928532385e-16,0,656.7596517376584
80.0,b3241,1,29,0.2390337212410147,0.2390337212410197,-5.051514762044462e-15,0,656.7596517376604
80.0,b1449,2,29,0.2390337212410147,0.2390337212410197,-5.051514762044462e-15,0,656.7596517376604
80.0,b2245,1,29,0.2390337212410147,0.2390337212410197,-5.051514762044462e-15,0,656.7596517376604
80.0,b1448,1,29,0.2390337212410147,0.2390337212410197,-5.051514762044462e-15,0,656.7596517376604
80.0,b3656,1,29,0.2390337212410147,0.2390337212410197,-5.051514762044462e-15,0,656.7596517376604
80.0,b3883,1,29,0.2390337212410147,0.2390337212410197,-5.051514762044462e-15,0,656.7596517376604
80.0,b3966,3,29,0.2390337212410147,0.2390337212410197,-5.051514762044462e-15,0,656.7596517376604
80.0,b4098,1,29,0.2390337212410147,0.2390337212410197,-5.051514762044462e-15,0,656.7596517376604
80.0,b3488,1,29,0.2390337212410147,0.2390337212410197,-5.051514762044462e-15,0,656.7596517376604
80.0,b1813,1,29,0.2390337212410147,0.2390337212410197,-5.051514762044462e-15,0,656.7596517376604
80.0,b2166,1,29,0.2390337212410147,0.2390337212410197,-5.051514762044462e-15,0,656.7596517376604
80.0,b1103,1,29,0.2390337212410147,0.2390337212410197,-5.051514762044462e-15,0,656.7596517376604
80.0,b4096,1,29,0.2390337212410147,0.2390337212410197,-5.051514762044462e-15,0,656.7596517376604
80.0,b4101,1,29,0.2390337212410147,0.2390337212410197,-5.051514762044462e-15,0,656.7596517376604
80.0,b4100,1,29,0.2390337212410147,0.2390337212410197,-5.051514762044462e-15,0,656.7596517376604
80.0,b4099,1,29,0.2390337212410147,0.2390337212410197,-5.051514762044462e-15,0,656.7596517376604
80.0,b4095,1,29,0.2390337212410147,0.2390337212410197,-5.051514762044462e-15,0,656.7596517376604
80.0,b4092,1,29,0.2390337212410147,0.2390337212410197,-5.051514762044462e-15,0,656.7596517376604
80.0,b2047,1,29,0.2390337212410147,0.2390337212410197,-5.051514762044462e-15,0,656.7596517376604
80.0,b4106,1,29,0.2390337212410147,0.2390337212410197,-5.051514762044462e-15,0,656.7596517376604
80.0,b4104,1,29,0.2390337212410147,0.2390337212410197,-5.051514762044462e-15,0,656.7596517376604
80.0,b4105,1,29,0.2390337212410147,0.2390337212410197,-5.051514762044462e-15,0,656.7596517376604
80.0,b0662,1,29,0.2390337212410147,0.2390337212410197,-5.051514762044462e-15,0,656.7596517376604
80.0,b2906,1,29,0.2390337212410147,0.2390337212410197,-5.051514762044462e-15,0,656.7596517376604
80.0,b1400,1,29,0.2390337212410147,0.2390337212410197,-5.051514762044462e-15,0,656.7596517376604
80.0,b2683,1,29,0.2390337212410147,0.2390337212410197,-5.051514762044462e-15,0,656.7596517376604
80.0,b2682,1,29,0.2390337212410147,0.2390337212410197,-5.051514762044462e-15,0,656.7596517376604
80.0,b1821,1,29,0.2390337212410147,0.2390337212410197,-5.051514762044462e-15,0,656.7596517376604
80.0,b2164,1,29,0.2390337212410147,0.2390337212410197,-5.051514762044462e-15,0,656.7596517376604
80.0,b1616,1,29,0.2390337212410147,0.2390337212410197,-5.051514762044462e-15,0,656.7596517376604
80.0,b1517,1,134,0.2390337212410147,0.2390309482183053,2.7730227093736293e-06,0,656.7597000639735
80.0,b0577,1,29,0.2390337212410147,0.2390337212410465,-3.1807889655510735e-14,0,656.7596517376667
80.0,b2924,1,29,0.2390337212410147,0.2390337212410197,-5.051514762044462e-15,0,656.7596517376604
80.0,b1330,1,29,0.2390337212410147,0.2390337212410197,-5.051514762044462e-15,0,656.7596517376604
80.0,b0808,1,29,0.2390337212410147,0.2390337212410197,-5.051514762044462e-15,0,656.7596517376604
80.0,b0465,1,29,0.2390337212410147,0.2390337212410197,-5.051514762044462e-15,0,656.7596517376604
80.0,b3291,1,29,0.2390337212410147,0.2390337212410197,-5.051514762044462e-15,0,656.7596517376604
80.0,b4159,1,29,0.2390337212410147,0.2390337212410197,-5.051514762044462e-15,0,656.7596517376604
80.0,b2247,1,29,0.2390337212410147,0.2390337212410197,-5.051514762044462e-15,0,656.7596517376604
80.0,b0597,1,29,0.2390337212410147,0.2390337212410197,-5.051514762044462e-15,0,656.7596517376604
80.0,b1870,1,29,0.2390337212410147,0.2390337212410197,-5.051514762044462e-15,0,656.7596517376604
80.0,b3116,2,29,0.2390337212410147,0.2390337212410197,-5.051514762044462e-15,0,656.7596517376604
80.0,b2796,1,29,0.2390337212410147,0.2390337212410197,-5.051514762044462e-15,0,656.7596517376604
80.0,b4093,1,29,0.2390337212410147,0.2390337212410197,-5.051514762044462e-15,0,656.7596517376604
80.0,b3878,1,29,0.2390337212410147,0.2390337212410197,-5.051514762044462e-15,0,656.7596517376604
80.0,b1206,3,29,0.2390337212410147,0.2390337212410197,-5.051514762044462e-15,0,656.7596517376604
100.0,b0870,5,61,0.0796779070803418,0.0796774292740553,4.778062865223864e-07,0,9.499199515282322e-08
100.0,b2551,6,355,0.0796779070803418,0.0775229295237594,0.0021549775565824,0,0.2255013114058858
100.0,b3368,3,405,0.0796779070803418,3.096664666837777e-17,0.0796779070803418,1,142.35572651408262
100.0,b2436,1,82,0.0796779070803418,0.0796761728477801,1.734232561723115e-06,0,7.758997190984704e-08
100.0,b3500,1,0,0.0796779070803418,0.0796779070803384,3.483324739761429e-15,0,0.0
100.0,b0945,2,0,0.0796779070803418,0.079677907080341,8.049116928532385e-16,0,0.0
100.0,b4467,3,0,0.0796779070803418,0.079677907080341,8.049116928532385e-16,0,0.0
100.0,b2979,3,0,0.0796779070803418,0.079677907080341,8.049116928532385e-16,0,0.0
100.0,b4468,3,0,0.0796779070803418,0.079677907080341,8.049116928532385e-16,0,0.0
100.0,b3916,3,322,0.0796779070803418,0.0785756786316721,0.0011022284486697,0,2.7353068387787345
100.0,b1260,3,405,0.0796779070803418,-7.443111114156513e-16,0.0796779070803426,1,142.3557265139469
100.0,b1261,3,405,0.0796779070803418,0.0,0.0796779070803418,1,142.35572651391988
100.0,b3426,1,11,0.0796779070803418,0.0796779070803313,1.0560996521746802e-14,0,0.083563825807766
100.0,b2243,3,11,0.0796779070803418,0.0796779070803377,4.107825191113079e-15,0,0.0835638258078238
100.0,b2242,3,11,0.0796779070803418,0.0796779070803377,4.107825191113079e-15,0,0.0835638258078238
100.0,b2241,3,11,0.0796779070803418,0.0796779070803377,4.107825191113079e-15,0,0.0835638258078238
100.0,b3770,5,405,0.0796779070803418,-1.5857845223047213e-15,0.0796779070803434,1,142.35572651394492
100.0,b4054,4,405,0.0796779070803418,0.0,0.0796779070803418,1,142.35572651389168
100.0,b3281,1,405,0.0796779070803418,0.0,0.0796779070803418,1,142.35572651389168
100.0,b1692,3,405,0.0796779070803418,-7.197362728335308e-46,0.0796779070803418,1,142.35572651393525
100.0,b0243,1,405,0.0796779070803418,-7.197362728335308e-46,0.0796779070803418,1,142.35572651393525
100.0,b1613,1,11,0.0796779070803418,0.0796779070803351,6.7862382380212686e-15,0,0.0835638258077908
100.0,b0414,2,405,0.0796779070803418,3.281691672329905e-16,0.0796779070803415,1,142.3557265139406
100.0,b3041,1,405,0.0796779070803418,0.0,0.0796779070803418,1,142.35572651391178
100.0,b0025,2,405,0.0796779070803418,0.0,0.0796779070803418,1,142.35572651394975
100.0,b0446,4,11,0.0796779070803418,0.0796779070803423,-4.718447854656915e-16,0,0.0835638258078751
100.0,b3812,2,405,0.0796779070803418,-1.5857845223047213e-15,0.0796779070803434,1,142.35572651394722
100.0,b0844,2,405,0.0796779070803418,0.0,0.0796779070803418,1,142.3557265139604
100.0,b1662,1,405,0.0796779070803418,0.0,0.0796779070803418,1,142.3557265139604
100.0,b0421,2,405,0.0796779070803418,0.0,0.0796779070803418,1,142.3557265139715
100.0,b3804,1,405,0.0796779070803418,0.0,0.0796779070803418,1,142.35572651393832
100.0,b3997,1,405,0.0796779070803418,0.0,0.0796779070803418,1,142.35572651392297
100.0,b4382,2,11,0.0796779070803418,0.0796779070803457,-3.816391647148976e-15,0,0.0835638258079143
100.0,b0126,1,405,0.0796779070803418,6.944212798826426e-14,0.0796779070802724,1,142.35572651369648
100.0,b0339,1,405,0.0796779070803418,-4.3195498011838023e-14,0.0796779070803851,1,142.35572651407676
100.0,b4006,2,405,0.0796779070803418,-3.51689609892613e-14,0.079677907080377,1,142.35572651404956
100.0,b2508,1,305,0.0796779070803418,0.0793702695350366,0.0003076375453052,0,0.0889936628718627
100.0,b3846,19,360,0.0796779070803418,0.0783006046283622,0.0013773024519796,0,0.3800485274872507
100.0,b2341,16,360,0.0796779070803418,0.0783006046283723,0.0013773024519695,0,0.3800485274874588
100.0,b2400,1,405,0.0796779070803418,6.901264360102156e-16,0.0796779070803412,1,142.3557265139083
100.0,b3993,1,405,0.0796779070803418,0.0,0.0796779070803418,1,142.35572651393107
100.0,b2066,4,11,0.0796779070803418,0.0796779070803292,1.2670420268534599e-14,0,0.0835638258077281
100.0,b0238,3,11,0.0796779070803418,0.0796779070803227,1.9192980538207397e-14,0,0.0835638258076767
100.0,b0125,2,11,0.0796779070803418,0.0796779070803227,1.9192980538207397e-14,0,0.0835638258076767
100.0,b2518,8,11,0.0796779070803418,0.0796779070803227,1.9192980538207397e-14,0,0.0247825485468583
100.0,b0474,13,56,0.0796779070803418,0.0796774798239543,4.272563875473701e-07,0,0.1155594687135149
100.0,b1062,1,405,0.0796779070803418,-3.649746342364471e-16,0.0796779070803422,1,142.35572651396458
100.0,b1281,1,405,0.0796779070803418,0.0,0.0796779070803418,1,142.3557265139081
100.0,b0720,1,405,0.0796779070803418,1.364945444692198e-14,0.0796779070803282,1,142.35572651387025
100.0,b1136,1,405,0.0796779070803418,-1.5790006996347708e-30,0.0796779070803418,1,142.35572651393957
100.0,b0351,1,71,0.0796779070803418,0.0796779070803332,8.659739592076221e-15,0,0.1176212390542256
100.0,b1241,3,71,0.0796779070803418,0.0796779070803354,6.467049118441537e-15,0,0.1176212390541966
100.0,b4069,2,71,0.0796779070803418,0.0796779070803354,6.467049118441537e-15,0,0.1176212390541966
100.0,b4226,1,405,0.0796779070803418,4.500934577712538e-14,0.0796779070802968,1,142.355726513867
100.0,b2502,2,405,0.0796779070803418,-1.3975467986011596e-14,0.0796779070803558,1,142.35572651397166
100.0,b2744,14,405,0.0796779070803418,-1.3975467986011596e-14,0.0796779070803558,1,142.35572651397166
100.0,b3403,1,86,0.0796779070803418,0.0796779070803902,-4.8308579359002124e-14,0,0.1175485038626762
100.0,b1479,1,86,0.0796779070803418,0.0796779070803451,-3.219646771412954e-15,0,0.11754850386241
100.0,b1190,1,405,0.0796779070803418,5.071286967442209e-16,0.0796779070803413,1,142.35572651396637
100.0,b4053,1,405,0.0796779070803418,0.0,0.0796779070803418,1,142.35572651391132
100.0,b2379,1,89,0.0796779070803418,0.0796779070803312,1.0616507672978061e-14,0,0.1239962838630071
100.0,b2290,1,89,0.0796779070803418,0.0796779070803498,-7.951972413877684e-15,0,0.1239962838628525
100.0,b3564,2,89,0.0796779070803418,0.0796779070803498,-7.951972413877684e-15,0,0.1239962838628525
100.0,b0063,3,89,0.0796779070803418,0.0796779070803498,-7.951972413877684e-15,0,0.1239962838628525
100.0,b3752,1,89,0.0796779070803418,0.0796779070803498,-7.951972413877684e-15,0,0.1239962838628525
100.0,b3926,1,89,0.0796779070803418,0.0796779070803498,-7.951972413877684e-15,0,0.1239962838628525
100.0,b4383,2,95,0.0796779070803418,0.0796774798239558,4.272563860208134e-07,0,0.0608820318160179
100.0,b0928,4,405,0.0796779070803418,2.305571595337506e-14,0.0796779070803188,1,142.355726513878
100.0,b3925,1,89,0.0796779070803418,0.0796779070803421,-2.220446049250313e-16,0,0.0608592150732843
100.0,b2930,1,89,0.0796779070803418,0.0796779070803424,-5.551115123125784e-16,0,0.060859215073287
100.0,b4232,1,89,0.0796779070803418,0.0796779070803424,-5.551115123125784e-16,0,0.060859215073287
100.0,b3697,6,89,0.0796779070803418,0.0796779070803424,-5.551115123125784e-16,0,0.060859215073287
100.0,b3430,1,89,0.0796779070803418,0.0796779070803424,-5.551115123125784e-16,0,0.060859215073287
100.0,b1676,1,89,0.0796779070803418,0.0796779070803424,-5.551115123125784e-16,0,0.060859215073287
100.0,b1854,5,72,0.0796779070803418,0.0796779070803424,-5.551115123125784e-16,0,0.119614938084723
100.0,b3197,1,405,0.0796779070803418,-1.0981505718183384e-15,0.0796779070803429,1,142.35572651398166
100.0,b2708,1,405,0.0796779070803418,0.0,0.0796779070803418,1,142.35572651393684
100.0,b0072,2,405,0.0796779070803418,0.0,0.0796779070803418,1,142.35572651393684
100.0,b0071,2,405,0.0796779070803418,0.0,0.0796779070803418,1,142.35572651392783
100.0,b3671,2,405,0.0796779070803418,0.0,0.0796779070803418,1,142.35572651392783
100.0,b3670,2,405,0.0796779070803418,0.0,0.0796779070803418,1,142.3557265139338
100.0,b0078,2,405,0.0796779070803418,0.0,0.0796779070803418,1,142.3557265139338
100.0,b0077,2,405,0.0796779070803418,0.0,0.0796779070803418,1,142.3557265139338
100.0,b0908,1,405,0.0796779070803418,0.0,0.0796779070803418,1,142.3557265139338
100.0,b1264,1,405,0.0796779070803418,-1.5920396785815102e-29,0.0796779070803418,1,142.3557265139176
100.0,b1263,2,405,0.0796779070803418,0.0,0.0796779070803418,1,142.35572651393448
100.0,b2599,2,405,0.0796779070803418,0.0,0.0796779070803418,1,142.35572651393448
100.0,b2600,2,405,0.0796779070803418,0.0,0.0796779070803418,1,142.35572651392755
100.0,b2329,1,405,0.0796779070803418,0.0,0.0796779070803418,1,142.35572651392755
100.0,b1262,2,405,0.0796779070803418,0.0,0.0796779070803418,1,142.35572651394523
100.0,b2779,1,411,0.0796779070803418,0.0,0.0796779070803418,1,26860.35874098214
100.0,b2097,1,66,0.0796779070803418,0.0796779070803513,-9.478529072737274e-15,0,545.8432147333679
100.0,b2925,2,321,0.0796779070803418,0.0785756786316693,0.0011022284486725,0,3.19928942968418
100.0,b0963,1,14,0.0796779070803418,0.0796779070803392,2.6367796834847468e-15,0,0.0869742658014669
100.0,b1702,1,14,0.0796779070803418,0.0796779070803335,8.368306048112117e-15,0,0.0869742658014025
100.0,b4025,1,410,0.0796779070803418,0.0601676437278981,0.0195102633524437,0,576.5956391984366
100.0,b2926,1,411,0.0796779070803418,0.0,0.0796779070803418,1,26860.35874098214
100.0,b1850,2,65,0.0796779070803418,0.0796779070803359,5.9674487573602164e-15,0,424.77817826104746
100.0,b0767,1,323,0.0796779070803418,0.0787849469811612,0.0008929600991806,0,430.75244852136336
100.0,b3386,1,322,0.0796779070803418,0.0790870101435543,0.0005908969367875,0,428.5526341607576
100.0,b2464,1,67,0.0796779070803418,0.0796779070803345,7.382983113757291e-15,0,422.04810334925145
100.0,b0008,1,67,0.0796779070803418,0.0796779070803397,2.1371793224034263e-15,0,422.0481033492532
100.0,b2465,2,406,0.0796779070803418,1.3219504188061856e-14,0.0796779070803286,1,584.8773389544535
100.0,b2935,2,406,0.0796779070803418,1.932427691999963e-14,0.0796779070803225,1,584.8773389544197
100.0,b0678,1,67,0.0796779070803418,0.0796779070803367,5.162537064506978e-15,0,422.0481033492521
100.0,b1478,2,67,0.0796779070803418,0.0796779070803397,2.1371793224034263e-15,0,422.0481033492532
100.0,b3011,3,67,0.0796779070803418,0.0796779070803397,2.1371793224034263e-15,0,422.0481033492532
100.0,b3003,1,67,0.0796779070803418,0.0796779070803397,2.1371793224034263e-15,0,422.0481033492532
100.0,b4269,2,67,0.0796779070803418,0.0796779070803397,2.1371793224034263e-15,0,422.0481033492532
100.0,b0493,1,67,0.0796779070803418,0.0796779070803397,2.1371793224034263e-15,0,422.0481033492532
100.0,b3588,2,67,0.0796779070803418,0.0796779070803397,2.1371793224034263e-15,0,422.0481033492532
100.0,b3903,2,67,0.0796779070803418,0.0796779070803397,2.1371793224034263e-15,0,422.0481033492532
100.0,b3996,1,67,0.0796779070803418,0.0796779070803397,2.1371793224034263e-15,0,422.0481033492532
100.0,b2411,1,67,0.0796779070803418,0.0796779070803397,2.1371793224034263e-15,0,422.0481033492532
100.0,b0639,2,406,0.0796779070803418,-3.5638735624942815e-12,0.0796779070839057,1,584.8773389681107
100.0,b4390,1,17,0.0796779070803418,0.0796779070803381,3.719247132494274e-15,0,422.0490224015999
100.0,b2103,2,406,0.0796779070803418,0.0,0.0796779070803418,1,584.8773389545377
100.0,b2418,4,17,0.0796779070803418,0.0796779070803387,3.1641356201816957e-15,0,422.04902240159936
100.0,b3831,1,17,0.0796779070803418,0.0796779070803422,-3.05311331771918e-16,0,422.0490224016001
100.0,b4384,7,58,0.0796779070803418,0.0796774798239479,4.27256393958908e-07,0,422.0491401239431
100.0,b3073,1,17,0.0796779070803418,0.0796779070803408,1.0408340855860845e-15,0,422.0490224016
100.0,b3008,2,406,0.0796779070803418,0.0,0.0796779070803418,1,584.8773389545397
100.0,b3708,3,277,0.0796779070803418,0.0796328236413665,4.508343897538514e-05,0,421.89512233224616
100.0,b1134,3,17,0.0796779070803418,0.0796779070803437,-1.8318679906315083e-15,0,422.049022401601
100.0,b3614,3,17,0.0796779070803418,0.0796779070803422,-3.05311331771918e-16,0,422.0490224016001
100.0,b3642,1,406,0.0796779070803418,0.0,0.0796779070803418,1,584.8773389545397
100.0,b0415,1,406,0.0796779070803418,0.0,0.0796779070803418,1,584.8773389545642
100.0,b3771,2,406,0.0796779070803418,0.0,0.0796779070803418,1,584.8773389544872
100.0,b3885,1,17,0.0796779070803418,0.0796779070803365,5.3013149425851225e-15,0,422.04902240159913
100.0,b2293,8,17,0.0796779070803418,0.0796779070803422,-3.05311331771918e-16,0,422.0490224016001
100.0,b3114,2,17,0.0796779070803418,0.0796779070803422,-3.05311331771918e-16,0,422.0490224016001
100.0,b3951,1,17,0.0796779070803418,0.0796779070803422,-3.05311331771918e-16,0,422.0490224016001
100.0,b3952,1,17,0.0796779070803418,0.0796779070803422,-3.05311331771918e-16,0,422.0490224016001
100.0,b0902,2,17,0.0796779070803418,0.0796779070803422,-3.05311331771918e-16,0,422.0490224016001
100.0,b0903,2,17,0.0796779070803418,0.0796779070803422,-3.05311331771918e-16,0,422.0490224016001
100.0,b2579,2,17,0.0796779070803418,0.0796779070803422,-3.05311331771918e-16,0,422.0490224016001
100.0,b4154,2,17,0.0796779070803418,0.0796779070803422,-3.05311331771918e-16,0,422.0490224016001
100.0,b4151,2,17,0.0796779070803418,0.0796779070803422,-3.05311331771918e-16,0,422.0490224016001
100.0,b4153,2,17,0.0796779070803418,0.0796779070803422,-3.05311331771918e-16,0,422.0490224016001
100.0,b4152,2,17,0.0796779070803418,0.0796779070803422,-3.05311331771918e-16,0,422.0490224016001
100.0,b0871,1,17,0.0796779070803418,0.0796779070803422,-3.05311331771918e-16,0,422.0490224016001
100.0,b2458,1,411,0.0796779070803418,0.0,0.0796779070803418,1,26860.35874098214
100.0,b2297,2,411,0.0796779070803418,0.0,0.0796779070803418,1,26860.35874098214
100.0,b3115,2,411,0.0796779070803418,0.0,0.0796779070803418,1,26860.35874098214
100.0,b2296,1,411,0.0796779070803418,0.0,0.0796779070803418,1,26860.35874098214
100.0,b1849,2,411,0.0796779070803418,0.0,0.0796779070803418,1,26860.35874098214
100.0,b3633,2,410,0.0796779070803418,-2.088415654196019e-29,0.0796779070803418,1,1359.6895708604393
100.0,b0174,1,410,0.0796779070803418,-6.332545819030093e-27,0.0796779070803418,1,1359.6895708604573
100.0,b0524,1,410,0.0796779070803418,0.0,0.0796779070803418,1,1359.689570860785
100.0,b0182,1,410,0.0796779070803418,0.0,0.0796779070803418,1,1359.6895708607594
100.0,b0915,1,410,0.0796779070803418,0.0,0.0796779070803418,1,1359.6895708613526
100.0,b0099,3,410,0.0796779070803418,-4.934705875862546e-27,0.0796779070803418,1,1359.6895708602283
100.0,b2781,8,15,0.0796779070803418,0.079677907080342,-1.1102230246251563e-16,0,424.78076500126167
100.0,b0160,2,15,0.0796779070803418,0.079677907080354,-1.211530875622202e-14,0,424.7807650012649
100.0,b1800,2,406,0.0796779070803418,5.777988543219869e-16,0.0796779070803413,1,584.8773389545943
100.0,b0073,1,406,0.0796779070803418,0.0,0.0796779070803418,1,584.8773389545663
100.0,b0523,1,406,0.0796779070803418,6.150031989904284e-14,0.0796779070802803,1,584.8773389543356
100.0,b1131,2,406,0.0796779070803418,-9.440412455862008e-14,0.0796779070804363,1,584.8773389548569
100.0,b2407,5,15,0.0796779070803418,0.0796779070803303,1.1587952819525071e-14,0,424.7807650012572
100.0,b2234,4,15,0.0796779070803418,0.079677907080354,-1.211530875622202e-14,0,424.7807650012649
100.0,b2235,4,15,0.0796779070803418,0.079677907080354,-1.211530875622202e-14,0,424.7807650012649
100.0,b3781,10,20,0.0796779070803418,0.079677907080354,-1.211530875622202e-14,0,424.78270916605766
100.0,b2582,10,20,0.0796779070803418,0.0796779070803432,-1.3183898417423734e-15,0,424.78270916605385
100.0,b2827,1,406,0.0796779070803418,-2.089942106424607e-15,0.0796779070803439,1,584.8773389545424
100.0,b1238,2,20,0.0796779070803418,0.0796779070803385,3.386180225106728e-15,0,424.7827091660531
100.0,b3639,2,406,0.0796779070803418,-7.288829791882504e-16,0.0796779070803426,1,584.877338954545
100.0,b1232,1,20,0.0796779070803418,0.0796779070803439,-2.05391259555654e-15,0,424.7827091660549
100.0,b1851,1,20,0.0796779070803418,0.0796779070803432,-1.3183898417423734e-15,0,424.78270916605385
100.0,b1693,1,406,0.0796779070803418,2.1394922408678983e-14,0.0796779070803204,1,584.877338954467
100.0,b4146,1,20,0.0796779070803418,0.0796779070803371,4.7323256424647305e-15,0,424.7827091660522
100.0,b1109,3,20,0.0796779070803418,0.0796779070803432,-1.3183898417423734e-15,0,424.78270916605385
100.0,b1004,3,20,0.0796779070803418,0.0796779070803432,-1.3183898417423734e-15,0,424.78270916605385
100.0,b0046,3,20,0.0796779070803418,0.0796779070803432,-1.3183898417423734e-15,0,424.78270916605385
100.0,b3713,3,20,0.0796779070803418,0.0796779070803432,-1.3183898417423734e-15,0,424.78270916605385
100.0,b3236,1,376,0.0796779070803418,0.0767465729260655,0.0029313341542763,0,426.38834930661886
100.0,b4122,2,431,0.0796779070803418,0.073757383430974,0.0059205236493678,0,417.26236466210594
100.0,b1611,1,431,0.0796779070803418,0.0737573834309707,0.0059205236493711,0,417.2623646621052
100.0,b1612,1,431,0.0796779070803418,0.0737573834309707,0.0059205236493711,0,417.2623646621052
100.0,b1638,2,20,0.0796779070803418,0.0796779070803027,3.914923940584458e-14,0,424.7827091660427
100.0,b0907,3,406,0.0796779070803418,-1.795721049680116e-16,0.079677907080342,1,584.8773389543951
100.0,b1210,1,406,0.0796779070803418,0.0,0.0796779070803418,1,584.8773389545412
100.0,b3429,1,20,0.0796779070803418,0.0796779070803395,2.373101715136272e-15,0,424.7827091660525
100.0,b3417,5,20,0.0796779070803418,0.0796779070803573,-1.5404344466674047e-14,0,424.7827091660585
100.0,b3428,2,20,0.0796779070803418,0.0796779070803573,-1.5404344466674047e-14,0,424.7827091660585
100.0,b0428,1,20,0.0796779070803418,0.0796779070803573,-1.5404344466674047e-14,0,424.7827091660585
100.0,b0120,1,20,0.0796779070803418,0.0796779070803573,-1.5404344466674047e-14,0,424.7827091660585
100.0,b2937,1,20,0.0796779070803418,0.0796779070803573,-1.5404344466674047e-14,0,424.7827091660585
100.0,b4117,1,20,0.0796779070803418,0.0796779070803573,-1.5404344466674047e-14,0,424.7827091660585
100.0,b3172,1,406,0.0796779070803418,2.938294574926676e-16,0.0796779070803416,1,584.877338954607
100.0,b3958,1,406,0.0796779070803418,0.0,0.0796779070803418,1,584.8773389545015
100.0,b0121,2,20,0.0796779070803418,0.0796779070803372,4.676814491233472e-15,0,424.7827091660524
100.0,b0154,1,406,0.0796779070803418,1.0040966214485925e-15,0.0796779070803408,1,584.8773389546063
100.0,b0918,1,406,0.0796779070803418,0.0,0.0796779070803418,1,584.8773389544937
100.0,b4322,1,20,0.0796779070803418,0.0796779070803342,7.632783294297951e-15,0,424.7827091660511
100.0,b3091,1,20,0.0796779070803418,0.0796779070803573,-1.5404344466674047e-14,0,424.7827091660585
100.0,b3092,2,20,0.0796779070803418,0.0796779070803573,-1.5404344466674047e-14,0,424.7827091660585
100.0,b3176,1,406,0.0796779070803418,8.490623073502047e-16,0.079677907080341,1,584.877338954605
100.0,b3730,2,406,0.0796779070803418,0.0,0.0796779070803418,1,584.8773389544958
100.0,b3189,1,406,0.0796779070803418,0.0,0.0796779070803418,1,584.8773389545399
100.0,b3967,1,406,0.0796779070803418,0.0,0.0796779070803418,1,584.8773389545709
100.0,b3786,1,20,0.0796779070803418,0.0796779070803261,1.5723533586253783e-14,0,424.78270916604833
100.0,b2323,13,406,0.0796779070803418,-1.0066988910605473e-15,0.0796779070803429,1,584.8773389546141
100.0,b2232,2,20,0.0796779070803418,0.0796779070803325,9.395262345890387e-15,0,424.7827091660509
100.0,b0593,1,20,0.0796779070803418,0.0796779070803494,-7.591149930874508e-15,0,424.7827091660557
100.0,b0142,1,406,0.0796779070803418,1.8261735595433272e-16,0.0796779070803417,1,584.8773389545768
100.0,b3634,1,406,0.0796779070803418,8.113271406790208e-16,0.079677907080341,1,584.8773389545291
100.0,b0394,1,20,0.0796779070803418,0.0796779070803307,1.1116108034059381e-14,0,424.7827091660501
100.0,b0173,1,406,0.0796779070803418,2.463413321075572e-11,0.0796779070557077,1,584.8773388614
100.0,b3843,1,406,0.0796779070803418,3.298758057386059e-11,0.0796779070473543,1,584.8773388299812
100.0,b0477,2,20,0.0796779070803418,0.0796779070803472,-5.3290705182007506e-15,0,424.78270916605584
100.0,b1302,3,406,0.0796779070803418,0.0,0.0796779070803418,1,584.877338954441
100.0,b2662,3,406,0.0796779070803418,0.0,0.0796779070803418,1,584.8773389545677
100.0,b1525,2,20,0.0796779070803418,0.0796779070803492,-7.313594174718219e-15,0,424.7827091660563
100.0,b4139,1,20,0.0796779070803418,0.0796779070803225,1.9317880628477724e-14,0,424.7827091660475
100.0,b3117,2,406,0.0796779070803418,5.628343358333878e-16,0.0796779070803413,1,584.8773389544392
100.0,b2797,1,20,0.0796779070803418,0.0796779070803279,1.39194211712379e-14,0,424.7827091660493
100.0,b1814,1,20,0.0796779070803418,0.0796779070803225,1.9317880628477724e-14,0,424.7827091660475
100.0,b4471,1,20,0.0796779070803418,0.0796779070803225,1.9317880628477724e-14,0,424.7827091660475
100.0,b3616,1,20,0.0796779070803418,0.0796779070803225,1.9317880628477724e-14,0,424.7827091660475
100.0,b3589,1,20,0.0796779070803418,0.0796779070803225,1.9317880628477724e-14,0,424.7827091660475
100.0,b3774,3,406,0.0796779070803418,0.0,0.0796779070803418,1,584.8773389544377
100.0,b0185,1,406,0.0796779070803418,1.413198803136725e-15,0.0796779070803404,1,584.8773389545626
100.0,b3256,1,406,0.0796779070803418,0.0,0.0796779070803418,1,584.8773389545349
100.0,b3255,1,406,0.0796779070803418,0.0,0.0796779070803418,1,584.8773389545349
100.0,b2316,1,406,0.0796779070803418,0.0,0.0796779070803418,1,584.8773389545349
100.0,b2615,1,406,0.0796779070803418,-2.5514983934410184e-26,0.0796779070803418,1,584.8773389545349
100.0,b2265,1,20,0.0796779070803418,0.0796779070803342,7.605027718682322e-15,0,424.78270916605135
100.0,b2261,1,20,0.0796779070803418,0.0796779070803225,1.9317880628477724e-14,0,424.7827091660475
100.0,b0596,1,20,0.0796779070803418,0.0796779070803225,1.9317880628477724e-14,0,424.7827091660475
100.0,b0595,1,20,0.0796779070803418,0.0796779070803225,1.9317880628477724e-14,0,424.7827091660475
100.0,b4198,1,20,0.0796779070803418,0.0796779070803225,1.9317880628477724e-14,0,424.7827091660475
100.0,b0061,1,20,0.0796779070803418,0.0796779070803225,1.9317880628477724e-14,0,424.7827091660475
100.0,b3583,1,20,0.0796779070803418,0.0796779070803225,1.9317880628477724e-14,0,424.7827091660475
100.0,b4374,3,20,0.0796779070803418,0.0796779070803225,1.9317880628477724e-14,0,424.7827091660475
100.0,b0675,7,20,0.0796779070803418,0.0796779070803225,1.9317880628477724e-14,0,424.7827091660475
100.0,b2291,6,20,0.0796779070803418,0.0796779070803225,1.9317880628477724e-14,0,424.7827091660475
100.0,b2361,8,20,0.0796779070803418,0.0796779070803225,1.9317880628477724e-14,0,424.7827091660475
100.0,b1651,1,20,0.0796779070803418,0.0796779070803225,1.9317880628477724e-14,0,424.7827091660475
100.0,b0766,2,20,0.0796779070803418,0.0796779070803225,1.9317880628477724e-14,0,424.7827091660475
100.0,b3826,6,20,0.0796779070803418,0.0796779070803225,1.9317880628477724e-14,0,424.7827091660475
100.0,b0758,1,20,0.0796779070803418,0.0796779070803225,1.9317880628477724e-14,0,424.7827091660475
100.0,b0420,1,406,0.0796779070803418,2.075901880854284e-11,0.0796779070595828,1,584.877338876036
100.0,b1208,1,406,0.0796779070803418,2.463367255911154e-11,0.0796779070557082,1,584.8773388614792
100.0,b2746,1,406,0.0796779070803418,2.463367255911375e-11,0.0796779070557082,1,584.8773388614933
100.0,b3526,1,20,0.0796779070803418,0.0796779070803435,-1.609823385706477e-15,0,424.7827091660549
100.0,b3565,2,20,0.0796779070803418,0.0796779070803225,1.9317880628477724e-14,0,424.7827091660475
100.0,b2048,1,20,0.0796779070803418,0.0796779070803225,1.9317880628477724e-14,0,424.7827091660475
100.0,b4015,1,20,0.0796779070803418,0.0796779070803225,1.9317880628477724e-14,0,424.7827091660475
100.0,b0116,3,408,0.0796779070803418,4.291208589524889e-15,0.0796779070803376,1,2924.309836188708
100.0,b2903,1,253,0.0796779070803418,0.0796521044592874,2.5802621054490937e-05,0,424.5999902964646
100.0,b2904,1,253,0.0796779070803418,0.0796521044591846,2.58026211572282e-05,0,424.5999902962221
100.0,b2905,1,253,0.0796779070803418,0.0796521044591846,2.58026211572282e-05,0,424.5999902962221
100.0,b0261,2,10,0.0796779070803418,0.0796779070803417,1.9428902930940242e-16,0,424.51291795729975
100.0,b0759,1,10,0.0796779070803418,0.0796779070803486,-6.772360450213455e-15,0,424.5129179573013
100.0,b0344,1,10,0.0796779070803418,0.0796779070803486,-6.772360450213455e-15,0,424.5129179573013
100.0,b4239,1,10,0.0796779070803418,0.0796779070803486,-6.772360450213455e-15,0,424.5129179573013
100.0,b3956,1,316,0.0796779070803418,0.079210831750945,0.0004670753293968,0,427.01926325538847
100.0,b0822,7,10,0.0796779070803418,0.0796779070803435,-1.6792123247455493e-15,0,424.5129179572993
100.0,b2540,2,10,0.0796779070803418,0.0796779070803486,-6.772360450213455e-15,0,424.5129179573013
100.0,b2542,2,10,0.0796779070803418,0.0796779070803486,-6.772360450213455e-15,0,424.5129179573013
100.0,b2539,2,10,0.0796779070803418,0.0796779070803486,-6.772360450213455e-15,0,424.5129179573013
100.0,b2538,2,10,0.0796779070803418,0.0796779070803486,-6.772360450213455e-15,0,424.5129179573013
100.0,b2541,2,10,0.0796779070803418,0.0796779070803486,-6.772360450213455e-15,0,424.5129179573013
100.0,b0616,1,10,0.0796779070803418,0.0796779070803486,-6.772360450213455e-15,0,424.5129179573013
100.0,b0617,1,10,0.0796779070803418,0.0796779070803486,-6.772360450213455e-15,0,424.5129179573013
100.0,b0614,1,10,0.0796779070803418,0.0796779070803486,-6.772360450213455e-15,0,424.5129179573013
100.0,b0615,1,10,0.0796779070803418,0.0796779070803486,-6.772360450213455e-15,0,424.5129179573013
100.0,b2052,2,10,0.0796779070803418,0.0796779070803486,-6.772360450213455e-15,0,424.5129179573013
100.0,b1636,1,10,0.0796779070803418,0.0796779070803486,-6.772360450213455e-15,0,424.5129179573013
100.0,b1277,1,406,0.0796779070803418,-1.347929555797759e-15,0.0796779070803432,1,584.8773389545668
100.0,b2751,1,406,0.0796779070803418,0.0,0.0796779070803418,1,584.877338954557
100.0,b2752,1,406,0.0796779070803418,-3.0836903974850627e-15,0.0796779070803449,1,584.8773389545435
100.0,b2799,1,10,0.0796779070803418,0.0796779070803368,5.093148125467906e-15,0,424.5129179572996
100.0,b3902,1,10,0.0796779070803418,0.0796779070803835,-4.160560784782774e-14,0,424.512917957312
100.0,b2705,1,10,0.0796779070803418,0.0796779070803835,-4.160560784782774e-14,0,424.512917957312
100.0,b2091,1,10,0.0796779070803418,0.0796779070803835,-4.160560784782774e-14,0,424.512917957312
100.0,b3137,1,10,0.0796779070803418,0.0796779070803835,-4.160560784782774e-14,0,424.512917957312
100.0,b3132,1,10,0.0796779070803418,0.0796779070803835,-4.160560784782774e-14,0,424.512917957312
100.0,b2096,1,10,0.0796779070803418,0.0796779070803835,-4.160560784782774e-14,0,424.512917957312
100.0,b2095,1,10,0.0796779070803418,0.0796779070803835,-4.160560784782774e-14,0,424.512917957312
100.0,b4323,1,10,0.0796779070803418,0.0796779070803835,-4.160560784782774e-14,0,424.512917957312
100.0,b1521,1,10,0.0796779070803418,0.0796779070803835,-4.160560784782774e-14,0,424.512917957312
100.0,b3385,1,10,0.0796779070803418,0.0796779070803835,-4.160560784782774e-14,0,424.512917957312
100.0,b0507,1,10,0.0796779070803418,0.0796779070803835,-4.160560784782774e-14,0,424.512917957312
100.0,b3061,1,10,0.0796779070803418,0.0796779070803835,-4.160560784782774e-14,0,424.512917957312
100.0,b3062,1,10,0.0796779070803418,0.0796779070803835,-4.160560784782774e-14,0,424.512917957312
100.0,b3126,1,10,0.0796779070803418,0.0796779070803835,-4.160560784782774e-14,0,424.512917957312
100.0,b1095,9,406,0.0796779070803418,-3.042585688587492e-15,0.0796779070803449,1,584.8773389547393
100.0,b1054,1,10,0.0796779070803418,0.079677907080338,3.802513859341161e-15,0,424.51291795729816
100.0,b1855,2,10,0.0796779070803418,0.0796779070803219,1.9997892231060632e-14,0,424.5129179572932
100.0,b2378,1,10,0.0796779070803418,0.0796779070803219,1.9997892231060632e-14,0,424.5129179572932
100.0,b0109,1,406,0.0796779070803418,-1.4032428176667153e-12,0.0796779070817451,1,584.8773389597516
100.0,b1094,26,406,0.0796779070803418,2.3466865847672677e-16,0.0796779070803416,1,584.877338954545
100.0,b2836,23,360,0.0796779070803418,0.0783006046283506,0.0013773024519912,0,423.08948543456944
100.0,b2472,1,406,0.0796779070803418,0.0,0.0796779070803418,1,584.8773389545318
100.0,b1589,3,10,0.0796779070803418,0.0796779070803385,3.344546861683284e-15,0,424.5129179572982
100.0,b1588,3,10,0.0796779070803418,0.0796779070803182,2.3661628212323652e-14,0,424.5129179572919
100.0,b1587,3,10,0.0796779070803418,0.0796779070803182,2.3661628212323652e-14,0,424.5129179572919
100.0,b1590,3,10,0.0796779070803418,0.0796779070803182,2.3661628212323652e-14,0,424.5129179572919
100.0,b0894,4,10,0.0796779070803418,0.0796779070803182,2.3661628212323652e-14,0,424.5129179572919
100.0,b0895,4,10,0.0796779070803418,0.0796779070803182,2.3661628212323652e-14,0,424.5129179572919
100.0,b0896,4,10,0.0796779070803418,0.0796779070803182,2.3661628212323652e-14,0,424.5129179572919
100.0,b3553,10,10,0.0796779070803418,0.0796779070803182,2.3661628212323652e-14,0,424.5129179572919
100.0,b0638,1,10,0.0796779070803418,0.0796779070803182,2.3661628212323652e-14,0,424.5129179572919
100.0,b3399,5,10,0.0796779070803418,0.0796779070803182,2.3661628212323652e-14,0,424.5129179572919
100.0,b0469,1,10,0.0796779070803418,0.0796779070803182,2.3661628212323652e-14,0,424.5129179572919
100.0,b3187,1,406,0.0796779070803418,3.298737164105768e-11,0.0796779070473545,1,584.8773388297077
100.0,b3222,1,10,0.0796779070803418,0.0796779070803218,2.003952559448408e-14,0,424.512917957293
100.0,b3225,1,10,0.0796779070803418,0.0796779070803182,2.3661628212323652e-14,0,424.5129179572919
100.0,b1732,1,10,0.0796779070803418,0.0796779070803182,2.3661628212323652e-14,0,424.5129179572919
100.0,b3942,1,10,0.0796779070803418,0.0796779070803182,2.3661628212323652e-14,0,424.5129179572919
100.0,b0586,1,10,0.0796779070803418,0.0796779070803182,2.3661628212323652e-14,0,424.5129179572919
100.0,b3794,1,10,0.0796779070803418,0.0796779070803182,2.3661628212323652e-14,0,424.5129179572919
100.0,b3693,1,10,0.0796779070803418,0.0796779070803182,2.3661628212323652e-14,0,424.5129179572919
100.0,b2901,1,10,0.0796779070803418,0.0796779070803182,2.3661628212323652e-14,0,424.5129179572919
100.0,b3721,2,10,0.0796779070803418,0.0796779070803182,2.3661628212323652e-14,0,424.5129179572919
100.0,b2716,2,10,0.0796779070803418,0.0796779070803182,2.3661628212323652e-14,0,424.5129179572919
100.0,b3416,4,10,0.0796779070803418,0.0796779070803182,2.3661628212323652e-14,0,424.5129179572919
100.0,b1398,1,10,0.0796779070803418,0.0796779070803182,2.3661628212323652e-14,0,424.5129179572919
100.0,b0049,3,10,0.0796779070803418,0.0796779070803182,2.3661628212323652e-14,0,424.5129179572919
100.0,b3784,1,10,0.0796779070803418,0.0796779070803182,2.3661628212323652e-14,0,424.5129179572919
100.0,b4481,1,10,0.0796779070803418,0.0796779070803182,2.3661628212323652e-14,0,424.5129179572919
100.0,b3052,2,10,0.0796779070803418,0.0796779070803182,2.3661628212323652e-14,0,424.5129179572919
100.0,b1896,1,10,0.0796779070803418,0.0796779070803182,2.3661628212323652e-14,0,424.5129179572919
100.0,b0841,2,406,0.0796779070803418,-5.927572045280418e-16,0.0796779070803424,1,584.8773389544253
100.0,b1278,30,406,0.0796779070803418,0.0,0.0796779070803418,1,584.8773389545496
100.0,b3057,2,406,0.0796779070803418,0.0,0.0796779070803418,1,584.8773389545496
100.0,b3519,1,10,0.0796779070803418,0.0796779070803431,-1.2628786905111156e-15,0,424.5129179572999
100.0,b0910,3,406,0.0796779070803418,1.6604113037109543e-16,0.0796779070803417,1,584.8773389544227
100.0,b3648,2,406,0.0796779070803418,1.277777613728702e-14,0.0796779070803291,1,584.8773389544647
100.0,b1694,1,27,0.0796779070803418,0.0796779070803408,1.0130785099704551e-15,0,424.51299184964097
100.0,b2221,3,27,0.0796779070803418,0.079677907080339,2.8727020762175925e-15,0,424.5129918496395
100.0,b2222,3,27,0.0796779070803418,0.079677907080339,2.8727020762175925e-15,0,424.5129918496395
100.0,b2039,1,27,0.0796779070803418,0.079677907080339,2.8727020762175925e-15,0,424.5129918496395
100.0,b3789,1,27,0.0796779070803418,0.079677907080339,2.8727020762175925e-15,0,424.5129918496395
100.0,b2041,1,27,0.0796779070803418,0.079677907080339,2.8727020762175925e-15,0,424.5129918496395
100.0,b3788,1,27,0.0796779070803418,0.079677907080339,2.8727020762175925e-15,0,424.5129918496395
100.0,b2036,1,27,0.0796779070803418,0.079677907080339,2.8727020762175925e-15,0,424.5129918496395
100.0,b2038,1,27,0.0796779070803418,0.079677907080339,2.8727020762175925e-15,0,424.5129918496395
100.0,b2040,1,27,0.0796779070803418,0.079677907080339,2.8727020762175925e-15,0,424.5129918496395
100.0,b0512,1,27,0.0796779070803418,0.079677907080339,2.8727020762175925e-15,0,424.5129918496395
100.0,b3972,1,406,0.0796779070803418,1.1028079128351932e-15,0.0796779070803408,1,584.8773389545104
100.0,s0001,45,411,0.0796779070803418,0.0,0.0796779070803418,1,26860.35874098214
100.0,b3617,1,10,0.0796779070803418,0.079677907080326,1.5848433676524113e-14,0,423.6086533649838
100.0,b0030,5,10,0.0796779070803418,0.0796779070803488,-6.9666494795228565e-15,0,423.608653364993
100.0,b0200,1,10,0.0796779070803418,0.0796779070803488,-6.9666494795228565e-15,0,423.608653364993
100.0,b0222,1,10,0.0796779070803418,0.0796779070803488,-6.9666494795228565e-15,0,423.608653364993
100.0,b0038,2,10,0.0796779070803418,0.0796779070803488,-6.9666494795228565e-15,0,423.608653364993
100.0,b0036,2,10,0.0796779070803418,0.0796779070803488,-6.9666494795228565e-15,0,423.608653364993
100.0,b3844,6,301,0.0796779070803418,0.0793324793040008,0.000345427776341,0,422.0187232421916
100.0,b2784,2,10,0.0796779070803418,0.0796779070803379,3.982925100842749e-15,0,423.6086533649888
100.0,b2431,1,406,0.0796779070803418,3.243615688269464e-16,0.0796779070803415,1,584.8773389542766
100.0,b1019,1,406,0.0796779070803418,0.0,0.0796779070803418,1,584.8773389545422
100.0,b0475,1,406,0.0796779070803418,0.0,0.0796779070803418,1,584.8773389545422
100.0,b4040,1,406,0.0796779070803418,3.298758057385229e-11,0.0796779070473543,1,584.8773388294221
100.0,b3974,1,406,0.0796779070803418,-2.770939418158505e-23,0.0796779070803418,1,584.8773389545985
100.0,b0103,1,406,0.0796779070803418,-4.0627550597383524e-14,0.0796779070803825,1,584.8773389546989
100.0,b2104,1,10,0.0796779070803418,0.0796779070803394,2.414735078559716e-15,0,423.6086533649893
100.0,b1215,1,406,0.0796779070803418,-8.516652389159672e-16,0.0796779070803427,1,584.8773389542955
100.0,b3198,1,406,0.0796779070803418,0.0,0.0796779070803418,1,584.8773389545132
100.0,b1747,1,10,0.0796779070803418,0.0796779070803361,5.787037515858629e-15,0,423.60865336498847
100.0,b1744,1,10,0.0796779070803418,0.0796779070803384,3.4139358007223564e-15,0,423.6086533649892
100.0,b0340,1,10,0.0796779070803418,0.0796779070803384,3.4139358007223564e-15,0,423.6086533649892
100.0,b2988,2,10,0.0796779070803418,0.0796779070803384,3.4139358007223564e-15,0,423.6086533649892
100.0,b2883,1,10,0.0796779070803418,0.0796779070803384,3.4139358007223564e-15,0,423.6086533649892
100.0,b1098,1,406,0.0796779070803418,-2.349952955875238e-16,0.0796779070803421,1,584.8773389545202
100.0,b0888,1,15,0.0796779070803418,0.0796779070803358,6.050715484207103e-15,0,423.6105975297809
100.0,b2690,7,15,0.0796779070803418,0.0796779070803217,2.0108914533523148e-14,0,423.6105975297753
100.0,b0688,1,15,0.0796779070803418,0.0796779070803217,2.0108914533523148e-14,0,423.6105975297753
100.0,b1317,1,15,0.0796779070803418,0.0796779070803217,2.0108914533523148e-14,0,423.6105975297753
100.0,b2168,1,15,0.0796779070803418,0.0796779070803217,2.0108914533523148e-14,0,423.6105975297753
100.0,b2687,1,406,0.0796779070803418,4.926122053389204e-11,0.0796779070310806,1,584.8773387675972
100.0,b3581,1,15,0.0796779070803418,0.0796779070803438,-1.901256929670581e-15,0,423.6105975297842
100.0,b4196,1,15,0.0796779070803418,0.0796779070803217,2.0108914533523148e-14,0,423.6105975297753
100.0,b3582,1,15,0.0796779070803418,0.0796779070803217,2.0108914533523148e-14,0,423.6105975297753
100.0,b4197,1,15,0.0796779070803418,0.0796779070803217,2.0108914533523148e-14,0,423.6105975297753
100.0,b3575,1,15,0.0796779070803418,0.0796779070803217,2.0108914533523148e-14,0,423.6105975297753
100.0,b0312,2,15,0.0796779070803418,0.0796779070803217,2.0108914533523148e-14,0,423.6105975297753
100.0,b0403,5,15,0.0796779070803418,0.0796779070803217,2.0108914533523148e-14,0,423.6105975297753
100.0,b0207,2,15,0.0796779070803418,0.0796779070803217,2.0108914533523148e-14,0,423.6105975297753
100.0,b3012,2,15,0.0796779070803418,0.0796779070803217,2.0108914533523148e-14,0,423.6105975297753
100.0,b3962,1,15,0.0796779070803418,0.0796779070803217,2.0108914533523148e-14,0,423.6105975297753
100.0,b2764,4,406,0.0796779070803418,2.838688971997459e-17,0.0796779070803418,1,584.8773389544428
100.0,b2763,4,406,0.0796779070803418,0.0,0.0796779070803418,1,584.8773389545402
100.0,b0937,2,15,0.0796779070803418,0.0796779070803429,-1.0408340855860845e-15,0,423.61059752978366
100.0,b2563,1,15,0.0796779070803418,0.0796779070803217,2.0108914533523148e-14,0,423.6105975297753
100.0,b3475,1,15,0.0796779070803418,0.0796779070803217,2.0108914533523148e-14,0,423.6105975297753
100.0,b2507,2,406,0.0796779070803418,-6.2845630968726855e-15,0.0796779070803481,1,584.8773389544646
100.0,b1982,1,15,0.0796779070803418,0.0796779070803518,-9.992007221626407e-15,0,423.61059752978736
100.0,b3360,1,406,0.0796779070803418,-1.0288054057555588e-12,0.0796779070813707,1,584.8773389583414
100.0,b1812,1,406,0.0796779070803418,-4.455440787826421e-27,0.0796779070803418,1,584.8773389545217
100.0,b1096,2,406,0.0796779070803418,3.2987580573843147e-11,0.0796779070473543,1,584.8773388294014
100.0,b4039,2,406,0.0796779070803418,3.298758057384314e-11,0.0796779070473543,1,584.8773388294209
100.0,b2416,21,410,0.0796779070803418,0.0597584303102571,0.0199194767700847,0,1223.6920940867426
100.0,b1200,1,15,0.0796779070803418,0.0796779070803152,2.6617597015388128e-14,0,423.6105975297722
100.0,b2415,21,411,0.0796779070803418,0.0597584303102375,0.0199194767701043,0,1211.6441747437182
100.0,b1199,1,15,0.0796779070803418,0.0796779070803532,-1.1324274851176595e-14,0,423.6105975297872
100.0,b1198,1,15,0.0796779070803418,0.0796779070803217,2.0108914533523148e-14,0,423.6105975297753
100.0,b0171,1,406,0.0796779070803418,2.767837207032726e-16,0.0796779070803416,1,584.8773389544401
100.0,b4477,1,32,0.0796779070803418,0.079677907080352,-1.0103029524088925e-14,0,423.61067142213
100.0,b2498,1,32,0.0796779070803418,0.0796779070803426,-7.2164496600635185e-16,0,423.6106714221253
100.0,b2780,1,406,0.0796779070803418,0.0,0.0796779070803418,1,584.877338954545
100.0,b0087,1,406,0.0796779070803418,0.0,0.0796779070803418,1,584.877338954596
100.0,b0090,1,406,0.0796779070803418,0.0,0.0796779070803418,1,584.8773389545229
100.0,b3946,1,32,0.0796779070803418,0.0796779070803394,2.484124017598788e-15,0,423.6106714221244
100.0,b0825,1,32,0.0796779070803418,0.0796779070803426,-7.2164496600635185e-16,0,423.6106714221253
100.0,b3619,1,32,0.0796779070803418,0.0796779070803426,-7.2164496600635185e-16,0,423.6106714221253
100.0,b4267,2,32,0.0796779070803418,0.0796779070803426,-7.2164496600635185e-16,0,423.6106714221253
100.0,b1033,4,32,0.0796779070803418,0.0796779070803426,-7.2164496600635185e-16,0,423.6106714221253
100.0,b3957,1,406,0.0796779070803418,0.0,0.0796779070803418,1,584.877338954545
100.0,b1623,2,32,0.0796779070803418,0.0796779070803331,8.701372955499664e-15,0,423.61067142212175
100.0,b3665,1,32,0.0796779070803418,0.0796779070803426,-7.2164496600635185e-16,0,423.6106714221253
100.0,b4177,1,406,0.0796779070803418,2.2147306705120693e-14,0.0796779070803197,1,584.8773389544563
100.0,b0677,1,32,0.0796779070803418,0.0796779070803488,-6.925016116099414e-15,0,423.6106714221281
100.0,b0828,1,32,0.0796779070803418,0.0796779070803426,-7.2164496600635185e-16,0,423.6106714221253
100.0,b1767,1,32,0.0796779070803418,0.0796779070803426,-7.2164496600635185e-16,0,423.6106714221253
100.0,b0674,2,406,0.0796779070803418,0.0,0.0796779070803418,1,584.8773389545452
100.0,b3744,1,304,0.0796779070803418,0.0795251650212535,0.0001527420590883,0,423.6508920701759
100.0,b4245,1,406,0.0796779070803418,-5.98706391768113e-17,0.0796779070803419,1,584.8773389544201
100.0,b4244,1,406,0.0796779070803418,0.0,0.0796779070803418,1,584.8773389545072
100.0,b0029,2,406,0.0796779070803418,2.4633672559120188e-11,0.0796779070557082,1,584.877338860957
100.0,b1092,1,406,0.0796779070803418,2.7348870456212118e-27,0.0796779070803418,1,584.8773389546133
100.0,b3809,1,406,0.0796779070803418,0.0,0.0796779070803418,1,584.8773389545175
100.0,b0031,1,406,0.0796779070803418,0.0,0.0796779070803418,1,584.8773389545191
100.0,b0003,2,406,0.0796779070803418,0.0,0.0796779070803418,1,584.8773389545595
100.0,b1748,3,406,0.0796779070803418,0.0,0.0796779070803418,1,584.877338954599
100.0,b3359,2,406,0.0796779070803418,0.0,0.0796779070803418,1,584.8773389545249
100.0,b0004,1,406,0.0796779070803418,0.0,0.0796779070803418,1,584.8773389545249
100.0,b4013,1,406,0.0796779070803418,0.0,0.0796779070803418,1,584.877338954599
100.0,b1704,1,406,0.0796779070803418,1.930166291359657e-14,0.0796779070803225,1,584.8773389544158
100.0,b2601,1,406,0.0796779070803418,1.9301662913596568e-14,0.0796779070803225,1,584.8773389544358
100.0,b0754,1,406,0.0796779070803418,1.9301662913596568e-14,0.0796779070803225,1,584.8773389544358
100.0,b2700,1,32,0.0796779070803418,0.0796779070803355,6.314393452555578e-15,0,423.61067142212255
100.0,b1768,1,32,0.0796779070803418,0.0796779070803426,-7.2164496600635185e-16,0,423.6106714221253
100.0,b1014,2,32,0.0796779070803418,0.0796779070803426,-7.2164496600635185e-16,0,423.6106714221253
100.0,b1584,2,32,0.0796779070803418,0.0796779070803426,-7.2164496600635185e-16,0,423.6106714221253
100.0,b3790,1,32,0.0796779070803418,0.0796779070803426,-7.2164496600635185e-16,0,423.6106714221253
100.0,b4014,1,32,0.0796779070803418,0.0796779070803426,-7.2164496600635185e-16,0,423.6106714221253
100.0,b2976,1,32,0.0796779070803418,0.0796779070803426,-7.2164496600635185e-16,0,423.6106714221253
100.0,b1897,1,32,0.0796779070803418,0.0796779070803426,-7.2164496600635185e-16,0,423.6106714221253
100.0,b3034,1,32,0.0796779070803418,0.0796779070803426,-7.2164496600635185e-16,0,423.6106714221253
100.0,b3397,1,32,0.0796779070803418,0.0796779070803426,-7.2164496600635185e-16,0,423.6106714221253
100.0,b0062,1,32,0.0796779070803418,0.0796779070803426,-7.2164496600635185e-16,0,423.6106714221253
100.0,b3600,1,32,0.0796779070803418,0.0796779070803426,-7.2164496600635185e-16,0,423.6106714221253
100.0,b3608,1,294,0.0796779070803418,0.079611764869386,6.614221095579964e-05,0,423.7508396252342
100.0,b4119,1,32,0.0796779070803418,0.0796779070803589,-1.7083556791419596e-14,0,423.6106714221325
100.0,b2802,2,32,0.0796779070803418,0.0796779070803426,-7.2164496600635185e-16,0,423.6106714221253
100.0,b2803,1,32,0.0796779070803418,0.0796779070803426,-7.2164496600635185e-16,0,423.6106714221253
100.0,b2800,1,32,0.0796779070803418,0.0796779070803426,-7.2164496600635185e-16,0,423.6106714221253
100.0,b2738,1,32,0.0796779070803418,0.0796779070803426,-7.2164496600635185e-16,0,423.6106714221253
100.0,b0335,1,32,0.0796779070803418,0.0796779070803426,-7.2164496600635185e-16,0,423.6106714221253
100.0,b1236,1,32,0.0796779070803418,0.0796779070803426,-7.2164496600635185e-16,0,423.6106714221253
100.0,b0179,1,406,0.0796779070803418,0.0,0.0796779070803418,1,584.8773389545445
100.0,b0085,1,406,0.0796779070803418,0.0,0.0796779070803418,1,584.8773389545279
100.0,b0091,1,406,0.0796779070803418,0.0,0.0796779070803418,1,584.8773389545604
100.0,b0088,1,406,0.0796779070803418,0.0,0.0796779070803418,1,584.8773389545757
100.0,b0505,1,32,0.0796779070803418,0.0796779070803461,-4.218847493575595e-15,0,423.610671422127
100.0,b0350,1,32,0.0796779070803418,0.0796779070803427,-8.326672684688674e-16,0,423.6106714221253
100.0,b0352,1,32,0.0796779070803418,0.0796779070803427,-8.326672684688674e-16,0,423.6106714221253
100.0,b0347,2,32,0.0796779070803418,0.0796779070803427,-8.326672684688674e-16,0,423.6106714221253
100.0,b0726,1,365,0.0796779070803418,0.0781681238997615,0.0015097831805803,0,428.49778275057656
100.0,b0727,1,365,0.0796779070803418,0.07816812389976,0.0015097831805818,0,428.4977827505791
100.0,b3945,4,67,0.0796779070803418,0.0796779070803428,-9.15933995315754e-16,0,423.6093365766972
100.0,b0131,1,406,0.0796779070803418,-5.523424704293496e-16,0.0796779070803424,1,584.8773389545174
100.0,b0086,1,406,0.0796779070803418,0.0,0.0796779070803418,1,584.8773389545402
100.0,b0096,1,406,0.0796779070803418,0.0,0.0796779070803418,1,584.8773389545352
100.0,b0181,1,406,0.0796779070803418,0.0,0.0796779070803418,1,584.8773389545147
100.0,b2019,1,406,0.0796779070803418,0.0,0.0796779070803418,1,584.8773389545147
100.0,b2020,1,406,0.0796779070803418,0.0,0.0796779070803418,1,584.8773389545595
100.0,b2022,2,406,0.0796779070803418,0.0,0.0796779070803418,1,584.8773389545031
100.0,b1207,1,15,0.0796779070803418,0.0796779070803306,1.1199374760906268e-14,0,423.6105975297788
100.0,b2026,2,406,0.0796779070803418,5.411336350546734e-16,0.0796779070803413,1,584.8773389543986
100.0,b2024,1,406,0.0796779070803418,0.0,0.0796779070803418,1,584.8773389545595
100.0,b3607,1,406,0.0796779070803418,0.0,0.0796779070803418,1,584.8773389545063
100.0,b2421,1,406,0.0796779070803418,0.0,0.0796779070803418,1,584.877338954536
100.0,b2414,1,406,0.0796779070803418,0.0,0.0796779070803418,1,584.877338954536
100.0,b4214,1,406,0.0796779070803418,0.0,0.0796779070803418,1,584.877338954536
100.0,b2762,2,406,0.0796779070803418,0.0,0.0796779070803418,1,584.877338954484
100.0,b4024,1,406,0.0796779070803418,0.0,0.0796779070803418,1,584.8773389545381
100.0,b0002,2,406,0.0796779070803418,0.0,0.0796779070803418,1,584.8773389545222
100.0,b3940,2,406,0.0796779070803418,0.0,0.0796779070803418,1,584.8773389545222
100.0,b3433,1,406,0.0796779070803418,0.0,0.0796779070803418,1,584.8773389545222
100.0,b2838,1,406,0.0796779070803418,0.0,0.0796779070803418,1,584.8773389545222
100.0,b2942,1,406,0.0796779070803418,2.4575380182527182e-11,0.0796779070557665,1,584.8773388613195
100.0,b4192,1,15,0.0796779070803418,0.0796779070803405,1.304512053934559e-15,0,423.6105975297832
100.0,b1993,2,15,0.0796779070803418,0.079677907080313,2.8851920852446256e-14,0,423.6105975297717
100.0,b1992,1,15,0.0796779070803418,0.079677907080313,2.8851920852446256e-14,0,423.6105975297717
100.0,b0417,1,406,0.0796779070803418,1.4307937173611538e-15,0.0796779070803404,1,584.8773389543959
100.0,b0348,2,15,0.0796779070803418,0.0796779070803401,1.7763568394002505e-15,0,423.6105975297824
100.0,b0349,2,15,0.0796779070803418,0.079677907080313,2.8851920852446256e-14,0,423.6105975297717
100.0,b3124,1,15,0.0796779070803418,0.079677907080313,2.8851920852446256e-14,0,423.6105975297717
100.0,b0583,1,15,0.0796779070803418,0.079677907080313,2.8851920852446256e-14,0,423.6105975297717
100.0,b0732,1,15,0.0796779070803418,0.079677907080313,2.8851920852446256e-14,0,423.6105975297717
100.0,b0517,1,15,0.0796779070803418,0.079677907080313,2.8851920852446256e-14,0,423.6105975297717
100.0,b0521,1,321,0.0796779070803418,0.0788901863486456,0.0007877207316962,0,423.8252555450362
100.0,b3223,1,15,0.0796779070803418,0.0796779070803353,6.591949208711867e-15,0,423.6105975297808
100.0,b2428,1,15,0.0796779070803418,0.079677907080313,2.8851920852446256e-14,0,423.6105975297717
100.0,b2162,2,15,0.0796779070803418,0.079677907080313,2.8851920852446256e-14,0,423.6105975297717
100.0,b0651,2,15,0.0796779070803418,0.079677907080313,2.8851920852446256e-14,0,423.6105975297717
100.0,b0522,1,406,0.0796779070803418,-3.662963886116847e-13,0.0796779070807081,1,584.8773389557839
100.0,b1779,6,411,0.0796779070803418,0.0,0.0796779070803418,1,26860.35874098214
100.0,b2388,1,71,0.0796779070803418,0.079677907080346,-4.191091917959966e-15,0,422.1401673466312
100.0,b2029,1,323,0.0796779070803418,0.0787849469811564,0.0008929600991854,0,430.8466111616842
100.0,b0368,1,69,0.0796779070803418,0.0796779070803342,7.66053886991358e-15,0,424.8702422584231
100.0,b2463,1,69,0.0796779070803418,0.0796779070803317,1.0144662887512368e-14,0,424.8702422584226
100.0,b3960,1,406,0.0796779070803418,-1.2426257951521327e-16,0.079677907080342,1,584.8773389544818
100.0,b0032,1,69,0.0796779070803418,0.079677907080336,5.856426454897701e-15,0,424.8702422584241
100.0,b0033,1,69,0.0796779070803418,0.0796779070803317,1.0144662887512368e-14,0,424.8702422584226
100.0,b0242,1,406,0.0796779070803418,5.368226016141041e-16,0.0796779070803413,1,584.8773389544804
100.0,b0074,1,406,0.0796779070803418,0.0,0.0796779070803418,1,584.877338954559
100.0,b1091,3,406,0.0796779070803418,0.0,0.0796779070803418,1,584.8773389545104
100.0,b3908,1,69,0.0796779070803418,0.0796779070803374,4.440892098500626e-15,0,424.8702422584244
100.0,b1656,1,69,0.0796779070803418,0.0796779070803317,1.0144662887512368e-14,0,424.8702422584226
100.0,b0159,3,406,0.0796779070803418,4.92602465619806e-11,0.0796779070310816,1,584.8773387684129
100.0,b1106,1,17,0.0796779070803418,0.0796779070803429,-1.0824674490095276e-15,0,424.8715142841415
100.0,b1759,2,17,0.0796779070803418,0.0796779070803424,-5.551115123125784e-16,0,424.87151428414126
100.0,b2251,3,34,0.0796779070803418,0.0796779070803424,-5.551115123125784e-16,0,424.87185499205486
100.0,b0905,1,34,0.0796779070803418,0.0796779070803385,3.372302437298913e-15,0,424.8718549920537
100.0,b3248,2,34,0.0796779070803418,0.0796779070803385,3.372302437298913e-15,0,424.8718549920537
100.0,b0386,1,406,0.0796779070803418,8.289267689648779e-16,0.079677907080341,1,584.8773389545127
100.0,b3425,1,34,0.0796779070803418,0.0796779070803436,-1.7486012637846217e-15,0,424.8718549920558
100.0,b2668,1,34,0.0796779070803418,0.0796779070803385,3.372302437298913e-15,0,424.8718549920537
100.0,b2521,2,34,0.0796779070803418,0.0796779070803385,3.372302437298913e-15,0,424.8718549920537
100.0,b2053,1,34,0.0796779070803418,0.0796779070803385,3.372302437298913e-15,0,424.8718549920537
100.0,b2920,1,34,0.0796779070803418,0.0796779070803385,3.372302437298913e-15,0,424.8718549920537
100.0,b2143,2,34,0.0796779070803418,0.0796779070803385,3.372302437298913e-15,0,424.8718549920537
100.0,b0778,1,429,0.0796779070803418,0.0,0.0796779070803418,1,26090687.969457492
100.0,b2065,1,34,0.0796779070803418,0.0796779070803385,3.372302437298913e-15,0,424.8718549920537
100.0,b2478,1,406,0.0796779070803418,-8.770507917048236e-17,0.0796779070803419,1,584.8773389545144
100.0,b0337,1,34,0.0796779070803418,0.0796779070803389,2.9559688030644797e-15,0,424.8718549920537
100.0,b3729,1,406,0.0796779070803418,-3.2035420433976755e-16,0.0796779070803422,1,584.8773389545149
100.0,b2688,1,34,0.0796779070803418,0.0796779070803373,4.579669976578771e-15,0,424.8718549920536
100.0,b0485,1,34,0.0796779070803418,0.0796779070803385,3.372302437298913e-15,0,424.8718549920537
100.0,b1524,1,34,0.0796779070803418,0.0796779070803385,3.372302437298913e-15,0,424.8718549920537
100.0,b2312,1,406,0.0796779070803418,-5.896266396501163e-14,0.0796779070804008,1,584.8773389547381
100.0,b0104,1,34,0.0796779070803418,0.079677907080337,4.815592369311617e-15,0,424.8718549920533
100.0,b1740,1,406,0.0796779070803418,-4.053712171224217e-12,0.0796779070843956,1,584.8773389698281
100.0,b3366,1,34,0.0796779070803418,0.0796779070803418,1.3877787807814457e-17,0,424.87185499205486
100.0,b3365,1,34,0.0796779070803418,0.0796779070803385,3.372302437298913e-15,0,424.8718549920537
100.0,b4254,1,406,0.0796779070803418,-1.3727269495163408e-18,0.0796779070803418,1,584.8773389545158
100.0,b0273,1,406,0.0796779070803418,0.0,0.0796779070803418,1,584.8773389545228
100.0,b2500,1,312,0.0796779070803418,0.0794387758522793,0.0002391312280625,0,425.01306965918167
100.0,b3449,5,34,0.0796779070803418,0.0796779070803369,4.982125823005391e-15,0,424.871854992053
100.0,b0331,1,34,0.0796779070803418,0.0796779070803391,2.706168622523819e-15,0,424.871854992054
100.0,b2210,2,34,0.0796779070803418,0.0796779070803391,2.706168622523819e-15,0,424.871854992054
100.0,b1746,1,34,0.0796779070803418,0.0796779070803391,2.706168622523819e-15,0,424.871854992054
100.0,b0052,1,406,0.0796779070803418,-7.126284122724962e-16,0.0796779070803426,1,584.8773389545313
100.0,b2564,1,406,0.0796779070803418,0.0,0.0796779070803418,1,584.8773389545516
100.0,b0369,1,406,0.0796779070803418,0.0,0.0796779070803418,1,584.8773389545516
100.0,b4005,1,406,0.0796779070803418,-7.026474386448403e-14,0.0796779070804121,1,584.877338954788
100.0,b2557,1,406,0.0796779070803418,1.2624553676424456e-14,0.0796779070803292,1,584.8773389544939
100.0,b2441,1,34,0.0796779070803418,0.0796779070803433,-1.4155343563970746e-15,0,424.8718549920553
100.0,b2440,1,34,0.0796779070803418,0.0796779070803391,2.706168622523819e-15,0,424.871854992054
100.0,b2049,1,34,0.0796779070803418,0.0796779070803391,2.706168622523819e-15,0,424.871854992054
100.0,b3806,1,34,0.0796779070803418,0.0796779070803391,2.706168622523819e-15,0,424.871854992054
100.0,b2533,2,34,0.0796779070803418,0.0796779070803391,2.706168622523819e-15,0,424.871854992054
100.0,b0333,1,34,0.0796779070803418,0.0796779070803391,2.706168622523819e-15,0,424.871854992054
100.0,b3590,1,34,0.0796779070803418,0.0796779070803391,2.706168622523819e-15,0,424.871854992054
100.0,b2173,1,34,0.0796779070803418,0.0796779070803391,2.706168622523819e-15,0,424.871854992054
100.0,b2918,1,34,0.0796779070803418,0.0796779070803391,2.706168622523819e-15,0,424.871854992054
100.0,b2727,1,34,0.0796779070803418,0.0796779070803391,2.706168622523819e-15,0,424.871854992054
100.0,b4173,1,34,0.0796779070803418,0.0796779070803391,2.706168622523819e-15,0,424.871854992054
100.0,b4352,1,34,0.0796779070803418,0.0796779070803391,2.706168622523819e-15,0,424.871854992054
100.0,b4161,4,34,0.0796779070803418,0.0796779070803391,2.706168622523819e-15,0,424.871854992054
100.0,b1852,1,333,0.0796779070803418,0.0787849469811582,0.0008929600991836,0,430.84695932248496
100.0,b0134,1,406,0.0796779070803418,0.0,0.0796779070803418,1,584.8773389547121
100.0,b2028,1,34,0.0796779070803418,0.0796779070803405,1.3877787807814457e-15,0,424.8718549920544
100.0,b2787,1,34,0.0796779070803418,0.0796779070803219,1.990074771640593e-14,0,424.8718549920485
100.0,b2788,1,34,0.0796779070803418,0.0796779070803219,1.990074771640593e-14,0,424.8718549920485
100.0,b3791,1,34,0.0796779070803418,0.0796779070803219,1.990074771640593e-14,0,424.8718549920485
100.0,b3787,1,34,0.0796779070803418,0.0796779070803219,1.990074771640593e-14,0,424.8718549920485
100.0,b1415,2,34,0.0796779070803418,0.0796779070803219,1.990074771640593e-14,0,424.8718549920485
100.0,b1493,1,34,0.0796779070803418,0.0796779070803219,1.990074771640593e-14,0,424.8718549920485
100.0,b3517,1,34,0.0796779070803418,0.0796779070803219,1.990074771640593e-14,0,424.8718549920485
100.0,b3551,3,34,0.0796779070803418,0.0796779070803219,1.990074771640593e-14,0,424.8718549920485
100.0,b2750,1,406,0.0796779070803418,-3.4107772878459276e-16,0.0796779070803422,1,584.8773389544459
100.0,b1622,1,406,0.0796779070803418,0.0,0.0796779070803418,1,584.8773389545188
100.0,b3939,1,406,0.0796779070803418,-1.7459235529728128e-29,0.0796779070803418,1,584.8773389544988
100.0,b2661,1,34,0.0796779070803418,0.0796779070803377,4.191091917959966e-15,0,424.8718549920532
100.0,b0241,283,411,0.0796779070803418,0.0,0.0796779070803418,1,26860.35874098214
100.0,b2215,285,411,0.0796779070803418,0.0,0.0796779070803418,1,26860.35874098214
100.0,b0929,285,411,0.0796779070803418,0.0,0.0796779070803418,1,26860.35874098214
100.0,b1377,284,411,0.0796779070803418,0.0,0.0796779070803418,1,26860.35874098214
100.0,b0411,7,64,0.0796779070803418,0.079677907080573,-2.31120678151342e-13,0,424.7794928769469
100.0,b1319,1,411,0.0796779070803418,0.0,0.0796779070803418,1,26860.35874098214
100.0,b3875,3,411,0.0796779070803418,0.0,0.0796779070803418,1,26860.35874098214
100.0,b0957,1,411,0.0796779070803418,0.0,0.0796779070803418,1,26860.35874098214
100.0,b1805,10,62,0.0796779070803418,0.0796779070803296,1.2212453270876722e-14,0,423.6073924118975
100.0,b1701,10,62,0.0796779070803418,0.0796779070803458,-3.969047313034935e-15,0,423.6073924119041
100.0,b1646,1,62,0.0796779070803418,0.0796779070803458,-3.969047313034935e-15,0,423.6073924119041
100.0,b2203,2,62,0.0796779070803418,0.0796779070803458,-3.969047313034935e-15,0,423.6073924119041
100.0,b2202,2,62,0.0796779070803418,0.0796779070803458,-3.969047313034935e-15,0,423.6073924119041
100.0,b2206,2,62,0.0796779070803418,0.0796779070803458,-3.969047313034935e-15,0,423.6073924119041
100.0,b2205,1,62,0.0796779070803418,0.0796779070803458,-3.969047313034935e-15,0,423.6073924119041
100.0,b2204,1,62,0.0796779070803418,0.0796779070803458,-3.969047313034935e-15,0,423.6073924119041
100.0,b0980,2,62,0.0796779070803418,0.0796779070803458,-3.969047313034935e-15,0,423.6073924119041
100.0,b0383,15,62,0.0796779070803418,0.0796779070803458,-3.969047313034935e-15,0,423.6073924119041
100.0,b1468,2,62,0.0796779070803418,0.0796779070803458,-3.969047313034935e-15,0,423.6073924119041
100.0,b1224,2,62,0.0796779070803418,0.0796779070803458,-3.969047313034935e-15,0,423.6073924119041
100.0,b1225,2,62,0.0796779070803418,0.0796779070803458,-3.969047313034935e-15,0,423.6073924119041
100.0,b1226,2,62,0.0796779070803418,0.0796779070803458,-3.969047313034935e-15,0,423.6073924119041
100.0,b1227,2,62,0.0796779070803418,0.0796779070803458,-3.969047313034935e-15,0,423.6073924119041
100.0,b1466,2,62,0.0796779070803418,0.0796779070803458,-3.969047313034935e-15,0,423.6073924119041
100.0,b1467,2,62,0.0796779070803418,0.0796779070803458,-3.969047313034935e-15,0,423.6073924119041
100.0,b1465,2,62,0.0796779070803418,0.0796779070803458,-3.969047313034935e-15,0,423.6073924119041
100.0,b1602,1,62,0.0796779070803418,0.0796779070803458,-3.969047313034935e-15,0,423.6073924119041
100.0,b1603,1,62,0.0796779070803418,0.0796779070803458,-3.969047313034935e-15,0,423.6073924119041
100.0,b0997,2,62,0.0796779070803418,0.0796779070803458,-3.969047313034935e-15,0,423.6073924119041
100.0,b0996,2,62,0.0796779070803418,0.0796779070803458,-3.969047313034935e-15,0,423.6073924119041
100.0,b1873,4,62,0.0796779070803418,0.0796779070803458,-3.969047313034935e-15,0,423.6073924119041
100.0,b1872,4,62,0.0796779070803418,0.0796779070803458,-3.969047313034935e-15,0,423.6073924119041
100.0,b3845,8,363,0.0796779070803418,0.0783006046283717,0.0013773024519701,0,422.2018806077247
100.0,b2342,8,363,0.0796779070803418,0.0783006046283594,0.0013773024519824,0,422.20188060772017
100.0,b4388,1,379,0.0796779070803418,0.0763641064957813,0.0033138005845605,0,422.25108532379016
100.0,b0010,2,411,0.0796779070803418,0.0,0.0796779070803418,1,26860.35874098214
100.0,b3528,6,7,0.0796779070803418,0.079677907080348,-6.175615574477433e-15,0,423.6052429249996
100.0,b4123,9,7,0.0796779070803418,0.0796779070803322,9.645062526431047e-15,0,423.605242924993
100.0,b0621,4,7,0.0796779070803418,0.0796779070803322,9.645062526431047e-15,0,423.605242924993
100.0,b4138,7,7,0.0796779070803418,0.0796779070803322,9.645062526431047e-15,0,423.605242924993
100.0,b2417,6,407,0.0796779070803418,0.0597584303102474,0.0199194767700944,0,1211.6410310144115
100.0,b2429,2,7,0.0796779070803418,0.0796779070803441,-2.275957200481571e-15,0,423.6052429249975
100.0,b2423,5,406,0.0796779070803418,7.831723074203627e-16,0.0796779070803411,1,584.8773389544874
100.0,b2422,5,406,0.0796779070803418,0.0,0.0796779070803418,1,584.8773389545029
100.0,b0764,3,406,0.0796779070803418,0.0,0.0796779070803418,1,584.8773389545029
100.0,b0765,3,406,0.0796779070803418,0.0,0.0796779070803418,1,584.8773389545029
100.0,b0763,3,406,0.0796779070803418,0.0,0.0796779070803418,1,584.8773389545029
100.0,b2425,5,406,0.0796779070803418,0.0,0.0796779070803418,1,584.8773389545029
100.0,b2424,5,406,0.0796779070803418,0.0,0.0796779070803418,1,584.8773389545029
100.0,b3917,5,406,0.0796779070803418,0.0,0.0796779070803418,1,584.8773389545029
100.0,b3063,1,7,0.0796779070803418,0.0796779070803363,5.578870698741412e-15,0,423.60524292499446
100.0,b2913,3,377,0.0796779070803418,0.0763641064957976,0.0033138005845442,0,422.2479803634531
100.0,b0366,3,7,0.0796779070803418,0.0796779070803366,5.2735593669694936e-15,0,423.60524292499446
100.0,b0367,3,7,0.0796779070803418,0.0796779070803522,-1.0352829704629583e-14,0,423.6052429250011
100.0,b0365,3,7,0.0796779070803418,0.0796779070803522,-1.0352829704629583e-14,0,423.6052429250011
100.0,b2964,11,7,0.0796779070803418,0.0796779070803522,-1.0352829704629583e-14,0,423.6052429250011
100.0,b2393,8,7,0.0796779070803418,0.0796779070803522,-1.0352829704629583e-14,0,423.6052429250011
100.0,b1291,1,281,0.0796779070803418,0.0795850756475471,9.283143279474604e-05,0,423.62950055905895
100.0,b1250,1,281,0.0796779070803418,0.0795850756475477,9.283143279419093e-05,0,423.6295005590595
100.0,b1363,1,281,0.0796779070803418,0.0795850756475477,9.283143279419093e-05,0,423.6295005590595
100.0,b3290,1,281,0.0796779070803418,0.0795850756475477,9.283143279419093e-05,0,423.6295005590595
100.0,b3747,1,281,0.0796779070803418,0.0795850756475477,9.283143279419093e-05,0,423.6295005590595
100.0,b3849,1,281,0.0796779070803418,0.0795850756475477,9.283143279419093e-05,0,423.6295005590595
100.0,b2587,1,7,0.0796779070803418,0.0796779070803542,-1.2323475573339238e-14,0,423.6052429250021
100.0,b4031,1,7,0.0796779070803418,0.0796779070803522,-1.0352829704629583e-14,0,423.6052429250011
100.0,b0067,1,7,0.0796779070803418,0.0796779070803522,-1.0352829704629583e-14,0,423.6052429250011
100.0,b0066,1,7,0.0796779070803418,0.0796779070803522,-1.0352829704629583e-14,0,423.6052429250011
100.0,b0068,1,7,0.0796779070803418,0.0796779070803522,-1.0352829704629583e-14,0,423.6052429250011
100.0,b2406,6,7,0.0796779070803418,0.0796779070803522,-1.0352829704629583e-14,0,423.6052429250011
100.0,b3460,5,7,0.0796779070803418,0.0796779070803522,-1.0352829704629583e-14,0,423.6052429250011
100.0,b3455,5,7,0.0796779070803418,0.0796779070803522,-1.0352829704629583e-14,0,423.6052429250011
100.0,b3454,5,7,0.0796779070803418,0.0796779070803522,-1.0352829704629583e-14,0,423.6052429250011
100.0,b3457,5,7,0.0796779070803418,0.0796779070803522,-1.0352829704629583e-14,0,423.6052429250011
100.0,b3456,5,7,0.0796779070803418,0.0796779070803522,-1.0352829704629583e-14,0,423.6052429250011
100.0,b4240,1,7,0.0796779070803418,0.0796779070803522,-1.0352829704629583e-14,0,423.6052429250011
100.0,b3161,2,7,0.0796779070803418,0.0796779070803522,-1.0352829704629583e-14,0,423.6052429250011
100.0,b3709,1,7,0.0796779070803418,0.0796779070803522,-1.0352829704629583e-14,0,423.6052429250011
100.0,b0112,4,7,0.0796779070803418,0.0796779070803522,-1.0352829704629583e-14,0,423.6052429250011
100.0,b1907,1,7,0.0796779070803418,0.0796779070803522,-1.0352829704629583e-14,0,423.6052429250011
100.0,b3567,1,7,0.0796779070803418,0.0796779070803522,-1.0352829704629583e-14,0,423.6052429250011
100.0,b3566,1,7,0.0796779070803418,0.0796779070803522,-1.0352829704629583e-14,0,423.6052429250011
100.0,b3568,1,7,0.0796779070803418,0.0796779070803522,-1.0352829704629583e-14,0,423.6052429250011
100.0,b3577,2,7,0.0796779070803418,0.0796779070803522,-1.0352829704629583e-14,0,423.6052429250011
100.0,b3578,2,7,0.0796779070803418,0.0796779070803522,-1.0352829704629583e-14,0,423.6052429250011
100.0,b3579,2,7,0.0796779070803418,0.0796779070803522,-1.0352829704629583e-14,0,423.6052429250011
100.0,b3089,2,7,0.0796779070803418,0.0796779070803522,-1.0352829704629583e-14,0,423.6052429250011
100.0,b2153,1,406,0.0796779070803418,-3.8232400347055975e-12,0.0796779070841651,1,584.8773389690878
100.0,b0935,5,7,0.0796779070803418,0.0796779070803385,3.386180225106728e-15,0,423.60524292499525
100.0,b0151,5,7,0.0796779070803418,0.0796779070803522,-1.0352829704629583e-14,0,423.6052429250011
100.0,b0153,5,7,0.0796779070803418,0.0796779070803522,-1.0352829704629583e-14,0,423.6052429250011
100.0,b0152,5,7,0.0796779070803418,0.0796779070803522,-1.0352829704629583e-14,0,423.6052429250011
100.0,b0158,3,7,0.0796779070803418,0.0796779070803522,-1.0352829704629583e-14,0,423.6052429250011
100.0,b1709,3,7,0.0796779070803418,0.0796779070803522,-1.0352829704629583e-14,0,423.6052429250011
100.0,b1711,3,7,0.0796779070803418,0.0796779070803522,-1.0352829704629583e-14,0,423.6052429250011
100.0,b2223,3,7,0.0796779070803418,0.0796779070803522,-1.0352829704629583e-14,0,423.6052429250011
100.0,b1101,2,407,0.0796779070803418,0.0597584303102672,0.0199194767700746,0,1211.6410310144292
100.0,b0679,1,7,0.0796779070803418,0.0796779070803482,-6.397660179402465e-15,0,423.6052429249987
100.0,b1817,6,407,0.0796779070803418,0.0597584303102672,0.0199194767700746,0,1211.6410310144292
100.0,b1819,6,407,0.0796779070803418,0.0597584303102622,0.0199194767700796,0,1211.6410310144247
100.0,b1818,6,407,0.0796779070803418,0.0597584303102622,0.0199194767700796,0,1211.6410310144247
100.0,b3224,1,7,0.0796779070803418,0.0796779070803482,-6.397660179402465e-15,0,423.6052429249987
100.0,b0311,1,7,0.0796779070803418,0.0796779070803522,-1.0352829704629583e-14,0,423.6052429250011
100.0,b4381,1,7,0.0796779070803418,0.0796779070803522,-1.0352829704629583e-14,0,423.6052429250011
100.0,b0592,2,7,0.0796779070803418,0.0796779070803522,-1.0352829704629583e-14,0,423.6052429250011
100.0,b0590,2,7,0.0796779070803418,0.0796779070803522,-1.0352829704629583e-14,0,423.6052429250011
100.0,b0588,2,7,0.0796779070803418,0.0796779070803522,-1.0352829704629583e-14,0,423.6052429250011
100.0,b0589,2,7,0.0796779070803418,0.0796779070803522,-1.0352829704629583e-14,0,423.6052429250011
100.0,b2841,1,7,0.0796779070803418,0.0796779070803522,-1.0352829704629583e-14,0,423.6052429250011
100.0,b2310,3,7,0.0796779070803418,0.0796779070803522,-1.0352829704629583e-14,0,423.6052429250011
100.0,b2306,4,7,0.0796779070803418,0.0796779070803522,-1.0352829704629583e-14,0,423.6052429250011
100.0,b2307,4,7,0.0796779070803418,0.0796779070803522,-1.0352829704629583e-14,0,423.6052429250011
100.0,b2308,4,7,0.0796779070803418,0.0796779070803522,-1.0352829704629583e-14,0,423.6052429250011
100.0,b0864,1,7,0.0796779070803418,0.0796779070803522,-1.0352829704629583e-14,0,423.6052429250011
100.0,b0861,1,7,0.0796779070803418,0.0796779070803522,-1.0352829704629583e-14,0,423.6052429250011
100.0,b0860,1,7,0.0796779070803418,0.0796779070803522,-1.0352829704629583e-14,0,423.6052429250011
100.0,b0863,1,7,0.0796779070803418,0.0796779070803522,-1.0352829704629583e-14,0,423.6052429250011
100.0,b0862,1,7,0.0796779070803418,0.0796779070803522,-1.0352829704629583e-14,0,423.6052429250011
100.0,b4115,1,7,0.0796779070803418,0.0796779070803522,-1.0352829704629583e-14,0,423.6052429250011
100.0,b4193,1,7,0.0796779070803418,0.0796779070803522,-1.0352829704629583e-14,0,423.6052429250011
100.0,b4195,1,7,0.0796779070803418,0.0796779070803522,-1.0352829704629583e-14,0,423.6052429250011
100.0,b4194,1,7,0.0796779070803418,0.0796779070803522,-1.0352829704629583e-14,0,423.6052429250011
100.0,b1453,1,7,0.0796779070803418,0.0796779070803522,-1.0352829704629583e-14,0,423.6052429250011
100.0,b0654,2,7,0.0796779070803418,0.0796779070803522,-1.0352829704629583e-14,0,423.6052429250011
100.0,b0655,2,7,0.0796779070803418,0.0796779070803522,-1.0352829704629583e-14,0,423.6052429250011
100.0,b0652,2,7,0.0796779070803418,0.0796779070803522,-1.0352829704629583e-14,0,423.6052429250011
100.0,b0653,2,7,0.0796779070803418,0.0796779070803522,-1.0352829704629583e-14,0,423.6052429250011
100.0,b4077,2,7,0.0796779070803418,0.0796779070803522,-1.0352829704629583e-14,0,423.6052429250011
100.0,b0480,17,7,0.0796779070803418,0.0796779070803522,-1.0352829704629583e-14,0,423.6052429250011
100.0,b4055,17,7,0.0796779070803418,0.0796779070803522,-1.0352829704629583e-14,0,423.6052429250011
100.0,b3127,3,7,0.0796779070803418,0.0796779070803522,-1.0352829704629583e-14,0,423.6052429250011
100.0,b2789,3,7,0.0796779070803418,0.0796779070803522,-1.0352829704629583e-14,0,423.6052429250011
100.0,b2943,2,7,0.0796779070803418,0.0796779070803522,-1.0352829704629583e-14,0,423.6052429250011
100.0,b2663,1,7,0.0796779070803418,0.0796779070803522,-1.0352829704629583e-14,0,423.6052429250011
100.0,b1918,1,7,0.0796779070803418,0.0796779070803522,-1.0352829704629583e-14,0,423.6052429250011
100.0,b1917,1,7,0.0796779070803418,0.0796779070803522,-1.0352829704629583e-14,0,423.6052429250011
100.0,b1920,1,7,0.0796779070803418,0.0796779070803522,-1.0352829704629583e-14,0,423.6052429250011
100.0,b2704,2,7,0.0796779070803418,0.0796779070803522,-1.0352829704629583e-14,0,423.6052429250011
100.0,b2702,2,7,0.0796779070803418,0.0796779070803522,-1.0352829704629583e-14,0,423.6052429250011
100.0,b2703,2,7,0.0796779070803418,0.0796779070803522,-1.0352829704629583e-14,0,423.6052429250011
100.0,b1197,1,7,0.0796779070803418,0.0796779070803522,-1.0352829704629583e-14,0,423.6052429250011
100.0,b4515,1,7,0.0796779070803418,0.0796779070803522,-1.0352829704629583e-14,0,423.6052429250011
100.0,b0733,1,7,0.0796779070803418,0.0796779070803522,-1.0352829704629583e-14,0,423.6052429250011
100.0,b0734,1,7,0.0796779070803418,0.0796779070803522,-1.0352829704629583e-14,0,423.6052429250011
100.0,b0979,2,7,0.0796779070803418,0.0796779070803522,-1.0352829704629583e-14,0,423.6052429250011
100.0,b0978,2,7,0.0796779070803418,0.0796779070803522,-1.0352829704629583e-14,0,423.6052429250011
100.0,b3734,1,411,0.0796779070803418,0.0,0.0796779070803418,1,26860.35874098214
100.0,b3735,1,411,0.0796779070803418,0.0,0.0796779070803418,1,26860.35874098214
100.0,b3736,1,411,0.0796779070803418,0.0,0.0796779070803418,1,26860.35874098214
100.0,b3737,1,411,0.0796779070803418,0.0,0.0796779070803418,1,26860.35874098214
100.0,b3731,1,411,0.0796779070803418,0.0,0.0796779070803418,1,26860.35874098214
100.0,b3732,1,411,0.0796779070803418,0.0,0.0796779070803418,1,26860.35874098214
100.0,b3733,1,411,0.0796779070803418,0.0,0.0796779070803418,1,26860.35874098214
100.0,b3738,1,411,0.0796779070803418,0.0,0.0796779070803418,1,26860.35874098214
100.0,b3739,1,411,0.0796779070803418,0.0,0.0796779070803418,1,26860.35874098214
100.0,b4067,2,28,0.0796779070803418,0.0796779070803369,4.982125823005391e-15,0,423.5733455674323
100.0,b3714,1,28,0.0796779070803418,0.0796779070803325,9.339751194659131e-15,0,423.5733455674299
100.0,b3654,3,28,0.0796779070803418,0.0796779070803325,9.339751194659131e-15,0,423.5733455674299
100.0,b3664,1,28,0.0796779070803418,0.0796779070803325,9.339751194659131e-15,0,423.5733455674299
100.0,b4088,2,28,0.0796779070803418,0.0796779070803325,9.339751194659131e-15,0,423.5733455674299
100.0,b4087,2,28,0.0796779070803418,0.0796779070803325,9.339751194659131e-15,0,423.5733455674299
100.0,b4086,2,28,0.0796779070803418,0.0796779070803325,9.339751194659131e-15,0,423.5733455674299
100.0,b0511,1,28,0.0796779070803418,0.0796779070803325,9.339751194659131e-15,0,423.5733455674299
100.0,b1901,1,28,0.0796779070803418,0.0796779070803325,9.339751194659131e-15,0,423.5733455674299
100.0,b1900,1,28,0.0796779070803418,0.0796779070803325,9.339751194659131e-15,0,423.5733455674299
100.0,b4460,1,28,0.0796779070803418,0.0796779070803325,9.339751194659131e-15,0,423.5733455674299
100.0,b0124,1,28,0.0796779070803418,0.0796779070803325,9.339751194659131e-15,0,423.5733455674299
100.0,b0837,1,28,0.0796779070803418,0.0796779070803325,9.339751194659131e-15,0,423.5733455674299
100.0,b4464,2,28,0.0796779070803418,0.0796779070803325,9.339751194659131e-15,0,423.5733455674299
100.0,b4064,2,28,0.0796779070803418,0.0796779070803325,9.339751194659131e-15,0,423.5733455674299
100.0,b0974,3,28,0.0796779070803418,0.0796779070803325,9.339751194659131e-15,0,423.5733455674299
100.0,b0973,3,28,0.0796779070803418,0.0796779070803325,9.339751194659131e-15,0,423.5733455674299
100.0,b0972,3,28,0.0796779070803418,0.0796779070803325,9.339751194659131e-15,0,423.5733455674299
100.0,b2997,3,28,0.0796779070803418,0.0796779070803325,9.339751194659131e-15,0,423.5733455674299
100.0,b2996,3,28,0.0796779070803418,0.0796779070803325,9.339751194659131e-15,0,423.5733455674299
100.0,b2995,3,28,0.0796779070803418,0.0796779070803325,9.339751194659131e-15,0,423.5733455674299
100.0,b2994,3,28,0.0796779070803418,0.0796779070803325,9.339751194659131e-15,0,423.5733455674299
100.0,b4289,1,28,0.0796779070803418,0.0796779070803325,9.339751194659131e-15,0,423.5733455674299
100.0,b4288,1,28,0.0796779070803418,0.0796779070803325,9.339751194659131e-15,0,423.5733455674299
100.0,b4290,1,28,0.0796779070803418,0.0796779070803325,9.339751194659131e-15,0,423.5733455674299
100.0,b4287,1,28,0.0796779070803418,0.0796779070803325,9.339751194659131e-15,0,423.5733455674299
100.0,b1102,1,28,0.0796779070803418,0.0796779070803325,9.339751194659131e-15,0,423.5733455674299
100.0,b3006,10,28,0.0796779070803418,0.0796779070803325,9.339751194659131e-15,0,423.5733455674299
100.0,b3005,10,28,0.0796779070803418,0.0796779070803325,9.339751194659131e-15,0,423.5733455674299
100.0,b1252,10,28,0.0796779070803418,0.0796779070803325,9.339751194659131e-15,0,423.5733455674299
100.0,b2315,1,406,0.0796779070803418,-1.608722741950527e-12,0.0796779070819506,1,584.8773389605897
100.0,b0612,1,28,0.0796779070803418,0.0796779070803363,5.578870698741412e-15,0,423.57334556743103
100.0,b0040,2,28,0.0796779070803418,0.0796779070803325,9.339751194659131e-15,0,423.5733455674299
100.0,b2131,2,28,0.0796779070803418,0.0796779070803325,9.339751194659131e-15,0,423.5733455674299
100.0,b2130,2,28,0.0796779070803418,0.0796779070803325,9.339751194659131e-15,0,423.5733455674299
100.0,b2128,2,28,0.0796779070803418,0.0796779070803325,9.339751194659131e-15,0,423.5733455674299
100.0,b2129,2,28,0.0796779070803418,0.0796779070803325,9.339751194659131e-15,0,423.5733455674299
100.0,b3409,1,28,0.0796779070803418,0.0796779070803325,9.339751194659131e-15,0,423.5733455674299
100.0,b2167,1,28,0.0796779070803418,0.0796779070803325,9.339751194659131e-15,0,423.5733455674299
100.0,b2169,1,28,0.0796779070803418,0.0796779070803325,9.339751194659131e-15,0,423.5733455674299
100.0,b2801,1,28,0.0796779070803418,0.0796779070803325,9.339751194659131e-15,0,423.5733455674299
100.0,b0584,1,28,0.0796779070803418,0.0796779070803325,9.339751194659131e-15,0,423.5733455674299
100.0,b0336,1,28,0.0796779070803418,0.0796779070803325,9.339751194659131e-15,0,423.5733455674299
100.0,b0341,1,28,0.0796779070803418,0.0796779070803325,9.339751194659131e-15,0,423.5733455674299
100.0,b3909,2,28,0.0796779070803418,0.0796779070803325,9.339751194659131e-15,0,423.5733455674299
100.0,b4036,7,30,0.0796779070803418,0.0796779070803325,9.339751194659131e-15,0,623.5733455674297
100.0,b4291,1,30,0.0796779070803418,0.0796779070803276,1.426636586643326e-14,0,623.5733455674272
100.0,b1119,1,30,0.0796779070803418,0.0796779070803276,1.426636586643326e-14,0,623.5733455674272
100.0,b3829,1,408,0.0796779070803418,1.4387315765554437e-13,0.079677907080198,1,784.877338953912
100.0,b4019,1,408,0.0796779070803418,1.4296990395053785e-13,0.0796779070801989,1,784.8773389540072
100.0,b0887,2,30,0.0796779070803418,0.0796779070803423,-4.85722573273506e-16,0,623.5733455674336
100.0,b0886,2,30,0.0796779070803418,0.0796779070803276,1.426636586643326e-14,0,623.5733455674272
100.0,b2476,1,408,0.0796779070803418,-2.079436081244076e-13,0.0796779070805498,1,784.8773389552451
100.0,b3125,1,30,0.0796779070803418,0.0796779070803344,7.452372052796363e-15,0,623.5733455674299
100.0,b0509,1,30,0.0796779070803418,0.0796779070803276,1.426636586643326e-14,0,623.5733455674272
100.0,b2501,2,30,0.0796779070803418,0.0796779070803276,1.426636586643326e-14,0,623.5733455674272
100.0,b3941,1,408,0.0796779070803418,1.4361373167375385e-13,0.0796779070801982,1,784.8773389539135
100.0,b2574,4,408,0.0796779070803418,-3.639042277700948e-12,0.0796779070839809,1,784.877338968354
100.0,b3177,1,408,0.0796779070803418,1.2466009463349872e-16,0.0796779070803417,1,784.8773389545458
100.0,b0529,2,369,0.0796779070803418,0.0778789076712862,0.0017989994090556,0,622.764277521115
100.0,b4132,1,30,0.0796779070803418,0.0796779070803435,-1.6792123247455493e-15,0,623.5733455674339
100.0,b0750,1,408,0.0796779070803418,-4.4989441240536005e-12,0.0796779070848408,1,784.8773389715982
100.0,b3605,2,30,0.0796779070803418,0.0796779070803449,-3.011479954295737e-15,0,623.5733455674344
100.0,b0306,2,30,0.0796779070803418,0.0796779070803427,-8.881784197001252e-16,0,623.5733455674332
100.0,b0307,2,30,0.0796779070803418,0.0796779070803427,-8.881784197001252e-16,0,623.5733455674332
100.0,b0308,2,30,0.0796779070803418,0.0796779070803427,-8.881784197001252e-16,0,623.5733455674332
100.0,b0904,2,30,0.0796779070803418,0.0796779070803427,-8.881784197001252e-16,0,623.5733455674332
100.0,b2492,2,30,0.0796779070803418,0.0796779070803427,-8.881784197001252e-16,0,623.5733455674332
100.0,b3631,1,30,0.0796779070803418,0.0796779070803427,-8.881784197001252e-16,0,623.5733455674332
100.0,b0914,32,408,0.0796779070803418,1.948535791880771e-19,0.0796779070803418,1,784.8773389545322
100.0,b1300,2,30,0.0796779070803418,0.0796779070803378,4.0523140398818206e-15,0,623.5733455674315
100.0,b1967,1,30,0.0796779070803418,0.079677907080334,7.840950111415168e-15,0,623.5733455674302
100.0,b0933,5,30,0.0796779070803418,0.079677907080334,7.840950111415168e-15,0,623.5733455674302
100.0,b0936,5,30,0.0796779070803418,0.079677907080334,7.840950111415168e-15,0,623.5733455674302
100.0,b0934,5,30,0.0796779070803418,0.079677907080334,7.840950111415168e-15,0,623.5733455674302
100.0,b2032,1,30,0.0796779070803418,0.079677907080334,7.840950111415168e-15,0,623.5733455674302
100.0,b2027,3,30,0.0796779070803418,0.079677907080334,7.840950111415168e-15,0,623.5733455674302
100.0,b2035,3,30,0.0796779070803418,0.079677907080334,7.840950111415168e-15,0,623.5733455674302
100.0,b3622,2,30,0.0796779070803418,0.079677907080334,7.840950111415168e-15,0,623.5733455674302
100.0,b0459,2,30,0.0796779070803418,0.079677907080334,7.840950111415168e-15,0,623.5733455674302
100.0,b0585,2,30,0.0796779070803418,0.079677907080334,7.840950111415168e-15,0,623.5733455674302
100.0,b1326,1,30,0.0796779070803418,0.079677907080334,7.840950111415168e-15,0,623.5733455674302
100.0,b1325,1,30,0.0796779070803418,0.079677907080334,7.840950111415168e-15,0,623.5733455674302
100.0,b0591,1,30,0.0796779070803418,0.079677907080334,7.840950111415168e-15,0,623.5733455674302
100.0,b3035,9,30,0.0796779070803418,0.079677907080334,7.840950111415168e-15,0,623.5733455674302
100.0,b0692,2,30,0.0796779070803418,0.079677907080334,7.840950111415168e-15,0,623.5733455674302
100.0,b2014,1,30,0.0796779070803418,0.079677907080334,7.840950111415168e-15,0,623.5733455674302
100.0,b1296,1,30,0.0796779070803418,0.079677907080334,7.840950111415168e-15,0,623.5733455674302
100.0,b1298,1,30,0.0796779070803418,0.079677907080334,7.840950111415168e-15,0,623.5733455674302
100.0,b3374,1,30,0.0796779070803418,0.079677907080334,7.840950111415168e-15,0,623.5733455674302
100.0,b1308,1,30,0.0796779070803418,0.079677907080334,7.840950111415168e-15,0,623.5733455674302
100.0,b2197,1,30,0.0796779070803418,0.079677907080334,7.840950111415168e-15,0,623.5733455674302
100.0,b2201,1,30,0.0796779070803418,0.079677907080334,7.840950111415168e-15,0,623.5733455674302
100.0,b2200,1,30,0.0796779070803418,0.079677907080334,7.840950111415168e-15,0,623.5733455674302
100.0,b2199,1,30,0.0796779070803418,0.079677907080334,7.840950111415168e-15,0,623.5733455674302
100.0,b2198,1,30,0.0796779070803418,0.079677907080334,7.840950111415168e-15,0,623.5733455674302
100.0,b0622,2,30,0.0796779070803418,0.079677907080334,7.840950111415168e-15,0,623.5733455674302
100.0,b3785,3,30,0.0796779070803418,0.079677907080334,7.840950111415168e-15,0,623.5733455674302
100.0,b3793,3,30,0.0796779070803418,0.079677907080334,7.840950111415168e-15,0,623.5733455674302
100.0,b2552,2,30,0.0796779070803418,0.079677907080334,7.840950111415168e-15,0,623.5733455674302
100.0,b0756,1,30,0.0796779070803418,0.079677907080334,7.840950111415168e-15,0,623.5733455674302
100.0,b0484,1,30,0.0796779070803418,0.079677907080334,7.840950111415168e-15,0,623.5733455674302
100.0,b3469,6,30,0.0796779070803418,0.079677907080334,7.840950111415168e-15,0,623.5733455674302
100.0,b3626,1,30,0.0796779070803418,0.079677907080334,7.840950111415168e-15,0,623.5733455674302
100.0,b3623,1,30,0.0796779070803418,0.079677907080334,7.840950111415168e-15,0,623.5733455674302
100.0,b2257,1,30,0.0796779070803418,0.079677907080334,7.840950111415168e-15,0,623.5733455674302
100.0,b2711,1,30,0.0796779070803418,0.079677907080334,7.840950111415168e-15,0,623.5733455674302
100.0,b2710,1,30,0.0796779070803418,0.079677907080334,7.840950111415168e-15,0,623.5733455674302
100.0,b4111,5,34,0.0796779070803418,0.079677907080334,7.840950111415168e-15,0,623.5733462554127
100.0,b1386,3,34,0.0796779070803418,0.0796779070803044,3.7428393717675596e-14,0,623.5733462554011
100.0,b4072,2,34,0.0796779070803418,0.0796779070803044,3.7428393717675596e-14,0,623.5733462554011
100.0,b4073,2,34,0.0796779070803418,0.0796779070803044,3.7428393717675596e-14,0,623.5733462554011
100.0,b4070,2,34,0.0796779070803418,0.0796779070803044,3.7428393717675596e-14,0,623.5733462554011
100.0,b4071,2,34,0.0796779070803418,0.0796779070803044,3.7428393717675596e-14,0,623.5733462554011
100.0,b3679,1,34,0.0796779070803418,0.0796779070803044,3.7428393717675596e-14,0,623.5733462554011
100.0,b0110,4,34,0.0796779070803418,0.0796779070803044,3.7428393717675596e-14,0,623.5733462554011
100.0,b1463,1,34,0.0796779070803418,0.0796779070803044,3.7428393717675596e-14,0,623.5733462554011
100.0,b4219,1,34,0.0796779070803418,0.0796779070803044,3.7428393717675596e-14,0,623.5733462554011
100.0,b1832,1,34,0.0796779070803418,0.0796779070803044,3.7428393717675596e-14,0,623.5733462554011
100.0,b1778,1,34,0.0796779070803418,0.0796779070803044,3.7428393717675596e-14,0,623.5733462554011
100.0,b2871,1,34,0.0796779070803418,0.0796779070803044,3.7428393717675596e-14,0,623.5733462554011
100.0,b0932,2,34,0.0796779070803418,0.0796779070803044,3.7428393717675596e-14,0,623.5733462554011
100.0,b4260,2,34,0.0796779070803418,0.0796779070803044,3.7428393717675596e-14,0,623.5733462554011
100.0,b2523,2,34,0.0796779070803418,0.0796779070803044,3.7428393717675596e-14,0,623.5733462554011
100.0,b0237,3,34,0.0796779070803418,0.0796779070803044,3.7428393717675596e-14,0,623.5733462554011
100.0,b2132,1,34,0.0796779070803418,0.0796779070803044,3.7428393717675596e-14,0,623.5733462554011
100.0,b2239,5,34,0.0796779070803418,0.0796779070803044,3.7428393717675596e-14,0,623.5733462554011
100.0,b2435,2,34,0.0796779070803418,0.0796779070803044,3.7428393717675596e-14,0,623.5733462554011
100.0,b0867,2,34,0.0796779070803418,0.0796779070803044,3.7428393717675596e-14,0,623.5733462554011
100.0,b2817,2,34,0.0796779070803418,0.0796779070803044,3.7428393717675596e-14,0,623.5733462554011
100.0,b4169,2,34,0.0796779070803418,0.0796779070803044,3.7428393717675596e-14,0,623.5733462554011
100.0,b3610,6,34,0.0796779070803418,0.0796779070803044,3.7428393717675596e-14,0,623.5733462554011
100.0,b2676,4,34,0.0796779070803418,0.0796779070803044,3.7428393717675596e-14,0,623.5733462554011
100.0,b1064,7,34,0.0796779070803418,0.0796779070803044,3.7428393717675596e-14,0,623.5733462554011
100.0,b2675,4,34,0.0796779070803418,0.0796779070803044,3.7428393717675596e-14,0,623.5733462554011
100.0,b0849,6,34,0.0796779070803418,0.0796779070803044,3.7428393717675596e-14,0,623.5733462554011
100.0,b1654,6,34,0.0796779070803418,0.0796779070803044,3.7428393717675596e-14,0,623.5733462554011
100.0,b3336,1,34,0.0796779070803418,0.0796779070803044,3.7428393717675596e-14,0,623.5733462554011
100.0,b0123,2,34,0.0796779070803418,0.0796779070803044,3.7428393717675596e-14,0,623.5733462554011
100.0,b1192,4,34,0.0796779070803418,0.0796779070803044,3.7428393717675596e-14,0,623.5733462554011
100.0,b1270,2,34,0.0796779070803418,0.0796779070803044,3.7428393717675596e-14,0,623.5733462554011
100.0,b1246,2,34,0.0796779070803418,0.0796779070803044,3.7428393717675596e-14,0,623.5733462554011
100.0,b1247,2,34,0.0796779070803418,0.0796779070803044,3.7428393717675596e-14,0,623.5733462554011
100.0,b1244,2,34,0.0796779070803418,0.0796779070803044,3.7428393717675596e-14,0,623.5733462554011
100.0,b1245,2,34,0.0796779070803418,0.0796779070803044,3.7428393717675596e-14,0,623.5733462554011
100.0,b1243,2,34,0.0796779070803418,0.0796779070803044,3.7428393717675596e-14,0,623.5733462554011
100.0,b2180,2,34,0.0796779070803418,0.0796779070803044,3.7428393717675596e-14,0,623.5733462554011
100.0,b2179,2,34,0.0796779070803418,0.0796779070803044,3.7428393717675596e-14,0,623.5733462554011
100.0,b1329,1,34,0.0796779070803418,0.0796779070803044,3.7428393717675596e-14,0,623.5733462554011
100.0,b2177,2,34,0.0796779070803418,0.0796779070803044,3.7428393717675596e-14,0,623.5733462554011
100.0,b2178,2,34,0.0796779070803418,0.0796779070803044,3.7428393717675596e-14,0,623.5733462554011
100.0,b0433,3,34,0.0796779070803418,0.0796779070803044,3.7428393717675596e-14,0,623.5733462554011
100.0,b4367,3,34,0.0796779070803418,0.0796779070803044,3.7428393717675596e-14,0,623.5733462554011
100.0,b0573,2,34,0.0796779070803418,0.0796779070803044,3.7428393717675596e-14,0,623.5733462554011
100.0,b0572,2,34,0.0796779070803418,0.0796779070803044,3.7428393717675596e-14,0,623.5733462554011
100.0,b0575,2,34,0.0796779070803418,0.0796779070803044,3.7428393717675596e-14,0,623.5733462554011
100.0,b0574,2,34,0.0796779070803418,0.0796779070803044,3.7428393717675596e-14,0,623.5733462554011
100.0,b3915,7,34,0.0796779070803418,0.0796779070803044,3.7428393717675596e-14,0,623.5733462554011
100.0,b0752,5,34,0.0796779070803418,0.0796779070803044,3.7428393717675596e-14,0,623.5733462554011
100.0,b1859,1,34,0.0796779070803418,0.0796779070803044,3.7428393717675596e-14,0,623.5733462554011
100.0,b1858,1,34,0.0796779070803418,0.0796779070803044,3.7428393717675596e-14,0,623.5733462554011
100.0,b1857,1,34,0.0796779070803418,0.0796779070803044,3.7428393717675596e-14,0,623.5733462554011
100.0,b1981,1,34,0.0796779070803418,0.0796779070803044,3.7428393717675596e-14,0,623.5733462554011
100.0,b2392,2,34,0.0796779070803418,0.0796779070803044,3.7428393717675596e-14,0,623.5733462554011
100.0,b0452,10,373,0.0796779070803418,0.0783006046283356,0.0013773024520062,0,622.1686233807723
100.0,b1927,1,34,0.0796779070803418,0.0796779070803432,-1.3877787807814457e-15,0,623.5733462554159
100.0,b3571,1,34,0.0796779070803418,0.079677907080363,-2.1191381982532675e-14,0,623.5733462554247
100.0,b3650,3,34,0.0796779070803418,0.079677907080363,-2.1191381982532675e-14,0,623.5733462554247
100.0,b2344,7,34,0.0796779070803418,0.079677907080363,-2.1191381982532675e-14,0,623.5733462554247
100.0,b4213,8,34,0.0796779070803418,0.079677907080363,-2.1191381982532675e-14,0,623.5733462554247
100.0,b1059,2,34,0.0796779070803418,0.079677907080363,-2.1191381982532675e-14,0,623.5733462554247
100.0,b1727,4,34,0.0796779070803418,0.079677907080363,-2.1191381982532675e-14,0,623.5733462554247
100.0,b3580,2,34,0.0796779070803418,0.079677907080363,-2.1191381982532675e-14,0,623.5733462554247
100.0,b2051,1,34,0.0796779070803418,0.079677907080363,-2.1191381982532675e-14,0,623.5733462554247
100.0,b4265,3,34,0.0796779070803418,0.079677907080363,-2.1191381982532675e-14,0,623.5733462554247
100.0,b3266,1,34,0.0796779070803418,0.079677907080363,-2.1191381982532675e-14,0,623.5733462554247
100.0,b3265,1,34,0.0796779070803418,0.079677907080363,-2.1191381982532675e-14,0,623.5733462554247
100.0,b3907,2,34,0.0796779070803418,0.079677907080363,-2.1191381982532675e-14,0,623.5733462554247
100.0,b3477,1,34,0.0796779070803418,0.079677907080363,-2.1191381982532675e-14,0,623.5733462554247
100.0,b3476,1,34,0.0796779070803418,0.079677907080363,-2.1191381982532675e-14,0,623.5733462554247
100.0,b3480,1,34,0.0796779070803418,0.079677907080363,-2.1191381982532675e-14,0,623.5733462554247
100.0,b3478,1,34,0.0796779070803418,0.079677907080363,-2.1191381982532675e-14,0,623.5733462554247
100.0,b3479,1,34,0.0796779070803418,0.079677907080363,-2.1191381982532675e-14,0,623.5733462554247
100.0,b4242,2,34,0.0796779070803418,0.079677907080363,-2.1191381982532675e-14,0,623.5733462554247
100.0,b4094,1,39,0.0796779070803418,0.079677907080363,-2.1191381982532675e-14,0,623.6009585683483
100.0,b0698,1,39,0.0796779070803418,0.0796779070803546,-1.2725931419765855e-14,0,623.6009585683443
100.0,b0696,1,39,0.0796779070803418,0.0796779070803546,-1.2725931419765855e-14,0,623.6009585683443
100.0,b0697,1,39,0.0796779070803418,0.0796779070803546,-1.2725931419765855e-14,0,623.6009585683443
100.0,b4513,1,39,0.0796779070803418,0.0796779070803546,-1.2725931419765855e-14,0,623.6009585683443
100.0,b3458,1,39,0.0796779070803418,0.0796779070803546,-1.2725931419765855e-14,0,623.6009585683443
100.0,b2975,3,39,0.0796779070803418,0.0796779070803546,-1.2725931419765855e-14,0,623.6009585683443
100.0,b3603,3,39,0.0796779070803418,0.0796779070803546,-1.2725931419765855e-14,0,623.6009585683443
100.0,b4034,6,39,0.0796779070803418,0.0796779070803546,-1.2725931419765855e-14,0,623.6009585683443
100.0,b4035,6,39,0.0796779070803418,0.0796779070803546,-1.2725931419765855e-14,0,623.6009585683443
100.0,b4032,6,39,0.0796779070803418,0.0796779070803546,-1.2725931419765855e-14,0,623.6009585683443
100.0,b4033,6,39,0.0796779070803418,0.0796779070803546,-1.2725931419765855e-14,0,623.6009585683443
100.0,b3666,4,39,0.0796779070803418,0.0796779070803546,-1.2725931419765855e-14,0,623.6009585683443
100.0,b0731,1,39,0.0796779070803418,0.0796779070803546,-1.2725931419765855e-14,0,623.6009585683443
100.0,b4120,1,39,0.0796779070803418,0.0796779070803546,-1.2725931419765855e-14,0,623.6009585683443
100.0,b0343,2,39,0.0796779070803418,0.0796779070803546,-1.2725931419765855e-14,0,623.6009585683443
100.0,b0197,2,39,0.0796779070803418,0.0796779070803546,-1.2725931419765855e-14,0,623.6009585683443
100.0,b0199,2,39,0.0796779070803418,0.0796779070803546,-1.2725931419765855e-14,0,623.6009585683443
100.0,b0198,2,39,0.0796779070803418,0.0796779070803546,-1.2725931419765855e-14,0,623.6009585683443
100.0,b1297,1,39,0.0796779070803418,0.0796779070803546,-1.2725931419765855e-14,0,623.6009585683443
100.0,b2933,1,39,0.0796779070803418,0.0796779070803546,-1.2725931419765855e-14,0,623.6009585683443
100.0,b2934,1,39,0.0796779070803418,0.0796779070803546,-1.2725931419765855e-14,0,623.6009585683443
100.0,b3599,1,39,0.0796779070803418,0.0796779070803546,-1.2725931419765855e-14,0,623.6009585683443
100.0,b1186,1,39,0.0796779070803418,0.0796779070803546,-1.2725931419765855e-14,0,623.6009585683443
100.0,b0019,1,39,0.0796779070803418,0.0796779070803546,-1.2725931419765855e-14,0,623.6009585683443
100.0,b0451,1,408,0.0796779070803418,3.8121279247617256e-14,0.0796779070803037,1,784.8773389544632
100.0,b0751,1,39,0.0796779070803418,0.0796779070803362,5.6621374255882976e-15,0,623.6009585683366
100.0,b1223,2,39,0.0796779070803418,0.0796779070803363,5.592748486549226e-15,0,623.6009585683371
100.0,b3367,1,39,0.0796779070803418,0.0796779070803363,5.592748486549226e-15,0,623.6009585683371
100.0,b1469,1,39,0.0796779070803418,0.0796779070803363,5.592748486549226e-15,0,623.6009585683371
100.0,b3728,1,39,0.0796779070803418,0.0796779070803363,5.592748486549226e-15,0,623.6009585683371
100.0,b3727,1,39,0.0796779070803418,0.0796779070803363,5.592748486549226e-15,0,623.6009585683371
100.0,b3726,1,39,0.0796779070803418,0.0796779070803363,5.592748486549226e-15,0,623.6009585683371
100.0,b3725,1,39,0.0796779070803418,0.0796779070803363,5.592748486549226e-15,0,623.6009585683371
100.0,b3258,1,39,0.0796779070803418,0.0796779070803363,5.592748486549226e-15,0,623.6009585683371
100.0,b3371,1,39,0.0796779070803418,0.0796779070803363,5.592748486549226e-15,0,623.6009585683371
100.0,b2677,5,39,0.0796779070803418,0.0796779070803363,5.592748486549226e-15,0,623.6009585683371
100.0,b2678,5,39,0.0796779070803418,0.0796779070803363,5.592748486549226e-15,0,623.6009585683371
100.0,b2679,5,39,0.0796779070803418,0.0796779070803363,5.592748486549226e-15,0,623.6009585683371
100.0,b0402,1,39,0.0796779070803418,0.0796779070803363,5.592748486549226e-15,0,623.6009585683371
100.0,b1015,2,39,0.0796779070803418,0.0796779070803363,5.592748486549226e-15,0,623.6009585683371
100.0,b0854,1,39,0.0796779070803418,0.0796779070803363,5.592748486549226e-15,0,623.6009585683371
100.0,b0855,1,39,0.0796779070803418,0.0796779070803363,5.592748486549226e-15,0,623.6009585683371
100.0,b0856,1,39,0.0796779070803418,0.0796779070803363,5.592748486549226e-15,0,623.6009585683371
100.0,b0857,1,39,0.0796779070803418,0.0796779070803363,5.592748486549226e-15,0,623.6009585683371
100.0,b1440,2,39,0.0796779070803418,0.0796779070803363,5.592748486549226e-15,0,623.6009585683371
100.0,b1441,2,39,0.0796779070803418,0.0796779070803363,5.592748486549226e-15,0,623.6009585683371
100.0,b1442,2,39,0.0796779070803418,0.0796779070803363,5.592748486549226e-15,0,623.6009585683371
100.0,b1443,2,39,0.0796779070803418,0.0796779070803363,5.592748486549226e-15,0,623.6009585683371
100.0,b1126,2,39,0.0796779070803418,0.0796779070803363,5.592748486549226e-15,0,623.6009585683371
100.0,b1125,2,39,0.0796779070803418,0.0796779070803363,5.592748486549226e-15,0,623.6009585683371
100.0,b1124,2,39,0.0796779070803418,0.0796779070803363,5.592748486549226e-15,0,623.6009585683371
100.0,b1123,2,39,0.0796779070803418,0.0796779070803363,5.592748486549226e-15,0,623.6009585683371
100.0,b2957,2,39,0.0796779070803418,0.0796779070803363,5.592748486549226e-15,0,623.6009585683371
100.0,b0150,3,39,0.0796779070803418,0.0796779070803363,5.592748486549226e-15,0,623.6009585683371
100.0,b1865,2,408,0.0796779070803418,-1.1302109382106077e-12,0.0796779070814721,1,784.8773389587943
100.0,b2954,3,39,0.0796779070803418,0.0796779070803461,-4.260480856999038e-15,0,623.6009585683411
100.0,b1002,2,39,0.0796779070803418,0.0796779070803363,5.592748486549226e-15,0,623.6009585683371
100.0,b2938,1,39,0.0796779070803418,0.0796779070803363,5.592748486549226e-15,0,623.6009585683371
100.0,b4090,2,421,0.0796779070803418,0.044859781749337,0.0348181253310048,0,657.941999255478
100.0,b4084,1,39,0.0796779070803418,0.0796779070803408,9.992007221626409e-16,0,623.6009585683393
100.0,b4085,1,39,0.0796779070803418,0.079677907080334,7.896461262646426e-15,0,623.6009585683365
100.0,b4230,2,39,0.0796779070803418,0.079677907080334,7.896461262646426e-15,0,623.6009585683365
100.0,b4231,2,39,0.0796779070803418,0.079677907080334,7.896461262646426e-15,0,623.6009585683365
100.0,b4485,2,39,0.0796779070803418,0.079677907080334,7.896461262646426e-15,0,623.6009585683365
100.0,b4227,2,39,0.0796779070803418,0.079677907080334,7.896461262646426e-15,0,623.6009585683365
100.0,b3750,1,39,0.0796779070803418,0.079677907080334,7.896461262646426e-15,0,623.6009585683365
100.0,b3751,1,39,0.0796779070803418,0.079677907080334,7.896461262646426e-15,0,623.6009585683365
100.0,b3749,1,39,0.0796779070803418,0.079677907080334,7.896461262646426e-15,0,623.6009585683365
100.0,b3748,1,39,0.0796779070803418,0.079677907080334,7.896461262646426e-15,0,623.6009585683365
100.0,b0260,1,39,0.0796779070803418,0.079677907080334,7.896461262646426e-15,0,623.6009585683365
100.0,b0810,1,39,0.0796779070803418,0.079677907080334,7.896461262646426e-15,0,623.6009585683365
100.0,b0811,1,39,0.0796779070803418,0.079677907080334,7.896461262646426e-15,0,623.6009585683365
100.0,b0809,1,39,0.0796779070803418,0.079677907080334,7.896461262646426e-15,0,623.6009585683365
100.0,b1492,1,39,0.0796779070803418,0.079677907080334,7.896461262646426e-15,0,623.6009585683365
100.0,b3653,1,39,0.0796779070803418,0.079677907080334,7.896461262646426e-15,0,623.6009585683365
100.0,b3927,4,39,0.0796779070803418,0.079677907080334,7.896461262646426e-15,0,623.6009585683365
100.0,b3959,1,408,0.0796779070803418,2.0827175332941547e-16,0.0796779070803416,1,784.8773389544949
100.0,b1528,3,39,0.0796779070803418,0.07967790708034,1.859623566247137e-15,0,623.6009585683385
100.0,b2170,1,39,0.0796779070803418,0.079677907080334,7.896461262646426e-15,0,623.6009585683365
100.0,b0070,1,39,0.0796779070803418,0.079677907080334,7.896461262646426e-15,0,623.6009585683365
100.0,b2303,1,39,0.0796779070803418,0.079677907080334,7.896461262646426e-15,0,623.6009585683365
100.0,b3028,3,39,0.0796779070803418,0.079677907080334,7.896461262646426e-15,0,623.6009585683365
100.0,b3432,1,39,0.0796779070803418,0.079677907080334,7.896461262646426e-15,0,623.6009585683365
100.0,b3503,1,39,0.0796779070803418,0.079677907080334,7.896461262646426e-15,0,623.6009585683365
100.0,b4321,2,39,0.0796779070803418,0.079677907080334,7.896461262646426e-15,0,623.6009585683365
100.0,b3792,1,39,0.0796779070803418,0.079677907080334,7.896461262646426e-15,0,623.6009585683365
100.0,b2033,1,39,0.0796779070803418,0.079677907080334,7.896461262646426e-15,0,623.6009585683365
100.0,b2034,1,39,0.0796779070803418,0.079677907080334,7.896461262646426e-15,0,623.6009585683365
100.0,b2037,1,39,0.0796779070803418,0.079677907080334,7.896461262646426e-15,0,623.6009585683365
100.0,b2175,6,39,0.0796779070803418,0.079677907080334,7.896461262646426e-15,0,623.6009585683365
100.0,b0356,1,39,0.0796779070803418,0.079677907080334,7.896461262646426e-15,0,623.6009585683365
100.0,b2240,1,39,0.0796779070803418,0.079677907080334,7.896461262646426e-15,0,623.6009585683365
100.0,b0875,1,411,0.0796779070803418,0.0,0.0796779070803418,1,26860.35874098214
100.0,b0353,2,66,0.0796779070803418,0.0796779070803403,1.5959455978986625e-15,0,623.694731353622
100.0,b2309,1,66,0.0796779070803418,0.0796779070803458,-3.913536161803677e-15,0,623.6947313536242
100.0,b0325,2,66,0.0796779070803418,0.0796779070803458,-3.913536161803677e-15,0,623.6947313536242
100.0,b2092,1,66,0.0796779070803418,0.0796779070803458,-3.913536161803677e-15,0,623.6947313536242
100.0,b2093,1,66,0.0796779070803418,0.0796779070803458,-3.913536161803677e-15,0,623.6947313536242
100.0,b2094,1,66,0.0796779070803418,0.0796779070803458,-3.913536161803677e-15,0,623.6947313536242
100.0,b3093,2,66,0.0796779070803418,0.0796779070803458,-3.913536161803677e-15,0,623.6947313536242
100.0,b4476,1,66,0.0796779070803418,0.0796779070803458,-3.913536161803677e-15,0,623.6947313536242
100.0,b3415,1,66,0.0796779070803418,0.0796779070803458,-3.913536161803677e-15,0,623.6947313536242
100.0,b1621,2,413,0.0796779070803418,0.0597584303102618,0.01991947677008,0,1411.6864352212178
100.0,b2021,1,412,0.0796779070803418,-1.291134860393139e-16,0.079677907080342,1,1539.182400427222
100.0,b0166,1,412,0.0796779070803418,0.0,0.0796779070803418,1,1539.182400427237
100.0,b1519,1,66,0.0796779070803418,0.0796779070803358,6.050715484207103e-15,0,623.6947313536198
100.0,b4268,1,66,0.0796779070803418,0.0796779070803458,-3.913536161803677e-15,0,623.6947313536242
100.0,b3437,1,66,0.0796779070803418,0.0796779070803458,-3.913536161803677e-15,0,623.6947313536242
100.0,b3805,1,408,0.0796779070803418,-4.451993494077238e-16,0.0796779070803423,1,784.877338954557
100.0,b3904,1,14,0.0796779070803418,0.0796779070803366,5.204170427930421e-15,0,623.6959923067085
100.0,b2486,1,14,0.0796779070803418,0.0796779070803271,1.4738210651898953e-14,0,623.6959923067047
100.0,b2490,1,14,0.0796779070803418,0.0796779070803271,1.4738210651898953e-14,0,623.6959923067047
100.0,b2724,2,14,0.0796779070803418,0.0796779070803271,1.4738210651898953e-14,0,623.6959923067047
100.0,b2719,2,14,0.0796779070803418,0.0796779070803271,1.4738210651898953e-14,0,623.6959923067047
100.0,b2720,2,14,0.0796779070803418,0.0796779070803271,1.4738210651898953e-14,0,623.6959923067047
100.0,b2721,2,14,0.0796779070803418,0.0796779070803271,1.4738210651898953e-14,0,623.6959923067047
100.0,b2722,2,14,0.0796779070803418,0.0796779070803271,1.4738210651898953e-14,0,623.6959923067047
100.0,b2723,2,14,0.0796779070803418,0.0796779070803271,1.4738210651898953e-14,0,623.6959923067047
100.0,b2485,1,14,0.0796779070803418,0.0796779070803271,1.4738210651898953e-14,0,623.6959923067047
100.0,b2484,1,14,0.0796779070803418,0.0796779070803271,1.4738210651898953e-14,0,623.6959923067047
100.0,b2487,1,14,0.0796779070803418,0.0796779070803271,1.4738210651898953e-14,0,623.6959923067047
100.0,b4079,1,14,0.0796779070803418,0.0796779070803271,1.4738210651898953e-14,0,623.6959923067047
100.0,b2481,1,14,0.0796779070803418,0.0796779070803271,1.4738210651898953e-14,0,623.6959923067047
100.0,b2483,1,14,0.0796779070803418,0.0796779070803271,1.4738210651898953e-14,0,623.6959923067047
100.0,b2482,1,14,0.0796779070803418,0.0796779070803271,1.4738210651898953e-14,0,623.6959923067047
100.0,b2489,1,14,0.0796779070803418,0.0796779070803271,1.4738210651898953e-14,0,623.6959923067047
100.0,b2488,1,14,0.0796779070803418,0.0796779070803271,1.4738210651898953e-14,0,623.6959923067047
100.0,b2747,1,408,0.0796779070803418,2.4633530204812258e-11,0.0796779070557083,1,784.8773388610205
100.0,b3213,2,408,0.0796779070803418,-1.2807936025458411e-14,0.0796779070803547,1,784.8773389545644
100.0,b1761,1,406,0.0796779070803418,0.0746028786192201,0.0050750284611217,0,626.4743092534444
100.0,b3212,2,408,0.0796779070803418,2.0178948690906623e-14,0.0796779070803217,1,784.8773389545013
100.0,b0186,1,14,0.0796779070803418,0.0796779070803385,3.386180225106728e-15,0,623.6959923067091
100.0,b4131,1,14,0.0796779070803418,0.0796779070803271,1.4738210651898953e-14,0,623.6959923067047
100.0,b1189,1,14,0.0796779070803418,0.0796779070803271,1.4738210651898953e-14,0,623.6959923067047
100.0,b2888,2,14,0.0796779070803418,0.0796779070803271,1.4738210651898953e-14,0,623.6959923067047
100.0,b2882,1,14,0.0796779070803418,0.0796779070803271,1.4738210651898953e-14,0,623.6959923067047
100.0,b3451,7,14,0.0796779070803418,0.0796779070803271,1.4738210651898953e-14,0,623.6959923067047
100.0,b3450,7,14,0.0796779070803418,0.0796779070803271,1.4738210651898953e-14,0,623.6959923067047
100.0,b3453,7,14,0.0796779070803418,0.0796779070803271,1.4738210651898953e-14,0,623.6959923067047
100.0,b3452,7,14,0.0796779070803418,0.0796779070803271,1.4738210651898953e-14,0,623.6959923067047
100.0,b2536,1,14,0.0796779070803418,0.0796779070803271,1.4738210651898953e-14,0,623.6959923067047
100.0,b0212,1,14,0.0796779070803418,0.0796779070803271,1.4738210651898953e-14,0,623.6959923067047
100.0,b3779,1,14,0.0796779070803418,0.0796779070803271,1.4738210651898953e-14,0,623.6959923067047
100.0,b2868,2,14,0.0796779070803418,0.0796779070803271,1.4738210651898953e-14,0,623.6959923067047
100.0,b2867,2,14,0.0796779070803418,0.0796779070803271,1.4738210651898953e-14,0,623.6959923067047
100.0,b2866,2,14,0.0796779070803418,0.0796779070803271,1.4738210651898953e-14,0,623.6959923067047
100.0,b4311,1,14,0.0796779070803418,0.0796779070803271,1.4738210651898953e-14,0,623.6959923067047
100.0,b1991,1,14,0.0796779070803418,0.0796779070803271,1.4738210651898953e-14,0,623.6959923067047
100.0,b3502,1,14,0.0796779070803418,0.0796779070803271,1.4738210651898953e-14,0,623.6959923067047
100.0,b1444,1,14,0.0796779070803418,0.0796779070803271,1.4738210651898953e-14,0,623.6959923067047
100.0,b2927,1,68,0.0796779070803418,0.0796775885421574,3.185381844961199e-07,0,623.6952225791183
100.0,b2025,1,408,0.0796779070803418,-4.0582864001355507e-16,0.0796779070803423,1,784.8773389546152
100.0,b2023,1,408,0.0796779070803418,0.0,0.0796779070803418,1,784.8773389545246
100.0,b3640,1,32,0.0796779070803418,0.0796779070803386,3.20576898360514e-15,0,623.6576471691449
100.0,b0425,1,408,0.0796779070803418,9.738457127063294e-16,0.0796779070803409,1,784.8773389545308
100.0,b3772,1,408,0.0796779070803418,0.0,0.0796779070803418,1,784.877338954531
100.0,b0931,1,32,0.0796779070803418,0.0796779070803432,-1.3461454173580025e-15,0,623.6576471691462
100.0,b1764,1,32,0.0796779070803418,0.0796779070803412,6.522560269672796e-16,0,623.657647169146
100.0,b2150,2,32,0.0796779070803418,0.0796779070803412,6.522560269672796e-16,0,623.657647169146
100.0,b2148,2,32,0.0796779070803418,0.0796779070803412,6.522560269672796e-16,0,623.657647169146
100.0,b2149,2,32,0.0796779070803418,0.0796779070803412,6.522560269672796e-16,0,623.657647169146
100.0,b1640,1,32,0.0796779070803418,0.0796779070803412,6.522560269672796e-16,0,623.657647169146
100.0,b1606,2,408,0.0796779070803418,1.1951558919187313e-17,0.0796779070803418,1,784.8773389545336
100.0,b0048,1,408,0.0796779070803418,-1.2726175605223264e-28,0.0796779070803418,1,784.877338954504
100.0,b3390,1,408,0.0796779070803418,1.9301662913596583e-14,0.0796779070803225,1,784.8773389544306
100.0,b0388,1,408,0.0796779070803418,1.9301662913596504e-14,0.0796779070803225,1,784.8773389543908
100.0,b1745,1,32,0.0796779070803418,0.0796779070803276,1.429412144204889e-14,0,623.6576471691404
100.0,b0115,1,425,0.0796779070803418,0.0104751174547266,0.0692027896256152,0,4357.693382486694
100.0,b0114,1,425,0.0796779070803418,0.0104751174547385,0.0692027896256033,0,4357.693382486801
100.0,b3128,1,87,0.0796779070803418,0.0796779070803649,-2.3009372185356372e-14,0,623.662834362804
100.0,b2255,2,87,0.0796779070803418,0.0796779070803435,-1.637578961322106e-15,0,623.662834362795
100.0,b0774,1,408,0.0796779070803418,-6.079371782431625e-16,0.0796779070803425,1,784.8773389545693
100.0,b1605,1,35,0.0796779070803418,0.07967790708034,1.887379141862766e-15,0,623.6640949491458
100.0,b2818,1,408,0.0796779070803418,1.8423425787577798e-15,0.07967790708034,1,784.8773389546266
100.0,b1489,3,35,0.0796779070803418,0.0796779070803381,3.719247132494274e-15,0,623.6640949491451
100.0,b3032,1,35,0.0796779070803418,0.079677907080364,-2.2121193765656244e-14,0,623.6640949491541
100.0,b0334,1,35,0.0796779070803418,0.079677907080364,-2.2121193765656244e-14,0,623.6640949491541
100.0,b0092,1,408,0.0796779070803418,4.675362497357348e-15,0.0796779070803372,1,784.8773389546254
100.0,b0381,1,408,0.0796779070803418,0.0,0.0796779070803418,1,784.8773389545123
100.0,b2715,2,35,0.0796779070803418,0.0796779070803357,6.106226635438361e-15,0,623.6640949491441
100.0,b1738,2,35,0.0796779070803418,0.079677907080364,-2.2121193765656244e-14,0,623.6640949491541
100.0,b1736,2,35,0.0796779070803418,0.079677907080364,-2.2121193765656244e-14,0,623.6640949491541
100.0,b1737,2,35,0.0796779070803418,0.079677907080364,-2.2121193765656244e-14,0,623.6640949491541
100.0,b2224,1,372,0.0796779070803418,0.0783006046283937,0.0013773024519481,0,622.2279579608341
100.0,b0842,2,35,0.0796779070803418,0.0796779070803683,-2.6451063561694355e-14,0,623.664094949158
100.0,b0047,1,35,0.0796779070803418,0.0796779070803348,7.0360384185619296e-15,0,623.6640949491438
100.0,b3350,1,35,0.0796779070803418,0.0796779070803348,7.0360384185619296e-15,0,623.6640949491438
100.0,b1216,3,35,0.0796779070803418,0.0796779070803348,7.0360384185619296e-15,0,623.6640949491438
100.0,b0728,1,336,0.0796779070803418,0.0784700003106149,0.0012079067697269,0,627.8470647050501
100.0,b0729,1,336,0.0796779070803418,0.0784700003106454,0.0012079067696964,0,627.847064705063
100.0,b0650,1,69,0.0796779070803418,0.0796779070803647,-2.289834988289385e-14,0,623.7011791336322
100.0,b0757,1,69,0.0796779070803418,0.0796779070803438,-1.901256929670581e-15,0,623.701179133624
100.0,b0133,1,408,0.0796779070803418,-1.7297283307610734e-15,0.0796779070803436,1,784.8773389545421
100.0,b2165,1,17,0.0796779070803418,0.0796779070803394,2.4286128663675303e-15,0,623.70244008671
100.0,b3389,1,408,0.0796779070803418,1.7784852579961442e-14,0.0796779070803241,1,784.8773389544493
100.0,b2366,1,17,0.0796779070803418,0.0796779070803282,1.3600232051658168e-14,0,623.7024400867056
100.0,b1723,1,17,0.0796779070803418,0.0796779070803433,-1.457167719820518e-15,0,745.6515629457178
100.0,b3612,1,411,0.0796779070803418,0.0,0.0796779070803418,1,26860.35874098214
100.0,b0755,1,411,0.0796779070803418,0.0,0.0796779070803418,1,26860.35874098214
100.0,b3919,1,409,0.0796779070803418,1.0647313174919384e-14,0.0796779070803312,1,1823.9394075830005
100.0,b2914,1,412,0.0796779070803418,0.0448597817493498,0.034818125330992,0,781.2019561096797
100.0,b2320,1,70,0.0796779070803418,0.0796775885421878,3.185381540621313e-07,0,746.541289501086
100.0,b1107,3,17,0.0796779070803418,0.0796779070803209,2.09277040141842e-14,0,746.5429360998984
100.0,b1539,4,17,0.0796779070803418,0.0796779070803378,4.0523140398818206e-15,0,746.542936099905
100.0,b3823,1,17,0.0796779070803418,0.0796779070803378,4.0523140398818206e-15,0,746.542936099905
100.0,b0813,2,17,0.0796779070803418,0.0796779070803378,4.0523140398818206e-15,0,746.542936099905
100.0,b2919,1,17,0.0796779070803418,0.0796779070803378,4.0523140398818206e-15,0,746.542936099905
100.0,b3870,1,410,0.0796779070803418,-3.0785826369824083e-14,0.0796779070803726,1,911.9151926942696
100.0,b2947,1,17,0.0796779070803418,0.0796779070803455,-3.635980405647388e-15,0,746.5429360999073
100.0,b2253,1,17,0.0796779070803418,0.0796779070803378,4.0523140398818206e-15,0,746.542936099905
100.0,b2254,1,17,0.0796779070803418,0.0796779070803378,4.0523140398818206e-15,0,746.542936099905
100.0,b2256,1,17,0.0796779070803418,0.0796779070803378,4.0523140398818206e-15,0,746.542936099905
100.0,b2258,1,17,0.0796779070803418,0.0796779070803378,4.0523140398818206e-15,0,746.542936099905
100.0,b4544,1,17,0.0796779070803418,0.0796779070803378,4.0523140398818206e-15,0,746.542936099905
100.0,b3621,1,17,0.0796779070803418,0.0796779070803378,4.0523140398818206e-15,0,746.542936099905
100.0,b3001,1,17,0.0796779070803418,0.0796779070803378,4.0523140398818206e-15,0,746.542936099905
100.0,b1781,1,17,0.0796779070803418,0.0796779070803378,4.0523140398818206e-15,0,746.542936099905
100.0,b3620,1,17,0.0796779070803418,0.0796779070803378,4.0523140398818206e-15,0,746.542936099905
100.0,b3624,1,17,0.0796779070803418,0.0796779070803378,4.0523140398818206e-15,0,746.542936099905
100.0,b3629,1,17,0.0796779070803418,0.0796779070803378,4.0523140398818206e-15,0,746.542936099905
100.0,b3628,1,17,0.0796779070803418,0.0796779070803378,4.0523140398818206e-15,0,746.542936099905
100.0,b3627,1,17,0.0796779070803418,0.0796779070803378,4.0523140398818206e-15,0,746.542936099905
100.0,b3850,2,410,0.0796779070803418,-1.2744781984311482e-16,0.079677907080342,1,911.91519269415
100.0,b3630,1,17,0.0796779070803418,0.0796779070803444,-2.5396351688300456e-15,0,746.5429360999073
100.0,b3632,1,17,0.0796779070803418,0.0796779070803378,4.0523140398818206e-15,0,746.542936099905
100.0,b3625,1,17,0.0796779070803418,0.0796779070803378,4.0523140398818206e-15,0,746.542936099905
100.0,b2810,1,17,0.0796779070803418,0.0796779070803378,4.0523140398818206e-15,0,746.542936099905
100.0,b1680,5,17,0.0796779070803418,0.0796779070803378,4.0523140398818206e-15,0,746.542936099905
100.0,b3867,1,17,0.0796779070803418,0.0796779070803378,4.0523140398818206e-15,0,746.542936099905
100.0,b3824,1,17,0.0796779070803418,0.0796779070803378,4.0523140398818206e-15,0,746.542936099905
100.0,b2133,1,17,0.0796779070803418,0.0796779070803378,4.0523140398818206e-15,0,746.542936099905
100.0,b2260,1,17,0.0796779070803418,0.0796779070803378,4.0523140398818206e-15,0,746.542936099905
100.0,b1919,1,17,0.0796779070803418,0.0796779070803378,4.0523140398818206e-15,0,746.542936099905
100.0,b2578,2,17,0.0796779070803418,0.0796779070803378,4.0523140398818206e-15,0,746.542936099905
100.0,b1533,3,17,0.0796779070803418,0.0796779070803378,4.0523140398818206e-15,0,746.542936099905
100.0,b4394,3,17,0.0796779070803418,0.0796779070803378,4.0523140398818206e-15,0,746.542936099905
100.0,b2499,1,410,0.0796779070803418,-5.177670107095215e-14,0.0796779070803936,1,911.9151926943478
100.0,b3825,35,17,0.0796779070803418,0.0796779070803389,2.942091015256665e-15,0,746.542936099905
100.0,b2835,21,17,0.0796779070803418,0.0796779070803378,4.0523140398818206e-15,0,746.542936099905
100.0,b3029,2,17,0.0796779070803418,0.0796779070803378,4.0523140398818206e-15,0,746.542936099905
100.0,b2889,1,20,0.0796779070803418,0.0796779070803378,4.0523140398818206e-15,0,746.5429361847789
100.0,b3821,42,20,0.0796779070803418,0.079677907080332,9.825473767932635e-15,0,746.5429361847769
100.0,b2146,1,20,0.0796779070803418,0.079677907080332,9.825473767932635e-15,0,746.5429361847769
100.0,b2147,1,20,0.0796779070803418,0.079677907080332,9.825473767932635e-15,0,746.5429361847769
100.0,b4478,1,20,0.0796779070803418,0.079677907080332,9.825473767932635e-15,0,746.5429361847769
100.0,b1380,1,20,0.0796779070803418,0.079677907080332,9.825473767932635e-15,0,746.5429361847769
100.0,b0693,1,20,0.0796779070803418,0.079677907080332,9.825473767932635e-15,0,746.5429361847769
100.0,b2965,1,20,0.0796779070803418,0.079677907080332,9.825473767932635e-15,0,746.5429361847769
100.0,b0954,13,20,0.0796779070803418,0.079677907080332,9.825473767932635e-15,0,746.5429361847769
100.0,b1288,26,410,0.0796779070803418,4.421217911701249e-16,0.0796779070803414,1,911.915192694122
100.0,b0175,7,410,0.0796779070803418,0.0,0.0796779070803418,1,911.9151926942012
100.0,b3918,7,20,0.0796779070803418,0.0796779070803408,1.0130785099704551e-15,0,746.5429361847799
100.0,b1912,7,20,0.0796779070803418,0.0796779070803484,-6.50868248186498e-15,0,746.5429361847829
100.0,b2585,7,410,0.0796779070803418,2.8142303172731445e-17,0.0796779070803418,1,911.9151926942088
100.0,b1093,14,410,0.0796779070803418,0.0,0.0796779070803418,1,911.9151926941664
100.0,b1661,4,20,0.0796779070803418,0.0796779070803401,1.762479051592436e-15,0,746.5429361847796
100.0,b2497,1,20,0.0796779070803418,0.079677907080342,-1.52655665885959e-16,0,746.5429361847802
100.0,b1006,1,20,0.0796779070803418,0.079677907080342,-1.52655665885959e-16,0,746.5429361847802
100.0,b1488,1,20,0.0796779070803418,0.079677907080342,-1.52655665885959e-16,0,746.5429361847802
100.0,b3543,3,20,0.0796779070803418,0.079677907080342,-1.52655665885959e-16,0,746.5429361847802
100.0,b3542,3,20,0.0796779070803418,0.079677907080342,-1.52655665885959e-16,0,746.5429361847802
100.0,b3541,3,20,0.0796779070803418,0.079677907080342,-1.52655665885959e-16,0,746.5429361847802
100.0,b3540,3,20,0.0796779070803418,0.079677907080342,-1.52655665885959e-16,0,746.5429361847802
100.0,b3544,3,20,0.0796779070803418,0.079677907080342,-1.52655665885959e-16,0,746.5429361847802
100.0,b1484,1,20,0.0796779070803418,0.079677907080342,-1.52655665885959e-16,0,746.5429361847802
100.0,b1485,1,20,0.0796779070803418,0.079677907080342,-1.52655665885959e-16,0,746.5429361847802
100.0,b1486,1,20,0.0796779070803418,0.079677907080342,-1.52655665885959e-16,0,746.5429361847802
100.0,b1487,1,20,0.0796779070803418,0.079677907080342,-1.52655665885959e-16,0,746.5429361847802
100.0,b1483,1,20,0.0796779070803418,0.079677907080342,-1.52655665885959e-16,0,746.5429361847802
100.0,b0829,1,20,0.0796779070803418,0.079677907080342,-1.52655665885959e-16,0,746.5429361847802
100.0,b0832,1,20,0.0796779070803418,0.079677907080342,-1.52655665885959e-16,0,746.5429361847802
100.0,b0830,1,20,0.0796779070803418,0.079677907080342,-1.52655665885959e-16,0,746.5429361847802
100.0,b0831,1,20,0.0796779070803418,0.079677907080342,-1.52655665885959e-16,0,746.5429361847802
100.0,b0789,7,20,0.0796779070803418,0.079677907080342,-1.52655665885959e-16,0,746.5429361847802
100.0,b1249,7,20,0.0796779070803418,0.079677907080342,-1.52655665885959e-16,0,746.5429361847802
100.0,b1677,2,20,0.0796779070803418,0.079677907080342,-1.52655665885959e-16,0,746.5429361847802
100.0,b0657,2,20,0.0796779070803418,0.079677907080342,-1.52655665885959e-16,0,746.5429361847802
100.0,b0418,14,20,0.0796779070803418,0.079677907080342,-1.52655665885959e-16,0,746.5429361847802
100.0,b0508,1,20,0.0796779070803418,0.079677907080342,-1.52655665885959e-16,0,746.5429361847802
100.0,b0613,1,20,0.0796779070803418,0.079677907080342,-1.52655665885959e-16,0,746.5429361847802
100.0,b1301,1,20,0.0796779070803418,0.079677907080342,-1.52655665885959e-16,0,746.5429361847802
100.0,b0805,1,20,0.0796779070803418,0.079677907080342,-1.52655665885959e-16,0,746.5429361847802
100.0,b2155,1,20,0.0796779070803418,0.079677907080342,-1.52655665885959e-16,0,746.5429361847802
100.0,b0576,1,20,0.0796779070803418,0.079677907080342,-1.52655665885959e-16,0,746.5429361847802
100.0,b0594,1,20,0.0796779070803418,0.079677907080342,-1.52655665885959e-16,0,746.5429361847802
100.0,b3182,9,20,0.0796779070803418,0.079677907080342,-1.52655665885959e-16,0,746.5429361847802
100.0,b2010,5,20,0.0796779070803418,0.079677907080342,-1.52655665885959e-16,0,746.5429361847802
100.0,b0839,5,20,0.0796779070803418,0.079677907080342,-1.52655665885959e-16,0,746.5429361847802
100.0,b2430,5,20,0.0796779070803418,0.079677907080342,-1.52655665885959e-16,0,746.5429361847802
100.0,b0632,5,20,0.0796779070803418,0.079677907080342,-1.52655665885959e-16,0,746.5429361847802
100.0,b0376,9,20,0.0796779070803418,0.079677907080342,-1.52655665885959e-16,0,746.5429361847802
100.0,b3833,2,20,0.0796779070803418,0.079677907080342,-1.52655665885959e-16,0,746.5429361847802
100.0,b0514,1,20,0.0796779070803418,0.079677907080342,-1.52655665885959e-16,0,746.5429361847802
100.0,b2519,2,410,0.0796779070803418,-2.585151686592889e-17,0.0796779070803419,1,911.9151926941776
100.0,b3396,4,410,0.0796779070803418,0.0,0.0796779070803418,1,911.9151926941736
100.0,b1069,2,410,0.0796779070803418,0.0,0.0796779070803418,1,911.9151926941736
100.0,b0089,2,410,0.0796779070803418,0.0,0.0796779070803418,1,911.9151926941736
100.0,b3208,2,410,0.0796779070803418,0.0,0.0796779070803418,1,911.9151926941736
100.0,b0149,4,410,0.0796779070803418,0.0,0.0796779070803418,1,911.9151926941736
100.0,b0084,2,410,0.0796779070803418,0.0,0.0796779070803418,1,911.9151926941736
100.0,b0635,2,410,0.0796779070803418,0.0,0.0796779070803418,1,911.915192694142
100.0,b0925,6,20,0.0796779070803418,0.0796779070803331,8.798517470154366e-15,0,746.5429361847773
100.0,b1678,6,20,0.0796779070803418,0.0796779070803385,3.3584246494910985e-15,0,746.542936184779
100.0,b0355,1,20,0.0796779070803418,0.0796779070803385,3.3584246494910985e-15,0,746.542936184779
100.0,b2154,1,20,0.0796779070803418,0.0796779070803385,3.3584246494910985e-15,0,746.542936184779
100.0,b2893,2,20,0.0796779070803418,0.0796779070803385,3.3584246494910985e-15,0,746.542936184779
100.0,b0604,2,20,0.0796779070803418,0.0796779070803385,3.3584246494910985e-15,0,746.542936184779
100.0,b3930,1,20,0.0796779070803418,0.0796779070803385,3.3584246494910985e-15,0,746.542936184779
100.0,b3994,1,410,0.0796779070803418,1.4930116889605806e-16,0.0796779070803417,1,911.9151926941628
100.0,b1710,2,20,0.0796779070803418,0.0796779070803402,1.6792123247455493e-15,0,746.5429361847803
100.0,b2480,1,20,0.0796779070803418,0.0796779070803385,3.3584246494910985e-15,0,746.542936184779
100.0,b0429,1,411,0.0796779070803418,0.0,0.0796779070803418,1,26860.35874098214
100.0,b0432,1,411,0.0796779070803418,0.0,0.0796779070803418,1,26860.35874098214
100.0,b0430,1,411,0.0796779070803418,0.0,0.0796779070803418,1,26860.35874098214
100.0,b0431,1,411,0.0796779070803418,0.0,0.0796779070803418,1,26860.35874098214
100.0,b4041,7,26,0.0796779070803418,0.0796779070803461,-4.246603069191224e-15,0,746.5431214875547
100.0,b0180,14,431,0.0796779070803418,0.0,0.0796779070803418,1,30847310.6340664
100.0,b2413,1,297,0.0796779070803418,0.0795581849964361,0.0001197220839057,0,746.5807509839725
100.0,b3018,7,410,0.0796779070803418,-3.417640574475813e-16,0.0796779070803422,1,911.9151926941812
100.0,b4042,7,26,0.0796779070803418,0.0796779070803337,8.118505867571457e-15,0,746.54312148755
100.0,b4160,7,410,0.0796779070803418,-9.78299164483633e-16,0.0796779070803428,1,911.9151926942168
100.0,b0722,1,404,0.0796779070803418,0.0756480469133013,0.0040298601670405,0,733.9880810410857
100.0,b0723,1,404,0.0796779070803418,0.0756480469132964,0.0040298601670454,0,733.9880810410849
100.0,b0721,1,404,0.0796779070803418,0.0756480469132964,0.0040298601670454,0,733.9880810410849
100.0,b0724,1,404,0.0796779070803418,0.0756480469132964,0.0040298601670454,0,733.9880810410849
100.0,b0494,21,81,0.0796779070803418,0.0796779070803461,-4.204969705767781e-15,0,746.5443574260917
100.0,b0118,3,410,0.0796779070803418,-2.911629030610873e-15,0.0796779070803448,1,911.9151926941564
100.0,b1276,2,410,0.0796779070803418,-8.258979201222746e-30,0.0796779070803418,1,911.915192694174
100.0,b3447,1,81,0.0796779070803418,0.0796779070799799,3.6196046160341676e-13,0,746.5443574263483
100.0,b1990,5,81,0.0796779070803418,0.0796779070803232,1.8679502389318262e-14,0,746.5443574260845
100.0,b0819,5,81,0.0796779070803418,0.0796779070803232,1.8679502389318262e-14,0,746.5443574260845
100.0,b1113,5,81,0.0796779070803418,0.0796779070803232,1.8679502389318262e-14,0,746.5443574260845
100.0,b1097,4,81,0.0796779070803418,0.0796779070803232,1.8679502389318262e-14,0,746.5443574260845
100.0,b2813,4,81,0.0796779070803418,0.0796779070803232,1.8679502389318262e-14,0,746.5443574260845
100.0,b2701,4,81,0.0796779070803418,0.0796779070803232,1.8679502389318262e-14,0,746.5443574260845
100.0,b0211,4,81,0.0796779070803418,0.0796779070803232,1.8679502389318262e-14,0,746.5443574260845
100.0,b4392,4,81,0.0796779070803418,0.0796779070803232,1.8679502389318262e-14,0,746.5443574260845
100.0,b2558,4,81,0.0796779070803418,0.0796779070803232,1.8679502389318262e-14,0,746.5443574260845
100.0,b1193,4,81,0.0796779070803418,0.0796779070803232,1.8679502389318262e-14,0,746.5443574260845
100.0,b2963,4,81,0.0796779070803418,0.0796779070803232,1.8679502389318262e-14,0,746.5443574260845
100.0,b3546,2,81,0.0796779070803418,0.0796779070803232,1.8679502389318262e-14,0,746.5443574260845
100.0,b2328,6,81,0.0796779070803418,0.0796779070803232,1.8679502389318262e-14,0,746.5443574260845
100.0,b2134,4,81,0.0796779070803418,0.0796779070803232,1.8679502389318262e-14,0,746.5443574260845
100.0,b1655,4,81,0.0796779070803418,0.0796779070803232,1.8679502389318262e-14,0,746.5443574260845
100.0,b1856,4,81,0.0796779070803418,0.0796779070803232,1.8679502389318262e-14,0,746.5443574260845
100.0,b3860,2,81,0.0796779070803418,0.0796779070803232,1.8679502389318262e-14,0,746.5443574260845
100.0,b1185,2,81,0.0796779070803418,0.0796779070803232,1.8679502389318262e-14,0,746.5443574260845
100.0,b4136,3,81,0.0796779070803418,0.0796779070803232,1.8679502389318262e-14,0,746.5443574260845
100.0,b0605,1,81,0.0796779070803418,0.0796779070803232,1.8679502389318262e-14,0,746.5443574260845
100.0,b0606,1,81,0.0796779070803418,0.0796779070803232,1.8679502389318262e-14,0,746.5443574260845
100.0,b0221,8,375,0.0796779070803418,0.0783006046283504,0.0013773024519914,0,743.6613253728988
100.0,b2283,3,411,0.0796779070803418,0.0,0.0796779070803418,1,26860.35874098214
100.0,b2282,3,411,0.0796779070803418,0.0,0.0796779070803418,1,26860.35874098214
100.0,b2281,3,411,0.0796779070803418,0.0,0.0796779070803418,1,26860.35874098214
100.0,b2288,3,411,0.0796779070803418,0.0,0.0796779070803418,1,26860.35874098214
100.0,b2276,3,411,0.0796779070803418,0.0,0.0796779070803418,1,26860.35874098214
100.0,b2277,3,411,0.0796779070803418,0.0,0.0796779070803418,1,26860.35874098214
100.0,b2285,3,411,0.0796779070803418,0.0,0.0796779070803418,1,26860.35874098214
100.0,b2284,3,411,0.0796779070803418,0.0,0.0796779070803418,1,26860.35874098214
100.0,b2278,3,411,0.0796779070803418,0.0,0.0796779070803418,1,26860.35874098214
100.0,b2279,3,411,0.0796779070803418,0.0,0.0796779070803418,1,26860.35874098214
100.0,b2280,3,411,0.0796779070803418,0.0,0.0796779070803418,1,26860.35874098214
100.0,b2287,3,411,0.0796779070803418,0.0,0.0796779070803418,1,26860.35874098214
100.0,b2286,3,411,0.0796779070803418,0.0,0.0796779070803418,1,26860.35874098214
100.0,b1801,3,78,0.0796779070803418,0.0796779070803426,-7.2164496600635185e-16,0,746.5379096460899
100.0,b4208,5,249,0.0796779070803418,0.0796646782247039,1.322885563792564e-05,0,746.5312070517566
100.0,b0007,2,78,0.0796779070803418,0.0796779070803636,-2.1718737919229625e-14,0,746.5379096460977
100.0,b2923,2,78,0.0796779070803418,0.0796779070803592,-1.7388868123191514e-14,0,746.5379096460958
100.0,b0874,1,78,0.0796779070803418,0.0796779070803592,-1.7388868123191514e-14,0,746.5379096460958
100.0,b0037,3,78,0.0796779070803418,0.0796779070803592,-1.7388868123191514e-14,0,746.5379096460958
100.0,b1734,2,78,0.0796779070803418,0.0796779070803592,-1.7388868123191514e-14,0,746.5379096460958
100.0,b2467,1,78,0.0796779070803418,0.0796779070803592,-1.7388868123191514e-14,0,746.5379096460958
100.0,b0404,7,78,0.0796779070803418,0.0796779070803592,-1.7388868123191514e-14,0,746.5379096460958
100.0,b0314,1,78,0.0796779070803418,0.0796779070803592,-1.7388868123191514e-14,0,746.5379096460958
100.0,b4474,1,78,0.0796779070803418,0.0796779070803592,-1.7388868123191514e-14,0,746.5379096460958
100.0,b3370,2,78,0.0796779070803418,0.0796779070803592,-1.7388868123191514e-14,0,746.5379096460958
100.0,b3040,6,410,0.0796779070803418,-1.8820969041172853e-15,0.0796779070803437,1,911.9151926942748
100.0,b3816,3,410,0.0796779070803418,0.0,0.0796779070803418,1,911.915192694166
100.0,b2373,1,28,0.0796779070803418,0.0796779070803323,9.534040223968532e-15,0,746.538767457095
100.0,b4233,2,28,0.0796779070803418,0.0796779070803819,-4.007905118896815e-14,0,746.5387674571123
100.0,b3196,1,410,0.0796779070803418,-2.859207284754272e-16,0.0796779070803421,1,911.91519269438
100.0,b3691,1,28,0.0796779070803418,0.0796779070803305,1.1352030426792226e-14,0,746.5387674570945
100.0,b2843,1,28,0.0796779070803418,0.0796779070803819,-4.007905118896815e-14,0,746.5387674571123
100.0,b2156,1,28,0.0796779070803418,0.0796779070803819,-4.007905118896815e-14,0,746.5387674571123
100.0,b4130,3,28,0.0796779070803418,0.0796779070803819,-4.007905118896815e-14,0,746.5387674571123
100.0,b4356,1,28,0.0796779070803418,0.0796779070803819,-4.007905118896815e-14,0,746.5387674571123
100.0,b4358,1,28,0.0796779070803418,0.0796779070803819,-4.007905118896815e-14,0,746.5387674571123
100.0,b3431,1,28,0.0796779070803418,0.0796779070803819,-4.007905118896815e-14,0,746.5387674571123
100.0,b0155,1,66,0.0796779070803418,0.0796774940287586,4.130515832562187e-07,0,746.5388944636713
100.0,b1378,1,263,0.0796779070803418,0.0796606498536432,1.725722669861096e-05,0,746.415141462588
100.0,b0684,7,410,0.0796779070803418,2.4633342593323163e-11,0.0796779070557085,1,911.9151925994084
100.0,b2895,7,410,0.0796779070803418,2.4633672559122075e-11,0.0796779070557082,1,911.9151925993422
100.0,b0777,1,410,0.0796779070803418,0.0,0.0796779070803418,1,911.9151926940848
100.0,b3199,9,410,0.0796779070803418,0.0,0.0796779070803418,1,911.9151926941051
100.0,b0641,9,410,0.0796779070803418,0.0,0.0796779070803418,1,911.915192694154
100.0,b3200,9,410,0.0796779070803418,0.0,0.0796779070803418,1,911.915192694154
100.0,b3201,9,410,0.0796779070803418,0.0,0.0796779070803418,1,911.915192694154
100.0,b0054,9,410,0.0796779070803418,0.0,0.0796779070803418,1,911.915192694154
100.0,b4262,9,410,0.0796779070803418,0.0,0.0796779070803418,1,911.915192694154
100.0,b4261,9,410,0.0796779070803418,0.0,0.0796779070803418,1,911.915192694154
100.0,b1535,1,28,0.0796779070803418,0.0796779070803358,6.0090821207836606e-15,0,746.5387674570961
100.0,b1490,1,28,0.0796779070803418,0.0796779070803461,-4.260480856999038e-15,0,746.5387674571002
100.0,b1794,1,28,0.0796779070803418,0.0796779070803461,-4.260480856999038e-15,0,746.5387674571002
100.0,b1341,1,28,0.0796779070803418,0.0796779070803461,-4.260480856999038e-15,0,746.5387674571002
100.0,b1025,1,28,0.0796779070803418,0.0796779070803461,-4.260480856999038e-15,0,746.5387674571002
100.0,b1285,2,28,0.0796779070803418,0.0796779070803461,-4.260480856999038e-15,0,746.5387674571002
100.0,b3525,1,28,0.0796779070803418,0.0796779070803461,-4.260480856999038e-15,0,746.5387674571002
100.0,b0315,1,28,0.0796779070803418,0.0796779070803461,-4.260480856999038e-15,0,746.5387674571002
100.0,b2503,1,28,0.0796779070803418,0.0796779070803461,-4.260480856999038e-15,0,746.5387674571002
100.0,b0009,1,28,0.0796779070803418,0.0796779070803461,-4.260480856999038e-15,0,746.5387674571002
100.0,b0784,2,28,0.0796779070803418,0.0796779070803461,-4.260480856999038e-15,0,746.5387674571002
100.0,b2530,6,410,0.0796779070803418,2.3881660570563793e-16,0.0796779070803416,1,911.9151926942056
100.0,b2470,7,28,0.0796779070803418,0.0796779070803391,2.720046410331633e-15,0,746.5387674570974
100.0,b0463,7,28,0.0796779070803418,0.0796779070803461,-4.260480856999038e-15,0,746.5387674571002
100.0,b0462,7,28,0.0796779070803418,0.0796779070803461,-4.260480856999038e-15,0,746.5387674571002
100.0,b1394,2,28,0.0796779070803418,0.0796779070803461,-4.260480856999038e-15,0,746.5387674571002
100.0,b1090,7,22,0.0796779070803418,0.0796779070803461,-4.260480856999038e-15,0,746.5385821543277
100.0,b3059,7,22,0.0796779070803418,0.0796779070803436,-1.790234627208065e-15,0,746.5385821543263
100.0,b2529,6,70,0.0796779070803418,0.0796775591802888,3.4790005307150373e-07,0,746.5386889645124
100.0,b1684,2,22,0.0796779070803418,0.0796779070803522,-1.0394463068053028e-14,0,746.5385821543294
100.0,b1682,6,22,0.0796779070803418,0.079677907080348,-6.189493362285248e-15,0,746.5385821543276
100.0,b1683,6,22,0.0796779070803418,0.079677907080348,-6.189493362285248e-15,0,746.5385821543276
100.0,b1681,6,22,0.0796779070803418,0.079677907080348,-6.189493362285248e-15,0,746.5385821543276
100.0,b0827,4,22,0.0796779070803418,0.079677907080348,-6.189493362285248e-15,0,746.5385821543276
100.0,b3857,5,22,0.0796779070803418,0.079677907080348,-6.189493362285248e-15,0,746.5385821543276
100.0,b3856,5,22,0.0796779070803418,0.079677907080348,-6.189493362285248e-15,0,746.5385821543276
100.0,b3058,2,410,0.0796779070803418,-4.256109870847664e-12,0.079677907084598,1,911.9151927105672
100.0,b0709,2,22,0.0796779070803418,0.0796779070803368,5.037636974236648e-15,0,746.5385821543243
100.0,b3496,2,22,0.0796779070803418,0.079677907080348,-6.189493362285248e-15,0,746.5385821543276
100.0,b1634,2,22,0.0796779070803418,0.079677907080348,-6.189493362285248e-15,0,746.5385821543276
100.0,b2528,2,70,0.0796779070803418,0.0796775591802927,3.479000491024564e-07,0,746.538688964514
100.0,b1679,4,22,0.0796779070803418,0.079677907080344,-2.1510571102112408e-15,0,746.538582154327
100.0,b0775,1,410,0.0796779070803418,-2.217310305338189e-15,0.0796779070803441,1,911.915192694194
100.0,b1009,1,22,0.0796779070803418,0.0796779070803336,8.271161533457416e-15,0,746.5385821543233
100.0,b0444,1,22,0.0796779070803418,0.0796779070803399,1.942890293094024e-15,0,746.5385821543252
100.0,b2794,1,22,0.0796779070803418,0.0796779070803399,1.942890293094024e-15,0,746.5385821543252
100.0,b1008,1,22,0.0796779070803418,0.0796779070803399,1.942890293094024e-15,0,746.5385821543252
100.0,b2765,1,22,0.0796779070803418,0.0796779070803399,1.942890293094024e-15,0,746.5385821543252
100.0,b2263,1,22,0.0796779070803418,0.0796779070803399,1.942890293094024e-15,0,746.5385821543252
100.0,b1011,1,22,0.0796779070803418,0.0796779070803399,1.942890293094024e-15,0,746.5385821543252
100.0,b1010,1,22,0.0796779070803418,0.0796779070803399,1.942890293094024e-15,0,746.5385821543252
100.0,b0968,7,22,0.0796779070803418,0.0796779070803399,1.942890293094024e-15,0,746.5385821543252
100.0,b2264,1,22,0.0796779070803418,0.0796779070803399,1.942890293094024e-15,0,746.5385821543252
100.0,b2262,1,22,0.0796779070803418,0.0796779070803399,1.942890293094024e-15,0,746.5385821543252
100.0,b1686,1,22,0.0796779070803418,0.0796779070803399,1.942890293094024e-15,0,746.5385821543252
100.0,b3991,1,410,0.0796779070803418,2.0639466261191244e-15,0.0796779070803398,1,911.9151926941664
100.0,b4407,1,410,0.0796779070803418,0.0,0.0796779070803418,1,911.9151926941768
100.0,b3990,1,410,0.0796779070803418,0.0,0.0796779070803418,1,911.9151926941768
100.0,b0423,1,410,0.0796779070803418,0.0,0.0796779070803418,1,911.9151926941768
100.0,b3992,1,410,0.0796779070803418,0.0,0.0796779070803418,1,911.9151926941768
100.0,b2877,1,22,0.0796779070803418,0.079677907080341,8.604228440844963e-16,0,746.5385821543257
100.0,b2374,1,22,0.0796779070803418,0.0796779070803399,1.942890293094024e-15,0,746.5385821543252
100.0,b1389,1,22,0.0796779070803418,0.0796779070803399,1.942890293094024e-15,0,746.5385821543252
100.0,b1388,1,22,0.0796779070803418,0.0796779070803399,1.942890293094024e-15,0,746.5385821543252
100.0,b1390,1,22,0.0796779070803418,0.0796779070803399,1.942890293094024e-15,0,746.5385821543252
100.0,b1391,1,22,0.0796779070803418,0.0796779070803399,1.942890293094024e-15,0,746.5385821543252
100.0,b1392,1,22,0.0796779070803418,0.0796779070803399,1.942890293094024e-15,0,746.5385821543252
100.0,b1397,2,22,0.0796779070803418,0.0796779070803399,1.942890293094024e-15,0,746.5385821543252
100.0,b1395,1,22,0.0796779070803418,0.0796779070803399,1.942890293094024e-15,0,746.5385821543252
100.0,b1012,1,22,0.0796779070803418,0.0796779070803399,1.942890293094024e-15,0,746.5385821543252
100.0,b1007,1,22,0.0796779070803418,0.0796779070803399,1.942890293094024e-15,0,746.5385821543252
100.0,b0785,1,22,0.0796779070803418,0.0796779070803399,1.942890293094024e-15,0,746.5385821543252
100.0,b3893,2,22,0.0796779070803418,0.0796779070803399,1.942890293094024e-15,0,746.5385821543252
100.0,b3892,2,22,0.0796779070803418,0.0796779070803399,1.942890293094024e-15,0,746.5385821543252
100.0,b3894,2,22,0.0796779070803418,0.0796779070803399,1.942890293094024e-15,0,746.5385821543252
100.0,b1475,2,22,0.0796779070803418,0.0796779070803399,1.942890293094024e-15,0,746.5385821543252
100.0,b1474,2,22,0.0796779070803418,0.0796779070803399,1.942890293094024e-15,0,746.5385821543252
100.0,b1476,2,22,0.0796779070803418,0.0796779070803399,1.942890293094024e-15,0,746.5385821543252
100.0,b0776,1,410,0.0796779070803418,1.0769331516493716e-15,0.0796779070803408,1,911.9151926941696
100.0,b3412,1,410,0.0796779070803418,0.0,0.0796779070803418,1,911.9151926941536
100.0,b2515,1,410,0.0796779070803418,2.4633672559119164e-11,0.0796779070557082,1,911.9151925994504
100.0,b4238,4,258,0.0796779070803418,0.079661028859496,1.6878220845881198e-05,0,746.4185247846978
100.0,b3924,5,258,0.0796779070803418,0.0796610288594847,1.6878220857108328e-05,0,746.4185247846935
100.0,b4237,4,258,0.0796779070803418,0.0796610288594847,1.6878220857108328e-05,0,746.4185247846935
100.0,b4209,1,22,0.0796779070803418,0.0796779070803302,1.1671219546371958e-14,0,746.5385821543221
100.0,b1387,1,22,0.0796779070803418,0.0796779070803399,1.942890293094024e-15,0,746.5385821543252
100.0,b1393,1,22,0.0796779070803418,0.0796779070803399,1.942890293094024e-15,0,746.5385821543252
100.0,b2912,1,22,0.0796779070803418,0.0796779070803399,1.942890293094024e-15,0,746.5385821543252
100.0,b2174,1,22,0.0796779070803418,0.0796779070803399,1.942890293094024e-15,0,746.5385821543252
100.0,b0826,1,22,0.0796779070803418,0.0796779070803399,1.942890293094024e-15,0,746.5385821543252
100.0,b0781,1,22,0.0796779070803418,0.0796779070803399,1.942890293094024e-15,0,746.5385821543252
100.0,b0783,1,22,0.0796779070803418,0.0796779070803399,1.942890293094024e-15,0,746.5385821543252
100.0,b0630,1,22,0.0796779070803418,0.0796779070803399,1.942890293094024e-15,0,746.5385821543252
100.0,b0628,1,22,0.0796779070803418,0.0796779070803399,1.942890293094024e-15,0,746.5385821543252
100.0,b4386,3,22,0.0796779070803418,0.0796779070803399,1.942890293094024e-15,0,746.5385821543252
100.0,b1385,1,22,0.0796779070803418,0.0796779070803399,1.942890293094024e-15,0,746.5385821543252
100.0,b2917,1,22,0.0796779070803418,0.0796779070803399,1.942890293094024e-15,0,746.5385821543252
100.0,b3572,1,22,0.0796779070803418,0.0796779070803399,1.942890293094024e-15,0,746.5385821543252
100.0,b4129,1,22,0.0796779070803418,0.0796779070803399,1.942890293094024e-15,0,746.5385821543252
100.0,b3722,1,22,0.0796779070803418,0.0796779070803399,1.942890293094024e-15,0,746.5385821543252
100.0,b0681,1,22,0.0796779070803418,0.0796779070803399,1.942890293094024e-15,0,746.5385821543252
100.0,b1473,3,22,0.0796779070803418,0.0796779070803399,1.942890293094024e-15,0,746.5385821543252
100.0,b3882,2,22,0.0796779070803418,0.0796779070803399,1.942890293094024e-15,0,746.5385821543252
100.0,b1600,1,22,0.0796779070803418,0.0796779070803399,1.942890293094024e-15,0,746.5385821543252
100.0,b1599,1,22,0.0796779070803418,0.0796779070803399,1.942890293094024e-15,0,746.5385821543252
100.0,b2660,1,22,0.0796779070803418,0.0796779070803399,1.942890293094024e-15,0,746.5385821543252
100.0,b4167,4,22,0.0796779070803418,0.0796779070803399,1.942890293094024e-15,0,746.5385821543252
100.0,b2670,1,22,0.0796779070803418,0.0796779070803399,1.942890293094024e-15,0,746.5385821543252
100.0,b3070,3,22,0.0796779070803418,0.0796779070803399,1.942890293094024e-15,0,746.5385821543252
100.0,b4297,1,22,0.0796779070803418,0.0796779070803399,1.942890293094024e-15,0,746.5385821543252
100.0,b0269,1,22,0.0796779070803418,0.0796779070803399,1.942890293094024e-15,0,746.5385821543252
100.0,b4298,1,22,0.0796779070803418,0.0796779070803399,1.942890293094024e-15,0,746.5385821543252
100.0,b0268,1,22,0.0796779070803418,0.0796779070803399,1.942890293094024e-15,0,746.5385821543252
100.0,b3715,1,22,0.0796779070803418,0.0796779070803399,1.942890293094024e-15,0,746.5385821543252
100.0,b0516,1,22,0.0796779070803418,0.0796779070803399,1.942890293094024e-15,0,746.5385821543252
100.0,b0515,1,22,0.0796779070803418,0.0796779070803399,1.942890293094024e-15,0,746.5385821543252
100.0,b1617,1,22,0.0796779070803418,0.0796779070803399,1.942890293094024e-15,0,746.5385821543252
100.0,b1695,1,366,0.0796779070803418,0.0783006046283665,0.0013773024519753,0,743.6549336222911
100.0,b1771,1,22,0.0796779070803418,0.0796779070803344,7.438494264988549e-15,0,746.5385821543234
100.0,b2907,1,22,0.0796779070803418,0.0796779070803379,3.927413949611491e-15,0,746.5385821543246
100.0,b0543,2,22,0.0796779070803418,0.0796779070803379,3.927413949611491e-15,0,746.5385821543246
100.0,b1601,1,22,0.0796779070803418,0.0796779070803379,3.927413949611491e-15,0,746.5385821543246
100.0,b0624,1,22,0.0796779070803418,0.0796779070803379,3.927413949611491e-15,0,746.5385821543246
100.0,b3880,1,22,0.0796779070803418,0.0796779070803379,3.927413949611491e-15,0,746.5385821543246
100.0,b3881,1,22,0.0796779070803418,0.0796779070803379,3.927413949611491e-15,0,746.5385821543246
100.0,b3877,1,22,0.0796779070803418,0.0796779070803379,3.927413949611491e-15,0,746.5385821543246
100.0,b3876,1,22,0.0796779070803418,0.0796779070803379,3.927413949611491e-15,0,746.5385821543246
100.0,b1511,1,78,0.0796779070803418,0.0796769827394313,9.243409105907928e-07,0,746.5385505432491
100.0,b2371,1,22,0.0796779070803418,0.0796779070803403,1.5265566588595902e-15,0,746.5385821543255
100.0,b2302,1,22,0.0796779070803418,0.0796779070803488,-6.952771691715043e-15,0,746.538582154328
100.0,b2989,1,22,0.0796779070803418,0.0796779070803488,-6.952771691715043e-15,0,746.538582154328
100.0,b1619,1,22,0.0796779070803418,0.0796779070803488,-6.952771691715043e-15,0,746.538582154328
100.0,b4337,1,22,0.0796779070803418,0.0796779070803488,-6.952771691715043e-15,0,746.538582154328
100.0,b1337,1,22,0.0796779070803418,0.0796779070803488,-6.952771691715043e-15,0,746.538582154328
100.0,b1338,1,22,0.0796779070803418,0.0796779070803488,-6.952771691715043e-15,0,746.538582154328
100.0,b1336,1,22,0.0796779070803418,0.0796779070803488,-6.952771691715043e-15,0,746.538582154328
100.0,b2873,1,22,0.0796779070803418,0.0796779070803488,-6.952771691715043e-15,0,746.538582154328
100.0,b1430,1,22,0.0796779070803418,0.0796779070803488,-6.952771691715043e-15,0,746.538582154328
100.0,b1396,2,22,0.0796779070803418,0.0796779070803488,-6.952771691715043e-15,0,746.538582154328
100.0,b3943,1,22,0.0796779070803418,0.0796779070803488,-6.952771691715043e-15,0,746.538582154328
100.0,b0578,2,22,0.0796779070803418,0.0796779070803488,-6.952771691715043e-15,0,746.538582154328
100.0,b3253,1,22,0.0796779070803418,0.0796779070803488,-6.952771691715043e-15,0,746.538582154328
100.0,b1022,2,22,0.0796779070803418,0.0796779070803488,-6.952771691715043e-15,0,746.538582154328
100.0,b1021,2,22,0.0796779070803418,0.0796779070803488,-6.952771691715043e-15,0,746.538582154328
100.0,b1733,1,22,0.0796779070803418,0.0796779070803488,-6.952771691715043e-15,0,746.538582154328
100.0,b4266,2,22,0.0796779070803418,0.0796779070803488,-6.952771691715043e-15,0,746.538582154328
100.0,b3493,1,323,0.0796779070803418,0.0792212493358913,0.0004566577444505,0,746.6923329687112
100.0,b2987,1,323,0.0796779070803418,0.0792212493358835,0.0004566577444583,0,746.6923329687102
100.0,b0401,3,22,0.0796779070803418,0.0796779070803432,-1.3461454173580025e-15,0,746.5385821543264
100.0,b4141,4,22,0.0796779070803418,0.0796779070803488,-6.952771691715043e-15,0,746.538582154328
100.0,b1798,2,22,0.0796779070803418,0.0796779070803488,-6.952771691715043e-15,0,746.538582154328
100.0,b3662,2,22,0.0796779070803418,0.0796779070803488,-6.952771691715043e-15,0,746.538582154328
100.0,b1592,1,22,0.0796779070803418,0.0796779070803488,-6.952771691715043e-15,0,746.538582154328
100.0,b2842,1,22,0.0796779070803418,0.0796779070803488,-6.952771691715043e-15,0,746.538582154328
100.0,b4020,1,22,0.0796779070803418,0.0796779070803488,-6.952771691715043e-15,0,746.538582154328
100.0,b1985,2,22,0.0796779070803418,0.0796779070803488,-6.952771691715043e-15,0,746.538582154328
100.0,b1516,1,22,0.0796779070803418,0.0796779070803488,-6.952771691715043e-15,0,746.538582154328
100.0,b1514,1,22,0.0796779070803418,0.0796779070803488,-6.952771691715043e-15,0,746.538582154328
100.0,b1515,1,22,0.0796779070803418,0.0796779070803488,-6.952771691715043e-15,0,746.538582154328
100.0,b1513,1,22,0.0796779070803418,0.0796779070803488,-6.952771691715043e-15,0,746.538582154328
100.0,b1518,1,78,0.0796779070803418,0.0796769827394446,9.243408972819944e-07,0,746.5385505432527
100.0,b3240,1,22,0.0796779070803418,0.0796779070803649,-2.3064883336587627e-14,0,746.538582154334
100.0,b3241,1,22,0.0796779070803418,0.0796779070803488,-6.952771691715043e-15,0,746.538582154328
100.0,b1449,2,22,0.0796779070803418,0.0796779070803488,-6.952771691715043e-15,0,746.538582154328
100.0,b2245,1,22,0.0796779070803418,0.0796779070803488,-6.952771691715043e-15,0,746.538582154328
100.0,b1448,1,22,0.0796779070803418,0.0796779070803488,-6.952771691715043e-15,0,746.538582154328
100.0,b3656,1,22,0.0796779070803418,0.0796779070803488,-6.952771691715043e-15,0,746.538582154328
100.0,b3883,1,22,0.0796779070803418,0.0796779070803488,-6.952771691715043e-15,0,746.538582154328
100.0,b3966,3,22,0.0796779070803418,0.0796779070803488,-6.952771691715043e-15,0,746.538582154328
100.0,b4098,1,22,0.0796779070803418,0.0796779070803488,-6.952771691715043e-15,0,746.538582154328
100.0,b3488,1,22,0.0796779070803418,0.0796779070803488,-6.952771691715043e-15,0,746.538582154328
100.0,b1813,1,22,0.0796779070803418,0.0796779070803488,-6.952771691715043e-15,0,746.538582154328
100.0,b2166,1,22,0.0796779070803418,0.0796779070803488,-6.952771691715043e-15,0,746.538582154328
100.0,b1103,1,22,0.0796779070803418,0.0796779070803488,-6.952771691715043e-15,0,746.538582154328
100.0,b4096,1,22,0.0796779070803418,0.0796779070803488,-6.952771691715043e-15,0,746.538582154328
100.0,b4101,1,22,0.0796779070803418,0.0796779070803488,-6.952771691715043e-15,0,746.538582154328
100.0,b4100,1,22,0.0796779070803418,0.0796779070803488,-6.952771691715043e-15,0,746.538582154328
100.0,b4099,1,22,0.0796779070803418,0.0796779070803488,-6.952771691715043e-15,0,746.538582154328
100.0,b4095,1,22,0.0796779070803418,0.0796779070803488,-6.952771691715043e-15,0,746.538582154328
100.0,b4092,1,22,0.0796779070803418,0.0796779070803488,-6.952771691715043e-15,0,746.538582154328
100.0,b2047,1,22,0.0796779070803418,0.0796779070803488,-6.952771691715043e-15,0,746.538582154328
100.0,b4106,1,22,0.0796779070803418,0.0796779070803488,-6.952771691715043e-15,0,746.538582154328
100.0,b4104,1,22,0.0796779070803418,0.0796779070803488,-6.952771691715043e-15,0,746.538582154328
100.0,b4105,1,22,0.0796779070803418,0.0796779070803488,-6.952771691715043e-15,0,746.538582154328
100.0,b0662,1,22,0.0796779070803418,0.0796779070803488,-6.952771691715043e-15,0,746.538582154328
100.0,b2906,1,22,0.0796779070803418,0.0796779070803488,-6.952771691715043e-15,0,746.538582154328
100.0,b1400,1,22,0.0796779070803418,0.0796779070803488,-6.952771691715043e-15,0,746.538582154328
100.0,b2683,1,22,0.0796779070803418,0.0796779070803488,-6.952771691715043e-15,0,746.538582154328
100.0,b2682,1,22,0.0796779070803418,0.0796779070803488,-6.952771691715043e-15,0,746.538582154328
100.0,b1821,1,22,0.0796779070803418,0.0796779070803488,-6.952771691715043e-15,0,746.538582154328
100.0,b2164,1,22,0.0796779070803418,0.0796779070803488,-6.952771691715043e-15,0,746.538582154328
100.0,b1616,1,22,0.0796779070803418,0.0796779070803488,-6.952771691715043e-15,0,746.538582154328
100.0,b1517,1,78,0.0796779070803418,0.0796769827394446,9.243408972819944e-07,0,746.5385505432527
100.0,b0577,1,22,0.0796779070803418,0.0796779070803336,8.243405957841787e-15,0,746.5385821543236
100.0,b2924,1,22,0.0796779070803418,0.0796779070803488,-6.952771691715043e-15,0,746.538582154328
100.0,b1330,1,22,0.0796779070803418,0.0796779070803488,-6.952771691715043e-15,0,746.538582154328
100.0,b0808,1,22,0.0796779070803418,0.0796779070803488,-6.952771691715043e-15,0,746.538582154328
100.0,b0465,1,22,0.0796779070803418,0.0796779070803488,-6.952771691715043e-15,0,746.538582154328
100.0,b3291,1,22,0.0796779070803418,0.0796779070803488,-6.952771691715043e-15,0,746.538582154328
100.0,b4159,1,22,0.0796779070803418,0.0796779070803488,-6.952771691715043e-15,0,746.538582154328
100.0,b2247,1,22,0.0796779070803418,0.0796779070803488,-6.952771691715043e-15,0,746.538582154328
100.0,b0597,1,22,0.0796779070803418,0.0796779070803488,-6.952771691715043e-15,0,746.538582154328
100.0,b1870,1,22,0.0796779070803418,0.0796779070803488,-6.952771691715043e-15,0,746.538582154328
100.0,b3116,2,22,0.0796779070803418,0.0796779070803488,-6.952771691715043e-15,0,746.538582154328
100.0,b2796,1,22,0.0796779070803418,0.0796779070803488,-6.952771691715043e-15,0,746.538582154328
100.0,b4093,1,22,0.0796779070803418,0.0796779070803488,-6.952771691715043e-15,0,746.538582154328
100.0,b3878,1,22,0.0796779070803418,0.0796779070803488,-6.952771691715043e-15,0,746.538582154328
100.0,b1206,3,22,0.0796779070803418,0.0796779070803488,-6.952771691715043e-15,0,746.538582154328
