gene_id,n_gpr_rxns,n_changed,b_wt,b_ko,delta_b,y_essential,kV,gene_id_str
b0870,5,188,0.8217979336265955,0.8217930055324251,4.928094170408848e-06,0,1.0102841482806693e-05,b0870
b2551,6,407,0.8217979336265955,0.7995714951080024,0.022226438518593072,0,25.16431862643482,b2551
b3368,3,428,0.8217979336265955,-7.437220053545196e-16,0.8217979336265963,1,15132.409681796951,b3368
b2436,1,248,0.8217979336265955,0.8217800467520061,1.7886874589367885e-05,0,8.270389588848199e-06,b2436
b3500,1,0,0.8217979336265955,0.8217979336265867,8.770761894538737e-15,0,0.0,b3500
b0945,2,3,0.8217979336265955,0.821797933626588,7.438494264988549e-15,0,0.22170179919592892,b0945
b4467,3,3,0.8217979336265955,0.8217979336265872,8.326672684688674e-15,0,0.22170179919593164,b4467
b2979,3,3,0.8217979336265955,0.8217979336265872,8.326672684688674e-15,0,0.22170179919593164,b2979
b4468,3,3,0.8217979336265955,0.8217979336265872,8.326672684688674e-15,0,0.22170179919593164,b4468
b3916,3,406,0.8217979336265955,0.8104295494070071,0.011368384219588412,0,332.36384604733223,b3916
b1260,3,428,0.8217979336265955,-4.883785893212886e-16,0.8217979336265959,1,15132.409681795387,b1260
b1261,3,428,0.8217979336265955,0.0,0.8217979336265955,1,15132.409681796613,b1261
b3426,1,12,0.8217979336265955,0.8217979336265718,2.3647750424515834e-14,0,7.745841857630133,b3426
b2243,3,12,0.8217979336265955,0.8217979336265906,4.884981308350689e-15,0,7.74584185763176,b2243
b2242,3,12,0.8217979336265955,0.8217979336265906,4.884981308350689e-15,0,7.74584185763176,b2242
b2241,3,12,0.8217979336265955,0.8217979336265906,4.884981308350689e-15,0,7.74584185763176,b2241
b3770,5,428,0.8217979336265955,1.5751004541482862e-15,0.8217979336265939,1,15132.409681796613,b3770
b4054,4,428,0.8217979336265955,0.0,0.8217979336265955,1,15132.409681796817,b4054
b3281,1,428,0.8217979336265955,0.0,0.8217979336265955,1,15132.409681796817,b3281
b1692,3,428,0.8217979336265955,5.094253921053211e-30,0.8217979336265955,1,15132.409681796724,b1692
b0243,1,428,0.8217979336265955,5.094253921053211e-30,0.8217979336265955,1,15132.409681796724,b0243
b1613,1,12,0.8217979336265955,0.8217979336265825,1.2989609388114332e-14,0,7.745841857631031,b1613
b0414,2,428,0.8217979336265955,7.34285031467941e-16,0.8217979336265947,1,15132.40968179666,b0414
b3041,1,428,0.8217979336265955,0.0,0.8217979336265955,1,15132.409681797026,b3041
b0025,2,428,0.8217979336265955,0.0,0.8217979336265955,1,15132.409681796971,b0025
b0446,4,12,0.8217979336265955,0.8217979336265915,3.9968028886505635e-15,0,7.745841857631821,b0446
b3812,2,428,0.8217979336265955,-2.1090651233031957e-16,0.8217979336265957,1,15132.40968179653,b3812
b0844,2,428,0.8217979336265955,0.0,0.8217979336265955,1,15132.409681797248,b0844
b1662,1,428,0.8217979336265955,0.0,0.8217979336265955,1,15132.409681797248,b1662
b0421,2,428,0.8217979336265955,0.0,0.8217979336265955,1,15132.4096817971,b0421
b3804,1,428,0.8217979336265955,0.0,0.8217979336265955,1,15132.409681796365,b3804
b3997,1,428,0.8217979336265955,0.0,0.8217979336265955,1,15132.409681796755,b3997
b4382,2,12,0.8217979336265955,0.821797933626582,1.3433698597964394e-14,0,7.745841857630952,b4382
b0126,1,428,0.8217979336265955,1.431947113354459e-13,0.8217979336264523,1,15132.409681791887,b0126
b0339,1,428,0.8217979336265955,-5.787539034573099e-14,0.8217979336266533,1,15132.409681798481,b0339
b4006,2,428,0.8217979336265955,-4.727848788806193e-14,0.8217979336266428,1,15132.409681798115,b4006
b2508,1,376,0.8217979336265955,0.8186249599843637,0.003172973642231791,0,8.284650109523259,b2508
b3846,19,443,0.8217979336265955,0.8075924361369247,0.014205497489670815,0,38.90661787802407,b3846
b2341,16,443,0.8217979336265955,0.8075924361369349,0.014205497489660601,0,38.906617878026516,b2341
b2400,1,428,0.8217979336265955,-4.851799183758968e-17,0.8217979336265955,1,15132.409681796693,b2400
b3993,1,428,0.8217979336265955,0.0,0.8217979336265955,1,15132.40968179698,b3993
b2066,4,12,0.8217979336265955,0.8217979336266004,-4.884981308350689e-15,0,7.745841857632663,b2066
b0238,3,12,0.8217979336265955,0.8217979336265747,2.0761170560490427e-14,0,7.74584185763049,b0238
b0125,2,12,0.8217979336265955,0.8217979336265747,2.0761170560490427e-14,0,7.74584185763049,b0125
b2518,8,16,0.8217979336265955,0.8217979336265747,2.0761170560490427e-14,0,2.972341879961463,b2518
b0474,13,187,0.8217979336265955,0.8217935269041511,4.40672244439444e-06,0,12.629001363088262,b0474
b1062,1,428,0.8217979336265955,-6.341277221812311e-16,0.8217979336265961,1,15132.409681796764,b1062
b1281,1,428,0.8217979336265955,0.0,0.8217979336265955,1,15132.409681796375,b1281
b0720,1,428,0.8217979336265955,-3.3684274761313317e-15,0.8217979336265988,1,15132.409681796724,b0720
b1136,1,428,0.8217979336265955,1.7871298631800905e-30,0.8217979336265955,1,15132.409681796598,b1136
b0351,1,21,0.8217979336265955,0.8217979336265331,6.23945339839338e-14,0,12.626133694505912,b0351
b1241,3,21,0.8217979336265955,0.8217979336266196,-2.4091839634365897e-14,0,12.626133694509733,b1241
b4069,2,21,0.8217979336265955,0.8217979336266196,-2.4091839634365897e-14,0,12.626133694509733,b4069
b4226,1,428,0.8217979336265955,-8.25843870913108e-15,0.8217979336266037,1,15132.409681796818,b4226
b2502,2,428,0.8217979336265955,-3.370775887668458e-14,0.8217979336266292,1,15132.409681797479,b2502
b2744,14,428,0.8217979336265955,-3.370775887668458e-14,0.8217979336266292,1,15132.409681797479,b2744
b3403,1,38,0.8217979336265955,0.8217979336266041,-8.659739592076221e-15,0,12.619426074371207,b3403
b1479,1,38,0.8217979336265955,0.8217979336265887,6.772360450213455e-15,0,12.619426074372804,b1479
b1190,1,428,0.8217979336265955,3.1096202816651396e-15,0.8217979336265924,1,15132.409681796285,b1190
b4053,1,428,0.8217979336265955,0.0,0.8217979336265955,1,15132.409681796638,b4053
b2379,1,41,0.8217979336265955,0.8217979336265878,7.66053886991358e-15,0,13.3053318581407,b2379
b2290,1,41,0.8217979336265955,0.8217979336265906,4.884981308350689e-15,0,13.305331858140306,b2290
b3564,2,41,0.8217979336265955,0.8217979336265906,4.884981308350689e-15,0,13.305331858140306,b3564
b0063,3,41,0.8217979336265955,0.8217979336265906,4.884981308350689e-15,0,13.305331858140306,b0063
b3752,1,41,0.8217979336265955,0.8217979336265906,4.884981308350689e-15,0,13.305331858140306,b3752
b3926,1,41,0.8217979336265955,0.8217979336265906,4.884981308350689e-15,0,13.305331858140306,b3926
b4383,2,199,0.8217979336265955,0.8217935269041401,4.406722455385648e-06,0,6.591252223589443,b4383
b0928,4,428,0.8217979336265955,-2.3632074597900754e-14,0.8217979336266191,1,15132.409681797304,b0928
b3925,1,41,0.8217979336265955,0.821797933626592,3.4416913763379853e-15,0,6.588899124742932,b3925
b2930,1,41,0.8217979336265955,0.8217979336265975,-1.9984014443252818e-15,0,6.58889912474273,b2930
b4232,1,41,0.8217979336265955,0.8217979336265975,-1.9984014443252818e-15,0,6.58889912474273,b4232
b3697,6,41,0.8217979336265955,0.8217979336265975,-1.9984014443252818e-15,0,6.58889912474273,b3697
b3430,1,41,0.8217979336265955,0.8217979336265975,-1.9984014443252818e-15,0,6.58889912474273,b3430
b1676,1,41,0.8217979336265955,0.8217979336265975,-1.9984014443252818e-15,0,6.58889912474273,b1676
b1854,5,20,0.8217979336265955,0.8217979336265975,-1.9984014443252818e-15,0,11.369106722553864,b1854
b3197,1,428,0.8217979336265955,3.69822874417612e-16,0.8217979336265951,1,15132.409681796833,b3197
b2708,1,428,0.8217979336265955,0.0,0.8217979336265955,1,15132.409681796555,b2708
b0072,2,428,0.8217979336265955,0.0,0.8217979336265955,1,15132.409681796555,b0072
b0071,2,428,0.8217979336265955,0.0,0.8217979336265955,1,15132.409681796398,b0071
b3671,2,428,0.8217979336265955,0.0,0.8217979336265955,1,15132.409681796398,b3671
b3670,2,428,0.8217979336265955,0.0,0.8217979336265955,1,15132.409681796673,b3670
b0078,2,428,0.8217979336265955,0.0,0.8217979336265955,1,15132.409681796673,b0078
b0077,2,428,0.8217979336265955,0.0,0.8217979336265955,1,15132.409681796673,b0077
b0908,1,428,0.8217979336265955,0.0,0.8217979336265955,1,15132.409681796673,b0908
b1264,1,428,0.8217979336265955,-6.243197454584997e-30,0.8217979336265955,1,15132.409681796627,b1264
b1263,2,428,0.8217979336265955,0.0,0.8217979336265955,1,15132.409681797018,b1263
b2599,2,428,0.8217979336265955,0.0,0.8217979336265955,1,15132.409681797018,b2599
b2600,2,428,0.8217979336265955,0.0,0.8217979336265955,1,15132.409681797071,b2600
b2329,1,428,0.8217979336265955,0.0,0.8217979336265955,1,15132.409681797071,b2329
b1262,2,428,0.8217979336265955,5.094253921053212e-30,0.8217979336265955,1,15132.409681796724,b1262
b2779,1,426,0.8217979336265955,0.6654618649048746,0.1563360687217209,0,1932.2648524993513,b2779
b2097,1,20,0.8217979336265955,0.8217979336265938,1.6653345369377348e-15,0,188.86303091148596,b2097
b2925,2,408,0.8217979336265955,0.8104295494070173,0.011368384219578198,0,335.908299911763,b2925
b0963,1,20,0.8217979336265955,0.8217979336266062,-1.0769163338864018e-14,0,11.369106722554356,b0963
b1702,1,20,0.8217979336265955,0.8217979336265759,1.9539925233402755e-14,0,11.369106722552264,b1702
b4025,1,411,0.8217979336265955,0.8073695553031701,0.014428378323425362,0,425.4744774747352,b4025
b2926,1,440,0.8217979336265955,0.5758353074175259,0.2459626262090696,0,5260.498367145941,b2926
b1850,2,23,0.8217979336265955,0.8217979336269791,-3.835820550079916e-13,0,309.15361483622246,b1850
b0767,1,412,0.8217979336265955,0.8125879431636439,0.009209990462951567,0,464.5358771074674,b0767
b3386,1,412,0.8217979336265955,0.8157034226205732,0.006094511006022318,0,392.35158944059833,b3386
b2464,1,73,0.8217979336265955,0.8217979336266662,-7.072120666862247e-14,0,21.538367669260793,b2464
b0008,1,73,0.8217979336265955,0.821797933626614,-1.8540724511240114e-14,0,21.538367669259287,b0008
b2465,2,429,0.8217979336265955,3.9324748137295195e-14,0.8217979336265562,1,15051.477423818511,b2465
b2935,2,429,0.8217979336265955,1.932427691999964e-14,0.8217979336265762,1,15051.477423818338,b2935
b0678,1,73,0.8217979336265955,0.8217979336265793,1.6209256159527285e-14,0,21.538367669258275,b0678
b1478,2,73,0.8217979336265955,0.821797933626614,-1.8540724511240114e-14,0,21.538367669259287,b1478
b3011,3,73,0.8217979336265955,0.821797933626614,-1.8540724511240114e-14,0,21.538367669259287,b3011
b3003,1,73,0.8217979336265955,0.821797933626614,-1.8540724511240114e-14,0,21.538367669259287,b3003
b4269,2,73,0.8217979336265955,0.821797933626614,-1.8540724511240114e-14,0,21.538367669259287,b4269
b0493,1,73,0.8217979336265955,0.821797933626614,-1.8540724511240114e-14,0,21.538367669259287,b0493
b3588,2,73,0.8217979336265955,0.821797933626614,-1.8540724511240114e-14,0,21.538367669259287,b3588
b3903,2,73,0.8217979336265955,0.821797933626614,-1.8540724511240114e-14,0,21.538367669259287,b3903
b3996,1,73,0.8217979336265955,0.821797933626614,-1.8540724511240114e-14,0,21.538367669259287,b3996
b2411,1,73,0.8217979336265955,0.821797933626614,-1.8540724511240114e-14,0,21.538367669259287,b2411
b0639,2,429,0.8217979336265955,-3.286908337358012e-12,0.8217979336298824,1,15051.477423940883,b0639
b4390,1,23,0.8217979336265955,0.821797933626594,1.4432899320127035e-15,0,21.5419419732815,b4390
b2103,2,429,0.8217979336265955,2.531900294130011e-16,0.8217979336265953,1,15051.477423818644,b2103
b2418,4,23,0.8217979336265955,0.8217979336265799,1.554312234475219e-14,0,21.541941973280938,b2418
b3831,1,23,0.8217979336265955,0.8217979336265868,8.659739592076221e-15,0,21.541941973281258,b3831
b4384,7,186,0.8217979336265955,0.8217935269041362,4.406722459271428e-06,0,21.54466795950323,b4384
b3073,1,23,0.8217979336265955,0.821797933626641,-4.551914400963142e-14,0,21.541941973283095,b3073
b3008,2,429,0.8217979336265955,-1.002558004830554e-15,0.8217979336265965,1,15051.477423818416,b3008
b3708,3,320,0.8217979336265955,0.8213329430369404,0.000464990589655101,0,21.279640442220895,b3708
b1134,3,23,0.8217979336265955,0.8217979336265735,2.19824158875781e-14,0,21.541941973280768,b1134
b3614,3,23,0.8217979336265955,0.8217979336265767,1.8762769116165146e-14,0,21.541941973280863,b3614
b3642,1,429,0.8217979336265955,-5.01279002415277e-16,0.821797933626596,1,15051.4774238184,b3642
b0415,1,429,0.8217979336265955,0.0,0.8217979336265955,1,15051.477423819502,b0415
b3771,2,429,0.8217979336265955,0.0,0.8217979336265955,1,15051.477423819644,b3771
b3885,1,23,0.8217979336265955,0.8217979336265973,-1.7763568394002505e-15,0,21.541941973281613,b3885
b2293,8,23,0.8217979336265955,0.8217979336265767,1.8762769116165146e-14,0,21.541941973280863,b2293
b3114,2,23,0.8217979336265955,0.8217979336265767,1.8762769116165146e-14,0,21.541941973280863,b3114
b3951,1,23,0.8217979336265955,0.8217979336265767,1.8762769116165146e-14,0,21.541941973280863,b3951
b3952,1,23,0.8217979336265955,0.8217979336265767,1.8762769116165146e-14,0,21.541941973280863,b3952
b0902,2,23,0.8217979336265955,0.8217979336265767,1.8762769116165146e-14,0,21.541941973280863,b0902
b0903,2,23,0.8217979336265955,0.8217979336265767,1.8762769116165146e-14,0,21.541941973280863,b0903
b2579,2,23,0.8217979336265955,0.8217979336265767,1.8762769116165146e-14,0,21.541941973280863,b2579
b4154,2,23,0.8217979336265955,0.8217979336265767,1.8762769116165146e-14,0,21.541941973280863,b4154
b4151,2,23,0.8217979336265955,0.8217979336265767,1.8762769116165146e-14,0,21.541941973280863,b4151
b4153,2,23,0.8217979336265955,0.8217979336265767,1.8762769116165146e-14,0,21.541941973280863,b4153
b4152,2,23,0.8217979336265955,0.8217979336265767,1.8762769116165146e-14,0,21.541941973280863,b4152
b0871,1,23,0.8217979336265955,0.8217979336265767,1.8762769116165146e-14,0,21.541941973280863,b0871
b2458,1,413,0.8217979336265955,0.8095508390544544,0.012247094572141126,0,54.32113598103784,b2458
b2297,2,413,0.8217979336265955,0.8095508390544667,0.012247094572128803,0,54.32113598104294,b2297
b3115,2,413,0.8217979336265955,0.8095508390544667,0.012247094572128803,0,54.32113598104294,b3115
b2296,1,413,0.8217979336265955,0.8095508390544667,0.012247094572128803,0,54.32113598104294,b2296
b1849,2,413,0.8217979336265955,0.8095508390544667,0.012247094572128803,0,54.32113598104294,b1849
b3633,2,442,0.8217979336265955,2.4367434626549745e-16,0.8217979336265953,1,5146.85100407056,b3633
b0174,1,442,0.8217979336265955,0.0,0.8217979336265955,1,5146.851004070694,b0174
b0524,1,442,0.8217979336265955,0.0,0.8217979336265955,1,5146.8510040706915,b0524
b0182,1,442,0.8217979336265955,0.0,0.8217979336265955,1,5146.8510040706005,b0182
b0915,1,442,0.8217979336265955,0.0,0.8217979336265955,1,5146.85100407077,b0915
b0099,3,442,0.8217979336265955,0.0,0.8217979336265955,1,5146.851004070638,b0099
b2781,8,73,0.8217979336265955,0.8217979336265905,4.9960036108132044e-15,0,21.538367669258612,b2781
b0160,2,73,0.8217979336265955,0.8217979336266031,-7.66053886991358e-15,0,21.538367669258943,b0160
b1800,2,429,0.8217979336265955,-2.9636265413300766e-16,0.8217979336265958,1,15051.47742381962,b1800
b0073,1,429,0.8217979336265955,0.0,0.8217979336265955,1,15051.47742381963,b0073
b0523,1,429,0.8217979336265955,4.222544787022274e-14,0.8217979336265533,1,15051.477423818093,b0523
b1131,2,429,0.8217979336265955,3.1018124036680524e-14,0.8217979336265645,1,15051.477423818153,b1131
b2407,5,73,0.8217979336265955,0.8217979336265827,1.27675647831893e-14,0,21.538367669258243,b2407
b2234,4,73,0.8217979336265955,0.8217979336266031,-7.66053886991358e-15,0,21.538367669258943,b2234
b2235,4,73,0.8217979336265955,0.8217979336266031,-7.66053886991358e-15,0,21.538367669258943,b2235
b3781,10,78,0.8217979336265955,0.8217979336266031,-7.66053886991358e-15,0,21.745185190310583,b3781
b2582,10,78,0.8217979336265955,0.8217979336265803,1.5210055437364645e-14,0,21.74518519030985,b2582
b2827,1,429,0.8217979336265955,9.613598291555165e-16,0.8217979336265945,1,15051.47742381853,b2827
b1238,2,78,0.8217979336265955,0.8217979336265979,-2.4424906541753444e-15,0,21.74518519031047,b1238
b3639,2,429,0.8217979336265955,9.613598291555165e-16,0.8217979336265945,1,15051.477423818544,b3639
b1232,1,28,0.8217979336265955,0.8217979336265963,-7.771561172376096e-16,0,21.748759494333196,b1232
b1851,1,28,0.8217979336265955,0.8217979336266061,-1.0658141036401503e-14,0,21.748759494333562,b1851
b1693,1,429,0.8217979336265955,1.891102317307412e-14,0.8217979336265766,1,15051.477423818716,b1693
b4146,1,28,0.8217979336265955,0.8217979336265949,5.551115123125783e-16,0,21.74875949433321,b4146
b1109,3,28,0.8217979336265955,0.8217979336266061,-1.0658141036401503e-14,0,21.748759494333562,b1109
b1004,3,28,0.8217979336265955,0.8217979336266061,-1.0658141036401503e-14,0,21.748759494333562,b1004
b0046,3,28,0.8217979336265955,0.8217979336266061,-1.0658141036401503e-14,0,21.748759494333562,b0046
b3713,3,28,0.8217979336265955,0.8217979336266061,-1.0658141036401503e-14,0,21.748759494333562,b3713
b3236,1,418,0.8217979336265955,0.7915641531594004,0.03023378046719505,0,118.71622325044788,b3236
b4122,2,446,0.8217979336265955,0.7565406542490815,0.06525727937751402,0,2864.52346798927,b4122
b1611,1,446,0.8217979336265955,0.7565406542464391,0.06525727938015635,0,2864.5234682324317,b1611
b1612,1,446,0.8217979336265955,0.7565406542464391,0.06525727938015635,0,2864.5234682324317,b1612
b1638,2,28,0.8217979336265955,0.8217979336265754,2.0095036745715333e-14,0,310.78407161013155,b1638
b0907,3,431,0.8217979336265955,-1.761267683281067e-16,0.8217979336265957,1,15424.395931635805,b0907
b1210,1,431,0.8217979336265955,0.0,0.8217979336265955,1,15424.395931635032,b1210
b3429,1,28,0.8217979336265955,0.821797933626858,-2.625677453238495e-13,0,310.78407161008954,b3429
b3417,5,28,0.8217979336265955,0.8217979336266186,-2.3092638912203256e-14,0,310.7840716101384,b3417
b3428,2,28,0.8217979336265955,0.8217979336266186,-2.3092638912203256e-14,0,310.7840716101384,b3428
b0428,1,28,0.8217979336265955,0.8217979336266186,-2.3092638912203256e-14,0,310.7840716101384,b0428
b0120,1,28,0.8217979336265955,0.8217979336266186,-2.3092638912203256e-14,0,310.7840716101384,b0120
b2937,1,28,0.8217979336265955,0.8217979336266186,-2.3092638912203256e-14,0,310.7840716101384,b2937
b4117,1,28,0.8217979336265955,0.8217979336266186,-2.3092638912203256e-14,0,310.7840716101384,b4117
b3172,1,431,0.8217979336265955,1.6661659138193515e-15,0.8217979336265938,1,15424.395931635767,b3172
b3958,1,431,0.8217979336265955,0.0,0.8217979336265955,1,15424.395931635028,b3958
b0121,2,28,0.8217979336265955,0.8217979336266008,-5.329070518200751e-15,0,310.7840716101357,b0121
b0154,1,431,0.8217979336265955,8.66781590877641e-16,0.8217979336265946,1,15424.395931635787,b0154
b0918,1,431,0.8217979336265955,0.0,0.8217979336265955,1,15424.395931634583,b0918
b4322,1,28,0.8217979336265955,0.8217979336265934,2.1094237467877974e-15,0,310.78407161013445,b4322
b3091,1,28,0.8217979336265955,0.8217979336266186,-2.3092638912203256e-14,0,310.7840716101384,b3091
b3092,2,28,0.8217979336265955,0.8217979336266186,-2.3092638912203256e-14,0,310.7840716101384,b3092
b3176,1,431,0.8217979336265955,8.66781590877641e-16,0.8217979336265946,1,15424.395931635798,b3176
b3730,2,431,0.8217979336265955,0.0,0.8217979336265955,1,15424.395931634534,b3730
b3189,1,431,0.8217979336265955,0.0,0.8217979336265955,1,15424.395931634534,b3189
b3967,1,431,0.8217979336265955,0.0,0.8217979336265955,1,15424.395931634892,b3967
b3786,1,28,0.8217979336265955,0.821797933626592,3.4416913763379853e-15,0,310.7840716101344,b3786
b2323,13,431,0.8217979336265955,8.66781590877641e-16,0.8217979336265946,1,15424.395931635798,b2323
b2232,2,28,0.8217979336265955,0.821797933626584,1.1435297153639112e-14,0,310.7840716101333,b2232
b0593,1,28,0.8217979336265955,0.8217979336266186,-2.3092638912203256e-14,0,310.7840716101384,b0593
b0142,1,431,0.8217979336265955,1.5304023874064765e-15,0.8217979336265939,1,15424.3959316358,b0142
b3634,1,431,0.8217979336265955,-1.3095411733111541e-13,0.8217979336267265,1,15424.395931639563,b3634
b0394,1,28,0.8217979336265955,0.8217979336265916,3.885780586188048e-15,0,310.7840716101342,b0394
b0173,1,431,0.8217979336265955,2.463190446435551e-11,0.8217979336019636,1,15424.395930731469,b0173
b3843,1,431,0.8217979336265955,3.298758057383248e-11,0.8217979335936079,1,15424.395930426574,b3843
b0477,2,28,0.8217979336265955,0.8217979336266014,-5.88418203051333e-15,0,310.78407161013536,b0477
b1302,3,431,0.8217979336265955,2.4290156035408986e-16,0.8217979336265953,1,15424.3959316338,b1302
b2662,3,431,0.8217979336265955,0.0,0.8217979336265955,1,15424.395931635141,b2662
b1525,2,28,0.8217979336265955,0.8217979336266105,-1.4988010832439613e-14,0,310.78407161013735,b1525
b4139,1,28,0.8217979336265955,0.821797933626565,3.0531133177191805e-14,0,310.78407161013035,b4139
b3117,2,431,0.8217979336265955,-1.9064054719457946e-15,0.8217979336265974,1,15424.395931633877,b3117
b2797,1,28,0.8217979336265955,0.8217979336265925,2.9976021664879227e-15,0,310.7840716101344,b2797
b1814,1,28,0.8217979336265955,0.821797933626565,3.0531133177191805e-14,0,310.78407161013035,b1814
b4471,1,28,0.8217979336265955,0.821797933626565,3.0531133177191805e-14,0,310.78407161013035,b4471
b3616,1,28,0.8217979336265955,0.821797933626565,3.0531133177191805e-14,0,310.78407161013035,b3616
b3589,1,28,0.8217979336265955,0.821797933626565,3.0531133177191805e-14,0,310.78407161013035,b3589
b3774,3,431,0.8217979336265955,-8.316610804788672e-16,0.8217979336265963,1,15424.395931633813,b3774
b0185,1,431,0.8217979336265955,0.0,0.8217979336265955,1,15424.395931634836,b0185
b3256,1,431,0.8217979336265955,0.0,0.8217979336265955,1,15424.395931634914,b3256
b3255,1,431,0.8217979336265955,0.0,0.8217979336265955,1,15424.395931634914,b3255
b2316,1,431,0.8217979336265955,0.0,0.8217979336265955,1,15424.395931634914,b2316
b2615,1,431,0.8217979336265955,-5.053429863196059e-12,0.8217979336316489,1,15424.395931820021,b2615
b2265,1,28,0.8217979336265955,0.8217979336265813,1.4210854715202004e-14,0,310.7840716101329,b2265
b2261,1,28,0.8217979336265955,0.821797933626565,3.0531133177191805e-14,0,310.78407161013035,b2261
b0596,1,28,0.8217979336265955,0.821797933626565,3.0531133177191805e-14,0,310.78407161013035,b0596
b0595,1,28,0.8217979336265955,0.821797933626565,3.0531133177191805e-14,0,310.78407161013035,b0595
b4198,1,28,0.8217979336265955,0.821797933626565,3.0531133177191805e-14,0,310.78407161013035,b4198
b0061,1,28,0.8217979336265955,0.821797933626565,3.0531133177191805e-14,0,310.78407161013035,b0061
b3583,1,28,0.8217979336265955,0.821797933626565,3.0531133177191805e-14,0,310.78407161013035,b3583
b4374,3,28,0.8217979336265955,0.821797933626565,3.0531133177191805e-14,0,310.78407161013035,b4374
b0675,7,28,0.8217979336265955,0.821797933626565,3.0531133177191805e-14,0,310.78407161013035,b0675
b2291,6,28,0.8217979336265955,0.821797933626565,3.0531133177191805e-14,0,310.78407161013035,b2291
b2361,8,28,0.8217979336265955,0.821797933626565,3.0531133177191805e-14,0,310.78407161013035,b2361
b1651,1,28,0.8217979336265955,0.821797933626565,3.0531133177191805e-14,0,310.78407161013035,b1651
b0766,2,28,0.8217979336265955,0.821797933626565,3.0531133177191805e-14,0,310.78407161013035,b0766
b3826,6,28,0.8217979336265955,0.821797933626565,3.0531133177191805e-14,0,310.78407161013035,b3826
b0758,1,28,0.8217979336265955,0.821797933626565,3.0531133177191805e-14,0,310.78407161013035,b0758
b0420,1,431,0.8217979336265955,2.075694724921771e-11,0.8217979336058385,1,15424.39593087314,b0420
b1208,1,431,0.8217979336265955,2.4633672559126195e-11,0.8217979336019618,1,15424.395930732095,b1208
b2746,1,431,0.8217979336265955,2.463367255911375e-11,0.8217979336019618,1,15424.39593073209,b2746
b3526,1,28,0.8217979336265955,0.8217979336265915,3.9968028886505635e-15,0,310.78407161013445,b3526
b3565,2,28,0.8217979336265955,0.821797933626565,3.0531133177191805e-14,0,310.78407161013035,b3565
b2048,1,28,0.8217979336265955,0.821797933626565,3.0531133177191805e-14,0,310.78407161013035,b2048
b4015,1,28,0.8217979336265955,0.821797933626565,3.0531133177191805e-14,0,310.78407161013035,b4015
b0116,3,427,0.8217979336265955,0.7582719432621837,0.06352599036441176,0,1404.1011274616405,b0116
b2903,1,307,0.8217979336265955,0.8215318053919817,0.00026612823461380497,0,311.15774304681895,b2903
b2904,1,307,0.8217979336265955,0.8215318053919493,0.0002661282346462235,0,311.1577430468145,b2904
b2905,1,307,0.8217979336265955,0.8215318053919493,0.0002661282346462235,0,311.1577430468145,b2905
b0261,2,26,0.8217979336265955,0.8217979336265623,3.319566843629218e-14,0,310.78507892048054,b0261
b0759,1,26,0.8217979336265955,0.821797933626609,-1.354472090042691e-14,0,310.7850789204871,b0759
b0344,1,26,0.8217979336265955,0.821797933626609,-1.354472090042691e-14,0,310.7850789204871,b0344
b4239,1,26,0.8217979336265955,0.821797933626609,-1.354472090042691e-14,0,310.7850789204871,b4239
b3956,1,412,0.8217979336265955,0.8169805186791476,0.004817414947447918,0,357.8626498069367,b3956
b0822,7,26,0.8217979336265955,0.8217979336265769,1.8540724511240114e-14,0,310.7850789204828,b0822
b2540,2,26,0.8217979336265955,0.821797933626609,-1.354472090042691e-14,0,310.7850789204871,b2540
b2542,2,26,0.8217979336265955,0.821797933626609,-1.354472090042691e-14,0,310.7850789204871,b2542
b2539,2,26,0.8217979336265955,0.821797933626609,-1.354472090042691e-14,0,310.7850789204871,b2539
b2538,2,26,0.8217979336265955,0.821797933626609,-1.354472090042691e-14,0,310.7850789204871,b2538
b2541,2,26,0.8217979336265955,0.821797933626609,-1.354472090042691e-14,0,310.7850789204871,b2541
b0616,1,26,0.8217979336265955,0.821797933626609,-1.354472090042691e-14,0,310.7850789204871,b0616
b0617,1,26,0.8217979336265955,0.821797933626609,-1.354472090042691e-14,0,310.7850789204871,b0617
b0614,1,26,0.8217979336265955,0.821797933626609,-1.354472090042691e-14,0,310.7850789204871,b0614
b0615,1,26,0.8217979336265955,0.821797933626609,-1.354472090042691e-14,0,310.7850789204871,b0615
b2052,2,26,0.8217979336265955,0.821797933626609,-1.354472090042691e-14,0,310.7850789204871,b2052
b1636,1,26,0.8217979336265955,0.821797933626609,-1.354472090042691e-14,0,310.7850789204871,b1636
b1277,1,431,0.8217979336265955,2.1881722410053794e-15,0.8217979336265933,1,15424.395931634741,b1277
b2751,1,431,0.8217979336265955,0.0,0.8217979336265955,1,15424.395931634763,b2751
b2752,1,431,0.8217979336265955,1.0674167079277787e-28,0.8217979336265955,1,15424.3959316347,b2752
b2799,1,26,0.8217979336265955,0.8217979336265933,2.220446049250313e-15,0,310.7850789204848,b2799
b3902,1,26,0.8217979336265955,0.821797933626637,-4.1522341120980855e-14,0,310.7850789204913,b3902
b2705,1,26,0.8217979336265955,0.821797933626637,-4.1522341120980855e-14,0,310.7850789204913,b2705
b2091,1,26,0.8217979336265955,0.821797933626637,-4.1522341120980855e-14,0,310.7850789204913,b2091
b3137,1,26,0.8217979336265955,0.821797933626637,-4.1522341120980855e-14,0,310.7850789204913,b3137
b3132,1,26,0.8217979336265955,0.821797933626637,-4.1522341120980855e-14,0,310.7850789204913,b3132
b2096,1,26,0.8217979336265955,0.821797933626637,-4.1522341120980855e-14,0,310.7850789204913,b2096
b2095,1,26,0.8217979336265955,0.821797933626637,-4.1522341120980855e-14,0,310.7850789204913,b2095
b4323,1,26,0.8217979336265955,0.821797933626637,-4.1522341120980855e-14,0,310.7850789204913,b4323
b1521,1,26,0.8217979336265955,0.821797933626637,-4.1522341120980855e-14,0,310.7850789204913,b1521
b3385,1,26,0.8217979336265955,0.821797933626637,-4.1522341120980855e-14,0,310.7850789204913,b3385
b0507,1,26,0.8217979336265955,0.821797933626637,-4.1522341120980855e-14,0,310.7850789204913,b0507
b3061,1,26,0.8217979336265955,0.821797933626637,-4.1522341120980855e-14,0,310.7850789204913,b3061
b3062,1,26,0.8217979336265955,0.821797933626637,-4.1522341120980855e-14,0,310.7850789204913,b3062
b3126,1,26,0.8217979336265955,0.821797933626637,-4.1522341120980855e-14,0,310.7850789204913,b3126
b1095,9,431,0.8217979336265955,-8.825001354413846e-16,0.8217979336265964,1,15424.395931636294,b1095
b1054,1,26,0.8217979336265955,0.8217979336265929,2.55351295663786e-15,0,310.78507892048464,b1054
b1855,2,26,0.8217979336265955,0.8217979336266212,-2.5757174171303632e-14,0,310.7850789204893,b1855
b2378,1,26,0.8217979336265955,0.8217979336266212,-2.5757174171303632e-14,0,310.7850789204893,b2378
b0109,1,431,0.8217979336265955,-4.732213754601235e-12,0.8217979336313277,1,15424.395931807632,b0109
b1094,26,431,0.8217979336265955,1.5909142059979024e-29,0.8217979336265955,1,15424.395931634886,b1094
b2836,23,450,0.8217979336265955,0.8075924361371148,0.014205497489480634,0,313.54862436035773,b2836
b2472,1,431,0.8217979336265955,1.083430149436313e-15,0.8217979336265944,1,15424.395931634888,b2472
b1589,3,26,0.8217979336265955,0.8217979336265964,-8.881784197001252e-16,0,310.78507892048543,b1589
b1588,3,26,0.8217979336265955,0.8217979336265534,4.207745263329343e-14,0,310.7850789204792,b1588
b1587,3,26,0.8217979336265955,0.8217979336265534,4.207745263329343e-14,0,310.7850789204792,b1587
b1590,3,26,0.8217979336265955,0.8217979336265534,4.207745263329343e-14,0,310.7850789204792,b1590
b0894,4,26,0.8217979336265955,0.8217979336265534,4.207745263329343e-14,0,310.7850789204792,b0894
b0895,4,26,0.8217979336265955,0.8217979336265534,4.207745263329343e-14,0,310.7850789204792,b0895
b0896,4,26,0.8217979336265955,0.8217979336265534,4.207745263329343e-14,0,310.7850789204792,b0896
b3553,10,26,0.8217979336265955,0.8217979336265534,4.207745263329343e-14,0,310.7850789204792,b3553
b0638,1,26,0.8217979336265955,0.8217979336265534,4.207745263329343e-14,0,310.7850789204792,b0638
b3399,5,26,0.8217979336265955,0.8217979336265534,4.207745263329343e-14,0,310.7850789204792,b3399
b0469,1,26,0.8217979336265955,0.8217979336265534,4.207745263329343e-14,0,310.7850789204792,b0469
b3187,1,431,0.8217979336265955,3.2988663927657826e-11,0.8217979335936069,1,15424.395930424675,b3187
b3222,1,26,0.8217979336265955,0.8217979336266013,-5.773159728050814e-15,0,310.7850789204861,b3222
b3225,1,26,0.8217979336265955,0.8217979336265534,4.207745263329343e-14,0,310.7850789204792,b3225
b1732,1,26,0.8217979336265955,0.8217979336265534,4.207745263329343e-14,0,310.7850789204792,b1732
b3942,1,26,0.8217979336265955,0.8217979336265534,4.207745263329343e-14,0,310.7850789204792,b3942
b0586,1,26,0.8217979336265955,0.8217979336265534,4.207745263329343e-14,0,310.7850789204792,b0586
b3794,1,26,0.8217979336265955,0.8217979336265534,4.207745263329343e-14,0,310.7850789204792,b3794
b3693,1,26,0.8217979336265955,0.8217979336265534,4.207745263329343e-14,0,310.7850789204792,b3693
b2901,1,26,0.8217979336265955,0.8217979336265534,4.207745263329343e-14,0,310.7850789204792,b2901
b3721,2,26,0.8217979336265955,0.8217979336265534,4.207745263329343e-14,0,310.7850789204792,b3721
b2716,2,26,0.8217979336265955,0.8217979336265534,4.207745263329343e-14,0,310.7850789204792,b2716
b3416,4,26,0.8217979336265955,0.8217979336265534,4.207745263329343e-14,0,310.7850789204792,b3416
b1398,1,26,0.8217979336265955,0.8217979336265534,4.207745263329343e-14,0,310.7850789204792,b1398
b0049,3,26,0.8217979336265955,0.8217979336265534,4.207745263329343e-14,0,310.7850789204792,b0049
b3784,1,26,0.8217979336265955,0.8217979336265534,4.207745263329343e-14,0,310.7850789204792,b3784
b4481,1,26,0.8217979336265955,0.8217979336265534,4.207745263329343e-14,0,310.7850789204792,b4481
b3052,2,26,0.8217979336265955,0.8217979336265534,4.207745263329343e-14,0,310.7850789204792,b3052
b1896,1,26,0.8217979336265955,0.8217979336265534,4.207745263329343e-14,0,310.7850789204792,b1896
b0841,2,431,0.8217979336265955,7.5528061265249875e-16,0.8217979336265947,1,15424.395931633488,b0841
b1278,30,431,0.8217979336265955,0.0,0.8217979336265955,1,15424.39593163485,b1278
b3057,2,431,0.8217979336265955,0.0,0.8217979336265955,1,15424.39593163485,b3057
b3519,1,26,0.8217979336265955,0.8217979336265895,5.995204332975845e-15,0,310.78507892048447,b3519
b0910,3,431,0.8217979336265955,2.268646389088029e-16,0.8217979336265953,1,15424.395931633282,b0910
b3648,2,431,0.8217979336265955,0.0,0.8217979336265955,1,15424.395931635,b3648
b1694,1,42,0.8217979336265955,0.8217979336266045,-8.992806499463768e-15,0,310.82590242072393,b1694
b2221,3,42,0.8217979336265955,0.8217979336265882,7.327471962526033e-15,0,310.8259024207216,b2221
b2222,3,42,0.8217979336265955,0.8217979336265882,7.327471962526033e-15,0,310.8259024207216,b2222
b2039,1,42,0.8217979336265955,0.8217979336265882,7.327471962526033e-15,0,310.8259024207216,b2039
b3789,1,42,0.8217979336265955,0.8217979336265882,7.327471962526033e-15,0,310.8259024207216,b3789
b2041,1,42,0.8217979336265955,0.8217979336265882,7.327471962526033e-15,0,310.8259024207216,b2041
b3788,1,42,0.8217979336265955,0.8217979336265882,7.327471962526033e-15,0,310.8259024207216,b3788
b2036,1,42,0.8217979336265955,0.8217979336265882,7.327471962526033e-15,0,310.8259024207216,b2036
b2038,1,42,0.8217979336265955,0.8217979336265882,7.327471962526033e-15,0,310.8259024207216,b2038
b2040,1,42,0.8217979336265955,0.8217979336265882,7.327471962526033e-15,0,310.8259024207216,b2040
b0512,1,42,0.8217979336265955,0.8217979336265882,7.327471962526033e-15,0,310.8259024207216,b0512
b3972,1,431,0.8217979336265955,1.6195830491281034e-15,0.8217979336265938,1,15424.395931633991,b3972
s0001,45,440,0.8217979336265955,2.4919722064036547e-15,0.821797933626593,1,16862.374263758622,s0001
b3617,1,85,0.8217979336265955,0.8217979336265945,9.992007221626409e-16,0,307.67805711114903,b3617
b0030,5,85,0.8217979336265955,0.8217979336265917,3.774758283725532e-15,0,307.6780571111474,b0030
b0200,1,85,0.8217979336265955,0.8217979336266102,-1.4765966227514582e-14,0,307.67805711115005,b0200
b0222,1,85,0.8217979336265955,0.8217979336266102,-1.4765966227514582e-14,0,307.67805711115005,b0222
b0038,2,85,0.8217979336265955,0.8217979336266102,-1.4765966227514582e-14,0,307.67805711115005,b0038
b0036,2,85,0.8217979336265955,0.8217979336266102,-1.4765966227514582e-14,0,307.67805711115005,b0036
b3844,6,390,0.8217979336265955,0.8182351915413602,0.0035627420852353264,0,313.3506760222176,b3844
b2784,2,85,0.8217979336265955,0.8217979336265958,-3.3306690738754696e-16,0,307.67805711114767,b2784
b2431,1,431,0.8217979336265955,3.5117655703813806e-16,0.8217979336265951,1,15424.39593163416,b2431
b1019,1,431,0.8217979336265955,0.0,0.8217979336265955,1,15424.395931634952,b1019
b0475,1,431,0.8217979336265955,0.0,0.8217979336265955,1,15424.395931634952,b0475
b4040,1,431,0.8217979336265955,3.298758057385801e-11,0.8217979335936079,1,15424.395930426548,b4040
b3974,1,431,0.8217979336265955,1.7771021576734866e-13,0.8217979336264177,1,15424.39593162832,b3974
b0103,1,431,0.8217979336265955,0.0,0.8217979336265955,1,15424.39593163469,b0103
b2104,1,35,0.8217979336265955,0.8217979336265987,-3.219646771412954e-15,0,307.67613903742915,b2104
b1215,1,431,0.8217979336265955,1.0745860645235957e-15,0.8217979336265944,1,15424.395931636343,b1215
b3198,1,431,0.8217979336265955,0.0,0.8217979336265955,1,15424.395931634794,b3198
b1747,1,35,0.8217979336265955,0.8217979336265866,8.881784197001252e-15,0,307.6761390374268,b1747
b1744,1,35,0.8217979336265955,0.8217979336265987,-3.219646771412954e-15,0,307.67613903742904,b1744
b0340,1,35,0.8217979336265955,0.8217979336265987,-3.219646771412954e-15,0,307.67613903742904,b0340
b2988,2,35,0.8217979336265955,0.8217979336265987,-3.219646771412954e-15,0,307.67613903742904,b2988
b2883,1,35,0.8217979336265955,0.8217979336265987,-3.219646771412954e-15,0,307.67613903742904,b2883
b1098,1,431,0.8217979336265955,3.0020598672745755e-16,0.8217979336265951,1,15424.395931634715,b1098
b0888,1,40,0.8217979336265955,0.8217979336265936,1.887379141862766e-15,0,307.8829565584796,b0888
b2690,7,40,0.8217979336265955,0.8217979336266037,-8.215650382226158e-15,0,307.8829565584815,b2690
b0688,1,40,0.8217979336265955,0.8217979336266037,-8.215650382226158e-15,0,307.8829565584815,b0688
b1317,1,40,0.8217979336265955,0.8217979336266037,-8.215650382226158e-15,0,307.8829565584815,b1317
b2168,1,40,0.8217979336265955,0.8217979336266037,-8.215650382226158e-15,0,307.8829565584815,b2168
b2687,1,431,0.8217979336265955,4.9264398128084315e-11,0.8217979335773311,1,15424.395929829636,b2687
b3581,1,40,0.8217979336265955,0.8217979336265907,4.773959005888173e-15,0,307.88295655847946,b3581
b4196,1,40,0.8217979336265955,0.8217979336266037,-8.215650382226158e-15,0,307.8829565584815,b4196
b3582,1,40,0.8217979336265955,0.8217979336266037,-8.215650382226158e-15,0,307.8829565584815,b3582
b4197,1,40,0.8217979336265955,0.8217979336266037,-8.215650382226158e-15,0,307.8829565584815,b4197
b3575,1,40,0.8217979336265955,0.8217979336266037,-8.215650382226158e-15,0,307.8829565584815,b3575
b0312,2,40,0.8217979336265955,0.8217979336266037,-8.215650382226158e-15,0,307.8829565584815,b0312
b0403,5,40,0.8217979336265955,0.8217979336266037,-8.215650382226158e-15,0,307.8829565584815,b0403
b0207,2,40,0.8217979336265955,0.8217979336266037,-8.215650382226158e-15,0,307.8829565584815,b0207
b3012,2,40,0.8217979336265955,0.8217979336266037,-8.215650382226158e-15,0,307.8829565584815,b3012
b3962,1,40,0.8217979336265955,0.8217979336266037,-8.215650382226158e-15,0,307.8829565584815,b3962
b2764,4,431,0.8217979336265955,1.0745860645235973e-15,0.8217979336265944,1,15424.395931634726,b2764
b2763,4,431,0.8217979336265955,0.0,0.8217979336265955,1,15424.39593163497,b2763
b0937,2,40,0.8217979336265955,0.8217979336265974,-1.887379141862766e-15,0,307.8829565584804,b0937
b2563,1,40,0.8217979336265955,0.8217979336266037,-8.215650382226158e-15,0,307.8829565584815,b2563
b3475,1,40,0.8217979336265955,0.8217979336266037,-8.215650382226158e-15,0,307.8829565584815,b3475
b2507,2,431,0.8217979336265955,1.0745860645235973e-15,0.8217979336265944,1,15424.395931634766,b2507
b1982,1,40,0.8217979336265955,0.8217979336265994,-3.885780586188048e-15,0,307.8829565584808,b1982
b3360,1,431,0.8217979336265955,1.0745860645235973e-15,0.8217979336265944,1,15424.395931634755,b3360
b1812,1,431,0.8217979336265955,-4.4554407878269e-27,0.8217979336265955,1,15424.395931634466,b1812
b1096,2,431,0.8217979336265955,3.2987580573853157e-11,0.8217979335936079,1,15424.395930425686,b1096
b4039,2,431,0.8217979336265955,3.2987580573853616e-11,0.8217979335936079,1,15424.395930425946,b4039
b2416,21,424,0.8217979336265955,0.8018784568565036,0.01991947677009187,0,773.974669527603,b2416
b1200,1,40,0.8217979336265955,0.8217979336266044,-8.881784197001252e-15,0,307.88295655848185,b1200
b2415,21,424,0.8217979336265955,0.8018784568565214,0.019919476770074107,0,773.9746695276135,b2415
b1199,1,40,0.8217979336265955,0.8217979336266044,-8.881784197001252e-15,0,307.88295655848185,b1199
b1198,1,40,0.8217979336265955,0.8217979336266052,-9.769962616701378e-15,0,307.88295655848196,b1198
b0171,1,431,0.8217979336265955,-1.8812990149206012e-16,0.8217979336265957,1,15424.395931634765,b0171
b4477,1,40,0.8217979336265955,0.8217979336265993,-3.774758283725532e-15,0,307.882956558481,b4477
b2498,1,40,0.8217979336265955,0.8217979336266052,-9.769962616701378e-15,0,307.88295655848196,b2498
b2780,1,431,0.8217979336265955,2.550402258383384e-16,0.8217979336265953,1,15424.395931634746,b2780
b0087,1,431,0.8217979336265955,0.0,0.8217979336265955,1,15424.395931634717,b0087
b0090,1,431,0.8217979336265955,0.0,0.8217979336265955,1,15424.395931634888,b0090
b3946,1,40,0.8217979336265955,0.8217979336265882,7.327471962526033e-15,0,307.8829565584787,b3946
b0825,1,40,0.8217979336265955,0.8217979336266052,-9.769962616701378e-15,0,307.88295655848196,b0825
b3619,1,40,0.8217979336265955,0.8217979336266052,-9.769962616701378e-15,0,307.88295655848196,b3619
b4267,2,40,0.8217979336265955,0.8217979336266052,-9.769962616701378e-15,0,307.88295655848196,b4267
b1033,4,40,0.8217979336265955,0.8217979336266052,-9.769962616701378e-15,0,307.88295655848196,b1033
b3957,1,431,0.8217979336265955,-4.0357882913465174e-16,0.8217979336265959,1,15424.39593163478,b3957
b1623,2,40,0.8217979336265955,0.8217979336265948,6.661338147750939e-16,0,307.8829565584799,b1623
b3665,1,40,0.8217979336265955,0.8217979336266052,-9.769962616701378e-15,0,307.88295655848196,b3665
b4177,1,431,0.8217979336265955,-3.8571374990374513e-14,0.821797933626634,1,15424.395931636172,b4177
b0677,1,40,0.8217979336265955,0.8217979336266023,-6.772360450213455e-15,0,307.88295655848196,b0677
b0828,1,40,0.8217979336265955,0.8217979336266052,-9.769962616701378e-15,0,307.88295655848196,b0828
b1767,1,40,0.8217979336265955,0.8217979336266052,-9.769962616701378e-15,0,307.88295655848196,b1767
b0674,2,431,0.8217979336265955,3.251178957323896e-16,0.8217979336265951,1,15424.395931634726,b0674
b3744,1,366,0.8217979336265955,0.8202225520292293,0.0015753815973661434,0,308.2622455839694,b3744
b4245,1,431,0.8217979336265955,1.805362607572221e-16,0.8217979336265953,1,15424.39593163511,b4245
b4244,1,431,0.8217979336265955,0.0,0.8217979336265955,1,15424.395931634745,b4244
b0029,2,431,0.8217979336265955,2.4633672559119213e-11,0.8217979336019618,1,15424.395930731122,b0029
b1092,1,431,0.8217979336265955,0.0,0.8217979336265955,1,15424.395931634965,b1092
b3809,1,431,0.8217979336265955,0.0,0.8217979336265955,1,15424.395931634554,b3809
b0031,1,431,0.8217979336265955,0.0,0.8217979336265955,1,15424.395931634574,b0031
b0003,2,431,0.8217979336265955,0.0,0.8217979336265955,1,15424.395931634848,b0003
b1748,3,431,0.8217979336265955,0.0,0.8217979336265955,1,15424.3959316352,b1748
b3359,2,431,0.8217979336265955,0.0,0.8217979336265955,1,15424.395931634668,b3359
b0004,1,431,0.8217979336265955,0.0,0.8217979336265955,1,15424.395931634668,b0004
b4013,1,431,0.8217979336265955,0.0,0.8217979336265955,1,15424.3959316352,b4013
b1704,1,431,0.8217979336265955,1.9301662913596583e-14,0.8217979336265762,1,15424.395931634148,b1704
b2601,1,431,0.8217979336265955,1.9301662913596586e-14,0.8217979336265762,1,15424.39593163399,b2601
b0754,1,431,0.8217979336265955,1.9301662913596586e-14,0.8217979336265762,1,15424.39593163399,b0754
b2700,1,43,0.8217979336265955,0.8217979336266004,-4.884981308350689e-15,0,307.88296558723465,b2700
b1768,1,43,0.8217979336265955,0.8217979336266087,-1.3211653993039363e-14,0,307.88296558723624,b1768
b1014,2,43,0.8217979336265955,0.8217979336266087,-1.3211653993039363e-14,0,307.88296558723624,b1014
b1584,2,43,0.8217979336265955,0.8217979336266087,-1.3211653993039363e-14,0,307.88296558723624,b1584
b3790,1,43,0.8217979336265955,0.8217979336266087,-1.3211653993039363e-14,0,307.88296558723624,b3790
b4014,1,43,0.8217979336265955,0.8217979336266087,-1.3211653993039363e-14,0,307.88296558723624,b4014
b2976,1,43,0.8217979336265955,0.8217979336266087,-1.3211653993039363e-14,0,307.88296558723624,b2976
b1897,1,43,0.8217979336265955,0.8217979336266087,-1.3211653993039363e-14,0,307.88296558723624,b1897
b3034,1,43,0.8217979336265955,0.8217979336266087,-1.3211653993039363e-14,0,307.88296558723624,b3034
b3397,1,43,0.8217979336265955,0.8217979336266087,-1.3211653993039363e-14,0,307.88296558723624,b3397
b0062,1,43,0.8217979336265955,0.8217979336266087,-1.3211653993039363e-14,0,307.88296558723624,b0062
b3600,1,43,0.8217979336265955,0.8217979336266087,-1.3211653993039363e-14,0,307.88296558723624,b3600
b3608,1,338,0.8217979336265955,0.8211157428628008,0.0006821907637947211,0,309.7537246471951,b3608
b4119,1,43,0.8217979336265955,0.8217979336265993,-3.774758283725532e-15,0,307.8829655872345,b4119
b2802,2,43,0.8217979336265955,0.8217979336265891,6.328271240363392e-15,0,307.88296558723334,b2802
b2803,1,43,0.8217979336265955,0.8217979336265891,6.328271240363392e-15,0,307.88296558723334,b2803
b2800,1,43,0.8217979336265955,0.8217979336265891,6.328271240363392e-15,0,307.88296558723334,b2800
b2738,1,43,0.8217979336265955,0.8217979336265891,6.328271240363392e-15,0,307.88296558723334,b2738
b0335,1,43,0.8217979336265955,0.8217979336265891,6.328271240363392e-15,0,307.88296558723334,b0335
b1236,1,43,0.8217979336265955,0.8217979336265891,6.328271240363392e-15,0,307.88296558723334,b1236
b0179,1,431,0.8217979336265955,1.7444935811009025e-15,0.8217979336265937,1,15424.395931635136,b0179
b0085,1,431,0.8217979336265955,0.0,0.8217979336265955,1,15424.395931634961,b0085
b0091,1,431,0.8217979336265955,0.0,0.8217979336265955,1,15424.395931634539,b0091
b0088,1,431,0.8217979336265955,0.0,0.8217979336265955,1,15424.39593163468,b0088
b0505,1,43,0.8217979336265955,0.8217979336265847,1.0769163338864018e-14,0,307.88296558723226,b0505
b0350,1,43,0.8217979336265955,0.8217979336266054,-9.880984919163893e-15,0,307.88296558723584,b0350
b0352,1,43,0.8217979336265955,0.8217979336266054,-9.880984919163893e-15,0,307.88296558723584,b0352
b0347,2,43,0.8217979336265955,0.8217979336266054,-9.880984919163893e-15,0,307.88296558723584,b0347
b0726,1,423,0.8217979336265955,0.8062260299020778,0.015571903724517666,0,405.3447520435463,b0726
b0727,1,423,0.8217979336265955,0.8062260299020724,0.015571903724523106,0,405.344752043541,b0727
b3945,4,74,0.8217979336265955,0.8217979336265745,2.098321516541546e-14,0,307.8496454322725,b3945
b0131,1,431,0.8217979336265955,4.1183418083903755e-16,0.821797933626595,1,15424.395931634343,b0131
b0086,1,431,0.8217979336265955,0.0,0.8217979336265955,1,15424.395931634572,b0086
b0096,1,431,0.8217979336265955,0.0,0.8217979336265955,1,15424.39593163499,b0096
b0181,1,431,0.8217979336265955,0.0,0.8217979336265955,1,15424.395931635094,b0181
b2019,1,431,0.8217979336265955,0.0,0.8217979336265955,1,15424.395931635094,b2019
b2020,1,431,0.8217979336265955,0.0,0.8217979336265955,1,15424.39593163503,b2020
b2022,2,431,0.8217979336265955,0.0,0.8217979336265955,1,15424.395931634874,b2022
b1207,1,24,0.8217979336265955,0.8217979336265925,2.9976021664879227e-15,0,307.8477288680847,b1207
b2026,2,431,0.8217979336265955,-2.1843318452120753e-16,0.8217979336265957,1,15424.395931635001,b2026
b2024,1,431,0.8217979336265955,0.0,0.8217979336265955,1,15424.395931635021,b2024
b3607,1,431,0.8217979336265955,0.0,0.8217979336265955,1,15424.395931635203,b3607
b2421,1,431,0.8217979336265955,0.0,0.8217979336265955,1,15424.395931635065,b2421
b2414,1,431,0.8217979336265955,0.0,0.8217979336265955,1,15424.395931635065,b2414
b4214,1,431,0.8217979336265955,0.0,0.8217979336265955,1,15424.395931635065,b4214
b2762,2,431,0.8217979336265955,0.0,0.8217979336265955,1,15424.395931634926,b2762
b4024,1,431,0.8217979336265955,0.0,0.8217979336265955,1,15424.395931634788,b4024
b0002,2,431,0.8217979336265955,0.0,0.8217979336265955,1,15424.395931635241,b0002
b3940,2,431,0.8217979336265955,0.0,0.8217979336265955,1,15424.395931635241,b3940
b3433,1,431,0.8217979336265955,0.0,0.8217979336265955,1,15424.395931635241,b3433
b2838,1,431,0.8217979336265955,0.0,0.8217979336265955,1,15424.395931635241,b2838
b2942,1,431,0.8217979336265955,2.4575380182532213e-11,0.8217979336020201,1,15424.395930734512,b2942
b4192,1,24,0.8217979336265955,0.8217979336265988,-3.3306690738754696e-15,0,307.84772886808554,b4192
b1993,2,24,0.8217979336265955,0.8217979336266035,-7.993605777301127e-15,0,307.8477288680866,b1993
b1992,1,24,0.8217979336265955,0.8217979336266035,-7.993605777301127e-15,0,307.8477288680866,b1992
b0417,1,431,0.8217979336265955,-7.859257916345512e-16,0.8217979336265963,1,15424.39593163503,b0417
b0348,2,24,0.8217979336265955,0.8217979336266109,-1.5432100042289676e-14,0,307.847728868088,b0348
b0349,2,24,0.8217979336265955,0.8217979336266035,-7.993605777301127e-15,0,307.8477288680866,b0349
b3124,1,24,0.8217979336265955,0.8217979336266035,-7.993605777301127e-15,0,307.8477288680866,b3124
b0583,1,24,0.8217979336265955,0.8217979336266035,-7.993605777301127e-15,0,307.8477288680866,b0583
b0732,1,24,0.8217979336265955,0.8217979336266035,-7.993605777301127e-15,0,307.8477288680866,b0732
b0517,1,24,0.8217979336265955,0.8217979336266035,-7.993605777301127e-15,0,307.8477288680866,b0517
b0521,1,411,0.8217979336265955,0.8136733820001892,0.00812455162640624,0,310.57265671860296,b0521
b3223,1,24,0.8217979336265955,0.8217979336266146,-1.9095836023552692e-14,0,307.8477288680887,b3223
b2428,1,24,0.8217979336265955,0.8217979336266035,-7.993605777301127e-15,0,307.8477288680866,b2428
b2162,2,24,0.8217979336265955,0.8217979336266035,-7.993605777301127e-15,0,307.8477288680866,b2162
b0651,2,24,0.8217979336265955,0.8217979336266035,-7.993605777301127e-15,0,307.8477288680866,b0651
b0522,1,431,0.8217979336265955,4.03929811776716e-14,0.8217979336265551,1,15424.395931633513,b0522
b1779,6,430,0.8217979336265955,0.5758330394274855,0.24596489419910994,0,4593.749291104799,b1779
b2388,1,23,0.8217979336265955,0.8217979336266263,-3.086420008457935e-14,0,305.7371765210631,b2388
b2029,1,413,0.8217979336265955,0.8125879431636359,0.00920999046295956,0,463.286728101963,b2029
b0368,1,71,0.8217979336265955,0.821797933626595,4.440892098500626e-16,0,307.1637396485082,b0368
b2463,1,71,0.8217979336265955,0.8217979336266046,-9.103828801926284e-15,0,307.1637396485096,b2463
b3960,1,431,0.8217979336265955,1.7114474677383403e-16,0.8217979336265953,1,15424.395931635358,b3960
b0032,1,71,0.8217979336265955,0.8217979336265898,5.662137425588298e-15,0,307.16373964850715,b0032
b0033,1,71,0.8217979336265955,0.8217979336266046,-9.103828801926284e-15,0,307.1637396485096,b0033
b0242,1,431,0.8217979336265955,6.624339226793327e-16,0.8217979336265948,1,15424.39593163537,b0242
b0074,1,431,0.8217979336265955,0.0,0.8217979336265955,1,15424.395931635017,b0074
b1091,3,431,0.8217979336265955,0.0,0.8217979336265955,1,15424.3959316349,b1091
b3908,1,71,0.8217979336265955,0.8217979336265969,-1.4432899320127035e-15,0,307.16373964850845,b3908
b1656,1,71,0.8217979336265955,0.8217979336266046,-9.103828801926284e-15,0,307.1637396485096,b1656
b0159,3,431,0.8217979336265955,4.926003578819212e-11,0.8217979335773354,1,15424.395929830811,b0159
b1106,1,21,0.8217979336265955,0.8217979336265919,3.552713678800501e-15,0,307.161823084317,b1106
b1759,2,21,0.8217979336265955,0.8217979336265878,7.66053886991358e-15,0,307.1618230843157,b1759
b2251,3,38,0.8217979336265955,0.8217979336265878,7.66053886991358e-15,0,307.1980671138145,b2251
b0905,1,38,0.8217979336265955,0.821797933626587,8.43769498715119e-15,0,307.1980671138149,b0905
b3248,2,38,0.8217979336265955,0.821797933626587,8.43769498715119e-15,0,307.1980671138149,b3248
b0386,1,431,0.8217979336265955,1.3747063302955801e-15,0.8217979336265941,1,15424.395931634608,b0386
b3425,1,38,0.8217979336265955,0.8217979336265856,9.880984919163893e-15,0,307.19806711381443,b3425
b2668,1,38,0.8217979336265955,0.821797933626587,8.43769498715119e-15,0,307.1980671138149,b2668
b2521,2,38,0.8217979336265955,0.821797933626587,8.43769498715119e-15,0,307.1980671138149,b2521
b2053,1,38,0.8217979336265955,0.821797933626587,8.43769498715119e-15,0,307.1980671138149,b2053
b2920,1,38,0.8217979336265955,0.821797933626587,8.43769498715119e-15,0,307.1980671138149,b2920
b2143,2,38,0.8217979336265955,0.821797933626587,8.43769498715119e-15,0,307.1980671138149,b2143
b0778,1,431,0.8217979336265955,6.979329136588805e-16,0.8217979336265948,1,15424.395931634614,b0778
b2065,1,38,0.8217979336265955,0.8217979336265858,9.658940314238862e-15,0,307.19806711381466,b2065
b2478,1,431,0.8217979336265955,-1.3114980836126846e-15,0.8217979336265968,1,15424.395931635492,b2478
b0337,1,38,0.8217979336265955,0.8217979336265806,1.4876988529977098e-14,0,307.19806711381364,b0337
b3729,1,431,0.8217979336265955,1.0678926729172382e-15,0.8217979336265944,1,15424.395931635476,b3729
b2688,1,38,0.8217979336265955,0.8217979336265919,3.552713678800501e-15,0,307.1980671138154,b2688
b0485,1,38,0.8217979336265955,0.8217979336266061,-1.0658141036401503e-14,0,307.19806711381796,b0485
b1524,1,38,0.8217979336265955,0.8217979336266061,-1.0658141036401503e-14,0,307.19806711381796,b1524
b2312,1,431,0.8217979336265955,1.9232661352018147e-13,0.8217979336264032,1,15424.395931628476,b2312
b0104,1,38,0.8217979336265955,0.8217979336266189,-2.3425705819590803e-14,0,307.19806711382057,b0104
b1740,1,431,0.8217979336265955,-1.966769584320978e-12,0.8217979336285622,1,15424.395931707539,b1740
b3366,1,38,0.8217979336265955,0.8217979336265826,1.2878587085651816e-14,0,307.1980671138141,b3366
b3365,1,38,0.8217979336265955,0.8217979336266061,-1.0658141036401503e-14,0,307.19806711381796,b3365
b4254,1,431,0.8217979336265955,-1.3114980836126846e-15,0.8217979336265968,1,15424.395931635492,b4254
b0273,1,431,0.8217979336265955,0.0,0.8217979336265955,1,15424.395931634714,b0273
b2500,1,384,0.8217979336265955,0.8193315341403876,0.0024663994862078598,0,308.2785410602849,b2500
b3449,5,38,0.8217979336265955,0.8217979336266293,-3.3861802251067274e-14,0,307.1980671138216,b3449
b0331,1,38,0.8217979336265955,0.8217979336266061,-1.0658141036401503e-14,0,307.19806711381796,b0331
b2210,2,38,0.8217979336265955,0.8217979336266061,-1.0658141036401503e-14,0,307.19806711381796,b2210
b1746,1,38,0.8217979336265955,0.8217979336266061,-1.0658141036401503e-14,0,307.19806711381796,b1746
b0052,1,431,0.8217979336265955,7.527159404259954e-16,0.8217979336265947,1,15424.395931635494,b0052
b2564,1,431,0.8217979336265955,0.0,0.8217979336265955,1,15424.395931634848,b2564
b0369,1,431,0.8217979336265955,0.0,0.8217979336265955,1,15424.395931634848,b0369
b4005,1,431,0.8217979336265955,9.710439347855605e-14,0.8217979336264983,1,15424.395931631661,b4005
b2557,1,431,0.8217979336265955,-4.258701868990604e-14,0.8217979336266381,1,15424.395931636252,b2557
b2441,1,38,0.8217979336265955,0.8217979336265877,7.771561172376096e-15,0,307.19806711381506,b2441
b2440,1,38,0.8217979336265955,0.8217979336266061,-1.0658141036401503e-14,0,307.19806711381796,b2440
b2049,1,38,0.8217979336265955,0.8217979336266061,-1.0658141036401503e-14,0,307.19806711381796,b2049
b3806,1,38,0.8217979336265955,0.8217979336266061,-1.0658141036401503e-14,0,307.19806711381796,b3806
b2533,2,38,0.8217979336265955,0.8217979336266061,-1.0658141036401503e-14,0,307.19806711381796,b2533
b0333,1,38,0.8217979336265955,0.8217979336266061,-1.0658141036401503e-14,0,307.19806711381796,b0333
b3590,1,38,0.8217979336265955,0.8217979336266061,-1.0658141036401503e-14,0,307.19806711381796,b3590
b2173,1,38,0.8217979336265955,0.8217979336266061,-1.0658141036401503e-14,0,307.19806711381796,b2173
b2918,1,38,0.8217979336265955,0.8217979336266061,-1.0658141036401503e-14,0,307.19806711381796,b2918
b2727,1,38,0.8217979336265955,0.8217979336266061,-1.0658141036401503e-14,0,307.19806711381796,b2727
b4173,1,38,0.8217979336265955,0.8217979336266061,-1.0658141036401503e-14,0,307.19806711381796,b4173
b4352,1,38,0.8217979336265955,0.8217979336266061,-1.0658141036401503e-14,0,307.19806711381796,b4352
b4161,4,38,0.8217979336265955,0.8217979336266061,-1.0658141036401503e-14,0,307.19806711381796,b4161
b1852,1,423,0.8217979336265955,0.8125879431636475,0.009209990462948014,0,463.32376495911535,b1852
b0134,1,431,0.8217979336265955,9.181102819315754e-16,0.8217979336265946,1,15424.395931634466,b0134
b2028,1,38,0.8217979336265955,0.8217979336265946,8.881784197001252e-16,0,307.1980671138161,b2028
b2787,1,38,0.8217979336265955,0.8217979336266021,-6.661338147750939e-15,0,307.1980671138171,b2787
b2788,1,38,0.8217979336265955,0.8217979336266021,-6.661338147750939e-15,0,307.1980671138171,b2788
b3791,1,38,0.8217979336265955,0.8217979336266021,-6.661338147750939e-15,0,307.1980671138171,b3791
b3787,1,38,0.8217979336265955,0.8217979336266021,-6.661338147750939e-15,0,307.1980671138171,b3787
b1415,2,38,0.8217979336265955,0.8217979336266021,-6.661338147750939e-15,0,307.1980671138171,b1415
b1493,1,38,0.8217979336265955,0.8217979336266021,-6.661338147750939e-15,0,307.1980671138171,b1493
b3517,1,38,0.8217979336265955,0.8217979336266021,-6.661338147750939e-15,0,307.1980671138171,b3517
b3551,3,38,0.8217979336265955,0.8217979336266021,-6.661338147750939e-15,0,307.1980671138171,b3551
b2750,1,431,0.8217979336265955,-1.799065737786075e-15,0.8217979336265973,1,15424.395931634961,b2750
b1622,1,431,0.8217979336265955,4.820406275278568e-29,0.8217979336265955,1,15424.395931634685,b1622
b3939,1,431,0.8217979336265955,0.0,0.8217979336265955,1,15424.395931634737,b3939
b2661,1,38,0.8217979336265955,0.8217979336265955,0.0,0,307.1980671138162,b2661
b0241,283,434,0.8217979336265955,0.0,0.8217979336265955,1,17807.64268867696,b0241
b2215,285,434,0.8217979336265955,0.0,0.8217979336265955,1,17807.64268867696,b2215
b0929,285,434,0.8217979336265955,0.0,0.8217979336265955,1,17807.64268867696,b0929
b1377,284,434,0.8217979336265955,0.0,0.8217979336265955,1,17807.64268867696,b1377
b0411,7,36,0.8217979336265955,0.8217979336266032,-7.771561172376096e-15,0,305.0488587349517,b0411
b1319,1,469,0.8217979336265955,0.31886456060447077,0.5029333730221247,0,22365.183872798363,b1319
b3875,3,469,0.8217979336265955,0.31886456060448576,0.5029333730221097,0,22365.183872798447,b3875
b0957,1,469,0.8217979336265955,0.31886456060448576,0.5029333730221097,0,22365.183872798447,b0957
b1805,10,78,0.8217979336265955,0.8217979336265849,1.0547118733938987e-14,0,308.0199186204502,b1805
b1701,10,78,0.8217979336265955,0.8217979336265959,-4.440892098500626e-16,0,308.0199186204509,b1701
b1646,1,78,0.8217979336265955,0.8217979336265959,-4.440892098500626e-16,0,308.0199186204509,b1646
b2203,2,78,0.8217979336265955,0.8217979336265959,-4.440892098500626e-16,0,308.0199186204509,b2203
b2202,2,78,0.8217979336265955,0.8217979336265959,-4.440892098500626e-16,0,308.0199186204509,b2202
b2206,2,78,0.8217979336265955,0.8217979336265959,-4.440892098500626e-16,0,308.0199186204509,b2206
b2205,1,78,0.8217979336265955,0.8217979336265959,-4.440892098500626e-16,0,308.0199186204509,b2205
b2204,1,78,0.8217979336265955,0.8217979336265959,-4.440892098500626e-16,0,308.0199186204509,b2204
b0980,2,78,0.8217979336265955,0.8217979336265959,-4.440892098500626e-16,0,308.0199186204509,b0980
b0383,15,78,0.8217979336265955,0.8217979336265959,-4.440892098500626e-16,0,308.0199186204509,b0383
b1468,2,78,0.8217979336265955,0.8217979336265959,-4.440892098500626e-16,0,308.0199186204509,b1468
b1224,2,78,0.8217979336265955,0.8217979336265959,-4.440892098500626e-16,0,308.0199186204509,b1224
b1225,2,78,0.8217979336265955,0.8217979336265959,-4.440892098500626e-16,0,308.0199186204509,b1225
b1226,2,78,0.8217979336265955,0.8217979336265959,-4.440892098500626e-16,0,308.0199186204509,b1226
b1227,2,78,0.8217979336265955,0.8217979336265959,-4.440892098500626e-16,0,308.0199186204509,b1227
b1466,2,78,0.8217979336265955,0.8217979336265959,-4.440892098500626e-16,0,308.0199186204509,b1466
b1467,2,78,0.8217979336265955,0.8217979336265959,-4.440892098500626e-16,0,308.0199186204509,b1467
b1465,2,78,0.8217979336265955,0.8217979336265959,-4.440892098500626e-16,0,308.0199186204509,b1465
b1602,1,78,0.8217979336265955,0.8217979336265959,-4.440892098500626e-16,0,308.0199186204509,b1602
b1603,1,78,0.8217979336265955,0.8217979336265959,-4.440892098500626e-16,0,308.0199186204509,b1603
b0997,2,78,0.8217979336265955,0.8217979336265959,-4.440892098500626e-16,0,308.0199186204509,b0997
b0996,2,78,0.8217979336265955,0.8217979336265959,-4.440892098500626e-16,0,308.0199186204509,b0996
b1873,4,78,0.8217979336265955,0.8217979336265959,-4.440892098500626e-16,0,308.0199186204509,b1873
b1872,4,78,0.8217979336265955,0.8217979336265959,-4.440892098500626e-16,0,308.0199186204509,b1872
b3845,8,453,0.8217979336265955,0.8075924361369401,0.014205497489655383,0,311.321418443728,b3845
b2342,8,453,0.8217979336265955,0.8075924361369485,0.014205497489646945,0,311.3214184437301,b2342
b4388,1,418,0.8217979336265955,0.7876193943975688,0.034178539229026694,0,332.82902729384523,b4388
b0010,2,417,0.8217979336265955,0.8043091833376653,0.017488750288930155,0,376.1878558908239,b0010
b3528,6,78,0.8217979336265955,0.8217979336265825,1.2989609388114332e-14,0,308.0199186204496,b3528
b4123,9,78,0.8217979336265955,0.8217979336265938,1.6653345369377348e-15,0,308.0199186204509,b4123
b0621,4,78,0.8217979336265955,0.8217979336265938,1.6653345369377348e-15,0,308.0199186204509,b0621
b4138,7,78,0.8217979336265955,0.8217979336265938,1.6653345369377348e-15,0,308.0199186204509,b4138
b2417,6,419,0.8217979336265955,0.8018784568565095,0.019919476770085986,0,828.9415298895137,b2417
b2429,2,78,0.8217979336265955,0.8217979336265974,-1.887379141862766e-15,0,308.01991862045105,b2429
b2423,5,431,0.8217979336265955,-3.722034671142764e-16,0.8217979336265958,1,15424.395931634732,b2423
b2422,5,431,0.8217979336265955,0.0,0.8217979336265955,1,15424.395931634586,b2422
b0764,3,431,0.8217979336265955,0.0,0.8217979336265955,1,15424.395931634586,b0764
b0765,3,431,0.8217979336265955,0.0,0.8217979336265955,1,15424.395931634586,b0765
b0763,3,431,0.8217979336265955,0.0,0.8217979336265955,1,15424.395931634586,b0763
b2425,5,431,0.8217979336265955,0.0,0.8217979336265955,1,15424.395931634586,b2425
b2424,5,431,0.8217979336265955,0.0,0.8217979336265955,1,15424.395931634586,b2424
b3917,5,431,0.8217979336265955,0.0,0.8217979336265955,1,15424.395931634586,b3917
b3063,1,28,0.8217979336265955,0.8217979336266007,-5.218048215738236e-15,0,308.01687738687264,b3063
b2913,3,418,0.8217979336265955,0.7876193943979474,0.03417853922864811,0,332.8290272939387,b2913
b0366,3,28,0.8217979336265955,0.8217979336266006,-5.10702591327572e-15,0,308.01687738687264,b0366
b0367,3,28,0.8217979336265955,0.821797933626612,-1.6542323066914832e-14,0,308.01687738687417,b0367
b0365,3,28,0.8217979336265955,0.821797933626612,-1.6542323066914832e-14,0,308.01687738687417,b0365
b2964,11,28,0.8217979336265955,0.821797933626612,-1.6542323066914832e-14,0,308.01687738687417,b2964
b2393,8,28,0.8217979336265955,0.821797933626612,-1.6542323066914832e-14,0,308.01687738687417,b2393
b1291,1,326,0.8217979336265955,0.8208404702286453,0.0009574633979502201,0,308.2183984935453,b1291
b1250,1,326,0.8217979336265955,0.8208404702285912,0.0009574633980042879,0,308.21839849353694,b1250
b1363,1,326,0.8217979336265955,0.8208404702285912,0.0009574633980042879,0,308.21839849353694,b1363
b3290,1,326,0.8217979336265955,0.8208404702285912,0.0009574633980042879,0,308.21839849353694,b3290
b3747,1,326,0.8217979336265955,0.8208404702285912,0.0009574633980042879,0,308.21839849353694,b3747
b3849,1,326,0.8217979336265955,0.8208404702285912,0.0009574633980042879,0,308.21839849353694,b3849
b2587,1,28,0.8217979336265955,0.8217979336265563,3.9190872769268026e-14,0,308.0168773868662,b2587
b4031,1,28,0.8217979336265955,0.821797933626612,-1.6542323066914832e-14,0,308.01687738687417,b4031
b0067,1,28,0.8217979336265955,0.821797933626612,-1.6542323066914832e-14,0,308.01687738687417,b0067
b0066,1,28,0.8217979336265955,0.821797933626612,-1.6542323066914832e-14,0,308.01687738687417,b0066
b0068,1,28,0.8217979336265955,0.821797933626612,-1.6542323066914832e-14,0,308.01687738687417,b0068
b2406,6,28,0.8217979336265955,0.821797933626612,-1.6542323066914832e-14,0,308.01687738687417,b2406
b3460,5,28,0.8217979336265955,0.821797933626612,-1.6542323066914832e-14,0,308.01687738687417,b3460
b3455,5,28,0.8217979336265955,0.821797933626612,-1.6542323066914832e-14,0,308.01687738687417,b3455
b3454,5,28,0.8217979336265955,0.821797933626612,-1.6542323066914832e-14,0,308.01687738687417,b3454
b3457,5,28,0.8217979336265955,0.821797933626612,-1.6542323066914832e-14,0,308.01687738687417,b3457
b3456,5,28,0.8217979336265955,0.821797933626612,-1.6542323066914832e-14,0,308.01687738687417,b3456
b4240,1,28,0.8217979336265955,0.821797933626612,-1.6542323066914832e-14,0,308.01687738687417,b4240
b3161,2,28,0.8217979336265955,0.821797933626612,-1.6542323066914832e-14,0,308.01687738687417,b3161
b3709,1,28,0.8217979336265955,0.821797933626612,-1.6542323066914832e-14,0,308.01687738687417,b3709
b0112,4,28,0.8217979336265955,0.821797933626612,-1.6542323066914832e-14,0,308.01687738687417,b0112
b1907,1,28,0.8217979336265955,0.821797933626612,-1.6542323066914832e-14,0,308.01687738687417,b1907
b3567,1,28,0.8217979336265955,0.821797933626612,-1.6542323066914832e-14,0,308.01687738687417,b3567
b3566,1,28,0.8217979336265955,0.821797933626612,-1.6542323066914832e-14,0,308.01687738687417,b3566
b3568,1,28,0.8217979336265955,0.821797933626612,-1.6542323066914832e-14,0,308.01687738687417,b3568
b3577,2,28,0.8217979336265955,0.821797933626612,-1.6542323066914832e-14,0,308.01687738687417,b3577
b3578,2,28,0.8217979336265955,0.821797933626612,-1.6542323066914832e-14,0,308.01687738687417,b3578
b3579,2,28,0.8217979336265955,0.821797933626612,-1.6542323066914832e-14,0,308.01687738687417,b3579
b3089,2,28,0.8217979336265955,0.821797933626612,-1.6542323066914832e-14,0,308.01687738687417,b3089
b2153,1,431,0.8217979336265955,1.0850737418173139e-17,0.8217979336265955,1,15424.39593163567,b2153
b0935,5,28,0.8217979336265955,0.8217979336265934,2.1094237467877974e-15,0,308.0168773868718,b0935
b0151,5,28,0.8217979336265955,0.821797933626612,-1.6542323066914832e-14,0,308.01687738687417,b0151
b0153,5,28,0.8217979336265955,0.821797933626612,-1.6542323066914832e-14,0,308.01687738687417,b0153
b0152,5,28,0.8217979336265955,0.821797933626612,-1.6542323066914832e-14,0,308.01687738687417,b0152
b0158,3,28,0.8217979336265955,0.821797933626612,-1.6542323066914832e-14,0,308.01687738687417,b0158
b1709,3,28,0.8217979336265955,0.821797933626612,-1.6542323066914832e-14,0,308.01687738687417,b1709
b1711,3,28,0.8217979336265955,0.821797933626612,-1.6542323066914832e-14,0,308.01687738687417,b1711
b2223,3,28,0.8217979336265955,0.821797933626612,-1.6542323066914832e-14,0,308.01687738687417,b2223
b1101,2,415,0.8217979336265955,0.8018784568565265,0.019919476770069,0,962.8633771530692,b1101
b0679,1,28,0.8217979336265955,0.8217979336265837,1.176836406102666e-14,0,308.01687738687014,b0679
b1817,6,416,0.8217979336265955,0.8018784568565183,0.019919476770077216,0,828.946208233732,b1817
b1819,6,416,0.8217979336265955,0.8018784568565044,0.019919476770091094,0,828.9462082337258,b1819
b1818,6,416,0.8217979336265955,0.8018784568565044,0.019919476770091094,0,828.9462082337258,b1818
b3224,1,28,0.8217979336265955,0.821797933626589,6.439293542825908e-15,0,308.0168773868708,b3224
b0311,1,28,0.8217979336265955,0.8217979336266013,-5.773159728050814e-15,0,308.0168773868727,b0311
b4381,1,28,0.8217979336265955,0.8217979336266013,-5.773159728050814e-15,0,308.0168773868727,b4381
b0592,2,28,0.8217979336265955,0.8217979336266013,-5.773159728050814e-15,0,308.0168773868727,b0592
b0590,2,28,0.8217979336265955,0.8217979336266013,-5.773159728050814e-15,0,308.0168773868727,b0590
b0588,2,28,0.8217979336265955,0.8217979336266013,-5.773159728050814e-15,0,308.0168773868727,b0588
b0589,2,28,0.8217979336265955,0.8217979336266013,-5.773159728050814e-15,0,308.0168773868727,b0589
b2841,1,28,0.8217979336265955,0.8217979336266013,-5.773159728050814e-15,0,308.0168773868727,b2841
b2310,3,28,0.8217979336265955,0.8217979336266013,-5.773159728050814e-15,0,308.0168773868727,b2310
b2306,4,28,0.8217979336265955,0.8217979336266013,-5.773159728050814e-15,0,308.0168773868727,b2306
b2307,4,28,0.8217979336265955,0.8217979336266013,-5.773159728050814e-15,0,308.0168773868727,b2307
b2308,4,28,0.8217979336265955,0.8217979336266013,-5.773159728050814e-15,0,308.0168773868727,b2308
b0864,1,28,0.8217979336265955,0.8217979336266013,-5.773159728050814e-15,0,308.0168773868727,b0864
b0861,1,28,0.8217979336265955,0.8217979336266013,-5.773159728050814e-15,0,308.0168773868727,b0861
b0860,1,28,0.8217979336265955,0.8217979336266013,-5.773159728050814e-15,0,308.0168773868727,b0860
b0863,1,28,0.8217979336265955,0.8217979336266013,-5.773159728050814e-15,0,308.0168773868727,b0863
b0862,1,28,0.8217979336265955,0.8217979336266013,-5.773159728050814e-15,0,308.0168773868727,b0862
b4115,1,28,0.8217979336265955,0.8217979336266013,-5.773159728050814e-15,0,308.0168773868727,b4115
b4193,1,28,0.8217979336265955,0.8217979336266013,-5.773159728050814e-15,0,308.0168773868727,b4193
b4195,1,28,0.8217979336265955,0.8217979336266013,-5.773159728050814e-15,0,308.0168773868727,b4195
b4194,1,28,0.8217979336265955,0.8217979336266013,-5.773159728050814e-15,0,308.0168773868727,b4194
b1453,1,28,0.8217979336265955,0.8217979336266013,-5.773159728050814e-15,0,308.0168773868727,b1453
b0654,2,28,0.8217979336265955,0.8217979336266013,-5.773159728050814e-15,0,308.0168773868727,b0654
b0655,2,28,0.8217979336265955,0.8217979336266013,-5.773159728050814e-15,0,308.0168773868727,b0655
b0652,2,28,0.8217979336265955,0.8217979336266013,-5.773159728050814e-15,0,308.0168773868727,b0652
b0653,2,28,0.8217979336265955,0.8217979336266013,-5.773159728050814e-15,0,308.0168773868727,b0653
b4077,2,28,0.8217979336265955,0.8217979336266013,-5.773159728050814e-15,0,308.0168773868727,b4077
b0480,17,28,0.8217979336265955,0.8217979336266013,-5.773159728050814e-15,0,308.0168773868727,b0480
b4055,17,28,0.8217979336265955,0.8217979336266013,-5.773159728050814e-15,0,308.0168773868727,b4055
b3127,3,28,0.8217979336265955,0.8217979336266013,-5.773159728050814e-15,0,308.0168773868727,b3127
b2789,3,28,0.8217979336265955,0.8217979336266013,-5.773159728050814e-15,0,308.0168773868727,b2789
b2943,2,28,0.8217979336265955,0.8217979336266013,-5.773159728050814e-15,0,308.0168773868727,b2943
b2663,1,28,0.8217979336265955,0.8217979336266013,-5.773159728050814e-15,0,308.0168773868727,b2663
b1918,1,28,0.8217979336265955,0.8217979336266013,-5.773159728050814e-15,0,308.0168773868727,b1918
b1917,1,28,0.8217979336265955,0.8217979336266013,-5.773159728050814e-15,0,308.0168773868727,b1917
b1920,1,28,0.8217979336265955,0.8217979336266013,-5.773159728050814e-15,0,308.0168773868727,b1920
b2704,2,28,0.8217979336265955,0.8217979336266013,-5.773159728050814e-15,0,308.0168773868727,b2704
b2702,2,28,0.8217979336265955,0.8217979336266013,-5.773159728050814e-15,0,308.0168773868727,b2702
b2703,2,28,0.8217979336265955,0.8217979336266013,-5.773159728050814e-15,0,308.0168773868727,b2703
b1197,1,28,0.8217979336265955,0.8217979336266013,-5.773159728050814e-15,0,308.0168773868727,b1197
b4515,1,28,0.8217979336265955,0.8217979336266013,-5.773159728050814e-15,0,308.0168773868727,b4515
b0733,1,28,0.8217979336265955,0.8217979336266013,-5.773159728050814e-15,0,308.0168773868727,b0733
b0734,1,28,0.8217979336265955,0.8217979336266013,-5.773159728050814e-15,0,308.0168773868727,b0734
b0979,2,28,0.8217979336265955,0.8217979336266013,-5.773159728050814e-15,0,308.0168773868727,b0979
b0978,2,28,0.8217979336265955,0.8217979336266013,-5.773159728050814e-15,0,308.0168773868727,b0978
b3734,1,466,0.8217979336265955,0.2849329232733231,0.5368650103532724,0,29204.031465930108,b3734
b3735,1,466,0.8217979336265955,0.2849329232733332,0.5368650103532623,0,29204.031465930377,b3735
b3736,1,466,0.8217979336265955,0.2849329232733332,0.5368650103532623,0,29204.031465930377,b3736
b3737,1,466,0.8217979336265955,0.2849329232733332,0.5368650103532623,0,29204.031465930377,b3737
b3731,1,466,0.8217979336265955,0.2849329232733332,0.5368650103532623,0,29204.031465930377,b3731
b3732,1,466,0.8217979336265955,0.2849329232733332,0.5368650103532623,0,29204.031465930377,b3732
b3733,1,466,0.8217979336265955,0.2849329232733332,0.5368650103532623,0,29204.031465930377,b3733
b3738,1,466,0.8217979336265955,0.2849329232733332,0.5368650103532623,0,29204.031465930377,b3738
b3739,1,466,0.8217979336265955,0.2849329232733332,0.5368650103532623,0,29204.031465930377,b3739
b4067,2,44,0.8217979336265955,0.8217979336265882,7.327471962526033e-15,0,308.3490156343692,b4067
b3714,1,44,0.8217979336265955,0.821797933626568,2.7533531010703882e-14,0,308.3490156343658,b3714
b3654,3,44,0.8217979336265955,0.821797933626568,2.7533531010703882e-14,0,308.3490156343658,b3654
b3664,1,44,0.8217979336265955,0.821797933626568,2.7533531010703882e-14,0,308.3490156343658,b3664
b4088,2,44,0.8217979336265955,0.821797933626568,2.7533531010703882e-14,0,308.3490156343658,b4088
b4087,2,44,0.8217979336265955,0.821797933626568,2.7533531010703882e-14,0,308.3490156343658,b4087
b4086,2,44,0.8217979336265955,0.821797933626568,2.7533531010703882e-14,0,308.3490156343658,b4086
b0511,1,44,0.8217979336265955,0.821797933626568,2.7533531010703882e-14,0,308.3490156343658,b0511
b1901,1,44,0.8217979336265955,0.821797933626568,2.7533531010703882e-14,0,308.3490156343658,b1901
b1900,1,44,0.8217979336265955,0.821797933626568,2.7533531010703882e-14,0,308.3490156343658,b1900
b4460,1,44,0.8217979336265955,0.821797933626568,2.7533531010703882e-14,0,308.3490156343658,b4460
b0124,1,44,0.8217979336265955,0.821797933626568,2.7533531010703882e-14,0,308.3490156343658,b0124
b0837,1,44,0.8217979336265955,0.821797933626568,2.7533531010703882e-14,0,308.3490156343658,b0837
b4464,2,44,0.8217979336265955,0.821797933626568,2.7533531010703882e-14,0,308.3490156343658,b4464
b4064,2,44,0.8217979336265955,0.821797933626568,2.7533531010703882e-14,0,308.3490156343658,b4064
b0974,3,44,0.8217979336265955,0.821797933626568,2.7533531010703882e-14,0,308.3490156343658,b0974
b0973,3,44,0.8217979336265955,0.821797933626568,2.7533531010703882e-14,0,308.3490156343658,b0973
b0972,3,44,0.8217979336265955,0.821797933626568,2.7533531010703882e-14,0,308.3490156343658,b0972
b2997,3,44,0.8217979336265955,0.821797933626568,2.7533531010703882e-14,0,308.3490156343658,b2997
b2996,3,44,0.8217979336265955,0.821797933626568,2.7533531010703882e-14,0,308.3490156343658,b2996
b2995,3,44,0.8217979336265955,0.821797933626568,2.7533531010703882e-14,0,308.3490156343658,b2995
b2994,3,44,0.8217979336265955,0.821797933626568,2.7533531010703882e-14,0,308.3490156343658,b2994
b4289,1,44,0.8217979336265955,0.821797933626568,2.7533531010703882e-14,0,308.3490156343658,b4289
b4288,1,44,0.8217979336265955,0.821797933626568,2.7533531010703882e-14,0,308.3490156343658,b4288
b4290,1,44,0.8217979336265955,0.821797933626568,2.7533531010703882e-14,0,308.3490156343658,b4290
b4287,1,44,0.8217979336265955,0.821797933626568,2.7533531010703882e-14,0,308.3490156343658,b4287
b1102,1,44,0.8217979336265955,0.821797933626568,2.7533531010703882e-14,0,308.3490156343658,b1102
b3006,10,44,0.8217979336265955,0.821797933626568,2.7533531010703882e-14,0,308.3490156343658,b3006
b3005,10,44,0.8217979336265955,0.821797933626568,2.7533531010703882e-14,0,308.3490156343658,b3005
b1252,10,44,0.8217979336265955,0.821797933626568,2.7533531010703882e-14,0,308.3490156343658,b1252
b2315,1,431,0.8217979336265955,-1.9831559909151792e-15,0.8217979336265975,1,15424.395931633884,b2315
b0612,1,44,0.8217979336265955,0.8217979336265956,-1.1102230246251565e-16,0,308.34901563436995,b0612
b0040,2,44,0.8217979336265955,0.821797933626568,2.7533531010703882e-14,0,308.3490156343658,b0040
b2131,2,44,0.8217979336265955,0.821797933626568,2.7533531010703882e-14,0,308.3490156343658,b2131
b2130,2,44,0.8217979336265955,0.821797933626568,2.7533531010703882e-14,0,308.3490156343658,b2130
b2128,2,44,0.8217979336265955,0.821797933626568,2.7533531010703882e-14,0,308.3490156343658,b2128
b2129,2,44,0.8217979336265955,0.821797933626568,2.7533531010703882e-14,0,308.3490156343658,b2129
b3409,1,44,0.8217979336265955,0.821797933626568,2.7533531010703882e-14,0,308.3490156343658,b3409
b2167,1,44,0.8217979336265955,0.821797933626568,2.7533531010703882e-14,0,308.3490156343658,b2167
b2169,1,44,0.8217979336265955,0.821797933626568,2.7533531010703882e-14,0,308.3490156343658,b2169
b2801,1,44,0.8217979336265955,0.821797933626568,2.7533531010703882e-14,0,308.3490156343658,b2801
b0584,1,44,0.8217979336265955,0.821797933626568,2.7533531010703882e-14,0,308.3490156343658,b0584
b0336,1,44,0.8217979336265955,0.821797933626568,2.7533531010703882e-14,0,308.3490156343658,b0336
b0341,1,44,0.8217979336265955,0.821797933626568,2.7533531010703882e-14,0,308.3490156343658,b0341
b3909,2,44,0.8217979336265955,0.821797933626568,2.7533531010703882e-14,0,308.3490156343658,b3909
b4036,7,46,0.8217979336265955,0.821797933626568,2.7533531010703882e-14,0,508.34901563436586,b4036
b4291,1,46,0.8217979336265955,0.8217979336265842,1.1324274851176597e-14,0,508.34901563436813,b4291
b1119,1,46,0.8217979336265955,0.8217979336265842,1.1324274851176597e-14,0,508.34901563436813,b1119
b3829,1,433,0.8217979336265955,1.4333856981702904e-13,0.8217979336264521,1,15624.395931629115,b3829
b4019,1,433,0.8217979336265955,1.429699039505379e-13,0.8217979336264525,1,15624.395931629653,b4019
b0887,2,46,0.8217979336265955,0.8217979336265898,5.662137425588298e-15,0,508.3490156343691,b0887
b0886,2,46,0.8217979336265955,0.8217979336265842,1.1324274851176597e-14,0,508.34901563436813,b0886
b2476,1,433,0.8217979336265955,-1.5669391520784424e-13,0.8217979336267521,1,15624.395931640101,b2476
b3125,1,46,0.8217979336265955,0.8217979336266014,-5.88418203051333e-15,0,508.34901563437086,b3125
b0509,1,46,0.8217979336265955,0.8217979336265842,1.1324274851176597e-14,0,508.34901563436813,b0509
b2501,2,46,0.8217979336265955,0.8217979336265842,1.1324274851176597e-14,0,508.34901563436813,b2501
b3941,1,433,0.8217979336265955,1.4283707069636918e-13,0.8217979336264526,1,15624.395931629124,b3941
b2574,4,433,0.8217979336265955,-2.5239117078474056e-12,0.8217979336291193,1,15624.395931727378,b2574
b3177,1,433,0.8217979336265955,2.0316980249671302e-27,0.8217979336265955,1,15624.39593163478,b3177
b0529,2,430,0.8217979336265955,0.8032430537217663,0.01855487990482918,0,508.5419031491912,b0529
b4132,1,46,0.8217979336265955,0.8217979336266004,-4.884981308350689e-15,0,508.3490156343705,b4132
b0750,1,433,0.8217979336265955,-4.9810788570874105e-12,0.8217979336315766,1,15624.395931816845,b0750
b3605,2,46,0.8217979336265955,0.8217979336265856,9.880984919163893e-15,0,508.3490156343686,b3605
b0306,2,46,0.8217979336265955,0.8217979336265917,3.774758283725532e-15,0,508.34901563436955,b0306
b0307,2,46,0.8217979336265955,0.8217979336265917,3.774758283725532e-15,0,508.34901563436955,b0307
b0308,2,46,0.8217979336265955,0.8217979336265917,3.774758283725532e-15,0,508.34901563436955,b0308
b0904,2,46,0.8217979336265955,0.8217979336265917,3.774758283725532e-15,0,508.34901563436955,b0904
b2492,2,46,0.8217979336265955,0.8217979336265917,3.774758283725532e-15,0,508.34901563436955,b2492
b3631,1,46,0.8217979336265955,0.8217979336265917,3.774758283725532e-15,0,508.34901563436955,b3631
b0914,32,433,0.8217979336265955,3.4534818334639304e-16,0.8217979336265951,1,15624.395931634384,b0914
b1300,2,46,0.8217979336265955,0.8217979336265934,2.1094237467877974e-15,0,508.3490156343695,b1300
b1967,1,46,0.8217979336265955,0.8217979336265917,3.774758283725532e-15,0,508.34901563436955,b1967
b0933,5,46,0.8217979336265955,0.8217979336265917,3.774758283725532e-15,0,508.34901563436955,b0933
b0936,5,46,0.8217979336265955,0.8217979336265917,3.774758283725532e-15,0,508.34901563436955,b0936
b0934,5,46,0.8217979336265955,0.8217979336265917,3.774758283725532e-15,0,508.34901563436955,b0934
b2032,1,46,0.8217979336265955,0.8217979336265917,3.774758283725532e-15,0,508.34901563436955,b2032
b2027,3,46,0.8217979336265955,0.8217979336265917,3.774758283725532e-15,0,508.34901563436955,b2027
b2035,3,46,0.8217979336265955,0.8217979336265917,3.774758283725532e-15,0,508.34901563436955,b2035
b3622,2,46,0.8217979336265955,0.8217979336265917,3.774758283725532e-15,0,508.34901563436955,b3622
b0459,2,46,0.8217979336265955,0.8217979336265917,3.774758283725532e-15,0,508.34901563436955,b0459
b0585,2,46,0.8217979336265955,0.8217979336265917,3.774758283725532e-15,0,508.34901563436955,b0585
b1326,1,46,0.8217979336265955,0.8217979336265917,3.774758283725532e-15,0,508.34901563436955,b1326
b1325,1,46,0.8217979336265955,0.8217979336265917,3.774758283725532e-15,0,508.34901563436955,b1325
b0591,1,46,0.8217979336265955,0.8217979336265917,3.774758283725532e-15,0,508.34901563436955,b0591
b3035,9,46,0.8217979336265955,0.8217979336265917,3.774758283725532e-15,0,508.34901563436955,b3035
b0692,2,46,0.8217979336265955,0.8217979336265917,3.774758283725532e-15,0,508.34901563436955,b0692
b2014,1,46,0.8217979336265955,0.8217979336265917,3.774758283725532e-15,0,508.34901563436955,b2014
b1296,1,46,0.8217979336265955,0.8217979336265917,3.774758283725532e-15,0,508.34901563436955,b1296
b1298,1,46,0.8217979336265955,0.8217979336265917,3.774758283725532e-15,0,508.34901563436955,b1298
b3374,1,46,0.8217979336265955,0.8217979336265917,3.774758283725532e-15,0,508.34901563436955,b3374
b1308,1,46,0.8217979336265955,0.8217979336265917,3.774758283725532e-15,0,508.34901563436955,b1308
b2197,1,46,0.8217979336265955,0.8217979336265917,3.774758283725532e-15,0,508.34901563436955,b2197
b2201,1,46,0.8217979336265955,0.8217979336265917,3.774758283725532e-15,0,508.34901563436955,b2201
b2200,1,46,0.8217979336265955,0.8217979336265917,3.774758283725532e-15,0,508.34901563436955,b2200
b2199,1,46,0.8217979336265955,0.8217979336265917,3.774758283725532e-15,0,508.34901563436955,b2199
b2198,1,46,0.8217979336265955,0.8217979336265917,3.774758283725532e-15,0,508.34901563436955,b2198
b0622,2,46,0.8217979336265955,0.8217979336265917,3.774758283725532e-15,0,508.34901563436955,b0622
b3785,3,46,0.8217979336265955,0.8217979336265917,3.774758283725532e-15,0,508.34901563436955,b3785
b3793,3,46,0.8217979336265955,0.8217979336265917,3.774758283725532e-15,0,508.34901563436955,b3793
b2552,2,46,0.8217979336265955,0.8217979336265917,3.774758283725532e-15,0,508.34901563436955,b2552
b0756,1,46,0.8217979336265955,0.8217979336265917,3.774758283725532e-15,0,508.34901563436955,b0756
b0484,1,46,0.8217979336265955,0.8217979336265917,3.774758283725532e-15,0,508.34901563436955,b0484
b3469,6,46,0.8217979336265955,0.8217979336265917,3.774758283725532e-15,0,508.34901563436955,b3469
b3626,1,46,0.8217979336265955,0.8217979336265917,3.774758283725532e-15,0,508.34901563436955,b3626
b3623,1,46,0.8217979336265955,0.8217979336265917,3.774758283725532e-15,0,508.34901563436955,b3623
b2257,1,46,0.8217979336265955,0.8217979336265917,3.774758283725532e-15,0,508.34901563436955,b2257
b2711,1,46,0.8217979336265955,0.8217979336265917,3.774758283725532e-15,0,508.34901563436955,b2711
b2710,1,46,0.8217979336265955,0.8217979336265917,3.774758283725532e-15,0,508.34901563436955,b2710
b4111,5,50,0.8217979336265955,0.8217979336265917,3.774758283725532e-15,0,508.3490888209657,b4111
b1386,3,50,0.8217979336265955,0.8217979336266071,-1.1657341758564144e-14,0,508.3490888209676,b1386
b4072,2,50,0.8217979336265955,0.8217979336266071,-1.1657341758564144e-14,0,508.3490888209676,b4072
b4073,2,50,0.8217979336265955,0.8217979336266071,-1.1657341758564144e-14,0,508.3490888209676,b4073
b4070,2,50,0.8217979336265955,0.8217979336266071,-1.1657341758564144e-14,0,508.3490888209676,b4070
b4071,2,50,0.8217979336265955,0.8217979336266071,-1.1657341758564144e-14,0,508.3490888209676,b4071
b3679,1,50,0.8217979336265955,0.8217979336266071,-1.1657341758564144e-14,0,508.3490888209676,b3679
b0110,4,50,0.8217979336265955,0.8217979336266071,-1.1657341758564144e-14,0,508.3490888209676,b0110
b1463,1,50,0.8217979336265955,0.8217979336266071,-1.1657341758564144e-14,0,508.3490888209676,b1463
b4219,1,50,0.8217979336265955,0.8217979336266071,-1.1657341758564144e-14,0,508.3490888209676,b4219
b1832,1,50,0.8217979336265955,0.8217979336266071,-1.1657341758564144e-14,0,508.3490888209676,b1832
b1778,1,50,0.8217979336265955,0.8217979336266071,-1.1657341758564144e-14,0,508.3490888209676,b1778
b2871,1,50,0.8217979336265955,0.8217979336266071,-1.1657341758564144e-14,0,508.3490888209676,b2871
b0932,2,50,0.8217979336265955,0.8217979336266071,-1.1657341758564144e-14,0,508.3490888209676,b0932
b4260,2,50,0.8217979336265955,0.8217979336266071,-1.1657341758564144e-14,0,508.3490888209676,b4260
b2523,2,50,0.8217979336265955,0.8217979336266071,-1.1657341758564144e-14,0,508.3490888209676,b2523
b0237,3,50,0.8217979336265955,0.8217979336266071,-1.1657341758564144e-14,0,508.3490888209676,b0237
b2132,1,50,0.8217979336265955,0.8217979336266071,-1.1657341758564144e-14,0,508.3490888209676,b2132
b2239,5,50,0.8217979336265955,0.8217979336266071,-1.1657341758564144e-14,0,508.3490888209676,b2239
b2435,2,50,0.8217979336265955,0.8217979336266071,-1.1657341758564144e-14,0,508.3490888209676,b2435
b0867,2,50,0.8217979336265955,0.8217979336266071,-1.1657341758564144e-14,0,508.3490888209676,b0867
b2817,2,50,0.8217979336265955,0.8217979336266071,-1.1657341758564144e-14,0,508.3490888209676,b2817
b4169,2,50,0.8217979336265955,0.8217979336266071,-1.1657341758564144e-14,0,508.3490888209676,b4169
b3610,6,50,0.8217979336265955,0.8217979336266071,-1.1657341758564144e-14,0,508.3490888209676,b3610
b2676,4,50,0.8217979336265955,0.8217979336266071,-1.1657341758564144e-14,0,508.3490888209676,b2676
b1064,7,50,0.8217979336265955,0.8217979336266071,-1.1657341758564144e-14,0,508.3490888209676,b1064
b2675,4,50,0.8217979336265955,0.8217979336266071,-1.1657341758564144e-14,0,508.3490888209676,b2675
b0849,6,50,0.8217979336265955,0.8217979336266071,-1.1657341758564144e-14,0,508.3490888209676,b0849
b1654,6,50,0.8217979336265955,0.8217979336266071,-1.1657341758564144e-14,0,508.3490888209676,b1654
b3336,1,50,0.8217979336265955,0.8217979336266071,-1.1657341758564144e-14,0,508.3490888209676,b3336
b0123,2,50,0.8217979336265955,0.8217979336266071,-1.1657341758564144e-14,0,508.3490888209676,b0123
b1192,4,50,0.8217979336265955,0.8217979336266071,-1.1657341758564144e-14,0,508.3490888209676,b1192
b1270,2,50,0.8217979336265955,0.8217979336266071,-1.1657341758564144e-14,0,508.3490888209676,b1270
b1246,2,50,0.8217979336265955,0.8217979336266071,-1.1657341758564144e-14,0,508.3490888209676,b1246
b1247,2,50,0.8217979336265955,0.8217979336266071,-1.1657341758564144e-14,0,508.3490888209676,b1247
b1244,2,50,0.8217979336265955,0.8217979336266071,-1.1657341758564144e-14,0,508.3490888209676,b1244
b1245,2,50,0.8217979336265955,0.8217979336266071,-1.1657341758564144e-14,0,508.3490888209676,b1245
b1243,2,50,0.8217979336265955,0.8217979336266071,-1.1657341758564144e-14,0,508.3490888209676,b1243
b2180,2,50,0.8217979336265955,0.8217979336266071,-1.1657341758564144e-14,0,508.3490888209676,b2180
b2179,2,50,0.8217979336265955,0.8217979336266071,-1.1657341758564144e-14,0,508.3490888209676,b2179
b1329,1,50,0.8217979336265955,0.8217979336266071,-1.1657341758564144e-14,0,508.3490888209676,b1329
b2177,2,50,0.8217979336265955,0.8217979336266071,-1.1657341758564144e-14,0,508.3490888209676,b2177
b2178,2,50,0.8217979336265955,0.8217979336266071,-1.1657341758564144e-14,0,508.3490888209676,b2178
b0433,3,50,0.8217979336265955,0.8217979336266071,-1.1657341758564144e-14,0,508.3490888209676,b0433
b4367,3,50,0.8217979336265955,0.8217979336266071,-1.1657341758564144e-14,0,508.3490888209676,b4367
b0573,2,50,0.8217979336265955,0.8217979336266071,-1.1657341758564144e-14,0,508.3490888209676,b0573
b0572,2,50,0.8217979336265955,0.8217979336266071,-1.1657341758564144e-14,0,508.3490888209676,b0572
b0575,2,50,0.8217979336265955,0.8217979336266071,-1.1657341758564144e-14,0,508.3490888209676,b0575
b0574,2,50,0.8217979336265955,0.8217979336266071,-1.1657341758564144e-14,0,508.3490888209676,b0574
b3915,7,50,0.8217979336265955,0.8217979336266071,-1.1657341758564144e-14,0,508.3490888209676,b3915
b0752,5,50,0.8217979336265955,0.8217979336266071,-1.1657341758564144e-14,0,508.3490888209676,b0752
b1859,1,50,0.8217979336265955,0.8217979336266071,-1.1657341758564144e-14,0,508.3490888209676,b1859
b1858,1,50,0.8217979336265955,0.8217979336266071,-1.1657341758564144e-14,0,508.3490888209676,b1858
b1857,1,50,0.8217979336265955,0.8217979336266071,-1.1657341758564144e-14,0,508.3490888209676,b1857
b1981,1,50,0.8217979336265955,0.8217979336266071,-1.1657341758564144e-14,0,508.3490888209676,b1981
b2392,2,50,0.8217979336265955,0.8217979336266071,-1.1657341758564144e-14,0,508.3490888209676,b2392
b0452,10,463,0.8217979336265955,0.8075924361369515,0.014205497489643948,0,511.4029740543948,b0452
b1927,1,50,0.8217979336265955,0.821797933626619,-2.353672812205332e-14,0,508.349088820969,b1927
b3571,1,50,0.8217979336265955,0.8217979336266125,-1.6986412276764895e-14,0,508.3490888209684,b3571
b3650,3,50,0.8217979336265955,0.8217979336266125,-1.6986412276764895e-14,0,508.3490888209684,b3650
b2344,7,50,0.8217979336265955,0.8217979336266125,-1.6986412276764895e-14,0,508.3490888209684,b2344
b4213,8,50,0.8217979336265955,0.8217979336266125,-1.6986412276764895e-14,0,508.3490888209684,b4213
b1059,2,50,0.8217979336265955,0.8217979336266125,-1.6986412276764895e-14,0,508.3490888209684,b1059
b1727,4,50,0.8217979336265955,0.8217979336266125,-1.6986412276764895e-14,0,508.3490888209684,b1727
b3580,2,50,0.8217979336265955,0.8217979336266125,-1.6986412276764895e-14,0,508.3490888209684,b3580
b2051,1,50,0.8217979336265955,0.8217979336266125,-1.6986412276764895e-14,0,508.3490888209684,b2051
b4265,3,50,0.8217979336265955,0.8217979336266125,-1.6986412276764895e-14,0,508.3490888209684,b4265
b3266,1,50,0.8217979336265955,0.8217979336266125,-1.6986412276764895e-14,0,508.3490888209684,b3266
b3265,1,50,0.8217979336265955,0.8217979336266125,-1.6986412276764895e-14,0,508.3490888209684,b3265
b3907,2,50,0.8217979336265955,0.8217979336266125,-1.6986412276764895e-14,0,508.3490888209684,b3907
b3477,1,50,0.8217979336265955,0.8217979336266125,-1.6986412276764895e-14,0,508.3490888209684,b3477
b3476,1,50,0.8217979336265955,0.8217979336266125,-1.6986412276764895e-14,0,508.3490888209684,b3476
b3480,1,50,0.8217979336265955,0.8217979336266125,-1.6986412276764895e-14,0,508.3490888209684,b3480
b3478,1,50,0.8217979336265955,0.8217979336266125,-1.6986412276764895e-14,0,508.3490888209684,b3478
b3479,1,50,0.8217979336265955,0.8217979336266125,-1.6986412276764895e-14,0,508.3490888209684,b3479
b4242,2,50,0.8217979336265955,0.8217979336266125,-1.6986412276764895e-14,0,508.3490888209684,b4242
b4094,1,50,0.8217979336265955,0.8217979336266125,-1.6986412276764895e-14,0,508.3490888209684,b4094
b0698,1,50,0.8217979336265955,0.8217979336266125,-1.6986412276764895e-14,0,508.3490888209684,b0698
b0696,1,50,0.8217979336265955,0.8217979336266125,-1.6986412276764895e-14,0,508.3490888209684,b0696
b0697,1,50,0.8217979336265955,0.8217979336266125,-1.6986412276764895e-14,0,508.3490888209684,b0697
b4513,1,50,0.8217979336265955,0.8217979336266125,-1.6986412276764895e-14,0,508.3490888209684,b4513
b3458,1,50,0.8217979336265955,0.8217979336266125,-1.6986412276764895e-14,0,508.3490888209684,b3458
b2975,3,50,0.8217979336265955,0.8217979336266125,-1.6986412276764895e-14,0,508.3490888209684,b2975
b3603,3,50,0.8217979336265955,0.8217979336266125,-1.6986412276764895e-14,0,508.3490888209684,b3603
b4034,6,50,0.8217979336265955,0.8217979336266125,-1.6986412276764895e-14,0,508.3490888209684,b4034
b4035,6,50,0.8217979336265955,0.8217979336266125,-1.6986412276764895e-14,0,508.3490888209684,b4035
b4032,6,50,0.8217979336265955,0.8217979336266125,-1.6986412276764895e-14,0,508.3490888209684,b4032
b4033,6,50,0.8217979336265955,0.8217979336266125,-1.6986412276764895e-14,0,508.3490888209684,b4033
b3666,4,50,0.8217979336265955,0.8217979336266125,-1.6986412276764895e-14,0,508.3490888209684,b3666
b0731,1,50,0.8217979336265955,0.8217979336266125,-1.6986412276764895e-14,0,508.3490888209684,b0731
b4120,1,50,0.8217979336265955,0.8217979336266125,-1.6986412276764895e-14,0,508.3490888209684,b4120
b0343,2,50,0.8217979336265955,0.8217979336266125,-1.6986412276764895e-14,0,508.3490888209684,b0343
b0197,2,50,0.8217979336265955,0.8217979336266125,-1.6986412276764895e-14,0,508.3490888209684,b0197
b0199,2,50,0.8217979336265955,0.8217979336266125,-1.6986412276764895e-14,0,508.3490888209684,b0199
b0198,2,50,0.8217979336265955,0.8217979336266125,-1.6986412276764895e-14,0,508.3490888209684,b0198
b1297,1,50,0.8217979336265955,0.8217979336266125,-1.6986412276764895e-14,0,508.3490888209684,b1297
b2933,1,50,0.8217979336265955,0.8217979336266125,-1.6986412276764895e-14,0,508.3490888209684,b2933
b2934,1,50,0.8217979336265955,0.8217979336266125,-1.6986412276764895e-14,0,508.3490888209684,b2934
b3599,1,50,0.8217979336265955,0.8217979336266125,-1.6986412276764895e-14,0,508.3490888209684,b3599
b1186,1,50,0.8217979336265955,0.8217979336266125,-1.6986412276764895e-14,0,508.3490888209684,b1186
b0019,1,50,0.8217979336265955,0.8217979336266125,-1.6986412276764895e-14,0,508.3490888209684,b0019
b0451,1,433,0.8217979336265955,4.5560902840190423e-14,0.82179793362655,1,15624.395931633824,b0451
b0751,1,50,0.8217979336265955,0.8217979336265985,-2.9976021664879227e-15,0,508.34908882096624,b0751
b1223,2,50,0.8217979336265955,0.8217979336266125,-1.6986412276764895e-14,0,508.3490888209684,b1223
b3367,1,50,0.8217979336265955,0.8217979336266125,-1.6986412276764895e-14,0,508.3490888209684,b3367
b1469,1,50,0.8217979336265955,0.8217979336266125,-1.6986412276764895e-14,0,508.3490888209684,b1469
b3728,1,50,0.8217979336265955,0.8217979336266125,-1.6986412276764895e-14,0,508.3490888209684,b3728
b3727,1,50,0.8217979336265955,0.8217979336266125,-1.6986412276764895e-14,0,508.3490888209684,b3727
b3726,1,50,0.8217979336265955,0.8217979336266125,-1.6986412276764895e-14,0,508.3490888209684,b3726
b3725,1,50,0.8217979336265955,0.8217979336266125,-1.6986412276764895e-14,0,508.3490888209684,b3725
b3258,1,50,0.8217979336265955,0.8217979336266125,-1.6986412276764895e-14,0,508.3490888209684,b3258
b3371,1,50,0.8217979336265955,0.8217979336266125,-1.6986412276764895e-14,0,508.3490888209684,b3371
b2677,5,50,0.8217979336265955,0.8217979336266125,-1.6986412276764895e-14,0,508.3490888209684,b2677
b2678,5,50,0.8217979336265955,0.8217979336266125,-1.6986412276764895e-14,0,508.3490888209684,b2678
b2679,5,50,0.8217979336265955,0.8217979336266125,-1.6986412276764895e-14,0,508.3490888209684,b2679
b0402,1,50,0.8217979336265955,0.8217979336266125,-1.6986412276764895e-14,0,508.3490888209684,b0402
b1015,2,50,0.8217979336265955,0.8217979336266125,-1.6986412276764895e-14,0,508.3490888209684,b1015
b0854,1,50,0.8217979336265955,0.8217979336266125,-1.6986412276764895e-14,0,508.3490888209684,b0854
b0855,1,50,0.8217979336265955,0.8217979336266125,-1.6986412276764895e-14,0,508.3490888209684,b0855
b0856,1,50,0.8217979336265955,0.8217979336266125,-1.6986412276764895e-14,0,508.3490888209684,b0856
b0857,1,50,0.8217979336265955,0.8217979336266125,-1.6986412276764895e-14,0,508.3490888209684,b0857
b1440,2,50,0.8217979336265955,0.8217979336266125,-1.6986412276764895e-14,0,508.3490888209684,b1440
b1441,2,50,0.8217979336265955,0.8217979336266125,-1.6986412276764895e-14,0,508.3490888209684,b1441
b1442,2,50,0.8217979336265955,0.8217979336266125,-1.6986412276764895e-14,0,508.3490888209684,b1442
b1443,2,50,0.8217979336265955,0.8217979336266125,-1.6986412276764895e-14,0,508.3490888209684,b1443
b1126,2,50,0.8217979336265955,0.8217979336266125,-1.6986412276764895e-14,0,508.3490888209684,b1126
b1125,2,50,0.8217979336265955,0.8217979336266125,-1.6986412276764895e-14,0,508.3490888209684,b1125
b1124,2,50,0.8217979336265955,0.8217979336266125,-1.6986412276764895e-14,0,508.3490888209684,b1124
b1123,2,50,0.8217979336265955,0.8217979336266125,-1.6986412276764895e-14,0,508.3490888209684,b1123
b2957,2,50,0.8217979336265955,0.8217979336266125,-1.6986412276764895e-14,0,508.3490888209684,b2957
b0150,3,50,0.8217979336265955,0.8217979336266125,-1.6986412276764895e-14,0,508.3490888209684,b0150
b1865,2,433,0.8217979336265955,-1.720398608361766e-15,0.8217979336265971,1,15624.395931635701,b1865
b2954,3,50,0.8217979336265955,0.8217979336265991,-3.6637359812630166e-15,0,508.3490888209665,b2954
b1002,2,50,0.8217979336265955,0.8217979336266125,-1.6986412276764895e-14,0,508.3490888209684,b1002
b2938,1,50,0.8217979336265955,0.8217979336266125,-1.6986412276764895e-14,0,508.3490888209684,b2938
b4090,2,460,0.8217979336265955,0.31479922846409564,0.5069987051624998,0,3659.4723266914666,b4090
b4084,1,50,0.8217979336265955,0.8217979336265868,8.659739592076221e-15,0,508.3490888209652,b4084
b4085,1,50,0.8217979336265955,0.8217979336265973,-1.7763568394002505e-15,0,508.34908882096613,b4085
b4230,2,50,0.8217979336265955,0.8217979336265973,-1.7763568394002505e-15,0,508.34908882096613,b4230
b4231,2,50,0.8217979336265955,0.8217979336265973,-1.7763568394002505e-15,0,508.34908882096613,b4231
b4485,2,50,0.8217979336265955,0.8217979336265973,-1.7763568394002505e-15,0,508.34908882096613,b4485
b4227,2,50,0.8217979336265955,0.8217979336265973,-1.7763568394002505e-15,0,508.34908882096613,b4227
b3750,1,50,0.8217979336265955,0.8217979336265973,-1.7763568394002505e-15,0,508.34908882096613,b3750
b3751,1,50,0.8217979336265955,0.8217979336265973,-1.7763568394002505e-15,0,508.34908882096613,b3751
b3749,1,50,0.8217979336265955,0.8217979336265973,-1.7763568394002505e-15,0,508.34908882096613,b3749
b3748,1,50,0.8217979336265955,0.8217979336265973,-1.7763568394002505e-15,0,508.34908882096613,b3748
b0260,1,50,0.8217979336265955,0.8217979336265973,-1.7763568394002505e-15,0,508.34908882096613,b0260
b0810,1,50,0.8217979336265955,0.8217979336265973,-1.7763568394002505e-15,0,508.34908882096613,b0810
b0811,1,50,0.8217979336265955,0.8217979336265973,-1.7763568394002505e-15,0,508.34908882096613,b0811
b0809,1,50,0.8217979336265955,0.8217979336265973,-1.7763568394002505e-15,0,508.34908882096613,b0809
b1492,1,50,0.8217979336265955,0.8217979336265973,-1.7763568394002505e-15,0,508.34908882096613,b1492
b3653,1,50,0.8217979336265955,0.8217979336265973,-1.7763568394002505e-15,0,508.34908882096613,b3653
b3927,4,50,0.8217979336265955,0.8217979336265973,-1.7763568394002505e-15,0,508.34908882096613,b3927
b3959,1,433,0.8217979336265955,-2.979859213826749e-16,0.8217979336265958,1,15624.395931634594,b3959
b1528,3,50,0.8217979336265955,0.8217979336265966,-1.1102230246251565e-15,0,508.3490888209658,b1528
b2170,1,50,0.8217979336265955,0.8217979336265973,-1.7763568394002505e-15,0,508.34908882096613,b2170
b0070,1,50,0.8217979336265955,0.8217979336265973,-1.7763568394002505e-15,0,508.34908882096613,b0070
b2303,1,50,0.8217979336265955,0.8217979336265973,-1.7763568394002505e-15,0,508.34908882096613,b2303
b3028,3,50,0.8217979336265955,0.8217979336265973,-1.7763568394002505e-15,0,508.34908882096613,b3028
b3432,1,50,0.8217979336265955,0.8217979336265973,-1.7763568394002505e-15,0,508.34908882096613,b3432
b3503,1,50,0.8217979336265955,0.8217979336265973,-1.7763568394002505e-15,0,508.34908882096613,b3503
b4321,2,50,0.8217979336265955,0.8217979336265973,-1.7763568394002505e-15,0,508.34908882096613,b4321
b3792,1,50,0.8217979336265955,0.8217979336265973,-1.7763568394002505e-15,0,508.34908882096613,b3792
b2033,1,50,0.8217979336265955,0.8217979336265973,-1.7763568394002505e-15,0,508.34908882096613,b2033
b2034,1,50,0.8217979336265955,0.8217979336265973,-1.7763568394002505e-15,0,508.34908882096613,b2034
b2037,1,50,0.8217979336265955,0.8217979336265973,-1.7763568394002505e-15,0,508.34908882096613,b2037
b2175,6,50,0.8217979336265955,0.8217979336265973,-1.7763568394002505e-15,0,508.34908882096613,b2175
b0356,1,50,0.8217979336265955,0.8217979336265973,-1.7763568394002505e-15,0,508.34908882096613,b0356
b2240,1,50,0.8217979336265955,0.8217979336265973,-1.7763568394002505e-15,0,508.34908882096613,b2240
b0875,1,445,0.8217979336265955,0.3380120850561808,0.4837858485704147,0,25621.799812298923,b0875
b0353,2,79,0.8217979336265955,0.8217979336265816,1.3877787807814457e-14,0,510.25714790207024,b0353
b2309,1,79,0.8217979336265955,0.8217979336266116,-1.609823385706477e-14,0,510.25714790207377,b2309
b0325,2,79,0.8217979336265955,0.8217979336266116,-1.609823385706477e-14,0,510.25714790207377,b0325
b2092,1,79,0.8217979336265955,0.8217979336266116,-1.609823385706477e-14,0,510.25714790207377,b2092
b2093,1,79,0.8217979336265955,0.8217979336266116,-1.609823385706477e-14,0,510.25714790207377,b2093
b2094,1,79,0.8217979336265955,0.8217979336266116,-1.609823385706477e-14,0,510.25714790207377,b2094
b3093,2,79,0.8217979336265955,0.8217979336266116,-1.609823385706477e-14,0,510.25714790207377,b3093
b4476,1,79,0.8217979336265955,0.8217979336266116,-1.609823385706477e-14,0,510.25714790207377,b4476
b3415,1,79,0.8217979336265955,0.8217979336266116,-1.609823385706477e-14,0,510.25714790207377,b3415
b1621,2,419,0.8217979336265955,0.8018784568565289,0.019919476770066558,0,1174.878312839327,b1621
b2021,1,437,0.8217979336265955,1.0385070258449071e-16,0.8217979336265954,1,15836.673335664731,b2021
b0166,1,437,0.8217979336265955,0.0,0.8217979336265955,1,15836.673335664385,b0166
b1519,1,79,0.8217979336265955,0.8217979336265966,-1.1102230246251565e-15,0,510.2571479020715,b1519
b4268,1,79,0.8217979336265955,0.821797933626606,-1.0547118733938987e-14,0,510.25714790207275,b4268
b3437,1,79,0.8217979336265955,0.821797933626606,-1.0547118733938987e-14,0,510.25714790207275,b3437
b3805,1,433,0.8217979336265955,1.7478820169409672e-16,0.8217979336265953,1,15624.395931635403,b3805
b3904,1,30,0.8217979336265955,0.8217979336265957,-2.220446049250313e-16,0,510.255235649281,b3904
b2486,1,30,0.8217979336265955,0.821797933626597,-1.5543122344752192e-15,0,510.25523564928193,b2486
b2490,1,30,0.8217979336265955,0.821797933626597,-1.5543122344752192e-15,0,510.25523564928193,b2490
b2724,2,30,0.8217979336265955,0.821797933626597,-1.5543122344752192e-15,0,510.25523564928193,b2724
b2719,2,30,0.8217979336265955,0.821797933626597,-1.5543122344752192e-15,0,510.25523564928193,b2719
b2720,2,30,0.8217979336265955,0.821797933626597,-1.5543122344752192e-15,0,510.25523564928193,b2720
b2721,2,30,0.8217979336265955,0.821797933626597,-1.5543122344752192e-15,0,510.25523564928193,b2721
b2722,2,30,0.8217979336265955,0.821797933626597,-1.5543122344752192e-15,0,510.25523564928193,b2722
b2723,2,30,0.8217979336265955,0.821797933626597,-1.5543122344752192e-15,0,510.25523564928193,b2723
b2485,1,30,0.8217979336265955,0.821797933626597,-1.5543122344752192e-15,0,510.25523564928193,b2485
b2484,1,30,0.8217979336265955,0.821797933626597,-1.5543122344752192e-15,0,510.25523564928193,b2484
b2487,1,30,0.8217979336265955,0.821797933626597,-1.5543122344752192e-15,0,510.25523564928193,b2487
b4079,1,30,0.8217979336265955,0.821797933626597,-1.5543122344752192e-15,0,510.25523564928193,b4079
b2481,1,30,0.8217979336265955,0.821797933626597,-1.5543122344752192e-15,0,510.25523564928193,b2481
b2483,1,30,0.8217979336265955,0.821797933626597,-1.5543122344752192e-15,0,510.25523564928193,b2483
b2482,1,30,0.8217979336265955,0.821797933626597,-1.5543122344752192e-15,0,510.25523564928193,b2482
b2489,1,30,0.8217979336265955,0.821797933626597,-1.5543122344752192e-15,0,510.25523564928193,b2489
b2488,1,30,0.8217979336265955,0.821797933626597,-1.5543122344752192e-15,0,510.25523564928193,b2488
b2747,1,433,0.8217979336265955,2.463298836998663e-11,0.8217979336019625,1,15624.39593073172,b2747
b3213,2,433,0.8217979336265955,7.92144287993176e-15,0.8217979336265876,1,15624.395931634783,b3213
b1761,1,418,0.8217979336265955,0.7694540900785866,0.05234384354800892,0,669.5816764318884,b1761
b3212,2,433,0.8217979336265955,1.373094289664871e-15,0.8217979336265941,1,15624.395931634896,b3212
b0186,1,30,0.8217979336265955,0.8217979336266106,-1.509903313490213e-14,0,510.25523564928363,b0186
b4131,1,30,0.8217979336265955,0.8217979336265857,9.769962616701378e-15,0,510.25523564927994,b4131
b1189,1,30,0.8217979336265955,0.8217979336265857,9.769962616701378e-15,0,510.25523564927994,b1189
b2888,2,30,0.8217979336265955,0.8217979336265857,9.769962616701378e-15,0,510.25523564927994,b2888
b2882,1,30,0.8217979336265955,0.8217979336265857,9.769962616701378e-15,0,510.25523564927994,b2882
b3451,7,30,0.8217979336265955,0.8217979336265857,9.769962616701378e-15,0,510.25523564927994,b3451
b3450,7,30,0.8217979336265955,0.8217979336265857,9.769962616701378e-15,0,510.25523564927994,b3450
b3453,7,30,0.8217979336265955,0.8217979336265857,9.769962616701378e-15,0,510.25523564927994,b3453
b3452,7,30,0.8217979336265955,0.8217979336265857,9.769962616701378e-15,0,510.25523564927994,b3452
b2536,1,30,0.8217979336265955,0.8217979336265857,9.769962616701378e-15,0,510.25523564927994,b2536
b0212,1,30,0.8217979336265955,0.8217979336265857,9.769962616701378e-15,0,510.25523564927994,b0212
b3779,1,30,0.8217979336265955,0.8217979336265857,9.769962616701378e-15,0,510.25523564927994,b3779
b2868,2,30,0.8217979336265955,0.8217979336265857,9.769962616701378e-15,0,510.25523564927994,b2868
b2867,2,30,0.8217979336265955,0.8217979336265857,9.769962616701378e-15,0,510.25523564927994,b2867
b2866,2,30,0.8217979336265955,0.8217979336265857,9.769962616701378e-15,0,510.25523564927994,b2866
b4311,1,30,0.8217979336265955,0.8217979336265857,9.769962616701378e-15,0,510.25523564927994,b4311
b1991,1,30,0.8217979336265955,0.8217979336265857,9.769962616701378e-15,0,510.25523564927994,b1991
b3502,1,30,0.8217979336265955,0.8217979336265857,9.769962616701378e-15,0,510.25523564927994,b3502
b1444,1,30,0.8217979336265955,0.8217979336265857,9.769962616701378e-15,0,510.25523564927994,b1444
b2927,1,162,0.8217979336265955,0.8217946482239027,3.2854026927875424e-06,0,510.24064364129265,b2927
b2025,1,433,0.8217979336265955,4.163600745419477e-16,0.821797933626595,1,15624.395931633786,b2025
b2023,1,433,0.8217979336265955,0.0,0.8217979336265955,1,15624.395931634797,b2023
b3640,1,47,0.8217979336265955,0.8217979336265926,2.886579864025407e-15,0,510.29147967877964,b3640
b0425,1,433,0.8217979336265955,-6.319135994458188e-17,0.8217979336265956,1,15624.395931634803,b0425
b3772,1,433,0.8217979336265955,0.0,0.8217979336265955,1,15624.395931634774,b3772
b0931,1,47,0.8217979336265955,0.8217979336265865,8.992806499463768e-15,0,510.2914796787785,b0931
b1764,1,47,0.8217979336265955,0.8217979336265837,1.176836406102666e-14,0,510.2914796787783,b1764
b2150,2,47,0.8217979336265955,0.8217979336265837,1.176836406102666e-14,0,510.2914796787783,b2150
b2148,2,47,0.8217979336265955,0.8217979336265837,1.176836406102666e-14,0,510.2914796787783,b2148
b2149,2,47,0.8217979336265955,0.8217979336265837,1.176836406102666e-14,0,510.2914796787783,b2149
b1640,1,47,0.8217979336265955,0.8217979336265837,1.176836406102666e-14,0,510.2914796787783,b1640
b1606,2,433,0.8217979336265955,-1.1693910995553523e-15,0.8217979336265967,1,15624.395931634024,b1606
b0048,1,433,0.8217979336265955,0.0,0.8217979336265955,1,15624.395931634868,b0048
b3390,1,433,0.8217979336265955,1.9301662913596602e-14,0.8217979336265762,1,15624.395931634172,b3390
b0388,1,433,0.8217979336265955,1.930166291359659e-14,0.8217979336265762,1,15624.3959316341,b0388
b1745,1,47,0.8217979336265955,0.8217979336266034,-7.882583474838611e-15,0,510.2914796787812,b1745
b0115,1,426,0.8217979336265955,0.7886610022743589,0.03313693135223661,0,1690.5399431886517,b0115
b0114,1,426,0.8217979336265955,0.7886610022743643,0.03313693135223117,0,1690.5399431886544,b0114
b3128,1,96,0.8217979336265955,0.8217979336266018,-6.328271240363392e-15,0,510.29339193157125,b3128
b2255,2,96,0.8217979336265955,0.8217979336266013,-5.773159728050814e-15,0,510.29339193157125,b2255
b0774,1,433,0.8217979336265955,-6.151926050956125e-16,0.8217979336265961,1,15624.395931634032,b0774
b1605,1,47,0.8217979336265955,0.8217979336265846,1.0880185641326534e-14,0,510.2914796787782,b1605
b2818,1,433,0.8217979336265955,-4.2909530922051108e-16,0.8217979336265959,1,15624.395931634937,b2818
b1489,3,47,0.8217979336265955,0.8217979336265879,7.549516567451064e-15,0,510.2914796787789,b1489
b3032,1,47,0.8217979336265955,0.8217979336265978,-2.3314683517128287e-15,0,510.2914796787804,b3032
b0334,1,47,0.8217979336265955,0.8217979336265978,-2.3314683517128287e-15,0,510.2914796787804,b0334
b0092,1,433,0.8217979336265955,-4.2909530922051108e-16,0.8217979336265959,1,15624.395931634937,b0092
b0381,1,433,0.8217979336265955,0.0,0.8217979336265955,1,15624.395931634892,b0381
b2715,2,47,0.8217979336265955,0.8217979336266026,-7.105427357601002e-15,0,510.29147967878106,b2715
b1738,2,47,0.8217979336265955,0.8217979336265978,-2.3314683517128287e-15,0,510.2914796787804,b1738
b1736,2,47,0.8217979336265955,0.8217979336265978,-2.3314683517128287e-15,0,510.2914796787804,b1736
b1737,2,47,0.8217979336265955,0.8217979336265978,-2.3314683517128287e-15,0,510.2914796787804,b1737
b2224,1,461,0.8217979336265955,0.8075924361369414,0.014205497489654051,0,513.0826526576819,b2224
b0842,2,47,0.8217979336265955,0.8217979336265888,6.661338147750939e-15,0,510.29147967877924,b0842
b0047,1,47,0.8217979336265955,0.8217979336265622,3.3306690738754696e-14,0,510.29147967877486,b0047
b3350,1,47,0.8217979336265955,0.8217979336265622,3.3306690738754696e-14,0,510.29147967877486,b3350
b1216,3,47,0.8217979336265955,0.8217979336265622,3.3306690738754696e-14,0,510.29147967877486,b1216
b0728,1,433,0.8217979336265955,0.8093395832036818,0.012458350422913655,0,588.2267247900622,b0728
b0729,1,433,0.8217979336265955,0.8093395832037082,0.012458350422887232,0,588.2267247900693,b0729
b0650,1,96,0.8217979336265955,0.8217979336265914,4.107825191113079e-15,0,510.29339193156943,b0650
b0757,1,96,0.8217979336265955,0.8217979336265772,1.8318679906315083e-14,0,510.2933919315672,b0757
b0133,1,433,0.8217979336265955,4.283239931498881e-16,0.821797933626595,1,15624.395931633948,b0133
b2165,1,47,0.8217979336265955,0.8217979336265954,1.1102230246251565e-16,0,510.29147967878004,b2165
b3389,1,433,0.8217979336265955,1.88424151085442e-14,0.8217979336265766,1,15624.395931633948,b3389
b2366,1,47,0.8217979336265955,0.8217979336265999,-4.440892098500626e-15,0,510.2914796787807,b2366
b1723,1,47,0.8217979336265955,0.821797933626598,-2.55351295663786e-15,0,510.2914796787802,b1723
b3612,1,436,0.8217979336265955,0.6930735008688907,0.12872443275770473,0,1303.1708634465788,b3612
b0755,1,436,0.8217979336265955,0.693073500868879,0.1287244327577165,0,1303.1708634465558,b0755
b3919,1,431,0.8217979336265955,0.75078438652708,0.07101354709951546,0,1083.1319808278035,b3919
b2914,1,457,0.8217979336265955,0.3147992284640144,0.506998705162581,0,3351.5895552828383,b2914
b2320,1,175,0.8217979336265955,0.8217946482238961,3.2854026993378582e-06,0,224.2616778073498,b2320
b1107,3,45,0.8217979336265955,0.8217979336265927,2.7755575615628914e-15,0,224.26358528702227,b1107
b1539,4,45,0.8217979336265955,0.8217979336266048,-9.325873406851315e-15,0,224.26358528702278,b1539
b3823,1,45,0.8217979336265955,0.8217979336266048,-9.325873406851315e-15,0,224.26358528702278,b3823
b0813,2,45,0.8217979336265955,0.8217979336266048,-9.325873406851315e-15,0,224.26358528702278,b0813
b2919,1,45,0.8217979336265955,0.8217979336266048,-9.325873406851315e-15,0,224.26358528702278,b2919
b3870,1,431,0.8217979336265955,5.468939843256182e-14,0.8217979336265407,1,15251.477423817742,b3870
b2947,1,45,0.8217979336265955,0.8217979336265908,4.6629367034256575e-15,0,224.26358528702215,b2947
b2253,1,45,0.8217979336265955,0.8217979336266048,-9.325873406851315e-15,0,224.26358528702278,b2253
b2254,1,45,0.8217979336265955,0.8217979336266048,-9.325873406851315e-15,0,224.26358528702278,b2254
b2256,1,45,0.8217979336265955,0.8217979336266048,-9.325873406851315e-15,0,224.26358528702278,b2256
b2258,1,45,0.8217979336265955,0.8217979336266048,-9.325873406851315e-15,0,224.26358528702278,b2258
b4544,1,45,0.8217979336265955,0.8217979336266048,-9.325873406851315e-15,0,224.26358528702278,b4544
b3621,1,45,0.8217979336265955,0.8217979336266048,-9.325873406851315e-15,0,224.26358528702278,b3621
b3001,1,45,0.8217979336265955,0.8217979336266048,-9.325873406851315e-15,0,224.26358528702278,b3001
b1781,1,45,0.8217979336265955,0.8217979336266048,-9.325873406851315e-15,0,224.26358528702278,b1781
b3620,1,45,0.8217979336265955,0.8217979336266048,-9.325873406851315e-15,0,224.26358528702278,b3620
b3624,1,45,0.8217979336265955,0.8217979336266048,-9.325873406851315e-15,0,224.26358528702278,b3624
b3629,1,45,0.8217979336265955,0.8217979336266048,-9.325873406851315e-15,0,224.26358528702278,b3629
b3628,1,45,0.8217979336265955,0.8217979336266048,-9.325873406851315e-15,0,224.26358528702278,b3628
b3627,1,45,0.8217979336265955,0.8217979336266048,-9.325873406851315e-15,0,224.26358528702278,b3627
b3850,2,431,0.8217979336265955,-5.524181659854659e-16,0.821797933626596,1,15251.477423819711,b3850
b3630,1,45,0.8217979336265955,0.8217979336265889,6.5503158452884236e-15,0,224.2635852870221,b3630
b3632,1,45,0.8217979336265955,0.8217979336266048,-9.325873406851315e-15,0,224.26358528702278,b3632
b3625,1,45,0.8217979336265955,0.8217979336266048,-9.325873406851315e-15,0,224.26358528702278,b3625
b2810,1,45,0.8217979336265955,0.8217979336266048,-9.325873406851315e-15,0,224.26358528702278,b2810
b1680,5,45,0.8217979336265955,0.8217979336266048,-9.325873406851315e-15,0,224.26358528702278,b1680
b3867,1,45,0.8217979336265955,0.8217979336266048,-9.325873406851315e-15,0,224.26358528702278,b3867
b3824,1,45,0.8217979336265955,0.8217979336266048,-9.325873406851315e-15,0,224.26358528702278,b3824
b2133,1,45,0.8217979336265955,0.8217979336266048,-9.325873406851315e-15,0,224.26358528702278,b2133
b2260,1,45,0.8217979336265955,0.8217979336266048,-9.325873406851315e-15,0,224.26358528702278,b2260
b1919,1,45,0.8217979336265955,0.8217979336266048,-9.325873406851315e-15,0,224.26358528702278,b1919
b2578,2,45,0.8217979336265955,0.8217979336266048,-9.325873406851315e-15,0,224.26358528702278,b2578
b1533,3,45,0.8217979336265955,0.8217979336266048,-9.325873406851315e-15,0,224.26358528702278,b1533
b4394,3,45,0.8217979336265955,0.8217979336266048,-9.325873406851315e-15,0,224.26358528702278,b4394
b2499,1,431,0.8217979336265955,9.446350638351587e-14,0.821797933626501,1,15251.477423816234,b2499
b3825,35,45,0.8217979336265955,0.8217979336265832,1.2323475573339238e-14,0,224.2635852870218,b3825
b2835,21,45,0.8217979336265955,0.8217979336266048,-9.325873406851315e-15,0,224.26358528702278,b2835
b3029,2,45,0.8217979336265955,0.8217979336266048,-9.325873406851315e-15,0,224.26358528702278,b3029
b2889,1,42,0.8217979336265955,0.8217979336266048,-9.325873406851315e-15,0,224.26357625826893,b2889
b3821,42,42,0.8217979336265955,0.8217979336265997,-4.218847493575595e-15,0,224.26357625826876,b3821
b2146,1,42,0.8217979336265955,0.8217979336265997,-4.218847493575595e-15,0,224.26357625826876,b2146
b2147,1,42,0.8217979336265955,0.8217979336265997,-4.218847493575595e-15,0,224.26357625826876,b2147
b4478,1,42,0.8217979336265955,0.8217979336265997,-4.218847493575595e-15,0,224.26357625826876,b4478
b1380,1,42,0.8217979336265955,0.8217979336265997,-4.218847493575595e-15,0,224.26357625826876,b1380
b0693,1,42,0.8217979336265955,0.8217979336265997,-4.218847493575595e-15,0,224.26357625826876,b0693
b2965,1,42,0.8217979336265955,0.8217979336265997,-4.218847493575595e-15,0,224.26357625826876,b2965
b0954,13,42,0.8217979336265955,0.8217979336265997,-4.218847493575595e-15,0,224.26357625826876,b0954
b1288,26,431,0.8217979336265955,-2.4540640291988427e-16,0.8217979336265957,1,15251.477423819224,b1288
b0175,7,431,0.8217979336265955,0.0,0.8217979336265955,1,15251.477423819391,b0175
b3918,7,42,0.8217979336265955,0.821797933626593,2.4424906541753444e-15,0,224.2635762582685,b3918
b1912,7,42,0.8217979336265955,0.8217979336266085,-1.2989609388114332e-14,0,224.2635762582691,b1912
b2585,7,431,0.8217979336265955,3.215264791107071e-16,0.8217979336265951,1,15251.477423820163,b2585
b1093,14,431,0.8217979336265955,0.0,0.8217979336265955,1,15251.477423819493,b1093
b1661,4,42,0.8217979336265955,0.821797933626591,4.440892098500626e-15,0,224.26357625826847,b1661
b2497,1,42,0.8217979336265955,0.8217979336265896,5.88418203051333e-15,0,224.26357625826833,b2497
b1006,1,42,0.8217979336265955,0.8217979336265896,5.88418203051333e-15,0,224.26357625826833,b1006
b1488,1,42,0.8217979336265955,0.8217979336265896,5.88418203051333e-15,0,224.26357625826833,b1488
b3543,3,42,0.8217979336265955,0.8217979336265896,5.88418203051333e-15,0,224.26357625826833,b3543
b3542,3,42,0.8217979336265955,0.8217979336265896,5.88418203051333e-15,0,224.26357625826833,b3542
b3541,3,42,0.8217979336265955,0.8217979336265896,5.88418203051333e-15,0,224.26357625826833,b3541
b3540,3,42,0.8217979336265955,0.8217979336265896,5.88418203051333e-15,0,224.26357625826833,b3540
b3544,3,42,0.8217979336265955,0.8217979336265896,5.88418203051333e-15,0,224.26357625826833,b3544
b1484,1,42,0.8217979336265955,0.8217979336265896,5.88418203051333e-15,0,224.26357625826833,b1484
b1485,1,42,0.8217979336265955,0.8217979336265896,5.88418203051333e-15,0,224.26357625826833,b1485
b1486,1,42,0.8217979336265955,0.8217979336265896,5.88418203051333e-15,0,224.26357625826833,b1486
b1487,1,42,0.8217979336265955,0.8217979336265896,5.88418203051333e-15,0,224.26357625826833,b1487
b1483,1,42,0.8217979336265955,0.8217979336265896,5.88418203051333e-15,0,224.26357625826833,b1483
b0829,1,42,0.8217979336265955,0.8217979336265896,5.88418203051333e-15,0,224.26357625826833,b0829
b0832,1,42,0.8217979336265955,0.8217979336265896,5.88418203051333e-15,0,224.26357625826833,b0832
b0830,1,42,0.8217979336265955,0.8217979336265896,5.88418203051333e-15,0,224.26357625826833,b0830
b0831,1,42,0.8217979336265955,0.8217979336265896,5.88418203051333e-15,0,224.26357625826833,b0831
b0789,7,42,0.8217979336265955,0.8217979336265896,5.88418203051333e-15,0,224.26357625826833,b0789
b1249,7,42,0.8217979336265955,0.8217979336265896,5.88418203051333e-15,0,224.26357625826833,b1249
b1677,2,42,0.8217979336265955,0.8217979336265896,5.88418203051333e-15,0,224.26357625826833,b1677
b0657,2,42,0.8217979336265955,0.8217979336265896,5.88418203051333e-15,0,224.26357625826833,b0657
b0418,14,42,0.8217979336265955,0.8217979336265896,5.88418203051333e-15,0,224.26357625826833,b0418
b0508,1,42,0.8217979336265955,0.8217979336265896,5.88418203051333e-15,0,224.26357625826833,b0508
b0613,1,42,0.8217979336265955,0.8217979336265896,5.88418203051333e-15,0,224.26357625826833,b0613
b1301,1,42,0.8217979336265955,0.8217979336265896,5.88418203051333e-15,0,224.26357625826833,b1301
b0805,1,42,0.8217979336265955,0.8217979336265896,5.88418203051333e-15,0,224.26357625826833,b0805
b2155,1,42,0.8217979336265955,0.8217979336265896,5.88418203051333e-15,0,224.26357625826833,b2155
b0576,1,42,0.8217979336265955,0.8217979336265896,5.88418203051333e-15,0,224.26357625826833,b0576
b0594,1,42,0.8217979336265955,0.8217979336265896,5.88418203051333e-15,0,224.26357625826833,b0594
b3182,9,42,0.8217979336265955,0.8217979336265896,5.88418203051333e-15,0,224.26357625826833,b3182
b2010,5,42,0.8217979336265955,0.8217979336265896,5.88418203051333e-15,0,224.26357625826833,b2010
b0839,5,42,0.8217979336265955,0.8217979336265896,5.88418203051333e-15,0,224.26357625826833,b0839
b2430,5,42,0.8217979336265955,0.8217979336265896,5.88418203051333e-15,0,224.26357625826833,b2430
b0632,5,42,0.8217979336265955,0.8217979336265896,5.88418203051333e-15,0,224.26357625826833,b0632
b0376,9,42,0.8217979336265955,0.8217979336265896,5.88418203051333e-15,0,224.26357625826833,b0376
b3833,2,42,0.8217979336265955,0.8217979336265896,5.88418203051333e-15,0,224.26357625826833,b3833
b0514,1,42,0.8217979336265955,0.8217979336265896,5.88418203051333e-15,0,224.26357625826833,b0514
b2519,2,431,0.8217979336265955,0.0,0.8217979336265955,1,15251.477423819146,b2519
b3396,4,431,0.8217979336265955,0.0,0.8217979336265955,1,15251.477423819417,b3396
b1069,2,431,0.8217979336265955,0.0,0.8217979336265955,1,15251.477423819417,b1069
b0089,2,431,0.8217979336265955,0.0,0.8217979336265955,1,15251.477423819417,b0089
b3208,2,431,0.8217979336265955,0.0,0.8217979336265955,1,15251.477423819417,b3208
b0149,4,431,0.8217979336265955,0.0,0.8217979336265955,1,15251.477423819417,b0149
b0084,2,431,0.8217979336265955,0.0,0.8217979336265955,1,15251.477423819417,b0084
b0635,2,431,0.8217979336265955,0.0,0.8217979336265955,1,15251.477423819424,b0635
b0925,6,42,0.8217979336265955,0.8217979336265793,1.6209256159527285e-14,0,224.26357625826788,b0925
b1678,6,42,0.8217979336265955,0.8217979336265954,1.1102230246251565e-16,0,224.26357625826853,b1678
b0355,1,42,0.8217979336265955,0.8217979336265954,1.1102230246251565e-16,0,224.26357625826853,b0355
b2154,1,42,0.8217979336265955,0.8217979336265954,1.1102230246251565e-16,0,224.26357625826853,b2154
b2893,2,42,0.8217979336265955,0.8217979336265954,1.1102230246251565e-16,0,224.26357625826853,b2893
b0604,2,42,0.8217979336265955,0.8217979336265954,1.1102230246251565e-16,0,224.26357625826853,b0604
b3930,1,42,0.8217979336265955,0.8217979336265954,1.1102230246251565e-16,0,224.26357625826853,b3930
b3994,1,431,0.8217979336265955,6.761722776965044e-16,0.8217979336265948,1,15251.477423819199,b3994
b1710,2,42,0.8217979336265955,0.8217979336265867,8.770761894538737e-15,0,224.26357625826816,b1710
b2480,1,42,0.8217979336265955,0.8217979336265954,1.1102230246251565e-16,0,224.26357625826853,b2480
b0429,1,434,0.8217979336265955,0.6624613273932343,0.1593366062333612,0,3933.5930325298295,b0429
b0432,1,434,0.8217979336265955,0.6624613273932405,0.159336606233355,0,3933.5930325298405,b0432
b0430,1,434,0.8217979336265955,0.6624613273932405,0.159336606233355,0,3933.5930325298405,b0430
b0431,1,434,0.8217979336265955,0.6624613273932405,0.159336606233355,0,3933.5930325298405,b0431
b4041,7,45,0.8217979336265955,0.8217979336265807,1.4765966227514582e-14,0,224.2750379497984,b4041
b0180,14,431,0.8217979336265955,3.7248240172834327e-16,0.8217979336265951,1,15251.477423819264,b0180
b2413,1,339,0.8217979336265955,0.8205631200533176,0.0012348135732779264,0,224.43176357537786,b2413
b3018,7,431,0.8217979336265955,-6.849916493477842e-16,0.8217979336265961,1,15251.477423819983,b3018
b4042,7,45,0.8217979336265955,0.8217979336266004,-4.884981308350689e-15,0,224.27503794979927,b4042
b4160,7,431,0.8217979336265955,8.17094881870381e-16,0.8217979336265947,1,15251.47742382024,b4160
b0722,1,442,0.8217979336265955,0.7779614440438741,0.04383648958272135,0,3043.0376486481427,b0722
b0723,1,442,0.8217979336265955,0.7779614440432484,0.04383648958334707,0,3043.037648643849,b0723
b0721,1,442,0.8217979336265955,0.7779614440432484,0.04383648958334707,0,3043.037648643849,b0721
b0724,1,442,0.8217979336265955,0.7779614440432484,0.04383648958334707,0,3043.037648643849,b0724
b0494,21,95,0.8217979336265955,0.8217979336266104,-1.4876988529977098e-14,0,224.0501133111715,b0494
b0118,3,431,0.8217979336265955,3.590382764816637e-15,0.8217979336265919,1,15251.477423819126,b0118
b1276,2,431,0.8217979336265955,0.0,0.8217979336265955,1,15251.477423819128,b1276
b3447,1,97,0.8217979336265955,0.8217979336266115,-1.5987211554602254e-14,0,224.27057808320308,b3447
b1990,5,97,0.8217979336265955,0.8217979336266068,-1.1324274851176597e-14,0,224.27057808320288,b1990
b0819,5,97,0.8217979336265955,0.8217979336266068,-1.1324274851176597e-14,0,224.27057808320288,b0819
b1113,5,97,0.8217979336265955,0.8217979336266068,-1.1324274851176597e-14,0,224.27057808320288,b1113
b1097,4,97,0.8217979336265955,0.8217979336266068,-1.1324274851176597e-14,0,224.27057808320288,b1097
b2813,4,97,0.8217979336265955,0.8217979336266068,-1.1324274851176597e-14,0,224.27057808320288,b2813
b2701,4,97,0.8217979336265955,0.8217979336266068,-1.1324274851176597e-14,0,224.27057808320288,b2701
b0211,4,97,0.8217979336265955,0.8217979336266068,-1.1324274851176597e-14,0,224.27057808320288,b0211
b4392,4,97,0.8217979336265955,0.8217979336266068,-1.1324274851176597e-14,0,224.27057808320288,b4392
b2558,4,97,0.8217979336265955,0.8217979336266068,-1.1324274851176597e-14,0,224.27057808320288,b2558
b1193,4,97,0.8217979336265955,0.8217979336266068,-1.1324274851176597e-14,0,224.27057808320288,b1193
b2963,4,97,0.8217979336265955,0.8217979336266068,-1.1324274851176597e-14,0,224.27057808320288,b2963
b3546,2,97,0.8217979336265955,0.8217979336266068,-1.1324274851176597e-14,0,224.27057808320288,b3546
b2328,6,97,0.8217979336265955,0.8217979336266068,-1.1324274851176597e-14,0,224.27057808320288,b2328
b2134,4,97,0.8217979336265955,0.8217979336266068,-1.1324274851176597e-14,0,224.27057808320288,b2134
b1655,4,97,0.8217979336265955,0.8217979336266068,-1.1324274851176597e-14,0,224.27057808320288,b1655
b1856,4,97,0.8217979336265955,0.8217979336266068,-1.1324274851176597e-14,0,224.27057808320288,b1856
b3860,2,97,0.8217979336265955,0.8217979336266068,-1.1324274851176597e-14,0,224.27057808320288,b3860
b1185,2,97,0.8217979336265955,0.8217979336266068,-1.1324274851176597e-14,0,224.27057808320288,b1185
b4136,3,97,0.8217979336265955,0.8217979336266068,-1.1324274851176597e-14,0,224.27057808320288,b4136
b0605,1,97,0.8217979336265955,0.8217979336266068,-1.1324274851176597e-14,0,224.27057808320288,b0605
b0606,1,97,0.8217979336265955,0.8217979336266068,-1.1324274851176597e-14,0,224.27057808320288,b0606
b0221,8,465,0.8217979336265955,0.8075924361369508,0.014205497489644725,0,247.74993427673456,b0221
b2283,3,438,0.8217979336265955,0.6289432194764939,0.19285471415010158,0,3829.0197400932134,b2283
b2282,3,438,0.8217979336265955,0.6289432194765289,0.1928547141500666,0,3829.019740093276,b2282
b2281,3,438,0.8217979336265955,0.6289432194765289,0.1928547141500666,0,3829.019740093276,b2281
b2288,3,438,0.8217979336265955,0.6289432194765289,0.1928547141500666,0,3829.019740093276,b2288
b2276,3,438,0.8217979336265955,0.6289432194765289,0.1928547141500666,0,3829.019740093276,b2276
b2277,3,438,0.8217979336265955,0.6289432194765289,0.1928547141500666,0,3829.019740093276,b2277
b2285,3,438,0.8217979336265955,0.6289432194765289,0.1928547141500666,0,3829.019740093276,b2285
b2284,3,438,0.8217979336265955,0.6289432194765289,0.1928547141500666,0,3829.019740093276,b2284
b2278,3,438,0.8217979336265955,0.6289432194765289,0.1928547141500666,0,3829.019740093276,b2278
b2279,3,438,0.8217979336265955,0.6289432194765289,0.1928547141500666,0,3829.019740093276,b2279
b2280,3,438,0.8217979336265955,0.6289432194765289,0.1928547141500666,0,3829.019740093276,b2280
b2287,3,438,0.8217979336265955,0.6289432194765289,0.1928547141500666,0,3829.019740093276,b2287
b2286,3,438,0.8217979336265955,0.6289432194765289,0.1928547141500666,0,3829.019740093276,b2286
b1801,3,46,0.8217979336265955,0.8217979336266158,-2.0317081350640365e-14,0,232.29409444552934,b1801
b4208,5,314,0.8217979336265955,0.8216614912094018,0.00013644241719368289,0,232.30009252864858,b4208
b0007,2,46,0.8217979336265955,0.8217979336265584,3.708144902248023e-14,0,232.29409444552473,b0007
b2923,2,46,0.8217979336265955,0.8217979336266313,-3.5860203695392556e-14,0,232.29409444553283,b2923
b0874,1,46,0.8217979336265955,0.8217979336266313,-3.5860203695392556e-14,0,232.29409444553283,b0874
b0037,3,46,0.8217979336265955,0.8217979336266313,-3.5860203695392556e-14,0,232.29409444553283,b0037
b1734,2,46,0.8217979336265955,0.8217979336266313,-3.5860203695392556e-14,0,232.29409444553283,b1734
b2467,1,46,0.8217979336265955,0.8217979336266313,-3.5860203695392556e-14,0,232.29409444553283,b2467
b0404,7,46,0.8217979336265955,0.8217979336266313,-3.5860203695392556e-14,0,232.29409444553283,b0404
b0314,1,46,0.8217979336265955,0.8217979336266313,-3.5860203695392556e-14,0,232.29409444553283,b0314
b4474,1,46,0.8217979336265955,0.8217979336266313,-3.5860203695392556e-14,0,232.29409444553283,b4474
b3370,2,46,0.8217979336265955,0.8217979336266313,-3.5860203695392556e-14,0,232.29409444553283,b3370
b3040,6,431,0.8217979336265955,1.8107478824636403e-15,0.8217979336265937,1,15358.467357633097,b3040
b3816,3,431,0.8217979336265955,0.0,0.8217979336265955,1,15358.46735763145,b3816
b2373,1,46,0.8217979336265955,0.8217979336265865,8.992806499463768e-15,0,232.29409444552803,b2373
b4233,2,46,0.8217979336265955,0.8217979336266195,-2.398081733190338e-14,0,232.2940944455318,b4233
b3196,1,431,0.8217979336265955,1.0745860645235985e-15,0.8217979336265944,1,15358.467357632726,b3196
b3691,1,46,0.8217979336265955,0.8217979336265965,-9.992007221626409e-16,0,232.29409444552905,b3691
b2843,1,46,0.8217979336265955,0.8217979336266195,-2.398081733190338e-14,0,232.2940944455318,b2843
b2156,1,46,0.8217979336265955,0.8217979336266195,-2.398081733190338e-14,0,232.2940944455318,b2156
b4130,3,46,0.8217979336265955,0.8217979336266195,-2.398081733190338e-14,0,232.2940944455318,b4130
b4356,1,46,0.8217979336265955,0.8217979336266195,-2.398081733190338e-14,0,232.2940944455318,b4356
b4358,1,46,0.8217979336265955,0.8217979336266195,-2.398081733190338e-14,0,232.2940944455318,b4358
b3431,1,46,0.8217979336265955,0.8217979336266195,-2.398081733190338e-14,0,232.2940944455318,b3431
b0155,1,205,0.8217979336265955,0.8217936734121997,4.260214395812589e-06,0,232.29454414606587,b0155
b1378,1,318,0.8217979336265955,0.8216199425904339,0.0001779910361615622,0,231.97158086335912,b1378
b0684,7,431,0.8217979336265955,2.4633243110584514e-11,0.8217979336019622,1,15358.467356725796,b0684
b2895,7,431,0.8217979336265955,2.4633672559122075e-11,0.8217979336019618,1,15358.467356727151,b2895
b0777,1,431,0.8217979336265955,0.0,0.8217979336265955,1,15358.467357631627,b0777
b3199,9,431,0.8217979336265955,0.0,0.8217979336265955,1,15358.467357631685,b3199
b0641,9,431,0.8217979336265955,0.0,0.8217979336265955,1,15358.467357631711,b0641
b3200,9,431,0.8217979336265955,0.0,0.8217979336265955,1,15358.467357631711,b3200
b3201,9,431,0.8217979336265955,0.0,0.8217979336265955,1,15358.467357631711,b3201
b0054,9,431,0.8217979336265955,0.0,0.8217979336265955,1,15358.467357631711,b0054
b4262,9,431,0.8217979336265955,0.0,0.8217979336265955,1,15358.467357631711,b4262
b4261,9,431,0.8217979336265955,0.0,0.8217979336265955,1,15358.467357631711,b4261
b1535,1,30,0.8217979336265955,0.8217979336266018,-6.328271240363392e-15,0,232.1476516290753,b1535
b1490,1,30,0.8217979336265955,0.8217979336266003,-4.773959005888173e-15,0,232.14765162907497,b1490
b1794,1,30,0.8217979336265955,0.8217979336266003,-4.773959005888173e-15,0,232.14765162907497,b1794
b1341,1,30,0.8217979336265955,0.8217979336266003,-4.773959005888173e-15,0,232.14765162907497,b1341
b1025,1,30,0.8217979336265955,0.8217979336266003,-4.773959005888173e-15,0,232.14765162907497,b1025
b1285,2,30,0.8217979336265955,0.8217979336266003,-4.773959005888173e-15,0,232.14765162907497,b1285
b3525,1,30,0.8217979336265955,0.8217979336266003,-4.773959005888173e-15,0,232.14765162907497,b3525
b0315,1,30,0.8217979336265955,0.8217979336266003,-4.773959005888173e-15,0,232.14765162907497,b0315
b2503,1,30,0.8217979336265955,0.8217979336266003,-4.773959005888173e-15,0,232.14765162907497,b2503
b0009,1,30,0.8217979336265955,0.8217979336266003,-4.773959005888173e-15,0,232.14765162907497,b0009
b0784,2,30,0.8217979336265955,0.8217979336266003,-4.773959005888173e-15,0,232.14765162907497,b0784
b2530,6,431,0.8217979336265955,-2.577056309781605e-16,0.8217979336265957,1,15358.467357631645,b2530
b2470,7,30,0.8217979336265955,0.8217979336265919,3.552713678800501e-15,0,232.14765162907412,b2470
b0463,7,30,0.8217979336265955,0.8217979336265656,2.986499936241671e-14,0,232.14765162907125,b0463
b0462,7,30,0.8217979336265955,0.8217979336265656,2.986499936241671e-14,0,232.14765162907125,b0462
b1394,2,30,0.8217979336265955,0.8217979336265656,2.986499936241671e-14,0,232.14765162907125,b1394
b1090,7,30,0.8217979336265955,0.8217979336265656,2.986499936241671e-14,0,232.14444049475966,b1090
b3059,7,30,0.8217979336265955,0.8217979336266188,-2.3314683517128287e-14,0,232.1444404947654,b3059
b2529,6,182,0.8217979336265955,0.8217943453854478,3.5882411476562126e-06,0,232.14480058491864,b2529
b1684,2,30,0.8217979336265955,0.8217979336266154,-1.9872992140790302e-14,0,232.1444404947651,b1684
b1682,6,30,0.8217979336265955,0.8217979336265989,-3.4416913763379853e-15,0,232.1444404947632,b1682
b1683,6,30,0.8217979336265955,0.8217979336265989,-3.4416913763379853e-15,0,232.1444404947632,b1683
b1681,6,30,0.8217979336265955,0.8217979336265989,-3.4416913763379853e-15,0,232.1444404947632,b1681
b0827,4,30,0.8217979336265955,0.8217979336265989,-3.4416913763379853e-15,0,232.1444404947632,b0827
b3857,5,30,0.8217979336265955,0.8217979336265989,-3.4416913763379853e-15,0,232.1444404947632,b3857
b3856,5,30,0.8217979336265955,0.8217979336265989,-3.4416913763379853e-15,0,232.1444404947632,b3856
b3058,2,431,0.8217979336265955,-1.826946903133146e-17,0.8217979336265955,1,15358.467357631394,b3058
b0709,2,30,0.8217979336265955,0.8217979336265938,1.6653345369377348e-15,0,232.1444404947627,b0709
b3496,2,30,0.8217979336265955,0.8217979336265989,-3.4416913763379853e-15,0,232.1444404947632,b3496
b1634,2,30,0.8217979336265955,0.8217979336265989,-3.4416913763379853e-15,0,232.1444404947632,b1634
b2528,2,182,0.8217979336265955,0.8217943453854267,3.58824116875045e-06,0,232.14480058491648,b2528
b1679,4,30,0.8217979336265955,0.8217979336265905,4.9960036108132044e-15,0,232.1444404947624,b1679
b0775,1,431,0.8217979336265955,-1.826946903133146e-17,0.8217979336265955,1,15358.467357631402,b0775
b1009,1,30,0.8217979336265955,0.8217979336265856,9.880984919163893e-15,0,232.14444049476194,b1009
b0444,1,30,0.8217979336265955,0.8217979336266056,-1.0103029524088925e-14,0,232.14444049476384,b0444
b2794,1,30,0.8217979336265955,0.8217979336266056,-1.0103029524088925e-14,0,232.14444049476384,b2794
b1008,1,30,0.8217979336265955,0.8217979336266056,-1.0103029524088925e-14,0,232.14444049476384,b1008
b2765,1,30,0.8217979336265955,0.8217979336266056,-1.0103029524088925e-14,0,232.14444049476384,b2765
b2263,1,30,0.8217979336265955,0.8217979336266056,-1.0103029524088925e-14,0,232.14444049476384,b2263
b1011,1,30,0.8217979336265955,0.8217979336266056,-1.0103029524088925e-14,0,232.14444049476384,b1011
b1010,1,30,0.8217979336265955,0.8217979336266056,-1.0103029524088925e-14,0,232.14444049476384,b1010
b0968,7,30,0.8217979336265955,0.8217979336266056,-1.0103029524088925e-14,0,232.14444049476384,b0968
b2264,1,30,0.8217979336265955,0.8217979336266056,-1.0103029524088925e-14,0,232.14444049476384,b2264
b2262,1,30,0.8217979336265955,0.8217979336266056,-1.0103029524088925e-14,0,232.14444049476384,b2262
b1686,1,30,0.8217979336265955,0.8217979336266056,-1.0103029524088925e-14,0,232.14444049476384,b1686
b3991,1,431,0.8217979336265955,7.284403669709476e-16,0.8217979336265947,1,15358.467357631847,b3991
b4407,1,431,0.8217979336265955,0.0,0.8217979336265955,1,15358.4673576317,b4407
b3990,1,431,0.8217979336265955,0.0,0.8217979336265955,1,15358.4673576317,b3990
b0423,1,431,0.8217979336265955,0.0,0.8217979336265955,1,15358.4673576317,b0423
b3992,1,431,0.8217979336265955,0.0,0.8217979336265955,1,15358.4673576317,b3992
b2877,1,30,0.8217979336265955,0.8217979336265858,9.658940314238862e-15,0,232.1444404947618,b2877
b2374,1,30,0.8217979336265955,0.8217979336266056,-1.0103029524088925e-14,0,232.14444049476384,b2374
b1389,1,30,0.8217979336265955,0.8217979336266056,-1.0103029524088925e-14,0,232.14444049476384,b1389
b1388,1,30,0.8217979336265955,0.8217979336266056,-1.0103029524088925e-14,0,232.14444049476384,b1388
b1390,1,30,0.8217979336265955,0.8217979336266056,-1.0103029524088925e-14,0,232.14444049476384,b1390
b1391,1,30,0.8217979336265955,0.8217979336266056,-1.0103029524088925e-14,0,232.14444049476384,b1391
b1392,1,30,0.8217979336265955,0.8217979336266056,-1.0103029524088925e-14,0,232.14444049476384,b1392
b1397,2,30,0.8217979336265955,0.8217979336266056,-1.0103029524088925e-14,0,232.14444049476384,b1397
b1395,1,30,0.8217979336265955,0.8217979336266056,-1.0103029524088925e-14,0,232.14444049476384,b1395
b1012,1,30,0.8217979336265955,0.8217979336266056,-1.0103029524088925e-14,0,232.14444049476384,b1012
b1007,1,30,0.8217979336265955,0.8217979336266056,-1.0103029524088925e-14,0,232.14444049476384,b1007
b0785,1,30,0.8217979336265955,0.8217979336266056,-1.0103029524088925e-14,0,232.14444049476384,b0785
b3893,2,30,0.8217979336265955,0.8217979336266056,-1.0103029524088925e-14,0,232.14444049476384,b3893
b3892,2,30,0.8217979336265955,0.8217979336266056,-1.0103029524088925e-14,0,232.14444049476384,b3892
b3894,2,30,0.8217979336265955,0.8217979336266056,-1.0103029524088925e-14,0,232.14444049476384,b3894
b1475,2,30,0.8217979336265955,0.8217979336266056,-1.0103029524088925e-14,0,232.14444049476384,b1475
b1474,2,30,0.8217979336265955,0.8217979336266056,-1.0103029524088925e-14,0,232.14444049476384,b1474
b1476,2,30,0.8217979336265955,0.8217979336266056,-1.0103029524088925e-14,0,232.14444049476384,b1476
b0776,1,431,0.8217979336265955,1.1607170298265628e-16,0.8217979336265954,1,15358.467357631816,b0776
b3412,1,431,0.8217979336265955,0.0,0.8217979336265955,1,15358.467357631564,b3412
b2515,1,431,0.8217979336265955,2.4633672559120004e-11,0.8217979336019618,1,15358.467356726811,b2515
b4238,4,309,0.8217979336265955,0.8216238516567815,0.00017408196981394397,0,231.96723725120657,b4238
b3924,5,309,0.8217979336265955,0.8216238516567959,0.0001740819697996221,0,231.96723725120785,b3924
b4237,4,309,0.8217979336265955,0.8216238516567959,0.0001740819697996221,0,231.96723725120785,b4237
b4209,1,30,0.8217979336265955,0.8217979336266078,-1.2323475573339238e-14,0,232.14444049476452,b4209
b1387,1,30,0.8217979336265955,0.8217979336266056,-1.0103029524088925e-14,0,232.14444049476384,b1387
b1393,1,30,0.8217979336265955,0.8217979336266056,-1.0103029524088925e-14,0,232.14444049476384,b1393
b2912,1,30,0.8217979336265955,0.8217979336266056,-1.0103029524088925e-14,0,232.14444049476384,b2912
b2174,1,30,0.8217979336265955,0.8217979336266056,-1.0103029524088925e-14,0,232.14444049476384,b2174
b0826,1,30,0.8217979336265955,0.8217979336266056,-1.0103029524088925e-14,0,232.14444049476384,b0826
b0781,1,30,0.8217979336265955,0.8217979336266056,-1.0103029524088925e-14,0,232.14444049476384,b0781
b0783,1,30,0.8217979336265955,0.8217979336266056,-1.0103029524088925e-14,0,232.14444049476384,b0783
b0630,1,30,0.8217979336265955,0.8217979336266056,-1.0103029524088925e-14,0,232.14444049476384,b0630
b0628,1,30,0.8217979336265955,0.8217979336266056,-1.0103029524088925e-14,0,232.14444049476384,b0628
b4386,3,30,0.8217979336265955,0.8217979336266056,-1.0103029524088925e-14,0,232.14444049476384,b4386
b1385,1,30,0.8217979336265955,0.8217979336266056,-1.0103029524088925e-14,0,232.14444049476384,b1385
b2917,1,30,0.8217979336265955,0.8217979336266056,-1.0103029524088925e-14,0,232.14444049476384,b2917
b3572,1,27,0.8217979336265955,0.8217979336266056,-1.0103029524088925e-14,0,231.78164267649828,b3572
b4129,1,27,0.8217979336265955,0.8217979336266252,-2.9753977059954195e-14,0,231.78164267650044,b4129
b3722,1,27,0.8217979336265955,0.8217979336266252,-2.9753977059954195e-14,0,231.78164267650044,b3722
b0681,1,27,0.8217979336265955,0.8217979336266252,-2.9753977059954195e-14,0,231.78164267650044,b0681
b1473,3,27,0.8217979336265955,0.8217979336266252,-2.9753977059954195e-14,0,231.78164267650044,b1473
b3882,2,27,0.8217979336265955,0.8217979336266252,-2.9753977059954195e-14,0,231.78164267650044,b3882
b1600,1,27,0.8217979336265955,0.8217979336266252,-2.9753977059954195e-14,0,231.78164267650044,b1600
b1599,1,27,0.8217979336265955,0.8217979336266252,-2.9753977059954195e-14,0,231.78164267650044,b1599
b2660,1,27,0.8217979336265955,0.8217979336266252,-2.9753977059954195e-14,0,231.78164267650044,b2660
b4167,4,27,0.8217979336265955,0.8217979336266252,-2.9753977059954195e-14,0,231.78164267650044,b4167
b2670,1,27,0.8217979336265955,0.8217979336266252,-2.9753977059954195e-14,0,231.78164267650044,b2670
b3070,3,27,0.8217979336265955,0.8217979336266252,-2.9753977059954195e-14,0,231.78164267650044,b3070
b4297,1,27,0.8217979336265955,0.8217979336266252,-2.9753977059954195e-14,0,231.78164267650044,b4297
b0269,1,27,0.8217979336265955,0.8217979336266252,-2.9753977059954195e-14,0,231.78164267650044,b0269
b4298,1,27,0.8217979336265955,0.8217979336266252,-2.9753977059954195e-14,0,231.78164267650044,b4298
b0268,1,27,0.8217979336265955,0.8217979336266252,-2.9753977059954195e-14,0,231.78164267650044,b0268
b3715,1,27,0.8217979336265955,0.8217979336266252,-2.9753977059954195e-14,0,231.78164267650044,b3715
b0516,1,27,0.8217979336265955,0.8217979336266252,-2.9753977059954195e-14,0,231.78164267650044,b0516
b0515,1,27,0.8217979336265955,0.8217979336266252,-2.9753977059954195e-14,0,231.78164267650044,b0515
b1617,1,27,0.8217979336265955,0.8217979336266252,-2.9753977059954195e-14,0,231.78164267650044,b1617
b1695,1,449,0.8217979336265955,0.8075924361369686,0.01420549748962685,0,253.89201661268584,b1695
b1771,1,27,0.8217979336265955,0.8217979336266007,-5.218048215738236e-15,0,231.781642676498,b1771
b2907,1,27,0.8217979336265955,0.8217979336266172,-2.1760371282653068e-14,0,231.7816426764997,b2907
b0543,2,27,0.8217979336265955,0.8217979336266172,-2.1760371282653068e-14,0,231.7816426764997,b0543
b1601,1,27,0.8217979336265955,0.8217979336266172,-2.1760371282653068e-14,0,231.7816426764997,b1601
b0624,1,27,0.8217979336265955,0.8217979336266172,-2.1760371282653068e-14,0,231.7816426764997,b0624
b3880,1,27,0.8217979336265955,0.8217979336266172,-2.1760371282653068e-14,0,231.7816426764997,b3880
b3881,1,27,0.8217979336265955,0.8217979336266172,-2.1760371282653068e-14,0,231.7816426764997,b3881
b3877,1,27,0.8217979336265955,0.8217979336266172,-2.1760371282653068e-14,0,231.7816426764997,b3877
b3876,1,27,0.8217979336265955,0.8217979336266172,-2.1760371282653068e-14,0,231.7816426764997,b3876
b1511,1,222,0.8217979336265955,0.8217883999745237,9.533652071791465e-06,0,231.77960622310295,b1511
b2371,1,27,0.8217979336265955,0.8217979336265884,7.105427357601002e-15,0,231.78164267649666,b2371
b2302,1,27,0.8217979336265955,0.8217979336266172,-2.1760371282653068e-14,0,231.7816426764997,b2302
b2989,1,27,0.8217979336265955,0.8217979336266172,-2.1760371282653068e-14,0,231.7816426764997,b2989
b1619,1,27,0.8217979336265955,0.8217979336266172,-2.1760371282653068e-14,0,231.7816426764997,b1619
b4337,1,27,0.8217979336265955,0.8217979336266172,-2.1760371282653068e-14,0,231.7816426764997,b4337
b1337,1,27,0.8217979336265955,0.8217979336266172,-2.1760371282653068e-14,0,231.7816426764997,b1337
b1338,1,27,0.8217979336265955,0.8217979336266172,-2.1760371282653068e-14,0,231.7816426764997,b1338
b1336,1,27,0.8217979336265955,0.8217979336266172,-2.1760371282653068e-14,0,231.7816426764997,b1336
b2873,1,27,0.8217979336265955,0.8217979336266172,-2.1760371282653068e-14,0,231.7816426764997,b2873
b1430,1,27,0.8217979336265955,0.8217979336266172,-2.1760371282653068e-14,0,231.7816426764997,b1430
b1396,2,27,0.8217979336265955,0.8217979336266172,-2.1760371282653068e-14,0,231.7816426764997,b1396
b3943,1,27,0.8217979336265955,0.8217979336266172,-2.1760371282653068e-14,0,231.7816426764997,b3943
b0578,2,27,0.8217979336265955,0.8217979336266172,-2.1760371282653068e-14,0,231.7816426764997,b0578
b3253,1,27,0.8217979336265955,0.8217979336266172,-2.1760371282653068e-14,0,231.7816426764997,b3253
b1022,2,27,0.8217979336265955,0.8217979336266172,-2.1760371282653068e-14,0,231.7816426764997,b1022
b1021,2,27,0.8217979336265955,0.8217979336266172,-2.1760371282653068e-14,0,231.7816426764997,b1021
b1733,1,27,0.8217979336265955,0.8217979336266172,-2.1760371282653068e-14,0,231.7816426764997,b1733
b4266,2,27,0.8217979336265955,0.8217979336266172,-2.1760371282653068e-14,0,231.7816426764997,b4266
b3493,1,410,0.8217979336265955,0.8170879656502736,0.004709967976321838,0,233.70220501258436,b3493
b2987,1,410,0.8217979336265955,0.8170879656502664,0.004709967976329055,0,233.70220501258342,b2987
b0401,3,27,0.8217979336265955,0.8217979336266106,-1.509903313490213e-14,0,231.78164267649902,b0401
b4141,4,27,0.8217979336265955,0.8217979336266172,-2.1760371282653068e-14,0,231.7816426764997,b4141
b1798,2,27,0.8217979336265955,0.8217979336266172,-2.1760371282653068e-14,0,231.7816426764997,b1798
b3662,2,27,0.8217979336265955,0.8217979336266172,-2.1760371282653068e-14,0,231.7816426764997,b3662
b1592,1,27,0.8217979336265955,0.8217979336266172,-2.1760371282653068e-14,0,231.7816426764997,b1592
b2842,1,27,0.8217979336265955,0.8217979336266172,-2.1760371282653068e-14,0,231.7816426764997,b2842
b4020,1,27,0.8217979336265955,0.8217979336266172,-2.1760371282653068e-14,0,231.7816426764997,b4020
b1985,2,27,0.8217979336265955,0.8217979336266172,-2.1760371282653068e-14,0,231.7816426764997,b1985
b1516,1,27,0.8217979336265955,0.8217979336266172,-2.1760371282653068e-14,0,231.7816426764997,b1516
b1514,1,27,0.8217979336265955,0.8217979336266172,-2.1760371282653068e-14,0,231.7816426764997,b1514
b1515,1,27,0.8217979336265955,0.8217979336266172,-2.1760371282653068e-14,0,231.7816426764997,b1515
b1513,1,27,0.8217979336265955,0.8217979336266172,-2.1760371282653068e-14,0,231.7816426764997,b1513
b1518,1,222,0.8217979336265955,0.8217883999745237,9.533652071791465e-06,0,231.77960622310295,b1518
b3240,1,27,0.8217979336265955,0.8217979336265958,-3.3306690738754696e-16,0,231.78164267649726,b3240
b3241,1,27,0.8217979336265955,0.8217979336266172,-2.1760371282653068e-14,0,231.7816426764997,b3241
b1449,2,27,0.8217979336265955,0.8217979336266172,-2.1760371282653068e-14,0,231.7816426764997,b1449
b2245,1,27,0.8217979336265955,0.8217979336266172,-2.1760371282653068e-14,0,231.7816426764997,b2245
b1448,1,27,0.8217979336265955,0.8217979336266172,-2.1760371282653068e-14,0,231.7816426764997,b1448
b3656,1,27,0.8217979336265955,0.8217979336266172,-2.1760371282653068e-14,0,231.7816426764997,b3656
b3883,1,27,0.8217979336265955,0.8217979336266172,-2.1760371282653068e-14,0,231.7816426764997,b3883
b3966,3,27,0.8217979336265955,0.8217979336266172,-2.1760371282653068e-14,0,231.7816426764997,b3966
b4098,1,27,0.8217979336265955,0.8217979336266172,-2.1760371282653068e-14,0,231.7816426764997,b4098
b3488,1,27,0.8217979336265955,0.8217979336266172,-2.1760371282653068e-14,0,231.7816426764997,b3488
b1813,1,27,0.8217979336265955,0.8217979336266172,-2.1760371282653068e-14,0,231.7816426764997,b1813
b2166,1,27,0.8217979336265955,0.8217979336266172,-2.1760371282653068e-14,0,231.7816426764997,b2166
b1103,1,27,0.8217979336265955,0.8217979336266172,-2.1760371282653068e-14,0,231.7816426764997,b1103
b4096,1,27,0.8217979336265955,0.8217979336266172,-2.1760371282653068e-14,0,231.7816426764997,b4096
b4101,1,27,0.8217979336265955,0.8217979336266172,-2.1760371282653068e-14,0,231.7816426764997,b4101
b4100,1,27,0.8217979336265955,0.8217979336266172,-2.1760371282653068e-14,0,231.7816426764997,b4100
b4099,1,27,0.8217979336265955,0.8217979336266172,-2.1760371282653068e-14,0,231.7816426764997,b4099
b4095,1,27,0.8217979336265955,0.8217979336266172,-2.1760371282653068e-14,0,231.7816426764997,b4095
b4092,1,27,0.8217979336265955,0.8217979336266172,-2.1760371282653068e-14,0,231.7816426764997,b4092
b2047,1,27,0.8217979336265955,0.8217979336266172,-2.1760371282653068e-14,0,231.7816426764997,b2047
b4106,1,27,0.8217979336265955,0.8217979336266172,-2.1760371282653068e-14,0,231.7816426764997,b4106
b4104,1,27,0.8217979336265955,0.8217979336266172,-2.1760371282653068e-14,0,231.7816426764997,b4104
b4105,1,27,0.8217979336265955,0.8217979336266172,-2.1760371282653068e-14,0,231.7816426764997,b4105
b0662,1,27,0.8217979336265955,0.8217979336266172,-2.1760371282653068e-14,0,231.7816426764997,b0662
b2906,1,27,0.8217979336265955,0.8217979336266172,-2.1760371282653068e-14,0,231.7816426764997,b2906
b1400,1,27,0.8217979336265955,0.8217979336266172,-2.1760371282653068e-14,0,231.7816426764997,b1400
b2683,1,27,0.8217979336265955,0.8217979336266172,-2.1760371282653068e-14,0,231.7816426764997,b2683
b2682,1,27,0.8217979336265955,0.8217979336266172,-2.1760371282653068e-14,0,231.7816426764997,b2682
b1821,1,27,0.8217979336265955,0.8217979336266172,-2.1760371282653068e-14,0,231.7816426764997,b1821
b2164,1,27,0.8217979336265955,0.8217979336266172,-2.1760371282653068e-14,0,231.7816426764997,b2164
b1616,1,27,0.8217979336265955,0.8217979336266172,-2.1760371282653068e-14,0,231.7816426764997,b1616
b1517,1,222,0.8217979336265955,0.8217883999745237,9.533652071791465e-06,0,231.77960622310295,b1517
b0577,1,27,0.8217979336265955,0.821797933626585,1.0436096431476471e-14,0,231.78164267649618,b0577
b2924,1,27,0.8217979336265955,0.8217979336266172,-2.1760371282653068e-14,0,231.7816426764997,b2924
b1330,1,27,0.8217979336265955,0.8217979336266172,-2.1760371282653068e-14,0,231.7816426764997,b1330
b0808,1,27,0.8217979336265955,0.8217979336266172,-2.1760371282653068e-14,0,231.7816426764997,b0808
b0465,1,27,0.8217979336265955,0.8217979336266172,-2.1760371282653068e-14,0,231.7816426764997,b0465
b3291,1,27,0.8217979336265955,0.8217979336266172,-2.1760371282653068e-14,0,231.7816426764997,b3291
b4159,1,27,0.8217979336265955,0.8217979336266172,-2.1760371282653068e-14,0,231.7816426764997,b4159
b2247,1,27,0.8217979336265955,0.8217979336266172,-2.1760371282653068e-14,0,231.7816426764997,b2247
b0597,1,27,0.8217979336265955,0.8217979336266172,-2.1760371282653068e-14,0,231.7816426764997,b0597
b1870,1,27,0.8217979336265955,0.8217979336266172,-2.1760371282653068e-14,0,231.7816426764997,b1870
b3116,2,27,0.8217979336265955,0.8217979336266172,-2.1760371282653068e-14,0,231.7816426764997,b3116
b2796,1,27,0.8217979336265955,0.8217979336266172,-2.1760371282653068e-14,0,231.7816426764997,b2796
b4093,1,27,0.8217979336265955,0.8217979336266172,-2.1760371282653068e-14,0,231.7816426764997,b4093
b3878,1,27,0.8217979336265955,0.8217979336266172,-2.1760371282653068e-14,0,231.7816426764997,b3878
b1206,3,27,0.8217979336265955,0.8217979336266172,-2.1760371282653068e-14,0,231.7816426764997,b1206
