gene_id,gene_name,n_gpr_rxns,n_changed,b_wt,b_ko,delta_b,y_essential,kV
b1377,,270,426,0.4914671239229283,0.0,0.4914671239229283,1,6239.573639192166
b2215,,271,426,0.4914671239229283,0.0,0.4914671239229283,1,6239.573639192166
b0929,,271,426,0.4914671239229283,0.0,0.4914671239229283,1,6239.573639192166
b0241,,270,426,0.4914671239229283,0.0,0.4914671239229283,1,6239.573639192166
b4034,,6,6,0.4914671239229283,0.49146712392293457,-6.2727600891321345e-15,0,200.0000000480461
b4033,,6,0,0.4914671239229283,0.4914671239228711,5.717648576819556e-14,0,0.0
b4032,,6,0,0.4914671239229283,0.4914671239228711,5.717648576819556e-14,0,0.0
b4035,,6,0,0.4914671239229283,0.4914671239228711,5.717648576819556e-14,0,0.0
b4036,,7,6,0.4914671239229283,0.49146712392292685,1.4432899320127035e-15,0,200.0000000480461
b4213,,8,4,0.4914671239229283,0.4914671239229264,1.887379141862766e-15,0,4.804615748888963e-08
b2835,,21,0,0.4914671239229283,0.491467123922927,1.27675647831893e-15,0,0.0
b2836,,23,452,0.4914671239229283,0.47490345794728833,0.016563665975639963,0,8.781591391468204
b3553,,10,0,0.4914671239229283,0.4914671239229205,7.771561172376096e-15,0,0.0
b1134,,2,4,0.4914671239229283,0.4914671239229213,6.994405055138486e-15,0,4.804615748406178e-08
b0446,,2,0,0.4914671239229283,0.49146712392292596,2.3314683517128287e-15,0,0.0
b1009,,1,0,0.4914671239229283,0.49146712392292685,1.4432899320127035e-15,0,0.0
b0954,,13,4,0.4914671239229283,0.49146712392292896,-6.661338147750939e-16,0,4.804615748896723e-08
b0180,,14,430,0.4914671239229283,0.0,0.4914671239229283,1,6001.917563365063
b0347,,2,0,0.4914671239229283,0.49146712392292136,6.938893903907228e-15,0,0.0
b3580,,2,0,0.4914671239229283,0.49146712392291897,9.325873406851315e-15,0,0.0
b1093,,14,430,0.4914671239229283,0.0,0.4914671239229283,1,6001.917563365063
b2323,,13,430,0.4914671239229283,0.0,0.4914671239229283,1,6001.917563365063
b1095,,9,430,0.4914671239229283,0.0,0.4914671239229283,1,6001.917563365063
b1397,,2,0,0.4914671239229283,0.49146712392292385,4.440892098500626e-15,0,0.0
b1245,,2,0,0.4914671239229283,0.4914671239229283,0.0,0,0.0
b1244,,2,0,0.4914671239229283,0.4914671239229283,0.0,0,0.0
b1329,,1,0,0.4914671239229283,0.4914671239229283,0.0,0,0.0
b1246,,2,0,0.4914671239229283,0.4914671239229283,0.0,0,0.0
b1247,,2,0,0.4914671239229283,0.4914671239229283,0.0,0,0.0
b1386,,3,0,0.4914671239229283,0.4914671239229235,4.773959005888173e-15,0,0.0
b0004,,2,430,0.4914671239229283,0.0,0.4914671239229283,1,6001.917563365063
b1192,,4,4,0.4914671239229283,0.49146712392292463,3.6637359812630166e-15,0,2.6175223710551412e-05
b1243,,1,0,0.4914671239229283,0.4914671239229283,0.0,0,0.0
b4266,,1,0,0.4914671239229283,0.49146712392292047,7.827072323607354e-15,0,0.0
b4265,,3,0,0.4914671239229283,0.49146712392293695,-8.659739592076221e-15,0,0.0
b0159,,3,430,0.4914671239229283,0.0,0.4914671239229283,1,6001.917563365065
b3197,,1,430,0.4914671239229283,0.0,0.4914671239229283,1,6001.917563365063
b2708,,1,430,0.4914671239229283,0.0,0.4914671239229283,1,6001.917563365063
b1094,,26,430,0.4914671239229283,0.0,0.4914671239229283,1,6001.917563365059
b4481,,1,0,0.4914671239229283,0.49146712392295244,-2.4147350785597155e-14,0,0.0
b1927,,1,0,0.4914671239229283,0.4914671239229282,1.1102230246251565e-16,0,0.0
b3571,,1,0,0.4914671239229283,0.4914671239229165,1.176836406102666e-14,0,0.0
b2901,,1,0,0.4914671239229283,0.49146712392292136,6.938893903907228e-15,0,0.0
b1302,,1,4,0.4914671239229283,0.4914671239229359,-7.605027718682322e-15,0,4.804615748137493e-08
b2662,,1,4,0.4914671239229283,0.4914671239229359,-7.605027718682322e-15,0,4.804615748137493e-08
b1444,,1,0,0.4914671239229283,0.49146712392292735,9.43689570931383e-16,0,0.0
b2663,,1,0,0.4914671239229283,0.49146712392292036,7.93809462606987e-15,0,0.0
b2222,,3,4,0.4914671239229283,0.49146712392292485,3.4416913763379853e-15,0,4.8046157494265886e-08
b2221,,3,4,0.4914671239229283,0.49146712392292485,3.4416913763379853e-15,0,4.8046157494265886e-08
b2224,,1,441,0.4914671239229283,0.47543430053465524,0.016032823388273054,0,5.954856936726167
b2342,,8,453,0.4914671239229283,0.4749034579472863,0.016563665975642017,0,8.781587789932617
b3845,,8,453,0.4914671239229283,0.4749034579472863,0.016563665975642017,0,8.781587789932617
b2223,,3,4,0.4914671239229283,0.4914671239229097,1.8596235662471372e-14,0,4.804615750154511e-08
b1241,,2,411,0.4914671239229283,0.48417588383524734,0.00729124008768095,0,76.72763984626701
b0351,,1,411,0.4914671239229283,0.4841758838352528,0.00729124008767551,0,76.72763984621365
s0001,,39,429,0.4914671239229283,0.0,0.4914671239229283,1,5303.740052729727
b1463,,1,0,0.4914671239229283,0.491467123922928,2.7755575615628914e-16,0,0.0
b1993,,2,0,0.4914671239229283,0.4914671239229175,1.0769163338864018e-14,0,0.0
b2316,,1,430,0.4914671239229283,0.0,0.4914671239229283,1,6001.917563365063
b3255,,1,430,0.4914671239229283,0.0,0.4914671239229283,1,6001.917563365063
b0185,,1,430,0.4914671239229283,0.0,0.4914671239229283,1,6001.917563365063
b3256,,1,430,0.4914671239229283,0.0,0.4914671239229283,1,6001.917563365063
b4069,,2,4,0.4914671239229283,0.4914671239229256,2.7200464103316335e-15,0,2.617522371055146e-05
b1119,,1,0,0.4914671239229283,0.49146712392295866,-3.036459972349803e-14,0,0.0
b3784,,1,0,0.4914671239229283,0.49146712392294056,-1.226796442210798e-14,0,0.0
b2415,,18,421,0.4914671239229283,0.4637632274222341,0.027703896500694214,0,928.3066422295165
b0679,,1,0,0.4914671239229283,0.4914671239229373,-8.992806499463768e-15,0,0.0
b1101,,2,420,0.4914671239229283,0.4637632274221895,0.02770389650073879,0,602.7676486832713
b2417,,6,421,0.4914671239229283,0.4637632274221976,0.027703896500730685,0,602.7676427707056
b2416,,19,421,0.4914671239229283,0.4637632274221947,0.02770389650073357,0,928.3066422282327
b3959,,1,430,0.4914671239229283,0.0,0.4914671239229283,1,6001.917563365063
b2818,,1,430,0.4914671239229283,0.0,0.4914671239229283,1,6001.917563365063
b0078,,2,430,0.4914671239229283,0.0,0.4914671239229283,1,6001.917563365061
b3670,,2,430,0.4914671239229283,0.0,0.4914671239229283,1,6001.917563365063
b3671,,2,430,0.4914671239229283,0.0,0.4914671239229283,1,6001.917563365063
b0077,,2,430,0.4914671239229283,0.0,0.4914671239229283,1,6001.917563365065
b3115,,2,433,0.4914671239229283,0.430068592313446,0.061398531609482276,0,2446.70722215799
b1849,,2,433,0.4914671239229283,0.43006859231345135,0.06139853160947695,0,2446.707222159073
b2296,,1,433,0.4914671239229283,0.4300685923134517,0.061398531609476614,0,2446.707222157837
b2428,,1,0,0.4914671239229283,0.4914671239229317,-3.3861802251067274e-15,0,0.0
b3794,,1,0,0.4914671239229283,0.49146712392292474,3.552713678800501e-15,0,0.0
b1818,,5,420,0.4914671239229283,0.4637632274221881,0.027703896500740177,0,602.76764868292
b1819,,5,420,0.4914671239229283,0.4637632274221881,0.027703896500740177,0,602.76764868292
b1817,,5,420,0.4914671239229283,0.4637632274221881,0.027703896500740177,0,602.76764868292
b2429,,2,0,0.4914671239229283,0.4914671239229223,5.995204332975845e-15,0,0.0
b3224,,1,0,0.4914671239229283,0.49146712392291475,1.354472090042691e-14,0,0.0
b4311,,1,4,0.4914671239229283,0.49146712392292274,5.551115123125783e-15,0,4.8046157488764447e-08
b3225,,1,0,0.4914671239229283,0.49146712392291475,1.354472090042691e-14,0,0.0
b0221,,8,453,0.4914671239229283,0.47490345794728656,0.01656366597564174,0,8.781587789909834
b1091,,3,430,0.4914671239229283,0.0,0.4914671239229283,1,6001.917563365063
b3957,,2,430,0.4914671239229283,0.0,0.4914671239229283,1,6001.917563365063
b3200,,9,430,0.4914671239229283,0.0,0.4914671239229283,1,6001.917563365061
b4261,,9,430,0.4914671239229283,0.0,0.4914671239229283,1,6001.917563365059
b3201,,9,430,0.4914671239229283,0.0,0.4914671239229283,1,6001.917563365063
b4262,,9,430,0.4914671239229283,0.0,0.4914671239229283,1,6001.917563365063
b3199,,9,430,0.4914671239229283,0.0,0.4914671239229283,1,6001.917563365063
b1519,,1,0,0.4914671239229283,0.4914671239229397,-1.1379786002407855e-14,0,0.0
b1276,,2,428,0.4914671239229283,0.0,0.4914671239229283,1,5849.2830765439485
b0118,,3,428,0.4914671239229283,0.0,0.4914671239229283,1,5849.2830765439485
b1748,,2,430,0.4914671239229283,0.0,0.4914671239229283,1,6001.917563365063
b3359,,2,430,0.4914671239229283,0.0,0.4914671239229283,1,6001.917563365065
b1090,,7,0,0.4914671239229283,0.49146712392292685,1.4432899320127035e-15,0,0.0
b3475,,1,0,0.4914671239229283,0.49146712392292285,5.440092820663267e-15,0,0.0
b2563,,1,0,0.4914671239229283,0.49146712392292285,5.440092820663267e-15,0,0.0
b2578,,2,4,0.4914671239229283,0.49146712392293634,-8.049116928532385e-15,0,4.8046157516801264e-08
b1533,,2,4,0.4914671239229283,0.49146712392293634,-8.049116928532385e-15,0,4.8046157516801264e-08
b4067,,2,0,0.4914671239229283,0.4914671239229283,0.0,0,0.0
b1623,,2,0,0.4914671239229283,0.4914671239229695,-4.118927421359331e-14,0,0.0
b1096,,1,430,0.4914671239229283,0.0,0.4914671239229283,1,6001.917563365063
b1812,,2,430,0.4914671239229283,0.0,0.4914671239229283,1,6001.917563365065
b3360,,1,430,0.4914671239229283,0.0,0.4914671239229283,1,6001.917563365065
b3665,,1,8,0.4914671239229283,0.49146712392292335,4.9404924595819466e-15,0,2.6223269868029415e-05
b3654,,3,4,0.4914671239229283,0.49146712392293845,-1.0158540675320182e-14,0,4.804615748558829e-08
b3714,,1,4,0.4914671239229283,0.49146712392293845,-1.0158540675320182e-14,0,4.804615748558829e-08
b0474,,13,430,0.4914671239229283,0.0,0.4914671239229283,1,6001.917563365063
b0120,,1,4,0.4914671239229283,0.49146712392292874,-4.440892098500626e-16,0,2.617522371055163e-05
b3806,,1,0,0.4914671239229283,0.49146712392292174,6.5503158452884236e-15,0,0.0
b0030,,5,4,0.4914671239229283,0.4914671239229241,4.218847493575595e-15,0,4.804615748675296e-08
b2393,,7,0,0.4914671239229283,0.4914671239229388,-1.049160758270773e-14,0,0.0
b2964,,11,0,0.4914671239229283,0.4914671239229322,-3.885780586188048e-15,0,0.0
b2406,,6,4,0.4914671239229283,0.49146712392293,-1.7208456881689926e-15,0,4.804615749090321e-08
b0411,,7,4,0.4914671239229283,0.4914671239229208,7.494005416219807e-15,0,4.804615749792496e-08
b1992,,1,0,0.4914671239229283,0.4914671239229295,-1.2212453270876722e-15,0,0.0
b1709,,3,0,0.4914671239229283,0.49146712392292746,8.326672684688674e-16,0,0.0
b0158,,3,0,0.4914671239229283,0.49146712392292746,8.326672684688674e-16,0,0.0
b1711,,3,0,0.4914671239229283,0.49146712392292746,8.326672684688674e-16,0,0.0
b3966,,3,0,0.4914671239229283,0.49146712392292746,8.326672684688674e-16,0,0.0
b3005,,10,4,0.4914671239229283,0.49146712392291975,8.548717289613705e-15,0,4.804615748481729e-08
b3006,,10,4,0.4914671239229283,0.49146712392291975,8.548717289613705e-15,0,4.804615748481729e-08
b1252,,10,4,0.4914671239229283,0.49146712392291975,8.548717289613705e-15,0,4.804615748481729e-08
b3397,,1,0,0.4914671239229283,0.49146712392294634,-1.8041124150158794e-14,0,0.0
b3034,,1,0,0.4914671239229283,0.49146712392294634,-1.8041124150158794e-14,0,0.0
b0469,,1,0,0.4914671239229283,0.4914671239229283,0.0,0,0.0
b2750,,1,430,0.4914671239229283,0.0,0.4914671239229283,1,6001.917563365063
b1131,,2,430,0.4914671239229283,0.0,0.4914671239229283,1,6001.917563365063
b4177,,1,430,0.4914671239229283,0.0,0.4914671239229283,1,6001.917563365065
b0677,,1,4,0.4914671239229283,0.49146712392292585,2.4424906541753444e-15,0,2.6175223710551473e-05
b0110,,4,0,0.4914671239229283,0.49146712392292546,2.831068712794149e-15,0,0.0
b2817,,2,0,0.4914671239229283,0.49146712392292363,4.6629367034256575e-15,0,0.0
b2435,,2,0,0.4914671239229283,0.49146712392292363,4.6629367034256575e-15,0,0.0
b4169,,2,0,0.4914671239229283,0.49146712392292363,4.6629367034256575e-15,0,0.0
b1107,,3,0,0.4914671239229283,0.4914671239229286,-2.7755575615628914e-16,0,0.0
b0433,,3,0,0.4914671239229283,0.49146712393372777,-1.0799472427436285e-11,0,0.0
b3619,,1,4,0.4914671239229283,0.4914671239229349,-6.6058269965196814e-15,0,4.8046157457097716e-08
b2937,,1,0,0.4914671239229283,0.4914671239229186,9.71445146547012e-15,0,0.0
b3018,,7,430,0.4914671239229283,0.0,0.4914671239229283,1,6001.917563365063
b3958,,1,430,0.4914671239229283,0.0,0.4914671239229283,1,6001.917563365063
b0575,,2,4,0.4914671239229283,0.4914671239229224,5.88418203051333e-15,0,2.617522371055129e-05
b0572,,2,4,0.4914671239229283,0.49146712392292907,-7.771561172376096e-16,0,4.804615748699138e-08
b0573,,2,4,0.4914671239229283,0.49146712392292907,-7.771561172376096e-16,0,4.804615748699138e-08
b0574,,2,4,0.4914671239229283,0.49146712392292907,-7.771561172376096e-16,0,4.804615748699138e-08
b4006,,2,430,0.4914671239229283,0.0,0.4914671239229283,1,6001.917563365063
b0522,,1,430,0.4914671239229283,0.0,0.4914671239229283,1,6001.917563365063
b0523,,1,430,0.4914671239229283,0.0,0.4914671239229283,1,6001.917563365063
b0727,,1,0,0.4914671239229283,0.49146712392292374,4.551914400963142e-15,0,0.0
b0116,,3,250,0.4914671239229283,0.4914363801091393,3.074381378898039e-05,0,0.00458038494850808
b0726,,1,0,0.4914671239229283,0.49146712392292485,3.4416913763379853e-15,0,0.0
b2587,,1,0,0.4914671239229283,0.49146712392292735,9.43689570931383e-16,0,0.0
b1488,,1,0,0.4914671239229283,0.49146712392291414,1.4155343563970746e-14,0,0.0
b3542,,3,0,0.4914671239229283,0.4914671239229732,-4.490852134608758e-14,0,0.0
b1486,,1,4,0.4914671239229283,0.49146712392290676,2.1538326677728037e-14,0,4.8046157495463994e-08
b1485,,1,4,0.4914671239229283,0.49146712392290676,2.1538326677728037e-14,0,4.8046157495463994e-08
b3543,,3,0,0.4914671239229283,0.4914671239229732,-4.490852134608758e-14,0,0.0
b3541,,3,0,0.4914671239229283,0.4914671239229732,-4.490852134608758e-14,0,0.0
b1484,,1,4,0.4914671239229283,0.49146712392290676,2.1538326677728037e-14,0,4.8046157495463994e-08
b3540,,3,0,0.4914671239229283,0.4914671239229732,-4.490852134608758e-14,0,0.0
b3544,,3,0,0.4914671239229283,0.4914671239229732,-4.490852134608758e-14,0,0.0
b1483,,1,4,0.4914671239229283,0.49146712392290676,2.1538326677728037e-14,0,4.8046157495463994e-08
b1487,,1,4,0.4914671239229283,0.49146712392290676,2.1538326677728037e-14,0,4.8046157495463994e-08
b0092,,1,430,0.4914671239229283,0.0,0.4914671239229283,1,6001.917563365064
b0381,,1,430,0.4914671239229283,0.0,0.4914671239229283,1,6001.917563365063
b1325,,1,0,0.4914671239229283,0.49146712392292285,5.440092820663267e-15,0,0.0
b1190,,1,430,0.4914671239229283,0.0,0.4914671239229283,1,6001.917563365061
b4053,,1,430,0.4914671239229283,0.0,0.4914671239229283,1,6001.917563365063
b2551,,6,418,0.4914671239229283,0.480177047936168,0.011290075986760295,0,16.76845512084334
b0870,,4,4,0.4914671239229283,0.4914671239229262,2.1094237467877974e-15,0,4.80461574874982e-08
b2379,,1,3,0.4914671239229283,0.4914671239229267,1.609823385706477e-15,0,0.24490323163671085
b2290,,1,3,0.4914671239229283,0.4914671239229267,1.609823385706477e-15,0,0.24490323163671085
b2697,,1,0,0.4914671239229283,0.4914671239229247,3.608224830031759e-15,0,0.0
b3460,,5,0,0.4914671239229283,0.4914671239229283,0.0,0,0.0
b3456,,5,0,0.4914671239229283,0.4914671239229283,0.0,0,0.0
b3457,,5,0,0.4914671239229283,0.4914671239229283,0.0,0,0.0
b3455,,5,0,0.4914671239229283,0.4914671239229283,0.0,0,0.0
b3454,,5,0,0.4914671239229283,0.4914671239229283,0.0,0,0.0
b4208,,5,277,0.4914671239229283,0.49141037812208965,5.6745800838642335e-05,0,0.0008962445013859817
b0007,,2,0,0.4914671239229283,0.4914671239229283,0.0,0,0.0
b0356,,3,410,0.4914671239229283,0.4841758838352521,0.007291240087676176,0,76.72764143612439
b1478,,1,410,0.4914671239229283,0.48417588383523347,0.007291240087694828,0,76.72764143689717
b1385,,1,4,0.4914671239229283,0.49146712392293296,-4.6629367034256575e-15,0,4.804615749858076e-08
b1300,,2,0,0.4914671239229283,0.4914671239229215,6.772360450213455e-15,0,0.0
b3588,,2,0,0.4914671239229283,0.4914671239229352,-6.8833827526759706e-15,0,0.0
b4084,,1,0,0.4914671239229283,0.49146712392292935,-1.0547118733938987e-15,0,0.0
b4090,,2,423,0.4914671239229283,0.2984237360971952,0.1930433878257331,0,2946.6678626186044
b0516,,1,0,0.4914671239229283,0.49146712392292874,-4.440892098500626e-16,0,0.0
b0512,,1,4,0.4914671239229283,0.49146712392290925,1.9040324872321435e-14,0,4.80461574751667e-08
b0511,,1,0,0.4914671239229283,0.49146712392292763,6.661338147750939e-16,0,0.0
b4085,,1,0,0.4914671239229283,0.49146712392293707,-8.770761894538737e-15,0,0.0
b4087,,2,0,0.4914671239229283,0.49146712392292846,-1.6653345369377348e-16,0,0.0
b4086,,2,0,0.4914671239229283,0.49146712392292846,-1.6653345369377348e-16,0,0.0
b4088,,2,0,0.4914671239229283,0.49146712392292846,-1.6653345369377348e-16,0,0.0
b0657,,2,4,0.4914671239229283,0.4914671239229319,-3.608224830031759e-15,0,4.804615748929932e-08
b1677,,2,4,0.4914671239229283,0.4914671239229319,-3.608224830031759e-15,0,4.804615748929932e-08
b1781,,1,0,0.4914671239229283,0.4914671239229283,0.0,0,0.0
b3001,,1,0,0.4914671239229283,0.4914671239229283,0.0,0,0.0
b0207,,2,4,0.4914671239229283,0.4914671239229267,1.609823385706477e-15,0,4.804615747047857e-08
b3012,,2,4,0.4914671239229283,0.4914671239229267,1.609823385706477e-15,0,4.804615747047857e-08
b3945,,4,0,0.4914671239229283,0.491467123922928,2.7755575615628914e-16,0,0.0
b3091,,1,0,0.4914671239229283,0.4914671239229285,-2.220446049250313e-16,0,0.0
b3416,,4,0,0.4914671239229283,0.4914671239229342,-5.88418203051333e-15,0,0.0
b3223,,1,0,0.4914671239229283,0.4914671239229315,-3.219646771412954e-15,0,0.0
b3222,,1,0,0.4914671239229283,0.4914671239229291,-8.326672684688674e-16,0,0.0
b0774,,1,430,0.4914671239229283,0.0,0.4914671239229283,1,6001.917563365063
b3833,,2,0,0.4914671239229283,0.4914671239229264,1.887379141862766e-15,0,0.0
b3994,,1,430,0.4914671239229283,0.0,0.4914671239229283,1,6001.917563365065
b1982,,1,0,0.4914671239229283,0.4914671239229258,2.4980018054066022e-15,0,0.0
b0932,,2,0,0.4914671239229283,0.4914671239229205,7.771561172376096e-15,0,0.0
b0237,,3,0,0.4914671239229283,0.4914671239229367,-8.382183835919932e-15,0,0.0
b4260,,2,0,0.4914671239229283,0.4914671239229205,7.771561172376096e-15,0,0.0
b2523,,2,0,0.4914671239229283,0.4914671239229205,7.771561172376096e-15,0,0.0
b1640,,1,0,0.4914671239229283,0.49146712392293357,-5.2735593669694936e-15,0,0.0
b1263,,2,430,0.4914671239229283,0.0,0.4914671239229283,1,6001.917563365063
b1264,,1,430,0.4914671239229283,0.0,0.4914671239229283,1,6001.917563365063
b0776,,1,430,0.4914671239229283,0.0,0.4914671239229283,1,6001.917563365063
b0049,,3,0,0.4914671239229283,0.4914671239229276,7.216449660063518e-16,0,0.0
b4129,,2,0,0.4914671239229283,0.4914671239229262,2.1094237467877974e-15,0,0.0
b0121,,2,0,0.4914671239229283,0.49146712392290587,2.2426505097428162e-14,0,0.0
b3059,,7,0,0.4914671239229283,0.4914671239229317,-3.3861802251067274e-15,0,0.0
b0968,,7,0,0.4914671239229283,0.4914671239229279,3.885780586188048e-16,0,0.0
b0414,,2,430,0.4914671239229283,0.0,0.4914671239229283,1,6001.917563365059
b0062,,1,4,0.4914671239229283,0.491467123922907,2.1316282072803006e-14,0,2.6175223710550474e-05
b0153,,5,0,0.4914671239229283,0.4914671239229283,0.0,0,0.0
b0151,,5,0,0.4914671239229283,0.4914671239229283,0.0,0,0.0
b0152,,5,0,0.4914671239229283,0.4914671239229283,0.0,0,0.0
b2715,,1,0,0.4914671239229283,0.49146712392296193,-3.3639757646142243e-14,0,0.0
b3722,,1,0,0.4914671239229283,0.49146712392296193,-3.3639757646142243e-14,0,0.0
b1900,,1,0,0.4914671239229283,0.4914671239229283,0.0,0,0.0
b4460,,1,0,0.4914671239229283,0.4914671239229283,0.0,0,0.0
b1901,,1,0,0.4914671239229283,0.4914671239229283,0.0,0,0.0
b2841,,1,0,0.4914671239229283,0.4914671239229349,-6.6058269965196814e-15,0,0.0
b1528,,3,0,0.4914671239229283,0.4914671239229231,5.218048215738236e-15,0,0.0
b4115,,1,0,0.4914671239229283,0.49146712392292125,7.049916206369744e-15,0,0.0
b4117,,1,0,0.4914671239229283,0.491467123922927,1.27675647831893e-15,0,0.0
b2938,,1,0,0.4914671239229283,0.4914671239229283,0.0,0,0.0
b1605,,1,4,0.4914671239229283,0.4914671239229297,-1.3877787807814457e-15,0,4.804615747850793e-08
b3960,,1,430,0.4914671239229283,0.0,0.4914671239229283,1,6001.917563365063
b3172,,1,430,0.4914671239229283,0.0,0.4914671239229283,1,6001.917563365063
b1876,,1,0,0.4914671239229283,0.4914671239229237,4.6074255521944e-15,0,0.0
b2310,,3,0,0.4914671239229283,0.4914671239229283,0.0,0,0.0
b0863,,1,0,0.4914671239229283,0.4914671239229283,0.0,0,0.0
b0860,,1,0,0.4914671239229283,0.4914671239229283,0.0,0,0.0
b2307,,4,0,0.4914671239229283,0.4914671239229283,0.0,0,0.0
b2308,,4,0,0.4914671239229283,0.4914671239229283,0.0,0,0.0
b0862,,1,0,0.4914671239229283,0.4914671239229283,0.0,0,0.0
b2306,,4,0,0.4914671239229283,0.4914671239229283,0.0,0,0.0
b0864,,1,0,0.4914671239229283,0.4914671239229283,0.0,0,0.0
b0861,,1,0,0.4914671239229283,0.4914671239229283,0.0,0,0.0
b2923,,2,4,0.4914671239229283,0.4914671239229238,4.496403249731884e-15,0,4.8046157496383376e-08
b3433,,1,430,0.4914671239229283,0.0,0.4914671239229283,1,6001.917563365063
b4192,,1,4,0.4914671239229283,0.4914671239229256,2.7200464103316335e-15,0,2.6175223710551463e-05
b4194,,1,0,0.4914671239229283,0.4914671239229268,1.4988010832439613e-15,0,0.0
b4193,,1,0,0.4914671239229283,0.4914671239229268,1.4988010832439613e-15,0,0.0
b4195,,1,0,0.4914671239229283,0.4914671239229268,1.4988010832439613e-15,0,0.0
b1767,,1,4,0.4914671239229283,0.49146712392292863,-3.3306690738754696e-16,0,4.8046157477217296e-08
b0828,,1,4,0.4914671239229283,0.49146712392292863,-3.3306690738754696e-16,0,4.8046157477217296e-08
b2957,,2,0,0.4914671239229283,0.4914671239229283,0.0,0,0.0
b0674,,1,0,0.4914671239229283,0.4914671239229283,0.0,0,0.0
b3744,,1,316,0.4914671239229283,0.4901577825408198,0.0013093413821084754,0,0.05111738419058682
b0930,,1,0,0.4914671239229283,0.4914671239229256,2.7200464103316335e-15,0,0.0
b1453,,1,0,0.4914671239229283,0.49146712392293507,-6.772360450213455e-15,0,0.0
b3502,,1,0,0.4914671239229283,0.49146712392293007,-1.7763568394002505e-15,0,0.0
b0131,,1,430,0.4914671239229283,0.0,0.4914671239229283,1,6001.917563365063
b4245,,1,430,0.4914671239229283,0.0,0.4914671239229283,1,6001.917563365063
b4244,,1,430,0.4914671239229283,0.0,0.4914671239229283,1,6001.917563365063
b0002,,2,430,0.4914671239229283,0.0,0.4914671239229283,1,6001.917563365063
b4024,,1,430,0.4914671239229283,0.0,0.4914671239229283,1,6001.917563365063
b3940,,2,430,0.4914671239229283,0.0,0.4914671239229283,1,6001.917563365063
b2574,,4,430,0.4914671239229283,0.0,0.4914671239229283,1,6001.917563365061
b4139,,1,0,0.4914671239229283,0.49146712392291775,1.0547118733938987e-14,0,0.0
b0928,,3,430,0.4914671239229283,0.0,0.4914671239229283,1,6001.917563365063
b1866,,1,0,0.4914671239229283,0.49146712392292924,-9.43689570931383e-16,0,0.0
b0654,,2,0,0.4914671239229283,0.4914671239229283,0.0,0,0.0
b0655,,2,0,0.4914671239229283,0.4914671239229283,0.0,0,0.0
b0652,,2,0,0.4914671239229283,0.4914671239229283,0.0,0,0.0
b0653,,2,0,0.4914671239229283,0.4914671239229283,0.0,0,0.0
b3528,,6,0,0.4914671239229283,0.4914671239229138,1.4488410471358293e-14,0,0.0
b4123,,9,0,0.4914671239229283,0.4914671239229265,1.7763568394002505e-15,0,0.0
b4138,,7,0,0.4914671239229283,0.4914671239229283,0.0,0,0.0
b4077,,2,4,0.4914671239229283,0.49146712392293096,-2.6645352591003757e-15,0,4.804615750059002e-08
b3503,,1,0,0.4914671239229283,0.49146712392292075,7.549516567451064e-15,0,0.0
b1064,,7,4,0.4914671239229283,0.49146712392292113,7.16093850883226e-15,0,4.8046157474396445e-08
b1747,,1,4,0.4914671239229283,0.49146712392293035,-2.0539125955565396e-15,0,4.8046157486726935e-08
b1539,,4,0,0.4914671239229283,0.49146712392292885,-5.551115123125783e-16,0,0.0
b2019,,1,430,0.4914671239229283,0.0,0.4914671239229283,1,6001.917563365063
b3738,,1,428,0.4914671239229283,0.37939552798734155,0.11207159593558674,0,367.41001770908304
b3733,,1,427,0.4914671239229283,0.3793955279856936,0.1120715959372347,0,367.4816710102264
b3732,,1,427,0.4914671239229283,0.3793955279856936,0.1120715959372347,0,367.4816710102264
b3739,,1,427,0.4914671239229283,0.3793955279856936,0.1120715959372347,0,367.4816710102264
b3736,,1,427,0.4914671239229283,0.3793955279856936,0.1120715959372347,0,367.4816710102264
b3737,,1,427,0.4914671239229283,0.3793955279856936,0.1120715959372347,0,367.4816710102264
b3734,,1,427,0.4914671239229283,0.3793955279856936,0.1120715959372347,0,367.4816710102264
b3735,,1,427,0.4914671239229283,0.3793955279856936,0.1120715959372347,0,367.4816710102264
b3731,,1,427,0.4914671239229283,0.3793955279856936,0.1120715959372347,0,367.4816710102264
b0312,,2,0,0.4914671239229283,0.4914671239229283,0.0,0,0.0
b0827,,4,430,0.4914671239229283,0.0,0.4914671239229283,1,6001.917563365061
b3857,,5,430,0.4914671239229283,0.0,0.4914671239229283,1,6001.917563365065
b3856,,5,430,0.4914671239229283,0.0,0.4914671239229283,1,6001.917563365065
b4214,,1,430,0.4914671239229283,0.0,0.4914671239229283,1,6001.917563365063
b3551,,3,0,0.4914671239229283,0.49146712392292335,4.9404924595819466e-15,0,0.0
b0775,,1,430,0.4914671239229283,0.0,0.4914671239229283,1,6001.917563365063
b0934,,5,4,0.4914671239229283,0.491467123922925,3.2751579226442118e-15,0,2.6175223710551432e-05
b0367,,3,0,0.4914671239229283,0.4914671239229155,1.27675647831893e-14,0,0.0
b0933,,5,4,0.4914671239229283,0.491467123922928,2.7755575615628914e-16,0,4.8046157492229844e-08
b0936,,5,4,0.4914671239229283,0.491467123922928,2.7755575615628914e-16,0,4.8046157492229844e-08
b0365,,3,0,0.4914671239229283,0.4914671239229155,1.27675647831893e-14,0,0.0
b0366,,3,0,0.4914671239229283,0.4914671239229155,1.27675647831893e-14,0,0.0
b1216,,3,0,0.4914671239229283,0.49146712392291914,9.159339953157541e-15,0,0.0
b4132,,1,0,0.4914671239229283,0.4914671239229283,0.0,0,0.0
b3942,,1,0,0.4914671239229283,0.4914671239229283,0.0,0,0.0
b1732,,1,0,0.4914671239229283,0.4914671239229283,0.0,0,0.0
b3196,,1,430,0.4914671239229283,0.0,0.4914671239229283,1,6001.917563365063
b1270,,2,4,0.4914671239229283,0.49146712392292263,5.662137425588298e-15,0,2.6175223710551304e-05
b2874,,1,407,0.4914671239229283,0.4847355427378011,0.006731581185127178,0,0.6189636190296202
b0521,,1,407,0.4914671239229283,0.4847355427378011,0.006731581185127178,0,0.6189636190296202
b0323,,1,407,0.4914671239229283,0.4847355427378011,0.006731581185127178,0,0.6189636190296202
b0033,,1,0,0.4914671239229283,0.4914671239229283,0.0,0,0.0
b0032,,1,0,0.4914671239229283,0.4914671239229283,0.0,0,0.0
b0444,,1,4,0.4914671239229283,0.49146712392292585,2.4424906541753444e-15,0,4.8046157480878385e-08
b3469,,6,0,0.4914671239229283,0.4914671239229283,0.0,0,0.0
b3915,,7,4,0.4914671239229283,0.491467123922915,1.3322676295501878e-14,0,4.804615750938499e-08
b0752,,5,0,0.4914671239229283,0.4914671239229228,5.495603971894525e-15,0,0.0
b3040,,6,430,0.4914671239229283,0.0,0.4914671239229283,1,6001.917563365063
b3918,,7,0,0.4914671239229283,0.49146712392292047,7.827072323607354e-15,0,0.0
b2794,,1,0,0.4914671239229283,0.4914671239229232,5.10702591327572e-15,0,0.0
b1208,,1,430,0.4914671239229283,0.0,0.4914671239229283,1,6001.917563365063
b1661,,4,4,0.4914671239229283,0.4914671239229208,7.494005416219807e-15,0,2.617522371055121e-05
b2129,,2,0,0.4914671239229283,0.4914671239229283,0.0,0,0.0
b2128,,2,0,0.4914671239229283,0.4914671239229283,0.0,0,0.0
b2131,,2,0,0.4914671239229283,0.4914671239229283,0.0,0,0.0
b2130,,2,0,0.4914671239229283,0.4914671239229283,0.0,0,0.0
b1801,,3,0,0.4914671239229283,0.4914671239229434,-1.509903313490213e-14,0,0.0
b0314,,1,4,0.4914671239229283,0.491467123922928,2.7755575615628914e-16,0,4.804615748650733e-08
b0311,,1,4,0.4914671239229283,0.4914671239229228,5.495603971894525e-15,0,4.8046157470065215e-08
b2600,,2,430,0.4914671239229283,0.0,0.4914671239229283,1,6001.917563365063
b2599,,2,430,0.4914671239229283,0.0,0.4914671239229283,1,6001.917563365063
b2329,,1,430,0.4914671239229283,0.0,0.4914671239229283,1,6001.917563365063
b4039,,1,430,0.4914671239229283,0.0,0.4914671239229283,1,6001.917563365063
b2542,,2,0,0.4914671239229283,0.49146712392292347,4.829470157119431e-15,0,0.0
b2540,,2,0,0.4914671239229283,0.4914671239229277,6.106226635438361e-16,0,0.0
b2538,,2,0,0.4914671239229283,0.4914671239229277,6.106226635438361e-16,0,0.0
b2539,,2,0,0.4914671239229283,0.4914671239229277,6.106226635438361e-16,0,0.0
b0617,,1,0,0.4914671239229283,0.4914671239229237,4.6074255521944e-15,0,0.0
b0614,,1,0,0.4914671239229283,0.4914671239229237,4.6074255521944e-15,0,0.0
b0616,,1,0,0.4914671239229283,0.4914671239229237,4.6074255521944e-15,0,0.0
b0615,,1,0,0.4914671239229283,0.4914671239229237,4.6074255521944e-15,0,0.0
b0612,,1,4,0.4914671239229283,0.4914671239229309,-2.609024107869118e-15,0,4.804615749512462e-08
b0789,,7,0,0.4914671239229283,0.4914671239229018,2.6478819137309983e-14,0,0.0
b1249,,7,0,0.4914671239229283,0.4914671239229018,2.6478819137309983e-14,0,0.0
b0155,,1,430,0.4914671239229283,0.0,0.4914671239229283,1,6001.917563365063
b1592,,1,430,0.4914671239229283,0.0,0.4914671239229283,1,6001.917563365063
b3035,,9,0,0.4914671239229283,0.4914671239229256,2.7200464103316335e-15,0,0.0
b2470,,7,0,0.4914671239229283,0.4914671239229283,0.0,0,0.0
b0463,,7,0,0.4914671239229283,0.4914671239229283,0.0,0,0.0
b0462,,7,0,0.4914671239229283,0.4914671239229283,0.0,0,0.0
b3816,,3,430,0.4914671239229283,0.0,0.4914671239229283,1,6001.917563365063
b2174,,1,0,0.4914671239229283,0.49146712392292347,4.829470157119431e-15,0,0.0
b0914,,32,430,0.4914671239229283,0.0,0.4914671239229283,1,6001.917563365063
b1102,,1,4,0.4914671239229283,0.4914671239229217,6.6058269965196814e-15,0,2.6175223710551256e-05
b2765,,1,0,0.4914671239229283,0.4914671239229307,-2.3869795029440866e-15,0,0.0
b0783,,1,430,0.4914671239229283,0.0,0.4914671239229283,1,6001.917563365063
b0781,,1,430,0.4914671239229283,0.0,0.4914671239229283,1,6001.917563365063
b2436,,1,206,0.4914671239229283,0.4914602418104198,6.882112508488358e-06,0,2.8676853412258702e-05
b3867,,1,0,0.4914671239229283,0.49146712392293335,-5.051514762044462e-15,0,0.0
b0038,,2,0,0.4914671239229283,0.4914671239229364,-8.104628079763643e-15,0,0.0
b0037,,3,0,0.4914671239229283,0.4914671239229283,0.0,0,0.0
b0036,,2,0,0.4914671239229283,0.49146712392292635,1.942890293094024e-15,0,0.0
b2679,,4,0,0.4914671239229283,0.4914671239229283,0.0,0,0.0
b2677,,4,0,0.4914671239229283,0.4914671239229283,0.0,0,0.0
b2678,,4,0,0.4914671239229283,0.4914671239229283,0.0,0,0.0
b4111,,5,0,0.4914671239229283,0.49146712392293374,-5.440092820663267e-15,0,0.0
b0040,,2,0,0.4914671239229283,0.49146712392292935,-1.0547118733938987e-15,0,0.0
b0720,,1,428,0.4914671239229283,0.0,0.4914671239229283,1,5849.283076543946
b0337,,1,4,0.4914671239229283,0.4914671239229369,-8.604228440844963e-15,0,2.6175223710552063e-05
b0336,,1,0,0.4914671239229283,0.4914671239229175,1.0769163338864018e-14,0,0.0
b3846,,19,452,0.4914671239229283,0.4749034579472915,0.0165636659756368,0,8.781591391454334
b2780,,1,430,0.4914671239229283,0.0,0.4914671239229283,1,6001.917563365063
b0123,,2,4,0.4914671239229283,0.49146712392292513,3.164135620181696e-15,0,2.6175223710551436e-05
b0484,,1,0,0.4914671239229283,0.4914671239229283,0.0,0,0.0
b3425,,1,4,0.4914671239229283,0.491467123922915,1.3322676295501878e-14,0,4.8046157506539354e-08
b1308,,1,0,0.4914671239229283,0.4914671239229283,0.0,0,0.0
b0340,,1,0,0.4914671239229283,0.4914671239229276,7.216449660063518e-16,0,0.0
b0341,,1,0,0.4914671239229283,0.49146712392292496,3.3306690738754696e-15,0,0.0
b1919,,1,0,0.4914671239229283,0.4914671239229285,-2.220446049250313e-16,0,0.0
b3008,,2,430,0.4914671239229283,0.0,0.4914671239229283,1,6001.917563365063
b3708,,3,311,0.4914671239229283,0.4910031929014045,0.00046393102152381127,0,0.010622453633072775
b2414,,1,430,0.4914671239229283,0.0,0.4914671239229283,1,6001.917563365063
b2421,,1,430,0.4914671239229283,0.0,0.4914671239229283,1,6001.917563365063
b2810,,1,4,0.4914671239229283,0.49146712392292974,-1.4432899320127035e-15,0,2.617522371055168e-05
b1622,,1,430,0.4914671239229283,0.0,0.4914671239229283,1,6001.917563365063
b0526,,1,4,0.4914671239229283,0.49146712392292735,9.43689570931383e-16,0,2.6175223710551558e-05
b0886,,2,4,0.4914671239229283,0.4914671239229235,4.773959005888173e-15,0,4.804615748510226e-08
b0887,,2,4,0.4914671239229283,0.4914671239229235,4.773959005888173e-15,0,4.804615748510226e-08
b0978,,2,0,0.4914671239229283,0.4914671239229322,-3.885780586188048e-15,0,0.0
b0979,,2,0,0.4914671239229283,0.4914671239229322,-3.885780586188048e-15,0,0.0
b0734,,1,0,0.4914671239229283,0.4914671239229283,0.0,0,0.0
b0733,,1,0,0.4914671239229283,0.4914671239229283,0.0,0,0.0
b0432,,1,422,0.4914671239229283,0.43607981323538364,0.055387310687544655,0,429.6322317711234
b0430,,1,422,0.4914671239229283,0.43607981323538364,0.055387310687544655,0,429.6322317711234
b0429,,1,422,0.4914671239229283,0.43607981323538364,0.055387310687544655,0,429.6322317711234
b0431,,1,422,0.4914671239229283,0.43607981323538364,0.055387310687544655,0,429.6322317711234
b2143,,2,0,0.4914671239229283,0.4914671239229162,1.2101430968414206e-14,0,0.0
b0651,,2,4,0.4914671239229283,0.49146712392293007,-1.7763568394002505e-15,0,4.8046157493743895e-08
b2162,,2,4,0.4914671239229283,0.49146712392293007,-1.7763568394002505e-15,0,4.8046157493743895e-08
b2066,,2,0,0.4914671239229283,0.4914671239229283,0.0,0,0.0
b0910,,3,430,0.4914671239229283,0.0,0.4914671239229283,1,6001.917563365063
b2975,,3,78,0.4914671239229283,0.4914653021685076,1.8217544207055347e-06,0,1.630868950643086e-06
b3603,,3,78,0.4914671239229283,0.4914653021685084,1.8217544198728675e-06,0,1.6308689519961318e-06
b1189,,1,0,0.4914671239229283,0.4914671239229283,0.0,0,0.0
b4042,,7,0,0.4914671239229283,0.4914671239229283,0.0,0,0.0
b2871,,1,0,0.4914671239229283,0.49146712392293057,-2.275957200481571e-15,0,0.0
b2838,,1,430,0.4914671239229283,0.0,0.4914671239229283,1,6001.917563365063
b3809,,1,430,0.4914671239229283,0.0,0.4914671239229283,1,6001.917563365061
b0175,,7,430,0.4914671239229283,0.0,0.4914671239229283,1,6001.917563365063
b3041,,1,430,0.4914671239229283,0.0,0.4914671239229283,1,6001.917563365062
b0778,,1,430,0.4914671239229283,0.0,0.4914671239229283,1,6001.917563365065
b1734,,1,4,0.4914671239229283,0.4914671239229208,7.494005416219807e-15,0,2.617522371055121e-05
b2065,,1,0,0.4914671239229283,0.4914671239229283,0.0,0,0.0
b2344,,7,4,0.4914671239229283,0.4914671239229328,-4.496403249731884e-15,0,4.804615748452346e-08
b3693,,1,0,0.4914671239229283,0.49146712392293146,-3.164135620181696e-15,0,0.0
b3909,,2,0,0.4914671239229283,0.49146712392292835,-5.551115123125783e-17,0,0.0
b3526,,1,0,0.4914671239229283,0.49146712392293,-1.7208456881689926e-15,0,0.0
b1704,,1,430,0.4914671239229283,0.0,0.4914671239229283,1,6001.917563365065
b2601,,1,430,0.4914671239229283,0.0,0.4914671239229283,1,6001.917563365063
b0754,,1,430,0.4914671239229283,0.0,0.4914671239229283,1,6001.917563365061
b4477,,1,4,0.4914671239229283,0.4914671239229185,9.769962616701378e-15,0,2.6175223710551087e-05
b3648,,2,430,0.4914671239229283,0.0,0.4914671239229283,1,6001.917563365063
b1393,,1,4,0.4914671239229283,0.49146712392291764,1.0658141036401503e-14,0,2.617522371055104e-05
b3771,,2,430,0.4914671239229283,0.0,0.4914671239229283,1,6001.917563365063
b1198,,1,5,0.4914671239229283,0.4914671239229264,1.887379141862766e-15,0,188.33177696332842
b1199,,1,5,0.4914671239229283,0.49146712392293307,-4.773959005888173e-15,0,188.3317769633317
b1200,,1,5,0.4914671239229283,0.49146712392293307,-4.773959005888173e-15,0,188.3317769633317
b0596,,1,0,0.4914671239229283,0.49146712392290776,2.0539125955565396e-14,0,0.0
b0594,,1,0,0.4914671239229283,0.4914671239229283,0.0,0,0.0
b2541,,2,0,0.4914671239229283,0.4914671239229297,-1.3877787807814457e-15,0,0.0
b0348,,2,4,0.4914671239229283,0.49146712392292,8.271161533457416e-15,0,4.804615745296419e-08
b0031,,1,430,0.4914671239229283,0.0,0.4914671239229283,1,6001.917563365063
b2478,,1,430,0.4914671239229283,0.0,0.4914671239229283,1,6001.917563365063
b0048,,1,430,0.4914671239229283,0.0,0.4914671239229283,1,6001.917563365063
b1606,,2,430,0.4914671239229283,0.0,0.4914671239229283,1,6001.917563365063
b2315,,1,430,0.4914671239229283,0.0,0.4914671239229283,1,6001.917563365067
b3930,,1,4,0.4914671239229283,0.49146712392292635,1.942890293094024e-15,0,2.61752237105515e-05
b2262,,1,0,0.4914671239229283,0.4914671239229229,5.384581669432009e-15,0,0.0
b0736,,1,0,0.4914671239229283,0.4914671239229185,9.769962616701378e-15,0,0.0
b3058,,2,430,0.4914671239229283,0.0,0.4914671239229283,1,6001.917563365063
b0945,,2,11,0.4914671239229283,0.49146712392292435,3.941291737419306e-15,0,0.07931798566181922
b1062,,1,430,0.4914671239229283,0.0,0.4914671239229283,1,6001.917563365063
b3177,,1,430,0.4914671239229283,0.0,0.4914671239229283,1,6001.917563365063
b0578,,2,0,0.4914671239229283,0.491467123922933,-4.718447854656915e-15,0,0.0
b2303,,1,0,0.4914671239229283,0.4914671239229322,-3.885780586188048e-15,0,0.0
b3389,,1,430,0.4914671239229283,0.0,0.4914671239229283,1,6001.917563365061
b1693,,1,430,0.4914671239229283,0.0,0.4914671239229283,1,6001.917563365063
b0421,,2,430,0.4914671239229283,0.0,0.4914671239229283,1,6001.917563365063
b0029,,2,430,0.4914671239229283,0.0,0.4914671239229283,1,6001.917563365065
b2232,,2,4,0.4914671239229283,0.49146712392292247,5.828670879282072e-15,0,2.6175223710551297e-05
b1588,,3,0,0.4914671239229283,0.49146712392292885,-5.551115123125783e-16,0,0.0
b0895,,4,0,0.4914671239229283,0.4914671239229112,1.709743457922741e-14,0,0.0
b1587,,3,0,0.4914671239229283,0.49146712392292885,-5.551115123125783e-16,0,0.0
b0894,,4,0,0.4914671239229283,0.4914671239229112,1.709743457922741e-14,0,0.0
b1590,,3,0,0.4914671239229283,0.49146712392292885,-5.551115123125783e-16,0,0.0
b0896,,4,0,0.4914671239229283,0.4914671239229112,1.709743457922741e-14,0,0.0
b1589,,3,0,0.4914671239229283,0.49146712392292885,-5.551115123125783e-16,0,0.0
b1872,,4,0,0.4914671239229283,0.49146712392292674,1.5543122344752192e-15,0,0.0
b1873,,4,0,0.4914671239229283,0.49146712392292674,1.5543122344752192e-15,0,0.0
b0099,,3,430,0.4914671239229283,0.0,0.4914671239229283,1,6001.917563365061
b1865,,2,430,0.4914671239229283,0.0,0.4914671239229283,1,6001.917563365065
b3575,,1,4,0.4914671239229283,0.49146712392292347,4.829470157119431e-15,0,2.617522371055135e-05
b0103,,1,430,0.4914671239229283,0.0,0.4914671239229283,1,6001.917563365061
b3774,,3,430,0.4914671239229283,0.0,0.4914671239229283,1,6001.917563365065
b0425,,1,430,0.4914671239229283,0.0,0.4914671239229283,1,6001.9175633650675
b4381,,1,0,0.4914671239229283,0.4914671239229268,1.4988010832439613e-15,0,0.0
b1185,,2,0,0.4914671239229283,0.49146712392291525,1.304512053934559e-14,0,0.0
b3860,,2,0,0.4914671239229283,0.49146712392291525,1.304512053934559e-14,0,0.0
b2893,,2,0,0.4914671239229283,0.4914671239229457,-1.7430501486614958e-14,0,0.0
b2582,,10,9,0.4914671239229283,0.491467123922925,3.2751579226442118e-15,0,0.07420175386852013
b4136,,3,0,0.4914671239229283,0.49146712392292524,3.0531133177191805e-15,0,0.0
b3781,,10,9,0.4914671239229283,0.491467123922925,3.2751579226442118e-15,0,0.07420175386852013
b0604,,2,4,0.4914671239229283,0.4914671239229183,9.992007221626409e-15,0,4.8046157486050235e-08
b4122,,2,413,0.4914671239229283,0.4858524493361848,0.005614674586743473,0,8.200581277169402
b1098,,1,430,0.4914671239229283,0.0,0.4914671239229283,1,6001.917563365063
b2146,,1,4,0.4914671239229283,0.49146712392292313,5.162537064506978e-15,0,2.617522371055133e-05
b2147,,1,0,0.4914671239229283,0.4914671239393108,-1.638250646252004e-11,0,0.0
b1238,,2,0,0.4914671239229283,0.49146712392292746,8.326672684688674e-16,0,0.0
b4384,,7,7,0.4914671239229283,0.4914671239229226,5.717648576819556e-15,0,7.658030850129833e-07
b4382,,2,0,0.4914671239229283,0.4914671239229172,1.1102230246251565e-14,0,0.0
b2251,,3,295,0.4914671239229283,0.491324659394061,0.0001424645288672921,0,0.002931044531127201
b3640,,1,295,0.4914671239229283,0.491324659394061,0.0001424645288672921,0,0.002931044531127201
b0173,,1,430,0.4914671239229283,0.0,0.4914671239229283,1,6001.917563365065
b0420,,1,430,0.4914671239229283,0.0,0.4914671239229283,1,6001.917563365059
b3564,,2,0,0.4914671239229283,0.4914671239229304,-2.1094237467877974e-15,0,0.0
b1779,,2,439,0.4914671239229283,0.0,0.4914671239229283,1,6030.887251816233
b2927,,1,430,0.4914671239229283,0.0,0.4914671239229283,1,6001.917563365065
b1288,,26,430,0.4914671239229283,0.0,0.4914671239229283,1,6001.917563365065
b3622,,2,4,0.4914671239229283,0.4914671239229262,2.1094237467877974e-15,0,2.6175223710551493e-05
b3793,,3,0,0.4914671239229283,0.4914671239229277,6.106226635438361e-16,0,0.0
b3785,,3,0,0.4914671239229283,0.4914671239229277,6.106226635438361e-16,0,0.0
b3792,,1,0,0.4914671239229283,0.49146712392292924,-9.43689570931383e-16,0,0.0
b2341,,16,452,0.4914671239229283,0.47490345794729316,0.016563665975635133,0,8.781591391475017
b1850,,2,0,0.4914671239229283,0.49146712392292846,-1.6653345369377348e-16,0,0.0
b1851,,1,0,0.4914671239229283,0.49146712392286473,6.356026815979021e-14,0,0.0
b1054,,1,0,0.4914671239229283,0.4914671239229441,-1.582067810090848e-14,0,0.0
b1855,,2,4,0.4914671239229283,0.4914671239229304,-2.1094237467877974e-15,0,4.804615748933991e-08
b2378,,1,0,0.4914671239229283,0.4914671239229332,-4.884981308350689e-15,0,0.0
b2779,,1,444,0.4914671239229283,0.2519583359455617,0.23950878797736658,0,2441.199895002588
b0583,,1,4,0.4914671239229283,0.4914671239229312,-2.886579864025407e-15,0,4.804615748197779e-08
b0585,,2,0,0.4914671239229283,0.49146712392292874,-4.440892098500626e-16,0,0.0
b2441,,1,0,0.4914671239229283,0.4914671239229188,9.492406860545088e-15,0,0.0
b2440,,1,0,0.4914671239229283,0.4914671239229188,9.492406860545088e-15,0,0.0
b3946,,1,9,0.4914671239229283,0.49146712392293,-1.7208456881689926e-15,0,188.33177701135813
b0825,,1,9,0.4914671239229283,0.49146712392293,-1.7208456881689926e-15,0,188.33177701135813
b0822,,5,4,0.4914671239229283,0.49146712392294056,-1.226796442210798e-14,0,4.804615748902956e-08
b3666,,4,4,0.4914671239229283,0.4914671239229231,5.218048215738236e-15,0,4.804615747849735e-08
b0404,,7,0,0.4914671239229283,0.4914671239229252,3.1086244689504383e-15,0,0.0
b0452,,10,452,0.4914671239229283,0.47490345794728867,0.01656366597563963,0,8.781591391455615
b1805,,10,0,0.4914671239229283,0.49146712392292696,1.3322676295501878e-15,0,0.0
b1701,,10,0,0.4914671239229283,0.49146712392292696,1.3322676295501878e-15,0,0.0
b3844,,6,407,0.4914671239229283,0.48558593334994715,0.005881190572981143,0,3.693013691497087
b2764,,4,430,0.4914671239229283,0.0,0.4914671239229283,1,6001.917563365063
b2763,,4,430,0.4914671239229283,0.0,0.4914671239229283,1,6001.917563365063
b2925,,2,418,0.4914671239229283,0.48213192344357797,0.009335200479350325,0,105.16311932591378
b1773,,1,5,0.4914671239229283,0.4914671239229255,2.7755575615628914e-15,0,58.9919506252079
b2097,,1,5,0.4914671239229283,0.4914671239229255,2.7755575615628914e-15,0,58.9919506252079
b3925,,1,0,0.4914671239229283,0.4914671239229283,0.0,0,0.0
b2930,,1,0,0.4914671239229283,0.4914671239229283,0.0,0,0.0
b4232,,1,0,0.4914671239229283,0.4914671239229283,0.0,0,0.0
b2802,,1,0,0.4914671239229283,0.49146712392292685,1.4432899320127035e-15,0,0.0
b2803,,1,0,0.4914671239229283,0.49146712392293046,-2.1649348980190553e-15,0,0.0
b2738,,1,0,0.4914671239229283,0.491467123922925,3.2751579226442118e-15,0,0.0
b2800,,1,0,0.4914671239229283,0.491467123922925,3.2751579226442118e-15,0,0.0
b0475,,1,430,0.4914671239229283,0.0,0.4914671239229283,1,6001.917563365063
b1476,,2,4,0.4914671239229283,0.4914671239229291,-8.326672684688674e-16,0,2.617522371055165e-05
b1474,,2,0,0.4914671239229283,0.49146712392292646,1.8318679906315083e-15,0,0.0
b1475,,2,0,0.4914671239229283,0.49146712392292646,1.8318679906315083e-15,0,0.0
b3892,,2,0,0.4914671239229283,0.49146712392292646,1.8318679906315083e-15,0,0.0
b3893,,2,0,0.4914671239229283,0.49146712392292646,1.8318679906315083e-15,0,0.0
b3894,,2,0,0.4914671239229283,0.49146712392292646,1.8318679906315083e-15,0,0.0
b0935,,5,0,0.4914671239229283,0.491467123922924,4.274358644806853e-15,0,0.0
b3409,,1,0,0.4914671239229283,0.4914671239229283,0.0,0,0.0
b2392,,2,0,0.4914671239229283,0.4914671239229283,0.0,0,0.0
b4290,,1,0,0.4914671239229283,0.491467123922918,1.0269562977782698e-14,0,0.0
b4288,,1,0,0.4914671239229283,0.491467123922918,1.0269562977782698e-14,0,0.0
b4287,,1,0,0.4914671239229283,0.491467123922918,1.0269562977782698e-14,0,0.0
b4289,,1,0,0.4914671239229283,0.491467123922918,1.0269562977782698e-14,0,0.0
b4291,,1,0,0.4914671239229283,0.491467123922918,1.0269562977782698e-14,0,0.0
b0589,,2,4,0.4914671239229283,0.4914671239229279,3.885780586188048e-16,0,4.804615748979834e-08
b0588,,2,4,0.4914671239229283,0.4914671239229279,3.885780586188048e-16,0,4.804615748979834e-08
b0592,,2,4,0.4914671239229283,0.4914671239229279,3.885780586188048e-16,0,4.804615748979834e-08
b0590,,2,4,0.4914671239229283,0.4914671239229279,3.885780586188048e-16,0,4.804615748979834e-08
b2155,,1,0,0.4914671239229283,0.49146712392293107,-2.7755575615628914e-15,0,0.0
b0805,,1,0,0.4914671239229283,0.49146712392293107,-2.7755575615628914e-15,0,0.0
b0150,,3,0,0.4914671239229283,0.4914671239229198,8.493206138382448e-15,0,0.0
b0584,,1,0,0.4914671239229283,0.49146712392289515,3.314015728506092e-14,0,0.0
b0591,,1,4,0.4914671239229283,0.4914671239229211,7.216449660063518e-15,0,4.8046157489849456e-08
b4367,,3,0,0.4914671239229283,0.491467123922912,1.63202784619898e-14,0,0.0
b4209,,1,238,0.4914671239229283,0.4914511779030985,1.594601982979338e-05,0,7.781793312292081e-05
b2486,,1,0,0.4914671239229283,0.4914671239229283,0.0,0,0.0
b4079,,1,0,0.4914671239229283,0.4914671239229283,0.0,0,0.0
b2722,,2,0,0.4914671239229283,0.4914671239229283,0.0,0,0.0
b2483,,1,0,0.4914671239229283,0.4914671239229283,0.0,0,0.0
b2719,,2,0,0.4914671239229283,0.4914671239229283,0.0,0,0.0
b2723,,2,0,0.4914671239229283,0.4914671239229283,0.0,0,0.0
b2721,,2,0,0.4914671239229283,0.4914671239229283,0.0,0,0.0
b2481,,1,0,0.4914671239229283,0.4914671239229283,0.0,0,0.0
b2485,,1,0,0.4914671239229283,0.4914671239229283,0.0,0,0.0
b2484,,1,0,0.4914671239229283,0.4914671239229283,0.0,0,0.0
b2724,,2,0,0.4914671239229283,0.4914671239229283,0.0,0,0.0
b2482,,1,0,0.4914671239229283,0.4914671239229283,0.0,0,0.0
b2489,,1,0,0.4914671239229283,0.4914671239229283,0.0,0,0.0
b2720,,2,0,0.4914671239229283,0.4914671239229283,0.0,0,0.0
b2488,,1,0,0.4914671239229283,0.4914671239229283,0.0,0,0.0
b2490,,1,0,0.4914671239229283,0.4914671239229283,0.0,0,0.0
b2487,,1,0,0.4914671239229283,0.4914671239229283,0.0,0,0.0
b3924,,5,304,0.4914671239229283,0.491177648115174,0.0002894758077542914,0,0.014181550568471738
b0684,,7,430,0.4914671239229283,0.0,0.4914671239229283,1,6001.917563365063
b2895,,7,430,0.4914671239229283,0.0,0.4914671239229283,1,6001.917563365059
b3288,,1,4,0.4914671239229283,0.49146712392292524,3.0531133177191805e-15,0,2.6175223710551446e-05
b0025,,2,430,0.4914671239229283,0.0,0.4914671239229283,1,6001.917563365063
b0937,,2,4,0.4914671239229283,0.491467123922939,-1.071365218763276e-14,0,2.6175223710552178e-05
b2912,,1,0,0.4914671239229283,0.4914671239229283,0.0,0,0.0
b2374,,1,0,0.4914671239229283,0.4914671239229232,5.10702591327572e-15,0,0.0
b2492,,2,425,0.4914671239229283,0.4497023748115294,0.04176474911139888,0,2071.7294068708047
b0904,,2,425,0.4914671239229283,0.4497023748115294,0.04176474911139888,0,2071.7294068708047
b4154,,2,0,0.4914671239229283,0.49146712392292824,5.551115123125783e-17,0,0.0
b4152,,2,0,0.4914671239229283,0.49146712392292824,5.551115123125783e-17,0,0.0
b4153,,2,0,0.4914671239229283,0.49146712392292824,5.551115123125783e-17,0,0.0
b4151,,2,0,0.4914671239229283,0.49146712392292824,5.551115123125783e-17,0,0.0
b2168,,1,0,0.4914671239229283,0.49146712392293307,-4.773959005888173e-15,0,0.0
b3371,,1,4,0.4914671239229283,0.491467123922921,7.271960811294775e-15,0,4.80461574747358e-08
b4474,,1,0,0.4914671239229283,0.49146712392292063,7.66053886991358e-15,0,0.0
b3374,,1,4,0.4914671239229283,0.4914671239229454,-1.709743457922741e-14,0,4.804615748688761e-08
b3370,,2,0,0.4914671239229283,0.491467123922927,1.27675647831893e-15,0,0.0
b4321,,2,0,0.4914671239229283,0.49146712392292285,5.440092820663267e-15,0,0.0
b2169,,1,0,0.4914671239229283,0.491467123922923,5.2735593669694936e-15,0,0.0
b2167,,1,0,0.4914671239229283,0.491467123922923,5.2735593669694936e-15,0,0.0
b1232,,1,0,0.4914671239229283,0.4914671239229168,1.149080830487037e-14,0,0.0
b2801,,1,0,0.4914671239229283,0.4914671239229318,-3.497202527569243e-15,0,0.0
b1611,,1,413,0.4914671239229283,0.4858524493361838,0.0056146745867444725,0,8.200581277190341
b1612,,1,413,0.4914671239229283,0.4858524493361838,0.0056146745867444725,0,8.200581277190341
b0621,,4,0,0.4914671239229283,0.4914671239229283,0.0,0,0.0
b3730,,2,430,0.4914671239229283,0.0,0.4914671239229283,1,6001.917563365063
b1002,,2,0,0.4914671239229283,0.49146712392292713,1.1657341758564144e-15,0,0.0
b3789,,1,0,0.4914671239229283,0.4914671239229267,1.609823385706477e-15,0,0.0
b2039,,1,0,0.4914671239229283,0.4914671239229267,1.609823385706477e-15,0,0.0
b0154,,1,430,0.4914671239229283,0.0,0.4914671239229283,1,6001.917563365063
b2533,,2,4,0.4914671239229283,0.4914671239229262,2.1094237467877974e-15,0,2.6175223710551493e-05
b4055,,17,4,0.4914671239229283,0.49146712392288844,3.985700658404312e-14,0,4.804615747371067e-08
b4041,,7,10,0.4914671239229283,0.49146712392292585,2.4424906541753444e-15,0,0.0070501439394285575
b3451,,7,0,0.4914671239229283,0.49146712392292013,8.1601392309949e-15,0,0.0
b3452,,7,0,0.4914671239229283,0.49146712392292013,8.1601392309949e-15,0,0.0
b3453,,7,0,0.4914671239229283,0.49146712392292013,8.1601392309949e-15,0,0.0
b3450,,7,0,0.4914671239229283,0.49146712392292013,8.1601392309949e-15,0,0.0
b3608,,1,430,0.4914671239229283,0.0,0.4914671239229283,1,6001.917563365061
b2242,,3,0,0.4914671239229283,0.4914671239229213,6.994405055138486e-15,0,0.0
b2241,,3,0,0.4914671239229283,0.49146712392292546,2.831068712794149e-15,0,0.0
b2243,,3,0,0.4914671239229283,0.49146712392292546,2.831068712794149e-15,0,0.0
b3426,,1,0,0.4914671239229283,0.49146712392292546,2.831068712794149e-15,0,0.0
b0243,,1,316,0.4914671239229283,0.4902661513207824,0.001200972602145911,0,0.09784819907397575
b0678,,1,0,0.4914671239229283,0.49146712392292746,8.326672684688674e-16,0,0.0
b1852,,1,4,0.4914671239229283,0.49146712392292574,2.55351295663786e-15,0,4.804615749265928e-08
b3128,,1,0,0.4914671239229283,0.491467123922917,1.1268763699945339e-14,0,0.0
b4358,,1,0,0.4914671239229283,0.4914671239229277,6.106226635438361e-16,0,0.0
b4478,,1,0,0.4914671239229283,0.4914671239229226,5.717648576819556e-15,0,0.0
b4356,,1,0,0.4914671239229283,0.4914671239229261,2.220446049250313e-15,0,0.0
b3691,,1,0,0.4914671239229283,0.49146712392292524,3.0531133177191805e-15,0,0.0
b3127,,3,0,0.4914671239229283,0.4914671239229363,-7.993605777301127e-15,0,0.0
b2789,,3,0,0.4914671239229283,0.4914671239229363,-7.993605777301127e-15,0,0.0
b0757,,1,0,0.4914671239229283,0.49146712392292136,6.938893903907228e-15,0,0.0
b2045,,1,0,0.4914671239229283,0.49146712392292136,6.938893903907228e-15,0,0.0
b0756,,1,0,0.4914671239229283,0.49146712392292263,5.662137425588298e-15,0,0.0
b4119,,1,0,0.4914671239229283,0.4914671239229332,-4.884981308350689e-15,0,0.0
b3628,,1,0,0.4914671239229283,0.4914671239229244,3.885780586188048e-15,0,0.0
b2093,,1,4,0.4914671239229283,0.49146712392292774,5.551115123125783e-16,0,4.804615748248973e-08
b2092,,1,4,0.4914671239229283,0.49146712392292774,5.551115123125783e-16,0,4.804615748248973e-08
b2094,,1,4,0.4914671239229283,0.49146712392292774,5.551115123125783e-16,0,4.804615748248973e-08
b3093,,2,0,0.4914671239229283,0.49146712392292946,-1.1657341758564144e-15,0,0.0
b1236,,1,0,0.4914671239229283,0.49146712392293024,-1.942890293094024e-15,0,0.0
b4230,,2,0,0.4914671239229283,0.4914671239229281,2.220446049250313e-16,0,0.0
b2148,,2,0,0.4914671239229283,0.4914671239229283,0.0,0,0.0
b2149,,2,0,0.4914671239229283,0.4914671239229283,0.0,0,0.0
b2150,,2,0,0.4914671239229283,0.4914671239229283,0.0,0,0.0
b4231,,2,0,0.4914671239229283,0.4914671239229281,2.220446049250313e-16,0,0.0
b4485,,2,0,0.4914671239229283,0.4914671239229281,2.220446049250313e-16,0,0.0
b4227,,2,0,0.4914671239229283,0.4914671239229281,2.220446049250313e-16,0,0.0
b2943,,2,0,0.4914671239229283,0.49146712392292724,1.0547118733938987e-15,0,0.0
b2500,,1,348,0.4914671239229283,0.48964086794185463,0.0018262559810736656,0,0.1005258929288154
b1415,,2,430,0.4914671239229283,0.0,0.4914671239229283,1,6001.917563365063
b2052,,2,0,0.4914671239229283,0.4914671239229214,6.8833827526759706e-15,0,0.0
b2784,,2,0,0.4914671239229283,0.4914671239229283,0.0,0,0.0
b3650,,3,0,0.4914671239229283,0.4914671239229369,-8.604228440844963e-15,0,0.0
b2051,,1,0,0.4914671239229283,0.4914671239229283,0.0,0,0.0
b2467,,1,0,0.4914671239229283,0.4914671239229283,0.0,0,0.0
b3729,,1,430,0.4914671239229283,0.0,0.4914671239229283,1,6001.917563365063
b1298,,1,0,0.4914671239229283,0.4914671239229235,4.773959005888173e-15,0,0.0
b1301,,1,0,0.4914671239229283,0.4914671239229283,0.0,0,0.0
b1297,,2,430,0.4914671239229283,0.0,0.4914671239229283,1,6001.917563365063
b3882,,1,0,0.4914671239229283,0.49146712392292735,9.43689570931383e-16,0,0.0
b3432,,1,4,0.4914671239229283,0.4914671239229297,-1.3877787807814457e-15,0,4.80461574954168e-08
b0459,,2,0,0.4914671239229283,0.4914671239229399,-1.1601830607332886e-14,0,0.0
b0124,,1,0,0.4914671239229283,0.49146712392292485,3.4416913763379853e-15,0,0.0
b0837,,1,0,0.4914671239229283,0.49146712392292485,3.4416913763379853e-15,0,0.0
b4476,,1,0,0.4914671239229283,0.4914671239229225,5.773159728050814e-15,0,0.0
b3415,,1,0,0.4914671239229283,0.4914671239229225,5.773159728050814e-15,0,0.0
b3417,,5,4,0.4914671239229283,0.4914671239229226,5.717648576819556e-15,0,4.804615748274061e-08
b3428,,2,4,0.4914671239229283,0.4914671239229259,2.3869795029440866e-15,0,4.804615747490201e-08
b3126,,1,0,0.4914671239229283,0.4914671239229289,-6.106226635438361e-16,0,0.0
b2787,,1,0,0.4914671239229283,0.49146712392292724,1.0547118733938987e-15,0,0.0
b2788,,1,0,0.4914671239229283,0.49146712392292724,1.0547118733938987e-15,0,0.0
b3429,,1,0,0.4914671239229283,0.491467123922908,2.0317081350640365e-14,0,0.0
b3631,,1,0,0.4914671239229283,0.49146712392292397,4.3298697960381105e-15,0,0.0
b3627,,1,4,0.4914671239229283,0.4914671239229195,8.770761894538737e-15,0,4.804615749930556e-08
b3626,,1,0,0.4914671239229283,0.4914671239229373,-8.992806499463768e-15,0,0.0
b1621,,2,420,0.4914671239229283,0.4637632274222028,0.027703896500725522,0,602.767648683377
b3431,,1,0,0.4914671239229283,0.49146712392293884,-1.0547118733938987e-14,0,0.0
b3430,,1,0,0.4914671239229283,0.4914671239229283,0.0,0,0.0
b3870,,1,430,0.4914671239229283,0.0,0.4914671239229283,1,6001.917563365063
b0680,,1,0,0.4914671239229283,0.49146712392292735,9.43689570931383e-16,0,0.0
b0809,,1,0,0.4914671239229283,0.4914671239229283,0.0,0,0.0
b0810,,1,0,0.4914671239229283,0.4914671239229283,0.0,0,0.0
b0811,,1,0,0.4914671239229283,0.4914671239229283,0.0,0,0.0
b2091,,1,4,0.4914671239229283,0.49146712392290526,2.3037127760971998e-14,0,4.8046157489005236e-08
b0242,,1,318,0.4914671239229283,0.4902661513207896,0.0012009726021386946,0,0.09784797394081303
b1492,,1,0,0.4914671239229283,0.49146712392292125,7.049916206369744e-15,0,0.0
b2688,,1,0,0.4914671239229283,0.4914671239229283,0.0,0,0.0
b1493,,1,0,0.4914671239229283,0.4914671239229322,-3.885780586188048e-15,0,0.0
b3517,,1,0,0.4914671239229283,0.4914671239229322,-3.885780586188048e-15,0,0.0
b1761,,1,420,0.4914671239229283,0.4491725247660323,0.042294599156895984,0,56.00294575194426
b1524,,1,0,0.4914671239229283,0.4914671239229192,9.103828801926284e-15,0,0.0
b0485,,1,0,0.4914671239229283,0.4914671239229192,9.103828801926284e-15,0,0.0
b2312,,1,430,0.4914671239229283,0.0,0.4914671239229283,1,6001.917563365063
b3967,,1,430,0.4914671239229283,0.0,0.4914671239229283,1,6001.917563365065
b3213,,1,0,0.4914671239229283,0.4914671239229247,3.608224830031759e-15,0,0.0
b3212,,1,4,0.4914671239229283,0.4914671239229192,9.103828801926284e-15,0,4.804615748917486e-08
b1210,,1,430,0.4914671239229283,0.0,0.4914671239229283,1,6001.917563365063
b2400,,1,430,0.4914671239229283,0.0,0.4914671239229283,1,6001.917563365063
b3653,,1,0,0.4914671239229283,0.491467123922921,7.271960811294775e-15,0,0.0
b0507,,1,0,0.4914671239229283,0.4914671239229283,0.0,0,0.0
b3927,,3,0,0.4914671239229283,0.49146712392294123,-1.2934098236883074e-14,0,0.0
b3617,,1,0,0.4914671239229283,0.491467123922906,2.2315482794965646e-14,0,0.0
b2240,,1,4,0.4914671239229283,0.4914671239229208,7.494005416219807e-15,0,4.804615749767161e-08
b0514,,1,0,0.4914671239229283,0.4914671239229283,0.0,0,0.0
b3124,,1,0,0.4914671239229283,0.4914671239229283,0.0,0,0.0
b2904,,1,0,0.4914671239229283,0.4914671239229238,4.496403249731884e-15,0,0.0
b2903,,1,0,0.4914671239229283,0.4914671239229238,4.496403249731884e-15,0,0.0
b2905,,1,0,0.4914671239229283,0.4914671239229238,4.496403249731884e-15,0,0.0
b1033,,4,0,0.4914671239229283,0.49146712392292685,1.4432899320127035e-15,0,0.0
b4468,,3,0,0.4914671239229283,0.49146712392293057,-2.275957200481571e-15,0,0.0
b4467,,3,0,0.4914671239229283,0.49146712392293057,-2.275957200481571e-15,0,0.0
b2979,,3,0,0.4914671239229283,0.49146712392293057,-2.275957200481571e-15,0,0.0
b3926,,1,4,0.4914671239229283,0.4914671239229195,8.770761894538737e-15,0,4.804615751326128e-08
b0212,,1,0,0.4914671239229283,0.4914671239229283,0.0,0,0.0
b3559,,1,0,0.4914671239229283,0.49146712392294534,-1.7041923427996153e-14,0,0.0
b3560,,1,0,0.4914671239229283,0.49146712392294534,-1.7041923427996153e-14,0,0.0
b2053,,1,0,0.4914671239229283,0.49146712392292763,6.661338147750939e-16,0,0.0
b3052,,2,4,0.4914671239229283,0.4914671239229277,6.106226635438361e-16,0,4.8046157489439955e-08
b0200,,1,0,0.4914671239229283,0.49146712392293207,-3.774758283725532e-15,0,0.0
b0104,,1,0,0.4914671239229283,0.4914671239229283,0.0,0,0.0
b2507,,1,430,0.4914671239229283,0.0,0.4914671239229283,1,6001.917563365063
b2029,,1,4,0.4914671239229283,0.49146712392292247,5.828670879282072e-15,0,2.6175223710551297e-05
b3437,,1,0,0.4914671239229283,0.49146712392292186,6.439293542825908e-15,0,0.0
b4268,,1,0,0.4914671239229283,0.49146712392292186,6.439293542825908e-15,0,0.0
b3449,,5,0,0.4914671239229283,0.4914671239229378,-9.492406860545088e-15,0,0.0
b2239,,5,0,0.4914671239229283,0.49146712392291403,1.426636586643326e-14,0,0.0
b1654,,6,0,0.4914671239229283,0.49146712392293096,-2.6645352591003757e-15,0,0.0
b3610,,6,0,0.4914671239229283,0.49146712392293096,-2.6645352591003757e-15,0,0.0
b0849,,6,0,0.4914671239229283,0.49146712392293096,-2.6645352591003757e-15,0,0.0
b0477,,2,0,0.4914671239229283,0.49146712392291525,1.304512053934559e-14,0,0.0
b2988,,2,4,0.4914671239229283,0.4914671239229297,-1.3877787807814457e-15,0,4.8046157498578104e-08
b3500,,1,0,0.4914671239229283,0.4914671239229333,-4.9960036108132044e-15,0,0.0
b1710,,2,0,0.4914671239229283,0.49146712392292186,6.439293542825908e-15,0,0.0
b3447,,1,0,0.4914671239229283,0.49146712392292574,2.55351295663786e-15,0,0.0
b0832,,1,0,0.4914671239229283,0.4914671239229283,0.0,0,0.0
b0829,,1,0,0.4914671239229283,0.4914671239229283,0.0,0,0.0
b0831,,1,0,0.4914671239229283,0.4914671239229283,0.0,0,0.0
b0830,,1,0,0.4914671239229283,0.4914671239229283,0.0,0,0.0
b2947,,1,0,0.4914671239229283,0.49146712392293285,-4.551914400963142e-15,0,0.0
b2153,,1,430,0.4914671239229283,0.0,0.4914671239229283,1,6001.917563365064
b1277,,1,430,0.4914671239229283,0.0,0.4914671239229283,1,6001.917563365063
b3779,,1,4,0.4914671239229283,0.4914671239229268,1.4988010832439613e-15,0,2.617522371055153e-05
b2883,,1,4,0.4914671239229283,0.49146712392293396,-5.662137425588298e-15,0,4.804615750439665e-08
b0125,,2,0,0.4914671239229283,0.4914671239229283,0.0,0,0.0
b0238,,3,4,0.4914671239229283,0.49146712392292274,5.551115123125783e-15,0,4.804615748881285e-08
b3092,,2,0,0.4914671239229283,0.49146712392293496,-6.661338147750939e-15,0,0.0
b1319,,1,438,0.4914671239229283,0.3265515330413714,0.16491559088155688,0,2957.495047052705
b3875,,1,438,0.4914671239229283,0.3265515330413714,0.16491559088155688,0,2957.495047052705
b0957,,1,438,0.4914671239229283,0.3265515330413714,0.16491559088155688,0,2957.495047052705
b0875,,1,434,0.4914671239229283,0.32656473376138334,0.16490239016154495,0,2957.508589328368
b1395,,1,0,0.4914671239229283,0.49146712392292824,5.551115123125783e-17,0,0.0
b4040,,1,430,0.4914671239229283,0.0,0.4914671239229283,1,6001.917563365063
b0353,,2,0,0.4914671239229283,0.49146712392292696,1.3322676295501878e-15,0,0.0
b0339,,1,430,0.4914671239229283,0.0,0.4914671239229283,1,6001.917563365061
b0126,,1,430,0.4914671239229283,0.0,0.4914671239229283,1,6001.917563365063
b0261,,2,4,0.4914671239229283,0.4914671239229195,8.770761894538737e-15,0,2.617522371055114e-05
b0428,,1,4,0.4914671239229283,0.4914671239229401,-1.1823875212257917e-14,0,4.804615747130872e-08
b3630,,1,0,0.4914671239229283,0.49146712392292435,3.941291737419306e-15,0,0.0
b3625,,1,0,0.4914671239229283,0.49146712392292624,2.0539125955565396e-15,0,0.0
b3621,,1,0,0.4914671239229283,0.491467123922944,-1.5709655798445965e-14,0,0.0
b3620,,1,0,0.4914671239229283,0.49146712392292496,3.3306690738754696e-15,0,0.0
b3632,,1,4,0.4914671239229283,0.4914671239229316,-3.3306690738754696e-15,0,4.804615748815215e-08
b3623,,1,0,0.4914671239229283,0.49146712392294084,-1.2545520178264269e-14,0,0.0
b2104,,1,4,0.4914671239229283,0.49146712392295444,-2.6145752229922437e-14,0,4.8046157489184125e-08
b2388,,1,0,0.4914671239229283,0.4914671239229283,0.0,0,0.0
b0394,,1,0,0.4914671239229283,0.4914671239229712,-4.29101199017623e-14,0,0.0
b2020,,1,430,0.4914671239229283,0.0,0.4914671239229283,1,6001.917563365063
b2022,,2,430,0.4914671239229283,0.0,0.4914671239229283,1,6001.917563365063
b2514,,1,4,0.4914671239229283,0.49146712392291736,1.0935696792557792e-14,0,2.6175223710551026e-05
b2309,,1,0,0.4914671239229283,0.4914671239229283,0.0,0,0.0
b0112,,4,0,0.4914671239229283,0.4914671239229279,3.885780586188048e-16,0,0.0
b0349,,2,0,0.4914671239229283,0.4914671239229011,2.7200464103316335e-14,0,0.0
b3805,,1,430,0.4914671239229283,0.0,0.4914671239229283,1,6001.917563365061
b2418,,4,0,0.4914671239229283,0.49146712392292397,4.3298697960381105e-15,0,0.0
b2103,,2,430,0.4914671239229283,0.0,0.4914671239229283,1,6001.917563365059
b0813,,2,4,0.4914671239229283,0.4914671239229238,4.496403249731884e-15,0,2.6175223710551368e-05
b3824,,1,0,0.4914671239229283,0.4914671239229177,1.0602629885170245e-14,0,0.0
b0352,,1,0,0.4914671239229283,0.49146712392292274,5.551115123125783e-15,0,0.0
b0142,,1,430,0.4914671239229283,0.0,0.4914671239229283,1,6001.917563365065
b0508,,1,0,0.4914671239229283,0.49146712392292097,7.327471962526033e-15,0,0.0
b0003,,1,430,0.4914671239229283,0.0,0.4914671239229283,1,6001.917563365061
b4013,,1,430,0.4914671239229283,0.0,0.4914671239229283,1,6001.917563365063
b2021,,1,430,0.4914671239229283,0.0,0.4914671239229283,1,6001.917563365059
b2867,,2,0,0.4914671239229283,0.49146712392292485,3.4416913763379853e-15,0,0.0
b2866,,2,4,0.4914671239229283,0.49146712392292746,8.326672684688674e-16,0,4.804615748196674e-08
b2868,,2,4,0.4914671239229283,0.49146712392292746,8.326672684688674e-16,0,4.804615748196674e-08
b2994,,3,0,0.4914671239229283,0.4914671239229283,0.0,0,0.0
b0973,,3,0,0.4914671239229283,0.4914671239229283,0.0,0,0.0
b0974,,3,0,0.4914671239229283,0.4914671239229283,0.0,0,0.0
b2997,,3,0,0.4914671239229283,0.4914671239229283,0.0,0,0.0
b2995,,3,0,0.4914671239229283,0.4914671239229283,0.0,0,0.0
b2996,,3,0,0.4914671239229283,0.4914671239229283,0.0,0,0.0
b0972,,3,0,0.4914671239229283,0.4914671239229283,0.0,0,0.0
b2530,,6,430,0.4914671239229283,0.0,0.4914671239229283,1,6001.917563365063
b2529,,6,144,0.4914671239229283,0.4914641394115331,2.984511395187628e-06,0,2.6941559180168273e-05
b3807,,4,430,0.4914671239229283,0.0,0.4914671239229283,1,6001.917563365063
b2528,,2,140,0.4914671239229283,0.49146413941153855,2.984511389747535e-06,0,7.66494421148156e-07
b1136,,1,428,0.4914671239229283,0.0,0.4914671239229283,1,5849.283076543946
b2265,,1,4,0.4914671239229283,0.49146712392292596,2.3314683517128287e-15,0,4.804615748337753e-08
b0593,,1,4,0.4914671239229283,0.4914671239229439,-1.559863349598345e-14,0,4.8046157498994977e-08
b0595,,1,4,0.4914671239229283,0.49146712392292585,2.4424906541753444e-15,0,4.804615746352162e-08
b4015,,1,4,0.4914671239229283,0.4914671239229276,7.216449660063518e-16,0,4.804615749782365e-08
b4267,,2,0,0.4914671239229283,0.49146712392292174,6.5503158452884236e-15,0,0.0
b2023,,1,430,0.4914671239229283,0.0,0.4914671239229283,1,6001.917563365063
b2025,,1,430,0.4914671239229283,0.0,0.4914671239229283,1,6001.917563365063
b1262,,2,430,0.4914671239229283,0.0,0.4914671239229283,1,6001.917563365063
b3770,,4,430,0.4914671239229283,0.0,0.4914671239229283,1,6001.917563365063
b0026,,1,4,0.4914671239229283,0.49146712392292397,4.3298697960381105e-15,0,2.617522371055137e-05
b0401,,3,0,0.4914671239229283,0.4914671239229252,3.1086244689504383e-15,0,0.0
b2508,,1,322,0.4914671239229283,0.49014336768564,0.0013237562372883094,0,0.12290276553132455
b3265,,1,0,0.4914671239229283,0.4914671239229283,0.0,0,0.0
b3266,,1,0,0.4914671239229283,0.4914671239229283,0.0,0,0.0
b3161,,2,4,0.4914671239229283,0.4914671239229229,5.384581669432009e-15,0,4.80461574945602e-08
b3679,,1,4,0.4914671239229283,0.4914671239229204,7.882583474838611e-15,0,4.804615747680911e-08
b2889,,1,0,0.4914671239229283,0.49146712392291986,8.43769498715119e-15,0,0.0
b0073,,1,430,0.4914671239229283,0.0,0.4914671239229283,1,6001.917563365063
b0071,,2,430,0.4914671239229283,0.0,0.4914671239229283,1,6001.917563365063
b0072,,2,430,0.4914671239229283,0.0,0.4914671239229283,1,6001.917563365061
b0074,,1,430,0.4914671239229283,0.0,0.4914671239229283,1,6001.917563365063
b0918,,1,430,0.4914671239229283,0.0,0.4914671239229283,1,6001.917563365063
b3198,,1,430,0.4914671239229283,0.0,0.4914671239229283,1,6001.917563365063
b1215,,1,430,0.4914671239229283,0.0,0.4914671239229283,1,6001.917563365065
b4196,,1,0,0.4914671239229283,0.49146712392293085,-2.55351295663786e-15,0,0.0
b3581,,1,0,0.4914671239229283,0.4914671239229261,2.220446049250313e-15,0,0.0
b0697,,1,0,0.4914671239229283,0.4914671239229283,0.0,0,0.0
b4513,,1,0,0.4914671239229283,0.4914671239229283,0.0,0,0.0
b0698,,1,0,0.4914671239229283,0.4914671239229283,0.0,0,0.0
b0696,,1,0,0.4914671239229283,0.4914671239229283,0.0,0,0.0
b3747,,1,313,0.4914671239229283,0.4906711170014573,0.0007960069214709709,0,0.022781702562550372
b1363,,1,313,0.4914671239229283,0.4906711170014573,0.0007960069214709709,0,0.022781702562550372
b1250,,1,313,0.4914671239229283,0.4906711170014573,0.0007960069214709709,0,0.022781702562550372
b3849,,1,313,0.4914671239229283,0.4906711170014573,0.0007960069214709709,0,0.022781702562550372
b1291,,1,313,0.4914671239229283,0.4906711170014573,0.0007960069214709709,0,0.022781702562550372
b3290,,1,313,0.4914671239229283,0.4906711170014573,0.0007960069214709709,0,0.022781702562550372
b0047,,1,0,0.4914671239229283,0.49146712392291914,9.159339953157541e-15,0,0.0
b0842,,2,0,0.4914671239229283,0.49146712392291914,9.159339953157541e-15,0,0.0
b3350,,1,0,0.4914671239229283,0.49146712392291914,9.159339953157541e-15,0,0.0
b3605,,2,0,0.4914671239229283,0.4914671239229283,0.0,0,0.0
b0306,,2,0,0.4914671239229283,0.4914671239229283,0.0,0,0.0
b0307,,2,0,0.4914671239229283,0.4914671239229283,0.0,0,0.0
b0308,,2,0,0.4914671239229283,0.4914671239229283,0.0,0,0.0
b2257,,1,0,0.4914671239229283,0.4914671239229222,6.106226635438361e-15,0,0.0
b0344,,1,0,0.4914671239229283,0.491467123922927,1.27675647831893e-15,0,0.0
b2132,,1,0,0.4914671239229283,0.4914671239229392,-1.0880185641326534e-14,0,0.0
b1326,,1,4,0.4914671239229283,0.4914671239229268,1.4988010832439613e-15,0,4.804615748503145e-08
b4130,,2,4,0.4914671239229283,0.49146712392291986,8.43769498715119e-15,0,4.804615747334161e-08
b3496,,2,4,0.4914671239229283,0.49146712392291986,8.43769498715119e-15,0,4.804615747334161e-08
b0709,,2,4,0.4914671239229283,0.49146712392291986,8.43769498715119e-15,0,4.804615747334161e-08
b1634,,2,4,0.4914671239229283,0.49146712392291986,8.43769498715119e-15,0,4.804615747334161e-08
b2799,,1,0,0.4914671239229283,0.4914671239229556,-2.731148640577885e-14,0,0.0
b2170,,1,0,0.4914671239229283,0.4914671239229283,0.0,0,0.0
b0070,,1,0,0.4914671239229283,0.4914671239229283,0.0,0,0.0
b0343,,1,0,0.4914671239229283,0.4914671239229235,4.773959005888173e-15,0,0.0
b1380,,1,0,0.4914671239229283,0.49146712392292485,3.4416913763379853e-15,0,0.0
b2133,,2,0,0.4914671239229283,0.4914671239229192,9.103828801926284e-15,0,0.0
b4054,,3,430,0.4914671239229283,0.0,0.4914671239229283,1,6001.917563365063
b0642,,1,0,0.4914671239229283,0.49146712392292075,7.549516567451064e-15,0,0.0
b3458,,1,0,0.4914671239229283,0.4914671239229283,0.0,0,0.0
b1651,,1,0,0.4914671239229283,0.4914671239229234,4.884981308350689e-15,0,0.0
b0622,,2,0,0.4914671239229283,0.4914671239229216,6.716849298982197e-15,0,0.0
b4386,,3,4,0.4914671239229283,0.4914671239229383,-9.992007221626409e-15,0,4.8046157479153203e-08
b0630,,1,0,0.4914671239229283,0.49146712392293423,-5.9396931817445875e-15,0,0.0
b0628,,1,0,0.4914671239229283,0.4914671239229283,0.0,0,0.0
b0182,,1,430,0.4914671239229283,0.0,0.4914671239229283,1,6001.917563365063
b0494,,21,4,0.4914671239229283,0.491467123922921,7.271960811294775e-15,0,2.617522371055122e-05
b3825,,35,0,0.4914671239229283,0.4914671239229229,5.384581669432009e-15,0,0.0
b0186,,1,0,0.4914671239229283,0.49146712392292374,4.551914400963142e-15,0,0.0
b4131,,1,0,0.4914671239229283,0.49146712392292374,4.551914400963142e-15,0,0.0
b2890,,1,0,0.4914671239229283,0.4914671239229262,2.1094237467877974e-15,0,0.0
b2156,,1,0,0.4914671239229283,0.4914671239229283,0.0,0,0.0
b3903,,2,4,0.4914671239229283,0.4914671239229262,2.1094237467877974e-15,0,4.804615748132426e-08
b3907,,2,0,0.4914671239229283,0.4914671239229229,5.384581669432009e-15,0,0.0
b3600,,1,0,0.4914671239229283,0.49146712392292324,5.051514762044462e-15,0,0.0
b0777,,1,430,0.4914671239229283,0.0,0.4914671239229283,1,6001.917563365061
b1800,,1,4,0.4914671239229283,0.49146712392292524,3.0531133177191805e-15,0,2.6175223710551446e-05
b4014,,1,0,0.4914671239229283,0.4914671239229283,0.0,0,0.0
b2976,,1,0,0.4914671239229283,0.4914671239229283,0.0,0,0.0
b2049,,1,0,0.4914671239229283,0.4914671239229264,1.887379141862766e-15,0,0.0
b1613,,1,0,0.4914671239229283,0.4914671239228952,3.3084646133829665e-14,0,0.0
b4323,,1,0,0.4914671239229283,0.49146712392292247,5.828670879282072e-15,0,0.0
b0731,,1,0,0.4914671239229283,0.4914671239229437,-1.5432100042289676e-14,0,0.0
b0732,,1,0,0.4914671239229283,0.49146712392292874,-4.440892098500626e-16,0,0.0
b0334,,1,0,0.4914671239229283,0.49146712392292946,-1.1657341758564144e-15,0,0.0
b0331,,1,4,0.4914671239229283,0.49146712392293085,-2.55351295663786e-15,0,4.804615750010624e-08
b0333,,1,0,0.4914671239229283,0.4914671239229283,0.0,0,0.0
b1092,,1,430,0.4914671239229283,0.0,0.4914671239229283,1,6001.917563365063
b2521,,1,0,0.4914671239229283,0.49146712392294756,-1.9262369477246466e-14,0,0.0
b0149,,5,430,0.4914671239229283,0.0,0.4914671239229283,1,6001.917563365063
b0635,,2,430,0.4914671239229283,0.0,0.4914671239229283,1,6001.917563365065
b3396,,5,430,0.4914671239229283,0.0,0.4914671239229283,1,6001.917563365063
b0084,,2,430,0.4914671239229283,0.0,0.4914671239229283,1,6001.917563365061
b0839,,5,4,0.4914671239229283,0.49146712392291897,9.325873406851315e-15,0,2.617522371055111e-05
b2010,,5,0,0.4914671239229283,0.4914671239229418,-1.3489209749195652e-14,0,0.0
b3182,,9,4,0.4914671239229283,0.4914671239229159,1.2378986724570495e-14,0,4.8046157476408115e-08
b0632,,5,0,0.4914671239229283,0.4914671239229418,-1.3489209749195652e-14,0,0.0
b2134,,4,0,0.4914671239229283,0.49146712392292424,4.052314039881821e-15,0,0.0
b2328,,4,0,0.4914671239229283,0.49146712392292424,4.052314039881821e-15,0,0.0
b3236,,1,363,0.4914671239229283,0.4886480356412039,0.002819088281724391,0,2.1341364537850733
b2210,,2,4,0.4914671239229283,0.4914671239228776,5.0681681074138396e-14,0,4.804615748078634e-08
b1479,,1,0,0.4914671239229283,0.4914671239229283,0.0,0,0.0
b2463,,1,0,0.4914671239229283,0.4914671239229375,-9.2148511043888e-15,0,0.0
b2515,,1,430,0.4914671239229283,0.0,0.4914671239229283,1,6001.917563365063
b2746,,1,430,0.4914671239229283,0.0,0.4914671239229283,1,6001.9175633650575
b4120,,1,0,0.4914671239229283,0.49146712392293046,-2.1649348980190553e-15,0,0.0
b2747,,1,430,0.4914671239229283,0.0,0.4914671239229283,1,6001.917563365063
b2942,,1,430,0.4914671239229283,0.0,0.4914671239229283,1,6001.917563365063
b0199,,2,0,0.4914671239229283,0.4914671239229225,5.773159728050814e-15,0,0.0
b0197,,2,0,0.4914671239229283,0.4914671239229353,-6.994405055138486e-15,0,0.0
b0198,,2,0,0.4914671239229283,0.4914671239229353,-6.994405055138486e-15,0,0.0
b4019,,1,430,0.4914671239229283,0.0,0.4914671239229283,1,6001.917563365063
b3829,,1,430,0.4914671239229283,0.0,0.4914671239229283,1,6001.917563365064
b4219,,1,0,0.4914671239229283,0.49146712392292563,2.6645352591003757e-15,0,0.0
b1778,,1,0,0.4914671239229283,0.4914671239229195,8.770761894538737e-15,0,0.0
b2114,,1,0,0.4914671239229283,0.49146712392292474,3.552713678800501e-15,0,0.0
b4242,,2,0,0.4914671239229283,0.4914671239229283,0.0,0,0.0
b0963,,1,0,0.4914671239229283,0.4914671239229292,-8.881784197001252e-16,0,0.0
b0403,,5,4,0.4914671239229283,0.4914671239229249,3.3861802251067274e-15,0,4.804615746602606e-08
b4392,,4,0,0.4914671239229283,0.49146712392295183,-2.353672812205332e-14,0,0.0
b2963,,4,0,0.4914671239229283,0.49146712392295183,-2.353672812205332e-14,0,0.0
b2558,,4,0,0.4914671239229283,0.49146712392295183,-2.353672812205332e-14,0,0.0
b2813,,4,0,0.4914671239229283,0.49146712392295183,-2.353672812205332e-14,0,0.0
b2701,,4,0,0.4914671239229283,0.49146712392295183,-2.353672812205332e-14,0,0.0
b1193,,4,0,0.4914671239229283,0.49146712392295183,-2.353672812205332e-14,0,0.0
b2919,,1,0,0.4914671239229283,0.491467123922927,1.27675647831893e-15,0,0.0
b0260,,1,0,0.4914671239229283,0.49146712392292746,8.326672684688674e-16,0,0.0
b2917,,1,0,0.4914671239229283,0.49146712392291775,1.0547118733938987e-14,0,0.0
b3599,,1,0,0.4914671239229283,0.4914671239229478,-1.9484414082171497e-14,0,0.0
b4322,,1,0,0.4914671239229283,0.49146712392293274,-4.440892098500626e-15,0,0.0
b0784,,2,430,0.4914671239229283,0.0,0.4914671239229283,1,6001.917563365063
b3633,,2,430,0.4914671239229283,0.0,0.4914671239229283,1,6001.917563365063
b3624,,1,4,0.4914671239229283,0.4914671239229224,5.88418203051333e-15,0,2.617522371055129e-05
b3917,,3,430,0.4914671239229283,0.0,0.4914671239229283,1,6001.917563365063
b0763,,3,430,0.4914671239229283,0.0,0.4914671239229283,1,6001.917563365063
b2423,,5,430,0.4914671239229283,0.0,0.4914671239229283,1,6001.917563365063
b0765,,3,430,0.4914671239229283,0.0,0.4914671239229283,1,6001.917563365065
b2425,,5,430,0.4914671239229283,0.0,0.4914671239229283,1,6001.917563365069
b2422,,5,430,0.4914671239229283,0.0,0.4914671239229283,1,6001.917563365063
b0764,,3,430,0.4914671239229283,0.0,0.4914671239229283,1,6001.917563365063
b2424,,5,430,0.4914671239229283,0.0,0.4914671239229283,1,6001.917563365063
b2877,,1,4,0.4914671239229283,0.4914671239229292,-8.881784197001252e-16,0,2.6175223710551656e-05
b0134,,1,430,0.4914671239229283,0.0,0.4914671239229283,1,6001.917563365063
b0009,,1,430,0.4914671239229283,0.0,0.4914671239229283,1,6001.917563365063
b2519,,2,430,0.4914671239229283,0.0,0.4914671239229283,1,6001.917563365063
b1069,,2,430,0.4914671239229283,0.0,0.4914671239229283,1,6001.917563365063
b0785,,1,430,0.4914671239229283,0.0,0.4914671239229283,1,6001.917563365063
b0826,,1,430,0.4914671239229283,0.0,0.4914671239229283,1,6001.917563365065
b1008,,1,0,0.4914671239229283,0.4914671239229279,3.885780586188048e-16,0,0.0
b0529,,2,415,0.4914671239229283,0.48206984050220186,0.009397283420726432,0,11.917465456139281
b3941,,1,430,0.4914671239229283,0.0,0.4914671239229283,1,6001.917563365063
b1059,,2,0,0.4914671239229283,0.4914671239229247,3.608224830031759e-15,0,0.0
b3996,,1,4,0.4914671239229283,0.4914671239229338,-5.495603971894525e-15,0,4.804615749193088e-08
b2411,,1,4,0.4914671239229283,0.4914671239229338,-5.495603971894525e-15,0,4.804615749193088e-08
b1109,,3,0,0.4914671239229283,0.4914671239229283,0.0,0,0.0
b2284,,3,428,0.4914671239229283,0.40955135403326615,0.08191576988966215,0,1115.9264763924878
b2288,,3,428,0.4914671239229283,0.40955135403326615,0.08191576988966215,0,1115.9264763924878
b2280,,3,428,0.4914671239229283,0.40955135403326615,0.08191576988966215,0,1115.9264763924878
b2282,,3,428,0.4914671239229283,0.40955135403326615,0.08191576988966215,0,1115.9264763924878
b2277,,3,428,0.4914671239229283,0.40955135403326615,0.08191576988966215,0,1115.9264763924878
b2287,,3,428,0.4914671239229283,0.40955135403326615,0.08191576988966215,0,1115.9264763924878
b2276,,3,428,0.4914671239229283,0.40955135403326615,0.08191576988966215,0,1115.9264763924878
b2278,,3,428,0.4914671239229283,0.40955135403326615,0.08191576988966215,0,1115.9264763924878
b2286,,3,428,0.4914671239229283,0.40955135403326615,0.08191576988966215,0,1115.9264763924878
b2283,,3,428,0.4914671239229283,0.40955135403326615,0.08191576988966215,0,1115.9264763924878
b2279,,3,428,0.4914671239229283,0.40955135403326615,0.08191576988966215,0,1115.9264763924878
b2285,,3,428,0.4914671239229283,0.40955135403326615,0.08191576988966215,0,1115.9264763924878
b2281,,3,428,0.4914671239229283,0.40955135403326615,0.08191576988966215,0,1115.9264763924878
b2615,,1,430,0.4914671239229283,0.0,0.4914671239229283,1,6001.917563365063
b3028,,3,0,0.4914671239229283,0.4914671239229264,1.887379141862766e-15,0,0.0
b1740,,1,430,0.4914671239229283,0.0,0.4914671239229283,1,6001.917563365063
b1602,,2,423,0.4914671239229283,0.4780101999284152,0.013456923994513093,0,247.47307072058035
b1603,,2,422,0.4914671239229283,0.47801019992841676,0.013456923994511538,0,247.473073657081
b3962,,1,0,0.4914671239229283,0.49146712392293235,-4.052314039881821e-15,0,0.0
b0931,,1,0,0.4914671239229283,0.49146712392293523,-6.938893903907228e-15,0,0.0
b1186,,1,0,0.4914671239229283,0.4914671239229283,0.0,0,0.0
b0019,,1,0,0.4914671239229283,0.4914671239229283,0.0,0,0.0
b2518,,8,430,0.4914671239229283,0.0,0.4914671239229283,1,6001.917563365063
b0451,,1,430,0.4914671239229283,0.0,0.4914671239229283,1,6001.917563365063
b2711,,1,4,0.4914671239229283,0.4914671239229313,-2.9976021664879227e-15,0,2.6175223710551768e-05
b2710,,1,0,0.4914671239229283,0.4914671239229283,0.0,0,0.0
b3477,,1,0,0.4914671239229283,0.4914671239229283,0.0,0,0.0
b3476,,1,0,0.4914671239229283,0.4914671239229283,0.0,0,0.0
b3479,,1,0,0.4914671239229283,0.4914671239229283,0.0,0,0.0
b3480,,1,0,0.4914671239229283,0.4914671239229283,0.0,0,0.0
b3478,,1,0,0.4914671239229283,0.4914671239229283,0.0,0,0.0
b4390,,1,0,0.4914671239229283,0.49146712392292796,3.3306690738754696e-16,0,0.0
b0639,,2,430,0.4914671239229283,0.0,0.4914671239229283,1,6001.917563365063
b0751,,1,4,0.4914671239229283,0.49146712392291475,1.354472090042691e-14,0,2.6175223710550883e-05
b1768,,1,0,0.4914671239229283,0.49146712392292663,1.6653345369377348e-15,0,0.0
b1991,,1,4,0.4914671239229283,0.49146712392292263,5.662137425588298e-15,0,4.804615748413259e-08
b0109,,1,430,0.4914671239229283,0.0,0.4914671239229283,1,6001.917563365063
b3367,,1,4,0.4914671239229283,0.491467123922928,2.7755575615628914e-16,0,2.6175223710551595e-05
b1223,,2,4,0.4914671239229283,0.4914671239229279,3.885780586188048e-16,0,4.804615748411081e-08
b2206,,2,0,0.4914671239229283,0.4914671239229283,0.0,0,0.0
b2204,,1,0,0.4914671239229283,0.4914671239229283,0.0,0,0.0
b2203,,2,0,0.4914671239229283,0.4914671239229283,0.0,0,0.0
b2205,,1,0,0.4914671239229283,0.4914671239229283,0.0,0,0.0
b2202,,2,0,0.4914671239229283,0.4914671239229283,0.0,0,0.0
b1468,,2,0,0.4914671239229283,0.49146712392293157,-3.2751579226442118e-15,0,0.0
b1226,,2,0,0.4914671239229283,0.49146712392293157,-3.2751579226442118e-15,0,0.0
b1227,,2,0,0.4914671239229283,0.49146712392293157,-3.2751579226442118e-15,0,0.0
b1225,,2,0,0.4914671239229283,0.49146712392293157,-3.2751579226442118e-15,0,0.0
b1465,,2,0,0.4914671239229283,0.49146712392293157,-3.2751579226442118e-15,0,0.0
b1224,,2,0,0.4914671239229283,0.49146712392293157,-3.2751579226442118e-15,0,0.0
b1466,,2,0,0.4914671239229283,0.49146712392293157,-3.2751579226442118e-15,0,0.0
b1467,,2,0,0.4914671239229283,0.49146712392293157,-3.2751579226442118e-15,0,0.0
b1469,,1,0,0.4914671239229283,0.4914671239229291,-8.326672684688674e-16,0,0.0
b2552,,2,0,0.4914671239229283,0.4914671239229315,-3.219646771412954e-15,0,0.0
b4374,,3,0,0.4914671239229283,0.4914671239229249,3.3861802251067274e-15,0,0.0
b2291,,6,0,0.4914671239229283,0.4914671239229303,-1.9984014443252818e-15,0,0.0
b2744,,14,0,0.4914671239229283,0.491467123922923,5.2735593669694936e-15,0,0.0
b0480,,17,4,0.4914671239229283,0.49146712392293285,-4.551914400963142e-15,0,4.804615748411043e-08
b4161,,4,0,0.4914671239229283,0.4914671239229283,0.0,0,0.0
b0650,,1,0,0.4914671239229283,0.4914671239229283,0.0,0,0.0
b4394,,3,0,0.4914671239229283,0.4914671239229261,2.220446049250313e-15,0,0.0
b0980,,2,0,0.4914671239229283,0.49146712392292585,2.4424906541753444e-15,0,0.0
b2781,,8,0,0.4914671239229283,0.4914671239229283,0.0,0,0.0
b2954,,3,0,0.4914671239229283,0.4914671239229228,5.495603971894525e-15,0,0.0
b1759,,2,0,0.4914671239229283,0.4914671239229283,0.0,0,0.0
b0160,,2,0,0.4914671239229283,0.4914671239229245,3.774758283725532e-15,0,0.0
b3365,,1,0,0.4914671239229283,0.4914671239229283,0.0,0,0.0
b3366,,1,0,0.4914671239229283,0.4914671239229283,0.0,0,0.0
b4073,,2,0,0.4914671239229283,0.49146712392292746,8.326672684688674e-16,0,0.0
b4071,,2,0,0.4914671239229283,0.49146712392292746,8.326672684688674e-16,0,0.0
b4070,,2,0,0.4914671239229283,0.49146712392292746,8.326672684688674e-16,0,0.0
b4072,,2,0,0.4914671239229283,0.49146712392292746,8.326672684688674e-16,0,0.0
b2035,,3,0,0.4914671239229283,0.4914671239229225,5.773159728050814e-15,0,0.0
b2027,,3,0,0.4914671239229283,0.4914671239229225,5.773159728050814e-15,0,0.0
b2033,,1,0,0.4914671239229283,0.49146712392292624,2.0539125955565396e-15,0,0.0
b2037,,1,0,0.4914671239229283,0.49146712392292424,4.052314039881821e-15,0,0.0
b2034,,1,0,0.4914671239229283,0.49146712392292347,4.829470157119431e-15,0,0.0
b2032,,1,0,0.4914671239229283,0.49146712392292385,4.440892098500626e-15,0,0.0
b3114,,2,427,0.4914671239229283,0.4492818235046559,0.0421853004182724,0,2082.9033784290227
b0903,,2,427,0.4914671239229283,0.4492818235046559,0.0421853004182724,0,2082.9033784290227
b0902,,2,427,0.4914671239229283,0.4492818235046559,0.0421853004182724,0,2082.9033784290227
b2579,,2,427,0.4914671239229283,0.4492818235046559,0.0421853004182724,0,2082.9033784290227
b0273,,1,430,0.4914671239229283,0.0,0.4914671239229283,1,6001.917563365061
b4254,,1,430,0.4914671239229283,0.0,0.4914671239229283,1,6001.917563365063
b3187,,1,430,0.4914671239229283,0.0,0.4914671239229283,1,6001.917563365063
b0907,,2,430,0.4914671239229283,0.0,0.4914671239229283,1,6001.917563365059
b0662,,1,4,0.4914671239229283,0.49146712392292524,3.0531133177191805e-15,0,4.8046157502862456e-08
b1281,,1,430,0.4914671239229283,0.0,0.4914671239229283,1,6001.917563365063
b2907,,1,4,0.4914671239229283,0.49146712392293224,-3.941291737419306e-15,0,2.617522371055182e-05
b0350,,1,0,0.4914671239229283,0.4914671239229506,-2.2315482794965646e-14,0,0.0
b3843,,1,430,0.4914671239229283,0.0,0.4914671239229283,1,6001.917563365062
b2311,,1,430,0.4914671239229283,0.0,0.4914671239229283,1,6001.917563365065
b3835,,1,40,0.4914671239229283,0.49146682029625527,3.036266730260806e-07,0,2.6261309268302114e-05
b2965,,1,4,0.4914671239229283,0.49146712392292197,6.328271240363392e-15,0,4.8046157471638565e-08
b0693,,1,4,0.4914671239229283,0.49146712392292197,6.328271240363392e-15,0,4.8046157471638565e-08
b3642,,1,430,0.4914671239229283,0.0,0.4914671239229283,1,6001.917563365063
b2373,,1,0,0.4914671239229283,0.4914671239229214,6.8833827526759706e-15,0,0.0
b1387,,1,0,0.4914671239229283,0.49146712392292485,3.4416913763379853e-15,0,0.0
b1394,,2,0,0.4914671239229283,0.49146712392287245,5.5844218138645374e-14,0,0.0
b1014,,2,4,0.4914671239229283,0.4914671239229285,-2.220446049250313e-16,0,4.80461575101633e-08
b0386,,1,430,0.4914671239229283,0.0,0.4914671239229283,1,6001.917563365063
b1391,,1,0,0.4914671239229283,0.4914671239229261,2.220446049250313e-15,0,0.0
b1390,,1,0,0.4914671239229283,0.49146712392292635,1.942890293094024e-15,0,0.0
b1392,,1,0,0.4914671239229283,0.49146712392292635,1.942890293094024e-15,0,0.0
b1388,,1,0,0.4914671239229283,0.49146712392292635,1.942890293094024e-15,0,0.0
b1389,,1,0,0.4914671239229283,0.49146712392292635,1.942890293094024e-15,0,0.0
b1398,,1,4,0.4914671239229283,0.49146712392294084,-1.2545520178264269e-14,0,4.8046157477243535e-08
b0133,,1,430,0.4914671239229283,0.0,0.4914671239229283,1,6001.917563365063
b1278,,30,430,0.4914671239229283,0.0,0.4914671239229283,1,6001.917563365063
b0087,,1,430,0.4914671239229283,0.0,0.4914671239229283,1,6001.917563365063
b2762,,2,430,0.4914671239229283,0.0,0.4914671239229283,1,6001.917563365065
b1489,,2,8,0.4914671239229283,0.49146712392292735,9.43689570931383e-16,0,2.6223269868028643e-05
b0114,,1,250,0.4914671239229283,0.49143638010913976,3.07438137885363e-05,0,0.004580384948561163
b0115,,1,250,0.4914671239229283,0.49143638010913976,3.07438137885363e-05,0,0.004580384948561163
b1638,,2,0,0.4914671239229283,0.49146712392292974,-1.4432899320127035e-15,0,0.0
b2564,,1,430,0.4914671239229283,0.0,0.4914671239229283,1,6001.917563365063
b0052,,1,430,0.4914671239229283,0.0,0.4914671239229283,1,6001.917563365063
b0766,,2,0,0.4914671239229283,0.4914671239229243,3.9968028886505635e-15,0,0.0
b2320,,1,430,0.4914671239229283,0.0,0.4914671239229283,1,6001.917563365063
b3546,,2,0,0.4914671239229283,0.4914671239229276,7.216449660063518e-16,0,0.0
b1723,,1,5,0.4914671239229283,0.49146712392293573,-7.438494264988549e-15,0,58.99195062521628
b3916,,3,419,0.4914671239229283,0.48213192344355355,0.00933520047937475,0,105.16311728577222
b3952,,1,427,0.4914671239229283,0.44928182350465073,0.04218530041827756,0,2082.903378429467
b3951,,1,427,0.4914671239229283,0.44928182350465073,0.04218530041827756,0,2082.903378429467
b3176,,1,430,0.4914671239229283,0.0,0.4914671239229283,1,6001.917563365063
b2913,,1,419,0.4914671239229283,0.4739911404616527,0.0174759834612756,0,40.55705709059765
b4025,,1,424,0.4914671239229283,0.4637777341792105,0.027689389743717818,0,601.2081087706251
b2926,,1,441,0.4914671239229283,0.1781572286219336,0.31330989530099473,0,4542.960475199142
b0767,,1,4,0.4914671239229283,0.49146712392292274,5.551115123125783e-15,0,4.804615751850223e-08
b3385,,1,0,0.4914671239229283,0.4914671239229333,-4.9960036108132044e-15,0,0.0
b3612,,1,444,0.4914671239229283,0.2519583359455695,0.2395087879773588,0,2441.1998950033685
b0755,,1,444,0.4914671239229283,0.2519583359455695,0.2395087879773588,0,2441.1998950033685
b4395,,1,444,0.4914671239229283,0.2519583359455695,0.2395087879773588,0,2441.1998950033685
b0688,,1,4,0.4914671239229283,0.4914671239229319,-3.608224830031759e-15,0,4.8046157489388584e-08
b2690,,1,4,0.4914671239229283,0.4914671239229319,-3.608224830031759e-15,0,4.8046157489388584e-08
b0418,,14,4,0.4914671239229283,0.49146712392292624,2.0539125955565396e-15,0,4.8046157490705105e-08
b1912,,7,4,0.4914671239229283,0.491467123922921,7.271960811294775e-15,0,4.804615747885399e-08
b2199,,1,0,0.4914671239229283,0.4914671239229283,0.0,0,0.0
b2200,,1,0,0.4914671239229283,0.4914671239229283,0.0,0,0.0
b2197,,1,0,0.4914671239229283,0.4914671239229283,0.0,0,0.0
b2198,,1,0,0.4914671239229283,0.4914671239229283,0.0,0,0.0
b2201,,1,0,0.4914671239229283,0.4914671239229283,0.0,0,0.0
b1713,,1,0,0.4914671239229283,0.49146712392292674,1.5543122344752192e-15,0,0.0
b1714,,1,0,0.4914671239229283,0.49146712392292674,1.5543122344752192e-15,0,0.0
b1473,,3,4,0.4914671239229283,0.49146712392292624,2.0539125955565396e-15,0,4.804615748941583e-08
b0576,,2,0,0.4914671239229283,0.4914671239229362,-7.882583474838611e-15,0,0.0
b3493,,1,376,0.4914671239229283,0.48755826632191146,0.003908857601016835,0,0.5521829240496888
b2987,,1,376,0.4914671239229283,0.48755826632191146,0.003908857601016835,0,0.5521829240496888
b3725,,1,0,0.4914671239229283,0.4914671239229283,0.0,0,0.0
b3726,,1,0,0.4914671239229283,0.4914671239229283,0.0,0,0.0
b3727,,1,0,0.4914671239229283,0.4914671239229283,0.0,0,0.0
b3728,,1,0,0.4914671239229283,0.4914671239229283,0.0,0,0.0
b3821,,42,0,0.4914671239229283,0.49146712392292324,5.051514762044462e-15,0,0.0
b2048,,1,4,0.4914671239229283,0.49146712392292285,5.440092820663267e-15,0,4.804615748209328e-08
b3412,,1,430,0.4914671239229283,0.0,0.4914671239229283,1,6001.917563365063
b3974,,1,430,0.4914671239229283,0.0,0.4914671239229283,1,6001.917563365065
b3258,,1,4,0.4914671239229283,0.49146712392292985,-1.5543122344752192e-15,0,2.617522371055169e-05
b1010,,1,0,0.4914671239229283,0.4914671239229348,-6.494804694057166e-15,0,0.0
b1378,,1,299,0.4914671239229283,0.4911711503505529,0.00029597357237537425,0,0.01178311039892319
b0871,,1,0,0.4914671239229283,0.4914671239229283,0.0,0,0.0
b4226,,1,0,0.4914671239229283,0.4914671239229283,0.0,0,0.0
b2502,,2,0,0.4914671239229283,0.4914671239229283,0.0,0,0.0
b1015,,2,0,0.4914671239229283,0.4914671239229226,5.717648576819556e-15,0,0.0
b0369,,1,430,0.4914671239229283,0.0,0.4914671239229283,1,6001.917563365061
b3956,,1,421,0.4914671239229283,0.4542632698135684,0.03720385410935989,0,143.77763344924526
b3639,,2,430,0.4914671239229283,0.0,0.4914671239229283,1,6001.917563365065
b3403,,1,0,0.4914671239229283,0.4914671239229217,6.6058269965196814e-15,0,0.0
b2920,,1,4,0.4914671239229283,0.49146712392292896,-6.661338147750939e-16,0,4.80461574906276e-08
b2501,,2,415,0.4914671239229283,0.4730989549344152,0.018368168988513123,0,7.621383975461061
b4383,,2,7,0.4914671239229283,0.49146712392292635,1.942890293094024e-15,0,7.658030850141967e-07
b3380,,1,7,0.4914671239229283,0.49146712392292735,9.43689570931383e-16,0,7.658030850368543e-07
b3850,,2,430,0.4914671239229283,0.0,0.4914671239229283,1,6001.917563365059
b2536,,1,8,0.4914671239229283,0.4914671239229241,4.218847493575595e-15,0,2.6223269868045645e-05
b1702,,1,0,0.4914671239229283,0.4914671239229283,0.0,0,0.0
b0383,,1,0,0.4914671239229283,0.4914671239229279,3.885780586188048e-16,0,0.0
b4005,,1,430,0.4914671239229283,0.0,0.4914671239229283,1,6001.917563365063
b2499,,1,430,0.4914671239229283,0.0,0.4914671239229283,1,6001.917563365063
b2026,,2,430,0.4914671239229283,0.0,0.4914671239229283,1,6001.917563365065
b2476,,1,430,0.4914671239229283,0.0,0.4914671239229283,1,6001.917563365065
b2557,,1,430,0.4914671239229283,0.0,0.4914671239229283,1,6001.917563365063
b2024,,1,430,0.4914671239229283,0.0,0.4914671239229283,1,6001.917563365063
b0194,,1,0,0.4914671239229283,0.49146712392293423,-5.9396931817445875e-15,0,0.0
b1207,,1,9,0.4914671239229283,0.4914671239229276,7.216449660063518e-16,0,1.0510459544244175
b0908,,1,430,0.4914671239229283,0.0,0.4914671239229283,1,6001.917563365059
b4160,,7,430,0.4914671239229283,0.0,0.4914671239229283,1,6001.917563365063
b4388,,1,417,0.4914671239229283,0.47399114046165114,0.017475983461277156,0,41.24206616401261
b2585,,7,430,0.4914671239229283,0.0,0.4914671239229283,1,6001.917563365063
b2297,,2,435,0.4914671239229283,0.43006859231344857,0.06139853160947972,0,2446.7072450625506
b2458,,1,433,0.4914671239229283,0.4300685923134474,0.06139853160948089,0,2446.7072221573667
b3634,,1,430,0.4914671239229283,0.0,0.4914671239229283,1,6001.917563365063
b0692,,2,4,0.4914671239229283,0.4914671239229211,7.216449660063518e-15,0,2.6175223710551222e-05
b3073,,1,0,0.4914671239229283,0.4914671239229279,3.885780586188048e-16,0,0.0
b0854,,1,0,0.4914671239229283,0.4914671239229283,0.0,0,0.0
b1123,,2,0,0.4914671239229283,0.4914671239229283,0.0,0,0.0
b0856,,1,0,0.4914671239229283,0.4914671239229283,0.0,0,0.0
b1442,,2,0,0.4914671239229283,0.4914671239229283,0.0,0,0.0
b0857,,1,0,0.4914671239229283,0.4914671239229283,0.0,0,0.0
b0855,,1,0,0.4914671239229283,0.4914671239229283,0.0,0,0.0
b1124,,2,0,0.4914671239229283,0.4914671239229283,0.0,0,0.0
b1443,,2,0,0.4914671239229283,0.4914671239229283,0.0,0,0.0
b1440,,2,0,0.4914671239229283,0.4914671239229283,0.0,0,0.0
b1126,,2,0,0.4914671239229283,0.4914671239229283,0.0,0,0.0
b1125,,2,0,0.4914671239229283,0.4914671239229283,0.0,0,0.0
b1441,,2,0,0.4914671239229283,0.4914671239229283,0.0,0,0.0
b1296,,1,0,0.4914671239229283,0.49146712392292946,-1.1657341758564144e-15,0,0.0
b2407,,5,4,0.4914671239229283,0.4914671239229279,3.885780586188048e-16,0,4.804615748819685e-08
b1636,,1,0,0.4914671239229283,0.4914671239229312,-2.886579864025407e-15,0,0.0
b3826,,1,4,0.4914671239229283,0.49146712392293407,-5.773159728050814e-15,0,4.804615748397165e-08
b1854,,1,4,0.4914671239229283,0.49146712392292896,-6.661338147750939e-16,0,4.8046157483787863e-08
b1676,,1,4,0.4914671239229283,0.49146712392292896,-6.661338147750939e-16,0,4.8046157483787863e-08
b3831,,1,0,0.4914671239229283,0.49146712392291264,1.5654144647214707e-14,0,0.0
b1007,,1,0,0.4914671239229283,0.4914671239229283,0.0,0,0.0
b1012,,1,0,0.4914671239229283,0.4914671239229283,0.0,0,0.0
b3029,,2,0,0.4914671239229283,0.49146712392293124,-2.942091015256665e-15,0,0.0
b1692,,2,430,0.4914671239229283,0.0,0.4914671239229283,1,6001.917563365063
b0750,,1,430,0.4914671239229283,0.0,0.4914671239229283,1,6001.917563365063
b4094,,1,4,0.4914671239229283,0.49146712392292896,-6.661338147750939e-16,0,2.6175223710551642e-05
b1662,,1,430,0.4914671239229283,0.0,0.4914671239229283,1,6001.917563365063
b0415,,1,430,0.4914671239229283,0.0,0.4914671239229283,1,6001.917563365063
b3752,,1,0,0.4914671239229283,0.4914671239229294,-1.1102230246251565e-15,0,0.0
b0063,,3,0,0.4914671239229283,0.4914671239229369,-8.604228440844963e-15,0,0.0
b4198,,1,0,0.4914671239229283,0.4914671239229426,-1.432187701766452e-14,0,0.0
b3583,,1,0,0.4914671239229283,0.4914671239229426,-1.432187701766452e-14,0,0.0
b0061,,1,0,0.4914671239229283,0.4914671239229426,-1.432187701766452e-14,0,0.0
b3629,,1,0,0.4914671239229283,0.4914671239229188,9.492406860545088e-15,0,0.0
b2687,,1,430,0.4914671239229283,0.0,0.4914671239229283,1,6001.917563365063
b3748,,1,0,0.4914671239229283,0.49146712392292186,6.439293542825908e-15,0,0.0
b3749,,1,0,0.4914671239229283,0.4914671239229281,2.220446049250313e-16,0,0.0
b3751,,1,0,0.4914671239229283,0.4914671239229281,2.220446049250313e-16,0,0.0
b3750,,1,0,0.4914671239229283,0.4914671239229281,2.220446049250313e-16,0,0.0
b3904,,1,0,0.4914671239229283,0.49146712392292974,-1.4432899320127035e-15,0,0.0
b3902,,1,0,0.4914671239229283,0.49146712392293396,-5.662137425588298e-15,0,0.0
b2234,,4,4,0.4914671239229283,0.49146712392292574,2.55351295663786e-15,0,4.8046157513183725e-08
b2235,,4,4,0.4914671239229283,0.49146712392292574,2.55351295663786e-15,0,4.8046157513183725e-08
b2676,,4,0,0.4914671239229283,0.4914671239228982,3.008704396734174e-14,0,0.0
b2675,,4,0,0.4914671239229283,0.4914671239228982,3.008704396734174e-14,0,0.0
b4238,,4,304,0.4914671239229283,0.49117764811518083,0.0002894758077474635,0,0.01418155057046105
b4237,,4,304,0.4914671239229283,0.49117764811518083,0.0002894758077474635,0,0.01418155057046105
b3386,,1,373,0.4914671239229283,0.4888853682160756,0.0025817557068527064,0,9.087985661592535
b4301,,1,373,0.4914671239229283,0.4888853682160756,0.0025817557068527064,0,9.087985661592535
b2914,,1,423,0.4914671239229283,0.2984237360971932,0.1930433878257351,0,2946.6678626181438
b0638,,1,0,0.4914671239229283,0.49146712392291586,1.2434497875801753e-14,0,0.0
b1683,,6,0,0.4914671239229283,0.4914671239229294,-1.1102230246251565e-15,0,0.0
b1679,,4,0,0.4914671239229283,0.4914671239229354,-7.105427357601002e-15,0,0.0
b1680,,4,0,0.4914671239229283,0.4914671239229354,-7.105427357601002e-15,0,0.0
b1682,,6,0,0.4914671239229283,0.4914671239229294,-1.1102230246251565e-15,0,0.0
b1681,,6,0,0.4914671239229283,0.4914671239229294,-1.1102230246251565e-15,0,0.0
b1684,,2,0,0.4914671239229283,0.4914671239229099,1.837419105754634e-14,0,0.0
b0222,,1,4,0.4914671239229283,0.49146712392292574,2.55351295663786e-15,0,4.804615749843805e-08
b1745,,1,4,0.4914671239229283,0.49146712392293057,-2.275957200481571e-15,0,4.804615749174639e-08
b2751,,1,430,0.4914671239229283,0.0,0.4914671239229283,1,6001.917563365065
b2752,,1,430,0.4914671239229283,0.0,0.4914671239229283,1,6001.917563365063
b2705,,1,0,0.4914671239229283,0.4914671239229274,8.881784197001252e-16,0,0.0
b2703,,1,0,0.4914671239229283,0.49146712392293246,-4.163336342344337e-15,0,0.0
b2704,,1,0,0.4914671239229283,0.49146712392293246,-4.163336342344337e-15,0,0.0
b2702,,1,0,0.4914671239229283,0.49146712392293246,-4.163336342344337e-15,0,0.0
b2472,,1,430,0.4914671239229283,0.0,0.4914671239229283,1,6001.917563365063
b3591,,1,4,0.4914671239229283,0.4914671239229262,2.1094237467877974e-15,0,2.6175223710551493e-05
b1764,,1,0,0.4914671239229283,0.4914671239229319,-3.608224830031759e-15,0,0.0
b2264,,1,0,0.4914671239229283,0.49146712392291053,1.7763568394002505e-14,0,0.0
b0586,,1,0,0.4914671239229283,0.49146712392292285,5.440092820663267e-15,0,0.0
b3607,,1,430,0.4914671239229283,0.0,0.4914671239229283,1,6001.917563365061
b2366,,1,4,0.4914671239229283,0.4914671239229253,2.9976021664879227e-15,0,2.6175223710551446e-05
b2797,,1,0,0.4914671239229283,0.49146712392293046,-2.1649348980190553e-15,0,0.0
b4471,,1,0,0.4914671239229283,0.49146712392293046,-2.1649348980190553e-15,0,0.0
b1814,,1,0,0.4914671239229283,0.49146712392293046,-2.1649348980190553e-15,0,0.0
b0893,,2,4,0.4914671239229283,0.4914671239229285,-2.220446049250313e-16,0,4.804615747929182e-08
b2796,,1,4,0.4914671239229283,0.4914671239229256,2.7200464103316335e-15,0,4.804615748435172e-08
b3116,,2,8,0.4914671239229283,0.4914671239229185,9.769962616701378e-15,0,2.6223269868042768e-05
b3089,,2,4,0.4914671239229283,0.4914671239229224,5.88418203051333e-15,0,2.6175223710551293e-05
b2154,,1,0,0.4914671239229283,0.49146712392292563,2.6645352591003757e-15,0,0.0
b0355,,1,0,0.4914671239229283,0.49146712392292563,2.6645352591003757e-15,0,0.0
b1744,,1,0,0.4914671239229283,0.49146712392294745,-1.915134717478395e-14,0,0.0
b1746,,1,4,0.4914671239229283,0.49146712392292685,1.4432899320127035e-15,0,4.8046157477672696e-08
b2263,,1,0,0.4914671239229283,0.4914671239229137,1.459943277382081e-14,0,0.0
b3368,,3,430,0.4914671239229283,0.0,0.4914671239229283,1,6001.917563365063
b3281,,1,430,0.4914671239229283,0.0,0.4914671239229283,1,6001.917563365063
b0388,,1,430,0.4914671239229283,0.0,0.4914671239229283,1,6001.917563365063
b3390,,1,430,0.4914671239229283,0.0,0.4914671239229283,1,6001.917563365065
b3939,,1,430,0.4914671239229283,0.0,0.4914671239229283,1,6001.917563365063
b1981,,1,0,0.4914671239229283,0.4914671239229268,1.4988010832439613e-15,0,0.0
b1206,,1,313,0.4914671239229283,0.49043908516894597,0.00102803875398233,0,0.038013439073216033
b1584,,2,0,0.4914671239229283,0.49146712392292885,-5.551115123125783e-16,0,0.0
b1599,,1,0,0.4914671239229283,0.49146712392291686,1.1435297153639112e-14,0,0.0
b1600,,1,0,0.4914671239229283,0.49146712392291686,1.1435297153639112e-14,0,0.0
b3908,,1,0,0.4914671239229283,0.4914671239229283,0.0,0,0.0
b1656,,1,0,0.4914671239229283,0.4914671239229283,0.0,0,0.0
b1646,,1,0,0.4914671239229283,0.4914671239229283,0.0,0,0.0
b1525,,2,0,0.4914671239229283,0.4914671239229312,-2.886579864025407e-15,0,0.0
b2661,,1,0,0.4914671239229283,0.49146712392292435,3.941291737419306e-15,0,0.0
b2260,,1,4,0.4914671239229283,0.4914671239229229,5.384581669432009e-15,0,4.804615749908742e-08
b2261,,1,0,0.4914671239229283,0.4914671239229639,-3.558264793923627e-14,0,0.0
b0721,,1,161,0.4914671239229283,0.4914634804275953,3.643495332994462e-06,0,3.536528038652056e-06
b0722,,1,161,0.4914671239229283,0.4914634804275953,3.643495332994462e-06,0,3.536528038652056e-06
b0724,,1,161,0.4914671239229283,0.4914634804275953,3.643495332994462e-06,0,3.536528038652056e-06
b0723,,1,161,0.4914671239229283,0.4914634804275953,3.643495332994462e-06,0,3.536528038652056e-06
b0728,,1,3,0.4914671239229283,0.49146712392292574,2.55351295663786e-15,0,0.1996168279328417
b0729,,1,3,0.4914671239229283,0.49146712392292574,2.55351295663786e-15,0,0.1996168279328417
b1521,,1,0,0.4914671239229283,0.49146712392292097,7.327471962526033e-15,0,0.0
b2464,,1,322,0.4914671239229283,0.4901731955284111,0.0012939283945171964,0,2.2974628388582636
b0008,,1,322,0.4914671239229283,0.4901731955284111,0.0012939283945171964,0,2.2974628388582636
b3062,,1,0,0.4914671239229283,0.4914671239229282,1.1102230246251565e-16,0,0.0
b3061,,1,0,0.4914671239229283,0.4914671239229282,1.1102230246251565e-16,0,0.0
b3063,,1,0,0.4914671239229283,0.4914671239229104,1.787459069646502e-14,0,0.0
b0368,,1,0,0.4914671239229283,0.49146712392292374,4.551914400963142e-15,0,0.0
b3790,,1,4,0.4914671239229283,0.4914671239229352,-6.8833827526759706e-15,0,4.804615749564234e-08
b3791,,1,4,0.4914671239229283,0.4914671239229352,-6.8833827526759706e-15,0,4.804615749564234e-08
b2038,,1,0,0.4914671239229283,0.49146712392292413,4.163336342344337e-15,0,0.0
b2040,,1,0,0.4914671239229283,0.49146712392293296,-4.6629367034256575e-15,0,0.0
b2041,,1,0,0.4914671239229283,0.4914671239229158,1.2490009027033011e-14,0,0.0
b3788,,1,0,0.4914671239229283,0.4914671239229158,1.2490009027033011e-14,0,0.0
b0915,,1,430,0.4914671239229283,0.0,0.4914671239229283,1,6001.917563365068
b2095,,1,4,0.4914671239229283,0.4914671239229205,7.771561172376096e-15,0,2.6175223710551195e-05
b3137,,1,4,0.4914671239229283,0.49146712392293607,-7.771561172376096e-15,0,4.8046157498998034e-08
b2096,,1,4,0.4914671239229283,0.49146712392293607,-7.771561172376096e-15,0,4.8046157498998034e-08
b3132,,1,4,0.4914671239229283,0.49146712392293607,-7.771561172376096e-15,0,4.8046157498998034e-08
b0166,,1,430,0.4914671239229283,0.0,0.4914671239229283,1,6001.917563365063
b2480,,1,4,0.4914671239229283,0.49146712392292263,5.662137425588298e-15,0,2.6175223710551304e-05
b0066,,1,0,0.4914671239229283,0.49146712392293157,-3.2751579226442118e-15,0,0.0
b0067,,1,0,0.4914671239229283,0.49146712392293157,-3.2751579226442118e-15,0,0.0
b0068,,1,0,0.4914671239229283,0.49146712392293157,-3.2751579226442118e-15,0,0.0
b3616,,1,4,0.4914671239229283,0.4914671239229181,1.021405182655144e-14,0,4.804615747956584e-08
b3772,,1,430,0.4914671239229283,0.0,0.4914671239229283,1,6001.917563365063
b3117,,1,430,0.4914671239229283,0.0,0.4914671239229283,1,6001.917563365063
b1719,,1,8,0.4914671239229283,0.49146712392293374,-5.440092820663267e-15,0,2.622326986804411e-05
b3823,,1,0,0.4914671239229283,0.4914671239229283,0.0,0,0.0
b3992,,1,430,0.4914671239229283,0.0,0.4914671239229283,1,6001.917563365067
b3990,,1,430,0.4914671239229283,0.0,0.4914671239229283,1,6001.917563365063
b0423,,1,430,0.4914671239229283,0.0,0.4914671239229283,1,6001.917563365061
b4407,,1,430,0.4914671239229283,0.0,0.4914671239229283,1,6001.917563365063
b2935,,2,430,0.4914671239229283,0.0,0.4914671239229283,1,6001.917563365065
b2465,,2,430,0.4914671239229283,0.0,0.4914671239229283,1,6001.917563365063
b0997,,2,0,0.4914671239229283,0.4914671239229276,7.216449660063518e-16,0,0.0
b0996,,2,0,0.4914671239229283,0.49146712392293257,-4.274358644806853e-15,0,0.0
b2827,,1,430,0.4914671239229283,0.0,0.4914671239229283,1,6001.917563365063
b1106,,1,0,0.4914671239229283,0.49146712392292347,4.829470157119431e-15,0,0.0
b0417,,1,430,0.4914671239229283,0.0,0.4914671239229283,1,6001.917563365061
b3993,,1,430,0.4914671239229283,0.0,0.4914671239229283,1,6001.917563365063
b3919,,1,430,0.4914671239229283,0.4049620594540069,0.08650506446892142,0,1120.9373737216272
b0613,,1,0,0.4914671239229283,0.49146712392292113,7.16093850883226e-15,0,0.0
b0888,,1,5,0.4914671239229283,0.4914671239229198,8.493206138382448e-15,0,0.07420170582236202
b4239,,1,0,0.4914671239229283,0.4914671239229283,0.0,0,0.0
b1897,,1,0,0.4914671239229283,0.4914671239229283,0.0,0,0.0
b1896,,1,0,0.4914671239229283,0.49146712392292635,1.942890293094024e-15,0,0.0
b3519,,1,0,0.4914671239229283,0.49146712392293074,-2.4424906541753444e-15,0,0.0
b1197,,1,0,0.4914671239229283,0.4914671239229283,0.0,0,0.0
b4240,,1,0,0.4914671239229283,0.4914671239229262,2.1094237467877974e-15,0,0.0
b1260,,3,430,0.4914671239229283,0.0,0.4914671239229283,1,6001.917563365063
b1261,,3,430,0.4914671239229283,0.0,0.4914671239229283,1,6001.917563365063
b3384,,1,4,0.4914671239229283,0.4914671239229187,9.603429163007604e-15,0,2.6175223710551097e-05
b3709,,1,4,0.4914671239229283,0.4914671239229229,5.384581669432009e-15,0,4.80461574945602e-08
b0509,,1,0,0.4914671239229283,0.4914671239229267,1.609823385706477e-15,0,0.0
b3125,,1,0,0.4914671239229283,0.4914671239229267,1.609823385706477e-15,0,0.0
b3991,,1,430,0.4914671239229283,0.0,0.4914671239229283,1,6001.917563365065
b1637,,1,0,0.4914671239229283,0.4914671239229237,4.6074255521944e-15,0,0.0
b1907,,1,0,0.4914671239229283,0.4914671239229328,-4.496403249731884e-15,0,0.0
b0179,,1,430,0.4914671239229283,0.0,0.4914671239229283,1,6001.917563365063
b0085,,1,430,0.4914671239229283,0.0,0.4914671239229283,1,6001.917563365056
b3787,,1,0,0.4914671239229283,0.49146712392292846,-1.6653345369377348e-16,0,0.0
b3786,,1,0,0.4914671239229283,0.49146712392293346,-5.162537064506978e-15,0,0.0
b0181,,1,430,0.4914671239229283,0.0,0.4914671239229283,1,6001.917563365063
b3189,,1,430,0.4914671239229283,0.0,0.4914671239229283,1,6001.917563365065
b0090,,1,430,0.4914671239229283,0.0,0.4914671239229283,1,6001.917563365063
b0088,,1,430,0.4914671239229283,0.0,0.4914671239229283,1,6001.917563365065
b0091,,1,430,0.4914671239229283,0.0,0.4914671239229283,1,6001.917563365063
b3972,,1,430,0.4914671239229283,0.0,0.4914671239229283,1,6001.917563365063
b0841,,2,430,0.4914671239229283,0.0,0.4914671239229283,1,6001.917563365063
b3057,,2,430,0.4914671239229283,0.0,0.4914671239229283,1,6001.917563365063
b0174,,1,430,0.4914671239229283,0.0,0.4914671239229283,1,6001.917563365063
b0759,,1,4,0.4914671239229283,0.4914671239229281,2.220446049250313e-16,0,2.61752237105516e-05
b2036,,1,4,0.4914671239229283,0.4914671239229246,3.7192471324942744e-15,0,4.804615748765293e-08
b2028,,1,0,0.4914671239229283,0.4914671239229283,0.0,0,0.0
b2255,,2,0,0.4914671239229283,0.49146712392292596,2.3314683517128287e-15,0,0.0
b2253,,1,0,0.4914671239229283,0.4914671239229271,1.2212453270876722e-15,0,0.0
b0758,,1,0,0.4914671239229283,0.4914671239229256,2.7200464103316335e-15,0,0.0
b0505,,1,4,0.4914671239229283,0.49146712392292663,1.6653345369377348e-15,0,4.8046157490577296e-08
b0086,,1,430,0.4914671239229283,0.0,0.4914671239229283,1,6001.917563365063
b0096,,1,430,0.4914671239229283,0.0,0.4914671239229283,1,6001.917563365063
b2258,,1,4,0.4914671239229283,0.49146712392292097,7.327471962526033e-15,0,2.6175223710551212e-05
b4544,,1,0,0.4914671239229283,0.49146712392292224,6.050715484207103e-15,0,0.0
b4233,,2,0,0.4914671239229283,0.49146712392293407,-5.773159728050814e-15,0,0.0
b0171,,1,430,0.4914671239229283,0.0,0.4914671239229283,1,6001.917563365065
b2256,,1,0,0.4914671239229283,0.49146712392292635,1.942890293094024e-15,0,0.0
b2254,,1,0,0.4914671239229283,0.49146712392267716,2.511324481702104e-13,0,0.0
b3803,,1,430,0.4914671239229283,0.0,0.4914671239229283,1,6001.917563365064
b3804,,1,430,0.4914671239229283,0.0,0.4914671239229283,1,6001.917563365059
b3997,,1,430,0.4914671239229283,0.0,0.4914671239229283,1,6001.917563365065
b2498,,1,0,0.4914671239229283,0.49146712392293496,-6.661338147750939e-15,0,0.0
b1011,,1,0,0.4914671239229283,0.4914671239229224,5.88418203051333e-15,0,0.0
b2497,,1,0,0.4914671239229283,0.4914671239229283,0.0,0,0.0
b1006,,1,4,0.4914671239229283,0.4914671239229217,6.6058269965196814e-15,0,4.8046157507898914e-08
b0517,,1,0,0.4914671239229283,0.4914671239229143,1.3988810110276972e-14,0,0.0
b0524,,1,430,0.4914671239229283,0.0,0.4914671239229283,1,6001.91756336506
b4258,,1,0,0.4914671239229283,0.4914671239229217,6.6058269965196814e-15,0,0.0
b2682,,1,0,0.4914671239229283,0.4914671239229283,0.0,0,0.0
b2683,,1,0,0.4914671239229283,0.4914671239229283,0.0,0,0.0
b3572,,1,0,0.4914671239229283,0.4914671239229378,-9.492406860545088e-15,0,0.0
b4197,,1,0,0.4914671239229283,0.4914671239229339,-5.6066262743570405e-15,0,0.0
b2882,,1,0,0.4914671239229283,0.4914671239229283,0.0,0,0.0
b3565,,2,0,0.4914671239229283,0.4914671239229378,-9.492406860545088e-15,0,0.0
b3579,,1,0,0.4914671239229283,0.49146712392292463,3.6637359812630166e-15,0,0.0
b3577,,1,0,0.4914671239229283,0.49146712392292463,3.6637359812630166e-15,0,0.0
b3578,,1,0,0.4914671239229283,0.49146712392292463,3.6637359812630166e-15,0,0.0
b3567,,1,0,0.4914671239229283,0.4914671239229283,0.0,0,0.0
b3568,,1,0,0.4914671239229283,0.4914671239229283,0.0,0,0.0
b3566,,1,0,0.4914671239229283,0.4914671239229283,0.0,0,0.0
b4031,,1,0,0.4914671239229283,0.49146712392292835,-5.551115123125783e-17,0,0.0
b1857,,1,0,0.4914671239229283,0.4914671239229283,0.0,0,0.0
b1859,,1,0,0.4914671239229283,0.4914671239229283,0.0,0,0.0
b1858,,1,0,0.4914671239229283,0.4914671239229283,0.0,0,0.0
