gene_id,gene_name,n_gpr_rxns,n_changed,b_wt,b_ko,delta_b,y_essential,kV
b1377,,270,422,0.3113131187348235,0.0,0.3113131187348235,1,1813.7826018730025
b2215,,271,422,0.3113131187348235,0.0,0.3113131187348235,1,1813.7826018730025
b0929,,271,422,0.3113131187348235,0.0,0.3113131187348235,1,1813.7826018730025
b0241,,270,422,0.3113131187348235,0.0,0.3113131187348235,1,1813.7826018730025
b4034,,6,8,0.3113131187348235,0.3113131187348139,9.603429163007604e-15,0,1.052186549489834e-05
b4033,,6,10,0.3113131187348235,0.3113131187348236,-5.551115123125783e-17,0,21.88270928843076
b4032,,6,10,0.3113131187348235,0.3113131187348236,-5.551115123125783e-17,0,21.88270928843076
b4035,,6,10,0.3113131187348235,0.3113131187348236,-5.551115123125783e-17,0,21.88270928843076
b4036,,7,4,0.3113131187348235,0.3113131187348235,0.0,0,1.0502587380102048e-05
b4213,,8,6,0.3113131187348235,0.3113131187348236,-1.1102230246251563e-16,0,21.882709269152706
b2835,,21,10,0.3113131187348235,0.3113131187348232,3.3306690738754696e-16,0,21.88270928843062
b2836,,23,134,0.3113131187348235,0.3113131187348235,0.0,0,26.912159073799547
b3553,,10,10,0.3113131187348235,0.3113131187348235,0.0,0,21.88270928843066
b1134,,2,6,0.3113131187348235,0.3113131187348229,6.106226635438361e-16,0,21.88270926915247
b0446,,2,10,0.3113131187348235,0.3113131187348233,2.220446049250313e-16,0,21.88270928843053
b1009,,1,10,0.3113131187348235,0.3113131187348231,3.8857805861880484e-16,0,21.882709288430625
b0954,,13,6,0.3113131187348235,0.3113131187348232,2.7755575615628914e-16,0,21.882709269152784
b0180,,14,423,0.3113131187348235,0.0,0.3113131187348235,1,1497.2947923120537
b0347,,2,10,0.3113131187348235,0.3113131187348235,0.0,0,21.88270928843061
b3580,,2,10,0.3113131187348235,0.3113131187348192,4.329869796038111e-15,0,21.88270928843036
b1093,,14,423,0.3113131187348235,0.0,0.3113131187348235,1,1497.2947923120537
b2323,,13,423,0.3113131187348235,0.0,0.3113131187348235,1,1497.294792312052
b1095,,9,423,0.3113131187348235,0.0,0.3113131187348235,1,1497.294792312053
b1397,,2,10,0.3113131187348235,0.3113131187348235,5.551115123125783e-17,0,21.882709288430867
b1245,,2,10,0.3113131187348235,0.3113131187348238,-3.3306690738754696e-16,0,21.882709288430465
b1244,,2,10,0.3113131187348235,0.3113131187348238,-3.3306690738754696e-16,0,21.882709288430465
b1329,,1,10,0.3113131187348235,0.3113131187348238,-3.3306690738754696e-16,0,21.882709288430465
b1246,,2,10,0.3113131187348235,0.3113131187348238,-3.3306690738754696e-16,0,21.882709288430465
b1247,,2,10,0.3113131187348235,0.3113131187348238,-3.3306690738754696e-16,0,21.882709288430465
b1386,,3,10,0.3113131187348235,0.311313118734823,5.551115123125784e-16,0,21.88270928843073
b0004,,2,423,0.3113131187348235,0.0,0.3113131187348235,1,1497.294792312053
b1192,,4,6,0.3113131187348235,0.3113131187348235,0.0,0,21.882698785843186
b1243,,1,10,0.3113131187348235,0.3113131187348238,-3.3306690738754696e-16,0,21.882709288430465
b4266,,1,10,0.3113131187348235,0.3113131187348238,-3.3306690738754696e-16,0,21.882709288430465
b4265,,3,10,0.3113131187348235,0.3113131187348231,3.8857805861880484e-16,0,21.882709288430668
b0159,,3,423,0.3113131187348235,0.0,0.3113131187348235,1,1497.2947923120553
b3197,,1,423,0.3113131187348235,0.0,0.3113131187348235,1,1497.2947923120537
b2708,,1,423,0.3113131187348235,0.0,0.3113131187348235,1,1497.294792312054
b1094,,26,423,0.3113131187348235,0.0,0.3113131187348235,1,1497.294792312049
b4481,,1,10,0.3113131187348235,0.3113131187348235,5.551115123125783e-17,0,21.88270928843074
b1927,,1,10,0.3113131187348235,0.3113131187348235,0.0,0,21.88270928843061
b3571,,1,10,0.3113131187348235,0.3113131187348237,-2.220446049250313e-16,0,21.882709288430533
b2901,,1,10,0.3113131187348235,0.3113131187348233,2.220446049250313e-16,0,21.88270928843076
b1302,,1,6,0.3113131187348235,0.3113131187348238,-3.3306690738754696e-16,0,21.882709269152663
b2662,,1,6,0.3113131187348235,0.3113131187348238,-3.3306690738754696e-16,0,21.882709269152663
b1444,,1,10,0.3113131187348235,0.311313118734823,5.551115123125784e-16,0,21.882709288430583
b2663,,1,10,0.3113131187348235,0.3113131187348226,9.43689570931383e-16,0,21.88270928843059
b2222,,3,6,0.3113131187348235,0.3113131187348239,-3.8857805861880484e-16,0,21.882709269152706
b2221,,3,6,0.3113131187348235,0.3113131187348239,-3.8857805861880484e-16,0,21.882709269152706
b2224,,1,131,0.3113131187348235,0.3113131187348235,0.0,0,26.91214994490456
b2342,,8,131,0.3113131187348235,0.3113131187348235,0.0,0,26.912149944904588
b3845,,8,131,0.3113131187348235,0.3113131187348235,0.0,0,26.912149944904588
b2223,,3,6,0.3113131187348235,0.3113131187348232,3.3306690738754696e-16,0,21.88270926915255
b1241,,2,6,0.3113131187348235,0.3113131187348235,0.0,0,21.88270926915248
b0351,,1,6,0.3113131187348235,0.3113131187348239,-3.8857805861880484e-16,0,21.882709269152677
s0001,,39,426,0.3113131187348235,0.0,0.3113131187348235,1,1713.1970502068907
b1463,,1,10,0.3113131187348235,0.3113131187348237,-2.220446049250313e-16,0,21.88270928843096
b1993,,2,10,0.3113131187348235,0.3113131187348236,-1.1102230246251563e-16,0,21.88270928843069
b2316,,1,423,0.3113131187348235,0.0,0.3113131187348235,1,1497.2947923120528
b3255,,1,423,0.3113131187348235,0.0,0.3113131187348235,1,1497.2947923120537
b0185,,1,423,0.3113131187348235,0.0,0.3113131187348235,1,1497.2947923120546
b3256,,1,423,0.3113131187348235,0.0,0.3113131187348235,1,1497.2947923120528
b4069,,2,6,0.3113131187348235,0.3113131187348235,5.551115123125783e-17,0,21.88269878584355
b1119,,1,10,0.3113131187348235,0.3113131187348248,-1.27675647831893e-15,0,21.88270928843074
b3784,,1,10,0.3113131187348235,0.3113131187348236,-5.551115123125783e-17,0,21.88270928843073
b2415,,18,66,0.3113131187348235,0.3113131187348232,2.7755575615628914e-16,0,75.47438252286224
b0679,,1,10,0.3113131187348235,0.3113131187348235,0.0,0,21.882709288430792
b1101,,2,70,0.3113131187348235,0.3113131187348236,-5.551115123125783e-17,0,78.50745151530437
b2417,,6,70,0.3113131187348235,0.3113131187348235,0.0,0,78.50745151530515
b2416,,19,66,0.3113131187348235,0.3113131187348232,3.3306690738754696e-16,0,75.47438252285954
b3959,,1,423,0.3113131187348235,0.0,0.3113131187348235,1,1497.2947923120537
b2818,,1,423,0.3113131187348235,0.0,0.3113131187348235,1,1497.2947923120537
b0078,,2,423,0.3113131187348235,0.0,0.3113131187348235,1,1497.2947923120514
b3670,,2,423,0.3113131187348235,0.0,0.3113131187348235,1,1497.2947923120537
b3671,,2,423,0.3113131187348235,0.0,0.3113131187348235,1,1497.2947923120553
b0077,,2,423,0.3113131187348235,0.0,0.3113131187348235,1,1497.2947923120548
b3115,,2,6,0.3113131187348235,0.3113131187348235,5.551115123125783e-17,0,21.882698785843544
b1849,,2,64,0.3113131187348235,0.3113131187348237,-2.220446049250313e-16,0,21.88274293943042
b2296,,1,10,0.3113131187348235,0.3113131187348237,-2.220446049250313e-16,0,21.88270928843055
b2428,,1,10,0.3113131187348235,0.3113131187348237,-2.220446049250313e-16,0,21.88270928843069
b3794,,1,10,0.3113131187348235,0.3113131187348235,0.0,0,21.882709288430902
b1818,,5,70,0.3113131187348235,0.3113131187348232,2.7755575615628914e-16,0,78.50745151530418
b1819,,5,70,0.3113131187348235,0.3113131187348232,2.7755575615628914e-16,0,78.50745151530418
b1817,,5,70,0.3113131187348235,0.3113131187348232,2.7755575615628914e-16,0,78.50745151530418
b2429,,2,10,0.3113131187348235,0.3113131187348235,0.0,0,21.882709288430505
b3224,,1,10,0.3113131187348235,0.3113131187348235,0.0,0,21.88270928843065
b4311,,1,6,0.3113131187348235,0.3113131187348235,0.0,0,21.88270926915252
b3225,,1,10,0.3113131187348235,0.3113131187348235,0.0,0,21.88270928843065
b0221,,8,131,0.3113131187348235,0.3113131187348235,0.0,0,26.91214994490447
b1091,,3,423,0.3113131187348235,0.0,0.3113131187348235,1,1497.294792312052
b3957,,2,423,0.3113131187348235,0.0,0.3113131187348235,1,1497.2947923120528
b3200,,9,423,0.3113131187348235,0.0,0.3113131187348235,1,1497.294792312052
b4261,,9,423,0.3113131187348235,0.0,0.3113131187348235,1,1497.2947923120507
b3201,,9,423,0.3113131187348235,0.0,0.3113131187348235,1,1497.2947923120532
b4262,,9,423,0.3113131187348235,0.0,0.3113131187348235,1,1497.294792312054
b3199,,9,423,0.3113131187348235,0.0,0.3113131187348235,1,1497.2947923120537
b1519,,1,10,0.3113131187348235,0.3113131187348235,0.0,0,21.882709288430668
b1276,,2,424,0.3113131187348235,0.0,0.3113131187348235,1,1552.0938341903404
b0118,,3,424,0.3113131187348235,0.0,0.3113131187348235,1,1552.0938341903409
b1748,,2,423,0.3113131187348235,0.0,0.3113131187348235,1,1497.2947923120526
b3359,,2,423,0.3113131187348235,0.0,0.3113131187348235,1,1497.2947923120555
b1090,,7,10,0.3113131187348235,0.3113131187348234,1.1102230246251563e-16,0,21.882709288430696
b3475,,1,10,0.3113131187348235,0.3113131187348236,-1.1102230246251563e-16,0,21.88270928843041
b2563,,1,10,0.3113131187348235,0.3113131187348236,-1.1102230246251563e-16,0,21.88270928843041
b2578,,2,10,0.3113131187348235,0.3113131187348234,1.1102230246251563e-16,0,21.882709288430576
b1533,,2,10,0.3113131187348235,0.3113131187348234,1.1102230246251563e-16,0,21.882709288430576
b4067,,2,10,0.3113131187348235,0.3113131187348238,-3.3306690738754696e-16,0,21.882709288430465
b1623,,2,10,0.3113131187348235,0.3113131187348239,-3.8857805861880484e-16,0,21.88270928843074
b1096,,1,423,0.3113131187348235,0.0,0.3113131187348235,1,1497.2947923120537
b1812,,2,423,0.3113131187348235,0.0,0.3113131187348235,1,1497.294792312054
b3360,,1,423,0.3113131187348235,0.0,0.3113131187348235,1,1497.2947923120548
b3665,,1,2,0.3113131187348235,0.3113131187348235,0.0,0,21.882698766565262
b3654,,3,6,0.3113131187348235,0.3113131187348233,2.220446049250313e-16,0,21.882709269152485
b3714,,1,6,0.3113131187348235,0.3113131187348233,2.220446049250313e-16,0,21.882709269152485
b0474,,13,423,0.3113131187348235,0.0,0.3113131187348235,1,1497.294792312053
b0120,,1,6,0.3113131187348235,0.3113131187348235,0.0,0,21.88269878584343
b3806,,1,10,0.3113131187348235,0.3113131187348245,-9.43689570931383e-16,0,21.88270928843056
b0030,,5,10,0.3113131187348235,0.3113131187348235,5.551115123125783e-17,0,21.88270928843064
b2393,,7,10,0.3113131187348235,0.3113131187348235,0.0,0,21.88270928843062
b2964,,11,10,0.3113131187348235,0.3113131187348235,0.0,0,21.882709288430487
b2406,,6,6,0.3113131187348235,0.3113131187348235,0.0,0,21.88270926915233
b0411,,7,6,0.3113131187348235,0.3113131187348234,1.1102230246251563e-16,0,21.88270926915249
b1992,,1,10,0.3113131187348235,0.3113131187348231,3.8857805861880484e-16,0,21.882709288430668
b1709,,3,10,0.3113131187348235,0.3113131187348235,0.0,0,21.88270928843065
b0158,,3,10,0.3113131187348235,0.3113131187348235,0.0,0,21.88270928843065
b1711,,3,10,0.3113131187348235,0.3113131187348235,0.0,0,21.88270928843065
b3966,,3,10,0.3113131187348235,0.3113131187348235,0.0,0,21.88270928843065
b3005,,10,6,0.3113131187348235,0.3113131187348235,0.0,0,21.88270926915268
b3006,,10,6,0.3113131187348235,0.3113131187348235,0.0,0,21.88270926915268
b1252,,10,6,0.3113131187348235,0.3113131187348235,0.0,0,21.88270926915268
b3397,,1,10,0.3113131187348235,0.3113131187348248,-1.27675647831893e-15,0,21.882709288430902
b3034,,1,10,0.3113131187348235,0.3113131187348248,-1.27675647831893e-15,0,21.882709288430902
b0469,,1,10,0.3113131187348235,0.3113131187348238,-3.3306690738754696e-16,0,21.882709288430465
b2750,,1,423,0.3113131187348235,0.0,0.3113131187348235,1,1497.2947923120537
b1131,,2,423,0.3113131187348235,0.0,0.3113131187348235,1,1497.2947923120537
b4177,,1,423,0.3113131187348235,0.0,0.3113131187348235,1,1497.2947923120555
b0677,,1,6,0.3113131187348235,0.3113131187348235,5.551115123125783e-17,0,21.88269878584327
b0110,,4,10,0.3113131187348235,0.3113131187348232,2.7755575615628914e-16,0,21.882709288430487
b2817,,2,10,0.3113131187348235,0.3113131187348235,5.551115123125783e-17,0,21.882709288430537
b2435,,2,10,0.3113131187348235,0.3113131187348235,5.551115123125783e-17,0,21.882709288430537
b4169,,2,10,0.3113131187348235,0.3113131187348235,5.551115123125783e-17,0,21.882709288430537
b1107,,3,10,0.3113131187348235,0.3113131187348235,0.0,0,21.8827092884306
b0433,,3,10,0.3113131187348235,0.3113131187348235,5.551115123125783e-17,0,21.8827092884306
b3619,,1,6,0.3113131187348235,0.3113131187348236,-1.1102230246251563e-16,0,21.882709269152397
b2937,,1,10,0.3113131187348235,0.3113131187348237,-2.220446049250313e-16,0,21.88270928843078
b3018,,7,423,0.3113131187348235,0.0,0.3113131187348235,1,1497.294792312053
b3958,,1,423,0.3113131187348235,0.0,0.3113131187348235,1,1497.294792312052
b0575,,2,6,0.3113131187348235,0.3113131187348234,1.1102230246251563e-16,0,21.88269878584364
b0572,,2,6,0.3113131187348235,0.3113131187348247,-1.2212453270876722e-15,0,21.88270926915265
b0573,,2,6,0.3113131187348235,0.3113131187348247,-1.2212453270876722e-15,0,21.88270926915265
b0574,,2,6,0.3113131187348235,0.3113131187348247,-1.2212453270876722e-15,0,21.88270926915265
b4006,,2,423,0.3113131187348235,0.0,0.3113131187348235,1,1497.2947923120537
b0522,,1,423,0.3113131187348235,0.0,0.3113131187348235,1,1497.2947923120526
b0523,,1,423,0.3113131187348235,0.0,0.3113131187348235,1,1497.2947923120537
b0727,,1,76,0.3113131187348235,0.3113131187348242,-6.661338147750939e-16,0,42.44453589114156
b0116,,3,74,0.3113131187348235,0.3113131187348237,-2.220446049250313e-16,0,122.01837817617664
b0726,,1,76,0.3113131187348235,0.3113131187348232,3.3306690738754696e-16,0,42.44453589114093
b2587,,1,10,0.3113131187348235,0.3113131187348235,0.0,0,21.8827092884306
b1488,,1,10,0.3113131187348235,0.3113131187348229,6.106226635438361e-16,0,21.88270928843057
b3542,,3,10,0.3113131187348235,0.3113131187348235,0.0,0,21.88270928843074
b1486,,1,6,0.3113131187348235,0.3113131187348236,-5.551115123125783e-17,0,21.88270926915233
b1485,,1,6,0.3113131187348235,0.3113131187348236,-5.551115123125783e-17,0,21.88270926915233
b3543,,3,10,0.3113131187348235,0.3113131187348235,0.0,0,21.88270928843074
b3541,,3,10,0.3113131187348235,0.3113131187348235,0.0,0,21.88270928843074
b1484,,1,6,0.3113131187348235,0.3113131187348236,-5.551115123125783e-17,0,21.88270926915233
b3540,,3,10,0.3113131187348235,0.3113131187348235,0.0,0,21.88270928843074
b3544,,3,10,0.3113131187348235,0.3113131187348235,0.0,0,21.88270928843074
b1483,,1,6,0.3113131187348235,0.3113131187348236,-5.551115123125783e-17,0,21.88270926915233
b1487,,1,6,0.3113131187348235,0.3113131187348236,-5.551115123125783e-17,0,21.88270926915233
b0092,,1,423,0.3113131187348235,0.0,0.3113131187348235,1,1497.294792312056
b0381,,1,423,0.3113131187348235,0.0,0.3113131187348235,1,1497.2947923120537
b1325,,1,10,0.3113131187348235,0.3113131187348226,9.43689570931383e-16,0,21.882709288430576
b1190,,1,423,0.3113131187348235,0.0,0.3113131187348235,1,1497.294792312051
b4053,,1,423,0.3113131187348235,0.0,0.3113131187348235,1,1497.294792312054
b2551,,6,69,0.3113131187348235,0.3113131187348214,2.1094237467877974e-15,0,27.53936089236811
b0870,,4,6,0.3113131187348235,0.3113131187348232,2.7755575615628914e-16,0,21.882709269152663
b2379,,1,13,0.3113131187348235,0.311313118734823,5.551115123125784e-16,0,21.98097464113092
b2290,,1,13,0.3113131187348235,0.311313118734823,5.551115123125784e-16,0,21.98097464113092
b2697,,1,10,0.3113131187348235,0.3113131187348222,1.27675647831893e-15,0,21.88270928843067
b3460,,5,10,0.3113131187348235,0.3113131187348238,-3.3306690738754696e-16,0,21.882709288430465
b3456,,5,10,0.3113131187348235,0.3113131187348238,-3.3306690738754696e-16,0,21.882709288430465
b3457,,5,10,0.3113131187348235,0.3113131187348238,-3.3306690738754696e-16,0,21.882709288430465
b3455,,5,10,0.3113131187348235,0.3113131187348238,-3.3306690738754696e-16,0,21.882709288430465
b3454,,5,10,0.3113131187348235,0.3113131187348238,-3.3306690738754696e-16,0,21.882709288430465
b4208,,5,63,0.3113131187348235,0.3113131187348235,0.0,0,21.896478166230477
b0007,,2,10,0.3113131187348235,0.3113131187348238,-3.3306690738754696e-16,0,21.882709288430465
b0356,,3,10,0.3113131187348235,0.3113131187037692,3.105427026639518e-11,0,21.882709286333963
b1478,,1,10,0.3113131187348235,0.3113131187348226,9.43689570931383e-16,0,21.882709288430647
b1385,,1,6,0.3113131187348235,0.3113131187348235,0.0,0,21.882709269152752
b1300,,2,10,0.3113131187348235,0.3113131187348242,-6.661338147750939e-16,0,21.882709288430668
b3588,,2,10,0.3113131187348235,0.3113131187348235,0.0,0,21.882709288430878
b4084,,1,10,0.3113131187348235,0.3113131187348244,-8.881784197001252e-16,0,21.88270928843064
b4090,,2,118,0.3113131187348235,0.3113131187348235,5.551115123125783e-17,0,1295.334381840545
b0516,,1,10,0.3113131187348235,0.3113131187348235,5.551115123125783e-17,0,21.882709288430803
b0512,,1,6,0.3113131187348235,0.3113131187348235,0.0,0,21.882709269152443
b0511,,1,10,0.3113131187348235,0.3113131187348237,-2.220446049250313e-16,0,21.88270928843077
b4085,,1,10,0.3113131187348235,0.3113131187348222,1.27675647831893e-15,0,21.8827092884306
b4087,,2,10,0.3113131187348235,0.3113131187348235,0.0,0,21.88270928843078
b4086,,2,10,0.3113131187348235,0.3113131187348235,0.0,0,21.88270928843078
b4088,,2,10,0.3113131187348235,0.3113131187348235,0.0,0,21.88270928843078
b0657,,2,10,0.3113131187348235,0.3113131187348237,-2.220446049250313e-16,0,21.88270928843084
b1677,,2,10,0.3113131187348235,0.3113131187348237,-2.220446049250313e-16,0,21.88270928843084
b1781,,1,10,0.3113131187348235,0.3113131187348238,-3.3306690738754696e-16,0,21.882709288430465
b3001,,1,10,0.3113131187348235,0.3113131187348238,-3.3306690738754696e-16,0,21.882709288430465
b0207,,2,6,0.3113131187348235,0.3113131187348235,0.0,0,21.88270926915268
b3012,,2,6,0.3113131187348235,0.3113131187348235,0.0,0,21.88270926915268
b3945,,4,10,0.3113131187348235,0.3113131187348235,0.0,0,21.88270928843047
b3091,,1,10,0.3113131187348235,0.3113131187348232,2.7755575615628914e-16,0,21.882709288430654
b3416,,4,10,0.3113131187348235,0.3113131187348236,-5.551115123125783e-17,0,21.88270928843064
b3223,,1,10,0.3113131187348235,0.3113131187348237,-2.220446049250313e-16,0,21.882709288430625
b3222,,1,10,0.3113131187348235,0.3113131187348235,0.0,0,21.88270928843086
b0774,,1,423,0.3113131187348235,0.0,0.3113131187348235,1,1497.2947923120537
b3833,,2,6,0.3113131187348235,0.3113131187348235,0.0,0,21.88269878584344
b3994,,1,423,0.3113131187348235,0.0,0.3113131187348235,1,1497.2947923120548
b1982,,1,10,0.3113131187348235,0.3113131187348235,0.0,0,21.88270928843092
b0932,,2,10,0.3113131187348235,0.3113131187348232,2.7755575615628914e-16,0,21.88270928843061
b0237,,3,10,0.3113131187348235,0.311313118734823,5.551115123125784e-16,0,21.882709288430497
b4260,,2,10,0.3113131187348235,0.3113131187348232,2.7755575615628914e-16,0,21.88270928843061
b2523,,2,10,0.3113131187348235,0.3113131187348232,2.7755575615628914e-16,0,21.88270928843061
b1640,,1,10,0.3113131187348235,0.3113131187348149,8.659739592076221e-15,0,21.88270928843022
b1263,,2,423,0.3113131187348235,0.0,0.3113131187348235,1,1497.2947923120537
b1264,,1,423,0.3113131187348235,0.0,0.3113131187348235,1,1497.294792312052
b0776,,1,423,0.3113131187348235,0.0,0.3113131187348235,1,1497.294792312054
b0049,,3,10,0.3113131187348235,0.3113131187348235,0.0,0,21.882709288431027
b4129,,2,10,0.3113131187348235,0.3113131187348235,0.0,0,21.882709288430657
b0121,,2,10,0.3113131187348235,0.3113131187348235,0.0,0,21.88270928843065
b3059,,7,15,0.3113131187348235,0.3113130860154743,3.2719349174481493e-08,0,21.882707079454647
b0968,,7,10,0.3113131187348235,0.3113131187348235,0.0,0,21.882709288430743
b0414,,2,423,0.3113131187348235,0.0,0.3113131187348235,1,1497.2947923120498
b0062,,1,6,0.3113131187348235,0.3113131187348235,0.0,0,21.88269878584333
b0153,,5,10,0.3113131187348235,0.3113131187348238,-2.7755575615628914e-16,0,21.88270928843069
b0151,,5,10,0.3113131187348235,0.3113131187348238,-2.7755575615628914e-16,0,21.88270928843069
b0152,,5,10,0.3113131187348235,0.3113131187348238,-2.7755575615628914e-16,0,21.88270928843069
b2715,,1,10,0.3113131187348235,0.3113131187348235,0.0,0,21.88270928843047
b3722,,1,10,0.3113131187348235,0.3113131187348235,0.0,0,21.88270928843047
b1900,,1,10,0.3113131187348235,0.3113131187348238,-3.3306690738754696e-16,0,21.882709288430465
b4460,,1,10,0.3113131187348235,0.3113131187348238,-3.3306690738754696e-16,0,21.882709288430465
b1901,,1,10,0.3113131187348235,0.3113131187348238,-3.3306690738754696e-16,0,21.882709288430465
b2841,,1,10,0.3113131187348235,0.3113131187348241,-5.551115123125784e-16,0,21.8827092884307
b1528,,3,10,0.3113131187348235,0.3113131187348229,6.106226635438361e-16,0,21.882709288430465
b4115,,1,10,0.3113131187348235,0.3113131187348235,5.551115123125783e-17,0,21.882709288430554
b4117,,1,10,0.3113131187348235,0.3113131187348235,0.0,0,21.88270928843074
b2938,,1,10,0.3113131187348235,0.3113131187348238,-3.3306690738754696e-16,0,21.882709288430465
b1605,,1,6,0.3113131187348235,0.3113131187348277,-4.163336342344337e-15,0,21.882709269152944
b3960,,1,423,0.3113131187348235,0.0,0.3113131187348235,1,1497.294792312054
b3172,,1,423,0.3113131187348235,0.0,0.3113131187348235,1,1497.2947923120537
b1876,,1,6,0.3113131187348235,0.3113131187348234,1.1102230246251563e-16,0,21.882698785843257
b2310,,3,10,0.3113131187348235,0.3113131187348238,-3.3306690738754696e-16,0,21.882709288430465
b0863,,1,10,0.3113131187348235,0.3113131187348238,-3.3306690738754696e-16,0,21.882709288430465
b0860,,1,10,0.3113131187348235,0.3113131187348238,-3.3306690738754696e-16,0,21.882709288430465
b2307,,4,10,0.3113131187348235,0.3113131187348238,-3.3306690738754696e-16,0,21.882709288430465
b2308,,4,10,0.3113131187348235,0.3113131187348238,-3.3306690738754696e-16,0,21.882709288430465
b0862,,1,10,0.3113131187348235,0.3113131187348238,-3.3306690738754696e-16,0,21.882709288430465
b2306,,4,10,0.3113131187348235,0.3113131187348238,-3.3306690738754696e-16,0,21.882709288430465
b0864,,1,10,0.3113131187348235,0.3113131187348238,-3.3306690738754696e-16,0,21.882709288430465
b0861,,1,10,0.3113131187348235,0.3113131187348238,-3.3306690738754696e-16,0,21.882709288430465
b2923,,2,6,0.3113131187348235,0.3113131187348235,0.0,0,21.882709269152507
b3433,,1,423,0.3113131187348235,0.0,0.3113131187348235,1,1497.2947923120532
b4192,,1,6,0.3113131187348235,0.3113131187348232,2.7755575615628914e-16,0,21.882698785843186
b4194,,1,10,0.3113131187348235,0.3113131187348235,0.0,0,21.882709288430604
b4193,,1,10,0.3113131187348235,0.3113131187348235,0.0,0,21.882709288430604
b4195,,1,10,0.3113131187348235,0.3113131187348235,0.0,0,21.882709288430604
b1767,,1,10,0.3113131187348235,0.3113131187348179,5.6621374255882976e-15,0,21.882709288430352
b0828,,1,10,0.3113131187348235,0.3113131187348179,5.6621374255882976e-15,0,21.882709288430352
b2957,,2,10,0.3113131187348235,0.3113131187348238,-3.3306690738754696e-16,0,21.882709288430465
b0674,,1,10,0.3113131187348235,0.3113131187348238,-3.3306690738754696e-16,0,21.882709288430465
b3744,,1,55,0.3113131187348235,0.3113131187348214,2.1094237467877974e-15,0,21.930351304909863
b0930,,1,10,0.3113131187348235,0.3113131187348241,-5.551115123125784e-16,0,21.882709288430583
b1453,,1,10,0.3113131187348235,0.3113131187348227,8.326672684688674e-16,0,21.88270928843056
b3502,,1,10,0.3113131187348235,0.3113131187348237,-2.220446049250313e-16,0,21.882709288430195
b0131,,1,423,0.3113131187348235,0.0,0.3113131187348235,1,1497.2947923120532
b4245,,1,423,0.3113131187348235,0.0,0.3113131187348235,1,1497.2947923120528
b4244,,1,423,0.3113131187348235,0.0,0.3113131187348235,1,1497.2947923120537
b0002,,2,423,0.3113131187348235,0.0,0.3113131187348235,1,1497.294792312053
b4024,,1,423,0.3113131187348235,0.0,0.3113131187348235,1,1497.2947923120537
b3940,,2,423,0.3113131187348235,0.0,0.3113131187348235,1,1497.2947923120523
b2574,,4,423,0.3113131187348235,0.0,0.3113131187348235,1,1497.294792312053
b4139,,1,10,0.3113131187348235,0.3113131187348235,5.551115123125783e-17,0,21.882709288430792
b0928,,3,423,0.3113131187348235,0.0,0.3113131187348235,1,1497.2947923120537
b1866,,1,10,0.3113131187348235,0.3113131187348235,0.0,0,21.88270928843077
b0654,,2,10,0.3113131187348235,0.3113131187348238,-3.3306690738754696e-16,0,21.882709288430465
b0655,,2,10,0.3113131187348235,0.3113131187348238,-3.3306690738754696e-16,0,21.882709288430465
b0652,,2,10,0.3113131187348235,0.3113131187348238,-3.3306690738754696e-16,0,21.882709288430465
b0653,,2,10,0.3113131187348235,0.3113131187348238,-3.3306690738754696e-16,0,21.882709288430465
b3528,,6,10,0.3113131187348235,0.3113131187348159,7.66053886991358e-15,0,21.882709288430327
b4123,,9,10,0.3113131187348235,0.3113131187348235,0.0,0,21.882709288430565
b4138,,7,10,0.3113131187348235,0.3113131187348238,-3.3306690738754696e-16,0,21.882709288430465
b4077,,2,6,0.3113131187348235,0.3113131187348236,-5.551115123125783e-17,0,21.88270926915248
b3503,,1,10,0.3113131187348235,0.3113131187348237,-2.220446049250313e-16,0,21.88270928843062
b1064,,7,10,0.3113131187348235,0.3113131187348236,-5.551115123125783e-17,0,21.882709288430448
b1747,,1,6,0.3113131187348235,0.3113131187348235,0.0,0,21.88270926915247
b1539,,4,10,0.3113131187348235,0.3113131187348235,0.0,0,21.88270928843073
b2019,,1,423,0.3113131187348235,0.0,0.3113131187348235,1,1497.2947923120537
b3738,,1,84,0.3113131187348235,0.3113131187348563,-3.2751579226442124e-14,0,4398.441819304646
b3733,,1,85,0.3113131187348235,0.3113131187348235,5.551115123125783e-17,0,4398.553266476802
b3732,,1,85,0.3113131187348235,0.3113131187348235,5.551115123125783e-17,0,4398.553266476802
b3739,,1,85,0.3113131187348235,0.3113131187348235,5.551115123125783e-17,0,4398.553266476802
b3736,,1,85,0.3113131187348235,0.3113131187348235,5.551115123125783e-17,0,4398.553266476802
b3737,,1,85,0.3113131187348235,0.3113131187348235,5.551115123125783e-17,0,4398.553266476802
b3734,,1,85,0.3113131187348235,0.3113131187348235,5.551115123125783e-17,0,4398.553266476802
b3735,,1,85,0.3113131187348235,0.3113131187348235,5.551115123125783e-17,0,4398.553266476802
b3731,,1,85,0.3113131187348235,0.3113131187348235,5.551115123125783e-17,0,4398.553266476802
b0312,,2,10,0.3113131187348235,0.3113131187348238,-3.3306690738754696e-16,0,21.882709288430465
b0827,,4,423,0.3113131187348235,0.0,0.3113131187348235,1,1497.294792312052
b3857,,5,423,0.3113131187348235,0.0,0.3113131187348235,1,1497.294792312054
b3856,,5,423,0.3113131187348235,0.0,0.3113131187348235,1,1497.294792312055
b4214,,1,423,0.3113131187348235,0.0,0.3113131187348235,1,1497.2947923120526
b3551,,3,10,0.3113131187348235,0.3113131187348235,0.0,0,21.88270928843076
b0775,,1,423,0.3113131187348235,0.0,0.3113131187348235,1,1497.294792312054
b0934,,5,6,0.3113131187348235,0.3113131187348235,0.0,0,21.882698785843356
b0367,,3,10,0.3113131187348235,0.3113131187348231,3.8857805861880484e-16,0,21.882709288430483
b0933,,5,6,0.3113131187348235,0.3113131187348232,3.3306690738754696e-16,0,21.88270926915235
b0936,,5,6,0.3113131187348235,0.3113131187348232,3.3306690738754696e-16,0,21.88270926915235
b0365,,3,10,0.3113131187348235,0.3113131187348231,3.8857805861880484e-16,0,21.882709288430483
b0366,,3,10,0.3113131187348235,0.3113131187348231,3.8857805861880484e-16,0,21.882709288430483
b1216,,3,10,0.3113131187348235,0.311313118734823,5.551115123125784e-16,0,21.882709288430675
b4132,,1,10,0.3113131187348235,0.3113131187348238,-3.3306690738754696e-16,0,21.882709288430465
b3942,,1,10,0.3113131187348235,0.3113131187348238,-3.3306690738754696e-16,0,21.882709288430465
b1732,,1,10,0.3113131187348235,0.3113131187348238,-3.3306690738754696e-16,0,21.882709288430465
b3196,,1,423,0.3113131187348235,0.0,0.3113131187348235,1,1497.294792312054
b1270,,2,6,0.3113131187348235,0.3113131187348234,1.1102230246251563e-16,0,21.88269878584348
b2874,,1,56,0.3113131187348235,0.3113131187348235,0.0,0,22.414407379265853
b0521,,1,56,0.3113131187348235,0.3113131187348235,0.0,0,22.414407379265853
b0323,,1,56,0.3113131187348235,0.3113131187348235,0.0,0,22.414407379265853
b0033,,1,10,0.3113131187348235,0.3113131187348238,-3.3306690738754696e-16,0,21.882709288430465
b0032,,1,10,0.3113131187348235,0.3113131187348238,-3.3306690738754696e-16,0,21.882709288430465
b0444,,1,6,0.3113131187348235,0.3113131187348229,6.106226635438361e-16,0,21.88270926915262
b3469,,6,10,0.3113131187348235,0.3113131187348238,-3.3306690738754696e-16,0,21.882709288430465
b3915,,7,6,0.3113131187348235,0.3113131187348236,-1.1102230246251563e-16,0,21.882709269152397
b0752,,5,10,0.3113131187348235,0.3113131187348229,6.106226635438361e-16,0,21.88270928843065
b3040,,6,423,0.3113131187348235,0.0,0.3113131187348235,1,1497.2947923120537
b3918,,7,10,0.3113131187348235,0.3113131187348235,0.0,0,21.882709288430725
b2794,,1,15,0.3113131187348235,0.3113130860156625,3.271916099167882e-08,0,21.882707079467423
b1208,,1,423,0.3113131187348235,0.0,0.3113131187348235,1,1497.294792312054
b1661,,4,6,0.3113131187348235,0.3113131187348234,1.1102230246251563e-16,0,21.88269878584342
b2129,,2,10,0.3113131187348235,0.3113131187348238,-3.3306690738754696e-16,0,21.882709288430465
b2128,,2,10,0.3113131187348235,0.3113131187348238,-3.3306690738754696e-16,0,21.882709288430465
b2131,,2,10,0.3113131187348235,0.3113131187348238,-3.3306690738754696e-16,0,21.882709288430465
b2130,,2,10,0.3113131187348235,0.3113131187348238,-3.3306690738754696e-16,0,21.882709288430465
b1801,,3,10,0.3113131187348235,0.3113131187348235,0.0,0,21.88270928843067
b0314,,1,6,0.3113131187348235,0.3113131187348235,0.0,0,21.88270926915221
b0311,,1,6,0.3113131187348235,0.3113131187348232,3.3306690738754696e-16,0,21.88270926915231
b2600,,2,423,0.3113131187348235,0.0,0.3113131187348235,1,1497.2947923120537
b2599,,2,423,0.3113131187348235,0.0,0.3113131187348235,1,1497.2947923120537
b2329,,1,423,0.3113131187348235,0.0,0.3113131187348235,1,1497.2947923120528
b4039,,1,423,0.3113131187348235,0.0,0.3113131187348235,1,1497.2947923120537
b2542,,2,10,0.3113131187348235,0.3113131187348235,0.0,0,21.882709288430668
b2540,,2,10,0.3113131187348235,0.3113131187348234,1.1102230246251563e-16,0,21.882709288430675
b2538,,2,10,0.3113131187348235,0.3113131187348234,1.1102230246251563e-16,0,21.882709288430675
b2539,,2,10,0.3113131187348235,0.3113131187348234,1.1102230246251563e-16,0,21.882709288430675
b0617,,1,10,0.3113131187348235,0.3113131187348233,2.220446049250313e-16,0,21.8827092884308
b0614,,1,10,0.3113131187348235,0.3113131187348233,2.220446049250313e-16,0,21.8827092884308
b0616,,1,10,0.3113131187348235,0.3113131187348233,2.220446049250313e-16,0,21.8827092884308
b0615,,1,10,0.3113131187348235,0.3113131187348233,2.220446049250313e-16,0,21.8827092884308
b0612,,1,6,0.3113131187348235,0.3113131187348232,3.3306690738754696e-16,0,21.882709269152613
b0789,,7,10,0.3113131187348235,0.3113131187348235,5.551115123125783e-17,0,21.882709288430902
b1249,,7,10,0.3113131187348235,0.3113131187348235,5.551115123125783e-17,0,21.882709288430902
b0155,,1,423,0.3113131187348235,0.0,0.3113131187348235,1,1497.2947923120537
b1592,,1,423,0.3113131187348235,0.0,0.3113131187348235,1,1497.2947923120537
b3035,,9,10,0.3113131187348235,0.3113131187348235,0.0,0,21.882709288430966
b2470,,7,10,0.3113131187348235,0.3113131187348238,-3.3306690738754696e-16,0,21.882709288430465
b0463,,7,10,0.3113131187348235,0.3113131187348238,-3.3306690738754696e-16,0,21.882709288430465
b0462,,7,10,0.3113131187348235,0.3113131187348238,-3.3306690738754696e-16,0,21.882709288430465
b3816,,3,423,0.3113131187348235,0.0,0.3113131187348235,1,1497.2947923120537
b2174,,1,10,0.3113131187348235,0.3113131187348235,0.0,0,21.88270928843077
b0914,,32,423,0.3113131187348235,0.0,0.3113131187348235,1,1497.2947923120532
b1102,,1,6,0.3113131187348235,0.3113131187348234,1.1102230246251563e-16,0,21.88269878584333
b2765,,1,10,0.3113131187348235,0.3113131187348238,-3.3306690738754696e-16,0,21.8827092884306
b0783,,1,423,0.3113131187348235,0.0,0.3113131187348235,1,1497.2947923120537
b0781,,1,423,0.3113131187348235,0.0,0.3113131187348235,1,1497.2947923120546
b2436,,1,58,0.3113131187348235,0.3113131187348235,0.0,0,21.883579686688
b3867,,1,10,0.3113131187348235,0.3113131187348245,-9.43689570931383e-16,0,21.88270928843051
b0038,,2,10,0.3113131187348235,0.3113131187348235,0.0,0,21.882709288430757
b0037,,3,10,0.3113131187348235,0.3113131187348238,-3.3306690738754696e-16,0,21.882709288430465
b0036,,2,10,0.3113131187348235,0.3113131187348229,6.106226635438361e-16,0,21.882709288430668
b2679,,4,10,0.3113131187348235,0.3113131187348238,-3.3306690738754696e-16,0,21.882709288430465
b2677,,4,10,0.3113131187348235,0.3113131187348238,-3.3306690738754696e-16,0,21.882709288430465
b2678,,4,10,0.3113131187348235,0.3113131187348238,-3.3306690738754696e-16,0,21.882709288430465
b4111,,5,10,0.3113131187348235,0.3113131187348223,1.2212453270876722e-15,0,21.882709288430696
b0040,,2,10,0.3113131187348235,0.3113131187348232,2.7755575615628914e-16,0,21.88270928843061
b0720,,1,424,0.3113131187348235,0.0,0.3113131187348235,1,1552.0938341903395
b0337,,1,2,0.3113131187348235,0.3113131187348234,1.1102230246251563e-16,0,21.882698766565323
b0336,,1,10,0.3113131187348235,0.3113131187348235,0.0,0,21.882709288430757
b3846,,19,131,0.3113131187348235,0.3113131187348237,-2.220446049250313e-16,0,26.91214994490351
b2780,,1,423,0.3113131187348235,0.0,0.3113131187348235,1,1497.2947923120532
b0123,,2,6,0.3113131187348235,0.3113131187348235,0.0,0,21.88269878584344
b0484,,1,10,0.3113131187348235,0.3113131187348238,-3.3306690738754696e-16,0,21.882709288430465
b3425,,1,6,0.3113131187348235,0.3113131187348235,0.0,0,21.882709269152564
b1308,,1,10,0.3113131187348235,0.3113131187348238,-3.3306690738754696e-16,0,21.882709288430465
b0340,,1,10,0.3113131187348235,0.3113131187348238,-2.7755575615628914e-16,0,21.88270928843067
b0341,,1,10,0.3113131187348235,0.3113131187348232,2.7755575615628914e-16,0,21.882709288430505
b1919,,1,6,0.3113131187348235,0.3113131187348237,-2.220446049250313e-16,0,21.88270926915252
b3008,,2,423,0.3113131187348235,0.0,0.3113131187348235,1,1497.2947923120532
b3708,,3,55,0.3113131187348235,0.3113131187348234,1.1102230246251563e-16,0,21.894359189728675
b2414,,1,423,0.3113131187348235,0.0,0.3113131187348235,1,1497.2947923120528
b2421,,1,423,0.3113131187348235,0.0,0.3113131187348235,1,1497.2947923120528
b2810,,1,6,0.3113131187348235,0.3113131187348235,0.0,0,21.88269878584344
b1622,,1,423,0.3113131187348235,0.0,0.3113131187348235,1,1497.2947923120532
b0526,,1,6,0.3113131187348235,0.3113131187348235,5.551115123125783e-17,0,21.88269878584358
b0886,,2,6,0.3113131187348235,0.3113131187348235,5.551115123125783e-17,0,21.88270926915235
b0887,,2,6,0.3113131187348235,0.3113131187348235,5.551115123125783e-17,0,21.88270926915235
b0978,,2,10,0.3113131187348235,0.3113131187348236,-1.1102230246251563e-16,0,21.882709288430625
b0979,,2,10,0.3113131187348235,0.3113131187348236,-1.1102230246251563e-16,0,21.882709288430625
b0734,,1,10,0.3113131187348235,0.3113131187348238,-3.3306690738754696e-16,0,21.882709288430465
b0733,,1,10,0.3113131187348235,0.3113131187348238,-3.3306690738754696e-16,0,21.882709288430465
b0432,,1,64,0.3113131187348235,0.3113131187348232,2.7755575615628914e-16,0,744.3740451244771
b0430,,1,64,0.3113131187348235,0.3113131187348232,2.7755575615628914e-16,0,744.3740451244771
b0429,,1,64,0.3113131187348235,0.3113131187348232,2.7755575615628914e-16,0,744.3740451244771
b0431,,1,64,0.3113131187348235,0.3113131187348232,2.7755575615628914e-16,0,744.3740451244771
b2143,,2,10,0.3113131187348235,0.311313118734823,5.551115123125784e-16,0,21.88270928843086
b0651,,2,6,0.3113131187348235,0.3113131187348229,6.106226635438361e-16,0,21.88270926915255
b2162,,2,6,0.3113131187348235,0.3113131187348229,6.106226635438361e-16,0,21.88270926915255
b2066,,2,10,0.3113131187348235,0.3113131187348238,-3.3306690738754696e-16,0,21.882709288430465
b0910,,3,423,0.3113131187348235,0.0,0.3113131187348235,1,1497.2947923120537
b2975,,3,10,0.3113131187348235,0.3113131187348235,0.0,0,21.88270928843077
b3603,,3,10,0.3113131187348235,0.3113131187348235,0.0,0,21.88270928843037
b1189,,1,10,0.3113131187348235,0.3113131187348238,-3.3306690738754696e-16,0,21.882709288430465
b4042,,7,10,0.3113131187348235,0.3113131187348238,-3.3306690738754696e-16,0,21.882709288430465
b2871,,1,10,0.3113131187348235,0.311313118734826,-2.4424906541753444e-15,0,21.88270928843092
b2838,,1,423,0.3113131187348235,0.0,0.3113131187348235,1,1497.2947923120537
b3809,,1,423,0.3113131187348235,0.0,0.3113131187348235,1,1497.2947923120546
b0175,,7,423,0.3113131187348235,0.0,0.3113131187348235,1,1497.2947923120528
b3041,,1,423,0.3113131187348235,0.0,0.3113131187348235,1,1497.2947923120516
b0778,,1,423,0.3113131187348235,0.0,0.3113131187348235,1,1497.2947923120537
b1734,,1,6,0.3113131187348235,0.3113131187348235,0.0,0,21.88269878584346
b2065,,1,10,0.3113131187348235,0.3113131187348238,-3.3306690738754696e-16,0,21.882709288430465
b2344,,7,10,0.3113131187348235,0.3113131187348232,2.7755575615628914e-16,0,21.882709288430547
b3693,,1,10,0.3113131187348235,0.311313118734823,5.551115123125784e-16,0,21.8827092884306
b3909,,2,10,0.3113131187348235,0.3113131187348215,2.05391259555654e-15,0,21.88270928843059
b3526,,1,10,0.3113131187348235,0.3113131187348235,0.0,0,21.88270928843064
b1704,,1,423,0.3113131187348235,0.0,0.3113131187348235,1,1497.2947923120553
b2601,,1,423,0.3113131187348235,0.0,0.3113131187348235,1,1497.2947923120578
b0754,,1,423,0.3113131187348235,0.0,0.3113131187348235,1,1497.2947923120523
b4477,,1,6,0.3113131187348235,0.3113131187348234,1.1102230246251563e-16,0,21.882698785843356
b3648,,2,423,0.3113131187348235,0.0,0.3113131187348235,1,1497.2947923120526
b1393,,1,6,0.3113131187348235,0.3113131187348234,1.1102230246251563e-16,0,21.88269878584349
b3771,,2,423,0.3113131187348235,0.0,0.3113131187348235,1,1497.2947923120537
b1198,,1,65,0.3113131187348235,0.3113131187348232,2.7755575615628914e-16,0,22.81663412762284
b1199,,1,65,0.3113131187348235,0.3113131187348228,7.2164496600635185e-16,0,22.81663412762227
b1200,,1,65,0.3113131187348235,0.3113131187348228,7.2164496600635185e-16,0,22.81663412762227
b0596,,1,10,0.3113131187348235,0.3113131187348235,0.0,0,21.88270928843085
b0594,,1,10,0.3113131187348235,0.3113131187348238,-3.3306690738754696e-16,0,21.88270928843067
b2541,,2,10,0.3113131187348235,0.3113131187348243,-8.326672684688674e-16,0,21.88270928843086
b0348,,2,6,0.3113131187348235,0.3113131187348097,1.376676550535194e-14,0,21.882709269151626
b0031,,1,423,0.3113131187348235,0.0,0.3113131187348235,1,1497.2947923120532
b2478,,1,423,0.3113131187348235,0.0,0.3113131187348235,1,1497.294792312054
b0048,,1,423,0.3113131187348235,0.0,0.3113131187348235,1,1497.2947923120537
b1606,,2,423,0.3113131187348235,0.0,0.3113131187348235,1,1497.294792312054
b2315,,1,423,0.3113131187348235,0.0,0.3113131187348235,1,1497.2947923120555
b3930,,1,6,0.3113131187348235,0.3113131187348235,0.0,0,21.882698785843445
b2262,,1,10,0.3113131187348235,0.3113131187348222,1.27675647831893e-15,0,21.882709288430465
b0736,,1,10,0.3113131187348235,0.3113131187348235,0.0,0,21.88270928843072
b3058,,2,423,0.3113131187348235,0.0,0.3113131187348235,1,1497.2947923120528
b0945,,2,5,0.3113131187348235,0.3113131187348235,0.0,0,21.91451391635185
b1062,,1,423,0.3113131187348235,0.0,0.3113131187348235,1,1497.2947923120537
b3177,,1,423,0.3113131187348235,0.0,0.3113131187348235,1,1497.2947923120546
b0578,,2,10,0.3113131187348235,0.3113131187348235,0.0,0,21.882709288431087
b2303,,1,10,0.3113131187348235,0.311313118734823,5.551115123125784e-16,0,21.882709288430817
b3389,,1,423,0.3113131187348235,0.0,0.3113131187348235,1,1497.294792312055
b1693,,1,423,0.3113131187348235,0.0,0.3113131187348235,1,1497.2947923120532
b0421,,2,423,0.3113131187348235,0.0,0.3113131187348235,1,1497.2947923120537
b0029,,2,423,0.3113131187348235,0.0,0.3113131187348235,1,1497.2947923120548
b2232,,2,6,0.3113131187348235,0.3113131187348235,0.0,0,21.88269878584343
b1588,,3,10,0.3113131187348235,0.3113131187348238,-3.3306690738754696e-16,0,21.882709288430465
b0895,,4,10,0.3113131187348235,0.3113131187348235,0.0,0,21.882709288430306
b1587,,3,10,0.3113131187348235,0.3113131187348238,-3.3306690738754696e-16,0,21.882709288430465
b0894,,4,10,0.3113131187348235,0.3113131187348235,0.0,0,21.882709288430306
b1590,,3,10,0.3113131187348235,0.3113131187348238,-3.3306690738754696e-16,0,21.882709288430465
b0896,,4,10,0.3113131187348235,0.3113131187348235,0.0,0,21.882709288430306
b1589,,3,10,0.3113131187348235,0.3113131187348238,-3.3306690738754696e-16,0,21.882709288430465
b1872,,4,10,0.3113131187348235,0.3113131187348238,-3.3306690738754696e-16,0,21.882709288430465
b1873,,4,10,0.3113131187348235,0.3113131187348238,-3.3306690738754696e-16,0,21.882709288430465
b0099,,3,423,0.3113131187348235,0.0,0.3113131187348235,1,1497.2947923120516
b1865,,2,423,0.3113131187348235,0.0,0.3113131187348235,1,1497.2947923120537
b3575,,1,6,0.3113131187348235,0.3113131187348235,0.0,0,21.88269878584333
b0103,,1,423,0.3113131187348235,0.0,0.3113131187348235,1,1497.2947923120523
b3774,,3,423,0.3113131187348235,0.0,0.3113131187348235,1,1497.2947923120569
b0425,,1,423,0.3113131187348235,0.0,0.3113131187348235,1,1497.2947923120655
b4381,,1,10,0.3113131187348235,0.3113131187348235,0.0,0,21.88270928843078
b1185,,2,10,0.3113131187348235,0.3113131187348233,2.220446049250313e-16,0,21.88270928843073
b3860,,2,10,0.3113131187348235,0.3113131187348233,2.220446049250313e-16,0,21.88270928843073
b2893,,2,10,0.3113131187348235,0.3113131187348235,0.0,0,21.88270928843074
b2582,,10,15,0.3113131187348235,0.3113131187348235,0.0,0,21.91248209602026
b4136,,3,10,0.3113131187348235,0.3113131187348242,-6.661338147750939e-16,0,21.88270928843042
b3781,,10,15,0.3113131187348235,0.3113131187348235,0.0,0,21.91248209602026
b0604,,2,6,0.3113131187348235,0.3113131187348236,-5.551115123125783e-17,0,21.882709269152787
b4122,,2,78,0.3113131187348235,0.3113131187348236,-1.1102230246251563e-16,0,116.62477885963384
b1098,,1,423,0.3113131187348235,0.0,0.3113131187348235,1,1497.2947923120537
b2146,,1,6,0.3113131187348235,0.3113131187348235,0.0,0,21.88269878584324
b2147,,1,10,0.3113131187348235,0.3113131187348236,-1.1102230246251563e-16,0,21.8827092884306
b1238,,2,10,0.3113131187348235,0.3113131187348228,7.2164496600635185e-16,0,21.88270928843048
b4384,,7,17,0.3113131187348235,0.3113131187348235,0.0,0,21.882709595702718
b4382,,2,10,0.3113131187348235,0.311313118734823,5.551115123125784e-16,0,21.88270928843081
b2251,,3,69,0.3113131187348235,0.3113131187348235,0.0,0,21.886201141931323
b3640,,1,69,0.3113131187348235,0.3113131187348235,0.0,0,21.886201141931323
b0173,,1,423,0.3113131187348235,0.0,0.3113131187348235,1,1497.2947923120555
b0420,,1,423,0.3113131187348235,0.0,0.3113131187348235,1,1497.2947923120505
b3564,,2,10,0.3113131187348235,0.3113131187348235,0.0,0,21.88270928843076
b1779,,2,430,0.3113131187348235,0.0,0.3113131187348235,1,1468.2966814178824
b2927,,1,423,0.3113131187348235,0.0,0.3113131187348235,1,1497.294792312054
b1288,,26,423,0.3113131187348235,0.0,0.3113131187348235,1,1497.294792312054
b3622,,2,6,0.3113131187348235,0.3113131187348235,0.0,0,21.88269878584345
b3793,,3,10,0.3113131187348235,0.3113131187348231,3.8857805861880484e-16,0,21.882709288430632
b3785,,3,10,0.3113131187348235,0.3113131187348231,3.8857805861880484e-16,0,21.882709288430632
b3792,,1,10,0.3113131187348235,0.3113131187348235,5.551115123125783e-17,0,21.88270928843065
b2341,,16,134,0.3113131187348235,0.3113131187348241,-5.551115123125784e-16,0,26.91215907380132
b1850,,2,10,0.3113131187348235,0.3113131187348232,2.7755575615628914e-16,0,21.88270928843087
b1851,,1,10,0.3113131187348235,0.3113131187348235,0.0,0,21.882709288430803
b1054,,1,10,0.3113131187348235,0.3113131187348235,0.0,0,21.88270928843083
b1855,,2,6,0.3113131187348235,0.3113131187348236,-1.1102230246251563e-16,0,21.882709269152716
b2378,,1,10,0.3113131187348235,0.3113131187348238,-3.3306690738754696e-16,0,21.882709288430554
b2779,,1,85,0.3113131187348235,0.3113131187348245,-9.43689570931383e-16,0,283.7097289357953
b0583,,1,6,0.3113131187348235,0.3113131187348237,-2.220446049250313e-16,0,21.8827092691521
b0585,,2,10,0.3113131187348235,0.3113131187348231,3.8857805861880484e-16,0,21.882709288430625
b2441,,1,10,0.3113131187348235,0.3113131187348232,2.7755575615628914e-16,0,21.882709288430657
b2440,,1,10,0.3113131187348235,0.3113131187348232,2.7755575615628914e-16,0,21.882709288430657
b3946,,1,62,0.3113131187348235,0.3113131187348236,-5.551115123125783e-17,0,22.81663405665496
b0825,,1,62,0.3113131187348235,0.3113131187348236,-5.551115123125783e-17,0,22.81663405665496
b0822,,5,6,0.3113131187348235,0.311313118734823,4.996003610813204e-16,0,21.882709269152556
b3666,,4,10,0.3113131187348235,0.3113131187348235,0.0,0,21.882709288430934
b0404,,7,10,0.3113131187348235,0.3113131187348233,2.220446049250313e-16,0,21.88270928843051
b0452,,10,134,0.3113131187348235,0.3113131187348235,0.0,0,26.912159073801767
b1805,,10,10,0.3113131187348235,0.3113131187348235,0.0,0,21.88270928843048
b1701,,10,10,0.3113131187348235,0.3113131187348235,0.0,0,21.88270928843048
b3844,,6,54,0.3113131187348235,0.3113131187348235,0.0,0,24.053211475290148
b2764,,4,423,0.3113131187348235,0.0,0.3113131187348235,1,1497.2947923120526
b2763,,4,423,0.3113131187348235,0.0,0.3113131187348235,1,1497.2947923120537
b2925,,2,55,0.3113131187348235,0.3113131187348234,1.1102230246251563e-16,0,56.02514474236016
b1773,,1,56,0.3113131187348235,0.3113131187348236,-1.1102230246251563e-16,0,41.19598954328338
b2097,,1,56,0.3113131187348235,0.3113131187348236,-1.1102230246251563e-16,0,41.19598954328338
b3925,,1,10,0.3113131187348235,0.3113131187348238,-3.3306690738754696e-16,0,21.882709288430465
b2930,,1,10,0.3113131187348235,0.3113131187348238,-3.3306690738754696e-16,0,21.882709288430465
b4232,,1,10,0.3113131187348235,0.3113131187348238,-3.3306690738754696e-16,0,21.882709288430465
b2802,,1,10,0.3113131187348235,0.311313118734825,-1.4988010832439613e-15,0,21.88270928843073
b2803,,1,10,0.3113131187348235,0.3113131187348238,-3.3306690738754696e-16,0,21.882709288430465
b2738,,1,10,0.3113131187348235,0.3113131187348237,-2.220446049250313e-16,0,21.8827092884308
b2800,,1,10,0.3113131187348235,0.3113131187348237,-2.220446049250313e-16,0,21.8827092884308
b0475,,1,423,0.3113131187348235,0.0,0.3113131187348235,1,1497.2947923120537
b1476,,2,6,0.3113131187348235,0.3113131187348235,0.0,0,21.882698785843427
b1474,,2,10,0.3113131187348235,0.3113131187348235,0.0,0,21.882709288430725
b1475,,2,10,0.3113131187348235,0.3113131187348235,0.0,0,21.882709288430725
b3892,,2,10,0.3113131187348235,0.3113131187348235,0.0,0,21.882709288430725
b3893,,2,10,0.3113131187348235,0.3113131187348235,0.0,0,21.882709288430725
b3894,,2,10,0.3113131187348235,0.3113131187348235,0.0,0,21.882709288430725
b0935,,5,10,0.3113131187348235,0.311313118734823,5.551115123125784e-16,0,21.88270928843072
b3409,,1,10,0.3113131187348235,0.3113131187348238,-3.3306690738754696e-16,0,21.882709288430465
b2392,,2,10,0.3113131187348235,0.3113131187348238,-3.3306690738754696e-16,0,21.882709288430465
b4290,,1,10,0.3113131187348235,0.3113131187348235,0.0,0,21.88270928843069
b4288,,1,10,0.3113131187348235,0.3113131187348235,0.0,0,21.88270928843069
b4287,,1,10,0.3113131187348235,0.3113131187348235,0.0,0,21.88270928843069
b4289,,1,10,0.3113131187348235,0.3113131187348235,0.0,0,21.88270928843069
b4291,,1,10,0.3113131187348235,0.3113131187348235,0.0,0,21.88270928843069
b0589,,2,6,0.3113131187348235,0.3113131187348235,5.551115123125783e-17,0,21.882709269152407
b0588,,2,6,0.3113131187348235,0.3113131187348235,5.551115123125783e-17,0,21.882709269152407
b0592,,2,6,0.3113131187348235,0.3113131187348235,5.551115123125783e-17,0,21.882709269152407
b0590,,2,6,0.3113131187348235,0.3113131187348235,5.551115123125783e-17,0,21.882709269152407
b2155,,1,10,0.3113131187348235,0.3113131187348236,-1.1102230246251563e-16,0,21.882709288430696
b0805,,1,10,0.3113131187348235,0.3113131187348236,-1.1102230246251563e-16,0,21.882709288430696
b0150,,3,10,0.3113131187348235,0.3113131187348231,3.8857805861880484e-16,0,21.882709288430583
b0584,,1,10,0.3113131187348235,0.3113131187348235,0.0,0,21.88270928843073
b0591,,1,10,0.3113131187348235,0.3113131187348238,-3.3306690738754696e-16,0,21.882709288430583
b4367,,3,10,0.3113131187348235,0.3113131187348238,-3.3306690738754696e-16,0,21.882709288430583
b4209,,1,57,0.3113131187348235,0.3113131187348201,3.386180225106728e-15,0,21.882994917666945
b2486,,1,10,0.3113131187348235,0.3113131187348238,-3.3306690738754696e-16,0,21.882709288430465
b4079,,1,10,0.3113131187348235,0.3113131187348238,-3.3306690738754696e-16,0,21.882709288430465
b2722,,2,10,0.3113131187348235,0.3113131187348238,-3.3306690738754696e-16,0,21.882709288430465
b2483,,1,10,0.3113131187348235,0.3113131187348238,-3.3306690738754696e-16,0,21.882709288430465
b2719,,2,10,0.3113131187348235,0.3113131187348238,-3.3306690738754696e-16,0,21.882709288430465
b2723,,2,10,0.3113131187348235,0.3113131187348238,-3.3306690738754696e-16,0,21.882709288430465
b2721,,2,10,0.3113131187348235,0.3113131187348238,-3.3306690738754696e-16,0,21.882709288430465
b2481,,1,10,0.3113131187348235,0.3113131187348238,-3.3306690738754696e-16,0,21.882709288430465
b2485,,1,10,0.3113131187348235,0.3113131187348238,-3.3306690738754696e-16,0,21.882709288430465
b2484,,1,10,0.3113131187348235,0.3113131187348238,-3.3306690738754696e-16,0,21.882709288430465
b2724,,2,10,0.3113131187348235,0.3113131187348238,-3.3306690738754696e-16,0,21.882709288430465
b2482,,1,10,0.3113131187348235,0.3113131187348238,-3.3306690738754696e-16,0,21.882709288430465
b2489,,1,10,0.3113131187348235,0.3113131187348238,-3.3306690738754696e-16,0,21.882709288430465
b2720,,2,10,0.3113131187348235,0.3113131187348238,-3.3306690738754696e-16,0,21.882709288430465
b2488,,1,10,0.3113131187348235,0.3113131187348238,-3.3306690738754696e-16,0,21.882709288430465
b2490,,1,10,0.3113131187348235,0.3113131187348238,-3.3306690738754696e-16,0,21.882709288430465
b2487,,1,10,0.3113131187348235,0.3113131187348238,-3.3306690738754696e-16,0,21.882709288430465
b3924,,5,69,0.3113131187348235,0.3113131187348232,2.7755575615628914e-16,0,21.891763385504166
b0684,,7,423,0.3113131187348235,0.0,0.3113131187348235,1,1497.2947923120526
b2895,,7,423,0.3113131187348235,0.0,0.3113131187348235,1,1497.2947923120507
b3288,,1,6,0.3113131187348235,0.3113131187348235,0.0,0,21.882698785843537
b0025,,2,423,0.3113131187348235,0.0,0.3113131187348235,1,1497.2947923120528
b0937,,2,6,0.3113131187348235,0.3113131187348235,0.0,0,21.882698785843456
b2912,,1,10,0.3113131187348235,0.3113131187348238,-3.3306690738754696e-16,0,21.882709288430465
b2374,,1,10,0.3113131187348235,0.3113131187348235,0.0,0,21.88270928843084
b2492,,2,10,0.3113131187348235,0.3113131187348238,-2.7755575615628914e-16,0,21.88270928843084
b0904,,2,10,0.3113131187348235,0.3113131187348238,-2.7755575615628914e-16,0,21.88270928843084
b4154,,2,10,0.3113131187348235,0.3113131187348234,1.1102230246251563e-16,0,21.88270928843067
b4152,,2,10,0.3113131187348235,0.3113131187348234,1.1102230246251563e-16,0,21.88270928843067
b4153,,2,10,0.3113131187348235,0.3113131187348234,1.1102230246251563e-16,0,21.88270928843067
b4151,,2,10,0.3113131187348235,0.3113131187348234,1.1102230246251563e-16,0,21.88270928843067
b2168,,1,10,0.3113131187348235,0.3113131187348236,-1.1102230246251563e-16,0,21.88270928843052
b3371,,1,6,0.3113131187348235,0.3113131187348228,6.661338147750939e-16,0,21.88270926915241
b4474,,1,10,0.3113131187348235,0.3113131187348237,-2.220446049250313e-16,0,21.882709288430554
b3374,,1,10,0.3113131187348235,0.3113131187348235,0.0,0,21.882709288430465
b3370,,2,10,0.3113131187348235,0.311313118734824,-4.996003610813204e-16,0,21.88270928843093
b4321,,2,10,0.3113131187348235,0.3113131187348235,0.0,0,21.88270928843061
b2169,,1,10,0.3113131187348235,0.3113131187348238,-3.3306690738754696e-16,0,21.88270928843087
b2167,,1,10,0.3113131187348235,0.3113131187348238,-3.3306690738754696e-16,0,21.88270928843087
b1232,,1,10,0.3113131187348235,0.3113131187348235,5.551115123125783e-17,0,21.88270928843074
b2801,,1,10,0.3113131187348235,0.3113131187348238,-3.3306690738754696e-16,0,21.882709288430465
b1611,,1,78,0.3113131187348235,0.3113131187348235,5.551115123125783e-17,0,116.62477885963484
b1612,,1,78,0.3113131187348235,0.3113131187348235,5.551115123125783e-17,0,116.62477885963484
b0621,,4,10,0.3113131187348235,0.3113131187348238,-3.3306690738754696e-16,0,21.882709288430465
b3730,,2,423,0.3113131187348235,0.0,0.3113131187348235,1,1497.2947923120537
b1002,,2,10,0.3113131187348235,0.3113131187348234,1.1102230246251563e-16,0,21.88270928843068
b3789,,1,6,0.3113131187348235,0.3113131187348208,2.720046410331633e-15,0,21.882709269152443
b2039,,1,6,0.3113131187348235,0.3113131187348208,2.720046410331633e-15,0,21.882709269152443
b0154,,1,423,0.3113131187348235,0.0,0.3113131187348235,1,1497.294792312054
b2533,,2,6,0.3113131187348235,0.3113131187348235,0.0,0,21.882698785843488
b4055,,17,10,0.3113131187348235,0.3113131187348232,3.3306690738754696e-16,0,21.882709288430632
b4041,,7,12,0.3113131187348235,0.311313118734823,4.996003610813204e-16,0,21.88553806056912
b3451,,7,10,0.3113131187348235,0.3113131187348229,6.106226635438361e-16,0,21.882709288430547
b3452,,7,10,0.3113131187348235,0.3113131187348229,6.106226635438361e-16,0,21.882709288430547
b3453,,7,10,0.3113131187348235,0.3113131187348229,6.106226635438361e-16,0,21.882709288430547
b3450,,7,10,0.3113131187348235,0.3113131187348229,6.106226635438361e-16,0,21.882709288430547
b3608,,1,423,0.3113131187348235,0.0,0.3113131187348235,1,1497.294792312051
b2242,,3,10,0.3113131187348235,0.3113131187348235,0.0,0,21.8827092884308
b2241,,3,10,0.3113131187348235,0.3113131187348241,-5.551115123125784e-16,0,21.88270928843077
b2243,,3,10,0.3113131187348235,0.3113131187348241,-5.551115123125784e-16,0,21.88270928843077
b3426,,1,10,0.3113131187348235,0.3113131187348241,-5.551115123125784e-16,0,21.88270928843077
b0243,,1,63,0.3113131187348235,0.3113131187348235,5.551115123125783e-17,0,22.097307721487457
b0678,,1,10,0.3113131187348235,0.311313118734823,5.551115123125784e-16,0,21.88270928843072
b1852,,1,53,0.3113131187348235,0.3113131187348235,0.0,0,35.34136312679873
b3128,,1,10,0.3113131187348235,0.3113131187348238,-2.7755575615628914e-16,0,21.8827092884308
b4358,,1,10,0.3113131187348235,0.3113131187348238,-3.3306690738754696e-16,0,21.882709288430465
b4478,,1,10,0.3113131187348235,0.3113131187348235,5.551115123125783e-17,0,21.88270928843052
b4356,,1,10,0.3113131187348235,0.3113131187348238,-3.3306690738754696e-16,0,21.882709288430465
b3691,,1,10,0.3113131187348235,0.3113131187348236,-1.1102230246251563e-16,0,21.882709288430696
b3127,,3,10,0.3113131187348235,0.3113131187348241,-5.551115123125784e-16,0,21.88270928843066
b2789,,3,10,0.3113131187348235,0.3113131187348241,-5.551115123125784e-16,0,21.88270928843066
b0757,,1,10,0.3113131187348235,0.3113131187348235,0.0,0,21.8827092884308
b2045,,1,10,0.3113131187348235,0.3113131187348235,0.0,0,21.8827092884308
b0756,,1,10,0.3113131187348235,0.3113131187348238,-3.3306690738754696e-16,0,21.882709288430465
b4119,,1,10,0.3113131187348235,0.3113131187348232,2.7755575615628914e-16,0,21.882709288430554
b3628,,1,10,0.3113131187348235,0.3113131187348235,0.0,0,21.88270928843088
b2093,,1,6,0.3113131187348235,0.3113131187348228,6.661338147750939e-16,0,21.88270926915264
b2092,,1,6,0.3113131187348235,0.3113131187348228,6.661338147750939e-16,0,21.88270926915264
b2094,,1,6,0.3113131187348235,0.3113131187348228,6.661338147750939e-16,0,21.88270926915264
b3093,,2,10,0.3113131187348235,0.3113131187348238,-3.3306690738754696e-16,0,21.882709288430465
b1236,,1,10,0.3113131187348235,0.3113131187348233,2.220446049250313e-16,0,21.88270928843068
b4230,,2,10,0.3113131187348235,0.3113131187348235,0.0,0,21.88270928843078
b2148,,2,10,0.3113131187348235,0.3113131187348238,-3.3306690738754696e-16,0,21.882709288430465
b2149,,2,10,0.3113131187348235,0.3113131187348238,-3.3306690738754696e-16,0,21.882709288430465
b2150,,2,10,0.3113131187348235,0.3113131187348238,-3.3306690738754696e-16,0,21.882709288430465
b4231,,2,10,0.3113131187348235,0.3113131187348235,0.0,0,21.88270928843078
b4485,,2,10,0.3113131187348235,0.3113131187348235,0.0,0,21.88270928843078
b4227,,2,10,0.3113131187348235,0.3113131187348235,0.0,0,21.88270928843078
b2943,,2,10,0.3113131187348235,0.3113131187348235,5.551115123125783e-17,0,21.882709288430497
b2500,,1,64,0.3113131187348235,0.3113131187348235,0.0,0,21.999892171316567
b1415,,2,423,0.3113131187348235,0.0,0.3113131187348235,1,1497.2947923120528
b2052,,2,10,0.3113131187348235,0.3113131187348235,0.0,0,21.88270928843088
b2784,,2,10,0.3113131187348235,0.3113131187348238,-3.3306690738754696e-16,0,21.882709288430465
b3650,,3,10,0.3113131187348235,0.311313118734823,5.551115123125784e-16,0,21.882709288430384
b2051,,1,10,0.3113131187348235,0.3113131187348238,-3.3306690738754696e-16,0,21.882709288430465
b2467,,1,10,0.3113131187348235,0.3113131187348238,-3.3306690738754696e-16,0,21.882709288430465
b3729,,1,423,0.3113131187348235,0.0,0.3113131187348235,1,1497.294792312054
b1298,,1,6,0.3113131187348235,0.3113131187348235,5.551115123125783e-17,0,21.88269878584356
b1301,,1,10,0.3113131187348235,0.3113131187348238,-3.3306690738754696e-16,0,21.882709288430465
b1297,,2,423,0.3113131187348235,0.0,0.3113131187348235,1,1497.2947923120546
b3882,,1,10,0.3113131187348235,0.3113131187348235,0.0,0,21.882709288430963
b3432,,1,6,0.3113131187348235,0.3113131187348235,0.0,0,21.882709269152286
b0459,,2,10,0.3113131187348235,0.3113131187348198,3.719247132494274e-15,0,21.8827092884302
b0124,,1,10,0.3113131187348235,0.3113131187348241,-5.551115123125784e-16,0,21.882709288430625
b0837,,1,10,0.3113131187348235,0.3113131187348241,-5.551115123125784e-16,0,21.882709288430625
b4476,,1,10,0.3113131187348235,0.3113131187348235,0.0,0,21.88270928843061
b3415,,1,10,0.3113131187348235,0.3113131187348235,0.0,0,21.88270928843061
b3417,,5,6,0.3113131187348235,0.3113131187348235,5.551115123125783e-17,0,21.882709269152507
b3428,,2,6,0.3113131187348235,0.3113131187348235,0.0,0,21.882709269152667
b3126,,1,10,0.3113131187348235,0.3113131187348232,2.7755575615628914e-16,0,21.88270928843072
b2787,,1,10,0.3113131187348235,0.3113131187348235,0.0,0,21.882709288430785
b2788,,1,10,0.3113131187348235,0.3113131187348235,0.0,0,21.882709288430785
b3429,,1,10,0.3113131187348235,0.3113131187348174,6.106226635438361e-15,0,21.882709288430448
b3631,,1,10,0.3113131187348235,0.3113131187348236,-1.1102230246251563e-16,0,21.882709288430483
b3627,,1,10,0.3113131187348235,0.3113131187348235,0.0,0,21.88270928843047
b3626,,1,10,0.3113131187348235,0.3113131187348235,5.551115123125783e-17,0,21.88270928843028
b1621,,2,70,0.3113131187348235,0.311313118734823,5.551115123125784e-16,0,78.50745151530565
b3431,,1,10,0.3113131187348235,0.3113131187348228,6.661338147750939e-16,0,21.88270928843069
b3430,,1,10,0.3113131187348235,0.3113131187348238,-3.3306690738754696e-16,0,21.882709288430465
b3870,,1,423,0.3113131187348235,0.0,0.3113131187348235,1,1497.2947923120546
b0680,,1,10,0.3113131187348235,0.3113131187348235,0.0,0,21.882709288430963
b0809,,1,10,0.3113131187348235,0.3113131187348238,-3.3306690738754696e-16,0,21.882709288430465
b0810,,1,10,0.3113131187348235,0.3113131187348238,-3.3306690738754696e-16,0,21.882709288430465
b0811,,1,10,0.3113131187348235,0.3113131187348238,-3.3306690738754696e-16,0,21.882709288430465
b2091,,1,10,0.3113131187348235,0.3113131187348235,0.0,0,21.882709288430576
b0242,,1,60,0.3113131187348235,0.31131311873482,3.552713678800501e-15,0,22.09730340246575
b1492,,1,10,0.3113131187348235,0.3113131187348235,0.0,0,21.882709288430707
b2688,,1,10,0.3113131187348235,0.3113131187348238,-3.3306690738754696e-16,0,21.882709288430465
b1493,,1,10,0.3113131187348235,0.3113131187348235,0.0,0,21.88270928843081
b3517,,1,10,0.3113131187348235,0.3113131187348235,0.0,0,21.88270928843081
b1761,,1,62,0.3113131187348235,0.3113131187348235,5.551115123125783e-17,0,56.34192418238817
b1524,,1,10,0.3113131187348235,0.3113131187348235,5.551115123125783e-17,0,21.88270928843084
b0485,,1,10,0.3113131187348235,0.3113131187348235,5.551115123125783e-17,0,21.88270928843084
b2312,,1,423,0.3113131187348235,0.0,0.3113131187348235,1,1497.2947923120526
b3967,,1,423,0.3113131187348235,0.0,0.3113131187348235,1,1497.2947923120555
b3213,,1,10,0.3113131187348235,0.3113131187348235,5.551115123125783e-17,0,21.88270928843096
b3212,,1,6,0.3113131187348235,0.3113131187348238,-2.7755575615628914e-16,0,21.882709269152635
b1210,,1,423,0.3113131187348235,0.0,0.3113131187348235,1,1497.2947923120528
b2400,,1,423,0.3113131187348235,0.0,0.3113131187348235,1,1497.2947923120516
b3653,,1,10,0.3113131187348235,0.3113131187348235,5.551115123125783e-17,0,21.88270928843076
b0507,,1,10,0.3113131187348235,0.3113131187348238,-3.3306690738754696e-16,0,21.882709288430465
b3927,,3,10,0.3113131187348235,0.3113131187348235,0.0,0,21.882709288430917
b3617,,1,10,0.3113131187348235,0.3113131187348235,0.0,0,21.88270928843041
b2240,,1,6,0.3113131187348235,0.3113131187348238,-2.7755575615628914e-16,0,21.88270926915245
b0514,,1,10,0.3113131187348235,0.3113131187348238,-3.3306690738754696e-16,0,21.882709288430465
b3124,,1,10,0.3113131187348235,0.3113131187348238,-3.3306690738754696e-16,0,21.882709288430465
b2904,,1,63,0.3113131187348235,0.3113131187348233,2.220446049250313e-16,0,21.899135865811903
b2903,,1,63,0.3113131187348235,0.3113131187348233,2.220446049250313e-16,0,21.899135865811903
b2905,,1,63,0.3113131187348235,0.3113131187348233,2.220446049250313e-16,0,21.899135865811903
b1033,,4,10,0.3113131187348235,0.3113131187348238,-3.3306690738754696e-16,0,21.882709288430465
b4468,,3,60,0.3113131187348235,0.3113131187348235,0.0,0,21.883025858759403
b4467,,3,60,0.3113131187348235,0.3113131187348235,0.0,0,21.883025858759403
b2979,,3,60,0.3113131187348235,0.3113131187348235,0.0,0,21.883025858759403
b3926,,1,10,0.3113131187348235,0.3113131187348235,0.0,0,21.88270928843066
b0212,,1,10,0.3113131187348235,0.3113131187348238,-3.3306690738754696e-16,0,21.882709288430465
b3559,,1,10,0.3113131187348235,0.3113131187348233,2.220446049250313e-16,0,21.88270928843059
b3560,,1,10,0.3113131187348235,0.3113131187348233,2.220446049250313e-16,0,21.88270928843059
b2053,,1,10,0.3113131187348235,0.3113131187348236,-1.1102230246251563e-16,0,21.882709288430732
b3052,,2,6,0.3113131187348235,0.3113131187348235,0.0,0,21.88270926915255
b0200,,1,10,0.3113131187348235,0.3113131187348236,-1.1102230246251563e-16,0,21.882709288430696
b0104,,1,10,0.3113131187348235,0.3113131187348238,-3.3306690738754696e-16,0,21.882709288430465
b2507,,1,423,0.3113131187348235,0.0,0.3113131187348235,1,1497.2947923120548
b2029,,1,52,0.3113131187348235,0.3113131187348234,1.1102230246251563e-16,0,32.82834510614516
b3437,,1,10,0.3113131187348235,0.3113131187348235,5.551115123125783e-17,0,21.882709288430583
b4268,,1,10,0.3113131187348235,0.3113131187348235,5.551115123125783e-17,0,21.882709288430583
b3449,,5,10,0.3113131187348235,0.3113131187348235,0.0,0,21.88270928843072
b2239,,5,10,0.3113131187348235,0.3113131187348237,-2.220446049250313e-16,0,21.88270928843077
b1654,,6,10,0.3113131187348235,0.3113131187348235,0.0,0,21.882709288430448
b3610,,6,10,0.3113131187348235,0.3113131187348235,0.0,0,21.882709288430448
b0849,,6,10,0.3113131187348235,0.3113131187348235,0.0,0,21.882709288430448
b0477,,2,10,0.3113131187348235,0.3113131187348228,7.2164496600635185e-16,0,21.88270928843073
b2988,,2,6,0.3113131187348235,0.3113131187348235,5.551115123125783e-17,0,21.882709269152784
b3500,,1,10,0.3113131187348235,0.3113131187348236,-1.1102230246251563e-16,0,21.8827092884307
b1710,,2,10,0.3113131187348235,0.3113131187348235,0.0,0,21.88270928843076
b3447,,1,10,0.3113131187348235,0.3113131187348229,6.106226635438361e-16,0,21.882709288430625
b0832,,1,10,0.3113131187348235,0.3113131187348238,-3.3306690738754696e-16,0,21.882709288430465
b0829,,1,10,0.3113131187348235,0.3113131187348238,-3.3306690738754696e-16,0,21.882709288430465
b0831,,1,10,0.3113131187348235,0.3113131187348238,-3.3306690738754696e-16,0,21.882709288430465
b0830,,1,10,0.3113131187348235,0.3113131187348238,-3.3306690738754696e-16,0,21.882709288430465
b2947,,1,10,0.3113131187348235,0.3113131187348245,-9.43689570931383e-16,0,21.8827092884308
b2153,,1,423,0.3113131187348235,0.0,0.3113131187348235,1,1497.2947923120569
b1277,,1,423,0.3113131187348235,0.0,0.3113131187348235,1,1497.294792312052
b3779,,1,6,0.3113131187348235,0.3113131187348235,0.0,0,21.882698785843324
b2883,,1,6,0.3113131187348235,0.3113131187348378,-1.426636586643326e-14,0,21.88270926915364
b0125,,2,10,0.3113131187348235,0.3113131187348238,-3.3306690738754696e-16,0,21.882709288430465
b0238,,3,6,0.3113131187348235,0.3113131187348235,0.0,0,21.88270926915242
b3092,,2,10,0.3113131187348235,0.3113131187353337,-5.102029909664907e-13,0,21.882709288464984
b1319,,1,98,0.3113131187348235,0.3113131187349288,-1.0530465388569611e-13,0,6666.75019057289
b3875,,1,98,0.3113131187348235,0.3113131187349288,-1.0530465388569611e-13,0,6666.75019057289
b0957,,1,98,0.3113131187348235,0.3113131187349288,-1.0530465388569611e-13,0,6666.75019057289
b0875,,1,106,0.3113131187348235,0.3113131187348283,-4.773959005888173e-15,0,6665.434960667096
b1395,,1,10,0.3113131187348235,0.3113131187348235,5.551115123125783e-17,0,21.882709288430547
b4040,,1,423,0.3113131187348235,0.0,0.3113131187348235,1,1497.2947923120526
b0353,,2,10,0.3113131187348235,0.3113131187348235,0.0,0,21.88270928843073
b0339,,1,423,0.3113131187348235,0.0,0.3113131187348235,1,1497.294792312052
b0126,,1,423,0.3113131187348235,0.0,0.3113131187348235,1,1497.2947923120528
b0261,,2,6,0.3113131187348235,0.3113131187348235,0.0,0,21.882698785843377
b0428,,1,6,0.3113131187348235,0.311313118734826,-2.4424906541753444e-15,0,21.882709269152738
b3630,,1,10,0.3113131187348235,0.3113131187348232,3.3306690738754696e-16,0,21.88270928843061
b3625,,1,10,0.3113131187348235,0.3113131187348232,2.7755575615628914e-16,0,21.882709288430892
b3621,,1,10,0.3113131187348235,0.3113131187348227,8.326672684688674e-16,0,21.88270928843037
b3620,,1,10,0.3113131187348235,0.3113131187348235,5.551115123125783e-17,0,21.882709288430757
b3632,,1,6,0.3113131187348235,0.3113131187348235,0.0,0,21.88270926915252
b3623,,1,10,0.3113131187348235,0.3113131187348233,2.220446049250313e-16,0,21.882709288430792
b2104,,1,10,0.3113131187348235,0.3113131187348236,-5.551115123125783e-17,0,21.88270928843073
b2388,,1,10,0.3113131187348235,0.3113131187348238,-3.3306690738754696e-16,0,21.882709288430465
b0394,,1,10,0.3113131187348235,0.3113131187348238,-3.3306690738754696e-16,0,21.882709288430757
b2020,,1,423,0.3113131187348235,0.0,0.3113131187348235,1,1497.2947923120523
b2022,,2,423,0.3113131187348235,0.0,0.3113131187348235,1,1497.2947923120537
b2514,,1,6,0.3113131187348235,0.3113131187348235,5.551115123125783e-17,0,21.882698785843267
b2309,,1,10,0.3113131187348235,0.3113131187348238,-3.3306690738754696e-16,0,21.882709288430465
b0112,,4,10,0.3113131187348235,0.3113131187348235,0.0,0,21.882709288430902
b0349,,2,10,0.3113131187348235,0.3113131187348199,3.608224830031759e-15,0,21.882709288430654
b3805,,1,423,0.3113131187348235,0.0,0.3113131187348235,1,1497.294792312053
b2418,,4,10,0.3113131187348235,0.3113131187348235,0.0,0,21.88270928843077
b2103,,2,423,0.3113131187348235,0.0,0.3113131187348235,1,1497.29479231205
b0813,,2,6,0.3113131187348235,0.3113131187348235,0.0,0,21.88269878584349
b3824,,1,10,0.3113131187348235,0.3113131187348235,5.551115123125783e-17,0,21.882709288430604
b0352,,1,10,0.3113131187348235,0.3113131187348231,3.8857805861880484e-16,0,21.88270928843064
b0142,,1,423,0.3113131187348235,0.0,0.3113131187348235,1,1497.2947923120553
b0508,,1,10,0.3113131187348235,0.3113131187348235,0.0,0,21.882709288430604
b0003,,1,423,0.3113131187348235,0.0,0.3113131187348235,1,1497.2947923120514
b4013,,1,423,0.3113131187348235,0.0,0.3113131187348235,1,1497.2947923120537
b2021,,1,423,0.3113131187348235,0.0,0.3113131187348235,1,1497.2947923120505
b2867,,2,10,0.3113131187348235,0.3113131187348234,1.1102230246251563e-16,0,21.882709288430632
b2866,,2,6,0.3113131187348235,0.3113131187348236,-1.1102230246251563e-16,0,21.8827092691525
b2868,,2,6,0.3113131187348235,0.3113131187348236,-1.1102230246251563e-16,0,21.8827092691525
b2994,,3,10,0.3113131187348235,0.3113131187348238,-3.3306690738754696e-16,0,21.882709288430465
b0973,,3,10,0.3113131187348235,0.3113131187348238,-3.3306690738754696e-16,0,21.882709288430465
b0974,,3,10,0.3113131187348235,0.3113131187348238,-3.3306690738754696e-16,0,21.882709288430465
b2997,,3,10,0.3113131187348235,0.3113131187348238,-3.3306690738754696e-16,0,21.882709288430465
b2995,,3,10,0.3113131187348235,0.3113131187348238,-3.3306690738754696e-16,0,21.882709288430465
b2996,,3,10,0.3113131187348235,0.3113131187348238,-3.3306690738754696e-16,0,21.882709288430465
b0972,,3,10,0.3113131187348235,0.3113131187348238,-3.3306690738754696e-16,0,21.882709288430465
b2530,,6,423,0.3113131187348235,0.0,0.3113131187348235,1,1497.294792312053
b2529,,6,60,0.3113131187348235,0.3113131187348235,0.0,0,21.88274614814605
b3807,,4,423,0.3113131187348235,0.0,0.3113131187348235,1,1497.2947923120537
b2528,,2,59,0.31131311873482387,0.3113131187348236,2.7755575615628914e-16,0,3.609528893653541e-07
b1136,,1,423,0.31131311873482387,0.0,0.31131311873482387,1,1550.1991552234526
b2265,,1,0,0.31131311873482387,0.3113131187348235,3.885780586188048e-16,0,0.0
b0593,,1,4,0.31131311873482387,0.31131311873482354,3.3306690738754696e-16,0,1.9278114795066016e-08
b0595,,1,4,0.31131311873482387,0.3113131187348234,4.440892098500626e-16,0,1.9278114793528492e-08
b4015,,1,4,0.31131311873482387,0.31131311873482354,3.3306690738754696e-16,0,1.9278114793394734e-08
b4267,,2,0,0.31131311873482387,0.31131311873482387,0.0,0,0.0
b2023,,1,422,0.31131311873482387,0.0,0.31131311873482387,1,1496.4078371090125
b2025,,1,422,0.31131311873482387,0.0,0.31131311873482387,1,1496.4078371090113
b1262,,2,422,0.31131311873482387,0.0,0.31131311873482387,1,1496.4078371090113
b3770,,4,422,0.31131311873482387,0.0,0.31131311873482387,1,1496.4078371090113
b0026,,1,4,0.31131311873482387,0.31131311873481354,1.0325074129013956e-14,0,1.050258738010279e-05
b0401,,3,0,0.31131311873482387,0.31131311873482354,3.3306690738754696e-16,0,0.0
b2508,,1,55,0.31131311873482387,0.31131311873482526,-1.3877787807814457e-15,0,0.056275353742165586
b3265,,1,0,0.31131311873482387,0.31131311873482387,0.0,0,0.0
b3266,,1,0,0.31131311873482387,0.31131311873482387,0.0,0,0.0
b3161,,2,4,0.31131311873482387,0.31131311873482354,3.3306690738754696e-16,0,1.9278114798949384e-08
b3679,,1,4,0.31131311873482387,0.31131311873482354,3.3306690738754696e-16,0,1.9278114792170215e-08
b2889,,1,0,0.31131311873482387,0.31131311873482354,3.3306690738754696e-16,0,0.0
b0073,,1,422,0.31131311873482387,0.0,0.31131311873482387,1,1496.4078371090116
b0071,,2,422,0.31131311873482387,0.0,0.31131311873482387,1,1496.4078371090113
b0072,,2,422,0.31131311873482387,0.0,0.31131311873482387,1,1496.4078371090104
b0074,,1,422,0.31131311873482387,0.0,0.31131311873482387,1,1496.4078371090125
b0918,,1,422,0.31131311873482387,0.0,0.31131311873482387,1,1496.407837109012
b3198,,1,422,0.31131311873482387,0.0,0.31131311873482387,1,1496.4078371090116
b1215,,1,422,0.31131311873482387,0.0,0.31131311873482387,1,1496.407837109014
b4196,,1,0,0.31131311873482387,0.3113131187348235,3.885780586188048e-16,0,0.0
b3581,,1,0,0.31131311873482387,0.31131311873482304,8.326672684688674e-16,0,0.0
b0697,,1,0,0.31131311873482387,0.31131311873482387,0.0,0,0.0
b4513,,1,0,0.31131311873482387,0.31131311873482387,0.0,0,0.0
b0698,,1,0,0.31131311873482387,0.31131311873482387,0.0,0,0.0
b0696,,1,0,0.31131311873482387,0.31131311873482387,0.0,0,0.0
b3747,,1,46,0.31131311873482387,0.31131311873482514,-1.27675647831893e-15,0,0.012435007163607863
b1363,,1,46,0.31131311873482387,0.31131311873482514,-1.27675647831893e-15,0,0.012435007163607863
b1250,,1,46,0.31131311873482387,0.31131311873482514,-1.27675647831893e-15,0,0.012435007163607863
b3849,,1,46,0.31131311873482387,0.31131311873482514,-1.27675647831893e-15,0,0.012435007163607863
b1291,,1,46,0.31131311873482387,0.31131311873482514,-1.27675647831893e-15,0,0.012435007163607863
b3290,,1,46,0.31131311873482387,0.31131311873482514,-1.27675647831893e-15,0,0.012435007163607863
b0047,,1,0,0.31131311873482387,0.311313118734823,8.881784197001252e-16,0,0.0
b0842,,2,0,0.31131311873482387,0.311313118734823,8.881784197001252e-16,0,0.0
b3350,,1,0,0.31131311873482387,0.311313118734823,8.881784197001252e-16,0,0.0
b3605,,2,0,0.31131311873482387,0.31131311873482387,0.0,0,0.0
b0306,,2,0,0.31131311873482387,0.31131311873482387,0.0,0,0.0
b0307,,2,0,0.31131311873482387,0.31131311873482387,0.0,0,0.0
b0308,,2,0,0.31131311873482387,0.31131311873482387,0.0,0,0.0
b2257,,1,0,0.31131311873482387,0.31131311873482354,3.3306690738754696e-16,0,0.0
b0344,,1,0,0.31131311873482387,0.31131311873482354,3.3306690738754696e-16,0,0.0
b2132,,1,0,0.31131311873482387,0.31131311873482204,1.8318679906315083e-15,0,0.0
b1326,,1,0,0.31131311873482387,0.3113131187348235,3.885780586188048e-16,0,0.0
b4130,,2,4,0.31131311873482387,0.3113131187348238,5.551115123125783e-17,0,1.9278114801318095e-08
b3496,,2,4,0.31131311873482387,0.3113131187348238,5.551115123125783e-17,0,1.9278114801318095e-08
b0709,,2,4,0.31131311873482387,0.3113131187348238,5.551115123125783e-17,0,1.9278114801318095e-08
b1634,,2,4,0.31131311873482387,0.3113131187348238,5.551115123125783e-17,0,1.9278114801318095e-08
b2799,,1,0,0.31131311873482387,0.31131311873482387,0.0,0,0.0
b2170,,1,0,0.31131311873482387,0.31131311873482387,0.0,0,0.0
b0070,,1,0,0.31131311873482387,0.31131311873482387,0.0,0,0.0
b0343,,1,0,0.31131311873482387,0.3113131187348235,3.885780586188048e-16,0,0.0
b1380,,1,0,0.31131311873482387,0.31131311873482387,0.0,0,0.0
b2133,,2,0,0.31131311873482387,0.31131311873482326,6.106226635438361e-16,0,0.0
b4054,,3,422,0.31131311873482387,0.0,0.31131311873482387,1,1496.4078371090122
b0642,,1,0,0.31131311873482387,0.31131311873482354,3.3306690738754696e-16,0,0.0
b3458,,1,0,0.31131311873482387,0.31131311873482387,0.0,0,0.0
b1651,,1,0,0.31131311873482387,0.31131311873481937,4.496403249731884e-15,0,0.0
b0622,,2,0,0.31131311873482387,0.31131311873482387,0.0,0,0.0
b4386,,3,4,0.31131311873482387,0.3113131187348218,2.0539125955565396e-15,0,1.9278114792867548e-08
b0630,,1,0,0.31131311873482387,0.31131311873482476,-8.881784197001252e-16,0,0.0
b0628,,1,0,0.31131311873482387,0.31131311873482387,0.0,0,0.0
b0182,,1,422,0.31131311873482387,0.0,0.31131311873482387,1,1496.4078371090125
b0494,,21,4,0.31131311873482387,0.3113131187348234,4.440892098500626e-16,0,1.0502587380103126e-05
b3825,,35,0,0.31131311873482387,0.31131311873482354,3.3306690738754696e-16,0,0.0
b0186,,1,0,0.31131311873482387,0.31131311873482465,-7.771561172376096e-16,0,0.0
b4131,,1,0,0.31131311873482387,0.31131311873482465,-7.771561172376096e-16,0,0.0
b2890,,1,0,0.31131311873482387,0.31131311873482354,3.3306690738754696e-16,0,0.0
b2156,,1,0,0.31131311873482387,0.31131311873482387,0.0,0,0.0
b3903,,2,4,0.31131311873482387,0.31131311873482354,3.3306690738754696e-16,0,1.9278114798064797e-08
b3907,,2,0,0.31131311873482387,0.31131311873482387,0.0,0,0.0
b3600,,1,0,0.31131311873482387,0.3113131187348245,-6.106226635438361e-16,0,0.0
b0777,,1,422,0.31131311873482387,0.0,0.31131311873482387,1,1496.4078371090113
b1800,,1,4,0.31131311873482387,0.31131311873482354,3.3306690738754696e-16,0,1.050258738010313e-05
b4014,,1,52,0.31131311873482387,0.31131311873482387,0.0,0,8.094481282701315e-07
b2976,,1,52,0.31131311873482387,0.31131311873482387,0.0,0,8.094481282701315e-07
b2049,,1,0,0.31131311873482387,0.3113131187348233,5.551115123125783e-16,0,0.0
b1613,,1,0,0.31131311873482387,0.3113131187348233,5.551115123125783e-16,0,0.0
b4323,,1,0,0.31131311873482387,0.31131311873482387,0.0,0,0.0
b0731,,1,0,0.31131311873482387,0.3113131187348238,5.551115123125783e-17,0,0.0
b0732,,1,0,0.31131311873482387,0.3113131187348233,5.551115123125783e-16,0,0.0
b0334,,1,0,0.31131311873482387,0.3113131187348211,2.7755575615628914e-15,0,0.0
b0331,,1,4,0.31131311873482387,0.3113131187348234,4.440892098500626e-16,0,1.9278114796272313e-08
b0333,,1,0,0.31131311873482387,0.31131311873482387,0.0,0,0.0
b1092,,1,422,0.31131311873482387,0.0,0.31131311873482387,1,1496.407837109011
b2521,,1,0,0.31131311873482387,0.3113131187348204,3.4416913763379853e-15,0,0.0
b0149,,5,422,0.31131311873482387,0.0,0.31131311873482387,1,1496.407837109012
b0635,,2,422,0.31131311873482387,0.0,0.31131311873482387,1,1496.4078371090152
b3396,,5,422,0.31131311873482387,0.0,0.31131311873482387,1,1496.407837109013
b0084,,2,422,0.31131311873482387,0.0,0.31131311873482387,1,1496.4078371090102
b0839,,5,4,0.31131311873482387,0.3113131187348235,3.885780586188048e-16,0,1.0502587380103126e-05
b2010,,5,0,0.31131311873482387,0.3113131187348235,3.885780586188048e-16,0,0.0
b3182,,9,4,0.31131311873482387,0.31131311873482354,3.3306690738754696e-16,0,1.9278114793056357e-08
b0632,,5,0,0.31131311873482387,0.3113131187348235,3.885780586188048e-16,0,0.0
b2134,,4,0,0.31131311873482387,0.31131311873482354,3.3306690738754696e-16,0,0.0
b2328,,4,0,0.31131311873482387,0.31131311873482354,3.3306690738754696e-16,0,0.0
b3236,,1,57,0.31131311873482387,0.31131305919808444,5.953673942737936e-08,0,9.21801657502075
b2210,,2,4,0.31131311873482387,0.31131311873482365,2.220446049250313e-16,0,1.927811479841511e-08
b1479,,1,0,0.31131311873482387,0.31131311873482387,0.0,0,0.0
b2463,,1,0,0.31131311873482387,0.3113131187348235,3.885780586188048e-16,0,0.0
b2515,,1,422,0.31131311873482387,0.0,0.31131311873482387,1,1496.4078371090122
b2746,,1,422,0.31131311873482387,0.0,0.31131311873482387,1,1496.407837109007
b4120,,1,0,0.31131311873482387,0.31131311873482354,3.3306690738754696e-16,0,0.0
b2747,,1,422,0.31131311873482387,0.0,0.31131311873482387,1,1496.407837109012
b2942,,1,422,0.31131311873482387,0.0,0.31131311873482387,1,1496.407837109012
b0199,,2,0,0.31131311873482387,0.3113131187348235,3.885780586188048e-16,0,0.0
b0197,,2,0,0.31131311873482387,0.31131311873482365,2.220446049250313e-16,0,0.0
b0198,,2,0,0.31131311873482387,0.31131311873482365,2.220446049250313e-16,0,0.0
b4019,,1,422,0.31131311873482387,0.0,0.31131311873482387,1,1496.407837109013
b3829,,1,422,0.31131311873482387,0.0,0.31131311873482387,1,1496.4078371090113
b4219,,1,0,0.31131311873482387,0.31131311873483325,-9.381384558082573e-15,0,0.0
b1778,,1,0,0.31131311873482387,0.31131311873482387,0.0,0,0.0
b2114,,1,0,0.31131311873482387,0.31131311873482204,1.8318679906315083e-15,0,0.0
b4242,,2,0,0.31131311873482387,0.31131311873482387,0.0,0,0.0
b0963,,1,0,0.31131311873482387,0.3113131187348247,-8.326672684688674e-16,0,0.0
b0403,,5,4,0.31131311873482387,0.31131311873482326,6.106226635438361e-16,0,1.927811479545024e-08
b4392,,4,0,0.31131311873482387,0.3113131187348233,5.551115123125783e-16,0,0.0
b2963,,4,0,0.31131311873482387,0.3113131187348233,5.551115123125783e-16,0,0.0
b2558,,4,0,0.31131311873482387,0.3113131187348233,5.551115123125783e-16,0,0.0
b2813,,4,0,0.31131311873482387,0.3113131187348233,5.551115123125783e-16,0,0.0
b2701,,4,0,0.31131311873482387,0.3113131187348233,5.551115123125783e-16,0,0.0
b1193,,4,0,0.31131311873482387,0.3113131187348233,5.551115123125783e-16,0,0.0
b2919,,1,0,0.31131311873482387,0.31131311873482503,-1.1657341758564144e-15,0,0.0
b0260,,1,0,0.31131311873482387,0.31131311873482226,1.609823385706477e-15,0,0.0
b2917,,1,0,0.31131311873482387,0.3113131187348229,9.43689570931383e-16,0,0.0
b3599,,1,0,0.31131311873482387,0.3113131187348248,-9.43689570931383e-16,0,0.0
b4322,,1,0,0.31131311873482387,0.3113131187348244,-5.551115123125783e-16,0,0.0
b0784,,2,422,0.31131311873482387,0.0,0.31131311873482387,1,1496.4078371090116
b3633,,2,422,0.31131311873482387,0.0,0.31131311873482387,1,1496.4078371090109
b3624,,1,4,0.31131311873482387,0.31131311873482354,3.3306690738754696e-16,0,1.0502587380103095e-05
b3917,,3,422,0.31131311873482387,0.0,0.31131311873482387,1,1496.4078371090131
b0763,,3,422,0.31131311873482387,0.0,0.31131311873482387,1,1496.4078371090125
b2423,,5,422,0.31131311873482387,0.0,0.31131311873482387,1,1496.4078371090109
b0765,,3,422,0.31131311873482387,0.0,0.31131311873482387,1,1496.4078371090152
b2425,,5,422,0.31131311873482387,0.0,0.31131311873482387,1,1496.4078371090204
b2422,,5,422,0.31131311873482387,0.0,0.31131311873482387,1,1496.407837109012
b0764,,3,422,0.31131311873482387,0.0,0.31131311873482387,1,1496.4078371090127
b2424,,5,422,0.31131311873482387,0.0,0.31131311873482387,1,1496.4078371090113
b2877,,1,4,0.31131311873482387,0.3113131187348235,3.885780586188048e-16,0,1.0502587380103126e-05
b0134,,1,422,0.31131311873482387,0.0,0.31131311873482387,1,1496.4078371090106
b0009,,1,422,0.31131311873482387,0.0,0.31131311873482387,1,1496.4078371090102
b2519,,2,422,0.31131311873482387,0.0,0.31131311873482387,1,1496.4078371090127
b1069,,2,422,0.31131311873482387,0.0,0.31131311873482387,1,1496.4078371090109
b0785,,1,422,0.31131311873482387,0.0,0.31131311873482387,1,1496.4078371090106
b0826,,1,422,0.31131311873482387,0.0,0.31131311873482387,1,1496.407837109014
b1008,,1,0,0.31131311873482387,0.31131311873482354,3.3306690738754696e-16,0,0.0
b0529,,2,65,0.31131311873482387,0.31131311873482354,3.3306690738754696e-16,0,3.7282574536582
b3941,,1,422,0.31131311873482387,0.0,0.31131311873482387,1,1496.4078371090104
b1059,,2,0,0.31131311873482387,0.31131311873482354,3.3306690738754696e-16,0,0.0
b3996,,1,0,0.31131311873482387,0.3113131187348241,-2.220446049250313e-16,0,0.0
b2411,,1,0,0.31131311873482387,0.3113131187348241,-2.220446049250313e-16,0,0.0
b1109,,3,0,0.31131311873482387,0.31131311873482387,0.0,0,0.0
b2284,,3,65,0.31131311873482387,0.3113131187348236,2.7755575615628914e-16,0,349.22527238912807
b2288,,3,65,0.31131311873482387,0.3113131187348236,2.7755575615628914e-16,0,349.22527238912807
b2280,,3,65,0.31131311873482387,0.3113131187348236,2.7755575615628914e-16,0,349.22527238912807
b2282,,3,65,0.31131311873482387,0.3113131187348236,2.7755575615628914e-16,0,349.22527238912807
b2277,,3,65,0.31131311873482387,0.3113131187348236,2.7755575615628914e-16,0,349.22527238912807
b2287,,3,65,0.31131311873482387,0.3113131187348236,2.7755575615628914e-16,0,349.22527238912807
b2276,,3,65,0.31131311873482387,0.3113131187348236,2.7755575615628914e-16,0,349.22527238912807
b2278,,3,65,0.31131311873482387,0.3113131187348236,2.7755575615628914e-16,0,349.22527238912807
b2286,,3,65,0.31131311873482387,0.3113131187348236,2.7755575615628914e-16,0,349.22527238912807
b2283,,3,65,0.31131311873482387,0.3113131187348236,2.7755575615628914e-16,0,349.22527238912807
b2279,,3,65,0.31131311873482387,0.3113131187348236,2.7755575615628914e-16,0,349.22527238912807
b2285,,3,65,0.31131311873482387,0.3113131187348236,2.7755575615628914e-16,0,349.22527238912807
b2281,,3,65,0.31131311873482387,0.3113131187348236,2.7755575615628914e-16,0,349.22527238912807
b2615,,1,422,0.31131311873482387,0.0,0.31131311873482387,1,1496.4078371090131
b3028,,3,0,0.31131311873482387,0.3113131187348235,3.885780586188048e-16,0,0.0
b1740,,1,422,0.31131311873482387,0.0,0.31131311873482387,1,1496.407837109011
b1602,,2,0,0.31131311873482387,0.31131311873482354,3.3306690738754696e-16,0,0.0
b1603,,2,0,0.31131311873482387,0.31131311873482354,3.3306690738754696e-16,0,0.0
b3962,,1,0,0.31131311873482387,0.31131311873482354,3.3306690738754696e-16,0,0.0
b0931,,1,0,0.31131311873482387,0.31131311873482354,3.3306690738754696e-16,0,0.0
b1186,,1,0,0.31131311873482387,0.31131311873482387,0.0,0,0.0
b0019,,1,0,0.31131311873482387,0.31131311873482387,0.0,0,0.0
b2518,,8,422,0.31131311873482387,0.0,0.31131311873482387,1,1496.4078371090125
b0451,,1,422,0.31131311873482387,0.0,0.31131311873482387,1,1496.4078371090104
b2711,,1,4,0.31131311873482387,0.3113131187348234,4.440892098500626e-16,0,1.0502587380103122e-05
b2710,,1,0,0.31131311873482387,0.31131311873482387,0.0,0,0.0
b3477,,1,0,0.31131311873482387,0.31131311873482387,0.0,0,0.0
b3476,,1,0,0.31131311873482387,0.31131311873482387,0.0,0,0.0
b3479,,1,0,0.31131311873482387,0.31131311873482387,0.0,0,0.0
b3480,,1,0,0.31131311873482387,0.31131311873482387,0.0,0,0.0
b3478,,1,0,0.31131311873482387,0.31131311873482387,0.0,0,0.0
b4390,,1,0,0.31131311873482387,0.31131311873482503,-1.1657341758564144e-15,0,0.0
b0639,,2,422,0.31131311873482387,0.0,0.31131311873482387,1,1496.4078371090134
b0751,,1,4,0.31131311873482387,0.3113131187348235,3.885780586188048e-16,0,1.0502587380103126e-05
b1768,,1,0,0.31131311873482387,0.3113131187348236,2.7755575615628914e-16,0,0.0
b1991,,1,4,0.31131311873482387,0.31131311873482326,6.106226635438361e-16,0,1.9278114792387707e-08
b0109,,1,422,0.31131311873482387,0.0,0.31131311873482387,1,1496.4078371090109
b3367,,1,4,0.31131311873482387,0.3113131187348235,3.885780586188048e-16,0,1.0502587380103126e-05
b1223,,2,4,0.31131311873482387,0.31131311873482354,3.3306690738754696e-16,0,1.9278114800069512e-08
b2206,,2,0,0.31131311873482387,0.31131311873482387,0.0,0,0.0
b2204,,1,0,0.31131311873482387,0.31131311873482387,0.0,0,0.0
b2203,,2,0,0.31131311873482387,0.31131311873482387,0.0,0,0.0
b2205,,1,0,0.31131311873482387,0.31131311873482387,0.0,0,0.0
b2202,,2,0,0.31131311873482387,0.31131311873482387,0.0,0,0.0
b1468,,2,0,0.31131311873482387,0.31131311873483114,-7.271960811294775e-15,0,0.0
b1226,,2,0,0.31131311873482387,0.31131311873483114,-7.271960811294775e-15,0,0.0
b1227,,2,0,0.31131311873482387,0.31131311873483114,-7.271960811294775e-15,0,0.0
b1225,,2,0,0.31131311873482387,0.31131311873483114,-7.271960811294775e-15,0,0.0
b1465,,2,0,0.31131311873482387,0.31131311873483114,-7.271960811294775e-15,0,0.0
b1224,,2,0,0.31131311873482387,0.31131311873483114,-7.271960811294775e-15,0,0.0
b1466,,2,0,0.31131311873482387,0.31131311873483114,-7.271960811294775e-15,0,0.0
b1467,,2,0,0.31131311873482387,0.31131311873483114,-7.271960811294775e-15,0,0.0
b1469,,1,0,0.31131311873482387,0.3113131187348307,-6.827871601444713e-15,0,0.0
b2552,,2,0,0.31131311873482387,0.31131311873482503,-1.1657341758564144e-15,0,0.0
b4374,,3,4,0.31131311873482387,0.31131311873482326,6.106226635438361e-16,0,1.927811479590223e-08
b2291,,6,0,0.31131311873482387,0.3113131187348236,2.7755575615628914e-16,0,0.0
b2744,,14,0,0.31131311873482387,0.31131311873482354,3.3306690738754696e-16,0,0.0
b0480,,17,4,0.31131311873482387,0.3113131187348235,3.885780586188048e-16,0,1.927811479352851e-08
b4161,,4,0,0.31131311873482387,0.31131311873482387,0.0,0,0.0
b0650,,1,0,0.31131311873482387,0.31131311873482387,0.0,0,0.0
b4394,,3,0,0.31131311873482387,0.311313118734823,8.881784197001252e-16,0,0.0
b0980,,2,0,0.31131311873482387,0.31131311873481216,1.1712852909795402e-14,0,0.0
b2781,,8,0,0.31131311873482387,0.31131311873482387,0.0,0,0.0
b2954,,3,0,0.31131311873482387,0.3113131187348212,2.6645352591003757e-15,0,0.0
b1759,,2,0,0.31131311873482387,0.31131311873482387,0.0,0,0.0
b0160,,2,0,0.31131311873482387,0.31131311873482354,3.3306690738754696e-16,0,0.0
b3365,,1,0,0.31131311873482387,0.31131311873482387,0.0,0,0.0
b3366,,1,0,0.31131311873482387,0.31131311873482387,0.0,0,0.0
b4073,,2,0,0.31131311873482387,0.31131311873482387,0.0,0,0.0
b4071,,2,0,0.31131311873482387,0.31131311873482387,0.0,0,0.0
b4070,,2,0,0.31131311873482387,0.31131311873482387,0.0,0,0.0
b4072,,2,0,0.31131311873482387,0.31131311873482387,0.0,0,0.0
b2035,,3,0,0.31131311873482387,0.3113131187348235,3.885780586188048e-16,0,0.0
b2027,,3,0,0.31131311873482387,0.3113131187348235,3.885780586188048e-16,0,0.0
b2033,,1,0,0.31131311873482387,0.31131311873482315,7.216449660063518e-16,0,0.0
b2037,,1,0,0.31131311873482387,0.3113131187348235,3.885780586188048e-16,0,0.0
b2034,,1,0,0.31131311873482387,0.31131311873482354,3.3306690738754696e-16,0,0.0
b2032,,1,0,0.31131311873482387,0.31131311873482354,3.3306690738754696e-16,0,0.0
b3114,,2,4,0.31131311873482387,0.31131311873482354,3.3306690738754696e-16,0,1.927811479663792e-08
b0903,,2,4,0.31131311873482387,0.31131311873482354,3.3306690738754696e-16,0,1.927811479663792e-08
b0902,,2,4,0.31131311873482387,0.31131311873482354,3.3306690738754696e-16,0,1.927811479663792e-08
b2579,,2,4,0.31131311873482387,0.31131311873482354,3.3306690738754696e-16,0,1.927811479663792e-08
b0273,,1,422,0.31131311873482387,0.0,0.31131311873482387,1,1496.4078371090104
b4254,,1,422,0.31131311873482387,0.0,0.31131311873482387,1,1496.4078371090109
b3187,,1,422,0.31131311873482387,0.0,0.31131311873482387,1,1496.4078371090106
b0907,,2,422,0.31131311873482387,0.0,0.31131311873482387,1,1496.4078371090097
b0662,,1,0,0.31131311873482387,0.31131311873482354,3.3306690738754696e-16,0,0.0
b1281,,1,422,0.31131311873482387,0.0,0.31131311873482387,1,1496.407837109011
b2907,,1,4,0.31131311873482387,0.3113131187348235,3.885780586188048e-16,0,1.0502587380103126e-05
b0350,,1,0,0.31131311873482387,0.31131311873482365,2.220446049250313e-16,0,0.0
b3843,,1,422,0.31131311873482387,0.0,0.31131311873482387,1,1496.407837109011
b2311,,1,422,0.31131311873482387,0.0,0.31131311873482387,1,1496.407837109012
b3835,,1,36,0.31131311873482387,0.31131311873482354,3.3306690738754696e-16,0,1.054270125468454e-05
b2965,,1,4,0.31131311873482387,0.3113131187348236,2.7755575615628914e-16,0,1.927811479807761e-08
b0693,,1,4,0.31131311873482387,0.3113131187348236,2.7755575615628914e-16,0,1.927811479807761e-08
b3642,,1,422,0.31131311873482387,0.0,0.31131311873482387,1,1496.407837109012
b2373,,1,0,0.31131311873482387,0.3113131187348234,4.440892098500626e-16,0,0.0
b1387,,1,0,0.31131311873482387,0.3113131187348236,2.7755575615628914e-16,0,0.0
b1394,,2,0,0.31131311873482387,0.3113131187348244,-5.551115123125783e-16,0,0.0
b1014,,2,4,0.31131311873482387,0.3113131187348235,3.885780586188048e-16,0,1.9278114792679226e-08
b0386,,1,422,0.31131311873482387,0.0,0.31131311873482387,1,1496.4078371090116
b1391,,1,0,0.31131311873482387,0.31131311873482354,3.3306690738754696e-16,0,0.0
b1390,,1,0,0.31131311873482387,0.31131311873482326,6.106226635438361e-16,0,0.0
b1392,,1,0,0.31131311873482387,0.31131311873482326,6.106226635438361e-16,0,0.0
b1388,,1,0,0.31131311873482387,0.31131311873482326,6.106226635438361e-16,0,0.0
b1389,,1,0,0.31131311873482387,0.31131311873482326,6.106226635438361e-16,0,0.0
b1398,,1,4,0.31131311873482387,0.3113131187348233,5.551115123125783e-16,0,1.927811479073301e-08
b0133,,1,422,0.31131311873482387,0.0,0.31131311873482387,1,1496.407837109012
b1278,,30,422,0.31131311873482387,0.0,0.31131311873482387,1,1496.4078371090118
b0087,,1,422,0.31131311873482387,0.0,0.31131311873482387,1,1496.4078371090122
b2762,,2,422,0.31131311873482387,0.0,0.31131311873482387,1,1496.407837109013
b1489,,2,8,0.31131311873482387,0.3113131187348235,3.885780586188048e-16,0,1.0521865494897888e-05
b0114,,1,57,0.31131311873482387,0.31131311873482237,1.4988010832439613e-15,0,48.95475114903351
b0115,,1,57,0.31131311873482387,0.31131311873482237,1.4988010832439613e-15,0,48.95475114903351
b1638,,2,0,0.31131311873482387,0.31131311873482354,3.3306690738754696e-16,0,0.0
b2564,,1,422,0.31131311873482387,0.0,0.31131311873482387,1,1496.4078371090113
b0052,,1,422,0.31131311873482387,0.0,0.31131311873482387,1,1496.407837109011
b0766,,2,0,0.31131311873482387,0.31131311873482354,3.3306690738754696e-16,0,0.0
b2320,,1,422,0.31131311873482387,0.0,0.31131311873482387,1,1496.4078371090116
b3546,,2,0,0.31131311873482387,0.31131311873482354,3.3306690738754696e-16,0,0.0
b1723,,1,48,0.31131311873482387,0.31131311873482387,0.0,0,19.249898153373913
b3916,,3,53,0.31131311873482387,0.31131311873482315,7.216449660063518e-16,0,29.48156052251915
b3952,,1,4,0.31131311873482387,0.3113131187348238,5.551115123125783e-17,0,1.9278114800850526e-08
b3951,,1,4,0.31131311873482387,0.3113131187348238,5.551115123125783e-17,0,1.9278114800850526e-08
b3176,,1,422,0.31131311873482387,0.0,0.31131311873482387,1,1496.407837109012
b2913,,1,69,0.31131311873482387,0.3113131187348234,4.440892098500626e-16,0,12.916183869930489
b4025,,1,69,0.31131311873482387,0.3113131187348236,2.7755575615628914e-16,0,36.06279164711103
b2926,,1,78,0.31131311873482387,0.31131311873482365,2.220446049250313e-16,0,508.1401371472823
b0767,,1,51,0.31131311873482387,0.3113131187348235,3.885780586188048e-16,0,13.2381166883566
b3385,,1,0,0.31131311873482387,0.31131311873482354,3.3306690738754696e-16,0,0.0
b3612,,1,77,0.31131311873482387,0.31131311873482354,3.3306690738754696e-16,0,260.3118869320472
b0755,,1,77,0.31131311873482387,0.31131311873482354,3.3306690738754696e-16,0,260.3118869320472
b4395,,1,77,0.31131311873482387,0.31131311873482354,3.3306690738754696e-16,0,260.3118869320472
b0688,,1,0,0.31131311873482387,0.31131311873482354,3.3306690738754696e-16,0,0.0
b2690,,1,0,0.31131311873482387,0.31131311873482354,3.3306690738754696e-16,0,0.0
b0418,,14,0,0.31131311873482387,0.31131311873482376,1.1102230246251565e-16,0,0.0
b1912,,7,4,0.31131311873482387,0.3113131187348238,5.551115123125783e-17,0,1.927811479342603e-08
b2199,,1,0,0.31131311873482387,0.31131311873482387,0.0,0,0.0
b2200,,1,0,0.31131311873482387,0.31131311873482387,0.0,0,0.0
b2197,,1,0,0.31131311873482387,0.31131311873482387,0.0,0,0.0
b2198,,1,0,0.31131311873482387,0.31131311873482387,0.0,0,0.0
b2201,,1,0,0.31131311873482387,0.31131311873482387,0.0,0,0.0
b1713,,1,0,0.31131311873482387,0.3113131187348245,-6.106226635438361e-16,0,0.0
b1714,,1,0,0.31131311873482387,0.3113131187348245,-6.106226635438361e-16,0,0.0
b1473,,3,4,0.31131311873482387,0.3113131187348234,4.440892098500626e-16,0,1.9278114793455687e-08
b0576,,2,0,0.31131311873482387,0.3113131187348235,3.885780586188048e-16,0,0.0
b3493,,1,46,0.31131311873482387,0.31131311873482376,1.1102230246251565e-16,0,0.30369664276959973
b2987,,1,46,0.31131311873482387,0.31131311873482376,1.1102230246251565e-16,0,0.30369664276959973
b3725,,1,0,0.31131311873482387,0.31131311873482387,0.0,0,0.0
b3726,,1,0,0.31131311873482387,0.31131311873482387,0.0,0,0.0
b3727,,1,0,0.31131311873482387,0.31131311873482387,0.0,0,0.0
b3728,,1,0,0.31131311873482387,0.31131311873482387,0.0,0,0.0
b3821,,42,0,0.31131311873482387,0.31131311873482354,3.3306690738754696e-16,0,0.0
b2048,,1,4,0.31131311873482387,0.3113131187348233,5.551115123125783e-16,0,1.9278114795315765e-08
b3412,,1,422,0.31131311873482387,0.0,0.31131311873482387,1,1496.4078371090125
b3974,,1,422,0.31131311873482387,0.0,0.31131311873482387,1,1496.407837109012
b3258,,1,4,0.31131311873482387,0.3113131187348235,3.885780586188048e-16,0,1.0502587380103126e-05
b1010,,1,0,0.31131311873482387,0.3113131187348233,5.551115123125783e-16,0,0.0
b1378,,1,51,0.31131311873482387,0.3113131187348233,5.551115123125783e-16,0,0.005856702856946999
b0871,,1,0,0.31131311873482387,0.31131311873482387,0.0,0,0.0
b4226,,1,0,0.31131311873482387,0.31131311873482387,0.0,0,0.0
b2502,,2,0,0.31131311873482387,0.31131311873482387,0.0,0,0.0
b1015,,2,0,0.31131311873482387,0.31131311873482354,3.3306690738754696e-16,0,0.0
b0369,,1,422,0.31131311873482387,0.0,0.31131311873482387,1,1496.4078371090102
b3956,,1,47,0.31131311873482387,0.31131311873482354,3.3306690738754696e-16,0,12.712458906991762
b3639,,2,422,0.31131311873482387,0.0,0.31131311873482387,1,1496.4078371090134
b3403,,1,0,0.31131311873482387,0.31131311873482354,3.3306690738754696e-16,0,0.0
b2920,,1,4,0.31131311873482387,0.31131311873482576,-1.887379141862766e-15,0,1.927811479966689e-08
b2501,,2,46,0.31131311873482387,0.31131311873482365,2.220446049250313e-16,0,4.505073436011891
b4383,,2,7,0.31131311873482387,0.31131311873480455,1.9317880628477724e-14,0,3.072720181685959e-07
b3380,,1,7,0.31131311873482387,0.3113131187348377,-1.3822276656583199e-14,0,3.072720182625087e-07
b3850,,2,422,0.31131311873482387,0.0,0.31131311873482387,1,1496.4078371090095
b2536,,1,8,0.31131311873482387,0.31131311873482354,3.3306690738754696e-16,0,1.0521865494908364e-05
b1702,,1,0,0.31131311873482387,0.31131311873482387,0.0,0,0.0
b0383,,1,0,0.31131311873482387,0.31131311873482387,0.0,0,0.0
b4005,,1,422,0.31131311873482387,0.0,0.31131311873482387,1,1496.407837109011
b2499,,1,422,0.31131311873482387,0.0,0.31131311873482387,1,1496.4078371090116
b2026,,2,422,0.31131311873482387,0.0,0.31131311873482387,1,1496.4078371090102
b2476,,1,422,0.31131311873482387,0.0,0.31131311873482387,1,1496.4078371090131
b2557,,1,422,0.31131311873482387,0.0,0.31131311873482387,1,1496.4078371090125
b2024,,1,422,0.31131311873482387,0.0,0.31131311873482387,1,1496.4078371090116
b0194,,1,0,0.31131311873482387,0.3113131187348235,3.885780586188048e-16,0,0.0
b1207,,1,9,0.31131311873482387,0.31131311873482304,8.326672684688674e-16,0,0.42172330975706773
b0908,,1,422,0.31131311873482387,0.0,0.31131311873482387,1,1496.4078371090097
b4160,,7,422,0.31131311873482387,0.0,0.31131311873482387,1,1496.4078371090113
b4388,,1,69,0.31131311873482387,0.3113131187348234,4.440892098500626e-16,0,12.916183869928831
b2585,,7,422,0.31131311873482387,0.0,0.31131311873482387,1,1496.4078371090113
b2297,,2,4,0.31131311873482387,0.31131311873482354,3.3306690738754696e-16,0,1.050258738010313e-05
b2458,,1,0,0.31131311873482387,0.31131311873482376,1.1102230246251565e-16,0,0.0
b3634,,1,422,0.31131311873482387,0.0,0.31131311873482387,1,1496.4078371090125
b0692,,2,4,0.31131311873482387,0.31131311873482326,6.106226635438361e-16,0,1.0502587380103116e-05
b3073,,1,0,0.31131311873482387,0.31131311873482315,7.216449660063518e-16,0,0.0
b0854,,1,0,0.31131311873482387,0.31131311873482387,0.0,0,0.0
b1123,,2,0,0.31131311873482387,0.31131311873482387,0.0,0,0.0
b0856,,1,0,0.31131311873482387,0.31131311873482387,0.0,0,0.0
b1442,,2,0,0.31131311873482387,0.31131311873482387,0.0,0,0.0
b0857,,1,0,0.31131311873482387,0.31131311873482387,0.0,0,0.0
b0855,,1,0,0.31131311873482387,0.31131311873482387,0.0,0,0.0
b1124,,2,0,0.31131311873482387,0.31131311873482387,0.0,0,0.0
b1443,,2,0,0.31131311873482387,0.31131311873482387,0.0,0,0.0
b1440,,2,0,0.31131311873482387,0.31131311873482387,0.0,0,0.0
b1126,,2,0,0.31131311873482387,0.31131311873482387,0.0,0,0.0
b1125,,2,0,0.31131311873482387,0.31131311873482387,0.0,0,0.0
b1441,,2,0,0.31131311873482387,0.31131311873482387,0.0,0,0.0
b1296,,1,4,0.31131311873482387,0.3113131187347807,4.318767565791859e-14,0,1.9278114773339157e-08
b2407,,5,4,0.31131311873482387,0.31131311873480905,1.482147737874584e-14,0,1.9278114789417663e-08
b1636,,1,0,0.31131311873482387,0.3113131187348238,5.551115123125783e-17,0,0.0
b3826,,1,4,0.31131311873482387,0.31131311873482354,3.3306690738754696e-16,0,1.9278114800151588e-08
b1854,,1,4,0.31131311873482387,0.3113131187348234,4.440892098500626e-16,0,1.927811479236735e-08
b1676,,1,4,0.31131311873482387,0.3113131187348234,4.440892098500626e-16,0,1.927811479236735e-08
b3831,,1,0,0.31131311873482387,0.3113131187348,2.3869795029440866e-14,0,0.0
b1007,,1,0,0.31131311873482387,0.31131311873482387,0.0,0,0.0
b1012,,1,0,0.31131311873482387,0.31131311873482387,0.0,0,0.0
b3029,,2,0,0.31131311873482387,0.3113131187348235,3.885780586188048e-16,0,0.0
b1692,,2,422,0.31131311873482387,0.0,0.31131311873482387,1,1496.4078371090118
b0750,,1,422,0.31131311873482387,0.0,0.31131311873482387,1,1496.4078371090125
b4094,,1,4,0.31131311873482387,0.3113131187348069,1.6986412276764895e-14,0,1.0502587380102563e-05
b1662,,1,422,0.31131311873482387,0.0,0.31131311873482387,1,1496.407837109011
b0415,,1,422,0.31131311873482387,0.0,0.31131311873482387,1,1496.4078371090113
b3752,,1,0,0.31131311873482387,0.31131311873482354,3.3306690738754696e-16,0,0.0
b0063,,3,0,0.31131311873482387,0.31131311873482376,1.1102230246251565e-16,0,0.0
b4198,,1,0,0.31131311873482387,0.31131311873482354,3.3306690738754696e-16,0,0.0
b3583,,1,0,0.31131311873482387,0.31131311873482354,3.3306690738754696e-16,0,0.0
b0061,,1,0,0.31131311873482387,0.31131311873482354,3.3306690738754696e-16,0,0.0
b3629,,1,0,0.31131311873482387,0.3113131187348226,1.27675647831893e-15,0,0.0
b2687,,1,422,0.31131311873482387,0.0,0.31131311873482387,1,1496.407837109012
b3748,,1,0,0.31131311873482387,0.3113131187348234,4.440892098500626e-16,0,0.0
b3749,,1,0,0.31131311873482387,0.31131311873482354,3.3306690738754696e-16,0,0.0
b3751,,1,0,0.31131311873482387,0.31131311873482354,3.3306690738754696e-16,0,0.0
b3750,,1,0,0.31131311873482387,0.31131311873482354,3.3306690738754696e-16,0,0.0
b3904,,1,0,0.31131311873482387,0.31131311873482387,0.0,0,0.0
b3902,,1,0,0.31131311873482387,0.3113131187348229,9.43689570931383e-16,0,0.0
b2234,,4,4,0.31131311873482387,0.3113131187348022,2.1649348980190553e-14,0,1.9278114784574113e-08
b2235,,4,4,0.31131311873482387,0.3113131187348022,2.1649348980190553e-14,0,1.9278114784574113e-08
b2676,,4,0,0.31131311873482387,0.3113131187348257,-1.8318679906315083e-15,0,0.0
b2675,,4,0,0.31131311873482387,0.3113131187348257,-1.8318679906315083e-15,0,0.0
b4238,,4,61,0.31131311873482387,0.31131311873482354,3.3306690738754696e-16,0,0.006771403802555231
b4237,,4,61,0.31131311873482387,0.31131311873482354,3.3306690738754696e-16,0,0.006771403802555231
b3386,,1,50,0.31131311873482387,0.31131311873482354,3.3306690738754696e-16,0,6.1710617395842995
b4301,,1,50,0.31131311873482387,0.31131311873482354,3.3306690738754696e-16,0,6.1710617395842995
b2914,,1,113,0.31131311873482387,0.3113131187348228,1.0547118733938987e-15,0,1231.5753587048907
b0638,,1,0,0.31131311873482387,0.31131311873482326,6.106226635438361e-16,0,0.0
b1683,,6,0,0.31131311873482387,0.3113131187348235,3.885780586188048e-16,0,0.0
b1679,,4,0,0.31131311873482387,0.31131311873482326,6.106226635438361e-16,0,0.0
b1680,,4,0,0.31131311873482387,0.31131311873482326,6.106226635438361e-16,0,0.0
b1682,,6,0,0.31131311873482387,0.3113131187348235,3.885780586188048e-16,0,0.0
b1681,,6,0,0.31131311873482387,0.3113131187348235,3.885780586188048e-16,0,0.0
b1684,,2,0,0.31131311873482387,0.31131311873477224,5.162537064506978e-14,0,0.0
b0222,,1,4,0.31131311873482387,0.31131311873482354,3.3306690738754696e-16,0,1.927811479573599e-08
b1745,,1,0,0.31131311873482387,0.3113131187348236,2.7755575615628914e-16,0,0.0
b2751,,1,422,0.31131311873482387,0.0,0.31131311873482387,1,1496.407837109013
b2752,,1,422,0.31131311873482387,0.0,0.31131311873482387,1,1496.4078371090125
b2705,,1,0,0.31131311873482387,0.3113131187348235,3.885780586188048e-16,0,0.0
b2703,,1,0,0.31131311873482387,0.3113131187348241,-2.220446049250313e-16,0,0.0
b2704,,1,0,0.31131311873482387,0.3113131187348241,-2.220446049250313e-16,0,0.0
b2702,,1,0,0.31131311873482387,0.3113131187348241,-2.220446049250313e-16,0,0.0
b2472,,1,422,0.31131311873482387,0.0,0.31131311873482387,1,1496.4078371090118
b3591,,1,4,0.31131311873482387,0.3113131187348234,4.440892098500626e-16,0,1.0502587380103122e-05
b1764,,1,4,0.31131311873482387,0.31131311873482365,2.220446049250313e-16,0,1.9278114796733013e-08
b2264,,1,0,0.31131311873482387,0.31131311873482354,3.3306690738754696e-16,0,0.0
b0586,,1,0,0.31131311873482387,0.31131311873482354,3.3306690738754696e-16,0,0.0
b3607,,1,422,0.31131311873482387,0.0,0.31131311873482387,1,1496.4078371090104
b2366,,1,4,0.31131311873482387,0.31131311873482354,3.3306690738754696e-16,0,1.050258738010313e-05
b2797,,1,0,0.31131311873482387,0.3113131179872193,7.476045893461958e-10,0,0.0
b4471,,1,0,0.31131311873482387,0.3113131179872193,7.476045893461958e-10,0,0.0
b1814,,1,0,0.31131311873482387,0.3113131179872193,7.476045893461958e-10,0,0.0
b0893,,2,4,0.31131311873482387,0.31131311873482304,8.326672684688674e-16,0,1.927811479461654e-08
b2796,,1,4,0.31131311873482387,0.31131311873482326,6.106226635438361e-16,0,1.9278114794949396e-08
b3116,,2,8,0.31131311873482387,0.31131311873482354,3.3306690738754696e-16,0,1.0521865494901303e-05
b3089,,2,4,0.31131311873482387,0.31131311873482315,7.216449660063518e-16,0,1.0502587380103112e-05
b2154,,1,0,0.31131311873482387,0.3113131187348243,-4.440892098500626e-16,0,0.0
b0355,,1,0,0.31131311873482387,0.3113131187348243,-4.440892098500626e-16,0,0.0
b1744,,1,0,0.31131311873482387,0.31131311873482354,3.3306690738754696e-16,0,0.0
b1746,,1,4,0.31131311873482387,0.3113131187348236,2.7755575615628914e-16,0,1.9278114798851906e-08
b2263,,1,0,0.31131311873482387,0.3113131187348249,-1.0547118733938987e-15,0,0.0
b3368,,3,422,0.31131311873482387,0.0,0.31131311873482387,1,1496.4078371090113
b3281,,1,422,0.31131311873482387,0.0,0.31131311873482387,1,1496.407837109012
b0388,,1,422,0.31131311873482387,0.0,0.31131311873482387,1,1496.4078371090125
b3390,,1,422,0.31131311873482387,0.0,0.31131311873482387,1,1496.4078371090131
b3939,,1,422,0.31131311873482387,0.0,0.31131311873482387,1,1496.4078371090106
b1981,,1,0,0.31131311873482387,0.3113131187348234,4.440892098500626e-16,0,0.0
b1206,,1,46,0.31131311873482387,0.31131311873481965,4.218847493575595e-15,0,0.020760708287389417
b1584,,2,0,0.31131311873482387,0.3113131187348242,-3.3306690738754696e-16,0,0.0
b1599,,1,0,0.31131311873482387,0.31131311873482326,6.106226635438361e-16,0,0.0
b1600,,1,0,0.31131311873482387,0.31131311873482326,6.106226635438361e-16,0,0.0
b3908,,1,0,0.31131311873482387,0.31131311873482387,0.0,0,0.0
b1656,,1,0,0.31131311873482387,0.31131311873482387,0.0,0,0.0
b1646,,1,0,0.31131311873482387,0.31131311873482387,0.0,0,0.0
b1525,,2,0,0.31131311873482387,0.31131311873482503,-1.1657341758564144e-15,0,0.0
b2661,,1,0,0.31131311873482387,0.31131311873482387,0.0,0,0.0
b2260,,1,4,0.31131311873482387,0.3113131187348233,5.551115123125783e-16,0,1.9278114798657545e-08
b2261,,1,0,0.31131311873482387,0.3113131187348233,5.551115123125783e-16,0,0.0
b0721,,1,67,0.31131311873482387,0.31131311873482354,3.3306690738754696e-16,0,70.23211075744317
b0722,,1,67,0.31131311873482387,0.31131311873482354,3.3306690738754696e-16,0,70.23211075744317
b0724,,1,67,0.31131311873482387,0.31131311873482354,3.3306690738754696e-16,0,70.23211075744317
b0723,,1,67,0.31131311873482387,0.31131311873482354,3.3306690738754696e-16,0,70.23211075744317
b0728,,1,61,0.31131311873482387,0.31131311873482387,0.0,0,15.691705292887146
b0729,,1,61,0.31131311873482387,0.31131311873482387,0.0,0,15.691705292887146
b1521,,1,0,0.31131311873482387,0.31131311873482387,0.0,0,0.0
b2464,,1,0,0.31131311873482387,0.31131311873482365,2.220446049250313e-16,0,0.0
b0008,,1,0,0.31131311873482387,0.31131311873482365,2.220446049250313e-16,0,0.0
b3062,,1,0,0.31131311873482387,0.3113131187348235,3.885780586188048e-16,0,0.0
b3061,,1,0,0.31131311873482387,0.3113131187348235,3.885780586188048e-16,0,0.0
b3063,,1,0,0.31131311873482387,0.3113131187348235,3.885780586188048e-16,0,0.0
b0368,,1,0,0.31131311873482387,0.311313118734823,8.881784197001252e-16,0,0.0
b3790,,1,4,0.31131311873482387,0.3113131187348235,3.885780586188048e-16,0,1.9278114797710774e-08
b3791,,1,4,0.31131311873482387,0.3113131187348235,3.885780586188048e-16,0,1.9278114797710774e-08
b2038,,1,0,0.31131311873482387,0.311313118734822,1.887379141862766e-15,0,0.0
b2040,,1,0,0.31131311873482387,0.3113131187348243,-4.440892098500626e-16,0,0.0
b2041,,1,0,0.31131311873482387,0.3113131187348235,3.885780586188048e-16,0,0.0
b3788,,1,0,0.31131311873482387,0.3113131187348235,3.885780586188048e-16,0,0.0
b0915,,1,422,0.31131311873482387,0.0,0.31131311873482387,1,1496.4078371090236
b2095,,1,0,0.31131311873482387,0.31131311873482354,3.3306690738754696e-16,0,0.0
b3137,,1,4,0.31131311873482387,0.31131311873482387,0.0,0,1.9278114793898493e-08
b2096,,1,4,0.31131311873482387,0.31131311873482387,0.0,0,1.9278114793898493e-08
b3132,,1,4,0.31131311873482387,0.31131311873482387,0.0,0,1.9278114793898493e-08
b0166,,1,422,0.31131311873482387,0.0,0.31131311873482387,1,1496.407837109012
b2480,,1,4,0.31131311873482387,0.3113131187348234,4.440892098500626e-16,0,1.0502587380103122e-05
b0066,,1,0,0.31131311873482387,0.31131311873482387,0.0,0,0.0
b0067,,1,0,0.31131311873482387,0.31131311873482387,0.0,0,0.0
b0068,,1,0,0.31131311873482387,0.31131311873482387,0.0,0,0.0
b3616,,1,4,0.31131311873482387,0.3113131187348235,3.885780586188048e-16,0,1.9278114796921028e-08
b3772,,1,422,0.31131311873482387,0.0,0.31131311873482387,1,1496.4078371090116
b3117,,1,422,0.31131311873482387,0.0,0.31131311873482387,1,1496.4078371090118
b1719,,1,8,0.31131311873482387,0.3113131187348234,4.440892098500626e-16,0,1.0521865494904301e-05
b3823,,1,0,0.31131311873482387,0.31131311873482387,0.0,0,0.0
b3992,,1,422,0.31131311873482387,0.0,0.31131311873482387,1,1496.4078371090131
b3990,,1,422,0.31131311873482387,0.0,0.31131311873482387,1,1496.4078371090109
b0423,,1,422,0.31131311873482387,0.0,0.31131311873482387,1,1496.4078371090104
b4407,,1,422,0.31131311873482387,0.0,0.31131311873482387,1,1496.4078371090125
b2935,,2,422,0.31131311873482387,0.0,0.31131311873482387,1,1496.4078371090125
b2465,,2,422,0.31131311873482387,0.0,0.31131311873482387,1,1496.4078371090113
b0997,,2,0,0.31131311873482387,0.31131311873482354,3.3306690738754696e-16,0,0.0
b0996,,2,0,0.31131311873482387,0.31131311873482387,0.0,0,0.0
b2827,,1,422,0.31131311873482387,0.0,0.31131311873482387,1,1496.4078371090102
b1106,,1,0,0.31131311873482387,0.31131311873482354,3.3306690738754696e-16,0,0.0
b0417,,1,422,0.31131311873482387,0.0,0.31131311873482387,1,1496.4078371090104
b3993,,1,422,0.31131311873482387,0.0,0.31131311873482387,1,1496.407837109012
b3919,,1,71,0.31131311873482387,0.3113131187348234,4.440892098500626e-16,0,96.57421949816043
b0613,,1,0,0.31131311873482387,0.3113131187348241,-2.220446049250313e-16,0,0.0
b0888,,1,5,0.31131311873482387,0.31131311873482465,-7.771561172376096e-16,0,0.029772807589718252
b4239,,1,0,0.31131311873482387,0.31131311873482387,0.0,0,0.0
b1897,,1,0,0.31131311873482387,0.31131311873482387,0.0,0,0.0
b1896,,1,0,0.31131311873482387,0.31131311873482354,3.3306690738754696e-16,0,0.0
b3519,,1,0,0.31131311873482387,0.31131311873482315,7.216449660063518e-16,0,0.0
b1197,,1,0,0.31131311873482387,0.31131311873482387,0.0,0,0.0
b4240,,1,0,0.31131311873482387,0.3113131187348218,2.0539125955565396e-15,0,0.0
b1260,,3,422,0.31131311873482387,0.0,0.31131311873482387,1,1496.407837109011
b1261,,3,422,0.31131311873482387,0.0,0.31131311873482387,1,1496.4078371090109
b3384,,1,4,0.31131311873482387,0.3113131187348234,4.440892098500626e-16,0,1.0502587380103122e-05
b3709,,1,4,0.31131311873482387,0.31131311873482354,3.3306690738754696e-16,0,1.9278114798949384e-08
b0509,,1,0,0.31131311873482387,0.31131311873482387,0.0,0,0.0
b3125,,1,0,0.31131311873482387,0.31131311873482387,0.0,0,0.0
b3991,,1,422,0.31131311873482387,0.0,0.31131311873482387,1,1496.4078371090116
b1637,,1,0,0.31131311873482387,0.31131311873482354,3.3306690738754696e-16,0,0.0
b1907,,1,0,0.31131311873482387,0.31131311873482376,1.1102230246251565e-16,0,0.0
b0179,,1,422,0.31131311873482387,0.0,0.31131311873482387,1,1496.4078371090106
b0085,,1,422,0.31131311873482387,0.0,0.31131311873482387,1,1496.4078371090031
b3787,,1,0,0.31131311873482387,0.3113131187348235,3.885780586188048e-16,0,0.0
b3786,,1,0,0.31131311873482387,0.31131311873482354,3.3306690738754696e-16,0,0.0
b0181,,1,422,0.31131311873482387,0.0,0.31131311873482387,1,1496.407837109013
b3189,,1,422,0.31131311873482387,0.0,0.31131311873482387,1,1496.4078371090113
b0090,,1,422,0.31131311873482387,0.0,0.31131311873482387,1,1496.4078371090104
b0088,,1,422,0.31131311873482387,0.0,0.31131311873482387,1,1496.407837109013
b0091,,1,422,0.31131311873482387,0.0,0.31131311873482387,1,1496.407837109012
b3972,,1,422,0.31131311873482387,0.0,0.31131311873482387,1,1496.407837109011
b0841,,2,422,0.31131311873482387,0.0,0.31131311873482387,1,1496.4078371090116
b3057,,2,422,0.31131311873482387,0.0,0.31131311873482387,1,1496.4078371090104
b0174,,1,422,0.31131311873482387,0.0,0.31131311873482387,1,1496.4078371090131
b0759,,1,4,0.31131311873482387,0.31131311873482354,3.3306690738754696e-16,0,1.050258738010313e-05
b2036,,1,4,0.31131311873482387,0.31131311873482354,3.3306690738754696e-16,0,1.9278114799423964e-08
b2028,,1,0,0.31131311873482387,0.31131311873482387,0.0,0,0.0
b2255,,2,0,0.31131311873482387,0.31131311873482354,3.3306690738754696e-16,0,0.0
b2253,,1,0,0.31131311873482387,0.31131311873482354,3.3306690738754696e-16,0,0.0
b0758,,1,0,0.31131311873482387,0.3113131187348236,2.7755575615628914e-16,0,0.0
b0505,,1,4,0.31131311873482387,0.31131311873482376,1.1102230246251565e-16,0,1.9278114795881483e-08
b0086,,1,422,0.31131311873482387,0.0,0.31131311873482387,1,1496.407837109011
b0096,,1,422,0.31131311873482387,0.0,0.31131311873482387,1,1496.4078371090125
b2258,,1,4,0.31131311873482387,0.3113131187348234,4.440892098500626e-16,0,1.0502587380103122e-05
b4544,,1,0,0.31131311873482387,0.31131311873482376,1.1102230246251565e-16,0,0.0
b4233,,2,0,0.31131311873482387,0.31131311873482287,9.992007221626409e-16,0,0.0
b0171,,1,422,0.31131311873482387,0.0,0.31131311873482387,1,1496.4078371090131
b2256,,1,0,0.31131311873482387,0.3113131187348235,3.885780586188048e-16,0,0.0
b2254,,1,0,0.31131311873482387,0.31131311873482365,2.220446049250313e-16,0,0.0
b3803,,1,422,0.31131311873482387,0.0,0.31131311873482387,1,1496.4078371090113
b3804,,1,422,0.31131311873482387,0.0,0.31131311873482387,1,1496.4078371090081
b3997,,1,422,0.31131311873482387,0.0,0.31131311873482387,1,1496.4078371090145
b2498,,1,0,0.31131311873482387,0.31131311873482354,3.3306690738754696e-16,0,0.0
b1011,,1,0,0.31131311873482387,0.31131311873482354,3.3306690738754696e-16,0,0.0
b2497,,1,0,0.31131311873482387,0.31131311873482387,0.0,0,0.0
b1006,,1,4,0.31131311873482387,0.3113131187348434,-1.9539925233402755e-14,0,1.9278114807823887e-08
b0517,,1,0,0.31131311873482387,0.3113131187348235,3.885780586188048e-16,0,0.0
b0524,,1,422,0.31131311873482387,0.0,0.31131311873482387,1,1496.4078371090077
b4258,,1,0,0.31131311873482387,0.31131311873482354,3.3306690738754696e-16,0,0.0
b2682,,1,0,0.31131311873482387,0.31131311873482387,0.0,0,0.0
b2683,,1,0,0.31131311873482387,0.31131311873482387,0.0,0,0.0
b3572,,1,0,0.31131311873482387,0.3113131187348208,3.0531133177191805e-15,0,0.0
b4197,,1,0,0.31131311873482387,0.31131311873482354,3.3306690738754696e-16,0,0.0
b2882,,1,0,0.31131311873482387,0.31131311873482387,0.0,0,0.0
b3565,,2,0,0.31131311873482387,0.31131311873482376,1.1102230246251565e-16,0,0.0
b3579,,1,0,0.31131311873482387,0.3113131187348235,3.885780586188048e-16,0,0.0
b3577,,1,0,0.31131311873482387,0.3113131187348235,3.885780586188048e-16,0,0.0
b3578,,1,0,0.31131311873482387,0.3113131187348235,3.885780586188048e-16,0,0.0
b3567,,1,0,0.31131311873482387,0.31131311873482387,0.0,0,0.0
b3568,,1,0,0.31131311873482387,0.31131311873482387,0.0,0,0.0
b3566,,1,0,0.31131311873482387,0.31131311873482387,0.0,0,0.0
b4031,,1,0,0.31131311873482387,0.31131311873482387,0.0,0,0.0
b1857,,1,0,0.31131311873482387,0.31131311873482387,0.0,0,0.0
b1859,,1,0,0.31131311873482387,0.31131311873482387,0.0,0,0.0
b1858,,1,0,0.31131311873482387,0.31131311873482387,0.0,0,0.0
