gene_id,gene_name,n_gpr_rxns,n_changed,b_wt,b_ko,delta_b,y_essential,kV
b1377,,270,443,0.6947359182109596,0.0,0.6947359182109596,1,18670.973569978538
b2215,,271,443,0.6947359182109596,0.0,0.6947359182109596,1,18670.973569978538
b0929,,271,443,0.6947359182109596,0.0,0.6947359182109596,1,18670.973569978538
b0241,,270,443,0.6947359182109596,0.0,0.6947359182109596,1,18670.973569978538
b4034,,6,8,0.6947359182109596,0.6947359182109515,8.104628079763643e-15,0,5.240073838013492e-05
b4033,,6,6,0.6947359182109596,0.6947359182109605,-8.881784197001252e-16,0,200.00005230472996
b4032,,6,6,0.6947359182109596,0.6947359182109605,-8.881784197001252e-16,0,200.00005230472996
b4035,,6,6,0.6947359182109596,0.6947359182109605,-8.881784197001252e-16,0,200.00005230472996
b4036,,7,8,0.6947359182109596,0.6947359182109749,-1.532107773982716e-14,0,5.2400738380018776e-05
b4213,,8,10,0.6947359182109596,0.6947359182109695,-9.880984919163893e-15,0,200.00005240074276
b2835,,21,6,0.6947359182109596,0.6947359182109631,-3.552713678800501e-15,0,200.00005230472996
b2836,,23,455,0.6947359182109596,0.677498776818292,0.017237141392667632,0,220.93384376427196
b3553,,10,6,0.6947359182109596,0.6947359182109665,-6.8833827526759706e-15,0,200.0000523047372
b1134,,2,10,0.6947359182109596,0.6947359182109603,-6.661338147750939e-16,0,200.00005240073384
b0446,,2,6,0.6947359182109596,0.6947359182109684,-8.770761894538737e-15,0,200.00005230472996
b1009,,1,6,0.6947359182109596,0.6947359182109414,1.8207657603852567e-14,0,200.00005230473727
b0954,,13,6,0.6947359182109596,0.6947359182109886,-2.8976820942716586e-14,0,200.0000523047459
b0180,,14,444,0.6947359182109596,0.0,0.6947359182109596,1,6896.880588595426
b0347,,2,2,0.6947359182109596,0.6947359182109604,-7.771561172376096e-16,0,200.0
b3580,,2,6,0.6947359182109596,0.6947359182109831,-2.353672812205332e-14,0,200.00005230469964
b1093,,14,444,0.6947359182109596,0.0,0.6947359182109596,1,6896.880588595494
b2323,,13,444,0.6947359182109596,0.0,0.6947359182109596,1,6896.880588595456
b1095,,9,444,0.6947359182109596,0.0,0.6947359182109596,1,6896.880588595488
b1397,,2,2,0.6947359182109596,0.6947359182108719,8.770761894538737e-14,0,199.99999999998394
b1245,,2,6,0.6947359182109596,0.6947359182109701,-1.0547118733938987e-14,0,200.00005230473508
b1244,,2,6,0.6947359182109596,0.6947359182109701,-1.0547118733938987e-14,0,200.00005230473508
b1329,,1,6,0.6947359182109596,0.6947359182109701,-1.0547118733938987e-14,0,200.00005230473508
b1246,,2,6,0.6947359182109596,0.6947359182109701,-1.0547118733938987e-14,0,200.00005230473508
b1247,,2,6,0.6947359182109596,0.6947359182109701,-1.0547118733938987e-14,0,200.00005230473508
b1386,,3,6,0.6947359182109596,0.6947359182109688,-9.2148511043888e-15,0,200.00005230471874
b0004,,2,444,0.6947359182109596,0.0,0.6947359182109596,1,6896.880588595504
b1192,,4,6,0.6947359182109596,0.6947359182109633,-3.6637359812630166e-15,0,200.00005230472965
b1243,,1,6,0.6947359182109596,0.6947359182109701,-1.0547118733938987e-14,0,200.00005230473508
b4266,,1,6,0.6947359182109596,0.6947359182109698,-1.021405182655144e-14,0,200.0000523047333
b4265,,3,10,0.6947359182109596,0.6947359182110041,-4.451994328746878e-14,0,200.00005240073838
b0159,,3,444,0.6947359182109596,0.0,0.6947359182109596,1,6896.880588595485
b3197,,1,444,0.6947359182109596,0.0,0.6947359182109596,1,6896.88058859551
b2708,,1,444,0.6947359182109596,0.0,0.6947359182109596,1,6896.880588595499
b1094,,26,444,0.6947359182109596,0.0,0.6947359182109596,1,6896.88058859553
b4481,,1,6,0.6947359182109596,0.6947359182109694,-9.769962616701378e-15,0,200.00005230474454
b1927,,1,6,0.6947359182109596,0.6947359182109699,-1.0325074129013956e-14,0,200.00005230472996
b3571,,1,6,0.6947359182109596,0.694735918210959,5.551115123125783e-16,0,200.00005230473613
b2901,,1,6,0.6947359182109596,0.6947359182109692,-9.658940314238862e-15,0,200.00005230473138
b1302,,1,6,0.6947359182109596,0.6947359182109851,-2.55351295663786e-14,0,200.0000523047598
b2662,,1,6,0.6947359182109596,0.6947359182109851,-2.55351295663786e-14,0,200.0000523047598
b1444,,1,6,0.6947359182109596,0.694735918210962,-2.4424906541753444e-15,0,200.00005230473045
b2663,,1,6,0.6947359182109596,0.6947359182109661,-6.5503158452884236e-15,0,200.00005230473494
b2222,,3,10,0.6947359182109596,0.6947359182109529,6.661338147750939e-15,0,200.00005240073838
b2221,,3,10,0.6947359182109596,0.6947359182109529,6.661338147750939e-15,0,200.00005240073838
b2224,,1,455,0.6947359182109596,0.6774987768182997,0.01723714139265986,0,220.93384376427971
b2342,,8,456,0.6947359182109596,0.6774987768182893,0.017237141392670297,0,220.93371495802424
b3845,,8,456,0.6947359182109596,0.6774987768182893,0.017237141392670297,0,220.93371495802424
b2223,,3,10,0.6947359182109596,0.6947359182109688,-9.2148511043888e-15,0,200.00005240073838
b1241,,2,6,0.6947359182109596,0.6947359182152679,-4.3083314693603825e-12,0,200.00005230472996
b0351,,1,6,0.6947359182109596,0.694735918203001,7.958633752025435e-12,0,200.00005230472996
s0001,,39,443,0.6947359182109596,0.0,0.6947359182109596,1,18670.973569978538
b1463,,1,6,0.6947359182109596,0.694735918210955,4.551914400963142e-15,0,200.00005230472996
b1993,,2,6,0.6947359182109596,0.6947359182109809,-2.1316282072803006e-14,0,200.00005230473585
b2316,,1,444,0.6947359182109596,0.0,0.6947359182109596,1,6896.880588595494
b3255,,1,444,0.6947359182109596,0.0,0.6947359182109596,1,6896.880588595542
b0185,,1,444,0.6947359182109596,0.0,0.6947359182109596,1,6896.880588595494
b3256,,1,444,0.6947359182109596,0.0,0.6947359182109596,1,6896.880588595538
b4069,,2,2,0.6947359182109596,0.6947359182109906,-3.097522238704187e-14,0,200.00000000002325
b1119,,1,10,0.6947359182109596,0.6947359182254979,-1.4538259485163962e-11,0,200.00005240073824
b3784,,1,6,0.6947359182109596,0.6947359182109674,-7.771561172376096e-15,0,200.0000523047325
b2415,,18,423,0.6947359182109596,0.6699239211319907,0.02481199707896886,0,842.0304432976861
b0679,,1,6,0.6947359182109596,0.6947359182109538,5.773159728050814e-15,0,200.00005230470953
b1101,,2,424,0.6947359182109596,0.6699239211319912,0.024811997078968417,0,705.5867890184813
b2417,,6,425,0.6947359182109596,0.669923921132004,0.02481199707895554,0,705.5867417467343
b2416,,19,423,0.6947359182109596,0.6699239211319753,0.024811997078984294,0,842.0304432981067
b3959,,1,444,0.6947359182109596,0.0,0.6947359182109596,1,6896.880588595517
b2818,,1,444,0.6947359182109596,0.0,0.6947359182109596,1,6896.880588595502
b0078,,2,444,0.6947359182109596,0.0,0.6947359182109596,1,6896.8805885955135
b3670,,2,444,0.6947359182109596,0.0,0.6947359182109596,1,6896.880588595499
b3671,,2,444,0.6947359182109596,0.0,0.6947359182109596,1,6896.880588595533
b0077,,2,444,0.6947359182109596,0.0,0.6947359182109596,1,6896.880588595514
b3115,,2,429,0.6947359182109596,0.6510125079087533,0.04372341030220628,0,343.42909590911563
b1849,,2,432,0.6947359182109596,0.6510125079037106,0.04372341030724902,0,343.42954883833556
b2296,,1,432,0.6947359182109596,0.6510125079127873,0.04372341029817228,0,343.4295487740126
b2428,,1,10,0.6947359182109596,0.6947359182103814,5.782041512247815e-13,0,200.0000524004736
b3794,,1,6,0.6947359182109596,0.6947359182111517,-1.9206858326015208e-13,0,200.0000523048324
b1818,,5,424,0.6947359182109596,0.6699239211320075,0.024811997078952097,0,705.5867890185641
b1819,,5,424,0.6947359182109596,0.6699239211320075,0.024811997078952097,0,705.5867890185641
b1817,,5,424,0.6947359182109596,0.6699239211320075,0.024811997078952097,0,705.5867890185641
b2429,,2,6,0.6947359182109596,0.6947359182109853,-2.5757174171303632e-14,0,200.00005230473792
b3224,,1,6,0.6947359182109596,0.6947359182109748,-1.5210055437364645e-14,0,200.00005230473678
b4311,,1,6,0.6947359182109596,0.6947359182109646,-4.9960036108132044e-15,0,200.00005230472158
b3225,,1,6,0.6947359182109596,0.6947359182109748,-1.5210055437364645e-14,0,200.00005230473678
b0221,,8,456,0.6947359182109596,0.6774987768183071,0.017237141392652533,0,220.93371495803194
b1091,,3,444,0.6947359182109596,0.0,0.6947359182109596,1,6896.880588595522
b3957,,2,444,0.6947359182109596,0.0,0.6947359182109596,1,6896.880588595528
b3200,,9,444,0.6947359182109596,0.0,0.6947359182109596,1,6896.880588595497
b4261,,9,444,0.6947359182109596,0.0,0.6947359182109596,1,6896.88058859552
b3201,,9,444,0.6947359182109596,0.0,0.6947359182109596,1,6896.880588595497
b4262,,9,444,0.6947359182109596,0.0,0.6947359182109596,1,6896.880588595517
b3199,,9,444,0.6947359182109596,0.0,0.6947359182109596,1,6896.880588595599
b1519,,1,2,0.6947359182109596,0.6947359182109584,1.2212453270876722e-15,0,200.0
b1276,,2,443,0.6947359182109596,0.0,0.6947359182109596,1,8111.234304141875
b0118,,3,443,0.6947359182109596,0.0,0.6947359182109596,1,8111.2343041418735
b1748,,2,444,0.6947359182109596,0.0,0.6947359182109596,1,6896.880588595497
b3359,,2,444,0.6947359182109596,0.0,0.6947359182109596,1,6896.880588595517
b1090,,7,6,0.6947359182109596,0.6947359182109683,-8.659739592076221e-15,0,200.0000523047392
b3475,,1,10,0.6947359182109596,0.6947359182109597,-1.1102230246251565e-16,0,200.00005240072534
b2563,,1,10,0.6947359182109596,0.6947359182109597,-1.1102230246251565e-16,0,200.00005240072534
b2578,,2,6,0.6947359182109596,0.6947359182109554,4.218847493575595e-15,0,200.00005230472996
b1533,,2,6,0.6947359182109596,0.6947359182109554,4.218847493575595e-15,0,200.00005230472996
b4067,,2,6,0.6947359182109596,0.6947359182109701,-1.0547118733938987e-14,0,200.00005230473508
b1623,,2,6,0.6947359182109596,0.694735918211124,-1.6442402994698568e-13,0,200.00005230478445
b1096,,1,444,0.6947359182109596,0.0,0.6947359182109596,1,6896.880588595416
b1812,,2,444,0.6947359182109596,0.0,0.6947359182109596,1,6896.880588595478
b3360,,1,444,0.6947359182109596,0.0,0.6947359182109596,1,6896.880588595517
b3665,,1,6,0.6947359182109596,0.6947359182109543,5.329070518200751e-15,0,200.00005230472996
b3654,,3,10,0.6947359182109596,0.6947359182110042,-4.463096558993129e-14,0,200.00005240073838
b3714,,1,10,0.6947359182109596,0.6947359182110042,-4.463096558993129e-14,0,200.00005240073838
b0474,,13,444,0.6947359182109596,0.0,0.6947359182109596,1,6896.880588595519
b0120,,1,2,0.6947359182109596,0.694735918211008,-4.8405723873656825e-14,0,200.00000000002015
b3806,,1,6,0.6947359182109596,0.6947359182109651,-5.551115123125783e-15,0,200.00005230474568
b0030,,5,10,0.6947359182109596,0.6947359182109659,-6.328271240363392e-15,0,200.00005240073838
b2393,,7,6,0.6947359182109596,0.6947359182109601,-5.551115123125783e-16,0,200.00005230473238
b2964,,11,6,0.6947359182109596,0.694735918210965,-5.440092820663267e-15,0,200.00005230473806
b2406,,6,10,0.6947359182109596,0.6947359182109465,1.3100631690576847e-14,0,200.00005240073838
b0411,,7,6,0.6947359182109596,0.6947359182109742,-1.4654943925052066e-14,0,200.0000523047392
b1992,,1,6,0.6947359182109596,0.6947359182109639,-4.3298697960381105e-15,0,200.00005230470344
b1709,,3,6,0.6947359182109596,0.6947359182109658,-6.217248937900877e-15,0,200.0000523047328
b0158,,3,6,0.6947359182109596,0.6947359182109658,-6.217248937900877e-15,0,200.0000523047328
b1711,,3,6,0.6947359182109596,0.6947359182109658,-6.217248937900877e-15,0,200.0000523047328
b3966,,3,6,0.6947359182109596,0.6947359182109658,-6.217248937900877e-15,0,200.0000523047328
b3005,,10,10,0.6947359182109596,0.6947359182109532,6.439293542825908e-15,0,200.00005240073733
b3006,,10,10,0.6947359182109596,0.6947359182109532,6.439293542825908e-15,0,200.00005240073733
b1252,,10,10,0.6947359182109596,0.6947359182109532,6.439293542825908e-15,0,200.00005240073733
b3397,,1,6,0.6947359182109596,0.6947359182109786,-1.8984813721090177e-14,0,200.00005230473366
b3034,,1,6,0.6947359182109596,0.6947359182109786,-1.8984813721090177e-14,0,200.00005230473366
b0469,,1,6,0.6947359182109596,0.6947359182109701,-1.0547118733938987e-14,0,200.00005230473508
b2750,,1,444,0.6947359182109596,0.0,0.6947359182109596,1,6896.880588595493
b1131,,2,444,0.6947359182109596,0.0,0.6947359182109596,1,6896.880588595513
b4177,,1,444,0.6947359182109596,0.0,0.6947359182109596,1,6896.880588595557
b0677,,1,6,0.6947359182109596,0.69473591821092,3.963496197911809e-14,0,200.00005230472996
b0110,,4,6,0.6947359182109596,0.6947359182109761,-1.6542323066914832e-14,0,200.00005230473806
b2817,,2,6,0.6947359182109596,0.6947359182109739,-1.432187701766452e-14,0,200.00005230472837
b2435,,2,6,0.6947359182109596,0.6947359182109739,-1.432187701766452e-14,0,200.00005230472837
b4169,,2,6,0.6947359182109596,0.6947359182109739,-1.432187701766452e-14,0,200.00005230472837
b1107,,3,6,0.6947359182109596,0.6947359182109529,6.661338147750939e-15,0,200.00005230472996
b0433,,3,6,0.6947359182109596,0.6947359182217603,-1.0800693672763373e-11,0,200.00005230472996
b3619,,1,6,0.6947359182109596,0.6947359182109691,-9.547918011776346e-15,0,200.00005230472155
b2937,,1,6,0.6947359182109596,0.6947359182109593,3.3306690738754696e-16,0,200.00005230472996
b3018,,7,444,0.6947359182109596,0.0,0.6947359182109596,1,6896.880588595505
b3958,,1,444,0.6947359182109596,0.0,0.6947359182109596,1,6896.880588595481
b0575,,2,6,0.6947359182109596,0.6947359182109568,2.7755575615628914e-15,0,200.00005230472996
b0572,,2,10,0.6947359182109596,0.6947359182109417,1.787459069646502e-14,0,200.00005240073838
b0573,,2,10,0.6947359182109596,0.6947359182109417,1.787459069646502e-14,0,200.00005240073838
b0574,,2,10,0.6947359182109596,0.6947359182109417,1.787459069646502e-14,0,200.00005240073838
b4006,,2,444,0.6947359182109596,0.0,0.6947359182109596,1,6896.880588595525
b0522,,1,444,0.6947359182109596,0.0,0.6947359182109596,1,6896.880588595537
b0523,,1,444,0.6947359182109596,0.0,0.6947359182109596,1,6896.880588595517
b0727,,1,422,0.6947359182109596,0.678415457071989,0.016320461138970566,0,279.61494445744756
b0116,,3,427,0.6947359182109596,0.6117224581104099,0.08301346010054966,0,1417.7964911719675
b0726,,1,422,0.6947359182109596,0.678415457072048,0.016320461138911613,0,279.61494445708144
b2587,,1,6,0.6947359182109596,0.6947359182109679,-8.326672684688674e-15,0,200.00005230473215
b1488,,1,6,0.6947359182109596,0.694735918210967,-7.438494264988549e-15,0,200.00005230475722
b3542,,3,10,0.6947359182109596,0.6947359182109345,2.5091040356528538e-14,0,200.0000524007209
b1486,,1,6,0.6947359182109596,0.6947359182109613,-1.6653345369377348e-15,0,200.00005230473812
b1485,,1,6,0.6947359182109596,0.6947359182109613,-1.6653345369377348e-15,0,200.00005230473812
b3543,,3,10,0.6947359182109596,0.6947359182109345,2.5091040356528538e-14,0,200.0000524007209
b3541,,3,10,0.6947359182109596,0.6947359182109345,2.5091040356528538e-14,0,200.0000524007209
b1484,,1,6,0.6947359182109596,0.6947359182109613,-1.6653345369377348e-15,0,200.00005230473812
b3540,,3,10,0.6947359182109596,0.6947359182109345,2.5091040356528538e-14,0,200.0000524007209
b3544,,3,10,0.6947359182109596,0.6947359182109345,2.5091040356528538e-14,0,200.0000524007209
b1483,,1,6,0.6947359182109596,0.6947359182109613,-1.6653345369377348e-15,0,200.00005230473812
b1487,,1,6,0.6947359182109596,0.6947359182109613,-1.6653345369377348e-15,0,200.00005230473812
b0092,,1,444,0.6947359182109596,0.0,0.6947359182109596,1,6896.880588595497
b0381,,1,444,0.6947359182109596,0.0,0.6947359182109596,1,6896.880588595529
b1325,,1,6,0.6947359182109596,0.6947359182109601,-5.551115123125783e-16,0,200.00005230472996
b1190,,1,444,0.6947359182109596,0.0,0.6947359182109596,1,6896.880588595488
b4053,,1,444,0.6947359182109596,0.0,0.6947359182109596,1,6896.880588595335
b2551,,6,421,0.6947359182109596,0.6714853083912815,0.02325060981967808,0,218.0774427226012
b0870,,4,10,0.6947359182109596,0.6947359182109638,-4.218847493575595e-15,0,200.00005240073838
b2379,,1,9,0.6947359182109596,0.6947359182110586,-9.903189379656396e-14,0,200.48943102200067
b2290,,1,9,0.6947359182109596,0.6947359182110586,-9.903189379656396e-14,0,200.48943102200067
b2697,,1,6,0.6947359182109596,0.6947359182109667,-7.105427357601002e-15,0,200.00005230473073
b3460,,5,6,0.6947359182109596,0.6947359182109701,-1.0547118733938987e-14,0,200.00005230473508
b3456,,5,6,0.6947359182109596,0.6947359182109701,-1.0547118733938987e-14,0,200.00005230473508
b3457,,5,6,0.6947359182109596,0.6947359182109701,-1.0547118733938987e-14,0,200.00005230473508
b3455,,5,6,0.6947359182109596,0.6947359182109701,-1.0547118733938987e-14,0,200.00005230473508
b3454,,5,6,0.6947359182109596,0.6947359182109701,-1.0547118733938987e-14,0,200.00005230473508
b4208,,5,293,0.6947359182109596,0.6945922468526854,0.00014367135827419997,0,200.00175016655137
b0007,,2,6,0.6947359182109596,0.6947359182109701,-1.0547118733938987e-14,0,200.00005230473508
b0356,,3,6,0.6947359182109596,0.6947359182109726,-1.2989609388114332e-14,0,200.0000523047367
b1478,,1,6,0.6947359182109596,0.6947359182109681,-8.548717289613705e-15,0,200.00005230471092
b1385,,1,10,0.6947359182109596,0.6947359182109656,-5.995204332975845e-15,0,200.00005240072522
b1300,,2,6,0.6947359182109596,0.6947359182109647,-5.10702591327572e-15,0,200.00005230473784
b3588,,2,6,0.6947359182109596,0.6947359182109735,-1.3877787807814457e-14,0,200.00005230474
b4084,,1,6,0.6947359182109596,0.694735918210982,-2.2426505097428162e-14,0,200.0000523047418
b4090,,2,428,0.6947359182109596,0.28348083640989774,0.41125508180106185,0,1342.2836294362482
b0516,,1,10,0.6947359182109596,0.6947359182109669,-7.327471962526033e-15,0,200.00005240073895
b0512,,1,6,0.6947359182109596,0.6947359182109641,-4.551914400963142e-15,0,200.00005230472996
b0511,,1,10,0.6947359182109596,0.6947359182109851,-2.55351295663786e-14,0,200.0000524007523
b4085,,1,6,0.6947359182109596,0.6947359182109804,-2.0761170560490427e-14,0,200.0000523047434
b4087,,2,6,0.6947359182109596,0.6947359182109626,-2.9976021664879227e-15,0,200.0000523047288
b4086,,2,6,0.6947359182109596,0.6947359182109626,-2.9976021664879227e-15,0,200.0000523047288
b4088,,2,6,0.6947359182109596,0.6947359182109626,-2.9976021664879227e-15,0,200.0000523047288
b0657,,2,6,0.6947359182109596,0.6947359182109589,6.661338147750939e-16,0,200.00005230472325
b1677,,2,6,0.6947359182109596,0.6947359182109589,6.661338147750939e-16,0,200.00005230472325
b1781,,1,6,0.6947359182109596,0.6947359182109701,-1.0547118733938987e-14,0,200.00005230473508
b3001,,1,6,0.6947359182109596,0.6947359182109701,-1.0547118733938987e-14,0,200.00005230473508
b0207,,2,6,0.6947359182109596,0.6947359182109625,-2.886579864025407e-15,0,200.00005230472996
b3012,,2,6,0.6947359182109596,0.6947359182109625,-2.886579864025407e-15,0,200.00005230472996
b3945,,4,6,0.6947359182109596,0.6947359182109656,-5.995204332975845e-15,0,200.0000523047092
b3091,,1,10,0.6947359182109596,0.694735918210967,-7.438494264988549e-15,0,200.00005240074483
b3416,,4,6,0.6947359182109596,0.694735918210976,-1.6431300764452317e-14,0,200.00005230472996
b3223,,1,10,0.6947359182109596,0.6947359182109469,1.2656542480726785e-14,0,200.00005240073838
b3222,,1,6,0.6947359182109596,0.6947359182109736,-1.3988810110276972e-14,0,200.00005230473903
b0774,,1,444,0.6947359182109596,0.0,0.6947359182109596,1,6896.880588595548
b3833,,2,6,0.6947359182109596,0.6947359182109503,9.325873406851315e-15,0,200.00005230472996
b3994,,1,444,0.6947359182109596,0.0,0.6947359182109596,1,6896.880588595486
b1982,,1,2,0.6947359182109596,0.694735918210967,-7.438494264988549e-15,0,200.0
b0932,,2,10,0.6947359182109596,0.6947359182109628,-3.219646771412954e-15,0,200.00005240074796
b0237,,3,6,0.6947359182109596,0.6947359182109656,-5.995204332975845e-15,0,200.00005230473403
b4260,,2,10,0.6947359182109596,0.6947359182109628,-3.219646771412954e-15,0,200.00005240074796
b2523,,2,10,0.6947359182109596,0.6947359182109628,-3.219646771412954e-15,0,200.00005240074796
b1640,,1,6,0.6947359182109596,0.69473591820561,5.349609644156317e-12,0,200.00005230233427
b1263,,2,444,0.6947359182109596,0.0,0.6947359182109596,1,6896.880588595489
b1264,,1,444,0.6947359182109596,0.0,0.6947359182109596,1,6896.880588595487
b0776,,1,444,0.6947359182109596,0.0,0.6947359182109596,1,6896.880588595536
b0049,,3,2,0.6947359182109596,0.6947359182109595,1.1102230246251565e-16,0,200.0
b4129,,2,6,0.6947359182109596,0.6947359182109434,1.6209256159527285e-14,0,200.0000523047151
b0121,,2,6,0.6947359182109596,0.6947359182109634,-3.774758283725532e-15,0,200.00005230473005
b3059,,7,6,0.6947359182109596,0.6947359182109776,-1.7985612998927536e-14,0,200.00005230473528
b0968,,7,6,0.6947359182109596,0.6947359182109628,-3.219646771412954e-15,0,200.00005230473764
b0414,,2,444,0.6947359182109596,0.0,0.6947359182109596,1,6896.880588595562
b0062,,1,2,0.6947359182109596,0.6947359182109808,-2.120525977034049e-14,0,200.0
b0153,,5,6,0.6947359182109596,0.6947359182109701,-1.0547118733938987e-14,0,200.00005230473508
b0151,,5,6,0.6947359182109596,0.6947359182109701,-1.0547118733938987e-14,0,200.00005230473508
b0152,,5,6,0.6947359182109596,0.6947359182109701,-1.0547118733938987e-14,0,200.00005230473508
b2715,,1,6,0.6947359182109596,0.6947359182109941,-3.452793606584237e-14,0,200.0000523047475
b3722,,1,6,0.6947359182109596,0.6947359182109941,-3.452793606584237e-14,0,200.0000523047475
b1900,,1,6,0.6947359182109596,0.6947359182109701,-1.0547118733938987e-14,0,200.00005230473508
b4460,,1,6,0.6947359182109596,0.6947359182109701,-1.0547118733938987e-14,0,200.00005230473508
b1901,,1,6,0.6947359182109596,0.6947359182109701,-1.0547118733938987e-14,0,200.00005230473508
b2841,,1,6,0.6947359182109596,0.694735918211039,-7.938094626069869e-14,0,200.0000523047537
b1528,,3,6,0.6947359182109596,0.6947359182109506,8.992806499463768e-15,0,200.0000523047234
b4115,,1,6,0.6947359182109596,0.6947359182109755,-1.587618925213974e-14,0,200.00005230473926
b4117,,1,6,0.6947359182109596,0.694735918210991,-3.141931159689193e-14,0,200.0000523047442
b2938,,1,6,0.6947359182109596,0.6947359182109701,-1.0547118733938987e-14,0,200.00005230473508
b1605,,1,6,0.6947359182109596,0.6947359182109568,2.7755575615628914e-15,0,200.00005230472996
b3960,,1,444,0.6947359182109596,0.0,0.6947359182109596,1,6896.880588595524
b3172,,1,444,0.6947359182109596,0.0,0.6947359182109596,1,6896.880588595502
b1876,,1,6,0.6947359182109596,0.6947359182109623,-2.6645352591003757e-15,0,200.00005230472996
b2310,,3,6,0.6947359182109596,0.6947359182109701,-1.0547118733938987e-14,0,200.00005230473508
b0863,,1,6,0.6947359182109596,0.6947359182109701,-1.0547118733938987e-14,0,200.00005230473508
b0860,,1,6,0.6947359182109596,0.6947359182109701,-1.0547118733938987e-14,0,200.00005230473508
b2307,,4,6,0.6947359182109596,0.6947359182109701,-1.0547118733938987e-14,0,200.00005230473508
b2308,,4,6,0.6947359182109596,0.6947359182109701,-1.0547118733938987e-14,0,200.00005230473508
b0862,,1,6,0.6947359182109596,0.6947359182109701,-1.0547118733938987e-14,0,200.00005230473508
b2306,,4,6,0.6947359182109596,0.6947359182109701,-1.0547118733938987e-14,0,200.00005230473508
b0864,,1,6,0.6947359182109596,0.6947359182109701,-1.0547118733938987e-14,0,200.00005230473508
b0861,,1,6,0.6947359182109596,0.6947359182109701,-1.0547118733938987e-14,0,200.00005230473508
b2923,,2,10,0.6947359182109596,0.6947359182109737,-1.4099832412739488e-14,0,200.00005240074194
b3433,,1,444,0.6947359182109596,0.0,0.6947359182109596,1,6896.880588595496
b4192,,1,6,0.6947359182109596,0.6947359182109568,2.7755575615628914e-15,0,200.00005230472996
b4194,,1,6,0.6947359182109596,0.6947359182109663,-6.661338147750939e-15,0,200.0000523047322
b4193,,1,6,0.6947359182109596,0.6947359182109663,-6.661338147750939e-15,0,200.0000523047322
b4195,,1,6,0.6947359182109596,0.6947359182109663,-6.661338147750939e-15,0,200.0000523047322
b1767,,1,6,0.6947359182109596,0.6947359182109744,-1.4765966227514582e-14,0,200.00005230473806
b0828,,1,6,0.6947359182109596,0.6947359182109744,-1.4765966227514582e-14,0,200.00005230473806
b2957,,2,6,0.6947359182109596,0.6947359182109677,-8.104628079763643e-15,0,200.00005230473755
b0674,,1,6,0.6947359182109596,0.6947359182109701,-1.0547118733938987e-14,0,200.00005230473508
b3744,,1,342,0.6947359182109596,0.6930777834092284,0.0016581348017311592,0,200.10101786305853
b0930,,1,6,0.6947359182109596,0.6947359182109679,-8.326672684688674e-15,0,200.00005230473792
b1453,,1,6,0.6947359182109596,0.6947359182109767,-1.709743457922741e-14,0,200.00005230473008
b3502,,1,6,0.6947359182109596,0.6947359182109578,1.7763568394002505e-15,0,200.00005230472752
b0131,,1,444,0.6947359182109596,0.0,0.6947359182109596,1,6896.880588595555
b4245,,1,444,0.6947359182109596,0.0,0.6947359182109596,1,6896.880588595498
b4244,,1,444,0.6947359182109596,0.0,0.6947359182109596,1,6896.880588595503
b0002,,2,444,0.6947359182109596,0.0,0.6947359182109596,1,6896.880588595422
b4024,,1,444,0.6947359182109596,0.0,0.6947359182109596,1,6896.880588595541
b3940,,2,444,0.6947359182109596,0.0,0.6947359182109596,1,6896.8805885955
b2574,,4,444,0.6947359182109596,0.0,0.6947359182109596,1,6896.8805885955235
b4139,,1,6,0.6947359182109596,0.6947359182109515,8.104628079763643e-15,0,200.00005230472996
b0928,,3,444,0.6947359182109596,0.0,0.6947359182109596,1,6896.880588595525
b1866,,1,6,0.6947359182109596,0.6947359182109689,-9.325873406851315e-15,0,200.00005230472996
b0654,,2,6,0.6947359182109596,0.6947359182109701,-1.0547118733938987e-14,0,200.00005230473508
b0655,,2,6,0.6947359182109596,0.6947359182109701,-1.0547118733938987e-14,0,200.00005230473508
b0652,,2,6,0.6947359182109596,0.6947359182109701,-1.0547118733938987e-14,0,200.00005230473508
b0653,,2,6,0.6947359182109596,0.6947359182109701,-1.0547118733938987e-14,0,200.00005230473508
b3528,,6,6,0.6947359182109596,0.6947359182109568,2.7755575615628914e-15,0,200.00005230472607
b4123,,9,6,0.6947359182109596,0.6947359182109543,5.329070518200751e-15,0,200.00005230472996
b4138,,7,6,0.6947359182109596,0.6947359182109701,-1.0547118733938987e-14,0,200.00005230473508
b4077,,2,6,0.6947359182109596,0.6947359182204411,-9.481526674903762e-12,0,200.00005230897693
b3503,,1,10,0.6947359182109596,0.6947359182109585,1.1102230246251565e-15,0,200.00005240073838
b1064,,7,10,0.6947359182109596,0.6947359182109704,-1.0769163338864018e-14,0,200.0000524007428
b1747,,1,10,0.6947359182109596,0.6947359182109553,4.3298697960381105e-15,0,200.00005240072218
b1539,,4,10,0.6947359182109596,0.6947359182201905,-9.230949338245864e-12,0,200.0000524048591
b2019,,1,444,0.6947359182109596,0.0,0.6947359182109596,1,6896.880588595496
b3738,,1,449,0.6947359182109596,0.0,0.6947359182109596,1,19340.125806621752
b3733,,1,449,0.6947359182109596,0.0,0.6947359182109596,1,19340.125806621756
b3732,,1,449,0.6947359182109596,0.0,0.6947359182109596,1,19340.125806621763
b3739,,1,449,0.6947359182109596,0.0,0.6947359182109596,1,19340.12580662175
b3736,,1,449,0.6947359182109596,0.0,0.6947359182109596,1,19340.125806621803
b3737,,1,449,0.6947359182109596,0.0,0.6947359182109596,1,19340.125806621774
b3734,,1,449,0.6947359182109596,0.0,0.6947359182109596,1,19340.12580662178
b3735,,1,449,0.6947359182109596,0.0,0.6947359182109596,1,19340.125806621778
b3731,,1,449,0.6947359182109596,0.0,0.6947359182109596,1,19340.12580662178
b0312,,2,10,0.6947359182109596,0.694735918210962,-2.4424906541753444e-15,0,200.00005240073838
b0827,,4,444,0.6947359182109596,0.0,0.6947359182109596,1,6896.880588595514
b3857,,5,444,0.6947359182109596,0.0,0.6947359182109596,1,6896.880588595519
b3856,,5,444,0.6947359182109596,0.0,0.6947359182109596,1,6896.880588595476
b4214,,1,444,0.6947359182109596,0.0,0.6947359182109596,1,6896.880588595623
b3551,,3,6,0.6947359182109596,0.6947359182109369,2.2648549702353193e-14,0,200.00005230472996
b0775,,1,444,0.6947359182109596,0.0,0.6947359182109596,1,6896.880588595541
b0934,,5,2,0.6947359182109596,0.6947359182110632,-1.035838081975271e-13,0,200.0
b0367,,3,6,0.6947359182109596,0.6947359182110199,-6.0285110237146e-14,0,200.00005230475762
b0933,,5,6,0.6947359182109596,0.6947359182109609,-1.3322676295501878e-15,0,200.00005230472613
b0936,,5,6,0.6947359182109596,0.6947359182109609,-1.3322676295501878e-15,0,200.00005230472613
b0365,,3,6,0.6947359182109596,0.6947359182110199,-6.0285110237146e-14,0,200.00005230475762
b0366,,3,6,0.6947359182109596,0.6947359182110199,-6.0285110237146e-14,0,200.00005230475762
b1216,,3,6,0.6947359182109596,0.6947359182109557,3.885780586188048e-15,0,200.00005230473008
b4132,,1,6,0.6947359182109596,0.6947359182109701,-1.0547118733938987e-14,0,200.00005230473508
b3942,,1,6,0.6947359182109596,0.6947359182109701,-1.0547118733938987e-14,0,200.00005230473508
b1732,,1,6,0.6947359182109596,0.6947359182109701,-1.0547118733938987e-14,0,200.00005230473508
b3196,,1,444,0.6947359182109596,0.0,0.6947359182109596,1,6896.880588595499
b1270,,2,2,0.6947359182109596,0.6947359182109688,-9.2148511043888e-15,0,200.00000000000574
b2874,,1,417,0.6947359182109596,0.6862012897709449,0.008534628440014735,0,201.2064574425704
b0521,,1,417,0.6947359182109596,0.6862012897709449,0.008534628440014735,0,201.2064574425704
b0323,,1,417,0.6947359182109596,0.6862012897709449,0.008534628440014735,0,201.2064574425704
b0033,,1,6,0.6947359182109596,0.6947359182109701,-1.0547118733938987e-14,0,200.00005230473508
b0032,,1,6,0.6947359182109596,0.6947359182109701,-1.0547118733938987e-14,0,200.00005230473508
b0444,,1,10,0.6947359182109596,0.6947359182109698,-1.021405182655144e-14,0,200.00005240074273
b3469,,6,6,0.6947359182109596,0.6947359182109701,-1.0547118733938987e-14,0,200.00005230473508
b3915,,7,10,0.6947359182109596,0.6947359182109818,-2.220446049250313e-14,0,200.00005240074177
b0752,,5,10,0.6947359182109596,0.6947359182110502,-9.059419880941277e-14,0,200.0000524007765
b3040,,6,444,0.6947359182109596,0.0,0.6947359182109596,1,6896.88058859545
b3918,,7,6,0.6947359182109596,0.6947359182109881,-2.853273173286652e-14,0,200.00005230472996
b2794,,1,6,0.6947359182109596,0.6947359182109613,-1.6653345369377348e-15,0,200.00005230472925
b1208,,1,444,0.6947359182109596,0.0,0.6947359182109596,1,6896.88058859548
b1661,,4,6,0.6947359182109596,0.694735918211008,-4.8405723873656825e-14,0,200.00005230472996
b2129,,2,6,0.6947359182109596,0.6947359182109701,-1.0547118733938987e-14,0,200.00005230473508
b2128,,2,6,0.6947359182109596,0.6947359182109701,-1.0547118733938987e-14,0,200.00005230473508
b2131,,2,6,0.6947359182109596,0.6947359182109701,-1.0547118733938987e-14,0,200.00005230473508
b2130,,2,6,0.6947359182109596,0.6947359182109701,-1.0547118733938987e-14,0,200.00005230473508
b1801,,3,6,0.6947359182109596,0.6947359182109694,-9.769962616701378e-15,0,200.00005230473585
b0314,,1,6,0.6947359182109596,0.694735918210951,8.548717289613705e-15,0,200.00005230473593
b0311,,1,6,0.6947359182109596,0.694735918210974,-1.4432899320127035e-14,0,200.00005230473178
b2600,,2,444,0.6947359182109596,0.0,0.6947359182109596,1,6896.880588595504
b2599,,2,444,0.6947359182109596,0.0,0.6947359182109596,1,6896.880588595436
b2329,,1,444,0.6947359182109596,0.0,0.6947359182109596,1,6896.880588595527
b4039,,1,444,0.6947359182109596,0.0,0.6947359182109596,1,6896.880588595485
b2542,,2,6,0.6947359182109596,0.6947359182109668,-7.216449660063518e-15,0,200.00005230472996
b2540,,2,6,0.6947359182109596,0.6947359182109639,-4.3298697960381105e-15,0,200.0000523047304
b2538,,2,6,0.6947359182109596,0.6947359182109639,-4.3298697960381105e-15,0,200.0000523047304
b2539,,2,6,0.6947359182109596,0.6947359182109639,-4.3298697960381105e-15,0,200.0000523047304
b0617,,1,6,0.6947359182109596,0.6947359182109751,-1.554312234475219e-14,0,200.00005230472996
b0614,,1,6,0.6947359182109596,0.6947359182109751,-1.554312234475219e-14,0,200.00005230472996
b0616,,1,6,0.6947359182109596,0.6947359182109751,-1.554312234475219e-14,0,200.00005230472996
b0615,,1,6,0.6947359182109596,0.6947359182109751,-1.554312234475219e-14,0,200.00005230472996
b0612,,1,6,0.6947359182109596,0.6947359182109537,5.88418203051333e-15,0,200.00005230472996
b0789,,7,10,0.6947359182109596,0.6947359182109529,6.661338147750939e-15,0,200.00005240073838
b1249,,7,10,0.6947359182109596,0.6947359182109529,6.661338147750939e-15,0,200.00005240073838
b0155,,1,444,0.6947359182109596,0.0,0.6947359182109596,1,6896.880588595512
b1592,,1,444,0.6947359182109596,0.0,0.6947359182109596,1,6896.880588595512
b3035,,9,6,0.6947359182109596,0.6947359182109651,-5.551115123125783e-15,0,200.00005230472996
b2470,,7,6,0.6947359182109596,0.6947359182109701,-1.0547118733938987e-14,0,200.00005230473508
b0463,,7,6,0.6947359182109596,0.6947359182109701,-1.0547118733938987e-14,0,200.00005230473508
b0462,,7,6,0.6947359182109596,0.6947359182109701,-1.0547118733938987e-14,0,200.00005230473508
b3816,,3,444,0.6947359182109596,0.0,0.6947359182109596,1,6896.880588595495
b2174,,1,2,0.6947359182109596,0.69473591821095,9.547918011776346e-15,0,200.0
b0914,,32,444,0.6947359182109596,0.0,0.6947359182109596,1,6896.880588595488
b1102,,1,6,0.6947359182109596,0.6947359182109483,1.1324274851176597e-14,0,200.00005230472996
b2765,,1,6,0.6947359182109596,0.6947359182109837,-2.4091839634365897e-14,0,200.0000523047546
b0783,,1,444,0.6947359182109596,0.0,0.6947359182109596,1,6896.880588595469
b0781,,1,444,0.6947359182109596,0.0,0.6947359182109596,1,6896.880588595494
b2436,,1,241,0.6947359182109596,0.6947201580611472,1.5760149812416024e-05,0,200.0000060942448
b3867,,1,6,0.6947359182109596,0.6947359182109634,-3.774758283725532e-15,0,200.0000523047313
b0038,,2,6,0.6947359182109596,0.6947359182109555,4.107825191113079e-15,0,200.0000523047246
b0037,,3,6,0.6947359182109596,0.6947359182109701,-1.0547118733938987e-14,0,200.00005230473508
b0036,,2,10,0.6947359182109596,0.6947359182119319,-9.72333324966712e-13,0,200.00005240073835
b2679,,4,6,0.6947359182109596,0.6947359182109701,-1.0547118733938987e-14,0,200.00005230473508
b2677,,4,6,0.6947359182109596,0.6947359182109701,-1.0547118733938987e-14,0,200.00005230473508
b2678,,4,6,0.6947359182109596,0.6947359182109701,-1.0547118733938987e-14,0,200.00005230473508
b4111,,5,6,0.6947359182109596,0.6947359182264615,-1.5501933070538598e-11,0,200.00005231166494
b0040,,2,6,0.6947359182109596,0.694735918210878,8.1601392309949e-14,0,200.00005230469955
b0720,,1,443,0.6947359182109596,0.0,0.6947359182109596,1,8111.23430414187
b0337,,1,6,0.6947359182109596,0.6947359182112843,-3.247402347028583e-13,0,200.00005230488478
b0336,,1,10,0.6947359182109596,0.6947359182109752,-1.5654144647214707e-14,0,200.00005240074435
b3846,,19,455,0.6947359182109596,0.6774987768183062,0.01723714139265342,0,220.9338437642642
b2780,,1,444,0.6947359182109596,0.0,0.6947359182109596,1,6896.880588595498
b0123,,2,2,0.6947359182109596,0.6947359182109747,-1.509903313490213e-14,0,200.0
b0484,,1,6,0.6947359182109596,0.6947359182109701,-1.0547118733938987e-14,0,200.00005230473508
b3425,,1,6,0.6947359182109596,0.6947359182109677,-8.104628079763643e-15,0,200.00005230473622
b1308,,1,6,0.6947359182109596,0.6947359182109701,-1.0547118733938987e-14,0,200.00005230473508
b0340,,1,6,0.6947359182109596,0.6947359182109739,-1.432187701766452e-14,0,200.00005230472726
b0341,,1,6,0.6947359182109596,0.6947359182109786,-1.8984813721090177e-14,0,200.00005230472996
b1919,,1,6,0.6947359182109596,0.6947359182109767,-1.709743457922741e-14,0,200.0000523047436
b3008,,2,444,0.6947359182109596,0.0,0.6947359182109596,1,6896.880588595525
b3708,,3,313,0.6947359182109596,0.6942463397361747,0.0004895784747849241,0,200.02487958434202
b2414,,1,444,0.6947359182109596,0.0,0.6947359182109596,1,6896.880588595474
b2421,,1,444,0.6947359182109596,0.0,0.6947359182109596,1,6896.880588595501
b2810,,1,2,0.6947359182109596,0.6947359182109598,-2.220446049250313e-16,0,200.0
b1622,,1,444,0.6947359182109596,0.0,0.6947359182109596,1,6896.880588595505
b0526,,1,2,0.6947359182109596,0.694735918210958,1.5543122344752192e-15,0,200.0
b0886,,2,10,0.6947359182109596,0.6947359182109609,-1.3322676295501878e-15,0,200.00005240074105
b0887,,2,10,0.6947359182109596,0.6947359182109609,-1.3322676295501878e-15,0,200.00005240074105
b0978,,2,6,0.6947359182109596,0.6947359182109701,-1.0547118733938987e-14,0,200.00005230473508
b0979,,2,6,0.6947359182109596,0.6947359182109701,-1.0547118733938987e-14,0,200.00005230473508
b0734,,1,6,0.6947359182109596,0.6947359182109701,-1.0547118733938987e-14,0,200.00005230473508
b0733,,1,6,0.6947359182109596,0.6947359182109701,-1.0547118733938987e-14,0,200.00005230473508
b0432,,1,425,0.6947359182109596,0.4962608174157641,0.19847510079519548,0,6485.5273925781485
b0430,,1,425,0.6947359182109596,0.4962608174157641,0.19847510079519548,0,6485.5273925781485
b0429,,1,425,0.6947359182109596,0.4962608174157641,0.19847510079519548,0,6485.5273925781485
b0431,,1,425,0.6947359182109596,0.4962608174157641,0.19847510079519548,0,6485.5273925781485
b2143,,2,10,0.6947359182109596,0.6947359182109626,-2.9976021664879227e-15,0,200.00005240073838
b0651,,2,10,0.6947359182109596,0.6947359182109416,1.7985612998927536e-14,0,200.00005240073838
b2162,,2,10,0.6947359182109596,0.6947359182109416,1.7985612998927536e-14,0,200.00005240073838
b2066,,2,6,0.6947359182109596,0.6947359182109613,-1.6653345369377348e-15,0,200.00005230473232
b0910,,3,444,0.6947359182109596,0.0,0.6947359182109596,1,6896.880588595502
b2975,,3,6,0.6947359182109596,0.694735918210961,-1.4432899320127035e-15,0,200.00005230472996
b3603,,3,6,0.6947359182109596,0.6947359182109578,1.7763568394002505e-15,0,200.00005230472996
b1189,,1,6,0.6947359182109596,0.6947359182109701,-1.0547118733938987e-14,0,200.00005230473508
b4042,,7,6,0.6947359182109596,0.6947359182109701,-1.0547118733938987e-14,0,200.00005230473508
b2871,,1,6,0.6947359182109596,0.6947359182109641,-4.551914400963142e-15,0,200.00005230473562
b2838,,1,444,0.6947359182109596,0.0,0.6947359182109596,1,6896.880588595529
b3809,,1,444,0.6947359182109596,0.0,0.6947359182109596,1,6896.8805885955035
b0175,,7,444,0.6947359182109596,0.0,0.6947359182109596,1,6896.880588595485
b3041,,1,444,0.6947359182109596,0.0,0.6947359182109596,1,6896.8805885954835
b0778,,1,444,0.6947359182109596,0.0,0.6947359182109596,1,6896.880588595553
b1734,,1,6,0.6947359182109596,0.6947359182109837,-2.4091839634365897e-14,0,200.00005230474466
b2065,,1,6,0.6947359182109596,0.6947359182109701,-1.0547118733938987e-14,0,200.00005230473508
b2344,,7,6,0.6947359182109596,0.6947359182109676,-7.993605777301127e-15,0,200.00005230472996
b3693,,1,6,0.6947359182109596,0.694735918210982,-2.2426505097428162e-14,0,200.0000523047383
b3909,,2,6,0.6947359182109596,0.6947359182109686,-8.992806499463768e-15,0,200.00005230472811
b3526,,1,6,0.6947359182109596,0.6947359182109879,-2.8310687127941492e-14,0,200.00005230473442
b1704,,1,444,0.6947359182109596,0.0,0.6947359182109596,1,6896.880588595508
b2601,,1,444,0.6947359182109596,0.0,0.6947359182109596,1,6896.880588595548
b0754,,1,444,0.6947359182109596,0.0,0.6947359182109596,1,6896.880588595491
b4477,,1,6,0.6947359182109596,0.694735918210971,-1.1435297153639112e-14,0,200.00005230472996
b3648,,2,444,0.6947359182109596,0.0,0.6947359182109596,1,6896.880588595496
b1393,,1,2,0.6947359182109596,0.6947359182109842,-2.4646951146678475e-14,0,200.00000000001188
b3771,,2,444,0.6947359182109596,0.0,0.6947359182109596,1,6896.880588595509
b1198,,1,11,0.6947359182109596,0.694735918210964,-4.440892098500626e-15,0,268.8646294352345
b1199,,1,11,0.6947359182109596,0.6947359182109858,-2.6201263381153694e-14,0,268.8646294352677
b1200,,1,11,0.6947359182109596,0.6947359182109858,-2.6201263381153694e-14,0,268.8646294352677
b0596,,1,6,0.6947359182109596,0.6947359182109846,-2.4980018054066022e-14,0,200.00005230474494
b0594,,1,6,0.6947359182109596,0.6947359182109701,-1.0547118733938987e-14,0,200.00005230473508
b2541,,2,6,0.6947359182109596,0.6947359182109641,-4.551914400963142e-15,0,200.0000523047352
b0348,,2,10,0.6947359182109596,0.6947359182109869,-2.731148640577885e-14,0,200.00005240073838
b0031,,1,444,0.6947359182109596,0.0,0.6947359182109596,1,6896.88058859553
b2478,,1,444,0.6947359182109596,0.0,0.6947359182109596,1,6896.880588595423
b0048,,1,444,0.6947359182109596,0.0,0.6947359182109596,1,6896.880588595486
b1606,,2,444,0.6947359182109596,0.0,0.6947359182109596,1,6896.880588595501
b2315,,1,444,0.6947359182109596,0.0,0.6947359182109596,1,6896.880588595521
b3930,,1,2,0.6947359182109596,0.6947359182109671,-7.549516567451064e-15,0,200.0000000000046
b2262,,1,6,0.6947359182109596,0.6947359182109798,-2.020605904817785e-14,0,200.000052304742
b0736,,1,6,0.6947359182109596,0.6947359182109613,-1.6653345369377348e-15,0,200.0000523047288
b3058,,2,444,0.6947359182109596,0.0,0.6947359182109596,1,6896.880588595491
b0945,,2,13,0.6947359182109596,0.694735918210953,6.5503158452884236e-15,0,200.15849743515668
b1062,,1,444,0.6947359182109596,0.0,0.6947359182109596,1,6896.880588595504
b3177,,1,444,0.6947359182109596,0.0,0.6947359182109596,1,6896.8805885955035
b0578,,2,6,0.6947359182109596,0.6947359182109506,8.992806499463768e-15,0,200.000052304715
b2303,,1,6,0.6947359182109596,0.6947359182109571,2.4424906541753444e-15,0,200.0000523047276
b3389,,1,444,0.6947359182109596,0.0,0.6947359182109596,1,6896.880588595511
b1693,,1,444,0.6947359182109596,0.0,0.6947359182109596,1,6896.880588595495
b0421,,2,444,0.6947359182109596,0.0,0.6947359182109596,1,6896.880588595527
b0029,,2,444,0.6947359182109596,0.0,0.6947359182109596,1,6896.880588595534
b2232,,2,6,0.6947359182109596,0.6947359182109574,2.220446049250313e-15,0,200.00005230472996
b1588,,3,6,0.6947359182109596,0.6947359182109679,-8.326672684688674e-15,0,200.00005230473784
b0895,,4,6,0.6947359182109596,0.6947359182109653,-5.662137425588298e-15,0,200.00005230473465
b1587,,3,6,0.6947359182109596,0.6947359182109679,-8.326672684688674e-15,0,200.00005230473784
b0894,,4,6,0.6947359182109596,0.6947359182109653,-5.662137425588298e-15,0,200.00005230473465
b1590,,3,6,0.6947359182109596,0.6947359182109679,-8.326672684688674e-15,0,200.00005230473784
b0896,,4,6,0.6947359182109596,0.6947359182109653,-5.662137425588298e-15,0,200.00005230473465
b1589,,3,6,0.6947359182109596,0.6947359182109679,-8.326672684688674e-15,0,200.00005230473784
b1872,,4,6,0.6947359182109596,0.694735918210968,-8.43769498715119e-15,0,200.00005230473778
b1873,,4,6,0.6947359182109596,0.694735918210968,-8.43769498715119e-15,0,200.00005230473778
b0099,,3,444,0.6947359182109596,0.0,0.6947359182109596,1,6896.880588595545
b1865,,2,444,0.6947359182109596,0.0,0.6947359182109596,1,6896.880588595511
b3575,,1,2,0.6947359182109596,0.6947359182109561,3.4416913763379853e-15,0,199.99999999999756
b0103,,1,444,0.6947359182109596,0.0,0.6947359182109596,1,6896.8805885954835
b3774,,3,444,0.6947359182109596,0.0,0.6947359182109596,1,6896.8805885955235
b0425,,1,444,0.6947359182109596,0.0,0.6947359182109596,1,6896.880588595469
b4381,,1,6,0.6947359182109596,0.6947359182109526,6.994405055138486e-15,0,200.00005230472996
b1185,,2,6,0.6947359182109596,0.6947359182109656,-5.995204332975845e-15,0,200.00005230473593
b3860,,2,6,0.6947359182109596,0.6947359182109656,-5.995204332975845e-15,0,200.00005230473593
b2893,,2,6,0.6947359182109596,0.6947359182109556,3.9968028886505635e-15,0,200.00005230471487
b2582,,10,15,0.6947359182109596,0.6947359182109731,-1.354472090042691e-14,0,200.14832621227782
b4136,,3,6,0.6947359182109596,0.6947359182109634,-3.774758283725532e-15,0,200.00005230472573
b3781,,10,15,0.6947359182109596,0.6947359182109731,-1.354472090042691e-14,0,200.14832621227782
b0604,,2,6,0.6947359182109596,0.6947359182109639,-4.3298697960381105e-15,0,200.000052304722
b4122,,2,444,0.6947359182109596,0.6296223131851456,0.06511360502581398,0,1497.2353125459208
b1098,,1,444,0.6947359182109596,0.0,0.6947359182109596,1,6896.880588595518
b2146,,1,6,0.6947359182109596,0.6947359182110177,-5.806466418789569e-14,0,200.00005230476108
b2147,,1,6,0.6947359182109596,0.6947359182092071,1.7524870443708096e-12,0,200.00005230472996
b1238,,2,6,0.6947359182109596,0.6947359182109701,-1.0547118733938987e-14,0,200.00005230473508
b4384,,7,17,0.6947359182109596,0.6947359182109625,-2.886579864025407e-15,0,200.00005393100705
b4382,,2,10,0.6947359182109596,0.6947359182110795,-1.199040866595169e-13,0,200.00005240073838
b2251,,3,304,0.6947359182109596,0.694555547492926,0.0001803707180335623,0,200.005892217757
b3640,,1,304,0.6947359182109596,0.694555547492926,0.0001803707180335623,0,200.005892217757
b0173,,1,444,0.6947359182109596,0.0,0.6947359182109596,1,6896.880588595486
b0420,,1,444,0.6947359182109596,0.0,0.6947359182109596,1,6896.880588595452
b3564,,2,2,0.6947359182109596,0.6947359182109579,1.6653345369377348e-15,0,200.0
b1779,,2,451,0.6947359182109596,0.0,0.6947359182109596,1,6497.824994899331
b2927,,1,444,0.6947359182109596,0.0,0.6947359182109596,1,6896.880588595493
b1288,,26,444,0.6947359182109596,0.0,0.6947359182109596,1,6896.880588595499
b3622,,2,6,0.6947359182109596,0.6947359182109601,-5.551115123125783e-16,0,200.00005230472996
b3793,,3,6,0.6947359182109596,0.6947359182109609,-1.3322676295501878e-15,0,200.00005230472675
b3785,,3,6,0.6947359182109596,0.6947359182109609,-1.3322676295501878e-15,0,200.00005230472675
b3792,,1,6,0.6947359182109596,0.6947359182109657,-6.106226635438361e-15,0,200.0000523047278
b2341,,16,455,0.6947359182109596,0.6774987768183056,0.017237141392653976,0,220.93384376427775
b1850,,2,10,0.6947359182109596,0.6947359182109605,-8.881784197001252e-16,0,200.00005240074398
b1851,,1,10,0.6947359182109596,0.6947359182109634,-3.774758283725532e-15,0,200.00005240073838
b1054,,1,6,0.6947359182109596,0.6947359182109647,-5.10702591327572e-15,0,200.00005230472996
b1855,,2,10,0.6947359182109596,0.6947359182109633,-3.6637359812630166e-15,0,200.00005240074262
b2378,,1,6,0.6947359182109596,0.6947359182109755,-1.587618925213974e-14,0,200.00005230474002
b2779,,1,434,0.6947359182109596,0.4925915332813403,0.20214438492961928,0,2289.126691335659
b0583,,1,10,0.6947359182109596,0.6947359182109427,1.687538997430238e-14,0,200.00005240069612
b0585,,2,6,0.6947359182109596,0.6947359182109826,-2.298161660974074e-14,0,200.00005230474673
b2441,,1,10,0.6947359182109596,0.6947359182109621,-2.55351295663786e-15,0,200.00005240074222
b2440,,1,10,0.6947359182109596,0.6947359182109621,-2.55351295663786e-15,0,200.00005240074222
b3946,,1,15,0.6947359182109596,0.6947359182109709,-1.1324274851176597e-14,0,268.86462953124874
b0825,,1,15,0.6947359182109596,0.6947359182109709,-1.1324274851176597e-14,0,268.86462953124874
b0822,,5,6,0.6947359182109596,0.6947359182109796,-1.9984014443252818e-14,0,200.0000523047279
b3666,,4,10,0.6947359182109596,0.6947359182109599,-3.3306690738754696e-16,0,200.00005240073313
b0404,,7,6,0.6947359182109596,0.6947359182109663,-6.661338147750939e-15,0,200.00005230472996
b0452,,10,455,0.6947359182109596,0.6774987768182967,0.017237141392662858,0,220.93384376427554
b1805,,10,10,0.6947359182109596,0.6947359182109671,-7.549516567451064e-15,0,200.00005240073838
b1701,,10,10,0.6947359182109596,0.6947359182109671,-7.549516567451064e-15,0,200.00005240073838
b3844,,6,378,0.6947359182109596,0.6909882538438028,0.003747664367156789,0,210.61292763743208
b2764,,4,444,0.6947359182109596,0.0,0.6947359182109596,1,6896.880588595496
b2763,,4,444,0.6947359182109596,0.0,0.6947359182109596,1,6896.880588595498
b2925,,2,420,0.6947359182109596,0.6828039170690282,0.011932001141931381,0,369.98178591536845
b1773,,1,11,0.6947359182109596,0.6947359182109893,-2.9753977059954195e-14,0,289.84856923347866
b2097,,1,11,0.6947359182109596,0.6947359182109893,-2.9753977059954195e-14,0,289.84856923347866
b3925,,1,6,0.6947359182109596,0.6947359182109701,-1.0547118733938987e-14,0,200.00005230473508
b2930,,1,6,0.6947359182109596,0.6947359182109701,-1.0547118733938987e-14,0,200.00005230473508
b4232,,1,6,0.6947359182109596,0.6947359182109701,-1.0547118733938987e-14,0,200.00005230473508
b2802,,1,6,0.6947359182109596,0.6947359182109561,3.4416913763379853e-15,0,200.00005230473366
b2803,,1,6,0.6947359182109596,0.6947359182109779,-1.8318679906315083e-14,0,200.00005230473698
b2738,,1,6,0.6947359182109596,0.6947359182109741,-1.454392162258955e-14,0,200.00005230473386
b2800,,1,6,0.6947359182109596,0.6947359182109741,-1.454392162258955e-14,0,200.00005230473386
b0475,,1,444,0.6947359182109596,0.0,0.6947359182109596,1,6896.880588595466
b1476,,2,10,0.6947359182109596,0.694735918211411,-4.5141668181258865e-13,0,200.00005240073838
b1474,,2,6,0.6947359182109596,0.6947359182109651,-5.551115123125783e-15,0,200.00005230474136
b1475,,2,6,0.6947359182109596,0.6947359182109651,-5.551115123125783e-15,0,200.00005230474136
b3892,,2,6,0.6947359182109596,0.6947359182109651,-5.551115123125783e-15,0,200.00005230474136
b3893,,2,6,0.6947359182109596,0.6947359182109651,-5.551115123125783e-15,0,200.00005230474136
b3894,,2,6,0.6947359182109596,0.6947359182109651,-5.551115123125783e-15,0,200.00005230474136
b0935,,5,6,0.6947359182109596,0.6947359182109755,-1.587618925213974e-14,0,200.00005230473306
b3409,,1,6,0.6947359182109596,0.6947359182109701,-1.0547118733938987e-14,0,200.00005230473508
b2392,,2,6,0.6947359182109596,0.6947359182109701,-1.0547118733938987e-14,0,200.00005230473508
b4290,,1,6,0.6947359182109596,0.6947359182109595,1.1102230246251565e-16,0,200.0000523047295
b4288,,1,6,0.6947359182109596,0.6947359182109595,1.1102230246251565e-16,0,200.0000523047295
b4287,,1,6,0.6947359182109596,0.6947359182109595,1.1102230246251565e-16,0,200.0000523047295
b4289,,1,6,0.6947359182109596,0.6947359182109595,1.1102230246251565e-16,0,200.0000523047295
b4291,,1,6,0.6947359182109596,0.6947359182109595,1.1102230246251565e-16,0,200.0000523047295
b0589,,2,6,0.6947359182109596,0.6947359182109744,-1.4765966227514582e-14,0,200.00005230473235
b0588,,2,6,0.6947359182109596,0.6947359182109744,-1.4765966227514582e-14,0,200.00005230473235
b0592,,2,6,0.6947359182109596,0.6947359182109744,-1.4765966227514582e-14,0,200.00005230473235
b0590,,2,6,0.6947359182109596,0.6947359182109744,-1.4765966227514582e-14,0,200.00005230473235
b2155,,1,6,0.6947359182109596,0.6947359182109574,2.220446049250313e-15,0,200.00005230472198
b0805,,1,6,0.6947359182109596,0.6947359182109574,2.220446049250313e-15,0,200.00005230472198
b0150,,3,6,0.6947359182109596,0.6947359182109617,-2.1094237467877974e-15,0,200.00005230473556
b0584,,1,6,0.6947359182109596,0.694735918210955,4.551914400963142e-15,0,200.00005230475222
b0591,,1,6,0.6947359182109596,0.6947359182109477,1.1879386363489175e-14,0,200.00005230472996
b4367,,3,10,0.6947359182109596,0.6947359182109806,-2.098321516541546e-14,0,200.00005240075103
b4209,,1,251,0.6947359182109596,0.6947157299036758,2.0188307283786067e-05,0,200.00020656669565
b2486,,1,6,0.6947359182109596,0.6947359182109701,-1.0547118733938987e-14,0,200.00005230473508
b4079,,1,6,0.6947359182109596,0.6947359182109701,-1.0547118733938987e-14,0,200.00005230473508
b2722,,2,6,0.6947359182109596,0.6947359182109701,-1.0547118733938987e-14,0,200.00005230473508
b2483,,1,6,0.6947359182109596,0.6947359182109701,-1.0547118733938987e-14,0,200.00005230473508
b2719,,2,6,0.6947359182109596,0.6947359182109701,-1.0547118733938987e-14,0,200.00005230473508
b2723,,2,6,0.6947359182109596,0.6947359182109701,-1.0547118733938987e-14,0,200.00005230473508
b2721,,2,6,0.6947359182109596,0.6947359182109701,-1.0547118733938987e-14,0,200.00005230473508
b2481,,1,6,0.6947359182109596,0.6947359182109701,-1.0547118733938987e-14,0,200.00005230473508
b2485,,1,6,0.6947359182109596,0.6947359182109701,-1.0547118733938987e-14,0,200.00005230473508
b2484,,1,6,0.6947359182109596,0.6947359182109701,-1.0547118733938987e-14,0,200.00005230473508
b2724,,2,6,0.6947359182109596,0.6947359182109701,-1.0547118733938987e-14,0,200.00005230473508
b2482,,1,6,0.6947359182109596,0.6947359182109701,-1.0547118733938987e-14,0,200.00005230473508
b2489,,1,6,0.6947359182109596,0.6947359182109701,-1.0547118733938987e-14,0,200.00005230473508
b2720,,2,6,0.6947359182109596,0.6947359182109701,-1.0547118733938987e-14,0,200.00005230473508
b2488,,1,6,0.6947359182109596,0.6947359182109701,-1.0547118733938987e-14,0,200.00005230473508
b2490,,1,6,0.6947359182109596,0.6947359182109701,-1.0547118733938987e-14,0,200.00005230473508
b2487,,1,6,0.6947359182109596,0.6947359182109701,-1.0547118733938987e-14,0,200.00005230473508
b3924,,5,299,0.6947359182109596,0.6945526151574125,0.0001833030535470792,0,200.03411769296022
b0684,,7,444,0.6947359182109596,0.0,0.6947359182109596,1,6896.880588595531
b2895,,7,444,0.6947359182109596,0.0,0.6947359182109596,1,6896.880588595483
b3288,,1,6,0.6947359182109596,0.6947359182109671,-7.549516567451064e-15,0,200.00005230472996
b0025,,2,444,0.6947359182109596,0.0,0.6947359182109596,1,6896.880588595565
b0937,,2,2,0.6947359182109596,0.6947359182109456,1.3988810110276972e-14,0,200.0
b2912,,1,6,0.6947359182109596,0.6947359182109701,-1.0547118733938987e-14,0,200.00005230473508
b2374,,1,6,0.6947359182109596,0.6947359182109651,-5.551115123125783e-15,0,200.00005230473764
b2492,,2,6,0.6947359182109596,0.6947359182110129,-5.3290705182007514e-14,0,200.0000523047504
b0904,,2,6,0.6947359182109596,0.6947359182110129,-5.3290705182007514e-14,0,200.0000523047504
b4154,,2,6,0.6947359182109596,0.6947359182109701,-1.0547118733938987e-14,0,200.00005230473508
b4152,,2,6,0.6947359182109596,0.6947359182109701,-1.0547118733938987e-14,0,200.00005230473508
b4153,,2,6,0.6947359182109596,0.6947359182109701,-1.0547118733938987e-14,0,200.00005230473508
b4151,,2,6,0.6947359182109596,0.6947359182109701,-1.0547118733938987e-14,0,200.00005230473508
b2168,,1,6,0.6947359182109596,0.6947359182109886,-2.8976820942716586e-14,0,200.00005230474596
b3371,,1,6,0.6947359182109596,0.6947359182109598,-2.220446049250313e-16,0,200.0000523047225
b4474,,1,6,0.6947359182109596,0.6947359182109617,-2.1094237467877974e-15,0,200.0000523047296
b3374,,1,6,0.6947359182109596,0.6947359182109722,-1.2656542480726785e-14,0,200.00005230473232
b3370,,2,6,0.6947359182109596,0.6947359182109571,2.4424906541753444e-15,0,200.0000523046749
b4321,,2,10,0.6947359182109596,0.6947359182109675,-7.882583474838611e-15,0,200.00005240073838
b2169,,1,6,0.6947359182109596,0.6947359182111433,-1.837419105754634e-13,0,200.00005230481236
b2167,,1,6,0.6947359182109596,0.6947359182111433,-1.837419105754634e-13,0,200.00005230481236
b1232,,1,6,0.6947359182109596,0.6947359182109544,5.218048215738236e-15,0,200.0000523047272
b2801,,1,6,0.6947359182109596,0.6947359182109615,-1.887379141862766e-15,0,200.0000523047259
b1611,,1,445,0.6947359182109596,0.6296223131851297,0.06511360502582986,0,1498.0261144353074
b1612,,1,445,0.6947359182109596,0.6296223131851297,0.06511360502582986,0,1498.0261144353074
b0621,,4,6,0.6947359182109596,0.6947359182109701,-1.0547118733938987e-14,0,200.00005230473508
b3730,,2,444,0.6947359182109596,0.0,0.6947359182109596,1,6896.88058859552
b1002,,2,2,0.6947359182109596,0.6947359182109557,3.885780586188048e-15,0,199.99999999998437
b3789,,1,10,0.6947359182109596,0.6947359182109426,1.6986412276764895e-14,0,200.00005240073838
b2039,,1,10,0.6947359182109596,0.6947359182109426,1.6986412276764895e-14,0,200.00005240073838
b0154,,1,444,0.6947359182109596,0.0,0.6947359182109596,1,6896.880588595529
b2533,,2,2,0.6947359182109596,0.6947359182109625,-2.886579864025407e-15,0,199.9999999999971
b4055,,17,10,0.6947359182109596,0.6947359182109485,1.1102230246251565e-14,0,200.00005240073392
b4041,,7,12,0.6947359182109596,0.6947359182109629,-3.3306690738754696e-15,0,200.01414018287656
b3451,,7,6,0.6947359182109596,0.6947359182109679,-8.326672684688674e-15,0,200.0000523047317
b3452,,7,6,0.6947359182109596,0.6947359182109679,-8.326672684688674e-15,0,200.0000523047317
b3453,,7,6,0.6947359182109596,0.6947359182109679,-8.326672684688674e-15,0,200.0000523047317
b3450,,7,6,0.6947359182109596,0.6947359182109679,-8.326672684688674e-15,0,200.0000523047317
b3608,,1,444,0.6947359182109596,0.0,0.6947359182109596,1,6896.880588595504
b2242,,3,2,0.6947359182109596,0.6947359182109591,4.440892098500626e-16,0,200.0
b2241,,3,10,0.6947359182109596,0.6947359182110247,-6.505906924303417e-14,0,200.0000524007698
b2243,,3,10,0.6947359182109596,0.6947359182110247,-6.505906924303417e-14,0,200.0000524007698
b3426,,1,10,0.6947359182109596,0.6947359182110247,-6.505906924303417e-14,0,200.0000524007698
b0243,,1,342,0.6947359182109596,0.6932150553960937,0.0015208628148658532,0,200.18225625632374
b0678,,1,6,0.6947359182109596,0.6947359182109679,-8.326672684688674e-15,0,200.0000523047315
b1852,,1,421,0.6947359182109596,0.6850600805999117,0.009675837611047844,0,261.13318609878894
b3128,,1,6,0.6947359182109596,0.6947359182109674,-7.771561172376096e-15,0,200.00005230472996
b4358,,1,6,0.6947359182109596,0.6947359182109659,-6.328271240363392e-15,0,200.0000523047281
b4478,,1,6,0.6947359182109596,0.69473591821098,-2.042810365310288e-14,0,200.00005230476
b4356,,1,6,0.6947359182109596,0.6947359182109677,-8.104628079763643e-15,0,200.00005230473025
b3691,,1,6,0.6947359182109596,0.6947359182109697,-1.0103029524088925e-14,0,200.00005230473963
b3127,,3,6,0.6947359182109596,0.6947359182109545,5.10702591327572e-15,0,200.00005230470708
b2789,,3,6,0.6947359182109596,0.6947359182109545,5.10702591327572e-15,0,200.00005230470708
b0757,,1,6,0.6947359182109596,0.6947359182109658,-6.217248937900877e-15,0,200.00005230469384
b2045,,1,6,0.6947359182109596,0.6947359182109658,-6.217248937900877e-15,0,200.00005230469384
b0756,,1,6,0.6947359182109596,0.6947359182109704,-1.0769163338864018e-14,0,200.00005230473386
b4119,,1,6,0.6947359182109596,0.6947359182109657,-6.106226635438361e-15,0,200.00005230471407
b3628,,1,6,0.6947359182109596,0.6947359182109663,-6.661338147750939e-15,0,200.00005230472996
b2093,,1,10,0.6947359182109596,0.6947359182114516,-4.920508445138694e-13,0,200.0000524009253
b2092,,1,10,0.6947359182109596,0.6947359182114516,-4.920508445138694e-13,0,200.0000524009253
b2094,,1,10,0.6947359182109596,0.6947359182114516,-4.920508445138694e-13,0,200.0000524009253
b3093,,2,6,0.6947359182109596,0.6947359182109683,-8.659739592076221e-15,0,200.00005230472752
b1236,,1,6,0.6947359182109596,0.694735918210955,4.551914400963142e-15,0,200.00005230472996
b4230,,2,6,0.6947359182109596,0.6947359182110987,-1.3911094498553211e-13,0,200.00005230472996
b2148,,2,6,0.6947359182109596,0.6947359182109701,-1.0547118733938987e-14,0,200.00005230473508
b2149,,2,6,0.6947359182109596,0.6947359182109701,-1.0547118733938987e-14,0,200.00005230473508
b2150,,2,6,0.6947359182109596,0.6947359182109701,-1.0547118733938987e-14,0,200.00005230473508
b4231,,2,6,0.6947359182109596,0.6947359182110987,-1.3911094498553211e-13,0,200.00005230472996
b4485,,2,6,0.6947359182109596,0.6947359182110987,-1.3911094498553211e-13,0,200.00005230472996
b4227,,2,6,0.6947359182109596,0.6947359182110987,-1.3911094498553211e-13,0,200.00005230472996
b2943,,2,6,0.6947359182109596,0.6947359182110343,-7.471800955727304e-14,0,200.00005230476617
b2500,,1,367,0.6947359182109596,0.6921425272301163,0.002593390980843324,0,200.33712910077853
b1415,,2,444,0.6947359182109596,0.0,0.6947359182109596,1,6896.880588595536
b2052,,2,2,0.6947359182109596,0.6947359182109559,3.6637359812630166e-15,0,200.0
b2784,,2,6,0.6947359182109596,0.6947359182109701,-1.0547118733938987e-14,0,200.00005230473508
b3650,,3,6,0.6947359182109596,0.6947359182109545,5.10702591327572e-15,0,200.00005230473732
b2051,,1,6,0.6947359182109596,0.6947359182109701,-1.0547118733938987e-14,0,200.00005230473508
b2467,,1,6,0.6947359182109596,0.6947359182109701,-1.0547118733938987e-14,0,200.00005230473508
b3729,,1,444,0.6947359182109596,0.0,0.6947359182109596,1,6896.880588595514
b1298,,1,6,0.6947359182109596,0.6947359182109536,5.995204332975845e-15,0,200.00005230472996
b1301,,1,6,0.6947359182109596,0.6947359182109701,-1.0547118733938987e-14,0,200.00005230473508
b1297,,2,444,0.6947359182109596,0.0,0.6947359182109596,1,6896.8805885955
b3882,,1,6,0.6947359182109596,0.6947359182109485,1.1102230246251565e-14,0,200.00005230472996
b3432,,1,10,0.6947359182109596,0.6947359182109313,2.8310687127941492e-14,0,200.00005240073838
b0459,,2,6,0.6947359182109596,0.694735918210983,-2.3425705819590803e-14,0,200.00005230473604
b0124,,1,10,0.6947359182109596,0.6947359182109646,-4.9960036108132044e-15,0,200.00005240073327
b0837,,1,10,0.6947359182109596,0.6947359182109646,-4.9960036108132044e-15,0,200.00005240073327
b4476,,1,10,0.6947359182109596,0.6947359182109424,1.7208456881689926e-14,0,200.00005240073838
b3415,,1,10,0.6947359182109596,0.6947359182109424,1.7208456881689926e-14,0,200.00005240073838
b3417,,5,6,0.6947359182109596,0.6947359182109483,1.1324274851176597e-14,0,200.00005230472408
b3428,,2,6,0.6947359182109596,0.6947359182109651,-5.551115123125783e-15,0,200.00005230472996
b3126,,1,6,0.6947359182109596,0.6947359182109716,-1.199040866595169e-14,0,200.0000523047443
b2787,,1,6,0.6947359182109596,0.6947359182109641,-4.551914400963142e-15,0,200.00005230472996
b2788,,1,6,0.6947359182109596,0.6947359182109641,-4.551914400963142e-15,0,200.00005230472996
b3429,,1,6,0.6947359182109596,0.6947359182109633,-3.6637359812630166e-15,0,200.00005230473363
b3631,,1,6,0.6947359182109596,0.6947359182109528,6.772360450213455e-15,0,200.00005230472996
b3627,,1,6,0.6947359182109596,0.694735918210955,4.551914400963142e-15,0,200.00005230472996
b3626,,1,6,0.6947359182109596,0.6947359182109585,1.1102230246251565e-15,0,200.00005230472996
b1621,,2,424,0.6947359182109596,0.6699239211320004,0.024811997078959203,0,705.586789018493
b3431,,1,10,0.6947359182109596,0.694735918210971,-1.1435297153639112e-14,0,200.00005240073085
b3430,,1,6,0.6947359182109596,0.6947359182109701,-1.0547118733938987e-14,0,200.00005230473508
b3870,,1,444,0.6947359182109596,0.0,0.6947359182109596,1,6896.8805885955
b0680,,1,6,0.6947359182109596,0.6947359182109485,1.1102230246251565e-14,0,200.00005230472996
b0809,,1,6,0.6947359182109596,0.6947359182109677,-8.104628079763643e-15,0,200.00005230473755
b0810,,1,6,0.6947359182109596,0.6947359182109677,-8.104628079763643e-15,0,200.00005230473755
b0811,,1,6,0.6947359182109596,0.6947359182109677,-8.104628079763643e-15,0,200.00005230473755
b2091,,1,10,0.6947359182109596,0.694735918214522,-3.5623726191147398e-12,0,200.00005240232903
b0242,,1,342,0.6947359182109596,0.6932150553960932,0.0015208628148664083,0,200.18225625631928
b1492,,1,6,0.6947359182109596,0.6947359182027731,8.186451516678517e-12,0,200.00005230106376
b2688,,1,6,0.6947359182109596,0.6947359182109701,-1.0547118733938987e-14,0,200.00005230473508
b1493,,1,6,0.6947359182109596,0.6947359182109614,-1.7763568394002505e-15,0,200.00005230472996
b3517,,1,6,0.6947359182109596,0.6947359182109614,-1.7763568394002505e-15,0,200.00005230472996
b1761,,1,423,0.6947359182109596,0.6404639674691722,0.05427195074178737,0,312.5916625580315
b1524,,1,6,0.6947359182109596,0.694735918210977,-1.7430501486614958e-14,0,200.0000523047508
b0485,,1,6,0.6947359182109596,0.694735918210977,-1.7430501486614958e-14,0,200.0000523047508
b2312,,1,444,0.6947359182109596,0.0,0.6947359182109596,1,6896.8805885955235
b3967,,1,444,0.6947359182109596,0.0,0.6947359182109596,1,6896.880588595503
b3213,,1,6,0.6947359182109596,0.6947359182109614,-1.7763568394002505e-15,0,200.00005230472988
b3212,,1,6,0.6947359182109596,0.6947359182109701,-1.0547118733938987e-14,0,200.00005230473508
b1210,,1,444,0.6947359182109596,0.0,0.6947359182109596,1,6896.880588595477
b2400,,1,444,0.6947359182109596,0.0,0.6947359182109596,1,6896.880588595504
b3653,,1,2,0.6947359182109596,0.694735918210939,2.0539125955565396e-14,0,200.0
b0507,,1,6,0.6947359182109596,0.6947359182109687,-9.103828801926284e-15,0,200.0000523047358
b3927,,3,6,0.6947359182109596,0.694735918214341,-3.3814062661008393e-12,0,200.00005230625118
b3617,,1,6,0.6947359182109596,0.6947359182109695,-9.880984919163893e-15,0,200.0000523047239
b2240,,1,6,0.6947359182109596,0.6947359182109031,5.651035195342047e-14,0,200.00005230469537
b0514,,1,6,0.6947359182109596,0.6947359182109701,-1.0547118733938987e-14,0,200.00005230473508
b3124,,1,6,0.6947359182109596,0.6947359182109701,-1.0547118733938987e-14,0,200.00005230473508
b2904,,1,302,0.6947359182109596,0.6944536547393774,0.00028226347158222254,0,200.06286789843588
b2903,,1,302,0.6947359182109596,0.6944536547393774,0.00028226347158222254,0,200.06286789843588
b2905,,1,302,0.6947359182109596,0.6944536547393774,0.00028226347158222254,0,200.06286789843588
b1033,,4,6,0.6947359182109596,0.6947359182109705,-1.0880185641326534e-14,0,200.00005230473658
b4468,,3,144,0.6947359182109596,0.6947330352032922,2.8830076673758143e-06,0,200.00005710174725
b4467,,3,144,0.6947359182109596,0.6947330352032922,2.8830076673758143e-06,0,200.00005710174725
b2979,,3,144,0.6947359182109596,0.6947330352032922,2.8830076673758143e-06,0,200.00005710174725
b3926,,1,6,0.6947359182109596,0.6947359182109599,-3.3306690738754696e-16,0,200.00005230472996
b0212,,1,6,0.6947359182109596,0.6947359182109701,-1.0547118733938987e-14,0,200.00005230473508
b3559,,1,6,0.6947359182109596,0.6947359182109746,-1.4988010832439613e-14,0,200.00005230475054
b3560,,1,6,0.6947359182109596,0.6947359182109746,-1.4988010832439613e-14,0,200.00005230475054
b2053,,1,6,0.6947359182109596,0.6947359182109794,-1.9761969838327786e-14,0,200.00005230474943
b3052,,2,10,0.6947359182109596,0.6947359182109749,-1.532107773982716e-14,0,200.00005240073838
b0200,,1,10,0.6947359182109596,0.6947359182109571,2.4424906541753444e-15,0,200.00005240073838
b0104,,1,6,0.6947359182109596,0.6947359182109701,-1.0547118733938987e-14,0,200.00005230473508
b2507,,1,444,0.6947359182109596,0.0,0.6947359182109596,1,6896.880588595517
b2029,,1,421,0.6947359182109596,0.6850600805999082,0.009675837611051397,0,261.1331860987909
b3437,,1,6,0.6947359182109596,0.6947359182109553,4.3298697960381105e-15,0,200.00005230472723
b4268,,1,6,0.6947359182109596,0.6947359182109553,4.3298697960381105e-15,0,200.00005230472723
b3449,,5,6,0.6947359182109596,0.6947359182109821,-2.2537527399890678e-14,0,200.00005230473346
b2239,,5,6,0.6947359182109596,0.6947359182109485,1.1102230246251565e-14,0,200.00005230471646
b1654,,6,6,0.6947359182109596,0.6947359182109758,-1.6209256159527285e-14,0,200.00005230473704
b3610,,6,6,0.6947359182109596,0.6947359182109758,-1.6209256159527285e-14,0,200.00005230473704
b0849,,6,6,0.6947359182109596,0.6947359182109758,-1.6209256159527285e-14,0,200.00005230473704
b0477,,2,6,0.6947359182109596,0.6947359182109619,-2.3314683517128287e-15,0,200.0000523047244
b2988,,2,10,0.6947359182109596,0.694735918210955,4.551914400963142e-15,0,200.00005240074194
b3500,,1,6,0.6947359182109596,0.6947359182110945,-1.3489209749195652e-13,0,200.0000523047931
b1710,,2,6,0.6947359182109596,0.6947359182109644,-4.773959005888173e-15,0,200.00005230472996
b3447,,1,10,0.6947359182109596,0.6947359182109608,-1.2212453270876722e-15,0,200.00005240074552
b0832,,1,6,0.6947359182109596,0.6947359182109701,-1.0547118733938987e-14,0,200.00005230473508
b0829,,1,6,0.6947359182109596,0.6947359182109701,-1.0547118733938987e-14,0,200.00005230473508
b0831,,1,6,0.6947359182109596,0.6947359182109701,-1.0547118733938987e-14,0,200.00005230473508
b0830,,1,6,0.6947359182109596,0.6947359182109701,-1.0547118733938987e-14,0,200.00005230473508
b2947,,1,6,0.6947359182109596,0.6947359182109408,1.8762769116165146e-14,0,200.0000523047223
b2153,,1,444,0.6947359182109596,0.0,0.6947359182109596,1,6896.880588594967
b1277,,1,444,0.6947359182109596,0.0,0.6947359182109596,1,6896.880588595486
b3779,,1,2,0.6947359182109596,0.6947359182112381,-2.785549568784518e-13,0,200.00000000014273
b2883,,1,10,0.6947359182109596,0.69473591821099,-3.042011087472929e-14,0,200.00005240073838
b0125,,2,6,0.6947359182109596,0.6947359182109701,-1.0547118733938987e-14,0,200.00005230473508
b0238,,3,6,0.6947359182109596,0.694735918210949,1.0547118733938987e-14,0,200.00005230473153
b3092,,2,6,0.6947359182109596,0.6947359182109589,6.661338147750939e-16,0,200.0000523047272
b1319,,1,442,0.6947359182109596,0.21398324101268704,0.4807526771982725,0,18470.134007127777
b3875,,1,442,0.6947359182109596,0.21398324101268704,0.4807526771982725,0,18470.134007127777
b0957,,1,442,0.6947359182109596,0.21398324101268704,0.4807526771982725,0,18470.134007127777
b0875,,1,444,0.6947359182109596,0.23414608626934197,0.4605898319416176,0,21004.012778936663
b1395,,1,6,0.6947359182109596,0.69473591821098,-2.042810365310288e-14,0,200.00005230472996
b4040,,1,444,0.6947359182109596,0.0,0.6947359182109596,1,6896.880588595476
b0353,,2,2,0.6947359182109596,0.6947359182116429,-6.833422716567839e-13,0,200.0
b0339,,1,444,0.6947359182109596,0.0,0.6947359182109596,1,6896.880588595516
b0126,,1,444,0.6947359182109596,0.0,0.6947359182109596,1,6896.88058859552
b0261,,2,2,0.6947359182109596,0.6947359182109711,-1.1546319456101628e-14,0,200.0
b0428,,1,10,0.6947359182109596,0.6947359182296209,-1.8661294731714406e-11,0,200.00005240910644
b3630,,1,10,0.6947359182109596,0.6947359182109681,-8.548717289613705e-15,0,200.00005240073494
b3625,,1,6,0.6947359182109596,0.6947359182109649,-5.329070518200751e-15,0,200.00005230472996
b3621,,1,6,0.6947359182109596,0.6947359182109468,1.27675647831893e-14,0,200.00005230472996
b3620,,1,6,0.6947359182109596,0.6947359182109595,1.1102230246251565e-16,0,200.00005230472996
b3632,,1,6,0.6947359182109596,0.6947359182109675,-7.882583474838611e-15,0,200.00005230472996
b3623,,1,6,0.6947359182109596,0.6947359182109976,-3.7969627442180354e-14,0,200.00005230472996
b2104,,1,6,0.6947359182109596,0.6947359182109629,-3.3306690738754696e-15,0,200.00005230472846
b2388,,1,6,0.6947359182109596,0.6947359182109701,-1.0547118733938987e-14,0,200.00005230473508
b0394,,1,6,0.6947359182109596,0.6947359182109574,2.220446049250313e-15,0,200.00005230472738
b2020,,1,444,0.6947359182109596,0.0,0.6947359182109596,1,6896.880588595545
b2022,,2,444,0.6947359182109596,0.0,0.6947359182109596,1,6896.880588595516
b2514,,1,2,0.6947359182109596,0.6947359182109601,-5.551115123125783e-16,0,200.0
b2309,,1,6,0.6947359182109596,0.6947359182109701,-1.0547118733938987e-14,0,200.00005230473508
b0112,,4,6,0.6947359182109596,0.6947359182109559,3.6637359812630166e-15,0,200.00005230472996
b0349,,2,6,0.6947359182109596,0.6947359182108986,6.09512440519211e-14,0,200.00005230472996
b3805,,1,444,0.6947359182109596,0.0,0.6947359182109596,1,6896.880588595504
b2418,,4,6,0.6947359182109596,0.6947359182109384,2.120525977034049e-14,0,200.00005230472996
b2103,,2,444,0.6947359182109596,0.0,0.6947359182109596,1,6896.880588595488
b0813,,2,6,0.6947359182109596,0.6947359182113475,-3.879119248040297e-13,0,200.00005230472996
b3824,,1,10,0.6947359182109596,0.6947359182109958,-3.6193270602780103e-14,0,200.0000524007607
b0352,,1,6,0.6947359182109596,0.6947359182109816,-2.19824158875781e-14,0,200.00005230472996
b0142,,1,444,0.6947359182109596,0.0,0.6947359182109596,1,6896.880588595497
b0508,,1,10,0.6947359182109596,0.6947359182109739,-1.432187701766452e-14,0,200.0000524007831
b0003,,1,444,0.6947359182109596,0.0,0.6947359182109596,1,6896.880588595513
b4013,,1,444,0.6947359182109596,0.0,0.6947359182109596,1,6896.880588595492
b2021,,1,444,0.6947359182109596,0.0,0.6947359182109596,1,6896.880588595517
b2867,,2,6,0.6947359182109596,0.6947359182109676,-7.993605777301127e-15,0,200.00005230472996
b2866,,2,6,0.6947359182109596,0.694735918215577,-4.617417559416026e-12,0,200.00005230678443
b2868,,2,6,0.6947359182109596,0.694735918215577,-4.617417559416026e-12,0,200.00005230678443
b2994,,3,6,0.6947359182109596,0.6947359182109701,-1.0547118733938987e-14,0,200.00005230473508
b0973,,3,6,0.6947359182109596,0.6947359182109701,-1.0547118733938987e-14,0,200.00005230473508
b0974,,3,6,0.6947359182109596,0.6947359182109701,-1.0547118733938987e-14,0,200.00005230473508
b2997,,3,6,0.6947359182109596,0.6947359182109701,-1.0547118733938987e-14,0,200.00005230473508
b2995,,3,6,0.6947359182109596,0.6947359182109701,-1.0547118733938987e-14,0,200.00005230473508
b2996,,3,6,0.6947359182109596,0.6947359182109701,-1.0547118733938987e-14,0,200.00005230473508
b0972,,3,6,0.6947359182109596,0.6947359182109701,-1.0547118733938987e-14,0,200.00005230473508
b2530,,6,444,0.6947359182109596,0.0,0.6947359182109596,1,6896.880588595503
b2529,,6,175,0.6947359182109596,0.6947321397088916,3.778502068008116e-06,0,200.00000152475943
b3807,,4,444,0.6947359182109596,0.0,0.6947359182109596,1,6896.880588595495
b2528,,2,179,0.6947359182109596,0.6947321397089338,3.778502025819641e-06,0,200.00005382920577
b1136,,1,443,0.6947359182109596,0.0,0.6947359182109596,1,8111.234304141914
b2265,,1,10,0.6947359182109596,0.6947359182109605,-8.881784197001252e-16,0,200.0000524007365
b0593,,1,10,0.6947359182109596,0.6947359182109568,2.7755575615628914e-15,0,200.0000524007217
b0595,,1,6,0.6947359182109596,0.6947359182109706,-1.099120794378905e-14,0,200.0000523047386
b4015,,1,10,0.6947359182109596,0.6947359182109585,1.1102230246251565e-15,0,200.00005240073838
b4267,,2,6,0.6947359182109596,0.69473591821097,-1.0436096431476471e-14,0,200.00005230473693
b2023,,1,444,0.6947359182109596,0.0,0.6947359182109596,1,6896.880588595504
b2025,,1,444,0.6947359182109596,0.0,0.6947359182109596,1,6896.880588595501
b1262,,2,444,0.6947359182109596,0.0,0.6947359182109596,1,6896.8805885955335
b3770,,4,444,0.6947359182109596,0.0,0.6947359182109596,1,6896.8805885953425
b0026,,1,2,0.6947359182109596,0.6947359182109537,5.88418203051333e-15,0,200.00000000000213
b0401,,3,10,0.6947359182109596,0.6947359182109681,-8.548717289613705e-15,0,200.00005240073838
b2508,,1,347,0.6947359182109596,0.6930595234691551,0.0016763947418044767,0,200.24462939951482
b3265,,1,6,0.6947359182109596,0.6947359182109701,-1.0547118733938987e-14,0,200.00005230473508
b3266,,1,6,0.6947359182109596,0.6947359182109701,-1.0547118733938987e-14,0,200.00005230473508
b3161,,2,6,0.6947359182109596,0.6947359182109415,1.8096635301390052e-14,0,200.00005230472107
b3679,,1,6,0.6947359182109596,0.6947359182109728,-1.3211653993039363e-14,0,200.00005230473792
b2889,,1,10,0.6947359182109596,0.6947359182109675,-7.882583474838611e-15,0,200.00005240073583
b0073,,1,444,0.6947359182109596,0.0,0.6947359182109596,1,6896.880588595501
b0071,,2,444,0.6947359182109596,0.0,0.6947359182109596,1,6896.880588595514
b0072,,2,444,0.6947359182109596,0.0,0.6947359182109596,1,6896.880588595495
b0074,,1,444,0.6947359182109596,0.0,0.6947359182109596,1,6896.880588595264
b0918,,1,444,0.6947359182109596,0.0,0.6947359182109596,1,6896.8805885955035
b3198,,1,444,0.6947359182109596,0.0,0.6947359182109596,1,6896.880588595499
b1215,,1,444,0.6947359182109596,0.0,0.6947359182109596,1,6896.88058859551
b4196,,1,6,0.6947359182109596,0.6947359182109589,6.661338147750939e-16,0,200.0000523047354
b3581,,1,6,0.6947359182109596,0.694735918210958,1.5543122344752192e-15,0,200.00005230471453
b0697,,1,6,0.6947359182109596,0.6947359182109701,-1.0547118733938987e-14,0,200.00005230473508
b4513,,1,6,0.6947359182109596,0.6947359182109701,-1.0547118733938987e-14,0,200.00005230473508
b0698,,1,6,0.6947359182109596,0.6947359182109701,-1.0547118733938987e-14,0,200.00005230473508
b0696,,1,6,0.6947359182109596,0.6947359182109701,-1.0547118733938987e-14,0,200.00005230473508
b3747,,1,318,0.6947359182109596,0.6937279741677842,0.0010079440431753905,0,200.04508372876742
b1363,,1,318,0.6947359182109596,0.6937279741677842,0.0010079440431753905,0,200.04508372876742
b1250,,1,318,0.6947359182109596,0.6937279741677842,0.0010079440431753905,0,200.04508372876742
b3849,,1,318,0.6947359182109596,0.6937279741677842,0.0010079440431753905,0,200.04508372876742
b1291,,1,318,0.6947359182109596,0.6937279741677842,0.0010079440431753905,0,200.04508372876742
b3290,,1,318,0.6947359182109596,0.6937279741677842,0.0010079440431753905,0,200.04508372876742
b0047,,1,6,0.6947359182109596,0.6947359182109557,3.885780586188048e-15,0,200.00005230473008
b0842,,2,6,0.6947359182109596,0.6947359182109557,3.885780586188048e-15,0,200.00005230473008
b3350,,1,6,0.6947359182109596,0.6947359182109557,3.885780586188048e-15,0,200.00005230473008
b3605,,2,6,0.6947359182109596,0.6947359182109689,-9.325873406851315e-15,0,200.00005230472442
b0306,,2,6,0.6947359182109596,0.6947359182109689,-9.325873406851315e-15,0,200.00005230472442
b0307,,2,6,0.6947359182109596,0.6947359182109689,-9.325873406851315e-15,0,200.00005230472442
b0308,,2,6,0.6947359182109596,0.6947359182109689,-9.325873406851315e-15,0,200.00005230472442
b2257,,1,6,0.6947359182109596,0.6947359182109609,-1.3322676295501878e-15,0,200.0000523047326
b0344,,1,6,0.6947359182109596,0.6947359182109629,-3.3306690738754696e-15,0,200.00005230474096
b2132,,1,6,0.6947359182109596,0.6947359182109679,-8.326672684688674e-15,0,200.00005230473425
b1326,,1,10,0.6947359182109596,0.6947359182109679,-8.326672684688674e-15,0,200.00005240073108
b4130,,2,10,0.6947359182109596,0.6947359182109655,-5.88418203051333e-15,0,200.0000524007384
b3496,,2,10,0.6947359182109596,0.6947359182109655,-5.88418203051333e-15,0,200.0000524007384
b0709,,2,10,0.6947359182109596,0.6947359182109655,-5.88418203051333e-15,0,200.0000524007384
b1634,,2,10,0.6947359182109596,0.6947359182109655,-5.88418203051333e-15,0,200.0000524007384
b2799,,1,6,0.6947359182109596,0.694735918210967,-7.438494264988549e-15,0,200.00005230472334
b2170,,1,6,0.6947359182109596,0.6947359182109701,-1.0547118733938987e-14,0,200.00005230473508
b0070,,1,6,0.6947359182109596,0.6947359182109701,-1.0547118733938987e-14,0,200.00005230473508
b0343,,1,6,0.6947359182109596,0.6947359182109506,8.992806499463768e-15,0,200.0000523047234
b1380,,1,6,0.6947359182109596,0.6947359182109677,-8.104628079763643e-15,0,200.00005230473755
b2133,,2,6,0.6947359182109596,0.6947359182109658,-6.217248937900877e-15,0,200.0000523047151
b4054,,3,444,0.6947359182109596,0.0,0.6947359182109596,1,6896.8805885955
b0642,,1,6,0.6947359182109596,0.6947359182109532,6.439293542825908e-15,0,200.00005230472996
b3458,,1,6,0.6947359182109596,0.6947359182109701,-1.0547118733938987e-14,0,200.00005230473508
b1651,,1,6,0.6947359182109596,0.6947359182109826,-2.298161660974074e-14,0,200.00005230475753
b0622,,2,6,0.6947359182109596,0.6947359182109701,-1.0547118733938987e-14,0,200.00005230473508
b4386,,3,6,0.6947359182109596,0.6947359182109659,-6.328271240363392e-15,0,200.00005230474056
b0630,,1,6,0.6947359182109596,0.6947359182109663,-6.661338147750939e-15,0,200.00005230472829
b0628,,1,6,0.6947359182109596,0.6947359182109687,-9.103828801926284e-15,0,200.0000523047358
b0182,,1,444,0.6947359182109596,0.0,0.6947359182109596,1,6896.880588595493
b0494,,21,6,0.6947359182109596,0.6947359182109566,2.9976021664879227e-15,0,200.00005230471635
b3825,,35,6,0.6947359182109596,0.6947359182109767,-1.709743457922741e-14,0,200.00005230472996
b0186,,1,6,0.6947359182109596,0.6947359182109671,-7.549516567451064e-15,0,200.00005230473064
b4131,,1,6,0.6947359182109596,0.6947359182109671,-7.549516567451064e-15,0,200.00005230473064
b2890,,1,6,0.6947359182109596,0.6947359182109434,1.6209256159527285e-14,0,200.0000523047151
b2156,,1,6,0.6947359182109596,0.6947359182109701,-1.0547118733938987e-14,0,200.00005230473508
b3903,,2,6,0.6947359182109596,0.6947359182109615,-1.887379141862766e-15,0,200.00005230472172
b3907,,2,6,0.6947359182109596,0.6947359182109604,-7.771561172376096e-16,0,200.00005230473727
b3600,,1,6,0.6947359182109596,0.6947359182110486,-8.903988657493755e-14,0,200.00005230476268
b0777,,1,444,0.6947359182109596,0.0,0.6947359182109596,1,6896.880588595467
b1800,,1,6,0.6947359182109596,0.6947359182110499,-9.026113190202523e-14,0,200.00005230472996
b4014,,1,141,0.6947359182109596,0.6947330352032947,2.8830076649333236e-06,0,200.0000570258452
b2976,,1,141,0.6947359182109596,0.6947330352032947,2.8830076649333236e-06,0,200.0000570258452
b2049,,1,6,0.6947359182109596,0.6947359182109554,4.218847493575595e-15,0,200.00005230472647
b1613,,1,6,0.6947359182109596,0.6947359182109932,-3.3639757646142243e-14,0,200.0000523047367
b4323,,1,6,0.6947359182109596,0.6947359182109683,-8.659739592076221e-15,0,200.00005230474454
b0731,,1,6,0.6947359182109596,0.6947359182109714,-1.176836406102666e-14,0,200.00005230472996
b0732,,1,6,0.6947359182109596,0.6947359182071445,3.8150593795194254e-12,0,200.00005230472996
b0334,,1,6,0.6947359182109596,0.6947359182109797,-2.0095036745715333e-14,0,200.00005230473886
b0331,,1,10,0.6947359182109596,0.6947359182109706,-1.099120794378905e-14,0,200.00005240073028
b0333,,1,6,0.6947359182109596,0.694735918210968,-8.43769498715119e-15,0,200.00005230473624
b1092,,1,444,0.6947359182109596,0.0,0.6947359182109596,1,6896.880588595529
b2521,,1,6,0.6947359182109596,0.6947359182115789,-6.192824031359123e-13,0,200.00005230472996
b0149,,5,444,0.6947359182109596,0.0,0.6947359182109596,1,6896.880588595533
b0635,,2,444,0.6947359182109596,0.0,0.6947359182109596,1,6896.8805885955435
b3396,,5,444,0.6947359182109596,0.0,0.6947359182109596,1,6896.880588595429
b0084,,2,444,0.6947359182109596,0.0,0.6947359182109596,1,6896.880588595559
b0839,,5,2,0.6947359182109596,0.6947359182109722,-1.2656542480726785e-14,0,200.00000000000705
b2010,,5,6,0.6947359182109596,0.6947359182109716,-1.199040866595169e-14,0,200.0000523047454
b3182,,9,6,0.6947359182109596,0.6947359182109735,-1.3877787807814457e-14,0,200.00005230473175
b0632,,5,6,0.6947359182109596,0.6947359182109716,-1.199040866595169e-14,0,200.0000523047454
b2134,,4,6,0.6947359182109596,0.6947359182109774,-1.7763568394002505e-14,0,200.00005230472806
b2328,,4,6,0.6947359182109596,0.6947359182109774,-1.7763568394002505e-14,0,200.00005230472806
b3236,,1,421,0.6947359182109596,0.6631936907384695,0.031542227472490136,0,269.31142254497996
b2210,,2,10,0.6947359182109596,0.6947359182109614,-1.7763568394002505e-15,0,200.00005240073594
b1479,,1,6,0.6947359182109596,0.6947359182109701,-1.0547118733938987e-14,0,200.00005230473508
b2463,,1,6,0.6947359182109596,0.6947359182109575,2.1094237467877974e-15,0,200.00005230472996
b2515,,1,444,0.6947359182109596,0.0,0.6947359182109596,1,6896.880588595499
b2746,,1,444,0.6947359182109596,0.0,0.6947359182109596,1,6896.880588595495
b4120,,1,6,0.6947359182109596,0.694735918211009,-4.9404924595819466e-14,0,200.00005230472996
b2747,,1,444,0.6947359182109596,0.0,0.6947359182109596,1,6896.880588595501
b2942,,1,444,0.6947359182109596,0.0,0.6947359182109596,1,6896.880588595509
b0199,,2,6,0.6947359182109596,0.6947359182109585,1.1102230246251565e-15,0,200.00005230472996
b0197,,2,6,0.6947359182109596,0.6947359182109607,-1.1102230246251565e-15,0,200.00005230473224
b0198,,2,6,0.6947359182109596,0.6947359182109607,-1.1102230246251565e-15,0,200.00005230473224
b4019,,1,444,0.6947359182109596,0.0,0.6947359182109596,1,6896.880588595509
b3829,,1,444,0.6947359182109596,0.0,0.6947359182109596,1,6896.880588595482
b4219,,1,6,0.6947359182109596,0.6947359182109583,1.3322676295501878e-15,0,200.00005230472996
b1778,,1,6,0.6947359182109596,0.6947359182109608,-1.2212453270876722e-15,0,200.00005230473369
b2114,,1,6,0.6947359182109596,0.6947359182109544,5.218048215738236e-15,0,200.00005230471538
b4242,,2,6,0.6947359182109596,0.6947359182109701,-1.0547118733938987e-14,0,200.00005230473508
b0963,,1,6,0.6947359182109596,0.6947359182109827,-2.3092638912203256e-14,0,200.0000523047474
b0403,,5,6,0.6947359182109596,0.6947359182109559,3.6637359812630166e-15,0,200.00005230472996
b4392,,4,6,0.6947359182109596,0.6947359182109657,-6.106226635438361e-15,0,200.00005230472996
b2963,,4,6,0.6947359182109596,0.6947359182109657,-6.106226635438361e-15,0,200.00005230472996
b2558,,4,6,0.6947359182109596,0.6947359182109657,-6.106226635438361e-15,0,200.00005230472996
b2813,,4,6,0.6947359182109596,0.6947359182109657,-6.106226635438361e-15,0,200.00005230472996
b2701,,4,6,0.6947359182109596,0.6947359182109657,-6.106226635438361e-15,0,200.00005230472996
b1193,,4,6,0.6947359182109596,0.6947359182109657,-6.106226635438361e-15,0,200.00005230472996
b2919,,1,6,0.6947359182109596,0.6947359182109701,-1.0547118733938987e-14,0,200.00005230473508
b0260,,1,6,0.6947359182109596,0.6947359182109523,7.327471962526033e-15,0,200.00005230472996
b2917,,1,6,0.6947359182109596,0.6947359182109655,-5.88418203051333e-15,0,200.00005230472203
b3599,,1,6,0.6947359182109596,0.6947359182109692,-9.658940314238862e-15,0,200.00005230473917
b4322,,1,6,0.6947359182109596,0.6947359182109646,-4.9960036108132044e-15,0,200.00005230471453
b0784,,2,444,0.6947359182109596,0.0,0.6947359182109596,1,6896.880588595529
b3633,,2,444,0.6947359182109596,0.0,0.6947359182109596,1,6896.880588595499
b3624,,1,2,0.6947359182109596,0.6947359182109656,-5.995204332975845e-15,0,200.0
b3917,,3,444,0.6947359182109596,0.0,0.6947359182109596,1,6896.880588595498
b0763,,3,444,0.6947359182109596,0.0,0.6947359182109596,1,6896.880588595488
b2423,,5,444,0.6947359182109596,0.0,0.6947359182109596,1,6896.8805885954525
b0765,,3,444,0.6947359182109596,0.0,0.6947359182109596,1,6896.880588595515
b2425,,5,444,0.6947359182109596,0.0,0.6947359182109596,1,6896.880588595586
b2422,,5,444,0.6947359182109596,0.0,0.6947359182109596,1,6896.880588595489
b0764,,3,444,0.6947359182109596,0.0,0.6947359182109596,1,6896.880588595502
b2424,,5,444,0.6947359182109596,0.0,0.6947359182109596,1,6896.880588595483
b2877,,1,2,0.6947359182109596,0.6947359182109508,8.770761894538737e-15,0,200.0
b0134,,1,444,0.6947359182109596,0.0,0.6947359182109596,1,6896.880588595504
b0009,,1,444,0.6947359182109596,0.0,0.6947359182109596,1,6896.880588595274
b2519,,2,444,0.6947359182109596,0.0,0.6947359182109596,1,6896.880588595532
b1069,,2,444,0.6947359182109596,0.0,0.6947359182109596,1,6896.880588595539
b0785,,1,444,0.6947359182109596,0.0,0.6947359182109596,1,6896.880588595491
b0826,,1,444,0.6947359182109596,0.0,0.6947359182109596,1,6896.88058859554
b1008,,1,6,0.6947359182109596,0.6947359182114591,-4.994893387788579e-13,0,200.00005230496436
b0529,,2,421,0.6947359182109596,0.6753027786500708,0.019433139560888768,0,212.7555974116228
b3941,,1,444,0.6947359182109596,0.0,0.6947359182109596,1,6896.880588595536
b1059,,2,6,0.6947359182109596,0.694735918210962,-2.4424906541753444e-15,0,200.00005230472996
b3996,,1,6,0.6947359182109596,0.6947359182211558,-1.0196177235854975e-11,0,200.00005230929952
b2411,,1,6,0.6947359182109596,0.6947359182211558,-1.0196177235854975e-11,0,200.00005230929952
b1109,,3,6,0.6947359182109596,0.6947359182109701,-1.0547118733938987e-14,0,200.00005230473508
b2284,,3,428,0.6947359182109596,0.4523037572858888,0.2424321609250708,0,3815.4060257503315
b2288,,3,428,0.6947359182109596,0.4523037572858888,0.2424321609250708,0,3815.4060257503315
b2280,,3,428,0.6947359182109596,0.4523037572858888,0.2424321609250708,0,3815.4060257503315
b2282,,3,428,0.6947359182109596,0.4523037572858888,0.2424321609250708,0,3815.4060257503315
b2277,,3,428,0.6947359182109596,0.4523037572858888,0.2424321609250708,0,3815.4060257503315
b2287,,3,428,0.6947359182109596,0.4523037572858888,0.2424321609250708,0,3815.4060257503315
b2276,,3,428,0.6947359182109596,0.4523037572858888,0.2424321609250708,0,3815.4060257503315
b2278,,3,428,0.6947359182109596,0.4523037572858888,0.2424321609250708,0,3815.4060257503315
b2286,,3,428,0.6947359182109596,0.4523037572858888,0.2424321609250708,0,3815.4060257503315
b2283,,3,428,0.6947359182109596,0.4523037572858888,0.2424321609250708,0,3815.4060257503315
b2279,,3,428,0.6947359182109596,0.4523037572858888,0.2424321609250708,0,3815.4060257503315
b2285,,3,428,0.6947359182109596,0.4523037572858888,0.2424321609250708,0,3815.4060257503315
b2281,,3,428,0.6947359182109596,0.4523037572858888,0.2424321609250708,0,3815.4060257503315
b2615,,1,444,0.6947359182109596,0.0,0.6947359182109596,1,6896.8805885955335
b3028,,3,2,0.6947359182109596,0.6947359182109498,9.769962616701378e-15,0,200.0
b1740,,1,444,0.6947359182109596,0.0,0.6947359182109596,1,6896.880588595509
b1602,,2,10,0.6947359182109596,0.6947359182109489,1.0658141036401503e-14,0,200.00005240073838
b1603,,2,10,0.6947359182109596,0.6947359182109665,-6.8833827526759706e-15,0,200.0000524007416
b3962,,1,10,0.6947359182109596,0.6947359182109665,-6.8833827526759706e-15,0,200.0000524007416
b0931,,1,6,0.6947359182109596,0.6947359182109627,-3.1086244689504383e-15,0,200.00005230472658
b1186,,1,6,0.6947359182109596,0.6947359182109701,-1.0547118733938987e-14,0,200.00005230473508
b0019,,1,6,0.6947359182109596,0.6947359182109701,-1.0547118733938987e-14,0,200.00005230473508
b2518,,8,444,0.6947359182109596,0.0,0.6947359182109596,1,6896.8805885955
b0451,,1,444,0.6947359182109596,0.0,0.6947359182109596,1,6896.880588595507
b2711,,1,6,0.6947359182109596,0.6947359182109635,-3.885780586188048e-15,0,200.00005230472996
b2710,,1,6,0.6947359182109596,0.6947359182109701,-1.0547118733938987e-14,0,200.00005230473508
b3477,,1,6,0.6947359182109596,0.6947359182109701,-1.0547118733938987e-14,0,200.00005230473508
b3476,,1,6,0.6947359182109596,0.6947359182109701,-1.0547118733938987e-14,0,200.00005230473508
b3479,,1,6,0.6947359182109596,0.6947359182109701,-1.0547118733938987e-14,0,200.00005230473508
b3480,,1,6,0.6947359182109596,0.6947359182109701,-1.0547118733938987e-14,0,200.00005230473508
b3478,,1,6,0.6947359182109596,0.6947359182109701,-1.0547118733938987e-14,0,200.00005230473508
b4390,,1,6,0.6947359182109596,0.6947359182109677,-8.104628079763643e-15,0,200.00005230473755
b0639,,2,444,0.6947359182109596,0.0,0.6947359182109596,1,6896.880588595516
b0751,,1,2,0.6947359182109596,0.6947359182109625,-2.886579864025407e-15,0,200.0
b1768,,1,6,0.6947359182109596,0.6947359182110544,-9.481304630298837e-14,0,200.00005230472996
b1991,,1,6,0.6947359182109596,0.6947359182109621,-2.55351295663786e-15,0,200.0000523047285
b0109,,1,444,0.6947359182109596,0.0,0.6947359182109596,1,6896.880588595519
b3367,,1,6,0.6947359182109596,0.6947359182109503,9.325873406851315e-15,0,200.00005230472996
b1223,,2,10,0.6947359182109596,0.6947359182109532,6.439293542825908e-15,0,200.00005240073298
b2206,,2,6,0.6947359182109596,0.6947359182109701,-1.0547118733938987e-14,0,200.00005230473508
b2204,,1,6,0.6947359182109596,0.6947359182109701,-1.0547118733938987e-14,0,200.00005230473508
b2203,,2,6,0.6947359182109596,0.6947359182109701,-1.0547118733938987e-14,0,200.00005230473508
b2205,,1,6,0.6947359182109596,0.6947359182109701,-1.0547118733938987e-14,0,200.00005230473508
b2202,,2,6,0.6947359182109596,0.6947359182109701,-1.0547118733938987e-14,0,200.00005230473508
b1468,,2,6,0.6947359182109596,0.6947359182110031,-4.3520742565306136e-14,0,200.0000523047512
b1226,,2,6,0.6947359182109596,0.6947359182110031,-4.3520742565306136e-14,0,200.0000523047512
b1227,,2,6,0.6947359182109596,0.6947359182110031,-4.3520742565306136e-14,0,200.0000523047512
b1225,,2,6,0.6947359182109596,0.6947359182110031,-4.3520742565306136e-14,0,200.0000523047512
b1465,,2,6,0.6947359182109596,0.6947359182110031,-4.3520742565306136e-14,0,200.0000523047512
b1224,,2,6,0.6947359182109596,0.6947359182110031,-4.3520742565306136e-14,0,200.0000523047512
b1466,,2,6,0.6947359182109596,0.6947359182110031,-4.3520742565306136e-14,0,200.0000523047512
b1467,,2,6,0.6947359182109596,0.6947359182110031,-4.3520742565306136e-14,0,200.0000523047512
b1469,,1,6,0.6947359182109596,0.6947359182110031,-4.3520742565306136e-14,0,200.0000523047512
b2552,,2,6,0.6947359182109596,0.6947359182109701,-1.0547118733938987e-14,0,200.00005230473508
b4374,,3,10,0.6947359182109596,0.6947359182109697,-1.0103029524088925e-14,0,200.0000524007363
b2291,,6,6,0.6947359182109596,0.694735918210997,-3.7414515929867775e-14,0,200.00005230474835
b2744,,14,10,0.6947359182109596,0.6947359182109749,-1.532107773982716e-14,0,200.00005240073838
b0480,,17,10,0.6947359182109596,0.6947359182109647,-5.10702591327572e-15,0,200.00005240073
b4161,,4,6,0.6947359182109596,0.6947359182109701,-1.0547118733938987e-14,0,200.00005230473508
b0650,,1,6,0.6947359182109596,0.6947359182109701,-1.0547118733938987e-14,0,200.00005230473508
b4394,,3,6,0.6947359182109596,0.6947359182109567,2.886579864025407e-15,0,200.0000523047315
b0980,,2,6,0.6947359182109596,0.6947359182109668,-7.216449660063518e-15,0,200.0000523047345
b2781,,8,6,0.6947359182109596,0.6947359182109701,-1.0547118733938987e-14,0,200.00005230473508
b2954,,3,6,0.6947359182109596,0.6947359182109828,-2.3203661214665772e-14,0,200.00005230473755
b1759,,2,6,0.6947359182109596,0.6947359182109701,-1.0547118733938987e-14,0,200.00005230473508
b0160,,2,6,0.6947359182109596,0.6947359182110177,-5.806466418789569e-14,0,200.00005230476503
b3365,,1,6,0.6947359182109596,0.6947359182109701,-1.0547118733938987e-14,0,200.00005230473508
b3366,,1,6,0.6947359182109596,0.6947359182109701,-1.0547118733938987e-14,0,200.00005230473508
b4073,,2,6,0.6947359182109596,0.6947359182109676,-7.993605777301127e-15,0,200.0000523047294
b4071,,2,6,0.6947359182109596,0.6947359182109676,-7.993605777301127e-15,0,200.0000523047294
b4070,,2,6,0.6947359182109596,0.6947359182109676,-7.993605777301127e-15,0,200.0000523047294
b4072,,2,6,0.6947359182109596,0.6947359182109676,-7.993605777301127e-15,0,200.0000523047294
b2035,,3,6,0.6947359182109596,0.6947359182109514,8.215650382226158e-15,0,200.00005230472996
b2027,,3,6,0.6947359182109596,0.6947359182109514,8.215650382226158e-15,0,200.00005230472996
b2033,,1,6,0.6947359182109596,0.6947359182109668,-7.216449660063518e-15,0,200.00005230474096
b2037,,1,6,0.6947359182109596,0.6947359182108255,1.341149413747189e-13,0,200.00005230466581
b2034,,1,6,0.6947359182109596,0.6947359182110129,-5.3290705182007514e-14,0,200.00005230474312
b2032,,1,6,0.6947359182109596,0.6947359182109712,-1.1657341758564144e-14,0,200.00005230473124
b3114,,2,10,0.6947359182109596,0.6947359182109568,2.7755575615628914e-15,0,200.00005240072198
b0903,,2,10,0.6947359182109596,0.6947359182109568,2.7755575615628914e-15,0,200.00005240072198
b0902,,2,10,0.6947359182109596,0.6947359182109568,2.7755575615628914e-15,0,200.00005240072198
b2579,,2,10,0.6947359182109596,0.6947359182109568,2.7755575615628914e-15,0,200.00005240072198
b0273,,1,444,0.6947359182109596,0.0,0.6947359182109596,1,6896.880588595502
b4254,,1,444,0.6947359182109596,0.0,0.6947359182109596,1,6896.880588595498
b3187,,1,444,0.6947359182109596,0.0,0.6947359182109596,1,6896.880588595512
b0907,,2,444,0.6947359182109596,0.0,0.6947359182109596,1,6896.880588595478
b0662,,1,6,0.6947359182109596,0.6947359182109583,1.3322676295501878e-15,0,200.00005230472996
b1281,,1,444,0.6947359182109596,0.0,0.6947359182109596,1,6896.880588595506
b2907,,1,6,0.6947359182109596,0.6947359182109821,-2.2537527399890678e-14,0,200.00005230472996
b0350,,1,6,0.6947359182109596,0.6947359182106996,2.6001423236721166e-13,0,200.00005230472996
b3843,,1,444,0.6947359182109596,0.0,0.6947359182109596,1,6896.880588595508
b2311,,1,444,0.6947359182109596,0.0,0.6947359182109596,1,6896.880588595522
b3835,,1,51,0.6947359182109596,0.6947355338085954,3.8440236416192874e-07,0,200.00005247729936
b2965,,1,10,0.6947359182109596,0.6947359182109711,-1.1546319456101628e-14,0,200.00005240073838
b0693,,1,10,0.6947359182109596,0.6947359182109711,-1.1546319456101628e-14,0,200.00005240073838
b3642,,1,444,0.6947359182109596,0.0,0.6947359182109596,1,6896.880588595523
b2373,,1,6,0.6947359182109596,0.6947359182110036,-4.39648317751562e-14,0,200.00005230474807
b1387,,1,6,0.6947359182109596,0.6947359182109619,-2.3314683517128287e-15,0,200.00005230472996
b1394,,2,6,0.6947359182109596,0.6947359182109429,1.6653345369377348e-14,0,200.00005230472996
b1014,,2,6,0.6947359182109596,0.6947359181870467,2.3912871682796322e-11,0,200.0000522940142
b0386,,1,444,0.6947359182109596,0.0,0.6947359182109596,1,6896.880588595484
b1391,,1,6,0.6947359182109596,0.6947359182109545,5.10702591327572e-15,0,200.00005230472823
b1390,,1,10,0.6947359182109596,0.6947359182109707,-1.1102230246251565e-14,0,200.00005240073838
b1392,,1,10,0.6947359182109596,0.6947359182109707,-1.1102230246251565e-14,0,200.00005240073838
b1388,,1,10,0.6947359182109596,0.6947359182109707,-1.1102230246251565e-14,0,200.00005240073838
b1389,,1,10,0.6947359182109596,0.6947359182109707,-1.1102230246251565e-14,0,200.00005240073838
b1398,,1,6,0.6947359182109596,0.6947359182215583,-1.0598744104584057e-11,0,200.00005230472996
b0133,,1,444,0.6947359182109596,0.0,0.6947359182109596,1,6896.880588595549
b1278,,30,444,0.6947359182109596,0.0,0.6947359182109596,1,6896.880588595521
b0087,,1,444,0.6947359182109596,0.0,0.6947359182109596,1,6896.880588595536
b2762,,2,444,0.6947359182109596,0.0,0.6947359182109596,1,6896.880588595509
b1489,,2,6,0.6947359182109596,0.6947359182109525,7.105427357601002e-15,0,200.00005230472996
b0114,,1,426,0.6947359182109596,0.6467928285478991,0.04794308966306049,0,1735.8625800969576
b0115,,1,426,0.6947359182109596,0.6467928285478991,0.04794308966306049,0,1735.8625800969576
b1638,,2,6,0.6947359182109596,0.6947359182109853,-2.5757174171303632e-14,0,200.00005230473238
b2564,,1,444,0.6947359182109596,0.0,0.6947359182109596,1,6896.880588595542
b0052,,1,444,0.6947359182109596,0.0,0.6947359182109596,1,6896.880588595514
b0766,,2,2,0.6947359182109596,0.6947359182109575,2.1094237467877974e-15,0,200.0
b2320,,1,444,0.6947359182109596,0.0,0.6947359182109596,1,6896.880588595466
b3546,,2,2,0.6947359182109596,0.6947359182109688,-9.2148511043888e-15,0,200.0
b1723,,1,11,0.6947359182109596,0.6947359182109671,-7.549516567451064e-15,0,289.848569232985
b3916,,3,422,0.6947359182109596,0.6828039170714901,0.011932001139469461,0,369.98183732057475
b3952,,1,6,0.6947359182109596,0.6947359182109692,-9.658940314238862e-15,0,200.0000523047218
b3951,,1,6,0.6947359182109596,0.6947359182109692,-9.658940314238862e-15,0,200.0000523047218
b3176,,1,444,0.6947359182109596,0.0,0.6947359182109596,1,6896.880588595485
b2913,,1,419,0.6947359182109596,0.6591010706693161,0.03563484754164348,0,241.8375661170662
b4025,,1,423,0.6947359182109596,0.6756502978717505,0.01908562033920913,0,585.9205777321528
b2926,,1,437,0.6947359182109596,0.3829484862806557,0.3117874319303039,0,3371.755690760842
b0767,,1,421,0.6947359182109596,0.6850600805999424,0.009675837611017202,0,261.1331860983516
b3385,,1,6,0.6947359182109596,0.6947359182109639,-4.3298697960381105e-15,0,200.00005230473215
b3612,,1,434,0.6947359182109596,0.49259153328134336,0.20214438492961623,0,2289.1266913356544
b0755,,1,434,0.6947359182109596,0.49259153328134336,0.20214438492961623,0,2289.1266913356544
b4395,,1,434,0.6947359182109596,0.49259153328134336,0.20214438492961623,0,2289.1266913356544
b0688,,1,6,0.6947359182109596,0.6947359182109751,-1.554312234475219e-14,0,200.00005230472996
b2690,,1,6,0.6947359182109596,0.6947359182109751,-1.554312234475219e-14,0,200.00005230472996
b0418,,14,10,0.6947359182109596,0.6947359182109625,-2.886579864025407e-15,0,200.0000524007262
b1912,,7,6,0.6947359182109596,0.6947359182109659,-6.328271240363392e-15,0,200.00005230472996
b2199,,1,6,0.6947359182109596,0.6947359182109701,-1.0547118733938987e-14,0,200.00005230473508
b2200,,1,6,0.6947359182109596,0.6947359182109701,-1.0547118733938987e-14,0,200.00005230473508
b2197,,1,6,0.6947359182109596,0.6947359182109701,-1.0547118733938987e-14,0,200.00005230473508
b2198,,1,6,0.6947359182109596,0.6947359182109701,-1.0547118733938987e-14,0,200.00005230473508
b2201,,1,6,0.6947359182109596,0.6947359182109701,-1.0547118733938987e-14,0,200.00005230473508
b1713,,1,6,0.6947359182109596,0.6947359182109689,-9.325873406851315e-15,0,200.0000523047313
b1714,,1,6,0.6947359182109596,0.6947359182109689,-9.325873406851315e-15,0,200.0000523047313
b1473,,3,6,0.6947359182109596,0.6947359182109629,-3.3306690738754696e-15,0,200.00005230473394
b0576,,2,6,0.6947359182109596,0.6947359182109621,-2.55351295663786e-15,0,200.00005230472476
b3493,,1,410,0.6947359182109596,0.689783050715924,0.00495286749503554,0,201.09244242816376
b2987,,1,410,0.6947359182109596,0.689783050715924,0.00495286749503554,0,201.09244242816376
b3725,,1,6,0.6947359182109596,0.6947359182109701,-1.0547118733938987e-14,0,200.00005230473508
b3726,,1,6,0.6947359182109596,0.6947359182109701,-1.0547118733938987e-14,0,200.00005230473508
b3727,,1,6,0.6947359182109596,0.6947359182109701,-1.0547118733938987e-14,0,200.00005230473508
b3728,,1,6,0.6947359182109596,0.6947359182109701,-1.0547118733938987e-14,0,200.00005230473508
b3821,,42,6,0.6947359182109596,0.694735918210976,-1.6431300764452317e-14,0,200.00005230472996
b2048,,1,10,0.6947359182109596,0.6947359182109714,-1.176836406102666e-14,0,200.0000524007567
b3412,,1,444,0.6947359182109596,0.0,0.6947359182109596,1,6896.880588595493
b3974,,1,444,0.6947359182109596,0.0,0.6947359182109596,1,6896.880588595493
b3258,,1,6,0.6947359182109596,0.6947359182109625,-2.886579864025407e-15,0,200.00005230472996
b1010,,1,6,0.6947359182109596,0.6947359182109641,-4.551914400963142e-15,0,200.00005230473062
b1378,,1,292,0.6947359182109596,0.6945484992337084,0.00018741897725116363,0,200.03029919123176
b0871,,1,6,0.6947359182109596,0.6947359182109701,-1.0547118733938987e-14,0,200.00005230473508
b4226,,1,6,0.6947359182109596,0.6947359182109701,-1.0547118733938987e-14,0,200.00005230473508
b2502,,2,6,0.6947359182109596,0.6947359182109701,-1.0547118733938987e-14,0,200.00005230473508
b1015,,2,6,0.6947359182109596,0.6947359182109631,-3.552713678800501e-15,0,200.00005230473653
b0369,,1,444,0.6947359182109596,0.0,0.6947359182109596,1,6896.880588595514
b3956,,1,410,0.6947359182109596,0.6896718247608271,0.005064093450132479,0,263.80249193694607
b3639,,2,444,0.6947359182109596,0.0,0.6947359182109596,1,6896.880588595508
b3403,,1,2,0.6947359182109596,0.6947359182109466,1.2989609388114332e-14,0,200.0
b2920,,1,6,0.6947359182109596,0.6947359182109684,-8.770761894538737e-15,0,200.00005230473073
b2501,,2,418,0.6947359182109596,0.6713900700511568,0.023345848159802784,0,215.03894935562806
b4383,,2,13,0.6947359182109596,0.6947359182109584,1.2212453270876722e-15,0,200.00005383499862
b3380,,1,13,0.6947359182109596,0.6947359182109615,-1.887379141862766e-15,0,200.00005383499504
b3850,,2,444,0.6947359182109596,0.0,0.6947359182109596,1,6896.880588595544
b2536,,1,2,0.6947359182109596,0.6947359182109591,4.440892098500626e-16,0,200.0
b1702,,1,6,0.6947359182109596,0.6947359182109701,-1.0547118733938987e-14,0,200.00005230473508
b0383,,1,6,0.6947359182109596,0.6947359182109689,-9.325873406851315e-15,0,200.00005230472854
b4005,,1,444,0.6947359182109596,0.0,0.6947359182109596,1,6896.880588595484
b2499,,1,444,0.6947359182109596,0.0,0.6947359182109596,1,6896.880588595497
b2026,,2,444,0.6947359182109596,0.0,0.6947359182109596,1,6896.880588595487
b2476,,1,444,0.6947359182109596,0.0,0.6947359182109596,1,6896.880588595477
b2557,,1,444,0.6947359182109596,0.0,0.6947359182109596,1,6896.880588595475
b2024,,1,444,0.6947359182109596,0.0,0.6947359182109596,1,6896.880588595501
b0194,,1,6,0.6947359182109596,0.6947359182109555,4.107825191113079e-15,0,200.00005230472996
b1207,,1,11,0.6947359182109596,0.6947359182109677,-8.104628079763643e-15,0,202.10030836899404
b0908,,1,444,0.6947359182109596,0.0,0.6947359182109596,1,6896.880588595527
b4160,,7,444,0.6947359182109596,0.0,0.6947359182109596,1,6896.880588595534
b4388,,1,421,0.6947359182109596,0.6591010706693347,0.03563484754162494,0,241.83761573895632
b2585,,7,444,0.6947359182109596,0.0,0.6947359182109596,1,6896.880588595475
b2297,,2,429,0.6947359182109596,0.6510125079087362,0.043723410302223376,0,343.429095909328
b2458,,1,431,0.6947359182109596,0.6510125079273152,0.04372341028364435,0,343.4291447905275
b3634,,1,444,0.6947359182109596,0.0,0.6947359182109596,1,6896.88058859549
b0692,,2,6,0.6947359182109596,0.6947359182109774,-1.7763568394002505e-14,0,200.00005230472996
b3073,,1,6,0.6947359182109596,0.694735918214949,-3.989364394385575e-12,0,200.00005230650652
b0854,,1,6,0.6947359182109596,0.6947359182109701,-1.0547118733938987e-14,0,200.00005230473508
b1123,,2,6,0.6947359182109596,0.6947359182109701,-1.0547118733938987e-14,0,200.00005230473508
b0856,,1,6,0.6947359182109596,0.6947359182109701,-1.0547118733938987e-14,0,200.00005230473508
b1442,,2,6,0.6947359182109596,0.6947359182109701,-1.0547118733938987e-14,0,200.00005230473508
b0857,,1,6,0.6947359182109596,0.6947359182109701,-1.0547118733938987e-14,0,200.00005230473508
b0855,,1,6,0.6947359182109596,0.6947359182109701,-1.0547118733938987e-14,0,200.00005230473508
b1124,,2,6,0.6947359182109596,0.6947359182109701,-1.0547118733938987e-14,0,200.00005230473508
b1443,,2,6,0.6947359182109596,0.6947359182109701,-1.0547118733938987e-14,0,200.00005230473508
b1440,,2,6,0.6947359182109596,0.6947359182109701,-1.0547118733938987e-14,0,200.00005230473508
b1126,,2,6,0.6947359182109596,0.6947359182109701,-1.0547118733938987e-14,0,200.00005230473508
b1125,,2,6,0.6947359182109596,0.6947359182109701,-1.0547118733938987e-14,0,200.00005230473508
b1441,,2,6,0.6947359182109596,0.6947359182109701,-1.0547118733938987e-14,0,200.00005230473508
b1296,,1,10,0.6947359182109596,0.6947359182109628,-3.219646771412954e-15,0,200.00005240073455
b2407,,5,10,0.6947359182109596,0.6947359182109718,-1.2212453270876722e-14,0,200.00005240074177
b1636,,1,6,0.6947359182109596,0.6947359182109756,-1.5987211554602254e-14,0,200.00005230471862
b3826,,1,6,0.6947359182109596,0.6947359182109615,-1.887379141862766e-15,0,200.00005230472556
b1854,,1,10,0.6947359182109596,0.6947359182109525,7.105427357601002e-15,0,200.00005240073838
b1676,,1,10,0.6947359182109596,0.6947359182109525,7.105427357601002e-15,0,200.00005240073838
b3831,,1,6,0.6947359182109596,0.6947359182109645,-4.884981308350689e-15,0,200.00005230473357
b1007,,1,6,0.6947359182109596,0.6947359182109701,-1.0547118733938987e-14,0,200.00005230473508
b1012,,1,6,0.6947359182109596,0.6947359182109701,-1.0547118733938987e-14,0,200.00005230473508
b3029,,2,6,0.6947359182109596,0.6947359182109597,-1.1102230246251565e-16,0,200.00005230472655
b1692,,2,444,0.6947359182109596,0.0,0.6947359182109596,1,6896.880588595514
b0750,,1,444,0.6947359182109596,0.0,0.6947359182109596,1,6896.880588595498
b4094,,1,6,0.6947359182109596,0.6947359182109737,-1.4099832412739488e-14,0,200.00005230472996
b1662,,1,444,0.6947359182109596,0.0,0.6947359182109596,1,6896.880588595503
b0415,,1,444,0.6947359182109596,0.0,0.6947359182109596,1,6896.88058859547
b3752,,1,6,0.6947359182109596,0.6947359182109482,1.1435297153639112e-14,0,200.00005230472996
b0063,,3,6,0.6947359182109596,0.6947359182109613,-1.6653345369377348e-15,0,200.00005230472655
b4198,,1,6,0.6947359182109596,0.6947359182109604,-7.771561172376096e-16,0,200.00005230473178
b3583,,1,6,0.6947359182109596,0.6947359182109604,-7.771561172376096e-16,0,200.00005230473178
b0061,,1,6,0.6947359182109596,0.6947359182109604,-7.771561172376096e-16,0,200.00005230473178
b3629,,1,6,0.6947359182109596,0.6947359182109433,1.63202784619898e-14,0,200.00005230472996
b2687,,1,444,0.6947359182109596,0.0,0.6947359182109596,1,6896.880588595527
b3748,,1,6,0.6947359182109596,0.6947359182109651,-5.551115123125783e-15,0,200.00005230472996
b3749,,1,6,0.6947359182109596,0.6947359182110987,-1.3911094498553211e-13,0,200.00005230472996
b3751,,1,6,0.6947359182109596,0.6947359182110987,-1.3911094498553211e-13,0,200.00005230472996
b3750,,1,6,0.6947359182109596,0.6947359182110987,-1.3911094498553211e-13,0,200.00005230472996
b3904,,1,6,0.6947359182109596,0.6947359182109234,3.6193270602780103e-14,0,200.00005230471396
b3902,,1,6,0.6947359182109596,0.6947359182109687,-9.103828801926284e-15,0,200.00005230473747
b2234,,4,6,0.6947359182109596,0.6947359182109625,-2.886579864025407e-15,0,200.00005230473366
b2235,,4,6,0.6947359182109596,0.6947359182109625,-2.886579864025407e-15,0,200.00005230473366
b2676,,4,6,0.6947359182109596,0.6947359182109646,-4.9960036108132044e-15,0,200.00005230471018
b2675,,4,6,0.6947359182109596,0.6947359182109646,-4.9960036108132044e-15,0,200.00005230471018
b4238,,4,299,0.6947359182109596,0.6945526151574167,0.00018330305354286036,0,200.03411769296616
b4237,,4,299,0.6947359182109596,0.6945526151574167,0.00018330305354286036,0,200.03411769296616
b3386,,1,414,0.6947359182109596,0.6883273300793565,0.006408588131603055,0,227.13629928455097
b4301,,1,414,0.6947359182109596,0.6883273300793565,0.006408588131603055,0,227.13629928455097
b2914,,1,427,0.6947359182109596,0.28348083640988375,0.41125508180107584,0,1342.2836436666698
b0638,,1,6,0.6947359182109596,0.6947359182109502,9.43689570931383e-15,0,200.00005230472397
b1683,,6,6,0.6947359182109596,0.6947359182109649,-5.329070518200751e-15,0,200.00005230472837
b1679,,4,6,0.6947359182109596,0.6947359182109736,-1.3988810110276972e-14,0,200.0000523047338
b1680,,4,6,0.6947359182109596,0.6947359182109736,-1.3988810110276972e-14,0,200.0000523047338
b1682,,6,6,0.6947359182109596,0.6947359182109649,-5.329070518200751e-15,0,200.00005230472837
b1681,,6,6,0.6947359182109596,0.6947359182109649,-5.329070518200751e-15,0,200.00005230472837
b1684,,2,6,0.6947359182109596,0.6947359182109487,1.0880185641326534e-14,0,200.00005230474244
b0222,,1,10,0.6947359182109596,0.694735918210958,1.5543122344752192e-15,0,200.00005240073838
b1745,,1,10,0.6947359182109596,0.6947359182109927,-3.3084646133829665e-14,0,200.00005240073864
b2751,,1,444,0.6947359182109596,0.0,0.6947359182109596,1,6896.880588595519
b2752,,1,444,0.6947359182109596,0.0,0.6947359182109596,1,6896.880588595467
b2705,,1,2,0.6947359182109596,0.6947359182109532,6.439293542825908e-15,0,200.0
b2703,,1,6,0.6947359182109596,0.6947359182109989,-3.930189507173054e-14,0,200.00005230474486
b2704,,1,6,0.6947359182109596,0.6947359182109989,-3.930189507173054e-14,0,200.00005230474486
b2702,,1,6,0.6947359182109596,0.6947359182109989,-3.930189507173054e-14,0,200.00005230474486
b2472,,1,444,0.6947359182109596,0.0,0.6947359182109596,1,6896.880588595517
b3591,,1,2,0.6947359182109596,0.6947359182109737,-1.4099832412739488e-14,0,200.00000000001626
b1764,,1,6,0.6947359182109596,0.6947359182109717,-1.2101430968414206e-14,0,200.00005230472837
b2264,,1,6,0.6947359182109596,0.6947359182109615,-1.887379141862766e-15,0,200.00005230472664
b0586,,1,6,0.6947359182109596,0.6947359182109966,-3.697042672001771e-14,0,200.00005230474756
b3607,,1,444,0.6947359182109596,0.0,0.6947359182109596,1,6896.880588595501
b2366,,1,6,0.6947359182109596,0.6947359182109533,6.328271240363392e-15,0,200.00005230472996
b2797,,1,6,0.6947359182109596,0.6947359182107586,2.0095036745715333e-13,0,200.00005230472996
b4471,,1,6,0.6947359182109596,0.6947359182107586,2.0095036745715333e-13,0,200.00005230472996
b1814,,1,6,0.6947359182109596,0.6947359182107586,2.0095036745715333e-13,0,200.00005230472996
b0893,,2,6,0.6947359182109596,0.6947359182109484,1.1213252548714081e-14,0,200.00005230472118
b2796,,1,10,0.6947359182109596,0.6947359182159897,-5.030087457669197e-12,0,200.00005240299333
b3116,,2,6,0.6947359182109596,0.6947359182107941,1.6553425297161084e-13,0,200.00005230465717
b3089,,2,6,0.6947359182109596,0.6947359182109659,-6.328271240363392e-15,0,200.0000523047151
b2154,,1,6,0.6947359182109596,0.69473591821097,-1.0436096431476471e-14,0,200.00005230473434
b0355,,1,6,0.6947359182109596,0.69473591821097,-1.0436096431476471e-14,0,200.00005230473434
b1744,,1,10,0.6947359182109596,0.6947359182109918,-3.219646771412954e-14,0,200.00005240074233
b1746,,1,10,0.6947359182109596,0.6947359182109714,-1.176836406102666e-14,0,200.00005240073838
b2263,,1,6,0.6947359182109596,0.6947359182109756,-1.5987211554602254e-14,0,200.00005230473792
b3368,,3,444,0.6947359182109596,0.0,0.6947359182109596,1,6896.880588595495
b3281,,1,444,0.6947359182109596,0.0,0.6947359182109596,1,6896.8805885955235
b0388,,1,444,0.6947359182109596,0.0,0.6947359182109596,1,6896.880588595572
b3390,,1,444,0.6947359182109596,0.0,0.6947359182109596,1,6896.880588595518
b3939,,1,444,0.6947359182109596,0.0,0.6947359182109596,1,6896.880588595531
b1981,,1,6,0.6947359182109596,0.6947359182109628,-3.219646771412954e-15,0,200.00005230472996
b1206,,1,321,0.6947359182109596,0.6934340996104602,0.0013018186004993826,0,200.075196255398
b1584,,2,6,0.6947359182109596,0.694735918211011,-5.140332604014475e-14,0,200.00005230475352
b1599,,1,6,0.6947359182109596,0.6947359182109378,2.1760371282653068e-14,0,200.00005230472996
b1600,,1,6,0.6947359182109596,0.6947359182109378,2.1760371282653068e-14,0,200.00005230472996
b3908,,1,6,0.6947359182109596,0.6947359182109701,-1.0547118733938987e-14,0,200.00005230473508
b1656,,1,6,0.6947359182109596,0.6947359182109701,-1.0547118733938987e-14,0,200.00005230473508
b1646,,1,6,0.6947359182109596,0.6947359182109701,-1.0547118733938987e-14,0,200.00005230473508
b1525,,2,6,0.6947359182109596,0.6947359182109668,-7.216449660063518e-15,0,200.00005230472908
b2661,,1,6,0.6947359182109596,0.6947359182109701,-1.0547118733938987e-14,0,200.00005230473508
b2260,,1,6,0.6947359182109596,0.6947359182109591,4.440892098500626e-16,0,200.00005230472
b2261,,1,6,0.6947359182109596,0.6947359182109646,-4.9960036108132044e-15,0,200.00005230472996
b0721,,1,431,0.6947359182109596,0.6515098810716667,0.04322603713929285,0,1261.2663218453272
b0722,,1,431,0.6947359182109596,0.6515098810716667,0.04322603713929285,0,1261.2663218453272
b0724,,1,431,0.6947359182109596,0.6515098810716667,0.04322603713929285,0,1261.2663218453272
b0723,,1,431,0.6947359182109596,0.6515098810716667,0.04322603713929285,0,1261.2663218453272
b0728,,1,422,0.6947359182109596,0.6816662118887888,0.013069706322170749,0,271.51757561685923
b0729,,1,422,0.6947359182109596,0.6816662118887888,0.013069706322170749,0,271.51757561685923
b1521,,1,6,0.6947359182109596,0.6947359182109675,-7.882583474838611e-15,0,200.00005230472334
b2464,,1,10,0.6947359182109596,0.6947359182109538,5.773159728050814e-15,0,200.00005240073838
b0008,,1,10,0.6947359182109596,0.6947359182109538,5.773159728050814e-15,0,200.00005240073838
b3062,,1,6,0.6947359182109596,0.6947359182109656,-5.995204332975845e-15,0,200.00005230472954
b3061,,1,6,0.6947359182109596,0.6947359182109656,-5.995204332975845e-15,0,200.00005230472954
b3063,,1,6,0.6947359182109596,0.6947359182109655,-5.88418203051333e-15,0,200.00005230473607
b0368,,1,6,0.6947359182109596,0.6947359182109647,-5.10702591327572e-15,0,200.0000523047342
b3790,,1,6,0.6947359182109596,0.6947359182109857,-2.609024107869118e-14,0,200.00005230476802
b3791,,1,6,0.6947359182109596,0.6947359182109857,-2.609024107869118e-14,0,200.00005230476802
b2038,,1,6,0.6947359182109596,0.694735918210945,1.454392162258955e-14,0,200.00005230472996
b2040,,1,10,0.6947359182109596,0.6947359182109927,-3.3084646133829665e-14,0,200.00005240073838
b2041,,1,6,0.6947359182109596,0.6947359182109667,-7.105427357601002e-15,0,200.00005230472996
b3788,,1,6,0.6947359182109596,0.6947359182109667,-7.105427357601002e-15,0,200.00005230472996
b0915,,1,444,0.6947359182109596,0.0,0.6947359182109596,1,6896.880588595534
b2095,,1,6,0.6947359182109596,0.6947359182109658,-6.217248937900877e-15,0,200.00005230472996
b3137,,1,10,0.6947359182109596,0.6947359182117415,-7.819300762434978e-13,0,200.0000524010777
b2096,,1,10,0.6947359182109596,0.6947359182117415,-7.819300762434978e-13,0,200.0000524010777
b3132,,1,10,0.6947359182109596,0.6947359182117415,-7.819300762434978e-13,0,200.0000524010777
b0166,,1,444,0.6947359182109596,0.0,0.6947359182109596,1,6896.880588595494
b2480,,1,2,0.6947359182109596,0.6947359182110773,-1.176836406102666e-13,0,200.0
b0066,,1,6,0.6947359182109596,0.6947359182109721,-1.2545520178264269e-14,0,200.0000523047402
b0067,,1,6,0.6947359182109596,0.6947359182109721,-1.2545520178264269e-14,0,200.0000523047402
b0068,,1,6,0.6947359182109596,0.6947359182109721,-1.2545520178264269e-14,0,200.0000523047402
b3616,,1,6,0.6947359182109596,0.6947359182109589,6.661338147750939e-16,0,200.00005230472448
b3772,,1,444,0.6947359182109596,0.0,0.6947359182109596,1,6896.880588595512
b3117,,1,444,0.6947359182109596,0.0,0.6947359182109596,1,6896.880588595505
b1719,,1,6,0.6947359182109596,0.694735918210952,7.549516567451064e-15,0,200.00005230472996
b3823,,1,6,0.6947359182109596,0.6947359182109701,-1.0547118733938987e-14,0,200.00005230473508
b3992,,1,444,0.6947359182109596,0.0,0.6947359182109596,1,6896.880588595373
b3990,,1,444,0.6947359182109596,0.0,0.6947359182109596,1,6896.880588595529
b0423,,1,444,0.6947359182109596,0.0,0.6947359182109596,1,6896.880588595514
b4407,,1,444,0.6947359182109596,0.0,0.6947359182109596,1,6896.880588595482
b2935,,2,444,0.6947359182109596,0.0,0.6947359182109596,1,6896.880588595502
b2465,,2,444,0.6947359182109596,0.0,0.6947359182109596,1,6896.880588595498
b0997,,2,2,0.6947359182109596,0.694735918210958,1.5543122344752192e-15,0,200.0
b0996,,2,6,0.6947359182109596,0.6947359182109675,-7.882583474838611e-15,0,200.0000523047318
b2827,,1,444,0.6947359182109596,0.0,0.6947359182109596,1,6896.880588595524
b1106,,1,2,0.6947359182109596,0.6947359182109512,8.43769498715119e-15,0,199.99999999998641
b0417,,1,444,0.6947359182109596,0.0,0.6947359182109596,1,6896.880588595486
b3993,,1,444,0.6947359182109596,0.0,0.6947359182109596,1,6896.880588595519
b3919,,1,432,0.6947359182109596,0.6041797028503445,0.09055621536061509,0,1062.2306650286714
b0613,,1,6,0.6947359182109596,0.694735918210973,-1.3433698597964394e-14,0,200.00005230473778
b0888,,1,11,0.6947359182109596,0.6947359182109656,-5.995204332975845e-15,0,200.14832611626997
b4239,,1,6,0.6947359182109596,0.6947359182109701,-1.0547118733938987e-14,0,200.00005230473508
b1897,,1,6,0.6947359182109596,0.6947359182109701,-1.0547118733938987e-14,0,200.00005230473508
b1896,,1,6,0.6947359182109596,0.6947359182109826,-2.298161660974074e-14,0,200.00005230475648
b3519,,1,6,0.6947359182109596,0.6947359182109615,-1.887379141862766e-15,0,200.00005230472257
b1197,,1,6,0.6947359182109596,0.6947359182109701,-1.0547118733938987e-14,0,200.00005230473508
b4240,,1,6,0.6947359182109596,0.6947359182109668,-7.216449660063518e-15,0,200.00005230473187
b1260,,3,444,0.6947359182109596,0.0,0.6947359182109596,1,6896.880588595517
b1261,,3,444,0.6947359182109596,0.0,0.6947359182109596,1,6896.880588595495
b3384,,1,2,0.6947359182109596,0.6947359182109655,-5.88418203051333e-15,0,200.0
b3709,,1,6,0.6947359182109596,0.6947359182109415,1.8096635301390052e-14,0,200.00005230472107
b0509,,1,6,0.6947359182109596,0.6947359182109657,-6.106226635438361e-15,0,200.00005230473602
b3125,,1,6,0.6947359182109596,0.6947359182109657,-6.106226635438361e-15,0,200.00005230473602
b3991,,1,444,0.6947359182109596,0.0,0.6947359182109596,1,6896.880588595478
b1637,,1,6,0.6947359182109596,0.6947359182109683,-8.659739592076221e-15,0,200.00005230472996
b1907,,1,6,0.6947359182109596,0.6947359182109929,-3.3306690738754696e-14,0,200.00005230472541
b0179,,1,444,0.6947359182109596,0.0,0.6947359182109596,1,6896.880588595378
b0085,,1,444,0.6947359182109596,0.0,0.6947359182109596,1,6896.880588595507
b3787,,1,6,0.6947359182109596,0.694735918210939,2.0539125955565396e-14,0,200.00005230472996
b3786,,1,6,0.6947359182109596,0.69473591821097,-1.0436096431476471e-14,0,200.00005230473556
b0181,,1,444,0.6947359182109596,0.0,0.6947359182109596,1,6896.880588595529
b3189,,1,444,0.6947359182109596,0.0,0.6947359182109596,1,6896.8805885956135
b0090,,1,444,0.6947359182109596,0.0,0.6947359182109596,1,6896.88058859551
b0088,,1,444,0.6947359182109596,0.0,0.6947359182109596,1,6896.880588595483
b0091,,1,444,0.6947359182109596,0.0,0.6947359182109596,1,6896.880588595468
b3972,,1,444,0.6947359182109596,0.0,0.6947359182109596,1,6896.880588595492
b0841,,2,444,0.6947359182109596,0.0,0.6947359182109596,1,6896.880588595498
b3057,,2,444,0.6947359182109596,0.0,0.6947359182109596,1,6896.880588595474
b0174,,1,444,0.6947359182109596,0.0,0.6947359182109596,1,6896.8805885954625
b0759,,1,2,0.6947359182109596,0.6947359182109567,2.886579864025407e-15,0,200.00000000000477
b2036,,1,10,0.6947359182109596,0.6947359182109616,-1.9984014443252818e-15,0,200.0000524007287
b2028,,1,6,0.6947359182109596,0.6947359182109701,-1.0547118733938987e-14,0,200.00005230473508
b2255,,2,6,0.6947359182109596,0.6947359182109677,-8.104628079763643e-15,0,200.00005230472675
b2253,,1,6,0.6947359182109596,0.6947359182109553,4.3298697960381105e-15,0,200.0000523047224
b0758,,1,6,0.6947359182109596,0.6947359182109676,-7.993605777301127e-15,0,200.00005230472698
b0505,,1,10,0.6947359182109596,0.6947359182108922,6.7390537594747e-14,0,200.0000524006973
b0086,,1,444,0.6947359182109596,0.0,0.6947359182109596,1,6896.880588595521
b0096,,1,444,0.6947359182109596,0.0,0.6947359182109596,1,6896.880588595564
b2258,,1,2,0.6947359182109596,0.6947359182109585,1.1102230246251565e-15,0,200.00000000000688
b4544,,1,6,0.6947359182109596,0.6947359182109503,9.325873406851315e-15,0,200.00005230471896
b4233,,2,6,0.6947359182109596,0.6947359182109537,5.88418203051333e-15,0,200.00005230472996
b0171,,1,444,0.6947359182109596,0.0,0.6947359182109596,1,6896.88058859551
b2256,,1,6,0.6947359182109596,0.6947359182109665,-6.8833827526759706e-15,0,200.00005230472996
b2254,,1,6,0.6947359182109596,0.6947359182109574,2.220446049250313e-15,0,200.00005230472772
b3803,,1,444,0.6947359182109596,0.0,0.6947359182109596,1,6896.880588595509
b3804,,1,444,0.6947359182109596,0.0,0.6947359182109596,1,6896.880588595533
b3997,,1,444,0.6947359182109596,0.0,0.6947359182109596,1,6896.880588595497
b2498,,1,6,0.6947359182109596,0.6947359182109394,2.020605904817785e-14,0,200.00005230472996
b1011,,1,10,0.6947359182109596,0.6947359182109694,-9.769962616701378e-15,0,200.00005240072716
b2497,,1,6,0.6947359182109596,0.6947359182109701,-1.0547118733938987e-14,0,200.00005230473508
b1006,,1,10,0.6947359182109596,0.6947359182109571,2.4424906541753444e-15,0,200.00005240072682
b0517,,1,6,0.6947359182109596,0.6947359182109804,-2.0761170560490427e-14,0,200.00005230472996
b0524,,1,444,0.6947359182109596,0.0,0.6947359182109596,1,6896.880588595521
b4258,,1,2,0.6947359182109596,0.6947359182109524,7.216449660063518e-15,0,200.0
b2682,,1,6,0.6947359182109596,0.6947359182109701,-1.0547118733938987e-14,0,200.00005230473508
b2683,,1,6,0.6947359182109596,0.6947359182109701,-1.0547118733938987e-14,0,200.00005230473508
b3572,,1,6,0.6947359182109596,0.6947359182109468,1.27675647831893e-14,0,200.0000523047278
b4197,,1,6,0.6947359182109596,0.6947359182109514,8.215650382226158e-15,0,200.00005230471965
b2882,,1,6,0.6947359182109596,0.6947359182109701,-1.0547118733938987e-14,0,200.00005230473508
b3565,,2,6,0.6947359182109596,0.6947359182109751,-1.554312234475219e-14,0,200.000052304731
b3579,,1,6,0.6947359182109596,0.6947359182109545,5.10702591327572e-15,0,200.000052304733
b3577,,1,6,0.6947359182109596,0.6947359182109545,5.10702591327572e-15,0,200.000052304733
b3578,,1,6,0.6947359182109596,0.6947359182109545,5.10702591327572e-15,0,200.000052304733
b3567,,1,6,0.6947359182109596,0.6947359182109701,-1.0547118733938987e-14,0,200.00005230473508
b3568,,1,6,0.6947359182109596,0.6947359182109701,-1.0547118733938987e-14,0,200.00005230473508
b3566,,1,6,0.6947359182109596,0.6947359182109701,-1.0547118733938987e-14,0,200.00005230473508
b4031,,1,6,0.6947359182109596,0.6947359182109623,-2.6645352591003757e-15,0,200.0000523047284
b1857,,1,6,0.6947359182109596,0.6947359182109701,-1.0547118733938987e-14,0,200.00005230473508
b1859,,1,6,0.6947359182109596,0.6947359182109701,-1.0547118733938987e-14,0,200.00005230473508
b1858,,1,6,0.6947359182109596,0.6947359182109701,-1.0547118733938987e-14,0,200.00005230473508
