gene_id,gene_name,n_gpr_rxns,n_changed,b_wt,b_ko,delta_b,y_essential,kV
b1377,,270,422,0.25916645846956465,0.0,0.25916645846956465,1,1305.216463212706
b2215,,271,422,0.25916645846956465,0.0,0.25916645846956465,1,1305.216463212706
b0929,,271,422,0.25916645846956465,0.0,0.25916645846956465,1,1305.216463212706
b0241,,270,422,0.25916645846956465,0.0,0.25916645846956465,1,1305.216463212706
b4034,,6,6,0.25916645846956465,0.25916645846967695,-1.1229905894083458e-13,0,15.408868936870679
b4033,,6,0,0.25916645846956465,0.2591664584695986,-3.397282455352979e-14,0,0.0
b4032,,6,0,0.25916645846956465,0.2591664584695986,-3.397282455352979e-14,0,0.0
b4035,,6,0,0.25916645846956465,0.2591664584695986,-3.397282455352979e-14,0,0.0
b4036,,7,6,0.25916645846956465,0.2591664584696064,-4.1744385725905886e-14,0,15.408868936866629
b4213,,8,4,0.25916645846956465,0.2591664584695595,5.162537064506978e-15,0,1.336064133868955e-08
b2835,,21,0,0.25916645846956465,0.2591664584695982,-3.352873534367973e-14,0,0.0
b2836,,23,126,0.25916645846956465,0.2591664584695922,-2.7533531010703882e-14,0,3.333181514386266
b3553,,10,0,0.25916645846956465,0.25916645846952135,4.3298697960381105e-14,0,0.0
b1134,,2,4,0.25916645846956465,0.25916645846961145,-4.679590048795035e-14,0,1.3360641344549873e-08
b0446,,2,0,0.25916645846956465,0.25916645846960645,-4.1799896877137144e-14,0,0.0
b1009,,1,0,0.25916645846956465,0.2591664584695729,-8.271161533457416e-15,0,0.0
b0954,,13,4,0.25916645846956465,0.2591664584696195,-5.484501741648273e-14,0,1.3360641369715261e-08
b0180,,14,422,0.25916645846956465,0.0,0.25916645846956465,1,1036.415085573617
b0347,,2,0,0.25916645846956465,0.259166458469638,-7.333023077649159e-14,0,0.0
b3580,,2,0,0.25916645846956465,0.2591664584695967,-3.2029934260435766e-14,0,0.0
b1093,,14,422,0.25916645846956465,0.0,0.25916645846956465,1,1036.415085573617
b2323,,13,422,0.25916645846956465,0.0,0.25916645846956465,1,1036.4150855736161
b1095,,9,422,0.25916645846956465,0.0,0.25916645846956465,1,1036.4150855736168
b1397,,2,0,0.25916645846956465,0.2591664584696184,-5.3734794391857577e-14,0,0.0
b1245,,2,0,0.25916645846956465,0.25916645846956465,0.0,0,0.0
b1244,,2,0,0.25916645846956465,0.25916645846956465,0.0,0,0.0
b1329,,1,0,0.25916645846956465,0.25916645846956465,0.0,0,0.0
b1246,,2,0,0.25916645846956465,0.25916645846956465,0.0,0,0.0
b1247,,2,0,0.25916645846956465,0.25916645846956465,0.0,0,0.0
b1386,,3,0,0.25916645846956465,0.2591664584696032,-3.852473895449293e-14,0,0.0
b0004,,2,422,0.25916645846956465,0.0,0.25916645846956465,1,1036.4150855736166
b1192,,4,4,0.25916645846956465,0.2591664584695873,-2.2648549702353193e-14,0,7.278787611032869e-06
b1243,,1,0,0.25916645846956465,0.25916645846956465,0.0,0,0.0
b4266,,1,0,0.25916645846956465,0.25916645846956465,0.0,0,0.0
b4265,,3,0,0.25916645846956465,0.25916645846959774,-3.3084646133829665e-14,0,0.0
b0159,,3,422,0.25916645846956465,0.0,0.25916645846956465,1,1036.4150855736186
b3197,,1,422,0.25916645846956465,0.0,0.25916645846956465,1,1036.415085573617
b2708,,1,422,0.25916645846956465,0.0,0.25916645846956465,1,1036.4150855736177
b1094,,26,422,0.25916645846956465,0.0,0.25916645846956465,1,1036.4150855736127
b4481,,1,0,0.25916645846956465,0.25916645846956143,3.219646771412954e-15,0,0.0
b1927,,1,0,0.25916645846956465,0.2591664584696126,-4.796163466380676e-14,0,0.0
b3571,,1,0,0.25916645846956465,0.25916645846963493,-7.027711745877241e-14,0,0.0
b2901,,1,0,0.25916645846956465,0.25916645846968644,-1.2179146580137967e-13,0,0.0
b1302,,1,4,0.25916645846956465,0.2591664584696197,-5.5067062021407764e-14,0,1.3360641367303302e-08
b2662,,1,4,0.25916645846956465,0.2591664584696197,-5.5067062021407764e-14,0,1.3360641367303302e-08
b1444,,1,0,0.25916645846956465,0.2591664584696218,-5.71209746169643e-14,0,0.0
b2663,,1,0,0.25916645846956465,0.25916645846959036,-2.5701663020072374e-14,0,0.0
b2222,,3,4,0.25916645846956465,0.25916645846962866,-6.400435736964027e-14,0,1.336064137284423e-08
b2221,,3,4,0.25916645846956465,0.25916645846962866,-6.400435736964027e-14,0,1.336064137284423e-08
b2224,,1,129,0.25916645846956465,0.2591664584696188,-5.412337245047638e-14,0,3.333175214360534
b2342,,8,129,0.25916645846956465,0.25916645846961267,-4.801714581503802e-14,0,3.333175214358937
b3845,,8,129,0.25916645846956465,0.25916645846961267,-4.801714581503802e-14,0,3.333175214358937
b2223,,3,4,0.25916645846956465,0.25916645846960634,-4.168887457467463e-14,0,1.336064135895704e-08
b1241,,2,4,0.25916645846956465,0.2591664584696772,-1.1252110354575962e-13,0,1.336064139171342e-08
b0351,,1,4,0.25916645846956465,0.25916645846959824,-3.3584246494910985e-14,0,1.3360641355438695e-08
s0001,,39,425,0.25916645846956465,0.0,0.25916645846956465,1,1228.692037131663
b1463,,1,0,0.25916645846956465,0.25916645846965974,-9.509060205914466e-14,0,0.0
b1993,,2,0,0.25916645846956465,0.2591664584695966,-3.191891195797325e-14,0,0.0
b2316,,1,422,0.25916645846956465,0.0,0.25916645846956465,1,1036.4150855736166
b3255,,1,422,0.25916645846956465,0.0,0.25916645846956465,1,1036.415085573617
b0185,,1,422,0.25916645846956465,0.0,0.25916645846956465,1,1036.415085573618
b3256,,1,422,0.25916645846956465,0.0,0.25916645846956465,1,1036.4150855736166
b4069,,2,4,0.25916645846956465,0.2591664584695968,-3.214095656289828e-14,0,7.278787611033135e-06
b1119,,1,0,0.25916645846956465,0.2591664584695966,-3.191891195797325e-14,0,0.0
b3784,,1,0,0.25916645846956465,0.2591664584696753,-1.1063372440389685e-13,0,0.0
b2415,,18,64,0.25916645846956465,0.2591664584696319,-6.722400414105323e-14,0,38.14985196456596
b0679,,1,0,0.25916645846956465,0.2591664584695824,-1.7763568394002505e-14,0,0.0
b1101,,2,62,0.25916645846956465,0.25916645846955433,1.0325074129013956e-14,0,39.8946178598125
b2417,,6,62,0.25916645846956465,0.2591664584696066,-4.196643033083092e-14,0,39.89461785983047
b2416,,19,64,0.25916645846956465,0.25916645846961833,-5.367928324062632e-14,0,38.149851964557264
b3959,,1,422,0.25916645846956465,0.0,0.25916645846956465,1,1036.4150855736173
b2818,,1,422,0.25916645846956465,0.0,0.25916645846956465,1,1036.415085573617
b0078,,2,422,0.25916645846956465,0.0,0.25916645846956465,1,1036.415085573616
b3670,,2,422,0.25916645846956465,0.0,0.25916645846956465,1,1036.415085573617
b3671,,2,422,0.25916645846956465,0.0,0.25916645846956465,1,1036.4150855736182
b0077,,2,422,0.25916645846956465,0.0,0.25916645846956465,1,1036.415085573618
b3115,,2,4,0.25916645846956465,0.259166458469577,-1.2323475573339238e-14,0,7.278787611032598e-06
b1849,,2,56,0.25916645846956465,0.259166458469598,-3.3362201889985954e-14,0,5.050225621536008e-06
b2296,,1,0,0.25916645846956465,0.2591664584696307,-6.605826996519681e-14,0,0.0
b2428,,1,0,0.25916645846956465,0.2591664584695907,-2.603472992745992e-14,0,0.0
b3794,,1,0,0.25916645846956465,0.2591664584696087,-4.4020342926387457e-14,0,0.0
b1818,,5,62,0.25916645846956465,0.25916645846959135,-2.6700863742235015e-14,0,39.89461785982595
b1819,,5,62,0.25916645846956465,0.25916645846959135,-2.6700863742235015e-14,0,39.89461785982595
b1817,,5,62,0.25916645846956465,0.25916645846959135,-2.6700863742235015e-14,0,39.89461785982595
b2429,,2,0,0.25916645846956465,0.259166458469643,-7.83262343873048e-14,0,0.0
b3224,,1,0,0.25916645846956465,0.2591664584696307,-6.605826996519681e-14,0,0.0
b4311,,1,4,0.25916645846956465,0.25916645846961056,-4.590772206825022e-14,0,1.3360641359806574e-08
b3225,,1,0,0.25916645846956465,0.2591664584696307,-6.605826996519681e-14,0,0.0
b0221,,8,129,0.25916645846956465,0.2591664584696325,-6.783462680459706e-14,0,3.3331752143627966
b1091,,3,422,0.25916645846956465,0.0,0.25916645846956465,1,1036.4150855736161
b3957,,2,422,0.25916645846956465,0.0,0.25916645846956465,1,1036.4150855736161
b3200,,9,422,0.25916645846956465,0.0,0.25916645846956465,1,1036.415085573616
b4261,,9,422,0.25916645846956465,0.0,0.25916645846956465,1,1036.4150855736148
b3201,,9,422,0.25916645846956465,0.0,0.25916645846956465,1,1036.4150855736168
b4262,,9,422,0.25916645846956465,0.0,0.25916645846956465,1,1036.4150855736175
b3199,,9,422,0.25916645846956465,0.0,0.25916645846956465,1,1036.4150855736173
b1519,,1,0,0.25916645846956465,0.259166458469634,-6.933342788784103e-14,0,0.0
b1276,,2,423,0.25916645846956465,0.0,0.25916645846956465,1,1081.9247989578605
b0118,,3,423,0.25916645846956465,0.0,0.25916645846956465,1,1081.9247989578607
b1748,,2,422,0.25916645846956465,0.0,0.25916645846956465,1,1036.4150855736166
b3359,,2,422,0.25916645846956465,0.0,0.25916645846956465,1,1036.415085573619
b1090,,7,0,0.25916645846956465,0.2591664584696409,-7.627232179174825e-14,0,0.0
b3475,,1,0,0.25916645846956465,0.25916645846962777,-6.311617894994015e-14,0,0.0
b2563,,1,0,0.25916645846956465,0.25916645846962777,-6.311617894994015e-14,0,0.0
b2578,,2,0,0.25916645846956465,0.25916645846958036,-1.5709655798445965e-14,0,0.0
b1533,,2,0,0.25916645846956465,0.25916645846958036,-1.5709655798445965e-14,0,0.0
b4067,,2,0,0.25916645846956465,0.25916645846956465,0.0,0,0.0
b1623,,2,0,0.25916645846956465,0.25916645846961955,-5.490052856771399e-14,0,0.0
b1096,,1,422,0.25916645846956465,0.0,0.25916645846956465,1,1036.415085573617
b1812,,2,422,0.25916645846956465,0.0,0.25916645846956465,1,1036.4150855736175
b3360,,1,422,0.25916645846956465,0.0,0.25916645846956465,1,1036.4150855736184
b3665,,1,8,0.25916645846956465,0.25916645846960257,-3.7914116290949096e-14,0,7.292148252391047e-06
b3654,,3,4,0.25916645846956465,0.2591664584696048,-4.013456234019941e-14,0,1.3360641355329088e-08
b3714,,1,4,0.25916645846956465,0.2591664584696048,-4.013456234019941e-14,0,1.3360641355329088e-08
b0474,,13,422,0.25916645846956465,0.0,0.25916645846956465,1,1036.4150855736168
b0120,,1,4,0.25916645846956465,0.25916645846958664,-2.19824158875781e-14,0,7.2787876110328485e-06
b3806,,1,0,0.25916645846956465,0.259166458469598,-3.3362201889985954e-14,0,0.0
b0030,,5,0,0.25916645846956465,0.2591664584696285,-6.38378239159465e-14,0,0.0
b2393,,7,0,0.25916645846956465,0.25916645846959846,-3.3806291099836017e-14,0,0.0
b2964,,11,0,0.25916645846956465,0.25916645846960623,-4.157785227221211e-14,0,0.0
b2406,,6,0,0.25916645846956465,0.25916645846961506,-5.040412531798211e-14,0,0.0
b0411,,7,4,0.25916645846956465,0.25916645846966235,-9.769962616701378e-14,0,1.3360641381224176e-08
b1992,,1,0,0.25916645846956465,0.2591664584696107,-4.6074255521943996e-14,0,0.0
b1709,,3,0,0.25916645846956465,0.2591664584696261,-6.145084441300241e-14,0,0.0
b0158,,3,0,0.25916645846956465,0.2591664584696261,-6.145084441300241e-14,0,0.0
b1711,,3,0,0.25916645846956465,0.2591664584696261,-6.145084441300241e-14,0,0.0
b3966,,3,0,0.25916645846956465,0.2591664584696261,-6.145084441300241e-14,0,0.0
b3005,,10,4,0.25916645846956465,0.25916645846961794,-5.3290705182007514e-14,0,1.3360641362548577e-08
b3006,,10,4,0.25916645846956465,0.25916645846961794,-5.3290705182007514e-14,0,1.3360641362548577e-08
b1252,,10,4,0.25916645846956465,0.25916645846961794,-5.3290705182007514e-14,0,1.3360641362548577e-08
b3397,,1,0,0.25916645846956465,0.2591664584695992,-3.452793606584237e-14,0,0.0
b3034,,1,0,0.25916645846956465,0.2591664584695992,-3.452793606584237e-14,0,0.0
b0469,,1,0,0.25916645846956465,0.25916645846956465,0.0,0,0.0
b2750,,1,422,0.25916645846956465,0.0,0.25916645846956465,1,1036.415085573617
b1131,,2,422,0.25916645846956465,0.0,0.25916645846956465,1,1036.4150855736173
b4177,,1,422,0.25916645846956465,0.0,0.25916645846956465,1,1036.4150855736186
b0677,,1,4,0.25916645846956465,0.259166458469612,-4.7351012000262926e-14,0,7.278787611033561e-06
b0110,,4,0,0.25916645846956465,0.25916645846955294,1.1712852909795402e-14,0,0.0
b2817,,2,0,0.25916645846956465,0.25916645846962705,-6.23945339839338e-14,0,0.0
b2435,,2,0,0.25916645846956465,0.25916645846962705,-6.23945339839338e-14,0,0.0
b4169,,2,0,0.25916645846956465,0.25916645846962705,-6.23945339839338e-14,0,0.0
b1107,,3,0,0.25916645846956465,0.25916645846963715,-7.249756350802272e-14,0,0.0
b0433,,3,0,0.25916645846956465,0.25916645846964625,-8.1601392309949e-14,0,0.0
b3619,,1,4,0.25916645846956465,0.2591664584695991,-3.447242491461111e-14,0,1.3360641359568528e-08
b2937,,1,0,0.25916645846956465,0.2591664584695807,-1.6042722705833512e-14,0,0.0
b3018,,7,422,0.25916645846956465,0.0,0.25916645846956465,1,1036.4150855736164
b3958,,1,422,0.25916645846956465,0.0,0.25916645846956465,1,1036.4150855736161
b0575,,2,4,0.25916645846956465,0.2591664584696066,-4.196643033083092e-14,0,7.278787611033409e-06
b0572,,2,4,0.25916645846956465,0.2591664584695172,4.746203430272544e-14,0,1.3360641333959645e-08
b0573,,2,4,0.25916645846956465,0.2591664584695172,4.746203430272544e-14,0,1.3360641333959645e-08
b0574,,2,4,0.25916645846956465,0.2591664584695172,4.746203430272544e-14,0,1.3360641333959645e-08
b4006,,2,422,0.25916645846956465,0.0,0.25916645846956465,1,1036.415085573617
b0522,,1,422,0.25916645846956465,0.0,0.25916645846956465,1,1036.4150855736161
b0523,,1,422,0.25916645846956465,0.0,0.25916645846956465,1,1036.4150855736173
b0727,,1,68,0.25916645846956465,0.2591664584696036,-3.8968828164342995e-14,0,14.925305744207517
b0116,,3,72,0.25916645846956465,0.2591664584696022,-3.752553823233029e-14,0,73.46097500628382
b0726,,1,68,0.25916645846956465,0.25916645846956804,-3.3861802251067274e-15,0,14.925305744204126
b2587,,1,0,0.25916645846956465,0.2591664584696029,-3.824718319833664e-14,0,0.0
b1488,,1,0,0.25916645846956465,0.2591664584696257,-6.106226635438361e-14,0,0.0
b3542,,3,0,0.25916645846956465,0.2591664584696331,-6.84452494681409e-14,0,0.0
b1486,,1,4,0.25916645846956465,0.25916645846963543,-7.077671781985373e-14,0,1.3360641368612917e-08
b1485,,1,4,0.25916645846956465,0.25916645846963543,-7.077671781985373e-14,0,1.3360641368612917e-08
b3543,,3,0,0.25916645846956465,0.2591664584696331,-6.84452494681409e-14,0,0.0
b3541,,3,0,0.25916645846956465,0.2591664584696331,-6.84452494681409e-14,0,0.0
b1484,,1,4,0.25916645846956465,0.25916645846963543,-7.077671781985373e-14,0,1.3360641368612917e-08
b3540,,3,0,0.25916645846956465,0.2591664584696331,-6.84452494681409e-14,0,0.0
b3544,,3,0,0.25916645846956465,0.2591664584696331,-6.84452494681409e-14,0,0.0
b1483,,1,4,0.25916645846956465,0.25916645846963543,-7.077671781985373e-14,0,1.3360641368612917e-08
b1487,,1,4,0.25916645846956465,0.25916645846963543,-7.077671781985373e-14,0,1.3360641368612917e-08
b0092,,1,422,0.25916645846956465,0.0,0.25916645846956465,1,1036.4150855736193
b0381,,1,422,0.25916645846956465,0.0,0.25916645846956465,1,1036.4150855736168
b1325,,1,0,0.25916645846956465,0.25916645847632463,-6.759981463488884e-12,0,0.0
b1190,,1,422,0.25916645846956465,0.0,0.25916645846956465,1,1036.415085573615
b4053,,1,422,0.25916645846956465,0.0,0.25916645846956465,1,1036.4150855736173
b2551,,6,69,0.25916645846956465,0.25916645846959474,-3.008704396734174e-14,0,3.7128848354083748
b0870,,4,4,0.25916645846956465,0.2591664584696041,-3.9468428525424315e-14,0,1.3360641357863551e-08
b2379,,1,3,0.25916645846956465,0.2591664584695943,-2.964295475749168e-14,0,0.06810251664137186
b2290,,1,3,0.25916645846956465,0.2591664584695943,-2.964295475749168e-14,0,0.06810251664137186
b2697,,1,0,0.25916645846956465,0.2591664584695503,1.4377388168895777e-14,0,0.0
b3460,,5,0,0.25916645846956465,0.25916645846956465,0.0,0,0.0
b3456,,5,0,0.25916645846956465,0.25916645846956465,0.0,0,0.0
b3457,,5,0,0.25916645846956465,0.25916645846956465,0.0,0,0.0
b3455,,5,0,0.25916645846956465,0.25916645846956465,0.0,0,0.0
b3454,,5,0,0.25916645846956465,0.25916645846956465,0.0,0,0.0
b4208,,5,55,0.25916645846956465,0.25916645846960484,-4.0190073491430667e-14,0,0.000246407636999819
b0007,,2,0,0.25916645846956465,0.25916645846956465,0.0,0,0.0
b0356,,3,0,0.25916645846956465,0.2591664584695989,-3.425038030968608e-14,0,0.0
b1478,,1,0,0.25916645846956465,0.2591664584695834,-1.8762769116165146e-14,0,0.0
b1385,,1,4,0.25916645846956465,0.2591664584696358,-7.116529587847253e-14,0,1.3360641378154795e-08
b1300,,2,0,0.25916645846956465,0.2591664584696358,-7.116529587847253e-14,0,0.0
b3588,,2,0,0.25916645846956465,0.2591664584696441,-7.943645741192995e-14,0,0.0
b4084,,1,0,0.25916645846956465,0.25916645846964126,-7.66053886991358e-14,0,0.0
b4090,,2,423,0.25916645846956465,0.07878236497726968,0.18038409349229498,0,298.25190213967386
b0516,,1,0,0.25916645846956465,0.25916645846960057,-3.5915714846623814e-14,0,0.0
b0512,,1,4,0.25916645846956465,0.25916645846955405,1.0602629885170245e-14,0,1.336064133324156e-08
b0511,,1,0,0.25916645846956465,0.2591664584696352,-7.05546732149287e-14,0,0.0
b4085,,1,0,0.25916645846956465,0.25916645846960246,-3.780309398848658e-14,0,0.0
b4087,,2,0,0.25916645846956465,0.25916645846956465,0.0,0,0.0
b4086,,2,0,0.25916645846956465,0.25916645846956465,0.0,0,0.0
b4088,,2,0,0.25916645846956465,0.25916645846956465,0.0,0,0.0
b0657,,2,4,0.25916645846956465,0.25916645846961517,-5.051514762044462e-14,0,1.336064136055201e-08
b1677,,2,4,0.25916645846956465,0.25916645846961517,-5.051514762044462e-14,0,1.336064136055201e-08
b1781,,1,0,0.25916645846956465,0.25916645846956465,0.0,0,0.0
b3001,,1,0,0.25916645846956465,0.25916645846956465,0.0,0,0.0
b0207,,2,0,0.25916645846956465,0.2591664584696248,-6.017408793468348e-14,0,0.0
b3012,,2,0,0.25916645846956465,0.2591664584696248,-6.017408793468348e-14,0,0.0
b3945,,4,0,0.25916645846956465,0.2591664584695607,3.941291737419306e-15,0,0.0
b3091,,1,0,0.25916645846956465,0.2591664584695639,7.771561172376096e-16,0,0.0
b3416,,4,0,0.25916645846956465,0.2591664584695716,-6.938893903907228e-15,0,0.0
b3223,,1,0,0.25916645846956465,0.259166458469647,-8.232303727595536e-14,0,0.0
b3222,,1,0,0.25916645846956465,0.2591664584695834,-1.8762769116165146e-14,0,0.0
b0774,,1,422,0.25916645846956465,0.0,0.25916645846956465,1,1036.4150855736168
b3833,,2,4,0.25916645846956465,0.25916645846960973,-4.5075054799781356e-14,0,7.278787611033379e-06
b3994,,1,422,0.25916645846956465,0.0,0.25916645846956465,1,1036.4150855736182
b1982,,1,0,0.25916645846956465,0.2591664584695859,-2.1260770921571748e-14,0,0.0
b0932,,2,0,0.25916645846956465,0.2591664584696183,-5.362377208939506e-14,0,0.0
b0237,,3,0,0.25916645846956465,0.2591664584696314,-6.672440377997191e-14,0,0.0
b4260,,2,0,0.25916645846956465,0.2591664584696183,-5.362377208939506e-14,0,0.0
b2523,,2,0,0.25916645846956465,0.2591664584696183,-5.362377208939506e-14,0,0.0
b1640,,1,0,0.25916645846956465,0.2591664584696298,-6.517009154549669e-14,0,0.0
b1263,,2,422,0.25916645846956465,0.0,0.25916645846956465,1,1036.415085573617
b1264,,1,422,0.25916645846956465,0.0,0.25916645846956465,1,1036.4150855736161
b0776,,1,422,0.25916645846956465,0.0,0.25916645846956465,1,1036.4150855736175
b0049,,3,0,0.25916645846956465,0.2591664584695987,-3.402833570476105e-14,0,0.0
b4129,,2,0,0.25916645846956465,0.25916645846955705,7.605027718682322e-15,0,0.0
b0121,,2,0,0.25916645846956465,0.2591664584695902,-2.55351295663786e-14,0,0.0
b3059,,7,1,0.25916645846956465,0.25916648027224615,-2.1802681493543474e-08,0,1.3721766472592837e-12
b0968,,7,0,0.25916645846956465,0.259166458469626,-6.13398221105399e-14,0,0.0
b0414,,2,422,0.25916645846956465,0.0,0.25916645846956465,1,1036.4150855736143
b0062,,1,4,0.25916645846956465,0.25916645846958725,-2.2593038551121936e-14,0,7.278787611032867e-06
b0153,,5,0,0.25916645846956465,0.25916645846956465,0.0,0,0.0
b0151,,5,0,0.25916645846956465,0.25916645846956465,0.0,0,0.0
b0152,,5,0,0.25916645846956465,0.25916645846956465,0.0,0,0.0
b2715,,1,0,0.25916645846956465,0.2591664584696638,-9.914291609902648e-14,0,0.0
b3722,,1,0,0.25916645846956465,0.2591664584696638,-9.914291609902648e-14,0,0.0
b1900,,1,0,0.25916645846956465,0.25916645846956465,0.0,0,0.0
b4460,,1,0,0.25916645846956465,0.25916645846956465,0.0,0,0.0
b1901,,1,0,0.25916645846956465,0.25916645846956465,0.0,0,0.0
b2841,,1,0,0.25916645846956465,0.25916645846957637,-1.1712852909795402e-14,0,0.0
b1528,,3,0,0.25916645846956465,0.259166458469603,-3.835820550079916e-14,0,0.0
b4115,,1,0,0.25916645846956465,0.2591664584695769,-1.226796442210798e-14,0,0.0
b4117,,1,0,0.25916645846956465,0.2591664584696188,-5.412337245047638e-14,0,0.0
b2938,,1,0,0.25916645846956465,0.25916645846956465,0.0,0,0.0
b1605,,1,4,0.25916645846956465,0.2591664584696031,-3.8469227803261674e-14,0,1.3360641357184616e-08
b3960,,1,422,0.25916645846956465,0.0,0.25916645846956465,1,1036.4150855736173
b3172,,1,422,0.25916645846956465,0.0,0.25916645846956465,1,1036.415085573617
b1876,,1,4,0.25916645846956465,0.25916645846958647,-2.1815882433884326e-14,0,7.278787611032793e-06
b2310,,3,0,0.25916645846956465,0.25916645846956465,0.0,0,0.0
b0863,,1,0,0.25916645846956465,0.25916645846956465,0.0,0,0.0
b0860,,1,0,0.25916645846956465,0.25916645846956465,0.0,0,0.0
b2307,,4,0,0.25916645846956465,0.25916645846956465,0.0,0,0.0
b2308,,4,0,0.25916645846956465,0.25916645846956465,0.0,0,0.0
b0862,,1,0,0.25916645846956465,0.25916645846956465,0.0,0,0.0
b2306,,4,0,0.25916645846956465,0.25916645846956465,0.0,0,0.0
b0864,,1,0,0.25916645846956465,0.25916645846956465,0.0,0,0.0
b0861,,1,0,0.25916645846956465,0.25916645846956465,0.0,0,0.0
b2923,,2,4,0.25916645846956465,0.2591664584695905,-2.5868196473766147e-14,0,1.3360641345237051e-08
b3433,,1,422,0.25916645846956465,0.0,0.25916645846956465,1,1036.4150855736168
b4192,,1,4,0.25916645846956465,0.259166458469544,2.0650148258027912e-14,0,7.278787611031629e-06
b4194,,1,0,0.25916645846956465,0.25916645846961445,-4.979350265443827e-14,0,0.0
b4193,,1,0,0.25916645846956465,0.25916645846961445,-4.979350265443827e-14,0,0.0
b4195,,1,0,0.25916645846956465,0.25916645846961445,-4.979350265443827e-14,0,0.0
b1767,,1,0,0.25916645846956465,0.2591664584696206,-5.595524044110789e-14,0,0.0
b0828,,1,0,0.25916645846956465,0.2591664584696206,-5.595524044110789e-14,0,0.0
b2957,,2,0,0.25916645846956465,0.25916645846956465,0.0,0,0.0
b0674,,1,0,0.25916645846956465,0.25916645846956465,0.0,0,0.0
b3744,,1,47,0.25916645846956465,0.2591664584696729,-1.0824674490095276e-13,0,0.01868279994183887
b0930,,1,0,0.25916645846956465,0.25916645846957187,-7.216449660063518e-15,0,0.0
b1453,,1,0,0.25916645846956465,0.25916645846962344,-5.878630915390204e-14,0,0.0
b3502,,1,0,0.25916645846956465,0.2591664584696349,-7.022160630754115e-14,0,0.0
b0131,,1,422,0.25916645846956465,0.0,0.25916645846956465,1,1036.4150855736168
b4245,,1,422,0.25916645846956465,0.0,0.25916645846956465,1,1036.4150855736166
b4244,,1,422,0.25916645846956465,0.0,0.25916645846956465,1,1036.415085573617
b0002,,2,422,0.25916645846956465,0.0,0.25916645846956465,1,1036.4150855736168
b4024,,1,422,0.25916645846956465,0.0,0.25916645846956465,1,1036.4150855736168
b3940,,2,422,0.25916645846956465,0.0,0.25916645846956465,1,1036.4150855736164
b2574,,4,422,0.25916645846956465,0.0,0.25916645846956465,1,1036.4150855736168
b4139,,1,0,0.25916645846956465,0.25916645846957287,-8.215650382226158e-15,0,0.0
b0928,,3,422,0.25916645846956465,0.0,0.25916645846956465,1,1036.4150855736175
b1866,,1,0,0.25916645846956465,0.25916645846961267,-4.801714581503802e-14,0,0.0
b0654,,2,0,0.25916645846956465,0.25916645846956465,0.0,0,0.0
b0655,,2,0,0.25916645846956465,0.25916645846956465,0.0,0,0.0
b0652,,2,0,0.25916645846956465,0.25916645846956465,0.0,0,0.0
b0653,,2,0,0.25916645846956465,0.25916645846956465,0.0,0,0.0
b3528,,6,0,0.25916645846956465,0.2591664584696232,-5.856426454897701e-14,0,0.0
b4123,,9,0,0.25916645846956465,0.2591664584695305,3.4139358007223564e-14,0,0.0
b4138,,7,0,0.25916645846956465,0.25916645846956465,0.0,0,0.0
b4077,,2,4,0.25916645846956465,0.2591664584696199,-5.523359547510154e-14,0,1.3360641364411392e-08
b3503,,1,0,0.25916645846956465,0.2591664584695626,2.0539125955565396e-15,0,0.0
b1064,,7,0,0.25916645846956465,0.2591664584695925,-2.786659791809143e-14,0,0.0
b1747,,1,4,0.25916645846956465,0.25916645846961645,-5.179190409876355e-14,0,1.336064136137824e-08
b1539,,4,0,0.25916645846956465,0.25916645846960346,-3.880229471064922e-14,0,0.0
b2019,,1,422,0.25916645846956465,0.0,0.25916645846956465,1,1036.4150855736173
b3738,,1,83,0.25916645846956465,0.2591664584695903,-2.5646151868841116e-14,0,3175.8069939060633
b3733,,1,84,0.25916645846956465,0.2591664584696113,-4.6629367034256575e-14,0,3175.8861591083332
b3732,,1,84,0.25916645846956465,0.2591664584696113,-4.6629367034256575e-14,0,3175.8861591083332
b3739,,1,84,0.25916645846956465,0.2591664584696113,-4.6629367034256575e-14,0,3175.8861591083332
b3736,,1,84,0.25916645846956465,0.2591664584696113,-4.6629367034256575e-14,0,3175.8861591083332
b3737,,1,84,0.25916645846956465,0.2591664584696113,-4.6629367034256575e-14,0,3175.8861591083332
b3734,,1,84,0.25916645846956465,0.2591664584696113,-4.6629367034256575e-14,0,3175.8861591083332
b3735,,1,84,0.25916645846956465,0.2591664584696113,-4.6629367034256575e-14,0,3175.8861591083332
b3731,,1,84,0.25916645846956465,0.2591664584696113,-4.6629367034256575e-14,0,3175.8861591083332
b0312,,2,0,0.25916645846956465,0.25916645846956465,0.0,0,0.0
b0827,,4,422,0.25916645846956465,0.0,0.25916645846956465,1,1036.4150855736161
b3857,,5,422,0.25916645846956465,0.0,0.25916645846956465,1,1036.4150855736177
b3856,,5,422,0.25916645846956465,0.0,0.25916645846956465,1,1036.4150855736182
b4214,,1,422,0.25916645846956465,0.0,0.25916645846956465,1,1036.4150855736161
b3551,,3,0,0.25916645846956465,0.25916645846957864,-1.3988810110276972e-14,0,0.0
b0775,,1,422,0.25916645846956465,0.0,0.25916645846956465,1,1036.4150855736175
b0934,,5,4,0.25916645846956465,0.25916645846960623,-4.157785227221211e-14,0,7.278787611033399e-06
b0367,,3,0,0.25916645846956465,0.2591664584696236,-5.895284260759581e-14,0,0.0
b0933,,5,4,0.25916645846956465,0.2591664584696331,-6.84452494681409e-14,0,1.3360641361546078e-08
b0936,,5,4,0.25916645846956465,0.2591664584696331,-6.84452494681409e-14,0,1.3360641361546078e-08
b0365,,3,0,0.25916645846956465,0.2591664584696236,-5.895284260759581e-14,0,0.0
b0366,,3,0,0.25916645846956465,0.2591664584696236,-5.895284260759581e-14,0,0.0
b1216,,3,0,0.25916645846956465,0.25916645846960423,-3.957945082788683e-14,0,0.0
b4132,,1,0,0.25916645846956465,0.25916645846956465,0.0,0,0.0
b3942,,1,0,0.25916645846956465,0.25916645846956465,0.0,0,0.0
b1732,,1,0,0.25916645846956465,0.25916645846956465,0.0,0,0.0
b3196,,1,422,0.25916645846956465,0.0,0.25916645846956465,1,1036.4150855736175
b1270,,2,4,0.25916645846956465,0.25916645846957875,-1.4099832412739488e-14,0,7.278787611032627e-06
b2874,,1,48,0.25916645846956465,0.25916645846960146,-3.680389326632394e-14,0,0.29396649184246704
b0521,,1,48,0.25916645846956465,0.25916645846960146,-3.680389326632394e-14,0,0.29396649184246704
b0323,,1,48,0.25916645846956465,0.25916645846960146,-3.680389326632394e-14,0,0.29396649184246704
b0033,,1,0,0.25916645846956465,0.25916645846956465,0.0,0,0.0
b0032,,1,0,0.25916645846956465,0.25916645846956465,0.0,0,0.0
b0444,,1,4,0.25916645846956465,0.2591664584695937,-2.9032332093947844e-14,0,1.3360641350421143e-08
b3469,,6,0,0.25916645846956465,0.25916645846956465,0.0,0,0.0
b3915,,7,0,0.25916645846956465,0.2591664584696458,-8.115730310009894e-14,0,0.0
b0752,,5,0,0.25916645846956465,0.25916645846960956,-4.490852134608758e-14,0,0.0
b3040,,6,422,0.25916645846956465,0.0,0.25916645846956465,1,1036.415085573617
b3918,,7,0,0.25916645846956465,0.259166458469574,-9.325873406851315e-15,0,0.0
b2794,,1,1,0.25916645846956465,0.25916648027238975,-2.180282510089171e-08,0,1.3721932522803012e-12
b1208,,1,422,0.25916645846956465,0.0,0.25916645846956465,1,1036.4150855736173
b1661,,4,4,0.25916645846956465,0.259166458469579,-1.432187701766452e-14,0,7.278787611032633e-06
b2129,,2,0,0.25916645846956465,0.25916645846956465,0.0,0,0.0
b2128,,2,0,0.25916645846956465,0.25916645846956465,0.0,0,0.0
b2131,,2,0,0.25916645846956465,0.25916645846956465,0.0,0,0.0
b2130,,2,0,0.25916645846956465,0.25916645846956465,0.0,0,0.0
b1801,,3,0,0.25916645846956465,0.2591664584696234,-5.873079800267078e-14,0,0.0
b0314,,1,4,0.25916645846956465,0.2591664584696079,-4.324318680914985e-14,0,1.3360641370361054e-08
b0311,,1,4,0.25916645846956465,0.2591664584696309,-6.622480341889059e-14,0,1.3360641367596997e-08
b2600,,2,422,0.25916645846956465,0.0,0.25916645846956465,1,1036.415085573617
b2599,,2,422,0.25916645846956465,0.0,0.25916645846956465,1,1036.415085573617
b2329,,1,422,0.25916645846956465,0.0,0.25916645846956465,1,1036.4150855736166
b4039,,1,422,0.25916645846956465,0.0,0.25916645846956465,1,1036.4150855736175
b2542,,2,0,0.25916645846956465,0.259166458469612,-4.7351012000262926e-14,0,0.0
b2540,,2,0,0.25916645846956465,0.2591664584696444,-7.97695243193175e-14,0,0.0
b2538,,2,0,0.25916645846956465,0.2591664584696444,-7.97695243193175e-14,0,0.0
b2539,,2,0,0.25916645846956465,0.2591664584696444,-7.97695243193175e-14,0,0.0
b0617,,1,0,0.25916645846956465,0.2591664584696385,-7.382983113757291e-14,0,0.0
b0614,,1,0,0.25916645846956465,0.2591664584696385,-7.382983113757291e-14,0,0.0
b0616,,1,0,0.25916645846956465,0.2591664584696385,-7.382983113757291e-14,0,0.0
b0615,,1,0,0.25916645846956465,0.2591664584696385,-7.382983113757291e-14,0,0.0
b0612,,1,4,0.25916645846956465,0.2591664584696313,-6.666889262874065e-14,0,1.3360641364151125e-08
b0789,,7,4,0.25916645846956465,0.2591664584695993,-3.4638958368304884e-14,0,1.3360641357615535e-08
b1249,,7,4,0.25916645846956465,0.2591664584695993,-3.4638958368304884e-14,0,1.3360641357615535e-08
b0155,,1,422,0.25916645846956465,0.0,0.25916645846956465,1,1036.415085573617
b1592,,1,422,0.25916645846956465,0.0,0.25916645846956465,1,1036.415085573617
b3035,,9,0,0.25916645846956465,0.2591664584695808,-1.6153745008296028e-14,0,0.0
b2470,,7,0,0.25916645846956465,0.25916645846956465,0.0,0,0.0
b0463,,7,0,0.25916645846956465,0.25916645846956465,0.0,0,0.0
b0462,,7,0,0.25916645846956465,0.25916645846956465,0.0,0,0.0
b3816,,3,422,0.25916645846956465,0.0,0.25916645846956465,1,1036.4150855736175
b2174,,1,0,0.25916645846956465,0.25916645846959996,-3.530509218307998e-14,0,0.0
b0914,,32,422,0.25916645846956465,0.0,0.25916645846956465,1,1036.4150855736173
b1102,,1,4,0.25916645846956465,0.25916645846958314,-1.8485213360008856e-14,0,7.27878761103275e-06
b2765,,1,0,0.25916645846956465,0.2591664584695834,-1.8762769116165146e-14,0,0.0
b0783,,1,422,0.25916645846956465,0.0,0.25916645846956465,1,1036.4150855736173
b0781,,1,422,0.25916645846956465,0.0,0.25916645846956465,1,1036.4150855736177
b2436,,1,58,0.25916645846956465,0.2591664584695838,-1.915134717478395e-14,0,7.722230082672729e-06
b3867,,1,0,0.25916645846956465,0.2591664584695905,-2.5868196473766147e-14,0,0.0
b0038,,2,0,0.25916645846956465,0.2591664584696434,-7.877032359715486e-14,0,0.0
b0037,,3,0,0.25916645846956465,0.25916645846956465,0.0,0,0.0
b0036,,2,0,0.25916645846956465,0.259166458469592,-2.736699755701011e-14,0,0.0
b2679,,4,0,0.25916645846956465,0.25916645846956465,0.0,0,0.0
b2677,,4,0,0.25916645846956465,0.25916645846956465,0.0,0,0.0
b2678,,4,0,0.25916645846956465,0.25916645846956465,0.0,0,0.0
b4111,,5,0,0.25916645846956465,0.25916645846960723,-4.2577052994374753e-14,0,0.0
b0040,,2,0,0.25916645846956465,0.2591664584696016,-3.697042672001771e-14,0,0.0
b0720,,1,423,0.25916645846956465,0.0,0.25916645846956465,1,1081.9247989578596
b0337,,1,8,0.25916645846956465,0.259166458469696,-1.3133938381315602e-13,0,7.29214825244427e-06
b0336,,1,0,0.25916645846956465,0.25916645846963426,-6.961098364399732e-14,0,0.0
b3846,,19,126,0.25916645846956465,0.2591664584696394,-7.477352070850429e-14,0,3.3331815143974928
b2780,,1,422,0.25916645846956465,0.0,0.25916645846956465,1,1036.415085573617
b0123,,2,4,0.25916645846956465,0.2591664584696182,-5.35682609381638e-14,0,7.278787611033736e-06
b0484,,1,0,0.25916645846956465,0.25916645846956465,0.0,0,0.0
b3425,,1,4,0.25916645846956465,0.25916645846960273,-3.808064974464287e-14,0,1.3360641356790604e-08
b1308,,1,0,0.25916645846956465,0.25916645846956465,0.0,0,0.0
b0340,,1,0,0.25916645846956465,0.2591664584695669,-2.220446049250313e-15,0,0.0
b0341,,1,0,0.25916645846956465,0.2591664584696061,-4.1466829969749597e-14,0,0.0
b1919,,1,4,0.25916645846956465,0.2591664584695417,2.2926105458509483e-14,0,1.336064132299851e-08
b3008,,2,422,0.25916645846956465,0.0,0.25916645846956465,1,1036.4150855736168
b3708,,3,55,0.25916645846956465,0.25916645846955816,6.494804694057166e-15,0,0.0038626337235273503
b2414,,1,422,0.25916645846956465,0.0,0.25916645846956465,1,1036.4150855736166
b2421,,1,422,0.25916645846956465,0.0,0.25916645846956465,1,1036.4150855736166
b2810,,1,0,0.25916645846956465,0.2591664584696057,-4.1022740759899534e-14,0,0.0
b1622,,1,422,0.25916645846956465,0.0,0.25916645846956465,1,1036.4150855736168
b0526,,1,4,0.25916645846956465,0.2591664584696211,-5.645484080218921e-14,0,7.2787876110338175e-06
b0886,,2,4,0.25916645846956465,0.2591664584695789,-1.426636586643326e-14,0,1.3360641341735452e-08
b0887,,2,4,0.25916645846956465,0.2591664584695789,-1.426636586643326e-14,0,1.3360641341735452e-08
b0978,,2,0,0.25916645846956465,0.25916645846966774,-1.0308420783644578e-13,0,0.0
b0979,,2,0,0.25916645846956465,0.25916645846966774,-1.0308420783644578e-13,0,0.0
b0734,,1,0,0.25916645846956465,0.25916645846956465,0.0,0,0.0
b0733,,1,0,0.25916645846956465,0.25916645846956465,0.0,0,0.0
b0432,,1,59,0.25916645846956465,0.25916645846958747,-2.2815083156046967e-14,0,522.5369435000607
b0430,,1,59,0.25916645846956465,0.25916645846958747,-2.2815083156046967e-14,0,522.5369435000607
b0429,,1,59,0.25916645846956465,0.25916645846958747,-2.2815083156046967e-14,0,522.5369435000607
b0431,,1,59,0.25916645846956465,0.25916645846958747,-2.2815083156046967e-14,0,522.5369435000607
b2143,,2,0,0.25916645846956465,0.2591664584695877,-2.3037127760971998e-14,0,0.0
b0651,,2,4,0.25916645846956465,0.25916645846957453,-9.880984919163893e-15,0,1.3360641340361025e-08
b2162,,2,4,0.25916645846956465,0.25916645846957453,-9.880984919163893e-15,0,1.3360641340361025e-08
b2066,,2,0,0.25916645846956465,0.25916645846956465,0.0,0,0.0
b0910,,3,422,0.25916645846956465,0.0,0.25916645846956465,1,1036.415085573617
b2975,,3,0,0.25916645846956465,0.2591664584696244,-5.972999872483342e-14,0,0.0
b3603,,3,0,0.25916645846956465,0.25916645846961794,-5.3290705182007514e-14,0,0.0
b1189,,1,0,0.25916645846956465,0.25916645846956465,0.0,0,0.0
b4042,,7,0,0.25916645846956465,0.25916645846956465,0.0,0,0.0
b2871,,1,0,0.25916645846956465,0.25916645846955144,1.3211653993039363e-14,0,0.0
b2838,,1,422,0.25916645846956465,0.0,0.25916645846956465,1,1036.415085573617
b3809,,1,422,0.25916645846956465,0.0,0.25916645846956465,1,1036.4150855736177
b0175,,7,422,0.25916645846956465,0.0,0.25916645846956465,1,1036.4150855736168
b3041,,1,422,0.25916645846956465,0.0,0.25916645846956465,1,1036.4150855736154
b0778,,1,422,0.25916645846956465,0.0,0.25916645846956465,1,1036.415085573617
b1734,,1,4,0.25916645846956465,0.25916645846960373,-3.907985046680551e-14,0,7.278787611033328e-06
b2065,,1,0,0.25916645846956465,0.25916645846956465,0.0,0,0.0
b2344,,7,0,0.25916645846956465,0.25916645846960046,-3.58046925441613e-14,0,0.0
b3693,,1,0,0.25916645846956465,0.25916645846962066,-5.601075159233915e-14,0,0.0
b3909,,2,0,0.25916645846956465,0.2591664584695824,-1.7763568394002505e-14,0,0.0
b3526,,1,0,0.25916645846956465,0.25916645846966024,-9.559020242022598e-14,0,0.0
b1704,,1,422,0.25916645846956465,0.0,0.25916645846956465,1,1036.4150855736186
b2601,,1,422,0.25916645846956465,0.0,0.25916645846956465,1,1036.415085573621
b0754,,1,422,0.25916645846956465,0.0,0.25916645846956465,1,1036.4150855736161
b4477,,1,4,0.25916645846956465,0.259166458469569,-4.3298697960381105e-15,0,7.278787611032353e-06
b3648,,2,422,0.25916645846956465,0.0,0.25916645846956465,1,1036.4150855736164
b1393,,1,4,0.25916645846956465,0.25916645846957925,-1.459943277382081e-14,0,7.278787611032642e-06
b3771,,2,422,0.25916645846956465,0.0,0.25916645846956465,1,1036.415085573617
b1198,,1,57,0.25916645846956465,0.25916645846961645,-5.179190409876355e-14,0,0.7627115087482279
b1199,,1,57,0.25916645846956465,0.25916645846955016,1.4488410471358293e-14,0,0.7627115087475158
b1200,,1,57,0.25916645846956465,0.25916645846955016,1.4488410471358293e-14,0,0.7627115087475158
b0596,,1,0,0.25916645846956465,0.25916645846964653,-8.18789480661053e-14,0,0.0
b0594,,1,0,0.25916645846956465,0.25916645846956465,0.0,0,0.0
b2541,,2,0,0.25916645846956465,0.2591664584695818,-1.715294573045867e-14,0,0.0
b0348,,2,4,0.25916645846956465,0.2591664584695817,-1.7041923427996153e-14,0,1.3360641343938371e-08
b0031,,1,422,0.25916645846956465,0.0,0.25916645846956465,1,1036.4150855736168
b2478,,1,422,0.25916645846956465,0.0,0.25916645846956465,1,1036.4150855736177
b0048,,1,422,0.25916645846956465,0.0,0.25916645846956465,1,1036.415085573617
b1606,,2,422,0.25916645846956465,0.0,0.25916645846956465,1,1036.4150855736175
b2315,,1,422,0.25916645846956465,0.0,0.25916645846956465,1,1036.4150855736186
b3930,,1,4,0.25916645846956465,0.2591664584696292,-6.455946888195285e-14,0,7.2787876110340445e-06
b2262,,1,0,0.25916645846956465,0.2591664584696033,-3.863576125695545e-14,0,0.0
b0736,,1,0,0.25916645846956465,0.2591664584696392,-7.455147610357926e-14,0,0.0
b3058,,2,422,0.25916645846956465,0.0,0.25916645846956465,1,1036.4150855736166
b0945,,2,11,0.25916645846956465,0.259166458469601,-3.6359804056473877e-14,0,0.02205668909470697
b1062,,1,422,0.25916645846956465,0.0,0.25916645846956465,1,1036.4150855736175
b3177,,1,422,0.25916645846956465,0.0,0.25916645846956465,1,1036.415085573618
b0578,,2,0,0.25916645846956465,0.25916645846963177,-6.711298183859071e-14,0,0.0
b2303,,1,0,0.25916645846956465,0.25916645846962394,-5.928590951498336e-14,0,0.0
b3389,,1,422,0.25916645846956465,0.0,0.25916645846956465,1,1036.4150855736184
b1693,,1,422,0.25916645846956465,0.0,0.25916645846956465,1,1036.4150855736168
b0421,,2,422,0.25916645846956465,0.0,0.25916645846956465,1,1036.415085573617
b0029,,2,422,0.25916645846956465,0.0,0.25916645846956465,1,1036.4150855736182
b2232,,2,4,0.25916645846956465,0.2591664584696045,-3.985700658404312e-14,0,7.27878761103335e-06
b1588,,3,0,0.25916645846956465,0.25916645846956465,0.0,0,0.0
b0895,,4,0,0.25916645846956465,0.25916645846960606,-4.141131881851834e-14,0,0.0
b1587,,3,0,0.25916645846956465,0.25916645846956465,0.0,0,0.0
b0894,,4,0,0.25916645846956465,0.25916645846960606,-4.141131881851834e-14,0,0.0
b1590,,3,0,0.25916645846956465,0.25916645846956465,0.0,0,0.0
b0896,,4,0,0.25916645846956465,0.25916645846960606,-4.141131881851834e-14,0,0.0
b1589,,3,0,0.25916645846956465,0.25916645846956465,0.0,0,0.0
b1872,,4,0,0.25916645846956465,0.25916645846956465,0.0,0,0.0
b1873,,4,0,0.25916645846956465,0.25916645846956465,0.0,0,0.0
b0099,,3,422,0.25916645846956465,0.0,0.25916645846956465,1,1036.4150855736161
b1865,,2,422,0.25916645846956465,0.0,0.25916645846956465,1,1036.4150855736173
b3575,,1,4,0.25916645846956465,0.25916645846958786,-2.3203661214665772e-14,0,7.278787611032882e-06
b0103,,1,422,0.25916645846956465,0.0,0.25916645846956465,1,1036.4150855736164
b3774,,3,422,0.25916645846956465,0.0,0.25916645846956465,1,1036.41508557362
b0425,,1,422,0.25916645846956465,0.0,0.25916645846956465,1,1036.4150855736268
b4381,,1,0,0.25916645846956465,0.25916645846960734,-4.268807529683727e-14,0,0.0
b1185,,2,0,0.25916645846956465,0.2591664584695648,-1.6653345369377348e-16,0,0.0
b3860,,2,0,0.25916645846956465,0.2591664584695648,-1.6653345369377348e-16,0,0.0
b2893,,2,0,0.25916645846956465,0.25916645846958536,-2.070565940925917e-14,0,0.0
b2582,,10,9,0.25916645846956465,0.2591664584695878,-2.3148150063434514e-14,0,0.020633970992859366
b4136,,3,0,0.25916645846956465,0.25916645846960545,-4.08006961549745e-14,0,0.0
b3781,,10,9,0.25916645846956465,0.2591664584695878,-2.3148150063434514e-14,0,0.020633970992859366
b0604,,2,4,0.25916645846956465,0.2591664584696219,-5.723199691942682e-14,0,1.3360641366670166e-08
b4122,,2,76,0.25916645846956465,0.2591664584696209,-5.623279619726418e-14,0,67.61101504069711
b1098,,1,422,0.25916645846956465,0.0,0.25916645846956465,1,1036.4150855736173
b2146,,1,4,0.25916645846956465,0.25916645846957864,-1.3988810110276972e-14,0,7.278787611032626e-06
b2147,,1,0,0.25916645846956465,0.2591664584696514,-8.676392937445598e-14,0,0.0
b1238,,2,0,0.25916645846956465,0.25916645846961267,-4.801714581503802e-14,0,0.0
b4384,,7,7,0.25916645846956465,0.25916645846961195,-4.729550084903167e-14,0,2.129539779133936e-07
b4382,,2,0,0.25916645846956465,0.2591664584695782,-1.354472090042691e-14,0,0.0
b2251,,3,61,0.25916645846956465,0.2591664584696126,-4.796163466380676e-14,0,0.0008639464175411332
b3640,,1,61,0.25916645846956465,0.2591664584696126,-4.796163466380676e-14,0,0.0008639464175411332
b0173,,1,422,0.25916645846956465,0.0,0.25916645846956465,1,1036.4150855736186
b0420,,1,422,0.25916645846956465,0.0,0.25916645846956465,1,1036.4150855736145
b3564,,2,0,0.25916645846956465,0.2591664584696104,-4.574118861455645e-14,0,0.0
b1779,,2,429,0.25916645846956465,0.0,0.25916645846956465,1,1012.4323932997349
b2927,,1,422,0.25916645846956465,0.0,0.25916645846956465,1,1036.4150855736175
b1288,,26,422,0.25916645846956465,0.0,0.25916645846956465,1,1036.4150855736177
b3622,,2,4,0.25916645846956465,0.25916645846961095,-4.629630012686903e-14,0,7.278787611033533e-06
b3793,,3,0,0.25916645846956465,0.2591664584695682,-3.552713678800501e-15,0,0.0
b3785,,3,0,0.25916645846956465,0.2591664584695682,-3.552713678800501e-15,0,0.0
b3792,,1,0,0.25916645846956465,0.25916645846959396,-2.930988785010413e-14,0,0.0
b2341,,16,126,0.25916645846956465,0.2591664584696319,-6.722400414105323e-14,0,3.3331815143957226
b1850,,2,0,0.25916645846956465,0.25916645846959974,-3.5083047578154947e-14,0,0.0
b1851,,1,0,0.25916645846956465,0.2591664584696637,-9.903189379656396e-14,0,0.0
b1054,,1,0,0.25916645846956465,0.2591664584696345,-6.983302824892235e-14,0,0.0
b1855,,2,4,0.25916645846956465,0.25916645846961567,-5.101474798152594e-14,0,1.3360641361859421e-08
b2378,,1,0,0.25916645846956465,0.25916645846960845,-4.3798298321462426e-14,0,0.0
b2779,,1,77,0.25916645846956465,0.2591664584696248,-6.017408793468348e-14,0,184.51970968150175
b0583,,1,4,0.25916645846956465,0.25916645846960734,-4.268807529683727e-14,0,1.3360641357198523e-08
b0585,,2,0,0.25916645846956465,0.2591664584696154,-5.0737192225369654e-14,0,0.0
b2441,,1,0,0.25916645846956465,0.25916645846960773,-4.3076653355456074e-14,0,0.0
b2440,,1,0,0.25916645846956465,0.25916645846960773,-4.3076653355456074e-14,0,0.0
b3946,,1,60,0.25916645846956465,0.2591664584696085,-4.3853809472693683e-14,0,0.7627114862855704
b0825,,1,60,0.25916645846956465,0.2591664584696085,-4.3853809472693683e-14,0,0.7627114862855704
b0822,,5,4,0.25916645846956465,0.2591664584695622,2.4424906541753444e-15,0,1.3360641336665071e-08
b3666,,4,0,0.25916645846956465,0.2591664584696566,-9.192646643896296e-14,0,0.0
b0404,,7,0,0.25916645846956465,0.2591664584696082,-4.3520742565306136e-14,0,0.0
b0452,,10,126,0.25916645846956465,0.25916645846960057,-3.5915714846623814e-14,0,3.3331815143894903
b1805,,10,0,0.25916645846956465,0.25916645846955577,8.881784197001252e-15,0,0.0
b1701,,10,0,0.25916645846956465,0.25916645846955577,8.881784197001252e-15,0,0.0
b3844,,6,46,0.25916645846956465,0.2591664584696384,-7.377431998634165e-14,0,1.471748814348604
b2764,,4,422,0.25916645846956465,0.0,0.25916645846956465,1,1036.4150855736166
b2763,,4,422,0.25916645846956465,0.0,0.25916645846956465,1,1036.4150855736173
b2925,,2,55,0.25916645846956465,0.2591664584695844,-1.9761969838327786e-14,0,23.594059469027858
b1773,,1,48,0.25916645846956465,0.2591664584696229,-5.823119764158946e-14,0,13.433218968668557
b2097,,1,48,0.25916645846956465,0.2591664584696229,-5.823119764158946e-14,0,13.433218968668557
b3925,,1,0,0.25916645846956465,0.25916645846956465,0.0,0,0.0
b2930,,1,0,0.25916645846956465,0.25916645846956465,0.0,0,0.0
b4232,,1,0,0.25916645846956465,0.25916645846956465,0.0,0,0.0
b2802,,1,0,0.25916645846956465,0.2591664584696301,-6.544764730165298e-14,0,0.0
b2803,,1,0,0.25916645846956465,0.25916645846956465,0.0,0,0.0
b2738,,1,0,0.25916645846956465,0.25916645846961056,-4.590772206825022e-14,0,0.0
b2800,,1,0,0.25916645846956465,0.25916645846961056,-4.590772206825022e-14,0,0.0
b0475,,1,422,0.25916645846956465,0.0,0.25916645846956465,1,1036.415085573617
b1476,,2,4,0.25916645846956465,0.25916645846961445,-4.979350265443827e-14,0,7.278787611033631e-06
b1474,,2,0,0.25916645846956465,0.2591664584696324,-6.772360450213455e-14,0,0.0
b1475,,2,0,0.25916645846956465,0.2591664584696324,-6.772360450213455e-14,0,0.0
b3892,,2,0,0.25916645846956465,0.2591664584696324,-6.772360450213455e-14,0,0.0
b3893,,2,0,0.25916645846956465,0.2591664584696324,-6.772360450213455e-14,0,0.0
b3894,,2,0,0.25916645846956465,0.2591664584696324,-6.772360450213455e-14,0,0.0
b0935,,5,0,0.25916645846956465,0.25916645846959174,-2.708944180085382e-14,0,0.0
b3409,,1,0,0.25916645846956465,0.25916645846956465,0.0,0,0.0
b2392,,2,0,0.25916645846956465,0.25916645846956465,0.0,0,0.0
b4290,,1,0,0.25916645846956465,0.25916645846958347,-1.8818280267396403e-14,0,0.0
b4288,,1,0,0.25916645846956465,0.25916645846958347,-1.8818280267396403e-14,0,0.0
b4287,,1,0,0.25916645846956465,0.25916645846958347,-1.8818280267396403e-14,0,0.0
b4289,,1,0,0.25916645846956465,0.25916645846958347,-1.8818280267396403e-14,0,0.0
b4291,,1,0,0.25916645846956465,0.25916645846958347,-1.8818280267396403e-14,0,0.0
b0589,,2,4,0.25916645846956465,0.25916645846960384,-3.9190872769268026e-14,0,1.336064135443745e-08
b0588,,2,4,0.25916645846956465,0.25916645846960384,-3.9190872769268026e-14,0,1.336064135443745e-08
b0592,,2,4,0.25916645846956465,0.25916645846960384,-3.9190872769268026e-14,0,1.336064135443745e-08
b0590,,2,4,0.25916645846956465,0.25916645846960384,-3.9190872769268026e-14,0,1.336064135443745e-08
b2155,,1,0,0.25916645846956465,0.2591664584696051,-4.0467629247586956e-14,0,0.0
b0805,,1,0,0.25916645846956465,0.2591664584696051,-4.0467629247586956e-14,0,0.0
b0150,,3,0,0.25916645846956465,0.25916645846965525,-9.059419880941277e-14,0,0.0
b0584,,1,0,0.25916645846956465,0.25916645846960146,-3.680389326632394e-14,0,0.0
b0591,,1,4,0.25916645846956465,0.2591664584695623,2.3314683517128287e-15,0,1.3360641333284394e-08
b4367,,3,0,0.25916645846956465,0.2591664584696458,-8.115730310009894e-14,0,0.0
b4209,,1,50,0.25916645846956465,0.25916645846955333,1.1324274851176597e-14,0,2.406243794604769e-05
b2486,,1,0,0.25916645846956465,0.25916645846956465,0.0,0,0.0
b4079,,1,0,0.25916645846956465,0.25916645846956465,0.0,0,0.0
b2722,,2,0,0.25916645846956465,0.25916645846956465,0.0,0,0.0
b2483,,1,0,0.25916645846956465,0.25916645846956465,0.0,0,0.0
b2719,,2,0,0.25916645846956465,0.25916645846956465,0.0,0,0.0
b2723,,2,0,0.25916645846956465,0.25916645846956465,0.0,0,0.0
b2721,,2,0,0.25916645846956465,0.25916645846956465,0.0,0,0.0
b2481,,1,0,0.25916645846956465,0.25916645846956465,0.0,0,0.0
b2485,,1,0,0.25916645846956465,0.25916645846956465,0.0,0,0.0
b2484,,1,0,0.25916645846956465,0.25916645846956465,0.0,0,0.0
b2724,,2,0,0.25916645846956465,0.25916645846956465,0.0,0,0.0
b2482,,1,0,0.25916645846956465,0.25916645846956465,0.0,0,0.0
b2489,,1,0,0.25916645846956465,0.25916645846956465,0.0,0,0.0
b2720,,2,0,0.25916645846956465,0.25916645846956465,0.0,0,0.0
b2488,,1,0,0.25916645846956465,0.25916645846956465,0.0,0,0.0
b2490,,1,0,0.25916645846956465,0.25916645846956465,0.0,0,0.0
b2487,,1,0,0.25916645846956465,0.25916645846956465,0.0,0,0.0
b3924,,5,61,0.25916645846956465,0.2591664584695666,-1.942890293094024e-15,0,0.004692901693974927
b0684,,7,422,0.25916645846956465,0.0,0.25916645846956465,1,1036.4150855736164
b2895,,7,422,0.25916645846956465,0.0,0.25916645846956465,1,1036.4150855736148
b3288,,1,4,0.25916645846956465,0.25916645846962033,-5.56776846849516e-14,0,7.2787876110337955e-06
b0025,,2,422,0.25916645846956465,0.0,0.25916645846956465,1,1036.4150855736166
b0937,,2,4,0.25916645846956465,0.25916645846959874,-3.4083846855992306e-14,0,7.278787611033189e-06
b2912,,1,0,0.25916645846956465,0.25916645846956465,0.0,0,0.0
b2374,,1,0,0.25916645846956465,0.2591664584695917,-2.7033930649622562e-14,0,0.0
b2492,,2,0,0.25916645846956465,0.25916645846960884,-4.418687638008123e-14,0,0.0
b0904,,2,0,0.25916645846956465,0.25916645846960884,-4.418687638008123e-14,0,0.0
b4154,,2,0,0.25916645846956465,0.25916645846959974,-3.5083047578154947e-14,0,0.0
b4152,,2,0,0.25916645846956465,0.25916645846959974,-3.5083047578154947e-14,0,0.0
b4153,,2,0,0.25916645846956465,0.25916645846959974,-3.5083047578154947e-14,0,0.0
b4151,,2,0,0.25916645846956465,0.25916645846959974,-3.5083047578154947e-14,0,0.0
b2168,,1,0,0.25916645846956465,0.25916645846961955,-5.490052856771399e-14,0,0.0
b3371,,1,4,0.25916645846956465,0.259166458469571,-6.328271240363392e-15,0,1.336064133977995e-08
b4474,,1,0,0.25916645846956465,0.25916645846962594,-6.128431095930864e-14,0,0.0
b3374,,1,4,0.25916645846956465,0.25916645846958747,-2.2815083156046967e-14,0,1.3360641348530296e-08
b3370,,2,0,0.25916645846956465,0.25916645846960756,-4.29101199017623e-14,0,0.0
b4321,,2,0,0.25916645846956465,0.2591664584696775,-1.1285417045314716e-13,0,0.0
b2169,,1,0,0.25916645846956465,0.2591664584696257,-6.106226635438361e-14,0,0.0
b2167,,1,0,0.25916645846956465,0.2591664584696257,-6.106226635438361e-14,0,0.0
b1232,,1,0,0.25916645846956465,0.2591664584695678,-3.164135620181696e-15,0,0.0
b2801,,1,0,0.25916645846956465,0.25916645846956465,0.0,0,0.0
b1611,,1,76,0.25916645846956465,0.2591664584696965,-1.3183898417423734e-13,0,67.6110150406858
b1612,,1,76,0.25916645846956465,0.2591664584696965,-1.3183898417423734e-13,0,67.6110150406858
b0621,,4,0,0.25916645846956465,0.25916645846956465,0.0,0,0.0
b3730,,2,422,0.25916645846956465,0.0,0.25916645846956465,1,1036.415085573617
b1002,,2,0,0.25916645846956465,0.2591664584695835,-1.887379141862766e-14,0,0.0
b3789,,1,4,0.25916645846956465,0.2591664584695883,-2.3647750424515834e-14,0,1.3360641348926138e-08
b2039,,1,4,0.25916645846956465,0.2591664584695883,-2.3647750424515834e-14,0,1.3360641348926138e-08
b0154,,1,422,0.25916645846956465,0.0,0.25916645846956465,1,1036.4150855736173
b2533,,2,4,0.25916645846956465,0.2591664584695969,-3.22519788653608e-14,0,7.278787611033138e-06
b4055,,17,0,0.25916645846956465,0.25916645846963027,-6.561418075534675e-14,0,0.0
b4041,,7,10,0.25916645846956465,0.2591664584696289,-6.42264019745653e-14,0,0.001960499017306901
b3451,,7,0,0.25916645846956465,0.25916645846961117,-4.651834473179406e-14,0,0.0
b3452,,7,0,0.25916645846956465,0.25916645846961117,-4.651834473179406e-14,0,0.0
b3453,,7,0,0.25916645846956465,0.25916645846961117,-4.651834473179406e-14,0,0.0
b3450,,7,0,0.25916645846956465,0.25916645846961117,-4.651834473179406e-14,0,0.0
b3608,,1,422,0.25916645846956465,0.0,0.25916645846956465,1,1036.4150855736152
b2242,,3,0,0.25916645846956465,0.2591664584695925,-2.786659791809143e-14,0,0.0
b2241,,3,0,0.25916645846956465,0.259166458469649,-8.432143872028064e-14,0,0.0
b2243,,3,0,0.25916645846956465,0.259166458469649,-8.432143872028064e-14,0,0.0
b3426,,1,0,0.25916645846956465,0.259166458469649,-8.432143872028064e-14,0,0.0
b0243,,1,55,0.25916645846956465,0.25916645846958974,-2.5091040356528538e-14,0,0.050124054170154385
b0678,,1,0,0.25916645846956465,0.2591664584696195,-5.484501741648273e-14,0,0.0
b1852,,1,51,0.25916645846956465,0.2591664584696357,-7.105427357601002e-14,0,8.687419700599468
b3128,,1,0,0.25916645846956465,0.2591664584696212,-5.6565863104651726e-14,0,0.0
b4358,,1,0,0.25916645846956465,0.25916645846956465,0.0,0,0.0
b4478,,1,0,0.25916645846956465,0.2591664584695762,-1.1546319456101628e-14,0,0.0
b4356,,1,0,0.25916645846956465,0.25916645846956465,0.0,0,0.0
b3691,,1,0,0.25916645846956465,0.25916645846958,-1.532107773982716e-14,0,0.0
b3127,,3,0,0.25916645846956465,0.2591664584695733,-8.659739592076221e-15,0,0.0
b2789,,3,0,0.25916645846956465,0.2591664584695733,-8.659739592076221e-15,0,0.0
b0757,,1,0,0.25916645846956465,0.2591664584696262,-6.156186671546493e-14,0,0.0
b2045,,1,0,0.25916645846956465,0.2591664584696262,-6.156186671546493e-14,0,0.0
b0756,,1,0,0.25916645846956465,0.25916645846956676,-2.1094237467877974e-15,0,0.0
b4119,,1,0,0.25916645846956465,0.25916645846960906,-4.440892098500626e-14,0,0.0
b3628,,1,0,0.25916645846956465,0.25916645846959496,-3.0309088572266774e-14,0,0.0
b2093,,1,4,0.25916645846956465,0.2591664584696966,-1.3195000647669985e-13,0,1.3360641403217155e-08
b2092,,1,4,0.25916645846956465,0.2591664584696966,-1.3195000647669985e-13,0,1.3360641403217155e-08
b2094,,1,4,0.25916645846956465,0.2591664584696966,-1.3195000647669985e-13,0,1.3360641403217155e-08
b3093,,2,0,0.25916645846956465,0.25916645846956465,0.0,0,0.0
b1236,,1,0,0.25916645846956465,0.2591664584695941,-2.942091015256665e-14,0,0.0
b4230,,2,0,0.25916645846956465,0.25916645846956465,0.0,0,0.0
b2148,,2,0,0.25916645846956465,0.25916645846956465,0.0,0,0.0
b2149,,2,0,0.25916645846956465,0.25916645846956465,0.0,0,0.0
b2150,,2,0,0.25916645846956465,0.25916645846956465,0.0,0,0.0
b4231,,2,0,0.25916645846956465,0.25916645846956465,0.0,0,0.0
b4485,,2,0,0.25916645846956465,0.25916645846956465,0.0,0,0.0
b4227,,2,0,0.25916645846956465,0.25916645846956465,0.0,0,0.0
b2943,,2,0,0.25916645846956465,0.25916645846958575,-2.1094237467877974e-14,0,0.0
b2500,,1,59,0.25916645846956465,0.2591664584695693,-4.6629367034256575e-15,0,0.05876628161144695
b1415,,2,422,0.25916645846956465,0.0,0.25916645846956465,1,1036.4150855736166
b2052,,2,0,0.25916645846956465,0.25916645846959835,-3.36952687973735e-14,0,0.0
b2784,,2,0,0.25916645846956465,0.25916645846956465,0.0,0,0.0
b3650,,3,0,0.25916645846956465,0.2591664584696124,-4.773959005888173e-14,0,0.0
b2051,,1,0,0.25916645846956465,0.25916645846956465,0.0,0,0.0
b2467,,1,0,0.25916645846956465,0.25916645846956465,0.0,0,0.0
b3729,,1,422,0.25916645846956465,0.0,0.25916645846956465,1,1036.4150855736173
b1298,,1,0,0.25916645846956465,0.25916645846961656,-5.190292640122607e-14,0,0.0
b1301,,1,0,0.25916645846956465,0.25916645846956465,0.0,0,0.0
b1297,,2,422,0.25916645846956465,0.0,0.25916645846956465,1,1036.4150855736177
b3882,,1,0,0.25916645846956465,0.25916645846958875,-2.4091839634365897e-14,0,0.0
b3432,,1,4,0.25916645846956465,0.25916645846955405,1.0602629885170245e-14,0,1.3360641328413511e-08
b0459,,2,0,0.25916645846956465,0.2591664584696301,-6.544764730165298e-14,0,0.0
b0124,,1,0,0.25916645846956465,0.2591664584696297,-6.505906924303417e-14,0,0.0
b0837,,1,0,0.25916645846956465,0.2591664584696297,-6.505906924303417e-14,0,0.0
b4476,,1,0,0.25916645846956465,0.2591664584696775,-1.1285417045314716e-13,0,0.0
b3415,,1,0,0.25916645846956465,0.2591664584696775,-1.1285417045314716e-13,0,0.0
b3417,,5,4,0.25916645846956465,0.25916645846958336,-1.8707257964933888e-14,0,1.3360641345035469e-08
b3428,,2,4,0.25916645846956465,0.2591664584696302,-6.55586696041155e-14,0,1.336064136549957e-08
b3126,,1,0,0.25916645846956465,0.2591664584695303,3.4361402612148595e-14,0,0.0
b2787,,1,0,0.25916645846956465,0.2591664584696413,-7.666089985036706e-14,0,0.0
b2788,,1,0,0.25916645846956465,0.2591664584696413,-7.666089985036706e-14,0,0.0
b3429,,1,0,0.25916645846956465,0.259166458469563,1.6653345369377348e-15,0,0.0
b3631,,1,0,0.25916645846956465,0.2591664584696479,-8.326672684688674e-14,0,0.0
b3627,,1,0,0.25916645846956465,0.2591664584696751,-1.1046719095020308e-13,0,0.0
b3626,,1,0,0.25916645846956465,0.2591664584695704,-5.773159728050814e-15,0,0.0
b1621,,2,62,0.25916645846956465,0.2591664584695791,-1.4432899320127035e-14,0,39.89461785982105
b3431,,1,0,0.25916645846956465,0.25916645846958053,-1.587618925213974e-14,0,0.0
b3430,,1,0,0.25916645846956465,0.25916645846956465,0.0,0,0.0
b3870,,1,422,0.25916645846956465,0.0,0.25916645846956465,1,1036.4150855736177
b0680,,1,0,0.25916645846956465,0.25916645846958875,-2.4091839634365897e-14,0,0.0
b0809,,1,0,0.25916645846956465,0.25916645846956465,0.0,0,0.0
b0810,,1,0,0.25916645846956465,0.25916645846956465,0.0,0,0.0
b0811,,1,0,0.25916645846956465,0.25916645846956465,0.0,0,0.0
b2091,,1,4,0.25916645846956465,0.2591664584696416,-7.693845560652335e-14,0,1.336064137549103e-08
b0242,,1,58,0.25916645846956465,0.2591664584697321,-1.674216321134736e-13,0,0.05012108760714819
b1492,,1,0,0.25916645846956465,0.2591664584696608,-9.614531393253856e-14,0,0.0
b2688,,1,0,0.25916645846956465,0.25916645846956465,0.0,0,0.0
b1493,,1,0,0.25916645846956465,0.25916645846954894,1.5709655798445965e-14,0,0.0
b3517,,1,0,0.25916645846956465,0.25916645846954894,1.5709655798445965e-14,0,0.0
b1761,,1,60,0.25916645846956465,0.2591664584696069,-4.2243986086987206e-14,0,23.3741083961783
b1524,,1,0,0.25916645846956465,0.25916645846956227,2.3869795029440866e-15,0,0.0
b0485,,1,0,0.25916645846956465,0.25916645846956227,2.3869795029440866e-15,0,0.0
b2312,,1,422,0.25916645846956465,0.0,0.25916645846956465,1,1036.4150855736166
b3967,,1,422,0.25916645846956465,0.0,0.25916645846956465,1,1036.4150855736184
b3213,,1,0,0.25916645846956465,0.2591664584696236,-5.895284260759581e-14,0,0.0
b3212,,1,4,0.25916645846956465,0.2591664584696444,-7.97695243193175e-14,0,1.3360641391690912e-08
b1210,,1,422,0.25916645846956465,0.0,0.25916645846956465,1,1036.4150855736164
b2400,,1,422,0.25916645846956465,0.0,0.25916645846956465,1,1036.415085573616
b3653,,1,0,0.25916645846956465,0.2591664584695884,-2.375877272697835e-14,0,0.0
b0507,,1,0,0.25916645846956465,0.25916645846956465,0.0,0,0.0
b3927,,3,0,0.25916645846956465,0.25916645846955805,6.6058269965196814e-15,0,0.0
b3617,,1,0,0.25916645846956465,0.2591664584696471,-8.243405957841787e-14,0,0.0
b2240,,1,4,0.25916645846956465,0.25916645846959535,-3.069766663088558e-14,0,1.3360641350418014e-08
b0514,,1,0,0.25916645846956465,0.25916645846956465,0.0,0,0.0
b3124,,1,0,0.25916645846956465,0.25916645846956465,0.0,0,0.0
b2904,,1,55,0.25916645846956465,0.25916645846958236,-1.7708057242771247e-14,0,0.008950560763147599
b2903,,1,55,0.25916645846956465,0.25916645846958236,-1.7708057242771247e-14,0,0.008950560763147599
b2905,,1,55,0.25916645846956465,0.25916645846958236,-1.7708057242771247e-14,0,0.008950560763147599
b1033,,4,0,0.25916645846956465,0.25916645846956465,0.0,0,0.0
b4468,,3,52,0.25916645846956465,0.25916645846965625,-9.159339953157541e-14,0,5.609856676337238e-07
b4467,,3,52,0.25916645846956465,0.25916645846965625,-9.159339953157541e-14,0,5.609856676337238e-07
b2979,,3,52,0.25916645846956465,0.25916645846965625,-9.159339953157541e-14,0,5.609856676337238e-07
b3926,,1,0,0.25916645846956465,0.25916645846960196,-3.730349362740526e-14,0,0.0
b0212,,1,0,0.25916645846956465,0.25916645846956465,0.0,0,0.0
b3559,,1,0,0.25916645846956465,0.2591664584695908,-2.6145752229922437e-14,0,0.0
b3560,,1,0,0.25916645846956465,0.2591664584695908,-2.6145752229922437e-14,0,0.0
b2053,,1,0,0.25916645846956465,0.2591664584696188,-5.412337245047638e-14,0,0.0
b3052,,2,4,0.25916645846956465,0.2591664584695804,-1.5765166949677223e-14,0,1.3360641352209238e-08
b0200,,1,0,0.25916645846956465,0.2591664584695652,-5.551115123125783e-16,0,0.0
b0104,,1,0,0.25916645846956465,0.25916645846956465,0.0,0,0.0
b2507,,1,422,0.25916645846956465,0.0,0.25916645846956465,1,1036.4150855736184
b2029,,1,52,0.25916645846956465,0.25916645846957714,-1.2490009027033011e-14,0,7.237106611224578
b3437,,1,0,0.25916645846956465,0.2591664584696333,-6.866729407306593e-14,0,0.0
b4268,,1,0,0.25916645846956465,0.2591664584696333,-6.866729407306593e-14,0,0.0
b3449,,5,0,0.25916645846956465,0.2591664584696073,-4.263256414560601e-14,0,0.0
b2239,,5,0,0.25916645846956465,0.2591664584695991,-3.447242491461111e-14,0,0.0
b1654,,6,0,0.25916645846956465,0.25916645846964215,-7.749356711883593e-14,0,0.0
b3610,,6,0,0.25916645846956465,0.25916645846964215,-7.749356711883593e-14,0,0.0
b0849,,6,0,0.25916645846956465,0.25916645846964215,-7.749356711883593e-14,0,0.0
b0477,,2,0,0.25916645846956465,0.2591664584696189,-5.42343947529389e-14,0,0.0
b2988,,2,4,0.25916645846956465,0.259166458469606,-4.135580766728708e-14,0,1.3360641357878136e-08
b3500,,1,0,0.25916645846956465,0.2591664584696087,-4.4020342926387457e-14,0,0.0
b1710,,2,0,0.25916645846956465,0.2591664584696071,-4.246603069191224e-14,0,0.0
b3447,,1,0,0.25916645846956465,0.25916645846961656,-5.190292640122607e-14,0,0.0
b0832,,1,0,0.25916645846956465,0.25916645846956465,0.0,0,0.0
b0829,,1,0,0.25916645846956465,0.25916645846956465,0.0,0,0.0
b0831,,1,0,0.25916645846956465,0.25916645846956465,0.0,0,0.0
b0830,,1,0,0.25916645846956465,0.25916645846956465,0.0,0,0.0
b2947,,1,0,0.25916645846956465,0.2591664584696345,-6.983302824892235e-14,0,0.0
b2153,,1,422,0.25916645846956465,0.0,0.25916645846956465,1,1036.4150855736204
b1277,,1,422,0.25916645846956465,0.0,0.25916645846956465,1,1036.4150855736161
b3779,,1,4,0.25916645846956465,0.25916645846961794,-5.3290705182007514e-14,0,7.278787611033729e-06
b2883,,1,0,0.25916645846956465,0.25916645846961356,-4.8905324234738146e-14,0,0.0
b0125,,2,0,0.25916645846956465,0.25916645846956465,0.0,0,0.0
b0238,,3,4,0.25916645846956465,0.25916645846957487,-1.021405182655144e-14,0,1.3360641337015713e-08
b3092,,2,0,0.25916645846956465,0.25916645846960573,-4.107825191113079e-14,0,0.0
b1319,,1,96,0.25916645846956465,0.2591664584696583,-9.364731212713195e-14,0,4745.676981758669
b3875,,1,96,0.25916645846956465,0.2591664584696583,-9.364731212713195e-14,0,4745.676981758669
b0957,,1,96,0.25916645846956465,0.2591664584696583,-9.364731212713195e-14,0,4745.676981758669
b0875,,1,99,0.25916645846956465,0.2591664584696214,-5.67323965583455e-14,0,4744.96782062938
b1395,,1,0,0.25916645846956465,0.2591664584696096,-4.496403249731884e-14,0,0.0
b4040,,1,422,0.25916645846956465,0.0,0.25916645846956465,1,1036.4150855736168
b0353,,2,0,0.25916645846956465,0.2591664584695796,-1.4932499681208355e-14,0,0.0
b0339,,1,422,0.25916645846956465,0.0,0.25916645846956465,1,1036.415085573616
b0126,,1,422,0.25916645846956465,0.0,0.25916645846956465,1,1036.4150855736166
b0261,,2,4,0.25916645846956465,0.2591664584695827,-1.8041124150158794e-14,0,7.278787611032738e-06
b0428,,1,0,0.25916645846956465,0.2591664584696606,-9.592326932761353e-14,0,0.0
b3630,,1,0,0.25916645846956465,0.25916645846964964,-8.498757253505573e-14,0,0.0
b3625,,1,0,0.25916645846956465,0.25916645846963704,-7.238654120556021e-14,0,0.0
b3621,,1,0,0.25916645846956465,0.25916645846964137,-7.671641100159832e-14,0,0.0
b3620,,1,0,0.25916645846956465,0.2591664584695497,1.4932499681208355e-14,0,0.0
b3632,,1,4,0.25916645846956465,0.25916645846960396,-3.930189507173054e-14,0,1.3360641356083606e-08
b3623,,1,0,0.25916645846956465,0.25916645846958813,-2.348121697082206e-14,0,0.0
b2104,,1,0,0.25916645846956465,0.25916645846959213,-2.7478019859472624e-14,0,0.0
b2388,,1,0,0.25916645846956465,0.25916645846956465,0.0,0,0.0
b0394,,1,0,0.25916645846956465,0.25916645846963604,-7.138734048339757e-14,0,0.0
b2020,,1,422,0.25916645846956465,0.0,0.25916645846956465,1,1036.4150855736164
b2022,,2,422,0.25916645846956465,0.0,0.25916645846956465,1,1036.415085573617
b2514,,1,4,0.25916645846956465,0.2591664584695809,-1.6264767310758543e-14,0,7.278787611032688e-06
b2309,,1,0,0.25916645846956465,0.25916645846956465,0.0,0,0.0
b0112,,4,0,0.25916645846956465,0.2591664584696131,-4.846123502488808e-14,0,0.0
b0349,,2,0,0.25916645846956465,0.2591664584696063,-4.163336342344337e-14,0,0.0
b3805,,1,422,0.25916645846956465,0.0,0.25916645846956465,1,1036.4150855736168
b2418,,4,0,0.25916645846956465,0.259166458469596,-3.136380044566067e-14,0,0.0
b2103,,2,422,0.25916645846956465,0.0,0.25916645846956465,1,1036.4150855736143
b0813,,2,4,0.25916645846956465,0.2591664584696082,-4.3520742565306136e-14,0,7.278787611033454e-06
b3824,,1,0,0.25916645846956465,0.2591664584695862,-2.1538326677728037e-14,0,0.0
b0352,,1,0,0.25916645846956465,0.25916645846959696,-3.2307490016592055e-14,0,0.0
b0142,,1,422,0.25916645846956465,0.0,0.25916645846956465,1,1036.4150855736184
b0508,,1,0,0.25916645846956465,0.2591664584695838,-1.915134717478395e-14,0,0.0
b0003,,1,422,0.25916645846956465,0.0,0.25916645846956465,1,1036.4150855736157
b4013,,1,422,0.25916645846956465,0.0,0.25916645846956465,1,1036.4150855736173
b2021,,1,422,0.25916645846956465,0.0,0.25916645846956465,1,1036.4150855736148
b2867,,2,0,0.25916645846956465,0.2591664584695977,-3.302913498259841e-14,0,0.0
b2866,,2,4,0.25916645846956465,0.2591664584696234,-5.873079800267078e-14,0,1.3360641365912252e-08
b2868,,2,4,0.25916645846956465,0.2591664584696234,-5.873079800267078e-14,0,1.3360641365912252e-08
b2994,,3,0,0.25916645846956465,0.25916645846956465,0.0,0,0.0
b0973,,3,0,0.25916645846956465,0.25916645846956465,0.0,0,0.0
b0974,,3,0,0.25916645846956465,0.25916645846956465,0.0,0,0.0
b2997,,3,0,0.25916645846956465,0.25916645846956465,0.0,0,0.0
b2995,,3,0,0.25916645846956465,0.25916645846956465,0.0,0,0.0
b2996,,3,0,0.25916645846956465,0.25916645846956465,0.0,0,0.0
b0972,,3,0,0.25916645846956465,0.25916645846956465,0.0,0,0.0
b2530,,6,422,0.25916645846956465,0.0,0.25916645846956465,1,1036.415085573617
b2529,,6,60,0.25916645846956465,0.25916645846956793,-3.2751579226442118e-15,0,7.5139426955741026e-06
b3807,,4,422,0.25916645846956465,0.0,0.25916645846956465,1,1036.415085573617
b2528,,2,56,0.25916645846956465,0.259166458469577,-1.2323475573339238e-14,0,2.3515508673236736e-07
b1136,,1,423,0.25916645846956465,0.0,0.25916645846956465,1,1081.9247989578596
b2265,,1,0,0.25916645846956465,0.2591664584696824,-1.1773915176149785e-13,0,0.0
b0593,,1,4,0.25916645846956465,0.2591664584696228,-5.812017533912694e-14,0,1.3360641368374173e-08
b0595,,1,4,0.25916645846956465,0.2591664584696041,-3.9468428525424315e-14,0,1.3360641355025682e-08
b4015,,1,4,0.25916645846956465,0.2591664584696319,-6.722400414105323e-14,0,1.3360641368080015e-08
b4267,,2,0,0.25916645846956465,0.25916645846956465,0.0,0,0.0
b2023,,1,422,0.25916645846956465,0.0,0.25916645846956465,1,1036.4150855736177
b2025,,1,422,0.25916645846956465,0.0,0.25916645846956465,1,1036.415085573617
b1262,,2,422,0.25916645846956465,0.0,0.25916645846956465,1,1036.4150855736168
b3770,,4,422,0.25916645846956465,0.0,0.25916645846956465,1,1036.415085573617
b0026,,1,4,0.25916645846956465,0.25916645846958036,-1.5709655798445965e-14,0,7.278787611032674e-06
b0401,,3,0,0.25916645846956465,0.25916645846960906,-4.440892098500626e-14,0,0.0
b2508,,1,55,0.25916645846956465,0.2591664584695566,8.049116928532385e-15,0,0.039001470094839404
b3265,,1,0,0.25916645846956465,0.25916645846956465,0.0,0,0.0
b3266,,1,0,0.25916645846956465,0.25916645846956465,0.0,0,0.0
b3161,,2,4,0.25916645846956465,0.2591664584695982,-3.352873534367973e-14,0,1.336064135271358e-08
b3679,,1,4,0.25916645846956465,0.25916645846963066,-6.600275881396556e-14,0,1.3360641370044135e-08
b2889,,1,0,0.25916645846956465,0.259166458469608,-4.335420911161236e-14,0,0.0
b0073,,1,422,0.25916645846956465,0.0,0.25916645846956465,1,1036.415085573617
b0071,,2,422,0.25916645846956465,0.0,0.25916645846956465,1,1036.4150855736168
b0072,,2,422,0.25916645846956465,0.0,0.25916645846956465,1,1036.415085573616
b0074,,1,422,0.25916645846956465,0.0,0.25916645846956465,1,1036.4150855736175
b0918,,1,422,0.25916645846956465,0.0,0.25916645846956465,1,1036.4150855736173
b3198,,1,422,0.25916645846956465,0.0,0.25916645846956465,1,1036.4150855736173
b1215,,1,422,0.25916645846956465,0.0,0.25916645846956465,1,1036.4150855736186
b4196,,1,0,0.25916645846956465,0.25916645846963077,-6.611378111642807e-14,0,0.0
b3581,,1,4,0.25916645846956465,0.2591664584696236,-5.895284260759581e-14,0,1.3360641358882539e-08
b0697,,1,0,0.25916645846956465,0.25916645846956465,0.0,0,0.0
b4513,,1,0,0.25916645846956465,0.25916645846956465,0.0,0,0.0
b0698,,1,0,0.25916645846956465,0.25916645846956465,0.0,0,0.0
b0696,,1,0,0.25916645846956465,0.25916645846956465,0.0,0,0.0
b3747,,1,46,0.25916645846956465,0.25916645846955755,7.105427357601002e-15,0,0.008618045516557676
b1363,,1,46,0.25916645846956465,0.25916645846955755,7.105427357601002e-15,0,0.008618045516557676
b1250,,1,46,0.25916645846956465,0.25916645846955755,7.105427357601002e-15,0,0.008618045516557676
b3849,,1,46,0.25916645846956465,0.25916645846955755,7.105427357601002e-15,0,0.008618045516557676
b1291,,1,46,0.25916645846956465,0.25916645846955755,7.105427357601002e-15,0,0.008618045516557676
b3290,,1,46,0.25916645846956465,0.25916645846955755,7.105427357601002e-15,0,0.008618045516557676
b0047,,1,0,0.25916645846956465,0.25916645846960423,-3.957945082788683e-14,0,0.0
b0842,,2,0,0.25916645846956465,0.25916645846960423,-3.957945082788683e-14,0,0.0
b3350,,1,0,0.25916645846956465,0.25916645846960423,-3.957945082788683e-14,0,0.0
b3605,,2,0,0.25916645846956465,0.25916645846956465,0.0,0,0.0
b0306,,2,0,0.25916645846956465,0.25916645846956465,0.0,0,0.0
b0307,,2,0,0.25916645846956465,0.25916645846956465,0.0,0,0.0
b0308,,2,0,0.25916645846956465,0.25916645846956465,0.0,0,0.0
b2257,,1,0,0.25916645846956465,0.25916645846958947,-2.481348460037225e-14,0,0.0
b0344,,1,0,0.25916645846956465,0.25916645846961806,-5.340172748447003e-14,0,0.0
b2132,,1,0,0.25916645846956465,0.2591664584696322,-6.755707104844078e-14,0,0.0
b1326,,1,0,0.25916645846956465,0.25916645846962094,-5.6288307348495437e-14,0,0.0
b4130,,2,4,0.25916645846956465,0.2591664584696058,-4.113376306236205e-14,0,1.3360641355760695e-08
b3496,,2,4,0.25916645846956465,0.2591664584696058,-4.113376306236205e-14,0,1.3360641355760695e-08
b0709,,2,4,0.25916645846956465,0.2591664584696058,-4.113376306236205e-14,0,1.3360641355760695e-08
b1634,,2,4,0.25916645846956465,0.2591664584696058,-4.113376306236205e-14,0,1.3360641355760695e-08
b2799,,1,0,0.25916645846956465,0.25916645846956465,0.0,0,0.0
b2170,,1,0,0.25916645846956465,0.25916645846956465,0.0,0,0.0
b0070,,1,0,0.25916645846956465,0.25916645846956465,0.0,0,0.0
b0343,,1,0,0.25916645846956465,0.25916645846957015,-5.495603971894525e-15,0,0.0
b1380,,1,0,0.25916645846956465,0.25916645846956465,0.0,0,0.0
b2133,,2,0,0.25916645846956465,0.25916645846955777,6.8833827526759706e-15,0,0.0
b4054,,3,422,0.25916645846956465,0.0,0.25916645846956465,1,1036.4150855736175
b0642,,1,0,0.25916645846956465,0.2591664584695612,3.4416913763379853e-15,0,0.0
b3458,,1,0,0.25916645846956465,0.25916645846956465,0.0,0,0.0
b1651,,1,0,0.25916645846956465,0.259166458469596,-3.136380044566067e-14,0,0.0
b0622,,2,0,0.25916645846956465,0.25916645846956465,0.0,0,0.0
b4386,,3,0,0.25916645846956465,0.25916645846962827,-6.361577931102147e-14,0,0.0
b0630,,1,0,0.25916645846956465,0.25916645846959113,-2.6478819137309983e-14,0,0.0
b0628,,1,0,0.25916645846956465,0.25916645846956465,0.0,0,0.0
b0182,,1,422,0.25916645846956465,0.0,0.25916645846956465,1,1036.4150855736175
b0494,,21,4,0.25916645846956465,0.25916645846959907,-3.441691376337985e-14,0,7.278787611033204e-06
b3825,,35,0,0.25916645846956465,0.25916645846963915,-7.4495964952348e-14,0,0.0
b0186,,1,0,0.25916645846956465,0.2591664584695661,-1.4432899320127035e-15,0,0.0
b4131,,1,0,0.25916645846956465,0.2591664584695661,-1.4432899320127035e-15,0,0.0
b2890,,1,0,0.25916645846956465,0.25916645846955705,7.605027718682322e-15,0,0.0
b2156,,1,0,0.25916645846956465,0.25916645846956465,0.0,0,0.0
b3903,,2,4,0.25916645846956465,0.2591664584695746,-9.936496070395151e-15,0,1.3360641340458545e-08
b3907,,2,0,0.25916645846956465,0.25916645846956465,0.0,0,0.0
b3600,,1,0,0.25916645846956465,0.2591664584696128,-4.8128168117500536e-14,0,0.0
b0777,,1,422,0.25916645846956465,0.0,0.25916645846956465,1,1036.4150855736168
b1800,,1,4,0.25916645846956465,0.25916645846960185,-3.7192471324942744e-14,0,7.278787611033277e-06
b4014,,1,52,0.25916645846956465,0.25916645846956493,-2.7755575615628914e-16,0,5.609856690543554e-07
b2976,,1,52,0.25916645846956465,0.25916645846956493,-2.7755575615628914e-16,0,5.609856690543554e-07
b2049,,1,0,0.25916645846956465,0.25916645846953273,3.191891195797325e-14,0,0.0
b1613,,1,0,0.25916645846956465,0.25916645846958886,-2.4202861936828413e-14,0,0.0
b4323,,1,0,0.25916645846956465,0.25916645846956465,0.0,0,0.0
b0731,,1,0,0.25916645846956465,0.25916645846962183,-5.717648576819556e-14,0,0.0
b0732,,1,0,0.25916645846956465,0.25916645846962394,-5.928590951498336e-14,0,0.0
b0334,,1,0,0.25916645846956465,0.2591664584696063,-4.163336342344337e-14,0,0.0
b0331,,1,4,0.25916645846956465,0.2591664584695912,-2.653433028854124e-14,0,1.3360641349406775e-08
b0333,,1,0,0.25916645846956465,0.25916645846956465,0.0,0,0.0
b1092,,1,422,0.25916645846956465,0.0,0.25916645846956465,1,1036.4150855736166
b2521,,1,0,0.25916645846956465,0.25916645846964886,-8.421041641781812e-14,0,0.0
b0149,,5,422,0.25916645846956465,0.0,0.25916645846956465,1,1036.415085573617
b0635,,2,422,0.25916645846956465,0.0,0.25916645846956465,1,1036.4150855736198
b3396,,5,422,0.25916645846956465,0.0,0.25916645846956465,1,1036.4150855736182
b0084,,2,422,0.25916645846956465,0.0,0.25916645846956465,1,1036.4150855736161
b0839,,5,4,0.25916645846956465,0.25916645846957465,-9.992007221626409e-15,0,7.278787611032513e-06
b2010,,5,0,0.25916645846956465,0.25916645846960146,-3.680389326632394e-14,0,0.0
b3182,,9,4,0.25916645846956465,0.25916645846961045,-4.579669976578771e-14,0,1.3360641355348782e-08
b0632,,5,0,0.25916645846956465,0.25916645846960146,-3.680389326632394e-14,0,0.0
b2134,,4,0,0.25916645846956465,0.25916645846958364,-1.8984813721090177e-14,0,0.0
b2328,,4,0,0.25916645846956465,0.25916645846958364,-1.8984813721090177e-14,0,0.0
b3236,,1,60,0.25916645846956465,0.2591664584696659,-1.0125233984581428e-13,0,6.888747679923682
b2210,,2,4,0.25916645846956465,0.25916645846958164,-1.6986412276764895e-14,0,1.3360641342527105e-08
b1479,,1,0,0.25916645846956465,0.25916645846956465,0.0,0,0.0
b2463,,1,0,0.25916645846956465,0.25916645846959596,-3.1308289294429414e-14,0,0.0
b2515,,1,422,0.25916645846956465,0.0,0.25916645846956465,1,1036.4150855736175
b2746,,1,422,0.25916645846956465,0.0,0.25916645846956465,1,1036.415085573613
b4120,,1,0,0.25916645846956465,0.25916645846964426,-7.960299086562372e-14,0,0.0
b2747,,1,422,0.25916645846956465,0.0,0.25916645846956465,1,1036.4150855736175
b2942,,1,422,0.25916645846956465,0.0,0.25916645846956465,1,1036.4150855736175
b0199,,2,0,0.25916645846956465,0.2591664584695928,-2.8144153674247718e-14,0,0.0
b0197,,2,0,0.25916645846956465,0.2591664584695379,2.6756374893466273e-14,0,0.0
b0198,,2,0,0.25916645846956465,0.2591664584695379,2.6756374893466273e-14,0,0.0
b4019,,1,422,0.25916645846956465,0.0,0.25916645846956465,1,1036.415085573618
b3829,,1,422,0.25916645846956465,0.0,0.25916645846956465,1,1036.4150855736168
b4219,,1,0,0.25916645846956465,0.2591664584696458,-8.115730310009894e-14,0,0.0
b1778,,1,0,0.25916645846956465,0.25916645846956465,0.0,0,0.0
b2114,,1,0,0.25916645846956465,0.2591664584695878,-2.3148150063434514e-14,0,0.0
b4242,,2,0,0.25916645846956465,0.25916645846956465,0.0,0,0.0
b0963,,1,0,0.25916645846956465,0.25916645846955616,8.493206138382448e-15,0,0.0
b0403,,5,0,0.25916645846956465,0.2591664584696768,-1.1213252548714081e-13,0,0.0
b4392,,4,0,0.25916645846956465,0.2591664584696277,-6.306066779870889e-14,0,0.0
b2963,,4,0,0.25916645846956465,0.2591664584696277,-6.306066779870889e-14,0,0.0
b2558,,4,0,0.25916645846956465,0.2591664584696277,-6.306066779870889e-14,0,0.0
b2813,,4,0,0.25916645846956465,0.2591664584696277,-6.306066779870889e-14,0,0.0
b2701,,4,0,0.25916645846956465,0.2591664584696277,-6.306066779870889e-14,0,0.0
b1193,,4,0,0.25916645846956465,0.2591664584696277,-6.306066779870889e-14,0,0.0
b2919,,1,0,0.25916645846956465,0.2591664584695573,7.327471962526033e-15,0,0.0
b0260,,1,0,0.25916645846956465,0.25916645846955744,7.216449660063518e-15,0,0.0
b2917,,1,0,0.25916645846956465,0.2591664584696319,-6.722400414105323e-14,0,0.0
b3599,,1,0,0.25916645846956465,0.2591664584696002,-3.552713678800501e-14,0,0.0
b4322,,1,0,0.25916645846956465,0.2591664584696534,-8.876233081878127e-14,0,0.0
b0784,,2,422,0.25916645846956465,0.0,0.25916645846956465,1,1036.4150855736173
b3633,,2,422,0.25916645846956465,0.0,0.25916645846956465,1,1036.4150855736166
b3624,,1,4,0.25916645846956465,0.25916645846958825,-2.3592239273284576e-14,0,7.278787611032893e-06
b3917,,3,422,0.25916645846956465,0.0,0.25916645846956465,1,1036.4150855736182
b0763,,3,422,0.25916645846956465,0.0,0.25916645846956465,1,1036.4150855736175
b2423,,5,422,0.25916645846956465,0.0,0.25916645846956465,1,1036.4150855736166
b0765,,3,422,0.25916645846956465,0.0,0.25916645846956465,1,1036.41508557362
b2425,,5,422,0.25916645846956465,0.0,0.25916645846956465,1,1036.415085573624
b2422,,5,422,0.25916645846956465,0.0,0.25916645846956465,1,1036.4150855736175
b0764,,3,422,0.25916645846956465,0.0,0.25916645846956465,1,1036.4150855736177
b2424,,5,422,0.25916645846956465,0.0,0.25916645846956465,1,1036.415085573617
b2877,,1,4,0.25916645846956465,0.259166458469572,-7.327471962526033e-15,0,7.278787611032438e-06
b0134,,1,422,0.25916645846956465,0.0,0.25916645846956465,1,1036.4150855736164
b0009,,1,422,0.25916645846956465,0.0,0.25916645846956465,1,1036.4150855736161
b2519,,2,422,0.25916645846956465,0.0,0.25916645846956465,1,1036.4150855736177
b1069,,2,422,0.25916645846956465,0.0,0.25916645846956465,1,1036.4150855736166
b0785,,1,422,0.25916645846956465,0.0,0.25916645846956465,1,1036.4150855736166
b0826,,1,422,0.25916645846956465,0.0,0.25916645846956465,1,1036.4150855736189
b1008,,1,0,0.25916645846956465,0.25916645846963227,-6.761258219967203e-14,0,0.0
b0529,,2,65,0.25916645846956465,0.25916645846962655,-6.189493362285248e-14,0,2.5838579754157296
b3941,,1,422,0.25916645846956465,0.0,0.25916645846956465,1,1036.4150855736161
b1059,,2,0,0.25916645846956465,0.2591664584696029,-3.824718319833664e-14,0,0.0
b3996,,1,0,0.25916645846956465,0.25916645846956265,1.9984014443252818e-15,0,0.0
b2411,,1,0,0.25916645846956465,0.25916645846956265,1.9984014443252818e-15,0,0.0
b1109,,3,0,0.25916645846956465,0.25916645846956465,0.0,0,0.0
b2284,,3,65,0.25916645846956465,0.2591664584695918,-2.7144952952085077e-14,0,253.15297861699568
b2288,,3,65,0.25916645846956465,0.2591664584695918,-2.7144952952085077e-14,0,253.15297861699568
b2280,,3,65,0.25916645846956465,0.2591664584695918,-2.7144952952085077e-14,0,253.15297861699568
b2282,,3,65,0.25916645846956465,0.2591664584695918,-2.7144952952085077e-14,0,253.15297861699568
b2277,,3,65,0.25916645846956465,0.2591664584695918,-2.7144952952085077e-14,0,253.15297861699568
b2287,,3,65,0.25916645846956465,0.2591664584695918,-2.7144952952085077e-14,0,253.15297861699568
b2276,,3,65,0.25916645846956465,0.2591664584695918,-2.7144952952085077e-14,0,253.15297861699568
b2278,,3,65,0.25916645846956465,0.2591664584695918,-2.7144952952085077e-14,0,253.15297861699568
b2286,,3,65,0.25916645846956465,0.2591664584695918,-2.7144952952085077e-14,0,253.15297861699568
b2283,,3,65,0.25916645846956465,0.2591664584695918,-2.7144952952085077e-14,0,253.15297861699568
b2279,,3,65,0.25916645846956465,0.2591664584695918,-2.7144952952085077e-14,0,253.15297861699568
b2285,,3,65,0.25916645846956465,0.2591664584695918,-2.7144952952085077e-14,0,253.15297861699568
b2281,,3,65,0.25916645846956465,0.2591664584695918,-2.7144952952085077e-14,0,253.15297861699568
b2615,,1,422,0.25916645846956465,0.0,0.25916645846956465,1,1036.4150855736184
b3028,,3,0,0.25916645846956465,0.25916645846961794,-5.3290705182007514e-14,0,0.0
b1740,,1,422,0.25916645846956465,0.0,0.25916645846956465,1,1036.4150855736166
b1602,,2,0,0.25916645846956465,0.2591664584695925,-2.786659791809143e-14,0,0.0
b1603,,2,0,0.25916645846956465,0.25916645846958675,-2.2093438190040615e-14,0,0.0
b3962,,1,0,0.25916645846956465,0.25916645846958675,-2.2093438190040615e-14,0,0.0
b0931,,1,0,0.25916645846956465,0.25916645846961406,-4.9404924595819466e-14,0,0.0
b1186,,1,0,0.25916645846956465,0.25916645846956465,0.0,0,0.0
b0019,,1,0,0.25916645846956465,0.25916645846956465,0.0,0,0.0
b2518,,8,422,0.25916645846956465,0.0,0.25916645846956465,1,1036.4150855736177
b0451,,1,422,0.25916645846956465,0.0,0.25916645846956465,1,1036.4150855736161
b2711,,1,4,0.25916645846956465,0.25916645846966974,-1.0508260928077107e-13,0,7.278787611035184e-06
b2710,,1,0,0.25916645846956465,0.25916645846956465,0.0,0,0.0
b3477,,1,0,0.25916645846956465,0.25916645846956465,0.0,0,0.0
b3476,,1,0,0.25916645846956465,0.25916645846956465,0.0,0,0.0
b3479,,1,0,0.25916645846956465,0.25916645846956465,0.0,0,0.0
b3480,,1,0,0.25916645846956465,0.25916645846956465,0.0,0,0.0
b3478,,1,0,0.25916645846956465,0.25916645846956465,0.0,0,0.0
b4390,,1,0,0.25916645846956465,0.2591664584695642,4.440892098500626e-16,0,0.0
b0639,,2,422,0.25916645846956465,0.0,0.25916645846956465,1,1036.4150855736182
b0751,,1,4,0.25916645846956465,0.25916645846956365,9.992007221626409e-16,0,7.278787611032203e-06
b1768,,1,0,0.25916645846956465,0.2591664584696318,-6.716849298982197e-14,0,0.0
b1991,,1,4,0.25916645846956465,0.2591664584695937,-2.9032332093947844e-14,0,1.3360641349127459e-08
b0109,,1,422,0.25916645846956465,0.0,0.25916645846956465,1,1036.4150855736166
b3367,,1,4,0.25916645846956465,0.2591664584696294,-6.472600233564663e-14,0,7.2787876110340504e-06
b1223,,2,4,0.25916645846956465,0.2591664584696235,-5.88418203051333e-14,0,1.336064136763281e-08
b2206,,2,0,0.25916645846956465,0.25916645846956465,0.0,0,0.0
b2204,,1,0,0.25916645846956465,0.25916645846956465,0.0,0,0.0
b2203,,2,0,0.25916645846956465,0.25916645846956465,0.0,0,0.0
b2205,,1,0,0.25916645846956465,0.25916645846956465,0.0,0,0.0
b2202,,2,0,0.25916645846956465,0.25916645846956465,0.0,0,0.0
b1468,,2,0,0.25916645846956465,0.2591664584695908,-2.6145752229922437e-14,0,0.0
b1226,,2,0,0.25916645846956465,0.2591664584695908,-2.6145752229922437e-14,0,0.0
b1227,,2,0,0.25916645846956465,0.2591664584695908,-2.6145752229922437e-14,0,0.0
b1225,,2,0,0.25916645846956465,0.2591664584695908,-2.6145752229922437e-14,0,0.0
b1465,,2,0,0.25916645846956465,0.2591664584695908,-2.6145752229922437e-14,0,0.0
b1224,,2,0,0.25916645846956465,0.2591664584695908,-2.6145752229922437e-14,0,0.0
b1466,,2,0,0.25916645846956465,0.2591664584695908,-2.6145752229922437e-14,0,0.0
b1467,,2,0,0.25916645846956465,0.2591664584695908,-2.6145752229922437e-14,0,0.0
b1469,,1,0,0.25916645846956465,0.2591664584695646,5.551115123125783e-17,0,0.0
b2552,,2,0,0.25916645846956465,0.2591664584695622,2.4424906541753444e-15,0,0.0
b4374,,3,4,0.25916645846956465,0.25916645846959613,-3.147482274812319e-14,0,1.3360641350425403e-08
b2291,,6,0,0.25916645846956465,0.2591664584696352,-7.05546732149287e-14,0,0.0
b2744,,14,0,0.25916645846956465,0.25916645846962827,-6.361577931102147e-14,0,0.0
b0480,,17,4,0.25916645846956465,0.25916645846964886,-8.421041641781812e-14,0,1.3360641373734631e-08
b4161,,4,0,0.25916645846956465,0.25916645846956465,0.0,0,0.0
b0650,,1,0,0.25916645846956465,0.25916645846956465,0.0,0,0.0
b4394,,3,0,0.25916645846956465,0.25916645846957204,-7.382983113757291e-15,0,0.0
b0980,,2,0,0.25916645846956465,0.2591664584695991,-3.447242491461111e-14,0,0.0
b2781,,8,0,0.25916645846956465,0.25916645846956465,0.0,0,0.0
b2954,,3,0,0.25916645846956465,0.25916645846960545,-4.08006961549745e-14,0,0.0
b1759,,2,0,0.25916645846956465,0.25916645846956465,0.0,0,0.0
b0160,,2,0,0.25916645846956465,0.25916645846966957,-1.0491607582707729e-13,0,0.0
b3365,,1,0,0.25916645846956465,0.25916645846956465,0.0,0,0.0
b3366,,1,0,0.25916645846956465,0.25916645846956465,0.0,0,0.0
b4073,,2,0,0.25916645846956465,0.25916645846956465,0.0,0,0.0
b4071,,2,0,0.25916645846956465,0.25916645846956465,0.0,0,0.0
b4070,,2,0,0.25916645846956465,0.25916645846956465,0.0,0,0.0
b4072,,2,0,0.25916645846956465,0.25916645846956465,0.0,0,0.0
b2035,,3,0,0.25916645846956465,0.2591664584696301,-6.544764730165298e-14,0,0.0
b2027,,3,0,0.25916645846956465,0.2591664584696301,-6.544764730165298e-14,0,0.0
b2033,,1,0,0.25916645846956465,0.25916645846955616,8.493206138382448e-15,0,0.0
b2037,,1,0,0.25916645846956465,0.25916645846961317,-4.851674617611934e-14,0,0.0
b2034,,1,0,0.25916645846956465,0.25916645846961284,-4.8183679268731794e-14,0,0.0
b2032,,1,0,0.25916645846956465,0.25916645846958863,-2.398081733190338e-14,0,0.0
b3114,,2,4,0.25916645846956465,0.2591664584695864,-2.1760371282653068e-14,0,1.3360641347039268e-08
b0903,,2,4,0.25916645846956465,0.2591664584695864,-2.1760371282653068e-14,0,1.3360641347039268e-08
b0902,,2,4,0.25916645846956465,0.2591664584695864,-2.1760371282653068e-14,0,1.3360641347039268e-08
b2579,,2,4,0.25916645846956465,0.2591664584695864,-2.1760371282653068e-14,0,1.3360641347039268e-08
b0273,,1,422,0.25916645846956465,0.0,0.25916645846956465,1,1036.4150855736166
b4254,,1,422,0.25916645846956465,0.0,0.25916645846956465,1,1036.4150855736166
b3187,,1,422,0.25916645846956465,0.0,0.25916645846956465,1,1036.4150855736161
b0907,,2,422,0.25916645846956465,0.0,0.25916645846956465,1,1036.4150855736157
b0662,,1,0,0.25916645846956465,0.2591664584695988,-3.4139358007223564e-14,0,0.0
b1281,,1,422,0.25916645846956465,0.0,0.25916645846956465,1,1036.4150855736166
b2907,,1,4,0.25916645846956465,0.2591664584696363,-7.166489623955385e-14,0,7.278787611034245e-06
b0350,,1,0,0.25916645846956465,0.2591664584695947,-3.0031532816110484e-14,0,0.0
b3843,,1,422,0.25916645846956465,0.0,0.25916645846956465,1,1036.4150855736161
b2311,,1,422,0.25916645846956465,0.0,0.25916645846956465,1,1036.4150855736173
b3835,,1,33,0.25916645846956465,0.25916645846962955,-6.48925357893404e-14,0,7.306586285304643e-06
b2965,,1,4,0.25916645846956465,0.25916645846961855,-5.390132784555135e-14,0,1.3360641364276248e-08
b0693,,1,4,0.25916645846956465,0.25916645846961855,-5.390132784555135e-14,0,1.3360641364276248e-08
b3642,,1,422,0.25916645846956465,0.0,0.25916645846956465,1,1036.4150855736173
b2373,,1,0,0.25916645846956465,0.25916645846959,-2.5368596112684827e-14,0,0.0
b1387,,1,0,0.25916645846956465,0.25916645846964775,-8.310019339319297e-14,0,0.0
b1394,,2,0,0.25916645846956465,0.2591664584695859,-2.1260770921571748e-14,0,0.0
b1014,,2,4,0.25916645846956465,0.25916645846960656,-4.191091917959966e-14,0,1.3360641356662963e-08
b0386,,1,422,0.25916645846956465,0.0,0.25916645846956465,1,1036.4150855736173
b1391,,1,0,0.25916645846956465,0.25916645846961117,-4.651834473179406e-14,0,0.0
b1390,,1,0,0.25916645846956465,0.2591664584696279,-6.322720125240266e-14,0,0.0
b1392,,1,0,0.25916645846956465,0.2591664584696279,-6.322720125240266e-14,0,0.0
b1388,,1,0,0.25916645846956465,0.2591664584696279,-6.322720125240266e-14,0,0.0
b1389,,1,0,0.25916645846956465,0.2591664584696279,-6.322720125240266e-14,0,0.0
b1398,,1,0,0.25916645846956465,0.2591664584696328,-6.816769371198461e-14,0,0.0
b0133,,1,422,0.25916645846956465,0.0,0.25916645846956465,1,1036.4150855736175
b1278,,30,422,0.25916645846956465,0.0,0.25916645846956465,1,1036.4150855736173
b0087,,1,422,0.25916645846956465,0.0,0.25916645846956465,1,1036.4150855736177
b2762,,2,422,0.25916645846956465,0.0,0.25916645846956465,1,1036.415085573618
b1489,,2,8,0.25916645846956465,0.2591664584696022,-3.752553823233029e-14,0,7.292148252387742e-06
b0114,,1,57,0.25916645846956465,0.25916645846959624,-3.1585845050585704e-14,0,35.46891075087948
b0115,,1,57,0.25916645846956465,0.25916645846959624,-3.1585845050585704e-14,0,35.46891075087948
b1638,,2,0,0.25916645846956465,0.25916645846961706,-5.240252676230739e-14,0,0.0
b2564,,1,422,0.25916645846956465,0.0,0.25916645846956465,1,1036.4150855736168
b0052,,1,422,0.25916645846956465,0.0,0.25916645846956465,1,1036.4150855736168
b0766,,2,0,0.25916645846956465,0.2591664584696238,-5.911937606128959e-14,0,0.0
b2320,,1,422,0.25916645846956465,0.0,0.25916645846956465,1,1036.415085573617
b3546,,2,0,0.25916645846956465,0.2591664584696137,-4.907185768843192e-14,0,0.0
b1723,,1,48,0.25916645846956465,0.2591664584695637,9.43689570931383e-16,0,13.433218968661285
b3916,,3,53,0.25916645846956465,0.2591664584695951,-3.042011087472929e-14,0,20.468478161225743
b3952,,1,4,0.25916645846956465,0.25916645846965175,-8.709699628184353e-14,0,1.3360641376317565e-08
b3951,,1,4,0.25916645846956465,0.25916645846965175,-8.709699628184353e-14,0,1.3360641376317565e-08
b3176,,1,422,0.25916645846956465,0.0,0.25916645846956465,1,1036.4150855736173
b2913,,1,69,0.25916645846956465,0.25916645846956915,-4.496403249731884e-15,0,8.951523632392206
b4025,,1,69,0.25916645846956465,0.25916645846961894,-5.4289905904170155e-14,0,26.24162188149091
b2926,,1,78,0.25916645846956465,0.259166458469508,5.667688540711424e-14,0,359.4787578638016
b0767,,1,51,0.25916645846956465,0.2591664584695762,-1.1546319456101628e-14,0,8.68741970059001
b3385,,1,0,0.25916645846956465,0.2591664584696609,-9.625633623500107e-14,0,0.0
b3612,,1,77,0.25916645846956465,0.2591664584696201,-5.545564008002657e-14,0,184.5197096814869
b0755,,1,77,0.25916645846956465,0.2591664584696201,-5.545564008002657e-14,0,184.5197096814869
b4395,,1,77,0.25916645846956465,0.2591664584696201,-5.545564008002657e-14,0,184.5197096814869
b0688,,1,0,0.25916645846956465,0.2591664584696018,-3.7136960173711486e-14,0,0.0
b2690,,1,0,0.25916645846956465,0.2591664584696018,-3.7136960173711486e-14,0,0.0
b0418,,14,0,0.25916645846956465,0.2591664584696408,-7.616129948928574e-14,0,0.0
b1912,,7,4,0.25916645846956465,0.25916645846960373,-3.907985046680551e-14,0,1.3360641356124786e-08
b2199,,1,0,0.25916645846956465,0.25916645846956465,0.0,0,0.0
b2200,,1,0,0.25916645846956465,0.25916645846956465,0.0,0,0.0
b2197,,1,0,0.25916645846956465,0.25916645846956465,0.0,0,0.0
b2198,,1,0,0.25916645846956465,0.25916645846956465,0.0,0,0.0
b2201,,1,0,0.25916645846956465,0.25916645846956465,0.0,0,0.0
b1713,,1,0,0.25916645846956465,0.2591664584695804,-1.5765166949677223e-14,0,0.0
b1714,,1,0,0.25916645846956465,0.2591664584695804,-1.5765166949677223e-14,0,0.0
b1473,,3,4,0.25916645846956465,0.2591664584696575,-9.287015600989434e-14,0,1.3360641379596301e-08
b0576,,2,0,0.25916645846956465,0.25916645846960196,-3.730349362740526e-14,0,0.0
b3493,,1,46,0.25916645846956465,0.2591664584696175,-5.284661597215745e-14,0,0.21047607422196402
b2987,,1,46,0.25916645846956465,0.2591664584696175,-5.284661597215745e-14,0,0.21047607422196402
b3725,,1,0,0.25916645846956465,0.25916645846956465,0.0,0,0.0
b3726,,1,0,0.25916645846956465,0.25916645846956465,0.0,0,0.0
b3727,,1,0,0.25916645846956465,0.25916645846956465,0.0,0,0.0
b3728,,1,0,0.25916645846956465,0.25916645846956465,0.0,0,0.0
b3821,,42,0,0.25916645846956465,0.2591664584695744,-9.769962616701378e-15,0,0.0
b2048,,1,4,0.25916645846956465,0.25916645846960473,-4.007905118896815e-14,0,1.3360641353019181e-08
b3412,,1,422,0.25916645846956465,0.0,0.25916645846956465,1,1036.4150855736177
b3974,,1,422,0.25916645846956465,0.0,0.25916645846956465,1,1036.4150855736173
b3258,,1,4,0.25916645846956465,0.25916645846959685,-3.219646771412954e-14,0,7.2787876110331365e-06
b1010,,1,0,0.25916645846956465,0.25916645846962766,-6.300515664747763e-14,0,0.0
b1378,,1,51,0.25916645846956465,0.2591664584696089,-4.424238753131249e-14,0,0.004058970866392708
b0871,,1,0,0.25916645846956465,0.25916645846956465,0.0,0,0.0
b4226,,1,0,0.25916645846956465,0.25916645846956465,0.0,0,0.0
b2502,,2,0,0.25916645846956465,0.25916645846956465,0.0,0,0.0
b1015,,2,0,0.25916645846956465,0.25916645846953984,2.481348460037225e-14,0,0.0
b0369,,1,422,0.25916645846956465,0.0,0.25916645846956465,1,1036.415085573616
b3956,,1,47,0.25916645846956465,0.25916645846961556,-5.090372567906343e-14,0,8.810332639871005
b3639,,2,422,0.25916645846956465,0.0,0.25916645846956465,1,1036.4150855736184
b3403,,1,0,0.25916645846956465,0.25916645846964703,-8.237854842718662e-14,0,0.0
b2920,,1,4,0.25916645846956465,0.2591664584696092,-4.451994328746878e-14,0,1.3360641360461598e-08
b2501,,2,46,0.25916645846956465,0.2591664584696838,-1.191269305422793e-13,0,3.1222280307127757
b4383,,2,7,0.25916645846956465,0.2591664584696137,-4.907185768843192e-14,0,2.1295397784696445e-07
b3380,,1,7,0.25916645846956465,0.2591664584696079,-4.324318680914985e-14,0,2.1295397784490077e-07
b3850,,2,422,0.25916645846956465,0.0,0.25916645846956465,1,1036.4150855736154
b2536,,1,8,0.25916645846956465,0.259166458469597,-3.236300116782331e-14,0,7.2921482523865665e-06
b1702,,1,0,0.25916645846956465,0.25916645846956465,0.0,0,0.0
b0383,,1,0,0.25916645846956465,0.2591664584695446,2.0039525594484076e-14,0,0.0
b4005,,1,422,0.25916645846956465,0.0,0.25916645846956465,1,1036.415085573617
b2499,,1,422,0.25916645846956465,0.0,0.25916645846956465,1,1036.415085573617
b2026,,2,422,0.25916645846956465,0.0,0.25916645846956465,1,1036.4150855736161
b2476,,1,422,0.25916645846956465,0.0,0.25916645846956465,1,1036.415085573618
b2557,,1,422,0.25916645846956465,0.0,0.25916645846956465,1,1036.4150855736175
b2024,,1,422,0.25916645846956465,0.0,0.25916645846956465,1,1036.415085573617
b0194,,1,0,0.25916645846956465,0.259166458469581,-1.63202784619898e-14,0,0.0
b1207,,1,9,0.25916645846956465,0.2591664584696527,-8.804068585277491e-14,0,0.2922741122020477
b0908,,1,422,0.25916645846956465,0.0,0.25916645846956465,1,1036.415085573616
b4160,,7,422,0.25916645846956465,0.0,0.25916645846956465,1,1036.415085573617
b4388,,1,69,0.25916645846956465,0.25916645846959097,-2.631228568361621e-14,0,8.951523632402484
b2585,,7,422,0.25916645846956465,0.0,0.25916645846956465,1,1036.4150855736168
b2297,,2,4,0.25916645846956465,0.25916645846959824,-3.3584246494910985e-14,0,7.278787611033176e-06
b2458,,1,0,0.25916645846956465,0.2591664584695873,-2.2648549702353193e-14,0,0.0
b3634,,1,422,0.25916645846956465,0.0,0.25916645846956465,1,1036.4150855736177
b0692,,2,4,0.25916645846956465,0.25916645846960057,-3.5915714846623814e-14,0,7.2787876110332415e-06
b3073,,1,0,0.25916645846956465,0.25916645846959446,-2.980948821118545e-14,0,0.0
b0854,,1,0,0.25916645846956465,0.25916645846956465,0.0,0,0.0
b1123,,2,0,0.25916645846956465,0.25916645846956465,0.0,0,0.0
b0856,,1,0,0.25916645846956465,0.25916645846956465,0.0,0,0.0
b1442,,2,0,0.25916645846956465,0.25916645846956465,0.0,0,0.0
b0857,,1,0,0.25916645846956465,0.25916645846956465,0.0,0,0.0
b0855,,1,0,0.25916645846956465,0.25916645846956465,0.0,0,0.0
b1124,,2,0,0.25916645846956465,0.25916645846956465,0.0,0,0.0
b1443,,2,0,0.25916645846956465,0.25916645846956465,0.0,0,0.0
b1440,,2,0,0.25916645846956465,0.25916645846956465,0.0,0,0.0
b1126,,2,0,0.25916645846956465,0.25916645846956465,0.0,0,0.0
b1125,,2,0,0.25916645846956465,0.25916645846956465,0.0,0,0.0
b1441,,2,0,0.25916645846956465,0.25916645846956465,0.0,0,0.0
b1296,,1,4,0.25916645846956465,0.25916645846957287,-8.215650382226158e-15,0,1.3360641338690094e-08
b2407,,5,4,0.25916645846956465,0.25916645846956554,-8.881784197001252e-16,0,1.3360641338419832e-08
b1636,,1,0,0.25916645846956465,0.2591664584695693,-4.6629367034256575e-15,0,0.0
b3826,,1,4,0.25916645846956465,0.25916645846961234,-4.7684078907650473e-14,0,1.3360641352285072e-08
b1854,,1,4,0.25916645846956465,0.25916645846960384,-3.9190872769268026e-14,0,1.3360641354461985e-08
b1676,,1,4,0.25916645846956465,0.25916645846960384,-3.9190872769268026e-14,0,1.3360641354461985e-08
b3831,,1,0,0.25916645846956465,0.2591664584695958,-3.114175584073564e-14,0,0.0
b1007,,1,0,0.25916645846956465,0.25916645846956465,0.0,0,0.0
b1012,,1,0,0.25916645846956465,0.25916645846956465,0.0,0,0.0
b3029,,2,0,0.25916645846956465,0.25916645846966946,-1.0480505352461478e-13,0,0.0
b1692,,2,422,0.25916645846956465,0.0,0.25916645846956465,1,1036.4150855736173
b0750,,1,422,0.25916645846956465,0.0,0.25916645846956465,1,1036.4150855736175
b4094,,1,4,0.25916645846956465,0.2591664584695847,-2.0039525594484076e-14,0,7.278787611032794e-06
b1662,,1,422,0.25916645846956465,0.0,0.25916645846956465,1,1036.4150855736166
b0415,,1,422,0.25916645846956465,0.0,0.25916645846956465,1,1036.415085573617
b3752,,1,0,0.25916645846956465,0.25916645846961195,-4.729550084903167e-14,0,0.0
b0063,,3,0,0.25916645846956465,0.2591664584696517,-8.704148513061227e-14,0,0.0
b4198,,1,0,0.25916645846956465,0.25916645846962727,-6.261657858885883e-14,0,0.0
b3583,,1,0,0.25916645846956465,0.25916645846962727,-6.261657858885883e-14,0,0.0
b0061,,1,0,0.25916645846956465,0.25916645846962727,-6.261657858885883e-14,0,0.0
b3629,,1,0,0.25916645846956465,0.2591664584695993,-3.4638958368304884e-14,0,0.0
b2687,,1,422,0.25916645846956465,0.0,0.25916645846956465,1,1036.4150855736173
b3748,,1,0,0.25916645846956465,0.2591664584695968,-3.214095656289828e-14,0,0.0
b3749,,1,0,0.25916645846956465,0.25916645846956465,0.0,0,0.0
b3751,,1,0,0.25916645846956465,0.25916645846956465,0.0,0,0.0
b3750,,1,0,0.25916645846956465,0.25916645846956465,0.0,0,0.0
b3904,,1,0,0.25916645846956465,0.25916645846956465,0.0,0,0.0
b3902,,1,0,0.25916645846956465,0.25916645846957714,-1.2490009027033011e-14,0,0.0
b2234,,4,4,0.25916645846956465,0.2591664584695919,-2.7255975254547593e-14,0,1.3360641352934629e-08
b2235,,4,4,0.25916645846956465,0.2591664584695919,-2.7255975254547593e-14,0,1.3360641352934629e-08
b2676,,4,0,0.25916645846956465,0.25916645846963915,-7.4495964952348e-14,0,0.0
b2675,,4,0,0.25916645846956465,0.25916645846963915,-7.4495964952348e-14,0,0.0
b4238,,4,61,0.25916645846956465,0.2591664584695771,-1.2434497875801753e-14,0,0.004692901694006772
b4237,,4,61,0.25916645846956465,0.2591664584695771,-1.2434497875801753e-14,0,0.004692901694006772
b3386,,1,50,0.25916645846956465,0.25916645846959985,-3.519406988061746e-14,0,4.268690288473354
b4301,,1,50,0.25916645846956465,0.25916645846959985,-3.519406988061746e-14,0,4.268690288473354
b2914,,1,422,0.25916645846956465,0.07878236497725649,0.18038409349230816,0,298.25193486852294
b0638,,1,0,0.25916645846956465,0.25916645846960706,-4.241051954068098e-14,0,0.0
b1683,,6,0,0.25916645846956465,0.25916645846960107,-3.6415315207705135e-14,0,0.0
b1679,,4,0,0.25916645846956465,0.25916645846961034,-4.568567746332519e-14,0,0.0
b1680,,4,0,0.25916645846956465,0.25916645846961034,-4.568567746332519e-14,0,0.0
b1682,,6,0,0.25916645846956465,0.25916645846960107,-3.6415315207705135e-14,0,0.0
b1681,,6,0,0.25916645846956465,0.25916645846960107,-3.6415315207705135e-14,0,0.0
b1684,,2,0,0.25916645846956465,0.25916645846960884,-4.418687638008123e-14,0,0.0
b0222,,1,4,0.25916645846956465,0.2591664584695918,-2.7144952952085077e-14,0,1.3360641352569779e-08
b1745,,1,4,0.25916645846956465,0.2591664584696377,-7.30526750203353e-14,0,1.3360641361148691e-08
b2751,,1,422,0.25916645846956465,0.0,0.25916645846956465,1,1036.415085573618
b2752,,1,422,0.25916645846956465,0.0,0.25916645846956465,1,1036.4150855736177
b2705,,1,0,0.25916645846956465,0.259166458469608,-4.335420911161236e-14,0,0.0
b2703,,1,0,0.25916645846956465,0.25916645846961106,-4.6407322429331543e-14,0,0.0
b2704,,1,0,0.25916645846956465,0.25916645846961106,-4.6407322429331543e-14,0,0.0
b2702,,1,0,0.25916645846956465,0.25916645846961106,-4.6407322429331543e-14,0,0.0
b2472,,1,422,0.25916645846956465,0.0,0.25916645846956465,1,1036.415085573617
b3591,,1,4,0.25916645846956465,0.2591664584695948,-3.0142555118573e-14,0,7.278787611033078e-06
b1764,,1,4,0.25916645846956465,0.25916645846961434,-4.9682480351975755e-14,0,1.3360641365570236e-08
b2264,,1,0,0.25916645846956465,0.25916645846959646,-3.1807889655510735e-14,0,0.0
b0586,,1,0,0.25916645846956465,0.2591664584696422,-7.754907827006718e-14,0,0.0
b3607,,1,422,0.25916645846956465,0.0,0.25916645846956465,1,1036.4150855736164
b2366,,1,4,0.25916645846956465,0.2591664584695927,-2.8033131371785203e-14,0,7.278787611033019e-06
b2797,,1,0,0.25916645846956465,0.25916645846937,1.946776073680212e-13,0,0.0
b4471,,1,0,0.25916645846956465,0.25916645846937,1.946776073680212e-13,0,0.0
b1814,,1,0,0.25916645846956465,0.25916645846937,1.946776073680212e-13,0,0.0
b0893,,2,4,0.25916645846956465,0.2591664584696057,-4.1022740759899534e-14,0,1.336064135855359e-08
b2796,,1,4,0.25916645846956465,0.2591664584695639,7.771561172376096e-16,0,1.3360641334750878e-08
b3116,,2,8,0.25916645846956465,0.2591664584696143,-4.96269692007445e-14,0,7.292148252391235e-06
b3089,,2,4,0.25916645846956465,0.25916645846959585,-3.11972669919669e-14,0,7.278787611033108e-06
b2154,,1,0,0.25916645846956465,0.2591664584696146,-4.9960036108132044e-14,0,0.0
b0355,,1,0,0.25916645846956465,0.2591664584696146,-4.9960036108132044e-14,0,0.0
b1744,,1,0,0.25916645846956465,0.2591664584695959,-3.1252778143198157e-14,0,0.0
b1746,,1,4,0.25916645846956465,0.25916645846959774,-3.3084646133829665e-14,0,1.3360641350596747e-08
b2263,,1,0,0.25916645846956465,0.2591664584696393,-7.466249840604178e-14,0,0.0
b3368,,3,422,0.25916645846956465,0.0,0.25916645846956465,1,1036.4150855736166
b3281,,1,422,0.25916645846956465,0.0,0.25916645846956465,1,1036.4150855736173
b0388,,1,422,0.25916645846956465,0.0,0.25916645846956465,1,1036.4150855736177
b3390,,1,422,0.25916645846956465,0.0,0.25916645846956465,1,1036.4150855736182
b3939,,1,422,0.25916645846956465,0.0,0.25916645846956465,1,1036.4150855736161
b1981,,1,0,0.25916645846956465,0.2591664584695789,-1.426636586643326e-14,0,0.0
b1206,,1,46,0.25916645846956465,0.25916645846959335,-2.8699265186560297e-14,0,0.01438814844518621
b1584,,2,0,0.25916645846956465,0.25916645846965974,-9.509060205914466e-14,0,0.0
b1599,,1,0,0.25916645846956465,0.25916645846967573,-1.1107781361374691e-13,0,0.0
b1600,,1,0,0.25916645846956465,0.25916645846967573,-1.1107781361374691e-13,0,0.0
b3908,,1,0,0.25916645846956465,0.25916645846956465,0.0,0,0.0
b1656,,1,0,0.25916645846956465,0.25916645846956465,0.0,0,0.0
b1646,,1,0,0.25916645846956465,0.25916645846956465,0.0,0,0.0
b1525,,2,0,0.25916645846956465,0.25916645846960523,-4.057865155004947e-14,0,0.0
b2661,,1,0,0.25916645846956465,0.25916645846956465,0.0,0,0.0
b2260,,1,4,0.25916645846956465,0.2591664584695932,-2.853273173286652e-14,0,1.3360641350263914e-08
b2261,,1,0,0.25916645846956465,0.2591664584696616,-9.692247004977617e-14,0,0.0
b0721,,1,67,0.25916645846956465,0.25916645846960856,-4.390932062392494e-14,0,53.74453925325981
b0722,,1,67,0.25916645846956465,0.25916645846960856,-4.390932062392494e-14,0,53.74453925325981
b0724,,1,67,0.25916645846956465,0.25916645846960856,-4.390932062392494e-14,0,53.74453925325981
b0723,,1,67,0.25916645846956465,0.25916645846960856,-4.390932062392494e-14,0,53.74453925325981
b0728,,1,68,0.25916645846956465,0.25916645846956454,1.1102230246251565e-16,0,12.826300497217934
b0729,,1,68,0.25916645846956465,0.25916645846956454,1.1102230246251565e-16,0,12.826300497217934
b1521,,1,0,0.25916645846956465,0.25916645846956465,0.0,0,0.0
b2464,,1,0,0.25916645846956465,0.2591664584695924,-2.7755575615628914e-14,0,0.0
b0008,,1,0,0.25916645846956465,0.2591664584695924,-2.7755575615628914e-14,0,0.0
b3062,,1,0,0.25916645846956465,0.25916645846956715,-2.4980018054066022e-15,0,0.0
b3061,,1,0,0.25916645846956465,0.25916645846956715,-2.4980018054066022e-15,0,0.0
b3063,,1,0,0.25916645846956465,0.2591664584696602,-9.553469126899472e-14,0,0.0
b0368,,1,0,0.25916645846956465,0.2591664584696369,-7.222000775186643e-14,0,0.0
b3790,,1,0,0.25916645846956465,0.25916645846958647,-2.1815882433884326e-14,0,0.0
b3791,,1,0,0.25916645846956465,0.25916645846958647,-2.1815882433884326e-14,0,0.0
b2038,,1,0,0.25916645846956465,0.2591664584695506,1.404432126150823e-14,0,0.0
b2040,,1,0,0.25916645846956465,0.2591664584696,-3.5360603334311236e-14,0,0.0
b2041,,1,0,0.25916645846956465,0.25916645846966385,-9.919842725025774e-14,0,0.0
b3788,,1,0,0.25916645846956465,0.25916645846966385,-9.919842725025774e-14,0,0.0
b0915,,1,422,0.25916645846956465,0.0,0.25916645846956465,1,1036.4150855736268
b2095,,1,4,0.25916645846956465,0.25916645846958203,-1.73749903353837e-14,0,7.278787611032678e-06
b3137,,1,4,0.25916645846956465,0.25916645846963365,-6.900036098045348e-14,0,1.3360641366793927e-08
b2096,,1,4,0.25916645846956465,0.25916645846963365,-6.900036098045348e-14,0,1.3360641366793927e-08
b3132,,1,4,0.25916645846956465,0.25916645846963365,-6.900036098045348e-14,0,1.3360641366793927e-08
b0166,,1,422,0.25916645846956465,0.0,0.25916645846956465,1,1036.4150855736173
b2480,,1,4,0.25916645846956465,0.2591664584696088,-4.413136522884997e-14,0,7.278787611033471e-06
b0066,,1,0,0.25916645846956465,0.2591664584695918,-2.7144952952085077e-14,0,0.0
b0067,,1,0,0.25916645846956465,0.2591664584695918,-2.7144952952085077e-14,0,0.0
b0068,,1,0,0.25916645846956465,0.2591664584695918,-2.7144952952085077e-14,0,0.0
b3616,,1,4,0.25916645846956465,0.25916645846957687,-1.2212453270876722e-14,0,1.3360641341056009e-08
b3772,,1,422,0.25916645846956465,0.0,0.25916645846956465,1,1036.415085573617
b3117,,1,422,0.25916645846956465,0.0,0.25916645846956465,1,1036.415085573617
b1719,,1,8,0.25916645846956465,0.25916645846964503,-8.038014698286133e-14,0,7.292148252404425e-06
b3823,,1,0,0.25916645846956465,0.25916645846956465,0.0,0,0.0
b3992,,1,422,0.25916645846956465,0.0,0.25916645846956465,1,1036.4150855736177
b3990,,1,422,0.25916645846956465,0.0,0.25916645846956465,1,1036.4150855736166
b0423,,1,422,0.25916645846956465,0.0,0.25916645846956465,1,1036.4150855736161
b4407,,1,422,0.25916645846956465,0.0,0.25916645846956465,1,1036.4150855736177
b2935,,2,422,0.25916645846956465,0.0,0.25916645846956465,1,1036.415085573618
b2465,,2,422,0.25916645846956465,0.0,0.25916645846956465,1,1036.415085573617
b0997,,2,0,0.25916645846956465,0.259166458469609,-4.4353409833775004e-14,0,0.0
b0996,,2,0,0.25916645846956465,0.25916645846956465,0.0,0,0.0
b2827,,1,422,0.25916645846956465,0.0,0.25916645846956465,1,1036.4150855736161
b1106,,1,0,0.25916645846956465,0.25916645846959113,-2.6478819137309983e-14,0,0.0
b0417,,1,422,0.25916645846956465,0.0,0.25916645846956465,1,1036.4150855736161
b3993,,1,422,0.25916645846956465,0.0,0.25916645846956465,1,1036.4150855736175
b3919,,1,70,0.25916645846956465,0.25916645846959485,-3.019806626980426e-14,0,68.5707030679201
b0613,,1,0,0.25916645846956465,0.2591664584696154,-5.0737192225369654e-14,0,0.0
b0888,,1,5,0.25916645846956465,0.25916645846958686,-2.220446049250313e-14,0,0.02063395763221794
b4239,,1,0,0.25916645846956465,0.25916645846956465,0.0,0,0.0
b1897,,1,0,0.25916645846956465,0.25916645846956465,0.0,0,0.0
b1896,,1,0,0.25916645846956465,0.259166458469605,-4.035660694512444e-14,0,0.0
b3519,,1,0,0.25916645846956465,0.259166458469586,-2.1371793224034263e-14,0,0.0
b1197,,1,0,0.25916645846956465,0.25916645846956465,0.0,0,0.0
b4240,,1,0,0.25916645846956465,0.2591664584696014,-3.674838211509268e-14,0,0.0
b1260,,3,422,0.25916645846956465,0.0,0.25916645846956465,1,1036.4150855736166
b1261,,3,422,0.25916645846956465,0.0,0.25916645846956465,1,1036.4150855736168
b3384,,1,4,0.25916645846956465,0.25916645846960795,-4.3298697960381105e-14,0,7.278787611033447e-06
b3709,,1,4,0.25916645846956465,0.2591664584695982,-3.352873534367973e-14,0,1.336064135271358e-08
b0509,,1,0,0.25916645846956465,0.25916645846956465,0.0,0,0.0
b3125,,1,0,0.25916645846956465,0.25916645846956465,0.0,0,0.0
b3991,,1,422,0.25916645846956465,0.0,0.25916645846956465,1,1036.4150855736168
b1637,,1,0,0.25916645846956465,0.25916645846960046,-3.58046925441613e-14,0,0.0
b1907,,1,0,0.25916645846956465,0.25916645846953823,2.6423307986078726e-14,0,0.0
b0179,,1,422,0.25916645846956465,0.0,0.25916645846956465,1,1036.4150855736166
b0085,,1,422,0.25916645846956465,0.0,0.25916645846956465,1,1036.41508557361
b3787,,1,0,0.25916645846956465,0.25916645846960573,-4.107825191113079e-14,0,0.0
b3786,,1,0,0.25916645846956465,0.2591664584696194,-5.473399511402022e-14,0,0.0
b0181,,1,422,0.25916645846956465,0.0,0.25916645846956465,1,1036.4150855736175
b3189,,1,422,0.25916645846956465,0.0,0.25916645846956465,1,1036.4150855736168
b0090,,1,422,0.25916645846956465,0.0,0.25916645846956465,1,1036.4150855736161
b0088,,1,422,0.25916645846956465,0.0,0.25916645846956465,1,1036.415085573618
b0091,,1,422,0.25916645846956465,0.0,0.25916645846956465,1,1036.4150855736175
b3972,,1,422,0.25916645846956465,0.0,0.25916645846956465,1,1036.4150855736168
b0841,,2,422,0.25916645846956465,0.0,0.25916645846956465,1,1036.415085573617
b3057,,2,422,0.25916645846956465,0.0,0.25916645846956465,1,1036.4150855736164
b0174,,1,422,0.25916645846956465,0.0,0.25916645846956465,1,1036.4150855736177
b0759,,1,4,0.25916645846956465,0.2591664584696148,-5.012656956182582e-14,0,7.2787876110336405e-06
b2036,,1,4,0.25916645846956465,0.2591664584695796,-1.4932499681208355e-14,0,1.3360641336919707e-08
b2028,,1,0,0.25916645846956465,0.25916645846956465,0.0,0,0.0
b2255,,2,0,0.25916645846956465,0.2591664584695953,-3.064215547965432e-14,0,0.0
b2253,,1,0,0.25916645846956465,0.25916645846961706,-5.240252676230739e-14,0,0.0
b0758,,1,0,0.25916645846956465,0.259166458469562,2.6645352591003757e-15,0,0.0
b0505,,1,4,0.25916645846956465,0.2591664584696088,-4.413136522884997e-14,0,1.3360641356501513e-08
b0086,,1,422,0.25916645846956465,0.0,0.25916645846956465,1,1036.4150855736166
b0096,,1,422,0.25916645846956465,0.0,0.25916645846956465,1,1036.4150855736175
b2258,,1,4,0.25916645846956465,0.2591664584695837,-1.9040324872321435e-14,0,7.278787611032767e-06
b4544,,1,0,0.25916645846956465,0.259166458469618,-5.334621633323877e-14,0,0.0
b4233,,2,0,0.25916645846956465,0.25916645846957875,-1.4099832412739488e-14,0,0.0
b0171,,1,422,0.25916645846956465,0.0,0.25916645846956465,1,1036.4150855736184
b2256,,1,0,0.25916645846956465,0.2591664584696139,-4.923839114212569e-14,0,0.0
b2254,,1,0,0.25916645846956465,0.259166458469557,7.66053886991358e-15,0,0.0
b3803,,1,422,0.25916645846956465,0.0,0.25916645846956465,1,1036.4150855736168
b3804,,1,422,0.25916645846956465,0.0,0.25916645846956465,1,1036.415085573614
b3997,,1,422,0.25916645846956465,0.0,0.25916645846956465,1,1036.4150855736186
b2498,,1,0,0.25916645846956465,0.2591664584696294,-6.472600233564663e-14,0,0.0
b1011,,1,0,0.25916645846956465,0.2591664584696095,-4.4853010194856324e-14,0,0.0
b2497,,1,0,0.25916645846956465,0.25916645846956465,0.0,0,0.0
b1006,,1,4,0.25916645846956465,0.2591664584695736,-8.93729534823251e-15,0,1.3360641338837228e-08
b0517,,1,0,0.25916645846956465,0.25916645846958103,-1.637578961322106e-14,0,0.0
b0524,,1,422,0.25916645846956465,0.0,0.25916645846956465,1,1036.4150855736136
b4258,,1,0,0.25916645846956465,0.25916645846959213,-2.7478019859472624e-14,0,0.0
b2682,,1,0,0.25916645846956465,0.25916645846956465,0.0,0,0.0
b2683,,1,0,0.25916645846956465,0.25916645846956465,0.0,0,0.0
b3572,,1,0,0.25916645846956465,0.25916645846964803,-8.337774914934926e-14,0,0.0
b4197,,1,0,0.25916645846956465,0.2591664584696217,-5.706546346573305e-14,0,0.0
b2882,,1,0,0.25916645846956465,0.25916645846956465,0.0,0,0.0
b3565,,2,0,0.25916645846956465,0.2591664584696248,-6.017408793468348e-14,0,0.0
b3579,,1,0,0.25916645846956465,0.2591664584695974,-3.275157922644212e-14,0,0.0
b3577,,1,0,0.25916645846956465,0.2591664584695974,-3.275157922644212e-14,0,0.0
b3578,,1,0,0.25916645846956465,0.2591664584695974,-3.275157922644212e-14,0,0.0
b3567,,1,0,0.25916645846956465,0.25916645846956465,0.0,0,0.0
b3568,,1,0,0.25916645846956465,0.25916645846956465,0.0,0,0.0
b3566,,1,0,0.25916645846956465,0.25916645846956465,0.0,0,0.0
b4031,,1,0,0.25916645846956465,0.25916645846956465,0.0,0,0.0
b1857,,1,0,0.25916645846956465,0.25916645846956465,0.0,0,0.0
b1859,,1,0,0.25916645846956465,0.25916645846956465,0.0,0,0.0
b1858,,1,0,0.25916645846956465,0.25916645846956465,0.0,0,0.0
