gene_id,n_gpr_rxns,n_changed,b_wt,b_ko,delta_b,y_essential,kV,solve_src
b0870,5,89,0.2390337212410202,0.2390322878221048,1.433418915369744e-06,0,200.42976084052543,pfba
b2551,6,411,0.2390337212410202,0.2325687885712596,0.0064649326697606,0,202.1486741234889,pfba
b3368,3,411,0.2390337212410202,0.0,0.2390337212410202,1,2839.048991308877,pfba
b2436,1,197,0.2390337212410202,0.2390285185433251,5.202697695133596e-06,0,200.42926865381543,pfba
b3500,1,14,0.2390337212410202,0.2390337212410079,1.2323475573339238e-14,0,200.038056445756,pfba
b0945,2,17,0.2390337212410202,0.2390337212410152,5.0237591864288326e-15,0,200.05681319070084,pfba
b4467,3,14,0.2390337212410202,0.2390337212410116,8.576472865229334e-15,0,200.03805644575584,pfba
b2979,3,14,0.2390337212410202,0.2390337212410116,8.576472865229334e-15,0,200.03805644575584,pfba
b4468,3,14,0.2390337212410202,0.2390337212410116,8.576472865229334e-15,0,200.03805644575584,pfba
b3916,3,379,0.2390337212410202,0.2357270358950081,0.003306685346012,0,224.0502483223825,pfba
b1260,3,411,0.2390337212410202,0.0,0.2390337212410202,1,2839.048991308875,pfba
b1261,3,411,0.2390337212410202,0.0,0.2390337212410202,1,2839.0489913088413,pfba
b3426,1,14,0.2390337212410202,0.2390337212410072,1.301736496372996e-14,0,200.4295495001612,pfba
b2243,3,16,0.2390337212410202,0.2390337212410046,1.557087792036782e-14,0,200.0353694763312,pfba
b2242,3,16,0.2390337212410202,0.2390337212410046,1.557087792036782e-14,0,200.0353694763312,pfba
b2241,3,16,0.2390337212410202,0.2390337212410046,1.557087792036782e-14,0,200.0353694763312,pfba
b3770,5,411,0.2390337212410202,0.0,0.2390337212410202,1,2839.0489913088704,pfba
b4054,4,411,0.2390337212410202,0.0,0.2390337212410202,1,2839.0489913088422,pfba
b3281,1,411,0.2390337212410202,0.0,0.2390337212410202,1,2839.048991308867,pfba
b1692,3,411,0.2390337212410202,0.0,0.2390337212410202,1,2839.048991308952,pfba
b0243,1,411,0.2390337212410202,0.0,0.2390337212410202,1,2839.0489913089364,pfba
b1613,1,18,0.2390337212410202,0.2390337212410161,4.08006961549745e-15,0,200.3280965190199,pfba
b0414,2,411,0.2390337212410202,0.0,0.2390337212410202,1,2839.048991308896,pfba
b3041,1,411,0.2390337212410202,0.0,0.2390337212410202,1,2839.048991308973,pfba
b0025,2,411,0.2390337212410202,0.0,0.2390337212410202,1,2839.0489913088622,pfba
b0446,4,18,0.2390337212410202,0.2390337212410159,4.3021142204224816e-15,0,200.32809651901965,pfba
b3812,2,411,0.2390337212410202,0.0,0.2390337212410202,1,2839.048991308884,pfba
b0844,2,411,0.2390337212410202,0.0,0.2390337212410202,1,2839.0489913089423,pfba
b1662,1,411,0.2390337212410202,0.0,0.2390337212410202,1,2839.0489913088622,pfba
b0421,2,411,0.2390337212410202,0.0,0.2390337212410202,1,2839.048991308946,pfba
b3804,1,411,0.2390337212410202,0.0,0.2390337212410202,1,2839.048991308904,pfba
b3997,1,411,0.2390337212410202,0.0,0.2390337212410202,1,2839.0489913088995,pfba
b4382,2,18,0.2390337212410202,0.2390337212410052,1.5015766408055242e-14,0,200.32809651902085,pfba
b0126,1,411,0.2390337212410202,0.0,0.2390337212410202,1,2839.048991308908,pfba
b0339,1,411,0.2390337212410202,0.0,0.2390337212410202,1,2839.0489913088823,pfba
b4006,2,411,0.2390337212410202,0.0,0.2390337212410202,1,2839.048991308877,pfba
b2508,1,324,0.2390337212410202,0.238110808605128,0.0009229126358921,0,200.47744566855425,pfba
b3846,19,418,0.2390337212410202,0.2349018138851165,0.0041319073559037,0,202.89579716510775,pfba
b2341,16,420,0.2390337212410202,0.2349018138850897,0.0041319073559304,0,202.7837444487897,pfba
b2400,1,411,0.2390337212410202,0.0,0.2390337212410202,1,2839.0489913088686,pfba
b3993,1,411,0.2390337212410202,0.0,0.2390337212410202,1,2839.048991308844,pfba
b2066,4,18,0.2390337212410202,0.2390337212410014,1.879052469178077e-14,0,200.32809651902016,pfba
b0238,3,12,0.2390337212410202,0.239033721241005,1.5154544286133387e-14,0,200.06201103898445,pfba
b0125,2,12,0.2390337212410202,0.2390337212410105,9.686695889854492e-15,0,200.062011038984,pfba
b2518,8,14,0.2390337212410202,0.2390337212410065,1.3683498778505054e-14,0,200.01363736421504,pfba
b0474,13,85,0.2390337212410202,0.2390324394718328,1.2817691874278392e-06,0,201.9803197277882,pfba
b1062,1,411,0.2390337212410202,0.0,0.2390337212410202,1,2839.048991308879,pfba
b1281,1,411,0.2390337212410202,0.0,0.2390337212410202,1,2839.048991308883,pfba
b0720,1,413,0.2390337212410202,0.0,0.2390337212410202,1,1492.1331051498782,pfba
b1136,1,413,0.2390337212410202,0.0,0.2390337212410202,1,1492.1331051499033,pfba
b0351,1,16,0.2390337212410202,0.2390337212410125,7.716050021144838e-15,0,200.0353694763312,pfba
b1241,3,12,0.2390337212410202,0.2390337212410086,1.1601830607332886e-14,0,200.0620110389837,pfba
b4069,2,14,0.2390337212410202,0.2390337212410152,5.0237591864288326e-15,0,200.03805644575587,pfba
b4226,1,411,0.2390337212410202,0.0,0.2390337212410202,1,2839.0489913088663,pfba
b2502,2,411,0.2390337212410202,0.0,0.2390337212410202,1,2839.0489913088686,pfba
b2744,14,411,0.2390337212410202,0.0,0.2390337212410202,1,2839.0489913089286,pfba
b3403,1,12,0.2390337212410202,0.2390337212410163,3.858025010572419e-15,0,200.06201103898388,pfba
b1479,1,14,0.2390337212410202,0.2390337212410344,-1.4210854715202004e-14,0,200.0380564457558,pfba
b1190,1,411,0.2390337212410202,0.0,0.2390337212410202,1,2839.0489913088577,pfba
b4053,1,411,0.2390337212410202,0.0,0.2390337212410202,1,2839.0489913088554,pfba
b2379,1,9,0.2390337212410202,0.2390337212409945,2.570166302007237e-14,0,200.05803621184543,pfba
b2290,1,19,0.2390337212410202,0.2390337212410122,7.965850201685498e-15,0,200.0933994963352,pfba
b3564,2,14,0.2390337212410202,0.2390337212410146,5.606626274357041e-15,0,200.03805644575584,pfba
b0063,3,16,0.2390337212410202,0.2390337212409921,2.8144153674247718e-14,0,200.0353694763312,pfba
b3752,1,14,0.2390337212410202,0.2390337212410152,5.0237591864288326e-15,0,200.03805644575587,pfba
b3926,1,16,0.2390337212410202,0.2390337212410024,1.7819079545233762e-14,0,200.03536947633103,pfba
b4383,2,81,0.2390337212410202,0.2390324394718161,1.281769204053429e-06,0,200.06201976912445,pfba
b0928,4,411,0.2390337212410202,0.0,0.2390337212410202,1,2839.048991308869,pfba
b3925,1,14,0.2390337212410202,0.239033721241007,1.3211653993039364e-14,0,200.0571592014529,pfba
b2930,1,14,0.2390337212410202,0.2390337212410152,5.0237591864288326e-15,0,200.03805644575587,pfba
b4232,1,14,0.2390337212410202,0.2390337212410152,5.0237591864288326e-15,0,200.03805644575587,pfba
b3697,6,14,0.2390337212410202,0.2390337212410129,7.327471962526033e-15,0,200.42954950016056,pfba
b3430,1,14,0.2390337212410202,0.2390337212410152,5.0237591864288326e-15,0,200.03805644575587,pfba
b1676,1,14,0.2390337212410202,0.2390337212410085,1.1712852909795402e-14,0,200.03805644575576,pfba
b1854,5,14,0.2390337212410202,0.2390337212410029,1.734723475976807e-14,0,200.42954950016176,pfba
b3197,1,411,0.2390337212410202,0.0,0.2390337212410202,1,2839.0489913088613,pfba
b2708,1,411,0.2390337212410202,0.0,0.2390337212410202,1,2839.048991308867,pfba
b0072,2,411,0.2390337212410202,0.0,0.2390337212410202,1,2839.048991308938,pfba
b0071,2,411,0.2390337212410202,0.0,0.2390337212410202,1,2839.0489913088577,pfba
b3671,2,411,0.2390337212410202,0.0,0.2390337212410202,1,2839.048991308844,pfba
b3670,2,411,0.2390337212410202,0.0,0.2390337212410202,1,2839.048991308875,pfba
b0078,2,411,0.2390337212410202,0.0,0.2390337212410202,1,2839.048991308906,pfba
b0077,2,411,0.2390337212410202,0.0,0.2390337212410202,1,2839.0489913088627,pfba
b0908,1,411,0.2390337212410202,0.0,0.2390337212410202,1,2839.0489913088604,pfba
b1264,1,411,0.2390337212410202,0.0,0.2390337212410202,1,2839.0489913089123,pfba
b1263,2,411,0.2390337212410202,0.0,0.2390337212410202,1,2839.0489913088186,pfba
b2599,2,411,0.2390337212410202,0.0,0.2390337212410202,1,2839.0489913088795,pfba
b2600,2,411,0.2390337212410202,0.0,0.2390337212410202,1,2839.048991308872,pfba
b2329,1,411,0.2390337212410202,0.0,0.2390337212410202,1,2839.048991308917,pfba
b1262,2,411,0.2390337212410202,0.0,0.2390337212410202,1,2839.0489913088413,pfba
b2779,1,428,0.2390337212410202,0.0618919577247935,0.1771417635162266,0,2668.569870740919,pfba
b2097,1,17,0.2390337212410202,0.2390337212410088,1.1407541578023483e-14,0,212.7599592861419,pfba
b2925,2,378,0.2390337212410202,0.2357270358949894,0.0033066853460308,0,221.4145036200316,pfba
b0963,1,14,0.2390337212410202,0.2390337212410177,2.4702462297909733e-15,0,200.0571592014527,pfba
b1702,1,14,0.2390337212410202,0.2390337212410152,5.0237591864288326e-15,0,200.03805644575587,pfba
b4025,1,411,0.2390337212410202,0.2206146936688684,0.0184190275721518,0,702.0599139279273,pfba
b2926,1,413,0.2390337212410202,0.0,0.2390337212410202,1,22832.229290488565,infeasible
b1850,2,6,0.2390337212410202,0.2390337212410168,3.4139358007223564e-15,0,200.00000619184112,pfba
b0767,1,371,0.2390337212410202,0.2363548409434581,0.0026788802975621,0,207.30218191697568,pfba
b3386,1,352,0.2390337212410202,0.2372610304306524,0.0017726908103678,0,203.2830595952764,pfba
b2464,1,12,0.2390337212410202,0.2390337212410117,8.493206138382448e-15,0,200.06201103898445,pfba
b0008,1,12,0.2390337212410202,0.2390337212410117,8.493206138382448e-15,0,200.06201103898445,pfba
b2465,2,411,0.2390337212410202,0.0,0.2390337212410202,1,2839.048991308852,pfba
b2935,2,411,0.2390337212410202,0.0,0.2390337212410202,1,2839.048991308928,pfba
b0678,1,14,0.2390337212410202,0.2390337212410115,8.659739592076221e-15,0,200.15983848589687,pfba
b1478,2,14,0.2390337212410202,0.2390337212410012,1.8957058145474548e-14,0,200.03805644575576,pfba
b3011,3,14,0.2390337212410202,0.2390337212409903,2.9920510513647975e-14,0,200.03805644575604,pfba
b3003,1,14,0.2390337212410202,0.2390337212410152,5.0237591864288326e-15,0,200.03805644575587,pfba
b4269,2,14,0.2390337212410202,0.2390337212410022,1.7957857423311907e-14,0,200.038056445756,pfba
b0493,1,14,0.2390337212410202,0.2390337212410152,5.0237591864288326e-15,0,200.03805644575587,pfba
b3588,2,14,0.2390337212410202,0.2390337212410022,1.7957857423311907e-14,0,200.038056445756,pfba
b3903,2,12,0.2390337212410202,0.2390337212410023,1.787459069646502e-14,0,200.0620110389839,pfba
b3996,1,12,0.2390337212410202,0.2390337212410101,1.0103029524088925e-14,0,200.06201103898383,pfba
b2411,1,12,0.2390337212410202,0.2390337212410101,1.0103029524088925e-14,0,200.06201103898383,pfba
b0639,2,411,0.2390337212410202,0.0,0.2390337212410202,1,2839.0489913088486,pfba
b4390,1,16,0.2390337212410202,0.2390337212410087,1.1518563880485999e-14,0,200.41524877994948,pfba
b2103,2,411,0.2390337212410202,0.0,0.2390337212410202,1,2839.048991308887,pfba
b2418,4,16,0.2390337212410202,0.2390337212410196,5.551115123125784e-16,0,200.4152487799481,pfba
b3831,1,14,0.2390337212410202,0.239033721241007,1.3211653993039364e-14,0,200.038056445756,pfba
b4384,7,84,0.2390337212410202,0.2390324394718317,1.2817691885380622e-06,0,200.41527056407872,pfba
b3073,1,12,0.2390337212410202,0.2390337212410002,2.0011770018868447e-14,0,200.062011038984,pfba
b3008,2,411,0.2390337212410202,0.0,0.2390337212410202,1,2839.048991308868,pfba
b3708,3,295,0.2390337212410202,0.238898470924075,0.0001352503169451,0,200.31831765326672,pfba
b1134,3,14,0.2390337212410202,0.2390337212410116,8.576472865229334e-15,0,200.03805644575576,pfba
b3614,3,14,0.2390337212410202,0.2390337212410152,5.0237591864288326e-15,0,200.03805644575587,pfba
b3642,1,411,0.2390337212410202,0.0,0.2390337212410202,1,2839.0489913088804,pfba
b0415,1,411,0.2390337212410202,0.0,0.2390337212410202,1,2839.048991308868,pfba
b3771,2,411,0.2390337212410202,0.0,0.2390337212410202,1,2839.048991308907,pfba
b3885,1,16,0.2390337212410202,0.2390337212409935,2.6673108166619383e-14,0,200.41524877994976,pfba
b2293,8,14,0.2390337212410202,0.239033721241019,1.2490009027033013e-15,0,200.42954950016176,pfba
b3114,2,14,0.2390337212410202,0.2390337212410082,1.1962653090336062e-14,0,200.03805644575567,pfba
b3951,1,14,0.2390337212410202,0.239033721241002,1.8152146452621313e-14,0,200.03805644575576,pfba
b3952,1,14,0.2390337212410202,0.239033721241002,1.8152146452621313e-14,0,200.03805644575576,pfba
b0902,2,14,0.2390337212410202,0.2390337212410082,1.1962653090336062e-14,0,200.03805644575567,pfba
b0903,2,14,0.2390337212410202,0.2390337212410082,1.1962653090336062e-14,0,200.03805644575567,pfba
b2579,2,14,0.2390337212410202,0.2390337212410082,1.1962653090336062e-14,0,200.03805644575567,pfba
b4154,2,14,0.2390337212410202,0.2390337212410216,-1.4432899320127037e-15,0,200.0571592014525,pfba
b4151,2,14,0.2390337212410202,0.2390337212410216,-1.4432899320127037e-15,0,200.0571592014525,pfba
b4153,2,14,0.2390337212410202,0.2390337212410216,-1.4432899320127037e-15,0,200.0571592014525,pfba
b4152,2,14,0.2390337212410202,0.2390337212410216,-1.4432899320127037e-15,0,200.0571592014525,pfba
b0871,1,14,0.2390337212410202,0.2390337212410152,5.0237591864288326e-15,0,200.03805644575587,pfba
b2458,1,427,0.2390337212410202,0.1124421659090789,0.1265915553319412,0,2323.5308752623278,pfba
b2297,2,423,0.2390337212410202,0.1124421659090899,0.1265915553319302,0,2323.772019593412,pfba
b3115,2,426,0.2390337212410202,0.1124420920364734,0.1265916292045467,0,2323.565682472665,pfba
b2296,1,427,0.2390337212410202,0.1124421659090759,0.1265915553319442,0,2323.530875262196,pfba
b1849,2,423,0.2390337212410202,0.1124420920364824,0.1265916292045378,0,2325.130638760872,pfba
b3633,2,411,0.2390337212410202,0.0,0.2390337212410202,1,2839.048991308885,pfba
b0174,1,411,0.2390337212410202,0.0,0.2390337212410202,1,2839.048991309085,pfba
b0524,1,411,0.2390337212410202,0.0,0.2390337212410202,1,2839.0489913093024,pfba
b0182,1,411,0.2390337212410202,0.0,0.2390337212410202,1,2839.0489913089523,pfba
b0915,1,411,0.2390337212410202,0.0,0.2390337212410202,1,2839.048991308884,pfba
b0099,3,411,0.2390337212410202,0.0,0.2390337212410202,1,2839.0489913091874,pfba
b2781,8,16,0.2390337212410202,0.2390337212410089,1.1296519275560968e-14,0,200.41524877994908,pfba
b0160,2,14,0.2390337212410202,0.2390337212410065,1.3711254354120683e-14,0,200.03805644575596,pfba
b1800,2,411,0.2390337212410202,0.0,0.2390337212410202,1,2839.0489913088777,pfba
b0073,1,411,0.2390337212410202,0.0,0.2390337212410202,1,2839.0489913089705,pfba
b0523,1,411,0.2390337212410202,0.0,0.2390337212410202,1,2839.04899130887,pfba
b1131,2,411,0.2390337212410202,0.0,0.2390337212410202,1,2839.048991308885,pfba
b2407,5,12,0.2390337212410202,0.2390337212410087,1.1546319456101628e-14,0,200.0620110389837,pfba
b2234,4,14,0.2390337212410202,0.2390337212410105,9.714451465470121e-15,0,200.42954950016016,pfba
b2235,4,14,0.2390337212410202,0.2390337212410105,9.714451465470121e-15,0,200.42954950016016,pfba
b3781,10,17,0.2390337212410202,0.2390337212410115,8.743006318923108e-15,0,200.0795085221193,pfba
b2582,10,17,0.2390337212410202,0.2390337212410115,8.743006318923108e-15,0,200.0795085221193,pfba
b2827,1,411,0.2390337212410202,0.0,0.2390337212410202,1,2839.0489913088977,pfba
b1238,2,14,0.2390337212410202,0.2390337212410027,1.754152378907747e-14,0,200.42954950016104,pfba
b3639,2,411,0.2390337212410202,0.0,0.2390337212410202,1,2839.048991308914,pfba
b1232,1,16,0.2390337212410202,0.2390337212409906,2.958744360626042e-14,0,200.41524877994863,pfba
b1851,1,14,0.2390337212410202,0.2390337212410232,-3.025357742103552e-15,0,200.05715920145283,pfba
b1693,1,411,0.2390337212410202,0.0,0.2390337212410202,1,2839.0489913088577,pfba
b4146,1,14,0.2390337212410202,0.239033721241021,-7.771561172376097e-16,0,200.42954950016124,pfba
b1109,3,14,0.2390337212410202,0.2390337212410152,5.0237591864288326e-15,0,200.03805644575587,pfba
b1004,3,14,0.2390337212410202,0.2390337212410152,5.0237591864288326e-15,0,200.03805644575587,pfba
b0046,3,14,0.2390337212410202,0.2390337212410152,5.0237591864288326e-15,0,200.03805644575587,pfba
b3713,3,14,0.2390337212410202,0.2390337212410152,5.0237591864288326e-15,0,200.03805644575587,pfba
b3236,1,410,0.2390337212410202,0.2302397187781729,0.0087940024628473,0,208.1866632502089,pfba
b4122,2,422,0.2390337212410202,0.2212721502930064,0.0177615709480137,0,360.4191150749157,pfba
b1611,1,423,0.2390337212410202,0.2212721502930329,0.0177615709479873,0,360.6218958532375,pfba
b1612,1,423,0.2390337212410202,0.2212721502930329,0.0177615709479873,0,360.6218958532375,pfba
b1638,2,12,0.2390337212410202,0.2390337212410095,1.071365218763276e-14,0,200.0620110389839,pfba
b0907,3,411,0.2390337212410202,0.0,0.2390337212410202,1,2839.048991308866,pfba
b1210,1,411,0.2390337212410202,0.0,0.2390337212410202,1,2839.0489913089923,pfba
b3429,1,18,0.2390337212410202,0.2390337212408443,1.758593271006248e-13,0,200.328096519022,pfba
b3417,5,14,0.2390337212410202,0.2390337212410366,-1.6403545188836688e-14,0,200.03805644575587,pfba
b3428,2,14,0.2390337212410202,0.2390337212410019,1.8263168755083825e-14,0,200.03805644575604,pfba
b0428,1,14,0.2390337212410202,0.2390337212410082,1.199040866595169e-14,0,200.0380564457559,pfba
b0120,1,14,0.2390337212410202,0.2390337212410071,1.3128387266192476e-14,0,200.03805644575584,pfba
b2937,1,14,0.2390337212410202,0.2390337212409939,2.6340041259231842e-14,0,200.4295495001613,pfba
b4117,1,18,0.2390337212410202,0.2390337212410114,8.826273045769994e-15,0,200.3280965190203,pfba
b3172,1,411,0.2390337212410202,0.0,0.2390337212410202,1,2839.048991308877,pfba
b3958,1,411,0.2390337212410202,0.0,0.2390337212410202,1,2839.048991308875,pfba
b0121,2,14,0.2390337212410202,0.2390337212409937,2.653433028854124e-14,0,200.42954950016164,pfba
b0154,1,411,0.2390337212410202,0.0,0.2390337212410202,1,2839.048991308872,pfba
b0918,1,411,0.2390337212410202,0.0,0.2390337212410202,1,2839.0489913088904,pfba
b4322,1,14,0.2390337212410202,0.2390337212410107,9.464651284929461e-15,0,200.01363736421493,pfba
b3091,1,14,0.2390337212410202,0.2390337212410118,8.354428260304303e-15,0,200.0380564457559,pfba
b3092,2,14,0.2390337212410202,0.2390337212410267,-6.467049118441537e-15,0,200.4295495001612,pfba
b3176,1,411,0.2390337212410202,0.0,0.2390337212410202,1,2839.0489913088827,pfba
b3730,2,411,0.2390337212410202,0.0,0.2390337212410202,1,2839.0489913088863,pfba
b3189,1,411,0.2390337212410202,0.0,0.2390337212410202,1,2839.0489913088977,pfba
b3967,1,411,0.2390337212410202,0.0,0.2390337212410202,1,2839.048991308732,pfba
b3786,1,18,0.2390337212410202,0.2390337212410074,1.2795320358804928e-14,0,200.3280965190206,pfba
b2323,13,411,0.2390337212410202,0.0,0.2390337212410202,1,2839.048991308889,pfba
b2232,2,18,0.2390337212410202,0.2390337212410137,6.522560269672795e-15,0,200.32809651901903,pfba
b0593,1,14,0.2390337212410202,0.2390337212410152,5.0237591864288326e-15,0,200.03805644575587,pfba
b0142,1,411,0.2390337212410202,0.0,0.2390337212410202,1,2839.0489913089823,pfba
b3634,1,411,0.2390337212410202,0.0,0.2390337212410202,1,2839.0489913088422,pfba
b0394,1,18,0.2390337212410202,0.2390337212410064,1.376676550535194e-14,0,200.3280965190196,pfba
b0173,1,411,0.2390337212410202,0.0,0.2390337212410202,1,2839.0489913088963,pfba
b3843,1,411,0.2390337212410202,0.0,0.2390337212410202,1,2839.0489913088704,pfba
b0477,2,16,0.2390337212410202,0.2390337212410054,1.4765966227514582e-14,0,200.0353694763311,pfba
b1302,3,411,0.2390337212410202,0.0,0.2390337212410202,1,2839.048991308876,pfba
b2662,3,411,0.2390337212410202,0.0,0.2390337212410202,1,2839.048991308878,pfba
b1525,2,14,0.2390337212410202,0.2390337212410116,8.576472865229334e-15,0,200.4295495001608,pfba
b4139,1,14,0.2390337212410202,0.2390337212410116,8.576472865229334e-15,0,200.03805644575596,pfba
b3117,2,411,0.2390337212410202,0.0,0.2390337212410202,1,2839.0489913088877,pfba
b2797,1,14,0.2390337212410202,0.2390337212410058,1.4377388168895777e-14,0,200.42954950016136,pfba
b1814,1,14,0.2390337212410202,0.2390337212410069,1.326716514427062e-14,0,200.03805644575587,pfba
b4471,1,14,0.2390337212410202,0.2390337212410069,1.326716514427062e-14,0,200.03805644575587,pfba
b3616,1,14,0.2390337212410202,0.2390337212410152,5.0237591864288326e-15,0,200.03805644575587,pfba
b3589,1,14,0.2390337212410202,0.2390337212410152,5.0237591864288326e-15,0,200.03805644575587,pfba
b3774,3,411,0.2390337212410202,0.0,0.2390337212410202,1,2839.0489913088554,pfba
b0185,1,411,0.2390337212410202,0.0,0.2390337212410202,1,2839.0489913088777,pfba
b3256,1,411,0.2390337212410202,0.0,0.2390337212410202,1,2839.048991308895,pfba
b3255,1,411,0.2390337212410202,0.0,0.2390337212410202,1,2839.0489913088963,pfba
b2316,1,411,0.2390337212410202,0.0,0.2390337212410202,1,2839.0489913088704,pfba
b2615,1,411,0.2390337212410202,0.0,0.2390337212410202,1,2839.048991308874,pfba
b2265,1,16,0.2390337212410202,0.2390337212410036,1.659783421814609e-14,0,200.41524877994877,pfba
b2261,1,14,0.2390337212410202,0.2390337212410101,1.0075273948473296e-14,0,200.038056445756,pfba
b0596,1,14,0.2390337212410202,0.2390337212410085,1.174060848541103e-14,0,200.038056445756,pfba
b0595,1,14,0.2390337212410202,0.2390337212410085,1.174060848541103e-14,0,200.038056445756,pfba
b4198,1,16,0.2390337212410202,0.2390337212410245,-4.274358644806853e-15,0,200.03536947633123,pfba
b0061,1,16,0.2390337212410202,0.2390337212410245,-4.274358644806853e-15,0,200.03536947633123,pfba
b3583,1,16,0.2390337212410202,0.2390337212410245,-4.274358644806853e-15,0,200.03536947633123,pfba
b4374,3,12,0.2390337212410202,0.2390337212409923,2.7866597918091432e-14,0,200.0620110389837,pfba
b0675,7,12,0.2390337212410202,0.2390337212410085,1.1657341758564144e-14,0,200.0620110389837,pfba
b2291,6,12,0.2390337212410202,0.2390337212410204,-1.9428902930940242e-16,0,200.06201103898377,pfba
b2361,8,14,0.2390337212410202,0.2390337212409999,2.0344836926255997e-14,0,200.42954950016107,pfba
b1651,1,12,0.2390337212410202,0.2390337212410133,6.9111383282916e-15,0,200.06201103898331,pfba
b0766,2,14,0.2390337212410202,0.2390337212410124,7.771561172376096e-15,0,200.038056445756,pfba
b3826,6,14,0.2390337212410202,0.2390337212410215,-1.3322676295501878e-15,0,200.03805644575556,pfba
b0758,1,14,0.2390337212410202,0.2390337212410183,1.887379141862766e-15,0,200.0571592014525,pfba
b0420,1,411,0.2390337212410202,0.0,0.2390337212410202,1,2839.048991308886,pfba
b1208,1,411,0.2390337212410202,0.0,0.2390337212410202,1,2839.0489913088622,pfba
b2746,1,411,0.2390337212410202,0.0,0.2390337212410202,1,2839.048991308896,pfba
b3526,1,16,0.2390337212410202,0.2390337212409984,2.1843638009499955e-14,0,200.41524877994937,pfba
b3565,2,14,0.2390337212410202,0.2390337212410125,7.716050021144838e-15,0,200.4295495001618,pfba
b2048,1,14,0.2390337212410202,0.2390337212410236,-3.386180225106728e-15,0,200.038056445756,pfba
b4015,1,14,0.2390337212410202,0.2390337212410228,-2.609024107869118e-15,0,200.03805644575596,pfba
b0116,3,421,0.2390337212410202,0.1628241235263487,0.0762095977146715,0,2235.8570889302223,pfba
b2903,1,287,0.2390337212410202,0.2389563133775337,7.740786348645057e-05,0,200.0483614685544,pfba
b2904,1,287,0.2390337212410202,0.2389563133775337,7.740786348645057e-05,0,200.0483614685544,pfba
b2905,1,287,0.2390337212410202,0.2389563133775337,7.740786348645057e-05,0,200.0483614685544,pfba
b0261,2,14,0.2390337212410202,0.2390337212410127,7.549516567451064e-15,0,200.038056445756,pfba
b0759,1,12,0.2390337212410202,0.239033721241016,4.191091917959966e-15,0,200.0620110389834,pfba
b0344,1,14,0.2390337212410202,0.2390337212410152,5.0237591864288326e-15,0,200.03805644575587,pfba
b4239,1,14,0.2390337212410202,0.2390337212410152,5.0237591864288326e-15,0,200.03805644575587,pfba
b3956,1,322,0.2390337212410202,0.2376324952528034,0.0014012259882167,0,207.9270713064779,pfba
b0822,7,14,0.2390337212410202,0.239033721241003,1.7180701306074294e-14,0,200.42954950016173,pfba
b2540,2,12,0.2390337212410202,0.2390337212410382,-1.7985612998927536e-14,0,200.062011038984,pfba
b2542,2,12,0.2390337212410202,0.2390337212410382,-1.7985612998927536e-14,0,200.062011038984,pfba
b2539,2,12,0.2390337212410202,0.2390337212410382,-1.7985612998927536e-14,0,200.062011038984,pfba
b2538,2,12,0.2390337212410202,0.2390337212410382,-1.7985612998927536e-14,0,200.062011038984,pfba
b2541,2,12,0.2390337212410202,0.2390337212409956,2.4563684419831592e-14,0,200.0620110389835,pfba
b0616,1,14,0.2390337212410202,0.2390337212410144,5.800915303666443e-15,0,200.0380564457557,pfba
b0617,1,14,0.2390337212410202,0.2390337212410144,5.800915303666443e-15,0,200.0380564457557,pfba
b0614,1,14,0.2390337212410202,0.2390337212410144,5.800915303666443e-15,0,200.0380564457557,pfba
b0615,1,14,0.2390337212410202,0.2390337212410144,5.800915303666443e-15,0,200.0380564457557,pfba
b2052,2,16,0.2390337212410202,0.2390337212410176,2.581268532253489e-15,0,200.03536947633108,pfba
b1636,1,14,0.2390337212410202,0.2390337212410008,1.940114735532461e-14,0,200.03805644575576,pfba
b1277,1,411,0.2390337212410202,0.0,0.2390337212410202,1,2839.0489913088704,pfba
b2751,1,411,0.2390337212410202,0.0,0.2390337212410202,1,2839.0489913088736,pfba
b2752,1,411,0.2390337212410202,0.0,0.2390337212410202,1,2839.048991308888,pfba
b2799,1,16,0.2390337212410202,0.2390337212410242,-3.996802888650564e-15,0,200.41524877994945,pfba
b3902,1,14,0.2390337212410202,0.2390337212410124,7.827072323607354e-15,0,200.03805644575613,pfba
b2705,1,14,0.2390337212410202,0.2390337212409996,2.059463710679665e-14,0,200.03805644575584,pfba
b2091,1,12,0.2390337212410202,0.2390337212410233,-3.1363800445660672e-15,0,200.062011038984,pfba
b3137,1,14,0.2390337212410202,0.2390337212409986,2.1649348980190556e-14,0,200.03805644575627,pfba
b3132,1,14,0.2390337212410202,0.2390337212409986,2.1649348980190556e-14,0,200.03805644575627,pfba
b2096,1,14,0.2390337212410202,0.2390337212409986,2.1649348980190556e-14,0,200.03805644575627,pfba
b2095,1,14,0.2390337212410202,0.2390337212409986,2.1649348980190556e-14,0,200.03805644575627,pfba
b4323,1,14,0.2390337212410202,0.2390337212410123,7.882583474838611e-15,0,200.0380564457559,pfba
b1521,1,14,0.2390337212410202,0.2390337212410039,1.6292522886374172e-14,0,200.03805644575596,pfba
b3385,1,14,0.2390337212410202,0.2390337212410055,1.4654943925052066e-14,0,200.03805644575596,pfba
b0507,1,14,0.2390337212410202,0.2390337212410096,1.0602629885170243e-14,0,200.42954950016107,pfba
b3061,1,14,0.2390337212410202,0.2390337212409922,2.800537579616957e-14,0,200.038056445756,pfba
b3062,1,14,0.2390337212410202,0.2390337212409922,2.800537579616957e-14,0,200.038056445756,pfba
b3126,1,14,0.2390337212410202,0.2390337212410077,1.2462253451417382e-14,0,200.0380564457559,pfba
b1095,9,411,0.2390337212410202,0.0,0.2390337212410202,1,2839.0489913087067,pfba
b1054,1,16,0.2390337212410202,0.2390337212410251,-4.884981308350689e-15,0,200.41524877994905,pfba
b1855,2,14,0.2390337212410202,0.2390337212409854,3.4833247397614286e-14,0,200.03805644575596,pfba
b2378,1,16,0.2390337212410202,0.2390337212409794,4.08006961549745e-14,0,200.03536947633097,pfba
b0109,1,411,0.2390337212410202,0.0,0.2390337212410202,1,2839.048991308849,pfba
b1094,26,411,0.2390337212410202,0.0,0.2390337212410202,1,2839.048991308899,pfba
b2836,23,419,0.2390337212410202,0.2349018138850889,0.0041319073559313,0,202.58506368795744,pfba
b2472,1,411,0.2390337212410202,0.0,0.2390337212410202,1,2839.0489913088704,pfba
b1589,3,14,0.2390337212410202,0.2390337212410079,1.2323475573339238e-14,0,200.4295495001603,pfba
b1588,3,14,0.2390337212410202,0.2390337212410062,1.3988810110276972e-14,0,200.03805644575596,pfba
b1587,3,14,0.2390337212410202,0.2390337212410062,1.3988810110276972e-14,0,200.03805644575596,pfba
b1590,3,14,0.2390337212410202,0.2390337212410062,1.3988810110276972e-14,0,200.03805644575596,pfba
b0894,4,16,0.2390337212410202,0.2390337212410117,8.548717289613705e-15,0,200.03536947633117,pfba
b0895,4,16,0.2390337212410202,0.2390337212410117,8.548717289613705e-15,0,200.03536947633117,pfba
b0896,4,16,0.2390337212410202,0.2390337212410117,8.548717289613705e-15,0,200.03536947633117,pfba
b3553,10,16,0.2390337212410202,0.2390337212410248,-4.579669976578771e-15,0,200.0353694763312,pfba
b0638,1,14,0.2390337212410202,0.2390337212409964,2.3786528302593982e-14,0,200.03805644575587,pfba
b3399,5,18,0.2390337212410202,0.2390337212410556,-3.544387006115812e-14,0,200.32809651901928,pfba
b0469,1,14,0.2390337212410202,0.2390337212410186,1.637578961322106e-15,0,200.0380564457561,pfba
b3187,1,411,0.2390337212410202,0.0,0.2390337212410202,1,2839.0489913088118,pfba
b3222,1,16,0.2390337212410202,0.2390337212410129,7.327471962526033e-15,0,200.41524877994908,pfba
b3225,1,14,0.2390337212410202,0.2390337212410117,8.493206138382448e-15,0,200.03805644575587,pfba
b1732,1,14,0.2390337212410202,0.2390337212410206,-3.6082248300317592e-16,0,200.4295495001618,pfba
b3942,1,14,0.2390337212410202,0.2390337212410206,-3.6082248300317592e-16,0,200.4295495001618,pfba
b0586,1,14,0.2390337212410202,0.2390337212410163,3.858025010572419e-15,0,200.03805644575607,pfba
b3794,1,14,0.2390337212410202,0.2390337212410243,-4.107825191113079e-15,0,200.03805644575587,pfba
b3693,1,14,0.2390337212410202,0.2390337212410076,1.2573275753879898e-14,0,200.03805644575587,pfba
b2901,1,14,0.2390337212410202,0.2390337212410218,-1.5543122344752194e-15,0,200.4295495001614,pfba
b3721,2,14,0.2390337212410202,0.2390337212410055,1.4710455076283324e-14,0,200.0380564457559,pfba
b2716,2,14,0.2390337212410202,0.2390337212410055,1.4710455076283324e-14,0,200.0380564457559,pfba
b3416,4,16,0.2390337212410202,0.239033721241015,5.218048215738236e-15,0,200.03536947633117,pfba
b1398,1,14,0.2390337212410202,0.2390337212410152,5.0237591864288326e-15,0,200.03805644575587,pfba
b0049,3,14,0.2390337212410202,0.23903372124101,1.021405182655144e-14,0,200.038056445756,pfba
b3784,1,14,0.2390337212410202,0.2390337212410144,5.800915303666443e-15,0,200.057159201453,pfba
b4481,1,16,0.2390337212410202,0.2390337212408896,1.306454944227653e-13,0,200.03536947633128,pfba
b3052,2,14,0.2390337212410202,0.2390337212410237,-3.524958103184872e-15,0,200.03805644575576,pfba
b1896,1,14,0.2390337212410202,0.2390337212410226,-2.414735078559716e-15,0,200.03805644575576,pfba
b0841,2,411,0.2390337212410202,0.0,0.2390337212410202,1,2839.048991308875,pfba
b1278,30,411,0.2390337212410202,0.0,0.2390337212410202,1,2839.048991308849,pfba
b3057,2,411,0.2390337212410202,0.0,0.2390337212410202,1,2839.048991308765,pfba
b3519,1,16,0.2390337212410202,0.2390337212409753,4.485301019485632e-14,0,200.3402323711269,pfba
b0910,3,411,0.2390337212410202,0.0,0.2390337212410202,1,2839.048991308917,pfba
b3648,2,411,0.2390337212410202,0.0,0.2390337212410202,1,2839.048991308904,pfba
b1694,1,14,0.2390337212410202,0.2390337212409911,2.906008766956347e-14,0,200.42954950016212,pfba
b2221,3,14,0.2390337212410202,0.2390337212410607,-4.0495384823202585e-14,0,200.03805644575544,pfba
b2222,3,14,0.2390337212410202,0.2390337212410607,-4.0495384823202585e-14,0,200.03805644575544,pfba
b2039,1,14,0.2390337212410202,0.2390337212410018,1.837419105754634e-14,0,200.03805644575573,pfba
b3789,1,14,0.2390337212410202,0.2390337212410018,1.837419105754634e-14,0,200.03805644575573,pfba
b2041,1,14,0.2390337212410202,0.2390337212410228,-2.55351295663786e-15,0,200.03805644575587,pfba
b3788,1,14,0.2390337212410202,0.2390337212410228,-2.55351295663786e-15,0,200.03805644575587,pfba
b2036,1,14,0.2390337212410202,0.2390337212410207,-4.996003610813204e-16,0,200.05715920145272,pfba
b2038,1,14,0.2390337212410202,0.2390337212410104,9.769962616701378e-15,0,200.0571592014526,pfba
b2040,1,16,0.2390337212410202,0.2390337212410518,-3.1585845050585704e-14,0,200.03536947633097,pfba
b0512,1,14,0.2390337212410202,0.239033721241013,7.188694084447889e-15,0,200.03805644575607,pfba
b3972,1,411,0.2390337212410202,0.0,0.2390337212410202,1,2839.048991308722,pfba
s0001,45,413,0.2390337212410202,0.0,0.2390337212410202,1,22832.229290488565,infeasible
b3617,1,14,0.2390337212410202,0.2390337212410126,7.577272143066693e-15,0,200.4295495001624,pfba
b0030,5,16,0.2390337212410202,0.2390337212410037,1.6459056340067946e-14,0,200.3402323711257,pfba
b0200,1,14,0.2390337212410202,0.2390337212410354,-1.5237811012980274e-14,0,200.0380564457558,pfba
b0222,1,14,0.2390337212410202,0.2390337212410153,4.9404924595819466e-15,0,200.03805644575587,pfba
b0038,2,14,0.2390337212410202,0.2390337212409963,2.389755060505649e-14,0,200.038056445756,pfba
b0036,2,14,0.2390337212410202,0.2390337212410118,8.382183835919932e-15,0,200.0571592014529,pfba
b3844,6,317,0.2390337212410202,0.2379974379119609,0.0010362833290592,0,201.3247086245233,pfba
b2784,2,14,0.2390337212410202,0.2390337212410152,5.0237591864288326e-15,0,200.03805644575587,pfba
b2431,1,411,0.2390337212410202,0.0,0.2390337212410202,1,2839.048991308872,pfba
b1019,1,411,0.2390337212410202,0.0,0.2390337212410202,1,2839.048991308894,pfba
b0475,1,411,0.2390337212410202,0.0,0.2390337212410202,1,2839.0489913089154,pfba
b4040,1,411,0.2390337212410202,0.0,0.2390337212410202,1,2839.048991308941,pfba
b3974,1,411,0.2390337212410202,0.0,0.2390337212410202,1,2839.0489913088813,pfba
b0103,1,411,0.2390337212410202,0.0,0.2390337212410202,1,2839.0489913093406,pfba
b2104,1,18,0.2390337212410202,0.2390337212409972,2.295386103412511e-14,0,200.3280965190204,pfba
b1215,1,411,0.2390337212410202,0.0,0.2390337212410202,1,2839.0489913088586,pfba
b3198,1,411,0.2390337212410202,0.0,0.2390337212410202,1,2839.04899130878,pfba
b1747,1,16,0.2390337212410202,0.2390337212409967,2.348121697082206e-14,0,200.03536947633103,pfba
b1744,1,14,0.2390337212410202,0.2390337212410356,-1.5376588891058418e-14,0,200.038056445756,pfba
b0340,1,14,0.2390337212410202,0.2390337212410103,9.853229343548264e-15,0,200.03805644575596,pfba
b2988,2,14,0.2390337212410202,0.2390337212410166,3.608224830031759e-15,0,200.03805644575596,pfba
b2883,1,14,0.2390337212410202,0.2390337212410123,7.854827899222983e-15,0,200.42954950016104,pfba
b1098,1,411,0.2390337212410202,0.0,0.2390337212410202,1,2839.0489913088595,pfba
b0888,1,21,0.2390337212410202,0.2390337212410041,1.609823385706477e-14,0,200.4327462630845,pfba
b2690,7,14,0.2390337212410202,0.2390337212410149,5.3290705182007506e-15,0,200.42954950016124,pfba
b0688,1,14,0.2390337212410202,0.2390337212410079,1.2267964422107981e-14,0,200.03805644575584,pfba
b1317,1,14,0.2390337212410202,0.2390337212410079,1.2267964422107981e-14,0,200.03805644575584,pfba
b2168,1,14,0.2390337212410202,0.2390337212410126,7.632783294297951e-15,0,200.4295495001616,pfba
b2687,1,411,0.2390337212410202,0.0,0.2390337212410202,1,2839.0489913088754,pfba
b3581,1,16,0.2390337212410202,0.2390337212410138,6.411537967210279e-15,0,200.41524877995,pfba
b4196,1,16,0.2390337212410202,0.2390337212410063,1.3905543383430086e-14,0,200.0353694763309,pfba
b3582,1,14,0.2390337212410202,0.239033721241005,1.5237811012980274e-14,0,200.0380564457558,pfba
b4197,1,14,0.2390337212410202,0.239033721241005,1.5237811012980274e-14,0,200.0380564457558,pfba
b3575,1,14,0.2390337212410202,0.2390337212410081,1.2129186544029835e-14,0,200.03805644575584,pfba
b0312,2,14,0.2390337212410202,0.2390337212410178,2.3592239273284576e-15,0,200.03805644575576,pfba
b0403,5,14,0.2390337212410202,0.2390337212410039,1.6292522886374172e-14,0,200.03805644575576,pfba
b0207,2,14,0.2390337212410202,0.2390337212410152,5.0237591864288326e-15,0,200.03805644575587,pfba
b3012,2,14,0.2390337212410202,0.2390337212410152,5.0237591864288326e-15,0,200.03805644575587,pfba
b3962,1,14,0.2390337212410202,0.2390337212410182,1.970645868709653e-15,0,200.42954950016085,pfba
b2764,4,411,0.2390337212410202,0.0,0.2390337212410202,1,2839.0489913088377,pfba
b2763,4,411,0.2390337212410202,0.0,0.2390337212410202,1,2839.0489913088195,pfba
b0937,2,6,0.2390337212410202,0.2390337212410104,9.825473767932635e-15,0,200.00000619184112,pfba
b2563,1,14,0.2390337212410202,0.2390337212410004,1.9789725413943412e-14,0,200.03805644575596,pfba
b3475,1,14,0.2390337212410202,0.2390337212410004,1.9789725413943412e-14,0,200.03805644575596,pfba
b2507,2,411,0.2390337212410202,0.0,0.2390337212410202,1,2839.048991308875,pfba
b1982,1,14,0.2390337212410202,0.2390337212410226,-2.4424906541753444e-15,0,200.42954950016096,pfba
b3360,1,411,0.2390337212410202,0.0,0.2390337212410202,1,2839.0489913089104,pfba
b1812,1,411,0.2390337212410202,0.0,0.2390337212410202,1,2839.048991309069,pfba
b1096,2,411,0.2390337212410202,0.0,0.2390337212410202,1,2839.048991308927,pfba
b4039,2,411,0.2390337212410202,0.0,0.2390337212410202,1,2839.0489913088936,pfba
b2416,21,411,0.2390337212410202,0.2191142444709124,0.0199194767701078,0,1207.205555471886,pfba
b1200,1,15,0.2390337212410202,0.2390337212410349,-1.4654943925052066e-14,0,483.9806509204335,pfba
b2415,21,411,0.2390337212410202,0.2191142444709282,0.0199194767700919,0,1207.2055554719095,pfba
b1199,1,15,0.2390337212410202,0.2390337212410349,-1.4654943925052066e-14,0,483.9806509204335,pfba
b1198,1,15,0.2390337212410202,0.2390337212410349,-1.4654943925052066e-14,0,483.9806509204335,pfba
b0171,1,411,0.2390337212410202,0.0,0.2390337212410202,1,2839.048991308872,pfba
b4477,1,14,0.2390337212410202,0.2390337212410093,1.0935696792557792e-14,0,200.42954950016164,pfba
b2498,1,14,0.2390337212410202,0.2390337212410135,6.744604874597826e-15,0,200.03805644575576,pfba
b2780,1,411,0.2390337212410202,0.0,0.2390337212410202,1,2839.048991308837,pfba
b0087,1,411,0.2390337212410202,0.0,0.2390337212410202,1,2839.0489913086103,pfba
b0090,1,411,0.2390337212410202,0.0,0.2390337212410202,1,2839.048991308956,pfba
b3946,1,15,0.2390337212410202,0.2390337212409246,9.556244684461037e-14,0,483.9806509200854,pfba
b0825,1,15,0.2390337212410202,0.2390337212410112,8.965050923848139e-15,0,483.9806509204586,pfba
b3619,1,12,0.2390337212410202,0.2390337212410156,4.635181127810029e-15,0,200.0620110389833,pfba
b4267,2,14,0.2390337212410202,0.2390337212410074,1.27675647831893e-14,0,200.0571592014519,pfba
b1033,4,14,0.2390337212410202,0.239033721241013,7.188694084447889e-15,0,200.0380564457559,pfba
b3957,1,411,0.2390337212410202,0.0,0.2390337212410202,1,2839.04899130888,pfba
b1623,2,14,0.2390337212410202,0.2390337212410145,5.689893001203927e-15,0,200.42954950016053,pfba
b3665,1,16,0.2390337212410202,0.2390337212409609,5.934142066621463e-14,0,200.03536947633103,pfba
b4177,1,411,0.2390337212410202,0.0,0.2390337212410202,1,2839.048991308873,pfba
b0677,1,16,0.2390337212410202,0.2390337212410138,6.411537967210279e-15,0,200.41524877994885,pfba
b0828,1,12,0.2390337212410202,0.2390337212410025,1.7680301667155618e-14,0,200.06201103898368,pfba
b1767,1,12,0.2390337212410202,0.2390337212410025,1.7680301667155618e-14,0,200.06201103898368,pfba
b0674,2,411,0.2390337212410202,0.0,0.2390337212410202,1,2839.048991308872,pfba
b3744,1,315,0.2390337212410202,0.238575495063771,0.0004582261772492,0,200.44865016075343,pfba
b4245,1,411,0.2390337212410202,0.0,0.2390337212410202,1,2839.048991308882,pfba
b4244,1,411,0.2390337212410202,0.0,0.2390337212410202,1,2839.048991308854,pfba
b0029,2,411,0.2390337212410202,0.0,0.2390337212410202,1,2839.04899130884,pfba
b1092,1,411,0.2390337212410202,0.0,0.2390337212410202,1,2839.048991308762,pfba
b3809,1,411,0.2390337212410202,0.0,0.2390337212410202,1,2839.048991308904,pfba
b0031,1,411,0.2390337212410202,0.0,0.2390337212410202,1,2839.048991308868,pfba
b0003,2,411,0.2390337212410202,0.0,0.2390337212410202,1,2839.0489913089086,pfba
b1748,3,411,0.2390337212410202,0.0,0.2390337212410202,1,2839.048991308895,pfba
b3359,2,411,0.2390337212410202,0.0,0.2390337212410202,1,2839.048991308872,pfba
b0004,1,411,0.2390337212410202,0.0,0.2390337212410202,1,2839.048991308825,pfba
b4013,1,411,0.2390337212410202,0.0,0.2390337212410202,1,2839.0489913090296,pfba
b1704,1,411,0.2390337212410202,0.0,0.2390337212410202,1,2839.0489913089546,pfba
b2601,1,411,0.2390337212410202,0.0,0.2390337212410202,1,2839.0489913088704,pfba
b0754,1,411,0.2390337212410202,0.0,0.2390337212410202,1,2839.0489913088545,pfba
b2700,1,18,0.2390337212410202,0.2390337212410075,1.2656542480726783e-14,0,200.32809651901977,pfba
b1768,1,14,0.2390337212410202,0.2390337212410127,7.494005416219807e-15,0,200.03805644575607,pfba
b1014,2,14,0.2390337212410202,0.2390337212410059,1.426636586643326e-14,0,200.0571592014529,pfba
b1584,2,14,0.2390337212410202,0.2390337212410188,1.4432899320127037e-15,0,200.0380564457563,pfba
b3790,1,16,0.2390337212410202,0.239033721241009,1.1241008124329712e-14,0,200.3402323711249,pfba
b4014,1,14,0.2390337212410202,0.2390337212410073,1.2878587085651816e-14,0,200.03805644575624,pfba
b2976,1,14,0.2390337212410202,0.2390337212410073,1.2878587085651816e-14,0,200.03805644575624,pfba
b1897,1,14,0.2390337212410202,0.2390337212410152,5.0237591864288326e-15,0,200.03805644575587,pfba
b3034,1,12,0.2390337212410202,0.2390337212410095,1.0741407763248391e-14,0,200.0620110389838,pfba
b3397,1,12,0.2390337212410202,0.2390337212410095,1.0741407763248391e-14,0,200.0620110389838,pfba
b0062,1,14,0.2390337212410202,0.2390337212410065,1.3739009929736312e-14,0,200.03805644575587,pfba
b3600,1,14,0.2390337212410202,0.2390337212410126,7.632783294297951e-15,0,200.0571592014528,pfba
b3608,1,302,0.2390337212410202,0.2388352946081389,0.0001984266328813,0,200.35237945642788,pfba
b4119,1,14,0.2390337212410202,0.2390337212410099,1.0325074129013956e-14,0,200.038056445756,pfba
b2802,2,12,0.2390337212410202,0.2390337212410118,8.354428260304303e-15,0,200.0620110389836,pfba
b2803,1,14,0.2390337212410202,0.2390337212410126,7.577272143066693e-15,0,200.0380564457557,pfba
b2800,1,16,0.2390337212410202,0.2390337212410052,1.4960255256823984e-14,0,200.03536947633071,pfba
b2738,1,16,0.2390337212410202,0.2390337212410052,1.4960255256823984e-14,0,200.03536947633071,pfba
b0335,1,14,0.2390337212410202,0.2390337212410152,5.0237591864288326e-15,0,200.03805644575587,pfba
b1236,1,14,0.2390337212410202,0.2390337212410146,5.551115123125783e-15,0,200.03805644575587,pfba
b0179,1,411,0.2390337212410202,0.0,0.2390337212410202,1,2839.0489913088577,pfba
b0085,1,411,0.2390337212410202,0.0,0.2390337212410202,1,2839.048991309509,pfba
b0091,1,411,0.2390337212410202,0.0,0.2390337212410202,1,2839.048991308854,pfba
b0088,1,411,0.2390337212410202,0.0,0.2390337212410202,1,2839.048991309052,pfba
b0505,1,16,0.2390337212410202,0.2390337212410137,6.522560269672795e-15,0,200.41524877994863,pfba
b0350,1,14,0.2390337212410202,0.2390337212410114,8.770761894538737e-15,0,200.0380564457557,pfba
b0352,1,14,0.2390337212410202,0.2390337212410114,8.770761894538737e-15,0,200.0380564457557,pfba
b0347,2,14,0.2390337212410202,0.239033721241007,1.3239409568654992e-14,0,200.03805644575584,pfba
b0726,1,415,0.2390337212410202,0.2345043716992592,0.0045293495417609,0,210.0239039012004,pfba
b0727,1,415,0.2390337212410202,0.2345043716992592,0.0045293495417609,0,210.0239039012004,pfba
b3945,4,16,0.2390337212410202,0.2390337212410158,4.440892098500626e-15,0,200.3402323711259,pfba
b0131,1,411,0.2390337212410202,0.0,0.2390337212410202,1,2839.048991308851,pfba
b0086,1,411,0.2390337212410202,0.0,0.2390337212410202,1,2839.048991308704,pfba
b0096,1,411,0.2390337212410202,0.0,0.2390337212410202,1,2839.0489913089955,pfba
b0181,1,411,0.2390337212410202,0.0,0.2390337212410202,1,2839.048991309228,pfba
b2019,1,411,0.2390337212410202,0.0,0.2390337212410202,1,2839.048991308904,pfba
b2020,1,411,0.2390337212410202,0.0,0.2390337212410202,1,2839.048991308794,pfba
b2022,2,411,0.2390337212410202,0.0,0.2390337212410202,1,2839.0489913089864,pfba
b1207,1,21,0.2390337212410202,0.2390337212408428,1.7735812818386878e-13,0,200.66375959626652,pfba
b2026,2,411,0.2390337212410202,0.0,0.2390337212410202,1,2839.048991308893,pfba
b2024,1,411,0.2390337212410202,0.0,0.2390337212410202,1,2839.048991308848,pfba
b3607,1,411,0.2390337212410202,0.0,0.2390337212410202,1,2839.048991308869,pfba
b2421,1,411,0.2390337212410202,0.0,0.2390337212410202,1,2839.0489913088286,pfba
b2414,1,411,0.2390337212410202,0.0,0.2390337212410202,1,2839.0489913088645,pfba
b4214,1,411,0.2390337212410202,0.0,0.2390337212410202,1,2839.048991308929,pfba
b2762,2,411,0.2390337212410202,0.0,0.2390337212410202,1,2839.0489913088645,pfba
b4024,1,411,0.2390337212410202,0.0,0.2390337212410202,1,2839.04899130891,pfba
b0002,2,411,0.2390337212410202,0.0,0.2390337212410202,1,2839.0489913088786,pfba
b3940,2,411,0.2390337212410202,0.0,0.2390337212410202,1,2839.0489913088804,pfba
b3433,1,411,0.2390337212410202,0.0,0.2390337212410202,1,2839.0489913092306,pfba
b2838,1,411,0.2390337212410202,0.0,0.2390337212410202,1,2839.048991308932,pfba
b2942,1,411,0.2390337212410202,0.0,0.2390337212410202,1,2839.0489913088586,pfba
b4192,1,16,0.2390337212410202,0.2390337212410182,2.0261570199409107e-15,0,200.03536947633117,pfba
b1993,2,14,0.2390337212410202,0.2390337212410143,5.8841820305133305e-15,0,200.0380564457558,pfba
b1992,1,14,0.2390337212410202,0.2390337212410066,1.3627987627273795e-14,0,200.03805644575596,pfba
b0417,1,411,0.2390337212410202,0.0,0.2390337212410202,1,2839.0489913088754,pfba
b0348,2,18,0.2390337212410202,0.2390337212409857,3.4500180490226746e-14,0,200.3280965190209,pfba
b0349,2,14,0.2390337212410202,0.2390337212410196,5.551115123125784e-16,0,200.03805644575573,pfba
b3124,1,14,0.2390337212410202,0.2390337212410159,4.3021142204224816e-15,0,200.03805644575576,pfba
b0583,1,16,0.2390337212410202,0.2390337212410003,1.9872992140790302e-14,0,200.0353694763311,pfba
b0732,1,14,0.2390337212410202,0.2390337212410174,2.8310687127941488e-15,0,200.05715920145303,pfba
b0517,1,16,0.2390337212410202,0.2390337212409982,2.19824158875781e-14,0,200.34023237112604,pfba
b0521,1,368,0.2390337212410202,0.2366705590460206,0.0023631621949995,0,200.4991622343884,pfba
b3223,1,12,0.2390337212410202,0.2390337212410011,1.9095836023552686e-14,0,200.0620110389836,pfba
b2428,1,14,0.2390337212410202,0.2390337212410119,8.298917109073045e-15,0,200.03805644575576,pfba
b2162,2,14,0.2390337212410202,0.2390337212410241,-3.913536161803677e-15,0,200.03805644575544,pfba
b0651,2,14,0.2390337212410202,0.2390337212410241,-3.913536161803677e-15,0,200.03805644575544,pfba
b0522,1,411,0.2390337212410202,0.0,0.2390337212410202,1,2839.048991308864,pfba
b1779,6,413,0.2390337212410202,0.0,0.2390337212410202,1,22832.229290488565,infeasible
b2388,1,14,0.2390337212410202,0.2390337212410145,5.689893001203927e-15,0,200.42954950016085,pfba
b2029,1,371,0.2390337212410202,0.2363548409434527,0.0026788802975675,0,207.33446142122096,pfba
b0368,1,14,0.2390337212410202,0.2390337212410384,-1.8179902028236935e-14,0,200.0380564457558,pfba
b2463,1,14,0.2390337212410202,0.2390337212410152,5.0237591864288326e-15,0,200.03805644575587,pfba
b3960,1,411,0.2390337212410202,0.0,0.2390337212410202,1,2839.0489913088377,pfba
b0032,1,16,0.2390337212410202,0.2390337212409997,2.05391259555654e-14,0,200.34023237112524,pfba
b0033,1,14,0.2390337212410202,0.2390337212410152,5.0237591864288326e-15,0,200.03805644575587,pfba
b0242,1,411,0.2390337212410202,0.0,0.2390337212410202,1,2839.048991308867,pfba
b0074,1,411,0.2390337212410202,0.0,0.2390337212410202,1,2839.048991308854,pfba
b1091,3,411,0.2390337212410202,0.0,0.2390337212410202,1,2839.0489913090805,pfba
b3908,1,18,0.2390337212410202,0.2390337212410051,1.50712775592865e-14,0,200.32809651902025,pfba
b1656,1,14,0.2390337212410202,0.239033721241054,-3.3750779948604765e-14,0,200.03805644575576,pfba
b0159,3,411,0.2390337212410202,0.0,0.2390337212410202,1,2839.048991308877,pfba
b1106,1,16,0.2390337212410202,0.2390337212410079,1.2267964422107981e-14,0,200.41524877995056,pfba
b1759,2,14,0.2390337212410202,0.2390337212410152,5.0237591864288326e-15,0,200.03805644575587,pfba
b2251,3,28,0.2390337212410202,0.2390337212410005,1.965094753586527e-14,0,200.0614044314655,pfba
b0905,1,14,0.2390337212410202,0.2390337212410152,5.0237591864288326e-15,0,200.03805644575587,pfba
b3248,2,14,0.2390337212410202,0.2390337212410152,5.0237591864288326e-15,0,200.03805644575587,pfba
b0386,1,411,0.2390337212410202,0.0,0.2390337212410202,1,2839.048991308887,pfba
b3425,1,14,0.2390337212410202,0.2390337212410159,4.3021142204224816e-15,0,200.42954950016076,pfba
b2668,1,14,0.2390337212410202,0.2390337212410092,1.0991207943789051e-14,0,200.03805644575584,pfba
b2521,2,14,0.2390337212410202,0.2390337212410374,-1.7152945730458672e-14,0,200.0380564457558,pfba
b2053,1,16,0.2390337212410202,0.2390337212410143,5.911937606128959e-15,0,200.03536947633097,pfba
b2920,1,14,0.2390337212410202,0.2390337212410152,5.0237591864288326e-15,0,200.03805644575587,pfba
b2143,2,14,0.2390337212410202,0.2390337212410098,1.0436096431476471e-14,0,200.42954950016096,pfba
b0778,1,411,0.2390337212410202,0.0,0.2390337212410202,1,2839.048991308913,pfba
b2065,1,16,0.2390337212410202,0.239033721241009,1.1241008124329712e-14,0,200.415248779949,pfba
b2478,1,411,0.2390337212410202,0.0,0.2390337212410202,1,2839.048991308886,pfba
b0337,1,12,0.2390337212410202,0.2390337212410195,7.494005416219808e-16,0,200.0620110389839,pfba
b3729,1,411,0.2390337212410202,0.0,0.2390337212410202,1,2839.048991308863,pfba
b2688,1,14,0.2390337212410202,0.239033721241012,8.1601392309949e-15,0,200.42954950016187,pfba
b0485,1,14,0.2390337212410202,0.2390337212410093,1.0935696792557792e-14,0,200.0380564457558,pfba
b1524,1,14,0.2390337212410202,0.2390337212410093,1.0935696792557792e-14,0,200.0380564457558,pfba
b2312,1,411,0.2390337212410202,0.0,0.2390337212410202,1,2839.048991308888,pfba
b0104,1,18,0.2390337212410202,0.2390337212410061,1.4099832412739488e-14,0,200.3280965190197,pfba
b1740,1,411,0.2390337212410202,0.0,0.2390337212410202,1,2839.048991308834,pfba
b3366,1,16,0.2390337212410202,0.2390337212410206,-4.163336342344337e-16,0,200.4152487799489,pfba
b3365,1,14,0.2390337212410202,0.2390337212410152,5.0237591864288326e-15,0,200.03805644575587,pfba
b4254,1,411,0.2390337212410202,0.0,0.2390337212410202,1,2839.048991308896,pfba
b0273,1,411,0.2390337212410202,0.0,0.2390337212410202,1,2839.0489913088927,pfba
b2500,1,318,0.2390337212410202,0.2383163275568405,0.0007173936841796,0,200.5099647049016,pfba
b3449,5,14,0.2390337212410202,0.2390337212410011,1.912359159916832e-14,0,200.03805644575576,pfba
b0331,1,14,0.2390337212410202,0.2390337212409959,2.4313884239290928e-14,0,200.4295495001614,pfba
b2210,2,14,0.2390337212410202,0.2390337212410152,5.0237591864288326e-15,0,200.03805644575587,pfba
b1746,1,14,0.2390337212410202,0.2390337212410102,1.0047518372857668e-14,0,200.038056445756,pfba
b0052,1,411,0.2390337212410202,0.0,0.2390337212410202,1,2839.0489913088995,pfba
b2564,1,411,0.2390337212410202,0.0,0.2390337212410202,1,2839.048991308964,pfba
b0369,1,411,0.2390337212410202,0.0,0.2390337212410202,1,2839.0489913088777,pfba
b4005,1,411,0.2390337212410202,0.0,0.2390337212410202,1,2839.048991308875,pfba
b2557,1,411,0.2390337212410202,0.0,0.2390337212410202,1,2839.0489913088604,pfba
b2441,1,18,0.2390337212410202,0.2390337212410289,-8.687495167691852e-15,0,200.32809651902,pfba
b2440,1,14,0.2390337212410202,0.2390337212410122,7.965850201685498e-15,0,200.03805644575388,pfba
b2049,1,14,0.2390337212410202,0.2390337212410152,5.0237591864288326e-15,0,200.03805644575587,pfba
b3806,1,16,0.2390337212410202,0.2390337212410123,7.91033905045424e-15,0,200.0353694763312,pfba
b2533,2,14,0.2390337212410202,0.2390337212410114,8.770761894538737e-15,0,200.03805644575564,pfba
b0333,1,14,0.2390337212410202,0.2390337212410152,5.0237591864288326e-15,0,200.03805644575587,pfba
b3590,1,14,0.2390337212410202,0.2390337212410152,5.0237591864288326e-15,0,200.03805644575587,pfba
b2173,1,14,0.2390337212410202,0.2390337212410152,5.0237591864288326e-15,0,200.03805644575587,pfba
b2918,1,14,0.2390337212410202,0.2390337212410152,5.0237591864288326e-15,0,200.03805644575587,pfba
b2727,1,14,0.2390337212410202,0.2390337212410152,5.0237591864288326e-15,0,200.03805644575587,pfba
b4173,1,14,0.2390337212410202,0.2390337212410152,5.0237591864288326e-15,0,200.03805644575587,pfba
b4352,1,14,0.2390337212410202,0.2390337212410152,5.0237591864288326e-15,0,200.03805644575587,pfba
b4161,4,14,0.2390337212410202,0.2390337212410152,5.0237591864288326e-15,0,200.03805644575587,pfba
b1852,1,372,0.2390337212410202,0.2363548409434437,0.0026788802975765,0,207.2972501402144,pfba
b0134,1,411,0.2390337212410202,0.0,0.2390337212410202,1,2839.0489913088704,pfba
b2028,1,16,0.2390337212410202,0.2390337212410161,4.08006961549745e-15,0,200.41524877994857,pfba
b2787,1,14,0.2390337212410202,0.2390337212410046,1.5626389071599078e-14,0,200.038056445756,pfba
b2788,1,14,0.2390337212410202,0.2390337212410046,1.5626389071599078e-14,0,200.038056445756,pfba
b3791,1,14,0.2390337212410202,0.239033721241011,9.242606680004428e-15,0,200.0380564457558,pfba
b3787,1,14,0.2390337212410202,0.2390337212410234,-3.247402347028583e-15,0,200.42954950016093,pfba
b1415,2,16,0.2390337212410202,0.2390337212410072,1.3045120539345591e-14,0,200.03536947633108,pfba
b1493,1,16,0.2390337212410202,0.2390337212410298,-9.603429163007604e-15,0,200.340232371125,pfba
b3517,1,16,0.2390337212410202,0.2390337212410298,-9.603429163007604e-15,0,200.340232371125,pfba
b3551,3,12,0.2390337212410202,0.2390337212410089,1.126876369994534e-14,0,200.0620110389838,pfba
b2750,1,411,0.2390337212410202,0.0,0.2390337212410202,1,2839.048991308868,pfba
b1622,1,411,0.2390337212410202,0.0,0.2390337212410202,1,2839.048991308966,pfba
b3939,1,411,0.2390337212410202,0.0,0.2390337212410202,1,2839.048991308873,pfba
b2661,1,14,0.2390337212410202,0.2390337212410372,-1.6958656701149266e-14,0,200.42954950016045,pfba
b0241,283,413,0.2390337212410202,0.0,0.2390337212410202,1,22832.229290488565,infeasible
b2215,285,413,0.2390337212410202,0.0,0.2390337212410202,1,22832.229290488565,infeasible
b0929,285,413,0.2390337212410202,0.0,0.2390337212410202,1,22832.229290488565,infeasible
b1377,284,413,0.2390337212410202,0.0,0.2390337212410202,1,22832.229290488565,infeasible
b0411,7,6,0.2390337212410202,0.23903372124101,1.0241807402167068e-14,0,200.00000619184112,pfba
b1319,1,425,0.2390337212410202,0.0469260721005661,0.1921076491404541,0,16174.975111554711,pfba
b3875,3,425,0.2390337212410202,0.0469260721005375,0.1921076491404827,0,16174.975111548085,pfba
b0957,1,425,0.2390337212410202,0.0469260721005661,0.1921076491404541,0,16174.975111554711,pfba
b1805,10,12,0.2390337212410202,0.2390337212410092,1.101896351940468e-14,0,200.062011038984,pfba
b1701,10,12,0.2390337212410202,0.2390337212410092,1.101896351940468e-14,0,200.062011038984,pfba
b1646,1,14,0.2390337212410202,0.2390337212409956,2.4646951146678475e-14,0,200.03805644575587,pfba
b2203,2,14,0.2390337212410202,0.2390337212410152,5.0237591864288326e-15,0,200.03805644575587,pfba
b2202,2,14,0.2390337212410202,0.2390337212410152,5.0237591864288326e-15,0,200.03805644575587,pfba
b2206,2,14,0.2390337212410202,0.2390337212410152,5.0237591864288326e-15,0,200.03805644575587,pfba
b2205,1,14,0.2390337212410202,0.2390337212410152,5.0237591864288326e-15,0,200.03805644575587,pfba
b2204,1,14,0.2390337212410202,0.2390337212410152,5.0237591864288326e-15,0,200.03805644575587,pfba
b0980,2,14,0.2390337212410202,0.2390337212410148,5.440092820663267e-15,0,200.03805644575596,pfba
b0383,15,14,0.2390337212410202,0.2390337212409992,2.0955459589799833e-14,0,200.42954950016116,pfba
b1468,2,14,0.2390337212410202,0.2390337212410117,8.493206138382448e-15,0,200.038056445756,pfba
b1224,2,14,0.2390337212410202,0.2390337212410117,8.493206138382448e-15,0,200.038056445756,pfba
b1225,2,14,0.2390337212410202,0.2390337212410117,8.493206138382448e-15,0,200.038056445756,pfba
b1226,2,14,0.2390337212410202,0.2390337212410117,8.493206138382448e-15,0,200.038056445756,pfba
b1227,2,14,0.2390337212410202,0.2390337212410117,8.493206138382448e-15,0,200.038056445756,pfba
b1466,2,14,0.2390337212410202,0.2390337212410117,8.493206138382448e-15,0,200.038056445756,pfba
b1467,2,14,0.2390337212410202,0.2390337212410117,8.493206138382448e-15,0,200.038056445756,pfba
b1465,2,14,0.2390337212410202,0.2390337212410117,8.493206138382448e-15,0,200.038056445756,pfba
b1602,1,14,0.2390337212410202,0.2390337212410152,5.0237591864288326e-15,0,200.03805644575587,pfba
b1603,1,14,0.2390337212410202,0.2390337212410152,5.0237591864288326e-15,0,200.03805644575587,pfba
b0997,2,14,0.2390337212410202,0.2390337212410421,-2.1899149160731213e-14,0,200.03805644575564,pfba
b0996,2,14,0.2390337212410202,0.2390337212410421,-2.1899149160731213e-14,0,200.03805644575564,pfba
b1873,4,14,0.2390337212410202,0.2390337212410135,6.744604874597826e-15,0,200.03805644575596,pfba
b1872,4,14,0.2390337212410202,0.2390337212410135,6.744604874597826e-15,0,200.03805644575596,pfba
b3845,8,418,0.2390337212410202,0.2349018138850867,0.0041319073559335,0,202.4792455561424,pfba
b2342,8,418,0.2390337212410202,0.2349018138850867,0.0041319073559335,0,202.4792455561424,pfba
b4388,1,412,0.2390337212410202,0.2290923194874093,0.0099414017536109,0,205.44719428796324,pfba
b0010,2,427,0.2390337212410202,0.111866710143661,0.1271670110973591,0,2342.580173781953,pfba
b3528,6,18,0.2390337212410202,0.2390337212410277,-7.549516567451064e-15,0,200.3280965190197,pfba
b4123,9,14,0.2390337212410202,0.2390337212410003,1.990074771640593e-14,0,200.03805644575587,pfba
b0621,4,14,0.2390337212410202,0.2390337212410166,3.552713678800501e-15,0,200.03805644575587,pfba
b4138,7,14,0.2390337212410202,0.2390337212410166,3.552713678800501e-15,0,200.03805644575587,pfba
b2417,6,412,0.2390337212410202,0.2191142444709402,0.0199194767700799,0,744.889759820421,pfba
b2429,2,14,0.2390337212410202,0.2390337212410039,1.634803403760543e-14,0,200.03805644575604,pfba
b2423,5,411,0.2390337212410202,0.0,0.2390337212410202,1,2839.048991308889,pfba
b2422,5,411,0.2390337212410202,0.0,0.2390337212410202,1,2839.0489913088704,pfba
b0764,3,411,0.2390337212410202,0.0,0.2390337212410202,1,2839.0489913088645,pfba
b0765,3,411,0.2390337212410202,0.0,0.2390337212410202,1,2839.048991308863,pfba
b0763,3,411,0.2390337212410202,0.0,0.2390337212410202,1,2839.048991308888,pfba
b2425,5,411,0.2390337212410202,0.0,0.2390337212410202,1,2839.0489913089405,pfba
b2424,5,411,0.2390337212410202,0.0,0.2390337212410202,1,2839.048991308872,pfba
b3917,5,411,0.2390337212410202,0.0,0.2390337212410202,1,2839.048991308956,pfba
b3063,1,16,0.2390337212410202,0.2390337212409751,4.507505479978136e-14,0,200.03536947633108,pfba
b2913,3,411,0.2390337212410202,0.2290923194873667,0.0099414017536535,0,204.9249138108325,pfba
b0366,3,14,0.2390337212410202,0.2390337212410123,7.854827899222983e-15,0,200.03805644575587,pfba
b0367,3,14,0.2390337212410202,0.2390337212410123,7.854827899222983e-15,0,200.03805644575587,pfba
b0365,3,14,0.2390337212410202,0.2390337212410123,7.854827899222983e-15,0,200.03805644575587,pfba
b2964,11,16,0.2390337212410202,0.2390337212409866,3.3584246494910985e-14,0,200.34023237112604,pfba
b2393,8,12,0.2390337212410202,0.2390337212409922,2.800537579616957e-14,0,200.06201103898368,pfba
b1291,1,299,0.2390337212410202,0.2387552269425937,0.0002784942984264,0,200.0441695588673,pfba
b1250,1,299,0.2390337212410202,0.2387552269425937,0.0002784942984264,0,200.0441695588673,pfba
b1363,1,299,0.2390337212410202,0.2387552269425937,0.0002784942984264,0,200.0441695588673,pfba
b3290,1,299,0.2390337212410202,0.2387552269425937,0.0002784942984264,0,200.0441695588673,pfba
b3747,1,299,0.2390337212410202,0.2387552269425937,0.0002784942984264,0,200.0441695588673,pfba
b3849,1,299,0.2390337212410202,0.2387552269425937,0.0002784942984264,0,200.0441695588673,pfba
b2587,1,14,0.2390337212410202,0.2390337212410014,1.8762769116165142e-14,0,200.42954950016107,pfba
b4031,1,14,0.2390337212410202,0.2390337212410152,5.0237591864288326e-15,0,200.03805644575587,pfba
b0067,1,14,0.2390337212410202,0.2390337212410178,2.3869795029440866e-15,0,200.03805644575587,pfba
b0066,1,14,0.2390337212410202,0.2390337212410178,2.3869795029440866e-15,0,200.03805644575587,pfba
b0068,1,14,0.2390337212410202,0.2390337212410178,2.3869795029440866e-15,0,200.03805644575587,pfba
b2406,6,16,0.2390337212410202,0.2390337212410376,-1.7430501486614958e-14,0,200.4152487799471,pfba
b3460,5,14,0.2390337212410202,0.2390337212410152,5.0237591864288326e-15,0,200.03805644575587,pfba
b3455,5,14,0.2390337212410202,0.2390337212410152,5.0237591864288326e-15,0,200.03805644575587,pfba
b3454,5,14,0.2390337212410202,0.2390337212410152,5.0237591864288326e-15,0,200.03805644575587,pfba
b3457,5,14,0.2390337212410202,0.2390337212410152,5.0237591864288326e-15,0,200.03805644575587,pfba
b3456,5,14,0.2390337212410202,0.2390337212410152,5.0237591864288326e-15,0,200.03805644575587,pfba
b4240,1,16,0.2390337212410202,0.2390337212409992,2.103872631664672e-14,0,200.03536947633108,pfba
b3161,2,14,0.2390337212410202,0.2390337212410053,1.4932499681208355e-14,0,200.03805644575587,pfba
b3709,1,14,0.2390337212410202,0.2390337212410143,5.8841820305133305e-15,0,200.03805644575587,pfba
b0112,4,16,0.2390337212410202,0.2390337212410148,5.35682609381638e-15,0,200.03536947633103,pfba
b1907,1,14,0.2390337212410202,0.2390337212410143,5.8841820305133305e-15,0,200.03805644575587,pfba
b3567,1,14,0.2390337212410202,0.2390337212410152,5.0237591864288326e-15,0,200.03805644575587,pfba
b3566,1,14,0.2390337212410202,0.2390337212410152,5.0237591864288326e-15,0,200.03805644575587,pfba
b3568,1,14,0.2390337212410202,0.2390337212410152,5.0237591864288326e-15,0,200.03805644575587,pfba
b3577,2,14,0.2390337212410202,0.2390337212409966,2.3564483697668948e-14,0,200.0380564457561,pfba
b3578,2,14,0.2390337212410202,0.2390337212409966,2.3564483697668948e-14,0,200.0380564457561,pfba
b3579,2,14,0.2390337212410202,0.2390337212409966,2.3564483697668948e-14,0,200.0380564457561,pfba
b3089,2,14,0.2390337212410202,0.2390337212410152,5.0237591864288326e-15,0,200.03805644575587,pfba
b2153,1,411,0.2390337212410202,0.0,0.2390337212410202,1,2839.048991308884,pfba
b0935,5,16,0.2390337212410202,0.239033721241028,-7.771561172376096e-15,0,200.41524877994917,pfba
b0151,5,14,0.2390337212410202,0.2390337212410086,1.1574075031717255e-14,0,200.03805644575627,pfba
b0153,5,14,0.2390337212410202,0.2390337212410086,1.1574075031717255e-14,0,200.03805644575627,pfba
b0152,5,14,0.2390337212410202,0.2390337212410086,1.1574075031717255e-14,0,200.03805644575627,pfba
b0158,3,14,0.2390337212410202,0.2390337212410027,1.7458257062230587e-14,0,200.03805644575584,pfba
b1709,3,14,0.2390337212410202,0.2390337212410027,1.7458257062230587e-14,0,200.03805644575584,pfba
b1711,3,14,0.2390337212410202,0.2390337212410027,1.7458257062230587e-14,0,200.03805644575584,pfba
b2223,3,16,0.2390337212410202,0.2390337212410064,1.3794521080967572e-14,0,200.03536947633103,pfba
b1101,2,412,0.2390337212410202,0.2191142444709242,0.0199194767700959,0,744.8897598205295,pfba
b0679,1,16,0.2390337212410202,0.2390337212410064,1.3794521080967572e-14,0,200.0353694763311,pfba
b1817,6,412,0.2390337212410202,0.2191142444709414,0.0199194767700787,0,744.8897598203507,pfba
b1819,6,412,0.2390337212410202,0.2191142444709414,0.0199194767700787,0,744.8897598203507,pfba
b1818,6,412,0.2390337212410202,0.2191142444709414,0.0199194767700787,0,744.8897598203507,pfba
b3224,1,14,0.2390337212410202,0.2390337212410047,1.5487611193520934e-14,0,200.03805644575584,pfba
b0311,1,14,0.2390337212410202,0.2390337212409972,2.295386103412511e-14,0,200.03805644575596,pfba
b4381,1,16,0.2390337212410202,0.2390337212410108,9.43689570931383e-15,0,200.03536947633089,pfba
b0592,2,16,0.2390337212410202,0.2390337212410102,9.992007221626407e-15,0,200.03536947633097,pfba
b0590,2,16,0.2390337212410202,0.2390337212410102,9.992007221626407e-15,0,200.03536947633097,pfba
b0588,2,16,0.2390337212410202,0.2390337212410102,9.992007221626407e-15,0,200.03536947633097,pfba
b0589,2,16,0.2390337212410202,0.2390337212410102,9.992007221626407e-15,0,200.03536947633097,pfba
b2841,1,14,0.2390337212410202,0.2390337212410198,3.8857805861880484e-16,0,200.0571592014528,pfba
b2310,3,14,0.2390337212410202,0.2390337212410152,5.0237591864288326e-15,0,200.03805644575587,pfba
b2306,4,14,0.2390337212410202,0.2390337212410152,5.0237591864288326e-15,0,200.03805644575587,pfba
b2307,4,14,0.2390337212410202,0.2390337212410152,5.0237591864288326e-15,0,200.03805644575587,pfba
b2308,4,14,0.2390337212410202,0.2390337212410152,5.0237591864288326e-15,0,200.03805644575587,pfba
b0864,1,14,0.2390337212410202,0.2390337212410152,5.0237591864288326e-15,0,200.03805644575587,pfba
b0861,1,14,0.2390337212410202,0.2390337212410152,5.0237591864288326e-15,0,200.03805644575587,pfba
b0860,1,14,0.2390337212410202,0.2390337212410152,5.0237591864288326e-15,0,200.03805644575587,pfba
b0863,1,14,0.2390337212410202,0.2390337212410152,5.0237591864288326e-15,0,200.03805644575587,pfba
b0862,1,14,0.2390337212410202,0.2390337212410152,5.0237591864288326e-15,0,200.03805644575587,pfba
b4115,1,14,0.2390337212410202,0.2390337212410114,8.770761894538737e-15,0,200.038056445756,pfba
b4193,1,14,0.2390337212410202,0.239033721241016,4.191091917959966e-15,0,200.038056445756,pfba
b4195,1,14,0.2390337212410202,0.239033721241016,4.191091917959966e-15,0,200.038056445756,pfba
b4194,1,14,0.2390337212410202,0.239033721241016,4.191091917959966e-15,0,200.038056445756,pfba
b1453,1,12,0.2390337212410202,0.2390337212409882,3.2002178684820144e-14,0,200.06201103898383,pfba
b0654,2,14,0.2390337212410202,0.2390337212410152,5.0237591864288326e-15,0,200.03805644575587,pfba
b0655,2,14,0.2390337212410202,0.2390337212410152,5.0237591864288326e-15,0,200.03805644575587,pfba
b0652,2,14,0.2390337212410202,0.2390337212410152,5.0237591864288326e-15,0,200.03805644575587,pfba
b0653,2,14,0.2390337212410202,0.2390337212410152,5.0237591864288326e-15,0,200.03805644575587,pfba
b4077,2,14,0.2390337212410202,0.2390337212410031,1.7125190154843043e-14,0,200.03805644575576,pfba
b0480,17,14,0.2390337212410202,0.2390337212410063,1.3905543383430086e-14,0,200.038056445756,pfba
b4055,17,14,0.2390337212410202,0.2390337212410045,1.5709655798445965e-14,0,200.0380564457556,pfba
b3127,3,14,0.2390337212410202,0.239033721241007,1.3239409568654992e-14,0,200.42954950016107,pfba
b2789,3,14,0.2390337212410202,0.239033721241007,1.3239409568654992e-14,0,200.42954950016107,pfba
b2943,2,12,0.2390337212410202,0.2390337212410037,1.6459056340067946e-14,0,200.0620110389842,pfba
b2663,1,12,0.2390337212410202,0.2390337212410124,7.799316747991725e-15,0,200.06201103898331,pfba
b1918,1,14,0.2390337212410202,0.2390337212410152,5.0237591864288326e-15,0,200.03805644575587,pfba
b1917,1,14,0.2390337212410202,0.2390337212410152,5.0237591864288326e-15,0,200.03805644575587,pfba
b1920,1,14,0.2390337212410202,0.2390337212410152,5.0237591864288326e-15,0,200.03805644575587,pfba
b2704,2,12,0.2390337212410202,0.2390337212410213,-1.0824674490095276e-15,0,200.06201103898363,pfba
b2702,2,12,0.2390337212410202,0.2390337212410213,-1.0824674490095276e-15,0,200.06201103898363,pfba
b2703,2,12,0.2390337212410202,0.2390337212410213,-1.0824674490095276e-15,0,200.06201103898363,pfba
b1197,1,14,0.2390337212410202,0.2390337212410152,5.0237591864288326e-15,0,200.03805644575587,pfba
b4515,1,14,0.2390337212410202,0.2390337212410152,5.0237591864288326e-15,0,200.03805644575587,pfba
b0733,1,14,0.2390337212410202,0.2390337212410152,5.0237591864288326e-15,0,200.03805644575587,pfba
b0734,1,14,0.2390337212410202,0.2390337212410152,5.0237591864288326e-15,0,200.03805644575587,pfba
b0979,2,14,0.2390337212410202,0.2390337212410094,1.0824674490095276e-14,0,200.038056445756,pfba
b0978,2,14,0.2390337212410202,0.2390337212410094,1.0824674490095276e-14,0,200.038056445756,pfba
b3734,1,413,0.2390337212410202,0.0,0.2390337212410202,1,22832.229290488565,infeasible
b3735,1,413,0.2390337212410202,0.0,0.2390337212410202,1,22832.229290488565,infeasible
b3736,1,413,0.2390337212410202,0.0,0.2390337212410202,1,22832.229290488565,infeasible
b3737,1,413,0.2390337212410202,0.0,0.2390337212410202,1,22832.229290488565,infeasible
b3731,1,413,0.2390337212410202,0.0,0.2390337212410202,1,22832.229290488565,infeasible
b3732,1,413,0.2390337212410202,0.0,0.2390337212410202,1,22832.229290488565,infeasible
b3733,1,413,0.2390337212410202,0.0,0.2390337212410202,1,22832.229290488565,infeasible
b3738,1,413,0.2390337212410202,0.0,0.2390337212410202,1,22832.229290488565,infeasible
b3739,1,413,0.2390337212410202,0.0,0.2390337212410202,1,22832.229290488565,infeasible
b4067,2,18,0.2390337212410202,0.2390337212410002,2.0011770018868447e-14,0,200.3280965190199,pfba
b3714,1,14,0.2390337212410202,0.2390337212409981,2.2121193765656244e-14,0,200.03805644575587,pfba
b3654,3,14,0.2390337212410202,0.2390337212409981,2.2121193765656244e-14,0,200.03805644575587,pfba
b3664,1,14,0.2390337212410202,0.2390337212409981,2.2121193765656244e-14,0,200.03805644575587,pfba
b4088,2,16,0.2390337212410202,0.2390337212409828,3.738676035425215e-14,0,200.03536947633108,pfba
b4087,2,16,0.2390337212410202,0.2390337212409828,3.738676035425215e-14,0,200.03536947633108,pfba
b4086,2,16,0.2390337212410202,0.2390337212409828,3.738676035425215e-14,0,200.03536947633108,pfba
b0511,1,14,0.2390337212410202,0.239033721241018,2.1649348980190556e-15,0,200.03805644575587,pfba
b1901,1,14,0.2390337212410202,0.2390337212410152,5.0237591864288326e-15,0,200.03805644575587,pfba
b1900,1,14,0.2390337212410202,0.2390337212410152,5.0237591864288326e-15,0,200.03805644575587,pfba
b4460,1,14,0.2390337212410202,0.2390337212410152,5.0237591864288326e-15,0,200.03805644575587,pfba
b0124,1,14,0.2390337212410202,0.2390337212410082,1.2045919817182948e-14,0,200.03805644575596,pfba
b0837,1,14,0.2390337212410202,0.2390337212410082,1.2045919817182948e-14,0,200.03805644575596,pfba
b4464,2,14,0.2390337212410202,0.2390337212410059,1.429412144204889e-14,0,0.0353694763311227,pfba
b4064,2,14,0.2390337212410202,0.2390337212410059,1.429412144204889e-14,0,0.0353694763311227,pfba
b0974,3,14,0.2390337212410202,0.2390337212410146,5.606626274357041e-15,0,200.03805644575587,pfba
b0973,3,14,0.2390337212410202,0.2390337212410146,5.606626274357041e-15,0,200.03805644575587,pfba
b0972,3,14,0.2390337212410202,0.2390337212410146,5.606626274357041e-15,0,200.03805644575587,pfba
b2997,3,14,0.2390337212410202,0.2390337212410146,5.606626274357041e-15,0,200.03805644575587,pfba
b2996,3,14,0.2390337212410202,0.2390337212410146,5.606626274357041e-15,0,200.03805644575587,pfba
b2995,3,14,0.2390337212410202,0.2390337212410146,5.606626274357041e-15,0,200.03805644575587,pfba
b2994,3,14,0.2390337212410202,0.2390337212410146,5.606626274357041e-15,0,200.03805644575587,pfba
b4289,1,16,0.2390337212410202,0.2390337212410245,-4.329869796038111e-15,0,200.3402323711257,pfba
b4288,1,16,0.2390337212410202,0.2390337212410245,-4.329869796038111e-15,0,200.3402323711257,pfba
b4290,1,16,0.2390337212410202,0.2390337212410245,-4.329869796038111e-15,0,200.3402323711257,pfba
b4287,1,16,0.2390337212410202,0.2390337212410245,-4.329869796038111e-15,0,200.3402323711257,pfba
b1102,1,14,0.2390337212410202,0.2390337212410175,2.7478019859472624e-15,0,200.038056445756,pfba
b3006,10,14,0.2390337212410202,0.239033721241019,1.2212453270876722e-15,0,200.03805644575576,pfba
b3005,10,14,0.2390337212410202,0.239033721241019,1.2212453270876722e-15,0,200.03805644575576,pfba
b1252,10,14,0.2390337212410202,0.239033721241019,1.2212453270876722e-15,0,200.03805644575576,pfba
b2315,1,411,0.2390337212410202,0.0,0.2390337212410202,1,2839.04899130888,pfba
b0612,1,18,0.2390337212410202,0.239033721241019,1.1657341758564144e-15,0,200.3280965190197,pfba
b0040,2,14,0.2390337212410202,0.2390337212410093,1.0907941216942163e-14,0,200.038056445756,pfba
b2131,2,14,0.2390337212410202,0.2390337212410152,5.0237591864288326e-15,0,200.03805644575587,pfba
b2130,2,14,0.2390337212410202,0.2390337212410152,5.0237591864288326e-15,0,200.03805644575587,pfba
b2128,2,14,0.2390337212410202,0.2390337212410152,5.0237591864288326e-15,0,200.03805644575587,pfba
b2129,2,14,0.2390337212410202,0.2390337212410152,5.0237591864288326e-15,0,200.03805644575587,pfba
b3409,1,14,0.2390337212410202,0.2390337212410152,5.0237591864288326e-15,0,200.03805644575587,pfba
b2167,1,14,0.2390337212410202,0.2390337212410125,7.66053886991358e-15,0,200.03805644575576,pfba
b2169,1,14,0.2390337212410202,0.2390337212410125,7.66053886991358e-15,0,200.03805644575576,pfba
b2801,1,14,0.2390337212410202,0.239033721241009,1.1241008124329712e-14,0,200.4295495001612,pfba
b0584,1,14,0.2390337212410202,0.2390337212410052,1.5015766408055242e-14,0,200.03805644575587,pfba
b0336,1,14,0.2390337212410202,0.2390337212410137,6.494804694057166e-15,0,200.42954950016068,pfba
b0341,1,14,0.2390337212410202,0.2390337212410034,1.6792123247455493e-14,0,200.038056445756,pfba
b3909,2,14,0.2390337212410202,0.2390337212410016,1.8623991238087e-14,0,200.03805644575576,pfba
b4036,7,12,0.2390337212410202,0.2390337212410206,-4.440892098500626e-16,0,0.0380564457558542,pfba
b4291,1,16,0.2390337212410202,0.2390337212410197,5.273559366969495e-16,0,200.34023237112652,pfba
b1119,1,16,0.2390337212410202,0.2390337212410011,1.9095836023552686e-14,0,200.03536947633097,pfba
b3829,1,411,0.2390337212410202,0.0,0.2390337212410202,1,2839.0489913088777,pfba
b4019,1,411,0.2390337212410202,0.0,0.2390337212410202,1,2839.048991308744,pfba
b0887,2,14,0.2390337212410202,0.2390337212410262,-5.9674487573602164e-15,0,200.42954950016133,pfba
b0886,2,14,0.2390337212410202,0.2390337212410073,1.2934098236883074e-14,0,200.03805644575604,pfba
b2476,1,411,0.2390337212410202,0.0,0.2390337212410202,1,2839.0489913088045,pfba
b3125,1,16,0.2390337212410202,0.2390337212410033,1.6903145549918008e-14,0,200.03536947633108,pfba
b0509,1,14,0.2390337212410202,0.2390337212410123,7.91033905045424e-15,0,200.03805644575596,pfba
b2501,2,16,0.2390337212410202,0.2390337212410167,3.497202527569243e-15,0,200.0353694763309,pfba
b3941,1,411,0.2390337212410202,0.0,0.2390337212410202,1,2839.048991308891,pfba
b2574,4,411,0.2390337212410202,0.0,0.2390337212410202,1,2839.0489913088754,pfba
b3177,1,411,0.2390337212410202,0.0,0.2390337212410202,1,2839.048991308872,pfba
b0529,2,413,0.2390337212410202,0.2336367230139162,0.0053969982271039,0,201.8940880213229,pfba
b4132,1,14,0.2390337212410202,0.2390337212410152,5.0237591864288326e-15,0,200.03805644575587,pfba
b0750,1,411,0.2390337212410202,0.0,0.2390337212410202,1,2839.048991308919,pfba
b3605,2,16,0.2390337212410202,0.2390337212410044,1.5848433676524113e-14,0,200.4152487799488,pfba
b0306,2,14,0.2390337212410202,0.2390337212410147,5.523359547510154e-15,0,200.03805644575596,pfba
b0307,2,14,0.2390337212410202,0.2390337212410147,5.523359547510154e-15,0,200.03805644575596,pfba
b0308,2,14,0.2390337212410202,0.2390337212410147,5.523359547510154e-15,0,200.03805644575596,pfba
b0904,2,14,0.2390337212410202,0.2390337212410067,1.3461454173580023e-14,0,200.038056445756,pfba
b2492,2,14,0.2390337212410202,0.2390337212410067,1.3461454173580023e-14,0,200.038056445756,pfba
b3631,1,14,0.2390337212410202,0.2390337212410124,7.771561172376096e-15,0,200.038056445756,pfba
b0914,32,411,0.2390337212410202,0.0,0.2390337212410202,1,2839.0489913088672,pfba
b1300,2,14,0.2390337212410202,0.2390337212410209,-7.494005416219808e-16,0,200.42954950016045,pfba
b1967,1,14,0.2390337212410202,0.2390337212410152,5.0237591864288326e-15,0,200.03805644575587,pfba
b0933,5,14,0.2390337212410202,0.2390337212410217,-1.5265566588595902e-15,0,200.03805644575615,pfba
b0936,5,14,0.2390337212410202,0.2390337212410217,-1.5265566588595902e-15,0,200.03805644575615,pfba
b0934,5,14,0.2390337212410202,0.2390337212410217,-1.5265566588595902e-15,0,200.03805644575615,pfba
b2032,1,16,0.2390337212410202,0.2390337212410057,1.4460654895742664e-14,0,200.34023237112572,pfba
b2027,3,14,0.2390337212410202,0.239033721241008,1.2240208846492352e-14,0,200.0571592014533,pfba
b2035,3,14,0.2390337212410202,0.239033721241008,1.2240208846492352e-14,0,200.0571592014533,pfba
b3622,2,14,0.2390337212410202,0.239033721240985,3.519406988061746e-14,0,200.038056445756,pfba
b0459,2,16,0.2390337212410202,0.2390337212410062,1.3988810110276972e-14,0,200.0353694763312,pfba
b0585,2,16,0.2390337212410202,0.239033721241018,2.1649348980190556e-15,0,200.34023237112532,pfba
b1326,1,14,0.2390337212410202,0.2390337212410092,1.1046719095020308e-14,0,200.03805644575576,pfba
b1325,1,14,0.2390337212410202,0.2390337212410105,9.714451465470121e-15,0,200.4295495001601,pfba
b0591,1,12,0.2390337212410202,0.2390337212409969,2.334243909274392e-14,0,200.0620110389838,pfba
b3035,9,12,0.2390337212410202,0.2390337212409969,2.334243909274392e-14,0,200.0620110389838,pfba
b0692,2,16,0.2390337212410202,0.2390337212410097,1.0519363158323358e-14,0,200.035369476331,pfba
b2014,1,14,0.2390337212410202,0.2390337212410152,5.0237591864288326e-15,0,200.03805644575587,pfba
b1296,1,14,0.2390337212410202,0.2390337212410152,5.0237591864288326e-15,0,200.03805644575587,pfba
b1298,1,14,0.2390337212410202,0.2390337212410051,1.5126788710517758e-14,0,200.038056445756,pfba
b3374,1,14,0.2390337212410202,0.2390337212409994,2.0816681711721685e-14,0,200.0571592014529,pfba
b1308,1,14,0.2390337212410202,0.2390337212410152,5.0237591864288326e-15,0,200.03805644575587,pfba
b2197,1,14,0.2390337212410202,0.2390337212410152,5.0237591864288326e-15,0,200.03805644575587,pfba
b2201,1,14,0.2390337212410202,0.2390337212410152,5.0237591864288326e-15,0,200.03805644575587,pfba
b2200,1,14,0.2390337212410202,0.2390337212410152,5.0237591864288326e-15,0,200.03805644575587,pfba
b2199,1,14,0.2390337212410202,0.2390337212410152,5.0237591864288326e-15,0,200.03805644575587,pfba
b2198,1,14,0.2390337212410202,0.2390337212410152,5.0237591864288326e-15,0,200.03805644575587,pfba
b0622,2,14,0.2390337212410202,0.2390337212410152,5.0237591864288326e-15,0,200.03805644575587,pfba
b3785,3,14,0.2390337212410202,0.2390337212410097,1.04638520070921e-14,0,200.03805644575564,pfba
b3793,3,14,0.2390337212410202,0.2390337212410097,1.04638520070921e-14,0,200.03805644575564,pfba
b2552,2,14,0.2390337212410202,0.2390337212410114,8.826273045769994e-15,0,200.0380564457561,pfba
b0756,1,14,0.2390337212410202,0.2390337212410054,1.4765966227514582e-14,0,200.0380564457561,pfba
b0484,1,14,0.2390337212410202,0.2390337212410152,5.0237591864288326e-15,0,200.03805644575587,pfba
b3469,6,14,0.2390337212410202,0.2390337212410152,5.0237591864288326e-15,0,200.03805644575587,pfba
b3626,1,14,0.2390337212410202,0.2390337212410098,1.0380585280245214e-14,0,200.03805644575576,pfba
b3623,1,16,0.2390337212410202,0.2390337212410109,9.270362255620056e-15,0,200.340232371126,pfba
b2257,1,16,0.2390337212410202,0.2390337212410032,1.7041923427996153e-14,0,200.0353694763309,pfba
b2711,1,14,0.2390337212410202,0.2390337212410152,5.0237591864288326e-15,0,200.03805644575587,pfba
b2710,1,14,0.2390337212410202,0.2390337212410152,5.0237591864288326e-15,0,200.03805644575587,pfba
b4111,5,12,0.2390337212410202,0.239033721241011,9.242606680004428e-15,0,200.062011038984,pfba
b1386,3,14,0.2390337212410202,0.2390337212410097,1.0547118733938987e-14,0,200.0380564457561,pfba
b4072,2,14,0.2390337212410202,0.2390337212410096,1.0574874309554616e-14,0,200.038056445756,pfba
b4073,2,14,0.2390337212410202,0.2390337212410096,1.0574874309554616e-14,0,200.038056445756,pfba
b4070,2,14,0.2390337212410202,0.2390337212410096,1.0574874309554616e-14,0,200.038056445756,pfba
b4071,2,14,0.2390337212410202,0.2390337212410096,1.0574874309554616e-14,0,200.038056445756,pfba
b3679,1,14,0.2390337212410202,0.2390337212410049,1.532107773982716e-14,0,200.0571592014531,pfba
b0110,4,14,0.2390337212410202,0.2390337212410097,1.0519363158323358e-14,0,200.4295495001612,pfba
b1463,1,14,0.2390337212410202,0.2390337212410063,1.3877787807814455e-14,0,200.42954950016076,pfba
b4219,1,14,0.2390337212410202,0.2390337212410152,5.0237591864288326e-15,0,200.03805644575587,pfba
b1832,1,14,0.2390337212410202,0.2390337212410152,5.0237591864288326e-15,0,200.03805644575587,pfba
b1778,1,14,0.2390337212410202,0.2390337212410152,5.0237591864288326e-15,0,200.03805644575587,pfba
b2871,1,14,0.2390337212410202,0.2390337212409972,2.295386103412511e-14,0,200.038056445756,pfba
b0932,2,14,0.2390337212410202,0.239033721241009,1.1185496973098452e-14,0,200.03805644575576,pfba
b4260,2,14,0.2390337212410202,0.239033721241009,1.1185496973098452e-14,0,200.03805644575576,pfba
b2523,2,14,0.2390337212410202,0.239033721241009,1.1185496973098452e-14,0,200.03805644575576,pfba
b0237,3,14,0.2390337212410202,0.2390337212410161,4.107825191113079e-15,0,200.42954950016212,pfba
b2132,1,14,0.2390337212410202,0.2390337212410078,1.2378986724570495e-14,0,200.038056445756,pfba
b2239,5,14,0.2390337212410202,0.2390337212410071,1.3128387266192476e-14,0,200.0380564457558,pfba
b2435,2,14,0.2390337212410202,0.2390337212410007,1.9484414082171494e-14,0,200.0380564457558,pfba
b0867,2,14,0.2390337212410202,0.2390337212410007,1.9484414082171494e-14,0,200.0380564457558,pfba
b2817,2,14,0.2390337212410202,0.2390337212410007,1.9484414082171494e-14,0,200.0380564457558,pfba
b4169,2,14,0.2390337212410202,0.2390337212410007,1.9484414082171494e-14,0,200.0380564457558,pfba
b3610,6,14,0.2390337212410202,0.2390337212410076,1.2628786905111156e-14,0,200.03805644575627,pfba
b2676,4,12,0.2390337212410202,0.2390337212410111,9.103828801926284e-15,0,200.06201103898343,pfba
b1064,7,14,0.2390337212410202,0.2390337212410132,7.049916206369744e-15,0,200.0571592014531,pfba
b2675,4,12,0.2390337212410202,0.2390337212410111,9.103828801926284e-15,0,200.06201103898343,pfba
b0849,6,14,0.2390337212410202,0.2390337212410076,1.2628786905111156e-14,0,200.03805644575627,pfba
b1654,6,14,0.2390337212410202,0.2390337212410076,1.2628786905111156e-14,0,200.03805644575627,pfba
b3336,1,14,0.2390337212410202,0.2390337212410152,5.0237591864288326e-15,0,200.03805644575587,pfba
b0123,2,14,0.2390337212410202,0.2390337212410153,4.9404924595819466e-15,0,200.038056445756,pfba
b1192,4,14,0.2390337212410202,0.2390337212410073,1.2878587085651816e-14,0,200.42954950016147,pfba
b1270,2,14,0.2390337212410202,0.2390337212410048,1.5432100042289676e-14,0,200.038056445756,pfba
b1246,2,16,0.2390337212410202,0.2390337212410089,1.1296519275560968e-14,0,200.03536947633097,pfba
b1247,2,16,0.2390337212410202,0.2390337212410089,1.1296519275560968e-14,0,200.03536947633097,pfba
b1244,2,16,0.2390337212410202,0.2390337212410089,1.1296519275560968e-14,0,200.03536947633097,pfba
b1245,2,16,0.2390337212410202,0.2390337212410089,1.1296519275560968e-14,0,200.03536947633097,pfba
b1243,2,16,0.2390337212410202,0.2390337212410089,1.1296519275560968e-14,0,200.03536947633097,pfba
b2180,2,16,0.2390337212410202,0.2390337212410089,1.1296519275560968e-14,0,200.03536947633097,pfba
b2179,2,16,0.2390337212410202,0.2390337212410089,1.1296519275560968e-14,0,200.03536947633097,pfba
b1329,1,16,0.2390337212410202,0.2390337212410089,1.1296519275560968e-14,0,200.03536947633097,pfba
b2177,2,16,0.2390337212410202,0.2390337212410089,1.1296519275560968e-14,0,200.03536947633097,pfba
b2178,2,16,0.2390337212410202,0.2390337212410089,1.1296519275560968e-14,0,200.03536947633097,pfba
b0433,3,12,0.2390337212410202,0.2390337212410002,2.0011770018868447e-14,0,200.0620110389832,pfba
b4367,3,14,0.2390337212410202,0.2390337212410219,-1.6930901125533637e-15,0,200.03805644575587,pfba
b0573,2,14,0.2390337212410202,0.2390337212409974,2.2815083156046967e-14,0,200.0380564457559,pfba
b0572,2,14,0.2390337212410202,0.2390337212409974,2.2815083156046967e-14,0,200.0380564457559,pfba
b0575,2,14,0.2390337212410202,0.2390337212409974,2.2815083156046967e-14,0,200.0380564457559,pfba
b0574,2,14,0.2390337212410202,0.2390337212409974,2.2815083156046967e-14,0,200.0380564457559,pfba
b3915,7,14,0.2390337212410202,0.2390337212410058,1.4432899320127035e-14,0,200.03805644575584,pfba
b0752,5,14,0.2390337212410202,0.2390337212410152,5.0237591864288326e-15,0,200.03805644575587,pfba
b1859,1,14,0.2390337212410202,0.2390337212410152,5.0237591864288326e-15,0,200.03805644575587,pfba
b1858,1,14,0.2390337212410202,0.2390337212410152,5.0237591864288326e-15,0,200.03805644575587,pfba
b1857,1,14,0.2390337212410202,0.2390337212410152,5.0237591864288326e-15,0,200.03805644575587,pfba
b1981,1,14,0.2390337212410202,0.2390337212410344,-1.4183099139586376e-14,0,200.42954950016096,pfba
b2392,2,14,0.2390337212410202,0.2390337212410079,1.2323475573339238e-14,0,200.0380564457559,pfba
b0452,10,418,0.2390337212410202,0.2349018138850877,0.0041319073559324,0,202.89579716511685,pfba
b1927,1,14,0.2390337212410202,0.2390337212410299,-9.658940314238862e-15,0,200.0380564457558,pfba
b3571,1,14,0.2390337212410202,0.2390337212410152,5.0237591864288326e-15,0,200.03805644575587,pfba
b3650,3,14,0.2390337212410202,0.2390337212410198,3.8857805861880484e-16,0,200.03805644575576,pfba
b2344,7,14,0.2390337212410202,0.2390337212410181,2.1371793224034263e-15,0,200.42954950016065,pfba
b4213,8,14,0.2390337212410202,0.2390337212409986,2.1566082253343663e-14,0,200.03805644575596,pfba
b1059,2,14,0.2390337212410202,0.2390337212410008,1.9373391779708985e-14,0,200.03805644575567,pfba
b1727,4,16,0.2390337212410202,0.2390337212410165,3.6914915568786455e-15,0,200.0353694763309,pfba
b3580,2,14,0.2390337212410202,0.239033721241006,1.4238610290817633e-14,0,200.4295495001613,pfba
b2051,1,16,0.2390337212410202,0.2390337212410178,2.4424906541753444e-15,0,200.0353694763309,pfba
b4265,3,18,0.2390337212410202,0.2390337212410101,1.0130785099704552e-14,0,200.32809651902176,pfba
b3266,1,14,0.2390337212410202,0.2390337212410152,5.0237591864288326e-15,0,200.03805644575587,pfba
b3265,1,14,0.2390337212410202,0.2390337212410152,5.0237591864288326e-15,0,200.03805644575587,pfba
b3907,2,14,0.2390337212410202,0.2390337212410173,2.942091015256665e-15,0,200.03805644575567,pfba
b3477,1,14,0.2390337212410202,0.2390337212410152,5.0237591864288326e-15,0,200.03805644575587,pfba
b3476,1,14,0.2390337212410202,0.2390337212410152,5.0237591864288326e-15,0,200.03805644575587,pfba
b3480,1,14,0.2390337212410202,0.2390337212410152,5.0237591864288326e-15,0,200.03805644575587,pfba
b3478,1,14,0.2390337212410202,0.2390337212410152,5.0237591864288326e-15,0,200.03805644575587,pfba
b3479,1,14,0.2390337212410202,0.2390337212410152,5.0237591864288326e-15,0,200.03805644575587,pfba
b4242,2,14,0.2390337212410202,0.2390337212410152,5.0237591864288326e-15,0,200.03805644575587,pfba
b4094,1,14,0.2390337212410202,0.2390337212410035,1.6653345369377348e-14,0,200.0380564457558,pfba
b0698,1,14,0.2390337212410202,0.2390337212410152,5.0237591864288326e-15,0,200.03805644575587,pfba
b0696,1,14,0.2390337212410202,0.2390337212410152,5.0237591864288326e-15,0,200.03805644575587,pfba
b0697,1,14,0.2390337212410202,0.2390337212410152,5.0237591864288326e-15,0,200.03805644575587,pfba
b4513,1,14,0.2390337212410202,0.2390337212410152,5.0237591864288326e-15,0,200.03805644575587,pfba
b3458,1,14,0.2390337212410202,0.2390337212410152,5.0237591864288326e-15,0,200.03805644575587,pfba
b2975,3,14,0.2390337212410202,0.2390337212410151,5.134781488891349e-15,0,200.0571592014529,pfba
b3603,3,14,0.2390337212410202,0.2390337212410151,5.134781488891349e-15,0,200.0571592014529,pfba
b4034,6,14,0.2390337212410202,0.2390337212410192,1.0269562977782698e-15,0,200.03805644575587,pfba
b4035,6,14,0.2390337212410202,0.2390337212410192,1.0269562977782698e-15,0,200.03805644575587,pfba
b4032,6,14,0.2390337212410202,0.2390337212410192,1.0269562977782698e-15,0,200.03805644575587,pfba
b4033,6,14,0.2390337212410202,0.2390337212410192,1.0269562977782698e-15,0,200.03805644575587,pfba
b3666,4,14,0.2390337212410202,0.2390337212410092,1.101896351940468e-14,0,200.03805644575596,pfba
b0731,1,14,0.2390337212410202,0.2390337212410056,1.4627188349436434e-14,0,200.03805644575564,pfba
b4120,1,14,0.2390337212410202,0.2390337212410152,5.0237591864288326e-15,0,200.03805644575587,pfba
b0343,2,14,0.2390337212410202,0.2390337212410203,-8.326672684688674e-17,0,200.038056445756,pfba
b0197,2,14,0.2390337212410202,0.2390337212410049,1.5348833315442792e-14,0,200.038056445756,pfba
b0199,2,14,0.2390337212410202,0.2390337212410049,1.5348833315442792e-14,0,200.038056445756,pfba
b0198,2,14,0.2390337212410202,0.2390337212410049,1.5348833315442792e-14,0,200.038056445756,pfba
b1297,1,16,0.2390337212410202,0.2390337212410133,6.855627177060342e-15,0,200.0353694763312,pfba
b2933,1,14,0.2390337212410202,0.2390337212410073,1.2934098236883074e-14,0,200.05715920145275,pfba
b2934,1,14,0.2390337212410202,0.2390337212410073,1.2934098236883074e-14,0,200.05715920145275,pfba
b3599,1,14,0.2390337212410202,0.2390337212410073,1.2934098236883074e-14,0,200.05715920145275,pfba
b1186,1,0,0.2390337212410152,0.2390337212410152,0.0,0,0.0,pfba
b0019,1,0,0.2390337212410152,0.2390337212410152,0.0,0,0.0,pfba
b0451,1,411,0.2390337212410152,0.0,0.2390337212410152,1,2765.8376284601745,pfba
b0751,1,10,0.2390337212410152,0.23903372124101732,-2.1094237467877974e-15,0,0.2791783317355644,pfba
b1223,2,6,0.2390337212410152,0.2390337212410107,4.524158825347513e-15,0,0.011231587416932769,pfba
b3367,1,6,0.2390337212410152,0.23903372124101196,3.247402347028583e-15,0,0.00023471685078319318,pfba
b1469,1,6,0.2390337212410152,0.23903372124099745,1.7763568394002505e-14,0,0.011231587416910946,pfba
b3728,1,0,0.2390337212410152,0.2390337212410152,0.0,0,0.0,pfba
b3727,1,0,0.2390337212410152,0.2390337212410152,0.0,0,0.0,pfba
b3726,1,0,0.2390337212410152,0.2390337212410152,0.0,0,0.0,pfba
b3725,1,0,0.2390337212410152,0.2390337212410152,0.0,0,0.0,pfba
b3258,1,0,0.2390337212410152,0.23903372124100716,8.049116928532385e-15,0,0.0,pfba
b3371,1,0,0.2390337212410152,0.23903372124100478,1.0436096431476471e-14,0,0.0,pfba
b2677,5,0,0.2390337212410152,0.2390337212410152,0.0,0,0.0,pfba
b2678,5,0,0.2390337212410152,0.2390337212410152,0.0,0,0.0,pfba
b2679,5,0,0.2390337212410152,0.2390337212410152,0.0,0,0.0,pfba
b0402,1,10,0.2390337212410152,0.23903372124100425,1.0963452368173421e-14,0,0.01123777925844934,pfba
b1015,2,12,0.2390337212410152,0.23903372124102137,-6.161737786669619e-15,0,0.009307628002806078,pfba
b0854,1,0,0.2390337212410152,0.2390337212410152,0.0,0,0.0,pfba
b0855,1,0,0.2390337212410152,0.2390337212410152,0.0,0,0.0,pfba
b0856,1,0,0.2390337212410152,0.2390337212410152,0.0,0,0.0,pfba
b0857,1,0,0.2390337212410152,0.2390337212410152,0.0,0,0.0,pfba
b1440,2,0,0.2390337212410152,0.2390337212410152,0.0,0,0.0,pfba
b1441,2,0,0.2390337212410152,0.2390337212410152,0.0,0,0.0,pfba
b1442,2,0,0.2390337212410152,0.2390337212410152,0.0,0,0.0,pfba
b1443,2,0,0.2390337212410152,0.2390337212410152,0.0,0,0.0,pfba
b1126,2,0,0.2390337212410152,0.2390337212410152,0.0,0,0.0,pfba
b1125,2,0,0.2390337212410152,0.2390337212410152,0.0,0,0.0,pfba
b1124,2,0,0.2390337212410152,0.2390337212410152,0.0,0,0.0,pfba
b1123,2,0,0.2390337212410152,0.2390337212410152,0.0,0,0.0,pfba
b2957,2,0,0.2390337212410152,0.2390337212410152,0.0,0,0.0,pfba
b0150,3,8,0.2390337212410152,0.23903372124102154,-6.328271240363392e-15,0,0.009301436161672519,pfba
b1865,2,411,0.2390337212410152,0.0,0.2390337212410152,1,2765.8376284601663,pfba
b2954,3,8,0.2390337212410152,0.2390337212409522,6.300515664747763e-14,0,0.20474907661737657,pfba
b1002,2,0,0.2390337212410152,0.23903372124099395,2.1260770921571748e-14,0,0.0,pfba
b2938,1,0,0.2390337212410152,0.2390337212410152,0.0,0,0.0,pfba
b4090,2,411,0.2390337212410152,0.13457934524799967,0.10445437599301555,0,323.4456608165972,pfba
b4084,1,8,0.2390337212410152,0.23903372124100952,5.689893001203927e-15,0,0.009301436161689098,pfba
b4085,1,0,0.2390337212410152,0.23903372124100786,7.355227538141662e-15,0,0.0,pfba
b4230,2,6,0.2390337212410152,0.23903372124100633,8.881784197001252e-15,0,0.00023471685080102896,pfba
b4231,2,6,0.2390337212410152,0.23903372124100633,8.881784197001252e-15,0,0.00023471685080102896,pfba
b4485,2,6,0.2390337212410152,0.23903372124100633,8.881784197001252e-15,0,0.00023471685080102896,pfba
b4227,2,6,0.2390337212410152,0.23903372124100633,8.881784197001252e-15,0,0.00023471685080102896,pfba
b3750,1,6,0.2390337212410152,0.23903372124100633,8.881784197001252e-15,0,0.00023471685080102896,pfba
b3751,1,6,0.2390337212410152,0.23903372124100633,8.881784197001252e-15,0,0.00023471685080102896,pfba
b3749,1,6,0.2390337212410152,0.23903372124100633,8.881784197001252e-15,0,0.00023471685080102896,pfba
b3748,1,6,0.2390337212410152,0.23903372124100633,8.881784197001252e-15,0,0.00023471685080102896,pfba
b0260,1,8,0.2390337212410152,0.2390337212410133,1.915134717478395e-15,0,0.29055736567164686,pfba
b0810,1,0,0.2390337212410152,0.23903372124101235,2.858824288409778e-15,0,0.0,pfba
b0811,1,0,0.2390337212410152,0.23903372124101235,2.858824288409778e-15,0,0.0,pfba
b0809,1,0,0.2390337212410152,0.23903372124101235,2.858824288409778e-15,0,0.0,pfba
b1492,1,6,0.2390337212410152,0.23903372124101394,1.27675647831893e-15,0,0.011231587416938962,pfba
b3653,1,0,0.2390337212410152,0.2390337212410152,0.0,0,0.0,pfba
b3927,4,0,0.2390337212410152,0.23903372124100306,1.2156942119645464e-14,0,0.0,pfba
b3959,1,411,0.2390337212410152,0.0,0.2390337212410152,1,2765.83762846021,pfba
b1528,3,8,0.2390337212410152,0.23903372124100994,5.2735593669694936e-15,0,0.29055736567198787,pfba
b2170,1,0,0.2390337212410152,0.2390337212410152,0.0,0,0.0,pfba
b0070,1,0,0.2390337212410152,0.2390337212410152,0.0,0,0.0,pfba
b2303,1,0,0.2390337212410152,0.23903372124099406,2.1149748619109232e-14,0,0.0,pfba
b3028,3,0,0.2390337212410152,0.2390337212410152,0.0,0,0.0,pfba
b3432,1,6,0.2390337212410152,0.23903372124100497,1.0241807402167069e-14,0,0.21396324244693313,pfba
b3503,1,0,0.2390337212410152,0.2390337212410168,-1.582067810090848e-15,0,0.0,pfba
b4321,2,0,0.2390337212410152,0.2390337212410106,4.6074255521944e-15,0,0.0,pfba
b3792,1,6,0.2390337212410152,0.23903372124100478,1.0436096431476471e-14,0,0.00023471685080821128,pfba
b2033,1,8,0.2390337212410152,0.2390337212410067,8.520961713998076e-15,0,0.009301436161708913,pfba
b2034,1,0,0.2390337212410152,0.23903372124100622,8.992806499463768e-15,0,0.0,pfba
b2037,1,8,0.2390337212410152,0.23903372124101777,-2.55351295663786e-15,0,0.009301436161614007,pfba
b2175,6,8,0.2390337212410152,0.23903372124100664,8.576472865229334e-15,0,0.009301436161732513,pfba
b0356,1,0,0.2390337212410152,0.23903372124099995,1.5265566588595902e-14,0,0.0,pfba
b2240,1,0,0.2390337212410152,0.239033721241005,1.021405182655144e-14,0,0.0,pfba
b0875,1,422,0.2390337212410152,0.04692607210055845,0.19210764914045675,0,15974.76985453413,pfba
b0353,2,0,0.2390337212410152,0.23903372124100605,9.159339953157541e-15,0,0.0,pfba
b2309,1,0,0.2390337212410152,0.2390337212410152,0.0,0,0.0,pfba
b0325,2,0,0.2390337212410152,0.2390337212410152,0.0,0,0.0,pfba
b2092,1,0,0.2390337212410152,0.23903372124101263,2.581268532253489e-15,0,0.0,pfba
b2093,1,0,0.2390337212410152,0.23903372124101263,2.581268532253489e-15,0,0.0,pfba
b2094,1,0,0.2390337212410152,0.23903372124101263,2.581268532253489e-15,0,0.0,pfba
b3093,2,6,0.2390337212410152,0.2390337212410051,1.0103029524088925e-14,0,0.00023471685081436373,pfba
b4476,1,6,0.2390337212410152,0.2390337212410084,6.800116025829084e-15,0,0.011231587416912301,pfba
b3415,1,6,0.2390337212410152,0.2390337212410084,6.800116025829084e-15,0,0.011231587416912301,pfba
b1621,2,409,0.2390337212410152,0.21911424447092478,0.019919476770090427,0,544.0411240171262,pfba
b2021,1,411,0.2390337212410152,0.0,0.2390337212410152,1,2765.83762846016,pfba
b0166,1,411,0.2390337212410152,0.0,0.2390337212410152,1,2765.837628460192,pfba
b1519,1,8,0.2390337212410152,0.23903372124100217,1.304512053934559e-14,0,0.2905573656717828,pfba
b4268,1,0,0.2390337212410152,0.23903372124101088,4.3298697960381105e-15,0,0.0,pfba
b3437,1,0,0.2390337212410152,0.23903372124101088,4.3298697960381105e-15,0,0.0,pfba
b3805,1,411,0.2390337212410152,0.0,0.2390337212410152,1,2765.8376284601654,pfba
b3904,1,8,0.2390337212410152,0.23903372124100944,5.773159728050814e-15,0,0.20474907661674574,pfba
b2486,1,0,0.2390337212410152,0.2390337212410152,0.0,0,0.0,pfba
b2490,1,0,0.2390337212410152,0.2390337212410152,0.0,0,0.0,pfba
b2724,2,0,0.2390337212410152,0.2390337212410152,0.0,0,0.0,pfba
b2719,2,0,0.2390337212410152,0.2390337212410152,0.0,0,0.0,pfba
b2720,2,0,0.2390337212410152,0.2390337212410152,0.0,0,0.0,pfba
b2721,2,0,0.2390337212410152,0.2390337212410152,0.0,0,0.0,pfba
b2722,2,0,0.2390337212410152,0.2390337212410152,0.0,0,0.0,pfba
b2723,2,0,0.2390337212410152,0.2390337212410152,0.0,0,0.0,pfba
b2485,1,0,0.2390337212410152,0.2390337212410152,0.0,0,0.0,pfba
b2484,1,0,0.2390337212410152,0.2390337212410152,0.0,0,0.0,pfba
b2487,1,0,0.2390337212410152,0.2390337212410152,0.0,0,0.0,pfba
b4079,1,0,0.2390337212410152,0.2390337212410152,0.0,0,0.0,pfba
b2481,1,0,0.2390337212410152,0.2390337212410152,0.0,0,0.0,pfba
b2483,1,0,0.2390337212410152,0.2390337212410152,0.0,0,0.0,pfba
b2482,1,0,0.2390337212410152,0.2390337212410152,0.0,0,0.0,pfba
b2489,1,0,0.2390337212410152,0.2390337212410152,0.0,0,0.0,pfba
b2488,1,0,0.2390337212410152,0.2390337212410152,0.0,0,0.0,pfba
b2747,1,411,0.2390337212410152,0.0,0.2390337212410152,1,2765.837628460191,pfba
b3213,2,411,0.2390337212410152,0.0,0.2390337212410152,1,2765.8376284601754,pfba
b1761,1,403,0.2390337212410152,0.22380863585765334,0.01522508538336187,0,12.88980909832197,pfba
b3212,2,411,0.2390337212410152,0.0,0.2390337212410152,1,2765.837628459974,pfba
b0186,1,8,0.2390337212410152,0.2390337212409912,2.400857290751901e-14,0,0.2905573656721582,pfba
b4131,1,8,0.2390337212410152,0.23903372124100852,6.689093723366568e-15,0,0.009301436161553368,pfba
b1189,1,0,0.2390337212410152,0.23903372124101427,9.43689570931383e-16,0,0.0,pfba
b2888,2,2,0.2390337212410152,0.2390337212410077,7.521760991835436e-15,0,200.0,pfba
b2882,1,0,0.2390337212410152,0.2390337212410152,0.0,0,0.0,pfba
b3451,7,0,0.2390337212410152,0.23903372124102207,-6.855627177060342e-15,0,0.0,pfba
b3450,7,0,0.2390337212410152,0.23903372124102207,-6.855627177060342e-15,0,0.0,pfba
b3453,7,0,0.2390337212410152,0.23903372124102207,-6.855627177060342e-15,0,0.0,pfba
b3452,7,0,0.2390337212410152,0.23903372124102207,-6.855627177060342e-15,0,0.0,pfba
b2536,1,0,0.2390337212410152,0.23903372124104139,-2.6173507805538065e-14,0,0.0,pfba
b0212,1,0,0.2390337212410152,0.2390337212410152,0.0,0,0.0,pfba
b3779,1,0,0.2390337212410152,0.2390337212410152,0.0,0,0.0,pfba
b2868,2,6,0.2390337212410152,0.2390337212410124,2.8033131371785203e-15,0,0.01123158741695114,pfba
b2867,2,6,0.2390337212410152,0.2390337212410124,2.8033131371785203e-15,0,0.01123158741695114,pfba
b2866,2,6,0.2390337212410152,0.2390337212410124,2.8033131371785203e-15,0,0.01123158741695114,pfba
b4311,1,6,0.2390337212410152,0.23903372124100758,7.632783294297951e-15,0,0.00023471685080671232,pfba
b1991,1,6,0.2390337212410152,0.23903372124100014,1.50712775592865e-14,0,0.011231587417108054,pfba
b3502,1,0,0.2390337212410152,0.23903372124101274,2.4702462297909733e-15,0,0.0,pfba
b1444,1,0,0.2390337212410152,0.23903372124099678,1.84297022087776e-14,0,0.0,pfba
b2927,1,70,0.2390337212410152,0.23903276562649745,9.55614517766934e-07,0,0.00023204667684942267,pfba
b2025,1,411,0.2390337212410152,0.0,0.2390337212410152,1,2765.83762846016,pfba
b2023,1,411,0.2390337212410152,0.0,0.2390337212410152,1,2765.837628460197,pfba
b3640,1,23,0.2390337212410152,0.23903372124101113,4.08006961549745e-15,0,0.0008997479280802402,pfba
b0425,1,411,0.2390337212410152,0.0,0.2390337212410152,1,2765.8376284601995,pfba
b3772,1,411,0.2390337212410152,0.0,0.2390337212410152,1,2765.83762846025,pfba
b0931,1,6,0.2390337212410152,0.23903372124101024,4.9682480351975755e-15,0,0.00023471685080155244,pfba
b1764,1,6,0.2390337212410152,0.23903372124100142,1.379452108096757e-14,0,0.01123158741708706,pfba
b2150,2,0,0.2390337212410152,0.2390337212410152,0.0,0,0.0,pfba
b2148,2,0,0.2390337212410152,0.2390337212410152,0.0,0,0.0,pfba
b2149,2,0,0.2390337212410152,0.2390337212410152,0.0,0,0.0,pfba
b1640,1,0,0.2390337212410152,0.23903372124101366,1.5543122344752192e-15,0,0.0,pfba
b1606,2,411,0.2390337212410152,0.0,0.2390337212410152,1,2765.837628460188,pfba
b0048,1,411,0.2390337212410152,0.0,0.2390337212410152,1,2765.8376284602336,pfba
b3390,1,411,0.2390337212410152,0.0,0.2390337212410152,1,2765.83762846018,pfba
b0388,1,411,0.2390337212410152,0.0,0.2390337212410152,1,2765.8376284602436,pfba
b1745,1,8,0.2390337212410152,0.23903372124101788,-2.6645352591003757e-15,0,0.20474907661706812,pfba
b0115,1,411,0.2390337212410152,0.1780768194260728,0.0609569018149424,0,2924.7487898221634,pfba
b0114,1,411,0.2390337212410152,0.1780768194260728,0.0609569018149424,0,2924.7487898221634,pfba
b3128,1,0,0.2390337212410152,0.23903372124102376,-8.548717289613705e-15,0,0.0,pfba
b2255,2,0,0.2390337212410152,0.23903372124100677,8.43769498715119e-15,0,0.0,pfba
b0774,1,411,0.2390337212410152,0.0,0.2390337212410152,1,2765.837628460191,pfba
b1605,1,8,0.2390337212410152,0.23903372124101213,3.0808688933348094e-15,0,0.20474907661646471,pfba
b2818,1,411,0.2390337212410152,0.0,0.2390337212410152,1,2765.8376284601554,pfba
b1489,3,8,0.2390337212410152,0.23903372124102898,-1.3766765505351941e-14,0,0.2905573656730702,pfba
b3032,1,0,0.2390337212410152,0.2390337212410152,0.0,0,0.0,pfba
b0334,1,6,0.2390337212410152,0.23903372124101613,-9.159339953157541e-16,0,0.011231587416914133,pfba
b0092,1,411,0.2390337212410152,0.0,0.2390337212410152,1,2765.837628460174,pfba
b0381,1,411,0.2390337212410152,0.0,0.2390337212410152,1,2765.837628460212,pfba
b2715,2,0,0.2390337212410152,0.23903372124102032,-5.10702591327572e-15,0,0.0,pfba
b1738,2,0,0.2390337212410152,0.23903372124100644,8.770761894538737e-15,0,0.0,pfba
b1736,2,0,0.2390337212410152,0.23903372124100644,8.770761894538737e-15,0,0.0,pfba
b1737,2,0,0.2390337212410152,0.23903372124100644,8.770761894538737e-15,0,0.0,pfba
b2224,1,415,0.2390337212410152,0.23490181388508452,0.004131907355930692,0,2.7426970294669437,pfba
b0842,2,8,0.2390337212410152,0.2390337212410276,-1.2378986724570495e-14,0,0.2905573656708721,pfba
b0047,1,8,0.2390337212410152,0.2390337212410276,-1.2378986724570495e-14,0,0.2905573656708721,pfba
b3350,1,8,0.2390337212410152,0.2390337212410276,-1.2378986724570495e-14,0,0.2905573656708721,pfba
b1216,3,0,0.2390337212410152,0.23903372124102729,-1.2073675392798577e-14,0,0.0,pfba
b0728,1,386,0.2390337212410152,0.23541000093185177,0.003623720309163442,0,10.047072193884267,pfba
b0729,1,386,0.2390337212410152,0.23541000093185177,0.003623720309163442,0,10.047072193884267,pfba
b0650,1,0,0.2390337212410152,0.2390337212410152,0.0,0,0.0,pfba
b0757,1,0,0.2390337212410152,0.23903372124100758,7.632783294297951e-15,0,0.0,pfba
b0133,1,411,0.2390337212410152,0.0,0.2390337212410152,1,2765.8376284601873,pfba
b2165,1,8,0.2390337212410152,0.23903372124101244,2.7755575615628914e-15,0,0.20474907661704989,pfba
b3389,1,411,0.2390337212410152,0.0,0.2390337212410152,1,2765.8376284601654,pfba
b2366,1,8,0.2390337212410152,0.23903372124099886,1.634803403760543e-14,0,0.2905573656717054,pfba
b1723,1,11,0.2390337212410152,0.23903372124100308,1.2129186544029835e-14,0,12.280319973359322,pfba
b3612,1,424,0.2390337212410152,0.08336227851103936,0.15567144272997585,0,1732.8548822973494,pfba
b0755,1,424,0.2390337212410152,0.08336227851103936,0.15567144272997585,0,1732.8548822973494,pfba
b3919,1,422,0.2390337212410152,0.16121631662596086,0.07781740461505435,0,1106.5463101834926,pfba
b2914,1,410,0.2390337212410152,0.13457934524802587,0.10445437599298935,0,323.1987251292556,pfba
b2320,1,68,0.2390337212410152,0.23903276562649842,9.556145167954888e-07,0,4.0721506807240657e-07,pfba
b1107,3,0,0.2390337212410152,0.23903372124100652,8.68749516769185e-15,0,0.0,pfba
b1539,4,0,0.2390337212410152,0.23903372124100306,1.2156942119645464e-14,0,0.0,pfba
b3823,1,0,0.2390337212410152,0.2390337212410152,0.0,0,0.0,pfba
b0813,2,6,0.2390337212410152,0.2390337212410133,1.915134717478395e-15,0,0.011231587416963472,pfba
b2919,1,0,0.2390337212410152,0.23903372124100575,9.46465128492946e-15,0,0.0,pfba
b3870,1,411,0.2390337212410152,0.0,0.2390337212410152,1,2765.8376284601827,pfba
b2947,1,8,0.2390337212410152,0.2390337212410203,-5.079270337660091e-15,0,0.2905573656712847,pfba
b2253,1,0,0.2390337212410152,0.23903372124100822,6.994405055138486e-15,0,0.0,pfba
b2254,1,0,0.2390337212410152,0.23903372124100994,5.2735593669694936e-15,0,0.0,pfba
b2256,1,6,0.2390337212410152,0.23903372124100414,1.1074474670635936e-14,0,0.00023471685079615078,pfba
b2258,1,8,0.2390337212410152,0.23903372124101968,-4.468647674116255e-15,0,0.009301436161758506,pfba
b4544,1,8,0.2390337212410152,0.23903372124101968,-4.468647674116255e-15,0,0.009301436161758506,pfba
b3621,1,6,0.2390337212410152,0.23903372124101252,2.6922908347160046e-15,0,0.011231587416872822,pfba
b3001,1,0,0.2390337212410152,0.2390337212410152,0.0,0,0.0,pfba
b1781,1,0,0.2390337212410152,0.2390337212410152,0.0,0,0.0,pfba
b3620,1,0,0.2390337212410152,0.2390337212410061,9.103828801926284e-15,0,0.0,pfba
b3624,1,0,0.2390337212410152,0.2390337212409986,1.662558979376172e-14,0,0.0,pfba
b3629,1,0,0.2390337212410152,0.23903372124100578,9.43689570931383e-15,0,0.0,pfba
b3628,1,0,0.2390337212410152,0.23903372124101557,-3.608224830031759e-16,0,0.0,pfba
b3627,1,6,0.2390337212410152,0.2390337212410013,1.3905543383430086e-14,0,0.00023471685081145435,pfba
b3850,2,411,0.2390337212410152,0.0,0.2390337212410152,1,2765.837628460204,pfba
b3630,1,8,0.2390337212410152,0.23903372124133712,-3.2190916599006414e-13,0,0.20474907661333364,pfba
b3632,1,0,0.2390337212410152,0.2390337212410208,-5.578870698741412e-15,0,0.0,pfba
b3625,1,6,0.2390337212410152,0.23903372124100422,1.099120794378905e-14,0,0.00023471685082188234,pfba
b2810,1,0,0.2390337212410152,0.2390337212410117,3.524958103184872e-15,0,0.0,pfba
b1680,5,6,0.2390337212410152,0.23903372124101036,4.85722573273506e-15,0,0.00023471685082758394,pfba
b3867,1,0,0.2390337212410152,0.2390337212410152,0.0,0,0.0,pfba
b3824,1,6,0.2390337212410152,0.23903372124100367,1.1546319456101628e-14,0,0.011231587416978637,pfba
b2133,1,0,0.2390337212410152,0.2390337212410152,0.0,0,0.0,pfba
b2260,1,0,0.2390337212410152,0.2390337212410152,0.0,0,0.0,pfba
b1919,1,0,0.2390337212410152,0.23903372124099892,1.6292522886374172e-14,0,0.0,pfba
b2578,2,8,0.2390337212410152,0.23903372124101432,8.881784197001252e-16,0,0.20474907661683664,pfba
b1533,3,6,0.2390337212410152,0.23903372124103217,-1.6958656701149266e-14,0,0.00023471685081175335,pfba
b4394,3,0,0.2390337212410152,0.23903372124100117,1.404432126150823e-14,0,0.0,pfba
b2499,1,411,0.2390337212410152,0.0,0.2390337212410152,1,2765.837628460171,pfba
b3825,35,8,0.2390337212410152,0.23903372124100944,5.773159728050814e-15,0,0.2047490766170899,pfba
b2835,21,8,0.2390337212410152,0.23903372124101493,2.7755575615628914e-16,0,0.290557365672667,pfba
b3029,2,0,0.2390337212410152,0.2390337212410152,0.0,0,0.0,pfba
b2889,1,0,0.2390337212410152,0.23903372124077574,2.3947510641164627e-13,0,0.0,pfba
b3821,42,8,0.2390337212410152,0.23903372124102917,-1.3961054534661343e-14,0,0.009301436161646666,pfba
b2146,1,0,0.2390337212410152,0.23903372124100852,6.689093723366568e-15,0,0.0,pfba
b2147,1,0,0.2390337212410152,0.23903372124100852,6.689093723366568e-15,0,0.0,pfba
b4478,1,0,0.2390337212410152,0.23903372124098574,2.9476421303797906e-14,0,0.0,pfba
b1380,1,0,0.2390337212410152,0.2390337212410152,0.0,0,0.0,pfba
b0693,1,6,0.2390337212410152,0.23903372124100833,6.8833827526759706e-15,0,0.00023471685078719725,pfba
b2965,1,6,0.2390337212410152,0.23903372124100833,6.8833827526759706e-15,0,0.00023471685078719725,pfba
b0954,13,0,0.2390337212410152,0.23903372124098676,2.8449465006019636e-14,0,0.0,pfba
b1288,26,411,0.2390337212410152,0.0,0.2390337212410152,1,2765.8376284604374,pfba
b0175,7,411,0.2390337212410152,0.0,0.2390337212410152,1,2765.8376284602728,pfba
b3918,7,10,0.2390337212410152,0.23903372124101893,-3.7192471324942744e-15,0,0.27917833173553525,pfba
b1912,7,6,0.2390337212410152,0.23903372124101502,1.942890293094024e-16,0,0.011231587416939115,pfba
b2585,7,411,0.2390337212410152,0.0,0.2390337212410152,1,2765.8376284601345,pfba
b1093,14,411,0.2390337212410152,0.0,0.2390337212410152,1,2765.8376284601723,pfba
b1661,4,8,0.2390337212410152,0.23903372124101863,-3.4139358007223564e-15,0,0.2047490766170541,pfba
b2497,1,0,0.2390337212410152,0.2390337212410152,0.0,0,0.0,pfba
b1006,1,0,0.2390337212410152,0.2390337212410152,0.0,0,0.0,pfba
b1488,1,0,0.2390337212410152,0.23903372124100827,6.938893903907228e-15,0,0.0,pfba
b3543,3,6,0.2390337212410152,0.2390337212410103,4.912736883966318e-15,0,0.21396324244703205,pfba
b3542,3,6,0.2390337212410152,0.2390337212410103,4.912736883966318e-15,0,0.21396324244703205,pfba
b3541,3,6,0.2390337212410152,0.2390337212410103,4.912736883966318e-15,0,0.21396324244703205,pfba
b3540,3,6,0.2390337212410152,0.2390337212410103,4.912736883966318e-15,0,0.21396324244703205,pfba
b3544,3,6,0.2390337212410152,0.2390337212410103,4.912736883966318e-15,0,0.21396324244703205,pfba
b1484,1,0,0.2390337212410152,0.23903372124101482,3.885780586188048e-16,0,0.0,pfba
b1485,1,0,0.2390337212410152,0.23903372124101482,3.885780586188048e-16,0,0.0,pfba
b1486,1,0,0.2390337212410152,0.23903372124101482,3.885780586188048e-16,0,0.0,pfba
b1487,1,0,0.2390337212410152,0.23903372124101482,3.885780586188048e-16,0,0.0,pfba
b1483,1,0,0.2390337212410152,0.23903372124101482,3.885780586188048e-16,0,0.0,pfba
b0829,1,0,0.2390337212410152,0.2390337212410152,0.0,0,0.0,pfba
b0832,1,0,0.2390337212410152,0.2390337212410152,0.0,0,0.0,pfba
b0830,1,0,0.2390337212410152,0.2390337212410152,0.0,0,0.0,pfba
b0831,1,0,0.2390337212410152,0.2390337212410152,0.0,0,0.0,pfba
b0789,7,10,0.2390337212410152,0.23903372124101366,1.5543122344752192e-15,0,0.27917833173539514,pfba
b1249,7,10,0.2390337212410152,0.23903372124101366,1.5543122344752192e-15,0,0.27917833173539514,pfba
b1677,2,6,0.2390337212410152,0.23903372124101735,-2.1371793224034263e-15,0,0.011231587416952963,pfba
b0657,2,6,0.2390337212410152,0.23903372124101735,-2.1371793224034263e-15,0,0.011231587416952963,pfba
b0418,14,0,0.2390337212410152,0.23903372124101843,-3.219646771412954e-15,0,0.0,pfba
b0508,1,8,0.2390337212410152,0.2390337212410125,2.7200464103316335e-15,0,0.2905573656720869,pfba
b0613,1,0,0.2390337212410152,0.2390337212410071,8.104628079763643e-15,0,0.0,pfba
b1301,1,0,0.2390337212410152,0.23903372124100808,7.13318293321663e-15,0,0.0,pfba
b0805,1,0,0.2390337212410152,0.23903372124100747,7.743805596760467e-15,0,0.0,pfba
b2155,1,0,0.2390337212410152,0.23903372124100747,7.743805596760467e-15,0,0.0,pfba
b0576,1,6,0.2390337212410152,0.2390337212410115,3.7192471324942744e-15,0,0.00023471685083434498,pfba
b0594,1,0,0.2390337212410152,0.23903372124099623,1.8984813721090177e-14,0,0.0,pfba
b3182,9,0,0.2390337212410152,0.23903372124101013,5.079270337660091e-15,0,0.0,pfba
b2010,5,0,0.2390337212410152,0.23903372124101144,3.774758283725532e-15,0,0.0,pfba
b0839,5,0,0.2390337212410152,0.23903372124101144,3.774758283725532e-15,0,0.0,pfba
b2430,5,0,0.2390337212410152,0.23903372124101144,3.774758283725532e-15,0,0.0,pfba
b0632,5,0,0.2390337212410152,0.23903372124101144,3.774758283725532e-15,0,0.0,pfba
b0376,9,0,0.2390337212410152,0.23903372124101013,5.079270337660091e-15,0,0.0,pfba
b3833,2,6,0.2390337212410152,0.23903372124100933,5.88418203051333e-15,0,0.01123158741689213,pfba
b0514,1,0,0.2390337212410152,0.2390337212410152,0.0,0,0.0,pfba
b2519,2,411,0.2390337212410152,0.0,0.2390337212410152,1,2765.837628460149,pfba
b3396,4,411,0.2390337212410152,0.0,0.2390337212410152,1,2765.837628460211,pfba
b1069,2,411,0.2390337212410152,0.0,0.2390337212410152,1,2765.837628460189,pfba
b0089,2,411,0.2390337212410152,0.0,0.2390337212410152,1,2765.8376284601845,pfba
b3208,2,411,0.2390337212410152,0.0,0.2390337212410152,1,2765.8376284601977,pfba
b0149,4,411,0.2390337212410152,0.0,0.2390337212410152,1,2765.8376284602027,pfba
b0084,2,411,0.2390337212410152,0.0,0.2390337212410152,1,2765.837628460168,pfba
b0635,2,411,0.2390337212410152,0.0,0.2390337212410152,1,2765.837628460181,pfba
b0925,6,6,0.2390337212410152,0.23903372124101874,-3.524958103184872e-15,0,0.011231587416939335,pfba
b1678,6,6,0.2390337212410152,0.23903372124101613,-9.159339953157541e-16,0,0.00023471685082413613,pfba
b0355,1,0,0.2390337212410152,0.23903372124101308,2.1371793224034263e-15,0,0.0,pfba
b2154,1,0,0.2390337212410152,0.23903372124101308,2.1371793224034263e-15,0,0.0,pfba
b2893,2,0,0.2390337212410152,0.23903372124101388,1.3322676295501878e-15,0,0.0,pfba
b0604,2,0,0.2390337212410152,0.23903372124100614,9.076073226310655e-15,0,0.0,pfba
b3930,1,6,0.2390337212410152,0.23903372124101827,-3.0531133177191805e-15,0,0.00023471685081155434,pfba
b3994,1,411,0.2390337212410152,0.0,0.2390337212410152,1,2765.8376284601504,pfba
b1710,2,10,0.2390337212410152,0.23903372124103386,-1.865174681370263e-14,0,0.2791783317354037,pfba
b2480,1,8,0.2390337212410152,0.2390337212410375,-2.2287727219350018e-14,0,0.2905573656713062,pfba
b0429,1,416,0.2390337212410152,0.07968028119840938,0.15935344004260582,0,3722.6234587131858,pfba
b0432,1,416,0.2390337212410152,0.07968028119840938,0.15935344004260582,0,3722.6234587131858,pfba
b0430,1,416,0.2390337212410152,0.07968028119840938,0.15935344004260582,0,3722.6234587131858,pfba
b0431,1,416,0.2390337212410152,0.07968028119840938,0.15935344004260582,0,3722.6234587131858,pfba
b4041,7,6,0.2390337212410152,0.23903372124101543,-2.220446049250313e-16,0,0.0016677249504580376,pfba
b0180,14,411,0.2390337212410152,0.0,0.2390337212410152,1,2765.837628460168,pfba
b2413,1,301,0.2390337212410152,0.2386745549893289,0.0003591662516863048,0,0.2923838516506621,pfba
b3018,7,411,0.2390337212410152,0.0,0.2390337212410152,1,2765.8376284602327,pfba
b4042,7,8,0.2390337212410152,0.23903372124100952,5.689893001203927e-15,0,0.29055736567171964,pfba
b4160,7,411,0.2390337212410152,0.0,0.2390337212410152,1,2765.8376284601786,pfba
b0722,1,421,0.2390337212410152,0.22694414073986957,0.012089580501145641,0,128.64698232581745,pfba
b0723,1,418,0.2390337212410152,0.22694414073987162,0.012089580501143588,0,128.2132234602817,pfba
b0721,1,418,0.2390337212410152,0.22694414073987162,0.012089580501143588,0,128.2132234602817,pfba
b0724,1,418,0.2390337212410152,0.22694414073987162,0.012089580501143588,0,128.2132234602817,pfba
b0494,21,8,0.2390337212410152,0.23903372124101904,-3.83026943495679e-15,0,0.0093014361617183,pfba
b0118,3,413,0.2390337212410152,0.0,0.2390337212410152,1,1346.3468315332257,pfba
b1276,2,413,0.2390337212410152,0.0,0.2390337212410152,1,1346.3468315332386,pfba
b3447,1,8,0.2390337212410152,0.23903372124100777,7.438494264988549e-15,0,0.2905573656719137,pfba
b1990,5,8,0.2390337212410152,0.2390337212409744,4.08006961549745e-14,0,0.29055736567236423,pfba
b0819,5,8,0.2390337212410152,0.2390337212409744,4.08006961549745e-14,0,0.29055736567236423,pfba
b1113,5,8,0.2390337212410152,0.2390337212409744,4.08006961549745e-14,0,0.29055736567236423,pfba
b1097,4,10,0.2390337212410152,0.23903372124100883,6.38378239159465e-15,0,0.2791783317346333,pfba
b2813,4,10,0.2390337212410152,0.23903372124100883,6.38378239159465e-15,0,0.2791783317346333,pfba
b2701,4,10,0.2390337212410152,0.23903372124100883,6.38378239159465e-15,0,0.2791783317346333,pfba
b0211,4,10,0.2390337212410152,0.23903372124100883,6.38378239159465e-15,0,0.2791783317346333,pfba
b4392,4,10,0.2390337212410152,0.23903372124100883,6.38378239159465e-15,0,0.2791783317346333,pfba
b2558,4,10,0.2390337212410152,0.23903372124100883,6.38378239159465e-15,0,0.2791783317346333,pfba
b1193,4,10,0.2390337212410152,0.23903372124100883,6.38378239159465e-15,0,0.2791783317346333,pfba
b2963,4,10,0.2390337212410152,0.23903372124100883,6.38378239159465e-15,0,0.2791783317346333,pfba
b3546,2,0,0.2390337212410152,0.23903372124100855,6.661338147750939e-15,0,0.0,pfba
b2328,6,0,0.2390337212410152,0.23903372124100508,1.0130785099704553e-14,0,0.0,pfba
b2134,4,8,0.2390337212410152,0.23903372124100664,8.576472865229334e-15,0,0.009301436161732513,pfba
b1655,4,8,0.2390337212410152,0.23903372124100664,8.576472865229334e-15,0,0.009301436161732513,pfba
b1856,4,8,0.2390337212410152,0.23903372124100664,8.576472865229334e-15,0,0.009301436161732513,pfba
b3860,2,0,0.2390337212410152,0.2390337212410132,2.0261570199409107e-15,0,0.0,pfba
b1185,2,0,0.2390337212410152,0.2390337212410132,2.0261570199409107e-15,0,0.0,pfba
b4136,3,6,0.2390337212410152,0.23903372124101777,-2.55351295663786e-15,0,0.00023471685082118406,pfba
b0605,1,0,0.2390337212410152,0.2390337212410152,0.0,0,0.0,pfba
b0606,1,0,0.2390337212410152,0.2390337212410152,0.0,0,0.0,pfba
b0221,8,415,0.2390337212410152,0.23490181388508738,0.004131907355927833,0,2.7426970294578337,pfba
b2283,3,417,0.2390337212410152,0.040244671719483024,0.1987890495215322,0,4537.091349675739,pfba
b2282,3,417,0.2390337212410152,0.040244671719483024,0.1987890495215322,0,4537.091349675739,pfba
b2281,3,417,0.2390337212410152,0.040244671719483024,0.1987890495215322,0,4537.091349675739,pfba
b2288,3,417,0.2390337212410152,0.040244671719483024,0.1987890495215322,0,4537.091349675739,pfba
b2276,3,417,0.2390337212410152,0.040244671719483024,0.1987890495215322,0,4537.091349675739,pfba
b2277,3,417,0.2390337212410152,0.040244671719483024,0.1987890495215322,0,4537.091349675739,pfba
b2285,3,417,0.2390337212410152,0.040244671719483024,0.1987890495215322,0,4537.091349675739,pfba
b2284,3,417,0.2390337212410152,0.040244671719483024,0.1987890495215322,0,4537.091349675739,pfba
b2278,3,417,0.2390337212410152,0.040244671719483024,0.1987890495215322,0,4537.091349675739,pfba
b2279,3,417,0.2390337212410152,0.040244671719483024,0.1987890495215322,0,4537.091349675739,pfba
b2280,3,417,0.2390337212410152,0.040244671719483024,0.1987890495215322,0,4537.091349675739,pfba
b2287,3,417,0.2390337212410152,0.040244671719483024,0.1987890495215322,0,4537.091349675739,pfba
b2286,3,417,0.2390337212410152,0.040244671719483024,0.1987890495215322,0,4537.091349675739,pfba
b1801,3,0,0.2390337212410152,0.2390337212410152,0.0,0,0.0,pfba
b4208,5,272,0.2390337212410152,0.23899403467404204,3.9686566973173854e-05,0,0.29132113964523293,pfba
b0007,2,0,0.2390337212410152,0.2390337212410152,0.0,0,0.0,pfba
b2923,2,6,0.2390337212410152,0.23903372124100858,6.63358257213531e-15,0,0.011231587416986308,pfba
b0874,1,0,0.2390337212410152,0.23903372124101208,3.1363800445660672e-15,0,0.0,pfba
b0037,3,0,0.2390337212410152,0.23903372124102532,-1.0103029524088925e-14,0,0.0,pfba
b1734,2,0,0.2390337212410152,0.2390337212410075,7.716050021144838e-15,0,0.0,pfba
b2467,1,6,0.2390337212410152,0.23903372124101502,1.942890293094024e-16,0,0.00023471685080860626,pfba
b0404,7,6,0.2390337212410152,0.23903372124100278,1.2434497875801753e-14,0,0.011231587416981968,pfba
b0314,1,0,0.2390337212410152,0.2390337212410152,0.0,0,0.0,pfba
b4474,1,0,0.2390337212410152,0.23903372124101357,1.6375789613221059e-15,0,0.0,pfba
b3370,2,0,0.2390337212410152,0.23903372124101807,-2.858824288409778e-15,0,0.0,pfba
b3040,6,411,0.2390337212410152,0.0,0.2390337212410152,1,2765.837628460169,pfba
b3816,3,411,0.2390337212410152,0.0,0.2390337212410152,1,2765.837628460198,pfba
b2373,1,10,0.2390337212410152,0.23903372124100822,6.994405055138486e-15,0,0.2791783317358683,pfba
b4233,2,0,0.2390337212410152,0.2390337212410048,1.0408340855860843e-14,0,0.0,pfba
b3196,1,411,0.2390337212410152,0.0,0.2390337212410152,1,2765.83762846017,pfba
b3691,1,8,0.2390337212410152,0.23903372124100727,7.93809462606987e-15,0,0.009301436161742473,pfba
b2843,1,6,0.2390337212410152,0.23903372124101813,-2.914335439641036e-15,0,0.00023471685080363264,pfba
b2156,1,0,0.2390337212410152,0.2390337212410152,0.0,0,0.0,pfba
b4130,3,0,0.2390337212410152,0.239033721241017,-1.7763568394002505e-15,0,0.0,pfba
b4356,1,0,0.2390337212410152,0.2390337212410144,8.049116928532385e-16,0,0.0,pfba
b4358,1,0,0.2390337212410152,0.23903372124101002,5.190292640122607e-15,0,0.0,pfba
b3431,1,0,0.2390337212410152,0.23903372124100541,9.797718192317006e-15,0,0.0,pfba
b0155,1,71,0.2390337212410152,0.23903248208615238,1.2391548628309934e-06,0,1.966631950146094e-06,pfba
b1378,1,279,0.2390337212410152,0.23898194956089844,5.1771680116774466e-05,0,0.004275195898177977,pfba
b0684,7,411,0.2390337212410152,0.0,0.2390337212410152,1,2765.837628460196,pfba
b2895,7,411,0.2390337212410152,0.0,0.2390337212410152,1,2765.837628460204,pfba
b0777,1,411,0.2390337212410152,0.0,0.2390337212410152,1,2765.8376284602136,pfba
b3199,9,411,0.2390337212410152,0.0,0.2390337212410152,1,2765.837628460233,pfba
b0641,9,411,0.2390337212410152,0.0,0.2390337212410152,1,2765.837628460161,pfba
b3200,9,411,0.2390337212410152,0.0,0.2390337212410152,1,2765.8376284602627,pfba
b3201,9,411,0.2390337212410152,0.0,0.2390337212410152,1,2765.837628460602,pfba
b0054,9,411,0.2390337212410152,0.0,0.2390337212410152,1,2765.8376284601354,pfba
b4262,9,411,0.2390337212410152,0.0,0.2390337212410152,1,2765.837628460192,pfba
b4261,9,411,0.2390337212410152,0.0,0.2390337212410152,1,2765.837628460321,pfba
b1535,1,6,0.2390337212410152,0.23903372124099825,1.6958656701149266e-14,0,0.0002347168507914159,pfba
b1490,1,6,0.2390337212410152,0.2390337212410101,5.10702591327572e-15,0,0.21396324244663847,pfba
b1794,1,6,0.2390337212410152,0.2390337212410101,5.10702591327572e-15,0,0.21396324244663847,pfba
b1341,1,6,0.2390337212410152,0.2390337212410101,5.10702591327572e-15,0,0.21396324244663847,pfba
b1025,1,6,0.2390337212410152,0.2390337212410101,5.10702591327572e-15,0,0.21396324244663847,pfba
b1285,2,6,0.2390337212410152,0.23903372124101185,3.3584246494910985e-15,0,0.2139632424472098,pfba
b3525,1,8,0.2390337212410152,0.23903372124102534,-1.0130785099704553e-14,0,0.29055736567152224,pfba
b0315,1,8,0.2390337212410152,0.23903372124102534,-1.0130785099704553e-14,0,0.29055736567152224,pfba
b2503,1,8,0.2390337212410152,0.23903372124102534,-1.0130785099704553e-14,0,0.29055736567152224,pfba
b0009,1,6,0.2390337212410152,0.23903372124099884,1.637578961322106e-14,0,0.21396324244715728,pfba
b0784,2,8,0.2390337212410152,0.23903372124101024,4.9682480351975755e-15,0,0.29055736567171514,pfba
b2530,6,411,0.2390337212410152,0.0,0.2390337212410152,1,2765.8376284601572,pfba
b2470,7,10,0.2390337212410152,0.23903372124102717,-1.1962653090336062e-14,0,0.27917833173538875,pfba
b0463,7,0,0.2390337212410152,0.2390337212410152,0.0,0,0.0,pfba
b0462,7,0,0.2390337212410152,0.2390337212410152,0.0,0,0.0,pfba
b1394,2,6,0.2390337212410152,0.23903372124101313,2.0816681711721685e-15,0,0.00023471685080281437,pfba
b1090,7,0,0.2390337212410152,0.23903372124101735,-2.1371793224034263e-15,0,0.0,pfba
b3059,7,8,0.2390337212410152,0.23903372124099848,1.6736612096224235e-14,0,0.29055736567163815,pfba
b2529,6,74,0.2390337212410152,0.23903267754084292,1.0437001722873873e-06,0,1.7659071377605046e-07,pfba
b1684,2,0,0.2390337212410152,0.23903372124100086,1.4349632593280148e-14,0,0.0,pfba
b1682,6,0,0.2390337212410152,0.23903372124101213,3.0808688933348094e-15,0,0.0,pfba
b1683,6,0,0.2390337212410152,0.23903372124101213,3.0808688933348094e-15,0,0.0,pfba
b1681,6,0,0.2390337212410152,0.23903372124101213,3.0808688933348094e-15,0,0.0,pfba
b0827,4,6,0.2390337212410152,0.23903372124100683,8.382183835919932e-15,0,0.00023471685080379557,pfba
b3857,5,8,0.2390337212410152,0.23903372124101419,1.0269562977782698e-15,0,0.2905573656715597,pfba
b3856,5,8,0.2390337212410152,0.23903372124101419,1.0269562977782698e-15,0,0.2905573656715597,pfba
b3058,2,411,0.2390337212410152,0.0,0.2390337212410152,1,2765.837628460049,pfba
b0709,2,8,0.2390337212410152,0.23903372124101002,5.190292640122607e-15,0,0.20474907661675748,pfba
b3496,2,0,0.2390337212410152,0.239033721241017,-1.7763568394002505e-15,0,0.0,pfba
b1634,2,0,0.2390337212410152,0.239033721241017,-1.7763568394002505e-15,0,0.0,pfba
b2528,2,76,0.2390337212410152,0.23903267754084284,1.043700172370654e-06,0,0.011234769879620039,pfba
b1679,4,0,0.2390337212410152,0.23903372124102068,-5.467848396278896e-15,0,0.0,pfba
b0775,1,411,0.2390337212410152,0.0,0.2390337212410152,1,2765.837628460189,pfba
b1009,1,10,0.2390337212410152,0.23903372124101505,1.6653345369377348e-16,0,0.2791783317355104,pfba
b0444,1,0,0.2390337212410152,0.2390337212409982,1.7014167852380524e-14,0,0.0,pfba
b2794,1,6,0.2390337212410152,0.2390337212410054,9.825473767932635e-15,0,0.00023471685080448396,pfba
b1008,1,0,0.2390337212410152,0.23903372124101052,4.690692279041286e-15,0,0.0,pfba
b2765,1,6,0.2390337212410152,0.2390337212410117,3.524958103184872e-15,0,0.00023471685082282638,pfba
b2263,1,0,0.2390337212410152,0.23903372124101777,-2.55351295663786e-15,0,0.0,pfba
b1011,1,0,0.2390337212410152,0.239033721241006,9.2148511043888e-15,0,0.0,pfba
b1010,1,0,0.2390337212410152,0.23903372124101185,3.3584246494910985e-15,0,0.0,pfba
b0968,7,6,0.2390337212410152,0.23903372124101704,-1.8318679906315083e-15,0,0.0002347168508268473,pfba
b2264,1,0,0.2390337212410152,0.23903372124101796,-2.7478019859472624e-15,0,0.0,pfba
b2262,1,0,0.2390337212410152,0.23903372124101138,3.83026943495679e-15,0,0.0,pfba
b1686,1,0,0.2390337212410152,0.23903372124101216,3.0531133177191805e-15,0,0.0,pfba
b3991,1,411,0.2390337212410152,0.0,0.2390337212410152,1,2765.837628460181,pfba
b4407,1,411,0.2390337212410152,0.0,0.2390337212410152,1,2765.8376284601572,pfba
b3990,1,411,0.2390337212410152,0.0,0.2390337212410152,1,2765.8376284602227,pfba
b0423,1,411,0.2390337212410152,0.0,0.2390337212410152,1,2765.8376284600554,pfba
b3992,1,411,0.2390337212410152,0.0,0.2390337212410152,1,2765.837628460138,pfba
b2877,1,8,0.2390337212410152,0.2390337212410071,8.104628079763643e-15,0,0.20474907661720543,pfba
b2374,1,0,0.2390337212410152,0.23903372124099842,1.6792123247455493e-14,0,0.0,pfba
b1389,1,0,0.2390337212410152,0.2390337212410077,7.521760991835436e-15,0,0.0,pfba
b1388,1,0,0.2390337212410152,0.2390337212410077,7.521760991835436e-15,0,0.0,pfba
b1390,1,0,0.2390337212410152,0.2390337212410077,7.521760991835436e-15,0,0.0,pfba
b1391,1,0,0.2390337212410152,0.2390337212410077,7.521760991835436e-15,0,0.0,pfba
b1392,1,0,0.2390337212410152,0.2390337212410077,7.521760991835436e-15,0,0.0,pfba
b1397,2,0,0.2390337212410152,0.23903372124100747,7.743805596760467e-15,0,0.0,pfba
b1395,1,8,0.2390337212410152,0.2390337212410072,8.021361352916756e-15,0,0.2905573656716217,pfba
b1012,1,0,0.2390337212410152,0.2390337212410152,0.0,0,0.0,pfba
b1007,1,0,0.2390337212410152,0.2390337212410152,0.0,0,0.0,pfba
b0785,1,0,0.2390337212410152,0.23903372124095576,5.945244296867713e-14,0,0.0,pfba
b3893,2,0,0.2390337212410152,0.2390337212409948,2.040034807748725e-14,0,0.0,pfba
b3892,2,0,0.2390337212410152,0.2390337212409948,2.040034807748725e-14,0,0.0,pfba
b3894,2,0,0.2390337212410152,0.2390337212409948,2.040034807748725e-14,0,0.0,pfba
b1475,2,0,0.2390337212410152,0.2390337212409948,2.040034807748725e-14,0,0.0,pfba
b1474,2,0,0.2390337212410152,0.2390337212409948,2.040034807748725e-14,0,0.0,pfba
b1476,2,0,0.2390337212410152,0.2390337212409948,2.040034807748725e-14,0,0.0,pfba
b0776,1,411,0.2390337212410152,0.0,0.2390337212410152,1,2765.8376284601927,pfba
b3412,1,411,0.2390337212410152,0.0,0.2390337212410152,1,2765.8376284601645,pfba
b2515,1,411,0.2390337212410152,0.0,0.2390337212410152,1,2765.8376284601754,pfba
b4238,4,278,0.2390337212410152,0.23898308657847503,5.063466254018323e-05,0,0.2808795245102666,pfba
b3924,5,275,0.2390337212410152,0.238983086578466,5.063466254920379e-05,0,0.0047307121210528455,pfba
b4237,4,275,0.2390337212410152,0.23898308657846282,5.063466255239568e-05,0,0.004730712120596713,pfba
b4209,1,6,0.2390337212410152,0.23903372124101585,-6.38378239159465e-16,0,0.21396324244797088,pfba
b1387,1,0,0.2390337212410152,0.23903372124100838,6.827871601444713e-15,0,0.0,pfba
b1393,1,6,0.2390337212410152,0.2390337212410038,1.1407541578023483e-14,0,0.000234716850804664,pfba
b2912,1,0,0.2390337212410152,0.2390337212410152,0.0,0,0.0,pfba
b2174,1,0,0.2390337212410152,0.23903372124099853,1.6681100944992977e-14,0,0.0,pfba
b0826,1,0,0.2390337212410152,0.23903372124101502,1.942890293094024e-16,0,0.0,pfba
b0781,1,0,0.2390337212410152,0.23903372124100647,8.743006318923108e-15,0,0.0,pfba
b0783,1,0,0.2390337212410152,0.23903372124100647,8.743006318923108e-15,0,0.0,pfba
b0630,1,8,0.2390337212410152,0.2390337212410098,5.412337245047638e-15,0,0.2905573656715864,pfba
b0628,1,0,0.2390337212410152,0.23903372124100708,8.132383655379272e-15,0,0.0,pfba
b4386,3,8,0.2390337212410152,0.23903372124100938,5.828670879282072e-15,0,0.29055736567098067,pfba
b1385,1,0,0.2390337212410152,0.2390337212410072,8.021361352916756e-15,0,0.0,pfba
b2917,1,0,0.2390337212410152,0.2390337212410068,8.409939411535561e-15,0,0.0,pfba
b3572,1,0,0.2390337212410152,0.23903372124101543,-2.220446049250313e-16,0,0.0,pfba
b4129,1,8,0.2390337212410152,0.23903372124100944,5.773159728050814e-15,0,0.29055736567183954,pfba
b3722,1,0,0.2390337212410152,0.23903372124101901,-3.802513859341161e-15,0,0.0,pfba
b0681,1,0,0.2390337212410152,0.23903372124100844,6.772360450213455e-15,0,0.0,pfba
b1473,3,6,0.2390337212410152,0.23903372124100825,6.966649479522857e-15,0,0.011231587416852781,pfba
b3882,2,0,0.2390337212410152,0.23903372124100827,6.938893903907228e-15,0,0.0,pfba
b1600,1,0,0.2390337212410152,0.23903372124102965,-1.4432899320127035e-14,0,0.0,pfba
b1599,1,0,0.2390337212410152,0.23903372124102965,-1.4432899320127035e-14,0,0.0,pfba
b2660,1,8,0.2390337212410152,0.23903372124100353,1.1685097334179773e-14,0,0.009301436161605161,pfba
b4167,4,8,0.2390337212410152,0.23903372124101835,-3.1363800445660672e-15,0,0.20474907661685948,pfba
b2670,1,6,0.2390337212410152,0.2390337212409894,2.581268532253489e-14,0,0.2139632424474183,pfba
b3070,3,8,0.2390337212410152,0.23903372124101227,2.942091015256665e-15,0,0.2047490766167014,pfba
b4297,1,0,0.2390337212410152,0.23903372124101221,2.9976021664879227e-15,0,0.0,pfba
b0269,1,0,0.2390337212410152,0.23903372124101221,2.9976021664879227e-15,0,0.0,pfba
b4298,1,6,0.2390337212410152,0.2390337212409857,2.9504176879413535e-14,0,0.01123158741733743,pfba
b0268,1,6,0.2390337212410152,0.2390337212409857,2.9504176879413535e-14,0,0.01123158741733743,pfba
b3715,1,8,0.2390337212410152,0.23903372124100156,1.3655743202889425e-14,0,0.0093014361617095,pfba
b0516,1,6,0.2390337212410152,0.23903372124101133,3.885780586188048e-15,0,0.00023471685080896337,pfba
b0515,1,6,0.2390337212410152,0.2390337212410156,-3.885780586188048e-16,0,0.0002347168507994655,pfba
b1617,1,0,0.2390337212410152,0.2390337212410115,3.7192471324942744e-15,0,0.0,pfba
b1695,1,413,0.2390337212410152,0.2349018138850766,0.004131907355938602,0,2.3963810961633962,pfba
b1771,1,8,0.2390337212410152,0.23903372124098826,2.6950663922775675e-14,0,0.2905573656710745,pfba
b2907,1,0,0.2390337212410152,0.23903372124100017,1.504352198367087e-14,0,0.0,pfba
b0543,2,8,0.2390337212410152,0.2390337212410288,-1.3600232051658168e-14,0,0.009301436161557939,pfba
b1601,1,0,0.2390337212410152,0.2390337212410152,0.0,0,0.0,pfba
b0624,1,0,0.2390337212410152,0.23903372124100972,5.495603971894525e-15,0,0.0,pfba
b3880,1,6,0.2390337212410152,0.2390337212410176,-2.3869795029440866e-15,0,0.00023471685075643028,pfba
b3881,1,0,0.2390337212410152,0.23903372124100927,5.9396931817445875e-15,0,0.0,pfba
b3877,1,6,0.2390337212410152,0.23903372124100583,9.381384558082573e-15,0,0.00023471685079701798,pfba
b3876,1,0,0.2390337212410152,0.23903372124100736,7.854827899222983e-15,0,0.0,pfba
b1511,1,116,0.2390337212410152,0.23903094821829926,2.7730227159517007e-06,0,5.164096978989207e-07,pfba
b2371,1,0,0.2390337212410152,0.23903372124101097,4.246603069191224e-15,0,0.0,pfba
b2302,1,0,0.2390337212410152,0.23903372124101385,1.3600232051658168e-15,0,0.0,pfba
b2989,1,0,0.2390337212410152,0.23903372124101385,1.3600232051658168e-15,0,0.0,pfba
b1619,1,10,0.2390337212410152,0.23903372124101085,4.3576253716537394e-15,0,0.2791783317344471,pfba
b4337,1,0,0.2390337212410152,0.23903372124103747,-2.225997164373439e-14,0,0.0,pfba
b1337,1,0,0.2390337212410152,0.239033721241021,-5.800915303666443e-15,0,0.0,pfba
b1338,1,0,0.2390337212410152,0.239033721241021,-5.800915303666443e-15,0,0.0,pfba
b1336,1,8,0.2390337212410152,0.23903372124107666,-6.145084441300241e-14,0,0.2047490766157965,pfba
b2873,1,8,0.2390337212410152,0.23903372124100156,1.3655743202889425e-14,0,0.290557365672664,pfba
b1430,1,8,0.2390337212410152,0.23903372124101202,3.191891195797325e-15,0,0.2905573656717168,pfba
b1396,2,6,0.2390337212410152,0.23903372124101013,5.079270337660091e-15,0,0.21396324244709453,pfba
b3943,1,0,0.2390337212410152,0.23903372124101224,2.9698465908722937e-15,0,0.0,pfba
b0578,2,6,0.2390337212410152,0.23903372124101152,3.6914915568786455e-15,0,0.011231587417009796,pfba
b3253,1,0,0.2390337212410152,0.2390337212410349,-1.96787031114809e-14,0,0.0,pfba
b1022,2,0,0.2390337212410152,0.23903372124101785,-2.6367796834847468e-15,0,0.0,pfba
b1021,2,0,0.2390337212410152,0.23903372124101785,-2.6367796834847468e-15,0,0.0,pfba
b1733,1,6,0.2390337212410152,0.23903372124101127,3.941291737419306e-15,0,0.00023471685082742874,pfba
b4266,2,0,0.2390337212410152,0.23903372124099914,1.607047828144914e-14,0,0.0,pfba
b3493,1,316,0.2390337212410152,0.23766374800763615,0.0013699732333790626,0,0.12255646755088719,pfba
b2987,1,316,0.2390337212410152,0.23766374800763615,0.0013699732333790626,0,0.12255646755088719,pfba
b0401,3,0,0.2390337212410152,0.23903372124101874,-3.524958103184872e-15,0,0.0,pfba
b4141,4,0,0.2390337212410152,0.2390337212410046,1.0602629885170245e-14,0,0.0,pfba
b1798,2,8,0.2390337212410152,0.23903372124100644,8.770761894538737e-15,0,0.2047490766171221,pfba
b3662,2,8,0.2390337212410152,0.23903372124099284,2.2370993946196904e-14,0,0.009301436161773528,pfba
b1592,1,0,0.2390337212410152,0.23903372124101635,-1.1379786002407855e-15,0,0.0,pfba
b2842,1,0,0.2390337212410152,0.2390337212410152,0.0,0,0.0,pfba
b4020,1,8,0.2390337212410152,0.23903372124103386,-1.865174681370263e-14,0,0.20474907661731107,pfba
b1985,2,0,0.2390337212410152,0.23903372124101588,-6.661338147750939e-16,0,0.0,pfba
b1516,1,0,0.2390337212410152,0.2390337212410152,0.0,0,0.0,pfba
b1514,1,0,0.2390337212410152,0.2390337212410152,0.0,0,0.0,pfba
b1515,1,0,0.2390337212410152,0.2390337212410152,0.0,0,0.0,pfba
b1513,1,0,0.2390337212410152,0.2390337212410152,0.0,0,0.0,pfba
b1518,1,118,0.2390337212410152,0.2390309482182935,2.7730227217248604e-06,0,0.011203025282249184,pfba
b3240,1,8,0.2390337212410152,0.23903372124100306,1.2156942119645464e-14,0,0.009301436161792492,pfba
b3241,1,8,0.2390337212410152,0.23903372124100306,1.2156942119645464e-14,0,0.009301436161792492,pfba
b1449,2,0,0.2390337212410152,0.23903372124101233,2.886579864025407e-15,0,0.0,pfba
b2245,1,0,0.2390337212410152,0.239033721241013,2.220446049250313e-15,0,0.0,pfba
b1448,1,0,0.2390337212410152,0.2390337212410055,9.71445146547012e-15,0,0.0,pfba
b3656,1,8,0.2390337212410152,0.23903372124100597,9.242606680004428e-15,0,0.29055736567174684,pfba
b3883,1,0,0.2390337212410152,0.23903372124101807,-2.858824288409778e-15,0,0.0,pfba
b3966,3,0,0.2390337212410152,0.23903372124100628,8.93729534823251e-15,0,0.0,pfba
b4098,1,6,0.2390337212410152,0.23903372124098773,2.7478019859472624e-14,0,0.0002347168508225686,pfba
b3488,1,0,0.2390337212410152,0.23903372124100908,6.13398221105399e-15,0,0.0,pfba
b1813,1,0,0.2390337212410152,0.23903372124100186,1.3350431871117507e-14,0,0.0,pfba
b2166,1,0,0.2390337212410152,0.23903372124100458,1.0630385460785874e-14,0,0.0,pfba
b1103,1,0,0.2390337212410152,0.2390337212410154,-1.942890293094024e-16,0,0.0,pfba
b4096,1,6,0.2390337212410152,0.23903372124100722,7.993605777301127e-15,0,0.011231587416954994,pfba
b4101,1,6,0.2390337212410152,0.23903372124100722,7.993605777301127e-15,0,0.011231587416954994,pfba
b4100,1,6,0.2390337212410152,0.23903372124100722,7.993605777301127e-15,0,0.011231587416954994,pfba
b4099,1,6,0.2390337212410152,0.23903372124100722,7.993605777301127e-15,0,0.011231587416954994,pfba
b4095,1,8,0.2390337212410152,0.23903372124101444,7.771561172376096e-16,0,0.009301436161491565,pfba
b4092,1,6,0.2390337212410152,0.23903372124101085,4.3576253716537394e-15,0,0.011231587416962402,pfba
b2047,1,6,0.2390337212410152,0.23903372124100805,7.16093850883226e-15,0,0.011231587416949417,pfba
b4106,1,0,0.2390337212410152,0.23903372124100586,9.353628982466944e-15,0,0.0,pfba
b4104,1,0,0.2390337212410152,0.23903372124100586,9.353628982466944e-15,0,0.0,pfba
b4105,1,0,0.2390337212410152,0.23903372124100586,9.353628982466944e-15,0,0.0,pfba
b0662,1,0,0.2390337212410152,0.2390337212410019,1.3322676295501878e-14,0,0.0,pfba
b2906,1,6,0.2390337212410152,0.239033721241007,8.215650382226158e-15,0,0.00023471685084488163,pfba
b1400,1,0,0.2390337212410152,0.23903372124101385,1.3600232051658168e-15,0,0.0,pfba
b2683,1,0,0.2390337212410152,0.23903372124101102,4.191091917959966e-15,0,0.0,pfba
b2682,1,0,0.2390337212410152,0.23903372124101102,4.191091917959966e-15,0,0.0,pfba
b1821,1,6,0.2390337212410152,0.23903372124100838,6.827871601444713e-15,0,0.00023471685085312872,pfba
b2164,1,6,0.2390337212410152,0.2390337212409887,2.6506574712925612e-14,0,0.0002347168507957069,pfba
b1616,1,0,0.2390337212410152,0.23903372124101724,-2.0261570199409107e-15,0,0.0,pfba
b1517,1,118,0.2390337212410152,0.2390309482182959,2.7730227193101253e-06,0,0.011203025282271507,pfba
b0577,1,8,0.2390337212410152,0.2390337212410195,-4.274358644806853e-15,0,0.2905573656716176,pfba
b2924,1,8,0.2390337212410152,0.2390337212410195,-4.274358644806853e-15,0,0.2905573656716176,pfba
b1330,1,8,0.2390337212410152,0.2390337212410195,-4.274358644806853e-15,0,0.2905573656716176,pfba
b0808,1,8,0.2390337212410152,0.2390337212410195,-4.274358644806853e-15,0,0.2905573656716176,pfba
b0465,1,8,0.2390337212410152,0.2390337212410195,-4.274358644806853e-15,0,0.2905573656716176,pfba
b3291,1,8,0.2390337212410152,0.2390337212410195,-4.274358644806853e-15,0,0.2905573656716176,pfba
b4159,1,8,0.2390337212410152,0.2390337212410195,-4.274358644806853e-15,0,0.2905573656716176,pfba
b2247,1,0,0.2390337212410152,0.23903372124101452,6.938893903907228e-16,0,0.0,pfba
b0597,1,0,0.2390337212410152,0.2390337212410222,-6.994405055138486e-15,0,0.0,pfba
b1870,1,6,0.2390337212410152,0.23903372124100816,7.049916206369744e-15,0,0.011231587417092573,pfba
b3116,2,0,0.2390337212410152,0.23903372124102443,-9.2148511043888e-15,0,0.0,pfba
b2796,1,0,0.2390337212410152,0.23903372124108974,-7.452372052796363e-14,0,0.0,pfba
b4093,1,0,0.2390337212410152,0.23903372124100913,6.078471059822732e-15,0,0.0,pfba
b3878,1,0,0.2390337212410152,0.2390337212410012,1.4016565685892601e-14,0,0.0,pfba
b1206,3,6,0.2390337212410152,0.23903372124100553,9.686695889854491e-15,0,0.011231587416938204,pfba
