gene_id,gene_name,n_gpr_rxns,n_changed,b_wt,b_ko,delta_b,y_essential,kV
b1377,,270,422,0.46292764329859126,0.0,0.46292764329859126,1,3771.0393534291525
b2215,,271,422,0.46292764329859126,0.0,0.46292764329859126,1,3771.0393534291525
b0929,,271,422,0.46292764329859126,0.0,0.46292764329859126,1,3771.0393534291525
b0241,,270,422,0.46292764329859126,0.0,0.46292764329859126,1,3771.0393534291525
b4034,,6,6,0.46292764329859126,0.4629276432983254,2.6584290324649373e-13,0,47.137936947798124
b4033,,6,0,0.46292764329859126,0.462927643298321,2.7028379534499436e-13,0,0.0
b4032,,6,0,0.46292764329859126,0.462927643298321,2.7028379534499436e-13,0,0.0
b4035,,6,0,0.46292764329859126,0.462927643298321,2.7028379534499436e-13,0,0.0
b4036,,7,6,0.46292764329859126,0.46292764329832786,2.634004125923184e-13,0,47.137936947797925
b4213,,8,4,0.46292764329859126,0.46292764329835184,2.39419595260415e-13,0,4.262809698769931e-08
b2835,,21,0,0.46292764329859126,0.46292764329830094,2.9032332093947844e-13,0,0.0
b2836,,23,126,0.46292764329859126,0.4629276432983223,2.6895152771544417e-13,0,10.634757871863323
b3553,,10,0,0.46292764329859126,0.4629276432983357,2.5557334026871104e-13,0,0.0
b1134,,2,4,0.46292764329859126,0.4629276432983261,2.6517676943171864e-13,0,4.2628096966516335e-08
b0446,,2,0,0.46292764329859126,0.46292764329832425,2.6700863742235015e-13,0,0.0
b1009,,1,0,0.46292764329859126,0.46292764329831715,2.7411406477995115e-13,0,0.0
b0954,,13,4,0.46292764329859126,0.4629276432983229,2.6834090505190034e-13,0,4.262809695357621e-08
b0180,,14,422,0.46292764329859126,0.0,0.46292764329859126,1,3312.440118189836
b0347,,2,0,0.46292764329859126,0.4629276432983347,2.565725409908737e-13,0,0.0
b3580,,2,0,0.46292764329859126,0.4629276432983196,2.716715741257758e-13,0,0.0
b1093,,14,422,0.46292764329859126,0.0,0.46292764329859126,1,3312.4401181898356
b2323,,13,422,0.46292764329859126,0.0,0.46292764329859126,1,3312.4401181898343
b1095,,9,422,0.46292764329859126,0.0,0.46292764329859126,1,3312.4401181898347
b1397,,2,0,0.46292764329859126,0.4629276432983233,2.6795232699328153e-13,0,0.0
b1245,,2,0,0.46292764329859126,0.46292764329859126,0.0,0,0.0
b1244,,2,0,0.46292764329859126,0.46292764329859126,0.0,0,0.0
b1329,,1,0,0.46292764329859126,0.46292764329859126,0.0,0,0.0
b1246,,2,0,0.46292764329859126,0.46292764329859126,0.0,0,0.0
b1247,,2,0,0.46292764329859126,0.46292764329859126,0.0,0,0.0
b1386,,3,0,0.46292764329859126,0.46292764329832753,2.6373347949970594e-13,0,0.0
b0004,,2,422,0.46292764329859126,0.0,0.46292764329859126,1,3312.440118189835
b1192,,4,4,0.46292764329859126,0.46292764329831887,2.7239321909178216e-13,0,2.3223500883703537e-05
b1243,,1,0,0.46292764329859126,0.46292764329859126,0.0,0,0.0
b4266,,1,0,0.46292764329859126,0.46292764329859126,0.0,0,0.0
b4265,,3,0,0.46292764329859126,0.46292764329832475,2.6650903706126883e-13,0,0.0
b0159,,3,422,0.46292764329859126,0.0,0.46292764329859126,1,3312.440118189838
b3197,,1,422,0.46292764329859126,0.0,0.46292764329859126,1,3312.440118189835
b2708,,1,422,0.46292764329859126,0.0,0.46292764329859126,1,3312.4401181898365
b1094,,26,422,0.46292764329859126,0.0,0.46292764329859126,1,3312.4401181898274
b4481,,1,0,0.46292764329859126,0.46292764329831565,2.756128658631951e-13,0,0.0
b1927,,1,0,0.46292764329859126,0.4629276432983497,2.4158453015843406e-13,0,0.0
b3571,,1,0,0.46292764329859126,0.46292764329834474,2.46525022618016e-13,0,0.0
b2901,,1,0,0.46292764329859126,0.462927643298455,1.3627987627273797e-13,0,0.0
b1302,,1,0,0.46292764329859126,0.46292764329832664,2.6462165791940606e-13,0,0.0
b2662,,1,0,0.46292764329859126,0.46292764329832664,2.6462165791940606e-13,0,0.0
b1444,,1,0,0.46292764329859126,0.46292764329833674,2.5451862839531714e-13,0,0.0
b2663,,1,0,0.46292764329859126,0.4629276432983244,2.6684210396865637e-13,0,0.0
b2222,,3,4,0.46292764329859126,0.46292764329834235,2.489120021209601e-13,0,4.2628096966477054e-08
b2221,,3,4,0.46292764329859126,0.46292764329834235,2.489120021209601e-13,0,4.2628096966477054e-08
b2224,,1,129,0.46292764329859126,0.46292764329832087,2.703948176474569e-13,0,10.6347377711567
b2342,,8,129,0.46292764329859126,0.46292764329832814,2.631228568361621e-13,0,10.634737771158028
b3845,,8,129,0.46292764329859126,0.46292764329832814,2.631228568361621e-13,0,10.634737771158028
b2223,,3,4,0.46292764329859126,0.46292764329833025,2.610134330893743e-13,0,4.262809697468611e-08
b1241,,2,4,0.46292764329859126,0.46292764329833325,2.580158309228864e-13,0,4.262809695599595e-08
b0351,,1,4,0.46292764329859126,0.4629276432983232,2.6806334929574405e-13,0,4.262809696394127e-08
s0001,,39,425,0.46292764329859126,0.0,0.46292764329859126,1,3559.7832153817762
b1463,,1,0,0.46292764329859126,0.46292764329833946,2.517985819849855e-13,0,0.0
b1993,,2,0,0.46292764329859126,0.4629276432983197,2.715605518233133e-13,0,0.0
b2316,,1,422,0.46292764329859126,0.0,0.46292764329859126,1,3312.4401181898347
b3255,,1,422,0.46292764329859126,0.0,0.46292764329859126,1,3312.440118189836
b0185,,1,422,0.46292764329859126,0.0,0.46292764329859126,1,3312.440118189837
b3256,,1,422,0.46292764329859126,0.0,0.46292764329859126,1,3312.4401181898347
b4069,,2,4,0.46292764329859126,0.4629276432983241,2.671751708760439e-13,0,2.3223500883703798e-05
b1119,,1,0,0.46292764329859126,0.46292764329832053,2.707278845548444e-13,0,0.0
b3784,,1,0,0.46292764329859126,0.46292764329834324,2.4802382370125997e-13,0,0.0
b2415,,18,64,0.46292764329859126,0.46292764329834557,2.4569235534954714e-13,0,112.13973462625539
b0679,,1,0,0.46292764329859126,0.46292764329832137,2.6989521728637555e-13,0,0.0
b1101,,2,62,0.46292764329859126,0.46292764329831243,2.7883251263460807e-13,0,120.62288668590786
b2417,,6,62,0.46292764329859126,0.46292764329832936,2.6190161150907443e-13,0,120.62288668591988
b2416,,19,64,0.46292764329859126,0.46292764329833,2.6123547769429933e-13,0,112.13973462624261
b3959,,1,422,0.46292764329859126,0.0,0.46292764329859126,1,3312.440118189836
b2818,,1,422,0.46292764329859126,0.0,0.46292764329859126,1,3312.440118189836
b0078,,2,422,0.46292764329859126,0.0,0.46292764329859126,1,3312.440118189833
b3670,,2,422,0.46292764329859126,0.0,0.46292764329859126,1,3312.440118189835
b3671,,2,422,0.46292764329859126,0.0,0.46292764329859126,1,3312.440118189838
b0077,,2,422,0.46292764329859126,0.0,0.46292764329859126,1,3312.440118189838
b3115,,2,4,0.46292764329859126,0.462927643298316,2.7527979895580756e-13,0,2.3223500883703374e-05
b1849,,2,56,0.46292764329859126,0.4629276432983319,2.5934809855243657e-13,0,1.6113111919288632e-05
b2296,,1,0,0.46292764329859126,0.46292764329832964,2.6162405575291814e-13,0,0.0
b2428,,1,0,0.46292764329859126,0.46292764329831776,2.735034421164073e-13,0,0.0
b3794,,1,0,0.46292764329859126,0.4629276432983275,2.637889906509372e-13,0,0.0
b1818,,5,62,0.46292764329859126,0.46292764329832425,2.6700863742235015e-13,0,120.62288668591705
b1819,,5,62,0.46292764329859126,0.46292764329832425,2.6700863742235015e-13,0,120.62288668591705
b1817,,5,62,0.46292764329859126,0.46292764329832425,2.6700863742235015e-13,0,120.62288668591705
b2429,,2,0,0.46292764329859126,0.4629276432983299,2.6134649999676185e-13,0,0.0
b3224,,1,0,0.46292764329859126,0.4629276432979013,6.899480986533035e-13,0,0.0
b4311,,1,0,0.46292764329859126,0.4629276432983381,2.5318636076576695e-13,0,0.0
b3225,,1,0,0.46292764329859126,0.4629276432979013,6.899480986533035e-13,0,0.0
b0221,,8,129,0.46292764329859126,0.4629276432983295,2.6173507805538065e-13,0,10.634737771158974
b1091,,3,422,0.46292764329859126,0.0,0.46292764329859126,1,3312.440118189834
b3957,,2,422,0.46292764329859126,0.0,0.46292764329859126,1,3312.440118189834
b3200,,9,422,0.46292764329859126,0.0,0.46292764329859126,1,3312.440118189833
b4261,,9,422,0.46292764329859126,0.0,0.46292764329859126,1,3312.440118189831
b3201,,9,422,0.46292764329859126,0.0,0.46292764329859126,1,3312.440118189835
b4262,,9,422,0.46292764329859126,0.0,0.46292764329859126,1,3312.4401181898365
b3199,,9,422,0.46292764329859126,0.0,0.46292764329859126,1,3312.440118189836
b1519,,1,0,0.46292764329859126,0.46292764329833147,2.5979218776228663e-13,0,0.0
b1276,,2,423,0.46292764329859126,0.0,0.46292764329859126,1,3390.3099018744115
b0118,,3,423,0.46292764329859126,0.0,0.46292764329859126,1,3390.3099018744115
b1748,,2,422,0.46292764329859126,0.0,0.46292764329859126,1,3312.4401181898347
b3359,,2,422,0.46292764329859126,0.0,0.46292764329859126,1,3312.4401181898384
b1090,,7,0,0.46292764329859126,0.4629276432983359,2.55351295663786e-13,0,0.0
b3475,,1,0,0.46292764329859126,0.4629276432983488,2.424727085781342e-13,0,0.0
b2563,,1,0,0.46292764329859126,0.4629276432983488,2.424727085781342e-13,0,0.0
b2578,,2,0,0.46292764329859126,0.46292764329832115,2.701172618913006e-13,0,0.0
b1533,,2,0,0.46292764329859126,0.46292764329832115,2.701172618913006e-13,0,0.0
b4067,,2,0,0.46292764329859126,0.46292764329859126,0.0,0,0.0
b1623,,2,0,0.46292764329859126,0.4629276432983295,2.6173507805538065e-13,0,0.0
b1096,,1,422,0.46292764329859126,0.0,0.46292764329859126,1,3312.440118189836
b1812,,2,422,0.46292764329859126,0.0,0.46292764329859126,1,3312.4401181898374
b3360,,1,422,0.46292764329859126,0.0,0.46292764329859126,1,3312.440118189838
b3665,,1,8,0.46292764329859126,0.46292764329832187,2.6939561692529423e-13,0,2.3266128980666974e-05
b3654,,3,4,0.46292764329859126,0.46292764329831887,2.7239321909178216e-13,0,4.262809695167347e-08
b3714,,1,4,0.46292764329859126,0.46292764329831887,2.7239321909178216e-13,0,4.262809695167347e-08
b0474,,13,422,0.46292764329859126,0.0,0.46292764329859126,1,3312.440118189835
b0120,,1,4,0.46292764329859126,0.46292764329832203,2.6922908347160046e-13,0,2.3223500883703696e-05
b3806,,1,0,0.46292764329859126,0.4629276432991876,-5.963562976774028e-13,0,0.0
b0030,,5,0,0.46292764329859126,0.4629276432983426,2.4868995751603507e-13,0,0.0
b2393,,7,0,0.46292764329859126,0.4629276432983327,2.5857094243519896e-13,0,0.0
b2964,,11,0,0.46292764329859126,0.46292764329831854,2.727262859991697e-13,0,0.0
b2406,,6,0,0.46292764329859126,0.4629276432983333,2.579603197716551e-13,0,0.0
b0411,,7,4,0.46292764329859126,0.4629276432983395,2.5174307083375425e-13,0,4.26280969793639e-08
b1992,,1,0,0.46292764329859126,0.4629276432983279,2.6334490144108713e-13,0,0.0
b1709,,3,0,0.46292764329859126,0.46292764329832725,2.6401103525586223e-13,0,0.0
b0158,,3,0,0.46292764329859126,0.46292764329832725,2.6401103525586223e-13,0,0.0
b1711,,3,0,0.46292764329859126,0.46292764329832725,2.6401103525586223e-13,0,0.0
b3966,,3,0,0.46292764329859126,0.46292764329832725,2.6401103525586223e-13,0,0.0
b3005,,10,4,0.46292764329859126,0.4629276432983285,2.6278978992877455e-13,0,4.262809696412664e-08
b3006,,10,4,0.46292764329859126,0.4629276432983285,2.6278978992877455e-13,0,4.262809696412664e-08
b1252,,10,4,0.46292764329859126,0.4629276432983285,2.6278978992877455e-13,0,4.262809696412664e-08
b3397,,1,0,0.46292764329859126,0.46292764329936886,-7.776002064474596e-13,0,0.0
b3034,,1,0,0.46292764329859126,0.46292764329936886,-7.776002064474596e-13,0,0.0
b0469,,1,0,0.46292764329859126,0.46292764329859126,0.0,0,0.0
b2750,,1,422,0.46292764329859126,0.0,0.46292764329859126,1,3312.440118189835
b1131,,2,422,0.46292764329859126,0.0,0.46292764329859126,1,3312.440118189835
b4177,,1,422,0.46292764329859126,0.0,0.46292764329859126,1,3312.4401181898384
b0677,,1,4,0.46292764329859126,0.4629276432983261,2.6517676943171864e-13,0,2.3223500883703903e-05
b0110,,4,0,0.46292764329859126,0.4629276432983317,2.595701431573616e-13,0,0.0
b2817,,2,0,0.46292764329859126,0.46292764329833574,2.555178291174798e-13,0,0.0
b2435,,2,0,0.46292764329859126,0.46292764329833574,2.555178291174798e-13,0,0.0
b4169,,2,0,0.46292764329859126,0.46292764329833574,2.555178291174798e-13,0,0.0
b1107,,3,0,0.46292764329859126,0.4629276432983197,2.715605518233133e-13,0,0.0
b0433,,3,0,0.46292764329859126,0.4629276432983296,2.616795669041494e-13,0,0.0
b3619,,1,4,0.46292764329859126,0.4629276432983241,2.671751708760439e-13,0,4.2628096974744565e-08
b2937,,1,0,0.46292764329859126,0.4629276432983194,2.718381075794696e-13,0,0.0
b3018,,7,422,0.46292764329859126,0.0,0.46292764329859126,1,3312.440118189834
b3958,,1,422,0.46292764329859126,0.0,0.46292764329859126,1,3312.4401181898343
b0575,,2,4,0.46292764329859126,0.46292764329832287,2.683964162031316e-13,0,2.3223500883703733e-05
b0572,,2,4,0.46292764329859126,0.4629276432982785,3.127498260369066e-13,0,4.2628096894153384e-08
b0573,,2,4,0.46292764329859126,0.4629276432982785,3.127498260369066e-13,0,4.2628096894153384e-08
b0574,,2,4,0.46292764329859126,0.4629276432982785,3.127498260369066e-13,0,4.2628096894153384e-08
b4006,,2,422,0.46292764329859126,0.0,0.46292764329859126,1,3312.440118189835
b0522,,1,422,0.46292764329859126,0.0,0.46292764329859126,1,3312.4401181898347
b0523,,1,422,0.46292764329859126,0.0,0.46292764329859126,1,3312.440118189836
b0727,,1,68,0.46292764329859126,0.46292764329832425,2.6700863742235015e-13,0,40.84797700465608
b0116,,3,72,0.46292764329859126,0.4629276432983263,2.649547248267936e-13,0,193.038995736811
b0726,,1,68,0.46292764329859126,0.4629276432983489,2.4236168627567167e-13,0,40.84797700466373
b2587,,1,0,0.46292764329859126,0.46292764329833813,2.531308496145357e-13,0,0.0
b1488,,1,0,0.46292764329859126,0.4629276432978576,7.336353746723034e-13,0,0.0
b3542,,3,0,0.46292764329859126,0.4629276432983304,2.6084689963568053e-13,0,0.0
b1486,,1,4,0.46292764329859126,0.46292764329832925,2.6201263381153694e-13,0,4.262809696653846e-08
b1485,,1,4,0.46292764329859126,0.46292764329832925,2.6201263381153694e-13,0,4.262809696653846e-08
b3543,,3,0,0.46292764329859126,0.4629276432983304,2.6084689963568053e-13,0,0.0
b3541,,3,0,0.46292764329859126,0.4629276432983304,2.6084689963568053e-13,0,0.0
b1484,,1,4,0.46292764329859126,0.46292764329832925,2.6201263381153694e-13,0,4.262809696653846e-08
b3540,,3,0,0.46292764329859126,0.4629276432983304,2.6084689963568053e-13,0,0.0
b3544,,3,0,0.46292764329859126,0.4629276432983304,2.6084689963568053e-13,0,0.0
b1483,,1,4,0.46292764329859126,0.46292764329832925,2.6201263381153694e-13,0,4.262809696653846e-08
b1487,,1,4,0.46292764329859126,0.46292764329832925,2.6201263381153694e-13,0,4.262809696653846e-08
b0092,,1,422,0.46292764329859126,0.0,0.46292764329859126,1,3312.4401181898393
b0381,,1,422,0.46292764329859126,0.0,0.46292764329859126,1,3312.440118189835
b1325,,1,0,0.46292764329859126,0.4629276432973917,1.1995404669562504e-12,0,0.0
b1190,,1,422,0.46292764329859126,0.0,0.46292764329859126,1,3312.440118189831
b4053,,1,422,0.46292764329859126,0.0,0.46292764329859126,1,3312.440118189836
b2551,,6,69,0.46292764329859126,0.4629276432983243,2.669531262711189e-13,0,11.846228913782182
b0870,,4,4,0.46292764329859126,0.4629276432978527,7.385758671318854e-13,0,4.2628096545074986e-08
b2379,,1,3,0.46292764329859126,0.46292764329831787,2.733924198139448e-13,0,0.21728602892672283
b2290,,1,3,0.46292764329859126,0.46292764329831787,2.733924198139448e-13,0,0.21728602892672283
b2697,,1,0,0.46292764329859126,0.46292764329831004,2.8121949213755215e-13,0,0.0
b3460,,5,0,0.46292764329859126,0.46292764329859126,0.0,0,0.0
b3456,,5,0,0.46292764329859126,0.46292764329859126,0.0,0,0.0
b3457,,5,0,0.46292764329859126,0.46292764329859126,0.0,0,0.0
b3455,,5,0,0.46292764329859126,0.46292764329859126,0.0,0,0.0
b3454,,5,0,0.46292764329859126,0.46292764329859126,0.0,0,0.0
b4208,,5,315,0.46292764329859126,0.46233290595279,0.0005947373458012883,0,0.004967832250774443
b0007,,2,0,0.46292764329859126,0.46292764329859126,0.0,0,0.0
b0356,,3,0,0.46292764329859126,0.4629276436651014,-3.6651015555833055e-10,0,0.0
b1478,,1,0,0.46292764329859126,0.4629276432983264,2.648437025243311e-13,0,0.0
b1385,,1,4,0.46292764329859126,0.4629276432983304,2.6084689963568053e-13,0,4.262809697760132e-08
b1300,,2,0,0.46292764329859126,0.46292764329927505,-6.837863608666339e-13,0,0.0
b3588,,2,0,0.46292764329859126,0.4629276432983577,2.335354132299017e-13,0,0.0
b4084,,1,0,0.46292764329859126,0.46292764330010167,-1.5104029138512942e-12,0,0.0
b4090,,2,427,0.46292764329859126,0.33443824529627525,0.128489398002316,0,1074.3179693292652
b0516,,1,0,0.46292764329859126,0.4629276432983214,2.698397061351443e-13,0,0.0
b0512,,1,4,0.46292764329859126,0.46292764329829156,2.99704705497561e-13,0,4.2628096999996e-08
b0511,,1,0,0.46292764329859126,0.4629276432983333,2.579603197716551e-13,0,0.0
b4085,,1,0,0.46292764329859126,0.4629276432983821,2.091660178393795e-13,0,0.0
b4087,,2,0,0.46292764329859126,0.46292764329791714,6.741274205523951e-13,0,0.0
b4086,,2,0,0.46292764329859126,0.46292764329791714,6.741274205523951e-13,0,0.0
b4088,,2,0,0.46292764329859126,0.46292764329791714,6.741274205523951e-13,0,0.0
b0657,,2,0,0.46292764329859126,0.4629276432983398,2.5146551507759796e-13,0,0.0
b1677,,2,0,0.46292764329859126,0.4629276432983398,2.5146551507759796e-13,0,0.0
b1781,,1,0,0.46292764329859126,0.46292764329859126,0.0,0,0.0
b3001,,1,0,0.46292764329859126,0.46292764329859126,0.0,0,0.0
b0207,,2,4,0.46292764329859126,0.4629276432983305,2.60735877333218e-13,0,4.262809697423463e-08
b3012,,2,4,0.46292764329859126,0.4629276432983305,2.60735877333218e-13,0,4.262809697423463e-08
b3945,,4,0,0.46292764329859126,0.46292764329829234,2.989275493803234e-13,0,0.0
b3091,,1,0,0.46292764329859126,0.46292764329831826,2.73003841755326e-13,0,0.0
b3416,,4,0,0.46292764329859126,0.46292764329831615,2.751132655021138e-13,0,0.0
b3223,,1,0,0.46292764329859126,0.4629276432983355,2.557398737224048e-13,0,0.0
b3222,,1,0,0.46292764329859126,0.4629276432983184,2.728373083016322e-13,0,0.0
b0774,,1,422,0.46292764329859126,0.0,0.46292764329859126,1,3312.440118189836
b3833,,2,4,0.46292764329859126,0.4629276432983247,2.665645482125001e-13,0,2.3223500883703838e-05
b3994,,1,422,0.46292764329859126,0.0,0.46292764329859126,1,3312.4401181898384
b1982,,1,0,0.46292764329859126,0.46292764329832287,2.683964162031316e-13,0,0.0
b0932,,2,0,0.46292764329859126,0.46292764329833136,2.5990321006474915e-13,0,0.0
b0237,,3,0,0.46292764329859126,0.46292764329831065,2.806088694740083e-13,0,0.0
b4260,,2,0,0.46292764329859126,0.46292764329833136,2.5990321006474915e-13,0,0.0
b2523,,2,0,0.46292764329859126,0.46292764329833136,2.5990321006474915e-13,0,0.0
b1640,,1,0,0.46292764329859126,0.46292764329833536,2.559064071760986e-13,0,0.0
b1263,,2,422,0.46292764329859126,0.0,0.46292764329859126,1,3312.440118189836
b1264,,1,422,0.46292764329859126,0.0,0.46292764329859126,1,3312.4401181898343
b0776,,1,422,0.46292764329859126,0.0,0.46292764329859126,1,3312.4401181898365
b0049,,3,0,0.46292764329859126,0.46292764329831887,2.7239321909178216e-13,0,0.0
b4129,,2,0,0.46292764329859126,0.46292764329831576,2.755018435607326e-13,0,0.0
b0121,,2,0,0.46292764329859126,0.46292764329831027,2.809974475326271e-13,0,0.0
b3059,,7,422,0.46292764329859126,0.0,0.46292764329859126,1,3771.0393534291525
b0968,,7,0,0.46292764329859126,0.46292764329833286,2.584044089815052e-13,0,0.0
b0414,,2,422,0.46292764329859126,0.0,0.46292764329859126,1,3312.4401181898297
b0062,,1,4,0.46292764329859126,0.46292764329831926,2.7200464103316335e-13,0,2.3223500883703554e-05
b0153,,5,0,0.46292764329859126,0.46292764329859126,0.0,0,0.0
b0151,,5,0,0.46292764329859126,0.46292764329859126,0.0,0,0.0
b0152,,5,0,0.46292764329859126,0.46292764329859126,0.0,0,0.0
b2715,,1,0,0.46292764329859126,0.46292764329834507,2.4619195571062846e-13,0,0.0
b3722,,1,0,0.46292764329859126,0.46292764329834507,2.4619195571062846e-13,0,0.0
b1900,,1,0,0.46292764329859126,0.46292764329859126,0.0,0,0.0
b4460,,1,0,0.46292764329859126,0.46292764329859126,0.0,0,0.0
b1901,,1,0,0.46292764329859126,0.46292764329859126,0.0,0,0.0
b2841,,1,0,0.46292764329859126,0.4629276432983262,2.650657471292561e-13,0,0.0
b1528,,3,0,0.46292764329859126,0.4629276432983231,2.6817437159820656e-13,0,0.0
b4115,,1,0,0.46292764329859126,0.4629276432983184,2.728373083016322e-13,0,0.0
b4117,,1,0,0.46292764329859126,0.4629276432983212,2.7006175074006933e-13,0,0.0
b2938,,1,0,0.46292764329859126,0.46292764329859126,0.0,0,0.0
b1605,,1,4,0.46292764329859126,0.462927643298324,2.6728619317850644e-13,0,4.262809695368595e-08
b3960,,1,422,0.46292764329859126,0.0,0.46292764329859126,1,3312.440118189836
b3172,,1,422,0.46292764329859126,0.0,0.46292764329859126,1,3312.440118189835
b1876,,1,4,0.46292764329859126,0.46292764329831826,2.73003841755326e-13,0,2.3223500883703554e-05
b2310,,3,0,0.46292764329859126,0.46292764329859126,0.0,0,0.0
b0863,,1,0,0.46292764329859126,0.46292764329859126,0.0,0,0.0
b0860,,1,0,0.46292764329859126,0.46292764329859126,0.0,0,0.0
b2307,,4,0,0.46292764329859126,0.46292764329859126,0.0,0,0.0
b2308,,4,0,0.46292764329859126,0.46292764329859126,0.0,0,0.0
b0862,,1,0,0.46292764329859126,0.46292764329859126,0.0,0,0.0
b2306,,4,0,0.46292764329859126,0.46292764329859126,0.0,0,0.0
b0864,,1,0,0.46292764329859126,0.46292764329859126,0.0,0,0.0
b0861,,1,0,0.46292764329859126,0.46292764329859126,0.0,0,0.0
b2923,,2,4,0.46292764329859126,0.4629276432983193,2.719491298819321e-13,0,4.2628096955258956e-08
b3433,,1,422,0.46292764329859126,0.0,0.46292764329859126,1,3312.440118189835
b4192,,1,0,0.46292764329859126,0.46292764329830105,2.902122986370159e-13,0,0.0
b4194,,1,0,0.46292764329859126,0.46292764329824015,3.5110803153770576e-13,0,0.0
b4193,,1,0,0.46292764329859126,0.46292764329824015,3.5110803153770576e-13,0,0.0
b4195,,1,0,0.46292764329859126,0.46292764329824015,3.5110803153770576e-13,0,0.0
b1767,,1,4,0.46292764329859126,0.46292764329832536,2.65898414397725e-13,0,4.2628096956019095e-08
b0828,,1,4,0.46292764329859126,0.46292764329832536,2.65898414397725e-13,0,4.2628096956019095e-08
b2957,,2,0,0.46292764329859126,0.46292764329859126,0.0,0,0.0
b0674,,1,0,0.46292764329859126,0.46292764329859126,0.0,0,0.0
b3744,,1,47,0.46292764329859126,0.4629276432985826,8.659739592076221e-15,0,0.05960883104363863
b0930,,1,0,0.46292764329859126,0.46292764329831826,2.73003841755326e-13,0,0.0
b1453,,1,0,0.46292764329859126,0.4629276432981445,4.46753745109163e-13,0,0.0
b3502,,1,0,0.46292764329859126,0.46292764329832775,2.635114348947809e-13,0,0.0
b0131,,1,422,0.46292764329859126,0.0,0.46292764329859126,1,3312.440118189835
b4245,,1,422,0.46292764329859126,0.0,0.46292764329859126,1,3312.440118189835
b4244,,1,422,0.46292764329859126,0.0,0.46292764329859126,1,3312.440118189836
b0002,,2,422,0.46292764329859126,0.0,0.46292764329859126,1,3312.4401181898347
b4024,,1,422,0.46292764329859126,0.0,0.46292764329859126,1,3312.440118189836
b3940,,2,422,0.46292764329859126,0.0,0.46292764329859126,1,3312.4401181898347
b2574,,4,422,0.46292764329859126,0.0,0.46292764329859126,1,3312.440118189835
b4139,,1,0,0.46292764329859126,0.4629276432983139,2.7738922270259536e-13,0,0.0
b0928,,3,422,0.46292764329859126,0.0,0.46292764329859126,1,3312.440118189836
b1866,,1,0,0.46292764329859126,0.4629276432983261,2.6517676943171864e-13,0,0.0
b0654,,2,0,0.46292764329859126,0.46292764329859126,0.0,0,0.0
b0655,,2,0,0.46292764329859126,0.46292764329859126,0.0,0,0.0
b0652,,2,0,0.46292764329859126,0.46292764329859126,0.0,0,0.0
b0653,,2,0,0.46292764329859126,0.46292764329859126,0.0,0,0.0
b3528,,6,0,0.46292764329859126,0.46292764329828734,3.039235529911366e-13,0,0.0
b4123,,9,0,0.46292764329859126,0.46292764329831304,2.7822188997106423e-13,0,0.0
b4138,,7,0,0.46292764329859126,0.46292764329859126,0.0,0,0.0
b4077,,2,4,0.46292764329859126,0.4629276432983296,2.616795669041494e-13,0,4.26280969633204e-08
b3503,,1,0,0.46292764329859126,0.4629276432983149,2.763900219804327e-13,0,0.0
b1064,,7,0,0.46292764329859126,0.46292764329832065,2.706168622523819e-13,0,0.0
b1747,,1,4,0.46292764329859126,0.46292764329833536,2.559064071760986e-13,0,4.262809696100596e-08
b1539,,4,0,0.46292764329859126,0.46292764329832237,2.688960165642129e-13,0,0.0
b2019,,1,422,0.46292764329859126,0.0,0.46292764329859126,1,3312.4401181898365
b3738,,1,437,0.46292764329859126,0.4024773014906976,0.06045034180789366,0,6539.582136869343
b3733,,1,437,0.46292764329859126,0.40247730149071853,0.06045034180787273,0,6562.0755946887975
b3732,,1,437,0.46292764329859126,0.40247730149071853,0.06045034180787273,0,6562.0755946887975
b3739,,1,437,0.46292764329859126,0.40247730149071853,0.06045034180787273,0,6562.0755946887975
b3736,,1,437,0.46292764329859126,0.40247730149071853,0.06045034180787273,0,6562.0755946887975
b3737,,1,437,0.46292764329859126,0.40247730149071853,0.06045034180787273,0,6562.0755946887975
b3734,,1,437,0.46292764329859126,0.40247730149071853,0.06045034180787273,0,6562.0755946887975
b3735,,1,437,0.46292764329859126,0.40247730149071853,0.06045034180787273,0,6562.0755946887975
b3731,,1,437,0.46292764329859126,0.40247730149071853,0.06045034180787273,0,6562.0755946887975
b0312,,2,0,0.46292764329859126,0.46292764329859676,-5.495603971894525e-15,0,0.0
b0827,,4,422,0.46292764329859126,0.0,0.46292764329859126,1,3312.4401181898334
b3857,,5,422,0.46292764329859126,0.0,0.46292764329859126,1,3312.4401181898374
b3856,,5,422,0.46292764329859126,0.0,0.46292764329859126,1,3312.4401181898384
b4214,,1,422,0.46292764329859126,0.0,0.46292764329859126,1,3312.4401181898343
b3551,,3,0,0.46292764329859126,0.4629276432983163,2.7494673204842e-13,0,0.0
b0775,,1,422,0.46292764329859126,0.0,0.46292764329859126,1,3312.4401181898365
b0934,,5,4,0.46292764329859126,0.46292764329832353,2.677302823883565e-13,0,2.322350088370377e-05
b0367,,3,0,0.46292764329859126,0.462927643298329,2.6229018956769323e-13,0,0.0
b0933,,5,4,0.46292764329859126,0.46292764329833164,2.5962565430859286e-13,0,4.262809696803506e-08
b0936,,5,4,0.46292764329859126,0.46292764329833164,2.5962565430859286e-13,0,4.262809696803506e-08
b0365,,3,0,0.46292764329859126,0.462927643298329,2.6229018956769323e-13,0,0.0
b0366,,3,0,0.46292764329859126,0.462927643298329,2.6229018956769323e-13,0,0.0
b1216,,3,0,0.46292764329859126,0.4629276432983278,2.6345592374354965e-13,0,0.0
b4132,,1,0,0.46292764329859126,0.46292764329859126,0.0,0,0.0
b3942,,1,0,0.46292764329859126,0.46292764329859126,0.0,0,0.0
b1732,,1,0,0.46292764329859126,0.46292764329859126,0.0,0,0.0
b3196,,1,422,0.46292764329859126,0.0,0.46292764329859126,1,3312.4401181898365
b1270,,2,4,0.46292764329859126,0.46292764329831587,2.753908212582701e-13,0,2.3223500883703388e-05
b2874,,1,48,0.46292764329859126,0.46292764329831887,2.7239321909178216e-13,0,0.9379214571813684
b0521,,1,48,0.46292764329859126,0.46292764329831887,2.7239321909178216e-13,0,0.9379214571813684
b0323,,1,48,0.46292764329859126,0.46292764329831887,2.7239321909178216e-13,0,0.9379214571813684
b0033,,1,0,0.46292764329859126,0.46292764329859126,0.0,0,0.0
b0032,,1,0,0.46292764329859126,0.46292764329859126,0.0,0,0.0
b0444,,1,4,0.46292764329859126,0.4629276432983474,2.4386048735891563e-13,0,4.26280969756308e-08
b3469,,6,0,0.46292764329859126,0.46292764329859126,0.0,0,0.0
b3915,,7,4,0.46292764329859126,0.462927643298332,2.5923707624997405e-13,0,4.2628096968900905e-08
b0752,,5,4,0.46292764329859126,0.46292764329832303,2.682298827494378e-13,0,4.262809696624318e-08
b3040,,6,422,0.46292764329859126,0.0,0.46292764329859126,1,3312.4401181898356
b3918,,7,0,0.46292764329859126,0.4629276432983175,2.737809978725636e-13,0,0.0
b2794,,1,0,0.46292764329859126,0.4629276432983296,2.616795669041494e-13,0,0.0
b1208,,1,422,0.46292764329859126,0.0,0.46292764329859126,1,3312.440118189836
b1661,,4,4,0.46292764329859126,0.46292764329831787,2.733924198139448e-13,0,2.3223500883703486e-05
b2129,,2,0,0.46292764329859126,0.46292764329859126,0.0,0,0.0
b2128,,2,0,0.46292764329859126,0.46292764329859126,0.0,0,0.0
b2131,,2,0,0.46292764329859126,0.46292764329859126,0.0,0,0.0
b2130,,2,0,0.46292764329859126,0.46292764329859126,0.0,0,0.0
b1801,,3,0,0.46292764329859126,0.4629276432983325,2.5873747588889273e-13,0,0.0
b0314,,1,4,0.46292764329859126,0.46292764329833264,2.586264535864302e-13,0,4.262809696686654e-08
b0311,,1,4,0.46292764329859126,0.46292764329829234,2.989275493803234e-13,0,4.2628096936475326e-08
b2600,,2,422,0.46292764329859126,0.0,0.46292764329859126,1,3312.440118189835
b2599,,2,422,0.46292764329859126,0.0,0.46292764329859126,1,3312.440118189836
b2329,,1,422,0.46292764329859126,0.0,0.46292764329859126,1,3312.4401181898347
b4039,,1,422,0.46292764329859126,0.0,0.46292764329859126,1,3312.440118189836
b2542,,2,0,0.46292764329859126,0.4629276432983212,2.7006175074006933e-13,0,0.0
b2540,,2,0,0.46292764329859126,0.4629276432983345,2.5673907444456745e-13,0,0.0
b2538,,2,0,0.46292764329859126,0.4629276432983345,2.5673907444456745e-13,0,0.0
b2539,,2,0,0.46292764329859126,0.4629276432983345,2.5673907444456745e-13,0,0.0
b0617,,1,0,0.46292764329859126,0.4629276432983374,2.5385249458054204e-13,0,0.0
b0614,,1,0,0.46292764329859126,0.4629276432983374,2.5385249458054204e-13,0,0.0
b0616,,1,0,0.46292764329859126,0.4629276432983374,2.5385249458054204e-13,0,0.0
b0615,,1,0,0.46292764329859126,0.4629276432983374,2.5385249458054204e-13,0,0.0
b0612,,1,4,0.46292764329859126,0.46292764329834024,2.510214258677479e-13,0,4.2628096981347975e-08
b0789,,7,0,0.46292764329859126,0.46292764329832475,2.6650903706126883e-13,0,0.0
b1249,,7,0,0.46292764329859126,0.46292764329832475,2.6650903706126883e-13,0,0.0
b0155,,1,422,0.46292764329859126,0.0,0.46292764329859126,1,3312.440118189836
b1592,,1,422,0.46292764329859126,0.0,0.46292764329859126,1,3312.440118189836
b3035,,9,0,0.46292764329859126,0.4629276432983199,2.7133850721838826e-13,0,0.0
b2470,,7,0,0.46292764329859126,0.46292764329859126,0.0,0,0.0
b0463,,7,0,0.46292764329859126,0.46292764329859126,0.0,0,0.0
b0462,,7,0,0.46292764329859126,0.46292764329859126,0.0,0,0.0
b3816,,3,422,0.46292764329859126,0.0,0.46292764329859126,1,3312.440118189836
b2174,,1,0,0.46292764329859126,0.4629276432983199,2.7133850721838826e-13,0,0.0
b0914,,32,422,0.46292764329859126,0.0,0.46292764329859126,1,3312.440118189836
b1102,,1,4,0.46292764329859126,0.46292764329831554,2.7572388816565763e-13,0,2.3223500883703374e-05
b2765,,1,0,0.46292764329859126,0.4629276432983161,2.7516877665334505e-13,0,0.0
b0783,,1,422,0.46292764329859126,0.0,0.46292764329859126,1,3312.4401181898365
b0781,,1,422,0.46292764329859126,0.0,0.46292764329859126,1,3312.440118189837
b2436,,1,58,0.46292764329859126,0.46292764329831465,2.7661206658535775e-13,0,2.4638336256532374e-05
b3867,,1,0,0.46292764329859126,0.46292764329840047,1.9079182678183315e-13,0,0.0
b0038,,2,0,0.46292764329859126,0.46292764329832714,2.6412205755832474e-13,0,0.0
b0037,,3,0,0.46292764329859126,0.46292764329859126,0.0,0,0.0
b0036,,2,0,0.46292764329859126,0.4629276432979996,5.916378498227459e-13,0,0.0
b2679,,4,0,0.46292764329859126,0.46292764329859126,0.0,0,0.0
b2677,,4,0,0.46292764329859126,0.46292764329859126,0.0,0,0.0
b2678,,4,0,0.46292764329859126,0.46292764329859126,0.0,0,0.0
b4111,,5,0,0.46292764329859126,0.4629276432983282,2.6306734568493084e-13,0,0.0
b0040,,2,0,0.46292764329859126,0.46292764329831637,2.7489122089718876e-13,0,0.0
b0720,,1,423,0.46292764329859126,0.0,0.46292764329859126,1,3390.3099018744106
b0337,,1,8,0.46292764329859126,0.4629276432983449,2.4635848916432224e-13,0,2.3266128980725318e-05
b0336,,1,0,0.46292764329859126,0.4629276432983335,2.577382751667301e-13,0,0.0
b3846,,19,129,0.46292764329859126,0.4629276432983318,2.594591208548991e-13,0,10.634737771158587
b2780,,1,422,0.46292764329859126,0.0,0.46292764329859126,1,3312.440118189835
b0123,,2,4,0.46292764329859126,0.46292764329832486,2.663980147588063e-13,0,2.3223500883703838e-05
b0484,,1,0,0.46292764329859126,0.46292764329859126,0.0,0,0.0
b3425,,1,4,0.46292764329859126,0.46292764329832636,2.6489921367556235e-13,0,4.262809696381124e-08
b1308,,1,0,0.46292764329859126,0.46292764329859126,0.0,0,0.0
b0340,,1,0,0.46292764329859126,0.462927643298597,-5.717648576819556e-15,0,0.0
b0341,,1,0,0.46292764329859126,0.4629276432983182,2.7305935290655725e-13,0,0.0
b1919,,1,4,0.46292764329859126,0.46292764329797786,6.13398221105399e-13,0,4.262809667623185e-08
b3008,,2,422,0.46292764329859126,0.0,0.46292764329859126,1,3312.440118189835
b3708,,3,55,0.46292764329859126,0.4629276432983122,2.790545572395331e-13,0,0.012324013622550567
b2414,,1,422,0.46292764329859126,0.0,0.46292764329859126,1,3312.4401181898343
b2421,,1,422,0.46292764329859126,0.0,0.46292764329859126,1,3312.4401181898347
b2810,,1,0,0.46292764329859126,0.46292764329832414,2.6711965972481266e-13,0,0.0
b1622,,1,422,0.46292764329859126,0.0,0.46292764329859126,1,3312.440118189835
b0526,,1,4,0.46292764329859126,0.46292764329832814,2.631228568361621e-13,0,2.3223500883704004e-05
b0886,,2,4,0.46292764329859126,0.4629276432983169,2.743361093848762e-13,0,4.262809694472228e-08
b0887,,2,4,0.46292764329859126,0.4629276432983169,2.743361093848762e-13,0,4.262809694472228e-08
b0978,,2,0,0.46292764329859126,0.46292764329834285,2.484124017598788e-13,0,0.0
b0979,,2,0,0.46292764329859126,0.46292764329834285,2.484124017598788e-13,0,0.0
b0734,,1,0,0.46292764329859126,0.46292764329859126,0.0,0,0.0
b0733,,1,0,0.46292764329859126,0.46292764329859126,0.0,0,0.0
b0432,,1,59,0.46292764329859126,0.46292764329832564,2.656208586415687e-13,0,1445.3410315348717
b0430,,1,59,0.46292764329859126,0.46292764329832564,2.656208586415687e-13,0,1445.3410315348717
b0429,,1,59,0.46292764329859126,0.46292764329832564,2.656208586415687e-13,0,1445.3410315348717
b0431,,1,59,0.46292764329859126,0.46292764329832564,2.656208586415687e-13,0,1445.3410315348717
b2143,,2,0,0.46292764329859126,0.4629276432983112,2.8005375796169574e-13,0,0.0
b0651,,2,4,0.46292764329859126,0.4629276432983276,2.636779683484747e-13,0,4.262809697520664e-08
b2162,,2,4,0.46292764329859126,0.4629276432983276,2.636779683484747e-13,0,4.262809697520664e-08
b2066,,2,0,0.46292764329859126,0.46292764329859126,0.0,0,0.0
b0910,,3,422,0.46292764329859126,0.0,0.46292764329859126,1,3312.440118189836
b2975,,3,0,0.46292764329859126,0.4629276432983258,2.6545432518787493e-13,0,0.0
b3603,,3,0,0.46292764329859126,0.4629276432983115,2.7977620220553945e-13,0,0.0
b1189,,1,0,0.46292764329859126,0.46292764329859126,0.0,0,0.0
b4042,,7,0,0.46292764329859126,0.46292764329859126,0.0,0,0.0
b2871,,1,0,0.46292764329859126,0.4629276432992792,-6.879496972089783e-13,0,0.0
b2838,,1,422,0.46292764329859126,0.0,0.46292764329859126,1,3312.440118189836
b3809,,1,422,0.46292764329859126,0.0,0.46292764329859126,1,3312.440118189837
b0175,,7,422,0.46292764329859126,0.0,0.46292764329859126,1,3312.440118189835
b3041,,1,422,0.46292764329859126,0.0,0.46292764329859126,1,3312.440118189834
b0778,,1,422,0.46292764329859126,0.0,0.46292764329859126,1,3312.440118189835
b1734,,1,4,0.46292764329859126,0.462927643298326,2.6528779173418116e-13,0,2.3223500883703892e-05
b2065,,1,0,0.46292764329859126,0.46292764329859126,0.0,0,0.0
b2344,,7,0,0.46292764329859126,0.46292764329832214,2.6911806116913795e-13,0,0.0
b3693,,1,0,0.46292764329859126,0.46292764329832986,2.614020111479931e-13,0,0.0
b3909,,2,0,0.46292764329859126,0.4629276432975717,1.0195733146645125e-12,0,0.0
b3526,,1,0,0.46292764329859126,0.46292764329833375,2.5751623056180506e-13,0,0.0
b1704,,1,422,0.46292764329859126,0.0,0.46292764329859126,1,3312.4401181898384
b2601,,1,422,0.46292764329859126,0.0,0.46292764329859126,1,3312.440118189842
b0754,,1,422,0.46292764329859126,0.0,0.46292764329859126,1,3312.4401181898343
b4477,,1,4,0.46292764329859126,0.4629276432983133,2.7794433421490794e-13,0,2.322350088370326e-05
b3648,,2,422,0.46292764329859126,0.0,0.46292764329859126,1,3312.4401181898343
b1393,,1,4,0.46292764329859126,0.4629276432983119,2.7938762414692064e-13,0,2.3223500883703188e-05
b3771,,2,422,0.46292764329859126,0.0,0.46292764329859126,1,3312.440118189835
b1198,,1,57,0.46292764329859126,0.46292764329833064,2.606248550307555e-13,0,1.5299855424093842
b1199,,1,57,0.46292764329859126,0.4629276432971943,1.3969381207346032e-12,0,1.5299855423922184
b1200,,1,57,0.46292764329859126,0.4629276432971943,1.3969381207346032e-12,0,1.5299855423922184
b0596,,1,0,0.46292764329859126,0.4629276432983342,2.57072141351955e-13,0,0.0
b0594,,1,0,0.46292764329859126,0.46292764329859126,0.0,0,0.0
b2541,,2,0,0.46292764329859126,0.462927643298331,2.602362769721367e-13,0,0.0
b0348,,2,0,0.46292764329859126,0.4629276432980281,5.631606292411107e-13,0,0.0
b0031,,1,422,0.46292764329859126,0.0,0.46292764329859126,1,3312.440118189835
b2478,,1,422,0.46292764329859126,0.0,0.46292764329859126,1,3312.440118189837
b0048,,1,422,0.46292764329859126,0.0,0.46292764329859126,1,3312.440118189836
b1606,,2,422,0.46292764329859126,0.0,0.46292764329859126,1,3312.440118189837
b2315,,1,422,0.46292764329859126,0.0,0.46292764329859126,1,3312.4401181898393
b3930,,1,4,0.46292764329859126,0.46292764329833314,2.581268532253489e-13,0,2.322350088370425e-05
b2262,,1,0,0.46292764329859126,0.4629276432982353,3.559375016948252e-13,0,0.0
b0736,,1,0,0.46292764329859126,0.46292764329833436,2.569056078982612e-13,0,0.0
b3058,,2,422,0.46292764329859126,0.0,0.46292764329859126,1,3312.4401181898347
b0945,,2,11,0.46292764329859126,0.4629276432983211,2.7017277304253184e-13,0,0.07037346960136566
b1062,,1,422,0.46292764329859126,0.0,0.46292764329859126,1,3312.4401181898356
b3177,,1,422,0.46292764329859126,0.0,0.46292764329859126,1,3312.440118189837
b0578,,2,0,0.46292764329859126,0.4629276432983293,2.619571226603057e-13,0,0.0
b2303,,1,0,0.46292764329859126,0.4629276432983845,2.067790383364354e-13,0,0.0
b3389,,1,422,0.46292764329859126,0.0,0.46292764329859126,1,3312.440118189838
b1693,,1,422,0.46292764329859126,0.0,0.46292764329859126,1,3312.440118189836
b0421,,2,422,0.46292764329859126,0.0,0.46292764329859126,1,3312.440118189836
b0029,,2,422,0.46292764329859126,0.0,0.46292764329859126,1,3312.4401181898374
b2232,,2,4,0.46292764329859126,0.4629276432983212,2.7006175074006933e-13,0,2.322350088370366e-05
b1588,,3,0,0.46292764329859126,0.46292764329859126,0.0,0,0.0
b0895,,4,0,0.46292764329859126,0.4629276432983278,2.6345592374354965e-13,0,0.0
b1587,,3,0,0.46292764329859126,0.46292764329859126,0.0,0,0.0
b0894,,4,0,0.46292764329859126,0.4629276432983278,2.6345592374354965e-13,0,0.0
b1590,,3,0,0.46292764329859126,0.46292764329859126,0.0,0,0.0
b0896,,4,0,0.46292764329859126,0.4629276432983278,2.6345592374354965e-13,0,0.0
b1589,,3,0,0.46292764329859126,0.46292764329859126,0.0,0,0.0
b1872,,4,0,0.46292764329859126,0.46292764329859126,0.0,0,0.0
b1873,,4,0,0.46292764329859126,0.46292764329859126,0.0,0,0.0
b0099,,3,422,0.46292764329859126,0.0,0.46292764329859126,1,3312.440118189833
b1865,,2,422,0.46292764329859126,0.0,0.46292764329859126,1,3312.440118189837
b3575,,1,4,0.46292764329859126,0.4629276432983196,2.716715741257758e-13,0,2.322350088370357e-05
b0103,,1,422,0.46292764329859126,0.0,0.46292764329859126,1,3312.4401181898343
b3774,,3,422,0.46292764329859126,0.0,0.46292764329859126,1,3312.44011818984
b0425,,1,422,0.46292764329859126,0.0,0.46292764329859126,1,3312.4401181898534
b4381,,1,0,0.46292764329859126,0.4629276432983224,2.6884050541298166e-13,0,0.0
b1185,,2,0,0.46292764329859126,0.46292764329831204,2.7922109069322687e-13,0,0.0
b3860,,2,0,0.46292764329859126,0.46292764329831204,2.7922109069322687e-13,0,0.0
b2893,,2,0,0.46292764329859126,0.4629276432982923,2.9898306053155466e-13,0,0.0
b2582,,10,9,0.46292764329859126,0.46292764329832414,2.6711965972481266e-13,0,0.0658341840968917
b4136,,3,0,0.46292764329859126,0.46292764329832453,2.6673108166619386e-13,0,0.0
b3781,,10,9,0.46292764329859126,0.46292764329832414,2.6711965972481266e-13,0,0.0658341840968917
b0604,,2,4,0.46292764329859126,0.4629276432983179,2.7333690866271354e-13,0,4.262809695621265e-08
b4122,,2,76,0.46292764329859126,0.46292764329832214,2.6911806116913795e-13,0,169.90526499307364
b1098,,1,422,0.46292764329859126,0.0,0.46292764329859126,1,3312.440118189836
b2146,,1,4,0.46292764329859126,0.46292764329831576,2.755018435607326e-13,0,2.3223500883703384e-05
b2147,,1,0,0.46292764329859126,0.4629276432983354,2.558508960248673e-13,0,0.0
b1238,,2,0,0.46292764329859126,0.4629276432979968,5.944689185355401e-13,0,0.0
b4384,,7,7,0.46292764329859126,0.46292764329832625,2.6501023597802487e-13,0,6.794451417882869e-07
b4382,,2,0,0.46292764329859126,0.46292764329831365,2.776112673075204e-13,0,0.0
b2251,,3,61,0.46292764329859126,0.4629276432983238,2.674527266322002e-13,0,0.0027564838341890873
b3640,,1,61,0.46292764329859126,0.4629276432983238,2.674527266322002e-13,0,0.0027564838341890873
b0173,,1,422,0.46292764329859126,0.0,0.46292764329859126,1,3312.4401181898384
b0420,,1,422,0.46292764329859126,0.0,0.46292764329859126,1,3312.4401181898315
b3564,,2,0,0.46292764329859126,0.46292764329832686,2.6439961331448103e-13,0,0.0
b1779,,2,429,0.46292764329859126,0.0,0.46292764329859126,1,3268.3037718755745
b2927,,1,422,0.46292764329859126,0.0,0.46292764329859126,1,3312.440118189836
b1288,,26,422,0.46292764329859126,0.0,0.46292764329859126,1,3312.440118189837
b3622,,2,4,0.46292764329859126,0.4629276432983272,2.640665464070935e-13,0,2.3223500883703957e-05
b3793,,3,0,0.46292764329859126,0.4629276432983134,2.778888230636767e-13,0,0.0
b3785,,3,0,0.46292764329859126,0.4629276432983134,2.778888230636767e-13,0,0.0
b3792,,1,0,0.46292764329859126,0.46292764329832004,2.7122748491592574e-13,0,0.0
b2341,,16,126,0.46292764329859126,0.462927643298336,2.552402733613235e-13,0,10.634757871875596
b1850,,2,0,0.46292764329859126,0.46292764329832237,2.688960165642129e-13,0,0.0
b1851,,1,0,0.46292764329859126,0.4629276432983419,2.4935609133081016e-13,0,0.0
b1054,,1,0,0.46292764329859126,0.4629276432983378,2.5346391652192324e-13,0,0.0
b1855,,2,4,0.46292764329859126,0.46292764329832414,2.6711965972481266e-13,0,4.262809696045645e-08
b2378,,1,0,0.46292764329859126,0.4629276432983298,2.6145752229922437e-13,0,0.0
b2779,,1,77,0.46292764329859126,0.4629276432983292,2.620681449627682e-13,0,554.6201561301694
b0583,,1,4,0.46292764329859126,0.46292764329831604,2.752242878045763e-13,0,4.2628096976877977e-08
b0585,,2,0,0.46292764329859126,0.4629276432983029,2.883804306463844e-13,0,0.0
b2441,,1,0,0.46292764329859126,0.46292764329832664,2.6462165791940606e-13,0,0.0
b2440,,1,0,0.46292764329859126,0.46292764329832664,2.6462165791940606e-13,0,0.0
b3946,,1,60,0.46292764329859126,0.4629276432983253,2.6595392554895625e-13,0,1.5299854707408362
b0825,,1,60,0.46292764329859126,0.4629276432983253,2.6595392554895625e-13,0,1.5299854707408362
b0822,,5,4,0.46292764329859126,0.46292764329830915,2.821076705572523e-13,0,4.2628096947239175e-08
b3666,,4,0,0.46292764329859126,0.4629276432980618,5.294653604437372e-13,0,0.0
b0404,,7,0,0.46292764329859126,0.46292764329832486,2.663980147588063e-13,0,0.0
b0452,,10,126,0.46292764329859126,0.46292764329833197,2.592925874012053e-13,0,10.634757871875067
b1805,,10,0,0.46292764329859126,0.4629276432983103,2.8094193638139586e-13,0,0.0
b1701,,10,0,0.46292764329859126,0.4629276432983103,2.8094193638139586e-13,0,0.0
b3844,,6,46,0.46292764329859126,0.46292764329833075,2.60513832728293e-13,0,4.695721556513295
b2764,,4,422,0.46292764329859126,0.0,0.46292764329859126,1,3312.4401181898347
b2763,,4,422,0.46292764329859126,0.0,0.46292764329859126,1,3312.440118189835
b2925,,2,55,0.46292764329859126,0.462927643298319,2.7228219678931964e-13,0,74.97892754626658
b1773,,1,48,0.46292764329859126,0.46292764329795627,6.349920589343583e-13,0,41.19593136475763
b2097,,1,48,0.46292764329859126,0.46292764329795627,6.349920589343583e-13,0,41.19593136475763
b3925,,1,0,0.46292764329859126,0.46292764329859126,0.0,0,0.0
b2930,,1,0,0.46292764329859126,0.46292764329859126,0.0,0,0.0
b4232,,1,0,0.46292764329859126,0.46292764329859126,0.0,0,0.0
b2802,,1,0,0.46292764329859126,0.4629276432987419,-1.5065726444163374e-13,0,0.0
b2803,,1,0,0.46292764329859126,0.46292764329859565,-4.385380947269368e-15,0,0.0
b2738,,1,0,0.46292764329859126,0.46292764329833325,2.580158309228864e-13,0,0.0
b2800,,1,0,0.46292764329859126,0.46292764329833325,2.580158309228864e-13,0,0.0
b0475,,1,422,0.46292764329859126,0.0,0.46292764329859126,1,3312.440118189836
b1476,,2,4,0.46292764329859126,0.46292764329832775,2.635114348947809e-13,0,2.322350088370398e-05
b1474,,2,0,0.46292764329859126,0.462927643298354,2.3725466036239595e-13,0,0.0
b1475,,2,0,0.46292764329859126,0.462927643298354,2.3725466036239595e-13,0,0.0
b3892,,2,0,0.46292764329859126,0.462927643298354,2.3725466036239595e-13,0,0.0
b3893,,2,0,0.46292764329859126,0.462927643298354,2.3725466036239595e-13,0,0.0
b3894,,2,0,0.46292764329859126,0.462927643298354,2.3725466036239595e-13,0,0.0
b0935,,5,0,0.46292764329859126,0.4629276432987846,-1.93345339738471e-13,0,0.0
b3409,,1,0,0.46292764329859126,0.46292764329859126,0.0,0,0.0
b2392,,2,0,0.46292764329859126,0.46292764329859126,0.0,0,0.0
b4290,,1,0,0.46292764329859126,0.46292764329833136,2.5990321006474915e-13,0,0.0
b4288,,1,0,0.46292764329859126,0.46292764329833136,2.5990321006474915e-13,0,0.0
b4287,,1,0,0.46292764329859126,0.46292764329833136,2.5990321006474915e-13,0,0.0
b4289,,1,0,0.46292764329859126,0.46292764329833136,2.5990321006474915e-13,0,0.0
b4291,,1,0,0.46292764329859126,0.46292764329833136,2.5990321006474915e-13,0,0.0
b0589,,2,4,0.46292764329859126,0.4629276432983264,2.648437025243311e-13,0,4.2628096973010206e-08
b0588,,2,4,0.46292764329859126,0.4629276432983264,2.648437025243311e-13,0,4.2628096973010206e-08
b0592,,2,4,0.46292764329859126,0.4629276432983264,2.648437025243311e-13,0,4.2628096973010206e-08
b0590,,2,4,0.46292764329859126,0.4629276432983264,2.648437025243311e-13,0,4.2628096973010206e-08
b2155,,1,0,0.46292764329859126,0.4629276432983245,2.667865928174251e-13,0,0.0
b0805,,1,0,0.46292764329859126,0.4629276432983245,2.667865928174251e-13,0,0.0
b0150,,3,0,0.46292764329859126,0.46292764329832725,2.6401103525586223e-13,0,0.0
b0584,,1,0,0.46292764329859126,0.46292764329834124,2.5002222514558525e-13,0,0.0
b0591,,1,4,0.46292764329859126,0.4629276432983139,2.7738922270259536e-13,0,4.262809695532913e-08
b4367,,3,0,0.46292764329859126,0.4629276432983294,2.6184610035784317e-13,0,0.0
b4209,,1,50,0.46292764329859126,0.4629276432983754,2.158828671383617e-13,0,7.677295696086514e-05
b2486,,1,0,0.46292764329859126,0.46292764329859126,0.0,0,0.0
b4079,,1,0,0.46292764329859126,0.46292764329859126,0.0,0,0.0
b2722,,2,0,0.46292764329859126,0.46292764329859354,-2.275957200481571e-15,0,0.0
b2483,,1,0,0.46292764329859126,0.46292764329859126,0.0,0,0.0
b2719,,2,0,0.46292764329859126,0.46292764329859354,-2.275957200481571e-15,0,0.0
b2723,,2,0,0.46292764329859126,0.46292764329859354,-2.275957200481571e-15,0,0.0
b2721,,2,0,0.46292764329859126,0.46292764329859354,-2.275957200481571e-15,0,0.0
b2481,,1,0,0.46292764329859126,0.46292764329859126,0.0,0,0.0
b2485,,1,0,0.46292764329859126,0.46292764329859126,0.0,0,0.0
b2484,,1,0,0.46292764329859126,0.46292764329859126,0.0,0,0.0
b2724,,2,0,0.46292764329859126,0.46292764329859354,-2.275957200481571e-15,0,0.0
b2482,,1,0,0.46292764329859126,0.46292764329859126,0.0,0,0.0
b2489,,1,0,0.46292764329859126,0.46292764329859126,0.0,0,0.0
b2720,,2,0,0.46292764329859126,0.46292764329859354,-2.275957200481571e-15,0,0.0
b2488,,1,0,0.46292764329859126,0.46292764329859126,0.0,0,0.0
b2490,,1,0,0.46292764329859126,0.46292764329859126,0.0,0,0.0
b2487,,1,0,0.46292764329859126,0.46292764329859126,0.0,0,0.0
b3924,,5,61,0.46292764329859126,0.46292764329831204,2.7922109069322687e-13,0,0.014973043926139457
b0684,,7,422,0.46292764329859126,0.0,0.46292764329859126,1,3312.4401181898347
b2895,,7,422,0.46292764329859126,0.0,0.46292764329859126,1,3312.440118189832
b3288,,1,4,0.46292764329859126,0.462927643298329,2.6229018956769323e-13,0,2.3223500883704045e-05
b0025,,2,422,0.46292764329859126,0.0,0.46292764329859126,1,3312.4401181898347
b0937,,2,4,0.46292764329859126,0.4629276432983261,2.6517676943171864e-13,0,2.3223500883703903e-05
b2912,,1,0,0.46292764329859126,0.46292764329859126,0.0,0,0.0
b2374,,1,0,0.46292764329859126,0.4629276432983392,2.520761377411418e-13,0,0.0
b2492,,2,0,0.46292764329859126,0.4629276432983273,2.6395552410463097e-13,0,0.0
b0904,,2,0,0.46292764329859126,0.4629276432983273,2.6395552410463097e-13,0,0.0
b4154,,2,0,0.46292764329859126,0.4629276432983201,2.711719737646945e-13,0,0.0
b4152,,2,0,0.46292764329859126,0.4629276432983201,2.711719737646945e-13,0,0.0
b4153,,2,0,0.46292764329859126,0.4629276432983201,2.711719737646945e-13,0,0.0
b4151,,2,0,0.46292764329859126,0.4629276432983201,2.711719737646945e-13,0,0.0
b2168,,1,0,0.46292764329859126,0.46292764329795405,6.372125049836086e-13,0,0.0
b3371,,1,4,0.46292764329859126,0.4629276432983144,2.7688962234151404e-13,0,4.262809695478567e-08
b4474,,1,0,0.46292764329859126,0.4629276432983325,2.5873747588889273e-13,0,0.0
b3374,,1,0,0.46292764329859126,0.4629276432983062,2.8504976157250894e-13,0,0.0
b3370,,2,0,0.46292764329859126,0.46292764329782493,7.663314427475143e-13,0,0.0
b4321,,2,0,0.46292764329859126,0.4629276432983452,2.4608093340816595e-13,0,0.0
b2169,,1,0,0.46292764329859126,0.46292764329830216,2.8910207561239076e-13,0,0.0
b2167,,1,0,0.46292764329859126,0.46292764329830216,2.8910207561239076e-13,0,0.0
b1232,,1,0,0.46292764329859126,0.46292764329832414,2.6711965972481266e-13,0,0.0
b2801,,1,0,0.46292764329859126,0.46292764329859604,-4.773959005888173e-15,0,0.0
b1611,,1,76,0.46292764329859126,0.4629276432983434,2.478572902475662e-13,0,169.90526499307558
b1612,,1,76,0.46292764329859126,0.4629276432983434,2.478572902475662e-13,0,169.90526499307558
b0621,,4,0,0.46292764329859126,0.46292764329859126,0.0,0,0.0
b3730,,2,422,0.46292764329859126,0.0,0.46292764329859126,1,3312.440118189836
b1002,,2,0,0.46292764329859126,0.46292764329831815,2.731148640577885e-13,0,0.0
b3789,,1,4,0.46292764329859126,0.46292764329832986,2.614020111479931e-13,0,4.2628096965029316e-08
b2039,,1,4,0.46292764329859126,0.46292764329832986,2.614020111479931e-13,0,4.2628096965029316e-08
b0154,,1,422,0.46292764329859126,0.0,0.46292764329859126,1,3312.440118189836
b2533,,2,4,0.46292764329859126,0.462927643298324,2.6728619317850644e-13,0,2.3223500883703794e-05
b4055,,17,0,0.46292764329859126,0.4629276432983223,2.6895152771544417e-13,0,0.0
b4041,,7,10,0.46292764329859126,0.4629276432983323,2.5895952049381776e-13,0,0.006255114600664279
b3451,,7,0,0.46292764329859126,0.46292764329882596,-2.347011474057581e-13,0,0.0
b3452,,7,0,0.46292764329859126,0.46292764329882596,-2.347011474057581e-13,0,0.0
b3453,,7,0,0.46292764329859126,0.46292764329882596,-2.347011474057581e-13,0,0.0
b3450,,7,0,0.46292764329859126,0.46292764329882596,-2.347011474057581e-13,0,0.0
b3608,,1,422,0.46292764329859126,0.0,0.46292764329859126,1,3312.440118189832
b2242,,3,0,0.46292764329859126,0.4629276432983184,2.728373083016322e-13,0,0.0
b2241,,3,0,0.46292764329859126,0.4629276432983536,2.3764323842101476e-13,0,0.0
b2243,,3,0,0.46292764329859126,0.4629276432983536,2.3764323842101476e-13,0,0.0
b3426,,1,0,0.46292764329859126,0.4629276432983536,2.3764323842101476e-13,0,0.0
b0243,,1,55,0.46292764329859126,0.46292764329832276,2.685074385055941e-13,0,0.1599244377648554
b0678,,1,0,0.46292764329859126,0.4629276432983334,2.578492974691926e-13,0,0.0
b1852,,1,51,0.46292764329859126,0.4629276432983356,2.5568436257117355e-13,0,31.9060149027532
b3128,,1,0,0.46292764329859126,0.4629276432983275,2.637889906509372e-13,0,0.0
b4358,,1,0,0.46292764329859126,0.4629276432985967,-5.440092820663267e-15,0,0.0
b4478,,1,0,0.46292764329859126,0.46292764329837444,2.1682655670929307e-13,0,0.0
b4356,,1,0,0.46292764329859126,0.4629276432985902,1.0547118733938987e-15,0,0.0
b3691,,1,0,0.46292764329859126,0.4629276432982703,3.2096547641913276e-13,0,0.0
b3127,,3,0,0.46292764329859126,0.4629276432973331,1.2581602426564586e-12,0,0.0
b2789,,3,0,0.46292764329859126,0.4629276432973331,1.2581602426564586e-12,0,0.0
b0757,,1,0,0.46292764329859126,0.46292764329832214,2.6911806116913795e-13,0,0.0
b2045,,1,0,0.46292764329859126,0.46292764329832214,2.6911806116913795e-13,0,0.0
b0756,,1,0,0.46292764329859126,0.46292764329859215,-8.881784197001252e-16,0,0.0
b4119,,1,0,0.46292764329859126,0.4629276432983257,2.6556534749033744e-13,0,0.0
b3628,,1,0,0.46292764329859126,0.46292764329832936,2.6190161150907443e-13,0,0.0
b2093,,1,4,0.46292764329859126,0.4629276432983645,2.2676305277968822e-13,0,4.262809701281698e-08
b2092,,1,4,0.46292764329859126,0.4629276432983645,2.2676305277968822e-13,0,4.262809701281698e-08
b2094,,1,4,0.46292764329859126,0.4629276432983645,2.2676305277968822e-13,0,4.262809701281698e-08
b3093,,2,0,0.46292764329859126,0.4629276432985935,-2.220446049250313e-15,0,0.0
b1236,,1,0,0.46292764329859126,0.4629276432983271,2.64177568709556e-13,0,0.0
b4230,,2,0,0.46292764329859126,0.4629276432979188,6.724620860154573e-13,0,0.0
b2148,,2,0,0.46292764329859126,0.46292764329859126,0.0,0,0.0
b2149,,2,0,0.46292764329859126,0.46292764329859126,0.0,0,0.0
b2150,,2,0,0.46292764329859126,0.46292764329859126,0.0,0,0.0
b4231,,2,0,0.46292764329859126,0.4629276432979188,6.724620860154573e-13,0,0.0
b4485,,2,0,0.46292764329859126,0.4629276432979188,6.724620860154573e-13,0,0.0
b4227,,2,0,0.46292764329859126,0.4629276432979188,6.724620860154573e-13,0,0.0
b2943,,2,0,0.46292764329859126,0.46292764329832325,2.680078381445128e-13,0,0.0
b2500,,1,59,0.46292764329859126,0.4629276432983154,2.7583491046812014e-13,0,0.1874980925070817
b1415,,2,422,0.46292764329859126,0.0,0.46292764329859126,1,3312.4401181898347
b2052,,2,0,0.46292764329859126,0.4629276432983215,2.6978419498391304e-13,0,0.0
b2784,,2,0,0.46292764329859126,0.46292764329859126,0.0,0,0.0
b3650,,3,0,0.46292764329859126,0.46292764329846314,1.2811973704174306e-13,0,0.0
b2051,,1,0,0.46292764329859126,0.46292764329859126,0.0,0,0.0
b2467,,1,0,0.46292764329859126,0.46292764329859126,0.0,0,0.0
b3729,,1,422,0.46292764329859126,0.0,0.46292764329859126,1,3312.4401181898365
b1298,,1,4,0.46292764329859126,0.4629276432983252,2.6606494785141876e-13,0,2.3223500883703815e-05
b1301,,1,0,0.46292764329859126,0.46292764329859126,0.0,0,0.0
b1297,,2,422,0.46292764329859126,0.0,0.46292764329859126,1,3312.440118189837
b3882,,1,0,0.46292764329859126,0.46292764329831854,2.727262859991697e-13,0,0.0
b3432,,1,4,0.46292764329859126,0.4629276432983119,2.7938762414692064e-13,0,4.262809694079733e-08
b0459,,2,0,0.46292764329859126,0.4629276432977901,8.01136934569513e-13,0,0.0
b0124,,1,0,0.46292764329859126,0.4629276432983319,2.5934809855243657e-13,0,0.0
b0837,,1,0,0.46292764329859126,0.4629276432983319,2.5934809855243657e-13,0,0.0
b4476,,1,0,0.46292764329859126,0.4629276432983452,2.4608093340816595e-13,0,0.0
b3415,,1,0,0.46292764329859126,0.4629276432983452,2.4608093340816595e-13,0,0.0
b3417,,5,4,0.46292764329859126,0.46292764329832453,2.6673108166619386e-13,0,4.262809696412796e-08
b3428,,2,4,0.46292764329859126,0.46292764329834324,2.4802382370125997e-13,0,4.2628096972021943e-08
b3126,,1,0,0.46292764329859126,0.4629276432983032,2.8804736373899686e-13,0,0.0
b2787,,1,0,0.46292764329859126,0.46292764329833325,2.580158309228864e-13,0,0.0
b2788,,1,0,0.46292764329859126,0.46292764329833325,2.580158309228864e-13,0,0.0
b3429,,1,0,0.46292764329859126,0.46292764329838554,2.057243264630415e-13,0,0.0
b3631,,1,0,0.46292764329859126,0.462927643298356,2.3525625891807067e-13,0,0.0
b3627,,1,0,0.46292764329859126,0.4629276432983434,2.478572902475662e-13,0,0.0
b3626,,1,0,0.46292764329859126,0.46292764329830555,2.8571589538728404e-13,0,0.0
b1621,,2,62,0.46292764329859126,0.4629276432983063,2.8493873927004643e-13,0,120.62288668590782
b3431,,1,0,0.46292764329859126,0.46292764329831965,2.7161606297454455e-13,0,0.0
b3430,,1,0,0.46292764329859126,0.46292764329859126,0.0,0,0.0
b3870,,1,422,0.46292764329859126,0.0,0.46292764329859126,1,3312.440118189837
b0680,,1,0,0.46292764329859126,0.46292764329831854,2.727262859991697e-13,0,0.0
b0809,,1,0,0.46292764329859126,0.46292764329859126,0.0,0,0.0
b0810,,1,0,0.46292764329859126,0.46292764329859126,0.0,0,0.0
b0811,,1,0,0.46292764329859126,0.46292764329859126,0.0,0,0.0
b2091,,1,4,0.46292764329859126,0.4629276432983384,2.528532938583794e-13,0,4.262809697111775e-08
b0242,,1,58,0.46292764329859126,0.462927643298336,2.552402733613235e-13,0,0.15991497272641642
b1492,,1,0,0.46292764329859126,0.46292764329833963,2.5163204853129173e-13,0,0.0
b2688,,1,0,0.46292764329859126,0.46292764329859126,0.0,0,0.0
b1493,,1,0,0.46292764329859126,0.4629276432983108,2.8044233602031454e-13,0,0.0
b3517,,1,0,0.46292764329859126,0.4629276432983108,2.8044233602031454e-13,0,0.0
b1761,,1,60,0.46292764329859126,0.4629276432983245,2.667865928174251e-13,0,74.57679163055487
b1524,,1,0,0.46292764329859126,0.4629276432983131,2.7816637881983297e-13,0,0.0
b0485,,1,0,0.46292764329859126,0.4629276432983131,2.7816637881983297e-13,0,0.0
b2312,,1,422,0.46292764329859126,0.0,0.46292764329859126,1,3312.4401181898347
b3967,,1,422,0.46292764329859126,0.0,0.46292764329859126,1,3312.4401181898384
b3213,,1,0,0.46292764329859126,0.4629276432983264,2.648437025243311e-13,0,0.0
b3212,,1,4,0.46292764329859126,0.46292764329836417,2.2709611968707577e-13,0,4.2628096994553715e-08
b1210,,1,422,0.46292764329859126,0.0,0.46292764329859126,1,3312.4401181898343
b2400,,1,422,0.46292764329859126,0.0,0.46292764329859126,1,3312.4401181898334
b3653,,1,0,0.46292764329859126,0.4629276432983209,2.703393064962256e-13,0,0.0
b0507,,1,0,0.46292764329859126,0.46292764329859126,0.0,0,0.0
b3927,,3,0,0.46292764329859126,0.462927643298274,3.172462292866385e-13,0,0.0
b3617,,1,0,0.46292764329859126,0.4629276432983404,2.508548924140541e-13,0,0.0
b2240,,1,4,0.46292764329859126,0.46292764329832475,2.6650903706126883e-13,0,4.262809695973799e-08
b0514,,1,0,0.46292764329859126,0.46292764329859126,0.0,0,0.0
b3124,,1,0,0.46292764329859126,0.46292764329859126,0.0,0,0.0
b2904,,1,55,0.46292764329859126,0.4629276432992874,-6.961098364399732e-13,0,0.028557414629616824
b2903,,1,55,0.46292764329859126,0.4629276432992874,-6.961098364399732e-13,0,0.028557414629616824
b2905,,1,55,0.46292764329859126,0.4629276432992874,-6.961098364399732e-13,0,0.028557414629616824
b1033,,4,0,0.46292764329859126,0.46292764329859126,0.0,0,0.0
b4468,,3,52,0.46292764329859126,0.46292764329833747,2.537969834293108e-13,0,1.7898655565847407e-06
b4467,,3,52,0.46292764329859126,0.46292764329833747,2.537969834293108e-13,0,1.7898655565847407e-06
b2979,,3,52,0.46292764329859126,0.46292764329833747,2.537969834293108e-13,0,1.7898655565847407e-06
b3926,,1,4,0.46292764329859126,0.46292764329831404,2.772226892489016e-13,0,4.262809695012725e-08
b0212,,1,0,0.46292764329859126,0.46292764329859126,0.0,0,0.0
b3559,,1,0,0.46292764329859126,0.46292764329832353,2.677302823883565e-13,0,0.0
b3560,,1,0,0.46292764329859126,0.46292764329832353,2.677302823883565e-13,0,0.0
b2053,,1,0,0.46292764329859126,0.4629276432983341,2.571831636544175e-13,0,0.0
b3052,,2,4,0.46292764329859126,0.46292764329831826,2.73003841755326e-13,0,4.262809695773696e-08
b0200,,1,0,0.46292764329859126,0.46292764329831293,2.7833291227352674e-13,0,0.0
b0104,,1,0,0.46292764329859126,0.46292764329859126,0.0,0,0.0
b2507,,1,422,0.46292764329859126,0.0,0.46292764329859126,1,3312.4401181898374
b2029,,1,52,0.46292764329859126,0.4629276432983193,2.719491298819321e-13,0,24.82691895233255
b3437,,1,0,0.46292764329859126,0.4629276432983354,2.558508960248673e-13,0,0.0
b4268,,1,0,0.46292764329859126,0.4629276432983354,2.558508960248673e-13,0,0.0
b3449,,5,0,0.46292764329859126,0.4629276432984003,1.9095836023552692e-13,0,0.0
b2239,,5,0,0.46292764329859126,0.4629276432983283,2.6295632338246833e-13,0,0.0
b1654,,6,0,0.46292764329859126,0.46292764329833797,2.5329738306822946e-13,0,0.0
b3610,,6,0,0.46292764329859126,0.46292764329833797,2.5329738306822946e-13,0,0.0
b0849,,6,0,0.46292764329859126,0.46292764329833797,2.5329738306822946e-13,0,0.0
b0477,,2,0,0.46292764329859126,0.46292764329917,-5.787592627370941e-13,0,0.0
b2988,,2,0,0.46292764329859126,0.4629276432983298,2.6145752229922437e-13,0,0.0
b3500,,1,0,0.46292764329859126,0.4629276432992911,-6.998290835724674e-13,0,0.0
b1710,,2,0,0.46292764329859126,0.46292764329832636,2.6489921367556235e-13,0,0.0
b3447,,1,0,0.46292764329859126,0.4629276432983184,2.728373083016322e-13,0,0.0
b0832,,1,0,0.46292764329859126,0.46292764329859126,0.0,0,0.0
b0829,,1,0,0.46292764329859126,0.46292764329859126,0.0,0,0.0
b0831,,1,0,0.46292764329859126,0.46292764329859126,0.0,0,0.0
b0830,,1,0,0.46292764329859126,0.46292764329859126,0.0,0,0.0
b2947,,1,0,0.46292764329859126,0.4629276432989034,-3.1213920337336276e-13,0,0.0
b2153,,1,422,0.46292764329859126,0.0,0.46292764329859126,1,3312.4401181898415
b1277,,1,422,0.46292764329859126,0.0,0.46292764329859126,1,3312.4401181898334
b3779,,1,4,0.46292764329859126,0.4629276432983285,2.6278978992877455e-13,0,2.3223500883704018e-05
b2883,,1,4,0.46292764329859126,0.4629276432986033,-1.2045919817182948e-14,0,4.2628097222898465e-08
b0125,,2,0,0.46292764329859126,0.46292764329859126,0.0,0,0.0
b0238,,3,4,0.46292764329859126,0.46292764329831515,2.7611246622427643e-13,0,4.262809695739074e-08
b3092,,2,0,0.46292764329859126,0.4629276432990942,-5.029310301551959e-13,0,0.0
b1319,,1,442,0.46292764329859126,0.3286782581955015,0.13424938510308976,0,8629.236390788392
b3875,,1,442,0.46292764329859126,0.3286782581955015,0.13424938510308976,0,8629.236390788392
b0957,,1,442,0.46292764329859126,0.3286782581955015,0.13424938510308976,0,8629.236390788392
b0875,,1,445,0.46292764329859126,0.37720570540341863,0.08572193789517263,0,16625.955030326855
b1395,,1,0,0.46292764329859126,0.4629276432983289,2.623457007189245e-13,0,0.0
b4040,,1,422,0.46292764329859126,0.0,0.46292764329859126,1,3312.4401181898347
b0353,,2,0,0.46292764329859126,0.4629276432983152,2.7605695507304517e-13,0,0.0
b0339,,1,422,0.46292764329859126,0.0,0.46292764329859126,1,3312.440118189833
b0126,,1,422,0.46292764329859126,0.0,0.46292764329859126,1,3312.4401181898347
b0261,,2,4,0.46292764329859126,0.4629276432983154,2.7583491046812014e-13,0,2.3223500883703364e-05
b0428,,1,0,0.46292764329859126,0.46292764329828867,3.025912853615864e-13,0,0.0
b3630,,1,0,0.46292764329859126,0.4629276432983359,2.55351295663786e-13,0,0.0
b3625,,1,0,0.46292764329859126,0.46292764329833236,2.589040093425865e-13,0,0.0
b3621,,1,0,0.46292764329859126,0.4629276432987184,-1.2712053631958042e-13,0,0.0
b3620,,1,0,0.46292764329859126,0.46292764329847963,1.1163292512605949e-13,0,0.0
b3632,,1,4,0.46292764329859126,0.4629276432983209,2.703393064962256e-13,0,4.2628096966831676e-08
b3623,,1,0,0.46292764329859126,0.46292764329831576,2.755018435607326e-13,0,0.0
b2104,,1,4,0.46292764329859126,0.46292764329832425,2.6700863742235015e-13,0,4.2628096958613114e-08
b2388,,1,0,0.46292764329859126,0.46292764329859126,0.0,0,0.0
b0394,,1,0,0.46292764329859126,0.46292764329869013,-9.886536034287019e-14,0,0.0
b2020,,1,422,0.46292764329859126,0.0,0.46292764329859126,1,3312.440118189834
b2022,,2,422,0.46292764329859126,0.0,0.46292764329859126,1,3312.440118189835
b2514,,1,4,0.46292764329859126,0.46292764329831493,2.7633451082920146e-13,0,2.322350088370334e-05
b2309,,1,0,0.46292764329859126,0.46292764329859126,0.0,0,0.0
b0112,,4,0,0.46292764329859126,0.4629276432983264,2.648437025243311e-13,0,0.0
b0349,,2,0,0.46292764329859126,0.4629276432983124,2.788880237858393e-13,0,0.0
b3805,,1,422,0.46292764329859126,0.0,0.46292764329859126,1,3312.440118189835
b2418,,4,0,0.46292764329859126,0.4629276432983217,2.69562150378988e-13,0,0.0
b2103,,2,422,0.46292764329859126,0.0,0.46292764329859126,1,3312.440118189831
b0813,,2,4,0.46292764329859126,0.46292764329832353,2.677302823883565e-13,0,2.322350088370377e-05
b3824,,1,0,0.46292764329859126,0.46292764329873576,-1.4449552665496412e-13,0,0.0
b0352,,1,0,0.46292764329859126,0.4629276432983311,2.6018076582090544e-13,0,0.0
b0142,,1,422,0.46292764329859126,0.0,0.46292764329859126,1,3312.4401181898384
b0508,,1,0,0.46292764329859126,0.46292764329831876,2.7250424139424467e-13,0,0.0
b0003,,1,422,0.46292764329859126,0.0,0.46292764329859126,1,3312.440118189833
b4013,,1,422,0.46292764329859126,0.0,0.46292764329859126,1,3312.440118189835
b2021,,1,422,0.46292764329859126,0.0,0.46292764329859126,1,3312.4401181898315
b2867,,2,0,0.46292764329859126,0.4629276432983224,2.6884050541298166e-13,0,0.0
b2866,,2,4,0.46292764329859126,0.46292764329833475,2.565170298396424e-13,0,4.262809698330568e-08
b2868,,2,4,0.46292764329859126,0.46292764329833475,2.565170298396424e-13,0,4.262809698330568e-08
b2994,,3,0,0.46292764329859126,0.46292764329859354,-2.275957200481571e-15,0,0.0
b0973,,3,0,0.46292764329859126,0.46292764329859354,-2.275957200481571e-15,0,0.0
b0974,,3,0,0.46292764329859126,0.46292764329859354,-2.275957200481571e-15,0,0.0
b2997,,3,0,0.46292764329859126,0.46292764329859354,-2.275957200481571e-15,0,0.0
b2995,,3,0,0.46292764329859126,0.46292764329859354,-2.275957200481571e-15,0,0.0
b2996,,3,0,0.46292764329859126,0.46292764329859354,-2.275957200481571e-15,0,0.0
b0972,,3,0,0.46292764329859126,0.46292764329859354,-2.275957200481571e-15,0,0.0
b2530,,6,422,0.46292764329859126,0.0,0.46292764329859126,1,3312.440118189835
b2529,,6,60,0.46292764329859126,0.46292764329832276,2.685074385055941e-13,0,2.397378025717774e-05
b3807,,4,422,0.46292764329859126,0.0,0.46292764329859126,1,3312.440118189835
b2528,,2,56,0.46292764329859126,0.46292764329831715,2.7411406477995115e-13,0,7.502793727782492e-07
b1136,,1,423,0.46292764329859126,0.0,0.46292764329859126,1,3390.3099018744106
b2265,,1,0,0.46292764329859126,0.4629276432983292,2.620681449627682e-13,0,0.0
b0593,,1,4,0.46292764329859126,0.4629276432983302,2.6106894424060556e-13,0,4.262809696434844e-08
b0595,,1,4,0.46292764329859126,0.4629276432983297,2.615685446016869e-13,0,4.26280969526355e-08
b4015,,1,4,0.46292764329859126,0.46292764329832986,2.614020111479931e-13,0,4.262809696992476e-08
b4267,,2,0,0.46292764329859126,0.46292764329859437,-3.1086244689504383e-15,0,0.0
b2023,,1,422,0.46292764329859126,0.0,0.46292764329859126,1,3312.4401181898365
b2025,,1,422,0.46292764329859126,0.0,0.46292764329859126,1,3312.440118189835
b1262,,2,422,0.46292764329859126,0.0,0.46292764329859126,1,3312.440118189835
b3770,,4,422,0.46292764329859126,0.0,0.46292764329859126,1,3312.440118189835
b0026,,1,4,0.46292764329859126,0.4629276432983185,2.7278179715040096e-13,0,2.322350088370352e-05
b0401,,3,0,0.46292764329859126,0.46292764329832337,2.6789681584205027e-13,0,0.0
b2508,,1,55,0.46292764329859126,0.46292764329837227,2.1899149160731213e-13,0,0.12443702489495756
b3265,,1,0,0.46292764329859126,0.46292764329859126,0.0,0,0.0
b3266,,1,0,0.46292764329859126,0.46292764329859126,0.0,0,0.0
b3161,,2,0,0.46292764329859126,0.46292764329831637,2.7489122089718876e-13,0,0.0
b3679,,1,4,0.46292764329859126,0.46292764329833064,2.606248550307555e-13,0,4.26280969775327e-08
b2889,,1,0,0.46292764329859126,0.46292764329832414,2.6711965972481266e-13,0,0.0
b0073,,1,422,0.46292764329859126,0.0,0.46292764329859126,1,3312.4401181898356
b0071,,2,422,0.46292764329859126,0.0,0.46292764329859126,1,3312.440118189835
b0072,,2,422,0.46292764329859126,0.0,0.46292764329859126,1,3312.4401181898334
b0074,,1,422,0.46292764329859126,0.0,0.46292764329859126,1,3312.440118189836
b0918,,1,422,0.46292764329859126,0.0,0.46292764329859126,1,3312.440118189836
b3198,,1,422,0.46292764329859126,0.0,0.46292764329859126,1,3312.440118189836
b1215,,1,422,0.46292764329859126,0.0,0.46292764329859126,1,3312.4401181898384
b4196,,1,0,0.46292764329859126,0.46292764329833236,2.589040093425865e-13,0,0.0
b3581,,1,4,0.46292764329859126,0.4629276432983459,2.453592884421596e-13,0,4.262809698318724e-08
b0697,,1,0,0.46292764329859126,0.46292764329859126,0.0,0,0.0
b4513,,1,0,0.46292764329859126,0.46292764329859126,0.0,0,0.0
b0698,,1,0,0.46292764329859126,0.46292764329859126,0.0,0,0.0
b0696,,1,0,0.46292764329859126,0.46292764329859126,0.0,0,0.0
b3747,,1,46,0.46292764329859126,0.46292764329929087,-6.996070389675424e-13,0,0.027496500582381296
b1363,,1,46,0.46292764329859126,0.46292764329929087,-6.996070389675424e-13,0,0.027496500582381296
b1250,,1,46,0.46292764329859126,0.46292764329929087,-6.996070389675424e-13,0,0.027496500582381296
b3849,,1,46,0.46292764329859126,0.46292764329929087,-6.996070389675424e-13,0,0.027496500582381296
b1291,,1,46,0.46292764329859126,0.46292764329929087,-6.996070389675424e-13,0,0.027496500582381296
b3290,,1,46,0.46292764329859126,0.46292764329929087,-6.996070389675424e-13,0,0.027496500582381296
b0047,,1,0,0.46292764329859126,0.4629276432983278,2.6345592374354965e-13,0,0.0
b0842,,2,0,0.46292764329859126,0.4629276432983278,2.6345592374354965e-13,0,0.0
b3350,,1,0,0.46292764329859126,0.4629276432983278,2.6345592374354965e-13,0,0.0
b3605,,2,0,0.46292764329859126,0.46292764329859126,0.0,0,0.0
b0306,,2,0,0.46292764329859126,0.46292764329859126,0.0,0,0.0
b0307,,2,0,0.46292764329859126,0.46292764329859126,0.0,0,0.0
b0308,,2,0,0.46292764329859126,0.46292764329859126,0.0,0,0.0
b2257,,1,0,0.46292764329859126,0.46292764329830516,2.8610447344590284e-13,0,0.0
b0344,,1,0,0.46292764329859126,0.46292764329833774,2.535194276731545e-13,0,0.0
b2132,,1,0,0.46292764329859126,0.4629276432983254,2.6584290324649373e-13,0,0.0
b1326,,1,0,0.46292764329859126,0.46292764329832997,2.612909888455306e-13,0,0.0
b4130,,2,4,0.46292764329859126,0.4629276432982701,3.211875210240578e-13,0,4.262809691454328e-08
b3496,,2,4,0.46292764329859126,0.4629276432982701,3.211875210240578e-13,0,4.262809691454328e-08
b0709,,2,4,0.46292764329859126,0.4629276432982701,3.211875210240578e-13,0,4.262809691454328e-08
b1634,,2,4,0.46292764329859126,0.4629276432982701,3.211875210240578e-13,0,4.262809691454328e-08
b2799,,1,0,0.46292764329859126,0.4629276432985941,-2.831068712794149e-15,0,0.0
b2170,,1,0,0.46292764329859126,0.46292764329859126,0.0,0,0.0
b0070,,1,0,0.46292764329859126,0.46292764329859126,0.0,0,0.0
b0343,,1,0,0.46292764329859126,0.4629276432983093,2.819411371035585e-13,0,0.0
b1380,,1,0,0.46292764329859126,0.46292764329859487,-3.608224830031759e-15,0,0.0
b2133,,2,0,0.46292764329859126,0.4629276432983077,2.83550960489265e-13,0,0.0
b4054,,3,422,0.46292764329859126,0.0,0.46292764329859126,1,3312.440118189836
b0642,,1,0,0.46292764329859126,0.4629276432983157,2.7555735471196385e-13,0,0.0
b3458,,1,0,0.46292764329859126,0.46292764329859126,0.0,0,0.0
b1651,,1,0,0.46292764329859126,0.46292764329843145,1.5981660439479128e-13,0,0.0
b0622,,2,0,0.46292764329859126,0.46292764329859126,0.0,0,0.0
b4386,,3,4,0.46292764329859126,0.4629276432982791,3.1213920337336276e-13,0,4.262809690126416e-08
b0630,,1,0,0.46292764329859126,0.46292764329862063,-2.936539900133539e-14,0,0.0
b0628,,1,0,0.46292764329859126,0.46292764329859126,0.0,0,0.0
b0182,,1,422,0.46292764329859126,0.0,0.46292764329859126,1,3312.4401181898365
b0494,,21,0,0.46292764329859126,0.4629276432983224,2.6884050541298166e-13,0,0.0
b3825,,35,0,0.46292764329859126,0.4629276432983315,2.5973667661105537e-13,0,0.0
b0186,,1,0,0.46292764329859126,0.4629276432987361,-1.4482859356235167e-13,0,0.0
b4131,,1,0,0.46292764329859126,0.4629276432987361,-1.4482859356235167e-13,0,0.0
b2890,,1,0,0.46292764329859126,0.46292764329831576,2.755018435607326e-13,0,0.0
b2156,,1,0,0.46292764329859126,0.46292764329859126,0.0,0,0.0
b3903,,2,0,0.46292764329859126,0.462927643298316,2.7527979895580756e-13,0,0.0
b3907,,2,0,0.46292764329859126,0.4629276432985933,-2.0539125955565396e-15,0,0.0
b3600,,1,0,0.46292764329859126,0.46292764329770647,8.847922394750185e-13,0,0.0
b0777,,1,422,0.46292764329859126,0.0,0.46292764329859126,1,3312.440118189835
b1800,,1,4,0.46292764329859126,0.4629276432983223,2.6895152771544417e-13,0,2.322350088370371e-05
b4014,,1,52,0.46292764329859126,0.4629276432985916,-3.3306690738754696e-16,0,1.7898655485545302e-06
b2976,,1,52,0.46292764329859126,0.4629276432985916,-3.3306690738754696e-16,0,1.7898655485545302e-06
b2049,,1,0,0.46292764329859126,0.46292764329830816,2.831068712794149e-13,0,0.0
b1613,,1,0,0.46292764329859126,0.462927643298324,2.6728619317850644e-13,0,0.0
b4323,,1,0,0.46292764329859126,0.46292764329859126,0.0,0,0.0
b0731,,1,0,0.46292764329859126,0.4629276432983284,2.628453010800058e-13,0,0.0
b0732,,1,0,0.46292764329859126,0.46292764329832686,2.6439961331448103e-13,0,0.0
b0334,,1,0,0.46292764329859126,0.4629276432986961,-1.0486056467584604e-13,0,0.0
b0331,,1,0,0.46292764329859126,0.4629276432983187,2.7255975254547593e-13,0,0.0
b0333,,1,0,0.46292764329859126,0.46292764329859126,0.0,0,0.0
b1092,,1,422,0.46292764329859126,0.0,0.46292764329859126,1,3312.440118189835
b2521,,1,0,0.46292764329859126,0.4629276432983365,2.5474067300024217e-13,0,0.0
b0149,,5,422,0.46292764329859126,0.0,0.46292764329859126,1,3312.440118189835
b0635,,2,422,0.46292764329859126,0.0,0.46292764329859126,1,3312.44011818984
b3396,,5,422,0.46292764329859126,0.0,0.46292764329859126,1,3312.440118189837
b0084,,2,422,0.46292764329859126,0.0,0.46292764329859126,1,3312.4401181898334
b0839,,5,4,0.46292764329859126,0.4629276432983118,2.794431352981519e-13,0,2.322350088370318e-05
b2010,,5,0,0.46292764329859126,0.46292764329832453,2.6673108166619386e-13,0,0.0
b3182,,9,0,0.46292764329859126,0.46292764329833674,2.5451862839531714e-13,0,0.0
b0632,,5,0,0.46292764329859126,0.46292764329832453,2.6673108166619386e-13,0,0.0
b2134,,4,0,0.46292764329859126,0.46292764329831465,2.7661206658535775e-13,0,0.0
b2328,,4,0,0.46292764329859126,0.46292764329831465,2.7661206658535775e-13,0,0.0
b3236,,1,57,0.46292764329859126,0.46292764446386575,-1.1652744880130683e-09,0,17.905366934951203
b2210,,2,4,0.46292764329859126,0.4629276432983203,2.7094992915976945e-13,0,4.2628096950236335e-08
b1479,,1,0,0.46292764329859126,0.46292764329859126,0.0,0,0.0
b2463,,1,0,0.46292764329859126,0.4629276432983186,2.7267077484793845e-13,0,0.0
b2515,,1,422,0.46292764329859126,0.0,0.46292764329859126,1,3312.440118189836
b2746,,1,422,0.46292764329859126,0.0,0.46292764329859126,1,3312.440118189829
b4120,,1,0,0.46292764329859126,0.46292764329833785,2.53408405370692e-13,0,0.0
b2747,,1,422,0.46292764329859126,0.0,0.46292764329859126,1,3312.4401181898365
b2942,,1,422,0.46292764329859126,0.0,0.46292764329859126,1,3312.440118189836
b0199,,2,0,0.46292764329859126,0.46292764329831904,2.722266856380884e-13,0,0.0
b0197,,2,0,0.46292764329859126,0.46292764329831726,2.7400304247748863e-13,0,0.0
b0198,,2,0,0.46292764329859126,0.46292764329831726,2.7400304247748863e-13,0,0.0
b4019,,1,422,0.46292764329859126,0.0,0.46292764329859126,1,3312.4401181898374
b3829,,1,422,0.46292764329859126,0.0,0.46292764329859126,1,3312.4401181898347
b4219,,1,0,0.46292764329859126,0.46292764329834385,2.4741320103771614e-13,0,0.0
b1778,,1,0,0.46292764329859126,0.46292764329859126,0.0,0,0.0
b2114,,1,0,0.46292764329859126,0.46292764329832037,2.708944180085382e-13,0,0.0
b4242,,2,0,0.46292764329859126,0.46292764329859126,0.0,0,0.0
b0963,,1,0,0.46292764329859126,0.46292764329832126,2.7000623958883807e-13,0,0.0
b0403,,5,0,0.46292764329859126,0.4629276432983417,2.495781359357352e-13,0,0.0
b4392,,4,0,0.46292764329859126,0.4629276432983325,2.5873747588889273e-13,0,0.0
b2963,,4,0,0.46292764329859126,0.4629276432983325,2.5873747588889273e-13,0,0.0
b2558,,4,0,0.46292764329859126,0.4629276432983325,2.5873747588889273e-13,0,0.0
b2813,,4,0,0.46292764329859126,0.4629276432983325,2.5873747588889273e-13,0,0.0
b2701,,4,0,0.46292764329859126,0.4629276432983325,2.5873747588889273e-13,0,0.0
b1193,,4,0,0.46292764329859126,0.4629276432983325,2.5873747588889273e-13,0,0.0
b2919,,1,0,0.46292764329859126,0.46292764329863256,-4.1300296516055823e-14,0,0.0
b0260,,1,0,0.46292764329859126,0.4629276432983167,2.745581539898012e-13,0,0.0
b2917,,1,0,0.46292764329859126,0.4629276432978574,7.338574192772285e-13,0,0.0
b3599,,1,0,0.46292764329859126,0.4629276432979974,5.938582958719962e-13,0,0.0
b4322,,1,0,0.46292764329859126,0.46292764329892766,-3.3639757646142243e-13,0,0.0
b0784,,2,422,0.46292764329859126,0.0,0.46292764329859126,1,3312.440118189835
b3633,,2,422,0.46292764329859126,0.0,0.46292764329859126,1,3312.4401181898347
b3624,,1,4,0.46292764329859126,0.4629276432983182,2.7305935290655725e-13,0,2.3223500883703503e-05
b3917,,3,422,0.46292764329859126,0.0,0.46292764329859126,1,3312.440118189837
b0763,,3,422,0.46292764329859126,0.0,0.46292764329859126,1,3312.4401181898365
b2423,,5,422,0.46292764329859126,0.0,0.46292764329859126,1,3312.4401181898343
b0765,,3,422,0.46292764329859126,0.0,0.46292764329859126,1,3312.44011818984
b2425,,5,422,0.46292764329859126,0.0,0.46292764329859126,1,3312.4401181898484
b2422,,5,422,0.46292764329859126,0.0,0.46292764329859126,1,3312.440118189836
b0764,,3,422,0.46292764329859126,0.0,0.46292764329859126,1,3312.440118189837
b2424,,5,422,0.46292764329859126,0.0,0.46292764329859126,1,3312.440118189836
b2877,,1,4,0.46292764329859126,0.4629276432983194,2.718381075794696e-13,0,2.3223500883703564e-05
b0134,,1,422,0.46292764329859126,0.0,0.46292764329859126,1,3312.440118189834
b0009,,1,422,0.46292764329859126,0.0,0.46292764329859126,1,3312.4401181898343
b2519,,2,422,0.46292764329859126,0.0,0.46292764329859126,1,3312.440118189837
b1069,,2,422,0.46292764329859126,0.0,0.46292764329859126,1,3312.4401181898343
b0785,,1,422,0.46292764329859126,0.0,0.46292764329859126,1,3312.4401181898347
b0826,,1,422,0.46292764329859126,0.0,0.46292764329859126,1,3312.4401181898384
b1008,,1,0,0.46292764329859126,0.46292764329832575,2.655098363391062e-13,0,0.0
b0529,,2,65,0.46292764329859126,0.462927643298317,2.742805982336449e-13,0,8.243986661098917
b3941,,1,422,0.46292764329859126,0.0,0.46292764329859126,1,3312.4401181898343
b1059,,2,0,0.46292764329859126,0.46292764329832276,2.685074385055941e-13,0,0.0
b3996,,1,0,0.46292764329859126,0.46292764329851066,8.060219158778636e-14,0,0.0
b2411,,1,0,0.46292764329859126,0.46292764329851066,8.060219158778636e-14,0,0.0
b1109,,3,0,0.46292764329859126,0.46292764329859126,0.0,0,0.0
b2284,,3,65,0.46292764329859126,0.4629276432983231,2.6817437159820656e-13,0,716.2303674367929
b2288,,3,65,0.46292764329859126,0.4629276432983231,2.6817437159820656e-13,0,716.2303674367929
b2280,,3,65,0.46292764329859126,0.4629276432983231,2.6817437159820656e-13,0,716.2303674367929
b2282,,3,65,0.46292764329859126,0.4629276432983231,2.6817437159820656e-13,0,716.2303674367929
b2277,,3,65,0.46292764329859126,0.4629276432983231,2.6817437159820656e-13,0,716.2303674367929
b2287,,3,65,0.46292764329859126,0.4629276432983231,2.6817437159820656e-13,0,716.2303674367929
b2276,,3,65,0.46292764329859126,0.4629276432983231,2.6817437159820656e-13,0,716.2303674367929
b2278,,3,65,0.46292764329859126,0.4629276432983231,2.6817437159820656e-13,0,716.2303674367929
b2286,,3,65,0.46292764329859126,0.4629276432983231,2.6817437159820656e-13,0,716.2303674367929
b2283,,3,65,0.46292764329859126,0.4629276432983231,2.6817437159820656e-13,0,716.2303674367929
b2279,,3,65,0.46292764329859126,0.4629276432983231,2.6817437159820656e-13,0,716.2303674367929
b2285,,3,65,0.46292764329859126,0.4629276432983231,2.6817437159820656e-13,0,716.2303674367929
b2281,,3,65,0.46292764329859126,0.4629276432983231,2.6817437159820656e-13,0,716.2303674367929
b2615,,1,422,0.46292764329859126,0.0,0.46292764329859126,1,3312.440118189838
b3028,,3,0,0.46292764329859126,0.4629276432983261,2.6517676943171864e-13,0,0.0
b1740,,1,422,0.46292764329859126,0.0,0.46292764329859126,1,3312.4401181898347
b1602,,2,0,0.46292764329859126,0.46292764329831826,2.73003841755326e-13,0,0.0
b1603,,2,0,0.46292764329859126,0.46292764329840674,1.8451906669270102e-13,0,0.0
b3962,,1,0,0.46292764329859126,0.46292764329840674,1.8451906669270102e-13,0,0.0
b0931,,1,0,0.46292764329859126,0.46292764329832564,2.656208586415687e-13,0,0.0
b1186,,1,0,0.46292764329859126,0.46292764329859126,0.0,0,0.0
b0019,,1,0,0.46292764329859126,0.46292764329859126,0.0,0,0.0
b2518,,8,422,0.46292764329859126,0.0,0.46292764329859126,1,3312.440118189836
b0451,,1,422,0.46292764329859126,0.0,0.46292764329859126,1,3312.4401181898343
b2711,,1,4,0.46292764329859126,0.4629276432983407,2.5057733665789783e-13,0,2.322350088370463e-05
b2710,,1,0,0.46292764329859126,0.46292764329859126,0.0,0,0.0
b3477,,1,0,0.46292764329859126,0.46292764329859126,0.0,0,0.0
b3476,,1,0,0.46292764329859126,0.46292764329859126,0.0,0,0.0
b3479,,1,0,0.46292764329859126,0.46292764329859126,0.0,0,0.0
b3480,,1,0,0.46292764329859126,0.46292764329859126,0.0,0,0.0
b3478,,1,0,0.46292764329859126,0.46292764329859126,0.0,0,0.0
b4390,,1,0,0.46292764329859126,0.46292764329859254,-1.27675647831893e-15,0,0.0
b0639,,2,422,0.46292764329859126,0.0,0.46292764329859126,1,3312.4401181898374
b0751,,1,4,0.46292764329859126,0.46292764329830793,2.8332891588433995e-13,0,2.322350088370299e-05
b1768,,1,0,0.46292764329859126,0.46292764329833236,2.589040093425865e-13,0,0.0
b1991,,1,4,0.46292764329859126,0.4629276432983155,2.757793993168889e-13,0,4.262809695794402e-08
b0109,,1,422,0.46292764329859126,0.0,0.46292764329859126,1,3312.4401181898347
b3367,,1,4,0.46292764329859126,0.4629276432983314,2.598476989135179e-13,0,2.3223500883704167e-05
b1223,,2,4,0.46292764329859126,0.46292764329833014,2.611244553918368e-13,0,4.26280969563869e-08
b2206,,2,0,0.46292764329859126,0.46292764329859126,0.0,0,0.0
b2204,,1,0,0.46292764329859126,0.46292764329859126,0.0,0,0.0
b2203,,2,0,0.46292764329859126,0.46292764329859126,0.0,0,0.0
b2205,,1,0,0.46292764329859126,0.46292764329859126,0.0,0,0.0
b2202,,2,0,0.46292764329859126,0.46292764329859126,0.0,0,0.0
b1468,,2,0,0.46292764329859126,0.4629276432977034,8.878453527927377e-13,0,0.0
b1226,,2,0,0.46292764329859126,0.4629276432977034,8.878453527927377e-13,0,0.0
b1227,,2,0,0.46292764329859126,0.4629276432977034,8.878453527927377e-13,0,0.0
b1225,,2,0,0.46292764329859126,0.4629276432977034,8.878453527927377e-13,0,0.0
b1465,,2,0,0.46292764329859126,0.4629276432977034,8.878453527927377e-13,0,0.0
b1224,,2,0,0.46292764329859126,0.4629276432977034,8.878453527927377e-13,0,0.0
b1466,,2,0,0.46292764329859126,0.4629276432977034,8.878453527927377e-13,0,0.0
b1467,,2,0,0.46292764329859126,0.4629276432977034,8.878453527927377e-13,0,0.0
b1469,,1,0,0.46292764329859126,0.4629276432979327,6.585842982076429e-13,0,0.0
b2552,,2,0,0.46292764329859126,0.4629276432985856,5.662137425588298e-15,0,0.0
b4374,,3,4,0.46292764329859126,0.4629276432983207,2.7056135110115065e-13,0,4.2628096968272466e-08
b2291,,6,0,0.46292764329859126,0.46292764329833297,2.5829338667904267e-13,0,0.0
b2744,,14,0,0.46292764329859126,0.4629276432983329,2.5834889783027393e-13,0,0.0
b0480,,17,4,0.46292764329859126,0.46292764329833463,2.5662805214210493e-13,0,4.262809697012735e-08
b4161,,4,0,0.46292764329859126,0.46292764329859126,0.0,0,0.0
b0650,,1,0,0.46292764329859126,0.46292764329859126,0.0,0,0.0
b4394,,3,0,0.46292764329859126,0.4629276432983166,2.7466917629226373e-13,0,0.0
b0980,,2,0,0.46292764329859126,0.4629276432986989,-1.0763612223740893e-13,0,0.0
b2781,,8,0,0.46292764329859126,0.46292764329859126,0.0,0,0.0
b2954,,3,0,0.46292764329859126,0.4629276432983254,2.6584290324649373e-13,0,0.0
b1759,,2,0,0.46292764329859126,0.46292764329859126,0.0,0,0.0
b0160,,2,0,0.46292764329859126,0.46292764329833586,2.5540680681501726e-13,0,0.0
b3365,,1,0,0.46292764329859126,0.46292764329859126,0.0,0,0.0
b3366,,1,0,0.46292764329859126,0.46292764329859126,0.0,0,0.0
b4073,,2,0,0.46292764329859126,0.46292764329859126,0.0,0,0.0
b4071,,2,0,0.46292764329859126,0.46292764329859126,0.0,0,0.0
b4070,,2,0,0.46292764329859126,0.46292764329859126,0.0,0,0.0
b4072,,2,0,0.46292764329859126,0.46292764329859126,0.0,0,0.0
b2035,,3,0,0.46292764329859126,0.4629276432983238,2.674527266322002e-13,0,0.0
b2027,,3,0,0.46292764329859126,0.4629276432983238,2.674527266322002e-13,0,0.0
b2033,,1,0,0.46292764329859126,0.46292764329830977,2.8149704789370844e-13,0,0.0
b2037,,1,0,0.46292764329859126,0.4629276432983245,2.667865928174251e-13,0,0.0
b2034,,1,0,0.46292764329859126,0.4629276432983182,2.7305935290655725e-13,0,0.0
b2032,,1,0,0.46292764329859126,0.4629276432983202,2.7106095146223197e-13,0,0.0
b3114,,2,4,0.46292764329859126,0.4629276432982886,3.0264679651281767e-13,0,4.2628096919854183e-08
b0903,,2,4,0.46292764329859126,0.4629276432982886,3.0264679651281767e-13,0,4.2628096919854183e-08
b0902,,2,4,0.46292764329859126,0.4629276432982886,3.0264679651281767e-13,0,4.2628096919854183e-08
b2579,,2,4,0.46292764329859126,0.4629276432982886,3.0264679651281767e-13,0,4.2628096919854183e-08
b0273,,1,422,0.46292764329859126,0.0,0.46292764329859126,1,3312.4401181898343
b4254,,1,422,0.46292764329859126,0.0,0.46292764329859126,1,3312.4401181898347
b3187,,1,422,0.46292764329859126,0.0,0.46292764329859126,1,3312.440118189834
b0907,,2,422,0.46292764329859126,0.0,0.46292764329859126,1,3312.440118189833
b0662,,1,0,0.46292764329859126,0.46292764329832486,2.663980147588063e-13,0,0.0
b1281,,1,422,0.46292764329859126,0.0,0.46292764329859126,1,3312.4401181898347
b2907,,1,4,0.46292764329859126,0.46292764329833314,2.581268532253489e-13,0,2.322350088370425e-05
b0350,,1,0,0.46292764329859126,0.4629276432983216,2.696731726814505e-13,0,0.0
b3843,,1,422,0.46292764329859126,0.0,0.46292764329859126,1,3312.4401181898347
b2311,,1,422,0.46292764329859126,0.0,0.46292764329859126,1,3312.440118189837
b3835,,1,42,0.46292764329859126,0.46292764329833175,2.5951463200613034e-13,0,2.3312209823098966e-05
b2965,,1,4,0.46292764329859126,0.46292764329832714,2.6412205755832474e-13,0,4.2628096956991966e-08
b0693,,1,4,0.46292764329859126,0.46292764329832714,2.6412205755832474e-13,0,4.2628096956991966e-08
b3642,,1,422,0.46292764329859126,0.0,0.46292764329859126,1,3312.4401181898356
b2373,,1,0,0.46292764329859126,0.46292764329831687,2.7439162053610744e-13,0,0.0
b1387,,1,0,0.46292764329859126,0.46292764329833724,2.540190280342358e-13,0,0.0
b1394,,2,0,0.46292764329859126,0.4629276432983243,2.669531262711189e-13,0,0.0
b1014,,2,4,0.46292764329859126,0.46292764329833264,2.586264535864302e-13,0,4.26280969635424e-08
b0386,,1,422,0.46292764329859126,0.0,0.46292764329859126,1,3312.440118189836
b1391,,1,0,0.46292764329859126,0.462927643298321,2.7028379534499436e-13,0,0.0
b1390,,1,0,0.46292764329859126,0.4629276432983332,2.5807134207411764e-13,0,0.0
b1392,,1,0,0.46292764329859126,0.4629276432983332,2.5807134207411764e-13,0,0.0
b1388,,1,0,0.46292764329859126,0.4629276432983332,2.5807134207411764e-13,0,0.0
b1389,,1,0,0.46292764329859126,0.4629276432983332,2.5807134207411764e-13,0,0.0
b1398,,1,4,0.46292764329859126,0.46292764329833586,2.5540680681501726e-13,0,4.262809697518463e-08
b0133,,1,422,0.46292764329859126,0.0,0.46292764329859126,1,3312.440118189836
b1278,,30,422,0.46292764329859126,0.0,0.46292764329859126,1,3312.440118189836
b0087,,1,422,0.46292764329859126,0.0,0.46292764329859126,1,3312.4401181898365
b2762,,2,422,0.46292764329859126,0.0,0.46292764329859126,1,3312.440118189838
b1489,,2,8,0.46292764329859126,0.46292764329831987,2.713940183696195e-13,0,2.326612898066544e-05
b0114,,1,57,0.46292764329859126,0.462927643297803,7.882583474838611e-13,0,100.48030898637005
b0115,,1,57,0.46292764329859126,0.462927643297803,7.882583474838611e-13,0,100.48030898637005
b1638,,2,0,0.46292764329859126,0.46292764329833475,2.565170298396424e-13,0,0.0
b2564,,1,422,0.46292764329859126,0.0,0.46292764329859126,1,3312.440118189835
b0052,,1,422,0.46292764329859126,0.0,0.46292764329859126,1,3312.4401181898347
b0766,,2,0,0.46292764329859126,0.46292764329832725,2.6401103525586223e-13,0,0.0
b2320,,1,422,0.46292764329859126,0.0,0.46292764329859126,1,3312.440118189836
b3546,,2,0,0.46292764329859126,0.4629276432983274,2.6384450180216845e-13,0,0.0
b1723,,1,48,0.46292764329859126,0.4629276432985864,4.884981308350689e-15,0,41.195931364884885
b3916,,3,54,0.46292764329859126,0.4629276432983253,2.6595392554895625e-13,0,74.97914747558927
b3952,,1,4,0.46292764329859126,0.4629276432983363,2.549627176051672e-13,0,4.2628096975916515e-08
b3951,,1,4,0.46292764329859126,0.4629276432983363,2.549627176051672e-13,0,4.2628096975916515e-08
b3176,,1,422,0.46292764329859126,0.0,0.46292764329859126,1,3312.4401181898365
b2913,,1,69,0.46292764329859126,0.46292764329831526,2.760014439218139e-13,0,28.560486731426096
b4025,,1,69,0.46292764329859126,0.46292764329832575,2.655098363391062e-13,0,73.88846714014797
b2926,,1,78,0.46292764329859126,0.4629276432983339,2.573496971081113e-13,0,1086.356238362909
b0767,,1,51,0.46292764329859126,0.4629276432983182,2.7305935290655725e-13,0,31.90601490274704
b3385,,1,0,0.46292764329859126,0.4629276432982438,3.4744429555644274e-13,0,0.0
b3612,,1,77,0.46292764329859126,0.46292764329833075,2.60513832728293e-13,0,554.6201561301484
b0755,,1,77,0.46292764329859126,0.46292764329833075,2.60513832728293e-13,0,554.6201561301484
b4395,,1,77,0.46292764329859126,0.46292764329833075,2.60513832728293e-13,0,554.6201561301484
b0688,,1,0,0.46292764329859126,0.4629276432983216,2.696731726814505e-13,0,0.0
b2690,,1,0,0.46292764329859126,0.4629276432983216,2.696731726814505e-13,0,0.0
b0418,,14,0,0.46292764329859126,0.46292764329833624,2.5501822875639846e-13,0,0.0
b1912,,7,4,0.46292764329859126,0.4629276432983276,2.636779683484747e-13,0,4.262809696756422e-08
b2199,,1,0,0.46292764329859126,0.46292764329859126,0.0,0,0.0
b2200,,1,0,0.46292764329859126,0.46292764329859126,0.0,0,0.0
b2197,,1,0,0.46292764329859126,0.46292764329859126,0.0,0,0.0
b2198,,1,0,0.46292764329859126,0.46292764329859126,0.0,0,0.0
b2201,,1,0,0.46292764329859126,0.46292764329859126,0.0,0,0.0
b1713,,1,0,0.46292764329859126,0.4629276432983238,2.674527266322002e-13,0,0.0
b1714,,1,0,0.46292764329859126,0.4629276432983238,2.674527266322002e-13,0,0.0
b1473,,3,4,0.46292764329859126,0.46292764329833636,2.5490720645393594e-13,0,4.2628096972475735e-08
b0576,,2,0,0.46292764329859126,0.46292764329833525,2.560174294785611e-13,0,0.0
b3493,,1,46,0.46292764329859126,0.4629276432983277,2.6356694604601216e-13,0,0.6715392118313306
b2987,,1,46,0.46292764329859126,0.4629276432983277,2.6356694604601216e-13,0,0.6715392118313306
b3725,,1,0,0.46292764329859126,0.46292764329859126,0.0,0,0.0
b3726,,1,0,0.46292764329859126,0.46292764329859126,0.0,0,0.0
b3727,,1,0,0.46292764329859126,0.46292764329859126,0.0,0,0.0
b3728,,1,0,0.46292764329859126,0.46292764329859126,0.0,0,0.0
b3821,,42,0,0.46292764329859126,0.46292764329831587,2.753908212582701e-13,0,0.0
b2048,,1,4,0.46292764329859126,0.46292764329832803,2.632338791386246e-13,0,4.2628096958634376e-08
b3412,,1,422,0.46292764329859126,0.0,0.46292764329859126,1,3312.440118189837
b3974,,1,422,0.46292764329859126,0.0,0.46292764329859126,1,3312.440118189837
b3258,,1,4,0.46292764329859126,0.4629276432983257,2.6556534749033744e-13,0,2.322350088370388e-05
b1010,,1,0,0.46292764329859126,0.46292764329833175,2.5951463200613034e-13,0,0.0
b1378,,1,51,0.46292764329859126,0.4629276432983258,2.6545432518787493e-13,0,0.012950441547220505
b0871,,1,0,0.46292764329859126,0.46292764329859126,0.0,0,0.0
b4226,,1,0,0.46292764329859126,0.46292764329859126,0.0,0,0.0
b2502,,2,0,0.46292764329859126,0.46292764329859126,0.0,0,0.0
b1015,,2,0,0.46292764329859126,0.46292764329831465,2.7661206658535775e-13,0,0.0
b0369,,1,422,0.46292764329859126,0.0,0.46292764329859126,1,3312.4401181898334
b3956,,1,47,0.46292764329859126,0.4629276432983299,2.6134649999676185e-13,0,28.11000660842385
b3639,,2,422,0.46292764329859126,0.0,0.46292764329859126,1,3312.4401181898384
b3403,,1,0,0.46292764329859126,0.4629276432983362,2.550737399076297e-13,0,0.0
b2920,,1,0,0.46292764329859126,0.46292764329834046,2.5079938126282286e-13,0,0.0
b2501,,2,46,0.46292764329859126,0.4629276432983449,2.4635848916432224e-13,0,9.961695450328918
b4383,,2,7,0.46292764329859126,0.4629276432983298,2.6145752229922437e-13,0,6.794451417988726e-07
b3380,,1,7,0.46292764329859126,0.4629276432983271,2.64177568709556e-13,0,6.794451419811181e-07
b3850,,2,422,0.46292764329859126,0.0,0.46292764329859126,1,3312.4401181898324
b2536,,1,8,0.46292764329859126,0.46292764329832453,2.6673108166619386e-13,0,2.326612898067588e-05
b1702,,1,0,0.46292764329859126,0.46292764329859126,0.0,0,0.0
b0383,,1,0,0.46292764329859126,0.4629276432985939,-2.6645352591003757e-15,0,0.0
b4005,,1,422,0.46292764329859126,0.0,0.46292764329859126,1,3312.4401181898347
b2499,,1,422,0.46292764329859126,0.0,0.46292764329859126,1,3312.440118189836
b2026,,2,422,0.46292764329859126,0.0,0.46292764329859126,1,3312.4401181898347
b2476,,1,422,0.46292764329859126,0.0,0.46292764329859126,1,3312.4401181898374
b2557,,1,422,0.46292764329859126,0.0,0.46292764329859126,1,3312.440118189836
b2024,,1,422,0.46292764329859126,0.0,0.46292764329859126,1,3312.440118189836
b0194,,1,0,0.46292764329859126,0.4629276432983208,2.7045032879868813e-13,0,0.0
b1207,,1,9,0.46292764329859126,0.46292764329833713,2.5413005033669833e-13,0,0.9325217969983928
b0908,,1,422,0.46292764329859126,0.0,0.46292764329859126,1,3312.4401181898334
b4160,,7,422,0.46292764329859126,0.0,0.46292764329859126,1,3312.440118189835
b4388,,1,69,0.46292764329859126,0.4629276432983227,2.6856294965682537e-13,0,28.560486731435127
b2585,,7,422,0.46292764329859126,0.0,0.46292764329859126,1,3312.440118189835
b2297,,2,4,0.46292764329859126,0.46292764329832187,2.6939561692529423e-13,0,2.322350088370369e-05
b2458,,1,0,0.46292764329859126,0.4629276432983121,2.791655795419956e-13,0,0.0
b3634,,1,422,0.46292764329859126,0.0,0.46292764329859126,1,3312.440118189837
b0692,,2,4,0.46292764329859126,0.462927643298324,2.6728619317850644e-13,0,2.3223500883703794e-05
b3073,,1,0,0.46292764329859126,0.4629276432983202,2.7106095146223197e-13,0,0.0
b0854,,1,0,0.46292764329859126,0.46292764329859126,0.0,0,0.0
b1123,,2,0,0.46292764329859126,0.46292764329859126,0.0,0,0.0
b0856,,1,0,0.46292764329859126,0.46292764329859126,0.0,0,0.0
b1442,,2,0,0.46292764329859126,0.46292764329859126,0.0,0,0.0
b0857,,1,0,0.46292764329859126,0.46292764329859126,0.0,0,0.0
b0855,,1,0,0.46292764329859126,0.46292764329859126,0.0,0,0.0
b1124,,2,0,0.46292764329859126,0.46292764329859126,0.0,0,0.0
b1443,,2,0,0.46292764329859126,0.46292764329859126,0.0,0,0.0
b1440,,2,0,0.46292764329859126,0.46292764329859126,0.0,0,0.0
b1126,,2,0,0.46292764329859126,0.46292764329859126,0.0,0,0.0
b1125,,2,0,0.46292764329859126,0.46292764329859126,0.0,0,0.0
b1441,,2,0,0.46292764329859126,0.46292764329859126,0.0,0,0.0
b1296,,1,0,0.46292764329859126,0.4629276432983137,2.7755575615628914e-13,0,0.0
b2407,,5,0,0.46292764329859126,0.46292764329831515,2.7611246622427643e-13,0,0.0
b1636,,1,0,0.46292764329859126,0.462927643298594,-2.7200464103316335e-15,0,0.0
b3826,,1,4,0.46292764329859126,0.4629276432983199,2.7133850721838826e-13,0,4.262809695042146e-08
b1854,,1,4,0.46292764329859126,0.4629276432983231,2.6817437159820656e-13,0,4.262809695879207e-08
b1676,,1,4,0.46292764329859126,0.4629276432983231,2.6817437159820656e-13,0,4.262809695879207e-08
b3831,,1,0,0.46292764329859126,0.4629276432983259,2.653433028854124e-13,0,0.0
b1007,,1,0,0.46292764329859126,0.46292764329859126,0.0,0,0.0
b1012,,1,0,0.46292764329859126,0.46292764329859126,0.0,0,0.0
b3029,,2,0,0.46292764329859126,0.4629276432983417,2.495781359357352e-13,0,0.0
b1692,,2,422,0.46292764329859126,0.0,0.46292764329859126,1,3312.4401181898365
b0750,,1,422,0.46292764329859126,0.0,0.46292764329859126,1,3312.4401181898365
b4094,,1,4,0.46292764329859126,0.46292764329832087,2.703948176474569e-13,0,2.322350088370364e-05
b1662,,1,422,0.46292764329859126,0.0,0.46292764329859126,1,3312.4401181898347
b0415,,1,422,0.46292764329859126,0.0,0.46292764329859126,1,3312.440118189835
b3752,,1,0,0.46292764329859126,0.46292764329832725,2.6401103525586223e-13,0,0.0
b0063,,3,0,0.46292764329859126,0.4629276432983243,2.669531262711189e-13,0,0.0
b4198,,1,0,0.46292764329859126,0.46292764329833136,2.5990321006474915e-13,0,0.0
b3583,,1,0,0.46292764329859126,0.46292764329833136,2.5990321006474915e-13,0,0.0
b0061,,1,0,0.46292764329859126,0.46292764329833136,2.5990321006474915e-13,0,0.0
b3629,,1,0,0.46292764329859126,0.46292764329899616,-4.048983370807946e-13,0,0.0
b2687,,1,422,0.46292764329859126,0.0,0.46292764329859126,1,3312.440118189836
b3748,,1,0,0.46292764329859126,0.4629276432983206,2.7067237340361316e-13,0,0.0
b3749,,1,0,0.46292764329859126,0.4629276432979188,6.724620860154573e-13,0,0.0
b3751,,1,0,0.46292764329859126,0.4629276432979188,6.724620860154573e-13,0,0.0
b3750,,1,0,0.46292764329859126,0.4629276432979188,6.724620860154573e-13,0,0.0
b3904,,1,0,0.46292764329859126,0.4629276432985823,8.93729534823251e-15,0,0.0
b3902,,1,0,0.46292764329859126,0.46292764329774766,8.436029652614252e-13,0,0.0
b2234,,4,0,0.46292764329859126,0.46292764329831737,2.738920201750261e-13,0,0.0
b2235,,4,0,0.46292764329859126,0.46292764329831737,2.738920201750261e-13,0,0.0
b2676,,4,0,0.46292764329859126,0.4629276432983435,2.477462679451037e-13,0,0.0
b2675,,4,0,0.46292764329859126,0.4629276432983435,2.477462679451037e-13,0,0.0
b4238,,4,61,0.46292764329859126,0.46292764329832,2.71282996067157e-13,0,0.014973043926161441
b4237,,4,61,0.46292764329859126,0.46292764329832,2.71282996067157e-13,0,0.014973043926161441
b3386,,1,50,0.46292764329859126,0.46292764329832753,2.6373347949970594e-13,0,14.000780007346583
b4301,,1,50,0.46292764329859126,0.46292764329832753,2.6373347949970594e-13,0,14.000780007346583
b2914,,1,426,0.46292764329859126,0.33443824529626753,0.12848939800232373,0,1074.3180860963598
b0638,,1,0,0.46292764329859126,0.46292764329832337,2.6789681584205027e-13,0,0.0
b1683,,6,0,0.46292764329859126,0.46292764329832475,2.6650903706126883e-13,0,0.0
b1679,,4,0,0.46292764329859126,0.46292764329832126,2.7000623958883807e-13,0,0.0
b1680,,4,0,0.46292764329859126,0.46292764329832126,2.7000623958883807e-13,0,0.0
b1682,,6,0,0.46292764329859126,0.46292764329832475,2.6650903706126883e-13,0,0.0
b1681,,6,0,0.46292764329859126,0.46292764329832475,2.6650903706126883e-13,0,0.0
b1684,,2,0,0.46292764329859126,0.46292764329833574,2.555178291174798e-13,0,0.0
b0222,,1,4,0.46292764329859126,0.4629276432983242,2.670641485735814e-13,0,4.262809696601119e-08
b1745,,1,0,0.46292764329859126,0.46292764329833236,2.589040093425865e-13,0,0.0
b2751,,1,422,0.46292764329859126,0.0,0.46292764329859126,1,3312.440118189838
b2752,,1,422,0.46292764329859126,0.0,0.46292764329859126,1,3312.4401181898365
b2705,,1,0,0.46292764329859126,0.4629276432983188,2.724487302430134e-13,0,0.0
b2703,,1,0,0.46292764329859126,0.4629276432979764,6.148415110374117e-13,0,0.0
b2704,,1,0,0.46292764329859126,0.4629276432979764,6.148415110374117e-13,0,0.0
b2702,,1,0,0.46292764329859126,0.4629276432979764,6.148415110374117e-13,0,0.0
b2472,,1,422,0.46292764329859126,0.0,0.46292764329859126,1,3312.4401181898347
b3591,,1,4,0.46292764329859126,0.462927643298324,2.6728619317850644e-13,0,2.3223500883703794e-05
b1764,,1,0,0.46292764329859126,0.46292764329832686,2.6439961331448103e-13,0,0.0
b2264,,1,0,0.46292764329859126,0.46292764329832325,2.680078381445128e-13,0,0.0
b0586,,1,0,0.46292764329859126,0.462927643298332,2.5923707624997405e-13,0,0.0
b3607,,1,422,0.46292764329859126,0.0,0.46292764329859126,1,3312.4401181898343
b2366,,1,4,0.46292764329859126,0.46292764329831937,2.7189361873070084e-13,0,2.3223500883703564e-05
b2797,,1,0,0.46292764329859126,0.4629276432983386,2.5268676040468563e-13,0,0.0
b4471,,1,0,0.46292764329859126,0.4629276432983386,2.5268676040468563e-13,0,0.0
b1814,,1,0,0.46292764329859126,0.4629276432983386,2.5268676040468563e-13,0,0.0
b0893,,2,4,0.46292764329859126,0.4629276432983182,2.7305935290655725e-13,0,4.2628096959168536e-08
b2796,,1,4,0.46292764329859126,0.4629276432983103,2.8094193638139586e-13,0,4.262809694625146e-08
b3116,,2,8,0.46292764329859126,0.46292764329832936,2.6190161150907443e-13,0,2.3266128980684024e-05
b3089,,2,4,0.46292764329859126,0.4629276432983262,2.650657471292561e-13,0,2.32235008837039e-05
b2154,,1,0,0.46292764329859126,0.46292764329880853,-2.1727064591914313e-13,0,0.0
b0355,,1,0,0.46292764329859126,0.46292764329880853,-2.1727064591914313e-13,0,0.0
b1744,,1,0,0.46292764329859126,0.46292764329832153,2.697286838326818e-13,0,0.0
b1746,,1,4,0.46292764329859126,0.46292764329832203,2.6922908347160046e-13,0,4.262809695525391e-08
b2263,,1,0,0.46292764329859126,0.4629276432987176,-1.2634338020234281e-13,0,0.0
b3368,,3,422,0.46292764329859126,0.0,0.46292764329859126,1,3312.440118189835
b3281,,1,422,0.46292764329859126,0.0,0.46292764329859126,1,3312.440118189836
b0388,,1,422,0.46292764329859126,0.0,0.46292764329859126,1,3312.440118189837
b3390,,1,422,0.46292764329859126,0.0,0.46292764329859126,1,3312.440118189838
b3939,,1,422,0.46292764329859126,0.0,0.46292764329859126,1,3312.4401181898343
b1981,,1,0,0.46292764329859126,0.4629276432983139,2.7738922270259536e-13,0,0.0
b1206,,1,46,0.46292764329859126,0.4629276432985847,6.5503158452884236e-15,0,0.045906433320251426
b1584,,2,0,0.46292764329859126,0.4629276432983471,2.441380431150719e-13,0,0.0
b1599,,1,0,0.46292764329859126,0.46292764329831176,2.7949864644938316e-13,0,0.0
b1600,,1,0,0.46292764329859126,0.46292764329831176,2.7949864644938316e-13,0,0.0
b3908,,1,0,0.46292764329859126,0.46292764329859126,0.0,0,0.0
b1656,,1,0,0.46292764329859126,0.46292764329859126,0.0,0,0.0
b1646,,1,0,0.46292764329859126,0.46292764329859126,0.0,0,0.0
b1525,,2,0,0.46292764329859126,0.46292764329723096,1.360300760921973e-12,0,0.0
b2661,,1,0,0.46292764329859126,0.46292764329859126,0.0,0,0.0
b2260,,1,4,0.46292764329859126,0.46292764329832803,2.632338791386246e-13,0,4.262809696255648e-08
b2261,,1,0,0.46292764329859126,0.4629276432983556,2.356448369766895e-13,0,0.0
b0721,,1,67,0.46292764329859126,0.4629276432983262,2.650657471292561e-13,0,130.73062492811852
b0722,,1,67,0.46292764329859126,0.4629276432983262,2.650657471292561e-13,0,130.73062492811852
b0724,,1,67,0.46292764329859126,0.4629276432983262,2.650657471292561e-13,0,130.73062492811852
b0723,,1,67,0.46292764329859126,0.4629276432983262,2.650657471292561e-13,0,130.73062492811852
b0728,,1,59,0.46292764329859126,0.4629276432980619,5.293543381412746e-13,0,26.60607979929062
b0729,,1,59,0.46292764329859126,0.4629276432980619,5.293543381412746e-13,0,26.60607979929062
b1521,,1,0,0.46292764329859126,0.46292764329859126,0.0,0,0.0
b2464,,1,0,0.46292764329859126,0.462927643298323,2.682853939006691e-13,0,0.0
b0008,,1,0,0.46292764329859126,0.462927643298323,2.682853939006691e-13,0,0.0
b3062,,1,0,0.46292764329859126,0.4629276432983062,2.8504976157250894e-13,0,0.0
b3061,,1,0,0.46292764329859126,0.4629276432983062,2.8504976157250894e-13,0,0.0
b3063,,1,0,0.46292764329859126,0.46292764329833935,2.51909604287448e-13,0,0.0
b0368,,1,0,0.46292764329859126,0.46292764329877084,-1.7957857423311907e-13,0,0.0
b3790,,1,4,0.46292764329859126,0.46292764329832087,2.703948176474569e-13,0,4.262809695549201e-08
b3791,,1,4,0.46292764329859126,0.46292764329832087,2.703948176474569e-13,0,4.262809695549201e-08
b2038,,1,0,0.46292764329859126,0.4629276432983323,2.5895952049381776e-13,0,0.0
b2040,,1,0,0.46292764329859126,0.4629276432983588,2.324807013565078e-13,0,0.0
b2041,,1,0,0.46292764329859126,0.46292764329834885,2.4241719742690293e-13,0,0.0
b3788,,1,0,0.46292764329859126,0.46292764329834885,2.4241719742690293e-13,0,0.0
b0915,,1,422,0.46292764329859126,0.0,0.46292764329859126,1,3312.4401181898534
b2095,,1,4,0.46292764329859126,0.4629276432983164,2.748357097459575e-13,0,2.3223500883703377e-05
b3137,,1,4,0.46292764329859126,0.4629276432983429,2.483568906086475e-13,0,4.26280969606706e-08
b2096,,1,4,0.46292764329859126,0.4629276432983429,2.483568906086475e-13,0,4.26280969606706e-08
b3132,,1,4,0.46292764329859126,0.4629276432983429,2.483568906086475e-13,0,4.26280969606706e-08
b0166,,1,422,0.46292764329859126,0.0,0.46292764329859126,1,3312.440118189836
b2480,,1,4,0.46292764329859126,0.4629276432983275,2.637889906509372e-13,0,2.3223500883703967e-05
b0066,,1,0,0.46292764329859126,0.46292764329859376,-2.4980018054066022e-15,0,0.0
b0067,,1,0,0.46292764329859126,0.46292764329859376,-2.4980018054066022e-15,0,0.0
b0068,,1,0,0.46292764329859126,0.46292764329859376,-2.4980018054066022e-15,0,0.0
b3616,,1,4,0.46292764329859126,0.46292764329832264,2.686184608080566e-13,0,4.262809696020623e-08
b3772,,1,422,0.46292764329859126,0.0,0.46292764329859126,1,3312.4401181898356
b3117,,1,422,0.46292764329859126,0.0,0.46292764329859126,1,3312.440118189836
b1719,,1,8,0.46292764329859126,0.46292764329833996,2.512989816239042e-13,0,2.326612898068623e-05
b3823,,1,0,0.46292764329859126,0.46292764329859126,0.0,0,0.0
b3992,,1,422,0.46292764329859126,0.0,0.46292764329859126,1,3312.4401181898365
b3990,,1,422,0.46292764329859126,0.0,0.46292764329859126,1,3312.440118189835
b0423,,1,422,0.46292764329859126,0.0,0.46292764329859126,1,3312.440118189834
b4407,,1,422,0.46292764329859126,0.0,0.46292764329859126,1,3312.440118189837
b2935,,2,422,0.46292764329859126,0.0,0.46292764329859126,1,3312.440118189837
b2465,,2,422,0.46292764329859126,0.0,0.46292764329859126,1,3312.4401181898356
b0997,,2,0,0.46292764329859126,0.4629276432983244,2.6684210396865637e-13,0,0.0
b0996,,2,0,0.46292764329859126,0.46292764329859126,0.0,0,0.0
b2827,,1,422,0.46292764329859126,0.0,0.46292764329859126,1,3312.440118189834
b1106,,1,0,0.46292764329859126,0.46292764329832137,2.6989521728637555e-13,0,0.0
b0417,,1,422,0.46292764329859126,0.0,0.46292764329859126,1,3312.4401181898343
b3993,,1,422,0.46292764329859126,0.0,0.46292764329859126,1,3312.440118189836
b3919,,1,56,0.46292764329859126,0.4629276432983259,2.653433028854124e-13,0,205.01130999315967
b0613,,1,0,0.46292764329859126,0.4629276432983248,2.6645352591003757e-13,0,0.0
b0888,,1,5,0.46292764329859126,0.4629276432986126,-2.1316282072803006e-14,0,0.06583414146884409
b4239,,1,0,0.46292764329859126,0.46292764329859126,0.0,0,0.0
b1897,,1,0,0.46292764329859126,0.46292764329859126,0.0,0,0.0
b1896,,1,0,0.46292764329859126,0.46292764329832153,2.697286838326818e-13,0,0.0
b3519,,1,0,0.46292764329859126,0.46292764329857766,1.3600232051658168e-14,0,0.0
b1197,,1,0,0.46292764329859126,0.46292764329859126,0.0,0,0.0
b4240,,1,0,0.46292764329859126,0.4629276432986203,-2.9032332093947844e-14,0,0.0
b1260,,3,422,0.46292764329859126,0.0,0.46292764329859126,1,3312.440118189835
b1261,,3,422,0.46292764329859126,0.0,0.46292764329859126,1,3312.4401181898347
b3384,,1,4,0.46292764329859126,0.46292764329832625,2.6501023597802487e-13,0,2.3223500883703906e-05
b3709,,1,0,0.46292764329859126,0.46292764329831637,2.7489122089718876e-13,0,0.0
b0509,,1,0,0.46292764329859126,0.46292764329859126,0.0,0,0.0
b3125,,1,0,0.46292764329859126,0.46292764329859126,0.0,0,0.0
b3991,,1,422,0.46292764329859126,0.0,0.46292764329859126,1,3312.4401181898356
b1637,,1,0,0.46292764329859126,0.4629276432983207,2.7056135110115065e-13,0,0.0
b1907,,1,0,0.46292764329859126,0.4629276432979763,6.149525333398742e-13,0,0.0
b0179,,1,422,0.46292764329859126,0.0,0.46292764329859126,1,3312.4401181898347
b0085,,1,422,0.46292764329859126,0.0,0.46292764329859126,1,3312.4401181898215
b3787,,1,0,0.46292764329859126,0.46292764329832514,2.6612045900265e-13,0,0.0
b3786,,1,0,0.46292764329859126,0.4629276432983317,2.595701431573616e-13,0,0.0
b0181,,1,422,0.46292764329859126,0.0,0.46292764329859126,1,3312.440118189837
b3189,,1,422,0.46292764329859126,0.0,0.46292764329859126,1,3312.440118189836
b0090,,1,422,0.46292764329859126,0.0,0.46292764329859126,1,3312.4401181898343
b0088,,1,422,0.46292764329859126,0.0,0.46292764329859126,1,3312.440118189837
b0091,,1,422,0.46292764329859126,0.0,0.46292764329859126,1,3312.440118189836
b3972,,1,422,0.46292764329859126,0.0,0.46292764329859126,1,3312.440118189835
b0841,,2,422,0.46292764329859126,0.0,0.46292764329859126,1,3312.440118189835
b3057,,2,422,0.46292764329859126,0.0,0.46292764329859126,1,3312.4401181898343
b0174,,1,422,0.46292764329859126,0.0,0.46292764329859126,1,3312.440118189837
b0759,,1,4,0.46292764329859126,0.4629276432983258,2.6545432518787493e-13,0,2.3223500883703886e-05
b2036,,1,4,0.46292764329859126,0.46292764329832536,2.65898414397725e-13,0,4.262809696195035e-08
b2028,,1,0,0.46292764329859126,0.46292764329859126,0.0,0,0.0
b2255,,2,0,0.46292764329859126,0.46292764329832997,2.612909888455306e-13,0,0.0
b2253,,1,0,0.46292764329859126,0.46292764329833086,2.6040281042583047e-13,0,0.0
b0758,,1,0,0.46292764329859126,0.4629276432983119,2.7938762414692064e-13,0,0.0
b0505,,1,4,0.46292764329859126,0.4629276432983277,2.6356694604601216e-13,0,4.2628096964343126e-08
b0086,,1,422,0.46292764329859126,0.0,0.46292764329859126,1,3312.4401181898347
b0096,,1,422,0.46292764329859126,0.0,0.46292764329859126,1,3312.4401181898365
b2258,,1,4,0.46292764329859126,0.46292764329831965,2.7161606297454455e-13,0,2.3223500883703577e-05
b4544,,1,0,0.46292764329859126,0.46292764329832836,2.6290081223123707e-13,0,0.0
b4233,,2,0,0.46292764329859126,0.4629276432983288,2.62456723021387e-13,0,0.0
b0171,,1,422,0.46292764329859126,0.0,0.46292764329859126,1,3312.440118189838
b2256,,1,0,0.46292764329859126,0.4629276432983339,2.573496971081113e-13,0,0.0
b2254,,1,0,0.46292764329859126,0.4629276432983108,2.8044233602031454e-13,0,0.0
b3803,,1,422,0.46292764329859126,0.0,0.46292764329859126,1,3312.4401181898347
b3804,,1,422,0.46292764329859126,0.0,0.46292764329859126,1,3312.440118189831
b3997,,1,422,0.46292764329859126,0.0,0.46292764329859126,1,3312.440118189839
b2498,,1,0,0.46292764329859126,0.46292764329833114,2.601252546696742e-13,0,0.0
b1011,,1,0,0.46292764329859126,0.4629276432983253,2.6595392554895625e-13,0,0.0
b2497,,1,0,0.46292764329859126,0.46292764329859126,0.0,0,0.0
b1006,,1,4,0.46292764329859126,0.46292764329838376,2.0750068330244176e-13,0,4.262809705862679e-08
b0517,,1,0,0.46292764329859126,0.4629276432983032,2.8804736373899686e-13,0,0.0
b0524,,1,422,0.46292764329859126,0.0,0.46292764329859126,1,3312.4401181898297
b4258,,1,0,0.46292764329859126,0.4629276432983207,2.7056135110115065e-13,0,0.0
b2682,,1,0,0.46292764329859126,0.46292764329859126,0.0,0,0.0
b2683,,1,0,0.46292764329859126,0.46292764329859126,0.0,0,0.0
b3572,,1,0,0.46292764329859126,0.46292764329835423,2.370326157574709e-13,0,0.0
b4197,,1,0,0.46292764329859126,0.4629276432983314,2.598476989135179e-13,0,0.0
b2882,,1,0,0.46292764329859126,0.46292764329859126,0.0,0,0.0
b3565,,2,0,0.46292764329859126,0.4629276432983255,2.657873920952625e-13,0,0.0
b3579,,1,0,0.46292764329859126,0.46292764329832753,2.6373347949970594e-13,0,0.0
b3577,,1,0,0.46292764329859126,0.46292764329832753,2.6373347949970594e-13,0,0.0
b3578,,1,0,0.46292764329859126,0.46292764329832753,2.6373347949970594e-13,0,0.0
b3567,,1,0,0.46292764329859126,0.46292764329859126,0.0,0,0.0
b3568,,1,0,0.46292764329859126,0.46292764329859126,0.0,0,0.0
b3566,,1,0,0.46292764329859126,0.46292764329859126,0.0,0,0.0
b4031,,1,0,0.46292764329859126,0.46292764329859126,0.0,0,0.0
b1857,,1,0,0.46292764329859126,0.46292764329859126,0.0,0,0.0
b1859,,1,0,0.46292764329859126,0.46292764329859126,0.0,0,0.0
b1858,,1,0,0.46292764329859126,0.46292764329859126,0.0,0,0.0
