gene_id,n_gpr_rxns,n_changed,b_wt,b_ko,delta_b,y_essential,kV
b0870,5,159,0.35343632816628623,0.3534329009672194,3.4271990668188757e-06,0,0.6352663455292049
b2551,6,407,0.35343632816628623,0.3470307577680688,0.006405570398217431,0,9.190107055068612
b3368,3,419,0.35343632816628623,0.0,0.35343632816628623,1,6068.349428825688
b2436,1,189,0.35343632816628623,0.3534310731549065,5.255011379712293e-06,0,1.2764542608184825e-06
b3500,1,6,0.35343632816628623,0.35343632816629555,-9.325873406851315e-15,0,0.024555295783854902
b0945,2,3,0.35343632816628623,0.3534363281663005,-1.426636586643326e-14,0,0.04100733075360307
b4467,3,8,0.35343632816628623,0.3534363281662751,1.1102230246251565e-14,0,0.6352371923856756
b2979,3,8,0.35343632816628623,0.3534363281662751,1.1102230246251565e-14,0,0.6352371923856756
b4468,3,8,0.35343632816628623,0.3534363281662751,1.1102230246251565e-14,0,0.6352371923856756
b3916,3,404,0.35343632816628623,0.34814688985907627,0.005289438307209959,0,54.52028350224131
b1260,3,419,0.35343632816628623,0.0,0.35343632816628623,1,6068.349428825686
b1261,3,419,0.35343632816628623,0.0,0.35343632816628623,1,6068.349428825688
b3426,1,6,0.35343632816628623,0.3534363281662869,-6.661338147750939e-16,0,0.02455529578461029
b2243,3,6,0.35343632816628623,0.35343632816628257,3.6637359812630166e-15,0,0.46778166883087235
b2242,3,6,0.35343632816628623,0.35343632816628257,3.6637359812630166e-15,0,0.46778166883087235
b2241,3,6,0.35343632816628623,0.35343632816628257,3.6637359812630166e-15,0,0.46778166883087235
b3770,5,419,0.35343632816628623,0.0,0.35343632816628623,1,6068.34942882569
b4054,4,419,0.35343632816628623,0.0,0.35343632816628623,1,6068.349428825688
b3281,1,419,0.35343632816628623,0.0,0.35343632816628623,1,6068.349428825687
b1692,3,419,0.35343632816628623,0.0,0.35343632816628623,1,6068.349428825688
b0243,1,419,0.35343632816628623,0.0,0.35343632816628623,1,6068.349428825687
b1613,1,0,0.35343632816628623,0.3534363281662845,1.7208456881689926e-15,0,0.0
b0414,2,419,0.35343632816628623,0.0,0.35343632816628623,1,6068.349428825687
b3041,1,419,0.35343632816628623,0.0,0.35343632816628623,1,6068.349428825687
b0025,2,419,0.35343632816628623,0.0,0.35343632816628623,1,6068.349428825688
b0446,4,10,0.35343632816628623,0.3534363281662796,6.6058269965196814e-15,0,0.6611411556082569
b3812,2,419,0.35343632816628623,0.0,0.35343632816628623,1,6068.349428825686
b0844,2,419,0.35343632816628623,0.0,0.35343632816628623,1,6068.349428825686
b1662,1,419,0.35343632816628623,0.0,0.35343632816628623,1,6068.349428825688
b0421,2,419,0.35343632816628623,0.0,0.35343632816628623,1,6068.349428825688
b3804,1,419,0.35343632816628623,0.0,0.35343632816628623,1,6068.349428825686
b3997,1,419,0.35343632816628623,0.0,0.35343632816628623,1,6068.349428825688
b4382,2,6,0.35343632816628623,0.3534363281662803,5.9396931817445875e-15,0,0.0005131546845150783
b0126,1,419,0.35343632816628623,0.0,0.35343632816628623,1,6068.349428825688
b0339,1,419,0.35343632816628623,0.0,0.35343632816628623,1,6068.349428825686
b4006,2,419,0.35343632816628623,0.0,0.35343632816628623,1,6068.349428825688
b2508,1,339,0.35343632816628623,0.3519473827000665,0.0014889454662197488,0,0.06996961147880934
b3846,19,441,0.35343632816628623,0.34505929763687276,0.008377030529413465,0,5.174874964756159
b2341,16,441,0.35343632816628623,0.3450592976368707,0.008377030529415519,0,5.174874964742091
b2400,1,419,0.35343632816628623,0.0,0.35343632816628623,1,6068.349428825686
b3993,1,419,0.35343632816628623,0.0,0.35343632816628623,1,6068.349428825686
b2066,4,6,0.35343632816628623,0.3534363281662793,6.938893903907228e-15,0,0.000513154684485286
b0238,3,6,0.35343632816628623,0.3534363281662881,-1.887379141862766e-15,0,0.02455529578429875
b0125,2,6,0.35343632816628623,0.3534363281662737,1.2545520178264269e-14,0,0.024555295785593702
b2518,8,12,0.35343632816628623,0.35343632816627596,1.0269562977782698e-14,0,1.2205047584957538
b0474,13,88,0.35343632816628623,0.3534342595440003,2.0686222859112036e-06,0,5.520138003920594
b1062,1,419,0.35343632816628623,0.0,0.35343632816628623,1,6068.349428825689
b1281,1,419,0.35343632816628623,0.0,0.35343632816628623,1,6068.349428825686
b0720,1,417,0.35343632816628623,0.0,0.35343632816628623,1,5689.059988793706
b1136,1,417,0.35343632816628623,0.0,0.35343632816628623,1,5689.059988793716
b0351,1,404,0.35343632816628623,0.34304688422432933,0.0103894439419569,0,256.66731317649106
b1241,3,404,0.35343632816628623,0.3430468842243218,0.010389443941964449,0,256.37444284780344
b4069,2,10,0.35343632816628623,0.35343632816627674,9.492406860545088e-15,0,0.25340796863997345
b4226,1,419,0.35343632816628623,0.0,0.35343632816628623,1,6068.349428825687
b2502,2,419,0.35343632816628623,0.0,0.35343632816628623,1,6068.349428825688
b2744,14,419,0.35343632816628623,0.0,0.35343632816628623,1,6068.349428825687
b3403,1,0,0.35343632816628623,0.35343632816629195,-5.717648576819556e-15,0,0.0
b1479,1,0,0.35343632816628623,0.35343632816628623,0.0,0,0.0
b1190,1,419,0.35343632816628623,0.0,0.35343632816628623,1,6068.34942882569
b4053,1,419,0.35343632816628623,0.0,0.35343632816628623,1,6068.349428825688
b2379,1,3,0.35343632816628623,0.3534363281662803,5.9396931817445875e-15,0,0.12686935984637915
b2290,1,11,0.35343632816628623,0.35343632816628157,4.6629367034256575e-15,0,0.363910597857666
b3564,2,0,0.35343632816628623,0.3534363281662753,1.0935696792557792e-14,0,0.0
b0063,3,8,0.35343632816628623,0.35343632816628423,1.9984014443252818e-15,0,0.23704123801209181
b3752,1,0,0.35343632816628623,0.35343632816628623,0.0,0,0.0
b3926,1,10,0.35343632816628623,0.3534363281662602,2.603472992745992e-14,0,1.1834802080665956
b4383,2,82,0.35343632816628623,0.3534342595440055,2.0686222807486665e-06,0,0.635188971594557
b0928,4,419,0.35343632816628623,0.0,0.35343632816628623,1,6068.349428825688
b3925,1,0,0.35343632816628623,0.3534363281662541,3.214095656289828e-14,0,0.0
b2930,1,0,0.35343632816628623,0.35343632816628623,0.0,0,0.0
b4232,1,0,0.35343632816628623,0.35343632816628623,0.0,0,0.0
b3697,6,6,0.35343632816628623,0.35343632816628434,1.887379141862766e-15,0,0.02455529578124809
b3430,1,0,0.35343632816628623,0.35343632816628623,0.0,0,0.0
b1676,1,6,0.35343632816628623,0.3534363281662757,1.0547118733938987e-14,0,0.024555295785008955
b1854,5,0,0.35343632816628623,0.35343632816627796,8.271161533457416e-15,0,0.0
b3197,1,419,0.35343632816628623,0.0,0.35343632816628623,1,6068.34942882569
b2708,1,419,0.35343632816628623,0.0,0.35343632816628623,1,6068.349428825689
b0072,2,419,0.35343632816628623,0.0,0.35343632816628623,1,6068.349428825686
b0071,2,419,0.35343632816628623,0.0,0.35343632816628623,1,6068.349428825687
b3671,2,419,0.35343632816628623,0.0,0.35343632816628623,1,6068.349428825689
b3670,2,419,0.35343632816628623,0.0,0.35343632816628623,1,6068.349428825687
b0078,2,419,0.35343632816628623,0.0,0.35343632816628623,1,6068.349428825687
b0077,2,419,0.35343632816628623,0.0,0.35343632816628623,1,6068.349428825688
b0908,1,419,0.35343632816628623,0.0,0.35343632816628623,1,6068.349428825692
b1264,1,419,0.35343632816628623,0.0,0.35343632816628623,1,6068.349428825688
b1263,2,419,0.35343632816628623,0.0,0.35343632816628623,1,6068.349428825685
b2599,2,419,0.35343632816628623,0.0,0.35343632816628623,1,6068.349428825688
b2600,2,419,0.35343632816628623,0.0,0.35343632816628623,1,6068.349428825687
b2329,1,419,0.35343632816628623,0.0,0.35343632816628623,1,6068.349428825688
b1262,2,419,0.35343632816628623,0.0,0.35343632816628623,1,6068.349428825686
b2779,1,426,0.35343632816628623,0.16332754053159498,0.19010878763469125,0,2412.2434063565643
b2097,1,5,0.35343632816628623,0.35343632816627685,9.381384558082573e-15,0,30.499411411133707
b2925,2,402,0.35343632816628623,0.34814688985907055,0.005289438307215677,0,42.682943668163695
b0963,1,10,0.35343632816628623,0.3534363281662824,3.83026943495679e-15,0,1.1834802080508906
b1702,1,0,0.35343632816628623,0.35343632816628623,0.0,0,0.0
b4025,1,414,0.35343632816628623,0.33170249402266333,0.0217338341436229,0,574.8583536870998
b2926,1,438,0.35343632816628623,0.1080554929863173,0.24538083517996895,0,4995.192872921905
b1850,2,6,0.35343632816628623,0.3534363281662826,3.608224830031759e-15,0,0.024555295785630933
b0767,1,6,0.35343632816628623,0.35343632816627807,8.1601392309949e-15,0,0.024555295785415543
b3386,1,330,0.35343632816628623,0.3519780443994636,0.00145828376682261,0,5.232237177848696
b2464,1,320,0.35343632816628623,0.3527048284229027,0.0007314997433835457,0,2.4885786329655835
b0008,1,320,0.35343632816628623,0.3527048284229027,0.0007314997433835457,0,2.4885786329655835
b2465,2,419,0.35343632816628623,0.0,0.35343632816628623,1,6068.349428825688
b2935,2,419,0.35343632816628623,0.0,0.35343632816628623,1,6068.349428825686
b0678,1,0,0.35343632816628623,0.35343632816628745,-1.2212453270876722e-15,0,0.0
b1478,2,404,0.35343632816628623,0.343046884224322,0.010389443941964227,0,256.3744428473527
b3011,3,6,0.35343632816628623,0.35343632816631654,-3.0309088572266774e-14,0,0.4677816688248182
b3003,1,10,0.35343632816628623,0.35343632816628534,8.881784197001252e-16,0,0.6611411556072515
b4269,2,10,0.35343632816628623,0.35343632816628673,-4.996003610813204e-16,0,0.6611411556088698
b0493,1,10,0.35343632816628623,0.35343632816628534,8.881784197001252e-16,0,0.6611411556072515
b3588,2,10,0.35343632816628623,0.35343632816628673,-4.996003610813204e-16,0,0.6611411556088698
b3903,2,6,0.35343632816628623,0.35343632816628257,3.6637359812630166e-15,0,0.02455529578538841
b3996,1,10,0.35343632816628623,0.3534363281662707,1.554312234475219e-14,0,1.1834802080561944
b2411,1,10,0.35343632816628623,0.3534363281662707,1.554312234475219e-14,0,1.1834802080561944
b0639,2,419,0.35343632816628623,0.0,0.35343632816628623,1,6068.349428825687
b4390,1,8,0.35343632816628623,0.3534363281662784,7.827072323607354e-15,0,0.488952643331191
b2103,2,419,0.35343632816628623,0.0,0.35343632816628623,1,6068.349428825687
b2418,4,6,0.35343632816628623,0.3534363281662741,1.2101430968414206e-14,0,0.0005131546845723591
b3831,1,0,0.35343632816628623,0.3534363281662771,9.103828801926284e-15,0,0.0
b4384,7,84,0.35343632816628623,0.3534342595440025,2.0686222837462687e-06,0,1.1834073696158405
b3073,1,0,0.35343632816628623,0.35343632816627835,7.882583474838611e-15,0,0.0
b3008,2,419,0.35343632816628623,0.0,0.35343632816628623,1,6068.349428825686
b3708,3,294,0.35343632816628623,0.35317444052575375,0.0002618876405324766,0,0.005431759899249379
b1134,3,6,0.35343632816628623,0.3534363281662726,1.3655743202889425e-14,0,0.024555295785323446
b3614,3,0,0.35343632816628623,0.35343632816628623,0.0,0,0.0
b3642,1,419,0.35343632816628623,0.0,0.35343632816628623,1,6068.349428825686
b0415,1,419,0.35343632816628623,0.0,0.35343632816628623,1,6068.349428825688
b3771,2,419,0.35343632816628623,0.0,0.35343632816628623,1,6068.349428825686
b3885,1,6,0.35343632816628623,0.35343632816628234,3.885780586188048e-15,0,0.0005131546844680303
b2293,8,12,0.35343632816628623,0.35343632816628895,-2.7200464103316335e-15,0,1.2205047584899518
b3114,2,410,0.35343632816628623,0.3172810341237814,0.03615529404250484,0,2533.998475146222
b3951,1,411,0.35343632816628623,0.3172810341237564,0.03615529404252982,0,2534.00124216345
b3952,1,411,0.35343632816628623,0.3172810341237564,0.03615529404252982,0,2534.00124216345
b0902,2,410,0.35343632816628623,0.3172810341237814,0.03615529404250484,0,2533.998475146222
b0903,2,410,0.35343632816628623,0.3172810341237814,0.03615529404250484,0,2533.998475146222
b2579,2,410,0.35343632816628623,0.3172810341237814,0.03615529404250484,0,2533.998475146222
b4154,2,8,0.35343632816628623,0.3534363281662823,3.941291737419306e-15,0,0.6352371923797276
b4151,2,8,0.35343632816628623,0.3534363281662823,3.941291737419306e-15,0,0.6352371923797276
b4153,2,8,0.35343632816628623,0.3534363281662823,3.941291737419306e-15,0,0.6352371923797276
b4152,2,8,0.35343632816628623,0.3534363281662823,3.941291737419306e-15,0,0.6352371923797276
b0871,1,0,0.35343632816628623,0.35343632816628623,0.0,0,0.0
b2458,1,415,0.35343632816628623,0.2966536787801697,0.056782649386116546,0,2843.513094525716
b2297,2,416,0.35343632816628623,0.2966536787801882,0.056782649386098005,0,2843.20491368106
b3115,2,417,0.35343632816628623,0.2966536787801788,0.05678264938610744,0,2843.1884224419564
b2296,1,415,0.35343632816628623,0.29665367878016596,0.056782649386120265,0,2843.51309452429
b1849,2,417,0.35343632816628623,0.2966536787801542,0.056782649386132034,0,2843.198032939451
b3633,2,419,0.35343632816628623,0.0,0.35343632816628623,1,6068.34942882569
b0174,1,419,0.35343632816628623,0.0,0.35343632816628623,1,6068.349428825681
b0524,1,419,0.35343632816628623,0.0,0.35343632816628623,1,6068.34942882569
b0182,1,419,0.35343632816628623,0.0,0.35343632816628623,1,6068.349428825688
b0915,1,419,0.35343632816628623,0.0,0.35343632816628623,1,6068.349428825688
b0099,3,419,0.35343632816628623,0.0,0.35343632816628623,1,6068.349428825693
b2781,8,6,0.35343632816628623,0.35343632816630705,-2.0816681711721685e-14,0,0.0005131546841213669
b0160,2,0,0.35343632816628623,0.35343632816628207,4.163336342344337e-15,0,0.0
b1800,2,419,0.35343632816628623,0.0,0.35343632816628623,1,6068.349428825686
b0073,1,419,0.35343632816628623,0.0,0.35343632816628623,1,6068.349428825692
b0523,1,419,0.35343632816628623,0.0,0.35343632816628623,1,6068.349428825687
b1131,2,419,0.35343632816628623,0.0,0.35343632816628623,1,6068.349428825687
b2407,5,6,0.35343632816628623,0.35343632816628107,5.162537064506978e-15,0,0.024555295784626924
b2234,4,8,0.35343632816628623,0.35343632816628884,-2.609024107869118e-15,0,0.23704123801399096
b2235,4,8,0.35343632816628623,0.35343632816628884,-2.609024107869118e-15,0,0.23704123801399096
b3781,10,13,0.35343632816628623,0.3534363281662936,-7.382983113757291e-15,0,0.6734914353393991
b2582,10,13,0.35343632816628623,0.3534363281662936,-7.382983113757291e-15,0,0.6734914353393991
b2827,1,419,0.35343632816628623,0.0,0.35343632816628623,1,6068.349428825687
b1238,2,6,0.35343632816628623,0.3534363281662792,7.049916206369744e-15,0,0.02455529578498163
b3639,2,419,0.35343632816628623,0.0,0.35343632816628623,1,6068.349428825685
b1232,1,8,0.35343632816628623,0.35343632816627724,8.992806499463768e-15,0,0.02980143920146321
b1851,1,12,0.35343632816628623,0.3534363281662805,5.717648576819556e-15,0,1.2205047584939746
b1693,1,419,0.35343632816628623,0.0,0.35343632816628623,1,6068.349428825688
b4146,1,6,0.35343632816628623,0.35343632816627685,9.381384558082573e-15,0,0.4677816688309631
b1109,3,0,0.35343632816628623,0.35343632816628623,0.0,0,0.0
b1004,3,0,0.35343632816628623,0.35343632816628623,0.0,0,0.0
b0046,3,0,0.35343632816628623,0.35343632816628623,0.0,0,0.0
b3713,3,0,0.35343632816628623,0.35343632816628623,0.0,0,0.0
b3236,1,344,0.35343632816628623,0.3518409210262056,0.001595407140080607,0,1.1059772964543555
b4122,2,369,0.35343632816628623,0.35104860652889447,0.00238772163739176,0,5.884446943586108
b1611,1,371,0.35343632816628623,0.35104860652890274,0.0023877216373834886,0,6.277930664422708
b1612,1,371,0.35343632816628623,0.35104860652890274,0.0023877216373834886,0,6.277930664422708
b1638,2,6,0.35343632816628623,0.3534363281662881,-1.887379141862766e-15,0,0.024555295785734274
b0907,3,419,0.35343632816628623,0.0,0.35343632816628623,1,6068.349428825688
b1210,1,419,0.35343632816628623,0.0,0.35343632816628623,1,6068.349428825688
b3429,1,6,0.35343632816628623,0.3534363281662835,2.7200464103316335e-15,0,0.0005131546844698872
b3417,5,6,0.35343632816628623,0.35343632816630105,-1.482147737874584e-14,0,0.02455529578374218
b3428,2,6,0.35343632816628623,0.35343632816626563,2.0594637106796654e-14,0,0.024555295786114838
b0428,1,6,0.35343632816628623,0.353436328166278,8.215650382226158e-15,0,0.024555295785124547
b0120,1,6,0.35343632816628623,0.35343632816628656,-3.3306690738754696e-16,0,0.02455529578528911
b2937,1,10,0.35343632816628623,0.3534363281662859,3.3306690738754696e-16,0,0.2534079686404239
b4117,1,8,0.35343632816628623,0.35343632816628207,4.163336342344337e-15,0,0.6352371923764664
b3172,1,419,0.35343632816628623,0.0,0.35343632816628623,1,6068.34942882569
b3958,1,419,0.35343632816628623,0.0,0.35343632816628623,1,6068.349428825688
b0121,2,0,0.35343632816628623,0.3534363281662668,1.942890293094024e-14,0,0.0
b0154,1,419,0.35343632816628623,0.0,0.35343632816628623,1,6068.349428825689
b0918,1,419,0.35343632816628623,0.0,0.35343632816628623,1,6068.349428825688
b4322,1,6,0.35343632816628623,0.35343632816627807,8.1601392309949e-15,0,0.000513154684361568
b3091,1,6,0.35343632816628623,0.35343632816627657,9.658940314238862e-15,0,0.46778166882661865
b3092,2,10,0.35343632816628623,0.353436328166281,5.218048215738236e-15,0,1.1834802080525568
b3176,1,419,0.35343632816628623,0.0,0.35343632816628623,1,6068.349428825688
b3730,2,419,0.35343632816628623,0.0,0.35343632816628623,1,6068.349428825688
b3189,1,419,0.35343632816628623,0.0,0.35343632816628623,1,6068.349428825688
b3967,1,419,0.35343632816628623,0.0,0.35343632816628623,1,6068.349428825687
b3786,1,6,0.35343632816628623,0.3534363281662777,8.548717289613705e-15,0,0.02455529578500707
b2323,13,419,0.35343632816628623,0.0,0.35343632816628623,1,6068.349428825686
b2232,2,8,0.35343632816628623,0.3534363281662713,1.4932499681208355e-14,0,0.029801439202169544
b0593,1,0,0.35343632816628623,0.35343632816628623,0.0,0,0.0
b0142,1,419,0.35343632816628623,0.0,0.35343632816628623,1,6068.349428825686
b3634,1,419,0.35343632816628623,0.0,0.35343632816628623,1,6068.349428825687
b0394,1,6,0.35343632816628623,0.3534363281662907,-4.496403249731884e-15,0,0.0005131546844269157
b0173,1,419,0.35343632816628623,0.0,0.35343632816628623,1,6068.349428825686
b3843,1,419,0.35343632816628623,0.0,0.35343632816628623,1,6068.349428825686
b0477,2,6,0.35343632816628623,0.3534363281662774,8.826273045769994e-15,0,0.0005131546844437968
b1302,3,419,0.35343632816628623,0.0,0.35343632816628623,1,6068.349428825688
b2662,3,419,0.35343632816628623,0.0,0.35343632816628623,1,6068.34942882569
b1525,2,6,0.35343632816628623,0.3534363281663014,-1.5154544286133387e-14,0,0.46778166882340727
b4139,1,6,0.35343632816628623,0.3534363281663051,-1.887379141862766e-14,0,0.024555295784044886
b3117,2,419,0.35343632816628623,0.0,0.35343632816628623,1,6068.349428825688
b2797,1,8,0.35343632816628623,0.3534363281662786,7.605027718682322e-15,0,0.9390981521078495
b1814,1,0,0.35343632816628623,0.35343632816628034,5.88418203051333e-15,0,0.0
b4471,1,0,0.35343632816628623,0.35343632816628034,5.88418203051333e-15,0,0.0
b3616,1,0,0.35343632816628623,0.353436328166271,1.5210055437364645e-14,0,0.0
b3589,1,0,0.35343632816628623,0.353436328166271,1.5210055437364645e-14,0,0.0
b3774,3,419,0.35343632816628623,0.0,0.35343632816628623,1,6068.349428825688
b0185,1,419,0.35343632816628623,0.0,0.35343632816628623,1,6068.349428825686
b3256,1,419,0.35343632816628623,0.0,0.35343632816628623,1,6068.349428825686
b3255,1,419,0.35343632816628623,0.0,0.35343632816628623,1,6068.349428825688
b2316,1,419,0.35343632816628623,0.0,0.35343632816628623,1,6068.349428825688
b2615,1,419,0.35343632816628623,0.0,0.35343632816628623,1,6068.34942882569
b2265,1,8,0.35343632816628623,0.3534363281662821,4.107825191113079e-15,0,0.6352371923775635
b2261,1,6,0.35343632816628623,0.3534363281662735,1.2712053631958042e-14,0,0.46778166883368455
b0596,1,0,0.35343632816628623,0.3534363281662784,7.827072323607354e-15,0,0.0
b0595,1,0,0.35343632816628623,0.3534363281662784,7.827072323607354e-15,0,0.0
b4198,1,6,0.35343632816628623,0.3534363281662745,1.1712852909795402e-14,0,0.024555295785213586
b0061,1,6,0.35343632816628623,0.3534363281662745,1.1712852909795402e-14,0,0.024555295785213586
b3583,1,6,0.35343632816628623,0.3534363281662745,1.1712852909795402e-14,0,0.024555295785213586
b4374,3,6,0.35343632816628623,0.35343632816628934,-3.1086244689504383e-15,0,0.4677816688267282
b0675,7,8,0.35343632816628623,0.3534363281662762,1.0047518372857667e-14,0,0.6352371923839191
b2291,6,6,0.35343632816628623,0.3534363281662874,-1.1657341758564144e-15,0,0.024555295785203463
b2361,8,8,0.35343632816628623,0.35343632816627096,1.5265566588595902e-14,0,0.6352371923829299
b1651,1,6,0.35343632816628623,0.35343632816628057,5.662137425588298e-15,0,0.024555295785544835
b0766,2,8,0.35343632816628623,0.3534363281662842,2.0539125955565396e-15,0,0.6352371923780731
b3826,6,0,0.35343632816628623,0.3534363281662939,-7.66053886991358e-15,0,0.0
b0758,1,0,0.35343632816628623,0.353436328166282,4.218847493575595e-15,0,0.0
b0420,1,419,0.35343632816628623,0.0,0.35343632816628623,1,6068.349428825695
b1208,1,419,0.35343632816628623,0.0,0.35343632816628623,1,6068.349428825686
b2746,1,419,0.35343632816628623,0.0,0.35343632816628623,1,6068.349428825688
b3526,1,8,0.35343632816628623,0.35343632816628207,4.163336342344337e-15,0,0.029801439201811716
b3565,2,6,0.35343632816628623,0.35343632816627835,7.882583474838611e-15,0,0.46778166883040084
b2048,1,8,0.35343632816628623,0.3534363281662808,5.440092820663267e-15,0,0.6352371923803249
b4015,1,8,0.35343632816628623,0.35343632816628207,4.163336342344337e-15,0,0.635237192377371
b0116,3,239,0.35343632816628623,0.3534191400746804,1.7188091605835343e-05,0,0.24250549153692755
b2903,1,10,0.35343632816628623,0.35343632816629056,-4.3298697960381105e-15,0,0.6611411556055932
b2904,1,10,0.35343632816628623,0.35343632816629056,-4.3298697960381105e-15,0,0.6611411556055932
b2905,1,10,0.35343632816628623,0.35343632816629056,-4.3298697960381105e-15,0,0.6611411556055932
b0261,2,6,0.35343632816628623,0.35343632816628606,1.6653345369377348e-16,0,0.4677816688281801
b0759,1,10,0.35343632816628623,0.3534363281662825,3.7192471324942744e-15,0,1.1834802080541862
b0344,1,6,0.35343632816628623,0.3534363281662735,1.2712053631958042e-14,0,0.4677816688315326
b4239,1,0,0.35343632816628623,0.35343632816628623,0.0,0,0.0
b3956,1,406,0.35343632816628623,0.3320871362012342,0.021349191965052028,0,74.1624111177056
b0822,7,8,0.35343632816628623,0.35343632816627657,9.658940314238862e-15,0,0.23704123801548105
b2540,2,0,0.35343632816628623,0.35343632816628223,3.9968028886505635e-15,0,0.0
b2542,2,0,0.35343632816628623,0.35343632816628223,3.9968028886505635e-15,0,0.0
b2539,2,0,0.35343632816628623,0.35343632816628223,3.9968028886505635e-15,0,0.0
b2538,2,0,0.35343632816628623,0.35343632816628223,3.9968028886505635e-15,0,0.0
b2541,2,6,0.35343632816628623,0.3534363281662757,1.0547118733938987e-14,0,0.02455529578631692
b0616,1,0,0.35343632816628623,0.3534363281662702,1.6042722705833512e-14,0,0.0
b0617,1,0,0.35343632816628623,0.3534363281662702,1.6042722705833512e-14,0,0.0
b0614,1,0,0.35343632816628623,0.3534363281662702,1.6042722705833512e-14,0,0.0
b0615,1,0,0.35343632816628623,0.3534363281662702,1.6042722705833512e-14,0,0.0
b2052,2,0,0.35343632816628623,0.3534363281662922,-5.995204332975845e-15,0,0.0
b1636,1,6,0.35343632816628623,0.3534363281662892,-2.9976021664879227e-15,0,0.46778166882381245
b1277,1,419,0.35343632816628623,0.0,0.35343632816628623,1,6068.349428825687
b2751,1,419,0.35343632816628623,0.0,0.35343632816628623,1,6068.349428825688
b2752,1,419,0.35343632816628623,0.0,0.35343632816628623,1,6068.349428825688
b2799,1,10,0.35343632816628623,0.35343632816628295,3.2751579226442118e-15,0,0.6611411556099415
b3902,1,6,0.35343632816628623,0.3534363281662578,2.842170943040401e-14,0,0.46778166883345296
b2705,1,0,0.35343632816628623,0.35343632816627035,1.587618925213974e-14,0,0.0
b2091,1,0,0.35343632816628623,0.35343632816627896,7.271960811294775e-15,0,0.0
b3137,1,6,0.35343632816628623,0.35343632816628295,3.2751579226442118e-15,0,0.024555295785154068
b3132,1,6,0.35343632816628623,0.35343632816628295,3.2751579226442118e-15,0,0.024555295785154068
b2096,1,6,0.35343632816628623,0.35343632816628295,3.2751579226442118e-15,0,0.024555295785154068
b2095,1,6,0.35343632816628623,0.35343632816628295,3.2751579226442118e-15,0,0.024555295785154068
b4323,1,0,0.35343632816628623,0.35343632816628245,3.774758283725532e-15,0,0.0
b1521,1,0,0.35343632816628623,0.353436328166278,8.215650382226158e-15,0,0.0
b3385,1,0,0.35343632816628623,0.35343632816628767,-1.4432899320127035e-15,0,0.0
b0507,1,12,0.35343632816628623,0.3534363281662984,-1.2156942119645464e-14,0,1.2205047584881776
b3061,1,6,0.35343632816628623,0.3534363281662811,5.10702591327572e-15,0,0.4677816688300836
b3062,1,6,0.35343632816628623,0.3534363281662811,5.10702591327572e-15,0,0.4677816688300836
b3126,1,6,0.35343632816628623,0.3534363281662803,5.9396931817445875e-15,0,0.4677816688290983
b1095,9,419,0.35343632816628623,0.0,0.35343632816628623,1,6068.349428825687
b1054,1,8,0.35343632816628623,0.35343632816628034,5.88418203051333e-15,0,0.02980143920161131
b1855,2,10,0.35343632816628623,0.35343632816628473,1.4988010832439613e-15,0,1.1834802080525095
b2378,1,12,0.35343632816628623,0.3534363281662713,1.4932499681208355e-14,0,1.2205047584991358
b0109,1,419,0.35343632816628623,0.0,0.35343632816628623,1,6068.349428825687
b1094,26,419,0.35343632816628623,0.0,0.35343632816628623,1,6068.349428825687
b2836,23,439,0.35343632816628623,0.3450592976368754,0.008377030529410856,0,4.277669953265894
b2472,1,419,0.35343632816628623,0.0,0.35343632816628623,1,6068.349428825688
b1589,3,0,0.35343632816628623,0.35343632816628523,9.992007221626409e-16,0,0.0
b1588,3,6,0.35343632816628623,0.35343632816628046,5.773159728050814e-15,0,0.024555295785470645
b1587,3,6,0.35343632816628623,0.35343632816628046,5.773159728050814e-15,0,0.024555295785470645
b1590,3,6,0.35343632816628623,0.35343632816628046,5.773159728050814e-15,0,0.024555295785470645
b0894,4,0,0.35343632816628623,0.35343632816627346,1.27675647831893e-14,0,0.0
b0895,4,0,0.35343632816628623,0.35343632816627346,1.27675647831893e-14,0,0.0
b0896,4,0,0.35343632816628623,0.35343632816627346,1.27675647831893e-14,0,0.0
b3553,10,6,0.35343632816628623,0.3534363281662806,5.6066262743570405e-15,0,0.024555295785365302
b0638,1,8,0.35343632816628623,0.3534363281662796,6.6058269965196814e-15,0,0.2370412380138718
b3399,5,10,0.35343632816628623,0.35343632816628173,4.496403249731884e-15,0,0.2534079686402308
b0469,1,0,0.35343632816628623,0.35343632816628623,0.0,0,0.0
b3187,1,419,0.35343632816628623,0.0,0.35343632816628623,1,6068.349428825686
b3222,1,6,0.35343632816628623,0.3534363281662746,1.1601830607332886e-14,0,0.0005131546845687699
b3225,1,0,0.35343632816628623,0.3534363281662746,1.1601830607332886e-14,0,0.0
b1732,1,0,0.35343632816628623,0.35343632816628445,1.7763568394002505e-15,0,0.0
b3942,1,0,0.35343632816628623,0.35343632816628445,1.7763568394002505e-15,0,0.0
b0586,1,0,0.35343632816628623,0.3534363281662791,7.105427357601002e-15,0,0.0
b3794,1,10,0.35343632816628623,0.3534363281662793,6.938893903907228e-15,0,0.6611411556112472
b3693,1,6,0.35343632816628623,0.35343632816628034,5.88418203051333e-15,0,0.024555295785616375
b2901,1,10,0.35343632816628623,0.353436328166273,1.3211653993039363e-14,0,0.2534079686393173
b3721,2,6,0.35343632816628623,0.35343632816629206,-5.828670879282072e-15,0,0.024555295784573255
b2716,2,6,0.35343632816628623,0.35343632816629206,-5.828670879282072e-15,0,0.024555295784573255
b3416,4,6,0.35343632816628623,0.3534363281662813,4.9404924595819466e-15,0,0.024555295785327537
b1398,1,8,0.35343632816628623,0.35343632816627746,8.770761894538737e-15,0,0.6352371923801763
b0049,3,6,0.35343632816628623,0.35343632816627907,7.16093850883226e-15,0,0.46778166882761385
b3784,1,6,0.35343632816628623,0.3534363281662854,8.326672684688674e-16,0,0.02455529578459556
b4481,1,10,0.35343632816628623,0.3534363281662811,5.10702591327572e-15,0,1.183480208049318
b3052,2,12,0.35343632816628623,0.3534363281662853,9.43689570931383e-16,0,1.2205047584829691
b1896,1,8,0.35343632816628623,0.3534363281662813,4.9404924595819466e-15,0,0.23704123801394436
b0841,2,419,0.35343632816628623,0.0,0.35343632816628623,1,6068.34942882569
b1278,30,419,0.35343632816628623,0.0,0.35343632816628623,1,6068.349428825686
b3057,2,419,0.35343632816628623,0.0,0.35343632816628623,1,6068.349428825688
b3519,1,6,0.35343632816628623,0.35343632816628207,4.163336342344337e-15,0,0.0245552957839552
b0910,3,419,0.35343632816628623,0.0,0.35343632816628623,1,6068.349428825687
b3648,2,419,0.35343632816628623,0.0,0.35343632816628623,1,6068.349428825687
b1694,1,6,0.35343632816628623,0.3534363281662867,-4.440892098500626e-16,0,0.024555295784974136
b2221,3,0,0.35343632816628623,0.35343632816627407,1.2156942119645464e-14,0,0.0
b2222,3,0,0.35343632816628623,0.35343632816627407,1.2156942119645464e-14,0,0.0
b2039,1,6,0.35343632816628623,0.35343632816628495,1.27675647831893e-15,0,0.024555295784731278
b3789,1,6,0.35343632816628623,0.35343632816628495,1.27675647831893e-15,0,0.024555295784731278
b2041,1,6,0.35343632816628623,0.3534363281662863,-5.551115123125783e-17,0,0.024555295784661316
b3788,1,6,0.35343632816628623,0.3534363281662863,-5.551115123125783e-17,0,0.024555295784661316
b2036,1,10,0.35343632816628623,0.3534363281662784,7.827072323607354e-15,0,0.25340796864166604
b2038,1,6,0.35343632816628623,0.3534363281662761,1.0103029524088925e-14,0,0.46778166883156735
b2040,1,6,0.35343632816628623,0.35343632816627635,9.880984919163893e-15,0,0.4677816688329426
b0512,1,6,0.35343632816628623,0.3534363281662807,5.551115123125783e-15,0,0.4677816688295129
b3972,1,419,0.35343632816628623,0.0,0.35343632816628623,1,6068.349428825688
s0001,45,418,0.35343632816628623,0.0,0.35343632816628623,1,4688.110968634548
b3617,1,0,0.35343632816628623,0.35343632816628134,4.884981308350689e-15,0,0.0
b0030,5,10,0.35343632816628623,0.353436328166275,1.1213252548714081e-14,0,1.183480208057065
b0200,1,10,0.35343632816628623,0.3534363281662799,6.328271240363392e-15,0,0.25340796864062437
b0222,1,8,0.35343632816628623,0.3534363281662756,1.0602629885170245e-14,0,0.635237192385362
b0038,2,0,0.35343632816628623,0.3534363281662786,7.605027718682322e-15,0,0.0
b0036,2,0,0.35343632816628623,0.3534363281662834,2.831068712794149e-15,0,0.0
b3844,6,369,0.35343632816628623,0.35010851854676905,0.0033278096195171747,0,1.897757666369346
b2784,2,0,0.35343632816628623,0.35343632816628623,0.0,0,0.0
b2431,1,419,0.35343632816628623,0.0,0.35343632816628623,1,6068.349428825688
b1019,1,419,0.35343632816628623,0.0,0.35343632816628623,1,6068.349428825687
b0475,1,419,0.35343632816628623,0.0,0.35343632816628623,1,6068.349428825687
b4040,1,419,0.35343632816628623,0.0,0.35343632816628623,1,6068.349428825688
b3974,1,419,0.35343632816628623,0.0,0.35343632816628623,1,6068.34942882569
b0103,1,419,0.35343632816628623,0.0,0.35343632816628623,1,6068.349428825686
b2104,1,6,0.35343632816628623,0.35343632816624904,3.7192471324942744e-14,0,0.0005131546847744168
b1215,1,419,0.35343632816628623,0.0,0.35343632816628623,1,6068.349428825686
b3198,1,419,0.35343632816628623,0.0,0.35343632816628623,1,6068.349428825687
b1747,1,8,0.35343632816628623,0.3534363281662862,5.551115123125783e-17,0,0.02980143920029893
b1744,1,8,0.35343632816628623,0.353436328166287,-7.771561172376096e-16,0,0.48895264332907024
b0340,1,0,0.35343632816628623,0.3534363281662843,1.942890293094024e-15,0,0.0
b2988,2,8,0.35343632816628623,0.3534363281662786,7.605027718682322e-15,0,0.23704123801512775
b2883,1,12,0.35343632816628623,0.35343632816626924,1.6986412276764895e-14,0,1.2205047584927804
b1098,1,419,0.35343632816628623,0.0,0.35343632816628623,1,6068.349428825686
b0888,1,13,0.35343632816628623,0.3534363281662754,1.0824674490095276e-14,0,0.5272068862850862
b2690,7,0,0.35343632816628623,0.35343632816627774,8.493206138382448e-15,0,0.0
b0688,1,12,0.35343632816628623,0.3534363281662834,2.831068712794149e-15,0,1.220504758489196
b1317,1,12,0.35343632816628623,0.3534363281662834,2.831068712794149e-15,0,1.220504758489196
b2168,1,0,0.35343632816628623,0.3534363281662975,-1.1268763699945339e-14,0,0.0
b2687,1,419,0.35343632816628623,0.0,0.35343632816628623,1,6068.349428825688
b3581,1,6,0.35343632816628623,0.35343632816628107,5.162537064506978e-15,0,0.0005131546844646045
b4196,1,0,0.35343632816628623,0.3534363281662796,6.6058269965196814e-15,0,0.0
b3582,1,6,0.35343632816628623,0.3534363281662815,4.718447854656915e-15,0,0.024555295785038712
b4197,1,6,0.35343632816628623,0.3534363281662815,4.718447854656915e-15,0,0.024555295785038712
b3575,1,8,0.35343632816628623,0.3534363281662843,1.942890293094024e-15,0,0.4889526433289081
b0312,2,0,0.35343632816628623,0.35343632816628623,0.0,0,0.0
b0403,5,8,0.35343632816628623,0.3534363281663163,-3.008704396734174e-14,0,0.23704123800836002
b0207,2,0,0.35343632816628623,0.35343632816628623,0.0,0,0.0
b3012,2,0,0.35343632816628623,0.35343632816628623,0.0,0,0.0
b3962,1,0,0.35343632816628623,0.35343632816628623,0.0,0,0.0
b2764,4,419,0.35343632816628623,0.0,0.35343632816628623,1,6068.349428825688
b2763,4,419,0.35343632816628623,0.0,0.35343632816628623,1,6068.349428825687
b0937,2,6,0.35343632816628623,0.35343632816627174,1.4488410471358293e-14,0,0.024555295786073274
b2563,1,6,0.35343632816628623,0.3534363281662802,6.050715484207103e-15,0,0.46778166882757355
b3475,1,6,0.35343632816628623,0.3534363281662802,6.050715484207103e-15,0,0.46778166882757355
b2507,2,419,0.35343632816628623,0.0,0.35343632816628623,1,6068.349428825689
b1982,1,6,0.35343632816628623,0.35343632816629583,-9.603429163007604e-15,0,0.4677816688271948
b3360,1,419,0.35343632816628623,0.0,0.35343632816628623,1,6068.349428825689
b1812,1,419,0.35343632816628623,0.0,0.35343632816628623,1,6068.349428825686
b1096,2,419,0.35343632816628623,0.0,0.35343632816628623,1,6068.349428825688
b4039,2,419,0.35343632816628623,0.0,0.35343632816628623,1,6068.349428825689
b2416,21,410,0.35343632816628623,0.3316944280576789,0.021741900108607326,0,1003.8969950433209
b1200,1,13,0.35343632816628623,0.35343632816627946,6.772360450213455e-15,0,254.03429959822964
b2415,21,410,0.35343632816628623,0.33169442805762867,0.021741900108657564,0,1003.8969950421649
b1199,1,13,0.35343632816628623,0.35343632816627946,6.772360450213455e-15,0,254.03429959822964
b1198,1,13,0.35343632816628623,0.35343632816627946,6.772360450213455e-15,0,254.03429959822964
b0171,1,419,0.35343632816628623,0.0,0.35343632816628623,1,6068.349428825688
b4477,1,0,0.35343632816628623,0.3534363281662912,-4.9960036108132044e-15,0,0.0
b2498,1,0,0.35343632816628623,0.35343632816627835,7.882583474838611e-15,0,0.0
b2780,1,419,0.35343632816628623,0.0,0.35343632816628623,1,6068.349428825688
b0087,1,419,0.35343632816628623,0.0,0.35343632816628623,1,6068.349428825688
b0090,1,419,0.35343632816628623,0.0,0.35343632816628623,1,6068.349428825688
b3946,1,15,0.35343632816628623,0.35343632816628306,3.164135620181696e-15,0,245.52926101090887
b0825,1,13,0.35343632816628623,0.3534363281662646,2.1649348980190553e-14,0,254.03429959813838
b3619,1,0,0.35343632816628623,0.3534363281662809,5.329070518200751e-15,0,0.0
b4267,2,0,0.35343632816628623,0.3534363281662793,6.938893903907228e-15,0,0.0
b1033,4,0,0.35343632816628623,0.35343632816628623,0.0,0,0.0
b3957,1,419,0.35343632816628623,0.0,0.35343632816628623,1,6068.349428825688
b1623,2,6,0.35343632816628623,0.3534363281662612,2.503552920529728e-14,0,0.024555295785080734
b3665,1,6,0.35343632816628623,0.3534363281662889,-2.6645352591003757e-15,0,0.02455529578441707
b4177,1,419,0.35343632816628623,0.0,0.35343632816628623,1,6068.349428825688
b0677,1,0,0.35343632816628623,0.3534363281662771,9.103828801926284e-15,0,0.0
b0828,1,8,0.35343632816628623,0.3534363281662762,1.0047518372857667e-14,0,0.6352371923845205
b1767,1,8,0.35343632816628623,0.3534363281662762,1.0047518372857667e-14,0,0.6352371923845205
b0674,2,419,0.35343632816628623,0.0,0.35343632816628623,1,6068.349428825688
b3744,1,311,0.35343632816628623,0.35269693519580786,0.0007393929704783697,0,0.024616677680995104
b4245,1,419,0.35343632816628623,0.0,0.35343632816628623,1,6068.349428825688
b4244,1,419,0.35343632816628623,0.0,0.35343632816628623,1,6068.349428825688
b0029,2,419,0.35343632816628623,0.0,0.35343632816628623,1,6068.349428825687
b1092,1,419,0.35343632816628623,0.0,0.35343632816628623,1,6068.349428825688
b3809,1,419,0.35343632816628623,0.0,0.35343632816628623,1,6068.349428825688
b0031,1,419,0.35343632816628623,0.0,0.35343632816628623,1,6068.34942882569
b0003,2,419,0.35343632816628623,0.0,0.35343632816628623,1,6068.34942882569
b1748,3,419,0.35343632816628623,0.0,0.35343632816628623,1,6068.349428825687
b3359,2,419,0.35343632816628623,0.0,0.35343632816628623,1,6068.349428825688
b0004,1,419,0.35343632816628623,0.0,0.35343632816628623,1,6068.349428825687
b4013,1,419,0.35343632816628623,0.0,0.35343632816628623,1,6068.349428825689
b1704,1,419,0.35343632816628623,0.0,0.35343632816628623,1,6068.34942882569
b2601,1,419,0.35343632816628623,0.0,0.35343632816628623,1,6068.349428825686
b0754,1,419,0.35343632816628623,0.0,0.35343632816628623,1,6068.349428825687
b2700,1,6,0.35343632816628623,0.353436328166282,4.218847493575595e-15,0,0.0005131546843930373
b1768,1,0,0.35343632816628623,0.35343632816631615,-2.992051051364797e-14,0,0.0
b1014,2,6,0.35343632816628623,0.35343632816628406,2.1649348980190553e-15,0,0.4677816688308781
b1584,2,8,0.35343632816628623,0.3534363281662796,6.6058269965196814e-15,0,0.48895264333018096
b3790,1,8,0.35343632816628623,0.3534363281662872,-9.43689570931383e-16,0,0.6352371923799516
b4014,1,8,0.35343632816628623,0.3534363281662746,1.1601830607332886e-14,0,0.6352371923831055
b2976,1,8,0.35343632816628623,0.3534363281662746,1.1601830607332886e-14,0,0.6352371923831055
b1897,1,0,0.35343632816628623,0.35343632816628623,0.0,0,0.0
b3034,1,6,0.35343632816628623,0.3534363281662794,6.827871601444713e-15,0,0.4677816688255275
b3397,1,6,0.35343632816628623,0.3534363281662794,6.827871601444713e-15,0,0.4677816688255275
b0062,1,12,0.35343632816628623,0.3534363281662829,3.3306690738754696e-15,0,1.2205047584825457
b3600,1,0,0.35343632816628623,0.35343632816626985,1.637578961322106e-14,0,0.0
b3608,1,300,0.35343632816628623,0.3532227885383195,0.000213539627966719,0,1.2284627545650946
b4119,1,0,0.35343632816628623,0.3534363281662936,-7.382983113757291e-15,0,0.0
b2802,2,0,0.35343632816628623,0.35343632816628445,1.7763568394002505e-15,0,0.0
b2803,1,0,0.35343632816628623,0.3534363281662788,7.438494264988549e-15,0,0.0
b2800,1,0,0.35343632816628623,0.35343632816629206,-5.828670879282072e-15,0,0.0
b2738,1,0,0.35343632816628623,0.35343632816629206,-5.828670879282072e-15,0,0.0
b0335,1,10,0.35343632816628623,0.35343632816627674,9.492406860545088e-15,0,0.25340796863997345
b1236,1,0,0.35343632816628623,0.35343632816626996,1.6264767310758543e-14,0,0.0
b0179,1,419,0.35343632816628623,0.0,0.35343632816628623,1,6068.349428825692
b0085,1,419,0.35343632816628623,0.0,0.35343632816628623,1,6068.349428825688
b0091,1,419,0.35343632816628623,0.0,0.35343632816628623,1,6068.349428825688
b0088,1,419,0.35343632816628623,0.0,0.35343632816628623,1,6068.349428825687
b0505,1,8,0.35343632816628623,0.35343632816628345,2.7755575615628914e-15,0,0.029801439201343954
b0350,1,0,0.35343632816628623,0.3534363281662755,1.071365218763276e-14,0,0.0
b0352,1,0,0.35343632816628623,0.3534363281662755,1.071365218763276e-14,0,0.0
b0347,2,6,0.35343632816628623,0.3534363281662884,-2.1649348980190553e-15,0,0.024555295785066815
b0726,1,0,0.35343632816628623,0.35343632816628623,0.0,0,0.0
b0727,1,0,0.35343632816628623,0.35343632816628623,0.0,0,0.0
b3945,4,8,0.35343632816628623,0.3534363281662705,1.5709655798445965e-14,0,0.6352371923834474
b0131,1,419,0.35343632816628623,0.0,0.35343632816628623,1,6068.349428825688
b0086,1,419,0.35343632816628623,0.0,0.35343632816628623,1,6068.34942882569
b0096,1,419,0.35343632816628623,0.0,0.35343632816628623,1,6068.349428825686
b0181,1,419,0.35343632816628623,0.0,0.35343632816628623,1,6068.349428825686
b2019,1,419,0.35343632816628623,0.0,0.35343632816628623,1,6068.349428825688
b2020,1,419,0.35343632816628623,0.0,0.35343632816628623,1,6068.349428825688
b2022,2,419,0.35343632816628623,0.0,0.35343632816628623,1,6068.349428825687
b1207,1,13,0.35343632816628623,0.3534363281662785,7.716050021144838e-15,0,0.5731134728424159
b2026,2,419,0.35343632816628623,0.0,0.35343632816628623,1,6068.349428825684
b2024,1,419,0.35343632816628623,0.0,0.35343632816628623,1,6068.349428825688
b3607,1,419,0.35343632816628623,0.0,0.35343632816628623,1,6068.349428825688
b2421,1,419,0.35343632816628623,0.0,0.35343632816628623,1,6068.349428825688
b2414,1,419,0.35343632816628623,0.0,0.35343632816628623,1,6068.349428825688
b4214,1,419,0.35343632816628623,0.0,0.35343632816628623,1,6068.349428825684
b2762,2,419,0.35343632816628623,0.0,0.35343632816628623,1,6068.34942882569
b4024,1,419,0.35343632816628623,0.0,0.35343632816628623,1,6068.349428825686
b0002,2,419,0.35343632816628623,0.0,0.35343632816628623,1,6068.349428825692
b3940,2,419,0.35343632816628623,0.0,0.35343632816628623,1,6068.34942882569
b3433,1,419,0.35343632816628623,0.0,0.35343632816628623,1,6068.349428825688
b2838,1,419,0.35343632816628623,0.0,0.35343632816628623,1,6068.349428825688
b2942,1,419,0.35343632816628623,0.0,0.35343632816628623,1,6068.349428825687
b4192,1,6,0.35343632816628623,0.35343632816628157,4.6629367034256575e-15,0,0.0005131546844898789
b1993,2,0,0.35343632816628623,0.3534363281662759,1.0325074129013956e-14,0,0.0
b1992,1,6,0.35343632816628623,0.35343632816628845,-2.220446049250313e-15,0,0.024555295785042664
b0417,1,419,0.35343632816628623,0.0,0.35343632816628623,1,6068.349428825692
b0348,2,8,0.35343632816628623,0.35343632816627363,1.2601031329495527e-14,0,0.029801439201899947
b0349,2,6,0.35343632816628623,0.3534363281662761,1.0103029524088925e-14,0,0.024555295785986114
b3124,1,0,0.35343632816628623,0.35343632816628623,0.0,0,0.0
b0583,1,6,0.35343632816628623,0.3534363281662916,-5.384581669432009e-15,0,0.024555295784880634
b0732,1,0,0.35343632816628623,0.35343632816628356,2.6645352591003757e-15,0,0.0
b0517,1,8,0.35343632816628623,0.3534363281662739,1.2323475573339238e-14,0,0.23704123801567856
b0521,1,374,0.35343632816628623,0.34962591144074256,0.003810416725543664,0,0.8183543750216065
b3223,1,10,0.35343632816628623,0.3534363281662785,7.716050021144838e-15,0,0.25340796864120546
b2428,1,6,0.35343632816628623,0.35343632816626314,2.3092638912203256e-14,0,0.024555295786823705
b2162,2,8,0.35343632816628623,0.3534363281662897,-3.497202527569243e-15,0,0.6352371923784281
b0651,2,8,0.35343632816628623,0.3534363281662897,-3.497202527569243e-15,0,0.6352371923784281
b0522,1,419,0.35343632816628623,0.0,0.35343632816628623,1,6068.349428825688
b1779,6,437,0.35343632816628623,0.10805486584672992,0.24538146231955632,0,4995.170319268673
b2388,1,0,0.35343632816628623,0.35343632816628623,0.0,0,0.0
b2029,1,0,0.35343632816628623,0.3534363281662549,3.1308289294429414e-14,0,0.0
b0368,1,6,0.35343632816628623,0.35343632816627235,1.3877787807814457e-14,0,0.024555295784398495
b2463,1,0,0.35343632816628623,0.35343632816628623,0.0,0,0.0
b3960,1,419,0.35343632816628623,0.0,0.35343632816628623,1,6068.349428825687
b0032,1,0,0.35343632816628623,0.35343632816628623,0.0,0,0.0
b0033,1,0,0.35343632816628623,0.35343632816628623,0.0,0,0.0
b0242,1,419,0.35343632816628623,0.0,0.35343632816628623,1,6068.349428825688
b0074,1,419,0.35343632816628623,0.0,0.35343632816628623,1,6068.349428825686
b1091,3,419,0.35343632816628623,0.0,0.35343632816628623,1,6068.349428825686
b3908,1,6,0.35343632816628623,0.3534363281662828,3.4416913763379853e-15,0,0.024555295785189855
b1656,1,8,0.35343632816628623,0.3534363281662808,5.440092820663267e-15,0,0.635237192382607
b0159,3,419,0.35343632816628623,0.0,0.35343632816628623,1,6068.349428825689
b1106,1,6,0.35343632816628623,0.3534363281662767,9.547918011776346e-15,0,0.0005131546845063783
b1759,2,0,0.35343632816628623,0.35343632816628623,0.0,0,0.0
b2251,3,24,0.35343632816628623,0.35343632816629134,-5.10702591327572e-15,0,0.220203556662451
b0905,1,0,0.35343632816628623,0.35343632816628623,0.0,0,0.0
b3248,2,0,0.35343632816628623,0.35343632816628623,0.0,0,0.0
b0386,1,419,0.35343632816628623,0.0,0.35343632816628623,1,6068.349428825685
b3425,1,0,0.35343632816628623,0.3534363281662881,-1.887379141862766e-15,0,0.0
b2668,1,10,0.35343632816628623,0.35343632816628184,4.385380947269368e-15,0,1.1834802080547049
b2521,2,0,0.35343632816628623,0.35343632816628306,3.164135620181696e-15,0,0.0
b2053,1,0,0.35343632816628623,0.3534363281662869,-6.661338147750939e-16,0,0.0
b2920,1,0,0.35343632816628623,0.35343632816628623,0.0,0,0.0
b2143,2,10,0.35343632816628623,0.3534363281662893,-3.0531133177191805e-15,0,1.1834802080515014
b0778,1,419,0.35343632816628623,0.0,0.35343632816628623,1,6068.349428825686
b2065,1,6,0.35343632816628623,0.3534363281662814,4.829470157119431e-15,0,0.000513154684470379
b2478,1,419,0.35343632816628623,0.0,0.35343632816628623,1,6068.349428825686
b0337,1,8,0.35343632816628623,0.353436328166281,5.218048215738236e-15,0,0.939098152120922
b3729,1,419,0.35343632816628623,0.0,0.35343632816628623,1,6068.349428825693
b2688,1,6,0.35343632816628623,0.35343632816627896,7.271960811294775e-15,0,0.024555295785266235
b0485,1,6,0.35343632816628623,0.35343632816627557,1.0658141036401503e-14,0,0.024555295786012604
b1524,1,6,0.35343632816628623,0.35343632816627557,1.0658141036401503e-14,0,0.024555295786012604
b2312,1,419,0.35343632816628623,0.0,0.35343632816628623,1,6068.349428825693
b0104,1,0,0.35343632816628623,0.35343632816626885,1.73749903353837e-14,0,0.0
b1740,1,419,0.35343632816628623,0.0,0.35343632816628623,1,6068.349428825688
b3366,1,6,0.35343632816628623,0.35343632816628606,1.6653345369377348e-16,0,0.0005131546844375174
b3365,1,0,0.35343632816628623,0.35343632816628623,0.0,0,0.0
b4254,1,419,0.35343632816628623,0.0,0.35343632816628623,1,6068.349428825688
b0273,1,419,0.35343632816628623,0.0,0.35343632816628623,1,6068.349428825686
b2500,1,312,0.35343632816628623,0.35240305191463156,0.001033276251654669,0,0.04845514401421536
b3449,5,6,0.35343632816628623,0.35343632816627835,7.882583474838611e-15,0,0.4677816688291088
b0331,1,8,0.35343632816628623,0.35343632816628784,-1.609823385706477e-15,0,0.6352371923782449
b2210,2,0,0.35343632816628623,0.35343632816628623,0.0,0,0.0
b1746,1,10,0.35343632816628623,0.3534363281662089,7.732703366514215e-14,0,0.6611411556329329
b0052,1,419,0.35343632816628623,0.0,0.35343632816628623,1,6068.349428825691
b2564,1,419,0.35343632816628623,0.0,0.35343632816628623,1,6068.349428825687
b0369,1,419,0.35343632816628623,0.0,0.35343632816628623,1,6068.349428825692
b4005,1,419,0.35343632816628623,0.0,0.35343632816628623,1,6068.349428825689
b2557,1,419,0.35343632816628623,0.0,0.35343632816628623,1,6068.349428825686
b2441,1,6,0.35343632816628623,0.3534363281662787,7.549516567451064e-15,0,0.000513154684474501
b2440,1,8,0.35343632816628623,0.3534363281662797,6.5503158452884236e-15,0,0.6352371923814899
b2049,1,0,0.35343632816628623,0.35343632816628623,0.0,0,0.0
b3806,1,8,0.35343632816628623,0.35343632816628057,5.662137425588298e-15,0,0.23704123801369692
b2533,2,6,0.35343632816628623,0.3534363281662733,1.2934098236883074e-14,0,0.46778166883358663
b0333,1,0,0.35343632816628623,0.35343632816628584,3.885780586188048e-16,0,0.0
b3590,1,0,0.35343632816628623,0.35343632816628623,0.0,0,0.0
b2173,1,0,0.35343632816628623,0.35343632816628623,0.0,0,0.0
b2918,1,0,0.35343632816628623,0.35343632816628623,0.0,0,0.0
b2727,1,0,0.35343632816628623,0.35343632816628623,0.0,0,0.0
b4173,1,0,0.35343632816628623,0.35343632816628623,0.0,0,0.0
b4352,1,0,0.35343632816628623,0.35343632816628623,0.0,0,0.0
b4161,4,0,0.35343632816628623,0.35343632816628623,0.0,0,0.0
b1852,1,6,0.35343632816628623,0.35343632816627046,1.5765166949677223e-14,0,0.4677816688320717
b0134,1,419,0.35343632816628623,0.0,0.35343632816628623,1,6068.349428825688
b2028,1,8,0.35343632816628623,0.35343632816627985,6.38378239159465e-15,0,0.9390981521080257
b2787,1,8,0.35343632816628623,0.35343632816627557,1.0658141036401503e-14,0,0.6352371923818615
b2788,1,8,0.35343632816628623,0.35343632816627557,1.0658141036401503e-14,0,0.6352371923818615
b3791,1,12,0.35343632816628623,0.35343632816628556,6.661338147750939e-16,0,1.2205047584958724
b3787,1,6,0.35343632816628623,0.3534363281662824,3.83026943495679e-15,0,0.024555295785779696
b1415,2,0,0.35343632816628623,0.3534363281662583,2.7922109069322687e-14,0,0.0
b1493,1,10,0.35343632816628623,0.3534363281662814,4.829470157119431e-15,0,1.1834802080544378
b3517,1,10,0.35343632816628623,0.3534363281662814,4.829470157119431e-15,0,1.1834802080544378
b3551,3,6,0.35343632816628623,0.35343632816627885,7.382983113757291e-15,0,0.0005131546844957504
b2750,1,419,0.35343632816628623,0.0,0.35343632816628623,1,6068.349428825688
b1622,1,419,0.35343632816628623,0.0,0.35343632816628623,1,6068.349428825688
b3939,1,419,0.35343632816628623,0.0,0.35343632816628623,1,6068.349428825688
b2661,1,6,0.35343632816628623,0.3534363281662816,4.6074255521944e-15,0,0.02455529578548062
b0241,283,415,0.35343632816628623,0.0,0.35343632816628623,1,6527.9425961855095
b2215,285,415,0.35343632816628623,0.0,0.35343632816628623,1,6527.9425961855095
b0929,285,415,0.35343632816628623,0.0,0.35343632816628623,1,6527.9425961855095
b1377,284,415,0.35343632816628623,0.0,0.35343632816628623,1,6527.9425961855095
b0411,7,10,0.35343632816628623,0.3534363281662819,4.3298697960381105e-15,0,0.9713897138148986
b1319,1,419,0.35343632816628623,0.26755343865432074,0.08588288951196549,0,1297.6239644048974
b3875,3,419,0.35343632816628623,0.267553438654334,0.08588288951195222,0,1297.623964404989
b0957,1,419,0.35343632816628623,0.26755343865432074,0.08588288951196549,0,1297.6239644048974
b1805,10,8,0.35343632816628623,0.35343632816627457,1.1657341758564144e-14,0,0.23704123801711313
b1701,10,8,0.35343632816628623,0.35343632816627457,1.1657341758564144e-14,0,0.23704123801711313
b1646,1,0,0.35343632816628623,0.3534363281662777,8.548717289613705e-15,0,0.0
b2203,2,0,0.35343632816628623,0.35343632816628623,0.0,0,0.0
b2202,2,0,0.35343632816628623,0.35343632816628623,0.0,0,0.0
b2206,2,0,0.35343632816628623,0.35343632816628623,0.0,0,0.0
b2205,1,0,0.35343632816628623,0.35343632816628623,0.0,0,0.0
b2204,1,0,0.35343632816628623,0.35343632816628623,0.0,0,0.0
b0980,2,10,0.35343632816628623,0.3534363281662786,7.605027718682322e-15,0,0.25340796864125426
b0383,15,6,0.35343632816628623,0.3534363281662774,8.826273045769994e-15,0,0.4677816688349645
b1468,2,0,0.35343632816628623,0.3534363281662989,-1.2656542480726785e-14,0,0.0
b1224,2,0,0.35343632816628623,0.3534363281662989,-1.2656542480726785e-14,0,0.0
b1225,2,0,0.35343632816628623,0.3534363281662989,-1.2656542480726785e-14,0,0.0
b1226,2,0,0.35343632816628623,0.3534363281662989,-1.2656542480726785e-14,0,0.0
b1227,2,0,0.35343632816628623,0.3534363281662989,-1.2656542480726785e-14,0,0.0
b1466,2,0,0.35343632816628623,0.3534363281662989,-1.2656542480726785e-14,0,0.0
b1467,2,0,0.35343632816628623,0.3534363281662989,-1.2656542480726785e-14,0,0.0
b1465,2,0,0.35343632816628623,0.3534363281662989,-1.2656542480726785e-14,0,0.0
b1602,1,408,0.35343632816628623,0.3457972639155967,0.007639064250689553,0,129.67591994320915
b1603,1,408,0.35343632816628623,0.3457972639155967,0.007639064250689553,0,129.67591994320915
b0997,2,6,0.35343632816628623,0.3534363281662816,4.6074255521944e-15,0,0.4677816688387242
b0996,2,6,0.35343632816628623,0.3534363281662816,4.6074255521944e-15,0,0.4677816688387242
b1873,4,0,0.35343632816628623,0.3534363281662749,1.1324274851176597e-14,0,0.0
b1872,4,0,0.35343632816628623,0.3534363281662749,1.1324274851176597e-14,0,0.0
b3845,8,440,0.35343632816628623,0.34505929763687265,0.008377030529413576,0,4.724268498476677
b2342,8,440,0.35343632816628623,0.34505929763687265,0.008377030529413576,0,4.724268498476677
b4388,1,408,0.35343632816628623,0.343497445012207,0.009938883154079203,0,22.712346126569752
b0010,2,420,0.35343632816628623,0.2927410110659984,0.060695317100287804,0,3367.4356183300415
b3528,6,8,0.35343632816628623,0.3534363281662737,1.2545520178264269e-14,0,0.6352371923839779
b4123,9,6,0.35343632816628623,0.35343632816628534,8.881784197001252e-16,0,0.024555295784901225
b0621,4,8,0.35343632816628623,0.3534363281662682,1.8041124150158794e-14,0,0.6352371923845033
b4138,7,8,0.35343632816628623,0.3534363281662682,1.8041124150158794e-14,0,0.6352371923845033
b2417,6,410,0.35343632816628623,0.3316944280576389,0.02174190010864735,0,584.9142556155684
b2429,2,0,0.35343632816628623,0.35343632816628007,6.161737786669619e-15,0,0.0
b2423,5,419,0.35343632816628623,0.0,0.35343632816628623,1,6068.349428825688
b2422,5,419,0.35343632816628623,0.0,0.35343632816628623,1,6068.349428825688
b0764,3,419,0.35343632816628623,0.0,0.35343632816628623,1,6068.349428825688
b0765,3,419,0.35343632816628623,0.0,0.35343632816628623,1,6068.349428825692
b0763,3,419,0.35343632816628623,0.0,0.35343632816628623,1,6068.349428825684
b2425,5,419,0.35343632816628623,0.0,0.35343632816628623,1,6068.349428825686
b2424,5,419,0.35343632816628623,0.0,0.35343632816628623,1,6068.349428825686
b3917,5,419,0.35343632816628623,0.0,0.35343632816628623,1,6068.349428825688
b3063,1,10,0.35343632816628623,0.35343632816629234,-6.106226635438361e-15,0,0.2534079686384022
b2913,3,405,0.35343632816628623,0.3434974450122088,0.009938883154077427,0,21.871704351114175
b0366,3,12,0.35343632816628623,0.35343632816628306,3.164135620181696e-15,0,1.2205047584883069
b0367,3,12,0.35343632816628623,0.35343632816628306,3.164135620181696e-15,0,1.2205047584883069
b0365,3,12,0.35343632816628623,0.35343632816628306,3.164135620181696e-15,0,1.2205047584883069
b2964,11,8,0.35343632816628623,0.35343632816628157,4.6629367034256575e-15,0,0.6352371923798882
b2393,8,0,0.35343632816628623,0.35343632816628184,4.385380947269368e-15,0,0.0
b1291,1,310,0.35343632816628623,0.3529869193356818,0.00044940883060440306,0,0.4703938122126856
b1250,1,310,0.35343632816628623,0.3529869193356818,0.00044940883060440306,0,0.4703938122126856
b1363,1,310,0.35343632816628623,0.3529869193356818,0.00044940883060440306,0,0.4703938122126856
b3290,1,310,0.35343632816628623,0.3529869193356818,0.00044940883060440306,0,0.4703938122126856
b3747,1,310,0.35343632816628623,0.3529869193356818,0.00044940883060440306,0,0.4703938122126856
b3849,1,310,0.35343632816628623,0.3529869193356818,0.00044940883060440306,0,0.4703938122126856
b2587,1,0,0.35343632816628623,0.3534363281662818,4.440892098500626e-15,0,0.0
b4031,1,0,0.35343632816628623,0.35343632816628623,0.0,0,0.0
b0067,1,0,0.35343632816628623,0.35343632816627235,1.3877787807814457e-14,0,0.0
b0066,1,0,0.35343632816628623,0.35343632816627235,1.3877787807814457e-14,0,0.0
b0068,1,0,0.35343632816628623,0.35343632816627235,1.3877787807814457e-14,0,0.0
b2406,6,0,0.35343632816628623,0.35343632816628134,4.884981308350689e-15,0,0.0
b3460,5,0,0.35343632816628623,0.35343632816628623,0.0,0,0.0
b3455,5,0,0.35343632816628623,0.35343632816628623,0.0,0,0.0
b3454,5,0,0.35343632816628623,0.35343632816628623,0.0,0,0.0
b3457,5,0,0.35343632816628623,0.35343632816628623,0.0,0,0.0
b3456,5,0,0.35343632816628623,0.35343632816628623,0.0,0,0.0
b4240,1,0,0.35343632816628623,0.3534363281662748,1.1435297153639112e-14,0,0.0
b3161,2,8,0.35343632816628623,0.35343632816628306,3.164135620181696e-15,0,0.48895264332856603
b3709,1,0,0.35343632816628623,0.35343632816628634,-1.1102230246251565e-16,0,0.0
b0112,4,8,0.35343632816628623,0.35343632816627735,8.881784197001252e-15,0,0.6352371923803917
b1907,1,0,0.35343632816628623,0.35343632816628634,-1.1102230246251565e-16,0,0.0
b3567,1,0,0.35343632816628623,0.35343632816628623,0.0,0,0.0
b3566,1,0,0.35343632816628623,0.35343632816628623,0.0,0,0.0
b3568,1,0,0.35343632816628623,0.35343632816628623,0.0,0,0.0
b3577,2,0,0.35343632816628623,0.3534363281662876,-1.3877787807814457e-15,0,0.0
b3578,2,0,0.35343632816628623,0.3534363281662876,-1.3877787807814457e-15,0,0.0
b3579,2,0,0.35343632816628623,0.3534363281662876,-1.3877787807814457e-15,0,0.0
b3089,2,0,0.35343632816628623,0.35343632816628623,0.0,0,0.0
b2153,1,419,0.35343632816628623,0.0,0.35343632816628623,1,6068.34942882569
b0935,5,12,0.35343632816628623,0.35343632816628234,3.885780586188048e-15,0,1.2205047584898747
b0151,5,6,0.35343632816628623,0.3534363281662772,9.048317650695026e-15,0,0.46778166882884165
b0153,5,6,0.35343632816628623,0.3534363281662772,9.048317650695026e-15,0,0.46778166882884165
b0152,5,6,0.35343632816628623,0.3534363281662772,9.048317650695026e-15,0,0.46778166882884165
b0158,3,6,0.35343632816628623,0.35343632816628406,2.1649348980190553e-15,0,0.4677816688298721
b1709,3,6,0.35343632816628623,0.35343632816628406,2.1649348980190553e-15,0,0.4677816688298721
b1711,3,6,0.35343632816628623,0.35343632816628406,2.1649348980190553e-15,0,0.4677816688298721
b2223,3,8,0.35343632816628623,0.3534363281662919,-5.662137425588298e-15,0,0.23704123801174676
b1101,2,411,0.35343632816628623,0.33169442805766286,0.02174190010862337,0,575.9497553445791
b0679,1,0,0.35343632816628623,0.35343632816628445,1.7763568394002505e-15,0,0.0
b1817,6,410,0.35343632816628623,0.3316944280576222,0.021741900108664003,0,584.9142556147729
b1819,6,410,0.35343632816628623,0.3316944280576222,0.021741900108664003,0,584.9142556147729
b1818,6,410,0.35343632816628623,0.3316944280576222,0.021741900108664003,0,584.9142556147729
b3224,1,8,0.35343632816628623,0.3534363281662909,-4.6629367034256575e-15,0,0.635237192376644
b0311,1,8,0.35343632816628623,0.35343632816628995,-3.7192471324942744e-15,0,0.2370412380130702
b4381,1,6,0.35343632816628623,0.35343632816626935,1.687538997430238e-14,0,0.46778166883312317
b0592,2,8,0.35343632816628623,0.3534363281662775,8.715250743307479e-15,0,0.635237192384284
b0590,2,8,0.35343632816628623,0.3534363281662775,8.715250743307479e-15,0,0.635237192384284
b0588,2,8,0.35343632816628623,0.3534363281662775,8.715250743307479e-15,0,0.635237192384284
b0589,2,8,0.35343632816628623,0.3534363281662775,8.715250743307479e-15,0,0.635237192384284
b2841,1,0,0.35343632816628623,0.35343632816629195,-5.717648576819556e-15,0,0.0
b2310,3,0,0.35343632816628623,0.35343632816628623,0.0,0,0.0
b2306,4,0,0.35343632816628623,0.35343632816628623,0.0,0,0.0
b2307,4,0,0.35343632816628623,0.35343632816628623,0.0,0,0.0
b2308,4,0,0.35343632816628623,0.35343632816628623,0.0,0,0.0
b0864,1,0,0.35343632816628623,0.35343632816628623,0.0,0,0.0
b0861,1,0,0.35343632816628623,0.35343632816628623,0.0,0,0.0
b0860,1,0,0.35343632816628623,0.35343632816628623,0.0,0,0.0
b0863,1,0,0.35343632816628623,0.35343632816628623,0.0,0,0.0
b0862,1,0,0.35343632816628623,0.35343632816628623,0.0,0,0.0
b4115,1,8,0.35343632816628623,0.35343632816627685,9.381384558082573e-15,0,0.6352371923841383
b4193,1,6,0.35343632816628623,0.35343632816628584,3.885780586188048e-16,0,0.02455529578459921
b4195,1,6,0.35343632816628623,0.35343632816628584,3.885780586188048e-16,0,0.02455529578459921
b4194,1,6,0.35343632816628623,0.35343632816628584,3.885780586188048e-16,0,0.02455529578459921
b1453,1,8,0.35343632816628623,0.353436328166282,4.218847493575595e-15,0,0.939098152103282
b0654,2,0,0.35343632816628623,0.35343632816628623,0.0,0,0.0
b0655,2,0,0.35343632816628623,0.35343632816628623,0.0,0,0.0
b0652,2,0,0.35343632816628623,0.35343632816628623,0.0,0,0.0
b0653,2,0,0.35343632816628623,0.35343632816628623,0.0,0,0.0
b4077,2,0,0.35343632816628623,0.35343632816628623,0.0,0,0.0
b0480,17,0,0.35343632816628623,0.3534363281662897,-3.497202527569243e-15,0,0.0
b4055,17,10,0.35343632816628623,0.35343632816627685,9.381384558082573e-15,0,1.1834802080565514
b3127,3,8,0.35343632816628623,0.3534363281662586,2.7644553313166398e-14,0,0.6352371923871123
b2789,3,8,0.35343632816628623,0.3534363281662586,2.7644553313166398e-14,0,0.6352371923871123
b2943,2,10,0.35343632816628623,0.35343632816628406,2.1649348980190553e-15,0,0.253407968640156
b2663,1,8,0.35343632816628623,0.3534363281662883,-2.0539125955565396e-15,0,0.6352371923763513
b1918,1,0,0.35343632816628623,0.35343632816628623,0.0,0,0.0
b1917,1,0,0.35343632816628623,0.35343632816628623,0.0,0,0.0
b1920,1,0,0.35343632816628623,0.35343632816628623,0.0,0,0.0
b2704,2,8,0.35343632816628623,0.3534363281662707,1.554312234475219e-14,0,0.6352371923821603
b2702,2,8,0.35343632816628623,0.3534363281662707,1.554312234475219e-14,0,0.6352371923821603
b2703,2,8,0.35343632816628623,0.3534363281662707,1.554312234475219e-14,0,0.6352371923821603
b1197,1,0,0.35343632816628623,0.35343632816628623,0.0,0,0.0
b4515,1,0,0.35343632816628623,0.35343632816628623,0.0,0,0.0
b0733,1,0,0.35343632816628623,0.35343632816628623,0.0,0,0.0
b0734,1,0,0.35343632816628623,0.35343632816628623,0.0,0,0.0
b0979,2,0,0.35343632816628623,0.3534363281662813,4.9404924595819466e-15,0,0.0
b0978,2,0,0.35343632816628623,0.3534363281662813,4.9404924595819466e-15,0,0.0
b3734,1,417,0.35343632816628623,0.2588785891937507,0.09455773897253555,0,257.73232190204067
b3735,1,417,0.35343632816628623,0.2588785891937507,0.09455773897253555,0,257.73232190204067
b3736,1,417,0.35343632816628623,0.2588785891937507,0.09455773897253555,0,257.73232190204067
b3737,1,417,0.35343632816628623,0.2588785891937507,0.09455773897253555,0,257.73232190204067
b3731,1,417,0.35343632816628623,0.2588785891937507,0.09455773897253555,0,257.73232190204067
b3732,1,417,0.35343632816628623,0.2588785891937507,0.09455773897253555,0,257.73232190204067
b3733,1,417,0.35343632816628623,0.2588785891937507,0.09455773897253555,0,257.73232190204067
b3738,1,417,0.35343632816628623,0.2588785891937507,0.09455773897253555,0,257.73232190204067
b3739,1,417,0.35343632816628623,0.2588785891937507,0.09455773897253555,0,257.73232190204067
b4067,2,0,0.35343632816628623,0.35343632816628623,0.0,0,0.0
b3714,1,10,0.35343632816628623,0.3534363281662682,1.8041124150158794e-14,0,0.6611411556102097
b3654,3,10,0.35343632816628623,0.3534363281662682,1.8041124150158794e-14,0,0.6611411556102097
b3664,1,10,0.35343632816628623,0.3534363281662682,1.8041124150158794e-14,0,0.6611411556102097
b4088,2,6,0.35343632816628623,0.3534363281662748,1.1435297153639112e-14,0,0.024555295785591947
b4087,2,6,0.35343632816628623,0.3534363281662748,1.1435297153639112e-14,0,0.024555295785591947
b4086,2,6,0.35343632816628623,0.3534363281662748,1.1435297153639112e-14,0,0.024555295785591947
b0511,1,8,0.35343632816628623,0.35343632816628384,2.3869795029440866e-15,0,0.6352371923775744
b1901,1,0,0.35343632816628623,0.35343632816628623,0.0,0,0.0
b1900,1,0,0.35343632816628623,0.35343632816628623,0.0,0,0.0
b4460,1,0,0.35343632816628623,0.35343632816628623,0.0,0,0.0
b0124,1,0,0.35343632816628623,0.3534363281662843,1.942890293094024e-15,0,0.0
b0837,1,0,0.35343632816628623,0.3534363281662843,1.942890293094024e-15,0,0.0
b4464,2,2,0.35343632816628623,0.35343632816628445,1.7763568394002505e-15,0,200.0
b4064,2,2,0.35343632816628623,0.35343632816628445,1.7763568394002505e-15,0,200.0
b0974,3,0,0.35343632816628623,0.35343632816628623,0.0,0,0.0
b0973,3,0,0.35343632816628623,0.35343632816628623,0.0,0,0.0
b0972,3,0,0.35343632816628623,0.35343632816628623,0.0,0,0.0
b2997,3,0,0.35343632816628623,0.35343632816628623,0.0,0,0.0
b2996,3,0,0.35343632816628623,0.35343632816628623,0.0,0,0.0
b2995,3,0,0.35343632816628623,0.35343632816628623,0.0,0,0.0
b2994,3,0,0.35343632816628623,0.35343632816628623,0.0,0,0.0
b4289,1,10,0.35343632816628623,0.35343632816628584,3.885780586188048e-16,0,1.1834802080543567
b4288,1,10,0.35343632816628623,0.35343632816628584,3.885780586188048e-16,0,1.1834802080543567
b4290,1,10,0.35343632816628623,0.35343632816628584,3.885780586188048e-16,0,1.1834802080543567
b4287,1,10,0.35343632816628623,0.35343632816628584,3.885780586188048e-16,0,1.1834802080543567
b1102,1,8,0.35343632816628623,0.35343632816627757,8.659739592076221e-15,0,0.6352371923794367
b3006,10,10,0.35343632816628623,0.3534363281662779,8.326672684688674e-15,0,1.1834802080499107
b3005,10,10,0.35343632816628623,0.3534363281662779,8.326672684688674e-15,0,1.1834802080499107
b1252,10,10,0.35343632816628623,0.3534363281662779,8.326672684688674e-15,0,1.1834802080499107
b2315,1,419,0.35343632816628623,0.0,0.35343632816628623,1,6068.349428825687
b0612,1,8,0.35343632816628623,0.35343632816626824,1.7985612998927536e-14,0,0.029801439202001324
b0040,2,10,0.35343632816628623,0.3534363281662431,4.313216450668733e-14,0,0.2534079686472295
b2131,2,0,0.35343632816628623,0.35343632816628623,0.0,0,0.0
b2130,2,0,0.35343632816628623,0.35343632816628623,0.0,0,0.0
b2128,2,0,0.35343632816628623,0.35343632816628623,0.0,0,0.0
b2129,2,0,0.35343632816628623,0.35343632816628623,0.0,0,0.0
b3409,1,0,0.35343632816628623,0.35343632816628623,0.0,0,0.0
b2167,1,6,0.35343632816628623,0.35343632816628506,1.1657341758564144e-15,0,0.024555295784283643
b2169,1,6,0.35343632816628623,0.35343632816628506,1.1657341758564144e-15,0,0.024555295784283643
b2801,1,8,0.35343632816628623,0.35343632816628384,2.3869795029440866e-15,0,0.02980143920101726
b0584,1,0,0.35343632816628623,0.35343632816628306,3.164135620181696e-15,0,0.0
b0336,1,6,0.35343632816628623,0.35343632816628895,-2.7200464103316335e-15,0,0.024555295784887125
b0341,1,8,0.35343632816628623,0.35343632816628234,3.885780586188048e-15,0,0.6352371923807103
b3909,2,10,0.35343632816628623,0.35343632816626763,1.8596235662471372e-14,0,1.1834802080637046
b4036,7,8,0.35343632816628623,0.35343632816628145,4.773959005888173e-15,0,200.00051315468448
b4291,1,0,0.35343632816628623,0.3534363281662781,8.104628079763643e-15,0,0.0
b1119,1,8,0.35343632816628623,0.35343632816628273,3.497202527569243e-15,0,0.6352371923816985
b3829,1,419,0.35343632816628623,0.0,0.35343632816628623,1,6068.349428825686
b4019,1,419,0.35343632816628623,0.0,0.35343632816628623,1,6068.349428825686
b0887,2,6,0.35343632816628623,0.3534363281663128,-2.65898414397725e-14,0,0.02455529578379883
b0886,2,8,0.35343632816628623,0.3534363281663105,-2.425837308805967e-14,0,0.23704123800973043
b2476,1,419,0.35343632816628623,0.0,0.35343632816628623,1,6068.349428825688
b3125,1,0,0.35343632816628623,0.35343632816628157,4.6629367034256575e-15,0,0.0
b0509,1,6,0.35343632816628623,0.35343632816630194,-1.5709655798445965e-14,0,0.0245552957845312
b2501,2,6,0.35343632816628623,0.35343632816627985,6.38378239159465e-15,0,0.024555295784038478
b3941,1,419,0.35343632816628623,0.0,0.35343632816628623,1,6068.349428825688
b2574,4,419,0.35343632816628623,0.0,0.35343632816628623,1,6068.349428825687
b3177,1,419,0.35343632816628623,0.0,0.35343632816628623,1,6068.349428825688
b0529,2,406,0.35343632816628623,0.348109331603166,0.005326996563120245,0,6.273931323104977
b4132,1,0,0.35343632816628623,0.35343632816628623,0.0,0,0.0
b0750,1,419,0.35343632816628623,0.0,0.35343632816628623,1,6068.349428825688
b3605,2,6,0.35343632816628623,0.3534363281662777,8.548717289613705e-15,0,0.0005131546845293282
b0306,2,0,0.35343632816628623,0.35343632816628623,0.0,0,0.0
b0307,2,0,0.35343632816628623,0.35343632816628623,0.0,0,0.0
b0308,2,0,0.35343632816628623,0.35343632816628623,0.0,0,0.0
b0904,2,408,0.35343632816628623,0.31751087309463627,0.03592545507164996,0,2525.205334947441
b2492,2,408,0.35343632816628623,0.31751087309463627,0.03592545507164996,0,2525.205334947441
b3631,1,8,0.35343632816628623,0.35343632816627163,1.459943277382081e-14,0,0.4889526433294873
b0914,32,419,0.35343632816628623,0.0,0.35343632816628623,1,6068.349428825688
b1300,2,0,0.35343632816628623,0.35343632816630954,-2.3314683517128287e-14,0,0.0
b1967,1,0,0.35343632816628623,0.35343632816628623,0.0,0,0.0
b0933,5,12,0.35343632816628623,0.3534363281662708,1.5432100042289676e-14,0,1.2205047584989552
b0936,5,12,0.35343632816628623,0.3534363281662708,1.5432100042289676e-14,0,1.2205047584989552
b0934,5,12,0.35343632816628623,0.3534363281662708,1.5432100042289676e-14,0,1.2205047584989552
b2032,1,6,0.35343632816628623,0.35343632816628234,3.885780586188048e-15,0,0.024555295785371214
b2027,3,6,0.35343632816628623,0.3534363281662667,1.9539925233402755e-14,0,0.024555295786307475
b2035,3,6,0.35343632816628623,0.3534363281662667,1.9539925233402755e-14,0,0.024555295786307475
b3622,2,8,0.35343632816628623,0.3534363281662747,1.1546319456101628e-14,0,0.635237192384608
b0459,2,8,0.35343632816628623,0.35343632816627957,6.661338147750939e-15,0,0.23704123801453297
b0585,2,0,0.35343632816628623,0.3534363281662833,2.942091015256665e-15,0,0.0
b1326,1,6,0.35343632816628623,0.35343632816627035,1.587618925213974e-14,0,0.467781668828788
b1325,1,8,0.35343632816628623,0.35343632816627796,8.271161533457416e-15,0,0.6352371923830249
b0591,1,8,0.35343632816628623,0.35343632816627746,8.770761894538737e-15,0,0.63523719238281
b3035,9,8,0.35343632816628623,0.35343632816627746,8.770761894538737e-15,0,0.63523719238281
b0692,2,6,0.35343632816628623,0.353436328166286,2.220446049250313e-16,0,0.46778166882496663
b2014,1,0,0.35343632816628623,0.35343632816628623,0.0,0,0.0
b1296,1,0,0.35343632816628623,0.35343632816628623,0.0,0,0.0
b1298,1,10,0.35343632816628623,0.353436328166268,1.8207657603852567e-14,0,1.1834802080623206
b3374,1,6,0.35343632816628623,0.3534363281662784,7.827072323607354e-15,0,0.024555295785397103
b1308,1,0,0.35343632816628623,0.35343632816628623,0.0,0,0.0
b2197,1,0,0.35343632816628623,0.35343632816628623,0.0,0,0.0
b2201,1,0,0.35343632816628623,0.35343632816628623,0.0,0,0.0
b2200,1,0,0.35343632816628623,0.35343632816628623,0.0,0,0.0
b2199,1,0,0.35343632816628623,0.35343632816628623,0.0,0,0.0
b2198,1,0,0.35343632816628623,0.35343632816628623,0.0,0,0.0
b0622,2,0,0.35343632816628623,0.35343632816628623,0.0,0,0.0
b3785,3,0,0.35343632816628623,0.353436328166286,2.220446049250313e-16,0,0.0
b3793,3,0,0.35343632816628623,0.353436328166286,2.220446049250313e-16,0,0.0
b2552,2,0,0.35343632816628623,0.35343632816628623,0.0,0,0.0
b0756,1,6,0.35343632816628623,0.3534363281662658,2.042810365310288e-14,0,0.024555295786137403
b0484,1,0,0.35343632816628623,0.35343632816628623,0.0,0,0.0
b3469,6,0,0.35343632816628623,0.35343632816628623,0.0,0,0.0
b3626,1,6,0.35343632816628623,0.35343632816626414,2.2093438190040615e-14,0,0.0245552957861756
b3623,1,0,0.35343632816628623,0.35343632816628656,-3.3306690738754696e-16,0,0.0
b2257,1,0,0.35343632816628623,0.35343632816628406,2.1649348980190553e-15,0,0.0
b2711,1,0,0.35343632816628623,0.35343632816628623,0.0,0,0.0
b2710,1,0,0.35343632816628623,0.35343632816628623,0.0,0,0.0
b4111,5,12,0.35343632816628623,0.35343632816628684,-6.106226635438361e-16,0,0.6352507294244294
b1386,3,6,0.35343632816628623,0.3534363281662785,7.716050021144838e-15,0,0.024555295785788307
b4072,2,6,0.35343632816628623,0.353436328166279,7.216449660063518e-15,0,0.46778166882644373
b4073,2,6,0.35343632816628623,0.353436328166279,7.216449660063518e-15,0,0.46778166882644373
b4070,2,6,0.35343632816628623,0.353436328166279,7.216449660063518e-15,0,0.46778166882644373
b4071,2,6,0.35343632816628623,0.353436328166279,7.216449660063518e-15,0,0.46778166882644373
b3679,1,6,0.35343632816628623,0.35343632816628096,5.2735593669694936e-15,0,0.4677816688300035
b0110,4,10,0.35343632816628623,0.3534363281662885,-2.275957200481571e-15,0,0.25340796863764364
b1463,1,0,0.35343632816628623,0.353436328166285,1.2212453270876722e-15,0,0.0
b4219,1,0,0.35343632816628623,0.35343632816628623,0.0,0,0.0
b1832,1,0,0.35343632816628623,0.35343632816628623,0.0,0,0.0
b1778,1,0,0.35343632816628623,0.35343632816628623,0.0,0,0.0
b2871,1,0,0.35343632816628623,0.3534363281662805,5.717648576819556e-15,0,0.0
b0932,2,6,0.35343632816628623,0.35343632816630205,-1.582067810090848e-14,0,0.024555295783685482
b4260,2,6,0.35343632816628623,0.35343632816630205,-1.582067810090848e-14,0,0.024555295783685482
b2523,2,6,0.35343632816628623,0.35343632816630205,-1.582067810090848e-14,0,0.024555295783685482
b0237,3,10,0.35343632816628623,0.3534363281662723,1.3933298959045715e-14,0,1.1834802080577664
b2132,1,0,0.35343632816628623,0.35343632816627774,8.493206138382448e-15,0,0.0
b2239,5,8,0.35343632816628623,0.3534363281662819,4.3298697960381105e-15,0,0.2370412380123038
b2435,2,8,0.35343632816628623,0.35343632816629184,-5.6066262743570405e-15,0,0.6352371923774064
b0867,2,8,0.35343632816628623,0.35343632816629184,-5.6066262743570405e-15,0,0.6352371923774064
b2817,2,8,0.35343632816628623,0.35343632816629184,-5.6066262743570405e-15,0,0.6352371923774064
b4169,2,8,0.35343632816628623,0.35343632816629184,-5.6066262743570405e-15,0,0.6352371923774064
b3610,6,10,0.35343632816628623,0.35343632816627885,7.382983113757291e-15,0,0.25340796864180826
b2676,4,8,0.35343632816628623,0.35343632816628145,4.773959005888173e-15,0,0.23704123801507737
b1064,7,6,0.35343632816628623,0.35343632816628695,-7.216449660063518e-16,0,0.000513154684440935
b2675,4,8,0.35343632816628623,0.35343632816628145,4.773959005888173e-15,0,0.23704123801507737
b0849,6,10,0.35343632816628623,0.35343632816627885,7.382983113757291e-15,0,0.25340796864180826
b1654,6,10,0.35343632816628623,0.35343632816627885,7.382983113757291e-15,0,0.25340796864180826
b3336,1,6,0.35343632816628623,0.35343632816627646,9.769962616701378e-15,0,0.4677816688317049
b0123,2,6,0.35343632816628623,0.353436328166278,8.215650382226158e-15,0,0.46778166882961764
b1192,4,6,0.35343632816628623,0.3534363281662823,3.941291737419306e-15,0,0.024555295785463838
b1270,2,0,0.35343632816628623,0.3534363281662748,1.1435297153639112e-14,0,0.0
b1246,2,0,0.35343632816628623,0.35343632816627907,7.16093850883226e-15,0,0.0
b1247,2,0,0.35343632816628623,0.35343632816627907,7.16093850883226e-15,0,0.0
b1244,2,0,0.35343632816628623,0.35343632816627907,7.16093850883226e-15,0,0.0
b1245,2,0,0.35343632816628623,0.35343632816627907,7.16093850883226e-15,0,0.0
b1243,2,0,0.35343632816628623,0.35343632816627907,7.16093850883226e-15,0,0.0
b2180,2,0,0.35343632816628623,0.35343632816627907,7.16093850883226e-15,0,0.0
b2179,2,0,0.35343632816628623,0.35343632816627907,7.16093850883226e-15,0,0.0
b1329,1,0,0.35343632816628623,0.35343632816627907,7.16093850883226e-15,0,0.0
b2177,2,0,0.35343632816628623,0.35343632816627907,7.16093850883226e-15,0,0.0
b2178,2,0,0.35343632816628623,0.35343632816627907,7.16093850883226e-15,0,0.0
b0433,3,10,0.35343632816628623,0.3534363281662897,-3.497202527569243e-15,0,1.1834802080531939
b4367,3,6,0.35343632816628623,0.3534363281662843,1.942890293094024e-15,0,0.4677816688276155
b0573,2,6,0.35343632816628623,0.35343632816628645,-2.220446049250313e-16,0,0.467781668827837
b0572,2,6,0.35343632816628623,0.35343632816628645,-2.220446049250313e-16,0,0.467781668827837
b0575,2,6,0.35343632816628623,0.35343632816628645,-2.220446049250313e-16,0,0.467781668827837
b0574,2,6,0.35343632816628623,0.35343632816628645,-2.220446049250313e-16,0,0.467781668827837
b3915,7,10,0.35343632816628623,0.3534363281662771,9.103828801926284e-15,0,1.1834802080562348
b0752,5,0,0.35343632816628623,0.35343632816628623,0.0,0,0.0
b1859,1,0,0.35343632816628623,0.35343632816628623,0.0,0,0.0
b1858,1,0,0.35343632816628623,0.35343632816628623,0.0,0,0.0
b1857,1,0,0.35343632816628623,0.35343632816628623,0.0,0,0.0
b1981,1,8,0.35343632816628623,0.35343632816626985,1.637578961322106e-14,0,0.6352371923928503
b2392,2,6,0.35343632816628623,0.35343632816627085,1.5376588891058418e-14,0,0.4677816688317554
b0452,10,442,0.35343632816628623,0.34505929763687354,0.008377030529412688,0,5.205677682500291
b1927,1,0,0.35343632816628623,0.3534363281662821,4.107825191113079e-15,0,0.0
b3571,1,0,0.35343632816628623,0.35343632816628623,0.0,0,0.0
b3650,3,6,0.35343632816628623,0.35343632816628195,4.274358644806853e-15,0,0.024555295785546345
b2344,7,6,0.35343632816628623,0.35343632816627746,8.770761894538737e-15,0,0.02455529578585076
b4213,8,6,0.35343632816628623,0.35343632816627807,8.1601392309949e-15,0,0.024555295785507927
b1059,2,6,0.35343632816628623,0.35343632816628495,1.27675647831893e-15,0,0.0005131546845060783
b1727,4,6,0.35343632816628623,0.35343632816627524,1.099120794378905e-14,0,0.024555295785497595
b3580,2,8,0.35343632816628623,0.3534363281662746,1.1601830607332886e-14,0,0.6352371923807028
b2051,1,6,0.35343632816628623,0.3534363281662749,1.1324274851176597e-14,0,0.024555295785765686
b4265,3,0,0.35343632816628623,0.3534363281662798,6.439293542825908e-15,0,0.0
b3266,1,0,0.35343632816628623,0.35343632816628623,0.0,0,0.0
b3265,1,0,0.35343632816628623,0.35343632816628623,0.0,0,0.0
b3907,2,6,0.35343632816628623,0.35343632816628334,2.886579864025407e-15,0,0.4677816688301968
b3477,1,0,0.35343632816628623,0.35343632816628623,0.0,0,0.0
b3476,1,0,0.35343632816628623,0.35343632816628623,0.0,0,0.0
b3480,1,0,0.35343632816628623,0.35343632816628623,0.0,0,0.0
b3478,1,0,0.35343632816628623,0.35343632816628623,0.0,0,0.0
b3479,1,0,0.35343632816628623,0.35343632816628623,0.0,0,0.0
b4242,2,0,0.35343632816628623,0.35343632816628623,0.0,0,0.0
b4094,1,0,0.35343632816628623,0.35343632816628,6.217248937900877e-15,0,0.0
b0698,1,0,0.35343632816628623,0.35343632816628623,0.0,0,0.0
b0696,1,0,0.35343632816628623,0.35343632816628623,0.0,0,0.0
b0697,1,0,0.35343632816628623,0.35343632816628623,0.0,0,0.0
b4513,1,0,0.35343632816628623,0.35343632816628623,0.0,0,0.0
b3458,1,0,0.35343632816628623,0.35343632816628623,0.0,0,0.0
b2975,3,10,0.35343632816628623,0.35343632816628157,4.6629367034256575e-15,0,1.1834802080489877
b3603,3,10,0.35343632816628623,0.35343632816628157,4.6629367034256575e-15,0,1.1834802080489877
b4034,6,6,0.35343632816628623,0.3534363281662588,2.7422508708241367e-14,0,0.4677816688347731
b4035,6,6,0.35343632816628623,0.3534363281662588,2.7422508708241367e-14,0,0.4677816688347731
b4032,6,6,0.35343632816628623,0.3534363281662588,2.7422508708241367e-14,0,0.4677816688347731
b4033,6,6,0.35343632816628623,0.3534363281662588,2.7422508708241367e-14,0,0.4677816688347731
b3666,4,10,0.35343632816628623,0.3534363281662781,8.104628079763643e-15,0,1.183480208051506
b0731,1,0,0.35343632816628623,0.35343632816628434,1.887379141862766e-15,0,0.0
b4120,1,0,0.35343632816628623,0.35343632816628623,0.0,0,0.0
b0343,2,0,0.35343632816628623,0.3534363281662775,8.715250743307479e-15,0,0.0
b0197,2,8,0.35343632816628623,0.35343632816631554,-2.930988785010413e-14,0,0.23704123800575283
b0199,2,8,0.35343632816628623,0.35343632816631554,-2.930988785010413e-14,0,0.23704123800575283
b0198,2,8,0.35343632816628623,0.35343632816631554,-2.930988785010413e-14,0,0.23704123800575283
b1297,1,8,0.35343632816628623,0.3534363281662921,-5.88418203051333e-15,0,0.635237192378965
b2933,1,8,0.35343632816628623,0.3534363281662804,5.828670879282072e-15,0,0.23704123801190052
b2934,1,8,0.35343632816628623,0.3534363281662804,5.828670879282072e-15,0,0.23704123801190052
b3599,1,8,0.35343632816628623,0.3534363281662804,5.828670879282072e-15,0,0.23704123801190052
b1186,1,0,0.35343632816628623,0.35343632816628623,0.0,0,0.0
b0019,1,0,0.35343632816628623,0.35343632816628623,0.0,0,0.0
b0451,1,419,0.35343632816628623,0.0,0.35343632816628623,1,6068.349428825688
b0751,1,0,0.35343632816628623,0.3534363281662791,7.105427357601002e-15,0,0.0
b1223,2,6,0.35343632816628623,0.35343632816627757,8.659739592076221e-15,0,0.46778166882642924
b3367,1,6,0.35343632816628623,0.35343632816625287,3.3362201889985954e-14,0,0.024555295786716592
b1469,1,0,0.35343632816628623,0.35343632816628495,1.27675647831893e-15,0,0.0
b3728,1,0,0.35343632816628623,0.3534363281662828,3.4416913763379853e-15,0,0.0
b3727,1,0,0.35343632816628623,0.3534363281662828,3.4416913763379853e-15,0,0.0
b3726,1,0,0.35343632816628623,0.3534363281662828,3.4416913763379853e-15,0,0.0
b3725,1,0,0.35343632816628623,0.3534363281662828,3.4416913763379853e-15,0,0.0
b3258,1,10,0.35343632816628623,0.35343632816628595,2.7755575615628914e-16,0,1.1834802080516484
b3371,1,6,0.35343632816628623,0.35343632816627113,1.509903313490213e-14,0,0.02455529578599422
b2677,5,0,0.35343632816628623,0.35343632816628623,0.0,0,0.0
b2678,5,0,0.35343632816628623,0.35343632816628623,0.0,0,0.0
b2679,5,0,0.35343632816628623,0.35343632816628623,0.0,0,0.0
b0402,1,14,0.35343632816628623,0.3534363281662618,2.4424906541753444e-14,0,1.1834937451073542
b1015,2,14,0.35343632816628623,0.35343632816628534,8.881784197001252e-16,0,1.1834937450929797
b0854,1,0,0.35343632816628623,0.35343632816628623,0.0,0,0.0
b0855,1,0,0.35343632816628623,0.35343632816628623,0.0,0,0.0
b0856,1,0,0.35343632816628623,0.35343632816628623,0.0,0,0.0
b0857,1,0,0.35343632816628623,0.35343632816628623,0.0,0,0.0
b1440,2,0,0.35343632816628623,0.35343632816628623,0.0,0,0.0
b1441,2,0,0.35343632816628623,0.35343632816628623,0.0,0,0.0
b1442,2,0,0.35343632816628623,0.35343632816628623,0.0,0,0.0
b1443,2,0,0.35343632816628623,0.35343632816628623,0.0,0,0.0
b1126,2,0,0.35343632816628623,0.35343632816628623,0.0,0,0.0
b1125,2,0,0.35343632816628623,0.35343632816628623,0.0,0,0.0
b1124,2,0,0.35343632816628623,0.35343632816628623,0.0,0,0.0
b1123,2,0,0.35343632816628623,0.35343632816628623,0.0,0,0.0
b2957,2,10,0.35343632816628623,0.3534363281662627,2.353672812205332e-14,0,0.6611411556159962
b0150,3,8,0.35343632816628623,0.353436328166283,3.219646771412954e-15,0,0.23704123801355328
b1865,2,419,0.35343632816628623,0.0,0.35343632816628623,1,6068.349428825686
b2954,3,6,0.35343632816628623,0.35343632816627757,8.659739592076221e-15,0,0.0005131546844170608
b1002,2,10,0.35343632816628623,0.3534363281662779,8.326672684688674e-15,0,0.25340796863759285
b2938,1,0,0.35343632816628623,0.35343632816628623,0.0,0,0.0
b4090,2,409,0.35343632816628623,0.2264137101127272,0.12702261805355902,0,1138.2485808642682
b4084,1,6,0.35343632816628623,0.3534363281662766,9.603429163007604e-15,0,0.4677816688307158
b4085,1,12,0.35343632816628623,0.35343632816627546,1.0769163338864018e-14,0,1.2205047584969297
b4230,2,6,0.35343632816628623,0.3534363281662803,5.9396931817445875e-15,0,0.024555295785401297
b4231,2,6,0.35343632816628623,0.3534363281662803,5.9396931817445875e-15,0,0.024555295785401297
b4485,2,6,0.35343632816628623,0.3534363281662803,5.9396931817445875e-15,0,0.024555295785401297
b4227,2,6,0.35343632816628623,0.3534363281662803,5.9396931817445875e-15,0,0.024555295785401297
b3750,1,6,0.35343632816628623,0.3534363281662803,5.9396931817445875e-15,0,0.024555295785401297
b3751,1,6,0.35343632816628623,0.3534363281662803,5.9396931817445875e-15,0,0.024555295785401297
b3749,1,6,0.35343632816628623,0.3534363281662803,5.9396931817445875e-15,0,0.024555295785401297
b3748,1,6,0.35343632816628623,0.3534363281662803,5.9396931817445875e-15,0,0.024555295785401297
b0260,1,10,0.35343632816628623,0.35343632816628245,3.774758283725532e-15,0,1.183480208059979
b0810,1,0,0.35343632816628623,0.3534363281662819,4.3298697960381105e-15,0,0.0
b0811,1,0,0.35343632816628623,0.3534363281662819,4.3298697960381105e-15,0,0.0
b0809,1,0,0.35343632816628623,0.3534363281662819,4.3298697960381105e-15,0,0.0
b1492,1,10,0.35343632816628623,0.353436328166281,5.218048215738236e-15,0,1.18348020805251
b3653,1,0,0.35343632816628623,0.35343632816628623,0.0,0,0.0
b3927,4,10,0.35343632816628623,0.35343632816628556,6.661338147750939e-16,0,1.1834802080471083
b3959,1,419,0.35343632816628623,0.0,0.35343632816628623,1,6068.349428825688
b1528,3,8,0.35343632816628623,0.35343632816628306,3.164135620181696e-15,0,0.9390981521124271
b2170,1,0,0.35343632816628623,0.35343632816628623,0.0,0,0.0
b0070,1,0,0.35343632816628623,0.35343632816628623,0.0,0,0.0
b2303,1,0,0.35343632816628623,0.35343632816629567,-9.43689570931383e-15,0,0.0
b3028,3,0,0.35343632816628623,0.35343632816628623,0.0,0,0.0
b3432,1,0,0.35343632816628623,0.35343632816630044,-1.4210854715202004e-14,0,0.0
b3503,1,6,0.35343632816628623,0.3534363281662878,-1.5543122344752192e-15,0,0.46778166882850586
b4321,2,8,0.35343632816628623,0.353436328166289,-2.7755575615628914e-15,0,0.6352371923760651
b3792,1,8,0.35343632816628623,0.35343632816627557,1.0658141036401503e-14,0,0.63523719237691
b2033,1,6,0.35343632816628623,0.3534363281662857,5.551115123125783e-16,0,0.02455529578517204
b2034,1,6,0.35343632816628623,0.3534363281662776,8.604228440844963e-15,0,0.024555295784894078
b2037,1,8,0.35343632816628623,0.35343632816628245,3.774758283725532e-15,0,0.48895264332918414
b2175,6,6,0.35343632816628623,0.35343632816628057,5.662137425588298e-15,0,0.0005131546844980183
b0356,1,6,0.35343632816628623,0.3534363281662864,-1.6653345369377348e-16,0,0.02455529578363674
b2240,1,0,0.35343632816628623,0.35343632816627757,8.659739592076221e-15,0,0.0
b0875,1,419,0.35343632816628623,0.2675534386543336,0.08588288951195261,0,1297.6239644055454
b0353,2,0,0.35343632816628623,0.35343632816627785,8.382183835919932e-15,0,0.0
b2309,1,0,0.35343632816628623,0.35343632816628623,0.0,0,0.0
b0325,2,6,0.35343632816628623,0.3534363281662826,3.608224830031759e-15,0,0.02455529578529328
b2092,1,6,0.35343632816628623,0.3534363281662777,8.548717289613705e-15,0,0.4677816688293996
b2093,1,6,0.35343632816628623,0.3534363281662777,8.548717289613705e-15,0,0.4677816688293996
b2094,1,6,0.35343632816628623,0.3534363281662777,8.548717289613705e-15,0,0.4677816688293996
b3093,2,10,0.35343632816628623,0.3534363281662777,8.548717289613705e-15,0,1.1834802080541498
b4476,1,6,0.35343632816628623,0.353436328166285,1.2212453270876722e-15,0,0.02455529578494673
b3415,1,6,0.35343632816628623,0.353436328166285,1.2212453270876722e-15,0,0.02455529578494673
b1621,2,411,0.35343632816628623,0.3316944280576329,0.021741900108653345,0,575.9497553434197
b2021,1,419,0.35343632816628623,0.0,0.35343632816628623,1,6068.349428825686
b0166,1,419,0.35343632816628623,0.0,0.35343632816628623,1,6068.349428825688
b1519,1,0,0.35343632816628623,0.35343632816628456,1.6653345369377348e-15,0,0.0
b4268,1,0,0.35343632816628623,0.35343632816628623,0.0,0,0.0
b3437,1,0,0.35343632816628623,0.35343632816628623,0.0,0,0.0
b3805,1,419,0.35343632816628623,0.0,0.35343632816628623,1,6068.349428825688
b3904,1,6,0.35343632816628623,0.3534363281662855,7.216449660063518e-16,0,0.0005131546845053311
b2486,1,0,0.35343632816628623,0.35343632816628623,0.0,0,0.0
b2490,1,0,0.35343632816628623,0.35343632816628623,0.0,0,0.0
b2724,2,0,0.35343632816628623,0.35343632816628623,0.0,0,0.0
b2719,2,0,0.35343632816628623,0.35343632816628623,0.0,0,0.0
b2720,2,0,0.35343632816628623,0.35343632816628623,0.0,0,0.0
b2721,2,0,0.35343632816628623,0.35343632816628623,0.0,0,0.0
b2722,2,0,0.35343632816628623,0.35343632816628623,0.0,0,0.0
b2723,2,0,0.35343632816628623,0.35343632816628623,0.0,0,0.0
b2485,1,0,0.35343632816628623,0.35343632816628623,0.0,0,0.0
b2484,1,0,0.35343632816628623,0.35343632816628623,0.0,0,0.0
b2487,1,0,0.35343632816628623,0.35343632816628623,0.0,0,0.0
b4079,1,0,0.35343632816628623,0.35343632816628623,0.0,0,0.0
b2481,1,0,0.35343632816628623,0.35343632816628623,0.0,0,0.0
b2483,1,0,0.35343632816628623,0.35343632816628623,0.0,0,0.0
b2482,1,0,0.35343632816628623,0.35343632816628623,0.0,0,0.0
b2489,1,0,0.35343632816628623,0.35343632816628623,0.0,0,0.0
b2488,1,0,0.35343632816628623,0.35343632816628623,0.0,0,0.0
b2747,1,419,0.35343632816628623,0.0,0.35343632816628623,1,6068.34942882569
b3213,2,419,0.35343632816628623,0.0,0.35343632816628623,1,6068.349428825686
b1761,1,403,0.35343632816628623,0.32911553022503204,0.02432079794125419,0,27.67288756010866
b3212,2,419,0.35343632816628623,0.0,0.35343632816628623,1,6068.349428825688
b0186,1,6,0.35343632816628623,0.35343632816628323,2.9976021664879227e-15,0,0.4677816688312546
b4131,1,8,0.35343632816628623,0.35343632816627724,8.992806499463768e-15,0,0.48895264332978033
b1189,1,10,0.35343632816628623,0.3534363281662779,8.326672684688674e-15,0,1.1834802080562885
b2888,2,12,0.35343632816628623,0.3534363281662815,4.718447854656915e-15,0,200.66114115561078
b2882,1,0,0.35343632816628623,0.35343632816628623,0.0,0,0.0
b3451,7,0,0.35343632816628623,0.35343632816627235,1.3877787807814457e-14,0,0.0
b3450,7,0,0.35343632816628623,0.35343632816627235,1.3877787807814457e-14,0,0.0
b3453,7,0,0.35343632816628623,0.35343632816627235,1.3877787807814457e-14,0,0.0
b3452,7,0,0.35343632816628623,0.35343632816627235,1.3877787807814457e-14,0,0.0
b2536,1,6,0.35343632816628623,0.35343632816627846,7.771561172376096e-15,0,0.024555295785792786
b0212,1,0,0.35343632816628623,0.35343632816628623,0.0,0,0.0
b3779,1,0,0.35343632816628623,0.35343632816628623,0.0,0,0.0
b2868,2,0,0.35343632816628623,0.3534363281662741,1.2101430968414206e-14,0,0.0
b2867,2,0,0.35343632816628623,0.3534363281662741,1.2101430968414206e-14,0,0.0
b2866,2,0,0.35343632816628623,0.3534363281662741,1.2101430968414206e-14,0,0.0
b4311,1,0,0.35343632816628623,0.3534363281662591,2.7144952952085077e-14,0,0.0
b1991,1,6,0.35343632816628623,0.3534363281662771,9.103828801926284e-15,0,0.46778166883362404
b3502,1,8,0.35343632816628623,0.35343632816629367,-7.438494264988549e-15,0,0.4889526433246863
b1444,1,6,0.35343632816628623,0.3534363281662341,5.21249710061511e-14,0,0.467781668841687
b2927,1,105,0.35343632816628623,0.35343404335952144,2.284806764785152e-06,0,0.6352562872530777
b2025,1,419,0.35343632816628623,0.0,0.35343632816628623,1,6068.34942882569
b2023,1,419,0.35343632816628623,0.0,0.35343632816628623,1,6068.349428825686
b3640,1,23,0.35343632816628623,0.3534363281662774,8.826273045769994e-15,0,0.026009234058110463
b0425,1,419,0.35343632816628623,0.0,0.35343632816628623,1,6068.349428825686
b3772,1,419,0.35343632816628623,0.0,0.35343632816628623,1,6068.349428825688
b0931,1,6,0.35343632816628623,0.3534363281662743,1.1934897514720433e-14,0,0.0005131546845507485
b1764,1,0,0.35343632816628623,0.35343632816628995,-3.7192471324942744e-15,0,0.0
b2150,2,0,0.35343632816628623,0.35343632816628623,0.0,0,0.0
b2148,2,0,0.35343632816628623,0.35343632816628623,0.0,0,0.0
b2149,2,0,0.35343632816628623,0.35343632816628623,0.0,0,0.0
b1640,1,10,0.35343632816628623,0.3534363281662707,1.554312234475219e-14,0,1.1834802080585667
b1606,2,419,0.35343632816628623,0.0,0.35343632816628623,1,6068.349428825687
b0048,1,419,0.35343632816628623,0.0,0.35343632816628623,1,6068.349428825688
b3390,1,419,0.35343632816628623,0.0,0.35343632816628623,1,6068.349428825688
b0388,1,419,0.35343632816628623,0.0,0.35343632816628623,1,6068.349428825688
b1745,1,0,0.35343632816628623,0.35343632816628057,5.662137425588298e-15,0,0.0
b0115,1,237,0.35343632816628623,0.3534191400746781,1.71880916081113e-05,0,0.0023155433729540363
b0114,1,237,0.35343632816628623,0.3534191400746781,1.71880916081113e-05,0,0.0023155433729540363
b3128,1,0,0.35343632816628623,0.35343632816627674,9.492406860545088e-15,0,0.0
b2255,2,0,0.35343632816628623,0.3534363281662845,1.7208456881689926e-15,0,0.0
b0774,1,419,0.35343632816628623,0.0,0.35343632816628623,1,6068.34942882569
b1605,1,8,0.35343632816628623,0.3534363281662767,9.547918011776346e-15,0,0.02980143920222257
b2818,1,419,0.35343632816628623,0.0,0.35343632816628623,1,6068.349428825686
b1489,3,0,0.35343632816628623,0.3534363281662771,9.103828801926284e-15,0,0.0
b3032,1,0,0.35343632816628623,0.35343632816628623,0.0,0,0.0
b0334,1,0,0.35343632816628623,0.3534363281662804,5.828670879282072e-15,0,0.0
b0092,1,419,0.35343632816628623,0.0,0.35343632816628623,1,6068.349428825687
b0381,1,419,0.35343632816628623,0.0,0.35343632816628623,1,6068.349428825691
b2715,2,0,0.35343632816628623,0.35343632816627624,9.992007221626409e-15,0,0.0
b1738,2,0,0.35343632816628623,0.3534363281662806,5.6066262743570405e-15,0,0.0
b1736,2,0,0.35343632816628623,0.3534363281662806,5.6066262743570405e-15,0,0.0
b1737,2,0,0.35343632816628623,0.3534363281662806,5.6066262743570405e-15,0,0.0
b2224,1,440,0.35343632816628623,0.34505929763687904,0.008377030529407192,0,4.724268498479972
b0842,2,0,0.35343632816628623,0.35343632816627735,8.881784197001252e-15,0,0.0
b0047,1,0,0.35343632816628623,0.35343632816627735,8.881784197001252e-15,0,0.0
b3350,1,0,0.35343632816628623,0.35343632816627735,8.881784197001252e-15,0,0.0
b1216,3,10,0.35343632816628623,0.3534363281662762,1.0047518372857667e-14,0,1.1834802080500681
b0728,1,9,0.35343632816628623,0.35343632816628795,-1.7208456881689926e-15,0,0.1278297111227479
b0729,1,9,0.35343632816628623,0.35343632816628795,-1.7208456881689926e-15,0,0.1278297111227479
b0650,1,0,0.35343632816628623,0.35343632816628623,0.0,0,0.0
b0757,1,10,0.35343632816628623,0.35343632816627846,7.771561172376096e-15,0,0.25340796863957227
b0133,1,419,0.35343632816628623,0.0,0.35343632816628623,1,6068.349428825693
b2165,1,8,0.35343632816628623,0.353436328166287,-7.771561172376096e-16,0,0.029801439200814173
b3389,1,419,0.35343632816628623,0.0,0.35343632816628623,1,6068.349428825686
b2366,1,0,0.35343632816628623,0.35343632816628245,3.774758283725532e-15,0,0.0
b1723,1,5,0.35343632816628623,0.35343632816627996,6.2727600891321345e-15,0,30.499411411139842
b3612,1,417,0.35343632816628623,0.19694674443339943,0.1564895837328868,0,1619.2781481306924
b0755,1,417,0.35343632816628623,0.19694674443339943,0.1564895837328868,0,1619.2781481306924
b3919,1,423,0.35343632816628623,0.2796395992402437,0.07379672892604255,0,1139.2357721939848
b2914,1,409,0.35343632816628623,0.22641371011271816,0.12702261805356807,0,1138.2485808638141
b2320,1,105,0.35343632816628623,0.35343404335949713,2.2848067890990365e-06,0,0.48896950105023157
b1107,3,6,0.35343632816628623,0.35343632816627557,1.0658141036401503e-14,0,0.4677816688286258
b1539,4,0,0.35343632816628623,0.35343632816628184,4.385380947269368e-15,0,0.0
b3823,1,0,0.35343632816628623,0.35343632816628623,0.0,0,0.0
b0813,2,8,0.35343632816628623,0.353436328166276,1.021405182655144e-14,0,0.9390981521091823
b2919,1,6,0.35343632816628623,0.3534363281662639,2.2315482794965646e-14,0,0.46778166883474626
b3870,1,419,0.35343632816628623,0.0,0.35343632816628623,1,6068.34942882569
b2947,1,0,0.35343632816628623,0.3534363281662786,7.605027718682322e-15,0,0.0
b2253,1,0,0.35343632816628623,0.35343632816628745,-1.2212453270876722e-15,0,0.0
b2254,1,0,0.35343632816628623,0.35343632816627935,6.8833827526759706e-15,0,0.0
b2256,1,10,0.35343632816628623,0.35343632816634396,-5.773159728050814e-14,0,0.2534079686256223
b2258,1,8,0.35343632816628623,0.35343632816628057,5.662137425588298e-15,0,0.6352371923815637
b4544,1,8,0.35343632816628623,0.35343632816628057,5.662137425588298e-15,0,0.6352371923815637
b3621,1,6,0.35343632816628623,0.3534363281662772,9.048317650695026e-15,0,0.02455529578552043
b3001,1,0,0.35343632816628623,0.35343632816628623,0.0,0,0.0
b1781,1,0,0.35343632816628623,0.35343632816628623,0.0,0,0.0
b3620,1,8,0.35343632816628623,0.3534363281662789,7.327471962526033e-15,0,0.6352371923819954
b3624,1,8,0.35343632816628623,0.35343632816628995,-3.7192471324942744e-15,0,0.23704123801208835
b3629,1,6,0.35343632816628623,0.35343632816627607,1.0158540675320182e-14,0,0.00051315468444801
b3628,1,6,0.35343632816628623,0.35343632816628234,3.885780586188048e-15,0,0.024555295784388153
b3627,1,8,0.35343632816628623,0.35343632816628273,3.497202527569243e-15,0,0.23704123801381533
b3850,2,419,0.35343632816628623,0.0,0.35343632816628623,1,6068.349428825686
b3630,1,6,0.35343632816628623,0.35343632816627696,9.270362255620057e-15,0,0.0005131546845646559
b3632,1,6,0.35343632816628623,0.35343632816627646,9.769962616701378e-15,0,0.4677816688285541
b3625,1,6,0.35343632816628623,0.35343632816627935,6.8833827526759706e-15,0,0.46778166883466044
b2810,1,8,0.35343632816628623,0.3534363281662804,5.828670879282072e-15,0,0.6352371923786231
b1680,5,6,0.35343632816628623,0.3534363281662874,-1.1657341758564144e-15,0,0.0005131546844570425
b3867,1,0,0.35343632816628623,0.35343632816628623,0.0,0,0.0
b3824,1,6,0.35343632816628623,0.35343632816627796,8.271161533457416e-15,0,0.46778166883133604
b2133,1,0,0.35343632816628623,0.35343632816628623,0.0,0,0.0
b2260,1,0,0.35343632816628623,0.3534363281662814,4.829470157119431e-15,0,0.0
b1919,1,6,0.35343632816628623,0.3534363281662943,-8.049116928532385e-15,0,0.02455529578506648
b2578,2,8,0.35343632816628623,0.3534363281662797,6.5503158452884236e-15,0,0.23704123801448768
b1533,3,8,0.35343632816628623,0.35343632816626624,1.9984014443252818e-14,0,0.6352371923847546
b4394,3,0,0.35343632816628623,0.3534363281662805,5.717648576819556e-15,0,0.0
b2499,1,419,0.35343632816628623,0.0,0.35343632816628623,1,6068.34942882569
b3825,35,0,0.35343632816628623,0.35343632816626913,1.709743457922741e-14,0,0.0
b2835,21,8,0.35343632816628623,0.35343632816628334,2.886579864025407e-15,0,0.2370412380134137
b3029,2,0,0.35343632816628623,0.35343632816628623,0.0,0,0.0
b2889,1,8,0.35343632816628623,0.35343632816627657,9.658940314238862e-15,0,0.6352371923826403
b3821,42,10,0.35343632816628623,0.3534363281662814,4.829470157119431e-15,0,1.1834802080646585
b2146,1,0,0.35343632816628623,0.3534363281662781,8.104628079763643e-15,0,0.0
b2147,1,0,0.35343632816628623,0.3534363281662781,8.104628079763643e-15,0,0.0
b4478,1,6,0.35343632816628623,0.3534363281662946,-8.382183835919932e-15,0,0.024555295784630216
b1380,1,6,0.35343632816628623,0.35343632816627235,1.3877787807814457e-14,0,0.4677816688308416
b0693,1,10,0.35343632816628623,0.3534363281662828,3.4416913763379853e-15,0,1.1834802080541582
b2965,1,10,0.35343632816628623,0.3534363281662828,3.4416913763379853e-15,0,1.1834802080541582
b0954,13,10,0.35343632816628623,0.35343632816628606,1.6653345369377348e-16,0,1.183480208049651
b1288,26,419,0.35343632816628623,0.0,0.35343632816628623,1,6068.349428825687
b0175,7,419,0.35343632816628623,0.0,0.35343632816628623,1,6068.349428825688
b3918,7,6,0.35343632816628623,0.3534363281662746,1.1601830607332886e-14,0,0.0005131546844654556
b1912,7,6,0.35343632816628623,0.35343632816627446,1.176836406102666e-14,0,0.02455529578636291
b2585,7,419,0.35343632816628623,0.0,0.35343632816628623,1,6068.349428825687
b1093,14,419,0.35343632816628623,0.0,0.35343632816628623,1,6068.349428825688
b1661,4,0,0.35343632816628623,0.35343632816628245,3.774758283725532e-15,0,0.0
b2497,1,0,0.35343632816628623,0.35343632816628623,0.0,0,0.0
b1006,1,0,0.35343632816628623,0.35343632816628623,0.0,0,0.0
b1488,1,6,0.35343632816628623,0.35343632816627935,6.8833827526759706e-15,0,0.024555295785335652
b3543,3,6,0.35343632816628623,0.35343632816625403,3.219646771412954e-14,0,0.02455529578613252
b3542,3,6,0.35343632816628623,0.35343632816625403,3.219646771412954e-14,0,0.02455529578613252
b3541,3,6,0.35343632816628623,0.35343632816625403,3.219646771412954e-14,0,0.02455529578613252
b3540,3,6,0.35343632816628623,0.35343632816625403,3.219646771412954e-14,0,0.02455529578613252
b3544,3,6,0.35343632816628623,0.35343632816625403,3.219646771412954e-14,0,0.02455529578613252
b1484,1,10,0.35343632816628623,0.3534363281662885,-2.275957200481571e-15,0,1.1834802080512303
b1485,1,10,0.35343632816628623,0.3534363281662885,-2.275957200481571e-15,0,1.1834802080512303
b1486,1,10,0.35343632816628623,0.3534363281662885,-2.275957200481571e-15,0,1.1834802080512303
b1487,1,10,0.35343632816628623,0.3534363281662885,-2.275957200481571e-15,0,1.1834802080512303
b1483,1,10,0.35343632816628623,0.3534363281662885,-2.275957200481571e-15,0,1.1834802080512303
b0829,1,0,0.35343632816628623,0.35343632816628623,0.0,0,0.0
b0832,1,0,0.35343632816628623,0.35343632816628623,0.0,0,0.0
b0830,1,0,0.35343632816628623,0.35343632816628623,0.0,0,0.0
b0831,1,0,0.35343632816628623,0.35343632816628623,0.0,0,0.0
b0789,7,12,0.35343632816628623,0.3534363281662867,-4.440892098500626e-16,0,1.2205047584897284
b1249,7,12,0.35343632816628623,0.3534363281662867,-4.440892098500626e-16,0,1.2205047584897284
b1677,2,8,0.35343632816628623,0.35343632816628584,3.885780586188048e-16,0,0.635237192384656
b0657,2,8,0.35343632816628623,0.35343632816628584,3.885780586188048e-16,0,0.635237192384656
b0418,14,6,0.35343632816628623,0.35343632816628434,1.887379141862766e-15,0,0.02455529578374318
b0508,1,8,0.35343632816628623,0.3534363281662811,5.10702591327572e-15,0,0.6352371923819311
b0613,1,6,0.35343632816628623,0.3534363281662836,2.609024107869118e-15,0,0.02455529578527882
b1301,1,0,0.35343632816628623,0.35343632816628295,3.2751579226442118e-15,0,0.0
b0805,1,0,0.35343632816628623,0.3534363281662761,1.0103029524088925e-14,0,0.0
b2155,1,0,0.35343632816628623,0.3534363281662761,1.0103029524088925e-14,0,0.0
b0576,1,12,0.35343632816628623,0.3534363281662845,1.7208456881689926e-15,0,1.220504758504976
b0594,1,0,0.35343632816628623,0.3534363281662735,1.2712053631958042e-14,0,0.0
b3182,9,6,0.35343632816628623,0.35343632816629117,-4.9404924595819466e-15,0,0.02455529578551258
b2010,5,0,0.35343632816628623,0.35343632816627574,1.049160758270773e-14,0,0.0
b0839,5,0,0.35343632816628623,0.35343632816627574,1.049160758270773e-14,0,0.0
b2430,5,0,0.35343632816628623,0.35343632816627574,1.049160758270773e-14,0,0.0
b0632,5,0,0.35343632816628623,0.35343632816627574,1.049160758270773e-14,0,0.0
b0376,9,6,0.35343632816628623,0.35343632816629117,-4.9404924595819466e-15,0,0.02455529578551258
b3833,2,6,0.35343632816628623,0.3534363281663023,-1.609823385706477e-14,0,0.46778166882451633
b0514,1,0,0.35343632816628623,0.35343632816628623,0.0,0,0.0
b2519,2,419,0.35343632816628623,0.0,0.35343632816628623,1,6068.349428825689
b3396,4,419,0.35343632816628623,0.0,0.35343632816628623,1,6068.349428825688
b1069,2,419,0.35343632816628623,0.0,0.35343632816628623,1,6068.349428825688
b0089,2,419,0.35343632816628623,0.0,0.35343632816628623,1,6068.349428825688
b3208,2,419,0.35343632816628623,0.0,0.35343632816628623,1,6068.349428825688
b0149,4,419,0.35343632816628623,0.0,0.35343632816628623,1,6068.349428825688
b0084,2,419,0.35343632816628623,0.0,0.35343632816628623,1,6068.34942882569
b0635,2,419,0.35343632816628623,0.0,0.35343632816628623,1,6068.349428825688
b0925,6,0,0.35343632816628623,0.35343632816625176,3.447242491461111e-14,0,0.0
b1678,6,12,0.35343632816628623,0.35343632816628107,5.162537064506978e-15,0,1.2205047584929984
b0355,1,8,0.35343632816628623,0.3534363281662843,1.942890293094024e-15,0,0.6352371923809377
b2154,1,8,0.35343632816628623,0.3534363281662843,1.942890293094024e-15,0,0.6352371923809377
b2893,2,10,0.35343632816628623,0.3534363281662769,9.325873406851315e-15,0,1.1834802080508973
b0604,2,0,0.35343632816628623,0.35343632816628606,1.6653345369377348e-16,0,0.0
b3930,1,6,0.35343632816628623,0.3534363281662831,3.1086244689504383e-15,0,0.024555295785186424
b3994,1,419,0.35343632816628623,0.0,0.35343632816628623,1,6068.349428825688
b1710,2,8,0.35343632816628623,0.3534363281662781,8.104628079763643e-15,0,0.029801439201436013
b2480,1,0,0.35343632816628623,0.3534363281662798,6.439293542825908e-15,0,0.0
b0429,1,412,0.35343632816628623,0.3099557599864065,0.04348056817987972,0,232.7048977904307
b0432,1,412,0.35343632816628623,0.3099557599864065,0.04348056817987972,0,232.7048977904307
b0430,1,412,0.35343632816628623,0.3099557599864065,0.04348056817987972,0,232.7048977904307
b0431,1,412,0.35343632816628623,0.3099557599864065,0.04348056817987972,0,232.7048977904307
b4041,7,12,0.35343632816628623,0.3534363281662757,1.0547118733938987e-14,0,0.028201394766715845
b0180,14,419,0.35343632816628623,0.0,0.35343632816628623,1,6068.349428825688
b2413,1,312,0.35343632816628623,0.35285675615052414,0.0005795720157620865,0,0.018569730805449592
b3018,7,419,0.35343632816628623,0.0,0.35343632816628623,1,6068.349428825688
b4042,7,8,0.35343632816628623,0.35343632816628173,4.496403249731884e-15,0,0.6352371923747073
b4160,7,419,0.35343632816628623,0.0,0.35343632816628623,1,6068.34942882569
b0722,1,70,0.35343632816628623,0.3534350118373376,1.3163289486195495e-06,0,1.4444032002612614e-06
b0723,1,75,0.35343632816628623,0.35343501183734993,1.316328936296074e-06,0,0.6616797476031806
b0721,1,75,0.35343632816628623,0.35343501183734993,1.316328936296074e-06,0,0.6616797476031806
b0724,1,75,0.35343632816628623,0.35343501183734993,1.316328936296074e-06,0,0.6616797476031806
b0494,21,8,0.35343632816628623,0.3534363281662653,2.09277040141842e-14,0,0.6352371923852924
b0118,3,417,0.35343632816628623,0.0,0.35343632816628623,1,5689.059988793715
b1276,2,417,0.35343632816628623,0.0,0.35343632816628623,1,5689.059988793715
b3447,1,6,0.35343632816628623,0.3534363281662752,1.1046719095020308e-14,0,0.024555295784906818
b1990,5,10,0.35343632816628623,0.3534363281662828,3.4416913763379853e-15,0,1.1834802080503217
b0819,5,10,0.35343632816628623,0.3534363281662828,3.4416913763379853e-15,0,1.1834802080503217
b1113,5,10,0.35343632816628623,0.3534363281662828,3.4416913763379853e-15,0,1.1834802080503217
b1097,4,10,0.35343632816628623,0.35343632816628495,1.27675647831893e-15,0,1.1834802080527653
b2813,4,10,0.35343632816628623,0.35343632816628495,1.27675647831893e-15,0,1.1834802080527653
b2701,4,10,0.35343632816628623,0.35343632816628495,1.27675647831893e-15,0,1.1834802080527653
b0211,4,10,0.35343632816628623,0.35343632816628495,1.27675647831893e-15,0,1.1834802080527653
b4392,4,10,0.35343632816628623,0.35343632816628495,1.27675647831893e-15,0,1.1834802080527653
b2558,4,10,0.35343632816628623,0.35343632816628495,1.27675647831893e-15,0,1.1834802080527653
b1193,4,10,0.35343632816628623,0.35343632816628495,1.27675647831893e-15,0,1.1834802080527653
b2963,4,10,0.35343632816628623,0.35343632816628495,1.27675647831893e-15,0,1.1834802080527653
b3546,2,10,0.35343632816628623,0.35343632816634135,-5.512257317263902e-14,0,1.1834802080291251
b2328,6,8,0.35343632816628623,0.353436328166286,2.220446049250313e-16,0,0.6352371923782492
b2134,4,6,0.35343632816628623,0.35343632816628057,5.662137425588298e-15,0,0.0005131546844980183
b1655,4,6,0.35343632816628623,0.35343632816628057,5.662137425588298e-15,0,0.0005131546844980183
b1856,4,6,0.35343632816628623,0.35343632816628057,5.662137425588298e-15,0,0.0005131546844980183
b3860,2,6,0.35343632816628623,0.35343632816627163,1.459943277382081e-14,0,0.4677816688333225
b1185,2,6,0.35343632816628623,0.35343632816627163,1.459943277382081e-14,0,0.4677816688333225
b4136,3,6,0.35343632816628623,0.35343632816627624,9.992007221626409e-15,0,0.0005131546845050803
b0605,1,0,0.35343632816628623,0.35343632816628623,0.0,0,0.0
b0606,1,0,0.35343632816628623,0.35343632816628623,0.0,0,0.0
b0221,8,441,0.35343632816628623,0.3450592976368811,0.008377030529405138,0,5.174874964785016
b2283,3,414,0.35343632816628623,0.2888611651433394,0.0645751630229468,0,1244.2677136554696
b2282,3,414,0.35343632816628623,0.2888611651433394,0.0645751630229468,0,1244.2677136554696
b2281,3,414,0.35343632816628623,0.2888611651433394,0.0645751630229468,0,1244.2677136554696
b2288,3,414,0.35343632816628623,0.2888611651433394,0.0645751630229468,0,1244.2677136554696
b2276,3,414,0.35343632816628623,0.2888611651433394,0.0645751630229468,0,1244.2677136554696
b2277,3,414,0.35343632816628623,0.2888611651433394,0.0645751630229468,0,1244.2677136554696
b2285,3,414,0.35343632816628623,0.2888611651433394,0.0645751630229468,0,1244.2677136554696
b2284,3,414,0.35343632816628623,0.2888611651433394,0.0645751630229468,0,1244.2677136554696
b2278,3,414,0.35343632816628623,0.2888611651433394,0.0645751630229468,0,1244.2677136554696
b2279,3,414,0.35343632816628623,0.2888611651433394,0.0645751630229468,0,1244.2677136554696
b2280,3,414,0.35343632816628623,0.2888611651433394,0.0645751630229468,0,1244.2677136554696
b2287,3,414,0.35343632816628623,0.2888611651433394,0.0645751630229468,0,1244.2677136554696
b2286,3,414,0.35343632816628623,0.2888611651433394,0.0645751630229468,0,1244.2677136554696
b1801,3,0,0.35343632816628623,0.35343632816628623,0.0,0,0.0
b4208,5,252,0.35343632816628623,0.35340430104709303,3.202711919320089e-05,0,0.6349700324376879
b0007,2,0,0.35343632816628623,0.35343632816628623,0.0,0,0.0
b2923,2,0,0.35343632816628623,0.35343632816627624,9.992007221626409e-15,0,0.0
b0874,1,0,0.35343632816628623,0.35343632816628623,0.0,0,0.0
b0037,3,0,0.35343632816628623,0.35343632816628623,0.0,0,0.0
b1734,2,0,0.35343632816628623,0.3534363281662746,1.1601830607332886e-14,0,0.0
b2467,1,6,0.35343632816628623,0.3534363281662802,6.050715484207103e-15,0,0.02455529578510949
b0404,7,6,0.35343632816628623,0.3534363281662683,1.7930101847696278e-14,0,0.02455529578621465
b0314,1,0,0.35343632816628623,0.35343632816628623,0.0,0,0.0
b4474,1,10,0.35343632816628623,0.3534363281662852,1.0547118733938987e-15,0,1.1834802080497593
b3370,2,0,0.35343632816628623,0.3534363281662737,1.2545520178264269e-14,0,0.0
b3040,6,419,0.35343632816628623,0.0,0.35343632816628623,1,6068.349428825688
b3816,3,419,0.35343632816628623,0.0,0.35343632816628623,1,6068.349428825687
b2373,1,6,0.35343632816628623,0.3534363281662802,6.050715484207103e-15,0,0.0005131546845010491
b4233,2,8,0.35343632816628623,0.3534363281662801,6.106226635438361e-15,0,0.6352371923808594
b3196,1,419,0.35343632816628623,0.0,0.35343632816628623,1,6068.349428825684
b3691,1,0,0.35343632816628623,0.35343632816629333,-7.105427357601002e-15,0,0.0
b2843,1,6,0.35343632816628623,0.35343632816630116,-1.4932499681208355e-14,0,0.024555295783896543
b2156,1,0,0.35343632816628623,0.35343632816628595,2.7755575615628914e-16,0,0.0
b4130,3,8,0.35343632816628623,0.35343632816627935,6.8833827526759706e-15,0,0.6352371923792214
b4356,1,10,0.35343632816628623,0.35343632816627524,1.099120794378905e-14,0,1.1834802080568283
b4358,1,0,0.35343632816628623,0.3534363281662795,6.716849298982197e-15,0,0.0
b3431,1,10,0.35343632816628623,0.35343632816627013,1.609823385706477e-14,0,1.1834802080572033
b0155,1,78,0.35343632816628623,0.3534343283183966,1.9998478896221528e-06,0,0.46774839769899584
b1378,1,289,0.35343632816628623,0.35326926428057415,0.00016706388571208208,0,0.6375463003407941
b0684,7,419,0.35343632816628623,0.0,0.35343632816628623,1,6068.34942882569
b2895,7,419,0.35343632816628623,0.0,0.35343632816628623,1,6068.349428825686
b0777,1,419,0.35343632816628623,0.0,0.35343632816628623,1,6068.349428825686
b3199,9,419,0.35343632816628623,0.0,0.35343632816628623,1,6068.349428825689
b0641,9,419,0.35343632816628623,0.0,0.35343632816628623,1,6068.34942882569
b3200,9,419,0.35343632816628623,0.0,0.35343632816628623,1,6068.349428825688
b3201,9,419,0.35343632816628623,0.0,0.35343632816628623,1,6068.349428825688
b0054,9,419,0.35343632816628623,0.0,0.35343632816628623,1,6068.349428825689
b4262,9,419,0.35343632816628623,0.0,0.35343632816628623,1,6068.349428825685
b4261,9,419,0.35343632816628623,0.0,0.35343632816628623,1,6068.349428825688
b1535,1,6,0.35343632816628623,0.3534363281662792,7.049916206369744e-15,0,0.0005131546844619997
b1490,1,8,0.35343632816628623,0.35343632816627546,1.0769163338864018e-14,0,0.6352371923832617
b1794,1,8,0.35343632816628623,0.35343632816627546,1.0769163338864018e-14,0,0.6352371923832617
b1341,1,8,0.35343632816628623,0.35343632816627546,1.0769163338864018e-14,0,0.6352371923832617
b1025,1,8,0.35343632816628623,0.35343632816627546,1.0769163338864018e-14,0,0.6352371923832617
b1285,2,10,0.35343632816628623,0.3534363281662784,7.827072323607354e-15,0,1.183480208054117
b3525,1,10,0.35343632816628623,0.3534363281662815,4.718447854656915e-15,0,1.1834802080569686
b0315,1,10,0.35343632816628623,0.3534363281662815,4.718447854656915e-15,0,1.1834802080569686
b2503,1,10,0.35343632816628623,0.3534363281662815,4.718447854656915e-15,0,1.1834802080569686
b0009,1,0,0.35343632816628623,0.35343632816629195,-5.717648576819556e-15,0,0.0
b0784,2,8,0.35343632816628623,0.3534363281662922,-5.995204332975845e-15,0,0.6352371923807438
b2530,6,419,0.35343632816628623,0.0,0.35343632816628623,1,6068.34942882569
b2470,7,6,0.35343632816628623,0.35343632816627474,1.149080830487037e-14,0,0.0005131546847163817
b0463,7,0,0.35343632816628623,0.35343632816628623,0.0,0,0.0
b0462,7,0,0.35343632816628623,0.35343632816628623,0.0,0,0.0
b1394,2,6,0.35343632816628623,0.35343632816627674,9.492406860545088e-15,0,0.46778166883090977
b1090,7,12,0.35343632816628623,0.353436328166289,-2.7755575615628914e-15,0,1.2205047584911617
b3059,7,10,0.35343632816628623,0.3534363281662849,1.3322676295501878e-15,0,1.1834802080489963
b2529,6,80,0.35343632816628623,0.3534346437587917,1.684407494539908e-06,0,0.4677504101928367
b1684,2,8,0.35343632816628623,0.35343632816627635,9.880984919163893e-15,0,0.23704123800989618
b1682,6,6,0.35343632816628623,0.35343632816627585,1.0380585280245214e-14,0,0.4677816688316863
b1683,6,6,0.35343632816628623,0.35343632816627585,1.0380585280245214e-14,0,0.4677816688316863
b1681,6,6,0.35343632816628623,0.35343632816627585,1.0380585280245214e-14,0,0.4677816688316863
b0827,4,6,0.35343632816628623,0.3534363281662785,7.716050021144838e-15,0,0.0005131546845344049
b3857,5,8,0.35343632816628623,0.35343632816627846,7.771561172376096e-15,0,0.6352371923797737
b3856,5,8,0.35343632816628623,0.35343632816627846,7.771561172376096e-15,0,0.6352371923797737
b3058,2,419,0.35343632816628623,0.0,0.35343632816628623,1,6068.34942882569
b0709,2,8,0.35343632816628623,0.35343632816629356,-7.327471962526033e-15,0,0.029801439201853127
b3496,2,8,0.35343632816628623,0.35343632816627935,6.8833827526759706e-15,0,0.6352371923792214
b1634,2,8,0.35343632816628623,0.35343632816627935,6.8833827526759706e-15,0,0.6352371923792214
b2528,2,84,0.35343632816628623,0.3534346437588108,1.6844074754440719e-06,0,1.1834209479878814
b1679,4,6,0.35343632816628623,0.35343632816628867,-2.4424906541753444e-15,0,0.0005131546844869992
b0775,1,419,0.35343632816628623,0.0,0.35343632816628623,1,6068.349428825687
b1009,1,8,0.35343632816628623,0.3534363281662844,1.8318679906315083e-15,0,0.9390981521034224
b0444,1,0,0.35343632816628623,0.3534363281662894,-3.164135620181696e-15,0,0.0
b2794,1,6,0.35343632816628623,0.35343632816628273,3.497202527569243e-15,0,0.024555295785230278
b1008,1,8,0.35343632816628623,0.3534363281662825,3.7192471324942744e-15,0,0.6352371923750034
b2765,1,0,0.35343632816628623,0.35343632816627896,7.271960811294775e-15,0,0.0
b2263,1,0,0.35343632816628623,0.35343632816628423,1.9984014443252818e-15,0,0.0
b1011,1,0,0.35343632816628623,0.3534363281662903,-4.052314039881821e-15,0,0.0
b1010,1,10,0.35343632816628623,0.35343632816628034,5.88418203051333e-15,0,0.2534079686406081
b0968,7,10,0.35343632816628623,0.35343632816628445,1.7763568394002505e-15,0,1.1834802080545286
b2264,1,0,0.35343632816628623,0.3534363281662725,1.3711254354120683e-14,0,0.0
b2262,1,0,0.35343632816628623,0.35343632816628384,2.3869795029440866e-15,0,0.0
b1686,1,10,0.35343632816628623,0.3534363281662792,7.049916206369744e-15,0,0.25340796864138737
b3991,1,419,0.35343632816628623,0.0,0.35343632816628623,1,6068.349428825687
b4407,1,419,0.35343632816628623,0.0,0.35343632816628623,1,6068.34942882569
b3990,1,419,0.35343632816628623,0.0,0.35343632816628623,1,6068.349428825686
b0423,1,419,0.35343632816628623,0.0,0.35343632816628623,1,6068.349428825688
b3992,1,419,0.35343632816628623,0.0,0.35343632816628623,1,6068.349428825688
b2877,1,6,0.35343632816628623,0.353436328166276,1.021405182655144e-14,0,0.0005131546844841839
b2374,1,0,0.35343632816628623,0.3534363281662864,-1.6653345369377348e-16,0,0.0
b1389,1,10,0.35343632816628623,0.3534363281662833,2.942091015256665e-15,0,1.1834802080514153
b1388,1,10,0.35343632816628623,0.3534363281662833,2.942091015256665e-15,0,1.1834802080514153
b1390,1,10,0.35343632816628623,0.3534363281662833,2.942091015256665e-15,0,1.1834802080514153
b1391,1,10,0.35343632816628623,0.3534363281662833,2.942091015256665e-15,0,1.1834802080514153
b1392,1,10,0.35343632816628623,0.3534363281662833,2.942091015256665e-15,0,1.1834802080514153
b1397,2,6,0.35343632816628623,0.3534363281662771,9.103828801926284e-15,0,0.467781668829627
b1395,1,8,0.35343632816628623,0.353436328166322,-3.574918139293004e-14,0,0.23704123800883392
b1012,1,0,0.35343632816628623,0.35343632816628623,0.0,0,0.0
b1007,1,0,0.35343632816628623,0.35343632816628623,0.0,0,0.0
b0785,1,6,0.35343632816628623,0.35343632816628184,4.385380947269368e-15,0,0.024555295785319647
b3893,2,0,0.35343632816628623,0.3534363281662691,1.715294573045867e-14,0,0.0
b3892,2,0,0.35343632816628623,0.3534363281662691,1.715294573045867e-14,0,0.0
b3894,2,0,0.35343632816628623,0.3534363281662691,1.715294573045867e-14,0,0.0
b1475,2,0,0.35343632816628623,0.3534363281662691,1.715294573045867e-14,0,0.0
b1474,2,0,0.35343632816628623,0.3534363281662691,1.715294573045867e-14,0,0.0
b1476,2,0,0.35343632816628623,0.3534363281662691,1.715294573045867e-14,0,0.0
b0776,1,419,0.35343632816628623,0.0,0.35343632816628623,1,6068.349428825695
b3412,1,419,0.35343632816628623,0.0,0.35343632816628623,1,6068.349428825688
b2515,1,419,0.35343632816628623,0.0,0.35343632816628623,1,6068.34942882569
b4238,4,295,0.35343632816628623,0.35327293244395075,0.00016339572233547983,0,0.0077159045684586395
b3924,5,295,0.35343632816628623,0.3532729324439679,0.00016339572231832689,0,0.4458231725280608
b4237,4,295,0.35343632816628623,0.3532729324440115,0.00016339572227475063,0,0.44582317252433895
b4209,1,8,0.35343632816628623,0.353436328166276,1.021405182655144e-14,0,0.6352371923820287
b1387,1,6,0.35343632816628623,0.353436328166281,5.218048215738236e-15,0,0.4677816688300439
b1393,1,8,0.35343632816628623,0.35343632816628284,3.3861802251067274e-15,0,0.6352371923841962
b2912,1,0,0.35343632816628623,0.35343632816628623,0.0,0,0.0
b2174,1,10,0.35343632816628623,0.353436328166286,2.220446049250313e-16,0,1.1834802080491644
b0826,1,6,0.35343632816628623,0.3534363281662838,2.4424906541753444e-15,0,0.46778166883253525
b0781,1,8,0.35343632816628623,0.35343632816627707,9.159339953157541e-15,0,0.6352371923838316
b0783,1,8,0.35343632816628623,0.35343632816627707,9.159339953157541e-15,0,0.6352371923838316
b0630,1,0,0.35343632816628623,0.35343632816627846,7.771561172376096e-15,0,0.0
b0628,1,6,0.35343632816628623,0.35343632816628334,2.886579864025407e-15,0,0.4677816688265358
b4386,3,6,0.35343632816628623,0.3534363281662956,-9.381384558082573e-15,0,0.024555295784672065
b1385,1,10,0.35343632816628623,0.3534363281662774,8.826273045769994e-15,0,1.1834802080659703
b2917,1,6,0.35343632816628623,0.35343632816627707,9.159339953157541e-15,0,0.4677816688311176
b3572,1,10,0.35343632816628623,0.3534363281662784,7.827072323607354e-15,0,1.1834802080519873
b4129,1,8,0.35343632816628623,0.35343632816628273,3.497202527569243e-15,0,0.6352371923802846
b3722,1,8,0.35343632816628623,0.35343632816628257,3.6637359812630166e-15,0,0.6352371923846867
b0681,1,0,0.35343632816628623,0.3534363281662776,8.604228440844963e-15,0,0.0
b1473,3,8,0.35343632816628623,0.3534363281662828,3.4416913763379853e-15,0,0.6352371923837605
b3882,2,0,0.35343632816628623,0.3534363281662741,1.2101430968414206e-14,0,0.0
b1600,1,6,0.35343632816628623,0.35343632816628173,4.496403249731884e-15,0,0.4677816688292483
b1599,1,6,0.35343632816628623,0.35343632816628173,4.496403249731884e-15,0,0.4677816688292483
b2660,1,6,0.35343632816628623,0.3534363281662855,7.216449660063518e-16,0,0.024555295784523017
b4167,4,6,0.35343632816628623,0.3534363281662756,1.0602629885170245e-14,0,0.4677816688300882
b2670,1,8,0.35343632816628623,0.3534363281662772,9.048317650695026e-15,0,0.635237192379553
b3070,3,12,0.35343632816628623,0.35343632816627857,7.66053886991358e-15,0,1.2205047584956334
b4297,1,6,0.35343632816628623,0.3534363281662872,-9.43689570931383e-16,0,0.46778166882714645
b0269,1,6,0.35343632816628623,0.3534363281662872,-9.43689570931383e-16,0,0.46778166882714645
b4298,1,10,0.35343632816628623,0.35343632816626125,2.4980018054066022e-14,0,0.2534079686303542
b0268,1,10,0.35343632816628623,0.35343632816626125,2.4980018054066022e-14,0,0.2534079686303542
b3715,1,10,0.35343632816628623,0.35343632816628173,4.496403249731884e-15,0,0.25340796863788434
b0516,1,8,0.35343632816628623,0.3534363281662697,1.6542323066914832e-14,0,0.6352371923869606
b0515,1,8,0.35343632816628623,0.35343632816629694,-1.071365218763276e-14,0,0.6352371923717888
b1617,1,6,0.35343632816628623,0.3534363281662701,1.6153745008296028e-14,0,0.02455529578573499
b1695,1,438,0.35343632816628623,0.34505929763688875,0.008377030529397478,0,4.281668380268813
b1771,1,6,0.35343632816628623,0.3534363281662644,2.1815882433884326e-14,0,0.024555295785651632
b2907,1,0,0.35343632816628623,0.3534363281662748,1.1435297153639112e-14,0,0.0
b0543,2,0,0.35343632816628623,0.353436328166275,1.1213252548714081e-14,0,0.0
b1601,1,0,0.35343632816628623,0.35343632816628623,0.0,0,0.0
b0624,1,0,0.35343632816628623,0.3534363281662761,1.0103029524088925e-14,0,0.0
b3880,1,0,0.35343632816628623,0.3534363281662732,1.304512053934559e-14,0,0.0
b3881,1,0,0.35343632816628623,0.35343632816628834,-2.1094237467877974e-15,0,0.0
b3877,1,12,0.35343632816628623,0.35343632816628867,-2.4424906541753444e-15,0,1.220504758490609
b3876,1,6,0.35343632816628623,0.3534363281662693,1.6930901125533637e-14,0,0.4677816688332211
b1511,1,143,0.35343632816628623,0.35343322985249725,3.098313788973961e-06,0,0.6355999934692897
b2371,1,12,0.35343632816628623,0.35343632816628295,3.2751579226442118e-15,0,1.2205047584874227
b2302,1,0,0.35343632816628623,0.353436328166275,1.1213252548714081e-14,0,0.0
b2989,1,0,0.35343632816628623,0.353436328166275,1.1213252548714081e-14,0,0.0
b1619,1,0,0.35343632816628623,0.35343632816627624,9.992007221626409e-15,0,0.0
b4337,1,6,0.35343632816628623,0.3534363281662847,1.5543122344752192e-15,0,0.02455529578491456
b1337,1,8,0.35343632816628623,0.35343632816628373,2.4980018054066022e-15,0,0.23704123801353036
b1338,1,8,0.35343632816628623,0.35343632816628373,2.4980018054066022e-15,0,0.23704123801353036
b1336,1,12,0.35343632816628623,0.3534363281662838,2.4424906541753444e-15,0,1.2205047584853874
b2873,1,8,0.35343632816628623,0.35343632816628173,4.496403249731884e-15,0,0.23704123801351468
b1430,1,8,0.35343632816628623,0.35343632816627696,9.270362255620057e-15,0,0.23704123801524643
b1396,2,10,0.35343632816628623,0.35343632816628384,2.3869795029440866e-15,0,1.1834802080584057
b3943,1,0,0.35343632816628623,0.35343632816628245,3.774758283725532e-15,0,0.0
b0578,2,0,0.35343632816628623,0.35343632816628096,5.2735593669694936e-15,0,0.0
b3253,1,6,0.35343632816628623,0.35343632816628273,3.497202527569243e-15,0,0.4677816688309611
b1022,2,10,0.35343632816628623,0.35343632816626624,1.9984014443252818e-14,0,1.183480208063546
b1021,2,10,0.35343632816628623,0.35343632816626624,1.9984014443252818e-14,0,1.183480208063546
b1733,1,6,0.35343632816628623,0.3534363281662809,5.329070518200751e-15,0,0.4677816688307271
b4266,2,0,0.35343632816628623,0.3534363281662507,3.552713678800501e-14,0,0.0
b3493,1,346,0.35343632816628623,0.35122651273747785,0.0022098154288083816,0,0.6947162635620845
b2987,1,346,0.35343632816628623,0.35122651273747785,0.0022098154288083816,0,0.6947162635620845
b0401,3,0,0.35343632816628623,0.3534363281662712,1.504352198367087e-14,0,0.0
b4141,4,6,0.35343632816628623,0.3534363281662849,1.3322676295501878e-15,0,0.4677816688323712
b1798,2,6,0.35343632816628623,0.35343632816629206,-5.828670879282072e-15,0,0.4677816688242126
b3662,2,8,0.35343632816628623,0.3534363281662761,1.0103029524088925e-14,0,0.2370412380145614
b1592,1,8,0.35343632816628623,0.3534363281662738,1.2434497875801753e-14,0,0.23704123801480004
b2842,1,0,0.35343632816628623,0.35343632816628623,0.0,0,0.0
b4020,1,8,0.35343632816628623,0.35343632816628195,4.274358644806853e-15,0,0.9390981521089246
b1985,2,6,0.35343632816628623,0.35343632816630405,-1.7819079545233762e-14,0,0.4677816688264181
b1516,1,0,0.35343632816628623,0.35343632816628623,0.0,0,0.0
b1514,1,0,0.35343632816628623,0.35343632816628623,0.0,0,0.0
b1515,1,0,0.35343632816628623,0.35343632816628623,0.0,0,0.0
b1513,1,0,0.35343632816628623,0.35343632816628623,0.0,0,0.0
b1518,1,144,0.35343632816628623,0.3534332298524985,3.0983137877527156e-06,0,1.1839965350251989
b3240,1,6,0.35343632816628623,0.35343632816628184,4.385380947269368e-15,0,0.0005131546842718413
b3241,1,6,0.35343632816628623,0.35343632816628184,4.385380947269368e-15,0,0.0005131546842718413
b1449,2,6,0.35343632816628623,0.35343632816626563,2.0594637106796654e-14,0,0.0005131546845895056
b2245,1,0,0.35343632816628623,0.353436328166282,4.218847493575595e-15,0,0.0
b1448,1,6,0.35343632816628623,0.35343632816628423,1.9984014443252818e-15,0,0.024555295785397547
b3656,1,6,0.35343632816628623,0.3534363281662483,3.7914116290949096e-14,0,0.024555295786698413
b3883,1,0,0.35343632816628623,0.35343632816627274,1.3489209749195652e-14,0,0.0
b3966,3,8,0.35343632816628623,0.3534363281662838,2.4424906541753444e-15,0,0.23704123801352806
b4098,1,6,0.35343632816628623,0.35343632816627574,1.049160758270773e-14,0,0.46778166882932604
b3488,1,8,0.35343632816628623,0.3534363281662848,1.4432899320127035e-15,0,0.9390981521067647
b1813,1,8,0.35343632816628623,0.35343632816628306,3.164135620181696e-15,0,0.6352371923792612
b2166,1,8,0.35343632816628623,0.3534363281662829,3.3306690738754696e-15,0,0.6352371923817639
b1103,1,6,0.35343632816628623,0.35343632816627163,1.459943277382081e-14,0,0.02455529578570656
b4096,1,0,0.35343632816628623,0.35343632816628817,-1.942890293094024e-15,0,0.0
b4101,1,0,0.35343632816628623,0.35343632816628817,-1.942890293094024e-15,0,0.0
b4100,1,0,0.35343632816628623,0.35343632816628817,-1.942890293094024e-15,0,0.0
b4099,1,0,0.35343632816628623,0.35343632816628817,-1.942890293094024e-15,0,0.0
b4095,1,6,0.35343632816628623,0.35343632816628556,6.661338147750939e-16,0,0.0005131546844217055
b4092,1,6,0.35343632816628623,0.3534363281663082,-2.19824158875781e-14,0,0.46778166882037847
b2047,1,10,0.35343632816628623,0.3534363281662788,7.438494264988549e-15,0,1.183480208056165
b4106,1,0,0.35343632816628623,0.35343632816628623,0.0,0,0.0
b4104,1,0,0.35343632816628623,0.35343632816628623,0.0,0,0.0
b4105,1,0,0.35343632816628623,0.35343632816628623,0.0,0,0.0
b0662,1,6,0.35343632816628623,0.353436328166302,-1.5765166949677223e-14,0,0.4677816688232785
b2906,1,6,0.35343632816628623,0.3534363281662849,1.3322676295501878e-15,0,0.024555295784587323
b1400,1,8,0.35343632816628623,0.3534363281662811,5.10702591327572e-15,0,0.23704123801434934
b2683,1,6,0.35343632816628623,0.3534363281662742,1.2045919817182948e-14,0,0.4677816688325236
b2682,1,6,0.35343632816628623,0.3534363281662742,1.2045919817182948e-14,0,0.4677816688325236
b1821,1,0,0.35343632816628623,0.3534363281662909,-4.6629367034256575e-15,0,0.0
b2164,1,6,0.35343632816628623,0.3534363281662897,-3.497202527569243e-15,0,0.024555295785191465
b1616,1,0,0.35343632816628623,0.3534363281662801,6.106226635438361e-15,0,0.0
b1517,1,142,0.35343632816628623,0.3534332298525012,3.098313785032669e-06,0,0.024625124363479946
b0577,1,6,0.35343632816628623,0.35343632816628234,3.885780586188048e-15,0,0.02455529578504143
b2924,1,6,0.35343632816628623,0.35343632816628234,3.885780586188048e-15,0,0.02455529578504143
b1330,1,6,0.35343632816628623,0.35343632816628234,3.885780586188048e-15,0,0.02455529578504143
b0808,1,6,0.35343632816628623,0.35343632816628234,3.885780586188048e-15,0,0.02455529578504143
b0465,1,6,0.35343632816628623,0.35343632816628234,3.885780586188048e-15,0,0.02455529578504143
b3291,1,6,0.35343632816628623,0.35343632816628234,3.885780586188048e-15,0,0.02455529578504143
b4159,1,6,0.35343632816628623,0.35343632816628234,3.885780586188048e-15,0,0.02455529578504143
b2247,1,6,0.35343632816628623,0.35343632816631176,-2.55351295663786e-14,0,0.0005131546842760285
b0597,1,6,0.35343632816628623,0.3534363281662801,6.106226635438361e-15,0,0.46778166882616523
b1870,1,0,0.35343632816628623,0.3534363281662799,6.328271240363392e-15,0,0.0
b3116,2,6,0.35343632816628623,0.35343632816629206,-5.828670879282072e-15,0,0.0005131546844150717
b2796,1,8,0.35343632816628623,0.3534363281662798,6.439293542825908e-15,0,0.23704123801316263
b4093,1,0,0.35343632816628623,0.3534363281662814,4.829470157119431e-15,0,0.0
b3878,1,6,0.35343632816628623,0.3534363281662845,1.7208456881689926e-15,0,0.46778166882564903
b1206,3,6,0.35343632816628623,0.353436328166276,1.021405182655144e-14,0,0.02455529578605808
