gene_id,gene_name,n_gpr_rxns,n_changed,b_wt,b_ko,delta_b,y_essential,kV
b1377,,270,441,0.5183329169392109,0.0,0.5183329169392109,1,4663.991516595424
b2215,,271,441,0.5183329169392109,0.0,0.5183329169392109,1,4663.991516595424
b0929,,271,441,0.5183329169392109,0.0,0.5183329169392109,1,4663.991516595424
b0241,,270,441,0.5183329169392109,0.0,0.5183329169392109,1,4663.991516595424
b4034,,6,8,0.5183329169392109,0.5183329169394012,-1.9029222642075183e-13,0,2.9168593009663468e-05
b4033,,6,6,0.5183329169392109,0.5183329169391907,2.020605904817785e-14,0,58.75548731431313
b4032,,6,6,0.5183329169392109,0.5183329169391907,2.020605904817785e-14,0,58.75548731431313
b4035,,6,6,0.5183329169392109,0.5183329169391907,2.020605904817785e-14,0,58.75548731431313
b4036,,7,8,0.5183329169392109,0.5183329169392198,-8.881784197001252e-15,0,2.916859300947523e-05
b4213,,8,10,0.5183329169392109,0.5183329169393179,-1.0702549957386509e-13,0,58.7554873677652
b2835,,21,6,0.5183329169392109,0.5183329169391934,1.7541523789077473e-14,0,58.75548731431283
b2836,,23,131,0.5183329169392109,0.5183329169391666,4.4297898682543746e-14,0,72.68837976144991
b3553,,10,6,0.5183329169392109,0.5183329169390584,1.525446435834965e-13,0,58.755487314296886
b1134,,2,10,0.5183329169392109,0.5183329169392124,-1.4432899320127035e-15,0,58.75548736775772
b0446,,2,6,0.5183329169392109,0.5183329169392157,-4.773959005888173e-15,0,58.75548731431569
b1009,,1,6,0.5183329169392109,0.5183329169391724,3.852473895449293e-14,0,58.75548731430856
b0954,,13,10,0.5183329169392109,0.5183329169392393,-2.842170943040401e-14,0,58.75548736775579
b0180,,14,442,0.5183329169392109,0.0,0.5183329169392109,1,4155.236869220847
b0347,,2,6,0.5183329169392109,0.5183329169392736,-6.272760089132134e-14,0,58.755487314321854
b3580,,2,6,0.5183329169392109,0.5183329169391754,3.552713678800501e-14,0,58.75548731431032
b1093,,14,442,0.5183329169392109,0.0,0.5183329169392109,1,4155.236869220847
b2323,,13,442,0.5183329169392109,0.0,0.5183329169392109,1,4155.236869220846
b1095,,9,442,0.5183329169392109,0.0,0.5183329169392109,1,4155.236869220846
b1397,,2,6,0.5183329169392109,0.5183329169392368,-2.5868196473766147e-14,0,58.755487314318
b1245,,2,6,0.5183329169392109,0.5183329169391455,6.539213615042172e-14,0,58.75548731430743
b1244,,2,6,0.5183329169392109,0.5183329169391455,6.539213615042172e-14,0,58.75548731430743
b1329,,1,6,0.5183329169392109,0.5183329169391455,6.539213615042172e-14,0,58.75548731430743
b1246,,2,6,0.5183329169392109,0.5183329169391455,6.539213615042172e-14,0,58.75548731430743
b1247,,2,6,0.5183329169392109,0.5183329169391455,6.539213615042172e-14,0,58.75548731430743
b1386,,3,6,0.5183329169392109,0.518332916939238,-2.708944180085382e-14,0,58.75548731431832
b0004,,2,442,0.5183329169392109,0.0,0.5183329169392109,1,4155.236869220846
b1192,,4,2,0.5183329169392109,0.5183329169391826,2.8310687127941492e-14,0,58.7554581991608
b1243,,1,6,0.5183329169392109,0.5183329169391455,6.539213615042172e-14,0,58.75548731430743
b4266,,1,6,0.5183329169392109,0.5183329169391455,6.539213615042172e-14,0,58.75548731430743
b4265,,3,6,0.5183329169392109,0.5183329169392027,8.215650382226158e-15,0,58.755487314313854
b0159,,3,442,0.5183329169392109,0.0,0.5183329169392109,1,4155.236869220849
b3197,,1,442,0.5183329169392109,0.0,0.5183329169392109,1,4155.236869220847
b2708,,1,442,0.5183329169392109,0.0,0.5183329169392109,1,4155.236869220848
b1094,,26,442,0.5183329169392109,0.0,0.5183329169392109,1,4155.236869220838
b4481,,1,6,0.5183329169392109,0.5183329169391196,9.126033262418787e-14,0,58.75548731430572
b1927,,1,6,0.5183329169392109,0.5183329169392346,-2.3647750424515834e-14,0,58.755487314320106
b3571,,1,6,0.5183329169392109,0.518332916939566,-3.5504932327512506e-13,0,58.755487314323815
b2901,,1,6,0.5183329169392109,0.5183329169408463,-1.6353585152728556e-12,0,58.755487314495454
b1302,,1,10,0.5183329169392109,0.5183329169392266,-1.5654144647214707e-14,0,58.755487367759216
b2662,,1,10,0.5183329169392109,0.5183329169392266,-1.5654144647214707e-14,0,58.755487367759216
b1444,,1,6,0.5183329169392109,0.5183329169392611,-5.0182080713057076e-14,0,58.75548731431783
b2663,,1,6,0.5183329169392109,0.5183329169391591,5.184741524999481e-14,0,58.75548731430945
b2222,,3,10,0.5183329169392109,0.5183329169392414,-3.0531133177191805e-14,0,58.75548736776102
b2221,,3,10,0.5183329169392109,0.5183329169392414,-3.0531133177191805e-14,0,58.75548736776102
b2224,,1,134,0.5183329169392109,0.5183329169393144,-1.0347278589506459e-13,0,72.68835456139837
b2342,,8,134,0.5183329169392109,0.5183329169392175,-6.5503158452884236e-15,0,72.68835456133893
b3845,,8,134,0.5183329169392109,0.5183329169392175,-6.5503158452884236e-15,0,72.68835456133893
b2223,,3,10,0.5183329169392109,0.5183329169392112,-3.3306690738754696e-16,0,58.75548736775721
b1241,,2,10,0.5183329169392109,0.5183329169392238,-1.2878587085651816e-14,0,58.75548736775559
b0351,,1,10,0.5183329169392109,0.51833291693919,2.0872192862952943e-14,0,58.75548736775538
s0001,,39,445,0.5183329169392109,0.0,0.5183329169392109,1,4433.173488152496
b1463,,1,6,0.5183329169392109,0.5183329169392805,-6.961098364399732e-14,0,58.75548731432278
b1993,,2,6,0.5183329169392109,0.5183329169391947,1.6209256159527285e-14,0,58.75548731431297
b2316,,1,442,0.5183329169392109,0.0,0.5183329169392109,1,4155.236869220846
b3255,,1,442,0.5183329169392109,0.0,0.5183329169392109,1,4155.236869220847
b0185,,1,442,0.5183329169392109,0.0,0.5183329169392109,1,4155.236869220849
b3256,,1,442,0.5183329169392109,0.0,0.5183329169392109,1,4155.236869220846
b4069,,2,2,0.5183329169392109,0.5183329169391948,1.609823385706477e-14,0,58.755458199162916
b1119,,1,6,0.5183329169392109,0.5183329169391818,2.90878432451791e-14,0,58.75548731431262
b3784,,1,6,0.5183329169392109,0.51833291693935,-1.3911094498553211e-13,0,58.75548731432973
b2415,,18,69,0.5183329169392109,0.5183329169394185,-2.0761170560490427e-13,0,198.39619753672685
b0679,,1,6,0.5183329169392109,0.5183329169391877,2.3203661214665772e-14,0,58.755487314312475
b1101,,2,67,0.5183329169392109,0.518332916939105,1.0591527654923993e-13,0,209.50380563319905
b2417,,6,67,0.5183329169392109,0.5183329169392233,-1.2434497875801753e-14,0,209.5038056332708
b2416,,19,69,0.5183329169392109,0.5183329169392392,-2.8310687127941492e-14,0,198.3961975365935
b3959,,1,442,0.5183329169392109,0.0,0.5183329169392109,1,4155.2368692208465
b2818,,1,442,0.5183329169392109,0.0,0.5183329169392109,1,4155.2368692208465
b0078,,2,442,0.5183329169392109,0.0,0.5183329169392109,1,4155.236869220844
b3670,,2,442,0.5183329169392109,0.0,0.5183329169392109,1,4155.236869220846
b3671,,2,442,0.5183329169392109,0.0,0.5183329169392109,1,4155.23686922085
b0077,,2,442,0.5183329169392109,0.0,0.5183329169392109,1,4155.236869220849
b3115,,2,2,0.5183329169392109,0.5183329169391497,6.117328865684613e-14,0,58.755458199158355
b1849,,2,61,0.5183329169392109,0.5183329169392478,-3.68594044175552e-14,0,58.755579301958555
b2296,,1,6,0.5183329169392109,0.5183329169392548,-4.3853809472693683e-14,0,58.75548731431972
b2428,,1,6,0.5183329169392109,0.5183329169391819,2.8976820942716586e-14,0,58.755487314311935
b3794,,1,6,0.5183329169392109,0.5183329169392187,-7.771561172376096e-15,0,58.75548731431596
b1818,,5,67,0.5183329169392109,0.5183329169392028,8.104628079763643e-15,0,209.50380563325535
b1819,,5,67,0.5183329169392109,0.5183329169392028,8.104628079763643e-15,0,209.50380563325535
b1817,,5,67,0.5183329169392109,0.5183329169392028,8.104628079763643e-15,0,209.50380563325535
b2429,,2,6,0.5183329169392109,0.5183329169392332,-2.2315482794965646e-14,0,58.755487314317605
b3224,,1,6,0.5183329169392109,0.5183329169391497,6.117328865684613e-14,0,58.75548731430824
b4311,,1,10,0.5183329169392109,0.518332916939229,-1.8096635301390052e-14,0,58.75548736775811
b3225,,1,6,0.5183329169392109,0.5183329169391497,6.117328865684613e-14,0,58.75548731430824
b0221,,8,134,0.5183329169392109,0.518332916939245,-3.4083846855992306e-14,0,72.68835456135876
b1091,,3,442,0.5183329169392109,0.0,0.5183329169392109,1,4155.236869220846
b3957,,2,442,0.5183329169392109,0.0,0.5183329169392109,1,4155.236869220846
b3200,,9,442,0.5183329169392109,0.0,0.5183329169392109,1,4155.236869220844
b4261,,9,442,0.5183329169392109,0.0,0.5183329169392109,1,4155.236869220842
b3201,,9,442,0.5183329169392109,0.0,0.5183329169392109,1,4155.236869220846
b4262,,9,442,0.5183329169392109,0.0,0.5183329169392109,1,4155.236869220847
b3199,,9,442,0.5183329169392109,0.0,0.5183329169392109,1,4155.236869220847
b1519,,1,6,0.5183329169392109,0.518332916939268,-5.706546346573305e-14,0,58.755487314320945
b1276,,2,443,0.5183329169392109,0.0,0.5183329169392109,1,4243.556968018091
b0118,,3,443,0.5183329169392109,0.0,0.5183329169392109,1,4243.556968018092
b1748,,2,442,0.5183329169392109,0.0,0.5183329169392109,1,4155.236869220846
b3359,,2,442,0.5183329169392109,0.0,0.5183329169392109,1,4155.23686922085
b1090,,7,6,0.5183329169392109,0.5183329169392837,-7.283063041541027e-14,0,58.75548731432349
b3475,,1,6,0.5183329169392109,0.5183329169395041,-2.9320990080350384e-13,0,58.75548731434783
b2563,,1,6,0.5183329169392109,0.5183329169395041,-2.9320990080350384e-13,0,58.75548731434783
b2578,,2,6,0.5183329169392109,0.518332916939172,3.885780586188048e-14,0,58.75548731430999
b1533,,2,6,0.5183329169392109,0.518332916939172,3.885780586188048e-14,0,58.75548731430999
b4067,,2,6,0.5183329169392109,0.5183329169391455,6.539213615042172e-14,0,58.75548731430743
b1623,,2,6,0.5183329169392109,0.518332916939243,-3.2085445411667024e-14,0,58.7554873143182
b1096,,1,442,0.5183329169392109,0.0,0.5183329169392109,1,4155.236869220847
b1812,,2,442,0.5183329169392109,0.0,0.5183329169392109,1,4155.236869220847
b3360,,1,442,0.5183329169392109,0.0,0.5183329169392109,1,4155.236869220849
b3665,,1,6,0.5183329169392109,0.5183329169392051,5.773159728050814e-15,0,58.75545825260684
b3654,,3,10,0.5183329169392109,0.51833291693921,8.881784197001252e-16,0,58.75548736775733
b3714,,1,10,0.5183329169392109,0.51833291693921,8.881784197001252e-16,0,58.75548736775733
b0474,,13,442,0.5183329169392109,0.0,0.5183329169392109,1,4155.2368692208465
b0120,,1,2,0.5183329169392109,0.518332916939167,4.3853809472693683e-14,0,58.755458199159705
b3806,,1,6,0.5183329169392109,0.5183329169446362,-5.4253268544357525e-12,0,58.75548731491354
b0030,,5,6,0.5183329169392109,0.5183329169392236,-1.2656542480726785e-14,0,58.75548731431448
b2393,,7,6,0.5183329169392109,0.5183329169391565,5.440092820663267e-14,0,58.75548731430736
b2964,,11,6,0.5183329169392109,0.5183329169391963,1.4654943925052066e-14,0,58.75548731431447
b2406,,6,6,0.5183329169392109,0.5183329169391927,1.8207657603852567e-14,0,58.75548731431866
b0411,,7,10,0.5183329169392109,0.5183329169393237,-1.127986593019159e-13,0,58.7554873677698
b1992,,1,6,0.5183329169392109,0.5183329169392064,4.551914400963142e-15,0,58.755487314317435
b1709,,3,6,0.5183329169392109,0.5183329169392522,-4.1300296516055823e-14,0,58.755487314319325
b0158,,3,6,0.5183329169392109,0.5183329169392522,-4.1300296516055823e-14,0,58.755487314319325
b1711,,3,6,0.5183329169392109,0.5183329169392522,-4.1300296516055823e-14,0,58.755487314319325
b3966,,3,6,0.5183329169392109,0.5183329169392522,-4.1300296516055823e-14,0,58.755487314319325
b3005,,10,10,0.5183329169392109,0.5183329169392392,-2.8310687127941492e-14,0,58.75548736776028
b3006,,10,10,0.5183329169392109,0.5183329169392392,-2.8310687127941492e-14,0,58.75548736776028
b1252,,10,10,0.5183329169392109,0.5183329169392392,-2.8310687127941492e-14,0,58.75548736776028
b3397,,1,6,0.5183329169392109,0.5183329169391939,1.6986412276764895e-14,0,58.75548731431262
b3034,,1,6,0.5183329169392109,0.5183329169391939,1.6986412276764895e-14,0,58.75548731431262
b0469,,1,6,0.5183329169392109,0.5183329169391455,6.539213615042172e-14,0,58.75548731430743
b2750,,1,442,0.5183329169392109,0.0,0.5183329169392109,1,4155.2368692208465
b1131,,2,442,0.5183329169392109,0.0,0.5183329169392109,1,4155.2368692208465
b4177,,1,442,0.5183329169392109,0.0,0.5183329169392109,1,4155.236869220851
b0677,,1,2,0.5183329169392109,0.5183329169392239,-1.2989609388114332e-14,0,58.7554581991657
b0110,,4,6,0.5183329169392109,0.5183329169391283,8.260059303211165e-14,0,58.75548731430548
b2817,,2,6,0.5183329169392109,0.5183329169392743,-6.339373470609644e-14,0,58.75548731432001
b2435,,2,6,0.5183329169392109,0.5183329169392743,-6.339373470609644e-14,0,58.75548731432001
b4169,,2,6,0.5183329169392109,0.5183329169392743,-6.339373470609644e-14,0,58.75548731432001
b1107,,3,6,0.5183329169392109,0.5183329169392642,-5.3290705182007514e-14,0,58.75548731432191
b0433,,3,6,0.5183329169392109,0.5183329169392945,-8.359979375427429e-14,0,58.75548731432431
b3619,,1,10,0.5183329169392109,0.5183329169391931,1.7763568394002505e-14,0,58.755487367755485
b2937,,1,6,0.5183329169392109,0.518332916939255,-4.4075854077618715e-14,0,58.755487314314294
b3018,,7,442,0.5183329169392109,0.0,0.5183329169392109,1,4155.236869220846
b3958,,1,442,0.5183329169392109,0.0,0.5183329169392109,1,4155.236869220846
b0575,,2,2,0.5183329169392109,0.5183329169392132,-2.3314683517128287e-15,0,58.755458199164835
b0572,,2,6,0.5183329169392109,0.5183329169390909,1.2001510896197942e-13,0,58.75548731430189
b0573,,2,6,0.5183329169392109,0.5183329169390909,1.2001510896197942e-13,0,58.75548731430189
b0574,,2,6,0.5183329169392109,0.5183329169390909,1.2001510896197942e-13,0,58.75548731430189
b4006,,2,442,0.5183329169392109,0.0,0.5183329169392109,1,4155.2368692208465
b0522,,1,442,0.5183329169392109,0.0,0.5183329169392109,1,4155.236869220846
b0523,,1,442,0.5183329169392109,0.0,0.5183329169392109,1,4155.236869220847
b0727,,1,66,0.5183329169392109,0.5183329169392055,5.440092820663267e-15,0,108.492306552851
b0116,,3,77,0.5183329169392109,0.5183329169392081,2.7755575615628914e-15,0,298.01157945120076
b0726,,1,66,0.5183329169392109,0.518332916939164,4.696243394164412e-14,0,108.49230655277059
b2587,,1,6,0.5183329169392109,0.5183329169392876,-7.671641100159832e-14,0,58.75548731432322
b1488,,1,6,0.5183329169392109,0.5183329169392283,-1.7430501486614958e-14,0,58.755487314318344
b3542,,3,6,0.5183329169392109,0.5183329169392623,-5.140332604014475e-14,0,58.755487314320305
b1486,,1,10,0.5183329169392109,0.5183329169386048,6.06070749142873e-13,0,58.75548736769027
b1485,,1,10,0.5183329169392109,0.5183329169386048,6.06070749142873e-13,0,58.75548736769027
b3543,,3,6,0.5183329169392109,0.5183329169392623,-5.140332604014475e-14,0,58.755487314320305
b3541,,3,6,0.5183329169392109,0.5183329169392623,-5.140332604014475e-14,0,58.755487314320305
b1484,,1,10,0.5183329169392109,0.5183329169386048,6.06070749142873e-13,0,58.75548736769027
b3540,,3,6,0.5183329169392109,0.5183329169392623,-5.140332604014475e-14,0,58.755487314320305
b3544,,3,6,0.5183329169392109,0.5183329169392623,-5.140332604014475e-14,0,58.755487314320305
b1483,,1,10,0.5183329169392109,0.5183329169386048,6.06070749142873e-13,0,58.75548736769027
b1487,,1,10,0.5183329169392109,0.5183329169386048,6.06070749142873e-13,0,58.75548736769027
b0092,,1,442,0.5183329169392109,0.0,0.5183329169392109,1,4155.236869220851
b0381,,1,442,0.5183329169392109,0.0,0.5183329169392109,1,4155.2368692208465
b1325,,1,6,0.5183329169392109,0.5183329169526494,-1.3438472556970282e-11,0,58.75548731580142
b1190,,1,442,0.5183329169392109,0.0,0.5183329169392109,1,4155.236869220843
b4053,,1,442,0.5183329169392109,0.0,0.5183329169392109,1,4155.236869220847
b2551,,6,70,0.5183329169392109,0.5183329169391813,2.964295475749168e-14,0,74.423791984766
b0870,,4,10,0.5183329169392109,0.5183329169400995,-8.886225089099753e-13,0,58.75548736785328
b2379,,1,9,0.5183329169392109,0.5183329169390631,1.4777068457760834e-13,0,59.027897380862605
b2290,,1,9,0.5183329169392109,0.5183329169390631,1.4777068457760834e-13,0,59.027897380862605
b2697,,1,6,0.5183329169392109,0.5183329169391167,9.425793479067579e-14,0,58.75548731430382
b3460,,5,6,0.5183329169392109,0.5183329169391455,6.539213615042172e-14,0,58.75548731430743
b3456,,5,6,0.5183329169392109,0.5183329169391455,6.539213615042172e-14,0,58.75548731430743
b3457,,5,6,0.5183329169392109,0.5183329169391455,6.539213615042172e-14,0,58.75548731430743
b3455,,5,6,0.5183329169392109,0.5183329169391455,6.539213615042172e-14,0,58.75548731430743
b3454,,5,6,0.5183329169392109,0.5183329169391455,6.539213615042172e-14,0,58.75548731430743
b4208,,5,60,0.5183329169392109,0.5183329169391807,3.019806626980426e-14,0,58.7930674999605
b0007,,2,6,0.5183329169392109,0.5183329169391455,6.539213615042172e-14,0,58.75548731430743
b0356,,3,6,0.5183329169392109,0.5183329169388458,3.65152352799214e-13,0,58.755487314275
b1478,,1,6,0.5183329169392109,0.5183329169392854,-7.4495964952348e-14,0,58.75548731432366
b1385,,1,10,0.5183329169392109,0.5183329169392635,-5.262457136723242e-14,0,58.755487367764346
b1300,,2,6,0.5183329169392109,0.5183329169392361,-2.5202062658991053e-14,0,58.75548731432269
b3588,,2,6,0.5183329169392109,0.518332916939311,-1.0014211682118912e-13,0,58.7554873143246
b4084,,1,6,0.5183329169392109,0.5183329169392984,-8.748557434046234e-14,0,58.755487314324824
b4090,,2,426,0.5183329169392109,0.1575647299545386,0.3607681869846723,0,1240.038172423576
b0516,,1,6,0.5183329169392109,0.5183329169391385,7.238654120556021e-14,0,58.75548731430713
b0512,,1,10,0.5183329169392109,0.5183329169391437,6.716849298982197e-14,0,58.755487367750284
b0511,,1,6,0.5183329169392109,0.5183329169392711,-6.017408793468348e-14,0,58.75548731432066
b4085,,1,6,0.5183329169392109,0.5183329169397777,-5.667688540711424e-13,0,58.75548731437803
b4087,,2,6,0.5183329169392109,0.5183329169385209,6.900036098045348e-13,0,58.75548731423924
b4086,,2,6,0.5183329169392109,0.5183329169385209,6.900036098045348e-13,0,58.75548731423924
b4088,,2,6,0.5183329169392109,0.5183329169385209,6.900036098045348e-13,0,58.75548731423924
b0657,,2,6,0.5183329169392109,0.5183329169392572,-4.629630012686903e-14,0,58.75548731431962
b1677,,2,6,0.5183329169392109,0.5183329169392572,-4.629630012686903e-14,0,58.75548731431962
b1781,,1,6,0.5183329169392109,0.5183329169391455,6.539213615042172e-14,0,58.75548731430743
b3001,,1,6,0.5183329169392109,0.5183329169391455,6.539213615042172e-14,0,58.75548731430743
b0207,,2,6,0.5183329169392109,0.518332916939247,-3.608224830031759e-14,0,58.755487314319126
b3012,,2,6,0.5183329169392109,0.518332916939247,-3.608224830031759e-14,0,58.755487314319126
b3945,,4,6,0.5183329169392109,0.5183329169388134,3.9745984281580604e-13,0,58.755487314269594
b3091,,1,6,0.5183329169392109,0.5183329169391371,7.382983113757291e-14,0,58.75548731430641
b3416,,4,6,0.5183329169392109,0.5183329169391915,1.942890293094024e-14,0,58.7554873143129
b3223,,1,6,0.5183329169392109,0.5183329169392915,-8.060219158778636e-14,0,58.75548731432379
b3222,,1,6,0.5183329169392109,0.5183329169391642,4.674038933671909e-14,0,58.755487314309775
b0774,,1,442,0.5183329169392109,0.0,0.5183329169392109,1,4155.236869220847
b3833,,2,2,0.5183329169392109,0.5183329169392049,5.995204332975845e-15,0,58.7554581991635
b3994,,1,442,0.5183329169392109,0.0,0.5183329169392109,1,4155.236869220849
b1982,,1,6,0.5183329169392109,0.5183329169391735,3.7414515929867775e-14,0,58.75548731431073
b0932,,2,6,0.5183329169392109,0.5183329169392354,-2.453592884421596e-14,0,58.755487314317776
b0237,,3,6,0.5183329169392109,0.5183329169389851,2.2581936320875684e-13,0,58.75548731429005
b4260,,2,6,0.5183329169392109,0.5183329169392354,-2.453592884421596e-14,0,58.755487314317776
b2523,,2,6,0.5183329169392109,0.5183329169392354,-2.453592884421596e-14,0,58.755487314317776
b1640,,1,6,0.5183329169392109,0.5183329169392783,-6.7390537594747e-14,0,58.75548731432221
b1263,,2,442,0.5183329169392109,0.0,0.5183329169392109,1,4155.236869220847
b1264,,1,442,0.5183329169392109,0.0,0.5183329169392109,1,4155.236869220846
b0776,,1,442,0.5183329169392109,0.0,0.5183329169392109,1,4155.236869220847
b0049,,3,6,0.5183329169392109,0.5183329169391899,2.098321516541546e-14,0,58.75548731431341
b4129,,2,6,0.5183329169392109,0.5183329169391145,9.636735853746359e-14,0,58.755487314305086
b0121,,2,6,0.5183329169392109,0.5183329169391394,7.149836278586008e-14,0,58.75548731430692
b3059,,7,10,0.5183329169392109,0.5183328894399112,2.749929972623022e-08,0,58.755484272628145
b0968,,7,6,0.5183329169392109,0.5183329169391356,7.527312106958561e-14,0,58.755487314306706
b0414,,2,442,0.5183329169392109,0.0,0.5183329169392109,1,4155.236869220841
b0062,,1,2,0.5183329169392109,0.518332916939173,3.785860513971784e-14,0,58.75545819916051
b0153,,5,6,0.5183329169392109,0.5183329169391455,6.539213615042172e-14,0,58.75548731430743
b0151,,5,6,0.5183329169392109,0.5183329169391455,6.539213615042172e-14,0,58.75548731430743
b0152,,5,6,0.5183329169392109,0.5183329169391455,6.539213615042172e-14,0,58.75548731430743
b2715,,1,6,0.5183329169392109,0.518332916939325,-1.141309269314661e-13,0,58.75548731432785
b3722,,1,6,0.5183329169392109,0.518332916939325,-1.141309269314661e-13,0,58.75548731432785
b1900,,1,6,0.5183329169392109,0.5183329169391455,6.539213615042172e-14,0,58.75548731430743
b4460,,1,6,0.5183329169392109,0.5183329169391455,6.539213615042172e-14,0,58.75548731430743
b1901,,1,6,0.5183329169392109,0.5183329169391455,6.539213615042172e-14,0,58.75548731430743
b2841,,1,6,0.5183329169392109,0.5183329169392332,-2.2315482794965646e-14,0,58.75548731431756
b1528,,3,6,0.5183329169392109,0.5183329169391603,5.062616992290714e-14,0,58.755487314307395
b4115,,1,6,0.5183329169392109,0.5183329169391856,2.531308496145357e-14,0,58.75548731431184
b4117,,1,6,0.5183329169392109,0.5183329169392092,1.6653345369377348e-15,0,58.75548731431271
b2938,,1,6,0.5183329169392109,0.5183329169391455,6.539213615042172e-14,0,58.75548731430743
b1605,,1,10,0.5183329169392109,0.5183329169391951,1.5765166949677223e-14,0,58.75548736775557
b3960,,1,442,0.5183329169392109,0.0,0.5183329169392109,1,4155.236869220847
b3172,,1,442,0.5183329169392109,0.0,0.5183329169392109,1,4155.236869220847
b1876,,1,2,0.5183329169392109,0.5183329169391729,3.7969627442180354e-14,0,58.75545819916039
b2310,,3,6,0.5183329169392109,0.5183329169391455,6.539213615042172e-14,0,58.75548731430743
b0863,,1,6,0.5183329169392109,0.5183329169391455,6.539213615042172e-14,0,58.75548731430743
b0860,,1,6,0.5183329169392109,0.5183329169391455,6.539213615042172e-14,0,58.75548731430743
b2307,,4,6,0.5183329169392109,0.5183329169391455,6.539213615042172e-14,0,58.75548731430743
b2308,,4,6,0.5183329169392109,0.5183329169391455,6.539213615042172e-14,0,58.75548731430743
b0862,,1,6,0.5183329169392109,0.5183329169391455,6.539213615042172e-14,0,58.75548731430743
b2306,,4,6,0.5183329169392109,0.5183329169391455,6.539213615042172e-14,0,58.75548731430743
b0864,,1,6,0.5183329169392109,0.5183329169391455,6.539213615042172e-14,0,58.75548731430743
b0861,,1,6,0.5183329169392109,0.5183329169391455,6.539213615042172e-14,0,58.75548731430743
b2923,,2,10,0.5183329169392109,0.5183329169391819,2.8976820942716586e-14,0,58.75548736775434
b3433,,1,442,0.5183329169392109,0.0,0.5183329169392109,1,4155.236869220847
b4192,,1,6,0.5183329169392109,0.5183329169390799,1.3100631690576847e-13,0,58.7554873143011
b4194,,1,6,0.5183329169392109,0.5183329169401539,-9.43023437116608e-13,0,58.755487314420016
b4193,,1,6,0.5183329169392109,0.5183329169401539,-9.43023437116608e-13,0,58.755487314420016
b4195,,1,6,0.5183329169392109,0.5183329169401539,-9.43023437116608e-13,0,58.755487314420016
b1767,,1,6,0.5183329169392109,0.5183329169392361,-2.5202062658991053e-14,0,58.75548731431767
b0828,,1,6,0.5183329169392109,0.5183329169392361,-2.5202062658991053e-14,0,58.75548731431767
b2957,,2,6,0.5183329169392109,0.5183329169391455,6.539213615042172e-14,0,58.75548731430743
b0674,,1,6,0.5183329169392109,0.5183329169391455,6.539213615042172e-14,0,58.75548731430743
b3744,,1,52,0.5183329169392109,0.518332916939257,-4.6074255521943996e-14,0,58.88665406886996
b0930,,1,6,0.5183329169392109,0.5183329169391718,3.907985046680551e-14,0,58.75548731431047
b1453,,1,6,0.5183329169392109,0.5183329169395149,-3.0397906414236786e-13,0,58.75548731435012
b3502,,1,6,0.5183329169392109,0.518332916939283,-7.205347429817266e-14,0,58.75548731432414
b0131,,1,442,0.5183329169392109,0.0,0.5183329169392109,1,4155.236869220846
b4245,,1,442,0.5183329169392109,0.0,0.5183329169392109,1,4155.236869220846
b4244,,1,442,0.5183329169392109,0.0,0.5183329169392109,1,4155.236869220847
b0002,,2,442,0.5183329169392109,0.0,0.5183329169392109,1,4155.236869220846
b4024,,1,442,0.5183329169392109,0.0,0.5183329169392109,1,4155.2368692208465
b3940,,2,442,0.5183329169392109,0.0,0.5183329169392109,1,4155.236869220846
b2574,,4,442,0.5183329169392109,0.0,0.5183329169392109,1,4155.2368692208465
b4139,,1,6,0.5183329169392109,0.5183329169391464,6.45039577307216e-14,0,58.75548731430742
b0928,,3,442,0.5183329169392109,0.0,0.5183329169392109,1,4155.2368692208465
b1866,,1,6,0.5183329169392109,0.5183329169392098,1.1102230246251565e-15,0,58.755487314315815
b0654,,2,6,0.5183329169392109,0.5183329169391455,6.539213615042172e-14,0,58.75548731430743
b0655,,2,6,0.5183329169392109,0.5183329169391455,6.539213615042172e-14,0,58.75548731430743
b0652,,2,6,0.5183329169392109,0.5183329169391455,6.539213615042172e-14,0,58.75548731430743
b0653,,2,6,0.5183329169392109,0.5183329169391455,6.539213615042172e-14,0,58.75548731430743
b3528,,6,6,0.5183329169392109,0.5183329169392169,-5.995204332975845e-15,0,58.75548731431604
b4123,,9,6,0.5183329169392109,0.5183329169390627,1.482147737874584e-13,0,58.75548731429849
b4138,,7,6,0.5183329169392109,0.5183329169391455,6.539213615042172e-14,0,58.75548731430743
b4077,,2,10,0.5183329169392109,0.5183329169392534,-4.2521541843143495e-14,0,58.75548736776069
b3503,,1,6,0.5183329169392109,0.5183329169391334,7.749356711883593e-14,0,58.75548731430763
b1064,,7,10,0.5183329169392109,0.5183329169391475,6.339373470609644e-14,0,58.75548736775017
b1747,,1,10,0.5183329169392109,0.5183329169392332,-2.2315482794965646e-14,0,58.75548736776028
b1539,,4,6,0.5183329169392109,0.5183329169392074,3.552713678800501e-15,0,58.75548731431432
b2019,,1,442,0.5183329169392109,0.0,0.5183329169392109,1,4155.236869220847
b3738,,1,439,0.5183329169392109,0.4024773014906976,0.1158556154485133,0,7052.000508305453
b3733,,1,439,0.5183329169392109,0.40247730149071853,0.11585561544849238,0,7076.4174254374675
b3732,,1,439,0.5183329169392109,0.40247730149071853,0.11585561544849238,0,7076.4174254374675
b3739,,1,439,0.5183329169392109,0.40247730149071853,0.11585561544849238,0,7076.4174254374675
b3736,,1,439,0.5183329169392109,0.40247730149071853,0.11585561544849238,0,7076.4174254374675
b3737,,1,439,0.5183329169392109,0.40247730149071853,0.11585561544849238,0,7076.4174254374675
b3734,,1,439,0.5183329169392109,0.40247730149071853,0.11585561544849238,0,7076.4174254374675
b3735,,1,439,0.5183329169392109,0.40247730149071853,0.11585561544849238,0,7076.4174254374675
b3731,,1,439,0.5183329169392109,0.40247730149071853,0.11585561544849238,0,7076.4174254374675
b0312,,2,6,0.5183329169392109,0.5183329169391424,6.850076061937216e-14,0,58.75548731430695
b0827,,4,442,0.5183329169392109,0.0,0.5183329169392109,1,4155.236869220846
b3857,,5,442,0.5183329169392109,0.0,0.5183329169392109,1,4155.236869220848
b3856,,5,442,0.5183329169392109,0.0,0.5183329169392109,1,4155.23686922085
b4214,,1,442,0.5183329169392109,0.0,0.5183329169392109,1,4155.236869220846
b3551,,3,6,0.5183329169392109,0.5183329169391572,5.3734794391857577e-14,0,58.755487314309036
b0775,,1,442,0.5183329169392109,0.0,0.5183329169392109,1,4155.236869220847
b0934,,5,2,0.5183329169392109,0.5183329169392127,-1.7763568394002505e-15,0,58.755458199164565
b0367,,3,6,0.5183329169392109,0.5183329169392629,-5.1958437552457326e-14,0,58.75548731432113
b0933,,5,10,0.5183329169392109,0.5183329169392573,-4.6407322429331543e-14,0,58.7554873677625
b0936,,5,10,0.5183329169392109,0.5183329169392573,-4.6407322429331543e-14,0,58.7554873677625
b0365,,3,6,0.5183329169392109,0.5183329169392629,-5.1958437552457326e-14,0,58.75548731432113
b0366,,3,6,0.5183329169392109,0.5183329169392629,-5.1958437552457326e-14,0,58.75548731432113
b1216,,3,6,0.5183329169392109,0.5183329169392109,0.0,0,58.75548731431286
b4132,,1,6,0.5183329169392109,0.5183329169391455,6.539213615042172e-14,0,58.75548731430743
b3942,,1,6,0.5183329169392109,0.5183329169391455,6.539213615042172e-14,0,58.75548731430743
b1732,,1,6,0.5183329169392109,0.5183329169391455,6.539213615042172e-14,0,58.75548731430743
b3196,,1,442,0.5183329169392109,0.0,0.5183329169392109,1,4155.236869220848
b1270,,2,2,0.5183329169392109,0.5183329169391777,3.319566843629218e-14,0,58.75545819915847
b2874,,1,53,0.5183329169392109,0.5183329169391967,1.4210854715202004e-14,0,60.22474512143213
b0521,,1,53,0.5183329169392109,0.5183329169391967,1.4210854715202004e-14,0,60.22474512143213
b0323,,1,53,0.5183329169392109,0.5183329169391967,1.4210854715202004e-14,0,60.22474512143213
b0033,,1,6,0.5183329169392109,0.5183329169391455,6.539213615042172e-14,0,58.75548731430743
b0032,,1,6,0.5183329169392109,0.5183329169391455,6.539213615042172e-14,0,58.75548731430743
b0444,,1,10,0.5183329169392109,0.5183329169392108,1.1102230246251565e-16,0,58.75548736775747
b3469,,6,6,0.5183329169392109,0.5183329169391455,6.539213615042172e-14,0,58.75548731430743
b3915,,7,6,0.5183329169392109,0.5183329169393047,-9.381384558082573e-14,0,58.75548731432346
b0752,,5,6,0.5183329169392109,0.5183329169392602,-4.929390229335695e-14,0,58.7554873143157
b3040,,6,442,0.5183329169392109,0.0,0.5183329169392109,1,4155.236869220847
b3918,,7,6,0.5183329169392109,0.5183329169391462,6.472600233564663e-14,0,58.75548731430709
b2794,,1,6,0.5183329169392109,0.518332916939195,1.587618925213974e-14,0,58.75548731431558
b1208,,1,442,0.5183329169392109,0.0,0.5183329169392109,1,4155.236869220848
b1661,,4,2,0.5183329169392109,0.5183329169391577,5.3179682879545e-14,0,58.755458199158866
b2129,,2,6,0.5183329169392109,0.5183329169391455,6.539213615042172e-14,0,58.75548731430743
b2128,,2,6,0.5183329169392109,0.5183329169391455,6.539213615042172e-14,0,58.75548731430743
b2131,,2,6,0.5183329169392109,0.5183329169391455,6.539213615042172e-14,0,58.75548731430743
b2130,,2,6,0.5183329169392109,0.5183329169391455,6.539213615042172e-14,0,58.75548731430743
b1801,,3,6,0.5183329169392109,0.5183329169393311,-1.2023715356690445e-13,0,58.75548731432984
b0314,,1,10,0.5183329169392109,0.5183329169392265,-1.554312234475219e-14,0,58.75548736776032
b0311,,1,10,0.5183329169392109,0.5183329169392595,-4.8627768478581856e-14,0,58.75548736776312
b2600,,2,442,0.5183329169392109,0.0,0.5183329169392109,1,4155.2368692208465
b2599,,2,442,0.5183329169392109,0.0,0.5183329169392109,1,4155.236869220847
b2329,,1,442,0.5183329169392109,0.0,0.5183329169392109,1,4155.236869220846
b4039,,1,442,0.5183329169392109,0.0,0.5183329169392109,1,4155.236869220847
b2542,,2,6,0.5183329169392109,0.5183329169392159,-4.9960036108132044e-15,0,58.75548731431495
b2540,,2,6,0.5183329169392109,0.5183329169392581,-4.718447854656915e-14,0,58.75548731432049
b2538,,2,6,0.5183329169392109,0.5183329169392581,-4.718447854656915e-14,0,58.75548731432049
b2539,,2,6,0.5183329169392109,0.5183329169392581,-4.718447854656915e-14,0,58.75548731432049
b0617,,1,6,0.5183329169392109,0.518332916939298,-8.704148513061227e-14,0,58.75548731432481
b0614,,1,6,0.5183329169392109,0.518332916939298,-8.704148513061227e-14,0,58.75548731432481
b0616,,1,6,0.5183329169392109,0.518332916939298,-8.704148513061227e-14,0,58.75548731432481
b0615,,1,6,0.5183329169392109,0.518332916939298,-8.704148513061227e-14,0,58.75548731432481
b0612,,1,10,0.5183329169392109,0.5183329169393643,-1.5343282200319663e-13,0,58.755487367769426
b0789,,7,10,0.5183329169392109,0.518332916939201,9.880984919163893e-15,0,58.755487367756345
b1249,,7,10,0.5183329169392109,0.518332916939201,9.880984919163893e-15,0,58.755487367756345
b0155,,1,442,0.5183329169392109,0.0,0.5183329169392109,1,4155.2368692208465
b1592,,1,442,0.5183329169392109,0.0,0.5183329169392109,1,4155.236869220847
b3035,,9,6,0.5183329169392109,0.518332916939169,4.18554080283684e-14,0,58.75548731431041
b2470,,7,6,0.5183329169392109,0.5183329169391455,6.539213615042172e-14,0,58.75548731430743
b0463,,7,6,0.5183329169392109,0.5183329169391455,6.539213615042172e-14,0,58.75548731430743
b0462,,7,6,0.5183329169392109,0.5183329169391455,6.539213615042172e-14,0,58.75548731430743
b3816,,3,442,0.5183329169392109,0.0,0.5183329169392109,1,4155.236869220847
b2174,,1,6,0.5183329169392109,0.5183329169391999,1.099120794378905e-14,0,58.755487314313456
b0914,,32,442,0.5183329169392109,0.0,0.5183329169392109,1,4155.2368692208465
b1102,,1,2,0.5183329169392109,0.518332916939161,4.9960036108132044e-14,0,58.75545819915874
b2765,,1,6,0.5183329169392109,0.5183329169391683,4.263256414560601e-14,0,58.75548731431002
b0783,,1,442,0.5183329169392109,0.0,0.5183329169392109,1,4155.236869220847
b0781,,1,442,0.5183329169392109,0.0,0.5183329169392109,1,4155.236869220848
b2436,,1,55,0.5183329169392109,0.5183329169391683,4.263256414560601e-14,0,58.7578615655992
b3867,,1,6,0.5183329169392109,0.5183329169401232,-9.122702593344911e-13,0,58.75548731441553
b0038,,2,6,0.5183329169392109,0.5183329169392368,-2.5868196473766147e-14,0,58.7554873143177
b0037,,3,6,0.5183329169392109,0.5183329169391455,6.539213615042172e-14,0,58.75548731430743
b0036,,2,6,0.5183329169392109,0.5183329169383997,8.112399640936019e-13,0,58.75548731423004
b2679,,4,6,0.5183329169392109,0.5183329169391455,6.539213615042172e-14,0,58.75548731430743
b2677,,4,6,0.5183329169392109,0.5183329169391455,6.539213615042172e-14,0,58.75548731430743
b2678,,4,6,0.5183329169392109,0.5183329169391455,6.539213615042172e-14,0,58.75548731430743
b4111,,5,6,0.5183329169392109,0.5183329169392258,-1.4876988529977098e-14,0,58.75548731431685
b0040,,2,6,0.5183329169392109,0.5183329169391967,1.4210854715202004e-14,0,58.75548731431452
b0720,,1,443,0.5183329169392109,0.0,0.5183329169392109,1,4243.55696801809
b0337,,1,6,0.5183329169392109,0.5183329169393908,-1.7985612998927536e-13,0,58.755458252627975
b0336,,1,6,0.5183329169392109,0.5183329169392805,-6.961098364399732e-14,0,58.75548731432029
b3846,,19,134,0.5183329169392109,0.5183329169392714,-6.050715484207103e-14,0,72.68835456136665
b2780,,1,442,0.5183329169392109,0.0,0.5183329169392109,1,4155.2368692208465
b0123,,2,2,0.5183329169392109,0.5183329169392201,-9.2148511043888e-15,0,58.75545819916539
b0484,,1,6,0.5183329169392109,0.5183329169391455,6.539213615042172e-14,0,58.75548731430743
b3425,,1,10,0.5183329169392109,0.5183329169392045,6.439293542825908e-15,0,58.75548736775693
b1308,,1,6,0.5183329169392109,0.5183329169391455,6.539213615042172e-14,0,58.75548731430743
b0340,,1,6,0.5183329169392109,0.5183329169391332,7.771561172376096e-14,0,58.75548731430569
b0341,,1,6,0.5183329169392109,0.5183329169391416,6.927791673660977e-14,0,58.7554873143094
b1919,,1,6,0.5183329169392109,0.5183329169385142,6.966649479522857e-13,0,58.75548731423957
b3008,,2,442,0.5183329169392109,0.0,0.5183329169392109,1,4155.2368692208465
b3708,,3,52,0.5183329169392109,0.5183329169391165,9.43689570931383e-14,0,58.78751465156993
b2414,,1,442,0.5183329169392109,0.0,0.5183329169392109,1,4155.236869220846
b2421,,1,442,0.5183329169392109,0.0,0.5183329169392109,1,4155.236869220846
b2810,,1,6,0.5183329169392109,0.5183329169392117,-7.771561172376096e-16,0,58.75548731431462
b1622,,1,442,0.5183329169392109,0.0,0.5183329169392109,1,4155.2368692208465
b0526,,1,2,0.5183329169392109,0.5183329169392424,-3.1530333899354446e-14,0,58.75545819916827
b0886,,2,10,0.5183329169392109,0.5183329169391585,5.240252676230739e-14,0,58.755487367751414
b0887,,2,10,0.5183329169392109,0.5183329169391585,5.240252676230739e-14,0,58.755487367751414
b0978,,2,6,0.5183329169392109,0.5183329169393524,-1.4144241333724494e-13,0,58.75548731433159
b0979,,2,6,0.5183329169392109,0.5183329169393524,-1.4144241333724494e-13,0,58.75548731433159
b0734,,1,6,0.5183329169392109,0.5183329169391455,6.539213615042172e-14,0,58.75548731430743
b0733,,1,6,0.5183329169392109,0.5183329169391455,6.539213615042172e-14,0,58.75548731430743
b0432,,1,64,0.5183329169392109,0.5183329169393034,-9.248157795127554e-14,0,1853.8712480018894
b0430,,1,64,0.5183329169392109,0.5183329169393034,-9.248157795127554e-14,0,1853.8712480018894
b0429,,1,64,0.5183329169392109,0.5183329169393034,-9.248157795127554e-14,0,1853.8712480018894
b0431,,1,64,0.5183329169392109,0.5183329169393034,-9.248157795127554e-14,0,1853.8712480018894
b2143,,2,6,0.5183329169392109,0.5183329169392563,-4.54081217071689e-14,0,58.755487314313314
b0651,,2,10,0.5183329169392109,0.5183329169392431,-3.219646771412954e-14,0,58.755487367761305
b2162,,2,10,0.5183329169392109,0.5183329169392431,-3.219646771412954e-14,0,58.755487367761305
b2066,,2,6,0.5183329169392109,0.5183329169391455,6.539213615042172e-14,0,58.75548731430743
b0910,,3,442,0.5183329169392109,0.0,0.5183329169392109,1,4155.2368692208465
b2975,,3,6,0.5183329169392109,0.5183329169392488,-3.785860513971784e-14,0,58.755487314319225
b3603,,3,6,0.5183329169392109,0.5183329169391907,2.020605904817785e-14,0,58.75548731431304
b1189,,1,6,0.5183329169392109,0.5183329169391455,6.539213615042172e-14,0,58.75548731430743
b4042,,7,6,0.5183329169392109,0.5183329169391455,6.539213615042172e-14,0,58.75548731430743
b2871,,1,6,0.5183329169392109,0.5183329169390268,1.8407497748285095e-13,0,58.755487314295834
b2838,,1,442,0.5183329169392109,0.0,0.5183329169392109,1,4155.236869220847
b3809,,1,442,0.5183329169392109,0.0,0.5183329169392109,1,4155.236869220848
b0175,,7,442,0.5183329169392109,0.0,0.5183329169392109,1,4155.236869220845
b3041,,1,442,0.5183329169392109,0.0,0.5183329169392109,1,4155.236869220844
b0778,,1,442,0.5183329169392109,0.0,0.5183329169392109,1,4155.2368692208465
b1734,,1,2,0.5183329169392109,0.5183329169392036,7.327471962526033e-15,0,58.75545819916417
b2065,,1,6,0.5183329169392109,0.5183329169391455,6.539213615042172e-14,0,58.75548731430743
b2344,,7,10,0.5183329169392109,0.5183329169392076,3.3306690738754696e-15,0,58.7554873677571
b3693,,1,6,0.5183329169392109,0.5183329169391917,1.9206858326015208e-14,0,58.755487314314436
b3909,,2,6,0.5183329169392109,0.5183329169389791,2.318145675417327e-13,0,58.75548731428738
b3526,,1,6,0.5183329169392109,0.5183329169393165,-1.0558220964185239e-13,0,58.7554873143269
b1704,,1,442,0.5183329169392109,0.0,0.5183329169392109,1,4155.236869220851
b2601,,1,442,0.5183329169392109,0.0,0.5183329169392109,1,4155.236869220854
b0754,,1,442,0.5183329169392109,0.0,0.5183329169392109,1,4155.236869220846
b4477,,1,2,0.5183329169392109,0.5183329169391382,7.271960811294775e-14,0,58.755458199157005
b3648,,2,442,0.5183329169392109,0.0,0.5183329169392109,1,4155.236869220846
b1393,,1,2,0.5183329169392109,0.5183329169391481,6.283862319378386e-14,0,58.755458199157445
b3771,,2,442,0.5183329169392109,0.0,0.5183329169392109,1,4155.2368692208465
b1198,,1,62,0.5183329169392109,0.5183329169392316,-2.0650148258027912e-14,0,60.53989749053512
b1199,,1,62,0.5183329169392109,0.5183329169391144,9.64783808399261e-14,0,60.539897490520836
b1200,,1,62,0.5183329169392109,0.5183329169391144,9.64783808399261e-14,0,60.539897490520836
b0596,,1,6,0.5183329169392109,0.5183329169392976,-8.670841822322473e-14,0,58.75548731432489
b0594,,1,6,0.5183329169392109,0.5183329169391455,6.539213615042172e-14,0,58.75548731430743
b2541,,2,6,0.5183329169392109,0.5183329169391844,2.653433028854124e-14,0,58.75548731431244
b0348,,2,6,0.5183329169392109,0.5183329169375656,1.645350522494482e-12,0,58.755487314131784
b0031,,1,442,0.5183329169392109,0.0,0.5183329169392109,1,4155.236869220846
b2478,,1,442,0.5183329169392109,0.0,0.5183329169392109,1,4155.236869220849
b0048,,1,442,0.5183329169392109,0.0,0.5183329169392109,1,4155.236869220847
b1606,,2,442,0.5183329169392109,0.0,0.5183329169392109,1,4155.236869220848
b2315,,1,442,0.5183329169392109,0.0,0.5183329169392109,1,4155.23686922085
b3930,,1,2,0.5183329169392109,0.5183329169392548,-4.3853809472693683e-14,0,58.75545819916925
b2262,,1,6,0.5183329169392109,0.5183329169391974,1.354472090042691e-14,0,58.755487314313115
b0736,,1,6,0.5183329169392109,0.5183329169393665,-1.5554224574998443e-13,0,58.755487314332235
b3058,,2,442,0.5183329169392109,0.0,0.5183329169392109,1,4155.236869220846
b0945,,2,9,0.5183329169392109,0.5183329169392021,8.770761894538737e-15,0,58.8436558403919
b1062,,1,442,0.5183329169392109,0.0,0.5183329169392109,1,4155.2368692208465
b3177,,1,442,0.5183329169392109,0.0,0.5183329169392109,1,4155.236869220849
b0578,,2,6,0.5183329169392109,0.5183329169392635,-5.262457136723242e-14,0,58.75548731432093
b2303,,1,6,0.5183329169392109,0.5183329169392408,-2.986499936241671e-14,0,58.75548731431827
b3389,,1,442,0.5183329169392109,0.0,0.5183329169392109,1,4155.23686922085
b1693,,1,442,0.5183329169392109,0.0,0.5183329169392109,1,4155.236869220846
b0421,,2,442,0.5183329169392109,0.0,0.5183329169392109,1,4155.236869220847
b0029,,2,442,0.5183329169392109,0.0,0.5183329169392109,1,4155.236869220849
b2232,,2,2,0.5183329169392109,0.5183329169392067,4.218847493575595e-15,0,58.755458199163925
b1588,,3,6,0.5183329169392109,0.5183329169391455,6.539213615042172e-14,0,58.75548731430743
b0895,,4,10,0.5183329169392109,0.5183329169391984,1.2545520178264269e-14,0,58.755487367756245
b1587,,3,6,0.5183329169392109,0.5183329169391455,6.539213615042172e-14,0,58.75548731430743
b0894,,4,10,0.5183329169392109,0.5183329169391984,1.2545520178264269e-14,0,58.755487367756245
b1590,,3,6,0.5183329169392109,0.5183329169391455,6.539213615042172e-14,0,58.75548731430743
b0896,,4,10,0.5183329169392109,0.5183329169391984,1.2545520178264269e-14,0,58.755487367756245
b1589,,3,6,0.5183329169392109,0.5183329169391455,6.539213615042172e-14,0,58.75548731430743
b1872,,4,6,0.5183329169392109,0.5183329169391455,6.539213615042172e-14,0,58.75548731430743
b1873,,4,6,0.5183329169392109,0.5183329169391455,6.539213615042172e-14,0,58.75548731430743
b0099,,3,442,0.5183329169392109,0.0,0.5183329169392109,1,4155.236869220845
b1865,,2,442,0.5183329169392109,0.0,0.5183329169392109,1,4155.236869220847
b3575,,1,2,0.5183329169392109,0.5183329169391757,3.519406988061746e-14,0,58.75545819916084
b0103,,1,442,0.5183329169392109,0.0,0.5183329169392109,1,4155.236869220846
b3774,,3,442,0.5183329169392109,0.0,0.5183329169392109,1,4155.236869220851
b0425,,1,442,0.5183329169392109,0.0,0.5183329169392109,1,4155.236869220867
b4381,,1,6,0.5183329169392109,0.5183329169392147,-3.774758283725532e-15,0,58.755487314315516
b1185,,2,6,0.5183329169392109,0.5183329169391264,8.448797217397441e-14,0,58.75548731430737
b3860,,2,6,0.5183329169392109,0.5183329169391264,8.448797217397441e-14,0,58.75548731430737
b2893,,2,6,0.5183329169392109,0.5183329169389709,2.4003021792395884e-13,0,58.75548731429019
b2582,,10,15,0.5183329169392109,0.5183329169391749,3.597122599785507e-14,0,58.83802319828227
b4136,,3,6,0.5183329169392109,0.5183329169392392,-2.8310687127941492e-14,0,58.75548731431811
b3781,,10,15,0.5183329169392109,0.5183329169391749,3.597122599785507e-14,0,58.83802319828227
b0604,,2,10,0.5183329169392109,0.5183329169391379,7.30526750203353e-14,0,58.75548736774924
b4122,,2,81,0.5183329169392109,0.5183329169391612,4.973799150320701e-14,0,278.05057813664587
b1098,,1,442,0.5183329169392109,0.0,0.5183329169392109,1,4155.236869220847
b2146,,1,2,0.5183329169392109,0.5183329169391572,5.3734794391857577e-14,0,58.755458199158454
b2147,,1,6,0.5183329169392109,0.5183329169393058,-9.492406860545088e-14,0,58.755487314325194
b1238,,2,6,0.5183329169392109,0.5183329169391621,4.884981308350689e-14,0,58.75548731430973
b4384,,7,13,0.5183329169392109,0.5183329169392049,5.995204332975845e-15,0,58.755488166129474
b4382,,2,6,0.5183329169392109,0.5183329169391564,5.4511950509095186e-14,0,58.755487314310706
b2251,,3,66,0.5183329169392109,0.5183329169392282,-1.7319479184152442e-14,0,58.76506905765952
b3640,,1,66,0.5183329169392109,0.5183329169392282,-1.7319479184152442e-14,0,58.76506905765952
b0173,,1,442,0.5183329169392109,0.0,0.5183329169392109,1,4155.236869220851
b0420,,1,442,0.5183329169392109,0.0,0.5183329169392109,1,4155.236869220843
b3564,,2,6,0.5183329169392109,0.5183329169392058,5.10702591327572e-15,0,58.755487314314145
b1779,,2,449,0.5183329169392109,0.0,0.5183329169392109,1,4105.853692692288
b2927,,1,442,0.5183329169392109,0.0,0.5183329169392109,1,4155.236869220847
b1288,,26,442,0.5183329169392109,0.0,0.5183329169392109,1,4155.236869220848
b3622,,2,2,0.5183329169392109,0.5183329169392219,-1.099120794378905e-14,0,58.75545819916607
b3793,,3,6,0.5183329169392109,0.518332916939121,8.992806499463768e-14,0,58.75548731430504
b3785,,3,6,0.5183329169392109,0.518332916939121,8.992806499463768e-14,0,58.75548731430504
b3792,,1,6,0.5183329169392109,0.5183329169391905,2.042810365310288e-14,0,58.755487314312546
b2341,,16,131,0.5183329169392109,0.5183329169392615,-5.062616992290714e-14,0,72.68837976149882
b1850,,2,6,0.5183329169392109,0.5183329169392084,2.55351295663786e-15,0,58.755487314315204
b1851,,1,6,0.5183329169392109,0.5183329169393294,-1.184607967275042e-13,0,58.755487314327816
b1054,,1,6,0.5183329169392109,0.5183329169392987,-8.781864124784988e-14,0,58.75548731432083
b1855,,2,10,0.5183329169392109,0.5183329169392337,-2.275957200481571e-14,0,58.75548736776002
b2378,,1,6,0.5183329169392109,0.5183329169391947,1.6209256159527285e-14,0,58.75548731431946
b2779,,1,82,0.5183329169392109,0.5183329169392479,-3.697042672001771e-14,0,752.3986409072351
b0583,,1,10,0.5183329169392109,0.51833291693922,-9.103828801926284e-15,0,58.75548736775781
b0585,,2,6,0.5183329169392109,0.5183329169386309,5.799805080641818e-13,0,58.75548731425454
b2441,,1,6,0.5183329169392109,0.5183329169392084,2.55351295663786e-15,0,58.75548731431475
b2440,,1,6,0.5183329169392109,0.5183329169392084,2.55351295663786e-15,0,58.75548731431475
b3946,,1,65,0.5183329169392109,0.5183329169392168,-5.88418203051333e-15,0,60.53989740068288
b0825,,1,65,0.5183329169392109,0.5183329169392168,-5.88418203051333e-15,0,60.53989740068288
b0822,,5,10,0.5183329169392109,0.518332916939079,1.318944953254686e-13,0,58.75548736774317
b3666,,4,6,0.5183329169392109,0.5183329169396652,-4.5430326167661406e-13,0,58.7554873143649
b0404,,7,6,0.5183329169392109,0.5183329169392142,-3.3306690738754696e-15,0,58.75548731431534
b0452,,10,131,0.5183329169392109,0.5183329169391996,1.1324274851176597e-14,0,72.68837976146648
b1805,,10,6,0.5183329169392109,0.5183329169390917,1.192379528447418e-13,0,58.755487314302414
b1701,,10,6,0.5183329169392109,0.5183329169390917,1.192379528447418e-13,0,58.755487314302414
b3844,,6,51,0.5183329169392109,0.5183329169392755,-6.461498003318411e-14,0,64.7704221652207
b2764,,4,442,0.5183329169392109,0.0,0.5183329169392109,1,4155.236869220846
b2763,,4,442,0.5183329169392109,0.0,0.5183329169392109,1,4155.236869220847
b2925,,2,56,0.5183329169392109,0.518332916939171,3.985700658404312e-14,0,152.8579946332695
b1773,,1,53,0.5183329169392109,0.518332916939238,-2.708944180085382e-14,0,109.59235970714259
b2097,,1,53,0.5183329169392109,0.518332916939238,-2.708944180085382e-14,0,109.59235970714259
b3925,,1,6,0.5183329169392109,0.5183329169391455,6.539213615042172e-14,0,58.75548731430743
b2930,,1,6,0.5183329169392109,0.5183329169391455,6.539213615042172e-14,0,58.75548731430743
b4232,,1,6,0.5183329169392109,0.5183329169391455,6.539213615042172e-14,0,58.75548731430743
b2802,,1,6,0.5183329169392109,0.5183329169402968,-1.0859091403858656e-12,0,58.75548731443452
b2803,,1,6,0.5183329169392109,0.518332916939144,6.694644838489694e-14,0,58.75548731430649
b2738,,1,6,0.5183329169392109,0.5183329169392543,-4.340972026284362e-14,0,58.75548731431789
b2800,,1,6,0.5183329169392109,0.5183329169392543,-4.340972026284362e-14,0,58.75548731431789
b0475,,1,442,0.5183329169392109,0.0,0.5183329169392109,1,4155.236869220847
b1476,,2,2,0.5183329169392109,0.5183329169392289,-1.7985612998927536e-14,0,58.75545819916647
b1474,,2,6,0.5183329169392109,0.5183329169392309,-1.9984014443252818e-14,0,58.75548731432053
b1475,,2,6,0.5183329169392109,0.5183329169392309,-1.9984014443252818e-14,0,58.75548731432053
b3892,,2,6,0.5183329169392109,0.5183329169392309,-1.9984014443252818e-14,0,58.75548731432053
b3893,,2,6,0.5183329169392109,0.5183329169392309,-1.9984014443252818e-14,0,58.75548731432053
b3894,,2,6,0.5183329169392109,0.5183329169392309,-1.9984014443252818e-14,0,58.75548731432053
b0935,,5,6,0.5183329169392109,0.5183329169390055,2.0539125955565396e-13,0,58.75548731429048
b3409,,1,6,0.5183329169392109,0.5183329169391455,6.539213615042172e-14,0,58.75548731430743
b2392,,2,6,0.5183329169392109,0.5183329169391455,6.539213615042172e-14,0,58.75548731430743
b4290,,1,6,0.5183329169392109,0.5183329169392605,-4.96269692007445e-14,0,58.75548731431764
b4288,,1,6,0.5183329169392109,0.5183329169392605,-4.96269692007445e-14,0,58.75548731431764
b4287,,1,6,0.5183329169392109,0.5183329169392605,-4.96269692007445e-14,0,58.75548731431764
b4289,,1,6,0.5183329169392109,0.5183329169392605,-4.96269692007445e-14,0,58.75548731431764
b4291,,1,6,0.5183329169392109,0.5183329169392605,-4.96269692007445e-14,0,58.75548731431764
b0589,,2,10,0.5183329169392109,0.518332916939218,-7.105427357601002e-15,0,58.75548736775569
b0588,,2,10,0.5183329169392109,0.518332916939218,-7.105427357601002e-15,0,58.75548736775569
b0592,,2,10,0.5183329169392109,0.518332916939218,-7.105427357601002e-15,0,58.75548736775569
b0590,,2,10,0.5183329169392109,0.518332916939218,-7.105427357601002e-15,0,58.75548736775569
b2155,,1,6,0.5183329169392109,0.5183329169392087,2.220446049250313e-15,0,58.755487314314564
b0805,,1,6,0.5183329169392109,0.5183329169392087,2.220446049250313e-15,0,58.755487314314564
b0150,,3,6,0.5183329169392109,0.5183329169392799,-6.894484982922222e-14,0,58.75548731432265
b0584,,1,6,0.5183329169392109,0.5183329169393179,-1.0702549957386509e-13,0,58.755487314320405
b0591,,1,10,0.5183329169392109,0.5183329169391243,8.659739592076221e-14,0,58.7554873677483
b4367,,3,6,0.5183329169392109,0.5183329169393439,-1.3300471835009375e-13,0,58.7554873143248
b4209,,1,55,0.5183329169392109,0.5183329169391436,6.727951529228449e-14,0,58.75626906448198
b2486,,1,6,0.5183329169392109,0.5183329169391455,6.539213615042172e-14,0,58.75548731430743
b4079,,1,6,0.5183329169392109,0.5183329169391455,6.539213615042172e-14,0,58.75548731430743
b2722,,2,6,0.5183329169392109,0.5183329169391483,6.261657858885883e-14,0,58.75548731430605
b2483,,1,6,0.5183329169392109,0.5183329169391455,6.539213615042172e-14,0,58.75548731430743
b2719,,2,6,0.5183329169392109,0.5183329169391483,6.261657858885883e-14,0,58.75548731430605
b2723,,2,6,0.5183329169392109,0.5183329169391483,6.261657858885883e-14,0,58.75548731430605
b2721,,2,6,0.5183329169392109,0.5183329169391483,6.261657858885883e-14,0,58.75548731430605
b2481,,1,6,0.5183329169392109,0.5183329169391455,6.539213615042172e-14,0,58.75548731430743
b2485,,1,6,0.5183329169392109,0.5183329169391455,6.539213615042172e-14,0,58.75548731430743
b2484,,1,6,0.5183329169392109,0.5183329169391455,6.539213615042172e-14,0,58.75548731430743
b2724,,2,6,0.5183329169392109,0.5183329169391483,6.261657858885883e-14,0,58.75548731430605
b2482,,1,6,0.5183329169392109,0.5183329169391455,6.539213615042172e-14,0,58.75548731430743
b2489,,1,6,0.5183329169392109,0.5183329169391455,6.539213615042172e-14,0,58.75548731430743
b2720,,2,6,0.5183329169392109,0.5183329169391483,6.261657858885883e-14,0,58.75548731430605
b2488,,1,6,0.5183329169392109,0.5183329169391455,6.539213615042172e-14,0,58.75548731430743
b2490,,1,6,0.5183329169392109,0.5183329169391455,6.539213615042172e-14,0,58.75548731430743
b2487,,1,6,0.5183329169392109,0.5183329169391455,6.539213615042172e-14,0,58.75548731430743
b3924,,5,66,0.5183329169392109,0.5183329169391137,9.725553695716371e-14,0,58.78048449638517
b0684,,7,442,0.5183329169392109,0.0,0.5183329169392109,1,4155.236869220846
b2895,,7,442,0.5183329169392109,0.0,0.5183329169392109,1,4155.236869220843
b3288,,1,2,0.5183329169392109,0.5183329169392404,-2.9531932455029164e-14,0,58.755458199168146
b0025,,2,442,0.5183329169392109,0.0,0.5183329169392109,1,4155.2368692208465
b0937,,2,2,0.5183329169392109,0.518332916939209,1.887379141862766e-15,0,58.75545819916435
b2912,,1,6,0.5183329169392109,0.5183329169391455,6.539213615042172e-14,0,58.75548731430743
b2374,,1,6,0.5183329169392109,0.5183329169392454,-3.452793606584237e-14,0,58.755487314319964
b2492,,2,6,0.5183329169392109,0.5183329169391915,1.942890293094024e-14,0,58.755487314315964
b0904,,2,6,0.5183329169392109,0.5183329169391915,1.942890293094024e-14,0,58.755487314315964
b4154,,2,6,0.5183329169392109,0.5183329169391908,2.0095036745715333e-14,0,58.755487314312795
b4152,,2,6,0.5183329169392109,0.5183329169391908,2.0095036745715333e-14,0,58.755487314312795
b4153,,2,6,0.5183329169392109,0.5183329169391908,2.0095036745715333e-14,0,58.755487314312795
b4151,,2,6,0.5183329169392109,0.5183329169391908,2.0095036745715333e-14,0,58.755487314312795
b2168,,1,6,0.5183329169392109,0.5183329169392533,-4.241051954068098e-14,0,58.75548731432076
b3371,,1,10,0.5183329169392109,0.5183329169391452,6.572520305780927e-14,0,58.75548736775099
b4474,,1,6,0.5183329169392109,0.5183329169392462,-3.530509218307998e-14,0,58.755487314318614
b3374,,1,6,0.5183329169392109,0.5183329169391309,8.004708007547379e-14,0,58.75548731430814
b3370,,2,6,0.5183329169392109,0.5183329169391216,8.926193117986259e-14,0,58.75548731430575
b4321,,2,10,0.5183329169392109,0.5183329169393063,-9.536815781530095e-14,0,58.75548736776611
b2169,,1,6,0.5183329169392109,0.5183329169392988,-8.79296635503124e-14,0,58.755487314321286
b2167,,1,6,0.5183329169392109,0.5183329169392988,-8.79296635503124e-14,0,58.755487314321286
b1232,,1,6,0.5183329169392109,0.5183329169391633,4.7628567756419216e-14,0,58.75548731430895
b2801,,1,6,0.5183329169392109,0.518332916939144,6.694644838489694e-14,0,58.75548731430649
b1611,,1,81,0.5183329169392109,0.5183329169393845,-1.7363888105137448e-13,0,278.05057813666
b1612,,1,81,0.5183329169392109,0.5183329169393845,-1.7363888105137448e-13,0,278.05057813666
b0621,,4,6,0.5183329169392109,0.5183329169391455,6.539213615042172e-14,0,58.75548731430743
b3730,,2,442,0.5183329169392109,0.0,0.5183329169392109,1,4155.2368692208465
b1002,,2,6,0.5183329169392109,0.5183329169391748,3.608224830031759e-14,0,58.75548731431118
b3789,,1,10,0.5183329169392109,0.51833291693918,3.086420008457935e-14,0,58.755487367753865
b2039,,1,10,0.5183329169392109,0.51833291693918,3.086420008457935e-14,0,58.755487367753865
b0154,,1,442,0.5183329169392109,0.0,0.5183329169392109,1,4155.236869220848
b2533,,2,2,0.5183329169392109,0.5183329169391867,2.4202861936828413e-14,0,58.75545819916134
b4055,,17,6,0.5183329169392109,0.5183329169390513,1.596500709410975e-13,0,58.75548731430723
b4041,,7,16,0.5183329169392109,0.5183329169392561,-4.518607710224387e-14,0,58.76332931038951
b3451,,7,6,0.5183329169392109,0.5183329169399331,-7.222000775186643e-13,0,58.75548731439994
b3452,,7,6,0.5183329169392109,0.5183329169399331,-7.222000775186643e-13,0,58.75548731439994
b3453,,7,6,0.5183329169392109,0.5183329169399331,-7.222000775186643e-13,0,58.75548731439994
b3450,,7,6,0.5183329169392109,0.5183329169399331,-7.222000775186643e-13,0,58.75548731439994
b3608,,1,442,0.5183329169392109,0.0,0.5183329169392109,1,4155.236869220843
b2242,,3,6,0.5183329169392109,0.5183329169392269,-1.5987211554602254e-14,0,58.75548731431651
b2241,,3,6,0.5183329169392109,0.5183329169392586,-4.773959005888173e-14,0,58.755487314318735
b2243,,3,6,0.5183329169392109,0.5183329169392586,-4.773959005888173e-14,0,58.755487314318735
b3426,,1,6,0.5183329169392109,0.5183329169392586,-4.773959005888173e-14,0,58.755487314318735
b0243,,1,60,0.5183329169392109,0.5183329169391767,3.419486915845482e-14,0,59.34413234236107
b0678,,1,6,0.5183329169392109,0.5183329169392599,-4.8960835385969403e-14,0,58.75548731432076
b1852,,1,56,0.5183329169392109,0.5183329169392699,-5.895284260759581e-14,0,100.12314693824732
b3128,,1,6,0.5183329169392109,0.5183329169392416,-3.064215547965432e-14,0,58.755487314318245
b4358,,1,6,0.5183329169392109,0.518332916939132,7.893685705084863e-14,0,58.7554873143054
b4478,,1,6,0.5183329169392109,0.518332916939138,7.294165271787278e-14,0,58.75548731430898
b4356,,1,6,0.5183329169392109,0.5183329169391322,7.87148124459236e-14,0,58.75548731430567
b3691,,1,6,0.5183329169392109,0.5183329169391664,4.451994328746878e-14,0,58.75548731431013
b3127,,3,6,0.5183329169392109,0.5183329169387133,4.976019596369952e-13,0,58.75548731426042
b2789,,3,6,0.5183329169392109,0.5183329169387133,4.976019596369952e-13,0,58.75548731426042
b0757,,1,6,0.5183329169392109,0.5183329169392474,-3.652633751016765e-14,0,58.7554873143191
b2045,,1,6,0.5183329169392109,0.5183329169392474,-3.652633751016765e-14,0,58.7554873143191
b0756,,1,6,0.5183329169392109,0.5183329169391243,8.659739592076221e-14,0,58.755487314305114
b4119,,1,6,0.5183329169392109,0.5183329169391452,6.572520305780927e-14,0,58.75548731430599
b3628,,1,6,0.5183329169392109,0.518332916939216,-5.10702591327572e-15,0,58.75548731431648
b2093,,1,10,0.5183329169392109,0.5183329169394001,-1.8918200339612667e-13,0,58.75548736777348
b2092,,1,10,0.5183329169392109,0.5183329169394001,-1.8918200339612667e-13,0,58.75548736777348
b2094,,1,10,0.5183329169392109,0.5183329169394001,-1.8918200339612667e-13,0,58.75548736777348
b3093,,2,6,0.5183329169392109,0.5183329169391454,6.550315845288424e-14,0,58.75548731430703
b1236,,1,6,0.5183329169392109,0.5183329169392058,5.10702591327572e-15,0,58.75548731431341
b4230,,2,6,0.5183329169392109,0.5183329169385049,7.05990821359137e-13,0,58.75548731423554
b2148,,2,6,0.5183329169392109,0.5183329169391455,6.539213615042172e-14,0,58.75548731430743
b2149,,2,6,0.5183329169392109,0.5183329169391455,6.539213615042172e-14,0,58.75548731430743
b2150,,2,6,0.5183329169392109,0.5183329169391455,6.539213615042172e-14,0,58.75548731430743
b4231,,2,6,0.5183329169392109,0.5183329169385049,7.05990821359137e-13,0,58.75548731423554
b4485,,2,6,0.5183329169392109,0.5183329169385049,7.05990821359137e-13,0,58.75548731423554
b4227,,2,6,0.5183329169392109,0.5183329169385049,7.05990821359137e-13,0,58.75548731423554
b2943,,2,6,0.5183329169392109,0.5183329169391829,2.7977620220553945e-14,0,58.755487314311274
b2500,,1,64,0.5183329169392109,0.5183329169391496,6.128431095930864e-14,0,59.078939239309456
b1415,,2,442,0.5183329169392109,0.0,0.5183329169392109,1,4155.236869220846
b2052,,2,6,0.5183329169392109,0.5183329169391965,1.4432899320127035e-14,0,58.755487314313754
b2784,,2,6,0.5183329169392109,0.5183329169391455,6.539213615042172e-14,0,58.75548731430743
b3650,,3,6,0.5183329169392109,0.5183329169395837,-3.7281289166912757e-13,0,58.755487314356145
b2051,,1,6,0.5183329169392109,0.5183329169391455,6.539213615042172e-14,0,58.75548731430743
b2467,,1,6,0.5183329169392109,0.5183329169391455,6.539213615042172e-14,0,58.75548731430743
b3729,,1,442,0.5183329169392109,0.0,0.5183329169392109,1,4155.236869220847
b1298,,1,6,0.5183329169392109,0.5183329169392069,3.9968028886505635e-15,0,58.755487314315545
b1301,,1,6,0.5183329169392109,0.5183329169391455,6.539213615042172e-14,0,58.75548731430743
b1297,,2,442,0.5183329169392109,0.0,0.5183329169392109,1,4155.236869220849
b3882,,1,6,0.5183329169392109,0.5183329169391934,1.7541523789077473e-14,0,58.755487314312575
b3432,,1,6,0.5183329169392109,0.5183329169391094,1.0147438445073931e-13,0,58.75548731430357
b0459,,2,6,0.5183329169392109,0.5183329169392397,-2.8754776337791554e-14,0,58.75548731431441
b0124,,1,6,0.5183329169392109,0.5183329169392594,-4.851674617611934e-14,0,58.75548731432046
b0837,,1,6,0.5183329169392109,0.5183329169392594,-4.851674617611934e-14,0,58.75548731432046
b4476,,1,10,0.5183329169392109,0.5183329169393063,-9.536815781530095e-14,0,58.75548736776611
b3415,,1,10,0.5183329169392109,0.5183329169393063,-9.536815781530095e-14,0,58.75548736776611
b3417,,5,10,0.5183329169392109,0.5183329169391657,4.518607710224387e-14,0,58.75548736775242
b3428,,2,6,0.5183329169392109,0.5183329169392649,-5.395683899678261e-14,0,58.755487314320916
b3126,,1,6,0.5183329169392109,0.5183329169390427,1.6819878823071122e-13,0,58.7554873142971
b2787,,1,6,0.5183329169392109,0.5183329169392826,-7.172040739078511e-14,0,58.75548731432319
b2788,,1,6,0.5183329169392109,0.5183329169392826,-7.172040739078511e-14,0,58.75548731432319
b3429,,1,6,0.5183329169392109,0.5183329169393025,-9.159339953157541e-14,0,58.75548731432396
b3631,,1,6,0.5183329169392109,0.518332916939281,-7.005507285384738e-14,0,58.75548731432259
b3627,,1,10,0.5183329169392109,0.5183329169393516,-1.4066525722000733e-13,0,58.75548736777306
b3626,,1,6,0.5183329169392109,0.5183329169391119,9.903189379656396e-14,0,58.75548731430749
b1621,,2,67,0.5183329169392109,0.5183329169391601,5.084821452783217e-14,0,209.50380563323026
b3431,,1,6,0.5183329169392109,0.5183329169391597,5.1181281435219717e-14,0,58.75548731431011
b3430,,1,6,0.5183329169392109,0.5183329169391455,6.539213615042172e-14,0,58.75548731430743
b3870,,1,442,0.5183329169392109,0.0,0.5183329169392109,1,4155.236869220849
b0680,,1,6,0.5183329169392109,0.5183329169391934,1.7541523789077473e-14,0,58.755487314312575
b0809,,1,6,0.5183329169392109,0.5183329169391455,6.539213615042172e-14,0,58.75548731430743
b0810,,1,6,0.5183329169392109,0.5183329169391455,6.539213615042172e-14,0,58.75548731430743
b0811,,1,6,0.5183329169392109,0.5183329169391455,6.539213615042172e-14,0,58.75548731430743
b2091,,1,10,0.5183329169392109,0.5183329169392762,-6.52811138479592e-14,0,58.75548736776486
b0242,,1,63,0.5183329169392109,0.5183329169394106,-1.9972912213006566e-13,0,59.34412047607899
b1492,,1,6,0.5183329169392109,0.5183329169393295,-1.1857181902996672e-13,0,58.75548731432944
b2688,,1,6,0.5183329169392109,0.5183329169391455,6.539213615042172e-14,0,58.75548731430743
b1493,,1,6,0.5183329169392109,0.5183329169391097,1.0125233984581428e-13,0,58.7554873143036
b3517,,1,6,0.5183329169392109,0.5183329169391097,1.0125233984581428e-13,0,58.7554873143036
b1761,,1,65,0.5183329169392109,0.5183329169395391,-3.2818192607919627e-13,0,154.25084209306027
b1524,,1,6,0.5183329169392109,0.5183329169391225,8.837375276016246e-14,0,58.75548731430554
b0485,,1,6,0.5183329169392109,0.5183329169391225,8.837375276016246e-14,0,58.75548731430554
b2312,,1,442,0.5183329169392109,0.0,0.5183329169392109,1,4155.236869220846
b3967,,1,442,0.5183329169392109,0.0,0.5183329169392109,1,4155.236869220851
b3213,,1,6,0.5183329169392109,0.5183329169392471,-3.6193270602780103e-14,0,58.755487314319154
b3212,,1,10,0.5183329169392109,0.5183329169393724,-1.6153745008296028e-13,0,58.75548736777542
b1210,,1,442,0.5183329169392109,0.0,0.5183329169392109,1,4155.236869220845
b2400,,1,442,0.5183329169392109,0.0,0.5183329169392109,1,4155.236869220845
b3653,,1,6,0.5183329169392109,0.5183329169391766,3.430589146091734e-14,0,58.75548731431144
b0507,,1,6,0.5183329169392109,0.5183329169391455,6.539213615042172e-14,0,58.75548731430743
b3927,,3,6,0.5183329169392109,0.518332916939151,5.995204332975845e-14,0,58.75548731430787
b3617,,1,6,0.5183329169392109,0.5183329169392714,-6.050715484207103e-14,0,58.755487314322764
b2240,,1,10,0.5183329169392109,0.5183329169392149,-3.9968028886505635e-15,0,58.75548736775799
b0514,,1,6,0.5183329169392109,0.5183329169391455,6.539213615042172e-14,0,58.75548731430743
b3124,,1,6,0.5183329169392109,0.5183329169391455,6.539213615042172e-14,0,58.75548731430743
b2904,,1,60,0.5183329169392109,0.5183329169391263,8.459899447643693e-14,0,58.8008775204299
b2903,,1,60,0.5183329169392109,0.5183329169391263,8.459899447643693e-14,0,58.8008775204299
b2905,,1,60,0.5183329169392109,0.5183329169391263,8.459899447643693e-14,0,58.8008775204299
b1033,,4,6,0.5183329169392109,0.5183329169391455,6.539213615042172e-14,0,58.75548731430743
b4468,,3,57,0.5183329169392109,0.5183329169393593,-1.4843681839238343e-13,0,58.75635099912261
b4467,,3,57,0.5183329169392109,0.5183329169393593,-1.4843681839238343e-13,0,58.75635099912261
b2979,,3,57,0.5183329169392109,0.5183329169393593,-1.4843681839238343e-13,0,58.75635099912261
b3926,,1,10,0.5183329169392109,0.5183329169392058,5.10702591327572e-15,0,58.755487367757425
b0212,,1,6,0.5183329169392109,0.5183329169391455,6.539213615042172e-14,0,58.75548731430743
b3559,,1,6,0.5183329169392109,0.5183329169391687,4.218847493575595e-14,0,58.75548731431026
b3560,,1,6,0.5183329169392109,0.5183329169391687,4.218847493575595e-14,0,58.75548731431026
b2053,,1,6,0.5183329169392109,0.5183329169392387,-2.7755575615628914e-14,0,58.75548731431835
b3052,,2,10,0.5183329169392109,0.5183329169391666,4.4297898682543746e-14,0,58.75548736775316
b0200,,1,6,0.5183329169392109,0.5183329169391487,6.217248937900877e-14,0,58.75548731430615
b0104,,1,6,0.5183329169392109,0.5183329169391455,6.539213615042172e-14,0,58.75548731430743
b2507,,1,442,0.5183329169392109,0.0,0.5183329169392109,1,4155.236869220849
b2029,,1,49,0.5183329169392109,0.5183329169391817,2.919886554764162e-14,0,90.9792369446099
b3437,,1,6,0.5183329169392109,0.5183329169392767,-6.583622536027178e-14,0,58.75548731432214
b4268,,1,6,0.5183329169392109,0.5183329169392767,-6.583622536027178e-14,0,58.75548731432214
b3449,,5,6,0.5183329169392109,0.5183329169399743,-7.633893517322576e-13,0,58.755487314400085
b2239,,5,6,0.5183329169392109,0.5183329169392334,-2.2537527399890678e-14,0,58.75548731431735
b1654,,6,6,0.5183329169392109,0.5183329169392907,-7.982503547054876e-14,0,58.75548731432519
b3610,,6,6,0.5183329169392109,0.5183329169392907,-7.982503547054876e-14,0,58.75548731432519
b0849,,6,6,0.5183329169392109,0.5183329169392907,-7.982503547054876e-14,0,58.75548731432519
b0477,,2,6,0.5183329169392109,0.5183329169391474,6.350475700855895e-14,0,58.755487314313555
b2988,,2,6,0.5183329169392109,0.5183329169391938,1.709743457922741e-14,0,58.75548731431355
b3500,,1,6,0.5183329169392109,0.5183329169391997,1.1213252548714081e-14,0,58.75548731431384
b1710,,2,6,0.5183329169392109,0.5183329169392139,-2.9976021664879227e-15,0,58.755487314315644
b3447,,1,6,0.5183329169392109,0.5183329169391964,1.454392162258955e-14,0,58.755487314314934
b0832,,1,6,0.5183329169392109,0.5183329169391455,6.539213615042172e-14,0,58.75548731430743
b0829,,1,6,0.5183329169392109,0.5183329169391455,6.539213615042172e-14,0,58.75548731430743
b0831,,1,6,0.5183329169392109,0.5183329169391455,6.539213615042172e-14,0,58.75548731430743
b0830,,1,6,0.5183329169392109,0.5183329169391455,6.539213615042172e-14,0,58.75548731430743
b2947,,1,6,0.5183329169392109,0.5183329169400124,-8.014700014769005e-13,0,58.75548731439759
b2153,,1,442,0.5183329169392109,0.0,0.5183329169392109,1,4155.236869220853
b1277,,1,442,0.5183329169392109,0.0,0.5183329169392109,1,4155.236869220844
b3779,,1,2,0.5183329169392109,0.5183329169392401,-2.919886554764162e-14,0,58.75545819916746
b2883,,1,6,0.5183329169392109,0.5183329169403186,-1.1076695116685187e-12,0,58.75548731443756
b0125,,2,6,0.5183329169392109,0.5183329169391455,6.539213615042172e-14,0,58.75548731430743
b0238,,3,6,0.5183329169392109,0.5183329169392383,-2.7422508708241367e-14,0,58.755487314317996
b3092,,2,6,0.5183329169392109,0.5183329169389813,2.2959412149248237e-13,0,58.75548731428965
b1319,,1,445,0.5183329169392109,0.3286782581955015,0.1896546587437094,0,9225.765581402724
b3875,,1,445,0.5183329169392109,0.3286782581955015,0.1896546587437094,0,9225.765581402724
b0957,,1,445,0.5183329169392109,0.3286782581955015,0.1896546587437094,0,9225.765581402724
b0875,,1,448,0.5183329169392109,0.37720570540341863,0.14112721153579227,0,16769.406420827105
b1395,,1,6,0.5183329169392109,0.5183329169392229,-1.199040866595169e-14,0,58.75548731431624
b4040,,1,442,0.5183329169392109,0.0,0.5183329169392109,1,4155.2368692208465
b0353,,2,6,0.5183329169392109,0.5183329169391592,5.1736392947532295e-14,0,58.75548731430834
b0339,,1,442,0.5183329169392109,0.0,0.5183329169392109,1,4155.236869220844
b0126,,1,442,0.5183329169392109,0.0,0.5183329169392109,1,4155.236869220846
b0261,,2,2,0.5183329169392109,0.5183329169391648,4.6074255521943996e-14,0,58.75545819915979
b0428,,1,10,0.5183329169392109,0.518332916939122,8.892886427247504e-14,0,58.755487367746994
b3630,,1,6,0.5183329169392109,0.518332916939291,-8.004708007547379e-14,0,58.755487314324256
b3625,,1,6,0.5183329169392109,0.5183329169392766,-6.572520305780927e-14,0,58.755487314321364
b3621,,1,6,0.5183329169392109,0.5183329169386619,5.490052856771399e-13,0,58.75548731425422
b3620,,1,6,0.5183329169392109,0.5183329169408264,-1.6154855231320653e-12,0,58.75548731449473
b3632,,1,10,0.5183329169392109,0.5183329169391577,5.3179682879545e-14,0,58.755487367753176
b3623,,1,6,0.5183329169392109,0.5183329169391702,4.0745185003743245e-14,0,58.75548731431024
b2104,,1,10,0.5183329169392109,0.5183329169391864,2.453592884421596e-14,0,58.755487367755094
b2388,,1,6,0.5183329169392109,0.5183329169391455,6.539213615042172e-14,0,58.75548731430743
b0394,,1,6,0.5183329169392109,0.5183329169392306,-1.965094753586527e-14,0,58.755487314316454
b2020,,1,442,0.5183329169392109,0.0,0.5183329169392109,1,4155.236869220845
b2022,,2,442,0.5183329169392109,0.0,0.5183329169392109,1,4155.2368692208465
b2514,,1,2,0.5183329169392109,0.5183329169391617,4.9182879990894435e-14,0,58.755458199159065
b2309,,1,6,0.5183329169392109,0.5183329169391455,6.539213615042172e-14,0,58.75548731430743
b0112,,4,6,0.5183329169392109,0.5183329169392273,-1.6431300764452317e-14,0,58.75548731431705
b0349,,2,6,0.5183329169392109,0.5183329169391145,9.636735853746359e-14,0,58.755487314303366
b3805,,1,442,0.5183329169392109,0.0,0.5183329169392109,1,4155.236869220845
b2418,,4,6,0.5183329169392109,0.5183329169391921,1.8762769116165146e-14,0,58.75548731431271
b2103,,2,442,0.5183329169392109,0.0,0.5183329169392109,1,4155.236869220842
b0813,,2,2,0.5183329169392109,0.5183329169392159,-4.9960036108132044e-15,0,58.75545819916599
b3824,,1,6,0.5183329169392109,0.5183329169391739,3.697042672001771e-14,0,58.75548731431116
b0352,,1,6,0.5183329169392109,0.5183329169391905,2.042810365310288e-14,0,58.75548731431199
b0142,,1,442,0.5183329169392109,0.0,0.5183329169392109,1,4155.236869220849
b0508,,1,6,0.5183329169392109,0.5183329169391729,3.7969627442180354e-14,0,58.7554873143106
b0003,,1,442,0.5183329169392109,0.0,0.5183329169392109,1,4155.236869220845
b4013,,1,442,0.5183329169392109,0.0,0.5183329169392109,1,4155.236869220847
b2021,,1,442,0.5183329169392109,0.0,0.5183329169392109,1,4155.236869220842
b2867,,2,6,0.5183329169392109,0.5183329169392028,8.104628079763643e-15,0,58.75548731431369
b2866,,2,10,0.5183329169392109,0.5183329169392615,-5.062616992290714e-14,0,58.75548736776273
b2868,,2,10,0.5183329169392109,0.5183329169392615,-5.062616992290714e-14,0,58.75548736776273
b2994,,3,6,0.5183329169392109,0.5183329169391483,6.261657858885883e-14,0,58.75548731430605
b0973,,3,6,0.5183329169392109,0.5183329169391483,6.261657858885883e-14,0,58.75548731430605
b0974,,3,6,0.5183329169392109,0.5183329169391483,6.261657858885883e-14,0,58.75548731430605
b2997,,3,6,0.5183329169392109,0.5183329169391483,6.261657858885883e-14,0,58.75548731430605
b2995,,3,6,0.5183329169392109,0.5183329169391483,6.261657858885883e-14,0,58.75548731430605
b2996,,3,6,0.5183329169392109,0.5183329169391483,6.261657858885883e-14,0,58.75548731430605
b0972,,3,6,0.5183329169392109,0.5183329169391483,6.261657858885883e-14,0,58.75548731430605
b2530,,6,442,0.5183329169392109,0.0,0.5183329169392109,1,4155.236869220846
b2529,,6,59,0.5183329169392109,0.5183329169392084,2.55351295663786e-15,0,58.75558743699691
b3807,,4,442,0.5183329169392109,0.0,0.5183329169392109,1,4155.2368692208465
b2528,,2,63,0.5183329169392109,0.5183329169391544,5.651035195342047e-14,0,58.755616552141674
b1136,,1,443,0.5183329169392109,0.0,0.5183329169392109,1,4243.55696801809
b2265,,1,6,0.5183329169392109,0.5183329169393498,-1.3888890038060708e-13,0,58.75548731432
b0593,,1,10,0.5183329169392109,0.5183329169392175,-6.5503158452884236e-15,0,58.75548736776416
b0595,,1,10,0.5183329169392109,0.5183329169392515,-4.063416270128073e-14,0,58.75548736776159
b4015,,1,10,0.5183329169392109,0.5183329169392356,-2.4646951146678475e-14,0,58.75548736776048
b4267,,2,6,0.5183329169392109,0.5183329169391235,8.737455203799982e-14,0,58.75548731430578
b2023,,1,442,0.5183329169392109,0.0,0.5183329169392109,1,4155.236869220848
b2025,,1,442,0.5183329169392109,0.0,0.5183329169392109,1,4155.236869220847
b1262,,2,442,0.5183329169392109,0.0,0.5183329169392109,1,4155.236869220846
b3770,,4,442,0.5183329169392109,0.0,0.5183329169392109,1,4155.236869220847
b0026,,1,2,0.5183329169392109,0.5183329169391602,5.0737192225369654e-14,0,58.755458199158895
b0401,,3,6,0.5183329169392109,0.5183329169392209,-9.992007221626409e-15,0,58.75548731431462
b2508,,1,60,0.5183329169392109,0.5183329169392289,-1.7985612998927536e-14,0,58.96855174013615
b3265,,1,6,0.5183329169392109,0.5183329169391455,6.539213615042172e-14,0,58.75548731430743
b3266,,1,6,0.5183329169392109,0.5183329169391455,6.539213615042172e-14,0,58.75548731430743
b3161,,2,10,0.5183329169392109,0.5183329169391574,5.3512749786932545e-14,0,58.75548736775063
b3679,,1,10,0.5183329169392109,0.5183329169392317,-2.0761170560490427e-14,0,58.75548736776068
b2889,,1,6,0.5183329169392109,0.5183329169392181,-7.216449660063518e-15,0,58.75548731431468
b0073,,1,442,0.5183329169392109,0.0,0.5183329169392109,1,4155.236869220847
b0071,,2,442,0.5183329169392109,0.0,0.5183329169392109,1,4155.236869220846
b0072,,2,442,0.5183329169392109,0.0,0.5183329169392109,1,4155.236869220846
b0074,,1,442,0.5183329169392109,0.0,0.5183329169392109,1,4155.236869220847
b0918,,1,442,0.5183329169392109,0.0,0.5183329169392109,1,4155.236869220847
b3198,,1,442,0.5183329169392109,0.0,0.5183329169392109,1,4155.236869220847
b1215,,1,442,0.5183329169392109,0.0,0.5183329169392109,1,4155.236869220851
b4196,,1,6,0.5183329169392109,0.5183329169392601,-4.9182879990894435e-14,0,58.755487314320646
b3581,,1,10,0.5183329169392109,0.5183329169395682,-3.5726976932437537e-13,0,58.75548736779725
b0697,,1,6,0.5183329169392109,0.5183329169391455,6.539213615042172e-14,0,58.75548731430743
b4513,,1,6,0.5183329169392109,0.5183329169391455,6.539213615042172e-14,0,58.75548731430743
b0698,,1,6,0.5183329169392109,0.5183329169391455,6.539213615042172e-14,0,58.75548731430743
b0696,,1,6,0.5183329169392109,0.5183329169391455,6.539213615042172e-14,0,58.75548731430743
b3747,,1,51,0.5183329169392109,0.5183329169391319,7.904787935331115e-14,0,58.824233288385535
b1363,,1,51,0.5183329169392109,0.5183329169391319,7.904787935331115e-14,0,58.824233288385535
b1250,,1,51,0.5183329169392109,0.5183329169391319,7.904787935331115e-14,0,58.824233288385535
b3849,,1,51,0.5183329169392109,0.5183329169391319,7.904787935331115e-14,0,58.824233288385535
b1291,,1,51,0.5183329169392109,0.5183329169391319,7.904787935331115e-14,0,58.824233288385535
b3290,,1,51,0.5183329169392109,0.5183329169391319,7.904787935331115e-14,0,58.824233288385535
b0047,,1,6,0.5183329169392109,0.5183329169392109,0.0,0,58.75548731431286
b0842,,2,6,0.5183329169392109,0.5183329169392109,0.0,0,58.75548731431286
b3350,,1,6,0.5183329169392109,0.5183329169392109,0.0,0,58.75548731431286
b3605,,2,6,0.5183329169392109,0.5183329169391455,6.539213615042172e-14,0,58.75548731430743
b0306,,2,6,0.5183329169392109,0.5183329169391455,6.539213615042172e-14,0,58.75548731430743
b0307,,2,6,0.5183329169392109,0.5183329169391455,6.539213615042172e-14,0,58.75548731430743
b0308,,2,6,0.5183329169392109,0.5183329169391455,6.539213615042172e-14,0,58.75548731430743
b2257,,1,6,0.5183329169392109,0.518332916939044,1.6686652060116103e-13,0,58.755487314302684
b0344,,1,6,0.5183329169392109,0.5183329169393053,-9.43689570931383e-14,0,58.75548731432597
b2132,,1,6,0.5183329169392109,0.5183329169392067,4.218847493575595e-15,0,58.75548731431499
b1326,,1,6,0.5183329169392109,0.5183329169392484,-3.752553823233029e-14,0,58.75548731431916
b4130,,2,10,0.5183329169392109,0.5183329169391905,2.042810365310288e-14,0,58.755487367755215
b3496,,2,10,0.5183329169392109,0.5183329169391905,2.042810365310288e-14,0,58.755487367755215
b0709,,2,10,0.5183329169392109,0.5183329169391905,2.042810365310288e-14,0,58.755487367755215
b1634,,2,10,0.5183329169392109,0.5183329169391905,2.042810365310288e-14,0,58.755487367755215
b2799,,1,6,0.5183329169392109,0.5183329169391286,8.22675261247241e-14,0,58.75548731430574
b2170,,1,6,0.5183329169392109,0.5183329169391455,6.539213615042172e-14,0,58.75548731430743
b0070,,1,6,0.5183329169392109,0.5183329169391455,6.539213615042172e-14,0,58.75548731430743
b0343,,1,6,0.5183329169392109,0.5183329169390699,1.4099832412739488e-13,0,58.75548731429909
b1380,,1,6,0.5183329169392109,0.5183329169391172,9.370282327836321e-14,0,58.75548731430638
b2133,,2,6,0.5183329169392109,0.5183329169391003,1.1057821325266559e-13,0,58.755487314303245
b4054,,3,442,0.5183329169392109,0.0,0.5183329169392109,1,4155.236869220847
b0642,,1,6,0.5183329169392109,0.5183329169391226,8.826273045769994e-14,0,58.75548731430675
b3458,,1,6,0.5183329169392109,0.5183329169391455,6.539213615042172e-14,0,58.75548731430743
b1651,,1,6,0.5183329169392109,0.5183329169398071,-5.961897642237091e-13,0,58.755487314383046
b0622,,2,6,0.5183329169392109,0.5183329169391455,6.539213615042172e-14,0,58.75548731430743
b4386,,3,6,0.5183329169392109,0.5183329169392361,-2.5202062658991053e-14,0,58.755487314317904
b0630,,1,6,0.5183329169392109,0.5183329169407067,-1.4958034810774734e-12,0,58.75548731447985
b0628,,1,6,0.5183329169392109,0.5183329169391455,6.539213615042172e-14,0,58.75548731430743
b0182,,1,442,0.5183329169392109,0.0,0.5183329169392109,1,4155.236869220848
b0494,,21,2,0.5183329169392109,0.5183329169391981,1.27675647831893e-14,0,58.75545819916298
b3825,,35,6,0.5183329169392109,0.5183329169392745,-6.361577931102147e-14,0,58.755487314322224
b0186,,1,6,0.5183329169392109,0.5183329169394169,-2.0594637106796654e-13,0,58.75548731433976
b4131,,1,6,0.5183329169392109,0.5183329169394169,-2.0594637106796654e-13,0,58.75548731433976
b2890,,1,6,0.5183329169392109,0.5183329169391145,9.636735853746359e-14,0,58.755487314305086
b2156,,1,6,0.5183329169392109,0.5183329169391455,6.539213615042172e-14,0,58.75548731430743
b3903,,2,10,0.5183329169392109,0.518332916939144,6.694644838489694e-14,0,58.75548736775045
b3907,,2,6,0.5183329169392109,0.5183329169391273,8.359979375427429e-14,0,58.7554873143054
b3600,,1,6,0.5183329169392109,0.518332916939902,-6.911138328291599e-13,0,58.75548731439206
b0777,,1,442,0.5183329169392109,0.0,0.5183329169392109,1,4155.236869220846
b1800,,1,2,0.5183329169392109,0.5183329169392034,7.549516567451064e-15,0,58.75545819916374
b4014,,1,57,0.5183329169392109,0.5183329169391454,6.550315845288424e-14,0,58.75635099909903
b2976,,1,57,0.5183329169392109,0.5183329169391454,6.550315845288424e-14,0,58.75635099909903
b2049,,1,6,0.5183329169392109,0.5183329169390736,1.3733458814613186e-13,0,58.755487314301305
b1613,,1,6,0.5183329169392109,0.5183329169391627,4.8183679268731794e-14,0,58.755487314309725
b4323,,1,6,0.5183329169392109,0.5183329169391455,6.539213615042172e-14,0,58.75548731430743
b0731,,1,6,0.5183329169392109,0.518332916939243,-3.2085445411667024e-14,0,58.75548731431776
b0732,,1,6,0.5183329169392109,0.5183329169392467,-3.574918139293004e-14,0,58.7554873143188
b0334,,1,6,0.5183329169392109,0.5183329169389629,2.4802382370125997e-13,0,58.75548731428423
b0331,,1,10,0.5183329169392109,0.5183329169391762,3.47499806707674e-14,0,58.75548736775369
b0333,,1,6,0.5183329169392109,0.5183329169391455,6.539213615042172e-14,0,58.75548731430743
b1092,,1,442,0.5183329169392109,0.0,0.5183329169392109,1,4155.2368692208465
b2521,,1,6,0.5183329169392109,0.5183329169392966,-8.570921750106208e-14,0,58.755487314324455
b0149,,5,442,0.5183329169392109,0.0,0.5183329169392109,1,4155.2368692208465
b0635,,2,442,0.5183329169392109,0.0,0.5183329169392109,1,4155.236869220852
b3396,,5,442,0.5183329169392109,0.0,0.5183329169392109,1,4155.236869220849
b0084,,2,442,0.5183329169392109,0.0,0.5183329169392109,1,4155.236869220845
b0839,,5,2,0.5183329169392109,0.5183329169391493,6.161737786669619e-14,0,58.755458199157616
b2010,,5,6,0.5183329169392109,0.5183329169392034,7.549516567451064e-15,0,58.755487314314095
b3182,,9,10,0.5183329169392109,0.5183329169392117,-7.771561172376096e-16,0,58.75548736775845
b0632,,5,6,0.5183329169392109,0.5183329169392034,7.549516567451064e-15,0,58.755487314314095
b2134,,4,6,0.5183329169392109,0.5183329169391647,4.618527782440651e-14,0,58.7554873143106
b2328,,4,6,0.5183329169392109,0.5183329169391647,4.618527782440651e-14,0,58.7554873143106
b3236,,1,65,0.5183329169392109,0.5183329168488947,9.031619896404663e-11,0,81.46791112538025
b2210,,2,10,0.5183329169392109,0.5183329169391522,5.873079800267078e-14,0,58.75548736775427
b1479,,1,6,0.5183329169392109,0.5183329169391455,6.539213615042172e-14,0,58.75548731430743
b2463,,1,6,0.5183329169392109,0.5183329169391907,2.020605904817785e-14,0,58.755487314312944
b2515,,1,442,0.5183329169392109,0.0,0.5183329169392109,1,4155.236869220847
b2746,,1,442,0.5183329169392109,0.0,0.5183329169392109,1,4155.236869220839
b4120,,1,6,0.5183329169392109,0.5183329169392887,-7.782663402622347e-14,0,58.755487314324526
b2747,,1,442,0.5183329169392109,0.0,0.5183329169392109,1,4155.236869220848
b2942,,1,442,0.5183329169392109,0.0,0.5183329169392109,1,4155.236869220847
b0199,,2,6,0.5183329169392109,0.5183329169391858,2.5091040356528538e-14,0,58.75548731431187
b0197,,2,6,0.5183329169392109,0.5183329169390852,1.2567724638756772e-13,0,58.75548731430125
b0198,,2,6,0.5183329169392109,0.5183329169390852,1.2567724638756772e-13,0,58.75548731430125
b4019,,1,442,0.5183329169392109,0.0,0.5183329169392109,1,4155.236869220849
b3829,,1,442,0.5183329169392109,0.0,0.5183329169392109,1,4155.236869220846
b4219,,1,6,0.5183329169392109,0.5183329169392916,-8.071321389024888e-14,0,58.75548731432418
b1778,,1,6,0.5183329169392109,0.5183329169391455,6.539213615042172e-14,0,58.75548731430743
b2114,,1,6,0.5183329169392109,0.5183329169391855,2.5424107263916085e-14,0,58.75548731431164
b4242,,2,6,0.5183329169392109,0.5183329169391455,6.539213615042172e-14,0,58.75548731430743
b0963,,1,6,0.5183329169392109,0.518332916939138,7.294165271787278e-14,0,58.75548731430662
b0403,,5,6,0.5183329169392109,0.5183329169393351,-1.2423395645555502e-13,0,58.755487314328505
b4392,,4,6,0.5183329169392109,0.5183329169392551,-4.418687638008123e-14,0,58.75548731432033
b2963,,4,6,0.5183329169392109,0.5183329169392551,-4.418687638008123e-14,0,58.75548731432033
b2558,,4,6,0.5183329169392109,0.5183329169392551,-4.418687638008123e-14,0,58.75548731432033
b2813,,4,6,0.5183329169392109,0.5183329169392551,-4.418687638008123e-14,0,58.75548731432033
b2701,,4,6,0.5183329169392109,0.5183329169392551,-4.418687638008123e-14,0,58.75548731432033
b1193,,4,6,0.5183329169392109,0.5183329169392551,-4.418687638008123e-14,0,58.75548731432033
b2919,,1,6,0.5183329169392109,0.5183329169391299,8.104628079763643e-14,0,58.75548731430548
b0260,,1,6,0.5183329169392109,0.5183329169396966,-4.85722573273506e-13,0,58.75548731436888
b2917,,1,6,0.5183329169392109,0.5183329169398021,-5.911937606128959e-13,0,58.75548731438181
b3599,,1,6,0.5183329169392109,0.5183329169392316,-2.0650148258027912e-14,0,58.75548731431758
b4322,,1,6,0.5183329169392109,0.5183329169400499,-8.389955397092308e-13,0,58.7554873144018
b0784,,2,442,0.5183329169392109,0.0,0.5183329169392109,1,4155.236869220847
b3633,,2,442,0.5183329169392109,0.0,0.5183329169392109,1,4155.236869220846
b3624,,1,2,0.5183329169392109,0.5183329169391766,3.430589146091734e-14,0,58.75545819916128
b3917,,3,442,0.5183329169392109,0.0,0.5183329169392109,1,4155.236869220848
b0763,,3,442,0.5183329169392109,0.0,0.5183329169392109,1,4155.236869220847
b2423,,5,442,0.5183329169392109,0.0,0.5183329169392109,1,4155.236869220845
b0765,,3,442,0.5183329169392109,0.0,0.5183329169392109,1,4155.236869220852
b2425,,5,442,0.5183329169392109,0.0,0.5183329169392109,1,4155.23686922086
b2422,,5,442,0.5183329169392109,0.0,0.5183329169392109,1,4155.236869220847
b0764,,3,442,0.5183329169392109,0.0,0.5183329169392109,1,4155.236869220849
b2424,,5,442,0.5183329169392109,0.0,0.5183329169392109,1,4155.236869220847
b2877,,1,2,0.5183329169392109,0.5183329169391588,5.206945985491984e-14,0,58.75545819915851
b0134,,1,442,0.5183329169392109,0.0,0.5183329169392109,1,4155.236869220846
b0009,,1,442,0.5183329169392109,0.0,0.5183329169392109,1,4155.236869220846
b2519,,2,442,0.5183329169392109,0.0,0.5183329169392109,1,4155.236869220849
b1069,,2,442,0.5183329169392109,0.0,0.5183329169392109,1,4155.236869220846
b0785,,1,442,0.5183329169392109,0.0,0.5183329169392109,1,4155.2368692208465
b0826,,1,442,0.5183329169392109,0.0,0.5183329169392109,1,4155.23686922085
b1008,,1,6,0.5183329169392109,0.5183329169392623,-5.140332604014475e-14,0,58.75548731432047
b0529,,2,70,0.5183329169392109,0.518332916939568,-3.5704772471945034e-13,0,69.76974663294308
b3941,,1,442,0.5183329169392109,0.0,0.5183329169392109,1,4155.236869220845
b1059,,2,6,0.5183329169392109,0.5183329169392096,1.3322676295501878e-15,0,58.75548731431501
b3996,,1,10,0.5183329169392109,0.5183329169391154,9.547918011776346e-14,0,58.755487367746184
b2411,,1,10,0.5183329169392109,0.5183329169391154,9.547918011776346e-14,0,58.755487367746184
b1109,,3,6,0.5183329169392109,0.5183329169391455,6.539213615042172e-14,0,58.75548731430743
b2284,,3,70,0.5183329169392109,0.5183329169391104,1.0047518372857667e-13,0,949.0452816555146
b2288,,3,70,0.5183329169392109,0.5183329169391104,1.0047518372857667e-13,0,949.0452816555146
b2280,,3,70,0.5183329169392109,0.5183329169391104,1.0047518372857667e-13,0,949.0452816555146
b2282,,3,70,0.5183329169392109,0.5183329169391104,1.0047518372857667e-13,0,949.0452816555146
b2277,,3,70,0.5183329169392109,0.5183329169391104,1.0047518372857667e-13,0,949.0452816555146
b2287,,3,70,0.5183329169392109,0.5183329169391104,1.0047518372857667e-13,0,949.0452816555146
b2276,,3,70,0.5183329169392109,0.5183329169391104,1.0047518372857667e-13,0,949.0452816555146
b2278,,3,70,0.5183329169392109,0.5183329169391104,1.0047518372857667e-13,0,949.0452816555146
b2286,,3,70,0.5183329169392109,0.5183329169391104,1.0047518372857667e-13,0,949.0452816555146
b2283,,3,70,0.5183329169392109,0.5183329169391104,1.0047518372857667e-13,0,949.0452816555146
b2279,,3,70,0.5183329169392109,0.5183329169391104,1.0047518372857667e-13,0,949.0452816555146
b2285,,3,70,0.5183329169392109,0.5183329169391104,1.0047518372857667e-13,0,949.0452816555146
b2281,,3,70,0.5183329169392109,0.5183329169391104,1.0047518372857667e-13,0,949.0452816555146
b2615,,1,442,0.5183329169392109,0.0,0.5183329169392109,1,4155.236869220849
b3028,,3,6,0.5183329169392109,0.5183329169392356,-2.4646951146678475e-14,0,58.755487314317726
b1740,,1,442,0.5183329169392109,0.0,0.5183329169392109,1,4155.236869220846
b1602,,2,6,0.5183329169392109,0.5183329169391847,2.6201263381153694e-14,0,58.75548731431199
b1603,,2,6,0.5183329169392109,0.5183329169398463,-6.353806369929771e-13,0,58.75548731438529
b3962,,1,6,0.5183329169392109,0.5183329169398463,-6.353806369929771e-13,0,58.75548731438529
b0931,,1,6,0.5183329169392109,0.518332916939236,-2.5091040356528538e-14,0,58.755487314316916
b1186,,1,6,0.5183329169392109,0.5183329169391455,6.539213615042172e-14,0,58.75548731430743
b0019,,1,6,0.5183329169392109,0.5183329169391455,6.539213615042172e-14,0,58.75548731430743
b2518,,8,442,0.5183329169392109,0.0,0.5183329169392109,1,4155.236869220847
b0451,,1,442,0.5183329169392109,0.0,0.5183329169392109,1,4155.236869220845
b2711,,1,2,0.5183329169392109,0.5183329169393407,-1.297850715786808e-13,0,58.75545819917875
b2710,,1,6,0.5183329169392109,0.5183329169391455,6.539213615042172e-14,0,58.75548731430743
b3477,,1,6,0.5183329169392109,0.5183329169391455,6.539213615042172e-14,0,58.75548731430743
b3476,,1,6,0.5183329169392109,0.5183329169391455,6.539213615042172e-14,0,58.75548731430743
b3479,,1,6,0.5183329169392109,0.5183329169391455,6.539213615042172e-14,0,58.75548731430743
b3480,,1,6,0.5183329169392109,0.5183329169391455,6.539213615042172e-14,0,58.75548731430743
b3478,,1,6,0.5183329169392109,0.5183329169391455,6.539213615042172e-14,0,58.75548731430743
b4390,,1,6,0.5183329169392109,0.518332916939145,6.59472476627343e-14,0,58.75548731430734
b0639,,2,442,0.5183329169392109,0.0,0.5183329169392109,1,4155.236869220848
b0751,,1,2,0.5183329169392109,0.5183329169391273,8.359979375427429e-14,0,58.75545819915483
b1768,,1,6,0.5183329169392109,0.518332916939265,-5.4067861299245124e-14,0,58.75548731432109
b1991,,1,10,0.5183329169392109,0.5183329169391854,2.55351295663786e-14,0,58.75548736775333
b0109,,1,442,0.5183329169392109,0.0,0.5183329169392109,1,4155.236869220846
b3367,,1,2,0.5183329169392109,0.518332916939259,-4.807265696626928e-14,0,58.755458199170086
b1223,,2,10,0.5183329169392109,0.5183329169392263,-1.5432100042289676e-14,0,58.75548736775939
b2206,,2,6,0.5183329169392109,0.5183329169391455,6.539213615042172e-14,0,58.75548731430743
b2204,,1,6,0.5183329169392109,0.5183329169391455,6.539213615042172e-14,0,58.75548731430743
b2203,,2,6,0.5183329169392109,0.5183329169391455,6.539213615042172e-14,0,58.75548731430743
b2205,,1,6,0.5183329169392109,0.5183329169391455,6.539213615042172e-14,0,58.75548731430743
b2202,,2,6,0.5183329169392109,0.5183329169391455,6.539213615042172e-14,0,58.75548731430743
b1468,,2,6,0.5183329169392109,0.5183329169392016,9.325873406851315e-15,0,58.75548731431523
b1226,,2,6,0.5183329169392109,0.5183329169392016,9.325873406851315e-15,0,58.75548731431523
b1227,,2,6,0.5183329169392109,0.5183329169392016,9.325873406851315e-15,0,58.75548731431523
b1225,,2,6,0.5183329169392109,0.5183329169392016,9.325873406851315e-15,0,58.75548731431523
b1465,,2,6,0.5183329169392109,0.5183329169392016,9.325873406851315e-15,0,58.75548731431523
b1224,,2,6,0.5183329169392109,0.5183329169392016,9.325873406851315e-15,0,58.75548731431523
b1466,,2,6,0.5183329169392109,0.5183329169392016,9.325873406851315e-15,0,58.75548731431523
b1467,,2,6,0.5183329169392109,0.5183329169392016,9.325873406851315e-15,0,58.75548731431523
b1469,,1,6,0.5183329169392109,0.518332916939162,4.8960835385969403e-14,0,58.75548731430841
b2552,,2,6,0.5183329169392109,0.5183329169391087,1.0225154056797692e-13,0,58.755487314303366
b4374,,3,10,0.5183329169392109,0.5183329169391909,1.9984014443252818e-14,0,58.75548736775569
b2291,,6,6,0.5183329169392109,0.5183329169392998,-8.892886427247504e-14,0,58.75548731432245
b2744,,14,6,0.5183329169392109,0.5183329169392534,-4.2521541843143495e-14,0,58.75548731431898
b0480,,17,10,0.5183329169392109,0.5183329169392991,-8.815170815523743e-14,0,58.75548736776739
b4161,,4,6,0.5183329169392109,0.5183329169391455,6.539213615042172e-14,0,58.75548731430743
b0650,,1,6,0.5183329169392109,0.5183329169391455,6.539213615042172e-14,0,58.75548731430743
b4394,,3,6,0.5183329169392109,0.5183329169391457,6.517009154549669e-14,0,58.755487314307814
b0980,,2,6,0.5183329169392109,0.5183329169392359,-2.4980018054066022e-14,0,58.7554873143182
b2781,,8,6,0.5183329169392109,0.5183329169391455,6.539213615042172e-14,0,58.75548731430743
b2954,,3,6,0.5183329169392109,0.5183329169392427,-3.175237850427948e-14,0,58.7554873143186
b1759,,2,6,0.5183329169392109,0.5183329169391455,6.539213615042172e-14,0,58.75548731430743
b0160,,2,6,0.5183329169392109,0.5183329169392209,-9.992007221626409e-15,0,58.7554873143155
b3365,,1,6,0.5183329169392109,0.5183329169391455,6.539213615042172e-14,0,58.75548731430743
b3366,,1,6,0.5183329169392109,0.5183329169391455,6.539213615042172e-14,0,58.75548731430743
b4073,,2,6,0.5183329169392109,0.5183329169391455,6.539213615042172e-14,0,58.75548731430743
b4071,,2,6,0.5183329169392109,0.5183329169391455,6.539213615042172e-14,0,58.75548731430743
b4070,,2,6,0.5183329169392109,0.5183329169391455,6.539213615042172e-14,0,58.75548731430743
b4072,,2,6,0.5183329169392109,0.5183329169391455,6.539213615042172e-14,0,58.75548731430743
b2035,,3,6,0.5183329169392109,0.5183329169392588,-4.785061236134425e-14,0,58.75548731432042
b2027,,3,6,0.5183329169392109,0.5183329169392588,-4.785061236134425e-14,0,58.75548731432042
b2033,,1,6,0.5183329169392109,0.5183329169390755,1.354472090042691e-13,0,58.755487314300254
b2037,,1,6,0.5183329169392109,0.5183329169392212,-1.0325074129013956e-14,0,58.7554873143157
b2034,,1,6,0.5183329169392109,0.518332916939182,2.886579864025407e-14,0,58.75548731431229
b2032,,1,6,0.5183329169392109,0.5183329169391858,2.5091040356528538e-14,0,58.755487314312326
b3114,,2,10,0.5183329169392109,0.5183329169391722,3.8746783559417963e-14,0,58.75548736775271
b0903,,2,10,0.5183329169392109,0.5183329169391722,3.8746783559417963e-14,0,58.75548736775271
b0902,,2,10,0.5183329169392109,0.5183329169391722,3.8746783559417963e-14,0,58.75548736775271
b2579,,2,10,0.5183329169392109,0.5183329169391722,3.8746783559417963e-14,0,58.75548736775271
b0273,,1,442,0.5183329169392109,0.0,0.5183329169392109,1,4155.236869220846
b4254,,1,442,0.5183329169392109,0.0,0.5183329169392109,1,4155.236869220845
b3187,,1,442,0.5183329169392109,0.0,0.5183329169392109,1,4155.236869220846
b0907,,2,442,0.5183329169392109,0.0,0.5183329169392109,1,4155.236869220844
b0662,,1,6,0.5183329169392109,0.5183329169391976,1.3322676295501878e-14,0,58.755487314313854
b1281,,1,442,0.5183329169392109,0.0,0.5183329169392109,1,4155.236869220846
b2907,,1,2,0.5183329169392109,0.5183329169392749,-6.394884621840902e-14,0,58.755458199170405
b0350,,1,6,0.5183329169392109,0.518332916939189,2.1871393585115584e-14,0,58.75548731431157
b3843,,1,442,0.5183329169392109,0.0,0.5183329169392109,1,4155.236869220846
b2311,,1,442,0.5183329169392109,0.0,0.5183329169392109,1,4155.236869220847
b3835,,1,39,0.5183329169392109,0.518332916939259,-4.807265696626928e-14,0,58.75547136251793
b2965,,1,10,0.5183329169392109,0.5183329169392172,-6.328271240363392e-15,0,58.75548736775838
b0693,,1,10,0.5183329169392109,0.5183329169392172,-6.328271240363392e-15,0,58.75548736775838
b3642,,1,442,0.5183329169392109,0.0,0.5183329169392109,1,4155.236869220848
b2373,,1,6,0.5183329169392109,0.5183329169391867,2.4202861936828413e-14,0,58.75548731431235
b1387,,1,6,0.5183329169392109,0.5183329169392936,-8.271161533457416e-14,0,58.75548731432413
b1394,,2,6,0.5183329169392109,0.5183329169391991,1.176836406102666e-14,0,58.755487314313754
b1014,,2,10,0.5183329169392109,0.5183329169392124,-1.4432899320127035e-15,0,58.75548736775811
b0386,,1,442,0.5183329169392109,0.0,0.5183329169392109,1,4155.236869220847
b1391,,1,6,0.5183329169392109,0.5183329169392229,-1.199040866595169e-14,0,58.75548731431596
b1390,,1,6,0.5183329169392109,0.5183329169392601,-4.9182879990894435e-14,0,58.75548731432028
b1392,,1,6,0.5183329169392109,0.5183329169392601,-4.9182879990894435e-14,0,58.75548731432028
b1388,,1,6,0.5183329169392109,0.5183329169392601,-4.9182879990894435e-14,0,58.75548731432028
b1389,,1,6,0.5183329169392109,0.5183329169392601,-4.9182879990894435e-14,0,58.75548731432028
b1398,,1,6,0.5183329169392109,0.5183329169392664,-5.551115123125783e-14,0,58.755487314321634
b0133,,1,442,0.5183329169392109,0.0,0.5183329169392109,1,4155.2368692208465
b1278,,30,442,0.5183329169392109,0.0,0.5183329169392109,1,4155.236869220847
b0087,,1,442,0.5183329169392109,0.0,0.5183329169392109,1,4155.236869220848
b2762,,2,442,0.5183329169392109,0.0,0.5183329169392109,1,4155.236869220848
b1489,,2,6,0.5183329169392109,0.5183329169392041,6.772360450213455e-15,0,58.75545825260626
b0114,,1,62,0.5183329169392109,0.5183329169392942,-8.326672684688674e-14,0,183.7048966702524
b0115,,1,62,0.5183329169392109,0.5183329169392942,-8.326672684688674e-14,0,183.7048966702524
b1638,,2,6,0.5183329169392109,0.5183329169392041,6.772360450213455e-15,0,58.75548731431397
b2564,,1,442,0.5183329169392109,0.0,0.5183329169392109,1,4155.2368692208465
b0052,,1,442,0.5183329169392109,0.0,0.5183329169392109,1,4155.236869220846
b0766,,2,6,0.5183329169392109,0.5183329169392475,-3.6637359812630166e-14,0,58.75548731431641
b2320,,1,442,0.5183329169392109,0.0,0.5183329169392109,1,4155.236869220847
b3546,,2,6,0.5183329169392109,0.5183329169392272,-1.63202784619898e-14,0,58.755487314316525
b1723,,1,53,0.5183329169392109,0.5183329169391451,6.583622536027178e-14,0,109.59235970710918
b3916,,3,59,0.5183329169392109,0.5183329169391817,2.919886554764162e-14,0,152.85829439075502
b3952,,1,10,0.5183329169392109,0.5183329169393025,-9.159339953157541e-14,0,58.755487367767365
b3951,,1,10,0.5183329169392109,0.5183329169393025,-9.159339953157541e-14,0,58.755487367767365
b3176,,1,442,0.5183329169392109,0.0,0.5183329169392109,1,4155.2368692208465
b2913,,1,66,0.5183329169392109,0.5183329169391305,8.038014698286133e-14,0,95.83689840849314
b4025,,1,74,0.5183329169392109,0.5183329169392259,-1.4988010832439613e-14,0,150.83214474003893
b2926,,1,83,0.5183329169392109,0.5183329169392628,-5.184741524999481e-14,0,1418.1744058487636
b0767,,1,56,0.5183329169392109,0.5183329169391498,6.106226635438361e-14,0,100.12314693819253
b3385,,1,6,0.5183329169392109,0.5183329169391149,9.603429163007604e-14,0,58.75548731430328
b3612,,1,82,0.5183329169392109,0.5183329169392444,-3.352873534367973e-14,0,752.3986409072035
b0755,,1,82,0.5183329169392109,0.5183329169392444,-3.352873534367973e-14,0,752.3986409072035
b4395,,1,82,0.5183329169392109,0.5183329169392444,-3.352873534367973e-14,0,752.3986409072035
b0688,,1,6,0.5183329169392109,0.5183329169392054,5.551115123125783e-15,0,58.75548731431414
b2690,,1,6,0.5183329169392109,0.5183329169392054,5.551115123125783e-15,0,58.75548731431414
b0418,,14,6,0.5183329169392109,0.5183329169392853,-7.438494264988549e-14,0,58.755487314323545
b1912,,7,10,0.5183329169392109,0.5183329169392006,1.0325074129013956e-14,0,58.75548736775682
b2199,,1,6,0.5183329169392109,0.5183329169391455,6.539213615042172e-14,0,58.75548731430743
b2200,,1,6,0.5183329169392109,0.5183329169391455,6.539213615042172e-14,0,58.75548731430743
b2197,,1,6,0.5183329169392109,0.5183329169391455,6.539213615042172e-14,0,58.75548731430743
b2198,,1,6,0.5183329169392109,0.5183329169391455,6.539213615042172e-14,0,58.75548731430743
b2201,,1,6,0.5183329169392109,0.5183329169391455,6.539213615042172e-14,0,58.75548731430743
b1713,,1,6,0.5183329169392109,0.5183329169391561,5.484501741648273e-14,0,58.75548731430841
b1714,,1,6,0.5183329169392109,0.5183329169391561,5.484501741648273e-14,0,58.75548731430841
b1473,,3,10,0.5183329169392109,0.5183329169393139,-1.0302869668521453e-13,0,58.75548736776899
b0576,,2,6,0.5183329169392109,0.5183329169392121,-1.2212453270876722e-15,0,58.75548731431495
b3493,,1,51,0.5183329169392109,0.5183329169392329,-2.19824158875781e-14,0,59.76677044273566
b2987,,1,51,0.5183329169392109,0.5183329169392329,-2.19824158875781e-14,0,59.76677044273566
b3725,,1,6,0.5183329169392109,0.5183329169391455,6.539213615042172e-14,0,58.75548731430743
b3726,,1,6,0.5183329169392109,0.5183329169391455,6.539213615042172e-14,0,58.75548731430743
b3727,,1,6,0.5183329169392109,0.5183329169391455,6.539213615042172e-14,0,58.75548731430743
b3728,,1,6,0.5183329169392109,0.5183329169391455,6.539213615042172e-14,0,58.75548731430743
b3821,,42,6,0.5183329169392109,0.5183329169391471,6.38378239159465e-14,0,58.75548731430736
b2048,,1,10,0.5183329169392109,0.5183329169392141,-3.219646771412954e-15,0,58.75548736775849
b3412,,1,442,0.5183329169392109,0.0,0.5183329169392109,1,4155.236869220847
b3974,,1,442,0.5183329169392109,0.0,0.5183329169392109,1,4155.236869220847
b3258,,1,2,0.5183329169392109,0.5183329169391928,1.8096635301390052e-14,0,58.755458199162305
b1010,,1,6,0.5183329169392109,0.5183329169392402,-2.930988785010413e-14,0,58.75548731431867
b1378,,1,56,0.5183329169392109,0.5183329169392283,-1.7430501486614958e-14,0,58.77808860065773
b0871,,1,6,0.5183329169392109,0.5183329169391455,6.539213615042172e-14,0,58.75548731430743
b4226,,1,6,0.5183329169392109,0.5183329169391455,6.539213615042172e-14,0,58.75548731430743
b2502,,2,6,0.5183329169392109,0.5183329169391455,6.539213615042172e-14,0,58.75548731430743
b1015,,2,6,0.5183329169392109,0.5183329169390617,1.4921397450962104e-13,0,58.75548731429964
b0369,,1,442,0.5183329169392109,0.0,0.5183329169392109,1,4155.236869220845
b3956,,1,52,0.5183329169392109,0.5183329169392246,-1.3655743202889425e-14,0,94.17002835536857
b3639,,2,442,0.5183329169392109,0.0,0.5183329169392109,1,4155.23686922085
b3403,,1,6,0.5183329169392109,0.5183329169392937,-8.282263763703668e-14,0,58.75548731432421
b2920,,1,10,0.5183329169392109,0.5183329169391042,1.0669243266647754e-13,0,58.755487367745594
b2501,,2,51,0.5183329169392109,0.5183329169393669,-1.559863349598345e-13,0,72.06465594508968
b4383,,2,13,0.5183329169392109,0.5183329169392313,-2.042810365310288e-14,0,58.755488166133446
b3380,,1,13,0.5183329169392109,0.5183329169392036,7.327471962526033e-15,0,58.755488166130135
b3850,,2,442,0.5183329169392109,0.0,0.5183329169392109,1,4155.236869220844
b2536,,1,6,0.5183329169392109,0.518332916939194,1.687538997430238e-14,0,58.75545825260538
b1702,,1,6,0.5183329169392109,0.5183329169391455,6.539213615042172e-14,0,58.75548731430743
b0383,,1,6,0.5183329169392109,0.5183329169391381,7.283063041541027e-14,0,58.75548731430591
b4005,,1,442,0.5183329169392109,0.0,0.5183329169392109,1,4155.236869220846
b2499,,1,442,0.5183329169392109,0.0,0.5183329169392109,1,4155.2368692208465
b2026,,2,442,0.5183329169392109,0.0,0.5183329169392109,1,4155.236869220846
b2476,,1,442,0.5183329169392109,0.0,0.5183329169392109,1,4155.236869220849
b2557,,1,442,0.5183329169392109,0.0,0.5183329169392109,1,4155.236869220848
b2024,,1,442,0.5183329169392109,0.0,0.5183329169392109,1,4155.236869220847
b0194,,1,6,0.5183329169392109,0.5183329169391612,4.973799150320701e-14,0,58.755487314309505
b1207,,1,15,0.5183329169392109,0.5183329169392958,-8.493206138382448e-14,0,59.92458376313261
b0908,,1,442,0.5183329169392109,0.0,0.5183329169392109,1,4155.236869220844
b4160,,7,442,0.5183329169392109,0.0,0.5183329169392109,1,4155.2368692208465
b4388,,1,66,0.5183329169392109,0.5183329169391756,3.530509218307998e-14,0,95.83689840852935
b2585,,7,442,0.5183329169392109,0.0,0.5183329169392109,1,4155.236869220846
b2297,,2,2,0.5183329169392109,0.5183329169391852,2.5757174171303632e-14,0,58.75545819916173
b2458,,1,6,0.5183329169392109,0.5183329169391864,2.453592884421596e-14,0,58.75548731431011
b3634,,1,442,0.5183329169392109,0.0,0.5183329169392109,1,4155.236869220849
b0692,,2,2,0.5183329169392109,0.5183329169392011,9.769962616701378e-15,0,58.755458199163456
b3073,,1,6,0.5183329169392109,0.518332916939188,2.2870594307278225e-14,0,58.75548731431253
b0854,,1,6,0.5183329169392109,0.5183329169391455,6.539213615042172e-14,0,58.75548731430743
b1123,,2,6,0.5183329169392109,0.5183329169391455,6.539213615042172e-14,0,58.75548731430743
b0856,,1,6,0.5183329169392109,0.5183329169391455,6.539213615042172e-14,0,58.75548731430743
b1442,,2,6,0.5183329169392109,0.5183329169391455,6.539213615042172e-14,0,58.75548731430743
b0857,,1,6,0.5183329169392109,0.5183329169391455,6.539213615042172e-14,0,58.75548731430743
b0855,,1,6,0.5183329169392109,0.5183329169391455,6.539213615042172e-14,0,58.75548731430743
b1124,,2,6,0.5183329169392109,0.5183329169391455,6.539213615042172e-14,0,58.75548731430743
b1443,,2,6,0.5183329169392109,0.5183329169391455,6.539213615042172e-14,0,58.75548731430743
b1440,,2,6,0.5183329169392109,0.5183329169391455,6.539213615042172e-14,0,58.75548731430743
b1126,,2,6,0.5183329169392109,0.5183329169391455,6.539213615042172e-14,0,58.75548731430743
b1125,,2,6,0.5183329169392109,0.5183329169391455,6.539213615042172e-14,0,58.75548731430743
b1441,,2,6,0.5183329169392109,0.5183329169391455,6.539213615042172e-14,0,58.75548731430743
b1296,,1,6,0.5183329169392109,0.5183329169390896,1.213473765915296e-13,0,58.75548731430311
b2407,,5,10,0.5183329169392109,0.5183329169391359,7.505107646466058e-14,0,58.75548736774975
b1636,,1,6,0.5183329169392109,0.5183329169391266,8.426592756904938e-14,0,58.75548731430569
b3826,,1,10,0.5183329169392109,0.5183329169400002,-7.892575482060238e-13,0,58.75548736784566
b1854,,1,10,0.5183329169392109,0.5183329169392124,-1.4432899320127035e-15,0,58.755487367757
b1676,,1,10,0.5183329169392109,0.5183329169392124,-1.4432899320127035e-15,0,58.755487367757
b3831,,1,6,0.5183329169392109,0.5183329169391283,8.260059303211165e-14,0,58.7554873143025
b1007,,1,6,0.5183329169392109,0.5183329169391455,6.539213615042172e-14,0,58.75548731430743
b1012,,1,6,0.5183329169392109,0.5183329169391455,6.539213615042172e-14,0,58.75548731430743
b3029,,2,6,0.5183329169392109,0.5183329169393284,-1.1746159600534156e-13,0,58.75548731432809
b1692,,2,442,0.5183329169392109,0.0,0.5183329169392109,1,4155.2368692208465
b0750,,1,442,0.5183329169392109,0.0,0.5183329169392109,1,4155.236869220847
b4094,,1,2,0.5183329169392109,0.5183329169391654,4.551914400963142e-14,0,58.755458199160316
b1662,,1,442,0.5183329169392109,0.0,0.5183329169392109,1,4155.236869220846
b0415,,1,442,0.5183329169392109,0.0,0.5183329169392109,1,4155.2368692208465
b3752,,1,6,0.5183329169392109,0.5183329169392271,-1.6209256159527285e-14,0,58.7554873143171
b0063,,3,6,0.5183329169392109,0.5183329169392006,1.0325074129013956e-14,0,58.755487314314166
b4198,,1,6,0.5183329169392109,0.5183329169392502,-3.930189507173054e-14,0,58.75548731432029
b3583,,1,6,0.5183329169392109,0.5183329169392502,-3.930189507173054e-14,0,58.75548731432029
b0061,,1,6,0.5183329169392109,0.5183329169392502,-3.930189507173054e-14,0,58.75548731432029
b3629,,1,6,0.5183329169392109,0.5183329169393367,-1.2578826869003024e-13,0,58.75548731432892
b2687,,1,442,0.5183329169392109,0.0,0.5183329169392109,1,4155.2368692208465
b3748,,1,6,0.5183329169392109,0.5183329169391935,1.7430501486614958e-14,0,58.75548731431307
b3749,,1,6,0.5183329169392109,0.5183329169385049,7.05990821359137e-13,0,58.75548731423554
b3751,,1,6,0.5183329169392109,0.5183329169385049,7.05990821359137e-13,0,58.75548731423554
b3750,,1,6,0.5183329169392109,0.5183329169385049,7.05990821359137e-13,0,58.75548731423554
b3904,,1,6,0.5183329169392109,0.5183329169391225,8.837375276016246e-14,0,58.75548731430513
b3902,,1,6,0.5183329169392109,0.5183329169395892,-3.7825298448979083e-13,0,58.75548731435859
b2234,,4,6,0.5183329169392109,0.518332916939178,3.2862601528904634e-14,0,58.75548731431141
b2235,,4,6,0.5183329169392109,0.518332916939178,3.2862601528904634e-14,0,58.75548731431141
b2676,,4,6,0.5183329169392109,0.5183329169392621,-5.1181281435219717e-14,0,58.755487314320916
b2675,,4,6,0.5183329169392109,0.5183329169392621,-5.1181281435219717e-14,0,58.755487314320916
b4238,,4,66,0.5183329169392109,0.5183329169391657,4.518607710224387e-14,0,58.78048449639008
b4237,,4,66,0.5183329169392109,0.5183329169391657,4.518607710224387e-14,0,58.78048449639008
b3386,,1,55,0.5183329169392109,0.5183329169392303,-1.942890293094024e-14,0,77.01667456246243
b4301,,1,55,0.5183329169392109,0.5183329169392303,-1.942890293094024e-14,0,77.01667456246243
b2914,,1,426,0.5183329169392109,0.15756472995451404,0.36076818698469687,0,1240.0381724238455
b0638,,1,6,0.5183329169392109,0.5183329169392552,-4.4297898682543746e-14,0,58.755487314319964
b1683,,6,6,0.5183329169392109,0.51833291693918,3.086420008457935e-14,0,58.75548731431171
b1679,,4,6,0.5183329169392109,0.5183329169392138,-2.886579864025407e-15,0,58.755487314315644
b1680,,4,6,0.5183329169392109,0.5183329169392138,-2.886579864025407e-15,0,58.755487314315644
b1682,,6,6,0.5183329169392109,0.51833291693918,3.086420008457935e-14,0,58.75548731431171
b1681,,6,6,0.5183329169392109,0.51833291693918,3.086420008457935e-14,0,58.75548731431171
b1684,,2,6,0.5183329169392109,0.5183329169378527,1.3582468483264165e-12,0,58.75548731416501
b0222,,1,10,0.5183329169392109,0.5183329169391995,1.1435297153639112e-14,0,58.75548736775641
b1745,,1,10,0.5183329169392109,0.5183329169392754,-6.45039577307216e-14,0,58.755487367765014
b2751,,1,442,0.5183329169392109,0.0,0.5183329169392109,1,4155.236869220849
b2752,,1,442,0.5183329169392109,0.0,0.5183329169392109,1,4155.236869220847
b2705,,1,6,0.5183329169392109,0.5183329169392161,-5.218048215738236e-15,0,58.75548731431561
b2703,,1,6,0.5183329169392109,0.5183329169392454,-3.452793606584237e-14,0,58.75548731431613
b2704,,1,6,0.5183329169392109,0.5183329169392454,-3.452793606584237e-14,0,58.75548731431613
b2702,,1,6,0.5183329169392109,0.5183329169392454,-3.452793606584237e-14,0,58.75548731431613
b2472,,1,442,0.5183329169392109,0.0,0.5183329169392109,1,4155.2368692208465
b3591,,1,2,0.5183329169392109,0.5183329169391901,2.0761170560490427e-14,0,58.75545819916203
b1764,,1,6,0.5183329169392109,0.5183329169392268,-1.587618925213974e-14,0,58.7554873143165
b2264,,1,6,0.5183329169392109,0.5183329169391951,1.5765166949677223e-14,0,58.7554873143135
b0586,,1,6,0.5183329169392109,0.5183329169392537,-4.2743586448068527e-14,0,58.75548731431934
b3607,,1,442,0.5183329169392109,0.0,0.5183329169392109,1,4155.236869220845
b2366,,1,2,0.5183329169392109,0.5183329169391903,2.0650148258027912e-14,0,58.755458199162355
b2797,,1,6,0.5183329169392109,0.5183329169388898,3.2107649872159527e-13,0,58.7554873142781
b4471,,1,6,0.5183329169392109,0.5183329169388898,3.2107649872159527e-13,0,58.7554873142781
b1814,,1,6,0.5183329169392109,0.5183329169388898,3.2107649872159527e-13,0,58.7554873142781
b0893,,2,10,0.5183329169392109,0.5183329169391807,3.019806626980426e-14,0,58.75548736775559
b2796,,1,10,0.5183329169392109,0.5183329169391359,7.505107646466058e-14,0,58.7554873677493
b3116,,2,10,0.5183329169392109,0.5183329169392527,-4.1744385725905886e-14,0,58.75548736776237
b3089,,2,6,0.5183329169392109,0.5183329169391995,1.1435297153639112e-14,0,58.7554873143145
b2154,,1,6,0.5183329169392109,0.5183329169391753,3.5638159090467525e-14,0,58.75548731431083
b0355,,1,6,0.5183329169392109,0.5183329169391753,3.5638159090467525e-14,0,58.75548731431083
b1744,,1,6,0.5183329169392109,0.5183329169392109,0.0,0,58.75548731431442
b1746,,1,10,0.5183329169392109,0.5183329169391961,1.4765966227514582e-14,0,58.755487367756196
b2263,,1,6,0.5183329169392109,0.518332916939226,-1.509903313490213e-14,0,58.75548731431832
b3368,,3,442,0.5183329169392109,0.0,0.5183329169392109,1,4155.236869220846
b3281,,1,442,0.5183329169392109,0.0,0.5183329169392109,1,4155.236869220847
b0388,,1,442,0.5183329169392109,0.0,0.5183329169392109,1,4155.236869220848
b3390,,1,442,0.5183329169392109,0.0,0.5183329169392109,1,4155.236869220849
b3939,,1,442,0.5183329169392109,0.0,0.5183329169392109,1,4155.236869220846
b1981,,1,6,0.5183329169392109,0.5183329169391578,5.306866057708248e-14,0,58.75548731430972
b1206,,1,51,0.5183329169392109,0.5183329169386983,5.125899704694348e-13,0,58.85732527216757
b1584,,2,6,0.5183329169392109,0.5183329169393089,-9.803269307440132e-14,0,58.755487314326345
b1599,,1,6,0.5183329169392109,0.5183329169393579,-1.4699352846037073e-13,0,58.75548731432919
b1600,,1,6,0.5183329169392109,0.5183329169393579,-1.4699352846037073e-13,0,58.75548731432919
b3908,,1,6,0.5183329169392109,0.5183329169391455,6.539213615042172e-14,0,58.75548731430743
b1656,,1,6,0.5183329169392109,0.5183329169391455,6.539213615042172e-14,0,58.75548731430743
b1646,,1,6,0.5183329169392109,0.5183329169391455,6.539213615042172e-14,0,58.75548731430743
b1525,,2,6,0.5183329169392109,0.5183329169391591,5.184741524999481e-14,0,58.755487314310884
b2661,,1,6,0.5183329169392109,0.5183329169391455,6.539213615042172e-14,0,58.75548731430743
b2260,,1,10,0.5183329169392109,0.5183329169392021,8.770761894538737e-15,0,58.755487367755464
b2261,,1,6,0.5183329169392109,0.5183329169393156,-1.0469403122215226e-13,0,58.75548731432704
b0721,,1,72,0.5183329169392109,0.5183329169392195,-8.548717289613705e-15,0,225.93964778161848
b0722,,1,72,0.5183329169392109,0.5183329169392195,-8.548717289613705e-15,0,225.93964778161848
b0724,,1,72,0.5183329169392109,0.5183329169392195,-8.548717289613705e-15,0,225.93964778161848
b0723,,1,72,0.5183329169392109,0.5183329169392195,-8.548717289613705e-15,0,225.93964778161848
b0728,,1,64,0.5183329169392109,0.518332916939126,8.493206138382448e-14,0,90.85742101690327
b0729,,1,64,0.5183329169392109,0.518332916939126,8.493206138382448e-14,0,90.85742101690327
b1521,,1,6,0.5183329169392109,0.5183329169391455,6.539213615042172e-14,0,58.75548731430743
b2464,,1,6,0.5183329169392109,0.518332916939186,2.4868995751603507e-14,0,58.75548731431218
b0008,,1,6,0.5183329169392109,0.518332916939186,2.4868995751603507e-14,0,58.75548731431218
b3062,,1,6,0.5183329169392109,0.5183329169391309,8.004708007547379e-14,0,58.75548731430615
b3061,,1,6,0.5183329169392109,0.5183329169391309,8.004708007547379e-14,0,58.75548731430615
b3063,,1,6,0.5183329169392109,0.5183329169392816,-7.072120666862247e-14,0,58.75548731432383
b0368,,1,6,0.5183329169392109,0.5183329169387317,4.791722574282176e-13,0,58.75548731426224
b3790,,1,6,0.5183329169392109,0.5183329169391667,4.418687638008123e-14,0,58.755487314310024
b3791,,1,6,0.5183329169392109,0.5183329169391667,4.418687638008123e-14,0,58.755487314310024
b2038,,1,6,0.5183329169392109,0.5183329169393108,-9.992007221626409e-14,0,58.755487314324625
b2040,,1,6,0.5183329169392109,0.518332916940081,-8.700817843987352e-13,0,58.75548731441012
b2041,,1,6,0.5183329169392109,0.518332916939327,-1.1612932837579137e-13,0,58.75548731432757
b3788,,1,6,0.5183329169392109,0.518332916939327,-1.1612932837579137e-13,0,58.75548731432757
b0915,,1,442,0.5183329169392109,0.0,0.5183329169392109,1,4155.2368692208665
b2095,,1,2,0.5183329169392109,0.5183329169391495,6.139533326177116e-14,0,58.75545819915696
b3137,,1,10,0.5183329169392109,0.5183329169392779,-6.694644838489694e-14,0,58.755487367760225
b2096,,1,10,0.5183329169392109,0.5183329169392779,-6.694644838489694e-14,0,58.755487367760225
b3132,,1,10,0.5183329169392109,0.5183329169392779,-6.694644838489694e-14,0,58.755487367760225
b0166,,1,442,0.5183329169392109,0.0,0.5183329169392109,1,4155.236869220847
b2480,,1,2,0.5183329169392109,0.5183329169392079,2.9976021664879227e-15,0,58.755458199163684
b0066,,1,6,0.5183329169392109,0.5183329169391212,8.970602038971265e-14,0,58.755487314305896
b0067,,1,6,0.5183329169392109,0.5183329169391212,8.970602038971265e-14,0,58.755487314305896
b0068,,1,6,0.5183329169392109,0.5183329169391212,8.970602038971265e-14,0,58.755487314305896
b3616,,1,10,0.5183329169392109,0.5183329169391602,5.0737192225369654e-14,0,58.75548736775349
b3772,,1,442,0.5183329169392109,0.0,0.5183329169392109,1,4155.2368692208465
b3117,,1,442,0.5183329169392109,0.0,0.5183329169392109,1,4155.236869220847
b1719,,1,6,0.5183329169392109,0.5183329169393102,-9.9253938401489e-14,0,58.75545825261785
b3823,,1,6,0.5183329169392109,0.5183329169391455,6.539213615042172e-14,0,58.75548731430743
b3992,,1,442,0.5183329169392109,0.0,0.5183329169392109,1,4155.236869220848
b3990,,1,442,0.5183329169392109,0.0,0.5183329169392109,1,4155.236869220846
b0423,,1,442,0.5183329169392109,0.0,0.5183329169392109,1,4155.236869220845
b4407,,1,442,0.5183329169392109,0.0,0.5183329169392109,1,4155.236869220847
b2935,,2,442,0.5183329169392109,0.0,0.5183329169392109,1,4155.236869220849
b2465,,2,442,0.5183329169392109,0.0,0.5183329169392109,1,4155.236869220847
b0997,,2,6,0.5183329169392109,0.5183329169392208,-9.880984919163893e-15,0,58.755487314313626
b0996,,2,6,0.5183329169392109,0.5183329169391455,6.539213615042172e-14,0,58.75548731430743
b2827,,1,442,0.5183329169392109,0.0,0.5183329169392109,1,4155.236869220846
b1106,,1,6,0.5183329169392109,0.518332916939191,1.9872992140790302e-14,0,58.75548731431205
b0417,,1,442,0.5183329169392109,0.0,0.5183329169392109,1,4155.236869220845
b3993,,1,442,0.5183329169392109,0.0,0.5183329169392109,1,4155.236869220847
b3919,,1,61,0.5183329169392109,0.5183329169391873,2.3647750424515834e-14,0,315.64997489923337
b0613,,1,6,0.5183329169392109,0.518332916939226,-1.509903313490213e-14,0,58.75548731431707
b0888,,1,11,0.5183329169392109,0.5183329169418306,-2.6196822489055194e-12,0,58.83802314513489
b4239,,1,6,0.5183329169392109,0.5183329169391455,6.539213615042172e-14,0,58.75548731430743
b1897,,1,6,0.5183329169392109,0.5183329169391455,6.539213615042172e-14,0,58.75548731430743
b1896,,1,6,0.5183329169392109,0.5183329169392743,-6.339373470609644e-14,0,58.75548731432199
b3519,,1,6,0.5183329169392109,0.5183329169394435,-2.325917236589703e-13,0,58.75548731434026
b1197,,1,6,0.5183329169392109,0.5183329169391455,6.539213615042172e-14,0,58.75548731430743
b4240,,1,6,0.5183329169392109,0.5183329169391585,5.240252676230739e-14,0,58.75548731430946
b1260,,3,442,0.5183329169392109,0.0,0.5183329169392109,1,4155.236869220846
b1261,,3,442,0.5183329169392109,0.0,0.5183329169392109,1,4155.236869220845
b3384,,1,2,0.5183329169392109,0.5183329169392158,-4.884981308350689e-15,0,58.75545819916523
b3709,,1,10,0.5183329169392109,0.5183329169391574,5.3512749786932545e-14,0,58.75548736775063
b0509,,1,6,0.5183329169392109,0.5183329169391455,6.539213615042172e-14,0,58.75548731430743
b3125,,1,6,0.5183329169392109,0.5183329169391455,6.539213615042172e-14,0,58.75548731430743
b3991,,1,442,0.5183329169392109,0.0,0.5183329169392109,1,4155.2368692208465
b1637,,1,6,0.5183329169392109,0.5183329169392007,1.021405182655144e-14,0,58.755487314314145
b1907,,1,6,0.5183329169392109,0.5183329169385618,6.49147402498329e-13,0,58.75548731424291
b0179,,1,442,0.5183329169392109,0.0,0.5183329169392109,1,4155.236869220846
b0085,,1,442,0.5183329169392109,0.0,0.5183329169392109,1,4155.236869220834
b3787,,1,6,0.5183329169392109,0.5183329169392115,-5.551115123125783e-16,0,58.755487314315644
b3786,,1,6,0.5183329169392109,0.5183329169392388,-2.786659791809143e-14,0,58.75548731431839
b0181,,1,442,0.5183329169392109,0.0,0.5183329169392109,1,4155.236869220848
b3189,,1,442,0.5183329169392109,0.0,0.5183329169392109,1,4155.2368692208465
b0090,,1,442,0.5183329169392109,0.0,0.5183329169392109,1,4155.236869220846
b0088,,1,442,0.5183329169392109,0.0,0.5183329169392109,1,4155.236869220848
b0091,,1,442,0.5183329169392109,0.0,0.5183329169392109,1,4155.236869220847
b3972,,1,442,0.5183329169392109,0.0,0.5183329169392109,1,4155.236869220846
b0841,,2,442,0.5183329169392109,0.0,0.5183329169392109,1,4155.236869220847
b3057,,2,442,0.5183329169392109,0.0,0.5183329169392109,1,4155.236869220845
b0174,,1,442,0.5183329169392109,0.0,0.5183329169392109,1,4155.236869220849
b0759,,1,2,0.5183329169392109,0.5183329169392293,-1.84297022087776e-14,0,58.755458199166085
b2036,,1,10,0.5183329169392109,0.5183329169391591,5.184741524999481e-14,0,58.75548736775309
b2028,,1,6,0.5183329169392109,0.5183329169391455,6.539213615042172e-14,0,58.75548731430743
b2255,,2,6,0.5183329169392109,0.5183329169392388,-2.786659791809143e-14,0,58.75548731431479
b2253,,1,6,0.5183329169392109,0.5183329169392488,-3.785860513971784e-14,0,58.755487314319275
b0758,,1,6,0.5183329169392109,0.5183329169391222,8.870681966755001e-14,0,58.7554873143036
b0505,,1,10,0.5183329169392109,0.5183329169392573,-4.6407322429331543e-14,0,58.75548736776118
b0086,,1,442,0.5183329169392109,0.0,0.5183329169392109,1,4155.236869220846
b0096,,1,442,0.5183329169392109,0.0,0.5183329169392109,1,4155.236869220847
b2258,,1,2,0.5183329169392109,0.5183329169391675,4.340972026284362e-14,0,58.75545819915929
b4544,,1,6,0.5183329169392109,0.5183329169392147,-3.774758283725532e-15,0,58.75548731431542
b4233,,2,6,0.5183329169392109,0.5183329169391564,5.4511950509095186e-14,0,58.75548731430841
b0171,,1,442,0.5183329169392109,0.0,0.5183329169392109,1,4155.236869220849
b2256,,1,6,0.5183329169392109,0.5183329169392306,-1.965094753586527e-14,0,58.755487314317676
b2254,,1,6,0.5183329169392109,0.5183329169391109,1.000310945187266e-13,0,58.75548731430335
b3803,,1,442,0.5183329169392109,0.0,0.5183329169392109,1,4155.2368692208465
b3804,,1,442,0.5183329169392109,0.0,0.5183329169392109,1,4155.236869220842
b3997,,1,442,0.5183329169392109,0.0,0.5183329169392109,1,4155.236869220851
b2498,,1,6,0.5183329169392109,0.5183329169392565,-4.5630166312093934e-14,0,58.755487314320106
b1011,,1,6,0.5183329169392109,0.5183329169391954,1.554312234475219e-14,0,58.75548731431299
b2497,,1,6,0.5183329169392109,0.5183329169391455,6.539213615042172e-14,0,58.75548731430743
b1006,,1,10,0.5183329169392109,0.5183329169392648,-5.384581669432009e-14,0,58.75548736776368
b0517,,1,6,0.5183329169392109,0.5183329169391624,4.851674617611934e-14,0,58.75548731430916
b0524,,1,442,0.5183329169392109,0.0,0.5183329169392109,1,4155.23686922084
b4258,,1,6,0.5183329169392109,0.5183329169391845,2.6423307986078726e-14,0,58.755487314312305
b2682,,1,6,0.5183329169392109,0.5183329169391455,6.539213615042172e-14,0,58.75548731430743
b2683,,1,6,0.5183329169392109,0.5183329169391455,6.539213615042172e-14,0,58.75548731430743
b3572,,1,6,0.5183329169392109,0.5183329169392874,-7.649436639667329e-14,0,58.75548731432361
b4197,,1,6,0.5183329169392109,0.5183329169392406,-2.964295475749168e-14,0,58.7554873143182
b2882,,1,6,0.5183329169392109,0.5183329169391455,6.539213615042172e-14,0,58.75548731430743
b3565,,2,6,0.5183329169392109,0.5183329169391988,1.2101430968414206e-14,0,58.755487314313555
b3579,,1,6,0.5183329169392109,0.5183329169391886,2.2315482794965646e-14,0,58.755487314312276
b3577,,1,6,0.5183329169392109,0.5183329169391886,2.2315482794965646e-14,0,58.755487314312276
b3578,,1,6,0.5183329169392109,0.5183329169391886,2.2315482794965646e-14,0,58.755487314312276
b3567,,1,6,0.5183329169392109,0.5183329169391455,6.539213615042172e-14,0,58.75548731430743
b3568,,1,6,0.5183329169392109,0.5183329169391455,6.539213615042172e-14,0,58.75548731430743
b3566,,1,6,0.5183329169392109,0.5183329169391455,6.539213615042172e-14,0,58.75548731430743
b4031,,1,6,0.5183329169392109,0.5183329169391455,6.539213615042172e-14,0,58.75548731430743
b1857,,1,6,0.5183329169392109,0.5183329169391455,6.539213615042172e-14,0,58.75548731430743
b1859,,1,6,0.5183329169392109,0.5183329169391455,6.539213615042172e-14,0,58.75548731430743
b1858,,1,6,0.5183329169392109,0.5183329169391455,6.539213615042172e-14,0,58.75548731430743
